:020000040000FA
:040000006FD00600B7
:101000006F2000240000000000000000900000207D
:1010100092000020A9BDF9F3940000200000000018
:101020000000000096000020980000200000000052
:10103000000000009A000020000000009C0000203A
:101040000000000082020020A0000020A20000207A
:10105000A4000020A6000020A8000020AA00002074
:10106000AC000020AE000020B0000020B200002044
:101070004E010020C6000020B8000020BA00002069
:10108000BC000020BE000020C0000020DC000020CA
:10109000C400002001A001A001A001A001A001A0A6
:1010A00001A001A001A001A001A001A001A001A038
:1010B00001A001A001A001A001A001A001A001A028
:1010C00001A001A001A001A001A0B71700401307D3
:1010D00000032388E702054723A6E186730020303A
:1010E00037470040834747C09146BD8B638FD70089
:1010F00063E7F60009476389E704730020309946E7
:10110000638AD7003147E39AE7FE3746004013056C
:10111000F00F0DA0834757C0CDB7034786C01377A4
:10112000F70F638DA6001388160023800701B6977A
:101130002381E70083C641C4938741C40347A6C007
:101140001377F70F79FB55BF978000E0E780603A8F
:101150006DB7138701EC03472705938701EC19EF5F
:10116000971001E0E78040F2B7E700E0370700089A
:1011700023A0E7180F10000073002030B73600409E
:1011800003C7464011463D8B6304C702636CE6000B
:101190008947E313F7FE89450145971001E0E78091
:1011A00000ECD9BF1946630DC700B146E316D7FC62
:1011B0004166B73800409386C1137D169D4E89A0C5
:1011C00083C7564055BFC84B9385419403C705005C
:1011D000050503C88840C8CB138551940345050015
:1011E00005071377F70F1378F80F6311A70203D7DA
:1011F00007016305C70005072398E7002384D70389
:1012000003C7A8401377F70F5DFFBDB703C50500FF
:101210003695230005012380E500DDB7411122C486
:1012200026C24AC006C601441309703EEF00A07CE6
:101230004145977000E0E780007097E000E0E780AC
:10124000C063EF00407B97E000E0E780C067EF00FD
:10125000807A97E000E0E780007309E883A741986F
:10126000637CF90097A000E0E780004197A000E0D0
:10127000E780007D05445DBF13050002977000E024
:10128000E780606B65B73727004083476700858B31
:10129000B1C305462303C700138741991C43850743
:1012A0001CC3138741981443A90614C313F71700EE
:1012B00019E32385C198294733F7E70201E78546FB
:1012C0002384D19813074006B3F7E70281E7054767
:1012D000A384E198730020304111B7170040985F54
:1012E0003AC6945F3247E39CE6FE32454101828074
:1012F00073270080218B9387C19D01CB73270080CA
:1013000098C398435D9B731007800F100000371738
:101310000040930670052300D704930680FA23004B
:10132000D7040F1000008346B70493F6F60DA3050B
:10133000D70423000704732600809443A18AD18E2A
:101340007390068023A007000F100000937605021B
:10135000638006180347A700118B3DE373270080C5
:10136000218B01CB7327008098C398435D9B73103A
:1013700007800F1000003717004093067005230008
:10138000D704930680FA2300D7040F100000834689
:10139000A70093E646002305D70023000704F326A1
:1013A00000809843218B558F7310078023A007007E
:1013B0000F1000001307004B010001007D176DFFA7
:1013C00073270080218B01CB7327008098C398433B
:1013D0005D9B731007800F100000371700409306C5
:1013E00070052300D704930680FA2300D7040F105A
:1013F00000007D892314A700010001000100010005
:1014000023000704F32600809843218B558F731027
:10141000078023A007000F10000073270080218B96
:1014200001CB7327008098C398435D9B731007809E
:101430000F10000037170040930670052300D704F3
:10144000930680FA2300D7040F1000000F1000004D
:10145000B726004013061005A383C68023000704A7
:10146000F32600809843218B558F7310078023A0AB
:1014700007000F10000073270080218B01CB73271A
:10148000008098C398435D9B731007800F10000085
:1014900037170040930670052300D704930680FA9F
:1014A0002300D7040F1000008346B70493E6060814
:1014B000A305D70423000704F32600809843218B5B
:1014C000558F7310078023A007000F100000828043
:1014D00093760504638706140347A700418B3DE319
:1014E00073270080218B01CB7327008098C398431A
:1014F0005D9B731007800F100000371700409306A4
:1015000070052300D704930680FA2300D7040F1038
:1015100000008346A70093E606012305D7002300B9
:101520000704F32600809843218B558F73100780A2
:1015300023A007000F1000001307007D0100010029
:101540007D176DFF73270080218B01CB73270080EF
:1015500098C398435D9B731007800F1000003717E6
:101560000040930670052300D704930680FA2300F9
:10157000D7040F1000009376F50193E606042314B8
:10158000D700010001000100010023000704F32639
:1015900000809843218B558F7310078023A007008C
:1015A0000F10000013076004631FE502732700801B
:1015B000218B01CB7327008098C398435D9B7310E8
:1015C00007800F10000037170040930670052300B6
:1015D000D704930680FA2300D7040F100000B72623
:1015E0000040094695BD73270080218B01CB7327EE
:1015F000008098C398435D9B731007800F10000014
:1016000037170040930670052300D704930680FA2D
:101610002300D7040F100000B72600401306200552
:1016200025BD73270080218B01CB7327008098C3D1
:1016300098435D9B731007800F1000003717004020
:10164000930670052300D704930680FA2300D7047D
:101650000F1000008356870093E6060C2314D70072
:10166000F5BB4111814601468145114506C6EF1083
:10167000900673270080218B9387C19D01CB732730
:10168000008098C398435D9B731007800F10000083
:1016900037170040930670052300D704930680FA9D
:1016A0002300D7040F1000008346670493E616005A
:1016B0002303D70423000704F32600809843218BDB
:1016C000558F7310078023A007000F100000B24051
:1016D000410182808146014681451145EF10A07F7E
:1016E00073270080218B9387C19D01CB73270080D6
:1016F00098C398435D9B731007800F100000371745
:101700000040930670052300D704930680FA230057
:10171000D7040F100000FD562316D702230007043C
:10172000F32600809843218B558F7310078023A0E8
:1017300007000F10000073270080218B01CB732757
:10174000008098C398435D9B731007800F100000C2
:1017500037170040930670052300D704930680FADC
:101760002300D7040F1000008346670493E6160099
:101770002303D70423000704F32600809843218B1A
:10178000558F7310078023A007000F10000001A0E1
:10179000BD473305F50201007D1575FD82804111BD
:1017A00022C426C206C6AA84014463179400B2402C
:1017B000224492444101828005041305803E420484
:1017C000C13F4180DDB719CD91CD09CE8147338727
:1017D000F500834607003307F50085072300D7008F
:1017E000E317F6FE828019C991C909CA910583A73A
:1017F000C5FF11057D16232EF5FEC5BF828001C9E8
:1018000019C62A960505A30FB5FEE31DA6FE828024
:1018100081473307F5000307070019E33E858280FF
:101820008507C5BF01112E8626CAAA841315060195
:101830009305F004418122CC06CE32C6EF00F05170
:101840002A8401C53246A685BD3F2285F240624406
:10185000D24405618280854715C18DC105C281478B
:10186000B306F5003387F50083C60600034707007B
:101870006398E6008507E315F6FE85473E8582807E
:101880008147EDBF9307F6FFBE952A966313C50007
:101890008280FD1583C715000505A30FF5FEFDB772
:1018A000AA87014581CF09CE3E96850703C7F7FF7A
:1018B0006317B700E39BC7FE054582808280014520
:1018C000828079719387819F22D4804306D626D265
:1018D0004AD04ECE52CC56CA5AC85EC65DCCB7C4AA
:1018E000C901014B9389019F9384F437175A000073
:1018F000130A8A2A975A0000938ACA2D17590000A2
:10190000130989318357240085E35C44631B0B0072
:1019100023ACF19E832BC4002285EF0070505E84BF
:10192000B9A82326FB00FDB783A7090082971C44B2
:101930003307F5406376F500032749001D8F2A978A
:1019400063E0E4089757000023AE0728835524007E
:1019500003450400971001E0E78080B75C405844DD
:10196000A1CB0C4403264900AE97BE8663E4B700C2
:1019700063E4C700B386C74014C4228B3A8459F08D
:1019800097570000938707259C4B09476370F7061C
:10199000F917175700002327F724B2502254925406
:1019A0000259F249624AD24A424BB24B45618280A7
:1019B00063150B0023ACE19EB1BF2326EB0099BF5A
:1019C00003274A0209CF63EFA7003385A74083A707
:1019D0000A016376F5009757000023A5A720228B04
:1019E000404471BF03274900BA97C5B79757000015
:1019F00023AA071E5DB7411122C417540000130427
:101A0000E41F1C4006C626C24AC091C7829797575A
:101A1000000023A5071E9757000083C7F737858B63
:101A2000975400009384043795C397570000A3850B
:101A3000073683C774001547637AF700052B83C701
:101A40007400F5178A07A2979C4382971C4491C3A0
:101A500082971389419E0327090017560000034609
:101A600076179757000083C7E71693961700BA9624
:101A700083D60600C5CE9757000083C7A71563E13C
:101A8000C70C97570000238707141C406395071263
:101A90009757000083C7973091CF83C7740093F79F
:101AA000F70F89EB97570000A38A072E971002E0E3
:101AB000E78060C39387019F9C43638E070E97570F
:101AC000000093876715DC4317570000232CF7109D
:101AD000CD3B975700009387270CDC53E9CF17576E
:101AE00000001307270F184B9757000083C7170CE8
:101AF0006363F70C83C774001547636EF70A975743
:101B0000000083C7A72D918BDDE7032609009756B8
:101B1000000083C6360C63C6D70A2244B240924402
:101B200002494101171303E06700C384850793F757
:101B3000F70F97560000238FF608E3E4C7F225BF9E
:101B400086073E9783550700231007002396019EC2
:101B50009387C19F9C43175500000345A5071317A2
:101B60002500BA979C43829783D7C19E17570000E0
:101B70000347470693C7F7FF7D8D93171700032789
:101B800009003E97835707005D8D2310A7009757E4
:101B9000000083C7270491C7850717570000230B50
:101BA000F702175700000347E7029757000083C763
:101BB0007702E378F7ECB2402244924402494101B3
:101BC0008280139717003297035707006DF7850738
:101BD00099B7AD6737C70040BD072326F7200F1020
:101BE0000000975700009387E7FEC84F832787269A
:101BF000BD66BD0693C7F7FF99836A052326D720E4
:101C00005D8D82804111B7170040985F3AC6945F9E
:101C10003247E39CE6FE3245410182801305F00F16
:101C200082800111975700009387072322CC03A4D9
:101C3000070C26CA06CE2AC42EC6854419E40145DF
:101C4000F2406244D2440561828083479100034799
:101C50001400858B6304F7000044CDB71946930543
:101C6000A10013052400C53EE31895FE0545C9BF34
:101C7000138781AB1C439306001094C3010001003D
:101C8000010001001C4323A0070083461500034800
:101C90002500A2064208C29603480500C2960348E2
:101CA00035006208C29694D7834655000348650004
:101CB000A2064208C29603484500C2960348750032
:101CC0006208C296D4D7834695000348A500A206B1
:101CD0004208C29603488500C2960348B5006208D0
:101CE000C29694DB8346D5000348E500A20642086D
:101CF000C2960348C5000345F500C2966205AA9640
:101D0000D4DB83C6150003C52500A2064205AA96AA
:101D100003C50500AA9603C535006205AA9694CFAF
:101D200083C6550003C56500A2064205AA9603C5F1
:101D30004500AA9603C575006205AA96D4CF83C64E
:101D4000950003C5A500A2064205AA9603C5850015
:101D5000AA9603C5B5006205AA9694D383C6D5009A
:101D600003C5E500A2064205AA9603C5C50083C5C2
:101D7000F500AA96E205AE96D4D3D443F59AD4C31F
:101D8000D44393E61600D4C3944393E6160094C359
:101D9000BA879443D842058B59E3984E01452300F6
:101DA000E6009843184F2183A300E6009843184F9C
:101DB00041832301E6009843184F6183A301E600A5
:101DC0009C43D84F2302E600D84F2183A302E600AC
:101DD000D84F41832303E600D84F6183A303E60075
:101DE00098532304E60098532183A304E6009853F4
:101DF00041832305E60098536183A305E600D85389
:101E00002306E600D8532183A306E600D853418376
:101E10002307E600DC53E183A307F600828001007C
:101E20008DBF1387C1AB1443411122C49C5E4AC0CD
:101E300006C6998326C2858B3A84138981ABD1C7A4
:101E40009C5E975400009384E4F493F7F7F99CDECA
:101E500017570000034767F493070008631BF70058
:101E6000832709009C4393F70704175700002306B4
:101E7000F7F283C7040093F707048DC39387019F8C
:101E80009C4382979757000023AEA7F083C70400B6
:101E900093F7F70B17570000230EF7EE83C74400A4
:101EA00093F707049DE3854717570000A306F7EE55
:101EB000938781AC9C43096798C7130700FC97562A
:101EC0000000238BE6ECD844F8D31C40985F1183C4
:101ED000058B09CB985F3D9B98DF0547975600001F
:101EE000238CE6EA985F1D83058B11CB985F1377EF
:101EF000F7F798DF854717570000230FF7E8832788
:101F00000900D8430583058B19C7D843759BD8C3EF
:101F1000D843799BD8C3B24022449244024941013C
:101F20008280397106DE16DC1ADA1ED82AD62ED443
:101F300032D236D03ACE3ECC42CA46C872C676C4F9
:101F40007AC27EC0F93DF250E2525253C25332552A
:101F5000A255125682567247E2475248C248324E44
:101F6000A24E124F824F216173002030938781ACC3
:101F70009443975700009387E7E103C70700058B59
:101F800011CB97570000238907E097570000A385DE
:101F900007E0828003C71700058B65F7F85271FFD1
:101FA00083C75700DDB71388C1AB032708001C5F48
:101FB0009583858BD1E709C61C5BBD832300F600A2
:101FC00085CA83270800985B4607935767016356C5
:101FD000070093E707C0C207C18303970600C20743
:101FE000C18709C7BA970947B3C7E7022390F6002C
:101FF00085CD834715008DCB9756000083C6E6D963
:1020000093F606041387970089478DCA3A950347CC
:102010000500854699471376F7066311D6026207D5
:102020006187B947634C0700832708009C5FED83F5
:102030008D8B17570000A304F7D681473E85828019
:102040008547EDBF411122C406C6138481AC1840F8
:102050002DE9AE877453FDFE3E85B285975700008B
:10206000238B07D2970002E0E780203D9387C1AB26
:102070009C43B70680009843558F98C3D857719BEF
:10208000D8D797570000A38907D097570000A3839C
:1020900007D01C40094798C3144017570000130786
:1020A00067CF83472700858B89EB83473700858B74
:1020B000D9C397570000238107CEB2402244410183
:1020C00082808D47631EF5009387C1AB9C43B706A2
:1020D00080009843558F98C3D857719BD8D76DBF50
:1020E0008547E31BF5FA5447F977FD17F58F5CC771
:1020F0000F1000001C40096798C7130700F8175617
:102100000000230BE6C81387C1AB1043184231838C
:102110000D8B11E713076019F8D3D4C7B5BF184268
:10212000094631830D8B6315C7001307E043EDB7F4
:102130001307E01BD5B7FC52ADF741B75D71A2C4E0
:10214000A6C22A84130680022800AE8493051008D4
:1021500086C6CAC04EDE52DCEFF06FEA3545970006
:1021600002E0E780E0691383C1AB83270300937625
:10217000F41F138E01AD23A40700984B938E81ACFE
:10218000370FFCFF1367F70398CBF84F130510F8D0
:10219000B7020400137707E0558FF8CF9843F57620
:1021A000FD16758F98C39843B706330093038025B7
:1021B0001377F7E798C3984311497D1F1377F7E723
:1021C0001367071098C303270E008549930F8002F9
:1021D0001C47D58F1CC783A70E001307900D340032
:1021E000B8CB014793553700A69583C705001376F2
:1021F0007700B3D7C740858BE1C3832703008328CB
:102200000E00239C07042390070603A8C802137836
:10221000D8FF23A6080383A807001378F70793F8CD
:1022200008F833E8080123A0070103A84702336830
:10223000580023A2070383A80E00014823A27806B2
:1022400003DA07066307480303A80703038A0600A7
:102250001358F80062081358884163580A0103A80C
:1022600007031358F8002380060103D807061378E4
:10227000F80F03AA480663060A0003DA8705E37F1E
:1022800049FB03A847023378E80123A207038387A9
:102290000600635CF40003C805003396C9001346CA
:1022A000F6FF337606012380C5003E8663D3A70080
:1022B0002A8613158601618505071377F70F8506B2
:1022C000E312F7F3B640264496440649F259625A9F
:1022D00061618280938681AC9C42D84713161701B6
:1022E00063550602984713161701635006027D577F
:1022F000B8D7175700001307E78D584F0507175633
:1023000000002327E68E116798C798470D83058B39
:102310001DCB17570000034707A813671700175670
:102320000000230AE6A6130700F81756000023054D
:10233000E6A6214798C71387C1AB10435856719B37
:102340001367170058D69847058B0DC7175700001D
:10235000034757A41367170017560000A30CE6A203
:10236000054798C71387C1AB10435856719B136735
:10237000170058D698470983058B09E798470583C6
:10238000058B21CF9847175600001306A6A013858A
:10239000C1AB0983058B63030710184118433183D0
:1023A0000D8B75EBAC4B184E93F5050203471700E8
:1023B000CDCD79EF13077006D8CF0347060013671A
:1023C0001700175600002307E69C114798C71841CD
:1023D0005C57F19B93E717005CD79C429847931694
:1023E000370163D606029756000083C666AEC18ADF
:1023F00017570000130747A6C5CE03478707136783
:102400000702975600002385E6AC056798C79847F2
:102410009316270163D10602175700000347C79799
:1024200062076187635707000547975600002385B9
:10243000E696096798C798479316070163D6060280
:102440009756000083C6D6A8858A17570000130741
:10245000A7A0ADCE03479707136727009756000044
:10246000A388E6A6216798C7828029D7854563158A
:10247000B7001307B00689B789456315B70013077E
:10248000F0061DBF8D456315B700130730072DB744
:102490001307500715B71307600739BF0347360006
:1024A0001367170017560000A307E68E094739BFC8
:1024B000834687070946BD8A6388C60003478707A6
:1024C0008D463D8BE313D7F4114725BF834697070D
:1024D000918AC9DA034797071367870041B73971B3
:1024E00006DE16DC1ADA1ED82AD62ED432D236D020
:1024F0003ACE3ECC42CA46C872C676C47AC27EC0C4
:10250000D13BF250E2525253C2533255A2551256A9
:1025100082567247E2475248C248324EA24E124F8C
:10252000824F216173002030938781AC9843856787
:10253000938707777CD3938701AD9C4383A60709D4
:10254000139656006358060083A607091396660083
:10255000634406007453FDF2828061C1AA8701457D
:10256000DDCD8D07C207C183F19BC207C18313076D
:102570004003636BF7021387C1B50843138741B566
:1025800014436396A602174700001307E760185B21
:10259000014551C74111C20706C60545DD8D0297A9
:1025A000B240014541018280138781B5F9B70357D5
:1025B000650035E303574500636FF704B306F74042
:1025C0002146637CD60203280500938687001D8F71
:1025D000AA96611717460000035626602392E6006C
:1025E00023A006012393060014C12312F50013074C
:1025F00086FF974600002392E65E2313B5009745B9
:10260000000083D5855DB387F5401747000023168A
:10261000F75C210582800841ADB701458280828048
:1026200009CD9387C1B503A30700938741B583A85C
:10263000070081469A8763E31701828003A8070099
:102640006369F50A6367A80A13878700E367E5FEF5
:1026500003D66700216705076317E60003C701A9D2
:1026600005072388E1A8974500009385A55603D662
:10267000470003D765002393070032974207418341
:1026800017450000231BE55463886702138581B555
:1026900008416303F50203D5660019ED83D74600B0
:1026A00023A0060121073E9621062392C6009747E4
:1026B00000002394E752B6879843E30017F9938606
:1026C00081B59442E30BD7F683566700BDF683D6F7
:1026D0004700035647001843A106B2962392D7003D
:1026E00098C383D76500A107174700002317F74E4B
:1026F0008280BE86C28781B70327851163020712D5
:10270000411122C406C68347C5008345E5042A84D7
:1027100093F7C70F2306F500834697000356C700BB
:1027200013958601618563F2C508635B0506034561
:10273000870093F6F607A304D700054693E6270023
:102740006314C50093E617002306D4005C43890791
:102750005CC3A30AB400032504112E864C4309056B
:10276000EFF06F868327841103465401D44303D7C7
:10277000C700B296118FD4C32396E7008947A30DF3
:10278000F400034764039747000083C70742637858
:10279000F7048347C40093E707012306F40081A0F0
:1027A00093E717002306F4006DB79376F60F635D89
:1027B000050203458700854513E627006314B5002D
:1027C00013E617002306C400A30AD400A3040700DD
:1027D0008547A30DF400832784119C43DDF3B240A9
:1027E000224401454101828093E717002306F4004B
:1027F000A30AD400A3040700032504114C430905D0
:10280000EFE07FFC8327841103465401D44303D7B0
:10281000C700B296118FD4C32396E7008D4755BFEA
:10282000054582809387C1B69C43411122C406C6E8
:10283000858B2A84C5EF4165130525F597B002E025
:10284000E780003C45C58347A5002315F500832795
:102850000412BDE72320A4122322A41285472311CA
:10286000F404232005008347640154412316F50036
:102870000347D4002304E5000547A304E5001747F8
:10288000000013072751184F1385170215811C43A9
:102890007D151375F50F9CC25C43DCC21C479CC6BA
:1028A0005C47DCC61C4B9CCA5C4BDCCA1C4F9CCEF4
:1028B0005C4FDCCE19CD9386060213070702C1BF19
:1028C0008327441288C3835724042322A412850734
:1028D00079B79747000083D7A758850717470000A7
:1028E0002310F758B2402244410182808347C4003C
:1028F00023090400054593C747002306F400DDB70C
:102900008347850193F7E70FC5EF83479501CDEB2B
:10291000034625018346C50009CA83456503174759
:1029200000000347972863E7E50013F7060151CB42
:10293000014709C6C18A0357651C81C68356A51C79
:10294000369741C31307C712174500000355452D9D
:10295000B335A70237460F004111130606248146FE
:1029600022C426C206C67D543305A70297E002E0C2
:10297000E78020349747000083C79723B384A700DC
:10298000974700009387474D03A7870983270709C7
:1029900063F387003E84184375FB9387019F9C4334
:1029A000829781476364A400B307A440B2402244E5
:1029B000B3B7970093C7170092443E8541018280C8
:1029C00081473E858280938781AC98437C53FDFF8D
:1029D0008280797126D206D622D44AD04ECE52CCED
:1029E00056CA5AC85EC68347550303447513AA8462
:1029F0003E941374F40F9307400263F687001304A8
:102A0000B4FD1374F40F03AA841383AAC413A38B15
:102A1000841222865285D68597E002E0E780E02383
:102A2000058915E503CBD41201498149337B640341
:102A3000930B50024A865285D68597E002E0E780E4
:102A4000C021058915C5639169031374F90F238BA0
:102A50008412B250225492540259F249624AD24A24
:102A6000424BB24B456182808509E20993D9894185
:102A70000509E31179FDE1BF8327850903560504A4
:102A8000797193D60701BD8EC206C182358E135768
:102A9000764093575640898B058B5D8F9357364010
:102AA000918B5D8F93571640A18B5D8F9317160006
:102AB000C18B5D8F9317360093F707025D8F9317D5
:102AC00056009355860093F707041E065D8F137614
:102AD000F60F518F93D7554013D63540118A898B05
:102AE000D18F13D67540D18F13D61540218AD18F3F
:102AF00013961500418AD18F13963500137606027E
:102B0000D18F13965500137606049E05D18F93F549
:102B1000F50FCD8FA20745465D8F3307C70222D43C
:102B20002A8426D252CC56CA032A8413832AC41379
:102B30005AC806D6369742074183935777401355B4
:102B400057400989858BC98F135537401189C98F23
:102B5000135517402189C98F131517004189C98F53
:102B60001315370013750502C98F131557009355B8
:102B70008700137505041E07C98F1377F70FD98FC8
:102B800013D5354013D755401189098B498F13D57B
:102B90007540498F13D515402189498F139515002C
:102BA0004189498F1395350013750502498F139597
:102BB0005500137505049E05498F93F5F50F4D8F4C
:102BC0002207D98FB387C7024AD04ECE5EC662C4F1
:102BD000B697C207C18313D7774013D557400989E9
:102BE000058B498F13D537401189498F13D517406D
:102BF0002189498F139517004189498F1395370013
:102C000013750502498F1395570093D587001375E7
:102C100005049E07498F93F7F70FD98F13D53540D9
:102C200013D755401189098B498F13D57540498FAA
:102C300013D515402189498F139515004189498F76
:102C40001395350013750502498F139555001375BB
:102C500005049E05498F93F5F50F4D8F2207D98FF7
:102C6000B387C702130650025285D685B697BD8E2C
:102C700093940601C18033F6C402137BF60F97E0EC
:102C800002E0E78080FD05890DED8347D4120149FC
:102C90008149B3849702130C5002C1804A86528541
:102CA000D68597E002E0E78040FB0589937BF90F2A
:102CB00011C563863403850993F9F90F0509E31FEC
:102CC00089FD230B6413B250225492540259F249E5
:102CD000624AD24A424BB24B224C456182805E8BA3
:102CE000CDB7797122D406D683C735002E8423163A
:102CF0000100A307F10083C74500100802C02307A5
:102D0000F10083C755008A8502C2A306F10002C400
:102D100002C802CA02CC02CEEFE09FF50347F101E0
:102D20008347040001456310F7020347E10183472D
:102D3000140001456319F7000345D10183472400BE
:102D40001D8D13351500B25022544561828001114A
:102D5000974700009387471022CC03A4870C26CA0C
:102D60004AC84EC606CEAA8413092500854915C057
:102D700083C7140003473400858B6304F700405C6D
:102D8000FDB71946930544004A85EFE0DFACE31830
:102D900035FF2285F2406244D2444249B24905617E
:102DA00082804111974700009387070B22C403A438
:102DB000870C26C24AC006C693042500054901E8CF
:102DC0002285B24022449244024941018280A68574
:102DD0001305A4023937E30525FF405CCDB7411147
:102DE000974700009387470722C403A4870C26C295
:102DF0004AC006C693042500054901E82285B24071
:102E000022449244024941018280A6851305A4010F
:102E1000C93DE30525FF405CCDB72303048015477A
:102E20002303E48001002302A4808280830764805E
:102E3000E3CE07FE23030480828083076480E3CE11
:102E400007FE03454480828083076480E3CE07FE4B
:102E50002302A4808280411126C44AC24EC006C605
:102E60001377F50BAD47AA892E8995446306F700C1
:102E700019456537653F8D444E854537FD59FD142D
:102E800063983401B240A2441249824941018280D0
:102E9000135509011375F50F453F2209CDB70111EF
:102EA00026CC06CEB704080051371545BD3771371B
:102EB00069372AC6A53F32459377150089EB13651C
:102EC00015001375F50FF240E24405618280FD1490
:102ED000E9FC0145CDBF397126DC4ADA4ED852D61D
:102EE00056D45AD25ED006DE62CE66CCB7E700E09A
:102EF0007D5783AA070022C603AA470023A0E7182C
:102F000023A2E718B7170040130770052380E704D2
:102F1000130780FA2380E70483C74704930B75FFE8
:102F2000B684E20793FBFB0F8546AA892E8B328974
:102F300037240040E187015763FA76016308D50022
:102F40008946130700026313D5000157D98F93F701
:102F5000F70FB71C00402382FC0411472303E480D1
:102F60001305F00F5D3D094CD135636D7C11B7053C
:102F70000700DA9537870700795563F2E504B387D0
:102F80009500636EF702370B0800A94733EB650124
:102F90006399F90689E48144513D26850DA0DA85BF
:102FA0000945553D05090345F9FFFD14050B693D2C
:102FB00081C49377FB0FFDF7DD3569FD7D55B717AC
:102FC0000040130770052380E704130780FA23806D
:102FD000E70403C74704418B2382E704F250B7E7B5
:102FE00000E023A0571123A24711E2543244525962
:102FF000C259325AA25A125B825B724CE24C216176
:103000008280A5476395F90685691309F00FB30619
:103010009900B3742B01B6941349F9FFB374990066
:10302000856B33796901416B9387F9FFB3F727010A
:1030300099E363FC340193D94900C147E3E637FFC4
:1030400099BF0569C1697D19D9B71305800D6388DA
:103050006901130500026384790113051008CA850C
:10306000DD3B353D21DD4E99B3843441D9B7DA8556
:103070002D45D533CA94E30099F205097D3BA30F92
:10308000A9FED5BF9387F9FF93F7F70F6361FC0C97
:1030900083C71C0413073008631FF70437070800B1
:1030A000636BEB04B3079B00B706100063F5D7040E
:1030B000334BEB0089476393F9068980D549E38C4C
:1030C00004ECDA850945413B11090327C9FF914703
:1030D0002320E48003076480E34E07FE230334814A
:1030E000FD17EDFBFD14110B81C49377FB0FE9FF76
:1030F0007D3371F5E1B5B717004003C75704B70733
:1031000008001377070219E3B78707007955E378BA
:10311000FBEA33079B00E3FFE7F855B58547E382F9
:10312000F9F2DA852D45053B9389F4FFE38504E642
:10313000293393F7390091EB832604800327090094
:1031400093074900E39AE6E43E89CE84F1BFB54790
:103150006396F9001305900BC93135BDB1471305CE
:10316000B00AE38BF9FE99476391F904B7050800AB
:10317000B365BB002D45C53181448D4BA1497539DF
:1031800063967401832704802320F9008504E39863
:1031900034FF8327048013172B0163550700231284
:1031A000F900D5BB2322F900FDB39D476399F902CD
:1031B00081451305B0044531BD4423200900232275
:1031C0000900FD599D3993F77400CA9703C707009A
:1031D000FD14398D2380A700E39634FF6DBBA14712
:1031E0006392F9046D398144630D0B008D4793049C
:1031F000C0036308FB009304000563048B01930480
:1032000040041375C507E30895D819453931393994
:103210000545213126850D3909453D314931E31CEC
:1032200005D669BB91476399F90013056006F53629
:10323000F53E130590090DB7E38F09D4F154A9BBEE
:1032400097010020938181C917510020130181DB70
:1032500017E5FFFF130545DB97D5FF1F938585DA3B
:1032600017F6FF1F1306C6FD63FAC500832205008B
:1032700023A0550011059105E3EAC5FE17E50200FC
:103280001305451B97F5FF1F938585FB13868186E4
:1032900063FAC5008322050023A05500110591059E
:1032A000E3EAC5FE1385818697350020938505CD19
:1032B0006377B500232005001105E36DB5FEFD42DF
:1032C000739002BC8D4273904280B72200009382BB
:1032D00082887390023097D2FF1F9382A2D293E22A
:1032E0003200739052303717004093077005230067
:1032F000F704930780FA2300F7040F1000003C47FF
:10330000B70600FAE116F58FB70600069506D58FC9
:103310003CC797B200009382E28873901234730026
:1033200020303D432A876373C3029377F700BDEFD4
:10333000ADE5937606FF3D8ABA960CC34CC30CC725
:103340004CC74107E36BD7FE11E28280B306C3404E
:103350008A069702000096966780A6002307B700AA
:10336000A306B7002306B700A305B7002305B700DF
:10337000A304B7002304B700A303B7002303B700D7
:10338000A302B7002302B700A301B7002301B700CF
:10339000A300B7002300B700828093F5F50F939642
:1033A0008500D58D93960501D58D61B7939627003D
:1033B0009702000096968682E78086FA9680C1176B
:1033C0001D8F3E96E374C3F8A5B73367B500FD5370
:1033D0000D8B79E7B7877F7F9387F7F7104194418B
:1033E000B372F6003363F600BE92B3E262006397F5
:1033F000720C6318D6065041D441B372F6003363A1
:10340000F600BE92B3E262006398720A631BD604B0
:1034100010459445B372F6003363F600BE92B3E2F2
:1034200062006391720A631ED6025045D445B3729E
:10343000F6003363F600BE92B3E26200639A72084C
:103440006311D60210499449B372F6003363F60053
:10345000BE92B3E26200639372085105D105E30F97
:10346000D6F61317060193970601631CF70013574E
:10347000060193D706013305F7409375F50F91E9DF
:1034800082804183C1833305F7409375F50F91E145
:1034900082801377F70F93F7F70F3305F740828099
:1034A0000346050083C60500050585056313D600A0
:1034B00065FA3305D640828011059105E312D6FEE8
:1034C000014582802105A105E31CD6FC01458280CF
:1034D0003105B105E316D6FC014582804105C105E1
:1034E000E310D6FC0145828011456FC0D05E4111CA
:1034F00093962500AA852D4506C697F0FF1FE78005
:10350000809DB240014541018280411126C29394C1
:10351000250022C44AC02A843289A686AA8501468B
:10352000254506C697F0FF1FE780E09AA6864A86E3
:10353000A285294597F0FF1FE780E099B240224419
:1035400092440249014541018280011122CC06CEFC
:103550003714004026CA4AC84EC652C48344740574
:10356000034AB4058349840503499405EFC07015E7
:103570008347A40593F4F40F137AFA0F93E7170027
:10358000230DF40493F9F90F1379F90FB7170040DD
:1035900003C7A705058B6DFF03D5C705A38D470599
:1035A000238C3705A38C2705A38B9704F240624434
:1035B000D2444249B249224A05618280411193971F
:1035C000050122C406C6C1872E8463DD0700EFD043
:1035D000103E19C1EFD090362165218DB2402244B2
:1035E0004101828093F7150013C51500E5FB939701
:1035F000250163D00702EFE0C14DFD3503C581868B
:1036000037F60200130606E08965EFE0200309653E
:10361000E9B7939715010145E3D207FC03C58186FD
:10362000130600649165EFE0600111657DB7B70591
:103630000300371503001D7149469385055713058F
:1036400005E386CE97D0FF1FE780E02011E101A0BF
:10365000B7F600E0795798CAFD57DCCA0567B7E7A7
:1036600000E023A0E7101306F00290C223A0E718A1
:103670000F1000001306C0038145480897D0FF1FB4
:10368000E780E017B7470020938787053ECA896720
:1036900093870780231CF100B5472304F102A1673B
:1036A000938707E03ECEB7070105938707103ED00A
:1036B0009307B00F2312F10285472303F102B737B6
:1036C00000009387E74EBEC4B73700009387A7502A
:1036D000BEC68567938717D02315F102B71701007F
:1036E000938787EC3EDAB73700009387A7543EDE16
:1036F000B7F50700B73700009387874E8146700003
:10370000E1051945BEC097E0FF1FE780C07C58085F
:103710008147994670003E960346060085070507D7
:10372000A30CC700E398D7FED24791C70357810186
:1037300085676373F70001A04808EFE0003911C105
:1037400001A0F6402561828041113735000022C476
:103750001305C55B06C613848186EFE08033230022
:10376000A4001928034504002244B2401306003285
:10377000896541016FD0906C411106C673270080A6
:10378000218B11CB7327008023AEE19C03A7C19D41
:103790005D9B731007800F100000371700409306E1
:1037A00070052300D704930680FA2300D7040F1076
:1037B00000008346F70293F6A60FA307D702230063
:1037C0000704F326008003A7C19D218B558F73103A
:1037D000078023AE019C0F10000073270080218B0F
:1037E00011CB7327008023AEE19C03A7C19D5D9B95
:1037F000731007800F100000371700409306700504
:103800002300D704930680FA2300D7040F1000008A
:103810008346F70293E62600A307D7022300070496
:10382000F326008003A7C19D218B558F731007805D
:1038300023AE019C0F1000000545EFC0006D6D31F7
:103840001305407E81470147814605468545EFC007
:103850004072B240014541016FE0A05B23880186C0
:10386000B74700209387875403C7C7B01367870003
:103870002386E7B0828003C50187828083A74187C2
:1038800083A601981387418781CB63E7F600B3874E
:10389000F6402546637BF60C797106D622D426D2F3
:1038A0004AD04ECE52CC8145414514C3EFD0003DA5
:1038B00089450145EFC0A05EEFC08055131A050190
:1038C000B71700404165135A0A01238C0704D149F8
:1038D00001441309F5FF8144EFC020615295420570
:1038E0004181AA8763739500A68793940701C180DD
:1038F000AA876373A900CA87FD19C2091399070132
:1039000093D90901135909012A94E39709FC3385D6
:103910002401098C49453355A4029305E100420571
:103920004181EF809061B74700201387018793871B
:1039300087540DE12300070003C7C7B01367870052
:10394000B25022542386E7B092540259F249624A97
:10395000456182808356E1002398D7AE85462300D7
:10396000D70003C7C7B05D9BE1BF8280B786B8EDC3
:1039700001479386063293170701C18363E3C700AB
:103980008280B387E50083C707003D8DA1471358A8
:103990001500058911C13685FD1793F7F70F3345DB
:1039A000A800F5F70507C1BF411122C4AA852A84E2
:1039B00031467D5506C65D3F930504011306C00AD6
:1039C0007537B24022441345F5FF41018280011151
:1039D0002306A1006C0011467D5506CEA30601000A
:1039E0002317010061370566B73500201306A6A02E
:1039F00093851557A53FF2401345F5FF0561828079
:103A0000411122C4AA852A8431467D5506C6B93F94
:103A10009305040113064009913FB2402244134527
:103A2000F5FF41018280411122C4AA852A84130630
:103A300040091385C1B706C6EFC0F21B0347140047
:103A4000B7470020938787542384E7B003472400B7
:103A5000A384E7B0034734002385E7B0034744005D
:103A6000A385E7B0B240224441018280835705001C
:103A7000411122C43734002006C613078454231191
:103A8000F700834725001306000A9305C50023129B
:103A9000F700834635008567BA97A382D7B083566F
:103AA0004500130484542393D7B0834665002382D2
:103AB000D7B08346750014D3835685002313D702ED
:103AC0008346A500138547A32302D702EFC0B21295
:103AD000014729469307370A9207A29783C64700F2
:103AE0000507BD9A2382D700E316C7FEB2402244E1
:103AF0004101828041111306C00A814506C622C4D5
:103B00002A84EFF01F82B73700209387875403D7AA
:103B100027008565BE952310E40003D747001306F0
:103B2000000A938545A32301E40003C7150D13057F
:103B3000C400A301E40003D7250D2312E40003C74A
:103B4000050D2303E4009853A303E40003D76702A1
:103B50002314E40083C747022305F400EFC0B20931
:103B6000814729461397470022978346C700850758
:103B7000BD9A2306D700E397C7FEB2402244410115
:103B80008280411122C406C6328426C20146B38710
:103B9000C6008387070093140601C180B1E703576D
:103BA0000400014893071700C207C183B388970038
:103BB000C20893D8080163E315032310F4002A9781
:103BC0002300C70083570400B6853E95EFC0B202BC
:103BD000835704000548BE9423109400B240224449
:103BE0009244428541018280050693170601C183F4
:103BF000E3EFE7F80148DDB703580600636BB80050
:103C0000014582800145B24022449244024941016B
:103C10008280930718004111C20726C206C622C43B
:103C20004AC0C1832310F6002A9803490800931460
:103C30000901C180E3F8E4FC338797004207418320
:103C4000E3E2E5FC3284B305F5004A863685EFC031
:103C5000827AB306250123800600835704000545B8
:103C6000BE942310940045B71971A2DCD6D2DAD0E5
:103C700086DEA6DACAD8CED6D2D4DECEE2CCE6CA6A
:103C8000EAC8AA8A2E84328B23A0050023A205004D
:103C900023A40500B146AA8550002D4597E0FF1FDB
:103CA000E780602315C563110B020145F650665489
:103CB000D6544659B659265A965A065BF64B664C68
:103CC000D64C464D0961828085472300FB00F1BF39
:103CD0001247FD576316F70085472305F400F1B737
:103CE000B757523293873795E311F7FC0347C1006A
:103CF000A947E3ECE7FAAA8431464C007D55056AF2
:103D0000B531AA89130CAAA0930C0004138DCA0024
:103D1000930B9AA0B3079C403E89C207C18363F40A
:103D2000FC0013090004420913590901CA8610084E
:103D3000B3059D002D4597E0FF1FE780C01925F5CD
:103D40004E854A860C081D31CA94AA89E3F49BFC6F
:103D500093056AA191460A86D6952D4597E0FF1FE7
:103D6000E780601729F1824793C9F9FFE39F37F392
:103D70005CC08347C100224705452304F400854702
:103D800018C0A304F4001DB70DCD1387F5FF1377FA
:103D9000F70FB946814763E4E60201479306E00561
:103DA000B307E50083C70700811793F7F70F63EAAE
:103DB000F60005079377F70FE3E4B7FE85473E85E6
:103DC00082808147EDBF1441B7474332938737154F
:103DD000639CF60203564500411122C406C68D4677
:103DE0002A848147631DD6000356A5009306C00AA6
:103DF0006317D600553E5C44898F93B71700B240D5
:103E000022443E854101828081473E85828021C5D2
:103E1000AA950387F5FF814709EF1306E00593058F
:103E200020021308C005B307E5008387070081E778
:103E300085473E85828093F7F70F938607FE93F6BA
:103E4000F60F636AD6006388B7006386070105072B
:103E500042074183C9BF8147E9BF797106D622D4A1
:103E600026D24AD04ECE52CC56CA5AC883C79500E5
:103E7000E1C73289AE842A84AA85B14650002D4517
:103E800097E0FF1FE78020054DE5056A373B0020DE
:103E90009306AAA013061B579305C4002D4597E06F
:103EA000FF1FE780400351E593056AA191460A860A
:103EB000A2952D4597E0FF1FE780E0013DE91247FD
:103EC000B75752329387379501496319F7048349ED
:103ED000C100A94763E43705A24A9C406390FA04F5
:103EE0008247C440639CF40231464C007D55BD3C82
:103EF0001306AAA093051B57953C1345F5FF631FB6
:103F00009500B73700204E8523883757C93423A83A
:103F1000A18823AA518923AC81880549B250225433
:103F20004A8592540259F249624AD24A424B45614B
:103F3000828085472300F9000149CDB7411122C491
:103F40001384C1B71306000981451305440006C652
:103F5000EFF02FBDB717040A938717901CC0954741
:103F60002302F4008547A303F400B7073C009387BE
:103F7000B7751CC4B70778009387C7035CC41305E3
:103F800044072244B240B70503001D469385C55837
:103F900041016FC0424641112E86AA857D5506C655
:103FA000F132B2401345F5FF4101828018414111C1
:103FB000B757463226C206C622C44AC09387470472
:103FC0008144631AF702034745008547814463141F
:103FD000F702034955002A843105CA85753301CD9E
:103FE00022998307C90081EBF14522856D37444C46
:103FF000898C93B41400B24022442685024992442D
:1040000041018280144137575434130727E5639ADE
:10401000E604411122C406C60346450285462A84A9
:10402000014763EBC60203465502914663E6C602AA
:10403000834665023D46C11693F6F60F636ED600C1
:10404000034675028D4663E9C60093058002A137D9
:104050001854098F13371700B24022443A854101A2
:10406000828001473A858280372500201307C523C7
:10407000B7050300231307002314070023150700C7
:1040800023160700231707001D469385455813057F
:10409000C5236FC04236372500201305C523828013
:1040A000797106D622D426D24AD07D3F130600026B
:1040B0009305F00F0A85EFF0CFA6896593060002FD
:1040C0000A86938505202D4597E0FF1FE780A0E035
:1040D00021ED2A890A85D93DAA84014419C93725C9
:1040E000002041466C001305C523EFC0C2302249B1
:1040F0008544130600029305F00F0A85EFF06FA2C6
:104100008965930600020A86938505302D4597E060
:10411000FF1FE78040DC09CD19442285B2502254AC
:104120009254025945618280054481440149D1B7C6
:104130000A85AD3D0DC191C4A24733892741635A19
:1041400020013725002041466C001305C523EFC030
:10415000822A61D4D1B769F0E9F021447DBF397179
:104160004ED656D206DE22DC26DA4AD852D45AD0AF
:10417000AA8AAE891139854715C513060002930531
:10418000F00F0A85EFF0EF990964930600020A86A2
:10419000930504202D4597E0FF1FE780C0D32A89AF
:1041A00009CD9947F2506254D2544259B259225A19
:1041B000925A025B3E85216182800A85C53B2A8A2C
:1041C000130B043009C52249054A130B04201306BA
:1041D00000029305F00F0A85EFF0AF94096493068F
:1041E00000020A86930504302D4597E0FF1FE78003
:1041F00080CE45F90A855D3B11C9A2441304042011
:10420000630C0A00B38724416348F0008967138474
:104210000720CA8463018B0C694681451305610040
:10422000EFF02F90B7574632938747044E863EC033
:10423000D6858547850468002302F100A302310179
:1042400026C4EFC0421BF1450A85B1332ACE93063E
:1042500000100146A285254597E0FF1FE780A0C713
:1042600029F1930600020A86A285294597E0FF1FDF
:10427000E78060C61DF5130600029305F00F0A855E
:10428000EFF02F8A930600020A86A2852D4597E05B
:10429000FF1FE78040C4E31605F00A85013BA147F4
:1042A000E30205F02247E39FE4EE03475100E31BDE
:1042B00037EF4E86D6856800EFC08211A147E31321
:1042C00005EE3725002041466C001305C523EFC0DD
:1042D00082128147C1BD138407303DBFB73700202C
:1042E0009386875403D6260093878754054529C6AD
:1042F00083D54600130700026360B704056736974D
:10430000834557B0894663E9B602034847B0636501
:1043100005036397D500035767B019CF630EE60016
:1043200098530545636AE50003C547021305E5FA9E
:104330001375F50F1335D50A8280411126C24AC084
:10434000856437390020138604B1130589548145EB
:1043500022C406C6EFE0FFFCB75701BB9387B72A1C
:10436000130489542324F95495472312F400054774
:10437000B38784002382E7B07D572302E402370726
:104380000A051307974023A4E7B011472386E7B037
:10439000E546054723A6E7AE239CD7AE18C4B24036
:1043A000224423A0018823A291880249924441011A
:1043B00082805171CECF9389C18703A7090086D728
:1043C000A2D5A6D3CAD1D2CDD6CBDAC9DEC79947FA
:1043D0006301F708938A018803A90A001544631C46
:1043E000A90CED3D2A846316050E1306C00B81450A
:1043F0004800EFE01FF34808EFF0CFEFB747433234
:10440000938737153EC28D472314F1000509C16714
:10441000138BF7FF935709012316F1004800930708
:10442000C00A138A4188231521012317F100EFF0F8
:10443000AFD783240A00AA8B2AC893B41400B2040D
:1044400085660146A685254597E0FF1FE780A0A861
:1044500019C119448DA09306C00B5000A6852945AB
:1044600097E0FF1FE78020A76DF59306C00B500073
:10447000A6852D4597E0FF1FE780E0A529E94800C4
:10448000EFF07F9429C5B2470357A100B3F7670146
:10449000C207D98F631DF902C247639AFB029305D5
:1044A000C00A480823A02A0123209A00ED3423AC37
:1044B000A18623A009002285BE502E549E540E5979
:1044C000FE496E4ADE4A4E4BBE4B6D6182802144EE
:1044D000DDB70544CDB71571A2CDA6CB1306C00B31
:1044E0009305F00F480086CFCAC923AE0186A38387
:1044F000018ACEC7D2C5D6C3EFE0BFE29306C00B98
:10450000500081452D4597E0FF1FE780C09C2A8918
:104510009384C1871384718A631405104800EFF0F7
:104520009F8A81479306F00F1307C00B50003E96F9
:10453000034606006314D60E8507E399E7FE054A95
:1045400081490DC54808EFF06FD28357C10003576A
:10455000A1009305C00AC207D98F23A0F18848089B
:1045600023A201880D3C23ACA18685491306C00B0C
:104570009305F00F4800EFE0DFDA9306C00B500020
:1045800085652D4597E0FF1FE780E094AA8A41EDFD
:104590004800EFF05F833335A00081479306F00FAA
:1045A0001307C00B50003E9603460600631ED60656
:1045B0008507E399E7FE85473369590141C9138AA5
:1045C0000188638D09008357C1000357A100C2070A
:1045D000D98F03270A00998F6354F00A4808EFF037
:1045E000EFC88357C1000357A1009305C00AC20753
:1045F000D98F2320FA000567480823A2E188EFF04D
:104600009F9923ACA186630B090299479CC08347FD
:10461000040093E727002300F4002DA0014A0DB702
:104620008149014AA1B70145814779B763060A006C
:1046300081C785479CC03DA09547EDBF63870904AE
:1046400023A00400014525A09147C9B7639D090235
:10465000E30E09FC99479CC08347040093E72700B9
:104660002300F400D9391945631309002145FE40A0
:104670006E44DE444E49BE492E4A9E4A2D618280D8
:10468000E30009FC59B7E31209F803A501881533C3
:1046900045FD89479CC08347040093E7170023002A
:1046A000F400F1B73171480006DF22DDEFF08FC46E
:1046B0009305C00A4800EFF01F8E83A78187631817
:1046C000F50203A7C18791476307F7000145FA5038
:1046D0006A5429618280138401880840D93965F9B8
:1046E000184085470545E313F7FEE131CDB703A533
:1046F0000188E5BF03A50188828003A5C187828068
:10470000411106C622C426C22A84053985470145BF
:1047100023AEF18679399384C18709E503A5018821
:10472000493915C191479CC09387718A03C7070017
:104730002A84136727002380E7002285B2402244A1
:104740009244410182808D4711E09D479CC075D401
:104750009387718A03C707000144136717002380FA
:10476000E700E1BF317152D523A0018A238F018870
:104770002383018A9386018A1387E1899387618A5B
:104780004AD94ED756D362CD66CB6AC96EC723923B
:10479000018A06DF22DD26DB5AD15ECF814D014C36
:1047A000014D814C814A02C601498149138A418ADF
:1047B00036C83ACA3ECC1306C0029305F00F281043
:1047C000EFE03FB69305C002B385BA028D679394BC
:1047D0000A019306C00230102D45C180BE9597D0C6
:1047E000FF1FE780406F19C9850423109A0005490F
:1047F000850A93070004E390FAFC39A0A2577D577D
:10480000639BE70C23109A001306C0029305F00F78
:104810002810EFE01FB199659306C0023010938510
:1048200005E02D4597D0FF1FE780E06A631B050E6A
:104830002257FD576308F70E2810EFF0AFFC630E08
:10484000051252478547B2542300F70063860900DA
:10485000B38764416353F0021306C0022C10C808EA
:10486000EFB072396254A64B034CC104834DD1049E
:10487000034DE104834CF104268BB7340020938769
:1048800084548569BE996146EC08138549ADA2D26E
:10489000EFB07236B7470020416793848454938702
:1048A00087546364E4001304F7FF239089B023AABC
:1048B000740123A687AF23AAB7AF239CA7AF23AE6B
:1048C00097AF63030C00814BC24723A8740185494D
:1048D00023A0670191A82810EFF0CFF221C1B257B1
:1048E00063860900338767416356E0021306C002FE
:1048F0002C10C8083ECEEFB01230F2476254A64BDF
:10490000034CC104834DD104034DE104834CF104F5
:104910003E8B8549850423109A00D9BD85473EC644
:10492000D5BF0549E39B09F4B24789CB9387718AC8
:1049300003C70700136717002380E7006302090419
:104940006247854719492300F7009387718A03C797
:104950000700136727002380E700FA506A544A854E
:10496000DA544A59BA592A5A9A5A0A5BFA4B6A4C8B
:10497000DA4C4A4DBA4D2961828085473EC65DB703
:10498000E39D09FC2149D1BF1971A6DA83C4618A6C
:1049900086DEA2DCCAD8CED6D2D499C89944F650C5
:1049A000665426854659D654B659265A09618280DE
:1049B000B7575434938727E53EC43739002083A77F
:1049C000018A1309895405644A948507930544AD07
:1049D000614608083EC602D8EFB0F221832749019C
:1049E0009305800228003ED48327C4AE130AF00347
:1049F0009389018A2306F102832744AFA306F102BB
:104A0000835784AF2307F1028327C4AFA307F102C2
:104A1000EFF06FD883D7418A2AD81384418A637410
:104A2000FA081969930600100146930509E0254527
:104A300097D0FF1FE780204A19C1A1448DB7930684
:104A4000C0023000930509E0294597D0FF1FE78099
:104A5000804865F59306C0025018930509E02D457E
:104A600097D0FF1FE780204769F91306C0024C1852
:104A70002800EFB0F21571F14818EFF0AFD855DD0E
:104A80000547238FE18883570400637EFA0085661B
:104A900001468D65254597D0FF1FE780C043E31F82
:104AA00005EE23100400035904009307C002930687
:104AB000C0023309F9028D67300029453E99CA8545
:104AC00097D0FF1FE78020418357040085072310FC
:104AD000F400E31505EC9306C0025018CA852D4575
:104AE00097D0FF1FE780203F29F91306C0024C181A
:104AF0002800EFB0F20D31F15257B7575434938775
:104B000027E5E31CF7F27644930580024818EFF09E
:104B10008FC8E314A4F2B2471384E18923A0F900FB
:104B200083470400E38D07E699659306001001466C
:104B3000938505E0254597D0FF1FE780C039E31036
:104B400005E623000400A1BD5D71A2C403C4C189B0
:104B500086C6A6C2CAC04EDE52DC56DA5AD85ED627
:104B600011CC19442285B640264496440649F25990
:104B7000625AD25A425BB25B61618280B7370020D1
:104B800083C40757A94763EA970E2685EFE03FE401
:104B900083A70189AA8A13890189E385A7FCB757EE
:104BA0005232938737953EC483A7418902C8314664
:104BB00085072C007D553EC623089100EFE01FDBE2
:104BC0000566373A00201306A6A093051A572AC295
:104BD000EFE0DFD983A681891345F5FF2AC211676B
:104BE000938B4189138B818999646383E600916477
:104BF00085660146A685254597D0FF1FE780A02D35
:104C00002DF1B1463000A685294597D0FF1FE780DA
:104C1000802C21F985699386A9A013061A579385DC
:104C2000C400294597D0FF1FE780E02A1DF993852E
:104C300069A191465000A695294597D0FF1FE780AE
:104C4000802905F101464C082685EFF0EF8105C962
:104C50003247D2476395E702E24612476391E60284
:104C60008346C10103470101639BE60023205901EC
:104C700023A0FB0023209B00F5B50544E5B52144A6
:104C8000D5B53971130671002C00116506DE26DAE0
:104C90004AD84ED622DCA3030100EFE0FFFC2A89AC
:104CA000130671004C081965EFE01FFC238E018884
:104CB000AA899384C1894DC163070900D24722475D
:104CC000998F635DF008130671004C081965EFF0C9
:104CD000CF980DC10344710045C085472380F4007F
:104CE0009387718A03C7070019441367270023803D
:104CF000E70075A063090900130671002C00116517
:104D0000EFF0AF9561F9056637350020B737002021
:104D10001306A6A081451305155723880756EFE013
:104D20004FE023A8018823AA0188196723ACE188F2
:104D300083477100DDF38347210189C78347E10180
:104D40002144B1EF9387718A03C707002144136799
:104D500017002380E700A1A0E30709FA13067100FA
:104D60002C001165EFF06F8F35F5E38E09F813060F
:104D700071004C08196569B763033903938401898D
:104D800003A90400934719009CC07D3B9387718A57
:104D900019ED03C70700136717002380E70022857A
:104DA000F2506254D2544259B2592161828003C7F1
:104DB000070023A0240113672700C5B76D151375DD
:104DC000F50F9D4763E9A7026D161376F60F0545AB
:104DD00063E4C702A94763E1B702B315B50093F5D1
:104DE000F57799C963EAD7003315D5001375F577C0
:104DF00013351500828005458280411106C622C404
:104E000026C2630C051283470500854463820710A0
:104E100093F7C70F639E070E2A8483464500034617
:104E200035008345250003451500493F75E10347DB
:104E30005400854763EEE70C0347640063EAE70C20
:104E40000347740063E6E40C83479400034784003F
:104E5000A207D98FD5CF8347B4000347A400A20788
:104E6000D98FC517C2070567C183930617E063E1B1
:104E7000F60A8347D4008346C400130767E0A207FD
:104E8000D58FD917C207C1836364F7088347F4003D
:104E90000347E400A207D98F8917C207C18313070C
:104EA000A0236367F7069305000313050401EFE0F1
:104EB0001FF639CDD14513050404EFE05FF529C98C
:104EC0009305000213054405EFE07FF431C193061A
:104ED000440781479305000205451308C005930860
:104EE000B0023307F4000307470713960701418216
:104EF00015E7854411CE030644071307F002630942
:104F0000E600B6978384F7FF938414FD93B41400EE
:104F1000B2402244268592444101828063DFE5004D
:104F20001306E7FD1376F60F6379C50063070701E3
:104F3000630517018507E396B7FA8544D1BF14418D
:104F4000411137574D3226C206C622C4130737F423
:104F50008144639FE602834645000D472A848144CD
:104F60006398E602834655001307100A6392E6022F
:104F70008356A50013074009639CE600EFE05FA895
:104F80005C446397A70013050401853D9334150025
:104F9000B240224426859244410182801571D6C3D5
:104FA00086CFA2CDA6CBCAC9CEC7D2C5DAC15EDF35
:104FB000AA8AA13583C7D189C9EBAA846313050ED8
:104FC000130640099385C1B75685EFB0624003A42C
:104FD00081889389818811E169E483A7C188096781
:104FE000138AC188138907106383E7000969B757DB
:104FF0004D32938737F43EC6E9779387371005041F
:105000002318F100C167138BF7FF935704011306B0
:105010004009D685231AF100680893074009231B2D
:10502000F10002CC23198100EFB0E23C6800EFE010
:105030003F9DAA8B2ACC930600100146CA852545C0
:1050400097D0FF1FE78020E919C1994499A89306DA
:10505000400A7000CA85294597D0FF1FE780A0E766
:105060006DF59306400A7000CA852D4597D0FF1F45
:10507000E78060E679F96800D9351DC10347110161
:105080009307100A631EF700D24703572101B3F7B5
:105090006701C207D98F6315F400E247638FFB00F5
:1050A000A144FE406E4426854E49DE44BE492E4A48
:1050B0009E4A0E4BFA5B2D61828083A709005685BC
:1050C00023202A01850723A0F900EFE0DF95D1BF57
:1050D0001571DAC11306400A9305F00F680086CFF8
:1050E000A38E0188A2CDA6CBCAC9CEC7D2C5D6C3CE
:1050F0005EDF62DDEFE0EFA29306400A7000896593
:105100002D4597D0FF1FE78000DD138BD1896313F6
:10511000052E31466C000A85EFB0E22D680005359A
:10512000014419C5034411011304F4F513341400A8
:1051300081479306F00F1307400A70003E9603461E
:105140000600631FD60C8507E399E7FE854A0149EF
:1051500005C083574101035721016808C207D98F51
:1051600023A4F188096723A6E1880549EFE0BF8BF6
:105170001306400A9305F00F6800EFE08F9A8965E7
:105180009306400A7000938505102D4597D0FF1FA8
:10519000E78060D46310052668005533814419C543
:1051A000834411019384F4F593B4140013F6F40FBF
:1051B00081479306F00F1307400A6C00BE9583C524
:1051C00005006391D5068507E399E7FE054A9375C7
:1051D000F40FF1C88357410103572101C207D98F4A
:1051E00013878188630709001443B386D740635E41
:1051F000D00A1CC3896793870710680823A6F18823
:10520000EFE07F8215C00145FE406E44DE444E490A
:10521000BE492E4A9E4A0E4BFA5B6A5C2D61828023
:10522000814A35B7014A65B70969B7574D32938945
:105230008188938737F403A709003EC6E9779387EF
:1052400037102318F1000507C1671306400993853D
:10525000C1B72319E100938BF7FF418393074009FE
:105260006808231AE100231BF10002CCEFB0A2185A
:105270006800EFE0EFF82A8C2ACC93060010014674
:10528000CA85254597D0FF1FE780E0C40DC9854733
:105290002300FB009387718A03C707001367270069
:1052A0002380E7008DB7630E0906E38EC5F403A9DA
:1052B000C1888967E31AF9F613090910BDB7930687
:1052C000400A7000CA85294597D0FF1FE780A0C01B
:1052D0005DFD9306400A7000CA852D4597D0FF1FDB
:1052E000E78060BF4DF56800993955D1E247E3107A
:1052F000FCFAD24703572101B3F77701C207D98FD0
:1053000023A0F90023A6218919C0E31E0AEE99C043
:10531000E39B0AEE9387718A03C7070013671700A0
:1053200041B7EFE0BFC123A40188896793870710C5
:1053300023A6F1880247B75750329387C7246318D2
:10534000F708A244A1450A85EFE0FFC46391A408D1
:1053500083444100034B51008349610003497100BC
:10536000DA854E86CA862685EFF05FA52DE1938704
:10537000C1B7A380970023816701A38137012382EE
:10538000270129476395E40211476312EB02214785
:10539000639FE900631D99002547A380E700056727
:1053A000130747A02391E70015472382E7001385E1
:1053B000C1B7EFE04FE79387718A03C707001385F2
:1053C000C1B7136717002380E700C93E35BD1385B9
:1053D000C1B7EFE04FE563850A002145E3160AE215
:1053E0009387718A03C7070021451367170023803D
:1053F000E70019BDEFE09FB4EFE01FC71385C1B709
:10540000EFE06FE223A4018889679387071023A642
:10541000F18885472300FB009387718A03C7070043
:105420001945136727002380E700F9BB1385C1B72F
:10543000828003A58188828003C5C1B705898280E7
:1054400003C5C1B70581058982807971D54706D624
:1054500022D426D24AD04ECE2317F10009E90545C1
:10546000B250225492540259F2494561828065DA61
:10547000D147AE84E3F5B7FE8D472300F50093894D
:10548000C1B783C70900328993860901A300F500DB
:1054900083C719001306E1002A842301F50083C79E
:1054A0002900A301F50083C739002302F50083C753
:1054B0004900A302F50083C759002303F50083C701
:1054C0006900A303F50083C779002304F50083D79F
:1054D0008900A304F50083D78900A1832305F50083
:1054E00083D7A900A305F50083D7A900A1832306CC
:1054F000F50083D7C900A306F50083D7C900A183AF
:105500002307F50083D7E900A307F50083D7E90057
:10551000A1832308F50083A7818813D78700A308F8
:10552000F5002309E50013D70701E183A309E5008E
:10553000230AF50013070003EFE0AFE40DD1514754
:10554000938609041306E100A6852285EFE06FE348
:10555000E30705F013070002938649051306E100EF
:10556000A6852285EFE0EFE1E30B05EE13070002CD
:10557000938649071306E100A6852285EFE06FE0D8
:10558000E30F05EC8357E10001452310F900C9BD85
:105590000111D54706CE22CC26CA4AC82317F100EE
:1055A00001E90545F2406244D244424905618280E6
:1055B0006DDAD147E3F7B7FE034705008D47E312E5
:1055C000F7FEB2842E892A84130640099385C1B759
:1055D0002685EFA052628347140015452380F4000E
:1055E00083472400A380F400834734002381F40020
:1055F00083474400A381F400834754002382F400CE
:1056000083476400A382F400834774002383F4007B
:1056100083478400A383F4008347A40003479400D6
:10562000A207D98F2384F400A183A384F4008347C5
:10563000C4000347B400A207D98F2385F400A183D7
:10564000A385F4008347E4000347D400A207D98F61
:105650002386F400A183A386F40083470401034753
:10566000F400A207D98F2387F400A183A387F40055
:10567000834714010347240122075D8F83473401C8
:10568000C2075D8F83474401E207D98F03A7818852
:10569000E31AF7F013070003938604011306E100F1
:1056A000CA852285EFE04FD5E30D05EE514793867D
:1056B00004041306E100CA852285EFE0EFD3E3027C
:1056C00005EE13070002938644051306E100CA8520
:1056D0002285EFE06FD2E30605EC13070002938604
:1056E00044071306E100CA852285EFE0EFD0E30A04
:1056F00005EA8357E100E39627EB2685EFF0EFEF0D
:1057000055B56FF0FF9C317122DD26DB4AD94ED7AB
:1057100006DFAA892E89B2843684EFF02FEA83C788
:10572000D1899DEB1DE1130640099385C1B768003F
:10573000EFA0724C6800A306310123072101A307E3
:10574000910023088100EFF07F85FA506A54DA5403
:105750004A59BA59296182801945C5BF41118566E8
:1057600001468965254506C622C497C0FF1FE7800C
:1057700080766310050E856601468D65254597C0C8
:10578000FF1FE78040756316050C1964930600102F
:105790000146930504E0254597C0FF1FE780A073ED
:1057A0004DE9856601469165254597C0FF1FE78055
:1057B000807245E1856601469965254597C0FF1FC2
:1057C000E780607159E5856601468145254597C0AA
:1057D000FF1FE780407035ED8566014685652545EC
:1057E00097C0FF1FE780206F2DE523A0018A239239
:1057F000018A238F01882383018A23A8018823AA91
:10580000018823AC8188238E0188A38E018823A47C
:10581000018889679387071023A6F188EFE00FF2CC
:105820001385C1B7A383018AEFF04FF71DE1372439
:1058300000201305C423EFA0B24D9375F50F130597
:10584000C423EFE0DF9111E52244B24041016FE053
:105850003FEBB240224419454101828003C5718A61
:105860008280C16705668146FD17130616021397ED
:10587000060141836364B7003E8582803307D5000B
:10588000034707002207B98F2147139807018607AE
:10589000C20713580841C18363530800B18F7D17B5
:1058A0001377F70F7DF38506D9B7854755CDCDCD55
:1058B000C5CE011126CA8354650006CE22CC4AC843
:1058C0004EC61307000F6369970899C0184549C76A
:1058D0001389B4004209135909018547636E2607ED
:1058E000930750FA2380F5008947A380F50083478A
:1058F0000500B6892E842381F50083572500A381F6
:10590000F500A1832382F50083474500A382F500BB
:10591000834755002383F50083576500A383F50073
:10592000A1832384F5000356650011C60C451305B9
:105930009400EFA0522C93859400C205C18122856A
:105940000D379305E9FF2E942300A4002181A300C5
:10595000A400239029018147F2406244D244424985
:10596000B2493E85056182803E858280854755C962
:105970004DCA29476377B70A011122CC06CE26CA41
:105980004AC84EC6834605001307500A2A8463920C
:10599000E608834615000947639DE60683498500AE
:1059A00003477500A209B3E9E9001307000F63621A
:1059B00037079384B900C204C180639CB404F9140E
:1059C00093950401C181A2943289613D03C71400FB
:1059D00083C7040022075D8FA147631CE50283474C
:1059E000240025042300F9008347B4FF0347A4FFE4
:1059F000A207D98F2311F9008347C4FF2302F900BE
:105A00008347D4FF2313390123248900A302F9001B
:105A10008147F2406244D2444249B2493E85056121
:105A200082803E85828011C51306001581456FD0A6
:105A30005F8F82800548630E0518638C0518638AA2
:105A4000061863880718914863F5C818797106D657
:105A500022D426D24AD04ECE52CC56CA5AC85EC69E
:105A600062C403C9250041439308F9FF93F8F80F76
:105A70006364130B83CB150063F02B0B6D1693142B
:105A80000601C1801306600F6368960803C605000F
:105A90001373F6036312030813BE1B00135376003F
:105AA000631C6E061982B388784193B81800058A82
:105AB0006394C80683C945003E8A83C73500A2099E
:105AC0003A8BB3E9F90083470500B68A2E8C2A8405
:105AD00089CB835725006396370183474500638B45
:105AE00027012285893785472300F40023113401DB
:105AF000230224011C44B3D77701858BA5EB835780
:105B0000C4009306B00F338797004207418363F2C6
:105B1000E6022285093F0548B250225492540259A8
:105B2000F249624AD24A424BB24B224C428545610D
:105B3000828093991B00A299130524052398F902EA
:105B40003E95268693055C00EFA0F20A8357C400B9
:105B5000A6972316F400239799008547B3977701FA
:105B6000832B8400B3EBFB0023247401144481478E
:105B700033D7F600058B21CF850713F7F70FE369BD
:105B800027FF930BE40081498144130C240503D6BD
:105B90000B00B3079600C207C183E36CFBF683D505
:105BA0002B0233859A008509E295EFA0D20483D7B2
:105BB0000B0093F9F90F890BBE94C204C180E3185E
:105BC00039FD23109A002285B93D0148B1B70D482F
:105BD000A1B7428582808347150003470500A207CD
:105BE0005D8F8347250003453500C207D98F6205C5
:105BF0005D8D828093D785002300B500A300F5005A
:105C000093D70501E1812301F500A301B50082804E
:105C1000411106C6EFF05F8209C9B737002003A71C
:105C200007558D47054563E6E700EF40F03833350B
:105C3000A000B2404101828037370020930687548C
:105C40008567B69783A6C7AE1336150023A6C7AEE1
:105C500093B61600130787546380A60283D647AE17
:105C600041667D166385C60085062392D7AE83A75D
:105C7000019811C11CCB5CCB8280BD476385F500C8
:105C800085473E8582807971232006002322060005
:105C90002324060006D622D452CC2316060023075E
:105CA000060026D24AD04ECE56CA5AC85EC662C434
:105CB00003491500834705002D0522093369F900C2
:105CC00023102601034C75FF328423018601834A89
:105CD00085FFA30156018344A5FF834795FFA204D6
:105CE000DD8C23129600834BB5FF23037601034B13
:105CF000C5FFA30366018347E5FF0347D5FFA2075E
:105D0000D98F2314F6008349F5FF23053601E135C9
:105D1000935785002306F40093570501A306F4006A
:105D200093578501A305A4002307F4002A8A63037F
:105D300009029307000263EF8701894763EC57016B
:105D4000054763697701636767016393FA0299C046
:105D5000631299028547B250225492540259F24973
:105D6000624AD24A424BB24B224C3E854561828008
:105D7000231204009389E9FA93F9F90F9307C00AF3
:105D8000E3FA37FDEFE01F978147E306AAFC95474A
:105D9000D9B70111238A018A23A6018A280023A8E2
:105DA000018A06CEEFA0D06A99452800EFF07FABBC
:105DB000B7776C69938601C1938737059CC2B74753
:105DC000432D93874717DCC29357C500C207C18391
:105DD000A546138701C163E0F60693870703E20730
:105DE000E1872304F70093578500BD8B25469386F2
:105DF00077036364F6009386070393574500A30473
:105E0000D700BD8B2546938677036364F60093869F
:105E100007032305D7003D89A5469307750363E46F
:105E2000A60093070503A305F700F240314723843A
:105E3000E18A056182809387770355B7238A018AB7
:105E400023A6018A23A8018A82809387C18A94436A
:105E5000014591CA03A741980545158F6345070081
:105E600023A00700014582809387018B944301455D
:105E700091CA03A741980545158F6345070023A0E4
:105E8000070001458280411122C406C626C24AC0CD
:105E9000B9472E846311F510A547054963E0B7069D
:105EA000B73400209387845498538547938484544F
:105EB00011496315F70493071010B387F502A697ED
:105EC00083C7970285CF13F4F50F2285EF20B04BDF
:105ED0000D490DC59D4763EC8700B70503000A0413
:105EE000938545592E941C4082870545B13313058F
:105EF0002003EF10202B0149EF40900BB2402244C9
:105F00004A8592440249410182800145C5B78567AF
:105F1000BE94854723AAF4AED9BF8567BE94914746
:105F2000D5BF8567BE948947F5B78567BE948D4711
:105F3000D5B78567BE9403D784AFB7470020BD4669
:105F40004117420741839387875463F5E60065470D
:105F5000239CE7AE03D787AFF946E3EAE6F80507E7
:105F6000239CE7AE69B78567BE9403D784AFB74774
:105F70000020BD464117420741839387875463F54C
:105F8000E6006547239CE7AE03D787AFC146E3F041
:105F9000E6F67D17F1B79307F5FF93F7F70F314753
:105FA0002A89636AF71A370703008A071307475BD2
:105FB000BA979C4382878547E3E2B7F4B334B000D5
:105FC000938404082685EF20B023630605182685F0
:105FD000EF20F04263030518854733358000E3075F
:105FE000F9F08947631DF90CB74700209387875460
:105FF00023AA87AEEDBD91479384150AE3F4B7FC5D
:106000000549EDBD938705F6C207C18313076009F3
:10601000E368F7FEA944B3F79502FDF3B3D4950204
:106020009384040345B78D4793841505E3FCB7F8C3
:10603000C1BF894793841506E3F6B7F8D1B7854702
:10604000E3E0B7FCB334B00093840407A5BF8547F1
:10605000E3E8B7FAB334B0009384040BA5B78547DF
:10606000E3E0B7FAB334B0009384040CA1BF8547D2
:10607000E3E8B7F8B334B0009384040DA1B78547C3
:10608000E3E0B7F8B334B0009384040E25BF85472E
:10609000E3E8B7F6B334B0009384C40925B7854765
:1060A000E3E0B7F6B334B0009384E40921BF854739
:1060B000E3E8B7F4B334B0009384640921B78D47A3
:1060C000631CF900A945B355B402B7470020938774
:1060D0008754239CB7AE21BD91476319F900B74798
:1060E00000209387875423AE87AE11B5B54763145C
:1060F000F904B74700209387875483D787AF374782
:106100000020BD46C117C207C1831307875463F53A
:10611000F600E547231CF7AE835787AF01C8F94661
:10612000E3E7F6DC8507231CF7AED1B3C146E3F005
:10613000F6DCFD17CDBFAD47E31BF9DA0545EFF0FF
:10614000BFAF114711E00547B74700209387875439
:1061500023AAE7AE69BB114955B30D4945B3517147
:10616000CAD186D7A2D5A6D3CECFD2CDD6CBDAC9C7
:10617000DEC7E2C5E6C3EAC16EDF23100600834432
:106180004500930710042A89E38EF42C2E84B289EB
:1061900063E49712C947638EF44A63E3970895470F
:1061A0006389F43663EA970085476386F42A894752
:1061B000638DF4309144ADA6C1476388F43CC54774
:1061C000E39AF4FEB73700209387875403D727005C
:1061D0002390E50003D747002381E50005673E973C
:1061E000834657B0A381D500835667B02392D5006C
:1061F000034747B02383E5009853A383E50003D703
:1062000067022394E50083C747022385F500EFE08A
:106210006FCEAA851305B400EFF0DF9DBD478DA6B4
:1062200093070003638FF45E63EB9702CD476380AF
:10623000F44493070002E39FF4F6035765008D478B
:10624000631FF72C1C4503C7270083C5170003C530
:1062500007002207D98DEFF01FC3AA84D1A49307AA
:1062600010036386F46E93070004E395F4F48357F8
:1062700065006386072A1445054603C70600E31533
:10628000C70C1147639DE72883C4160093071005C8
:1062900063E7972803C4360083C7260022045D8C79
:1062A000630F0426C167FD17630BF426EF20102E41
:1062B000E31A05068D44ADA493076005E38EF43020
:1062C00063EE970693072005E38EF42863EA9704AC
:1062D00093070005E388F41C93071005E39CF4EC96
:1062E000EFF09FB8E3030528EF60F0048347550003
:1062F000954463970722EF2070298D44630205229D
:10630000EFF0CFC5AA84631D0520238A018A0547C3
:10631000B737002023A8E75423AC01986F0010374B
:1063200093073005E38DF42693075005E394F4E8D2
:106330009305000F2285EFF04F9105B79307900565
:10634000E38EF44A63E5970293077005E384F4341F
:1063500093078005E390F4E6EFF01FB1E307052013
:1063600083576900639D071AEF4000434DA29307CE
:10637000B005E38AF456E3EBF4529307F005E39B90
:10638000F4E2EF60407BAA84EFF01FAEE30F051C40
:1063900085472300F40083C7540013052400A3009D
:1063A000F40083C5D40083C7C400A205DD8D83C774
:1063B000E400C207CD8F83C5F400E205DD8DEFF068
:1063C0007F8383C5140183C7040113056400A205FC
:1063D000DD8D83C72401C207CD8F83C53401E2055B
:1063E000DD8DEFF03F8183C5540183C74401130560
:1063F000A400A205DD8D83C76401C207CD8F83C5CC
:106400007401E205DD8DEFF0EFFE83C5140283C752
:1064100004021305E400A205DD8D83C72402C20730
:10642000CD8F83C53402E205DD8DEFF0AFFC83C56F
:10643000940183C7840113052401A205DD8D83C760
:10644000A401C207CD8F83C5B401E205DD8DEFF055
:106450006FFAD94735A2B7370020138787541853EE
:10646000938487540DEF13050008EF206059896568
:1064700031C99385F5EF2285EFF0CFF7B707150106
:10648000938727205CC09C502304F400EF20500D1C
:10649000A304A40021812305A400AD47D5A0EF20CB
:1064A000300C137735008D478965631AF7009385A3
:1064B00015AF1375C50361D193E525006DBF9385B5
:1064C00005AFC5BF938505AF7DB7EFD0DFBCAA8A06
:1064D000EFA002042300940083C4818A1379F50F8E
:1064E0002686A3009400938501C113052400EF9034
:1064F0009270B30794008D04330594002381270123
:106500004A86D685EF90326FCA94239099008144D1
:1065100001A883576500A5CB854663F3F602854441
:10652000BE502E5426850E599E54FE496E4ADE4AB0
:106530004E4BBE4B2E4C9E4C0E4DFA5D6D618280D3
:106540001C4583C707001387F7FF1377F70FE3E8AE
:10655000E6FC03A74198896693860671369723A6C1
:10656000E18A0947639BE70003A74198B7761B00C0
:1065700093860674369723A8E18A2300F4008547A2
:106580002390F90069B78547E9B7EF1010573737FF
:106590000020130787548567BA9783A6C7AE03D632
:1065A00007AFA94593B616002300D40083A647AFD2
:1065B00037490020AA84A300D40083D687AF2312D2
:1065C000C40013098954B386B60205452311D400CB
:1065D00083A6C7AF2303D40083D6C7B0A303D400D8
:1065E000A1822304D4001847A304E40083C747B062
:1065F00089C7EFF0EFE1133515002305A4008325CB
:10660000C9AD1305B400EFF0EFDEEFE0AF8EAA8561
:106610001305F400EFF00FDE83C7C4001305A401D7
:10662000A309F40083D70400231AF40083D72400BD
:10663000231BF40083D74400231CF400832549ADB9
:10664000EFF04FDB83D76400231FF40093070002B1
:1066500005BF835565000845138601C2EFF0EFE1E1
:10666000AA84E31F05EA0547238AE18A55BD8355BD
:10667000650008450A86EFF04FE0AA84E31205EAB8
:1066800083C7418B138B418B91CB3D46938501C2D0
:106690000A85EF90F2539544E31405E8373900205A
:1066A000930789540347710083C70702130989546C
:1066B0006311F70E0357810083576902631BF70CC0
:1066C0000347A100834749026315F70C8564CA9408
:1066D000035D2900835B490083AC44B0832A09022F
:1066E000035A6902034C4902EFE0CF801306000A07
:1066F000938544A30808EF90125083570100834606
:1067000071000346A1002311F90083472100B74D12
:1067100000202320D9022312F900834731002302ED
:10672000C902938D8D54A382F4B083574100239303
:10673000F4B0834761002382F4B0835781002313B0
:10674000F902B1CE814683C7CDB08A060345B100B8
:10675000ED9BD58F2386FDB0B247A2075D8DEFD0AC
:106760005FC5AA843747002031E9EFD0BFF8AA857A
:106770002285EFF02FC891472390F9008547230029
:106780000B002324F9009167938787A923ACF19824
:1067900041BBEF20A05F8D44E30405D805BF9305FE
:1067A00010058546E3E1C5FAFD17C207C166F91673
:1067B000C183B3B7D70093C6170071B793FBFB0F24
:1067C00093FAFA0F2311A9012312790123A29DB193
:1067D000232059032313490323028903814763912B
:1067E0000A0293061005854763EC86017D1A420A6A
:1067F000C167F917135A0A01333AFA0093471A008E
:1068000003CACDB08A071306000A137ABAFF336AA7
:10681000FA0023864DB10C081305C7F7EF90B23D7F
:1068200001B3B73600200146814793868654A945B7
:106830001307360A120736975843058B01C7850799
:1068400093F7F70F0506E315B6FE2300F400B747EC
:1068500000209387D7F701488544054E894829438E
:106860001307380A13164700369683454600858974
:10687000F1C1330594002300C5014C42814E85814E
:106880009D89A300B50083C5070093F5F507230193
:10689000B5000346460093853400A295398A6314F7
:1068A000160183DE17002390D50193154700B69596
:1068B00083C54500138654002296B989814E63949E
:1068C000150183DE3700931547002310D601B695D6
:1068D00083C54500138674002296B989814E63846E
:1068E000150183DE1700931547002310D601B695D6
:1068F00083C54500138694002296B989954E63841A
:10690000150183DE37002310D60103C6A70083C517
:106910009700120722064D8EA315C5003697034730
:10692000C700B904C204058B133717000507A30677
:10693000E500C1800508C107E31468F2EFD09FDBD2
:106940002694AA852285EFF0EFAA91047DBE835498
:1069500065008D4703298500814A63F897001385F8
:10696000C4FF4A95EFF02FA7AA8AB7450020938568
:1069700085541306000A938545A30808EF90B227B3
:10698000374A00209147130ACAF763F19710034B67
:106990000900A94763EC670FB947B307FB029507E6
:1069A0006396F40E1385C4FF4A95EFF0CFA2AA8B2D
:1069B000EFD05FD49544639CAB0C1306000A81456D
:1069C0005285EFC01F965287930719000148094E60
:1069D0001303F0598548930E000F130FF005E54F90
:1069E00063110B035685EFD0DF9CAA844DE1EFD0F5
:1069F0007FD0AA852285EFF0EF9F91472390F90081
:106A000005B683C5470083C6370003C66700A205E5
:106A1000D58D83C65700220603C98700558E83C6CD
:106A20007700220983C3A7003369D90083C6970082
:106A3000A20303C5B700B3E3D30083C6C70083CB6B
:106A4000170083C2D700A206C98EC206C18613856D
:106A5000FBFF939406011375F50FC1806368AE02C6
:106A60001385F4FF420541816362A302FD1213F511
:106A7000F20F63EDA80063911B036369B3006367C2
:106A8000C30003C527001375F5071DE185441306F0
:106A9000000A0C08528559B3130509F642054181D5
:106AA000E3E6AEFE1385B3FF42054181E360AFFE2E
:106AB00003C5070013FC7B00060CB33CA000034594
:106AC00007001375050F33659501336585012300B4
:106AD000A70003C527001375F507A300A70063836C
:106AE0001B01CA852311B70063831B011E86231275
:106AF000C7000346870093B512002305D70013761D
:106B0000060C4D8E93D6840005082313070023043A
:106B1000C700A304F701A305D7001378F80F4107B6
:106B2000B9077DBDB7370020938787540567238257
:106B300097022393870223A00702BA9703C7C7B01F
:106B40006D9B2386E7B0E1B20946631BC70005478A
:106B5000E397E79CEF103072E31B059A6FF08FF517
:106B60008D456319B700E39CC79A03C51600EF1063
:106B70007078DDB79145631AB702E392C79A03C5EF
:106B80001600A547E3EDA798130710103307E50299
:106B9000B7370020938787549144BA9783C79702E9
:106BA000E3800798EF10307E45BF9545631AB7061E
:106BB0000547E396E796EF20A01A83A741C48566B0
:106BC000A58393F7F7072300F40083A741C4A183AB
:106BD000858BA300F400B737002093878754BE96B7
:106BE00003C7C6B00983058B2301E40003C7C6B001
:106BF0000583058BA301E40003D767022312E40099
:106C000003C747022303E40083C787022314A400B9
:106C1000A303F40083C701922305F4006FF0FF87FC
:106C20009945631BB7000547E39BE78EEF20E00023
:106C30009944E31E058CEDB09D45631CB700E390BD
:106C4000C78E03C51600A547E3EBA78CEF206005B0
:106C500021B7A146E315D78C0547E392E78CEF20D7
:106C6000A00CDDBD8357650005476395E7D4184543
:106C7000034707006310F7D413050008EF105058BE
:106C8000630A05D213050008EF107077630405E26C
:106C90000145EFE07FFA130520032923EF3050313F
:106CA0006FF0FF86EF106065373A002013078A54B3
:106CB0008567BA9783C7C7B0B74400202A8993F77E
:106CC0000702130A8A5493848454054589E7EF0028
:106CD000705A3335A0002300A400EF00F058A30041
:106CE000A40083D7C4B02311F400EF00505823024E
:106CF000A40083278A00A302F400EF009056834784
:106D000014002303A40013058400A303F40083A547
:106D10000198EFE03FEE8325CA001305C400EFE0C1
:106D20007FED83D724B01305A4012318F400835703
:106D300009002319F40083572900231AF40083471C
:106D4000C900230BF4008347D900A30BF400835739
:106D50006900231CF40083A544ADEFE0BFE9F947C7
:106D60006FF01F82EFF04F9001E589446FF04FFB09
:106D7000B74700209387875403C787B02300E400F8
:106D800003C797B0A300E40003C7A7B02301E40042
:106D900083C7B7B0A301F40091476FF06FFEEFF027
:106DA000AF8C61D5035769009147631AF7F68327C3
:106DB000890083C6370003C6270083C5170003C5B3
:106DC0000700EFE05F94AA84631C05F4B737002046
:106DD000054723A8E75445BAEFE04FE52A8A8355D3
:106DE0006900032589001008EFE08FFAAA8463196F
:106DF00005F20347010183470A000549B98F13F7DC
:106E000017001DEB83461A00034711016396E60243
:106E100083462A00034721016390E60283463A0035
:106E200003473101639AE60003494A0003474101E1
:106E30003309E94033392001898B854A99EB1306E0
:106E4000F0089305510113055A00EF906258B33AC8
:106E5000A0000808EFE08F94AA84631305ECEFE02C
:106E60004FDDAA852285EFE0FFD891472390F900F6
:106E7000630C0900B7370020054723A8E754916742
:106E8000938787A923ACF198638C0AE8EF30500C04
:106E90006FF00FE9EFE08FD92A89EF30B0138D47FB
:106EA0002300F40083470900AA8437390020A30097
:106EB000F40083474502130989542301F4008347F2
:106EC0005502A301F400834765022302F4008347BF
:106ED0007502A302F400834705022303F4008347ED
:106EE0008502A303F400834795022304F40083572B
:106EF0008500A304F400A1832305F4008357A500B3
:106F0000A305F400A1832306F4008357C500A3075B
:106F1000040023080400A306F400A1832307F4005F
:106F20008357E500A308F400A1832309F4008357E5
:106F30000501A309F400A183230AF4000C41130501
:106F40005401EFE03FCBCC4013059401EFE09FCA22
:106F500083278900A30EF400EFE09FCB83A541981F
:106F6000230FA4001305F401EFE0DFC883C7A402D8
:106F700013057402A301F40283C7B4022302F402CE
:106F800083D72401A302F402A1832303F402CC4893
:106F9000EFE05FC68C4C1305B402EFE0BFC5CC4CEC
:106FA0001305F402EFE01FC5EF3050208347650062
:106FB0000327890013051008A309F4028D4763F61F
:106FC000E700EF20902A1375F50F230AA40283C768
:106FD0001402A30AF40283D72402231BF402BD4740
:106FE000230CF402EF301003AA853D4613059403E9
:106FF000EF906240930780046FF08FD8EFE0DFE6F8
:10700000E30505D683556900638B05D00325890008
:10701000054783470500639DE706FD1593F5F50FCA
:107020000505EF30807FAA84631C05CEEF30101871
:1070300089472300F40083476500AA84A300F40075
:10704000834775002301F400EF30C0788347A50221
:1070500013056400A301F40083D744002312F40055
:107060008C40EFE03FB9EF3090162315A400EF30CD
:1070700030172316A4009305100E1305F400EF300B
:1070800050172307A4003D052390A9006FF02FC8D7
:1070900089466397D7006394E5C8EF30500F61B716
:1070A000639F07C68547639CF5C649B7835765004C
:1070B00005476376F7C60845FD1793F7F70F834535
:1070C0000500639EF5C40505EFD06F89AA84631996
:1070D00005C4EF60802C8327890083C70700230045
:1070E000F400854721BA83576500639A07C2EF60B1
:1070F000A02D6FF0CFC1697123229112B2843000AC
:1071000023202113232E311123261112232481122F
:107110003689BA8923130100EFE05F8529E503472B
:10712000810085476311F704001013066100A285F2
:107130002800EFF0CF828947230AF1008357A1008E
:10714000A30CA100CE86231BF1008347C1004A8611
:10715000A685230CF10083576100480822CE231D29
:10716000F100EFE08FF48320C11203248112832405
:107170004112032901128329C111556182807D6763
:1071800013078784B357E50285669386867BB387AA
:10719000D702AA973375E5023305D5023355E502C8
:1071A0003E958280854711C9930740061305350631
:1071B0003355F50293170501C183239BF18A828021
:1071C0000547238CE18A82801387618B83570700F0
:1071D000411106C6C20722C426C24AC0C18385EB3C
:1071E000014901449384818B83C7040093F7F70F0F
:1071F000A1CFEFD07F950DCDB7470020938787545F
:1072000003C7C7B0136707022386E7B081A083577F
:107210000700FD17C207C1832310F700F1F3EFD079
:107220006FC82A8405495DFDEFD00FF62A845DBF43
:107230002380040071F0B74700209387875403C769
:10724000C7B01377F7FDC9B7E31609FEB240224471
:107250009244024941018280011106CE22CC26CA05
:107260004AC84EC6EFD02FA7AA8937390020374425
:107270000020EFD08FC89304895413048454638191
:107280000902A1476391F90E6D1513351500EFD072
:107290002FC719C58347C4B093E707022306F4B08C
:1072A000EFD0AFC51307E5FF894763F5E7009947BE
:1072B0006318F5008347C4B093E707022306F4B0D0
:1072C00095679387B72A2314F9540569269985474A
:1072D0002326F9AEE547231CF9AE232A09AE232E57
:1072E00009AE23A8040023AA040023A60400231146
:1072F00009B0EFD02FC7EFD0DF98EFE08FC0EFC01D
:107300003FDAEFE0AFD519C58347C9B093E707026D
:107310002306F9B085479CC49167938787A923AC5E
:10732000F1989C50A1E783C64402130710058547D6
:10733000636DD70083D7640241677917FD17C207D1
:10734000C183B3B7E70093C717000347C4B08A07E8
:107350006D9BD98F2306F4B0F2406244D244424977
:10736000B24905618280EFC05FFD2DB703C784027B
:107370008347C4B0133717000607E59BD9BF15C56F
:107380000147814793160701C18263E7B600138561
:10739000C7FE1375F50F8280B306E50083C60600AD
:1073A0000507B69793F7F70FF1BF0145828005CD2A
:1073B0008546814763FAB602411126C2AE84FD15A7
:1073C000C205C18122C406C62A84553F33079400F2
:1073D0008347F7FFB2402244898F93B71700924446
:1073E0003E854101828081473E858280930700026D
:1073F00063F3A7000145B79704009387073E330561
:10740000F502B7770919938707453E958280930760
:10741000000263E0A702D94763EFA700411106C647
:10742000F137B240B7E72F009387C7FD3E95410182
:1074300082800145E5B7B79704009387073E33057F
:10744000F502B747A2189387C7443E9582808146CC
:10745000A5C9131605014182130796504207856797
:107460004183938787A0814663ECE704A946B3462E
:10747000D502A947B387F602C207C1833307F64096
:1074800042074187635607003387C7404207418759
:1074900093170701C1831307F007B387E702294752
:1074A0009507B3D7E702C207C1836354050093E78A
:1074B000070893F6F60FA206D58F2390F5008546B0
:1074C00036858280014859C5D1C749C6411122C4B9
:1074D00006C62301C5000548218223000501A3003B
:1074E000B500A301C5002302D500A302E50003D720
:1074F0000700C5452A842303E5002183A303E50093
:1075000003C727002304E50003D74700A304E500D1
:1075100021832305E50003D76700A305E500218348
:107520002306E50003D78700A306E5002183230790
:10753000E50083D7A700A307F500A1832308F50082
:10754000EFF0FFE3A308A400B2402244494842857B
:10755000410182804285828081471DC995C94111C0
:1075600022C406C695472301B500A1812300F5007A
:10757000A301B500A300050091452A84EFF03FE088
:107580002302A400B240224495473E8541018280F7
:107590003E858280814721C5B9C131C26381C5045E
:1075A000411122C406C695472300F5002301B5000A
:1075B0008547A1812302C5002182A300F500A30114
:1075C000B500A302C50099452A84EFF05FDB2303D1
:1075D000A400B24022449D473E85410182803E8501
:1075E000828049C5011122CC06CE26CA4AC84EC6A1
:1075F0002A840145ADC725C6BDC29319080193D998
:107600000901138399009308000863EA68041305CD
:1076100050FA2301C4002302D4002182A182230056
:10762000A400A300B400A301C400BE85A302D4003B
:107630002303E400A3030401428613058400C284EB
:10764000EF80D26613898400938589002285EFF04C
:107650001FD32299A5042300A90013F5F40FF240CB
:107660006244D2444249B249056182800145828028
:1076700001485DC9D5C9011106CE22CC26CA4AC827
:107680004EC652C456C25AC003CA0500A14863F28E
:107690004809034305009308500A2A84631B130713
:1076A000AE84D2853E89BA89B68A328BEFF03FD05C
:1076B0002A8825C1834714000148639C6705034657
:1076C00034008347240022065D8E631456058346EA
:1076D000540083474400A206DD8E63863601C167ED
:1076E000FD176398F6028349740001489387990057
:1076F0006391470363060900834764002300F90090
:107700004E86930584002285EF80525A05482380D7
:107710003401F2406244D2444249B249224A924A78
:10772000024B4285056182804285828083A7C18B9E
:10773000397122DC4AD806DE26DA95661389C18BB8
:1077400015646394D700138407101387418E1C437C
:10775000B7544C312309A10085071CC33EC683C71B
:10776000018C230AB10093848444C1452800231866
:10777000C10026C4A309F100A30A0100231B0100D4
:10778000EFC07F812ACC930600100146A2852545D3
:1077900097A0FF1FE780207411C90547A384E18EDD
:1077A000F2506254D254425921618280D146300055
:1077B000A285294597A0FF1FE780E07179FDD1469A
:1077C0007008A2852D4597A0FF1FE780C07071F556
:1077D000F247E39497FCB254C1456808EFC0AFFB91
:1077E000E39DA4FA0257B247E319F7FA2320890070
:1077F00045BF411126C22E86AE84D146AA852D45AD
:1078000006C622C497A0FF1FE780E06C11C9054798
:10781000A384E18E0145B24022449244410182801A
:107820009840B7574C31938787440145631BF70055
:107830008048C1452685EFC00FF63305A4401335B7
:1078400015001375F50FC1BF5D71A6C22EC6AA84BF
:107850002C081565A384018E86C6A2C4CAC015640F
:10786000EFF03FF92A896C1013050410EFF07FF850
:107870009387C18B3246630A0908724711C5C25605
:10788000B306D7406354D008034531028345410213
:10789000956694C323A2E18E2380918E094793F7C6
:1078A000B40F6394E7089307F00F6305F50005052F
:1078B0001375F50F2380A18C2685A380B18EEFF080
:1078C000FFE683A64198B64023ACD18C83A64198AD
:1078D000264423AAD18C83A64198964423A8D18C10
:1078E00083A64198064923AED18C83A6419823A450
:1078F000D18C03A7419823A6E18C23A2018C238479
:10790000018EA380018C6161828011C99566425706
:107910000345710383458103938606109DBF1304BD
:10792000041080C381450147B5B7014561B783A7FE
:1079300041981377150019C323ACF18C13772500F8
:1079400019C323AAF18C1377450019C323A8F18C1E
:107950001377850019C323AEF18C1377050119C382
:1079600023A4F18C1375050219C123A6F18C828022
:10797000411183A7419822C403A4818D03A7418D9F
:10798000338487401334541F06C626C23387E7402A
:107990009306401F1344140063F4E60013642400AC
:1079A00083A6018D05671307479CB386D740637490
:1079B000D7001364440083A6C18D05671307479C55
:1079C000B386D7406374D7001364840003A7818C07
:1079D0009306401F3387E74063F4E6001364040115
:1079E00083A6C18C1386118C9384118CB386D740E7
:1079F0001308401F834506001387818E637ED802DB
:107A00001364040223A2018C834707006384870068
:107A10002300870099E92A86A2850145A380818EEB
:107A2000EFF0DFD085472380F40013351400B24017
:107A3000224492444101828071F423000700F5D56D
:107A40001387418C144399E21CC3C5B7958F9D667B
:107A50009386F652E3FBF6FC230006002320070082
:107A6000E9B703C5018C828003C5018E828003C5FE
:107A7000118E828003C5918E8280011122CC06CEA8
:107A800026CA373400408347B4000D47636BF704C0
:107A900093978500A181DD8D936405082316B100BD
:107AA00009466C002685EF00B0058347240093E764
:107AB00027002301F400930750FA2304F400230461
:107AC00094008347C1002304F4008347D1002304BA
:107AD000F4002304A4000545F2406244D244056149
:107AE00082800145D5BF011122CCA307A10006CE9B
:107AF000373400408347B40011470145636DF702F6
:107B000005469305F1001305A00EEF00607F834743
:107B1000240093E727002301F400930750FA23047D
:107B2000F400A9572304F4008347F1002304F40070
:107B30002304A4000545F24062440561828083A6C7
:107B4000818F138701C3A307D70083C60190230742
:107B5000A700938701C32308D70003576700C166B6
:107B6000FD166305D70005072393E70003C7D70079
:107B70009306F00F6301D70405071377F70FA38669
:107B8000E7008D466319D70223860700B747002018
:107B90009387875403C7C7B0C166239107B01367A3
:107BA00007012386E7B003D767AEFD166305D7004C
:107BB00005072393E7AE8280411122C42A842E85D3
:107BC00006C6EFF0DFF723820190A3860190EF90C5
:107BD0004041C1450145EF90E01E8D451305000869
:107BE000EF900014371700408327C70CB24093E78B
:107BF00007082326F70C23AC018E23AE8190224484
:107C000041018280411122C406C62A8415E583A75A
:107C1000C1911307F0042E85B387F5406379F7000F
:107C2000B737004083C7B7008545EFF0FFF82285DE
:107C3000B2402244410182800544D5BF01114AC8A7
:107C400006CE22CC26CA4EC652C456C25AC013888B
:107C5000419083470800C9E3B737004083C6B700A7
:107C600099481387C19163E3D80483C6270085052B
:107C700093E626002381D700930650FA2384D70089
:107C80002384A7002380A1902387B190A38601902D
:107C900085472300F80010C3F2406244D2444249B1
:107CA000B249224A924A024B0561828018439306E8
:107CB000F0043307E640E3F1E6FE83C7B7008545ED
:107CC00032856244F240D2444249B249224A924A41
:107CD000024B05616FF05FEEB737004003C75700F6
:107CE000B284798B31E303C6E19013894190938A82
:107CF000E19037370040938581908346A700138831
:107D0000D1908347080093F6F60F9389D1908DEABE
:107D10006315F60A7D16814785461376F60F13879D
:107D200081901305F00FA9A88946238AD19003C733
:107D30002700136727002381E70083C5419111AA1B
:107D40008346870093F6F60F63ECC7008D46238ABF
:107D5000D1908347270093E727002301F700F1BF65
:107D600093881700AE97230018012380D70071B7BE
:107D7000B305F70083C505006383A5008146850729
:107D800093F5F70FE3E6C5FE2300090089C6114706
:107D9000238AE1905DB703C50190938581908D237F
:107DA00083C70A00138A81903E9A0347FAFF93879C
:107DB0008190630BA7221547E1BF83A7C1911307E9
:107DC000F004B387F440E379F7EC23000900194786
:107DD000C1B703C7070083C717002207D98F2397AE
:107DE000F18E7D771307071CF98F0567130747A0EE
:107DF000D98F239AF18E8D471CC023AE919069BD17
:107E000003C7070083C717002207D98F2395F18E78
:107E100093F7F7DC2398F18E9147F9BF03C707006A
:107E200083C717002207D98F2396F18E93F7C7F5E2
:107E300093E717002399F18E95477DBF03C707008D
:107E400083C7170083D6418F2207D98F6385F60039
:107E50009D452685BDB5B54745B703C7070083C710
:107E6000170083D6018F2207D98FE393F6FEB94717
:107E700061B703C7070083C7170083D6218F220786
:107E8000D98FE397F6FCBD4785BF03C7070083C7BB
:107E900017002207D98F2398F190FD17C207416779
:107EA000C18375176374F700A14565B7C147A9B7CA
:107EB00003C7070083C717002207D98F2399F190C2
:107EC000FD17C2074167C1837517E36FF7FCC5470C
:107ED00025B703C7070083C717002207D98F23914F
:107EE000F190FD17C2074167C1837517E36EF7FA7A
:107EF000C94719B703C7070003C517006207420542
:107F0000498F03C53700498F03C5270083D52190CA
:107F10002205598D0521239CA190D547F1BD03C7AA
:107F2000070003C5170042072205498F03C5270034
:107F300083D5019113866191598D9929D947E31D04
:107F400005EA2545EFF0BFBFCD471CC01387047D70
:107F5000230009002380090023AEE18E79BD03C709
:107F6000070003C5170042072205498F03C52700F4
:107F700083D52191138BA191598D1386A1919521C0
:107F8000938A047D138AC18F09ED2945EFF03FBB29
:107F90002300090023800900CD471CC023205A017B
:107FA000A9BD83D6619103D78191938701C32391A2
:107FB000D70083560B002392E70084C72390D70095
:107FC00085462396D700B74700209387875423918F
:107FD000E7B003C7C7B03D9B2386E7B075BFAD458B
:107FE0002685EFF07FBD11BD03A7818FD146138495
:107FF000818F7917E3E5E6FEB70603000A0793864B
:10800000865E369718430287411106C6938701C3DF
:1080100023A0070023A2070023A4070023A607002C
:1080200023A80700239801902399019023910190A0
:10803000239C0190239B0190239D0190C145014504
:1080400023820190EF8010588D4513050008EF80C2
:10805000304D371700408327C70CB24093E707081D
:108060002326F70C23AC018E03A7419823AEE190A1
:1080700041018280011126CA22CC03A4419883A722
:10808000818F06CE4AC84EC65947636EF72437071C
:1080900003008A071307C763BA979C439384818FB1
:1080A00082871389C191832709002D47B307F440C4
:1080B000637DF708B719004083A7890CC1450145C6
:1080C00093E7070823A4F90CEF80D04F83A7890C0E
:1080D0008545414593E7070823A4F90CEF805044F8
:1080E0008D4513050008EF80B04309651305055859
:1080F000EF80106CB73700401D472381E7006D47C4
:10810000A381E70013070004A380E7000547238746
:10811000E70085479CC02320890005A89387C1916B
:108120009843930630063307E44063F0E6020947BC
:1081300098C080C319A81305500EEFF0DF9AA285EE
:10814000EFF05FAC9947631F0516F2406244D244DA
:108150004249B2490561828003A7C19199461389BA
:10816000C1913307E440E3F2E6FE83D5418F83D724
:10817000E18E6394B7009D4771BF0145EFF0FF8F1B
:10818000A285EFF03FA865F9C9B703A7C191994649
:108190001389C1913307E440E3F9E6FA83D5018FEF
:1081A00083D7A18E6394B700A147ADB70545EFF023
:1081B000DF8CA285EFF01FA565F941BF03A7C19130
:1081C00099461389C1913307E440E3F0E6F883D57B
:1081D000218F83D7C18E6394B700A54725BF4D4536
:1081E000EFF0BF89A285EFF0FFA165F9B9BF138950
:1081F000C191832709001947B307F440E377F7F4E7
:108200001305A005EFF03F8EA285EFF0BF9FA947B1
:10821000E31205F01DBF1389C19183270900194797
:10822000B307F440E373F7F21305C00DEFF0BF8B13
:10823000A285EFF03F9DAD47E31E05EC39B793876C
:10824000C1919843A5463307E440E3F0E6F0314797
:10825000C5B52286894501456244F240D24442496F
:10826000B24905616FF09F9D228689450545EDB7AE
:10827000228689454D45CDB72286894513050007DD
:10828000E1BF2286894513052007F9B72286894573
:1082900013053007D1B71305A005EFF0DF84A285E1
:1082A000EFF05F96E30305EACD479CC023AE818ED5
:1082B00023AE819059BD83A7C18FB307F440E3C6B5
:1082C00007E8D1479CC0EDB7228691451305C0024F
:1082D00061B722868D4513054002BDBF22868D45BC
:1082E0001305600295BF22856244F240D2444249A0
:1082F000B249AD4505616FF03F8C138501C38280A3
:10830000130555FA9377F50F0DC20145014791E921
:108310008280B386E50003C506000507AA9793F798
:10832000F70F9376F70FE3E6C6FE93C7F7FF13F553
:10833000F70FF9BF9387F5FFC2074167C183930623
:10834000D7FF63E5F6049357F5413D8D1D8DB38747
:10835000A50233B5A502A945B386F5023385A5026A
:10836000B3B5F502B7070080B697B3B7D700CD46CF
:108370002E95AA9763E7F60081471395070141817F
:1083800082801305F7FFE3EAE7FE82800145F5BF2F
:1083900081460DC21387F5FF4207C1674183F51778
:1083A000814663E9E7009317850063D70700231030
:1083B0000600854636858280B387A5023707800090
:1083C0008146B3B5A5023E97B337F700AE97930544
:1083D000F00FE3E1F5FEA20761835D8F2310E60055
:1083E000C9BF3DC69386F5FFC2064167C1827517B6
:1083F00081476369D7009317850063D7070023106F
:10840000060085473E858280B387A50233B7A50263
:10841000370540013E95B335F500F547BA9563E958
:10842000B7026396F500B707804E6373F5024111FA
:1084300022C4814632843706800206C6EF70F206F7
:108440002310A400B240224485473E85410182802A
:1084500081474DBF03C751C483C741930145058B75
:1084600093F7F70F11C703C50193C98F13B5170011
:108470008280B74500401D45938641C49387419350
:1084800083C7070093F7F70F99CF1387819313865C
:108490006193835707000356060063F6C70083C73E
:1084A000B5C06373F500828083570700C207C1839C
:1084B00013861700B697420683C727104182231000
:1084C000C7002384F5C05DBF41118945014506C63B
:1084D000EF805042238A0192239B0192B240239C59
:1084E0000192238D01924101828083C7419393F7CA
:1084F000F70F89E7894501456F80D03F411106C6D6
:1085000022C4EFF01FF783D7819303D7619363E809
:10851000E702B747004083C7B7C093F7F70F85E37B
:1085200003C4A1931374F40FEFF01FFA09E89387C3
:1085300041C403C7170013671700A380E700B240C8
:1085400022444101828059C51387F5FF42074183C8
:108550009306F00F814763E0E60801114AC81387CC
:10856000419306CE22CC26CA4EC603470700138984
:10857000419381471377F70F31E7AE84AA851385BE
:1085800041C413052510B289138441C46385A50035
:108590002686EF705266239B9192239C0192238D35
:1085A00031938347140005472300E900F99BA3009A
:1085B000F4002384E192EFF0DFEB89450545EF807D
:1085C00070338547F2406244D2444249B2493E8505
:1085D0000561828081473E858280B737002093877E
:1085E000875405673E970347C7B04111B74600203F
:1085F00006C622C426C24AC0118B938686541DE744
:1086000003C64702130710056362C70283D76702D8
:1086100013D6870013978700FD17518FC207416655
:108620004207C18375164183637AF60083C7C6B0DB
:1086300093E747002386F6B0014499A8AA841385DE
:1086400041C48357050013F9F40F2E8493F70710E4
:108650002310F50023910192930700632311F51075
:108660002312E51023032511014695451305251016
:10867000EFF07FED71D105C49384A4F6854763F9CB
:10868000970003A64198CA851385C192EF00407AEE
:108690002285B2402244924402494101828005442D
:1086A000C5BF83C7419393F7F70FC5E7138741C44D
:1086B00003471700938741C493761700BDE283A553
:1086C000419293864192D1C503A641980D8E634293
:1086D00006081377E70F09466319C70237470020DA
:1086E000130787540346C7B0136646002306C7B076
:1086F00003D7070023A00600137707E013670710CE
:108700002390E7002391019282801146E312C7FE75
:1087100037470020130787540346C7B01366260067
:10872000F1B79387C19283C7470085C783A5419856
:1087300001111306F1001385C19206CEEF002071DE
:1087400011C50345F1008145EFF03FE9F2400561B5
:1087500082808280797122D4938741C483C61700B6
:1087600006D626D24AD04ECE52CC93F71600C5E399
:10877000138441C40347040059CB9387219203D645
:108780000700420741836312E6089304240037057B
:10879000030093E6160023900700A685130585695C
:1087A00023A20192A300D400EF60B0039305F1006F
:1087B0001305D030EFE051400347F1009147631BB0
:1087C000F700EFD06FEA19C503460400A6850545FA
:1087D000EF40904083471400094793F7E70F6393F6
:1087E000E70803470400631EF7041C404177F98F34
:1087F0006397E702B74700209387875403C7C7B042
:10880000136747002386E7B019A02390E700B25012
:10881000225492540259F249624A45618280B73724
:108820000020138787548347240083463400A2071F
:10883000D58F2313F7028567BA9703C7C7B06D9B1F
:10884000D1B78D47E318F7FA1840C177F98F37078A
:108850008899E39EE7FA034744009307A00AE318C8
:10886000F7FA49BF1147E394E7FA034704008D473D
:108870006318F7021840C177F98F37078899E39892
:10888000E7F8034744009307A00AE312F7F8B74755
:1088900000209387875403C7C7B0136727009DB78D
:1088A0009306600EE315D7FE03C901922547E360E6
:1088B00027FF130510103305A902B7340020938950
:1088C0008454130700031306500E93053400338AB3
:1088D000A9001305C5022305EA02A305FA024E9575
:1088E000EF70723103C789028547A304FA029387A8
:1088F0008454636AE90005091379F90F2947636E07
:108900002701238427030567BA9703C7C7B0759B60
:108910002386E7B0EFE0DF8ADDBD2384E702E5B719
:10892000130700102392E1C423910192238A01923C
:10893000239B0192239C0192238D0192411123A23A
:1089400001921385C19206C623840192E129930501
:1089500000080545EF800047371700408327870C44
:10896000B70620008545D58F2324F70C3705100066
:10897000EF80003B8D4537052000EF80603AEF80A7
:10898000207495450545EF80E076B240B7E700E0FA
:10899000114723A2E71041018280B7370020938757
:1089A0008754985321EF05673E970347C7B0118B53
:1089B00031E783C64702130710056361D70483D7E5
:1089C000670241677517FD17C207C1836368F70225
:1089D000411122C406C62A84EFF0DFA719C9138506
:1089E000C192492922852244B240854541016FF058
:1089F000DFBEB240224401454101828001458280B0
:108A0000411122C43734002013048454185006C680
:108A100015EF8567A29703C7C7B08147118B05E3A0
:108A20008346440213071005636BD7008357640223
:108A300041677917FD17C207C183B3B7E70093F702
:108A4000F70FB24022443E8541018280854681472E
:108A5000E319D7FE452E1375F50F25478147E360CF
:108A6000A7FE930710103305F5022A94834794025A
:108A7000B337F000E9B7411106C622C4EFF09F9D5D
:108A800021CD1385C192FD26B747002093878754D7
:108A900003C7C7B0138441C46D9B2386E7B02391FD
:108AA00001928357040005468D4593F7071093E71D
:108AB00007202310F4009D67938707032311F41008
:108AC00013052410930700FA2302F410EFF0BFA758
:108AD00001E98547A300F400B240224441018280AD
:108AE00083A7419819671307871ABA9723A2F192AF
:108AF0000545DDB7A54763F9A7000145828001451B
:108B0000B240224441018280411122C406C62A8417
:108B1000EFF05F946DD51385C192A92EB747002061
:108B20009387875403C7C7B005468D45759B238639
:108B3000E7B023808192138441C42391019283572B
:108B400004001305241093F7071093E70740231040
:108B5000F4008967938707032311F4109307000536
:108B60002302F410EFF03F9E09E58547A300F400CF
:108B700041BF83A7419819671307871ABA9723A2A1
:108B8000F1920545B5BFA54763FBA700014582806B
:108B90000145B24022449244024941018280411180
:108BA00022C4130410103304850226C2B7340020F7
:108BB000938484544AC006C633898400834799024B
:108BC000E1DBEFF03F8969D51385C19265248347C6
:108BD0009902DDDF938741C403D707001305A40280
:108BE0000146137707102390E7009305700E269532
:108BF00023910192EFF03F953335A00059BF411109
:108C000022C406C62A84EFF0BFDF05C5B7370020AF
:108C100083A78756228591E72244B24041016FF035
:108C2000DFD7CD222244B2401375F50F41016FF01A
:108C30009FF5B240224441018280138741C403471B
:108C40001700411122C426C29376E70F06C6137798
:108C5000A70F0946138441C4630EC7009147638B75
:108C6000F6001385C1923924B2402244924405454E
:108C700041018280EFF05F851385C192E52A930759
:108C800000102310F4002391019223A20192B74710
:108C900000209387875403C7C7B0659B2386E7B03E
:108CA000E1B7A54763FAA700014582800145B240BC
:108CB0002244924441018280411122C406C626C248
:108CC0002A84EFF02FF97DD11385C1926522130517
:108CD00010103305A4023734002093048454130683
:108CE00010108145130595022695EFA08FE3130719
:108CF000845423840402014681468147130484542A
:108D0000A94503459702850793F7F70F19C1BE865A
:108D1000054613071710E396B7FE19C22304D402C1
:108D2000EFE00FCA054561B7411106C6EFF08FF2BB
:108D30000DC51385C1923D2A0566373500201306FF
:108D4000A6A0814513051557EFA0AFDDB73700206A
:108D500023880756EFE0CFC60545B2404101828027
:108D6000B737002093878754014701450546A94638
:108D700083C5970291C5B315E6004D8D420541812B
:108D8000050793871710E315D7FE8280411106C6A9
:108D9000EFF04FEC09C51385C192E9280545B240B3
:108DA00041018280011126CA06CE22CCAA842EC699
:108DB000EFF04FEA0DC91385C1926D28138441C4A9
:108DC00083570400B245054693F7071093E7076001
:108DD0002310F400268523910192EFF0CFF609E9E4
:108DE0008547A300F400F2406244D24405618280CA
:108DF00083A741980567130787BBBA9723A2F1920F
:108E00000545D5B7130505F89307500263EAA70097
:108E1000B70703009387476AAA97038507008280F4
:108E20007D55828009C5214681456FA08FCF828004
:108E300009CD91C98347450089EB1306460B2302F0
:108E4000B50010C185452E8582808145EDBF8147E3
:108E500011CD09CE8347450091CB1841998D63C947
:108E600005002300F6002302050085473E85828029
:108E70008147EDBF09C5230205002320050082803C
:108E8000B72700209386C72401479387C72411483A
:108E900083A80600639BA804D146B306D702BE96FA
:108EA00003C846006315B80094466384C604D146DF
:108EB0003307D702BA9703A741982382B70090C718
:108EC00023880700D8C789E9B717004003A7C70C54
:108ED000598D23A6A70C828009EEB717004003A77F
:108EE000870C598D23A4A70C82800507D106E311B6
:108EF00007FB82802E86AA85130500046FF05FF8B9
:108F00002E86AA8505456FF0BFF72E86AA85416596
:108F10006FF01FF72E86AA8521656FF07FF683A676
:108F20004198B72700209387C72413850705371674
:108F3000004003C7470019CF8C4789CDD8473387F6
:108F4000E6406369B700D4C70327860C8C432D8F96
:108F50002324E60CD107E39EA7FC8280B7470020BC
:108F60009387875483C7C7B00145858BA9EF41110B
:108F700022C43744002026C24AC006C613048454C3
:108F800093044006371900408327490C1397370193
:108F90006353070289E88347C4B0014593E717008C
:108FA0002306F4B019A813054006FD149770FF1F9F
:108FB000E780007ED1BF0545F9DCB24022449244EF
:108FC0000249410182808280411122C4371400404D
:108FD0008327840A06C68D4593E727002324F40AD5
:108FE0002D45EF70B049EF70905FB74700402147C3
:108FF000A381E74085450565EF7090528D45372583
:109000000200EF70F0518327840C37070200B24052
:10901000D98F2324F40C8327840C0967D98F232448
:10902000F40C224441018280411122C437140040D3
:109030000327C40C26C2B704020006C6458F2326A8
:10904000E40C51459770FF1FE78060758327840CFF
:10905000B240C58F2324F40C2244924441016FF0A6
:10906000FFEFB74700209387875483C7C7B0858B2E
:1090700095EF411122C4371400408327C40A06C665
:109080001305000C93E787002326F40AEF7090572E
:109090000145EF7030578327840AB24093E7870079
:1090A0002324F40A224441016FF05FEB828011C255
:1090B000D1C1011122CC26CA4EC606CE4AC8B284FE
:1090C000AE892A84EFF09FE939CD37170040832716
:1090D000C70A1375F40F014993E787002326F70A9F
:1090E000EF70505293170901C18363E69702371757
:1090F00000408327870A93E787002324F70A930712
:1091000040086302F4026244F240D2444249B24948
:1091100005616FF0BFE4B387290103C507000509A6
:10912000EF70504EC1B7F2406244D2444249B24956
:10913000056182808280411122C426C24AC006C6CF
:109140002A892E84B28419C6ADCD9305F00F2285ED
:10915000EFA02F9DEFF09FE02DC53717004083272C
:10916000C70A1375F90F014993E787002326F70A09
:10917000EF7050490145EF70F04893170901C18322
:1091800063E99702371700408327870A93E7870030
:109190002324F70AEFF09FDC0DE585C422852244E5
:1091A000B2400249268692449305F00F41016FA018
:1091B0004F97EF707047B30724012380A70005097C
:1091C0006DBFB2402244924402494101828011C2E3
:1091D000D1C1411122C426C24AC006C632842E899A
:1091E000AA84EFF0BFD72DC1371700408327C70AE5
:1091F000354593E787002326F70AEF70B04013D573
:109200008400EF70304013F5F40FEF70B03F8144ED
:1092100093970401C18363E18702371700408327D6
:10922000870A2244B2409244024993E787002324EC
:10923000F70A41016FF09FD2B307990003C50700F9
:109240008504EF70303CE9B7B240224492440249B1
:109250004101828082800111A307B1000546930578
:10926000F10006CEEFF0BFF6F240056182804111B9
:1092700022C426C24AC006C62A892E84B28419C6D0
:10928000C1C59305F00F2285EFA0AF89EFF01FCD88
:1092900025CD371700408327C70A754593E7870018
:1092A0002326F70AEF70103613558900EF709035BA
:1092B0001375F90FEF7010350145EF70B0340149A7
:1092C00093170901C18363E9970237170040832789
:1092D000870A93E787002324F70AEFF03FC80DE5DC
:1092E00085C422852244B2400249268692449305D1
:1092F000F00F41016FA0EF82EF701033B30724012C
:109300002380A70005096DBFB24022449244024960
:109310004101828001119305F100054606CEEFF070
:109320001FF5F2400345F1000561828011C2BDCDF9
:10933000411122C426C24AC006C632842E89AA849C
:10934000EFF0DFC131CD371700408327C70A394519
:10935000420493E787002326F70AEF70B02A268598
:10936000EF70502A8144418093970401C18363E1E7
:109370008702371700408327870A2244B24092446D
:10938000024993E787002324F70A41016FF01FBDCC
:10939000B307990003C507008504EF70B026E9B74D
:1093A000B2402244924402494101828082800111EC
:1093B00022CC26CA4AC806CE4EC62A892E84B2843A
:1093C00019C6C1C59305F00F2285EF909FF5EFF008
:1093D000FFB825CD371700408327C70A79459399F1
:1093E000040193E787002326F70AEF70B0214A852E
:1093F000EF7050210145EF70F020014993D9090128
:1094000093170901C18363EA3703371700408327A5
:10941000870A93E787002324F70AEFF03FB415E5A6
:109420008DC422856244F2404249B2492686D24424
:109430009305F00F05616F90DFEEEF70F01EB3073C
:1094400024012380A700050965BFF2406244D2448D
:109450004249B2490561828001112AC66C00054665
:109460001305000806CEEFF09FC4F240056182802C
:10947000011122CC4AC82A842E8909466C004D4528
:1094800026CA06CEEFF03FCB83A4C1938547639BEA
:10949000F40213054070EFF0FFE71D811375F50F1F
:1094A0006312950213052070EFF0DFE62300A4009D
:1094B0008347D100F24062442300F900D24442497C
:1094C000056182808347C1002300F400D5B72E8652
:1094D000AA8501456FF09FE5797122D42E8426D2AA
:1094E0009305F101AA84228532C606D6A30F010096
:1094F000EFF01FF883470400324605456369F60024
:109500000345F1013E86A685EFF07FEA0145B250A2
:10951000225492544561828001119357050123061C
:10952000F1002307A100935785006C000D46130539
:10953000300806CEA306F100EFF07FB7F2400561D8
:109540008280011106CE32C6EFF07FF83246F2403B
:10955000328505616FF05FFC011193570501230609
:10956000F1002307A100935785006C000D461305F9
:10957000200806CEA306F100EFF07FB3F2400561AC
:1095800082800111A307A1009305F1000546130590
:10959000F00906CEEFF0BFB1F24005618280011103
:1095A000A307A1009305F10005461305000A06CEA6
:1095B000EFF0FFAFF2400561828001112AC66C0016
:1095C00005461305600906CEEFF07FAEF240056157
:1095D00082800111B7F7A43506CE9387079063F018
:1095E000A702FD779387179E2316F1006C000946AA
:1095F00013058009EFF0BFABF24005618280B70729
:10960000AA329387078863F6A700F9779387778D47
:10961000E1BFB747E52D9387074863F6A700F177C9
:109620009387175CD1B7B7176B1B938707B063F6A7
:10963000A700E1779387571745BFB7075519938759
:1096400007C463F6A7009D679387B7F671BFB76736
:10965000840C9387F787E3FBA7F8916793877713C9
:1096600061B701112306A100A306B1002307C100C1
:109670006C0011461305500906CEA307D100EFF088
:109680001FA3F2400561828003A7018693870186AC
:109690000111DC433AC40D89A304A1002C0021462A
:1096A000214506CE3EC6EFF09FA0F24005618280C4
:1096B00001116C004945094606CEEFF0DFA783474C
:1096C000C1000345D100F240A2075D8D0561828093
:1096D0000111A307A1009305F10005461305D00968
:1096E00006CEEFF0DF9CF24005618280011106CECC
:1096F00022CC2A84EFF0FFED2285EFD05FA89357AC
:1097000085012306F10093570501A306F100931785
:1097100085004205418121815D8D2317A1006C00E8
:10972000114613056008EFF09F98F240624405610E
:10973000828001112AC623AEA1926C000546130552
:10974000A00806CEEFF0BF96F240056182800111BD
:1097500026CA06CE22CCB547AE8463DDA704D9471E
:109760002A8463CDA70441476357A7044D478D451D
:109770006354A70495450D456314F4009D451145B8
:1097800085460146EFF0FFED05659305800313055F
:10979000758EEFF05FAC6C0009461305E0082306F8
:1097A0008100A3069100EFF09F90F2406244D24402
:1097B00005618280394489450945D9B759447DBF3F
:1097C0005C41011106CE2306F1001C456C001146D8
:1097D000A306F1005C452307F1008347050113054B
:1097E000B008A307F100EFF09F8CF2400561828082
:1097F00083574500011106CE13978700A183D98FA7
:109800002314F1001C452C0019462305F100834761
:10981000C500A305F1001C492306F1005C491305AE
:10982000C008A306F100EFF09F88F2400561828036
:1098300001112306A100A306B10009466C0013051F
:10984000F00806CEEFF0BF86F2400561828001117C
:109850009305F1001305000C054606CEA307010091
:10986000EFF07F8DF2400345F10005618280011128
:1098700022CC0D462A846C00514506CEEFF0BF8BFA
:109880008347C100B307F04085872306F400834770
:10989000D100139787016187634007028983A3067C
:1098A000F4008347E100F240B307F04085872307C7
:1098B000F400624405618280938707F08987C5B709
:1098C00093178500218101115D8D2316A1006C0085
:1098D0000946094506CEEFF08FFDF2400561828012
:1098E000397126DAB74400209384845483C7C4B006
:1098F00006DE36C6F99B2386F4B022DC4AD84ED663
:1099000052D4AA892E8A56D2B28AEFF0EFEBEFF04A
:10991000AFF1EFF00FF50145EFF01FB40545EFF0A3
:10992000DFC9854705469305F1011305F029A30F0B
:10993000F100EFF0DF89A14705469305F10113051A
:10994000002AA30FF100EFF09F8805469307C0FAA5
:109950009305F1011305102AA30FF100EFF03F87E3
:1099600081450145EFF0DFEC91450145EFF03FDE29
:109970000545EFF0FFD50145EFF01FAE0145EFF0D3
:109980005FC00145EFF0BFC1B246138481E41947BF
:1099900085472312E40001457D575CD41CDC1CC8BC
:1099A00054D82306E40023285403230E040223245E
:1099B0000400232A0400EFF03FAA0545EFF07FD70B
:1099C0001305C402EFF0DFDF138581E4EFF05FE2FF
:1099D00013158A0191456185EFF07FD74E85EFF031
:1099E000FFD0EFF0DFE67D151375F50F9307D00F6D
:1099F00063F2A70283C7C4B0054593E71700238627
:109A0000F4B0F2506254D2544259B259225A925A86
:109A1000216182800145F5B7B747002093878754BD
:109A200083C7C7B0858BA9E321C19DCD411126C253
:109A3000AA8441657D1506C622C42E84EFF05FE836
:109A40000545EFF07FC4938781E4138581E4238685
:109A50008700EFF0FFD9A2852244B24026859244C8
:109A6000014641016FF0FFAD828003850194828041
:109A70000111B737002022CC938787540564A29741
:109A800083C7C7B006CE2316010023070100858BCC
:109A90008DE741657D15EFF0BFE20945EFF0DFBED0
:109AA000930760F91305C48A05466C002306F1008C
:109AB000EFF0EFF10145EFF03FAAF240624405619B
:109AC0008280C9C5797126D206D622D44AD0B7443D
:109AD0000020238005009384845483C7C4B0858B01
:109AE000A1EB39C52E842A89EFF09FBCC167FD1711
:109AF0006300F50493772500A1CB13060008A28527
:109B00004A85EFF07F9D83C7C4B0858B5D8D13754B
:109B1000F50F11C523000400EFF09FF511A86800B0
:109B2000EFF0FFD483C7C4B0858B89CB230004003A
:109B3000B250225492540259456182808347810178
:109B4000D1072380F194C9BF65D5F9B7828001C5DB
:109B50000CC123020500828001C908413385A5405C
:109B60001345F5FF7D8182800145828015CD034735
:109B7000450001451DCB9307F7FF05656D1793F76A
:109B8000F70F1377F70F1305853881EBBD679387C0
:109B900007A663FCA7003E858280E389E7FEFD17E8
:109BA000060593F7F70FD5B7014582800DC941111E
:109BB00006C622C426C2834745001307F00F6385FB
:109BC000E70085072302F500AE842A84EFF01FFA30
:109BD000269508C0B240224492444101828082808E
:109BE00001C50CC1230205008280138701EC834666
:109BF00067070547938701EC639AE6001547238BB7
:109C0000E70603A74198B457158FB8DB0547238AA9
:109C1000E7048280938701ECA38207022393070263
:109C200023930704A38607042397070423880704C4
:109C3000A38B0704238C070423A007048280938747
:109C400001EC83D6070403D727046392E602930648
:109C5000F5FFC206C1821306F00B01476367D60009
:109C6000239107042390A70405473A858280014782
:109C7000EDBF938701EC373600401D459386C12325
:109C800003D7270483D507046374B7028345B6401E
:109C90006373B5008280930517003697034707006A
:109CA0002391B7042304E640984F050798CFC9BF16
:109CB00023A007048280938701EC05472393E704E0
:109CC00003A741982382A702BA95CCD782809387B5
:109CD00001EC05472383E70403A741983A95C8D7C9
:109CE000828008418280411122C426C206C637E420
:109CF00000E0B7040008232094180F1000009D45D1
:109D00000145EF704035EF70A037232094289387EA
:109D100001EC2389070423850702A388070423A0F5
:109D200007042392070423820194A3820194371726
:109D300000408327870A2244B240924493E70720D9
:109D40002324F70A81451305003041016F60107329
:109D5000411106C6EFF07FE9EFF0FFF8EFF09FEB5F
:109D6000371700408327C70CB70640008D45D58FB5
:109D70002326F70C37054000EF60907A138701EC3B
:109D800003578700C166FD16938701EC6305D70072
:109D900005072394E70003A741981307E715D8D7D1
:109DA00005472382E702B24041018280938701EC9C
:109DB000B05703A74198238BA706118FB8DB03C7C1
:109DC000370535462382E7026314C7006FF0BFF101
:109DD00003A7419898DB8280011122CC06CE13079D
:109DE00055FF8947138401EC63F6E7001377B5FF4D
:109DF000631AF70A834794050947636AF7008507E2
:109E000093F7F70FA30CF4040D476396E7002AC6F7
:109E1000EFF07FED3245A30304022304A402894737
:109E2000631BF5008357240141677D176385E700B5
:109E300085072319F400834794021307F00F638505
:109E4000E7008507A304F402834794021947FD172E
:109E500093F7F70F636CF70437070300130747778F
:109E60008A07BA979843B79704009386F73D93877C
:109E7000073E63E9E60083D721949306803EB3F75B
:109E8000D702BA9703A7419823030404F240BA9774
:109E90001CD885472304F404B5472302F402624426
:109EA000056182808D47A30CF40495B7B797040031
:109EB0009387073EC1BF938701ECA38E07042383DA
:109EC00007046FF07FF1011122CC4EC652C406CEBA
:109ED00026CA4AC82A8AAE89EF20F04503446500A5
:109EE0009D4763F8870693044502B71503002A8946
:109EF0001D469385C5A02685EF60824D814729E1E7
:109F00009305F0021305B9024204EF60C25E41807E
:109F1000228711C5B3049540139704014183231090
:109F2000EA00AA8709E5B7170300938787A023A053
:109F3000F9008547636487009337150093F7F70F9F
:109F4000F2406244D2444249B249224A3E85056108
:109F500082808147F5B7411122C4138401EC834705
:109F6000240506C6B5E32382019437170040A308F1
:109F70000404A38201948327870A231204048545DD
:109F800093E707202324F70A13050010EF60104F12
:109F90008D4513050020EF60704EEF7080089945E5
:109FA0000145EF70400B85450545EF70C00AB7E7E6
:109FB00000E03707000823A0E72885462309D404DA
:109FC0002305D40223A0E710B2402244410182803D
:109FD000938701EC03C7C70411C703C6B7048545BF
:109FE0006F502002014681456F407051138701EC8C
:109FF0000357A700C166FD16938701EC6305D700E0
:10A0000005072395E70003C7B70515CB03C7F70579
:10A01000239D07042383070415CB411106C6014580
:10A02000A38F0704EF60106729459760FF1FE78043
:10A030000077B24041011763FF1F6700836203A7E7
:10A0400041982386070423830704D8C32947238222
:10A05000E70282806D712324811023229110232036
:10A060002111CEDF23261110AA8911441389C1F3CF
:10A070009384C1F39305C0024A85EF60C24719ED8E
:10A0800001458320C110032481108324411003293A
:10A090000110FE59516182803A89E9BF7D14137421
:10A0A000F40F130715006DF8A5462946637AA90039
:10A0B00083470900938707FD93F7F70F63FEF606C2
:10A0C0009307F4FFC207C1839306F00EE3EAF6FAA2
:10A0D000B3853401998DC205C18193171400E391B2
:10A0E000F5FA9306000F0A863A85EF20C05C420518
:10A0F0004181E317A4F8938401EC83D7240603D7A6
:10A100000406B3868700E34DD7F6E85022868A8599
:10A110003E95EF20703A2DF583D7240605453E94F1
:10A12000420483D70406418023918406E39B87F48D
:10A13000A147A38EF404B1B73304C40205093E94C9
:10A1400042044180A5B7411122C426C22A84AE84AC
:10A15000B71503009385C5801385C1F306C6EF606C
:10A16000423C31CD93072500014693050002A548E6
:10A170002943416E1308C002038707006308B70232
:10A180000145014783C60700938606FD93F6F60F47
:10A1900063F0D80219C59376F60F6314D4022390A6
:10A1A000E400B24022449244410182808507E9B72D
:10A1B00033076702850705453697E365C7FD014507
:10A1C000CDB7038707008507E30DB7FE0506E30556
:10A1D00007FBF5B71306F00B1387C1238386050031
:10A1E00099E20545828083570500636BF60013886A
:10A1F000170023100501BA9785052380D700F9BF02
:10A200000145828041115400368681472947A5487F
:10A2100033F8E502850793F7F70F130808032300C7
:10A22000060133D8E50263F6B8000506C285E3915E
:10A23000E7FEB6979308F00B1386C123035705007A
:10A240008385F7FF63EFE80013081700231005016B
:10A2500032972300B700FD17E392F6FE0545410152
:10A2600082800145EDBF01114AC82E89B715030050
:10A2700026CA938545A1AA841305E10022CC06CE07
:10A28000328423170100EFF0FFF401E90145F240A9
:10A290006244D244424905618280A6851305E100EB
:10A2A000EFF05FF365D5B71503009385C5801305FF
:10A2B000E100EFF03FF279D983C5E1F11305E10048
:10A2C000EFF05FF461D5B70403009385847F130535
:10A2D000E100EFF03FF05DD9CA851305E100EFF032
:10A2E0007FF24DD59307F00F6317F402B715030003
:10A2F0009385C58A1305E100EFF0DFED41D90355E1
:10A30000E100EFF0DF9359D10565130585BBEFF050
:10A310001F9C0545ADBF9385847F1305E100EFF0D9
:10A320007FEB2DD5A2851305E100EFF0BFED5DFDBC
:10A33000B1BF411106C622C401461307000CB30782
:10A34000C5008387070013140601418085E7930742
:10A35000F4FFC207C1831307E00B6360F702AA850D
:10A360001385C123EF60220922852244B2404101B6
:10A370006FF0FF8C0506E314E6FCB2402244014571
:10A3800041018280411122C426C206C62A84AE84BD
:10A39000EFB0CF89930545072285EFF0BFE319E5BC
:10A3A0000145B24022449244410182800357040097
:10A3B0009307F00BE3E6E7FE930717002310F40082
:10A3C0009387C123BA97938581E81307F00222850A
:10A3D0002380E700EFF01FE061D5A6852285EFF02E
:10A3E0007FDF3335A00075BF01114AC856C206CEC3
:10A3F000AE8A22CC26CA4EC652C42A89EFB00F8339
:10A40000930545078147930600023307F5000307CC
:10A41000470713940701418059E38147A1463387D9
:10A42000FA00030707009399070193D9090135EF53
:10A43000130A0401B387490103474900C207C183D6
:10A4400081446313F7040329090022864A85EF50EB
:10A450003278AA8425E1B3078900038707009307B0
:10A46000F0026313F702130514003D46938581E85B
:10A470004A95EF50F27509E94E86D68533054901B4
:10A48000EF50127593341500F240624413F5F40F47
:10A490004249D244B249224A924A056182808507E4
:10A4A000E395D7F6130400028DBF8507E399D7F62D
:10A4B000A149BDBF8144C9BF397106DE22DC26DA5D
:10A4C0004AD8AA842EC6EF2000678347D5000346EA
:10A4D000C50083480501A207D18F0346E500034864
:10A4E0004501834605024206D18F0346F500034726
:10A4F00095010343D50162065D8E8347150122074E
:10A500002203A207B3E7170183482501034E550034
:10A51000B245C208B3E7F80083483501138481E9E6
:10A52000E208B3E8F80083475501A207B3E7070143
:10A53000034865014208B367F800034875016208E3
:10A540003368F80083471502A207D58F834625029A
:10A55000C206D58F83463502E206DD8E834785012C
:10A560005D8F8347A501C2075D8F8347B501E20771
:10A57000D98F0347C5013363E3000347E501420771
:10A58000336367000347F501370508001305751CA1
:10A5900008C06145A30CC101231294002313A40039
:10A5A000230CB100230DC10093558600A30DB1000B
:10A5B000935506016182A30EC10013D68800A30F34
:10A5C000C10013D608012300C10213568800A3015D
:10A5D000C102135608012302C10213D686002303C9
:10A5E000D102A303C102620713D60601E1823367D9
:10A5F0006700A304D10293D687003183230EB100F4
:10A60000230F11012301010393D8880113588801F6
:10A610002304C1022305F102A305D1022C0893D61D
:10A6200007016146E18313058400A306F1022317A5
:10A63000E102A3001103A30201032306D102EF509C
:10A64000925B138581E993050002EFB08FA1938798
:10A6500001EC13072002238EE7040547238DE7044E
:10A660002310A402F2506254D254425921618280D4
:10A67000011122CC1306C0078145138501EC06CEDB
:10A68000EF803FCA2800EF60A05C1167938681E8E5
:10A69000130737152390E600130730042381E600E3
:10A6A000138681E88146138781E8254599483C0057
:10A6B000B69783C7070093D5470013887503636473
:10A6C000B50013880503BD8BA301060193857703AD
:10A6D0006364F500938507032302B6008506090627
:10A6E000E39716FD99452800A3070700EFB06F9781
:10A6F0008567938787383375F502138401EC230B44
:10A7000004062391A194B7870080938717181CD063
:10A7100023820194A3820194EFA09FD219E5230222
:10A720000402F240624405618280371700408327AB
:10A73000870CB70640008145D58F2324F70C3705D9
:10A740004000EF60E05DEFF00FDAEFF06FE0D1BFB7
:10A75000411122C4138401EC06C6EFF00FC9230592
:10A7600004042306040423040404EFA07FCD05E1C0
:10A77000EFF04FCAEFF02FD7814537054000EF606B
:10A78000205AB24023020402224441018280224422
:10A79000B24041016FF0CFDB411106C6EFA05FCAA6
:10A7A00009C5B24041016FF0AFDAB2404101828089
:10A7B00005472384E1F08280411106C6EFA05FC8FF
:10A7C000814709C583C771EEB337F000B2403E85BB
:10A7D00041018280938701EC03C7270503C6470226
:10A7E000938601EC2385E70203C76704A385E7028C
:10A7F00035478147631CE60003A74198905A118FA3
:10A800006356070083A74198B307F640DCCE138553
:10A8100001EC8280138581E8828019E905458280F8
:10A820000545F2406244D2444249B2490561828002
:10A830009387E5FF93F7F70F1307E003E360F7FE55
:10A84000011126CA4AC806CE22CC4EC6AE842A8939
:10A85000EFA01FBF19E11545E9B7EF20C02D8347D1
:10A86000550099C30D4575BF938701EC03C7670772
:10A870008547138401ECE307F7FE83570404FDF3D7
:10A88000834744029D461387D7FF1377F70F63F87A
:10A89000E60E31476385E70E3547E395E7FC8347CE
:10A8A0002405E1CF834709001307100493F7F70D40
:10A8B000E398E7F6834719001307400593F7F70D70
:10A8C000E390E7F601479306E005B307E90083C785
:10A8D0000700811793F7F70FE3E4F6F40507937782
:10A8E000F70FE3E497FE834744021547638DE708BB
:10A8F00031476393E700A947A309F40483C7419450
:10A9000093F7F70F9389C1232686CA851385C12340
:10A91000A382F1942322040423180404EF50B22DDF
:10A92000B3879900354789042380E70026852947A6
:10A93000A380E700EFF0AFB015D583A74198A30A35
:10A940009404230B04043CD41C4C2316F4065C48EA
:10A950002317F406835744078507C207C18395C7A9
:10A96000231AF406854723280406231BF406230C28
:10A970000406230A040401456DB5EFF0CFDD8347DB
:10A9800024058DF3C9BD914785BF8547D1BF83C7D6
:10A9900061F30545639BA7004111154506C6EFF01D
:10A9A000EFC0B2400145410182808280938701EC73
:10A9B00003C767078547138501EC6317F70083A773
:10A9C00041983855998F3CD91305050782809387A4
:10A9D00001EC884F83D7C7061D8D420541818280D7
:10A9E000938701ECC84B83D7E7061D8D4205418153
:10A9F0008280411126C2938701EC06C622C403C49B
:10AA00008707938401EC63F385002E841374F40F9D
:10AA100019C511C422869385C123EF50D21D03C7E7
:10AA2000640785476304F700238AF4042285B24053
:10AA300022449244410182802D7123263111232E1C
:10AA40001110232C8110DEDFE2DDEAD9232A9110D8
:10AA50002328211123244111232251112320611184
:10AA6000E6DBEED703A44198EFA05F9C2A8C130588
:10AA70000002EFC0DFEBEFA0BF9C138D01EC0DEDEA
:10AA800083474D0299C3EFF0BFCC8320C11103244B
:10AA9000811183244111032901118329C110032A43
:10AAA0008110832A4110032B0110FE5B6E5CDE5C7B
:10AAB0004E5DBE5D1561828003472D0539C3EFF001
:10AAC0004F9B9387C1133EC6B70703009387076F59
:10AAD000930C100C938AC1F33EC8938B01EC9386C0
:10AAE000519403C6060003C741941377F70F630818
:10AAF000C700FD1CC20C93DC0C0163970C06EFF041
:10AB00004F9783466D070547E39FE64603478D074A
:10AB10001DEF03476D0563ECE60283560D0485EADD
:10AB200005071306C02B3307C70283268D06B3061D
:10AB3000D4403387E640634C070003455D05EFF0E2
:10AB40000F9011C503476D050507230BED047D77B5
:10AB500083278D06130787C73A941D8CE34704F2B9
:10AB60001145EFF0AFA415B703C70600B2473E97F3
:10AB70000347070003C60600620705061376F60FB3
:10AB80002380C60061871306E00383460D05631921
:10AB9000C70683454D022D466384C5006F1040599A
:10ABA000ADE20347BD0523120D04A3080D0405C340
:10ABB0008345CD059306000C1386C123138581E9D7
:10ABC000EF10902A19ED1945EFF00FA109BF880089
:10ABD000EFF00FC0AA859306000C1386C1238800EE
:10ABE000C5B7EFF0CF8565D105472308ED0403A76E
:10ABF000419889669386067136972326ED02C5B57E
:10AC000081CA83564D0489E693060002E309D7EC16
:10AC1000B546E306D7EC294683461D05E313C73244
:10AC2000C1EE035B4D0463090B08B3866A01238000
:10AC3000060083466D07854D6392B60D03468D076A
:10AC400093168601E186635BD00093061600230C01
:10AC5000DD069386C123B2962380E600834D8D07DF
:10AC6000130900085A8A3309B941420913590901E5
:10AC7000637369014A8A420A135A0A01630D0A0082
:10AC80001385C12352869385C1F36E956E9AEF505A
:10AC90008276230C4D07637569010547A30BED060A
:10ACA000B70503009385457B1385C1F3EF80EFF172
:10ACB00009E90945EFF08F8F23120D04A3080D0455
:10ACC00039BDB70503009385857B1385C1F3EF80FC
:10ACD000CFEF1DC1B70503009385057C1385C1F334
:10ACE000EF50320411E9B70503009385C57C138545
:10ACF000C1F3EF50120369D10D456DBF1018DA850D
:10AD0000568503494D02EF10A0612A8A6310B529C8
:10AD1000370903009305097A0818EFF0EFEC630197
:10AD2000051A9305097A0818EFF00FEC51D58355F1
:10AD3000C10362559306000A9000EF10D017254713
:10AD4000E37CA7F6834601041307700CE396E6F64E
:10AD5000834D1104E3924DF7034B710403476104E3
:10AD6000220B336BEB0013076009E36767F51307EA
:10AD7000AB00E313E5F49C0093058B003386B7002A
:10AD80008346160003460600034841040347510466
:10AD9000A206C205D18EC1813E8536CA034921046F
:10ADA000035A410442CE3ACCEFA0BFABD246E39562
:10ADB000A6F06247724813158700194733650501ED
:10ADC0006305E90A6369270515476302E906914DA2
:10ADD00037070400230421031307771C138981E933
:10ADE000A304B1032320E90009472313E900035713
:10ADF000810223124901A9452314E900138581E941
:10AE0000EFA03FA63147230EED0405472315A90007
:10AE1000230DED0455B51D47630AE9082147E318E2
:10AE2000E9FAE3170BFA8145EFF00FE971B5314705
:10AE3000E37067FB034741054D1BE31B67F9A8005F
:10AE40003ACCEFE01FEA2A8BE800EFE09FE92ACA3C
:10AE50008808EFE01FE96247D2452A86930651052C
:10AE60005A85EF10104EAA8DA5B71147E312EBF6E5
:10AE7000A800EFE01FE72A8BEF10F04B8346150187
:10AE800003470501A206D98E034725014207D98E43
:10AE9000034735016207558FE31CEBF2EF204002B8
:10AEA000AA8D1DF50547A30FED041DB7E3120BF2A4
:10AEB000EF20C002AA8DE31D05F0A30E0D0409BF0B
:10AEC000B70503009385C5790818EFF0EFD1E305C6
:10AED00005DE8355C1036255C9469000EF10A07D81
:10AEE0004947630FE5000357ED00C166FD16630592
:10AEF000D70005072317ED0021472304ED026DBBA2
:10AF0000834601043547E390E6FE03471104E31C42
:10AF100047FD03473104834621042207558F61F71B
:10AF20000347510403464104B736002083D6A65494
:10AF30002207518FE399E6FAC9458800EFC02FC771
:10AF40005DD10546C9458800EF3010681307F00F42
:10AF5000E30BE5F815E10357CD00C166FD16630567
:10AF6000D70005072316ED000547A304AD0423050C
:10AF7000ED042304ED0489B30357ED00C166FD160B
:10AF8000E304D7FE05072317ED00F9BF7957E30562
:10AF9000E5F6034ADD0563060A1AB7050300938543
:10AFA000857D5685EF50E2570DC99305A003568560
:10AFB000EF50625493060002E30005D00505030735
:10AFC0000500E30DD7FE130707FD1377F70F8D4636
:10AFD000E3E4E6CE230FED04C5B1B7050300938586
:10AFE000857E5685EF50E25305C18C000545231040
:10AFF0000104EFF04F950357010429456303B7019E
:10B000003D45EFE05FEB4DB9B70503009385C57F84
:10B010005685EF5002510DCD2C100545EFF0AF9243
:10B0200065D18C000D45EFF00F9279D983568102DE
:10B030001307E00CE396E6FC83560D060357010464
:10B04000E390E6FC23030D041D47A30EED04ADB110
:10B05000B7150300938505811385C1F3EF50624C4A
:10B0600001C95A85EFE01FFFE31805C4414551BFF0
:10B07000B70503009385857B1385C1F3EF80EFB49B
:10B0800011C9B70503009385057C1385C1F3EF5003
:10B09000424909C92547E315EAF623030D04A30E27
:10B0A0000D0419B9B70503009385457B1385C1F3DA
:10B0B000EF80AFB1E31205C07D1A23030D04137AAC
:10B0C000FA0F2147E36A47BF370703001307C76C2E
:10B0D0000A0A3A9A03270A0002870947BDB70D47B3
:10B0E000ADB715479DB71947A30EED0405472303D8
:10B0F000ED0403A74198BD66938606A636972326DE
:10B10000ED025DBE03274D0603592D063A99EF1057
:10B1100090228346550103474501A206D98E034775
:10B1200065014207D98E034775016207558F636831
:10B13000E900EF1090442547E30905F005BF1147EA
:10B1400029B7B71503009385C5815685EF50623D39
:10B1500035C97D578C0005452310E104EFE0BFFEA3
:10B16000035701040DCD05EF2147E317E9B4034769
:10B170007D04936627000D8BA303DD04136727006E
:10B180008D46E31BD7B203A7419823030D04230C7C
:10B190000D042328ED0225472302ED0231BE85462A
:10B1A000631AD702130710102313ED0403A7419865
:10B1B0009166938686A93697A3030D022326ED0296
:10B1C0002147D9BFB7150300938505835685EF50F6
:10B1D000423509C51945EFE03FC0F9BCB71503007A
:10B1E000938585845685EF50C23321CD8C00094567
:10B1F000EFE07FF565D1835601040947E36CD7FC86
:10B2000003478D0523030D0419E70547230CED04BF
:10B2100003A74198A1AE83A641980547A303ED0279
:10B220002304ED042320DD0003D7219483A6419855
:10B2300023140D02A30C0D0436972328ED02294791
:10B24000A1BFB7150300938505861385C1F3EF50A1
:10B25000422D19C92D47E311E9A603470D05E30D5A
:10B2600007A4EFE0BFD889BCB71503009385858795
:10B270001385C1F3EF50E22A09CDB715030093857A
:10B2800005881385C1F3EF50C22901C50547A30204
:10B29000ED02B7150300938585881385C1F3EF5040
:10B2A000422841C59305A0031385C1F3EF50A224A2
:10B2B000930615001306000209ED23030D02130780
:10B2C00069FF1377F70F894663E1E606154521B755
:10B2D000850603870600E30DC7FE130707FD1377F6
:10B2E000F70F2546E36BE6FC85069305000203860F
:10B2F00006006300B60E9305C0026310B602850611
:10B3000013060002038706006307C70C130707FD37
:10B310001377F70FA546E3E2E6FA1377B70F7D1729
:10B32000133717002303ED0259DBB715030093858C
:10B3300005891385C1F3EF50C21E39C59305A003DB
:10B340001385C1F3EF50221B21C10505130700022D
:10B35000830605006383E60801472546A945834621
:10B360000500938606FD93F6F60F637AD6067D46B2
:10B37000930610F86368E60006071307F7F89316BC
:10B380008701E1862300DD02B715030093858589D7
:10B390001385C1F3EF50E2187DC59305A003138513
:10B3A000C1F3EF50421582C082C282C469CD050547
:10B3B0008C000146130E0002A54E294F954F9302B3
:10B3C000C0021943030705008148631AC703050536
:10B3D000D5BF850629BF850635B7050595BF330757
:10B3E000B702050536974207418395BF03D705008D
:10B3F000050585483307E70336972390E5000308E2
:10B400000500130708FD9376F70FE3F1DEFE638C6A
:10B4100008066305F6010505631758060506137649
:10B42000F60F8905E31066FA035701041306F003CB
:10B43000930610F86367E600130717F99316870160
:10B44000E186035781042380DB0213062002E176A4
:10B45000636AE60095463307D7021307D7F39316BE
:10B460000701C1860357A1042391DB0213061006CE
:10B47000930610F86367E6001307470793168701E2
:10B48000E186A380DB02B71503009385058A138547
:10B49000C1F3EF50020959C59000DA851385C1F355
:10B4A000EF00D07F41C18646034761044C1036D47B
:10B4B0008356410428102307E1022316D102EF30FE
:10B4C000E00B2DC103158104130740383307E50253
:10B4D0001255634507046367E504198D37374F9CA0
:10B4E00013070730B7364F1C2A979386860763EBFE
:10B4F000E602EF306022EF30002DA307AD041DC13E
:10B50000EF30C02C23A0A19803A74198B79649011A
:10B51000938606703697232EED0229A09306F7FF37
:10B52000E3FDA6FAB70503009385857B1385C1F378
:10B53000EF70BFE911C9B70503009385057C13853A
:10B54000C1F3EF40127E29CD11471145E305E9C84B
:10B5500099466311D9028346DD040547E398E6D690
:10B5600003A7419823030D041307873E2328ED0208
:10B570006FF08FF4B146631ED9008346DD0409479E
:10B580006396E60003A74198232CED0223030D04E4
:10B590007DB165191379F90F0D45E36E27C31DB908
:10B5A000B70503009385457B1385C1F3EF70FFE179
:10B5B000631405F021476313E90203477D04936692
:10B5C00017000D8BA303DD04136717008D46E30CF2
:10B5D000D7BA05472303ED046FF00FEE2547631834
:10B5E000E900130710102313ED046FF0EFEC751949
:10B5F00023030D041379F90F636027EDC2470A098D
:10B600003E99032709000287371503001305858A31
:10B6100023070D04EFE0FFD1630005EA85659385FC
:10B6200085BB1145EFE02FE96FF00FE903475D029D
:10B6300011E703A741981307077D0DBFEF901FDFA8
:10B64000B71503002A899385058B88002310010410
:10B65000EFE05FB819E10545BDBE834659000547D7
:10B66000638AE604B7050300938585798800EFE0D7
:10B670007FB675D1B71503009385058C8800EFE080
:10B680007FB571D9930509048800EFE0BFB461D597
:10B69000B71503009385458C8800EFE0BFB345DD07
:10B6A00003550104EFE0AFD95DD58565938585BB72
:10B6B00015458DBFB70503009385057945BF03A7E1
:10B6C0004198232AED0203A741982328ED02194748
:10B6D000E1B403476D029306803E19E39306007DB3
:10B6E00003A74198369759B503477D0509E70547F4
:10B6F000A30BED0431BE03A741982328ED02C9B482
:10B7000003470D05630A07DA0347BD0519C7130789
:10B7100010102393EB046FF02FDAEF903FD18346A4
:10B7200065000547E385E6FE2DBE0347DD04894637
:10B730001377B70FE315D7B003A74198232CED0279
:10B74000FDBC639E06B883564D049305F01F138617
:10B75000160063F3C5020547A308ED0403570D0166
:10B76000C166FD166305D70005072318ED001D47C8
:10B770002304ED026FF0AFB6D6962312CD042380DA
:10B78000E6006FF0CFB589CE03474D0511EB717719
:10B7900083268D06130787562297158F634707AEBA
:10B7A0000347DD056309073203466D0419CA832682
:10B7B000CD02158C634704003D45EFE0CFEF6FF0FD
:10B7C000CFAC83560D04639206AC631006AC7D17B4
:10B7D0001377F70FA14663EAE6AAB70603000A0744
:10B7E00093868671369718430287EF10C0342A84F7
:10B7F0008C00281023180102EFE0EFEC55DDB7159F
:10B8000003009385858C0818EFE0DF9C55D583579E
:10B810008102130544021306F00B9386C1238DE7C2
:10B82000B71503009385458C0818EFE0BF9A49D5FA
:10B8300003550103EFE0AFC041D11165130585A9A0
:10B84000EFE0EFC86FF06FA403570103E366E6F67D
:10B8500083050500FD1713081700C2073697C1833B
:10B86000231801032300B700050555BF3715030052
:10B870001306F00F85451305C58DEFE0DF9E6316B7
:10B8800005A01DBF37150300054681451305458EEC
:10B89000EDB7EF10402A2310010423110D060347D2
:10B8A000150203440502834535022207418F0344F4
:10B8B0002502E2054204418F33E4E50023228D0690
:10B8C0008346550103474501A206D98E034765010A
:10B8D0004207D98E034775016207558FB30487402D
:10B8E0000567637397008564B71503009385058F1B
:10B8F000880023109D06EFE0FF8DE30F05EA8345E6
:10B90000ED058800EFE01F90E30805EAB715030096
:10B91000938505908800EFE0FF8BE30F05E8A28593
:10B920008800EFE03F8EE30905E803570104930721
:10B93000F00BE3E3E7E8930717002310F104938784
:10B94000C1239305F4FFBA97A6951307D002880088
:10B950002380E700EFE01F8BE30005E6B715030047
:10B960009385458C8800EFE0FF86E30705E40355E7
:10B970000104EFE0CFACE30105E40565130585BBE9
:10B98000C1B5EF10401BAA848C00281023180102B7
:10B99000EFE06FD3E30205E206479306F0020306E9
:10B9A00007006316D60003071700054401CB03C444
:10B9B000640003578102198C42044180B7150300CB
:10B9C000938545910818EFE0FF80E30705DE834586
:10B9D000ED050818EFE01F83E30005DEB71503004F
:10B9E000938585920818EFE0EFFEE30705DC8647B4
:10B9F0001306F00B3E94420441809386C1231397B3
:10BA00000701418363158702B71503009385458CB1
:10BA10000818EFE02FFCE30105DA03550103EFE01E
:10BA20000FA2E30B05D83D65130505A611BD03570D
:10BA30000103E363E6D885078385F7FF1305170045
:10BA400036972318A1022300B70055BF03540D06F3
:10BA500083542D0623100104E30094D6B715030088
:10BA6000938505938800EFE0EFF6E30705D483455F
:10BA7000ED058800EFE00FF9E30005D4B7150300EA
:10BA8000938505948800EFE0EFF4E30705D2058C79
:10BA9000A285420441809307000F63F48700930559
:10BAA000000FC205C1818800EFE0CFF5E30605D0A5
:10BAB000B71503009385C58A75B5B715030093853F
:10BAC0004594880023100104EFE0CFF0E30605CE93
:10BAD0008345ED05C9BF83464D0229476398E606B5
:10BAE0000347AD0525E7EF100005034755008546E0
:10BAF0006313D702EF10001419E16FE01FF94147FB
:10BB00002AC62304ED02EF10603DB2450145EFE087
:10BB1000BF9A6FE09FF709466318C700A30EDD04C4
:10BB2000230F0D046FE07FF68D466311D702EF10EF
:10BB3000002BAA8561DD1307A5FF1377D70F19C363
:10BB40006FE0BFF441472304ED02C9B703476D041A
:10BB50003DCB8326CD02B306D44063C60606034719
:10BB60004D028D46631ED7008346ED046368D704FB
:10BB700023030D041304840C23288D026FE0FFF0CF
:10BB80009946631CD7008346DD0405476398E602A7
:10BB900023030D041304843EC5B7B1466310D702D6
:10BBA0008346DD0409476394E600232C8D022303BA
:10BBB0000D0429472302ED026FE03FED0945EFE058
:10BBC000AFA16FE09FEC83560D0499C26FE0FFEBCD
:10BBD00083464D0235466374D6006FE01FEB37068F
:10BBE00003008A061306C673B29694428286032720
:10BBF000CD023307E440635407006FE01FE981453D
:10BC000037054000EF50C0110567130707773A94D6
:10BC100023288D02094779BF03270D03198C63542C
:10BC200004006FE09FE6EFE00FB337150300130544
:10BC30008595EFE00FF0054719E16FE01FE5856599
:10BC40002307ED04938585BB0D45EFE0CF866FE0BC
:10BC5000DFE319C36FE07FE303270D03198C6354FF
:10BC600004006FE09FE23715030013058595EFE0B0
:10BC70004FEC19E16FE07FE10347ED040507C1B721
:10BC800019C36FE09FE083270D031D8C63540400EC
:10BC90006FE0BFDF3715030013050596EFE06FE98E
:10BCA00019E16FE09FDE8565938585BB114571BF06
:10BCB0008346FC008345EC0003264D03A206CD8E8F
:10BCC0009305803EB386B6023306C4401545E3783B
:10BCD000D6EE19C36FE07FDB03270D033307E44083
:10BCE000635407006FE07FDA03476D0231CB0347EF
:10BCF000FD0409EF8346ED040947637DD70037272C
:10BD000009001307077C2297232EED0223288D02BA
:10BD10001D474DB5371503001305C596EFE06FE1DC
:10BD200019E16FE09FD60547A306ED040347ED0434
:10BD300005072307ED048565938585BB194531B754
:10BD40003715030013058597EFE0AFDE19E16FE0CB
:10BD5000DFD3A3060D04C5B783060C0199EE054792
:10BD60002304ED02379704001307073E3A94A30C0F
:10BD70000D0423288D02354735BD19C36FE0FFD070
:10BD800003270D03198C635404006FE01FD02310A8
:10BD90000104EF90AFE983477D052A84A9EBB7152D
:10BDA0000300938545988800EFE0CFC26306052A1B
:10BDB0008347B4008345A400A207DD8D8800EFE02F
:10BDC0006FC4630B0528B71503009385C58A8800E7
:10BDD000EFE04FC06302052803550104EFD03FE6B2
:10BDE000630C05268565938585BB1D45B9BDB715D3
:10BDF00003009385059A8800EFE0CFBD630E05240C
:10BE00008345740065BF19C36FE03FC883270D03E6
:10BE10001D8C635404006FE05FC7EF902FE1830730
:10BE200045052A849304450599E3938481E8B71571
:10BE300003009385859B880023100104EFE08FB9F0
:10BE4000630C0520930504018800EFE0AFB863059B
:10BE50000520B71503009385C5808800EFE08FB7F4
:10BE6000630C051E83479400834584008800A20765
:10BE7000DD8DEFE02FB96301051EB7150300938533
:10BE8000C5928800EFE00FB56308051CA685880001
:10BE9000EFE04FB46302051CB71503009385859C42
:10BEA0008800EFE02FB36309051A03550104EFD0B2
:10BEB0001FD96303051A9165938585A9214571B33F
:10BEC00019C36FE09FBC03270D03198C6354040052
:10BED0006FE0BFBBB71503009385459D8800231015
:10BEE0000104EFE02FAF6309051603478D0531CF3D
:10BEF000B70503009385057A8800EFE0AFC8630DAE
:10BF00000514B71503009385C5808800EFE08FAC5A
:10BF10006304051483458D058800EFE0AFAE630D23
:10BF20000512B71503009385C58A8800EFE08FAA34
:10BF30006304051203550104EFD07FD0630E051092
:10BF40009165938585A9254509B3B70503009385B8
:10BF5000C5795DB78346AD0595EA03478D0419C7DA
:10BF600003270D033307E440635207020347DC0055
:10BF70008345CC0003264D0022074D8F9305803E5C
:10BF80003307B7023306C440636FE60C231801027F
:10BF9000A30DDD04DDC20344CD05B7150300938571
:10BFA000459E0818EFE00FA345C90347BD055DE7AF
:10BFB000B70503009385057B0818EFE0AFBC49CDBA
:10BFC000B71503009385C5800818EFE0AFA049C5F9
:10BFD0000347BD05854509E7EF904FC583456500DB
:10BFE0000818EFE02FA22DC9B71503009385459FD0
:10BFF0000818EFE02F9E2DC193151400C205C181D2
:10C000000818EFE02FA029C9B71503009385C58A4A
:10C010000818EFE02F9C29C103550103EFD03FC260
:10C0200005CD0347BD0519E323040D0485652308E9
:10C030000D04938585382D4509B90347AD04880063
:10C0400023050D042306ED0403479D04A305ED0419
:10C05000EFD01FF82A8431F1054595B6B7050300E6
:10C060009385857A91BF0327CD033307E440634866
:10C070000702371503001305C596EFE08FAB05C126
:10C080000547A306ED04372709001307077C3A94F8
:10C09000232E8D028565938585BB31457DB60327AB
:10C0A0008D03198C3D671307F7A5636487006FE064
:10C0B000DF9D371503001305C59FEFE08FA719E13A
:10C0C0006FE0BF9C1947A306ED04E9B703270D03F2
:10C0D0003307E440635407006FE03F9B03479D052F
:10C0E00019E7379704001307073E3A9471B4854661
:10C0F000631CD70003472D0519E3EFD0DFE5A30B41
:10C100000D04230C0D0419B18946631FD7000347A2
:10C110002D0519E3EFD03FE4232A8D0223288D0259
:10C1200023030D02194779B4EFD09FC26FE0FF954A
:10C1300099E26FE05FAE6FE0DFAC37078000DD466D
:10C140004D07637DB50083470500DD1793F7F70FB3
:10C1500063E6F600B357F700858B91E3828005050F
:10C16000CDB701114AC82A89084122CC26CA4EC639
:10C1700052C4AE89328A06CEEFF03FFC37A7991938
:10C1800081440144A546130797991546A945637A4A
:10C19000350183470500938707FD93F7F70F63F396
:10C1A000F60281C8CE85EFF05FF92320A900232095
:10C1B0008A00F240624426854249D244B249224A6A
:10C1C00005618280636C87006314E4006368F60095
:10C1D0003304B402050585443E9455BF8144D1BF64
:10C1E000011122CC2A84084126CA06CEAE8432C66A
:10C1F000EFF0BFF463719502030705003246AA878A
:10C2000001456315C70085071CC00545F24062441F
:10C21000D244056182800145D5BF011122CC2A8418
:10C22000084126CA06CEAE8432C636C4EFF0FFF00F
:10C230006372950683050500930720020147639DFD
:10C24000F502A24632460505AA8793052002130887
:10C25000C005FD4863809704038707006314B70295
:10C26000B385A7404168014763F8050108C22390E0
:10C27000B60085071CC00547F2406244D2443A85A7
:10C2800005618280630807011377F70F63F4E80004
:10C290008507C9B70147CDB7144101471388260068
:10C2A00063EE050383C70600A5480147938507FD94
:10C2B00093F5F50F63E4B80283C61600938506FD77
:10C2C00093F5F50F63ECB8002947B387E702C11671
:10C2D0000547B6972300F600232005013A858280A2
:10C2E0001377F50F930707FD93F7F70FA5461395FF
:10C2F000870163F5F6029307F7FB93F7F70F95466F
:10C30000130597FC63FBF6009307F7F993F7F70F14
:10C310007D5563E6F600130597FA62056185828014
:10C3200011E97D5582807D55B250225492540259B4
:10C33000456182807DD6A147E3F5B7FE797122D4AD
:10C3400006D626D24AD03304B500B5462947636BDA
:10C350008500B307A440C207C1832147636CF7007F
:10C360000145D9B78307F4FF6384D700E393E7FE61
:10C370007D14F1BFB71503003289938505A42546C6
:10C38000AA84EF40E20469FD138594002AC63400B4
:10C390001008A2856800EFF05FE851D503578100CF
:10C3A0009D47E31FF7FA4245B71503001D469385E5
:10C3B00045A2EF40E2014DF51306C002A2856800D8
:10C3C000EFF01FE22DD15008A2856800EFF07FD971
:10C3D00039D9D247A9FB1306C002A2856800EFF045
:10C3E0003FE031D15008A2856800EFF09FD705DD0E
:10C3F0001306C002A2856800EFF09FDE0DD59306FC
:10C40000A1004A86A2856800EFF03FE1E30D05F048
:10C410000357A1009307F00FE3E7E7F01306C0020C
:10C42000A2856800EFF0DFDBE30F05EE3008A285A0
:10C430006800EFF01FD3E30805EE1306C002A285E3
:10C440006800EFF0FFD9E30005EE7008A2856800F0
:10C45000EFF03FD1E30905EC1306C002A2856800A6
:10C46000EFF01FD8E30105EC3245A285EFF0FFCCD9
:10C470008357A100098C231689002302F900F24793
:10C4800042042324A9004180E31FF4E86247E36CDF
:10C49000F7E80545E38AE7E8795579B56304051CB3
:10C4A0006302061C994763FFB71A797122D42E8460
:10C4B000B715030026D29385452DB28419464AD07C
:10C4C00006D64ECE2A892AC6EF309270631405181C
:10C4D0004A94A28513056900EFF03FC6637C851678
:10C4E000930715003EC60307050093072002631358
:10C4F000F7161306A100A2856800EFF0FFD9630BC1
:10C5000005141306F002A2856800EFF07FCD6303E7
:10C51000051413862400A2856800EFF0FFD7630B93
:10C5200005121306F002A2856800EFF07FCB6303CB
:10C53000051213863400A2856800EFF0FFD5630B67
:10C5400005101306C002A2856800EFF07FC96303DF
:10C55000051013864400A2856800EFF0FFD3630B3B
:10C56000050E1306A003A2856800EFF07FC77DC10A
:10C5700013865400A2856800EFF01FD261CD130628
:10C58000A003A2856800EFF0BFC569C513866400EB
:10C59000A2856800EFF05FD055CD3247637C870AF3
:10C5A00083470700938757FD93F7D70FC5E7930796
:10C5B00017003EC6030707009307B00285496303CF
:10C5C000F700FD591306B100A2856800EFF0DFCC3B
:10C5D00051C10349B1009307000663ED2707B24735
:10C5E00063FA8706138517002AC603870700930797
:10C5F00020026311F706A285EFF03FB4631CA40488
:10C60000330939038347A1002D479387077D239082
:10C61000F40083C72400FD172394240193F7F70F38
:10C62000636AF70283C734007947FD1793F7F70F62
:10C630006362F70203C74400DD4763EDE70003C709
:10C6400054009307B00363E7E70003C764000545A0
:10C6500063F3E7000145B250225492540259F24963
:10C660004561828001458280AA870145B1C339C2F4
:10C67000B1C11395150063EEA602B7160300BE956F
:10C680009386C6A26393B700828003C7070009069A
:10C6900085071183369703470700230FE6FE03C77C
:10C6A000F7FF3D8B369703470700A30FE6FED9BF80
:10C6B00082800145828001ED014582800145F24082
:10C6C0006244D2444249B249224A056182806DD611
:10C6D000E5D593F71500EDF3011126CA06CE22CC5D
:10C6E0004AC84EC652C493D41500E3E996FC93079A
:10C6F000F01FE3E5B7FCB2892A84014993170901C9
:10C70000C18363E5970013F5F40F55BF03050400DB
:10C71000EFF01FBD2A8A03051400EFF07FBCE34F42
:10C720000AF80904E34C05F8120AB38729013365B6
:10C7300045012380A7000509D1B7B5C9930695D84F
:10C74000C2068567C18293871761014763E9D704F1
:10C75000371603001306C6A465488357060063E234
:10C76000A70483562600636ED502B386D740898F0F
:10C77000C207C18313052003B387A702C206C18283
:10C7800013D61600B297B3D7D70293062003330708
:10C79000D702130707E7BA972390F50005473A85B4
:10C7A000828005071377F70F0906E31807FB014797
:10C7B000FDB709C5514681456F60BFB682802A88A2
:10C7C000014563050804B9C231C26371F70463EF20
:10C7D000E50263FDF50233F7D5020DEB8D8F33D7FC
:10C7E000D7026365C702B386C6028DC263E0D70273
:10C7F000AE9685472320B8002322D8002324B80012
:10C800002326B8002308F80005458280828009CDE0
:10C810008346050105476399E60089C50947230852
:10C82000E50082806FF0FFF88280AA87014595CBF2
:10C830000DCA03C70701854679171377F70F63E21F
:10C84000E6029847631FB7009443636CD700DC434C
:10C850006379F7003385E7403335C500134515008C
:10C860008280828005C119CE834705010547F917EB
:10C8700093F7F70F6368F7001C45AE971CC58D470B
:10C880002308F5008280AA87014595CB0DCA03C70E
:10C890000701854675171377F70F63E2E602D8475D
:10C8A000631FB7009443636CD7009C476379F7001C
:10C8B0003385E7403335C5001345150082808280FB
:10C8C00005C51DC2834705010547F51793F7F70F07
:10C8D000636CF7005C451845BE954CC5954763836E
:10C8E000E50091472308F5008280814719CD8346F2
:10C8F000050115478147639AE6001845144163F620
:10C90000E6005C45998F93B717003E8582801441FD
:10C91000374754311307F714639EE6040346450076
:10C92000854601476319D60403465500954663E4DE
:10C93000C6048306650063C00604544937460300F5
:10C94000636BD602105163E8C602504D63E5C60220
:10C95000411122C40324450A9305400A06C6EF701C
:10C960008FE33305A440B2402244133715003A85C3
:10C970004101828001473A85828083A78194557165
:10C98000A6C34EDF86C7A2C5CAC19D66938981949E
:10C990009D646394D70093840710B7475431138480
:10C9A000C12F9387F7141CC085472302F4001C4451
:10C9B0009305400A1385C12F85071CC4EF70AFDDB6
:10C9C0002322A40A930600100146A6852545975008
:10C9D000FF1FE780405009C91945BE402E449E44C0
:10C9E0000E49FA59696182809306800A1386C12F25
:10C9F000A68529459750FF1FE780E04D71FD9306FE
:10CA0000800A3000A6852D459750FF1FE780A04C77
:10CA100061F52800EFF0BFEF61D142471C44E31DF0
:10CA2000F7FA23A0990001454DBF317126DB1306AB
:10CA3000800A81451385C12F06DF22DD4AD9EF60C8
:10CA40005F8E9306800A30009D652D459750FF1F2D
:10CA5000E780604835C501499D659306800A30002E
:10CA6000938505102D459750FF1FE780C04613841E
:10CA7000C12F3DE52800EFF09FE93DC163070900A4
:10CA80001844C247998F635EF0001306800A2C0099
:10CA90001385C12FEF3032169D679387071023A4AB
:10CAA000F1940347540089476311F70683476400F4
:10CAB000BDEBA302040023200402232E0400A1A046
:10CAC0002800EFF0DFE441D91306800A2C0013851B
:10CAD000C12FEF3052121D6723A4E1940549ADBF69
:10CAE000E31109FC1306800A81451385C12FEF600D
:10CAF0005F83B7170200938737505CC49D679387A5
:10CB0000071023A4F194EFF05FE71850FA5023AA1E
:10CB1000E1946A5423A801947D5723A6E194DA5442
:10CB20004A592961828018505C48E310F7FE8D470E
:10CB3000A302F400C9BF1385C12F8280377503009B
:10CB40008280011122CC1384C12F8347540006CE6A
:10CB500026CA4AC84EC652C456C25AC0ADEFC1CA50
:10CB600093178701E1876354F0089387F5FF3748EF
:10CB7000030063FE07075C44854463FFA704930733
:10CB80004402328BAE892A8A130600083E8581450D
:10CB90003A89B68AEF60EFF84A86D685EF30B2055B
:10CBA0002303240123284401232A3401232C640174
:10CBB000A3029400232E0400232004026244F240C6
:10CBC000D2444249B249224A924A024B23AA0194D2
:10CBD00005616FF09FDA8D44F24062442685424938
:10CBE000D244B249224A924A024B0561828085446E
:10CBF000E5B79387C12F03C757000DEBD84763797B
:10CC0000A7021387F5FFB74603006373D7020947EE
:10CC10002383070088CBCCCB90CFCCCF23A00702B7
:10CC2000A382E70023AA01946FF03FD50D458280CF
:10CC300005458280411126C206C622C44AC0138718
:10CC4000C12F8346570085476390F6061389C12F8D
:10CC50008325C901832749013384B7401DCCB777A9
:10CC60000300BE958566014605459750FF1FE78086
:10CC7000802699471DE905679384C12FA2876373B6
:10CC800087008567D84CBA97232EF9002244B2401A
:10CC90009244024941016FF05FCE8947A302F70039
:10CCA000185323AAE194DDB79547B2402244924439
:10CCB00002493E8541018280011126CA9387C12F16
:10CCC00006CE22CC4AC84EC652C456C203C757002D
:10CCD00089476310F70AD1CD9307F6FFC207C183D6
:10CCE0001307F00E6367F708938A419583A70A003C
:10CCF0006391A7083309F600636FF9069384C12F87
:10CD0000D848054563612703377403003E94B28910
:10CD10002E8AB28609452E86A2859750FF1FE7808E
:10CD2000801B19C91945F2406244D2444249B249B4
:10CD3000224A924A05618280CE865286A2850D459E
:10CD40009750FF1FE780201971FD23A02A01931738
:10CD5000490181C7DC48E39827FD624423A02403EE
:10CD6000F240D2444249B249224A924A05616FF0E8
:10CD7000DFC015454DBF05457DB79387C12F83C6DD
:10CD8000570009476391E602D44B03A74195639C82
:10CD9000E6000D47A382E70023A801947D5723A650
:10CDA000E1946FF09FBD154582809387C12F83C6A4
:10CDB000570009476393E602D84B411106C698D342
:10CDC00023AAE194EFF07FBB09E5B24041016FF087
:10CDD000DFFAB24019454101828015458280011178
:10CDE00006CE22CC26CA4AC84EC652C49387C12F4B
:10CDF00003CA57000D476313EA0C83A60195D84B6D
:10CE0000938401951384C19463F0E608158F130988
:10CE100000046366E9001319070113590901377506
:10CE200003004A869385413A3695EF30B0601C4046
:10CE30003786B8ED81469389413A13060632139737
:10CE400006014183636027031CC09C403E9923A0D8
:10CE50002401F24062445285D2444249B249224AF6
:10CE6000056182803387D90003470700B98F2147C6
:10CE700093D51700858B91C3B2877D171377F70F72
:10CE8000AD8F7DF7850665BF1840944F1347F7FFB8
:10CE9000630AD700A382070023830700214AEFF02B
:10CEA000DFAD45BF1147A382E7006244F240D244A0
:10CEB0004249B249224A05616FF03FAC154A51BF61
:10CEC0009387C12F83C6570011476397E600154724
:10CED000A382E7006FF07FAA154582809387C12F58
:10CEE00083C657001547638CE600A382070023839F
:10CEF000070023AE070023A007026FF01FA8154507
:10CF0000828082809387819703D707006318A700E8
:10CF10002391B7002392C7002393D70082808347D1
:10CF2000150003470500A2075D8F834725000345D1
:10CF30003500C207D98F62055D8D8280828039718C
:10CF400006DE22DC4AD84ED652D426DAEF70AF94F1
:10CF50002A8AEF30E25B9379F50F0A85EF30504F64
:10CF600099450A85EF80FF8FD9472A89594463E4A0
:10CF7000370113F4F90F370706039387013F1307AF
:10CF8000271098C3797709072392E70022867D57F7
:10CF9000D28528002383E700EF30E245C54793841C
:10CFA000013F63E737091C10A2971307D0022384BF
:10CFB000E7FE130714001C109356C9001377F70FF0
:10CFC0003E97C206B7170300938787AAC182BE9611
:10CFD00083C6060010102304D7FE13072400141084
:10CFE0001377F70F369793568900BD8ABE9683C68E
:10CFF00006002304D7FE9306340093F6F60FB2968C
:10D00000135649003D8A3E96034606001379F900FF
:10D01000CA971307440083C707002384C6FE13770B
:10D02000F70F1410150436971374F40F2304F7FE4A
:10D0300037290020554681451305892AEF606FAED8
:10D04000D5491305892A1376F40F63F389005546F1
:10D050002C00EF30423A93071400A383F400228699
:10D06000A5472C00138594002384F400EF30A238E8
:10D0700013059400F2506254D2544259B259225AC4
:10D080001375F50F21618280411122C426C2131449
:10D09000450006C68564014563669400EFF01FAA4B
:10D0A000058C2295B24022449244410182800111B4
:10D0B00085471306F10085451305503006CEA307BA
:10D0C000F100EFA0213FF24005618280411122C4AE
:10D0D00006C61384C1800345040041679387819786
:10D0E000791798C323A207008945EF40A07603452E
:10D0F00004009145EF4000760345040093050002CB
:10D10000EF4040750345040093050008EF4080742C
:10D110001385C150EF803F91EF805FD21385C165C9
:10D12000EFF02FE9138451978347040089C7EFF08C
:10D13000FFDA230004002244B24041016FF03FF7C0
:10D140003D898D476306F50A91476302F5028947D9
:10D150006310F50C03C725009947631BF70A03D733
:10D16000450083D781976315F70A6FF03FF603C731
:10D1700025009547631EF7089387819783D607009C
:10D180004167791703D5A5006384E6006FA0215E8F
:10D1900003D7E500411106C622C42391E70003D757
:10D1A00005011384C1802392E70003D72501239052
:10D1B000A700034504002393E700130600645D47BE
:10D1C00089452397E180EF406047034504000966E5
:10D1D00013060690A145EF40604603450400224433
:10D1E000B2400566130606C8914541016F400045EF
:10D1F00083C7250011476394E7006FF05FEB194781
:10D20000E38FE7F415476395E70083C71500F5F74B
:10D210008280797137E5000022D41305459806D63F
:10D2200026D24AD04ECE1384C180EF409006230010
:10D23000A4001385C150EF800FFFEF809FB51385C9
:10D24000C165EFF00FD7EFF09FCFAA849947231560
:10D25000F10013860181B1478D4513057030C2047A
:10D260002316F100C180A3040100EFA0A1241386BE
:10D27000013FA68513056030EFA0C1231306A1006E
:10D28000894513051031EFA0E1227000894513058F
:10D290002031EFA021220549130691008545130591
:10D2A0005030A3042101EFA0E120371503002686AA
:10D2B0009385013F130585A9EF10B0529305000532
:10D2C0000D45EF60E059930500051145EF604059A9
:10D2D00085457945EF60C058700091451305704051
:10D2E000A3032101A304210102C623040100230595
:10D2F0000100EF80917C1306710085451305004005
:10D30000EF80B17B3000854513051040EF80F17A46
:10D310001306A100854513052040EF80117A1306FE
:10D320009100854513055040EF8031797D55EF9090
:10D33000200E7D55EFB06054EF20207D7D55EF200D
:10D3400010187D55EF20605D372600201306862AD1
:10D35000D5450145EF80707A4167938781977917AA
:10D3600098C323A2070013858180EF20101C372566
:10D3700000201305856DEF20405C13858195EF70CB
:10D38000314C034504008545EF400014B25022544F
:10D3900092540259F24945618280411106C6EFF06C
:10D3A0001FBA931505011386013FC1811305603033
:10D3B000EFA04110B240372600201306862AD5453B
:10D3C000014541016F80707303C5C1801306003CA5
:10D3D000930500046F40802603D7E1807917635ED0
:10D3E000E604011122CC1384819726CAAA8403552E
:10D3F00004004AC801472E898146ED4506CE231513
:10D40000C100EF90A0382AC61DC10356A100CA85ED
:10D410009730FF1FE780203B035504003000A685AE
:10D42000EF20D01709C5ED452800EF90E04DF24000
:10D430006244D244424905618280828083D7E18080
:10D440006971232481122320211323261112232200
:10D450009112232E3111232C4111232A51112328FB
:10D46000611123267111232481112322911123207C
:10D47000A11121472A893D44637EF700E1173E84CC
:10D48000C207C1831307600F6374F7001304600FB2
:10D4900042044180B3048900FD14B3D4840291474F
:10D4A000814913FBF40F63FB27019387014183C973
:10D4B000470083C73700A209B3E9F90093DB89006D
:10D4C000014D814A228C93F4F40F938C014113F7A0
:10D4D000FA0F636C67038320C11203248112832433
:10D4E0004112032901128329C111032A8111832AC0
:10D4F0004111032B0111832BC110032C8110832CAC
:10D500004110032D011055618280628A6373890086
:10D510004A8A420A93371700850A135A0A019E075E
:10D5200093060004638354018146D58F5286B385E8
:10D53000AC01130591002302F100A302E1002303D3
:10D540006101A3033101230471019730FF1FE780BC
:10D55000802713065A00420641824C000145EFF035
:10D56000BFE763F79A0019459730FF1FE780202334
:10D57000229D33098940420D4209135D0D01135963
:10D580000901B1B7797122D426D206D64AD04ECE3F
:10D59000AE84328419C98547630DF506B250225412
:10D5A00092540259F24945618280914763FEC70453
:10D5B0008387050063C5070083C7C150B1C77C00DE
:10D5C0001307B00F938601412286A6851385C150AB
:10D5D0002316010023170100EF80CFC58D47E30F0D
:10D5E000F5FA1DE18355C1001307E1009306B00F62
:10D5F0001386014113850141EF90FFAF11E50355FB
:10D60000E100EFF0BFE359BF1385C150EF80AFC118
:10D6100071B7EF807F8559D19307F4FFC207C183AB
:10D6200013077007E36CF7F637150300A68522860B
:10D630001305C5ABEF10F01AA2852685EFB08FF663
:10D64000B1BF2E86AA8501456F2000300111230647
:10D65000A1008945680006CEA3060100EFF07FFE19
:10D66000F240056182801305E00F6FF03FFE5D71AF
:10D67000A2C486C6A6C2CAC04EDE2E8432C2EF80C5
:10D68000AFFE19C911C812461307600F9307F6FFC2
:10D6900093F7F70F6375F700EFF0FFFC45A28347A0
:10D6A0000400130710086399E7049947E316F6FE90
:10D6B000834724009384C1969CC00345340022050F
:10D6C0005D8D88C0EFF05F9C0346540083474400A3
:10D6D00088C022065D8E23A4C19623A0A19623A212
:10D6E0000196238A019683C75197639F071013857C
:10D6F000C165EFF00F8CE9A813F7D70F9306000868
:10D700006312D7040D47E379C7F8034714001107E4
:10D710001377F70FE312E6F81387D7071377F70F9E
:10D72000854663E4E600E319D6F693C70708154774
:10D73000E364F7F6371703008A07130707A8BA97B9
:10D740009C43828713075008E398E7FCB947E31529
:10D75000F6F403471400B147E310F7F4130524006F
:10D76000EFF0EFFBAA8413056400EFF04FFB2AC231
:10D770001305A400EFF0AFFA92452A862685EFF054
:10D780004FC739E505471385C165A38AE196EFF0D8
:10D790004F82014581A083471400938401979CC068
:10D7A000834724001389C1962320F90003453400E0
:10D7B00022055D8D2320A900EFF01F8D03D6040004
:10D7C000AA852320A9001385C165EFF00F8611E516
:10D7D0001305F00FEFF09FE795A08325090083D68E
:10D7E00004001306440009459740FF1FE780A06E20
:10D7F00083D504001374F50F133614001385C16527
:10D80000EFF04F862285F9B732C62AC4EFF00FB386
:10D810002AC2EFF0AFB2A24512473246B767030003
:10D82000AA9785661385C165EFE07FF9930500022D
:10D83000E30F05EA03C5C180EF301049B640264426
:10D8400096440649F25961618280834714009384AB
:10D8500001979CC0834724001389C1962320F900B7
:10D860000345340022055D8D2320A900EFF0DF8100
:10D8700003D60400AA852320A9001385C165EFF013
:10D880008F8039D5944083250900130644000D4547
:10D890009740FF1FE780206483D504001374F50FC1
:10D8A000133614001385C165EFF08F81238A8196AA
:10D8B00091BF1384C1651385C165EFF00F83E30940
:10D8C00005F00044EFF08FA7AA84EFF0CFA68347BE
:10D8D000550103474501A2075D8F83476501034555
:10D8E0007501C207D98F62055D8D2695E312A4EEFE
:10D8F000EFF0AFCBE31E05EC9305000825BF02CE89
:10D900008947230EF10093070036231FF100E177CA
:10D9100002D002D29387073105442311F10202D4C9
:10D9200002D6A3028102EFF00FA18347C5002303B3
:10D93000F102EFF04FA00347D5008347C50022074F
:10D940005D8F8347E500C2075D8F8347F500E207DF
:10D95000D98FA183A303F102EFF0EF9D8347E50088
:10D960002304F102EFF02F9D8347F500D1456808AD
:10D97000A304F10223058102EFF0BFCCC1B501453C
:10D980006F30405101119397050122CC06CE26CA73
:10D990004AC84EC6C1872E8463D3070403C5C1801D
:10D9A000EF30F0001DC1034705009307000B631C17
:10D9B000F700034745009307F0076316F700035786
:10D9C00085002397E180EF306077A164A18CF2405D
:10D9D000624426854249D244B2490561828093F768
:10D9E000150091CF03C5C180372600201306C62934
:10D9F0009385413EEF90110293441400C9BF93F701
:10DA0000250095CB03C5C180130600648945EF301E
:10DA1000F042B72500201387C52C83470700154621
:10DA20009385C52C850709452300F70093442400FE
:10DA3000EFF09F9A69BF93F7850099CF83C7C180A4
:10DA400003D581971307803E814631469945EF9073
:10DA5000C17593448400A5BF93F7050181CF03D519
:10DA600081970147894609468145EF909152934439
:10DA70000401B1BF93F7450085C303D58197934453
:10DA80004400EF90914E03C5C1800566130606C899
:10DA90009145EF30B03A25BF93F70502BDC7138912
:10DAA00041968327090083A50196B2078566014642
:10DAB000BE9505459740FF1FE780E0419379F50F3C
:10DAC00093440402638B09001385C1658145EFE02F
:10DAD0001FD44E85EFF09FB7DDBD8327090003A754
:10DAE000819685072320F90063E9E7001385C16566
:10DAF0008545EFE0DFD10145F1BF03C5C1800D468B
:10DB000093050002EF309033D9B593F70508B1C7FC
:10DB1000EFF0EFAC8D47631CF50005469305000858
:10DB200003C5C180EF309031934404084DB5938410
:10DB3000519709EDEFF0CFB811E923800400EFF021
:10DB4000FFB01306000A93050004D9BF1305F00FB8
:10DB500023800400EFF09FAFC1BF93F70504814419
:10DB6000E38707E6EFF0BFE1934404049730FF1F1B
:10DB7000E78020AFA9BD41113726002006C6130754
:10DB8000062C834707001306062C9545850701459B
:10DB90002300F700EF20401AB24015454101828072
:10DBA00041111305800406C622C426C23714004062
:10DBB0004AC09720FF1FE780A07383444404EF000E
:10DBC000F0402A89372509001305057CEF30003D18
:10DBD000372700408347270061651305150493E745
:10DBE00017002301F7004167B7E700E023A0E71023
:10DBF0008327C40C8D459D88C98F2326F40CEF30F4
:10DC00002012EFA0FFD1EF509FA2EF50FFB3CA85C3
:10DC10002685EF007036EF00703B23A0A1983744B3
:10DC20000020EF905137EFF0CFDE13048454EF90D3
:10DC3000AFE2EFE09FDFEFF04FF6EF503FC2EFA013
:10DC4000AFBC8355C4B02685EF901FC0EF701FC1D5
:10DC5000058919C9EF709FC0098919E58347C4B0C8
:10DC600093F7F7FD2306F4B0EF0070299720FF1F0C
:10DC7000E780C05A05C9411126C213064004AE848C
:10DC8000814522C406C62A84EF50AFE92147A68702
:10DC900063739700A147A300F404B2402244924466
:10DCA000410182808280FD570DC185C10347050473
:10DCB000814711056394E700FD5701A821058356AC
:10DCC00085FF6396B600E207E1873E85828085077F
:10DCD00093F7F70FC5B719E17D55828001114AC846
:10DCE00006CE22CC26CA4EC652C456C22E89B5CD07
:10DCF000834A15042A84638A0A063A8AB684B2895A
:10DD0000EFF07FFA635E050003450404637955076D
:10DD10009307150062052300F4046185634105063D
:10DD2000931735003E9485472312240104C0230332
:10DD30003401A303F4001DA803A8060083C57600E0
:10DD40003388044199C1637A0A016344050063760C
:10DD500007011395870161854287850793F7F70FC0
:10DD6000A106E31BF6FCE35D05FA7D55F240624433
:10DD7000D2444249B249224A924A0561828003460E
:10DD80000404A286814701477D55E1BFAA8715C1DA
:10DD900003470504014563FFE5008E05AE9703C701
:10DDA000770011C798430545198E63F5C600A38314
:10DDB00007000145828083A541817D5683A7019894
:10DDC00093864181638AC50063E8B70055671307EE
:10DDD00007182E9763E9E70255671307071833F60C
:10DDE000E7027D55918F37460020130686546399CC
:10DDF000A500832506AE63E5F5003E9763E4E500E4
:10DE0000231506AE9CC28280011122CC9307E1004B
:10DE10002A8478009306A100300093056100480031
:10DE200006CEEF00101E11ED9307407E2312F10085
:10DE300085472313F1002314F10023150100231655
:10DE400001008355610089468357A1000357C10033
:10DE50000356410063E5B6007D1642064182B716BF
:10DE60000300938646AEAE960355810083C6F6FF47
:10DE7000AA96B29613552600AA9613050019335593
:10DE8000A602AA96130540063356A6020145918EB6
:10DE90001D46B3F6C60203461400B356D640858A23
:10DEA0009DCA0356640011C6FD153356B640058A57
:10DEB0001DC21306C003B387C702C165FD15035613
:10DEC0002400BA9703574400C207C1836319B700FF
:10DED000918F13B51700F2406244056182806DDBBB
:10DEE0006378E6000145E3E8C7FE33B5E700E5B730
:10DEF00063F4C700B3B6E7003685F1BF011122CC49
:10DF0000373400201307845456C28567834A85003E
:10DF1000BA9752C403AAC7AE4EC693C9FAFF26CA1F
:10DF20004AC8B744002006CE13F9190013048454DC
:10DF300093848454630E49035C489DCB03A70198E6
:10DF40008346A5001D8F8347B500A207D58F930692
:10DF5000C003B387D702637DF7008144F240624477
:10DF600026854249D244B249224A924A05618280BA
:10DF70001C50B1CB0547E392E7FE83478402E37E62
:10DF8000F9FC93071010B307F902A29783C7970211
:10DF9000E9D74A85EFA03FBF69D193F9190023A6BD
:10DFA00034AF9377FA0F93FA1A00638D370583D74E
:10DFB00044AE41677D176385E70085072392F4AE81
:10DFC000639F0A0281A08329850093F919001385B4
:10DFD0000908EFA09F9C51D193C7190023A6F4AE66
:10DFE0001377FA0F6380E70283D744AE41677D174A
:10DFF0006385E70085072392F4AE6385090083A754
:10E0000001981CC88544E30B49F583A701981305C3
:10E0100020035CC8EF900F9991B75D71A6C2B73429
:10E02000002013878454856752DC86C6A2C4CAC008
:10E030004EDE56DA5AD85ED662D466D26AD06ECE3A
:10E04000BA9783C747B0374A002093848454858B9E
:10E05000130A8A54B9E7856A371C0300C16C268904
:10E06000814B138D4AA3130C8CAC938DDAA3138BC5
:10E070006AA3F51C13843B0A93174400A69703C7B1
:10E08000470093761700CDC2DC439946B309A90136
:10E0900085839D079D8B63E9F6088A07E2979C4379
:10E0A0008287EF706FB909C598448D4763E5E70033
:10E0B000EFC08FF04DD1B640264496440649F25940
:10E0C000625AD25A425BB25B225C925C025DF24DB4
:10E0D000616182801204C52D26946304051A4E8561
:10E0E000EFF09FD2630F051883474400C18B8DEF7B
:10E0F0004E85EFF0BFE00DC93DAAEF50CFF70DC53B
:10E1000093174400A69703C7470083160AAF418BB5
:10E1100015C3B30769013307590183970700031734
:10E1200087A3998F63DBD706850BA9474109E39342
:10E13000FBF451B73307690103170700E356D7FE15
:10E140004E8536C43EC6EFF07FDBA24601C9B2471A
:10E1500003C74700136707012382E70093174400B2
:10E16000A69783C74700C18BE1D365B7EF50AFF0E7
:10E1700045DD93174400A69703C7470083160AAFEF
:10E18000418B19CFB3076901330759018397070002
:10E19000031787A3BA97E3C9F6F8120426943DA2A1
:10E1A0003307690103170700E3D0E6F84E8536C44C
:10E1B0003EC6EFF0BFD4A24601C9B24703C747002D
:10E1C000136707012382E70093174400A69783C7CC
:10E1D0004700C18BB1DB7DB7EFA02F928347C5000D
:10E1E000A1D7B307690103D60700B3075901035745
:10E1F0002AB083D6A7A3B337E60081CA81476366F6
:10E20000C700B3B7E60093C7170099DF120426943E
:10E21000E1BDB307690183D607008327CAADE3F5E3
:10E22000F6F0418BE31207F04E85EFF03FCDE30DA2
:10E2300005EE120426948347440093E7070151A892
:10E24000B307690183D7070083264AADE3FED7EC05
:10E25000C9BFEF504FE2E30905ECB523E30605EC37
:10E260004E85EFF07FBAE30105ECB307B90183C730
:10E270000700A94603170AAFB387D702E3C8E7F838
:10E2800065B583474400C18BE38007EAB3075901B2
:10E2900083D787A3FD17C207C183E3E7FCE8834761
:10E2A000C4004E8513C7F7FF058BF99BD98F230652
:10E2B000F400EFF0BFC48347C40013C7F7FF058B1A
:10E2C000F99BD98F2306F400E30005E68347440059
:10E2D000BD9B2302F40089BD373600200147130699
:10E2E0008654A9459307370A9207B29783C6470019
:10E2F0000507BD9A2382D700E316B7FE828001117D
:10E300004EC606CE22CC26CA4AC8AA896D2919C192
:10E31000EFF07FAAB74700209387875403D7A7AEB3
:10E32000374400209307005A1304845463F4E70031
:10E330002315F4AE8327C4AEA9EB035784AE93062E
:10E34000C0038327C4AD4E97B356D7020356A4AE7D
:10E350009305005A1305005A918DB697232EF4ACFD
:10E3600063F6B600B2961395060141819306C00389
:10E370003377D7022315A4AE2314E4AE416763E4D8
:10E38000E7009307F7FF2310F4B0EF901FF78347E0
:10E39000C500A1CF835424B0A9C83389340383278F
:10E3A00084AD37F63600130606E88146B3B434036D
:10E3B0003E99B337F9004A85BE94A685EF10F20E58
:10E3C00037F63600AA89130606E881464A85A685EF
:10E3D000EF103247232CA4AC032544AD9347F5FF3F
:10E3E00063F73703FD57232AF4ACF12E11C98327B5
:10E3F00004AE03A7019899C3637FF7002320E4AE1E
:10E40000F2406244D2444249B249056182804E954D
:10E41000232AA4ACD9BF8566B307F7409386F6E0FC
:10E42000E3F0F6FE2320E4AE6244F240D2444249D7
:10E43000B249014505616F80FFD69377350099EFAA
:10E44000130740063377E502854719E7930700195C
:10E450003375F502933715003E8582808147EDBF05
:10E4600041119387F5FF22C406C693F7F70F2D4796
:10E4700001446362F702B7170300938707AFAE97B3
:10E4800003C4F7FF89476398F500EFF01FFB01C550
:10E4900005041374F40F2285B240224441018280A6
:10E4A000F9C937070080134787D781476366A70CF0
:10E4B000011122CC5564130404184AC8335985024B
:10E4C00026CA4EC606CEAE849309207B33748502DD
:10E4D0004E85EFF09FF6B337A0009387D716636998
:10E4E000F9008509C2093309F94093D90901CDB76B
:10E4F000B716030085472D46938606AF89451387D7
:10E50000F7FF1377F70F6361E6063387F6000347DB
:10E51000F7FF6396B70001C505071377F70F63761A
:10E52000E9040565130505E12381F400B357A4024E
:10E530000509A3812401239034013374A402130537
:10E54000C0032382F400B357A4023374A402A3824D
:10E55000F40085473E8523838400F2406244D24420
:10E560004249B24905618280014785073309E94084
:10E5700093F7F70F69B781473E8582808147630F24
:10E580000510638D051079715EC6835B050006D6A4
:10E5900022D41387EB84420726D24AD04ECE52CCE7
:10E5A00056CA5AC862C441839306400463E2E60C2B
:10E5B000034C2500AD461307FCFF1377F70F63E903
:10E5C000E60A834445005D476364970A034A5500A1
:10E5D0001307B003636E470983496500636A37090F
:10E5E000834A350063860A082E895E85E285EFF04E
:10E5F0003FE78147636E55071304D01633848B02BF
:10E600003707F5FF9387FBFF13079755054B3A94A0
:10E6100013D727003A941307001933D7E7023A9427
:10E6200013074006B3D7E7021D8C63106C07FD1A71
:10E6300019675694130777118147636B87028567C3
:10E64000938707E1B387F4029304C003D56A938AE2
:10E650000A18330A9A0233045403D297CE973E9491
:10E66000B707008093C797D723208900B337F400FA
:10E67000B250225492540259F249624AD24A424B51
:10E68000B24B224C3E8545618280DA855E85EFF093
:10E690003FDD050B2A94137BFB0F41BF3E85828033
:10E6A000797122D4930761012A84580893062101C5
:10E6B00010089305E100680006D6EF10102C835770
:10E6C000C100A2852808231CF1008357E100230D17
:10E6D000F10083570101A30DF10083572101230E9F
:10E6E000F10083574101A30EF10083576101230F0D
:10E6F000F100EFF0BFE8B250225445618280411131
:10E7000006C6B7170040A3810704EF205003B240AC
:10E71000054541016F20E07BB7374F9C9387073059
:10E7200037374F1CAA97130787076366F704011151
:10E730002C0022CC06CE2A84EFF09FD61DC14800C3
:10E74000EFF01FF619CD92476361F402B307F4406E
:10E7500063C9070023A8F19823A081980547238661
:10E76000E198F240624405618280818FE3CB07FE2D
:10E77000B307F040C5B78280411122C426C206C645
:10E7800085441384C19863079502B7374F9C9387DC
:10E79000073037374F1CAE9713078707636CF700B6
:10E7A0002E85EFF07FF723009400B240224492447C
:10E7B0004101828037C5556913050590EFF0DFF5FB
:10E7C00023000400DDB703C5C198828001116800F1
:10E7D00006CEEFF0FFEC11E503A50198F2400561CC
:10E7E000828003A50199B247634805001347F5FFEE
:10E7F000E364F7FE3E95DDB73307A040E3FCE7FE98
:10E80000E1BF797122D426D206D62E84AA8432C6DC
:10E8100036C43AC23EC0EFF07FFB2C08EFF05FC871
:10E8200021C582471247A246324689C483558101D9
:10E830002390B40009C48345A1012310B40009C684
:10E840008345B1012310B60089C60346C101239058
:10E85000C60009C78346D1012310D700054589C7E3
:10E860000347E1012390E700B250225492544561DE
:10E8700082809387A19803C707001377F70F1DCFF6
:10E88000411106C623800700EF601FBB11C9EF00CE
:10E89000407FEF902FFEB240054541016F902F89D8
:10E8A000B73700209387875405673E978346C7B0E4
:10E8B000F99A2306D7B0054798C7E1BF82809387AE
:10E8C000819803C707001377F70F4DCB411106C698
:10E8D00022C423800700EF90FFE7EF909FDC0945FB
:10E8E000EF90EF8437340020130784548567BA977C
:10E8F00003D5C7B013048454EF908F8709C5B717A9
:10E900000040A3810704EFA08FE1EF700FD431C95D
:10E9100081450145EFA00FE081450145EFA04FDEA5
:10E92000930540060545EFA04FDE18448D4763F17F
:10E93000E70203A781998347E4019306803E93058C
:10E94000C012B387D702D146B3D7D7026365F700A9
:10E950008565938585BB2244B240054541016FA082
:10E960006FD99305803E0545EFA0CFDA9305401F90
:10E970000545EFA0EFD89305800C6DB78280938793
:10E98000919803C707001377F70F25CF011106CE23
:10E9900022CC23800700EFF07FE323A0A198EF8033
:10E9A000BF823145EF80BFF8EF405FEDEFF0EFE65B
:10E9B0000545EFF0DF9483C7C1981384B19899E7B8
:10E9C00023000400F2406244056182809307E10065
:10E9D00078009306A1003000930561004800EFF035
:10E9E0005FE279DD034704008357810001E72300DC
:10E9F000F400C9BFE308F7FCEFF01F8E83578100D6
:10EA0000FDB782808347150003470500A2075D8F8D
:10EA10008347250003453500C207D98F62055D8D08
:10EA2000828023AA019A239C019A2396019AA387A4
:10EA3000019A2387019A828003C7019B9387019BD8
:10EA400005071377F70F11C72380E70003C50700F9
:10EA500082800547D5BF411106C6EFA07FC59377D9
:10EA60001520054599E703D5819B133525031345EB
:10EA70001500B240410182802E8621C1B7370020A7
:10EA80009387875403D727006309A70283A6419879
:10EA900003C7E7018567938787BB3307F702B7C7CB
:10EAA0000200938707F26373F7003E87AA853765F4
:10EAB00000201305858D6FF00FA27D5582804111D6
:10EAC00022C4373400209307845403C5470026C26C
:10EAD00006C6EF80BF9103C7E1999307845485462A
:10EAE000374400209384E199130484546315D702BA
:10EAF0008346C4B0858A85E2944F639EA60003C610
:10EB0000F199834684B06318D60003C6D199834631
:10EB100094B0630ED600834694B0034684B0D945C2
:10EB200088CFEFA0FFDB11C9238004000147B2406A
:10EB3000224492443A8541018280034784B085474C
:10EB40002380F400A38FE198034794B0A38EE1984B
:10EB500083A541981385019AEFB08F880547C1BFFF
:10EB6000411122C4373400204AC01309845403459C
:10EB7000490026C206C6EF809F8983C6E1999307A4
:10EB800084540947374400209384E1991304845442
:10EB90006397E6020347C4B0058B15E30327890199
:10EBA000631FA70083C6F1990347A4B06399E600E9
:10EBB00003C6D1998346B4B00547630ED600834699
:10EBC000B4B00346A4B0D94588CFEFA07FD119C90E
:10EBD000238004000147B2402244924402493A850E
:10EBE000410182800347A4B089472380F400A38FAA
:10EBF000E1980347B4B0A38EE19883A541981385AB
:10EC0000019AEFA0FFFD0547F9B7B737002003D6FB
:10EC1000A754357106CF32C42AC6EFF0FFE132485F
:10EC20002246B7670020C1662A8793878785FD162D
:10EC300085450808EF80FF9A01E9EFA07FE3EFF038
:10EC40005FDEFA400D6182801D47AA8523AAE19A02
:10EC50000808239C019AEFA03FDCE5B7C94763EAA7
:10EC6000A700014582800145B240224492444101FF
:10EC70008280411122C42E84AA853765002026C2D5
:10EC8000930485851305858506C6EF804FF261DD07
:10EC900003C704009D47E318F7FC03C5940083C72E
:10ECA0008400420422055D8D420541854184018D29
:10ECB0001335150055BF411126C2B764002022C488
:10ECC000138484858947A300A4002311B40013850D
:10ECD0008485914506C62300F400EF804FEA2302A5
:10ECE000A4002244194723AAE19AB24013858485DF
:10ECF0009244239C019A954541016FA0FFD17971FF
:10ED0000B737002022D41384875426D24AD04ECE5F
:10ED100052CC56CA5AC8835A240006D62A89AE89CC
:10ED2000328AEF908FDD8567A297AA8403D587AFDB
:10ED3000039B07AF37440020930705FFC207C18339
:10ED40004147130484546377F706231201002C0013
:10ED50005A85EF80CFEF19E1231401008327C4AE59
:10ED600003C7C40093B717002303F100834744AFE0
:10ED7000A2072315F1008347C4AFA2072316F100B1
:10ED8000814719C383D724002317F100EFA0FFCDDB
:10ED90005C005287AA865686CE854A85EF808FF220
:10EDA000B250225492540259F249624AD24A424B1A
:10EDB00045618280A9473305F5024C004205418533
:10EDC000EF80EFE859D161B709ED1305F00F8280AC
:10EDD0001305F00FF2406244D2444249B249056142
:10EDE00082809547E3F3B7FE011122CC26CA4EC6B6
:10EDF00006CE4AC8AA84B2892E84EF804FDB69D937
:10EE000003C70400B547E315F7FC3739002083C674
:10EE100034001306895483C724000356C601139790
:10EE200086005D8F130989546306E600E38209FAC0
:10EE3000D58FD9FF83C7540083C6440003572900E8
:10EE4000A207D58FE316F7F883C714000547639030
:10EE5000E704C947E31EF4F603C4840083C77400C3
:10EE600083C9640022045D8C13859400EFF09FB980
:10EE7000AD1993F7F90F1547AA84636EF702371798
:10EE800003008A071307C7AFBA979C4382870D47D1
:10EE9000E390E7F4D947E31DF4F203C4C40083C749
:10EEA000B40083C9A40022045D8C1385D4007DBF07
:10EEB0009304100811C4094531BF9304000865FC90
:10EEC0002685EF90FFB365D92685EF905FD32DCDD2
:10EED00093F7F90F1147E360F7FE371703001307A5
:10EEE00047B18A07BA979843B7470020938787545A
:10EEF000028771F0930705FF3D47E36EF7FA13149D
:10EF0000050141809304050365BF91479304140AEA
:10EF1000E3F887FA4DB78D4793041405E3F287FAB7
:10EF200059BF51F8C1671307F5FFF517E3E5E7F897
:10EF300083270902C9F30347490293071005E3EC4D
:10EF4000E7F6EF90BFE419E1054569B5856723133E
:10EF500099023E998347C9B013052003ED9B230610
:10EF6000F9B0EF802FA40145B5B503A7C7AE11CF07
:10EF700003D747AEC166FD166305D7000507239288
:10EF8000E7AE03A70198232AE90023A607AE83A7CB
:10EF900001982328F90013052003EF80AFA0EFB0FC
:10EFA0003F81D1B783A6C7AE0547638FE60003D77D
:10EFB00047AEC166FD166305D70005072392E7AE8D
:10EFC00003A70198232AE900054723A6E7AEE1B786
:10EFD000239C87AEC9B723AA87AE75BF23AE87AE81
:10EFE0005DBF828011CD411122C406C63304B50035
:10EFF000EF80EFB82300A400B24022444101828098
:10F0000082802DCD411106C68548AA872E87328879
:10F01000639D150309E6B24041016FF05FCEB7363C
:10F02000002083D6A65409462300C500A380B7005C
:10F030002301D500A182A381D7009145EFF09FFA6B
:10F040009546B2403685410182800D468146E39A5D
:10F05000C5FEB736002083D6A65413F6F60FA1825C
:10F06000630A080089452300B500A380E7002381D7
:10F07000C700D1B7230015012147C5BF814636859A
:10F0800082805571CAC1138781991C43A2C5A6C34A
:10F090004EDF52DD56DB85073734002086C75AD94C
:10F0A0005ED762D566D31CC31307845483562700EA
:10F0B00003D7A19AB7440020A30F010013898199B7
:10F0C00013048454938AA19A138A8181938484546B
:10F0D0009389A181639EE6000357440083570A0089
:10F0E0006318F70003C754B083C709006300F7062D
:10F0F000EFF03F933765002091451305858DEFE0D4
:10F100007FB7238E0198835724001385019A23909B
:10F11000FA00835744002310FA0083C754B02380B9
:10F12000F900238F019883A54198EFA05FA285473E
:10F130001CC483C6819A1307A0289387819A91E201
:10F1400001472320E90005472380E70083C7C4B0B7
:10F15000858BADC3EFF0FF8C238F019883A5419879
:10F1600085471CC41385019AEFA01F9F05C503C7DF
:10F1700054B08947631DF702EFF09F9E13351500C9
:10F180009307A028630C053683A541981385019A3F
:10F19000EFA0DFA1BE402E449E440E49FA596A5AA0
:10F1A000DA5A4A5BBA5B2A5C9A5C69618280EFF04A
:10F1B0001F91E9B703C754B08547138A419B630782
:10F1C000F70083270A0099C3EFF0BF8583270A0061
:10F1D000A5E31C440547639EE72283552400C547E9
:10F1E00093066009B387F50203270900B3F7D70236
:10F1F0009387471FE360F7FA03C754B08947B7699D
:10F200000020631FF71E03D664B013858985EF8045
:10F210006FB8A30FA100EFF0BF948345F1011385F0
:10F220008985EFA06FFF89471CC4232009009DB783
:10F230009386819B03D70600FD179384819B050766
:10F240002390E60019476368F71A371703008A0707
:10F25000130787B2BA979C438287EFF0CFFF1DD97F
:10F26000EFA01F8189472320FA00239004001DB7D7
:10F27000B7690020138589859305F101EFA07F848C
:10F280000345F1012DC51389C19A83550900EFF09B
:10F29000FF9C31CD835A0900EFA02FFD9375F50F28
:10F2A0005685EFF06FFD035624008356090032C6E1
:10F2B00036C4EFF06FF80348F101A24632462A87C0
:10F2C0009387898585450810EF80AFB101E9EFF09C
:10F2D0003F89EFA0EFF9EFF0CFF46DBD2AC4EFF056
:10F2E0003F88A2450810EFA02FF38D47ADBF03D78D
:10F2F00004009307900FE3FFE7E8D1BFEFF0AFF50D
:10F30000E30A05E8F9B7EFF00FF5E30505E8EFA02C
:10F310002FF6954789BF376900209305F101130542
:10F320008985EFA00FFA8347F10193098985D1CB35
:10F3300003D7C19A835624001C1009469305F10196
:10F3400013058985EF80CFB2938AC19A3DC90347DF
:10F35000010283C7E19A6316F7068345F10113059D
:10F360008985EF80CF8431CD0347F1018D4701447A
:10F3700063F6E70203C70900B94763E9E70091674D
:10F3800093876702B3D7E700858B99E3014439A0DF
:10F3900003C4390083C7290022045D8C83D70A0087
:10F3A00063918702EFA06FEC9375F50F2285EFF064
:10F3B000AFEC8345F10113058985EFA0EFE599478F
:10F3C0005DB503D7040093071003E3F5E7DC03C73B
:10F3D000F19A83D7C19A894691452380D900A380A9
:10F3E000E9002391F90013058985EF705FF9238205
:10F3F000A9009545C9B7EFF0CFE2EFA06FE759BB81
:10F4000013858985EF804F95A30FA100EFF02FEBB7
:10F4100029B5894A63965703EFA08FA99377150002
:10F4200089C7EFA0EFE48D4701B51375052019E5F5
:10F430000327090093072003E3FEE7D48547EDB3D4
:10F440000D476395E70EB76900209305F101138519
:10F450008985EFA00FE78347F1019DC383C754B0AF
:10F46000639057030357240083D664B09387C199F0
:10F4700005469305F10113858985EF806F9F35DD82
:10F480000345F10151C583552400EFF02FFD49C11B
:10F490009389898583C7F900376700209306B003F5
:10F4A0001307878563EFF6049307C00383C654B040
:10F4B000230FF4008947639CF6008346E401930719
:10F4C000900563E6D7009307A005230FF400834758
:10F4D000770003476700A207D98F231EF400EFF0DF
:10F4E0002FE8EFA0EFD891471CC48347E40113072E
:10F4F000803EB387E7025147B3D7E7022320F900E4
:10F5000051B99306400BE3F3F6FA930740FB79BF3A
:10F5100083C654B009479307A00F6384E60093079E
:10F52000400603270900E367F7C609BF1147639A3E
:10F53000E72AB76900209305F10113858985EFA0BB
:10F540004FD88347F101638B072683C754B063917B
:10F5500057030357240083D664B09387C1990546A7
:10F560009305F10113858985EF808F90E30705E806
:10F570008345F10113858985376B0020EF703FE3E8
:10F58000938A8985130B8B85E30905E683CC54B0F8
:10F59000854703CC0A0083CB1A006392FC0883459D
:10F5A000F101994763FDB7069547631AFC06138579
:10F5B0008985EF70DFDF25C583C71A006391970740
:10F5C00083C75A0083C64A0003572400A207D58F79
:10F5D000E395E7E203C43A0003C72A002204598CEA
:10F5E000E30D04E0E30BF4E0EFA02FC89375F50FF3
:10F5F0002285EFF06FC8E34205E0A285081023964C
:10F60000819AEF707FF5EFF08FCB95450810EFA052
:10F61000AFC085472320FA00239C019AA5BE8345ED
:10F62000F1018D4763FCB70083473B0003472B0084
:10F63000A207D98F0357C401E391E7DCAD476311FB
:10F64000FC04A14763F4B70213054B00EFF08FBB36
:10F6500003A701989306370063E6A60093063500DA
:10F6600063F6E60023A0A198EFF00F8B03C754B018
:10F670008547E314F7D80345F101EFF00FD919BE20
:10F68000BD476319FC0003C754B08547E317F7D69D
:10F690002E85E5B7B5476311FC12954763FEB71099
:10F6A000834A5B0083474B00A20AB3EAFA00835700
:10F6B00024006398570793F7DB0F054701466396CD
:10F6C000E70413858985EFF02FF02A86DE85138500
:10F6D0008985EFF01F9303C754B08947631DF70274
:10F6E00003C7C1998356240003D664B02A8889458C
:10F6F000938789850810EF70DFEEAA85081099EDD1
:10F7000083A701985CC4954705B6DE851385898576
:10F71000EFF0EFDEC9B7AA8513858985EFA0CFAFDB
:10F72000C5B703C754B08547E319F7CCB7640020C9
:10F73000D6851385848DEFE00FD7E34005CC834653
:10F74000E40103A641988567938787BBB386F602D9
:10F75000B7C70200938707F263F3F600BE8693757E
:10F76000F50F1385848DEFE06FE211E5D6855E8598
:10F77000EFF06FD405B40348F1012396519B42C4C6
:10F78000A387719BEFF04FAB2248035624002387D9
:10F79000A19A2A87854593878985D6860810EF70B8
:10F7A0005FE4AA8561D591472320FA000810239CC5
:10F7B000019AEFA06FA6F9BAEFA08FAB8347E401DF
:10F7C0000567130787BBB387E70251478326090004
:10F7D000B3D7E702E3E0F69C85471CC49307C05DFE
:10F7E00031BB1547E398E79AEF909FEC058919E53F
:10F7F0000327090093072003E3FEE79891471CC401
:10F8000023200900DDBE411122C426C206C603C75B
:10F81000050089471384C19B85446312F704D841CE
:10F82000A9448347170003470700A207D98FC207DF
:10F83000C187130710EE6394E7029307700FB54476
:10F8400063EFD700376700202300D40081471307F8
:10F85000079393950701C18163E9D502814403466B
:10F86000040011CE83A7019C99CBDC4389CBB765FB
:10F870000020938505930145829723000400B24040
:10F8800022442685924441018280B305F60003C5D7
:10F890000500B305F70085072380A5005DBF03C7FA
:10F8A000050089476317F706D841834717000347C8
:10F8B0000700A207D98FC207C187130710EE63960E
:10F8C000E704411122C41384B19B3285034604002E
:10F8D00006C62390060011E6B240224401454101CC
:10F8E0008280B76500202390C6009385C59197104C
:10F8F000FF1FE78040ED83A7019C23000400E9DFA0
:10F900009C43F9DB01458297C1BF2390060029453E
:10F9100082802390060005458280058909CDB7269F
:10F92000002037250020938646384146914513052F
:10F9300045346F80D06C0145828009C523A0A19C0D
:10F94000014582804545828051476362C702376521
:10F95000002041111305C59106C6A38DC19A9710C9
:10F96000FF1FE78040E6B240014541018280130558
:10F97000E00F8280CC41411106C6328503C61500D6
:10F9800083C5050022064D8E42068D65418613888B
:10F9900075A2630C060F6348C804138845A263066A
:10F9A000060B634AC800938535A26309B606239007
:10F9B0000600294679A0138855A26308060B938593
:10F9C00065A2E316B6FEC1451D4663ECE506454655
:10F9D000198E63F3C7003E86B71503002390C60057
:10F9E000938545B589A8138895A26300060F634ED9
:10F9F000060B1388A5A2630A060F938505A5E318D5
:10FA0000B6FA99451D4663EEE502198E63F3C70009
:10FA10003E862390C6009385418231A89D451D46B0
:10FA200063E1E5022146198E63F3C7003E86239009
:10FA3000C6009385419CBA959710FF1FE780A0D818
:10FA40000146B240328541018280AD451D46E3EA60
:10FA5000E5FE3146198E63F3C7003E86B7150300F5
:10FA60002390C600938505B9F9B7B1451D46E3EA71
:10FA7000E5FC3546198E63F3C7003E86B7150300D3
:10FA80002390C600938505BA7DB7C1451D46E3EABC
:10FA9000E5FA4546198E63F3C7003E86B7150300A5
:10FAA0002390C600938585B679B7C1451D46E3EA24
:10FAB000E5F84546198E63F3C7003E86B715030087
:10FAC0002390C600938505BBBDB7C1451D46E3EA3B
:10FAD000E5F64546198E63F3C7003E86B715030069
:10FAE0002390C6009385C5B7B9B7B5451D46E3EA6F
:10FAF000E5F43946198E63F3C7003E86B715030057
:10FB00002390C600938545B43DB7B726002037251E
:10FB100000209386C64C4146CD451305C5396F80FC
:10FB2000104E83C7850093F70702E1E303CE05007B
:10FB300009432E888547631B6E0A03A345004111C4
:10FB400022C426C206C6834713000343030032843F
:10FB5000A207B3E767004163130E13FEB684638107
:10FB6000C7030913638A67040D6813082890638725
:10FB70000707A947B240224492443E854101828052
:10FB8000AD476DFB13078007B547E365D7FE032537
:10FB9000C80013068007A2859710FF1FE780A0C248
:10FBA000014503A7819D814771D7184361D72686F8
:10FBB000A285029781477DBFAD474DFF13078007A0
:10FBC000B547E369D7FA0325C80013068007A28565
:10FBD0009710FF1FE78020BF0545E1B72244B240E0
:10FBE0009244854741016F704005A1473E85828060
:10FBF0002D4525EF03C7050089476314F706D84153
:10FC00008347170003470700A207D98FC207C187A0
:10FC100005576394E704411122C426C24AC006C6B0
:10FC200032893684AE84EFD01FF5930780072A8689
:10FC300063F4A700130680072310C400CC444206D7
:10FC40004A8541829710FF1FE780E0B7B240224407
:10FC500092440249014541018280239006002945D2
:10FC6000828023900600054582808280C167F91753
:10FC70006306F504411122C406C685472A846394AD
:10FC8000F50222859385C19CEF80504222859385A1
:10FC9000019DEF80B04122852244B2409385419D71
:10FCA00041016F80B04089476396F5008545EFA01C
:10FCB000B07461D9B24022444101828082804111F6
:10FCC00026C2C16422C49385C19C2A841385F4FF93
:10FCD00006C6EF80B03D9385019D1385F4FFEF804C
:10FCE000F03C9385419D1385F4FFEF80303C370550
:10FCF00001001305C5C60588EFA050670DC022445A
:10FD0000B2409244B7260020372500209386865AB9
:10FD10004146B5451305854D41016F80502EB240D7
:10FD20002244924401454101828009C523ACA19C33
:10FD30000145828045458280411106C60547AE8750
:10FD4000B2856305E50201C90947630DE50209456E
:10FD5000B24041018280376500203E86130585A2AE
:10FD60009710FF1FE78020A60145DDB71307800726
:10FD70006145E39FE7FC3765002013068007130504
:10FD800005AAF9BF130780076145E393E7FC3765D0
:10FD9000002013068007130585B1D9B7411122C48D
:10FDA00026C206C68547AA8432846387F50491C9B2
:10FDB00089476389F504B240224492444945410190
:10FDC00082809385C19CEF6010628947058965D563
:10FDD00013974700B72700209387874DBA9783D79B
:10FDE000A700A285B2402310F40022442685924445
:10FDF000014641016F70103C9385019DEF60B05E3C
:10FE00009947E9B79385419DEF60F05DA9477DBFB4
:10FE1000B7170040854603C8870583C89705238C1C
:10FE2000D70403C797051378F80F93F8F80F1367F3
:10FE30008700A38CE70403C797051377B70FA38C3C
:10FE4000E704238DD704371700408347A70513061F
:10FE5000A705858BFDFB05654147B7150040054E9D
:10FE60001303F5FF2300C60183460600858AEDFED5
:10FE700083D6C5057D17420793C6F6FFB3F6660025
:10FE80004183B69765F3A1079183130505801D8D06
:10FE9000A38C15054205238C050541858280B71783
:10FEA000004003C777051A0592054D8D1377E70FBC
:10FEB00013653500A38BE7041375F50FA38CA70416
:10FEC0008280B717004003C777051377E70FA38B2E
:10FED000E704130700F8A38DE7043D47238CE704EC
:10FEE00013075003A38CE70482800547B71700402F
:10FEF000238DE704371700408347A705858BEDFF67
:10FF00000355C705520551818280B717004083C74A
:10FF1000E7020D8993F7C70FC98FF3260080A18AE6
:10FF200091CAF326008023AED19C83A6C19DDD9AA1
:10FF3000739006800F100000B7160040130670057E
:10FF40002380C604130680FA2380C6040F10000025
:10FF50002387F60223800604F326008083A7C19D31
:10FF6000A18BD58F7390078023AE019C0F100000EA
:10FF7000828041112A83014E930E407E130F001997
:10FF8000930F400663E76E149308001913034006AD
:10FF9000B3781503854E0D4FA14F337365020D895C
:10FFA0001335150063E1BE161308F6FF7946729803
:10FFB0004208135808013307C70213D61700BE07BB
:10FFC00032976146B3F6C60213068070B386C60246
:10FFD0003697A166F58F42075D8FB716004083C73D
:10FFE000F60293F70708A307F1000346F10083C761
:10FFF000F60293F70708E394C7FE8347F100B716AC
:020000040001F9
:10000000004093F7F70F638A0714F3260080A18A54
:10001000639B06140F100000B7160040130670050E
:100020002380C604130680FA2380C6040F10000044
:1000300023AA060303C6160313660608A388C6028E
:10004000238006047326008083A6C19DA18AD18ED9
:100050007390068023AE019C0F1000001166B71547
:1000600000407D16D459C85DA98EF18EE5FEF326B9
:100070000080A18A91CAF326008023AED19C83A67A
:10008000C19DDD9A739006800F100000B7160040E6
:10009000130670052380C604130680FA2380C60465
:1000A0000F100000D8DA03C7160313670704A388EC
:1000B000E60223800604F326008003A7C19D218B5E
:1000C000558F7310078023AE019C0F100000410173
:1000D00082807D133368E3039308E016630E080003
:1000E0003368F3039308D01663080800937833004D
:1000F00093B818009388D81633081E01131E080100
:10010000135E0E0141B56393E5030548638608005D
:100110000148630303002A8871087298FD15131EB5
:100120000801C205135E0E01C181ADBD13F81500B3
:1001300063F4BF007908D5B713381800E5BF83C74B
:10014000F60293F70708A307F1000346F10083C7FF
:10015000F60293F70708E394C7FE8347F10093F78D
:10016000F70FF1DF5DB5F326008023AED19C83A6A7
:10017000C19DDD9A7390068071BDB718004003A839
:10018000C80303D3A80383D888034111060393D877
:10019000F8004A08B30E13019308407E22C626C415
:1001A0004AC21358280123101501930F0019930216
:1001B000D01693034006130FC01603530500B378FF
:1001C000F30363800810B378730263810810937897
:1001D000330013BE1800130EDE166350C8092390B7
:1001E000050005449944F94FF5421309001993039A
:1001F000400683D80500138F18006394880A0353C0
:100200000500337E2303630C0E08B3787302638604
:1002100008009378330063840808F148635C18058C
:100220002390E5010508231006010566130606E183
:10023000B3D5CE023244A244124933F6CE02239003
:10024000B6009306C0033356D602B3F6DE0223107F
:10025000C7002390D7004101828093B8180093888B
:10026000D816330818414208050313580801231013
:100270006500A1B78548630B0E00337E7302814889
:1002800063060E009378330093B81800F108330822
:1002900018414208135808012390E50199BFF54819
:1002A000B5BF13F3180063F8140163180300E3D912
:1002B00002F7F948E9BFE31C03FEE3D30FF7FD485B
:1002C000F9B7E3DE02F19308E01661BFE3590FF1DD
:1002D0009308D01679B75971E2C486D6A2D4A6D2B3
:1002E000CAD0CECED2CCD6CADAC8DEC6E6C2EAC002
:1002F0006EDE2A8C02D6EF00D035F3270080A18B6A
:1003000091CBF327008023AEF19C83A7C19DDD9B99
:10031000739007800F100000B71700409306700518
:100320002380D704930680FA2380D7040F1000009F
:1003300083C6F70293F6760FA387D70283C6F70228
:1003400093E68600A387D70223800704F326008064
:1003500083A7C19DA18BD58F7390078023AE019C8D
:100360000F100000F3270080A18B91CBF3270080B2
:1003700023AEF19C83A7C19DDD9B739007800F1076
:100380000000B7170040930670052380D70493063A
:1003900080FA2380D7040F10000083C6E70293F68B
:1003A000C60F2387D70283C6E70293E6160023878A
:1003B000D70223800704F326008083A7C19DA18B69
:1003C000D58F7390078023AE019C0F100000930619
:1003D00080C1B346D5029169938709E8130650029C
:1003E0003D69B7440F0093840424056B014A814A98
:1003F00013047005FD19B347F502B386C6023EC269
:10040000930709A61309803E33C7F602B3462503B6
:100410003AC4054933198901135939403386C60254
:100420003345950293040BFAB3948401011B3347BF
:10043000F6021306A0043309D9023AC63386C6026F
:1004400093066055B3049502130500103309D902D1
:100450003347F602B3C4A4023AC8B347F90213976C
:100460003400371900403ACC930409043ECAF325FE
:100470000080A18991C9F325008023AEB19C83A59A
:10048000C19DDD99739005800F10000093077005E2
:100490002380F400930580FA2380B4000F1000003D
:1004A0008345390593F5850FA309B90483453905BB
:1004B00093E51500A309B904238004007325008087
:1004C00083A5C19DA189C98D7390058023AE019C30
:1004D0000F100000930B80FA916CF3250080A18926
:1004E00091C9F325008023AEB19C83A5C19DDD9900
:1004F000739005800F100000930770052380F400AF
:10050000238074010F10000083453905E17793E5DE
:100510000502A309B90483550905B3E5950123181C
:10052000B90483550905DD8DC205C1812318B904BD
:10053000238004007325008083A5C19DA189C98DF6
:100540007390058023AE019C0F1000008345390590
:1005500093F505026387051683453905A189EDDD0D
:100560006810EF003013F3250080A18991C9F325AD
:10057000008023AEB19C83A5C19DDD997390058059
:100580000F10000023808400238074010F100000EE
:1005900083453905E17793F5F50DA309B904834542
:1005A000390593E50502A309B90483550905B3E5A7
:1005B00095012318B90483550905DD8DC205C18154
:1005C0002318B904238004007325008083A5C19DEE
:1005D000A189C98D7390058023AE019C0F10000086
:1005E0008345390593F5050263890510834539056F
:1005F000A189EDFD9700FF1FE78000CEAA852ECED2
:100600009700FF1FE78040CDF245E30AB5FE835512
:1006100009053255B3E595012318B904EF00900997
:1006200083453905A189EDDD035509058345290574
:10063000924733F5A900B385B9022E951D8DA247C7
:1006400063D5A700B2476346F50E894563E5550FAC
:10065000C247850A9315150093FAFA0FB3C5F50240
:100660006351A03C85050945B3C5A50273250080EB
:10067000218911C97325008023AEA19C03A5C19DCA
:100680005D99731005800F10000023808400238083
:1006900074010F1000000355C902AA95C205C1815B
:1006A0002316B902238004007325008083A5C19D11
:1006B000A189C98D7390058023AE019C0F100000A5
:1006C00029BDF3250080A18991C9F325008023AEBF
:1006D000B19C83A5C19DDD99739005800F1000002A
:1006E00023808400238074010F10000083453905A6
:1006F00093E50502A309B90425BDF3250080A1896E
:1007000091C9F325008023AEB19C83A5C19DDD99DD
:10071000739005800F1000002380840023807401F3
:100720000F1000008345390593E50502A309B904BC
:1007300051BDE38F0AF0F3250080A18991C9F3250B
:10074000008023AEB19C83A5C19DDD997390058087
:100750000F100000930580FA238084002380B400EA
:100760000F100000834539051375FC0F93F5850FB5
:10077000A309B90483453905C98DA309B9042380A8
:1007800004007328008083A5C19DA189B3E50501FC
:100790007390058023AE019C0F100000130880FAAF
:1007A000834539059D8963908529F3250080A189BA
:1007B00091C9F325008023AEB19C83A5C19DDD992D
:1007C000739005800F100000930580FA2380840049
:1007D0002380B4000F10000083453905116593F59F
:1007E000F50DA309B9048345390593E50502A3096D
:1007F000B90483550905C98D2318B9048355090522
:100800002165C98D2318B904238004007325008055
:1008100083A5C19DA189C98D7390058023AE019CDC
:100820000F100000130580FA8345390593F5050282
:100830006385052483453905A189EDDD6810992D6F
:10084000F3250080A18991C9F325008023AEB19CD6
:1008500083A5C19DDD99739005800F10000093055D
:1008600080FA238084002380B4000F1000008345A9
:100870003905116593F5F50DA309B90483453905CB
:1008800093E50502A309B90483550905C98D231809
:10089000B904835509052165C98D2318B90423803E
:1008A00004007325008083A5C19DA189C98D739023
:1008B000058023AE019C0F100000130580FA8345CC
:1008C000390593F505026385052083453905A1891E
:1008D000EDFD9700FF1FE78020A0AA8B9700FF1F68
:1008E000E780809FE30C75FF835509051165C98D6D
:1008F00032552318B9047D2B83453905A189EDDDD7
:10090000F3250080A18991C9F325008023AEB19C15
:1009100083A5C19DDD99739005800F10000093059C
:1009200080FA238084002380B4000F1000008345E8
:10093000390593F5F50DA309B90423800400732547
:10094000008083A5C19DA189C98D7390058023AEC8
:10095000019C0F1000000355090583452905E24756
:1009600033F5A900B385B9022E951D8D9305800C32
:10097000B305B502D247B3C5F5026356A01A850583
:100980000945B3C5A5026352B01A0355C90213083D
:10099000F00F15812E95635BA824894563F5451FEB
:1009A000F3270080A18B91CBF327008023AEF19C2D
:1009B00083A7C19DDD9B739007800F100000371740
:1009C0000040930770052300F704930780FA230083
:1009D000F7040F1000008356C70289678117D58F6F
:1009E000C207C1832316F702230007047327008080
:1009F00083A7C19DA18BD98F7390078023AE019CE3
:100A00000F100000B650265496540659F649664A0F
:100A1000D64A464BB64B264C964C064DF25D656168
:100A20008280FD1589B1F3250080A18991C9F32544
:100A3000008023AEB19C83A5C19DDD997390058094
:100A40000F10000023808400238004010F10000099
:100A500083453905C98DA309B90423800400F3280F
:100A6000008083A5C19DA189B3E515017390058020
:100A700023AE019C0F10000025B3F3250080A1894F
:100A800091C9F325008023AEB19C83A5C19DDD995A
:100A9000739005800F100000238084002380A40041
:100AA0000F1000008345390593E50502A309B90439
:100AB000238004007328008083A5C19DA189B3E52C
:100AC00005017390058023AE019C0F100000A9BBA7
:100AD000F3250080A18991C9F325008023AEB19C44
:100AE00083A5C19DDD99739005800F1000002380C0
:100AF00084002380A4000F1000008345390593E58E
:100B00000502A309B904238004007328008083A58B
:100B1000C19DA189B3E505017390058023AE019CB9
:100B20000F10000069BBFD15A1BDE9C10355C90245
:100B30003308B0401581635B050B894563F54505B6
:100B4000F3270080A18B91CBF327008023AEF19C8B
:100B500083A7C19DDD9B739007800F100000B7171E
:100B60000040130770052380E704130780FA2380F1
:100B7000E7040F10000003D7C7027D8B2396E7021E
:100B800023800704A5B5F3250080A18991C9F32529
:100B9000008023AEB19C83A5C19DDD997390058033
:100BA0000F100000930580FA238084002380B40096
:100BB0000F1000008355C90293F5F50FB3E56501E9
:100BC000C205C1812316B902238004007325008069
:100BD00083A5C19DA189C98D7390058023AE019C19
:100BE0000F100000050A137AFA0F51B0F3270080A6
:100BF000A18B91CBF327008023AEF19C83A7C19DED
:100C0000DD9B739007800F100000B717004013079B
:100C100070052380E704130780FA2380E7040F1090
:100C2000000003D7C7029605BA95C205C181239675
:100C3000B702B9B70D06719A81473307F500639380
:100C4000C700828014433387F500910714C3F5B7BA
:100C50004111B7F5070022C42A862A848146E1059E
:100C6000194506C69710FF1FE780E026B240230310
:100C70000400A3030400224441018280914763EDF4
:100C8000B702B7170300938747BC8A05BE959C41FE
:100C90008287B717004003A7470B1345F5FF698FFD
:100CA00023AAE70A03A7070B698F23A8E70A03A76C
:100CB000070A798D23A0A70A8280B717004083A670
:100CC000470B1347F5FFF98E23AAD70A83A6070B14
:100CD000558D23A8A70A83A6070A758F23A0E70AC4
:100CE0008280B717004003A7470B498F23AAE70A62
:100CF00003A7070B1345F5FF45BFB717004083A6B1
:100D0000470B1347F5FF758F23AAE70A03A7070AC6
:100D1000598D4DB7B717004003A7470B498FEDB763
:100D2000914763EDB702B7170300938787BD8A0524
:100D3000BE959C418287B717004003A7470D134516
:100D4000F5FF698F23AAE70C03A7070D698F23A876
:100D5000E70C03A7070C798D23A0A70C8280B71797
:100D6000004083A6470D1347F5FFF98E23AAD70C41
:100D700083A6070D558D23A8A70C83A6070C758F96
:100D800023A0E70C8280B717004003A7470D498FC7
:100D900023AAE70C03A7070D1345F5FF45BFB717B7
:100DA000004083A6470D1347F5FF758F23AAE70C74
:100DB00003A7070C598D4DB7B717004003A7470D80
:100DC000498FEDB7B717004003D7870109C5D98D03
:100DD000239CB700828093C5F5FFF98DD5BFB74737
:100DE00000401147A381E74009472380E7401307EC
:100DF00000062380E74003C7174013670701A3805D
:100E0000E7408280B747004003C707401377F70EDB
:100E10002380E7402382A74037470040834767404D
:100E200093F70704E5DF8280B747004003C7074018
:100E3000136707012380E7407D572382E740374748
:100E400000408347674093F70704E5DF03454740C9
:100E50008280B717004003D5870042054181937710
:100E6000050491EB9377F5013755E80113050580EB
:100E70003345F50282809377050C130700046397CE
:100E8000E7009377F50137459C1CCDB72165130525
:100E900005D0828037E700E01C435443A183E2067B
:100EA000D58F1CC1FD572320F7182322F7180F10E8
:100EB0000000828013178500B7E700E023A0E71049
:100EC000618123A2A7108280B7F700E08847CC4752
:100ED0008280B717004083C7670493F7F70F93E644
:100EE000270019E193F6D70F73270080218B938792
:100EF000C19D01CB7327008098C398435D9B7310FD
:100F000007800F10000037170040130670052300FC
:100F1000C704130680FA2300C7040F100000230340
:100F2000D70423000704F32600809843218B558FB4
:100F30007310078023A007000F1000008280732722
:100F40000080218B9387C19D01CB7327008098C3BC
:100F500098435D9B731007800F1000003717004007
:100F6000930670052300D704930680FA2300D70464
:100F70000F1000008346670493E606012303D7049D
:100F800023000704F32600809843218B558F7310AC
:100F9000078023A007000F1000008280B7270040C1
:100FA000C8C709472380E70011472380E7008280F4
:100FB000411122C406C62A84EFF0BFE92947B307CE
:100FC000E502B2408D83B3D7870222449507B3D799
:100FD000E70237370040C207C1832316F7004101FB
:100FE0008280B7370040130700F8A380E7008280B3
:100FF000411122C406C62A84EFF0BFE52947B30792
:10100000E502B2408D83B3D7870222449507B3D758
:10101000E70237370040C207C1832316F74041017A
:101020008280716541111305052006C6EFF05FFC53
:10103000B7370040130770F82381E7400D47A381BD
:10104000E74013070004A380E74005472387E740F4
:10105000B24041018280B737004003C7174019C929
:10106000D98DA380B74003C707401367870023804B
:10107000E740828093C5F5FFF98DA380B740828059
:10108000B7370040130700F8A380E7408280411182
:1010900022C406C62A84EFF0DFDB2947B307E50246
:1010A000B2408D83B3D7870222449507B3D7E702B6
:1010B00037470040C207C1832316F7C04101828031
:1010C000396541111305051006C6EFF05FFCB747FF
:1010D0000040130770F82381E7C00D47A381E7C0E4
:1010E00013070004A380E7C005472387E7C0B24089
:1010F00041018280B747004003C717C019C9D98D85
:10110000A380B7C003C707C0136787002380E7C069
:10111000828093C5F5FFF98DA380B7C0828023AC90
:1011200005FE1C4191E7010001000CC18280BA87D5
:1011300003A787FF6DFF23ACB7FE82801DC18346E6
:10114000E5FF1307F00F9147639EE600411106C6C5
:101150009700FF1FE780C04CB24081473E854101A8
:10116000828095473E85828001E901458280014564
:10117000B24022444101828095654111938505D09A
:1011800022C4C98D2A842105C2054205C18141813D
:1011900006C69700FF1FE780403C71D9FD5723200A
:1011A0000500231285002303F5002105D1B713871D
:1011B000019E1C43411122C426C24AC006C60144F6
:1011C0000149BA8489E7A16571250DC401A803C747
:1011D000E7FF6318A7021DC8A165FD249840832777
:1011E00084FF6317E40223A0F19EFD57232C04FE25
:1011F000230FF4FE2285B240224492440249410169
:10120000828011E03E8983A787FF6DBF3E84E5BFE2
:10121000232CF9FED9BFB9CD411122C406C62A84B8
:101220009757FF1F83C7D79A2E856375F4008947A8
:1012300063E98700EFF09FF00D45B2402244410181
:10124000828083A785FF99E703C7E5FF9307F00F27
:101250006306F700EFF09FEE1545C5B7238F85FEB7
:101260001385019EEFF0BFEB22852244B240A165B9
:10127000410199AC1545828023A0019E828093870D
:10128000819F9C4399E33E85828003D727006316A4
:10129000B70003C70700E308A7FEDC47E5B7BDCDED
:1012A000797122D406D626D24AD04ECE0144414787
:1012B000B3D78540858BB1CF1205314722953305D1
:1012C000E5029387819E03A907008544B3948400B7
:1012D000C204C180BE892A990327090011C70325CA
:1012E00049002EC60297B24531473304E40283A772
:1012F00009003E941C4489E72320090023220900A9
:10130000B2502254A58D02599254F2492E8545615E
:1013100082800504E31EE4F88144DDB72E858280D7
:1013200041111397050122C406C626C24AC041874F
:101330002E8463500702EFF09FE719C1EFF01FE022
:10134000A1673D8C2285B24022449244024941016A
:101350008280EDD9AA8701474146B356E440858A89
:101360009DCA9207BA97B146B387D7029386819EEA
:1013700003A906008544B394E400C204C1803E99E9
:10138000832709000325490082972320090023228F
:101390000900258C45BF0507E311C7FC8144D5BF73
:1013A0009747FF1F9387077F9C53411122C406C6AE
:1013B0001384418399C782971C403E9523AAA1823A
:1013C00029A09387019F9C43FDF70840B74703007E
:1013D0009387D73F3305F502B7A72600938737ECED
:1013E000B24022443E9523AAA1824101828079C95C
:1013F0009387019F9C43797122D426D24AD04ECE46
:1014000052CC56CA5AC806D65EC63A8AB689328BBC
:10141000AE8A2A8982979387819E9843BE8401442D
:10142000B146C147B30BD40233067701104251E6EF
:10143000C165938505F041459700FF1FE780E011E6
:101440001DE59747FF1F9387E7749C5B2D4589C770
:101450001145814582972D45B2502254925402592C
:10146000F249624AD24A424BB24B4561828093872D
:10147000819F98431DEF23ACA19E230005009C4053
:101480000547331787002326050023246501231110
:10149000E50023224501DE9723A0270123A257015F
:1014A00023A447010145E38909FA238089006DB728
:1014B0003E875C47F5FF48C7C9B70504E314F4F657
:1014C000214559BF094582809747FF1F83C7577041
:1014D000637FF5001387419E9317150008433E95DF
:1014E00083570500DD8D2310B500014582800D4531
:1014F00082809747FF1F83C7B76D6371F50213871B
:10150000419E93171500084393C5F5FF3E958357F9
:101510000500FD8D2310B500014582800D458280B8
:10152000130705FF1377F70FFD4763E7E70AB14697
:10153000B306D5029387819E98438947369718430F
:1015400049CF011122CC4EC60544935945003D892F
:101550003315A40013140501418026CA4E85AE84BC
:10156000A2854AC806CEEFF09FD12A89814729CDAE
:10157000A2854E85EFF0FFF79387019F9C438297EA
:101580009747FF1F83D78769338797022A8481464D
:1015900013060064B3B7970213050732B335E500AD
:1015A000BE95EFE08170B30785009746FF1F9386D5
:1015B00066663E87D44263E4A70063E4D7003387BE
:1015C000D7402324E9008147F2406244D244424993
:1015D000B2493E850561828089473E85828001113E
:1015E00026CA06CE22CC4AC84EC6BD47894463EF00
:1015F000A70231473307E5029387819E9C438944C4
:10160000BA979C4385C705443314A4004204418023
:101610002E890145A285EFF09FC6AA89814419C58C
:10162000A2850145EFF0FFEC23A42901F2406244BA
:1016300026854249D244B249056182809747FF1FFF
:1016400083C717596364F5000145828001119387B0
:10165000019F56C283AA070006CE22CC26CA4AC8DA
:101660004EC652C4638E0A0A174AFF1F130A8A5ACB
:1016700083244A00B74736FE938707C8AE8997454B
:10168000FF1F83D5A559BE94B387C5022A8432892A
:101690008146B3B5C50213850732B337F50013068B
:1016A0000064BE95EFE0616063ECA406829A974502
:1016B000FF1F83D5A556B3872503AA8413060064AC
:1016C0008146B3B5250313850732B337F500BE95C0
:1016D000EFE0A15DB3079500BE8403274A0063E4F1
:1016E000A70063E4E700B384E740CE852285EFF0EE
:1016F0001FB901C504C505452DA0936504F0C205B9
:10170000C18141459700FF1FE78020E505E5974728
:10171000FF1F938727489C5B81C7A285114582974D
:101720000145F2406244D2444249B249224A924AB7
:10173000056182809387819F9C438DE323ACA19EAA
:1017400085472326050004C52311350123008500A4
:10175000A300F5002322050079BFBA87D84775FF9B
:10176000C8C7F9BF51C9797122D426D24AD04ECE0A
:1017700052CC56CA5EC662C466C206D65AC83689FC
:10178000328AAE89AA844144314C938A819E854C29
:10179000930B0003330B840303A70A005A971C43DF
:1017A000B9E79375F400B395BC0013554440C205E6
:1017B0005286C1811375F50FEFF05FE80DC983A75D
:1017C0000A000145DA9784C323A2370163040900A4
:1017D00023008900B250225492540259F249624ABD
:1017E000D24A424BB24B224C924C45618280050456
:1017F000E31274FB2145F9BF09458280411122C4DF
:1018000026C24AC006C62A842E89B284EFF01FE39E
:10181000CA852285EFF0BFA605CD9745FF1F83D56A
:10182000E53FB38795022A84130600648146B3B569
:10183000950213850732B337F500BE95EFE0E14618
:1018400048C00145B240224492440249410182808D
:101850002145CDBF411122C426C24AC006C62A89ED
:101860002E84EFF0DFA1AA8419C123110500A285FF
:101870004A85EFF01FC89747FF1F83C767356397F7
:10188000270183D7C19E5D8C2396819E014591E0FF
:101890001945B24022449244024941018280930793
:1018A000F00263E7A7044111B14722C43304F502F3
:1018B00026C29384819E9C4006C6A297984389477E
:1018C00015C39377F5008545B395F500C205C18131
:1018D0001181EFF03FF89C40A29723A0070023A2BC
:1018E00007008147B240224492443E8541018280F4
:1018F00089473E858280411106C622C4EFF03F9899
:1019000011E50145B2402244410182809387019F45
:101910009C43004582979747FF1F9387A72F6368D3
:10192000A402D843B74636FE938606C83305A440C2
:101930003697E378E5FC13070064B335E50203D678
:10194000870081463305E502EFE0213665BFD843C5
:101950003A94C1BF411106C623AAA19E0295B24086
:101960009747FF1F23A2A72801454101828099477D
:1019700063E9B7008A059747FF1F9387E727BE955E
:1019800088C182804111714681451745FF1F1305AB
:10199000A52606C623AC019E23AA019E23A8019E6C
:1019A00097F0FE1FE780A0E51306800281451745EA
:1019B000FF1F1305E52197F0FE1FE78040E4EF507D
:1019C000D1669747FF1F83C7571E13D527008D8BFE
:1019D0003E958D473305F502854539051375F50F9D
:1019E0009747FF1F2387A71E99473305F502130565
:1019F00005249700FF1FE78040B623A4A19E59C588
:101A000099471746FF1F0346C61C3306F602814559
:101A10001306062497F0FE1FE78060DE9387819E01
:101A20009C439387072423AEF19E1747FF1F03476C
:101A3000471A0A07BA9723A2F19EEFF0FF830D23FE
:101A40009387C19F94439747FF1F83C777181397C6
:101A500027003697170600001306A68410C31387C5
:101A600017001377F70F0A073697170600001306BB
:101A7000668B10C313873700890793F7F70F8A0720
:101A80009745FF1FA386E514B69790C3B240410166
:101A900082809747FF1F83C7B7131747FF1F03476E
:101AA000471363F1E7021387C19F1843938617001A
:101AB0001746FF1FA30ED61093962700369708C32C
:101AC0003E8582809307F00FE5BF1C4163890716AE
:101AD00041777D8FB706002089476313D7160357D8
:101AE0004500630F0714411122C419462A84930547
:101AF000F00F690506C697F0FE1FE78060DA05471C
:101B00008D476309E5121C4481CB585899476303FC
:101B10000712185C630007121306C00381451745BE
:101B2000FF1F1305250797F0FE1FE78040CD130622
:101B3000C003A2851745FF1F1305C50597F0FE1FBB
:101B4000E78060C81747FF1F035787059747FF1FA8
:101B50009387470419E7130700109746FF1F239147
:101B6000E6041747FF1F0347C70311E705479746DA
:101B7000FF1F2388E6021747FF1F0357A70211E73D
:101B80006D479746FF1F239FE6001747FF1F034738
:101B9000570111E715479746FF1FA384E600174733
:101BA000FF1F0347470011E705479746FF1F238C98
:101BB000E6FE1747FF1F034717FF19E703C7F700A4
:101BC0009746FF1FA381E6FE1747FF1F0347C7FD88
:101BD00011E735479746FF1F2388E6FC1747FF1F8D
:101BE0000347D7FC19E7130780029746FF1FA38F0F
:101BF000E6FA1747FF1F034737FB19E71307D00221
:101C00009746FF1FA382E6FA0347840119E71307EB
:101C1000C0039746FF1F238BE6F89C5791C7829716
:101C20009747FF1F239AA7FAFD57A381F1B4EFF05E
:101C30007FD58147B24022443E8541018280894759
:101C40003E85828001114EC69749FF1F938989FC0A
:101C500083A7090006CE22CC26CA4AC852C482975E
:101C600013090064B335250303DA890081465286DF
:101C700033052503EFE061039747FF1F938747F57F
:101C8000804FAA8401456306940233858440636EC5
:101C9000940003A5490052868146B335A902330555
:101CA000A902EFE08100018D26959747FF1F23AD24
:101CB00097F2F2406244D2444249B249224A056155
:101CC0008280011122CC0A852E84414697F50100BD
:101CD0009385458906CEEFE00172180806043A9410
:101CE000035504FF9747FF1F83D767F3F240624411
:101CF000AA9737450F00130505243355F5020561F2
:101D000082809747FF1F83D787F151471D45637C2A
:101D1000F702794719456378F70213072003154541
:101D20006373F7021307B0041145637EF7001307CE
:101D300040060D456379F700130760090945637490
:101D4000F70013B5B70F8280011122CC06CE2A848A
:101D50002EC6EFF0EFE4B245F240818D33A5A50227
:101D6000229562441375F50F05618280011122CC22
:101D700006CE2A842EC6EFF0AFE2B245F240818D46
:101D800033A5A50222956244420541810561828006
:101D9000011122CC06CE2A842EC6EFF06FE0B245A8
:101DA000F240818D33B5A50222956244056182809F
:101DB0009747FF1F938707DE985739CB411122C4FD
:101DC00026C206C6BE8402971747FF1F0357C7E007
:101DD0002A8415CBBA876373A700AA87C207C18379
:101DE000BA866373E400A286C206C182958F51470A
:101DF000635BF700DC5491C38297EFF0904D9747F7
:101E0000FF1F239B87DCB240224492444101828021
:101E100082809747FF1F9387E7D7DC57011106CED3
:101E2000AA8581C72AC68297B245D1C19C41054582
:101E3000A5CFDC41B5CB83D78500BDC783D7A5002F
:101E4000A5C783C7C500ADE341461745FF1F13056E
:101E500065DC97F0FE1FE78000979747FF1F938789
:101E600067DB9C4323A8F19E9747FF1F83C717D4C6
:101E70008DE7930780021745FF1F035525DA3305C9
:101E8000F50237460F001306062481468145EFD040
:101E9000D1619747FF1FA38BA7D01705000013053B
:101EA000A5DAEFF03FAB0145F2400561828097472C
:101EB000FF1F83C787CF1397870161876354070488
:101EC0009747FF1F23A407D297F7FE1F938767D07A
:101ED0001747FF1F2320F7D47D579747FF1F23ADD8
:101EE000E7D2B7873200938727A19746FF1F23A722
:101EF000F6D29747FF1F238507D2B7C7004023A418
:101F0000E726A1BF13F7170005CFB78720039387F4
:101F100007D01747FF1F2323F7D0B707C0A81747DD
:101F2000FF1F232BF7CE97F7FE1F9387A7CD1747E9
:101F3000FF1F2321F7CE9747FF1F238307CE31BF13
:101F400061779746FF1F239BE6CC81CB9307003236
:101F50001747FF1F2315F7CCC9B793072003CDBF41
:101F6000011122CC1744FF1F1304C4C2084406CE3B
:101F700026CA4AC801E90545F2406244D2444249B2
:101F8000056182805C58E5DB185C75D7700085457B
:101F900082971844B247E300F7FE9305E004174523
:101FA000FF1F0355E5BF97F0FE1FE780005B174753
:101FB000FF1F232FA7C261D11746FF1F035646BE3E
:101FC0009305F00F97F0FE1FE78060838144174967
:101FD000FF1F1309E9BF9747FF1F83C787BC03266D
:101FE000090263C1F402328597F0FE1FE780406367
:101FF00001459747FF1F23AD07BE9747FF1F23AB40
:1020000007BE9DBF9745FF1F83D585B9B38795024E
:102010000844185C898185043E9508C2029765BF13
:10202000011156C2974AFF1F938ACAB683A78A0036
:1020300022CC4AC84EC606CE26CA52C45AC0AA8965
:102040002E8432896385072203A74A036307071496
:102050007D476366A7149744FF1F938464B703AA60
:10206000040263170A0A9565938515E01745FF1F5B
:10207000035505B397F0FE1FE780204E9747FF1FDB
:1020800023A8A7B62A86630A051083A74A0303A5D7
:102090008A009745FF1F83D5A5B08981829783A7C2
:1020A0008A0003AA04021747FF1F2325F7B48947B4
:1020B000639CF908C1476312F40E9745FF1F83D54F
:1020C00025AE938505FC9147B3C5F5028A05D295E7
:1020D00003C705009307A005631DF70A83C7150012
:1020E0006399370B4A852286910597E0FE1FE780AA
:1020F000806D9C505285639347150145F2406244C0
:10210000D2444249B249224A924A024B0561828036
:10211000D850E38EE7F89565938525E01745FF1FB6
:10212000035505A897F0FE1FE78020432A8A35C58E
:102130002A8683A74A0303A58A009745FF1F83D5F4
:1021400025A689818297A5B78D47639DF900C14770
:102150006315F4049745FF1F83D585A4938545FD3A
:10216000F199B5B79147639AF9006318340397451D
:10217000FF1F83D5E5A2A115E5B7C147639FF9000D
:10218000A14763EC87009745FF1F83D565A1C11563
:10219000C1BF9C5052856397470D294585B71307EA
:1021A000F006568B6361A70A130A05FE1947334AE6
:1021B000EA021747FF1F0357A79E974AFF1F938AFC
:1021C0002AA1330AEA023E9A83A74A02639547018D
:1021D00083A40A029DE49305E0041745FF1F0355FD
:1021E000259C97F0FE1FE7804037AA845DD58327A2
:1021F0004B039745FF1F83D5A59A2A86898152856F
:10220000829791451307A005898193972500A6978A
:1022100083C607006393E60483C61700639C3603F6
:1022200085058A052286A6954A8597E0FE1FE780E8
:10223000805983A70A02E38297EC268597F0FE1F58
:10224000E780003E5DBD1307E007E368A7F4130ACB
:1022500005F985B783D5270045BF83A70A02E38E1A
:1022600097F2268597F0FE1FE780803B3DB79747A2
:10227000FF1F9387E7958C538DD191479306A00557
:102280008983139727002E9703460700E317D6F09C
:1022900003461700631C360185078A072286BE9510
:1022A0004A8597E0FE1FE780005281BD83572700D3
:1022B000C1BF9747FF1F9387E78D984739C79C5F3A
:1022C000A9C705476313E504411122C41744FF1F42
:1022D00013040490105006C60DC648509745FF1FC2
:1022E00083D5058C89818297085097F0FE1FE7807F
:1022F00020339747FF1F23AD078E9747FF1F23AB60
:10230000078EB2402244410182808280011117472A
:10231000FF1F130727884EC68329870022CC26CAB1
:102320004AC806CE52C456C2AA842E843289638A11
:1023300009201C5FBA8A99EB2945F2406244D244D5
:102340004249B249224A924A056182805C5BEDD7DC
:10235000FD4763E9A70E9749FF1F9389698783A704
:102360000902B1CB03A58A0083A749026395A7069A
:1023700089476393F408C147E310F4FC1745FF1F36
:10238000035505829147130505FC3345F502931764
:10239000250003A509022286CA853E959307A0055C
:1023A0002300F500A3009500110597E0FE1FE780CC
:1023B0008041014559B79305E0041735FF1F0355C8
:1023C000257E97F0FE1FE78040199747FF1F23A146
:1023D000A78249F995B783A74A0303A6090297354F
:1023E000FF1F83D5E57B8981829783A78A001747E2
:1023F000FF1F2321F780ADBF8D47639EF400C147C7
:10240000E31CF4F21735FF1F03558579130545FDCD
:102410009377C5FFBDBF9147639AF400E31E94F024
:102420001735FF1F0355C5772115DDB7C147E39564
:10243000F4F0A147E3E287F01735FF1F0355457617
:102440004115F9B79307F00663EAA706930705FE5F
:102450001947B3C7E7021737FF1F03576774173AC7
:10246000FF1F130AEA76B387E702BE9983270A02A1
:10247000A9CF83274A02639A370703250A029146A8
:102480001308A005FD5593D72600C207C1831397F3
:1024900027002A9703460700631D06078348170095
:1024A0000356270063959806B306D64063CF86048B
:1024B00085078A072286CA853E95C5BD9307E00732
:1024C000E3ECA7E6930705F979B79305E004173520
:1024D000FF1F0355E56C97F0FE1FE7800008973754
:1024E000FF1F23A7A77051F581BD83A74A030326C9
:1024F0000A029735FF1F83D5A56A89814E85829789
:102500009737FF1F23A8376F8DBFA300B700B28690
:102510009DBFB38586001736FF1F03566668910579
:10252000130606FCE3FAC5E0130634001376C60F63
:102530001106B29623000701A30097002311D700CC
:1025400085BF9737FF1F9387A7689453BE89A1C2A1
:1025500003A5090291461308A005FD5593D726004F
:10256000C207C183139727002A9703460700631603
:102570000605834817000356270063989800B306A2
:10258000D640E3D786F2A300B700B286C1BF835717
:10259000C7001735FF1F0345C5609305E0043305E9
:1025A000F5024205418197F0FE1FE78000FB973757
:1025B000FF1F23AFA76249FD41B31736FF1F035624
:1025C000265E9735FF1F83C5C55DB385C50233867B
:1025D00086001106E3E2C5D681BF01458280011164
:1025E00006CE2EC6EF80804F01C9B245F24003559A
:1025F000250005616FC02062F24049450561828077
:10260000A38401A2238401A223A801A023AA01A0DC
:1026100023AC01A023AE01A023A601A023A401A006
:102620009737FF1F93870760370684033707B40087
:1026300090D337C6070098C3130606B83747A000E3
:10264000D8C3D0D33707100041669306070AB705F1
:1026500050009308060194C723A41703938605012D
:10266000930816F8D4C723A61703B706D007B708F0
:102670007F001308070513850601410723A81703E8
:10268000B0C3930816009386060513861500D8CBB1
:10269000F8C323A8070188CF23AE070023AA170396
:1026A00023AC070223AE070223A40704F0C7B4CB70
:1026B00023AA0704ACCF23AE0705B8D33707A00081
:1026C000F8D71307000AB8DB1307C01CF8DB37077D
:1026D0001400B8DF0547F8DF130710F8E8D323A488
:1026E000070623A0070823A2E7088280011126CA53
:1026F000AA84214522CC06CE2E8432C636C43AC2E4
:10270000EFE09FA61DC9A24612473246930700FD7F
:102710002300F5009947A30095002301F50023034A
:10272000D500A303E5002312C500AA8522856244D3
:10273000F240D24405616FE01FAEF2406244D244E1
:102740000561828023A8A1A0828023AAA1A0828003
:1027500023ACA1A0828023AEA1A08280011122CC53
:102760004AC806CE26CA2A890144B3048900636890
:10277000B400F2406244D2444249056182802EC6D0
:10278000EFE01FC293170501C183A183B2452380E7
:10279000F4009307140093F7F70F850463F9B7006B
:1027A000CA9709042380A7001374F40F7DBF3E84E9
:1027B0007DBFC1671735FF1F0355A54FFD17630484
:1027C000F50241111736FF1F0346C65B938501A230
:1027D00006C6EF80A00FB240FD571737FF1F231A20
:1027E000F74C41018280828009C925151375F50FC8
:1027F0001335850E13451500828001458280239094
:102800000500D1C6797122D426D24ECE52CC5AC8F8
:1028100006D64AD056CA5EC63684328AAE892A8B1C
:10282000814463F44407B307940083C70700138906
:1028300014004209939A070193DA0A011359090116
:1028400063850A04CA976342FA04B307240183CB61
:1028500007005E85EFF05FF90DC99387FAFF2390BB
:10286000F90063906B03130519002295B2502254AE
:1028700092540259F249624AD24A424BB24B4561E4
:102880008280D694C204C18069BF0145C5B70145A5
:102890008280411126C2AE8422C49737FF1F23A134
:1028A000C7429737FF1F23ABB7409737FF1F23A5BA
:1028B000A7402A8441469305F00F26854AC006C6E4
:1028C000054997E0FE1FE780A0FD631225059737B5
:1028D000FF1F9387A73D884BC145EFF03FE8414676
:1028E0009305F00F228597E0FE1FE78060FB85448B
:1028F0006319950222449737FF1F9387273BB24005
:1029000092440249C847C14541016FF03FE5414645
:102910008145268597E0FE1FE78080F8E31125FDBD
:102920007DB741468145228597E0FE1FE78040F74D
:10293000E30295FCB2402244924402494101828064
:10294000411122C426C22E84AA84130600028145A6
:102950001735FF1F1305853506C697E0FE1FE78074
:1029600000EA9737FF1FA38497349737FF1F238D03
:102970008740EFC0402C854719C181474945B24087
:1029800022441737FF1F2303F7329244410182800C
:10299000814781CD19C98547631BF50083C7550061
:1029A00093E707FCA382F50085473E85828089472F
:1029B0006317F50083C7550093F7F703E5B70D4795
:1029C0008547E314E5FE03C755001377F703136744
:1029D0000704A382E500D1BF81478DC105C103C7AC
:1029E00055009306000C85471377070C6308D70042
:1029F000930600048D476303D70089473E85828094
:102A0000411122C4005D06C626C21DC8AA84085012
:102A100009C597F0FE1FE780A0C0485009C597F090
:102A2000FE1FE780E0BF085409C597F0FE1FE7804E
:102A300020BF228597F0FE1FE78080BE23AC0402F2
:102A4000B240224492444101828009ED9737FF1F32
:102A500083C7E7251735FF1F1305C52681CB1385CF
:102A600001A082801735FF1F1305C5258280173509
:102A7000FF1F0345C52382809737FF1F93870723D6
:102A8000C84782809737FF1F93874722884B8280F1
:102A90009737FF1F93878721DC4B884382809737C6
:102AA000FF1F9387A720D84B1C4385071CC31735EE
:102AB000FF1F0345D51F9307F00F6305F5009165D0
:102AC0006FE09FA08280011122CC06CE2E8432C6F8
:102AD000EF8000119147B245631FF5009387C1A1B4
:102AE0009C438DC303A30700630E03002285624449
:102AF000F24005610283938741A19C4381C703A3F0
:102B00004700DDB7F240624405450561828001114E
:102B100022CC2A840355450006CE26CA4AC84EC692
:102B2000EF70306B3DC52A89834405008349C50099
:102B3000EFF01FED4A85EF80A04803554400EF8079
:102B4000600583C781A2B1CB6399970483C591A225
:102B50002685EFF0DFA819E1238401A20355440084
:102B6000EF8000089147631FF50003574400973733
:102B7000FF1F83D707146317F700FD571737FF1F91
:102B80002319F712F2406244D2444249B249056126
:102B9000828081499304F00F6DB79307F00FE38FA4
:102BA000F4FA8346640003564400034524004E872C
:102BB000A685EFF0BFB35DB779715EC6AA8B2E858F
:102BC00052CC56CA5AC806D622D426D24AD04ECEA5
:102BD000AE8A328B368AEF70D05F65C5045D2A8974
:102BE000EDC09C50614599C3130540039C5481C7B7
:102BF00051054205418163050A0071054205418185
:102C0000DC5081C75D0542054181EFE0EFD52A84A4
:102C10004DC96146814597E0FE1FE78040BE973968
:102C2000FF1F83C92903639409008349090093079F
:102C300000FD2300F400A947A30074012301F40060
:102C4000230364018C50231254011305840191C99C
:102C500008C47146930A440397E0FE1FE780A0B6BC
:102C600056858C5491C948C45146930A450197E052
:102C7000FE1FE78040B55685630C0A0008C8714600
:102C8000D285930AC50197E0FE1FE780C0B3568541
:102C9000CC5099C548C85D4697E0FE1FE780A0B2BA
:102CA000A2854E85EFE02FD72254B2509254F249BC
:102CB000624AD24A424BB24B4A85025945616FF093
:102CC0003FD4B250225492540259F249624AD24A35
:102CD000424BB24B4561828001114EC6AA892E85B6
:102CE0004AC806CE22CC26CA2E89EF70904E21C942
:102CF0009734FF1F83C404F699E083440500194507
:102D0000EFE08FC62A8405CD8145194697E0FE1F66
:102D1000E780E0AE930700FD2300F400B947A3006D
:102D200034012301F40023122401A2856244F240FD
:102D30004249B2492685D24405616FE0CFCDF240C9
:102D40006244D2444249B2490561828039715ECE03
:102D5000AA8B2E8526DA4ED652D456D25AD006DE0B
:102D600022DC4AD8AE84328BB68A3A8ABE8942C601
:102D7000EF70304621CD2A894145EFE0EFBE2A842D
:102D800031C54146814597E0FE1FE78040A71735D2
:102D9000FF1F034525EC19E103450900930700FDDA
:102DA0002300F400BD472301F400B247A3007401DF
:102DB0002312940023046401A30454012305440155
:102DC000A30534015CC4A285EFE0EFC4F250625465
:102DD000D2544259B259225A925A025BF24B2161A3
:102DE0008280797126D2AA8439454AD04ECE06D641
:102DF00022D42EC6B2893689EFE00FB721C1B24581
:102E00009307000D2310F500B1472A842312B50063
:102E10002301F500CE851905194697E0FE1FE780CE
:102E2000809A23062401A2852254B2500259F24905
:102E300013F5F40F925445616FE0EFBDB250225488
:102E400092540259F249456182801737FF1F0347A8
:102E500017E69307F00F630DF706411126C2AA8407
:102E6000394522C406C64AC0EFE00FB02A8439C9EA
:102E7000930700FD2300F500A30095002301050042
:102E80009735FF1F938505E40D05194697E0FE1F52
:102E9000E78060931739FF1F130949E183578900C1
:102EA000A2851735FF1F034595E02315F4008347DE
:102EB00019002306F4002244B24092440249410121
:102EC0006FE06FB5B24022449244024941018280D2
:102ED000828001115AC02A8B314526CA4EC652C47F
:102EE00056C206CE22CC4AC8AE84B28A368ABA8985
:102EF000EFE08FA735CD2A842685EF70902D11C580
:102F00000347C500A1476314F7041739FF1F03499E
:102F100019DA930700FD2300F4009D47A300640124
:102F20002301F400231294002313540123144401B9
:102F300023153401A2856244F240D244B249224AA8
:102F4000924A024B4A85424905616FE0CFAC17397E
:102F5000FF1F034979E3E31E0BFA938781B29C4379
:102F60009C47C5DBCE865286D6852685829755B787
:102F7000F2406244D2444249B249224A924A024B48
:102F800005618280011122CC2A84214506CE2EC6FD
:102F9000EFE08F9D21C1B245930700FD2300F500AE
:102FA000C5472301F50083C73500A301F50083D78A
:102FB00045002312F50083C765002303F50083C78E
:102FC0007500AA85A303F50022856244F2400561DD
:102FD0006FE06FA4F240624405618280397162CC77
:102FE0002A8C594526DA4AD84ED652D456D25AD0CF
:102FF0005ECE06DE22DCAE8432C636C4BA8B3E8B91
:10300000C28A468A8359010403494104EFE0CF95FF
:1030100025C93246930700FDA2462300F5009547D7
:10302000A301C500A30085012301F5002A841946E8
:103030001105A9C2B68597D0FE1FE780C078230688
:103040006401230A24012315740123175401231852
:10305000440123193401A2856254F2504259B259F5
:10306000225A925A025BF24B624C2685D25421615D
:103070006FE06F9A814597D0FE1FE7804078C1B717
:10308000F2506254D2544259B259225A925A025BB7
:10309000F24B624C216182809737FF1F83C727C1A3
:1030A0008DCB4111AA851946138501A006C697D07C
:1030B000FE1FE7804071938501A01735FF1F034570
:1030C00005BFEFF0FF8CB240138501A041016FB046
:1030D0005037014582801737FF1F034757BD9307BD
:1030E000F00F6305F708411126C2AA84294522C4BE
:1030F00006C6EFE06F872A8429C1930700FD2300ED
:10310000F500A1472301F500A30095009737FF1FA5
:103110009387C7B983C72700938501A01105A30F23
:10312000F5FE194697D0FE1FE780E069A2851735A6
:10313000FF1F0345D5B7EFE00F8E1737FF1F03477B
:1031400007B78D47631FF700938781A19C4391CBFD
:1031500003A38700630703002244B2409244410165
:103160000283B24022449244410182801737FF1FFC
:103170000347E7B38D47631AF700938781A19C4308
:1031800089C703A38700E31D03FC8280797122D4E1
:1031900006D626D24AD04ECE52CC094455CD2A89E5
:1031A000035505002E8A5144EF70B002AA844DC524
:1031B0009737FF1F83C747BDFD1793F7F70F0547E5
:1031C0004944637BF7080347C500A1476314F70030
:1031D00063140A089C5C4544C1E39165938545717D
:1031E0001305C00297E0FE1FE780203788DCAA891C
:1031F0004D443DC11306C002814597D0FE1FE780B4
:103200000060835709009386490036852391F900B1
:1032100071469305490036C697D0FE1FE780A05A35
:1032200089472380F90003C5C400B246035609004C
:1032300061159735FF1F83C5E5B413351500EF8081
:10324000901B2A8463060A00D2852685EF8020061B
:1032500001C42685EFF0CFFA2285B2502254925451
:103260000259F249624A456182809737FF1F83C73E
:10327000A7B1FD1793F7F70F0547637AF70889475A
:1032800041CA011122CC26CA4AC84EC652C406CE33
:10329000AA89368AB2842E89EF70A0732A84D14716
:1032A00039C9485509C597E0FE1FE7806037F145E9
:1032B000268597D0FE1FE780E05648D4CD4705CD40
:1032C0008346C40021478147639FE600630D0A00DF
:1032D0000347A5010356050193062501AA854E85DE
:1032E000EF806004AA8703474400630F0900136757
:1032F00067002302E400F2406244D2444249B249EA
:10330000224A3E850561828013674700DDB7C947C1
:103310003E8582809307200463EBA7009737FF1F49
:103320009387479006053E950355050082804165C9
:103330007D158280011122CC2A842E8526CA06CED4
:10334000AE84EF7000691DCDB7470F009387F72358
:10335000094563E4870281450A85414697D0FE1FEF
:10336000E780E049A685231081000A85418023017A
:103370008100A3010100EF80A073F2406244D244B7
:10338000056182804945D5BF9737FF1F238DA79ED2
:1033900082806F807000797152CC2A8A328522D463
:1033A00026D24AD04ECE56CA5AC85EC606D662C487
:1033B000AE8BB28A368BBA843E89C2894684EF705E
:1033C000406115C92A8C63140A0213774B008347A6
:1033D000450015CF93E727012302FC008DEC631C09
:1033E0000902639A090205E8ED9B2302FC00832B86
:1033F0008C0363910B08B250225492540259F24943
:10340000624AD24A424BB24B224C45618280F59BC4
:1034100093E70701D1B793E747002302FC0001CCF3
:103420001C484146A2852324FC0213058C0197D039
:10343000FE1FE780403963930B02D5D80325CC02E9
:1034400009C597E0FE1FE780A01DF145268597D0AE
:10345000FE1FE780203D2326AC0251BFE30909F897
:103460000325CC0209C597E0FE1FE780601BF145EC
:103470004A85F1BF9DC483A70B0299EB91659385A3
:103480003571714597E0FE1FE780200D23A0AB0248
:1034900003A50B0219C57146A68597D0FE1FE780CC
:1034A00080326388090283A74B0299EB916593856B
:1034B00025715D4597E0FE1FE780200A23A2AB023D
:1034C00003A54B0219C55D46CE8597D0FE1FE78048
:1034D000802F1DC483A78B0299EB9165938515718D
:1034E000514597E0FE1FE780400723A4AB0203A5E8
:1034F0008B0219C55146A28597D0FE1FE780A02CEC
:103500002254B2509254F249B24B224CCA865A8687
:103510000259424BD6855285D24A624A45616FF0C4
:10352000AFE9011126CA52C406CE22CC4AC84EC603
:103530002A8AAE84EF70E04925C5AA893945EFD0C3
:10354000BFC22A8431CD1729FF1F0349A970631414
:10355000090003C909009307000D2310F400AD47CB
:103560002301F4009385690013053400194697D0B0
:10357000FE1FE780402593F7140085808588230689
:10358000F400A306940023154401A2856244F2408E
:10359000D244B249224A4A85424905616FD0BFC729
:1035A000F2406244D2444249B249224A05618280D3
:1035B00001114EC652C456C206CE22CC26CA4AC8F3
:1035C000AA8A2E8AB289EF70C0402DCD2A891305B0
:1035D000C002EFD07FB92A8435C59724FF1F83C46A
:1035E000646799E0834409009307000D2310F400F9
:1035F000E9472301F40093056900130534001946D7
:1036000097D0FE1FE780201CD28523155401130597
:10361000C400414697D0FE1FE780E01ACE8513050F
:10362000C401414697D0FE1FE780E019A28562449D
:10363000F2404249B249224A924A2685D244056163
:103640006FD07FBDF2406244D2444249B249224A1F
:10365000924A05618280938781A0884301CD411100
:1036600006C697E0FE1FE780A0FBB24023A401A09E
:10367000410182808280011106CE22CC26CA4AC82E
:103680002EC6EF70003539CDB2451729FF1F03490B
:10369000695CAA840CD563140900034905004145FF
:1036A000EFD09FAC2A841DCD9307000D2310F500A9
:1036B000A5472301F50083C75400938564001105D5
:1036C000A30FF5FE194697D0FE1FE780C00F9C544C
:1036D000A285F2405CC46244D2444A8542490561F5
:1036E0006FD07FB3F2406244D24442490561828088
:1036F0001D71A2CC86CE2A842EC6EF70802D05CDFA
:103700008346C5001147AA8749456392E6029C5F3C
:10371000B24599C383C567012308B100979600009D
:103720009386E649100889452285EF70102FF640F0
:103730006644256182805145DDBF9727FF1F83C7FF
:10374000A764FD1793F7F70F0547637AF7048947D6
:1037500021CA411122C426C24AC006C6B2842E899B
:10376000EF7020272A84D14705C5630809008347E5
:10377000450093E727002302F5004146A68513057F
:10378000840197D0FE1FE78000049C481CD4814729
:10379000B2402244924402493E8541018280C94799
:1037A0003E858280797122D406D62A842EC6EF7097
:1037B000402201CDB2452285230EB1006C08EF7086
:1037C000902BB2502254456182805145DDBF6F700D
:1037D0002036C1671387E7FF6394E502938741A111
:1037E0009C4391EB494582804945B2402244924432
:1037F00002494101828003A30700E30503FE02831F
:10380000411122C426C24AC006C6FD172A892E8449
:10381000B2846395F502938741A19C4391CB9C436D
:1038200081CB829711E5238421A3A38491A275BF44
:10383000A6854A85EFE0BFDA4DF9F5B72E85EF7022
:1038400040195DD1834705000D45E39027FB228594
:103850002244B2400249A685924441016FB0A03B88
:103860009307200463E2A7064111C16722C406C67C
:1038700026C2FD172A8409456382F502C547AE8436
:103880006313F4022E85EFB040401725FF1F130588
:10389000653906042A94231094000145B24022445D
:1038A0009244410182809307A0036316F4002E85A1
:1038B000EFB0E036D9BF9307B003E318F4FC13F57B
:1038C000F50FEFB00036D1B709458280011106CE61
:1038D0002AC6EFE0FFD2EF20C010EF10E060EF301B
:1038E000112832459727FF1F9387473C130700F0A5
:1038F0002391E700238207007D579727FF1F9387B7
:1039000067482381E7002380A700F24095450561C1
:103910006F501024597193970501CAD086D6A2D44E
:10392000A6D2CECED2CCD6CADAC8DEC6E2C4E6C2B1
:10393000EAC06EDEC1872E8963D1075A1725FF1FA3
:1039400003454544EFD0BF868964416A856A797B27
:103950002A84938BD4007D1AA50A130CABFF1DE0BB
:1039600021653345A900B650265496540659F649A8
:10397000664AD64A464BB64B264C964C064DF25DEF
:1039800065618280834704001307200A639DE70076
:10399000035524009729FF1F83C979312286D285D8
:1039A000EFF06F9259A2130710099729FF1F83C9DF
:1039B000893D6398E7188347140015476390E70231
:1039C0002285EFF0CF942285EFD04FF71725FF1F08
:1039D0000345453BEFD0AFFD2A8451B73947639B80
:1039E000E71803554400631B55050C4483CC0500C0
:1039F000639D0C00850591C919461725FF1F130506
:103A0000652C97D0FE1FE78000DC1727FF1F0347B8
:103A1000E72985476317F712638A0C009727FF1F72
:103A2000238607286685EFF04FC271BF89471727A5
:103A3000FF1F230DF726EFB0802071B79387240076
:103A4000631AF506832C8400638D0C0E83C70C006B
:103A50008DE383C72C0003C71C00A207D98F17274B
:103A6000FF1F2319F72483C73C001727FF1FA30F4D
:103A7000F7221727FF1F0347672389476313F70CB4
:103A800083C70C0081CB9727FF1F2381072203C523
:103A90000C0051BF8D479725FF1F83C53521172582
:103AA000FF1F035525211727FF1F2301F720EF5084
:103AB000300DF1BF938754006318F5001C4403C513
:103AC0000700EFF04FE101B7B3078501C207C183DB
:103AD00011476372F7049307ABFCAA97139707018A
:103AE0004183F14763F1E7029387B4006312F50461
:103AF000938701A19C43E38807EC9C43A285E38460
:103B000007EC82971DA0B70700189387F770B3D70B
:103B1000E700858BB9CB938781A19C43E38507EAB6
:103B20009C43E38207EA22858297E31E05E811A8F9
:103B30009387C4006310F5021C4483C70700E38425
:103B400007E89307F00FE380F9E8A2854E85EFD0F0
:103B50008FECADBD9387E4006319F500938741A115
:103B60009C43E38207E6DC4351BF93871404E301DF
:103B7000F5F8C1BF3D476397E70403554400E30FE1
:103B800075FD93879401E30BF5FC93873401E31AE9
:103B9000F5FA9727FF1F83D7C711639E47019387C5
:103BA00041A19C43E38107E2DC43E38E07E0A28569
:103BB00013853401B9B79387C1A19C43E38507E01E
:103BC0009C43E5B71307E003E39DE7F68347240032
:103BD00005476397E70E83476400938D81A0F1E367
:103BE00083A70D00D5CB83CC0700A1490345740002
:103BF000130D8400EA85EFE03FDE83474401A30311
:103C0000A400835804010358E400035744002A86A3
:103C1000034534003EC283572401EA86E6853EC050
:103C2000CE87EFF0AFBB8347340095E7DD4783587D
:103C300004010358E40083467400835544003EC2E7
:103C4000835724016A8705463EC06685CE87EF709C
:103C5000600FA301A40083A70D0081C71145EFF0F9
:103C60009F9F03C581A2E30005D683C591A2EFE023
:103C70001F97E30A05D48346340093071003638A31
:103C8000F600035644004E8783C581A23685EFE0D7
:103C9000FFA5238401A205BB972CFF1F83CC3C0109
:103CA000A9B7938781A19C43972CFF1F83CC3C002D
:103CB00091498DDFDC439DDB8145014582973DB70E
:103CC00029476391E70C83476400138D81A0C1E706
:103CD00083270D00A5CF83CC0700A14903457400BD
:103CE0009306840093772500D1C713761500930DB2
:103CF0004401834704028358C4010358A4010357B5
:103D00004400034534003EC28357E401E6853EC0CB
:103D1000CE87EFF0AFAC8347340095E7DD4783589B
:103D2000C4010358A40183467400835544003EC275
:103D30008357E4016E8705463EC06685CE87EF70E7
:103D40006000A301A40083270D0001BF972CFF1F73
:103D500083CCFCF559B7938781A19C43972CFF1F17
:103D600083CCFCF49149BDDBDC43ADDB81450145EF
:103D70008297ADB7B68536CEEFE01FC6F2462A86EB
:103D8000B68D85BF0947639DE700938701A19C43DA
:103D9000E38B07C2DC43E38807C22285829725B103
:103DA0002D476399E700938701A19C43E38D07C0EA
:103DB0009C47D5B70D476397E70022868D4503558D
:103DC0004400F9BE19476395E706930561021305A0
:103DD0001031EF30615E2C1013052031EF30C15DE2
:103DE00003566400835781020355440063E8C7000B
:103DF000835684000357610263F7E60093050002CF
:103E0000EFA0B067C9B66374E6002313E40063F45F
:103E1000D7002314F4000357C4008356A4000356AC
:103E200084008355640001488147EFA0D06461BEDF
:103E30001D47E388E7D031476395E7002286B14507
:103E4000BDBF35476399E700938701A19C43E38C8D
:103E500007B6DC4789B739476396E7002285EF004C
:103E6000D00395B63D476399E700938701A19C4332
:103E7000E38B07B49C4B05B741476396E700228567
:103E8000EF00900C89B645476396E7000145EF00C7
:103E9000701B15BE4947639EE700938781A19C4331
:103EA000E38107CADC43E38E07C881450545829755
:103EB00049B94D47639DE700938781A19C43E38205
:103EC00007C8DC43E38F07C6A2850945CDB7614724
:103ED000E399E7C62286E145DDB593F7150081CF6A
:103EE000938701A19C4389C7DC4399C3014582970D
:103EF000134519008DBC93F7250089CF938781A1C5
:103F00009C4391C7DC4381C7814505458297134592
:103F1000290091BC93F745000145E38607A49387E8
:103F2000C1A09C4399CF85471727FF1F2302F7D8CD
:103F3000938781A19C4391C7DC4381C78145054597
:103F400082979727FF1F938767D6C8472C10EF707B
:103F500090222810EFF04F949727FF1F83D7A7CE0A
:103F600081CF130600643386C70291451725FF1FD2
:103F7000034545E1EFD08FEC13454900EDB2011147
:103F800022CC2A84554506CE26CAEFF0AFB8AA84C3
:103F900013054002EFF00FB82AC613055002EFF0E8
:103FA0006FB7AA86228562443246F240B33590004C
:103FB000D24405616FA01054797122D406D68D4782
:103FC0002E84631FF50003D7A50083D6850003D692
:103FD00065000345340083D54500EFE09FEF09A855
:103FE00089671387D7006310E50403C5250019E529
:103FF0008547B25022543E8545618280938781A0D7
:104000009443FDD603C6360083C50600814802C22C
:1040100002C00148814701479106EFE03FFC05459A
:10402000EFF06FE3F1B71387E700E303E5FC1387D5
:104030003701631AE50003C525005DD901478146B4
:104040000146814559BFE507E304F5FAB147631915
:10405000F5001725FF1F034595C5EFE0BFF249BFE7
:1040600041677D178147E316E5F803C75500C94747
:10407000E310F7F883D6E50003D6C50003558400A6
:1040800083D5A500EFA0104841C95D45EFF08FA88A
:104090003335A000231CA1008345440003552400B0
:1040A0003008EF60100483578101B9F36C081305E1
:1040B0001031EF3061309305E10113052031EF300D
:1040C000A12F8357C101035784006374F7002314A1
:1040D000F4008357E1010357A40063F4E7002315BC
:1040E000F400835784000357A4006374F70023157A
:1040F000F40003552400EFA0B0450357E4008356B5
:10410000C4000356A40083558400035524000148CD
:104110008147EFA05034E9BD8547231CF100ADBFB6
:104120001727FF1F034777C69307F00F6309F708A8
:1041300059C5411122C426C206C6AA840345A5005A
:104140004105EFD06F822A8435C59307000D2310F7
:10415000F500D9472301F50083D744002312F50069
:1041600083C764002303F50083C77400A303F5002D
:1041700083C784002304F50083C79400A304F500DB
:1041800003C6A4002305C5001DC2CC44410548C494
:1041900097C0FE1FE7802063A2852244B24092446C
:1041A0001725FF1F034575BE41016FD0CF8623261B
:1041B0000500DDB7B24022449244410182808280F2
:1041C000C1671387E7FF639DE500938781A09C4348
:1041D00095C383C707000D47639CA7006FA0F02617
:1041E000FD1749476396F500938781A09C43FDF72F
:1041F0003A8582804947EDBF797122D406D626D20E
:104200004AD04ECE52CC56CA5AC8034705008547FD
:104210002A84630AF70403468500930695009305F4
:10422000E1000545EFE0AFDD814719C18347050097
:104230008346040011476380E604138781A3184373
:104240008D46034717006308D70295C70DC719EDC0
:104250000145B250225492540259F249624AD24A5C
:10426000424B4561828081470145D9B78546631835
:10427000D7028D8BF1DF03451400130A2400D28589
:10428000EFE08FF5A300A4001389C1A383270900E1
:10429000AA8A81499304F00F99EB05455DBF8946D1
:1042A000E318D7FA858BF9B7850993F9F90F83C716
:1042B00041A363FDF90203250900139B49005A95A8
:1042C00083470500E38297FE83471500E39E57FD71
:1042D0001946D285090597C0FE1FE780C05769D5EA
:1042E0008324090003470400DA9485EC8346040024
:1042F0009147E38FF6F483270900B9DB03C641A396
:1043000001479305F00FE305E6F4BE84C10703C53A
:1043100007FF630EB50A05071377F70FEDB788C4DB
:10432000F5A09147631AF706C84405C58347840082
:10433000034605006304F606034704009147631D26
:10434000F706C84419C597D0FE1FE780602D23A645
:1043500004000345840091659385E571050597D0B8
:10436000FE1FE780801F05C5034704009147631EB9
:10437000F704C8C483478400930594000505A30F80
:10438000F5FE0346840097C0FE1FE780C043034547
:1043900084003335A00075BD884441BF9305940067
:1043A000050597C0FE1FE780004B8547E316F5F82B
:1043B0005545EFE03FF6BDA8884441DD97D0FE1F8C
:1043C000E780002623A4040069B788C465B723806A
:1043D000D40083471400D28513852400A380F40001
:1043E000194697C0FE1FE780003E03458400916593
:1043F0009385F571050597D0FE1FE780001605C56A
:10440000034704009147E31CF7F0C8C483478400C6
:10441000930594000505A30FF5FE0346840097C09D
:10442000FE1FE780403A83478400E39807E6034590
:1044300004007D151335150029BD797122D426D2CB
:104440004ECE52CC06D64AD056CA5AC82A849309B0
:10445000250003451500CE85938481A3EFE0CFD7D7
:10446000A300A4009C400D472A8A83C71700639BC2
:10447000E7001389C1A383270900814A63910718C4
:10448000054535A0FDD7144C034674019305E100A2
:104490000545EFE0CFB61DC9984085468347050026
:1044A00003471700631FD7008D8BE1F70145B2501A
:1044B000225492540259F249624AD24A424B45610F
:1044C00082808946858BE316D7FAC5B783470400F7
:1044D00011476385E7002D47E39AE7FC9384C1A366
:1044E0009C40E9D7814A01491DA88840139B4A0096
:1044F000834704005A95034705006311F702834779
:104500001500639D47011946CE85090597C0FE1F1A
:10451000E780603401C503A904005A99850A93977E
:104520000A0103C741A3C183E3E1E7FCE31309F4F4
:10453000B5BF93944A0026950347050083470400BE
:10454000631EF70A83471500639A470B1946CE8509
:10455000090597C0FE1FE78000304DC18327090081
:104560001147BE94834704006385E7002D47639D90
:10457000E70203AAC4008347740103460A006308E4
:10458000F602528597D0FE1FE7808009034574012B
:1045900091659385E571050597D0FE1FE780E0FBE7
:1045A00015E5E39F04ECADA003AA8400E9B70C4C29
:1045B00013051A0097C0FE1FE780E0298547E31224
:1045C000F5FC5545EFE01FD569DDCDB58347040007
:1045D00011476385E7002D476390E702C8C483470E
:1045E00074010505A30FF5FE034674010C4C97C03A
:1045F000FE1FE780401D75B788C4D5B7850A93971D
:104600000A0103C741A3C18303250900E3E3E7F2DD
:1046100083C641A30327090081471306F00F11A8A1
:10462000BA844107834507FF638AC5008507C2072F
:10463000C183E3E7D7FEA9B588C499A083470400E6
:10464000CE85138524002380F40083471400194687
:10465000A380F40097C0FE1FE780E01603457401B5
:1046600091659385F571050597D0FE1FE780E0EE13
:10467000E30805E0034704009147E31FF7FAC8C4C5
:10468000834774010505A30FF5FE034674010C4C26
:1046900097C0FE1FE7802013E5B31717FF1F0347DE
:1046A000D76E9307F00F6300F70A51CD411126C270
:1046B000AA84514522C406C64AC0EFC0FFAA2A8474
:1046C0002DCD9307000D2310F500D5472301F500EC
:1046D00083C7340013898400CA85A301F50083D7FA
:1046E00044002312F50083C764002303F50003C5CB
:1046F0007400EFE06FAEA303A400CA851305840025
:10470000194697C0FE1FE780000C83C7E400A2850E
:104710001715FF1F034575672307F40083D70401AE
:104720002318F40083C724012309F4002244B24073
:104730009244024941016FC01FAEB24022449244EC
:1047400002494101828082801717FF1F0347F763E8
:104750009307F00F6304F70431C1411122C42A8486
:10476000194506C6EFC05FA0AA850DC59307000DC9
:104770002310F500DD472301F50083574400224450
:10478000B2402312F5001715FF1F034515604101C4
:104790006FC07FA8B2402244410182808280011113
:1047A00022CC1384C1A31C4006CE26CA4AC84EC6DA
:1047B00052C499CF2E8AAA840149084063129902F3
:1047C000630C0A0497D0FE1FE78080E523AE01A2A8
:1047D000F2406244D2444249B249224A0561828091
:1047E00093194900B3073501884709C997D0FE1FBF
:1047F000E78000E31C40CE9723A407001C40CE971F
:10480000C84709C997D0FE1FE78080E11C40BE99C8
:1048100023A60900050955B745DD139644008145D7
:1048200097C0FE1FE780A0FD144081477D5613F717
:10483000F70FE37F97F81397470036972300C700D9
:104840008507F5B7011152C4138A81A383270A0093
:1048500006CE22CC26CA4AC84EC656C25AC0D1CFAE
:104860002A89014419ED9387C1A3944399CA03C6C9
:1048700041A32A8481479305F00F13F7F70F63686C
:10488000C708131534002105EFC01F8EAA8401E963
:104890002145EFC07F8DAA8421C501444D4993076E
:1048A00000FD2380F4008547A38024012381F400C8
:1048B000A381840045C81389840023A2240181496F
:1048C000938AC1A3130BF00F83C741A363F3F900CD
:1048D00039E883270A00A68503C50700EFC0BF9308
:1048E000814503C541A3EFF09FEB03250A0097D054
:1048F000FE1FE780E0D223AC01A2F2406244D24422
:104900004249B249224A924A024B0561828013977A
:1049100047003697034707006305B7000504137483
:10492000F40F850799BF83A70A0093954900BE95A8
:1049300083C70500638467032300F90083C715005C
:10494000130529007D14A300F90019468905137485
:10495000F40F97C0FE1FE78000E72109850993F94E
:10496000F90F9DB723A20400ADB7938781A39C43A1
:10497000B9C7411122C406C62A841DE10945EFE0EA
:104980007F992A8601C985451715FF1F0345853F75
:10499000EFC0DFCA0545EFF08FDE2A84054501CC64
:1049A00085451715FF1F0345E53DEFC0BFEA22858A
:1049B000EFF05FE90545B2402244410182800145A4
:1049C000828089679386B7006317D5009C4503C52D
:1049D00007006FF09FF99386C7006318D5009C45C8
:1049E000854603C5070019C9EDB793861704E30F81
:1049F000D5FC938727048146E303F5FE3685828044
:104A0000797106D622D426D24AD04ECE52CC56CA7E
:104A10005AC85EC679C983473500AA8985C740410F
:104A200015C05945EFE01F8F931A850193DA8A412B
:104A30000149138A81A3130B000DB54B83C73900BD
:104A4000636DF900B250225492540259F249624AFD
:104A5000D24A424BB24B456182808307840263CDC8
:104A6000570783270A00ADCB2285EFF0EFF82DC55D
:104A7000034584005105EFC02FEFAA8431CD2310E8
:104A8000650123017501834704001946930524003D
:104A9000A301F5008307840215052303F50083476E
:104AA0001400A30FF5FE97C0FE1FE780C0D1034698
:104AB00084002386C4001DC61385440188C893055D
:104AC000940097C0FE1FE78000D083270A00A685C8
:104AD00003C50700EFC02FF40509130494021379EE
:104AE000F90FA9BF23A80400CDB7938781A39C43E6
:104AF000B1DBEFF03FD52254B25092540259F24943
:104B0000624AD24A424BB24B014545616FF02FC712
:104B1000797106D622D426D24AD04ECE52CC56CA6D
:104B20005AC85EC671C183473500AA8985C744410A
:104B300095C05945EFE00FFE931A850193DA8A413B
:104B40000149138A81A3130B00FDC14B83C73900B0
:104B5000636DF900B250225492540259F249624AEC
:104B6000D24A424BB24B456182808387F40063C8CE
:104B7000570783270A00A5C75145EFC0EFDE2A84F7
:104B800039CD23006501A30005002301750183C70A
:104B90000400194693852400A301F5008387F400DF
:104BA0001505A306F50083C71400A30FF5FE97C0F3
:104BB000FE1FE78040C183C78400938594001305DE
:104BC000C400A305F400194697C0FE1FE780A0BFEC
:104BD00083270A00A28503C50700EFC0CFE30509BC
:104BE000C1041379F90F9DB7938781A39C43BDD36B
:104BF000EFF05FC52254B25092540259F249624A12
:104C0000D24A424BB24B014545616FF04FB75D71DF
:104C100086C6A2C4A6C2CAC04EDE52DC56DA5AD834
:104C20005ED662D466D26AD06ECE630C0526834708
:104C300035002A898DCB40411DC45945EFE08FEDE9
:104C400093178501E1873EC68144938981A3130AA6
:104C5000000DC94B054CB54C130D00FDC14D8347EC
:104C6000390063E1F402B640264496440649F259FD
:104C7000625AD25A425BB25B225C925C025DF24D98
:104C8000616182808307C400324763C6E71683A749
:104C9000090063820716034B040093770B01CDCF05
:104CA000CD47631EFB06230004002285EFF0EFF8DA
:104CB000630305148347040011476363F714639982
:104CC000870D5145EFC04FCAAA8A6306051223001B
:104CD000A501A30005002301B501034704001946FF
:104CE00093052400A301E5000307C4001505A306EE
:104CF000E50003471400A30FE5FE97C0FE1FE78001
:104D000080AC03470401194693051401A385EA000A
:104D10001385CA0097C0FE1FE780E0AAF1A0D5471F
:104D20006318FB0085472300F400A30B0400B5BF04
:104D3000F547E309FBFEC9476316FB0089472300DB
:104D4000F400A5B7C1476314FB008D47CDBFED4705
:104D5000E31DFBF49147E5B793778B0099C3AD470B
:104D6000F9BF93761B0093774B0091C699C3954783
:104D70005DBFA147E9B793762B0091C699C3A547BC
:104D80005DB799476DBF99C3A94755BF9D4745BFBB
:104D9000034574015105EFC02FBDAA8A29CD231008
:104DA000450123019501034704001946930524009A
:104DB000A301E5000307C40015052303E50003472D
:104DC0001400A30FE5FE97C0FE1FE780C09F0346B7
:104DD00074012386CA0019C613854A0123A8AA00B4
:104DE0000C4C0DBF23A80A0003A70900D685034574
:104DF0000700EFC04FC28504710493F4F40F85B52A
:104E00000345740113050502EFC00FB6AA8A65D5E4
:104E100023104501230175018346040013770B0617
:104E20001946558FA301E50003471400930524009C
:104E30001505A30FE5FE97C0FE1FE780C098034746
:104E40008400194693051401A385EA0003479400E2
:104E500013853A012386EA000347A400A386EA00EB
:104E60000347B4002387EA000307C400A387EA00CE
:104E70000357E4002398EA00034704012389EA006A
:104E800097C0FE1FE780209403467401A38CCA00DC
:104E900011C613850A0223AEAA0099B723AE0A00F1
:104EA000A1B7938781A39C43E38F07DAEFF09F9923
:104EB0002644B64096440649F259625AD25A425B99
:104EC000B25B225C925C025DF24D014561616FF064
:104ED0000F8B9717FF1F83C727EBA18B1385C1A2E9
:104EE00091E301456FD07F86238A01A2FD571717F2
:104EF000FF1FA30CF7E823AE01A223AC01A2971772
:104F0000FF1F9387A7DC170700001307C7AB98C3E1
:104F100017070000130707AFD8C3170700001307D0
:104F200067BF98C7170700001307A7CED8C717F7A2
:104F3000FFFF1307271F98CB9387C1A217F7FFFF27
:104F40001307472898C317F7FFFF13072707D8C38E
:104F50008280411122C485452A8403C541A306C627
:104F6000EFF0FF839717FF1F83C707E2A98BB5CB2D
:104F70001715FF1F130585D5238A81A2EFD08FFC5B
:104F80001384C1A31C4091C74D45B2402244410146
:104F9000828003C541A319E10145C5BF9165938591
:104FA000B571120597C0FE1FE780205B23AEA1A25A
:104FB00061DD03C641A31206814597C0FE1FE7804D
:104FC0000084104083C641A38147FD5513F7F70FB6
:104FD000E374D7FC1397470032972300B700850787
:104FE000F5B70145238A01A2EFD0CFF575B79387B6
:104FF000C1A0884301CD411106C697C0FE1FE780BE
:105000002062B24023A601A041018280828001116A
:105010001305700306CEEFE0EFAF2AC61305800339
:10502000EFE04FAF2AC413059003EFE0AFAE224686
:10503000B245F240AA86054505616F90F04A5D7160
:105040001305D00386C6A2C4A6C2CAC0EFE08FACC7
:105050002A841305C003EFE0EFABAA841305E00335
:10506000EFE04FAB2A891305F003EFE0AFAA8A8780
:105070001377F50F9376F90F13F6F40F9375F40F7A
:105080000545EF907047B640264496440649616155
:105090008280757122C51384C1A01C4006C726C337
:1050A0004AC1CEDED2DCD6DADAD8DED6E2D4054585
:1050B0006388070E9305F1051305F041EF00513B9E
:1050C0009305F1051305F041EF00913A8346F10590
:1050D0001717FF1F0347A7BDB337E00091C2890729
:1050E0001840BEC60345370093054700EFD05F8ADE
:1050F0001840AAC40D4583452700AEC2EFE08FA13A
:10510000AAC01145EFE00FA100402ADE6545034724
:10511000A400034CB4003ADCEFE0CF9FAA846945B9
:10512000EFE04F9F2A897145EFE0CF9EAA896D4538
:10513000EFE04F9E2A8A7545EFE0CF9DAA8A794518
:10514000EFE04F9D2A8B13050004EFE0AF9CAA8B84
:1051500013051004EFE00F9CE2042648B64762579F
:10516000F256064696451375F50F93FBFB0F137B1E
:10517000FB0F93FAFA0F137AFA0F93F9F90F1379D9
:10518000F90FE1842AD05ECE5ACC56CA52C84EC618
:105190004AC426C262C0930844000545EF90B02F70
:1051A000BA402A449A440A49F659665AD65A465B86
:1051B000B65B265C49618280011122CC06CE8D4708
:1051C0002E846316F50603C73500E94703D545006D
:1051D0006318F7009717FF1F83D7A7AD6385A7064E
:1051E000EF50207F09C5835764002317F50003574C
:1051F000A40083568400035664008355440003458D
:105200003400EFD01FCD035744009717FF1F83D7FB
:1052100047AA6308F7008547F24062443E8505616E
:105220008280FD571717FF1F2315F7A8EDB7896771
:10523000CD07631DF50083C7250031476385E7006F
:105240004547E39AE7FCEFD0CFD6F1B7B1476319F2
:10525000F5001715FF1F034535B3EFD0BFD265BF6B
:1052600041677D178147E319E5FA83C65500494731
:10527000E394E6FA83C54500035524003000231467
:105280000100EF50E06041BF411122C406C626C2B2
:1052900083C701A41307E00F2E846383E704130779
:1052A000F00F6387E7021145EFB01FEC15C19307BC
:1052B00000FD2300F50089472301F5008547A30081
:1052C0008500A301F500AA8503C501A4EFB0BFF4D2
:1052D000F9572380F1A4B2402244924441018280D4
:1052E000AA841145EFB05FE87DD5930700FD230048
:1052F000F5008947A30085002301F500A30195006F
:105300002244B2409244AA8503C511A441016FB062
:105310009FF079714AD01389C1A08327090022D454
:1053200006D626D24ECE52CC4544C5EF9717FF1F66
:1053300083C787A5958B4944CDC7AE899165A38066
:10534000A1A4AA8493857571314597C0FE1FE7809B
:10535000C02023A6A1A04D4449C523009500A30069
:1053600005002946CE85090597B0FE1FE780A045B8
:1053700083270900914603C7270063EEE6083DEB4B
:105380004D472381E70003C72700136707012381E7
:10539000E700930571001305F041EF00710D83479D
:1053A0007100F9EB1717FF1F034767908D476315CF
:1053B000F70CEFD06FEC2C00EF60E05B2800EFD033
:1053C000BFCD4545EFD01FF5014401CD1306006464
:1053D0003306C50291451715FF1F0345A59AEFC077
:1053E000EFA52285B250225492540259F249624AE2
:1053F0004561828085466314D700754759B7894651
:105400006314D7004947B5BF8D466314D7004147A1
:105410008DBF5547BDB795464A8A630ED70099465A
:105420006316D70009472381E70031A01D466314A6
:10543000C702238107006545EFD0DFED9307F00732
:10544000E309F5F403270A008347270093E70704DD
:105450002301F7003DBF21466314C7000547E1B7AC
:1054600025466315C7002381D700F1B7A946054437
:10547000E319D7F6114745BFEFF0BFC12A8435D1F4
:10548000EFF0FFB6B9BF011126CA9384C1A09C40BA
:1054900022CC06CE4944A9C783C707000D446391B7
:1054A000A70489451715FF1F0345C58DEFC08FBAA7
:1054B00091451715FF1F0345E58C239201A4EFC00A
:1054C0006FB99C4001478146A38087001306F10015
:1054D000854785450145A307F100EF90B0002A8478
:1054E0002285F2406244D24405618280011106CED9
:1054F00022CC26CA8547631AF50683D741A4B1CBCF
:105500001707FF1F0347C77A29E71307B003636D27
:10551000F70289451715FF1F0345C586EFC08FB3F6
:105520009307006403D641A43306F6028945171594
:10553000FF1F03452585EFC06F90239201A4F24021
:105540006244D24405618280938747FC2392F1A490
:10555000FDB79387C1A09C43FDD36244F240D2447F
:1055600003C5070005616FF01FF29384C1A09C4042
:10557000F9D79717FF1F83C72781918BE9D38947F5
:105580006313F5062D452EC6EFB01FBE2A8445D9FC
:10559000B245930700FD2300F500E547A300050091
:1055A0002301F50083C7350015051946230FF5FEC5
:1055B00083C745009505A30FF5FE97B0FE1FE78052
:1055C00080201705FF1F0345357C9307F00F6315F7
:1055D000F5009C4003C50700A2856244F240D24416
:1055E00005616FB05FC389451705FF1F03458579C6
:1055F000EFC04FA66244F240D244239201A4056159
:105600006FF0FF9E9707FF1F83C70778958B91CB9D
:10561000938701A59C4381CB85472383F1A46FF039
:105620001F9F4945828041458280238301A485458F
:1056300001456F90E06B9707FF1F83C7E774958B59
:1056400091C785472381F1A46FF07F9F49458280F0
:10565000238101A4814505456F90406A9307C01CD2
:1056600063FCA700094582800945F2406244D244A8
:105670004249B249056182805DC5011122CC2A846C
:1056800021054EC64205AE899165938565714181BC
:105690004AC806CE26CA97C0FE1FE78000EC2A89BA
:1056A00061D59384C1A4884009C597C0FE1FE780D7
:1056B00020F7130589002320A9002286814523A60F
:1056C00021A597B0FE1FE78080139C402286CE85DF
:1056D000884397B0FE1FE780000F9C40239287000D
:1056E0009387C1A09C4385CF9707FF1F83C7C769D6
:1056F000958B85CB9387C1A49C4399CF984383D640
:1057000047006244F240D2444249B24905468D45C1
:10571000054505616F90805C01478146DDB7014515
:10572000A9B7494599B79387C1A09C438DC79707EF
:10573000FF1F83C76765958B8DC39387C1A49C4367
:1057400081CB984383D6470005468D450545D9B79B
:1057500001478146D5BF0145828049458280930734
:10576000C01C63FCA700094582800945F2406244E1
:10577000D2444249B249056182805DC5011122CC03
:105780002A8421054EC64205AE89916593855571DF
:1057900041814AC806CE26CA97C0FE1FE780E0DBDB
:1057A0002A8961D5938441A5884009C597C0FE1F09
:1057B000E78000E7130589002320A90022868145A0
:1057C00023AA21A597B0FE1FE78060039C40228694
:1057D000CE85884397B0FE1FE780E0FE9C40239271
:1057E00087009387C1A09C4385CF9707FF1F83C77E
:1057F000A759958B85CB938741A59C4399CF984317
:1058000083D647006244F240D2444249B249054639
:105810008D45054505616F90A04C01478146DDB778
:105820000145A9B7494599B79387C1A09C438DC746
:105830009707FF1F83C74755958B8DC3938741A556
:105840009C4381CB984383D6470005468D4505454B
:10585000D9B701478146D5BF01458280494582803D
:105860009307C01C63F4A70009458280797122D494
:105870004ECE06D626D24AD0AE892A8431CD210515
:105880009165420593857571418197C0FE1FE78040
:10589000C0CC2A89094563010908938401A5884081
:1058A00009C597C0FE1FE780A0D7130589002320F4
:1058B000A9002286814523A821A597B0FE1FE78075
:1058C00000F49C402286CE85884397B0FE1FE78077
:1058D00080EF9C40239287009387C1A09C430145A1
:1058E00085CF9707FF1F83C7274A958B49458DC7EB
:1058F0006C001305D030EF10312CB247014593F7FF
:10590000070F99CB938701A59C438D45054594438B
:1059100003D64700EF90803DB25022549254025972
:10592000F249456182809387C1A49C4391CF03D6FD
:1059300047008C43411106C697B0FE1FE780A0E8E0
:10594000B240014541018280094582809387C1A40C
:105950009C4385C7938741A59843894705C3035650
:1059600047000C43411106C697B0FE1FE780A0E533
:10597000B24081473E854101828089473E858280D1
:105980009387C1A49C4385C7938701A59843894702
:1059900005C3035647000C43411106C697B0FE1FCE
:1059A000E78060E2B24081473E85410182808947BD
:1059B0003E8582809707FF1F83C7073D918B99CF54
:1059C0004111138581A406C6EFC0FFD8B240FD5730
:1059D0001707FF1F231FF72C4101828001456FC06D
:1059E0009FD7FD57A380F1A4F9572380F1A4238307
:1059F00001A4238101A4239201A423A601A423AA24
:105A000001A423A801A49707FF1F9387672D1707F9
:105A100000001307472198C317070000130747AD7D
:105A2000D8C317F7FFFF1307076798C717F7FFFFDC
:105A30001307275ED8C717F7FFFF1307876098CBB8
:105A400097F7FFFF9387877723A4F1A48280411102
:105A500026C29384C1A09C4006C622C485CF2A8456
:105A60000D45EFB06FF0AA8519CD930700FD230017
:105A7000F5008D47A30085002301F5009C4003C578
:105A80000700EFB04FF919C42244B24092444101DB
:105A90006FF0EFD5B2402244924441018280797187
:105AA0004ECE9389C1A083A7090026D206D622D460
:105AB0004AD052CC8144A1C783C4170085472A89A4
:105AC0006388F4049707FF1F83C7871E854485EB0F
:105AD0000D45EFB06FE9AA8505C1930700FD2300CE
:105AE000F5009147A30025012301F50083A70900D4
:105AF00003C50700EFB02FF2EFF06FCF8544B2502F
:105B00002254268502599254F249624A45618280A4
:105B10009387C1A49C434E8A85E30145EFD08FFF54
:105B20002A8601CA89451705FF1F0345A525EFB041
:105B3000FFB083270A00B1A0944303D64700930522
:105B4000E1000545EFC0BFCB69D983470500858BD0
:105B5000E9D70545EFD00FFC9307B0032A8463F320
:105B6000A7045D661306067089451705FF1F0345E8
:105B70006521130444FCEFB07FC8239281A483A75E
:105B800009000947A380E7009707FF1F83C7471253
:105B900091C79707FF1F238D071095B74A85EFF030
:105BA0001FEBB1BF130600643306C5029DBF411150
:105BB00022C42A840D4506C6EFB00FDB15C193073A
:105BC00000FD2300F500CD47A30085002301F5006B
:105BD0002244B240AA8503C511A441016FB0AFE3CE
:105BE000B240224441018280411122C42A840D45E1
:105BF00006C6EFB06FD715C1930700FD2300F5006F
:105C0000ED47A30085002301F5002244B240AA8598
:105C100003C511A441016FB00FE0B240224441011D
:105C20008280035745000111896606CE22CC26CA20
:105C300013866600AA876317C7009C47014583C582
:105C4000070009A813868600631AC7009C4705450C
:105C500083C50700EFF04FE305453DA81386960086
:105C60006313C7021387C1A01843014515C79C479A
:105C700003C50700631B050C8547A300F700054516
:105C8000EF80707CD1BF1386A600631CC7009C47C1
:105C900003C50700EFF0BFE0F2406244D244056163
:105CA000828013866603E30AC7F813867603E30F40
:105CB000C7F813868603631DC7081C451307E00F4A
:105CC00083C4070083C701A4638EE7021307F00FA4
:105CD0006386E7021145EFB02FC9AA8505C1930776
:105CE00000FD2300F5008947A30095002301F5007E
:105CF000A301050003C501A4EFB0EFD1F95723803C
:105D0000F1A499BF9387C1A098433E84014549D728
:105D100085EC85447D4523059100EFD0AFDF231648
:105D2000A10013050002EFD0EFDE1C40A305A10087
:105D30001307B100A380970074001306A1008545E6
:105D40000545EF80307A09BF2685EFF05FD029B78F
:105D500013869603E30DC7F21386E6036317C700A5
:105D60001C45094583C50700F5B59386F603631DF9
:105D7000D7021C4503C507003DE96C001305D03070
:105D8000EF108163B247414793F7070FE386E7ECD3
:105D90009305B10013056031EF1001620345B100B6
:105DA0008545EF80F0744DBD896613860604631344
:105DB000C7041C4503C4070083C761A4228585EB83
:105DC0000D45EFB06FBAAA85E30805E8930700FD1B
:105DD0002300F500D1472301F500A3008500938738
:105DE000C1A09C4303C50700EFB0EFC2B5B5EFF00B
:105DF0001FDC9DB513861605631BC7001C4503C534
:105E0000070021E585450545EF80506FB1B59386C4
:105E100026050145E312D7E89C4703C4070083C762
:105E200021A422859DE30D45EFB00FB4AA85E305BB
:105E300005E2930700FD2300F500F147A30085006C
:105E40002301F50003C511A445B7EFF0FFD929B52B
:105E500041119707FF1F83C727F306C6958B99CB80
:105E60001705FF1F1305C5E7EFC09F8E4D45B240D4
:105E7000410182800145EFC0BF8D0145CDBF03C701
:105E80000500937625009377D70F99C29367270073
:105E9000131885011358884113F7F7076354080056
:105EA00013E70708937685009377770F99C2936776
:105EB00087001377050293F6F70D19C393E60702DF
:105EC0002380D500634508009377A50281CB8347E3
:105ED000060093E7C7002300F60082807DFD83471C
:105EE0000600CD9BCDBF2D456319071403C50500E2
:105EF00009476310E51401114EC6BE89DC4122CC6E
:105F000026CA4AC806CE03C7170083C70700B6844F
:105F100022075D8F42078D664187938736A03284C2
:105F20002E896301F70E63C0E702938716A0630909
:105F3000F70A63C1E70E938606A0630CD706239089
:105F4000040005454DA8938766AA6305F70C93875F
:105F500086B8630BF70C938646A0E312D7FEDC45A8
:105F6000DDC721472390E40003D707002300E600A4
:105F700003D707002183A300E60003D727002301EE
:105F8000E60003D727002183A301E60003D74700DB
:105F90002302E60003D747002183A302E60003D7CC
:105FA00067002303E60083D76700A183A303F600FD
:105FB00091A0C84597B0FE1FE780808542054181CA
:105FC0004E86637335012A862390C40042064182BF
:105FD0008325C900228597A0FE1FE780C07E19A8EF
:105FE000DC4583D707002390A4002300F600A1839B
:105FF000A300F6000145F2406244D2444249B2494E
:106000000561828099472390F4001946D1B7239007
:106010000400CDB785472390F4008327C90083C7C8
:1060200007002300F400F9B7E1472390F40061462C
:1060300045B72390060005458280828083C805000D
:106040008947639BF814DC41797122D406D626D2A5
:106050004AD04ECE52CC03C8170083C707002E8407
:1060600022083368F80042088D67135808411383EB
:1060700027A0630468102A8A3A89B684B285634CE3
:106080000301138707A0630AE802938717A0630B35
:10609000F808854711A8138737A0630CE80A13870F
:1060A00067AA8D47E317E8FEB25022549254025972
:1060B000F249624A3E8545618280484432C697A0D3
:1060C000FE1FE780E074420541819D47E36E25FD98
:1060D000B309990083C7A1A5B24563D43701B54779
:1060E000E1B748442686C2094A9597A0FE1FE7807B
:1060F000806D484403C6A1A593D90901050633065E
:10610000364181454E9597A0FE1FE780406F9387EB
:10611000C1A59C4399E3814741BF9C438145E5DF8D
:10612000528535A0AD47E31109F8E39A16FB834782
:106130001600834606005844A207D58F2310F700A7
:106140009387C1A59C43E1DB9C438545E9D78297B2
:10615000D9B7AD47E31A09F49947E392F6F84844F2
:10616000194697A0FE1FE78000669387C1A59C4350
:10617000DDD39C43CDD38D4565B7AD4715F7854736
:10618000E39FF6F40347060093070008E3EEE6F00A
:10619000DC452380E70041B785473E85828023AEFA
:1061A00001A4A38D01A4238D01A4B707A0009385AA
:1061B0000184938707059CC1B707E803DCC117B6C4
:1061C00001001306261A97C7FE1F9387A7420947A7
:1061D000938EB183D0C317B601001306E61585462A
:1061E0002380EE00138E81839388C183D0C723AEB2
:1061F000D70117B6010013066615138381A513880E
:10620000A1831385918397BE0100938EAE14230062
:10621000EE002380E8002380E7002388E700238046
:10622000E7022388E70223AEC7032380E7042300A5
:10623000E8002384D70023950700D0CB238CD70018
:10624000239D070023A2D7032384D70223950702A7
:1062500023A60702D0DB238CD702239D070223103D
:1062600003002300D50017BE0100130E6E0D23A2FC
:10627000C7052388E70423AE17052380E706238894
:10628000E7062380E70897B801009388680D17B7E1
:1062900001001307270B23A2E7082384D70417075D
:1062A0000000130787C42395070423A66704F0CBD7
:1062B000238CD704239D070423A217072384D70622
:1062C00023950706ECD7F0DB238CD706239D070622
:1062D00023AE07072384D7082395070823A6A7081A
:1062E00097C7FE1F9387073A98C317070000130745
:1062F00027D5D8C323A407008280A54763E8A71049
:1063000017B701001307C78E0A053A951C41011102
:1063100022CC26CA06CE4AC8BA97B2842E84828777
:106320009307800F63F9B7006145F2406244D2449D
:1063300042490561828097C7FE1F9387A72BC857E4
:106340003E8919C597B0FE1FE780802D238D01A4DB
:1063500013061400916593850571328532C697B096
:10636000FE1FE780801F17C7FE1F232BA72A4DDDC6
:106370003246814597A0FE1FE78060480325C90289
:106380002286A68597A0FE1FE780E043238D81A487
:10639000014561BF8947E399F5F883570600239CBF
:1063A000F1A4FDB7A147E391F5F82146A685138531
:1063B000018497A0FE1FE7800041D9BF8547E39580
:1063C000F5F697C7FE1F9387E722D04F97C5FE1FAC
:1063D0009385C52403C50400EFF07FAA55BF854708
:1063E000E394F5F497C7FE1F9387C720D05F97C546
:1063F000FE1F9385A524F9BF8547E397F5F28347F0
:106400000600A38CF18269B7094505B7094582806A
:1064100083C7B1A595E38547A38DF1A4058909CD6F
:1064200097C6FE1F938606264146A54517C5FE1F43
:106430001305451C6F20A03C014582800111138883
:10644000F5FF06CE22CC26CA4AC84EC652C41378DF
:10645000F80FAD4563EE050BBA890A0817A70100CE
:106460001307877B3A983E8A832708003689B284CF
:10647000BA9782878545EFC0AFCC2A8419E1EFF047
:106480003F9D2285F2406244D2444249B249224AA9
:10649000056182808945EFC0AFCA2A847DF12685D7
:1064A000EFE03FABF9BF9145EFC08FC92A8471F986
:1064B0005286CE854A85EFC0CFBDEFF07F99EFF0D1
:1064C0006FCFEF50302775BFA145EFC06FC72A844B
:1064D0004DF95286CE854A85EFC0AFBB2685EFE0E9
:1064E0005FA7EFE01F9FEF50102361BFB145EFC0E2
:1064F0002FC52A8459F55286CE854A85EFC06FB9DB
:106500002685EFE01FA5EFE0DF9CEF50D02075B7A8
:10651000094485BFBD47638CF50663E9B702A5470B
:106520006387F50663EDB7009947638CF5049D47D3
:10653000638FF5049547638CF50401458280B54768
:106540006387F50463E1B704AD47F5B7DD47638EB4
:10655000F50263EAB700C947638BF502D947638642
:10656000F502C547C9BFF5476383F50263E4B70089
:10657000ED47D1B793072005638BF5009307200DF6
:106580005DBF48458280084182800845828048413D
:1065900082809307F00F630EF506011126CAAA84C4
:1065A0001305000222CC4AC84EC652C456C206CEBB
:1065B0003A89B689B28A2E8AEFA01FBB2A844D453C
:1065C00015C8930700FB2300F400A3005401231116
:1065D0004401230234011305840061466305090266
:1065E000CA8597A0FE1FE780001EA2852685EFA022
:1065F0009FC20145F2406244D2444249B249224A14
:10660000924A05618280814597A0FE1FE780201F86
:10661000E9BF09458280011122CC06CE2A842306D7
:10662000B100A306C100EF40C03A0DC10347C50049
:10663000A1476311F70278009306E0070146A2859F
:1066400017F5FE1F03456574EFF0BFF4F240624496
:106650000561828078009306E0070146A28517F560
:10666000FE1F03457572CDB7930700643306F6022B
:106670006FB04F8F05C90347050085469307270074
:1066800093F7F70F63F0F602411122C42A843A858A
:1066900006C6EFB0CFA0FD572300F400B24022445D
:1066A000410182808280035705009307000B63132A
:1066B000F702834745004947639CE70003471501FC
:1066C00085476399E7000355250085456F20103DF8
:1066D0006D47C5BF8280011122CC06CE2A842EC60A
:1066E00032C436C2EF40E02E0DCD8346C500A1472F
:1066F00012472246B245639EF600B28617F5FE1F8A
:106700000345A5682E86A2856244F24005616FF0BC
:106710005FE8B28617F5FE1F034515672E86A28532
:10672000E5B7F240624405450561828023A2A1A637
:106730008280011122CC26CA06CE2A84AE84EF4084
:106740004029A6852285EF1081321DE5228523167A
:106750009100EF4000280DC10347C500A147631217
:10676000F70217F5FE1F0345456278009306F00710
:106770000146A285EFF0FFE1F2406244D244056198
:10678000828017F5FE1F03453560C5B7011126CA83
:1067900006CEB68422CCDD4663E2B608D94663FE57
:1067A000D50AA5466381D50A63EEB6049546638C87
:1067B000D50899466387D50A054441687D18631654
:1067C00006093AC6EF10612E33068540324742066D
:1067D0004182420441803305C4004205BA854181AB
:1067E00032C6EF20D03BAA8749C181C432462390EC
:1067F000C400B30580406244F240D2443E85056146
:106800006F10010CC5466380D504C9460D44E3955D
:10681000D5FAC167FD17E31EF6FA65B7F546638042
:10682000D50463E4B600ED46D5B79306200563882A
:10683000D5029306200DE391D5F8C167FD170D44ED
:106840006319F600BDBF09448DBF9306200DE39286
:10685000D5F8310642064182ADBF15445DBF0D44F7
:106860004DBFC167FD171D447DB7F2406244D2445D
:106870000561828079714ECEAE89C16526D201470D
:10688000AA84894617B60100130646AEFD150545D4
:1068900022D406D64AD0EF009061054431CD2A8932
:1068A0001307300281461146F5452685EFF01FEEAD
:1068B0002AC6554431C18357A900CE860146231408
:1068C000F10091472315F10085472300F500B247F9
:1068D0002C002685A38007003247FD572301F700CF
:1068E0003247A301F700EF0050522A8411C5324508
:1068F00097B0FE1FE780C0D22285B2502254925436
:106900000259F24945618280411106C6EFF09FC0ED
:1069100019C5B240410117B3FE1F670063D0B240F2
:1069200041018280011106CE2AC6EF00117F324557
:10693000914523A001A623A201A697F7FE1FA383DA
:10694000A744EF20F020F24005616F10F07F93978D
:106950000501C18763D80712797117F5FE1F03453A
:10696000754222D44AD006D626D22E89EFA03F8483
:106970002A8449CD034705009307000A6315F708E9
:1069800085474C08A305F100EF102105AA8405ED09
:106990008347610171476374F708138717FE137704
:1069A000F70F9306000263F3E608858BC5C793874C
:1069B00001A69C43994481CB035524001306B100E2
:1069C0004C088297AA848347B10099C7084409C537
:1069D00097B0FE1FE780C0C495E05247B70700019B
:1069E000938707F07D8FB707120093870710630C1A
:1069F000F70003476101ED476317F70003552400D3
:106A00008545EF20B0092285EFA04FF3B250225404
:106A100021653345A90092540259456182803707A8
:106A2000301405073357F700058B41D3138741A670
:106A3000184351DB0347510159F72306F1009947E9
:106A40002308F100035524006C0023170100EF1008
:106A5000A11795BF938741A69C439DC3035524006E
:106A60001306B1004C08829739DDAA84834751018F
:106A7000B9FB83476101230891002306F100D9B7D0
:106A80009944EDB7014582800145828097F6FE1F4B
:106A900083C6D62F814763E5D70001473A858280B8
:106AA0002E87910503D6C5FFE30AA6FE8507E5B745
:106AB0000DCD834725000547890793F7F70F6376C8
:106AC000F702411122C406C62A84835505000345F6
:106AD00035000147F9465D46EFF0BFABF95723118A
:106AE000F400B240224441018280828017F7FE1FE9
:106AF0000347D7298147FD5663E3E70082802310CF
:106B0000D5002301050085071105FDB701458280E9
:106B1000938571859307000285462380F500FD5714
:106B2000238BF184A384F1842384F184239AD18478
:106B3000239401A623A801A623A001A823AA01A6A5
:106B40001386C18497B70100938747815CC2238570
:106B500001A697C7FE1F9387A7B309472300E60046
:106B60002380E7002388E7002380E7022388E702E9
:106B700017A701001307C77DD8DB0D47238CE70259
:106B80001387C1A618432384D700D0C7238CD7000E
:106B900017A501001305057D17A601001306067B46
:106BA00097A601009386867CC8C323950700D0CBA7
:106BB000239D0700CCCFD4D323840702239507025B
:106BC00023A60702239D0702D8DF97C7FE1F9387DE
:106BD00027B0170700001307870C23A00700D8C3AE
:106BE00023A407008280411106C6EFF03FEA11C5D9
:106BF00003452500B240410182800145E5BF4111B6
:106C000022C426C24AC006C6AA842E893284EFF066
:106C1000FFE711E94165CA857D15EFF03FE7C547FC
:106C200011C523109500230185008147B2402244FD
:106C3000924402493E854101828029E789483547CF
:106C400063931605011106CE22CC26CA034716000F
:106C50000346060093C7F7FF2207598EF18F32C60D
:106C60008DE7C4452A84A685EFF0FFF73246014739
:106C7000630FA60022856244F240A685D2440561D6
:106C80006FF0FFF72D473A85828013070008F24026
:106C90006244D2443A850561828083C80500094870
:106CA0006395080303A845008347180003480800BC
:106CB000A207B3E70701C2070D68C1871308289030
:106CC0006395070189476FF05FF70545828003C729
:106CD00091849307F00F630AF70441114AC02A898F
:106CE000294522C426C206C63284AE84EFA0CFC78F
:106CF0001DC59307100B2310F50023020500231474
:106D0000850022442311250123139500B2409244AB
:106D10000249AA8503C5918441016FA0CFCFB2403B
:106D2000224492440249410182808280411193872A
:106D3000C1A626C2AE848C4322C406C62A84EFF0C4
:106D40009FEA098909C922852244B240A685924456
:106D500041016FF03FB2B2402244924405454101E7
:106D60008280411122C426C24AC006C6AA841304E6
:106D700045001309850B835704009DC3084409C5CA
:106D800097B0FE1FE780C08922853146814597A0D4
:106D9000FE1FE780C0A63104231A04FEE31D24FD74
:106DA000B2402244FD572390F4000249924441012D
:106DB0008280938781A7984317F6FE1F034616FD2E
:106DC00081476315F600814636858280BA861307AF
:106DD000870B835587F4E389A5FE850793F7F70FA3
:106DE000CDB7938701A89C4399C703D74700E31CFD
:106DF000A7FE8847828001458280411106C6EFF0D8
:106E00005FFE09C50845B240410182800145E5BFEA
:106E1000011126CA9384450022CC4EC606CE4AC82C
:106E200052C456C25AC026878149014481468147CF
:106E30003D450356070055CED9E20354470083571A
:106E40002700B286A297C207C18385093107E39262
:106E5000A9FE25C82E89916593854570228597A046
:106E6000FE1FE780806F2A8B29CD814A014A8C441E
:106E700085C503D6440033054B0197A0FE1FE7806C
:106E8000809483D7440088443E9A420A135A0A01E8
:106E900097A0FE1FE780C07863890A0031468145CC
:106EA000268597A0FE1FE7808095850AB104E3E060
:106EB0003AFD2326690123148900054521A0630DAD
:106EC000D6000145F2406244D2444249B249224AC6
:106ED000924A024B0561828003562700E313F6FEB7
:106EE000035647003294B2974204C2074180C183DF
:106EF000A9BF0545E37835FDA9BF938741A79C430A
:106F000099E30145828098470357A700E319A7FE3C
:106F1000138547008280411106C6EFF01FFE11C5A0
:106F200003550500B240410182800145E5BF411192
:106F300006C6EFF09FFC11C503452500B240410194
:106F400082804145E5BF411122C42A842E8506C6B0
:106F5000EFF0FFFDAA8505462285EF30902A954780
:106F60006305F500BD476313F5002145B240224497
:106F700041018280411122C42A84090506C6EFF02E
:106F80006FEFFD57A301F400B2402244410182801B
:106F90009387C1A79C4317F7FE1F034737DF2A8655
:106FA000050781463E8583D707006388C7008506AD
:106FB00093076500E3E8E6FE01458280411122C4A3
:106FC000416406C626C29307E4FF630EF500AA8457
:106FD00085E1EFF0FFFB01E91305F4FFEFF05FFB44
:106FE00019C123109500B24022449244410182808D
:106FF00085476394F504EFF0BFF92A846DD5FD57FA
:107000002310F500834724001307F00F6384E70281
:107010001307E00F638AE700034534000147F94690
:107020005146A685EFF0EFD62285EFF0BFF4FD576D
:107030002301F400230204007DB78947E395F5FAA4
:107040008545EF30703B45F12685EFF07FF42A84CB
:1070500055F951BF5D71A6C24EDE86C6A2C4CAC034
:1070600052DC56DA5AD8AE8483C52500F947AA897E
:107070006396F504EFF0DFF12A8409ED01442285DF
:10708000B640264496440649F259625AD25A425BA7
:1070900061618280834725000547890793F7F70FD1
:1070A000E37EF7FC034535000147F9460146CE85EE
:1070B000EFF02FCE2285EFF0FFEBC9B783AA0400D3
:1070C000B7070001938707F037071200B3F7FA00FC
:1070D00013070710328A0149638AE7022EC6EFF0D0
:1070E0003FEB2A89B2451DC10346450005C29317EF
:1070F0008601E187E3C407F84E85EFF0CFD18347DF
:10710000490093E707F82302F9008DBF03C76185A3
:107110009307F00F1944E304F7F6E147E3E1B7F60C
:1071200093D71500FD178E0717A701001307C7B1E6
:10713000BA9703A80700E30408F403AB4700E30091
:107140000BF4C20A93DA0A0163850A00C947E3987F
:10715000F5F283D64400904483C5140003C50400AF
:10716000380802982A8401FD2C084E85029B2A8447
:1071700021C983C71400E39407F083C72400230ABE
:10718000A10039472308F1006399E702624783476A
:10719000170003470700A207D98F0C084E85231953
:1071A000F100EF007122E30B05EC14080546D94508
:1071B0004E85EFF04FD22A84D9B583578101F1BFB4
:1071C00083C624009147E38BF6EA38080146CE8552
:1071D00003C56185EFF0EFBB2A84E31205EA83C59E
:1071E00024002808EFF00FB319C123000A009840CB
:1071F000B7070001938707F07D8FB70712009387C9
:107200000710E30DF7E6E30B09E683C7240023022A
:10721000F900B5B5011106CE2EC6EFF07FD701CD2E
:1072200083474500B245138717006396E50093F73F
:1072300007F82302F500F24005618280938741A799
:10724000984319E3014615A81C4703D8A700636BB0
:10725000050183584700B38608016355D500814670
:10726000639416011843F1BF3E86C10703D3A7FFFD
:107270006317A30099C1239005013285828085069A
:10728000C206C182F1BF397152D42E8A4ED69305FF
:10729000E101AA89528522DC4AD856D206DE26DAD6
:1072A000328936C63AC4BE8AEFF05FF9054435C567
:1072B000AA840355E1013944EFF0BFB239CD032868
:1072C0004500630C08042247B246D6874A86A68545
:1072D0004E8502982A8431E19307E00F638FFA020A
:1072E00003C704008947631AF702D8408347170091
:1072F00003470700A207D98FC2070D67C18713078D
:107300002790639CE7008347190003460900D28554
:10731000A2075D8E4E85EFF09F9B2285F25062544E
:10732000D2544259B259225A925A216182807971BB
:1073300022D4035425004ECEAA89228556CA06D6E9
:1073400026D24AD052CC5AC85EC662C4AE8AEFF08A
:107350005FA601E92285EF00D157594429E901448C
:10736000B9A003C789008547AA840144631AF702BC
:10737000AA8513858900EFF0BFA929CD03D7640042
:1073800083D68400D04483D5440003D52900E14747
:10739000EFF07FEFD9472A846318F50223A6040093
:1073A0002685EFF01F9C49C0D947E30AF4FA2285ED
:1073B000B250225492540259F249624AD24A424B84
:1073C000B24B224C4561828061DD83D7440023901B
:1073D000FA00F9B713894400014AB94B594C3D4BA7
:1073E00083550900D5DDE14763067A010357C900DB
:1073F00011C3D94703572900835649000326890042
:1074000003D52900EFF03FE82A846319850123247E
:107410000900050A3109E3156AFD59B77DD983577B
:1074200009002390FA00F5B703D529002DB7011103
:107430002317C1009307E00F1306E10001478946B7
:1074400006CEEFF05FE4F24005618280797122D4CC
:107450002A840355850026D2AE849305210106D6E1
:107460004AD0EFF0BFDD6308050E834785002AC6CA
:1074700093F707028DCF03552101EFF01F98AA87DC
:10748000B24501ED8357840039452390F400B25092
:107490002254925402594561828003552400494682
:1074A000829711C5835784002390F400CDB7035908
:1074B00024004A85EFF0FF8F11ED41657D15EFF057
:1074C0005F8F19E58357840025452390F400C1B7E9
:1074D00023102501130745008147BD4603560700C9
:1074E0002DE63147B387E702130984003146CA8588
:1074F00091073E959790FE1FE780E02C3146CA85A4
:1075000048089790FE1FE780002C0356C4000355DF
:10751000240041478146DD45EFF04FA72ACE19E50B
:107520008357840045452390F40095B70C480356D3
:10753000C4009790FE1FE7800029035524004C08E3
:10754000EF00F13429D5594599B785073107E397FD
:10755000D7F8254581BF0545B1B7797122D42A8472
:107560000355850026D2AE849305E1014AD006D6A4
:107570003289EFF0BFCC51C58347850093F70702EE
:10758000A9E7034714019307200519E38347440043
:107590008356A400504483558400035524000147BA
:1075A000EFF07FCEAA8721E98347140199E70355BD
:1075B0002400EF00F128D94711E18147B25022544D
:1075C000925402593E85456182802AC60355E101E5
:1075D000EFF0BF82AA8705C9B2450355240049468A
:1075E0008297AA8759DD035784002390E40003475C
:1075F000140161F7E1B75947E317E5FE23000900DD
:107600006DBF8547CDB7B947F9BF397122DC4AD87C
:107610004ED652D406DE26DAAA892E8A32C636899A
:10762000EFF01F97094415C5834725001307E00FA6
:10763000AA845D44638FE7001307F00F5944639AEF
:10764000E700324605E2D2854E85EF00712C2A8490
:1076500015CD2285F2506254D2544259B259225A61
:107660002161828003550A009305E101231F010077
:10767000EFF0DFBC0355E101EFF07F8BAA850546F3
:107680004E85EF3000382A845DDDE1B79307F00FB7
:10769000E301F9FC938624007946A68517F5FFFFE0
:1076A00013054541EFE05FFCA38124015DB739710B
:1076B000938741A726DA844352D45AD05ECE62CC57
:1076C00006DE22DC4AD84ED656D266CA2A8BAE8B4C
:1076D000328C368A99E08149B9A0804483DC440029
:1076E0000149835AA400631499018440E5B7835784
:1076F000A400A28963F86701050942091359090129
:107700004104D5B7E3EAFBFE630C0A00834504009D
:107710004840D28662863AC6EF002125324769DDAD
:1077200019C323105701F25062544E85D254425966
:10773000B259225A925A025BF24B624CD24C2161EE
:10774000828003D7050083D62500854763E9E604D8
:1077500039C7411183C6450026C29384550022C40F
:1077600026862E8417A501001305C5BF894506C6C8
:10777000EF00A11FC14711CD83464400835524006B
:107780000355040001472686EFF07FF2814711E19F
:10779000A947B240224492443E85410182803E8501
:1077A00082802E860355060083D52500854763E237
:1077B000A50205C18346460041110147150606C6CC
:1077C000EFF0FFEE814711E1A947B2403E8541014C
:1077D00082803E8582802E860355060083D5250053
:1077E000854763E2A50205C1834646004111014772
:1077F000150606C6EFF0BFEB814711E1A947B2407D
:107800003E85410182803E85828039714ED683D784
:10781000250083D9050006DE22DC26DA4AD852D4B8
:1078200056D25AD05ECE62CC66CA6AC863E03719B7
:107830008547638E0914416BAE8A2A8A231401009E
:1078400002C6014401497D1B894B054CC94C054DBD
:1078500083D52A000147814601464E852313010046
:10786000EFF0FFE4AA846300051209EC130720027D
:10787000930661005A8695455285EFE03FF12A84D0
:10788000630805120357810083C7040045C70347F7
:10789000A100630CA70741476385E7022C005285CE
:1078A000EF00E14709CD34001546D9455285EFE098
:1078B0009FE211C5324597A0FE1FE78060D6814741
:1078C000F9A083D7A4004146130524002300F40047
:1078D00083D7A400A183A300F400CC409790FE1F9F
:1078E000E78060EE4904835781008507C207C183A2
:1078F0002314F10063F9270983D7A400638567097E
:107900008509C20993D90901A1B7E39977F983D70A
:10791000A4000946130524002300F40083D7A40023
:10792000A183A300F400CC409790FE1FE780A0E95C
:10793000110455BF22C60359610003C7A4001305F3
:1079400024006382770333599903230571012300CF
:10795000E40083D7A4004146A183A300F400CC40F7
:107960001379F90FA5BF230581012300E40083D714
:10797000A400135929001379F90FA183A300F4007F
:107980000946CC4055B78357810089FBA947F2507F
:107990006254D2544259B259225A925A025BF24B63
:1079A000624CD24C424D3E85216182808547C5B7ED
:1079B000C547F1BF03C7E1A8854763F3E706011197
:1079C00022CC26CA4AC806CE2A843289AE84EFF079
:1079D0002FDC01C9034725009307E00F5D456308CD
:1079E000F700631C0900A6852285EF00416FF24075
:1079F0006244D24442490561828003D50400930564
:107A0000E10023170100EFF07F830355E100EFF061
:107A10000FD2AA8505462285EF20B07E69D5C1BF69
:107A20005945828013F7050201C7B2856FF0AFD1C7
:107A3000411126C24AC006C622C413F98500AA8491
:107A400063170900139785016187635D070232851B
:107A50003684EFF0CFCDAA850546631309000146B1
:107A60002685EF20107A01E90145B2402244924474
:107A700002494101828083479400E5DB834784000B
:107A8000E5F7E5B793F72500E5F30D45F9BF797103
:107A9000AE8622D42A8403D506009305E10106D6DA
:107AA00036C6EFF0AFF909CD83458500B2460356DF
:107AB000E1012285EFF01FF7B25022544561828028
:107AC0000545DDBF13F7050201C7B2856FF0AFC7EB
:107AD000411122C426C206C693F485002A8491E48B
:107AE000139785016187635007023285EFF02FC439
:107AF000AA85054691E0014622852244B24092447F
:107B000041016F20107093F72500014591E30D4569
:107B1000B24022449244410182807971AE8622D4DF
:107B20002A8403D506009305E10136C606D6EFF098
:107B3000EFF0B24601CD834585000356E101228571
:107B4000EFF05FF8B2502254456182800545DDBFF9
:107B5000797126D2AA840355A500C16722D44AD0E0
:107B60004ECE06D623170100FD173284B68901498F
:107B7000630DF500050583C60400D04042051307D8
:107B8000E1004181EFF0BFB22A8983C60400D040F2
:107B90008945179501001305E57CEFF0105D1DC5C3
:107BA00003D4A4002285EFF00FB709C57D142A94F1
:107BB000420441806384090023908900B25022541A
:107BC0004A8592540259F2494561828083C6040075
:107BD000D04089451795010013050579EFF0F0585D
:107BE00061F183C60400D040894517950100130553
:107BF000E575EFF0905719C9E30609FA8357E100DC
:107C0000E39287FA0354A9007D145DB703D4A4005E
:107C100055B7397122DC26DA4AD84ED652D456D21C
:107C20005AD062CC06DE5ECEBE8983C785002A8A22
:107C3000AE84C18B328C36843A89C28A468B9DE7EA
:107C400083CB04008947638BFB046285EFF06F9957
:107C50001DC183280500638008025A88D6874E8795
:107C6000CA862286A6855285829839A03285EFF091
:107C7000CF98AA8711ED3945F2506254D254425937
:107C8000B259225A925A025BF24B624C21618280B5
:107C90002946A6855285829745D5F9BFD8408347A6
:107CA000170003470700A207D98FC2070D67C187D6
:107CB000930607906384D72263CEF6069306278047
:107CC000638ED70C63C1F60213070780E3CFE7F694
:107CD0002D45E39309FADC4403C60700CC43231087
:107CE000C900228569A213073780E390E7F62D4586
:107CF000E39409F885472310F900DC44814583C7E4
:107D000007002300F40003D5A400050542054181C6
:107D1000EFF0CFD2835709006317051291072310A4
:107D2000F90011468145130514009790FE1FE78066
:107D300000AD29A2930627906383D71863CED7128C
:107D400093063790638CD71813074790E39FE7EEAD
:107D50002D45E39309F2DC441D472310E90003C7D6
:107D600007002300E40003C71700A300E40003D7C3
:107D700027002301E40003D727002183A301E400A7
:107D800003C747002302E40003D76700A302E4000F
:107D900083D76700A1832303F4004DA02D45E39D05
:107DA00009ECDC446C0083C9170003C70700A20973
:107DB000B3E9E90011472310E90083C707004E85A6
:107DC0002300F400DC4483C71700A300F400EFF0A5
:107DD000EFC6AA8435C50356C100C1659306E1000C
:107DE000FD158329C500EFF0BFD619ED83C6040049
:107DF000D04089451795010013050557EFF0F0367F
:107E000001E5FD572317F10003C7090089476310F7
:107E1000F70283A549000946130544009790FE1F09
:107E2000E780609A8357090089072310F900835778
:107E3000E1002301F400A183A301F40001452DBD5D
:107E400023173101EDB7034705008907BA972310BF
:107E5000F9008357A500A300F4008357A500A18370
:107E60002301F400034605004C41130534009790AC
:107E7000FE1FE7804095D9B7C8449790FE1FE78062
:107E8000209993170501C1832A871D45E3E637DF53
:107E90006399F90023100900CC4403560900CE95DC
:107EA00089B54207B3863A01418363C7E600B387C9
:107EB00037412310F900CDB723105901F1BF2D45EB
:107EC000E39C09DACC445285EFE0FFD1231079011D
:107ED0002300A4002181A300A4008DB72D45E39DBC
:107EE00009D8DC442310790183C707002300F4007C
:107EF000DC4483C71700A300F40089B75D71CAC0D2
:107F00002A89035525004EDE52DC56DA5AD85ED651
:107F100062D466D26AD06ECE86C6A2C4A6C22E8BAA
:107F2000EFF0B038130CF5FF931D0C01C16BAA8A5A
:107F3000814917EAFE1F130AEADB93DD0D01938CDA
:107F400001A7138D81A6FD1B8357C90063F8F900B3
:107F500097E7FE1F83D707DA63CE87010355290011
:107F600097E5FE1F938505D9EF000102AA841DCD78
:107F7000D9442DA883278900139719009305E100A0
:107F8000BA9703C4170083C7070022045D8C2285BB
:107F9000EFF0CFAAAA851DE923108B0003254A0024
:107FA000854409C59790FE1FE7808067B640264448
:107FB000268506499644F259625AD25A425BB25B10
:107FC000225C925C025DF24D6161828083484900CF
:107FD00083A60C000356E100035529006E888147F3
:107FE0006A87EFF01FC3AA8411C523108B000325F5
:107FF0004A0045BF83274A0095E3035529005147AE
:1080000081465E86BD45EFE06FF897E7FE1F23A52A
:10801000A7CE09E523108B00C54449BF97E7FE1F93
:1080200083D747CD03D781A63E976347570113C730
:10803000F7FF56972394E1A603254A0083A50C0079
:1080400003D681A63E959780FE1FE780C0778357B1
:108050000A0003570D008509C209BA9717E7FE1FEA
:10806000231AF7C893D90901C5B5397122DC2A84CE
:108070000355250006DE26DA4AD84ED652D45AD009
:108080005ECE62CC66CAAE8B56D2EFF010222A8A40
:108090008346C4008355A40003558400780013066A
:1080A000D400930CBAFF651AEFF06FE0420A416BFF
:1080B0002A898144135A0A01138C01A797E9FE1FEC
:1080C000938949C37D1B6302090463D094058348E7
:1080D000440083260C000356C10003552400528837
:1080E0008147138781A6CA85EFF0BFB215C5814AC3
:1080F0000356C1008355A4004A859306E100EFF0C2
:108100003FA52A89639D0A065DFDE5E0835784004B
:1081100029452390FB0081A00356040183D781A643
:10812000E317F6FC83250C0048489780FE1FE78084
:10813000807255DD83A74900A1E30355240045471C
:1081400081465A869D45EFE06FE41DE18357840028
:1081500045452390FB00F2506254D2544259B25923
:10816000225A925A025BF24B624CD24C21618280BD
:1081700097E7FE1F23A2A7B8835AA90095BF83A73C
:108180004900A6972380570193871400139707018E
:1081900083A74900418393DA8A00BA972380570165
:1081A0001387240083A64900938734004207910473
:1081B0004183C207C204C183C180369711CD835663
:1081C000E1002300D70003A74900BA970357E10055
:1081D00021832380E700C5BDFD562300D70003A7F8
:1081E0004900BA972380D7000DB703552400898032
:1081F00097E5FE1F938505B097E7FE1F239C97AE7A
:10820000EFF0903E29D95945B9B7411122C406C6AD
:1082100093F705012A84328585C3EFE05FD1AA85F3
:1082200005462285EF20E07D95476305F500BD47B3
:10823000631DF502214515A893F7450099CBEFE0A2
:108240001FCF0546AA8522852244B24041016F20F6
:10825000407B93F7050489C7EFE07FCD0146DDB78A
:1082600013F51500133515000605B24022444101EF
:10827000828079714AD04ECE52CC06D622D426D2F4
:108280002A8AAE89014983D749006364F900014510
:10829000A1A083A7090013141900930414003387C5
:1082A000970003470700A29703C50700220793051D
:1082B000E100598DEFE09FF805E983A70900054526
:1082C0003E94034704002380E70083A70900BE947F
:1082D00003C70400A380E700B2502254925402590D
:1082E000F249624A45618280834585000356E10078
:1082F0005285EFF09FF105C183A709003E94034723
:1083000004002380E70083A70900BE9403C704008C
:10831000A380E700D1B70509420913590901A5B7A0
:10832000011122CC2A8403D505009305E10006CE75
:10833000EFE0DFF001CD834585000356E1002285A3
:10834000EFF0BFECF2406244056182800545DDBF7D
:10835000397126DAAA840355250006DE22DC4ED6C2
:1083600052D456D25AD05ECE62CC66CA6AC82E8A21
:108370004AD8EFF08073AA8A83C6C40083D5A400CC
:1083800003D58400138CAAFF78001386D400EFF085
:108390000FB2420CC16CAA890144135C0C01138B0F
:1083A00081A6938B01A7FD1CED1A17EDFE1F130D7F
:1083B0006D94638D09180356C10083C5890003D5E8
:1083C0002400EFF09FE42A89631D051683C844004A
:1083D00083A60B000356C10003D5240062888147A1
:1083E000138781A6CE85EFF0DF822A89631B0514EF
:1083F00039C003D781A6110797E7FE1F83D7A78F40
:108400006395E700A29763C0570997E7FE1F83D7DC
:10841000878E3354F40203D5240097E5FE1F93851D
:10842000658D97E7FE1F2397878CEFF070392A89B7
:108430000DC559491DA003D52400494781466686CC
:10844000C545EFE0AFB497E7FE1F23A7A78A0DE568
:1084500083D7A90045492310FA00F25062544A8597
:10846000D2544259B259225A925A025BF24B624C90
:10847000D24C424D2161828083570B00910717E750
:10848000FE1F231AF78683274D0003D7A900930602
:10849000E100A2972380E7009307140013970701D8
:1084A00083274D0041834E85BA9703D7A9002183C6
:1084B0002380E7000356C10083D5A400EFF04FE905
:1084C00083264D00130724000356E1004207418331
:1084D00036972300C70003274D0093073400C207D7
:1084E000C183BA970357E100AA891104218323802D
:1084F000E70003254D004204418003D681A683A5F1
:108500000B002295639509029780FE1FE780A02B40
:1085100083570B003E9442044180E31804EE83D756
:1085200084002310FA00E31A09F229493DB7978025
:10853000FE1FE780402983570B003E944204418090
:108540008DBD83D7A9002310FA00C1BF0149F1B73F
:108550005D71A6C2CAC0AA840359850003552500CF
:10856000A2C44EDE56DA5AD85ED662D466D26AD03B
:1085700086C652DC6ECE2E8BEFF02053930BD5FFC8
:108580007115931905010144138DD40093D9090184
:10859000138C81A6938C01A797DAFE1F938A8A75A4
:1085A0006358741583C6C40083D5A4001307E10083
:1085B0006A864A85EFF0AF8FAA8D630B05120359C7
:1085C000A500834585000356E10003D52400EFF0A4
:1085D000DFC36314051283C8440083A60C0003564E
:1085E000E10003D524004E888147138781A6EE85DC
:1085F000EFF02FE2631305101DCC83D781A617D7A8
:10860000FE1F0357476F8907630EF70697D7FE1FB4
:1086100083D7676E3354F40203D5240097D5FE1F29
:108620009385456D97D7FE1F2396876CEFF09005D5
:1086300005C5594515A003D5240041664D4781461F
:108640007D16A545EFE08F9497D7FE1F23A6A76A56
:108650001DE123102B014545B640264496440649AA
:10866000F259625AD25A425BB25B225C925C025D62
:10867000F24D6161828083570C00890717D7FE1F76
:10868000231BF76683D781A6A29763D3770783A7B7
:108690004A0003D7AD00130A2400A2972380E70005
:1086A00005049317040103A44A00C183420A3E94BF
:1086B00083D7AD0083A50C00135A0A01A1832300C0
:1086C000F40003A54A0003D681A652959780FE1FA9
:1086D000E780600F03540C00C167FD1752944204F9
:1086E0004180E30FF9EA05094209135909014DBD1B
:1086F000294509FC23102B0185B76DDC01BF835789
:10870000050081E789473E858280411126C24441A8
:1087100022C406C683C60400D0402A848945179522
:108720000100130525C4EFF0402419C98347240034
:108730002547E51793F7F70F6376F702E14729A876
:1087400083C60400D0408945179501001305C5C1B3
:10875000EFF0A02161FD8947B240224492443E855A
:108760004101828083D641858547FDD603570400A9
:108770003697C166E3C2E6FE916593852570314563
:108780009790FE1FE78060DDAA84CD4771D5314602
:1087900081459780FE1FE78080068357040083D5BC
:1087A000418501460147B386E500C206C18263697F
:1087B000F702AE97C207C18319C2239AF18423A09E
:1087C00004002146A285138544009780FE1FE780A0
:1087D00080FF938741A79C4391EF23AA91A631A8DC
:1087E00050401315470005072A962315D600054665
:1087F0005DBFBA87984375FF84C38147B1BF01113C
:1088000006CE22CC26CA4AC809E98944F24062440D
:1088100026854249D244056182802AC62A842800DE
:1088200036892314B1002305C100EFF05FEDAA845F
:1088300071FDE30D09FC8357A400E1DB916593858D
:10884000557031459790FE1FE78020D10DC58357A5
:10885000A40023200500232425012312F50093877B
:1088600001A89C4389E723A0A1A84DB7BA879843E4
:1088700075FF88C361BFCD4451BF83C7A1A695E3EF
:1088800085472385F1A6058909CD97A6FE1F938606
:1088900026E44146914517A5FE1F130565DF6FF0DD
:1088A0001FF601458280A384A1848280C167FD17E1
:1088B0006315F5002E856FE06FA3411106C6EFE04A
:1088C000EF9C11C5FD572310F50023010500B240B0
:1088D0004101828001114AC806CE22CC26CA8547B2
:1088E0002A896393F5044A85EFE0AFCC39E9C16486
:1088F0009385F4FF1307E1008946179601001306DC
:1089000026A50545EFE0BFDA2A84FD140DC44C44CA
:108910004A85EFF0BFF90356E10022858146A6851E
:10892000EFF00FA32A84DDB789476396F5008545EC
:10893000EF20802C4DD9F2406244D2444249056177
:108940008280EFE00FC265B7411106C623AC01A6D5
:1089500023AE01A623A601A617D5FE1F0345154386
:1089600041CD9307200C3305F50291659385157071
:108970001905420541819790FE1FE78000BE23AC98
:10898000A1A69307200C17D6FE1F034636403306D8
:10899000F602814519069780FE1FE78040E693871F
:1089A00081A79C4317D7FE1F0347573E81459386F7
:1089B000870B7D5563E8E5069306800BB306D70267
:1089C0000146FD550507B69723AEF1A6BE86239056
:1089D000B600A381B6002381B600238206000506F7
:1089E0009906E366E6FEF9562390D70099463307C9
:1089F000D702BA9723A6F1A617E5FFFF1305C565B1
:108A0000EFD0DFD217F5FFFF13050581EFE0907C73
:108A100017E5FFFF1305C55AEF204015B240014589
:108A2000410182802394A6F41386C6F42310060025
:108A3000232406003106E31BD6FE85059386860BAC
:108A400095BF411122C42A8406C6EFD04FF5EFE04E
:108A50002F8C238481849387C1A68843EFE00F89FC
:108A6000238B81842244B240170500001305C5E61C
:108A700041016F20A00F93970501C18763D007368E
:108A8000797103C5818422D452CC06D626D24AD02D
:108A90004ECE2E8AEF80AFF12A8421C9034705000C
:108AA0009307000B6310F7048547A304F100938735
:108AB00001A79C4323150100A1E7EF00C07D91654C
:108AC000938535709790FE1FE78020A923A8A1A663
:108AD00005E98347910099C7834544001305840045
:108AE000EFD09FE22285EF806FE5B25022542165DE
:108AF0003345AA0092540259F249624A4561828084
:108B00006146814517D5FE1F1305C51E9780FE1FC0
:108B1000E780E0CE03494400894797D9FE1F938937
:108B2000691D631DF906EF00007797D7FE1F239399
:108B3000A71C03552400CE85EFF0C019035724006D
:108B400097D7FE1F83D7071B8356840011ED63E47C
:108B5000F6002314F400835584003A85EFD07FBDDE
:108B60002285EFD05FB4B5B763E4F6002314F400B8
:108B700083578400D9450D4697D6FE1F239CF616D1
:108B800097D6FE1F938606173A85EFD0DFB48D4542
:108B900061D917D5FE1F1305E515E1A09947631CA0
:108BA000F9029305A1002285EFF02FCCAA844DD9BC
:108BB000D947639BF40E0509035524001379F90F77
:108BC000D94597D6FE1F9386E6124A86EFD0BFB0EE
:108BD000CA8559D57DBFA1476318F9009305A10047
:108BE0002285EFF0FF96D9B7A947631FF906035511
:108BF00084006C00EFE08FE4AA8463070516035538
:108C0000240041669306E10055477D16AD45EFD03F
:108C1000FFB797D7FE1F23A1A70EAA8649C1834895
:108C200044000358E1000356C10003552400A68503
:108C300081474E87EFE0FFFDAA84631605100355B8
:108C40002400CE85EFF0E029E30C05F00355240065
:108C5000CE862D46D945EFD01FA8E30305F0AD45DC
:108C60004E85EFD07FCAEDBDB1476315F9100355AE
:108C700084006C00EFE08FDCAA846307050E0355C7
:108C8000240041669306E10059477D16B545EFD0B3
:108C9000FFAF97D7FE1F23A1A706AA863DE1835702
:108CA0008400C5442315F10003471400D147E309AC
:108CB000F7EA834744000355240097D5FE1F9385A8
:108CC000650317D7FE1F2307F7028357A10017D7A5
:108CD000FE1F2312F70297D7FE1F238F9700EFE0A6
:108CE000B06EE30F05E60355240097D6FE1F93866A
:108CF00066000546D945EFD01F9EE30305E685458E
:108D000049BD834844000358E1008357A40003563B
:108D1000C10003552400A6854E87EFE09FEFAA848B
:108D20001DE103552400CE85EFF06021E30A05E242
:108D300003552400D945CE863546EFD0DF99B54599
:108D4000E30005E2B9B5D9476393F400814403A574
:108D500049009790FE1FE780A08CE38304E08357CF
:108D600084002315F10089B78357840085442315B7
:108D7000F1001DBFB9476318F9009305A1002285D2
:108D8000EFF0CF9725B5C1476318F9009305A1000F
:108D90002285EFF0EFDB19BDC947631AF90013060E
:108DA00091009305A1002285EFE02FFB01B5D94783
:108DB000631DF9009305A1002285EFE02FE9AA8445
:108DC000E31805DEA304010061BBE147E31AF9D80B
:108DD0009305A1002285EFE08FD5C9BB01458280B4
:108DE000F9CA011152C42E8A854522CC4EC656C2FC
:108DF00006CE26CA4AC8AA8AB6893284EF10D05F46
:108E0000D14715C183C7C1A883C6D1A8814419E041
:108E1000B684BE86138741A8184393974400BA9737
:108E200063EDD400D547F2406244D2444249B2498E
:108E3000224A924A3E85056182803E89C10703D756
:108E400027FF09C7850493F4F40FD9BF39CC956582
:108E5000938525C0130500029780FE1FE780E06F11
:108E60002326A90061D113060002814593840404DE
:108E70009780FE1FE780A098231199002300090026
:108E80002313590115C4138741A983479400104344
:108E90002304F900118C8327C90011841180238ECB
:108EA000870023A029018147BDBF23260900F9B708
:108EB00023044901FDB785473E858280938741A8F9
:108EC000984383C5C1A881476395F50081463685DF
:108ED000828003562700BA8619C2E30AA6FE8507D8
:108EE00093F7F70F4107CDB7938741A8984303C67F
:108EF000C1A881476315F600814636858280835577
:108F00002700BA8689C583454700E388A5FE850703
:108F100093F7F70F4107F9BF938741A9984383C59A
:108F2000F1A881476395F500814636858280035616
:108F30000700BA8619C2E30AA6FE850793F7F70F62
:108F40004107CDB7938741A89C4303C8D1A80147E7
:108F50006315E80081463685828003D62700BE86E9
:108F600019CA03D667006318A600D04709C603567E
:108F70002600E302B6FE05071377F70FC107C9BF46
:108F8000411122C4404526C206C6AA8415C04844E1
:108F900009C59780FE1FE780A068484809C59780EB
:108FA000FE1FE780E06722859780FE1FE78040670D
:108FB0002685414681459780FE1FE7804084B24068
:108FC0002244FD57A384F4009244410182800111A0
:108FD00022CC2A840355250006CE2EC6EF10700C35
:108FE000324622858145EF00106922856244F240B5
:108FF00005616FF0FFF80DC503572500411122C42C
:1090000006C62A8411CBDD45EF00D06A22852244B2
:10901000B24041016FF0DFF6B2402244410182804C
:109020008280411126C231479304C5FF3387E40291
:1090300097D7FE1F938787CD06C622C43E978356D7
:10904000A7006397B602484305C53E849307F00F17
:109050006306F60083470500639CC7009780FE1FE8
:10906000E780005CB147B387F402A29723A2070010
:10907000B2402244924441018280411122C42E8494
:1090800026C24946AA848145228506C69770FE1FDE
:10909000E780E076B9CC83C7C40113974700938774
:1090A00041A99C43BA9703D707002310E40003D7D4
:1090B000270083D767002311E4001387A1A8035773
:1090C00007002312E40003D704002313E40003D7AE
:1090D00024002314E40003D744002315E40003D73D
:1090E00064002316E40003D784002318F400231738
:1090F000E400B2402244924441018280938741A916
:1091000003A80700938741A8904383C5C1A80147DE
:1091100081476394E5003E8582808346060081CEC8
:10912000544691CA83C6C6019206C2966315D500FD
:10913000850793F7F70F05071377F70F4106D1BFA0
:10914000130600643386C50293069500AA851705A9
:109150000000130585EA6F80EFE0411122C406C6C6
:109160002A8403459500EF808FF3FD57A304F40094
:10917000B240224441018280011122CC4AC84EC62D
:1091800052C456C206CE26CA2A89AE890144138A21
:1091900041A89D4A83C7D1A86362F404639709027A
:1091A000938941A8130AF00F83C7C1A86366F40628
:1091B0001144A1442285050442041306F00FCA8518
:1091C0004180EFF01FE6E31794FEF2406244D24480
:1091D0004249B249224A924A0561828083270A00A5
:1091E00093144400BE9483C704009DC383D76400D6
:1091F000639027036396590103D52400EF10606A3A
:1092000026854E868145EF0010472685EFF05FD713
:1092100005041374F40FBDBF83A709009314440021
:10922000BE9483C704009DC383C794006380470333
:1092300083D76400639C27012685EFF01FF2268503
:10924000D145EF0030472685EFF09FD30504137416
:10925000F40F99BF41677917630BE502411122C4EE
:1092600006C685472A846399F50022852244B240C8
:10927000814541016FF05FF089476396F5008545B0
:10928000EF1090177DD1B24022444101828082804C
:109290009D456FF07FEE03D5A1A88280011106CE17
:1092A0002317A1002316B10003C781A885476318BF
:1092B000F70070009305E1000545EF50D016F2402D
:1092C00005618280A947631CF60483C7150003C7A4
:1092D0000500A207D98F2310F50083C7350003C707
:1092E0002500A207D98F2311F50083C7550003C7B6
:1092F0004500A207D98F2312F50083C7750003C765
:109300006500A207D98F2313F50083C7950003C713
:109310008500A207D98F2314F500014582800545F9
:10932000828091476314F60283C7150003C70500C6
:10933000A207D98F2310F50083C7350003C7250086
:10934000A207D98F2311F50001458280054582804F
:109350009387C5FF93960701C1820D476360D702CB
:1093600031473387E70297D7FE1F9387279ABA972B
:109370002381A7002390B7000145828009458280A0
:1093800013074020AA876374A70093074020F117B2
:109390002395F1A82387B1A82388B1A88280190555
:1093A000956542054111938535C0418106C6978078
:1093B000FE1FE780801A11C5B240E95541016FE0F8
:1093C0002050B24041018280238601A8238701A852
:1093D000A38701A8A38601A8238401A885470111BA
:1093E000A384F1A806CE2AC622CC238F01A82395F8
:1093F00001A823A201A8EF10C053324513060003B1
:109400008145238CA1A817D5FE1F130525909770C1
:10941000FE1FE780C03E03C5C1A905CD95659385B4
:1094200045C012059780FE1FE780201323AAA1A83C
:109430000DC19387C1A983C7170003C6C1A9814580
:10944000A386F1A8A387C1A812069770FE1FE78024
:10945000003B9387D1A883C7070017D5FE1F03459C
:10946000E59295653E951375F50F2386A1A8938522
:1094700055C012059780FE1FE780200E23A2A1A8E9
:1094800041C103C6C1A8120681459770FE1FE7803F
:109490000037938741A8984383C6C1A88147250711
:1094A0007D566398F604EF10C06BB1473305F502A3
:1094B0009565938565C0420541819780FE1FE780D1
:1094C000C00923A0A1AA2A8401CDEF1080693146EA
:1094D0003306C502814522859770FE1FE780203242
:1094E0006244F24017050000130505D705616F10AF
:1094F000E06785072300C70093F7F70F410755B7CB
:10950000238601A8A38601A879BF4111939705017D
:1095100026C206C622C4C187AE8463DA070803C523
:1095200081A9EF70DFC82A8429C903470500930782
:1095300000096311F70403471500CD476317F706C9
:109540000345250097C5FE1F83C5B56583C7E1A800
:1095500093066400014601472E886317E50219C28D
:109560002387F1A883C7E1A891C7854503C581A9D1
:10957000EF709FF52285EF707FBC2165258DB2408D
:10958000224492444101828003C60600B29713F63A
:10959000F70F9377F80F6374B6009377F60F05070C
:1095A0001377F70F890605464DBF0125E1B793F7FD
:1095B00015000145E9D7EF00106C09C983C7E1A880
:1095C00091C7854503C581A9EF701FF013C514002D
:1095D0007DB785462A8763FBC60483C7150003C68B
:1095E0000500A207D18F2310F500639CD70083C725
:1095F000350083C62500A207D58F2311F50001454C
:109600008280894601456394D70283C7350083C6AB
:109610002500A207D58F2311F70083C7550083C605
:109620004500A207D58F2312F7008280054582806E
:1096300091476314F60283C7150003C70500A2070C
:10964000D98F2310F50083C7350003C72500A20773
:10965000D98F2311F500014582800545828091470D
:109660006314F60283C7150003C70500A207D98F4C
:109670002310F50083C7350003C72500A207D98F43
:109680002311F5000145828005458280A1476314BE
:10969000F60483C7150003C70500A207D98F23105E
:1096A000F50083C7350003C72500A207D98F231112
:1096B000F50083C7550003C74500A207D98F2312C1
:1096C000F50083C7750003C76500A207D98F231370
:1096D000F50001458280054582808947631CF600BC
:1096E00083C7150003C70500A207D98F2310F50013
:1096F00001458280054582808357260079714ECED0
:1097000006D622D426D24AD01307F007AE89637258
:10971000F70209473AC42316F100300093F5F50F1C
:10972000EF100017B250225492540259F249456189
:10973000828003574600D9462A89328463F8E600BE
:109740008357660063F4F6006379F7002314010081
:10975000300093F5F90F4A85E1B70355060002C4BE
:10976000EFF08FFBAA8459C1EFF05F9983C78400A3
:109770006369F5001146A246CE854A85EF10E006E2
:1097800055B7340026869305F00F4A85EFF04FE574
:1097900075F1A24703578400DC472390E700035785
:1097A00024002391E700035744002392E700035766
:1097B00064002393E70003D744002394E700DC44CC
:1097C00085CB93F4F90F2286A6854A858297C167D7
:1097D000FD172A86E311F5FA22459947F94523003A
:1097E000F50023029500EFF0BF952DBF094661B744
:1097F000014651B7A947631CF60483C7150003C788
:109800000500A207D98F2310F50083C7350003C7D1
:109810002500A207D98F2311F50083C7550003C780
:109820004500A207D98F2312F50083C7750003C72F
:109830006500A207D98F2313F50083C7950003C7DE
:109840008500A207D98F2314F500014582800545C4
:10985000828083C705002300F50083C71500A3009D
:10986000F50083C7350003C72500A207D98F231150
:10987000F50082802322050003C745008947630461
:10988000F7000545828083D665000D47E37BD7FE50
:109890009C45011106CE22CC26CA4AC84EC683C4B6
:1098A000170003C60700A204D18C1386440063117D
:1098B000D60403C4370083C72700AE8922045D8C19
:1098C0009307C4FFC207C1832A89636FF70003A50A
:1098D00089002311990023108900F155EFD0507EA3
:1098E0002322A900014531A02285EFF02FDD65F18B
:1098F0000545F2406244D2444249B2490561828042
:10990000397122DC2E84834704004AD806DE26DA29
:109910004ED619472A89B285639AE7060346240082
:109920002800EFF0FFD0AA8415E903558100EFF07D
:10993000EFD8AA898345140015C92E861717000091
:10994000130767E834009D454A85EF00903E4E8539
:10995000094681450D234E85EFF08FE2F2506254A7
:1099600026854259D254B2592161828089472310F9
:10997000F100835781000A862311F1008357A1006B
:109980002312F1004A85EF00B070C9BF4947639DBB
:10999000E702035624002800EFF05FCFAA845DFDA4
:1099A00097C7FE1F83D7473799E3814445BF0347D5
:1099B0001400834604003C000146CA8517C5FE1FFB
:1099C0000345A535352E59BF51476390E70203562D
:1099D00024002800EFF01F8FAA8449F1834514006A
:1099E00030004A85EFF05FD195BF5947639FE70488
:1099F000035624002800EFF0DF92AA8425F1835556
:109A000081004A85EFF00FD41DC558458356A1004B
:109A100083570700B697C207C1832310F700D1D739
:109A20005C47C1D783C7E1A8C9D3854503C581A9D0
:109A3000EF709FA925B789473EC0835781000A86EA
:109A4000834514002312F10035BF834514000A86B4
:109A500023100100EF00D06389BF5D71A6C256DA02
:109A600086C6A2C4CAC04EDE52DCAA8A03C515004F
:109A7000AE8432C6EFF04FC7B24501ED8144B64027
:109A80002644268506499644F259625AD25A6161A3
:109A90008280230205002311050083C90400854745
:109AA0002A84639AF90003C624002808EFF07FB2E5
:109AB000AA8405492DA09D476394F9040347050036
:109AC0008D47E31DF7FA03C6240028080549EFF087
:109AD0001FB9AA8409E5054681452285692E22859C
:109AE000EFF0AFE7034584003C080147CE862686A9
:109AF000D6853924E30509F82285EFF06FC841B710
:109B0000CD47639DF900034705009147E318F7F639
:109B100003C624002808EFF05FBC59BFD547E39F78
:109B2000F9F4034A05008947E31AFAF403C624004E
:109B300028080549EFF01FCCAA8455F1835701028C
:109B4000BDE3035781011306F0035C44930607FC51
:109B5000C206C182636CD6000356A101D94663F7E1
:109B6000C6008356C101D94563EFD50003552400D3
:109B70002391E7000549EF00D05203560102D28538
:109B80002285612CA9BF8355E1012391E70023922F
:109B9000C7002390B7002393D70085472300F40024
:109BA000014A0149D9BF014AC9BF7971AA8522D4A6
:109BB00026D203542500AA84280806D6EFF09FCBAE
:109BC000F24599E535E985452285EFF02FEDC1A0F5
:109BD000835781011547639BE7060357A1018D4712
:109BE00063FCE7046800EFF0DFC60357E100DD47E0
:109BF00063FCE7008345D100B7071700850710080D
:109C000022853EC8EF00D0488357E1000357A101E9
:109C100091076305F7002285EFF08FE78347C100C6
:109C200072466C00858B1106228591CFEFF0FFE222
:109C300001C52285EFF0CFE5884451D59780FE1FFE
:109C4000E780009E49B7EFF0BFCBDDB711476389CE
:109C5000E7001387A7FF42074183854663EEE602CC
:109C60003147F117B387E70217C7FE1F1307070A2B
:109C7000BA9703D7070069D303C527003008A28528
:109C80000D205DF9035781019147E31EF7F2B250B1
:109C900022549254456182802C082285B92649FDC0
:109CA000FDB701114AC82A89314526CA06CE22CC01
:109CB0002EC6B284EF704FCB31C1B2459307000A74
:109CC0002310F5002311B5002A84214611058DC00B
:109CD000A6859770FE1FE78000AFA2854A85EF70CA
:109CE0008FD30145F2406244D244424905618280EB
:109CF00081459770FE1FE78080B0C5B70545DDB789
:109D0000797126D2AA841305000206D622D42ECE5B
:109D100032CC36CA3AC83EC6EF700FC531C962466A
:109D2000F2454247D246B2472A84130520FA23005F
:109D3000A400A300C4002311B4002302E400A30282
:109D4000D40013058400614691CFBE859770FE1F35
:109D5000E78060A7A2852254B250268592544561BF
:109D60006F706FCB81459770FE1FE78040A9DDB70C
:109D7000B25022549254456182805845797122D460
:109D800006D62A84AE8641C383572700231DF100DF
:109D900093072006639FF5049387A1A803D60700C5
:109DA000835767006373F600B28713F6F70F835586
:109DB0002701834707018D8F93F7F70F81E5890707
:109DC00093F7F70FB297FD17B3C7C702231EF10031
:109DD000835724008355640003458400231CF1004D
:109DE00001473C080146EFF0BFF1B25022544561F3
:109DF00082800347C701938741A99C431207BA9702
:109E000083D76700E1B72EC61946814528089770A9
:109E1000FE1FE780C09EB24665BF797122D406D688
:109E200026D22A848DC181470147930600062E86DB
:109E30008355640003458400EFF09FECB250225438
:109E4000925445618280B284280059469770FE1F63
:109E5000E780E09A2314910089E88357240048445E
:109E60006C002315F100EFF04FA13C000147930671
:109E70000006014675BF797106D6814799ED835773
:109E8000250058452316C1002314F1003C0011C7DA
:109E9000835727002315F1003C002E86835565006B
:109EA00003458500014793060006EFF07FE5B250B9
:109EB00045618280411122C406C6834705001147CF
:109EC0002A846395E7022E86835565000345850045
:109ED00081470147CD46EFF0BFE249468355640014
:109EE0002244B240154541016FF0AF9313F7B70F0D
:109EF00089466317D7000146EFF03FF25146F9BF9C
:109F00000D476398E7002244B240014641016FF0DB
:109F10009FF6B24022444101828083D70500314739
:109F2000F1173387E70297C7FE1F938727DEBA979B
:109F3000D84319EBD8412395A7000145D8C303D7CF
:109F400025002394E700828059458280797122D4CC
:109F5000404526D24AD006D6AA842E8925C0484438
:109F600019C59770FE1FE780A06B23260400835756
:109F7000040083D5640003C584002315F1008357D2
:109F800024000147930640062316F10083578400FE
:109F90004A862317F1001C483EC883D724002314A7
:109FA000F1003C00EFF0DFD5A30E240123280400CC
:109FB000B2502254925402594561828028003146A1
:109FC00081459770FE1FE780808383D7240083D567
:109FD000640003C584002314F10001473C0093068C
:109FE00040064A86EFF0DFD1E1B7797152CC2A8A78
:109FF00003D5050026D206D622D44AD04ECE56CA64
:10A00000AE84EFE0BFEB19E18547BDA84045AA89C2
:10A0100065DC83576500E39947FF835784006387B6
:10A0200007128346C401938A41A903A70A00920636
:10A03000FD173697C20703576700C1832314F40046
:10A040006316F70093053006EFF03FD35C48A5EFA9
:10A05000C840034915008347050022093369F90008
:10A0600083D7240013072900631AF702F955EFD0AC
:10A070003005C8C02391240103C589002686D285F6
:10A08000EFF03FC2814721E1B2502254925402596D
:10A09000F249624AD24A3E85456182809565938540
:10A0A00015C04A859770FE1FE780204B48C8C840FE
:10A0B000231C2401F955EFD0B00083D72400C8C079
:10A0C000F9172391F400484859C503D62400835654
:10A0D000A401835784013308D60063C007090347EE
:10A0E000C40183A70A0095451207BA9783D72700B2
:10A0F00063CF0705CC4036959760FE1FE780A06CC4
:10A100000357A40183D72400BA97C20703578401D9
:10A11000C183231DF400E399E7EE03D7290003C5AB
:10A12000890030002314E1005848D2852315F1003E
:10A130003AC6EFF01FB711C548489770FE1FE78079
:10A14000204E232A0400232C04007DBD99454E8512
:10A15000EFE0FFE755BDA545DDBF9145CDBF03D776
:10A16000250079CB83D6A1A8ED4763E8E60C011161
:10A1700022CC2E8426CAAA844840914506CEEFD030
:10A18000207483572400AA862300F50083572400F7
:10A19000A183A300F500835704002301F500835732
:10A1A0000400A183A301F50003562400C167F91739
:10A1B0001106420641826394F4042AC4314532C632
:10A1C000EF609FFAAA85CD470DC5930700F9324687
:10A1D000A2462300F500F9572311F5008947230211
:10A1E000F5002313C50014C503C581A9EF70AF8224
:10A1F0008147F2406244D2443E85056182808145B8
:10A200002685EF40F02FAA8701E903C7E1A875D39F
:10A210007D172387E1A8F1BF09476302E5021D47C7
:10A220006301E50249476300E5027D47E313E5FC6E
:10A2300003C7E1A88147E1BFED473E858280D14752
:10A240004DBF91477DB789476DB7011122CC4AC8F0
:10A2500031441309C5FF3304890297C7FE1F938752
:10A26000E7AA06CE26CA3E94584031C783C6E1A865
:10A27000BE84854795CA2314A100835784000355E3
:10A28000A4002C003AC62315F100EFF05FED11C5D4
:10A2900048409770FE1FE780A038B147B307F90226
:10A2A000A69723A207008547F2406244D244424960
:10A2B0003E85056182808147C5BF797126D24445BC
:10A2C0001387A1A84AD083D764000359070052CC52
:10A2D00006D622D44ECE56CA2A8A63F327013E8977
:10A2E00003D7240142091359090183D7040141CB43
:10A2F000998F4A8463D527011394070141808945CA
:10A300002285EFF0CF89AA89CD4A25C183D72400C1
:10A310002AC6231581002314F10083D7240185E385
:10A3200083D70401930925002300F50083D7040196
:10A33000A183A300F5006376240503D4040183D729
:10A340002401CC4422864E85BE959760FE1FE7808F
:10A35000804703556A002C00EFF07FE0AA8A15C5FC
:10A360004E859770FE1FE780A02BB2502254568571
:10A3700092540259F249624AD24A45618280890761
:10A380008DBF7914420441805DBF03D7240183D778
:10A3900004003A94FD17C207420403D70401C183A5
:10A3A00041802390F400239984006377E400D5FF73
:10A3B000FD57A38EF40055BF81455285EFF01FB9BC
:10A3C0006DB701114EC683C9E1A922CC52C456C251
:10A3D0005AC006CE26CA4AC84E84138A41A8854A66
:10A3E000130BF00F83270A0093144400BE9403C993
:10A3F000040063175907DC44A5C7D84735C303D702
:10A40000070039C383C7E1A889CF2685EFF0FFEAAB
:10A41000AA8515E5050483C7D1A8635FF400238FDF
:10A4200081A8F24062444A85D2444249B249224A54
:10A43000924A024B05618280238F01A8DDB72685F1
:10A44000EFF0DFB00149F1BF83C7D701639A67011D
:10A45000930520062685EFF05F92DC44A38E07006B
:10A4600005041374F40F83C7D1A86363F400014497
:10A47000E31A34F7C1BF4111154506C6EFF0FFDC02
:10A4800009C50545B240410182801945EFF0FFDB67
:10A490006DF91145EFF07FDB6DF51D45EFF0FFDA4B
:10A4A0006DF183C7D1A8F9DFB24041016FF07FF1B0
:10A4B00083D705000D47F117C207C1836361F70613
:10A4C000DC41B1CF411122C42E84854526C206C687
:10A4D000AA841D2739C526858125C167F917638F91
:10A4E000F40009ED8357240091CB835604001947EB
:10A4F000639FE60203D7A1A863FBE70283C7E1A835
:10A50000A285268599C72244B240924441016FF04A
:10A510001FC52244B240924441016FF01FA009457B
:10A5200082805145B24022449244410182806D456F
:10A53000D5BF397126DA4ED6AA84AE895D458945E4
:10A540004AD806DE22DC328936C63AC4EFE03FE55F
:10A5500025C522472A84014511C7B2461305440088
:10A56000B68502979357850023003401A300240188
:10A570002301A400A301F40011059547231DA100A8
:10A58000231CF10022CE83C7E1A82C08268595C3A1
:10A59000EFF0FFBCAA8411C522859770FE1FE780EB
:10A5A0002008F250625426854259D254B259216192
:10A5B0008280EFF09F96F9BFCD44E5B7797126D23E
:10A5C0004AD052CC56CA06D6BA8A22D44ECE1947A1
:10A5D0002E89B284368A639BE5060355260009441A
:10A5E000EFE0DF8D2AC63DC95C458359650083D7FE
:10A5F00027002390F400B24715472380570103C674
:10A6000091A82391E700130716001377F70FA3848F
:10A61000E1A82382C70001E70547A384E1A85147C9
:10A62000631AE90015472391E400DC4703D784004F
:10A630002394E7005287A686CA854E85EFF07FEF08
:10A640002A84324515C4EFE0BF9309A842867400FE
:10A65000BE85AA89EFE0CFF82A8451DD2285B25069
:10A66000225492540259F249624AD24A4561828088
:10A67000F945EFE0FFACDDB783D705002300F50017
:10A6800083D70500A183A300F50083D7250023010C
:10A69000F50083D72500A183A301F5001145828031
:10A6A00083D705002300F50083D70500A183A3000D
:10A6B000F50083D725002301F50083D72500A1836A
:10A6C000A301F50083D745002302F50083D7450099
:10A6D000A183A302F50083D765002303F50083D788
:10A6E0006500A183A303F5002145828083D705007F
:10A6F0002300F50083D70500A183A300F5000945D9
:10A70000828083D705002300F50083D70500A1834D
:10A71000A300F50083D725002301F50083D725008A
:10A72000A183A301F50083D745002302F50083D759
:10A730004500A183A302F50083D765002303F5003C
:10A7400083D76500A183A303F50083D78500230485
:10A75000F50083D78500A183A304F50029458280F5
:10A7600003D705008546AA872300E50003D7050027
:10A770002183A300E50003D70500631DD70003D79D
:10A7800025002301E50003D725002183A301E5006F
:10A790001145828009456315A70203D72500194595
:10A7A0002381E70003D725002183A381E70003D796
:10A7B00045002382E70003D745002183A382E700F9
:10A7C000828083D705002300F50083D70500A1838D
:10A7D000A300F50083D725002301F50083D72500CA
:10A7E000A183A301F50011458280797126D24AD058
:10A7F0004ECEB2842A89AE8929468145480022D4AA
:10A8000006D636849760FE1FE78060FF231691000E
:10A8100085EC835724002312F1009387A1A883D7E6
:10A8200007002314F1005C4485C383C6C701138766
:10A8300041A91843920683D787003697035727000C
:10A840002315F1002313E1004A85170700001307C1
:10A8500087EB540013F6F90FD545EFF09FCD2A8909
:10A8600011C19DE085472300F40023020400014646
:10A8700081452285EFF06FDAB25022544A85925416
:10A880000259F249456182802285EFE06FEFEDB712
:10A89000B286170700001307E7EC2E8685456FF098
:10A8A0005FC901112317A10041657000014893079A
:10A8B000F00F0D4797060000938646DC99457D15FD
:10A8C00006CEEFF0BFCFF24005618280B28701482B
:10A8D0002E861147970600009386C6DCC9456FF0A7
:10A8E000FFCDB28617070000130787E02E86CD45FF
:10A8F0006FF03FC4011122CC26CA4AC84EC606CE0C
:10A900002A89AE8917B4FE1F1304444397B4FE1F6F
:10A910009384C4451C4081C7CE854A858297110423
:10A92000E31A94FEF2406244D2444249B2490561BE
:10A93000828017B5FE1F034555279377350009819F
:10A9400017B7FE1FA304F744AA9717B7FE1F230FDC
:10A95000F742BDCF1305C0033385A702A56541119A
:10A96000850506C69770FE1FE78020BF23A2A1AA17
:10A970009307C00317B6FE1F034646413306F6028F
:10A9800081459760FE1FE78080E7938741AA9C433B
:10A9900097B6FE1F83C6863F014789077D56634FE2
:10A9A000D700B24013060003814517B5FE1F1305FB
:10A9B000E53841011763FE1F670063E42390C70079
:10A9C0002381070023A5070205079387C703C1BF9B
:10A9D0008280938741AA984317B6FE1F0346063B21
:10A9E00081476315F600814636858280BA86130753
:10A9F000C703835567FCE389A5FE850793F7F70F27
:10AA0000CDB7011122CC2EC632C406CE2A84EFF077
:10AA10005FFC2246B24511E9C167F9176303F400F0
:10AA20005145F24062440561828054558347450098
:10AA300095C213F7270141456314A700154575F228
:10AA4000C18B3D45F9DF83C7A6010145E3FBB7FC98
:10AA50003145C1BFC18B0145E9F71545D9B77971BA
:10AA600026D2C16422D44AD04ECE52CC56CA06D683
:10AA70002A890144938941AA130AC003FD14854A17
:10AA800097B7FE1F83C787306364F400014535A87C
:10AA9000B307440303A70900BA9703D72700631637
:10AAA000970005041374F40FE1BF03C5570030008D
:10AAB00093856700EFB000361946CA852800976075
:10AAC000FE1FE78040D9E31E55FDB2502254925438
:10AAD0000259F249624AD24A45618280938741AA6B
:10AAE000C166984397B5FE1F83C5452A8147FD1669
:10AAF0006395F500014632858280035827003A8627
:10AB00006306D80003480700E307A8FE850793F70C
:10AB1000F70F1307C703E9BF411106C6EFF07FEB3C
:10AB200011C503554501B240410182800145E5BF91
:10AB3000938741AA984397B6FE1F83C6262581476F
:10AB4000110701456393F60082800346070001C6A2
:10AB500005051375F50F850793F7F70F1307C7035F
:10AB6000D5B717B5FE1F03456522828017B7FE1FB4
:10AB70001307C71C8147BA8631460C4391E58A0703
:10AB8000B69788C30145828085071107E397C7FE02
:10AB90004D458280411106C622C4EFF09FE31DCDD2
:10ABA0002A84035525008545EFF0DFD4485409C5B4
:10ABB0009770FE1FE780C0A622851306C00381455B
:10ABC0009760FE1FE780A0C3FD572311F400230206
:10ABD00004000145B2402244410182800945DDBFA5
:10ABE000411106C6EFF0FFDE11C50345C500B240B6
:10ABF000410182800145E5BFC167F9176304F50291
:10AC0000411122C406C62E84EFF0BFDCAA8701459D
:10AC100091C703C54700698C33358000B240224498
:10AC20004101828005458280011106CE2EC6EFF0DB
:10AC30005FDA854711C903574501B245854763056A
:10AC4000B700231AB5008147F2403E850561828036
:10AC500031C901114AC8416922CC26CA4EC652C424
:10AC600006CE0144AA84938941AA130AC0037D1920
:10AC700097B7FE1F83C78711634AF400F24062440E
:10AC8000D2444249B249224A0561828033054403D5
:10AC900083A709003E95835725006383270182948B
:10ACA0000504F9B78280938741AA9C43C16617B611
:10ACB000FE1F0346A60D890701450147FD16914574
:10ACC0006313E600828003D807006309D80003C835
:10ACD000A7006315B80005051375F50F0507137771
:10ACE000F70F9387C703E9BF938741AA944317B629
:10ACF000FE1F0346A6090147910681476310E6023D
:10AD0000858393C7F7FFC207C18305456364E502E6
:10AD100085473395A70042054181828083C506009F
:10AD200081C583D5C602CD8F05071377F70F9386AC
:10AD3000C603E9B793F61700E1FE05058583137591
:10AD4000F50FE9B7797156CAAA8A2E8526D24AD05C
:10AD50004ECE52CC5AC85EC662C406D622D4AE8449
:10AD6000328B368CBA8B3E8AC2894689EFF07FC619
:10AD700049E141657D15EFF0DFC52A84554531CCA9
:10AD80001946DE8513056400A30284019760FE1F47
:10AD9000E78060A383570103231194002302640119
:10ADA0002319F4008357410323005401232604028E
:10ADB000231AF40023064401231734012318240125
:10ADC000EFF09FF22318A402232A04022685232CE5
:10ADD00004028145EFF01FB20145B2502254925453
:10ADE0000259F249624AD24A424BB24B224C456167
:10ADF00082804545DDB7938741AA984397B6FE1FE9
:10AE000083C6C6F881476395F60041657D1582804B
:10AE10003A861307C703835547FF6395A50003557B
:10AE200026008280850793F7F70FF1BF938741AA29
:10AE30009443416617B8FE1F034848F501477D1645
:10AE4000954811436314E8000145828083D72600AA
:10AE500036856380C704CC5A8DCD83C7350083C542
:10AE6000250089CD938597FD93F5F50FE37FB3FC1E
:10AE70009387D7FA93F7D70F89EF82809385F7FDF1
:10AE800093F5F50FE3F3B8FC9387D7FA93F7D70F51
:10AE9000CDDF05071377F70F9386C60365B7938752
:10AEA00041AA4166984397B5FE1F83C525EE8147A9
:10AEB0007D1625486394F50001458280835627005E
:10AEC0003A85638CC600545B89CA83C63600938674
:10AED000E6FD93F6F60FE372D8FE850793F7F70FBA
:10AEE0001307C703C1BF011122CC2A84494506CEEE
:10AEF000EF804FC215C12AC62285EFF09FAD09CD64
:10AF00006244324683550503F24017B5FE1F0345E0
:10AF100095E705616F608FF2F240624405618280BF
:10AF200039714ED652D4AE892A8A930530054145EF
:10AF300026DA4AD856D206DE22DC32C63689BA8AEA
:10AF40009760FE1FE7806061CD4431C92A8489443F
:10AF50006382090432468145231AC1004146976045
:10AF6000FE1FE780C0895686CE8522859760FE1F2A
:10AF7000E78060852146630E0902CA85280897602C
:10AF8000FE1FE7804084A28650082C085285EF30CF
:10AF9000104DAA8422859760FE1FE7806068F250FA
:10AFA000625426854259D254B259225A925A21618A
:10AFB0008280814528089760FE1FE7804084E1B7C2
:10AFC000411122C4405926C206C6AA8429CC08547D
:10AFD00009C59760FE1FE780A064285809C59760DF
:10AFE000FE1FE780E063685809C59760FE1FE78091
:10AFF0002063285C09C59760FE1FE7806062685C7B
:10B0000009C59760FE1FE780A0610325040809C5F4
:10B010009760FE1FE780C06022859760FE1FE78073
:10B02000206023AA0402224483D50403B240924440
:10B0300017B5FE1F034535D541016F60BF81411132
:10B0400026C206C622C4AE84EFF0BF9821C54C5973
:10B050002A84A9C183A8C50703A88507FC59B85944
:10B0600083C6650003D6050083C525002685EF80CD
:10B070008FB22285EFF0DFF4EFF07FE201CD2244C2
:10B08000B240924417B5FE1F0345F5CF85454101F7
:10B090006F608FC3B240224492444101828001110B
:10B0A00022CC06CE2A842EC6EFF0BF925C5991CFF7
:10B0B00083D70700B245639A870085476397F500F9
:10B0C0006244F24005616FF0BFEFF24062440561F7
:10B0D0008280411106C622C426C2EFF03FD529C1A5
:10B0E0004059AA8415CC8347240085CB9387C1AAF5
:10B0F0009C4389C7DC4399C3228582970347340068
:10B100009307F002631EF700224403D52400B240E7
:10B110009244814541016FF09FF2938701ABC9BF13
:10B12000B2402244924441018280411126C24AC069
:10B1300006C622C4AA842E89EFF0BF8931C14059C6
:10B1400045CC835704006399970A8347340013075B
:10B1500010026399E70883472400D1C37C54032776
:10B16000040883D7470105E713F717000DC31854E8
:10B1700003574700058B01CF93072002A301F4007A
:10B18000B24022449244024905454101828013F7AE
:10B19000270009CB185403574700098B01C79307B1
:10B1A0004002E9BF918B89CB1C5483D74700918B18
:10B1B00081C793076002D9B79387C1AA9C43E9D39B
:10B1C000DC43DDDF22858297034734009307F002DA
:10B1D0008145E317F7FA2685EFF07FE655B79387A9
:10B1E00001ABE9BF1307A0026398E70063040900FD
:10B1F00013092003CA85C5B7631C09002685EFF033
:10B200004FFD19C58347450093E707012302F50069
:10B21000A6854A85EF705FACA5B7797126D29947AC
:10B22000231DB100AA842E858D4522D406D632C6B0
:10B2300036C4231CF100EFE08F962ACE4D441DC189
:10B240003246A246AA85328582962A8419E52C08C0
:10B250002685EFF0EFA52A8411C572459760FE1F81
:10B26000E780003C2685EFF01FC82285B2502254AB
:10B27000925445618280411122C42E862E849726E5
:10B28000000093862692894506C626C24AC02A89AE
:10B29000EFF0BFF883450400AA844A85EFF03FDA57
:10B2A000B24022442685024992444101828093871C
:10B2B00001AB9C4395CB9C4385CB1D71A2CC86CE24
:10B2C000984110082A843AC8D84185453ACA8297DD
:10B2D00001C92306A100035524006C00EFF0BFF95B
:10B2E000F6406644256182808280AE8715C5785518
:10B2F00005C7834607002380D50083461700A38037
:10B30000D500834627012381D50083468701584B0A
:10B31000A381D500D8C18280414681453E8517531F
:10B32000FE1F6700C34D9387C1AA9C4391C703A327
:10B33000870063030300028309458280138781B17C
:10B3400018431DC75843AA8705450DC703A507081D
:10B35000411106C6930605021306050C9305050662
:10B36000130505040297B2401375F50F4101828061
:10B370000545828082804DC9357122CD2A840355CE
:10B38000050026CB4AC94EC756C306CF52C55AC17F
:10B39000DEDEB68AB2892E89EFF0AFE3AA8439C522
:10B3A0000C182285EFF07FF483472400138A640091
:10B3B000A9CBEF70CFEB2A8B014583CB5400EF7004
:10B3C000CFE8AA840C100818EF10405F08542C1026
:10B3D000EF10605FD288268A56C05E88D2875A876F
:10B3E00014103010CE854A85EF201019FA406A44B7
:10B3F000DA444A49BA492A4A9A4A0A4BF65B0D612D
:10B400008280EF70CFE6AA8B014503CB5400EF702A
:10B41000CFE32ACE08540C10EF10405A2C10081815
:10B42000EF10605AF2484DBF8280C14709CD1455D4
:10B43000C14791CA785501CB83C73600BD4663F436
:10B44000F600834787013E8582808947630905109E
:10B4500063870510411106C622C426C28347150022
:10B460002E842380F50083472500A380F5008347C1
:10B4700035002381F50083474500A381F50083470C
:10B480005500858B9396870083D7450093F7F7EF98
:10B49000D58F2392F5008346550093F7F7DFA20678
:10B4A00093F60620DD8E2392D5000347550093F6D0
:10B4B000F6BF220713770740558F2392E500834795
:10B4C0005500FD769386F67F8D87858B758FAE0749
:10B4D000D98F2392F50083466500F99B858ADD8E1E
:10B4E0002392D500034765009377270013F7D6FF13
:10B4F0005D8F2392E5008347650093F647009377BD
:10B50000B7FFD58F2392F50003476500DD9B4D45BE
:10B51000218BD98F2392F500EF70DFDFAA8451458C
:10B52000EF705FDF0347340093F4F40FC9476362A1
:10B5300097021375F50F636EE5008346040011470B
:10B54000E1476368D7008346140005476363D7006B
:10B550008147B240224492443E85410182803E852B
:10B56000828015C1AA8709458DC141112E854146AA
:10B570009385170006C69750FE1FE780C024B2408F
:10B5800001454101828009458280828089471DC52D
:10B5900095C5411106C603471500AE87194623809D
:10B5A000E50093052500138517009750FE1FE780DF
:10B5B0008021B24081473E85410182803E85828064
:10B5C00015C1AA8709458DC141112E854146938534
:10B5D000170006C69750FE1FE780E01EB2400145E7
:10B5E0004101828009458280828089471DC995C9B1
:10B5F000411106C60347250083461500AE87220782
:10B60000558F2390E50021469305350013852700CB
:10B610009750FE1FE780201BB24081473E854101C5
:10B6200082803E85828015C1AA8709458DC141115E
:10B630002E8541469385170006C69750FE1FE7806A
:10B640008018B24001454101828009458280828094
:10B65000894719C991C903471500BD46E14763E50C
:10B66000E6002380E50081473E85828015C1AA87D8
:10B6700009458DC141112E8541469385170006C6A7
:10B680009750FE1FE7802014B2400145410182809F
:10B6900009458280828015C1AA8709458DC1411163
:10B6A0002E8541469385170006C69750FE1FE780FA
:10B6B0008011B2400145410182800945828082802B
:10B6C0001DC1AA87094595C141112E8513060004A5
:10B6D0009385170006C69750FE1FE780C00EB24044
:10B6E00001454101828009458280828015C1AA8777
:10B6F00009458DC141112E8541469385170006C627
:10B700009750FE1FE780200CB24001454101828026
:10B710000945828082801D71A2CC2A84084586CE8C
:10B72000A6CA230601008344050035479387F4FF2A
:10B7300093F7F70F636AF70C175701001307C75603
:10B740008A07BA979C43BA9782870C08EFF0FFCF1D
:10B75000C9476312F50299472306F10003552400F7
:10B760006C00EFF05FB1F6406644D64425618280FC
:10B770000C08EFF05FEB29C98347C100E5F30355DF
:10B780002400EFF04FF6C5B70C08EFF03FEEE5B739
:10B790000C08EFF0FFEBC5B70C08EFF09FDCE1BF42
:10B7A0000C08EFF09FE4C1BF0C08EFF07FE1E1B7B8
:10B7B0000C08EFF0BFDDC1B70C08EFF0DFED65BF9F
:10B7C000834715002308F10003552400EFF06FA014
:10B7D000A14705C10347C500631AF7029387C1AAB1
:10B7E00098439D4719C7184309C71008A6850297B3
:10B7F000AA872306F10049B70C08EFF07FECA5BF3C
:10B800000C08EFF0BFEE85BF9D47B9B7938701AB3A
:10B81000C1BF011122CC06CE26CA4AC84EC6034774
:10B820000500930720092A846317F7128347150040
:10B8300039476391E70A83564500096761078147E5
:10B840006393E610938981AA03A50900CE84630C53
:10B85000050E0C4403C90500631E0900834705005B
:10B8600085052146A9CB29059750FE1FE780A0F545
:10B870009C40B9CF4945EF503F8F2A840DC59307AF
:10B8800010FC2300F500A30025018C40090541466A
:10B8900089059750FE1FE78000F39C40A28503C5F1
:10B8A0001700EF505F9788409760FE1FE78040D7F2
:10B8B00023A401AA31A809059750FE1FE780A0F034
:10B8C000EF30A03905494DF583A7090023802701F2
:10B8D000854795A81307E003639DE7080347250004
:10B8E0009547631EF70203554500EFF06FAF914790
:10B8F000E310F5FE938701AB9C43F9DB03A38700BC
:10B90000E30803FC0356E400035544009305640078
:10B910006244F240D2444249B24905610283A147E0
:10B92000631EF70083456400035544006244F240FF
:10B93000D2444249B24905616FF02FFF93060003DC
:10B940008147E301D7FEF2406244D2444249B24902
:10B950003E85056182809306000A8147E315D7FE84
:10B96000EFF07FDB08442DD59760FE1FE78040CBCA
:10B9700085B78147C9BF011126CA06CE22CC8944AA
:10B980001DCD95CDAA842E8468008D45EF601FDD06
:10B990008347E1002685228693F7F70393E70704A0
:10B9A0006C002307F100EF202034AA8409E90D463A
:10B9B0006C00130534009750FE1FE780C0E0F24092
:10B9C00062442685D244056182805D714EDE86C662
:10B9D000A2C4A6C2CAC052DC56DA5AD85ED6894979
:10B9E00045CD5DCA138B4500420B135B0B01AE8A3C
:10B9F0002A8A930530055A85B2849760FE1FE78036
:10BA0000C0B52A84CD4949C9EF708F882A895686E6
:10BA1000D285935A8900135A0901937BF90F1305B4
:10BA2000440093FAFA0F137AFA0F135989019750C9
:10BA3000FE1FE78020E5A301740123015401A30048
:10BA4000440123002401EF70EF83AA8541460808D2
:10BA50009750FE1FE78000E3214734005A86A285F5
:10BA60000808EF20004FAA891DE121462C00238001
:10BA70007401A380540123814401A381240113850F
:10BA800044009750FE1FE780E0DFEF704F81228572
:10BA90009760FE1FE780C0B8B64026444E859644A6
:10BAA0000649F259625AD25A425BB25B61618280A6
:10BAB00001114AC82A892E8506CE22CC26CA2EC656
:10BAC000EFE03FF171C5405971C483475400094705
:10BAD000B24593F6B70F6387E60011471305E00FF1
:10BAE0006392E708835704000945639DB7069304F2
:10BAF00084004146CA8526859750FE1FE780A0CC6A
:10BB00004146CA85130584019750FE1FE780A0CBEC
:10BB10000347340085469307F7FE93F7F70F63E971
:10BB2000F6041306C4033285C14532C6EF601FC355
:10BB300032469306C402A6852285EFF0DF83834751
:10BB4000240089CB22856244F240D24442490561F7
:10BB50006F10400E03473400C947E305F7FEA30109
:10BB6000F4000145F2406244D244424905618280BA
:10BB7000930710050145E317F7FE83472400FDD323
:10BB800022856244F240D244424905616F1000119F
:10BB90000945C9BF4945F9B729CD011126CA06CEC5
:10BBA00022CCAA840945A9C10D4628002E848D0502
:10BBB0009750FE1FE78020C18347A10070002C0032
:10BBC00093F7F70393E7070426852305F100EF2099
:10BBD000A01119E90D46A28568009750FE1FE78065
:10BBE00080C77D153335A000F2406244D244056120
:10BBF000828009458280011152C42A8A32854EC64C
:10BC000056C25AC006CE22CC26CA4AC82E8BB28A49
:10BC1000B689EFE01FDC09ED8944F24062442685D5
:10BC20004249D244B249224A924A024B056182807B
:10BC30005C592A89C544F5F34D45EF70AFED137497
:10BC4000F50F5145EF700FEDE38809FC83C78901BB
:10BC5000E3E487FC1375F50FE360F5FC930530050D
:10BC6000130540089760FE1FE780208F232AA90252
:10BC70002A84CD445DD11306400881459750FE1FAC
:10BC8000E780E0B7A301040023014401230264011B
:10BC9000231054012326340723240402A3020400A2
:10BCA0008144E30C0AF62285EF00D072AA8435D5D0
:10BCB0004A85EFF0EFB095B7397122DC06DE26DA5F
:10BCC0004AD84ED652D456D25AD05ECE62CC66CA2C
:10BCD0000944630B061063090710AA8B3A89368B57
:10BCE000B28A2E8CEFE0FFCE2A8A5144630E050EF5
:10BCF0009305300541459760FE1FE7800086AA89BD
:10BD00004D447DC18344190083472900A204C20722
:10BD1000BE9483470900BE9483473900E207BE946E
:10BD200083278A0263E697007D5709446399E70AEF
:10BD300063070C0083474A000544898BCDC3930CED
:10BD40004B00214681450A85C20C9750FE1FE780B3
:10BD500000AB93DC0C019305300566859750FE1F00
:10BD6000E780A07F2A8C4D443DC95A86D6851105AF
:10BD70009750FE1FE78000B11146CA856285975033
:10BD8000FE1FE78020B0414693058A014E859750FB
:10BD9000FE1FE78020AF21478A866686E2854E85B2
:10BDA000EF20201B2A841DE521468A852800975014
:10BDB000FE1FE78020AD21469305490028009750DB
:10BDC000FE1FE78040A98547631EF502A6855E85B4
:10BDD000EF707F8A62859760FE1FE78060844E85E2
:10BDE0009760FE1FE780C0832285F2506254D254D0
:10BDF0004259B259225A925A025BF24B624CD24CCF
:10BE0000216182800544F9B779719397050122D4A5
:10BE100006D626D24AD04ECEC1872E8463D50704DB
:10BE200017A5FE1F034535F6EF506FB82AC605C1AA
:10BE3000EFF03F9EB24509E917A5FE1F0345A5F4A3
:10BE40009307F00F631EF5002E85EF502FAF21658D
:10BE5000218DB250225492540259F2494561828098
:10BE6000EF506FBBEDB793F7150091C7EFF06FA6DA
:10BE700013451400F9BFA1E10145E1BF850493F426
:10BE8000F40FEFE01FCEE3F9A4FE339599001319E8
:10BE9000050113590901B3772401EDD34A85EFE079
:10BEA0009FF5C167FD176305F500DD45EFF02F999C
:10BEB0003345240179BF85448549E1B723A401AA0C
:10BEC00023A601AA23A801AA97A7FE1F938707EA22
:10BED000170700001307676198C3170700001307CF
:10BEE000A731D8C317F7FFFF1307C70398C797A752
:10BEF000FE1F938767E8171700001307675798C35B
:10BF0000171700001307870ED8C317170000130771
:10BF1000C73B98C7828097A7FE1F83C7E7E6A18B20
:10BF200017A7FE1F130787E491E3014723A6E1AAA1
:10BF30000145828097A7FE1F83C707E5918B17A74E
:10BF4000FE1F130767E391E3014723A8E1AA014518
:10BF50008280011106CE2AC6EFF05FF63245994580
:10BF600097A7FE1FA381A7E2EFD08FBEF24017F57F
:10BF7000FFFF1305051305616FE05FBF1C5581C707
:10BF8000A1473E858280011122CC26CA2A84AE8434
:10BF9000130500049305300506CE9750FE1FE78079
:10BFA000C05B08D46305051013060004A6859750EE
:10BFB000FE1FE780408178548347270193F687006E
:10BFC000638E0610145483C62600A18A6388061067
:10BFD00083270408E9EF93053005130500109750F7
:10BFE000FE1FE78080572320A4088D4771C1A3025C
:10BFF0000400785483C714008346170081EF81EE54
:10C0000083C72400918BDDEB83472701918BDDE70C
:10C01000854711A889C62147A302E40099C7834731
:10C02000540093E70701A302F4006C5483C7250171
:10C03000858B91CF1C54054783C727008D8B639850
:10C04000E7008347640093E717002303F400832786
:10C05000040899C78347640093E787002303F4002B
:10C060008347540005476398E70C930484004146D6
:10C07000814526859740FE1FE780607841468145CF
:10C08000130584019740FE1FE78060771306C40301
:10C090003285C14532C6EF606FEC83270408324613
:10C0A000BDC72285EF00903F9307000525CDA1472E
:10C0B000F2406244D2443E850561828083C7040019
:10C0C0008346070015473387E70297570100938798
:10C0D000E7C2BA97B69783C70700B1B783C6140003
:10C0E00091C68346170099C2E14735BF83C6240035
:10C0F000D58F918B91DF83C70400834607001547D6
:10C100003387E70297570100938787BDD9B7228508
:10C110009306C402A685EFF00FA62285EF009031AA
:10C1200059F5C14703550400A301F4008145EF70A0
:10C130004FBF8147B5BF13F7870149C3C18B930434
:10C1400084004146A9CB890526859740FE1FE780DC
:10C15000806741468145130584019740FE1FE780B3
:10C16000006A834764001306C403328593E74700DF
:10C170002303F400C14532C6EF604FDE8327040875
:10C1800032468DC32285EF0070319307200505F1FB
:10C19000A301F40079BF814526859740FE1FE78003
:10C1A000006645BF9306C402A6852285EFF0AF9CCA
:10C1B0002285EF003028CD4761DDD5BD0947854593
:10C1C0006388E70093F7D70F11476397E700894526
:10C1D00003550400EF70EFB48347640093E7470012
:10C1E0002303F4008327040881C7930710054DB784
:10C1F000C54779BF8347250063820726797122D41A
:10C2000006D626D24AD083473500130750052A8424
:10C21000639EE706034975001306C503C14593579E
:10C220003900AA97328583C4870032C6EF600FD3E6
:10C23000938781B19C43A9C79C47B9C303250408D0
:10C2400093767900B3D6D4403246858A93050504A7
:10C25000180893E606081305050882971375F50F6D
:10C2600005E141460C081305C4029740FE1FE78014
:10C2700080552285EF00101C93076005A301F40090
:10C28000B250225492540259456182801307100221
:10C290006395E7021C550327050883D7470069EB20
:10C2A00013F7071071C77855035747011377071025
:10C2B00061C393077002A301F4008347340013079E
:10C2C0007002639FE70C3C5885E393053005714588
:10C2D0009750FE1FE780602828D819C57146814510
:10C2E0009740FE1FE780A0512458B9C883C7A40116
:10C2F00091E72285EFF06F93238DA40028588145A4
:10C3000041469740FE1FE780804F28583D478345B0
:10C31000A5019387F5FF93F7F70F6364F700EF60CC
:10C32000EFC3EF50EF873C58A1452398A700138532
:10C330002701EF60AFC22C5803550400EF00D04036
:10C340009307800203550400A301F400EFE06FE8B7
:10C35000414611C58357E50013D617003E960606E1
:10C36000854517A5FE1F034515A2EF502FAD09BF48
:10C3700013F7072011CB7854035747011377072091
:10C3800001C79307900205BF93F707409DD77C54E0
:10C3900083D7470193F707408DD39307B00221BF9E
:10C3A00013078002639BE7023C5889CB83D50701C2
:10C3B0000355040013862701EF00903E1C5483D7D9
:10C3C000470013F707202DC378540357470113770D
:10C3D000072039CB93079002B5B713079002639CEF
:10C3E000E700EF606FE9AA8503550400EF00503ABB
:10C3F0009307A00281BF1307A0026393E704EF60D5
:10C400000FE7AA85854701456384F5008145054509
:10C410002EC6EF608FE32A86B24503550400EF0075
:10C42000B0331C5483D7470093F707408DC77C5423
:10C4300083D7470193F7074099CF9307B00219B705
:10C440001307B0026399E700EF60CFE3AA850355B5
:10C450000400EF0070389307F0020DB5828041119F
:10C4600022C4405926C206C67C54AA8483D74701F9
:10C4700013F7071019C7185403574700137707100D
:10C480001DE313F7072019C7185403574700137704
:10C49000072011EB93F707408DCF1C5483D747003B
:10C4A00093F707409DC793071002A301F40022856C
:10C4B000EFF05FD4034734009307F0026310F702F4
:10C4C000224403D52400B2409244814541016FE0EB
:10C4D0001FB79307F002A301F400DDB7B240224476
:10C4E000924441018280397122DC405926DA4AD8CF
:10C4F0004ED606DEAA89AE8432896300043E035517
:10C500002500835704006384A700A14429A0834722
:10C51000240091EB9D44F250625426854259D25436
:10C52000B259216182809387E5FF93F7F70F2D477A
:10C53000E362F7FE174701001307077E8A07BA97E1
:10C540009C43BA978287B2852285EFF03FA3AA84E5
:10C55000D9B74146CA851305C4049740FE1FE7803A
:10C56000802622851127AA8411C1A1448347340063
:10C57000130740056397E70093079005A301F400B4
:10C5800059BF130760056395E7009307A005FDB742
:10C59000D147EDB79309C4054E854146CA859740FA
:10C5A000FE1FE7804022032504084DC9834734005D
:10C5B000130790056399E700228589279307E00513
:10C5C000A301F40051A81307A0056393E70883476C
:10C5D000740013D737002297834687009D8BB3D60C
:10C5E000F640938781B19C43858A93E606F893F6DB
:10C5F000F60F81DF9C4791DB9305050818084E86EE
:10C600001305050482979374F50FE39004F04146F7
:10C610000C081305C4049740FE1FE780C02383471E
:10C6200074004D47850793F7F70FA303F400637772
:10C63000F7002285E1259307E00589B78545179521
:10C64000FE1F03455574EF403FE8930750053DB783
:10C650001307C005E382E7F6814475BD1309840022
:10C660004E86CA8522851408EFE0FFD04146930527
:10C67000C40408089740FE1FE780E01DE30D05E8AD
:10C680008A861306C403CE854A85EF10300315E170
:10C690002285EFE09FD99797FE1F9387276D2A8702
:10C6A0009C4703550400814601468A858297AA84E7
:10C6B00011C1A14493072002D1B583450600EFE0E4
:10C6C0001F9859BF0347340093072002E314F7E48F
:10C6D0007C5889EB9305300571459750FE1FE78024
:10C6E000C0E768D86858E30705E24146CA85974025
:10C6F000FE1FE780400D64582285EFE01FD3238D95
:10C70000A400930730026DBD034734009307300245
:10C71000E312F7E083570600685821469305290085
:10C720002318F50049059740FE1FE780C0097C5497
:10C7300083D7470113F7270035CB18540357470019
:10C74000098B2DC793074002A5BD0347340093070B
:10C750004002E311F7DC3C5C81EB85455D45975079
:10C76000FE1FE78080DF28DC285CE30705EE8347B7
:10C7700009004146CA85230BF5009740FE1FE7805C
:10C780008004930750022DBD0347340093075002E5
:10C79000E312F7D8285C1946930519004105974024
:10C7A000FE1FE78040027C5483D74701918B9DCFC9
:10C7B0001C5483D74700918B95CB9307600209B532
:10C7C0007C5C89EB9305300551459750FE1FE7804F
:10C7D000C0D868DC685CE30A05D24146CA85974048
:10C7E000FE1FE78040FE7C5C7D5798CB4E85EFF0C6
:10C7F0001FC79DB50325040813060004CA85130549
:10C8000005049740FE1FE78000FC2285EFE01FB380
:10C8100083473400130700056395E700930740053D
:10C8200045B313071005639CE70085451795FE1F68
:10C8300003457555EF405FC99307500551B3130782
:10C840002005E39BE7E0938781B19C43E38F07CA10
:10C850009C47E38C07CA83250408930484001808C6
:10C8600093850508814626862E8582970355040008
:10C870001008A685EF60DFD39307B00591B3034797
:10C8800034009307E005E317F7C883250408414601
:10C890004A859740FE1FE78000FCAD44E30D05C6C6
:10C8A000032504084146CA859740FE1FE780A0F192
:10C8B0002285EFE09FB79797FE1F9387274B2A8724
:10C8C0009C472C5803550400814601468297AA8450
:10C8D00011C1A1449307100255B1AD47E39EF5D6AF
:10C8E00083460600835525001306650003450500B1
:10C8F000EF602FCF95B3894761C2DDCD2300A6003D
:10C9000083C70500A300F60083C715002301F600C6
:10C9100083C72500A301F60083C73500A3020600E4
:10C920002302F60083D74500A183858BA302F6007E
:10C9300003D745001377072009C793E72700A30211
:10C94000F60083D7450093F7074099C78347560001
:10C9500093E74700A302F60083D7450013974701EA
:10C96000635807008347560093E78700A302F60049
:10C970002303060083C74500858B2303F60003D7F6
:10C980004500098B09C793E727002303F60083D7E7
:10C990004500918B99C78347660093E747002303BF
:10C9A000F60003D745008147218B19C7034766006E
:10C9B000136787002303E6003E8582802E86AA85C2
:10C9C00005456FF05FF32E86AA8509456FF0BFF22B
:10C9D00089478DC505C5411106C6AE870D47AA8595
:10C9E0002380E7001385170041469740FE1FE7802C
:10C9F00080DDB24081473E85410182803E85828054
:10CA000089478DC505C5411106C6AE871147AA8560
:10CA10002380E7001385170041469740FE1FE780FB
:10CA200080DAB24081473E85410182803E85828026
:10CA300089478DC505C5411106C6AE871947AA8528
:10CA40002380E7001385170041469740FE1FE780CB
:10CA500080D7B24081473E85410182803E858280F9
:10CA600089479DCD15CD411106C61D472380E500A0
:10CA700003570500AE872146A380E5000357050054
:10CA800021832381E5009305250013853700974016
:10CA9000FE1FE78040D3B24081473E85410182803E
:10CAA0003E85828089478DC505C5411106C6AE8782
:10CAB0002147AA852380E700138517004146974048
:10CAC000FE1FE78040D0B24081473E854101828011
:10CAD0003E858280894795C90DC9411106C6254703
:10CAE0002380E50003470500AE871946A380E500D3
:10CAF00093051500138527009740FE1FE780A0CC03
:10CB0000B24081473E85410182803E8582808947CF
:10CB10008DC505C5411106C6AE872947AA85238064
:10CB2000E7001385170041469740FE1FE780A0C924
:10CB3000B24081473E85410182803E85828089479F
:10CB400095C50DC5411106C6AE873147AA8523801C
:10CB5000E70013851700130600049740FE1FE780C7
:10CB600080C6B24081473E85410182803E858280F9
:10CB700089478DC505C5411106C6AE873547AA85CB
:10CB80002380E7001385170041469740FE1FE7808A
:10CB900080C3B24081473E85410182803E858280CC
:10CBA000894791C909C995472380F5008347050046
:10CBB000A380F50081473E858280894791C909C9D4
:10CBC000AD472380F50083470500A380F50081472A
:10CBD0003E85828015C55D718A8586C6A2C42A8479
:10CBE000EFE0AFF0035504000A8697060000938635
:10CBF00026DD9D45EFE06FE2B6402644616182800C
:10CC00000545828015C55D718A8586C6A2C42A84C1
:10CC1000EFE0AFED035504000A8697060000938607
:10CC2000C6DA9D45EFE06FDFB64026446161828041
:10CC3000054582805D71A2C49305C5022A844146E0
:10CC40000A8586C69740FE1FE780E0B703550400BB
:10CC50000A86970600009386E6D7C545EFE0EFDB2E
:10CC6000B6402644616182805D71A2C49305C5030C
:10CC70002A8441460A8586C69740FE1FE780A0B4F5
:10CC8000035504000A86970600009386A6D7C5457B
:10CC9000EFE0AFD8B640264461618280938781B1CE
:10CCA0009C43B1CB9C435D71A2C486C62A84130504
:10CCB000E00F95CF032504089305050C130505081F
:10CCC000829783250408130600040A8593850508C6
:10CCD0009740FE1FE78020AF035504009706000031
:10CCE000938626E60A8693051004EFE00FD3B6403C
:10CCF0002644616182801305E00F8280317122DD5C
:10CD00002A840355050026DB06DF4AD94ED752D5C3
:10CD100056D35AD15ECF62CDEFD0BFCB3C58AA8458
:10CD200089EB9305300571459750FE1FE780E0823F
:10CD300028D82858CD470DC9714681459740FE1F18
:10CD4000E780E0AB032904072285EFE00FEE230D17
:10CD5000A90083472400138981B1638A07128327BE
:10CD6000090085E39307E00FFA506A54DA544A59F0
:10CD7000BA592A5A9A5A0A5BFA4B6A4C3E8529617B
:10CD8000828083AB0701E38F0BFC032B0408EF5079
:10CD90001FCE2A8C0145EF505FCB83C75400385813
:10CDA000130B0B029309C403130AC405938A64008E
:10CDB0003AC0B337F0002A87930801045688B33687
:10CDC00080015286CE855A85829B1C5403C727005A
:10CDD0002307E10203C71700A306E10283C7070088
:10CDE0002306F10283270900B5DF03AB4701E30BFC
:10CDF0000BF683C75400B337F0003ECEEF503FC769
:10CE0000AA8B0145EF507FC403270408F2472AC0CC
:10CE10003AC2B338700156887810930684004E8663
:10CE2000D2858800029B7C5403C727012305E102B9
:10CE300003C71700A304E10283C707002304F1021C
:10CE40008327090003A94701EF507FC22A8B0145C0
:10CE5000EF50BFBF83C854009C082A883EC2B33835
:10CE60001001B33760013810930684015286CE85D5
:10CE700056C0880002990355040097060000938667
:10CE800066CF9008C545EFE04FB9AA87F1BD83C6CC
:10CE9000540083270900032B0408B336D00083AB6A
:10CEA000070136CEEF50BFBC2A8C0145EF50FFB9C9
:10CEB0003C58F246130B0B02130AC4059309C40332
:10CEC000938A64002A88930801044E86D2853EC066
:10CED0005687B33780015A85829B1C54130B01037C
:10CEE00003C727002307E10203C71700A306E102D7
:10CEF00083C707002306F1028327090083AB47019C
:10CF000083C75400B337F0003ECEEF505FB62A8C93
:10CF10000145EF509FB3F2472AC0B33880015688CD
:10CF20007810930684004E86D2855AC28800829B70
:10CF30008325040841465A859740FE1FE780A0914B
:10CF4000AD47E31205EE0DB52E86970600009386D9
:10CF500066AEC5456FE06FAC5D71B287A2C42300B9
:10CF6000B1002A84BE8513051100194686C6974074
:10CF7000FE1FE78040850A8622859706000093867B
:10CF8000A6B5A145EFE06FA9B64026446161828055
:10CF90002E8697060000938626B1C5456FE0EFA761
:10CFA0005D71B287A2C42310B1002A84BE85130527
:10CFB0002100214686C69740FE1FE780C0800A8672
:10CFC0002285970600009386E6A9AD45EFE0EFA421
:10CFD000B6402644616182802E86970600009386C3
:10CFE00046B3C5456FE06FA3797122D406D626D229
:10CFF00083473500130730052A846383E708130746
:10D0000050056395E7089307A005A301F500834742
:10D010007500C14513D737002A97834687009D8B3B
:10D020001305C503B3D6F640858A93E606F893F652
:10D03000F60F36C6EF508FF2B246938781B19C430C
:10D040009DCB9C478DCB0325040818081306C40309
:10D05000930505041305050882971375F50F01ED77
:10D060001305C40241460C089730FE1FE780A075E7
:10D070002285EFF03FBCB250225492544561828029
:10D0800093079005A301F500814645BF13071002E1
:10D090006396E7027C550327050883D7470163148D
:10D0A000070E13F717006300070E185503574700C4
:10D0B000058B71CB93072002A301F4008347340052
:10D0C00013072002639BE70E3C5889EB930530055C
:10D0D00071459740FE1FE780404828D82458BDCCB2
:10D0E0002285EFE08FB4238DA40028588145414666
:10D0F0009730FE1FE780A07028583D478345A50163
:10D100009387F5FF93F7F70F636BF70283C701B0BF
:10D11000D5C34146814508089730FE1FE780206E41
:10D1200019469795FE1F9385E5B908089730FE1FAD
:10D13000E780606930580C082E85EF40A002EF4070
:10D140002FA63C58A1452398A70013852701EF502F
:10D15000EFE02C5803550400EFF01FDF9307300277
:10D1600003550400A301F400EFD0BF86414619C166
:10D170000356E500060685451795FE1F0345B5C015
:10D18000EF40CFCBCDBD13F7270009CB1854035781
:10D190004700098B01C79307400239BF918BE38F8A
:10D1A00007F01C5483D74700918BE38907F093075E
:10D1B000600219B7EF508FDA59B713073002639A3C
:10D1C000E7023C5889CB83D5070103550400138639
:10D1D0002701EFF0FFDC7C5483D7470113F72700CA
:10D1E00021CF185403574700098B39C793074002D2
:10D1F00085BF13074002639CE700EF50FF87AA85B5
:10D2000003550400EFF0DFD89307500291BF1307D6
:10D2100050026390E704EF509F850DE98145054575
:10D220002EC6EF509F822A86B24503550400EFF0C8
:10D23000BFD27C5483D74701918B9DC71C5483D7A1
:10D240004700918B95C39307600219BF854501453F
:10D25000C1BF130760026399E700EF50BF82AA8540
:10D2600003550400EFF05FD77C540327040883D7ED
:10D27000470119EF13F7071001CF18540357470060
:10D280001377071011C793077002A301F400E5B3E9
:10D2900013F7072011CB18540357470013770720C3
:10D2A00001C793079002D5B793F7074091CB1C5461
:10D2B00083D7470093F7074081C79307B002F1B7C0
:10D2C0009307F002D9B7397122DC26DA4ED652D450
:10D2D00006DE4AD8AE89328AAA84EFD08FEF405951
:10D2E000414681450A859730FE1FE780405125C899
:10D2F000035904006315990603473400930710028D
:10D30000631FF7028327040899CF2C58A9C94A85BF
:10D31000EF10F0150545F2506254D2544259B259FB
:10D32000225A216182808A861306C4059305C403AC
:10D3300013058400EF0090381DE18A85C9BF2C5881
:10D3400099CD83D70501639C47012146C9054E85C8
:10D350009730FE1FE780205019C12C584DBF2685FD
:10D36000EFD02FE72A8405455DD44C54B9C583D747
:10D370000501639447052146C9054E859730FE1F78
:10D38000E780604D8547631AF50283C7F18591C731
:10D390004C5483C7B5016396A70CBD452685EF1095
:10D3A000D0079787FE1F9387E77E9C5B0145A5D733
:10D3B0001D45894582970145B9BF938731AF03C7A2
:10D3C00007009789FE1F9389E97C3E89058B15CF5D
:10D3D0000347540083C7C1AE6319F702194693850A
:10D3E000D1AE130564009730FE1FE780C046854725
:10D3F000631DF50083A7090381C791451D458297E9
:10D40000BD452685EF10700131B703C701B083A772
:10D41000090331CB03470900098B09CB81C7954527
:10D420001D4582972685EF10D004EDB581C78D4547
:10D430001D4582974146814508089730FE1FE780C9
:10D44000003C19469795FE1F9385C58708089730BD
:10D45000FE1FE78040370C082E850A86EF3090507B
:10D460008A85268575B58545C5FF6DBF797122D43E
:10D4700040594AD04ECE52CC06D626D2AA892E8A00
:10D480003289630C046A0355250083570400638CBA
:10D49000A700A144B2502254268502599254F24961
:10D4A000624A456182808344240099C09D44DDB76F
:10D4B0009387F5FF93F7F70F3147E369F7FE1747B7
:10D4C0000100130767888A07BA979C43BA97828737
:10D4D0001C54E1F393053005130500049740FE1F2B
:10D4E000E780A00708D455D503470900914763F4A6
:10D4F000E7008D4445B7034719008547E3EBE7FE96
:10D5000013060004CA859730FE1FE780C02B0C5419
:10D510007054A3020400D4415C4A858AFD8E83576F
:10D520004601F99BD58F231AF600D841544AF59B42
:10D530000583058B8582F98E8606DD8E231AD6003B
:10D54000DC41584AED9A8983858B09837D8F0A07D0
:10D55000558F231AE600D4415C4A5D9B8D82858AF3
:10D560008D83F58F8E07D98F231AF600D841544A40
:10D5700093F7F7EF2183058BA182F98EA206DD8E4A
:10D58000231AD600DC41584AA583858B25837D8FDD
:10D590009317970013F7F6DF5D8F231AE600D44147
:10D5A0005C4AA982858AA983F58F9396A700937711
:10D5B000F7BFD58F231AF600D441584AAD82858A29
:10D5C0002D83758FFD769386F67F2E07F58FD98F85
:10D5D000231AF6008347260103250408A18B6387DD
:10D5E000071083C72500A18B63820710E31305EAA8
:10D5F00093053005130500109740FE1FE780E0F506
:10D600002320A408E30705EE7C54A302040003478B
:10D61000190083C6170089EA45C38347540093E77E
:10D620000701A302F40029A0A147A302F40075F7A3
:10D630002285EFF02FDD6C5483C72501858B81CFC8
:10D640001C5483C727008D8B99C78347640093E7D9
:10D6500017002303F4008327040899C78347640055
:10D6600093E787002303F40083475400054763933F
:10D67000E70C41468145130584009730FE1FE78083
:10D68000001841468145130584019730FE1FE7804D
:10D690000017C1451305C403EF504F8C032704083E
:10D6A0009307000511E3C14703550400A301F400EB
:10D6B0008145EF501FE7F9BB03C72701118B19E71D
:10D6C00003472900118B19E38547A1BF83C70700D2
:10D6D0008346090015473387E70297370100938790
:10D6E000E761BA97B69783C7070025BF19C597406A
:10D6F000FE1FE780E0F2232004087C5403C71700D4
:10D7000011C70347190019C3E14721BF03C7270108
:10D71000118B09E703472900118B5DD783C70700E9
:10D720001547834609003387E7029737010093873F
:10D73000275B45BF13F7870131CFC18B13058400E9
:10D740004146A9C389059730FE1FE780C0074146BF
:10D750008145130584019730FE1FE780400A834707
:10D760006400C1451305C40393E747002303F40095
:10D77000EF40DFFE8327040881CF93072005A30134
:10D78000F40009BB81459730FE1FE7804007C1B711
:10D79000CD47F5B7094789456386E7001147639888
:10D7A000E700854503550400EF50BFD721A0194776
:10D7B000E389E7FE8347640093E747002303F4000F
:10D7C0008327040881C79307100555BFC54745BF88
:10D7D0004146CA851305C4049730FE1FE780A0FEAA
:10D7E0008347340013076005639CE7008545178570
:10D7F000FE1F03455559EF303FCD9307500541B704
:10D8000045476383E7029306C4021306C4039305E6
:10D8100084002285EFD03FB62285EFF0AFC1AA8405
:10D8200011C1A144D147A1BFC94791BF9309C40504
:10D830004E854146CA859730FE1FE780C0F8032514
:10D84000040871C983473400130790056398E70003
:10D850002285EFF06FC19307E00515B71307A00508
:10D86000639DE706938781B19C43E38107C403A8C6
:10D870008700E30D08C283477400930505084E86B0
:10D8800013D737002297834687009D8B0A87B3D62C
:10D89000F640858A93E6060813050504029841467A
:10D8A0008A851305C4049730FE1FE780C0FA11E192
:10D8B000D2842285EFF04FBB83477400CD46130717
:10D8C000E005850793F7F70FA303F40063E4F60080
:10D8D00013076005A301E40075BE1307C005E39BB1
:10D8E000E7BA938781B19C43E38207BC9C47E38FEF
:10D8F00007BA93050508130984000A8781464A86FA
:10D900002E858297035504000A86CA85EF505FCAA8
:10D910009307B005ADB58A864E86930584002285AF
:10D92000EFD07FA541469305C4040A859730FE1FBA
:10D93000E78060F28547D284E31EF5B42285EFF0DC
:10D94000AFB2AA84E31705B4930710020DBD0347D5
:10D95000340093077002E31BF7B47C5889EB9305FE
:10D96000300571459740FE1FE78020BF68D8685892
:10D97000E30E05B2CA8541469730FE1FE780A0E45A
:10D98000032944072285EFD05FAA230DA90093073E
:10D990008002F5B30347340093078002E318F7B021
:10D9A0008357060068582146930529002318F5007F
:10D9B00049059730FE1FE78000E17C5483D747017B
:10D9C00013F7072025CF1854035747001377072074
:10D9D00035C79307900265B303473400930790025D
:10D9E000E316F7AC3C5C89EB930530055D45974049
:10D9F000FE1FE78080B628DC285CE30905AA4146C3
:10DA0000CA859730FE1FE78000DC9307A00285BB24
:10DA1000034734009307A002E31AF7A883470600E0
:10DA2000285C194693051900230BF5004105973032
:10DA3000FE1FE78040D97C5483D7470193F7074006
:10DA4000B1C71C5483D7470093F70740A1C393077E
:10DA5000B00235B3034734009307B002E318F7A4CC
:10DA60007C5C89EB9305300551459740FE1FE780AC
:10DA7000C0AE68DC685CE30E05A04146CA859730FD
:10DA8000FE1FE78040D47C5C7D5798CB03D52900EE
:10DA90008145EFD0CFDAFDBA034734009307F00495
:10DAA000E3F9E79E03250408E305059E1306000439
:10DAB000CA85130505049730FE1FE780C0D0228574
:10DAC000EFF0CF9DAA842285EFD05F878347340093
:10DAD00013070005639FE70003D6E9008545178516
:10DAE000FE1F0345552A0606EF305FB59307300544
:10DAF00079B1130710056395E7009307600541B1FD
:10DB000013072005E398E7989307C0058DB90347ED
:10DB100034009307E005E31EF79603250408414609
:10DB2000CA859730FE1FE78000CA2285EFF00F9D5F
:10DB3000AA8419BD83450600A9BF85478144E39B9C
:10DB4000F5940328460083473600034726008346A2
:10DB5000160083552500034606000145EF500F9F30
:10DB600015BA8147C1463307F500B388F50003476E
:10DB7000070083C808003308F600850733471701FC
:10DB80002300E800E391D7FE82800147BD471308D8
:10DB9000F00F3306F50083460600B388F500FD1745
:10DBA0008606558F2380E8000347060093F7F70F9A
:10DBB0001D83E39007FF82808147930800F8414866
:10DBC00093F6F70F3387F50063FCC600B306F50044
:10DBD00083C606002300D7008507E39307FF8280F2
:10DBE0006395C60023001701C5BF23000700EDB7EA
:10DBF00001114AC856C22E89AA8A930530054145AB
:10DC000006CE22CC26CA4EC652C4328A9740FE1F88
:10DC1000E780A094AA849305300541459740FE1FF4
:10DC2000E780A0932A84CD49A5C431CD41468145E2
:10DC30009730FE1FE780A0BC2686A2855685EF3070
:10DC40006052AA8929E18387040063D30706A2856D
:10DC50002685EFF09FF34A869735010093850512DC
:10DC60002285EFF01FF08307090063D80704A2851F
:10DC70004A85EFF09FF15286973501009385051094
:10DC80002285EFF01FEE26859740FE1FE780409922
:10DC900011C422859740FE1FE7808098F2406244BD
:10DCA0004E85D2444249B249224A924A0561828055
:10DCB000CA852685EFF07FED7DB7D2854A85EFF0E6
:10DCC000DFECD1B781474146B306F5003387F50055
:10DCD0000347070003C80600850733470701238071
:10DCE000E600E393C7FE8280011126CA4EC6AE84C9
:10DCF000AA8993053005130500034AC806CE22CC35
:10DD000032899740FE1FE78040852DC5130600032A
:10DD100081452A849730FE1FE78060AE4146CE855C
:10DD200022859730FE1FE780E0B5A6850D461305D6
:10DD3000D4019730FE1FE780E0B413060402930578
:10DD400004012285EF300042AA840D469305D402D7
:10DD50004A859730FE1FE780E0B222859740FE1F7C
:10DD6000E780008CF240624426854249D244B249A1
:10DD700005618280CD44FDB75D714EDE62D4AE890F
:10DD80002A8C9305300513050003A6C2CAC052DCD5
:10DD900056DA5AD85ED686C6A2C4B28B368BBA84FF
:10DDA000BE8A4289468A9730FE1FE780007B630562
:10DDB00005101306000381452A849730FE1FE78073
:10DDC00000A44146E28522859730FE1FE78080ABA4
:10DDD000414681450A859730FE1FE78040A21D46D7
:10DDE000DE850A859730FE1FE780C0A91D46DA85CB
:10DDF000130571009730FE1FE780C0A8333920015A
:10DE0000B334900041468145080823072101A30748
:10DE100091009730FE1FE780809E1946D6854808FE
:10DE20009730FE1FE78000A61946D2851305A10191
:10DE30009730FE1FE78000A5930404014146CE857C
:10DE400026859730FE1FE780E0A38A852685EFF0C0
:10DE50007FE7930904024E86A6852285EF30803045
:10DE60002A890DE94146CE8526859730FE1FE78039
:10DE700080950C082685EFF0FFE44E86A685228566
:10DE8000EF30402E2A8946454146CE859730FE1F09
:10DE9000E780409F22859730FE1FE7806078B6407C
:10DEA00026444A8596440649F259625AD25A425B40
:10DEB000B25B225C616182804D49D5B7011126CAEF
:10DEC00052C4AA842E8A13050003930530054AC85C
:10DED0004EC606CE22CC3289B6899730FE1FE78027
:10DEE000C06735C52A84A68541469730FE1FE78066
:10DEF0006099930404012146D28526859730FE1F40
:10DF0000E7804098CA852146130584019730FE1F9B
:10DF1000E780409713090402A6854A862285EF30E0
:10DF20006024AA844146CA854E859730FE1FE7804B
:10DF3000609522859730FE1FE780806EF240624434
:10DF400026854249D244B249224A05618280CD44A5
:10DF5000F5B739715AD05ECE2A8BAE8B4145930509
:10DF6000300506DE26DA52D456D262CC66CA6AC8BA
:10DF7000368C328DBA8C22DC4AD84ED69730FE1FB2
:10DF8000E780A05DAA8A9305300541459730FE1FC2
:10DF9000E780A05C2A8ACD44638E0A0859C52A8688
:10DFA000D6855A85EFF0DFC4AA8441E19305300598
:10DFB00041459730FE1FE780405A2A899305300576
:10DFC00041459730FE1FE7804059AA89630A090E30
:10DFD0006306050E1304FD0011841376FD0049C08D
:10DFE0007D144204418035EE131544004E86D685DB
:10DFF0005E95EFF01FB7414681454A859720FE1F89
:10E00000E780E07F014D93170D01C18363F487081A
:10E01000BDC04A859730FE1FE78080606387090096
:10E020004E859730FE1FE780A05F56859730FE1F14
:10E03000E780005F63070A0052859730FE1FE78084
:10E04000205EF250625426854259D254B259225A67
:10E05000925A025BF24B624CD24C424D216182805B
:10E060000144131544008A855E95EFF0FFB44E8697
:10E07000D2850A85BDBF93154D000A86DE954A8577
:10E08000EFF03FAE4A868A855A85EF30A00DAA840C
:10E09000050D95BFBDFC0A86CE854A85EFF07FACA5
:10E0A0004A868A855A85EF30E00BAA846686CA853F
:10E0B00062859720FE1FE7800071A1BFCD4491BF0C
:10E0C000CD44A9BF397162CC2A8C594526DA4AD889
:10E0D0004ED652D456D25AD05ECE06DE22DCAE8B5D
:10E0E000328BB68A3AC63E8AC28946898344010485
:10E0F000EF308F8749C19167938717E92310F500A7
:10E1000085472301F5002A8432472105630C0C045E
:10E1100093071003A301F400194681459720FE1FC1
:10E12000E780E06D23036401A3035401230A9400F4
:10E1300023127401231744012318340123192401E5
:10E14000A2856254F250D2544259B259225A925A7C
:10E15000025BF24B624C1785FE1F0345A5C221618D
:10E160006F306F8BA30104001946BA859720FE1FFC
:10E17000E780606545BFF2506254D2544259B259AB
:10E18000225A925A025BF24B624C21618280011149
:10E1900022CC2A84314506CE2EC632C436C23AC0BD
:10E1A000EF209FFC29C19167938717E92310F500A1
:10E1B0008D472301F500A3018500B2452246924612
:10E1C00002476244F2402312B5002313C500231412
:10E1D000D5002315E500AA851785FE1F034585BADE
:10E1E00005616F304F83F240624405618280011106
:10E1F0004AC82A89394526CA06CE22CC2EC6B28400
:10E20000EF209FF631C1B2459167938727E923102C
:10E21000F5009147A30125012312B5002A842301AB
:10E22000F500A685190521469720FE1FE780A05915
:10E23000A2856244F240D24442491785FE1F03453D
:10E2400065B405616F203FFDF2406244D24442490B
:10E250000561828001114AC82A89414526CA06CE35
:10E2600022CC2EC6B284EF203FF029C19167B2457F
:10E27000938727E92310F50095472A842312250167
:10E280002301F500214619059720FE1FE780A053C2
:10E29000A285231794006244F240D2444249178574
:10E2A000FE1F034555AE05616F20FFF6F240624444
:10E2B000D244424905618280011122CC2A84394529
:10E2C00006CE2EC632C436C23AC0EF20FFE929C1BD
:10E2D0009167938717E92310F50099472301F5000B
:10E2E000B245224692460247231285006244F2401C
:10E2F0002313B5002314C5002315D5002316E5000C
:10E30000AA851785FE1F0345E5A705616F20BFF0AD
:10E31000F240624405618280797122D406D62A8453
:10E320002EC632C436C23AC0EFC0AFEA1DC1B245F4
:10E33000224692460247231CB100231DC1002C082F
:10E340001306F00F2285231ED100231FE100EFC02A
:10E35000EFD7B250225445618280011122CC2A8429
:10E36000394506CE2EC632C436C23AC0EF20DFDFB2
:10E3700029C19167938717E92310F5009D47230171
:10E38000F500B245224692460247231285006244B8
:10E39000F2402313B5002314C5002315D50023161E
:10E3A000E500AA851785FE1F0345C59D05616F2001
:10E3B0009FE6F2406244056182805D712AC61305C2
:10E3C0002002CAC04EDE52DC56DA5AD85ED662D47B
:10E3D00066D26AD086C6A2C4A6C26ECE2E8CB28B7E
:10E3E000368B3AC43E8DC28CC68A035A01058359C6
:10E3F000410503498105EF203FD769C59166324346
:10E40000938616E9A9472A842310D5002301F50035
:10E41000930DE4002105930444012247630D030694
:10E4200093071003A301F400194681459720FE1FAE
:10E43000E780E03C194681456E859720FE1FE78006
:10E44000003C1946814526859720FE1FE780203B2A
:10E4500023037401A3036401230024032312840112
:10E46000231D5401231E4401231F3401A285264489
:10E47000B64096440649F259625AD25A425BB25BA0
:10E48000225C925C025DF24D1785FE1F0345858F6D
:10E4900061616F205FD8BA85A301040019469720F7
:10E4A000FE1FE7804032EA856E8519469720FE1FE1
:10E4B000E78060311946E68526859720FE1FE780B4
:10E4C000803079B7B640264496440649F259625ADC
:10E4D000D25A425BB25B225C925C025DF24D61619A
:10E4E0008280011122CC2A84214506CE2EC632C458
:10E4F00036C2EF207FC715CD22469246916793879B
:10E5000017E92310F500B1472301F500A3018500A9
:10E51000B2452303C500A303D5006244F240231291
:10E52000B500AA851785FE1F0345C58505616F20C7
:10E530009FCEF240624405618280411126C2AA84C6
:10E54000514506C622C4EF203FC249C19167938757
:10E5500017E92310F500B9472301F50083C714001C
:10E560002A8493856400A301F50083C7340003C7A0
:10E5700024002105A207D98F231EF5FE83C744007E
:10E580001946230FF5FE83C75400A30FF5FE97200D
:10E59000FE1FE780402383C7C400A2851775FE1FB6
:10E5A0000345457E2307F40083C7E40003C7D40076
:10E5B000A207D98F2318F40083C7F4002309F400BD
:10E5C0002244B240924441016F20FFC4B240224431
:10E5D000924441018280411122C42A84194506C611
:10E5E000EF209FB80DC59167938717E92310F500B9
:10E5F000C1472301F500231285002244B240AA85B9
:10E600001775FE1F0345057841016F20DFC0B2403A
:10E6100022444101828041110D4506C6EF20DFB43E
:10E620000DC5930710F92300F5009307E003A3003D
:10E63000F500C5472301F500B240AA851775FE1FF6
:10E640000345457441016F201FBDB24041018280E6
:10E65000011122CC2A84294506CE2EC632C436C2E8
:10E66000EF209FB015CDB24592469167938717E989
:10E670002310F500C9472302B5002301F500A301CB
:10E6800085002304D50022466244F2402313C500CE
:10E69000AA851775FE1F0345E56E05616F20BFB79C
:10E6A000F24062440561828001114AC82A892D45E1
:10E6B00026CA06CE22CC2EC6B284EF20FFAA29C5D8
:10E6C000B245930710F92300F5009307E003A30078
:10E6D000F500CD47A30125012302B5002A842301BB
:10E6E000F500A685150519469720FE1FE780A00DA9
:10E6F000A2856244F240D24442491775FE1F034589
:10E70000656805616F203FB1F2406244D2444249DE
:10E7100005618280011122CC2A84214506CE2EC6B5
:10E72000EF209FA405C9B2459167938717E923108D
:10E73000F500D1472303B5002301F500231285001E
:10E740006244F240AA851775FE1F0345A563056163
:10E750006F207FACF240624405618280011122CCBF
:10E760002A84214506CE2EC632C4EF20FF9F1DC548
:10E770002246930710592310F50023018500B24566
:10E780002303C5006244F2402312B500AA85177521
:10E79000FE1F0345255F05616F20FFA7F24062441D
:10E7A00005618280011122CC2A84214506CE2EC625
:10E7B00032C4EF207F9B1DC922469167938727E9CA
:10E7C0002310F500A1472301F500B245230385007E
:10E7D000A303C5006244F2402312B500AA85177551
:10E7E000FE1F0345555A05616F20FFA2F2406244A7
:10E7F00005618280011122CC2A84314506CE2EC6C5
:10E8000032C436C23AC0EF203F9615CD2246856706
:10E81000938717C92310F50023018500B245230310
:10E82000C500924602476244F2402312B500231409
:10E83000D5002315E500AA851775FE1F03458554ED
:10E8400005616F205F9DF240624405618280011185
:10E8500026CAAE844AC82A891385C40006CE22CCB3
:10E8600032C6EF207F901DCD8567B245938717E9AB
:10E8700023019500231225012A842310F500310578
:10E8800008C426869720FE1FE780E0F3A285624435
:10E89000F240D24442491775FE1F0345A54E05615B
:10E8A0006F207F97F2406244D244424905618280E2
:10E8B000011122CC2A84194506CE2EC6EF20DF8A0C
:10E8C00005C98567938717F92310F500854723014C
:10E8D0008500A301F500B2456244F2402312B50061
:10E8E000AA851775FE1F0345E54905616F20BF9294
:10E8F000F240624405618280411122C42A840D45A0
:10E9000006C6EF207F8605C5930710F92300F500A2
:10E91000E947A300F500230185002244B240AA85FF
:10E920001775FE1F0345054641016F20DF8EB2407B
:10E93000224441018280011122CC2A84214506CE45
:10E940002EC6EF207F820DC99167938727E9231098
:10E95000F500930700032301F500B245230385006A
:10E960006244F2402312B500AA851775FE1F0345C5
:10E97000954105616F203F8AF240624405618280C3
:10E980000111214506CE2EC632C4EF20EFFD15C57C
:10E990008567938707392310F500B24522468547DE
:10E9A0002301F500F2402312B5002313C500AA8508
:10E9B00003C581A905616F201F86F2400561828031
:10E9C000397122DC1304F5FF4AD852D456D25ECEF8
:10E9D000420406DE26DA4ED65AD0894B2A8A32897C
:10E9E000B68A418063917515938B01A983C701A9EC
:10E9F0005E8B89448DCF83C9160083C7060091447E
:10EA0000A209B3E9F9009777FE1F83D7A719F51775
:10EA100063DFF9009307C6FF639BF90831452EC6F3
:10EA2000EF208FF42A84B24519ED9304F00FF250D1
:10EA3000625426854259D254B259225A925A025BE4
:10EA4000F24B216182804209135909012302B5006A
:10EA500023132501930700F91509A1652310F5007B
:10EA60002311450185054A859730FE1FE780E0AEFA
:10EA700008C405C983C70B009385EAFF1356290014
:10EA8000FD172388F1A89720FE1FE780C0D51C44FE
:10EA9000A28503C581A989071CC4EF20CFF7814453
:10EAA00079B722859730FE1FE78080B7BDBF9307F7
:10EAB000D6FFE3CCF9F6B1473304F402938401AAFC
:10EAC0009C40A29703C7A70019C7884309C5973080
:10EAD000FE1FE780E0B413854900A1654205850566
:10EAE000418103AA04009730FE1FE78000A79C40E5
:10EAF000229A2320AA00A297884305D90547238597
:10EB0000E70083470B004A86D685FD172388F1A8C6
:10EB10009720FE1FE78020CB9C403E9423132401C6
:10EB200023123401ADBF8547E391F5F0B1473304BB
:10EB3000F402138B01AA83270B00DA89A29703D76B
:10EB40006700884355C783D74700B306C7009107BE
:10EB500063C0D70A3A95D6859720FE1FE780A0C6E6
:10EB600003270B008144229783576700CA97C20787
:10EB7000C1832313F700035747001107E399E7EA1E
:10EB80003145EF206FDEAA8515CD930700F92310DC
:10EB9000F50083270B002302750123114501A2977D
:10EBA00003D767009C432313E5001CC503C581A957
:10EBB000EF206FE683270B003E9423130400230508
:10EBC0000400B5B583270B00A297884311C997307D
:10EBD000FE1FE780E0A483270B00A29723A0070075
:10EBE00083A709003E94231304002305040045BDB8
:10EBF00011C99730FE1FE780A0A283A70900A29742
:10EC000023A0070083A7090085443E942313040032
:10EC10002305040029BD6F40C02C6F40002E6F40BB
:10EC2000A0776F400031411106C6EF40402DB24041
:10EC30000145410182806F4060326F4080346F40F7
:10EC4000C0376F40E0396F40E03B6F40E03D6F40C0
:10EC5000C03F6F40C0416F40C0436F406045834735
:10EC6000160003460600A2075D8E6F40A0466F4067
:10EC7000E0476F40A04A6F40604D6F4040506F408A
:10EC800020536F4040556F4060576F4080596F4030
:10EC9000A05B6F40C05D411122C60344C10226C47F
:10ECA0008344010303430101030E4101834E8101AB
:10ECB000034FC101834F010283424102834381021A
:10ECC00022D6324426D8A2441ED416D27ED07ACE82
:10ECD00076CC72CA1AC841016F4080716F40205BC8
:10ECE0006F40405D6F40605F6F4080616F40A06328
:10ECF0006F40C0656F40E0676F40C06A6F40E06C76
:10ED00006F6060201307A5FF420785672A8841834B
:10ED10001385A7C7636CE502138707C801456368BD
:10ED2000B70263E605031307301F6362C702138748
:10ED300066FF42074183938767C763EAE7000506DA
:10ED40003306B6028E063325D600828001458280C6
:10ED5000411126C206C622C4AA84EFD0106819C584
:10ED60002A842685EFC0F0232324A418B24022442D
:10ED7000924441018280834665010D47AA876384DE
:10ED8000E600054582800327451103464700A30599
:10ED9000C502034737006316D7020347B50075F372
:10EDA00003470501930600026307D700930630026C
:10EDB00001456317D700130760022388E700014568
:10EDC0008280BD466310D702034705019306000405
:10EDD00001451377B70FE315D7FE130750042388B7
:10EDE000E7008280B946631AD700834605011307FE
:10EDF0000003E398E6F80547C9B7D1466317D70083
:10EE00008346050113070005EDB7D9466318D702FD
:10EE10008346050113075005E395E6F60327050A27
:10EE2000136707202320E50A05472308E50003C7E9
:10EE30001701136707F8A388E70051B7E946631B7A
:10EE4000D7008346050113075006E39CE6F213073B
:10EE5000A006A5B7FD46631BD7008346050113072F
:10EE6000A007E390E6F2130710F881BF9306300283
:10EE7000E319D7F08346050113075008E393E6F042
:10EE800005472308E5000347A5021367170023057C
:10EE9000E50271BF832705110947A30AE50095C361
:10EEA0002381E70003474505A381E7008347A502C7
:10EEB00093E787002305F502F1472308F500014594
:10EEC00082801D4582808547A30AF50083270511AE
:10EED00091CB15472381E7009307B0022308F50083
:10EEE00001458280054582808547A30AF500832776
:10EEF000051191CB19472381E7009307D00223081E
:10EF0000F50001458280054582808947A30AF50006
:10EF10008327051181CF1D472381E7008327051132
:10EF20000347D5020145A381E70082800545828021
:10EF30008547A30AF5008327051191CB2D4723812F
:10EF4000E700930770032308F5000145828005451B
:10EF500082809947A30AF500832705113147238151
:10EF6000E7001777FE1F1307E7EE83564701A381DB
:10EF7000D7009776FE1F83C646EF2382D700977689
:10EF8000FE1F83D686EEA182A382D7008346870127
:10EF90002383D70003479701A383E7008347E50254
:10EFA00013F7070409CF9307A0032308F50083474D
:10EFB000E50293F7F7072307F50201458280858B69
:10EFC000FDD78327050AA30505022307050293E75A
:10EFD00007042320F50AE1BF8947A30AF500832728
:10EFE000051181CF35472381E700832705110347AA
:10EFF000B5020145A381E7008280054582808D47E7
:10F00000A30AF5008327051191CF45472381E70027
:10F010000347C502A381E7000347B50201452382E8
:10F02000E7008280054582808547A30AF500832793
:10F03000051185C349472381E7009307A0042308EE
:10F04000F5008347A50293E747002305F502014534
:10F050008280054582808547A30AF5008327051134
:10F0600091C74D472381E700014582800545828095
:10F07000032705118D47A30AF500D9472301F7009F
:10F0800083464514A301D70083475514918A230270
:10F09000F7000357A51CB1C69306F034814763FD02
:10F0A000E600930787E80357851415CB8587938778
:10F0B00057FD8D87C207C1830357851C63F3E700A3
:10F0C0003E878347A5022307E50493E7470023050E
:10F0D000F502930750052308F500014582808D87CE
:10F0E000F9B7858B99C7930707FB2147B3C7E70299
:10F0F000D1B79307C7FB1147D5BF032705118D472C
:10F10000A30AF500DD472301F70083474514A30157
:10F11000F700834655142302D7000347B514F98F2F
:10F1200093F647000357A51CB1C69306F0348147F8
:10F1300063FDE600930787E80357851415CB8587A1
:10F14000938757FD8D87C207C1830357851C63F3DF
:10F15000E7003E87930780052308F5008347A50253
:10F160002307E50493E747002305F5020145828064
:10F170008D87F9B7858B99C7930707FB2147B3C7DD
:10F18000E702D1B79307C7FB1147D5BF8326051107
:10F190008D47A30AF500E5472381F60083477514E0
:10F1A000034665140547B317F7003317C700D98F17
:10F1B000A381F600834715142382F6008347A50236
:10F1C00093E747002305F502930700062308F5009F
:10F1D000014582808947A30AF500832705117547F9
:10F1E0002381E7001777FE1F1307C7C603473700C1
:10F1F000A381E700930750072308F50001458280AB
:10F200008947A30AF5008327051179472381E70081
:10F210000347F502A381E7008327050A2167D98FF9
:10F220002320F50A85472308F5000145828097775A
:10F23000FE1F938727C2B84B93078005834647007C
:10F24000B387F602145703270511BE96A547A30AF4
:10F25000F500930700022301F7000356A51C83570E
:10F26000651CB297D05A9387C71263F3C700B28761
:10F27000A301F70013D68700C1832302C700A302AE
:10F28000F7009C5E2303F70013D68700C183A30316
:10F29000C7002304F70083C7C601A304F70083C790
:10F2A000D6012305F7009307C0072308F5000145A1
:10F2B000828083270511114613073002A30AC50077
:10F2C0002381E70003478515118B05CF0347A5155B
:10F2D000238207009306F7FF05473317D700A38162
:10F2E000E70003473514A382E7008347A50293E7AD
:10F2F00047002305F502930750F82308F500014560
:10F3000082808346751409476392E6021777FE1FD1
:10F310000347B7A809C72147A381E70019A0A38124
:10F32000C700034755162382E70065BF054733171B
:10F33000D700DDB79547A30AF5008327051113070A
:10F3400040022381E700A3810700030735148306E9
:10F35000F5156395E6008946A381D7008306E51578
:10F360006398E60083C6370093E61600A381D700B2
:10F370008306D5152382D7000346C515A382E7006F
:10F380002383C70083478515858B81CB99C6832747
:10F39000050A4167D98F2320F50A01458280411172
:10F3A00026C28324051106C622C4B547A30AF50068
:10F3B000A9C091472A842381F4009305851A214628
:10F3C000138534009710FE1FE780E03F1385B400DB
:10F3D00011469305041B9710FE1FE780C03E93075C
:10F3E00020022308F4000145B24022449244410126
:10F3F00082800545D5BF83270511A1C7411122C4CD
:10F4000006C62547A30AE5002381E7002A840325D1
:10F4100005119305840F21460D059710FE1FE78007
:10F42000803A8327040AA3050402014593E70702F3
:10F430002320F40A85472308F400B2402244410106
:10F44000828005458280A547A30AF5008327051120
:10F45000A9C3411122C406C639472381E7002A8483
:10F46000032505119305840F21460D059710FE1FF6
:10F47000E78060358347A402014593E747002305F1
:10F48000F402930700032308F400B2402244410130
:10F49000828005458280E147A30AF5008327051194
:10F4A000D9CF411122C406C63D472381E700034757
:10F4B00045072A8493058506A381E700034755077E
:10F4C00031462382E70003476507A382E70003571D
:10F4D000650721832383E7000347A505A383E7008E
:10F4E0000357A50521832384E7000347C505A384AB
:10F4F000E7000347D5052385E70003574506A385A5
:10F50000E700034765062386E70003576506138572
:10F51000E7002183A386E7009710FE1FE780A02A5B
:10F520008347A402014593E747002305F4029307AC
:10F5300000042308F400B2402244410182800545C2
:10F540008280E147A30AF50083270511C9CB411149
:10F5500022C406C641472381E700034745072A84A2
:10F5600093058506A381E7000347550731462382AB
:10F57000E70003476507A382E70003576507218378
:10F580002383E7000347A505A383E7000357A505E9
:10F5900021832384E7000347C505A384E7000347CD
:10F5A000D5052385E70003574506A385E7000347F4
:10F5B00065062386E700035765061385E700218368
:10F5C000A386E7009710FE1FE780E01F9307400423
:10F5D0002308F400B24022440145410182800545E0
:10F5E0008280411106C6AD47A30AF50083270511A5
:10F5F000130790029305D5172381E7001385370081
:10F6000029469710FE1FE780001CB24001454101CA
:10F61000828083254511411126C206C622C483C7B4
:10F62000450003C735000568A207D98F1387A7FFD8
:10F63000420741839306A8C7F94463E2E60C03C777
:10F64000650083C65500130808C82207558FF94482
:10F650006367E80A6365F70A03C6850083C6750019
:10F660002206558E9306301F63EBC60883C6A5009D
:10F6700083C89500A206B3E616016362D808130892
:10F6800016003308F80293983600635A180783C8A7
:10F69000B5001398080113580801638408006360DB
:10F6A00007078358A5038144639D1701631BF70077
:10F6B0008358C5036397C8008354E503958C93B4BE
:10F6C0001400231DC504231AF506231BE506231E7B
:10F6D000D5042312050783C7D50003C7C5002A84B4
:10F6E000A207D98F2313F5063146B9051305850600
:10F6F0009710FE1FE780200D9147A30EF400B24043
:10F7000022442685924441018280411122C406C6CA
:10F710008547A30AF5002A8483453515032705117B
:10F7200003454515854693176500CD8F2301F700E6
:10F73000ED47A301F7008347C4000346241593E770
:10F7400007022306F400EF10707493077006230875
:10F75000F400B240224401454101828083274511D3
:10F760001303000E03C6470003C737002206598E55
:10F77000130756FE420741836367E30683C66700AB
:10F7800003C757001168A206D98E138786EB42077C
:10F790004183130888146368E80403C7870083C89B
:10F7A0007700220733671701930857FEC20893D8E2
:10F7B0000801636A130383C8970083C7A700A207E1
:10F7C000B3E71701938887EBC20893D80801636CED
:10F7D0001801231EC51A231FD51A2310E51C231157
:10F7E000F51C6FB06069054582808346B50005470A
:10F7F000AA8705456395E60C83C667013147054531
:10F80000639FE60A03A7471183463700A38AD704FC
:10F810008346570003464700A206D18E239BD70498
:10F820008345770083466700A205D58D239CB704E6
:10F8300003469700834687002206558E239DC70402
:10F840008346B7000345A700A206C98E239ED704AE
:10F850000345C7000347D7002207498F03D5A703F5
:10F86000239FE7040147631BB50083D5C703639754
:10F87000C50003D7E703158F133717002391E70659
:10F8800003C70701930600046304D70293064004EC
:10F890006315D70005472388E70003C7170195467E
:10F8A000A38ED700136717F8A388E700014582806D
:10F8B00003C7A702136717002385E702E1BF828011
:10F8C000034765018947631DF7008327451183C7F7
:10F8D0003700230AF504F5472308F5000145828027
:10F8E0001D4582808347B5002A87D9EB8346650191
:10F8F000B54705456397F60883460701930700025D
:10F900006391F60883274711014583C6570003C654
:10F910004700A2064206B29603C66700B29603C627
:10F9200037006206B2962320D70C83C6970003C621
:10F930008700A2064206B29603C6A700B29603C687
:10F9400077006206B296232ED70A83C6C70003C685
:10F95000D700A2064206B29603C6B70083C7E700E7
:10F96000B296E207B6972320F70E8347170193E775
:10F970008700A308F700930730022308F70082806E
:10F98000054582808347B5009DE3034765018547B0
:10F99000631DF70083460501130730026397E600F5
:10F9A0009307C0022308F50081473E858280854782
:10F9B000EDBF834665010547AA870545639CE602BE
:10F9C00003C707019306B002631AD7001307E002CA
:10F9D0002388E700A3850702014582809306D002B1
:10F9E00005456319D7001307E002A38507022388A2
:10F9F000E700DDB78280034765018947631EF7048E
:10FA0000E947A305F50283274511394783C7370026
:10FA10006392E7020347050193070003631EF702A1
:10FA20008327050A93E707022320F50A8547230861
:10FA3000F500B9A03D476393E7028327851003478C
:10FA40000501F59B2324F510930700046316F700C6
:10FA5000930760042308F5000145828049476398B5
:10FA6000E702034705019307A004E317F7FE854764
:10FA70002308F5008347A50293E717002305F50245
:10FA80008347150193E707F8A308F500F1B751473D
:10FA90006392E7020347050193070005E31EF7FAA7
:10FAA00085472308F5008327050A93E707102320DD
:10FAB000F50AF9B75947639DE70003470501930726
:10FAC0005005E31BF7F88327050A93E70720A9BF32
:10FAD0006947639FE7000347050193075006E31D4D
:10FAE000F7F68327050A056713070780D98F2DBF0F
:10FAF0007147E383E7F67547639CE7000347050119
:10FB000093075007E31AF7F48327050A2167F9BF23
:10FB100013073002E392E7F4034705019307500807
:10FB2000A9B70347B50085476311F702034765018D
:10FB3000631BF700034705016317F7009307600392
:10FB40002308F50081473E8582808547EDBF8346C7
:10FB500065010547AA8705456393E60603C70701C4
:10FB6000930670036315D70203C7A7022386070411
:10FB70009376070499C61377F7FB1367070123856C
:10FB8000E702130780032388E7000145828093067C
:10FB9000500305456315D702130780032388E70048
:10FBA00003C7A7022386070401459376070481CA89
:10FBB0001377F7FB136707012385E70282808280B2
:10FBC000034765019947631EF708032745118347DB
:10FBD0003700A307F5048347570083464700A20771
:10FBE000D58F2318F50483477700834667001307F2
:10FBF000A003A207D58F834605012319F504834787
:10FC0000E5026395E604858B99CB8327050AA30556
:10FC100005022307050293E707042320F50A83471B
:10FC2000A50293E717002305F50285472308F50091
:10FC30008347150193E707F8A308F5008347E5021A
:10FC400093F7F7FB2307F50201458280E207E1877E
:10FC5000E3D007FE8327450A93E707042322F50A2A
:10FC6000C1BF054582800347650189476304F700EA
:10FC700005458280832745111307000483C7370099
:10FC8000A305F5028347050193F6B70F6397E600D6
:10FC9000930750042308F50025A01307500563932C
:10FCA000E7028327050A93E707202320F50A854703
:10FCB0002308F5008347150193E707F8A308F5002B
:10FCC00001458280130750066395E7009307A0065D
:10FCD000D1B713075008639CE70085472308F50058
:10FCE0008347A50293E717002305F502E1B7034711
:10FCF000B5003DFF130700026386E70013073002DB
:10FD00006395E7009307600271B71307A007E391BB
:10FD1000E7F6930710F8BDBF834665010547AA873C
:10FD200005456394E60403A787100545418B15CF6D
:10FD300003C707016318A7001307B0042388E7006F
:10FD4000014582801306A004631AC70003C7A702F7
:10FD50002388D700136717002385E70203A7870AC4
:10FD60001367070423A4E70AE1BF82808346650185
:10FD70000547AA8705456393E60283C60701130773
:10FD8000A0040545639CE60003C7A7022388A700DB
:10FD90000145136717002385E702828082800347AD
:10FDA00065018D47631FF718834715018D8B91EB14
:10FDB000834605012147938706FC93F7F70F63619C
:10FDC000F702D9472306F5029307A002A305F5021F
:10FDD0008327850A93E727002324F50A01458280BB
:10FDE0008347B50003264511639007149307500518
:10FDF0006398F600D9472306F50293073002F9B756
:10FE00009767FE1F938707058345460003C7A7032F
:10FE100083C7B703834865146D8F2305E514034634
:10FE20003600F18F0546A305F51433161601631449
:10FE3000C70023050514034875148545B3950501CE
:10FE40006394B700A30505140347A5148347B514AD
:10FE50005DCFD9CB93752700B1C113F627001DCE16
:10FE6000930720202315F5140347A5148547B3975E
:10FE700017016314F700230505140347B5148547DC
:10FE8000B39707016314F700A3050514854763982A
:10FE9000F608930760052308F50089B71376470035
:10FEA00001CA13F3470063050300930740405DBF99
:10FEB000058B19C713F7170001C7930710105DB71B
:10FEC000094781E5114711E205472305E51413F7BA
:10FED000270009C78947A305F51479B7918B99C302
:10FEE0009147D5BF8547C5BFB3570741858B81C7AC
:10FEF0002305B51495BF9377270089C78947230544
:10FF0000F5149DB7118B91477DFB8547CDBFA9DFC8
:10FF100033D71741058B45DFA305C514B1B7832738
:10FF2000850A93E707104DBD85476397F600834721
:10FF30004600A305F514B1BF8327850A93E7072080
:10FF400061BD05458280834665010D47AA87054549
:10FF50006394E61483C60701130750050545639DA6
:10FF6000E61203C7B7006319071283C6471403C715
:10FF7000571403A6471133F5E6008345460019EDF3
:10FF80006396B60003453600630AE500239507141F
:10FF9000130770052388E70001458280ED8E2385D5
:10FFA000D7140346360003C86714718F0546A3852E
:10FFB000E714331606016394C6002385071403C5AE
:10FFC00077148545B395A5006314B700A38507147E
:10FFD00083C6A71403C7B714C5CA41C793F5260043
:10FFE0009DC91376270005CA130720202395E7141F
:10FFF00083C6A7140547331707016394E6002385DA
:020000040002F8
:10000000071483C6B71405473317A700E392E6F831
:10001000A3850714B5BF13F6460001CA93784700BD
:100020006385080013074040D1B7858A99C6937647
:10003000170081C61307101055BF894681E5914608
:1000400011E285462385D7149376270089C6094790
:10005000A385E71471BF118B19C31147D5BF05479D
:10006000C5BF33D7A640058B01C72385B71449B751
:1000700013F7260009C709472385E71495BF918A1E
:100080001147FDFA0547CDBF25D7B3560741858AED
:10009000C5DEA385C714A9BF82808346B500054786
:1000A000AA870545639FE60683C667011547054590
:1000B0006399E60603C70701930650056306D70058
:1000C00093068005631FD70403C7A70283A54711C2
:1000D000136717002385E70203C645001147636EC7
:1000E000C70083C63500636AD7001307F6FF138580
:1000F000F6FF718F758D498F11C705472388E7007B
:100100000145828003C7650003C555002385C714D8
:100110002207498F2396E714A385D7141307A00558
:10012000F1BF82808347B50095E3834665010D47A3
:100130008547639BE600034705016317F7009307B4
:1001400010062308F50081473E8582808547EDBF74
:100150000347650189476310F706832745119765B3
:10016000FE1F83C5C5D383C7370013F6F70113D726
:1001700067009767FE1F83C777D263EAC70083468D
:10018000E514A18A89C6B3D6E540858A9DE6E9478C
:100190002306F5028547B397E700ED8F8D8B7947EE
:1001A00099C3130700028327850AA305E50293E795
:1001B00027002324F50A05458280230AE514034716
:1001C0000501A309C51485476318F7009307600666
:1001D0002308F500014582808327850A93E70740BD
:1001E0002324F50AC5BF034765018947631CF7024D
:1001F000832745110347050183C737002308F5020C
:1002000085476318F700930760072308F500014549
:1002100082808327850A056713070780D98F2324E7
:10022000F50AF5B705458280834665010947AA8727
:100230000545639FE60283C6070113075007014582
:100240006398E60203A74711A16603473700238896
:10025000E70203A7070A558F23A0E70A054723886B
:10026000E70003C71701136707F8A388E700828038
:100270008280834665011547AA8705456399E60C88
:1002800083C607011307500805456392E60C03A7D0
:10029000471183463700A38DD71483064700A382F6
:1002A000D716030657002380C7160347670023822B
:1002B000E71603C7871593754700B5CD8946A38C0C
:1002C000D71483A6070AC1656D9BCD8E23A0D70ADC
:1002D000238CE71403C7A7169376170085C29306ED
:1002E000F0076306D600136727002385E71603A7E8
:1002F000070AB7060200558F23A0E70A1767FE1FFB
:10030000130747B5034737000145A387E70203C733
:100310004703A380E71605472388E70003C7A70222
:10032000136717002385E70203C71701136707F850
:10033000A388E7008280098B51DFC9DE03A7070A83
:10034000C166A38CA714558F23A0E70A61B78280EA
:10035000834665011547AA8705456390E60A83A68B
:100360004711014503C636001377060F59E7176793
:10037000FE1F0347F7B1718F49C303C766001148D9
:100380002380E716838556000147A382B71613051D
:1003900017003357E640058B9378F50F15CF238D63
:1003A000171503C74600A38DE71403C78715937677
:1003B00047009DC68946A38CD71483A6070A4166C9
:1003C0006D9BD18E23A0D70A238CE71403C7470364
:1003D0000145A380E71682802A87E31A05FBD1B77F
:1003E000098B6DD7E5D50547A38CE71403A7070A4A
:1003F000C166558F23A0E70AD1BF8280834665017D
:100400001147AA8705456393E60A83C5B7000545EA
:10041000639EA50883A6471103C8360063660503DB
:1004200003C74600130510091306B7FF1376F60F2E
:10043000636CC50003C656009306B6FF93F6F60F2D
:100440006364D5006371E6027947A385E702130769
:1004500080022386E70203A7870A01451367270066
:1004600023A4E70A828083A6C710014593F60608F5
:1004700095CE83C647176317B80293E61600238A02
:10048000D7169306000AA38AE7163307D70283D646
:10049000A7033347D70283D6070485063697239BE5
:1004A000E7168280D99A238AD71682808280832792
:1004B0000511E9C72547A30AE50051472381E70055
:1004C0000347451B8355651B0356A51BA381E70006
:1004D0000347551BA382B7002382E70013D785008B
:1004E0002383E7000347851BA383E7000347951B8E
:1004F000A384C7002384E700135786002385E70001
:100500008346751409476386E60203270510931690
:10051000470163C006028566938686842E8763F34F
:10052000B600368742074183A382E70021832383F5
:10053000E7008346651409476386E6020327051032
:100540009316470163C006028566938686843287C8
:1005500063F3C600368742074183A384E700218303
:100560002385E7008347A50293E747002305F502AB
:10057000930700052308F500014582800545828028
:1005800083270511E9CB2547A30AE50055472381B9
:10059000E7000347451B8355651B0356A51BA38135
:1005A000E7000347551BA382B7002382E70013D758
:1005B00085002383E7000347851BA383E7000347E8
:1005C000951BA384C7002384E70013578600238567
:1005D000E7008346751409476380E60285669386C3
:1005E00086842E8763F3B600368742074183A38251
:1005F000E70021832383E70083466514094763806E
:10060000E602856693868684328763F3C600368762
:1006100042074183A384E70021832385E7008347C2
:10062000C507A305050299C78327050A93E70710A5
:100630002320F50A8327450A1397470163580700CB
:100640007D771307F77FF98F2322F50A8547230863
:10065000F500014582800545828003476501AD476D
:100660006318F702411106C68347451783254511D4
:10067000294693E70701230AF5168D051305D517BB
:100680009700FE1FE7802014B2400145410182809F
:10069000054582808347B500EDE7411122C406C6B7
:1006A00003476501E1472A8405456318F70C0347B2
:1006B0000401930700046312F70C832544110565B8
:1006C0009306A5C703C7450083C7350022075D8F82
:1006D0009307A7FFC207C18363ECF60883C76500D1
:1006E00083C65500130505C8A207D58F6362F508B8
:1006F00063E0E70803C6850083C675002206558EB1
:100700009306301F63E6C60683C6A50003C895009E
:10071000A206B3E60601636DD50413051600330582
:10072000E502139836006345A80403C8B500131505
:10073000080141816304080063ECA702231DC4047F
:100740002312A406231AE406231BF406231ED40452
:1007500083C7D50003C7C5003146A207D98F23132D
:10076000F406B905130584069700FE1FE780A0056F
:10077000930770042308F4000145B240224441016C
:10078000828005458280411126C206C622C40347E5
:100790006501E14785446318F704832785102A849F
:1007A0008544898BA9C38347B50063919706EFE021
:1007B0005FE683470401A305A402639797009307AC
:1007C00010042308F40039A8130700046393E70218
:1007D000930710042308F4008347A40293E717004B
:1007E0002305F4028144B24022442685924441010B
:1007F00082808327040A93E727002320F40A834793
:10080000140193E707F8A308F400E9BF8347150133
:100810008D8B99CF9307A002A305F402BD47230651
:10082000F4028327840A93E727002324F40A5DBF98
:100830008347050163979700EFE0BFDDA305A4029E
:10084000BDBF130700026390E702EFE09FDCA30542
:10085000A402814449F98327440A37070080D98FCD
:100860002322F40A49B713070004E39EE7F693072F
:1008700030025DB7411126C206C622C48347B500C7
:100880008544A5E703476501A5478544631FF70431
:100890008327850FA18BB1CB832545112A8421465F
:1008A0008D05130505109700FE1FE780C0F1832713
:1008B0000410B73678089386060DDD8E8327441022
:1008C00013E707018327840FF58F2324F410832770
:1008D000C40FF98F2326F41083470401639D97000A
:1008E000930710032308F4008144B2402244268574
:1008F0009244410182808327840A93E707012324DD
:10090000F40ADDB7411126C206C622C403476501B9
:10091000A5478544631AF7060347050193070003BB
:1009200085446313F706832545112A8421468D05E6
:10093000130505109700FE1FE780E0E883270410E9
:10094000B73678089386060DDD8E8327441023087A
:100950009400A305040213E707018327840F814451
:10096000F58F2324F4108327C40FF98F2326F41066
:100970008327040A93E707022320F40A834714011C
:1009800093E707F8A308F400B24022442685924476
:10099000410182808347B50005476395E70841110F
:1009A00022C406C68346650125472A84054563900F
:1009B000E606034704016310F70683254411214628
:1009C000130504108D059700FE1FE780C0DF832705
:1009D0000410B73678089386060DDD8E8327441001
:1009E00013E707018327840FF58F2324F41083274F
:1009F000C40FF98F2326F410930710032308F40083
:100A000083471401014593E707F8A308F400B240B7
:100A10002244410182808327840A93E7070123242B
:100A2000F40AF9BF054582800347B5008547631C7A
:100A3000F704411122C406C626C203476501A14737
:100A40002A840545631CF70283244411130584128C
:100A50001546938534009700FE1FE780C0D683C7F4
:100A6000940003C784000145A207D98F2317F4120D
:100A70008347140193E727F8A308F400B240224407
:100A8000924441018280054582800347B500854735
:100A90006310F716834665015D47639CE6140111F8
:100AA00026CA8324451122CC21462A84938534000A
:100AB0001305F51806CE9700FE1FE780C0D083C748
:100AC000C40003C7B400A207D98FA30BF418A183F5
:100AD000230CF418EF00DF8C2AC4EF007F8C2AC6A9
:100AE0002C001305841A21469700FE1FE780A0CD35
:100AF00083C7F40003C7E4001305041BA2074207E1
:100B0000BA9703C704012C001146BA9703C7D40053
:100B10006207BA972324F40C83C7340103C7240166
:100B2000A2074207BA9703C74401BA9703C7140143
:100B30006207BA972322F40C0347941A8347A41A36
:100B40004207A207BA970347B41ABA970347841A11
:100B50006207BA972320F40C0347D41A8347E41A98
:100B60004207A207BA970347F41ABA970347C41A71
:100B70006207BA97232EF40AA247374703001307E8
:100B8000D73FB387E70237A72600130737ECBA979A
:100B90003EC49700FE1FE78000C383C7640103C7FC
:100BA0007401A2074207BA9703C75401BA9703C753
:100BB00084016207BA97232EF40C0347241B834752
:100BC000141B4207A207BA970347041BBA970347AF
:100BD000341B6207BA972320F40E930710022308F0
:100BE000F400F24062448147D2443E850561828030
:100BF00085473E858280034765019147631BF71255
:100C0000411126C28324451106C622C403C73400FD
:100C100001CB9307F7FFF98F81E79377070F8DC714
:100C200093070002A305F502930730022306F5029D
:100C30008327850A93E727002324F50AB24022443C
:100C4000924401454101828083C554009306E00728
:100C5000814711466397D500F947E9B7B687638C9A
:100C6000C60093861700B357F740858B93F5F60FB0
:100C7000F5D7230DB514838744002A84B5C3A30E8A
:100C8000F514030535143387A7001375F50F635A60
:100C9000F0008307F41563DAE700898FA30EF414DC
:100CA00029A08307E415E34AF7FE8347D4153E9550
:100CB00062056185212F2301A4145D258347341427
:100CC000A301A414B307F540A30EF414012783472E
:100CD000A415034734142301A414A297A382E71692
:100CE0008307440383062416014763D5F600958FD6
:100CF00013F7F70F230EE41483C7540005472300AE
:100D0000F416834704016397E700930760F823080C
:100D1000F4002DB7130750086396E700FD57230E24
:100D2000F414E5B78327840A0967D98F2324F40ACA
:100D300031B70545828003476501A547631EF70467
:100D4000411122C406C683460501130700052A8403
:100D500085476397E602EFE07FA005E98327040A51
:100D6000A305040293E707102320F40A8347140124
:100D700093E707F8A308F40085472308F4008147A8
:100D8000B24022443E85410182808347A40293E71A
:100D900017002305F402D9BF85473E8582800347AB
:100DA0006501A5476309F700054582800545B24006
:100DB00022444101828083278510411122C406C646
:100DC00093F707022A84FDD3EFE05F998547E30F8D
:100DD000F5FC034704016318F70093071005230887
:100DE000F4000145E9B78327840A93E70708232421
:100DF000F40AC5BF0545828005458280054582808D
:100E000005458280054582800545828005458280B2
:100E1000054582808347C500A30A0500F19B93E73F
:100E200017002306F50003250511133515008280F0
:100E30001757FE1F034737F69547630BF700975781
:100E4000FE1F9387E7F483C777000D47631FF70002
:100E50009757FE1F83C757F4639E071093076010D0
:100E60001757FE1F231AF7F28280411126C29757A7
:100E7000FE1F938727FE938481AC22C4E05F9C40D1
:100E80004AC006C623A20706096798C7194597579F
:100E9000FE1F238107F0EF0030169387C1AB944308
:100EA00037C7898E130767ED98C637575500130764
:100EB0005755D8C2034724029306F00F3E896307B3
:100EC000D700FD57A300E4022301F40203451402F6
:100ED00089476303F5000145984001469305F00FEB
:100EE0005C4393E717005CC3930710FA2305F400F3
:100EF00099471757FE1FA300F7EA9757FE1F23894C
:100F000007E89757FE1F238707E89D2D938701ADBC
:100F10009443DC56F59BDCD68327090003479400F5
:100F20001376F7079843137707F8518F98C317572D
:100F3000FE1FA30107E690401757FE1FA30A07E410
:100F4000054718C298431377F7E798C39843137778
:100F5000F7E71367071098C39C4637073300B24082
:100F6000D98F22449CC69307900D3CCA92440249F3
:100F7000410182808280411106C622C41757FE1F9C
:100F8000034797E19757FE1F938787E001CF975656
:100F9000FE1F83C666E009476396E6001757FE1FEB
:100FA000A30C07DE03C77700A1466387E60003C7EB
:100FB00077009D46639DE60083C777001757FE1FA5
:100FC000230CF7DC85471757FE1FA307F7DCEF005C
:100FD000407B9757FE1F9387E7E7E05F6840231544
:100FE0000400230404009700FE1FE780606391451E
:100FF0002310040423220404232404041755FE1F91
:10100000034535BDEF001F85A1451755FE1F03455C
:1010100055BCEF003F84034514039307F00F6307AB
:10102000F500EF00DF87FD57A308F4020345040332
:101030009307F00F6307F500EF007F86FD57230845
:10104000F402B240224441018280011126CA975421
:10105000FE1F938424E022CC03A4040C4AC84EC68D
:1010600052C456C206CE2A898149130A2500854AF0
:1010700029E89305702531459700FE1FE780E04D74
:101080002A8401453DC0834719001946930529006C
:10109000A300F4001305240097F0FD1FE780A07261
:1010A00083A7040CA1EF9757FE1F23A587E62324EF
:1010B000040083C7C40B85071757FE1F230AF7E4F4
:1010C00025A003471400834719006305F700A28990
:1010D000004479BF1946D2851305240097F0FD1FFF
:1010E000E7806077E31555FF0545F2406244D2443E
:1010F0004249B249224A924A05618280E38909FA4B
:1011000023A489006DB79757FE1F9387A7D403A523
:10111000070C11E99757FE1F23AE07DE9757FE1FF6
:10112000238807DE8280411106C622C4004597004D
:10113000FE1FE780E04E228575F8B24022449757A3
:10114000FE1F23A907DC9757FE1F238307DC4101FD
:1011500082809757FE1F9387E7CF23A0070C238E2B
:10116000070A8280011122CC138481AC184006CE7C
:1011700026CA2EC632C43C4BAA84354593F7F7F7EE
:101180003CCB9D2D184026853C4B93E707083CCB74
:101190002246B2459700FE1FE78080ADF2406244D0
:1011A000D244014505618280138781AC1443BC4A57
:1011B00093F7F7F7BCCA0100010018431605136541
:1011C00005083C4B93E707083CCB938781AB9C43D6
:1011D00003A7450E88C398CB03A7850E0145D8CB3E
:1011E00003A7C50B98CF03A7050CD8CF03A7450CC1
:1011F00098D303A7850CD8D303A7C50C98D703A70A
:10120000050DD8D703A7450D98DB03A7850DD8DBBF
:1012100003A7C50D98C703A7050ED8C79843136742
:10122000070498C38280138781AC1443BC4A93F7A8
:10123000F7F7BCCA0100010018431605136505083D
:101240003C4B93E707083CCB938781AB9C4303A7B8
:10125000C50E88C398CB03A7050F0145D8CB03A7BC
:10126000C50B98CF03A7050CD8CF03A7450C98D37F
:1012700003A7850CD8D303A7C50C98D703A7050DE2
:10128000D8D703A7450D98DB03A7850DD8DB03A7A7
:10129000C50D98C703A7050ED8C798431367070461
:1012A00098C3930700F81757FE1F2306F7AE8280F6
:1012B0001386C1AB1C42B7068000B7150180984366
:1012C000938585E7558F98C39843B7060010558FCF
:1012D00098C31307001DD8DB1757FE1F0347C78CA1
:1012E00093169701CD8ED4D7D457B70500821377C4
:1012F000F703FD15ED8E6607558FD8D737170040D9
:10130000930770052300F704930780FA2300F7047E
:101310009756FE1F83C64689B54763FBD70283579E
:10132000270293E707012311F7021842B7070900C4
:10133000938737081CD337E700E0D147A309F704A8
:101340009707FE1F9387E7BD93E717007CD782803E
:1013500083572702C207C183BD9BC207C183E1B780
:101360009307C00363E2A706130780029547636BE8
:10137000A704714791476367A70459478D47636383
:10138000A70449478947636FA70239478547636BBD
:10139000A702314781476367A7022947FD57636367
:1013A000A7022147F557636FA7001947ED57636BF5
:1013B000A7000D47E1576367A7000547C15763734F
:1013C000A700D1573E8582809947EDBFC55763403E
:1013D000F50655578947634AE504655791476346C3
:1013E000E50471579D476342E5047957A547634E6D
:1013F000E502AD47634B0502B54705C90547BD4743
:101400006305E5020947CD476301E5020D47DD4766
:10141000630DE5001147F5476309E500154793079C
:10142000D0036314E500930790023E8582808547D0
:10143000EDBF938741AC9C4399CB944BD04B9842E2
:10144000518F98C294439C479842D98F9CC29387EE
:10145000C1AB138681AC05489C431757FE1F034759
:10146000C793144263120505884375787D18337558
:10147000050188C3C846F977FD17E98FDCC601006E
:10148000010014428967AD059CC6930700F8175602
:10149000FE1F2301F690939725009305E709BE955B
:1014A0008605ECD2C8C68280757813732500930830
:1014B000F8FF630B030803A8070089050D43337881
:1014C000180189683368180123A0070151781307B0
:1014D000E70B8E057D18631165048843337505019C
:1014E00011683365050188C3C846F977FD17E98F90
:1014F000DCC6010001001C42930600F89385750DBF
:1015000023A417011756FE1F2306D6888605BA9511
:101510008605ECD3C8C7828088433375050188C32C
:10152000C846F977FD17E98FDCC6010001001C42AF
:10153000930600F89385A50423A417011756FE1FF0
:10154000230AD6848E05E1B78843056833751501F3
:101550003365050188C3C846F977FD17E98FDCC6F6
:10156000010001001C428966A90594C7930600F892
:101570001756FE1F2300D6828E051307E70941BFC9
:10158000938741AC9C4389CFD44303A887009842FA
:101590003367070198C2D447DC4B9842D98F9CC26D
:1015A0009387C1AB83C601AC137725009C43858A22
:1015B00025CB984375757D15698F0965498F98C34B
:1015C000370709001307670898D3372730084517EE
:1015D000D8CB371703001307976198CF0D67130710
:1015E000E78D98D73767000113070731D8D385C631
:1015F00037A73F001307F74D9E0598CB93854536D7
:101600009747FE1F23ACB77811C606069747FE1F03
:1016100023A6C7788280372737001307F72DE9BF45
:10162000370709001307370898D33727100813071F
:101630001790D8CB371703001307476298CF0D6771
:101640001307E78B98D73767000113070731D8D303
:1016500085C637A73F001307E72C98CB757793060D
:10166000F7FF984305489505758F631C050198C3DE
:101670008E059385C50369B7372737001307072DF4
:10168000E9BF8566558F98C39205E5B711C937172D
:101690000040835787012168B3E70701231CF70047
:1016A0008E059747FE1F238AB76E9387C1AB22062C
:1016B0009C43498E4D8EB70510004D8EF0D3F853E4
:1016C00013674700F8D3984391C6B7060020558F9B
:1016D00098C38280B70600E0FD16758FD5BF411113
:1016E00006C61747FE1F0347276BA1476310F70481
:1016F0009747FE1F83C7876B858B1746FE1F0346E0
:10170000166D9746FE1F83C6866CB5C79747FE1FAA
:101710009387C76BC84325C1834515000905192563
:1017200011C585471747FE1FA308F7661747FE1F19
:10173000034787669947631CF7009747FE1F938707
:101740006771FC5F83C7B70095CBEFF06FEE17476B
:10175000FE1F034767649D476312F7029747FE1F0A
:101760009387476F83A7070983C7770081CBB24070
:1017700041016FB0F0218145014555B7B2404101AB
:101780008280138781AC1C43B44BE19AB4CB944361
:1017900093E6860094C39C438D83858B89C70100A3
:1017A0000100010001009387C1AB94439C4293F771
:1017B000F7E793E707089CC2938701AD9043B7060C
:1017C000CEFFFD161C46F58F1CC61C4313070008F0
:1017D000B8CB938741AC9C4399CBD4439047984274
:1017E000518F98C2944BDC4B9842D98F9CC297473B
:1017F000FE1FA382075A8280938781AC9C439C433F
:101800008D8BF9CB411122C426C206C61747FE1F95
:10181000034777588D47AA841744FE1F1304445783
:10182000631BF7009747FE1F938747589C4B014661
:1018300081454545829719476392E4049747FE1F07
:1018400083C7975599CB9747FE1F83C7E754639685
:1018500097009747FE1FA3810754834774002147D1
:101860006318F700930780101747FE1F2316F752DF
:101870002244B240924441016FF0BFF09D47639F04
:10188000F4009747FE1F83C73751E1DB1747FE1F60
:10189000034787508D47E312F7FC65BF834674000A
:1018A000630BD700034774006387E7008347740026
:1018B0002147E31FF7FA9747FE1F83C7F74DCDFB7C
:1018C000834774001747FE1F2308F74C85471747C7
:1018D000FE1FA303F74C69BF8280011122CC2A842A
:1018E00011452EC632C436C206CEEFF0FFF0938704
:1018F000C1AB9C43B7083300D857719B13671700DF
:10190000D8D7138781AC08431307000A78D19843CE
:101910001377F7E798C398431377F7E71367071030
:1019200098C3138701AD1843B24592460328870038
:10193000224633681801232407011308A00D232829
:101940000505C9CD4C5713640404F5994CD713779A
:10195000F4078043137404F8598C3747767180C3B9
:101960001307971298C73757550013075755174451
:10197000FE1F1304E441D8C35C48B6853CD99747A1
:10198000FE1F238807409747FE1FA38407405C4142
:10199000F99B5CC1914701451747FE1FA30DF73E18
:1019A00097F0FD1FE780006A938741AC984311C709
:1019B000544318479C42D98F9CC283473400858B7F
:1019C00091CB9747FE1F83D7674985071747FE1FAF
:1019D0002316F748F2406244056182804C57F5991E
:1019E0004CD71377F4078043137404F8598C37C726
:1019F000898E80C3130767EDB5B7011126CA4AC89F
:101A00004EC6C1643709006AB70900AC22CC52C483
:101A100006CE0544FD141309690E9389E90C130AD7
:101A2000000205E49305000F4145EF00EFB1B7B7A1
:101A3000006A4205938767CE5D8DF2406244D244CE
:101A40004249B249224A05618280A6850145EF00DC
:101A5000EFB19317850013F7071033E5270119C37A
:101A600033E5370181470147E145B356F500850766
:101A70003356F500858A058A6307D6000507137774
:101A8000F70F63E4E504E39247FF81471306F00391
:101A9000ED463357F5001377F70305CB6307C7020D
:101AA0008507E398D7FE135785009377F50F1377D3
:101AB000F70FE394E7F8135705011377F70FE39E49
:101AC000E7F613578501E39AE7F605041374F40F5C
:101AD00089BF1747FE1F0347172CA5476303F70C61
:101AE0009747FE1F9387C72A83C777001147630A6A
:101AF000F70A938781AB9843B7C7004093870730B5
:101B00006311F70A4111354506C622C426C24AC0F0
:101B1000EFF09FCE1389C1ABED289D29EFF04FF96F
:101B200083270900F576FD169843938401AD13844D
:101B300081AC758F98C39843B70633001377F7E7E6
:101B400098C398431377F7E71367071098C3984033
:101B50001C47D58F1CC71C401307D00DB8CB9D2543
:101B6000EF104036792B2525032709001C4393F7F6
:101B7000F7E793E707081CC394403707CEFF7D17AC
:101B80009C46B2409244F98F9CC61C401307000843
:101B90002244B8CB9747FE1FA38F071E024941017D
:101BA00082808280238001AC23A201ACB7C70040B1
:101BB0001387073023ACE1AA1387072023A4E1ACE5
:101BC0009387071037D70040411123A8E1AC23AE1B
:101BD000F1AA06C61747FE1F1307871B8547A303F5
:101BE000F7009747FE1F9387E7FA9C431CCF938724
:101BF00007115CCBEFF0FFEDB7E700E0370710000F
:101C0000B24023A0E7103707200023A0E7104101CE
:101C10008280938781AC9C431307C00893066007BA
:101C2000D8CBD4CFD8D31306C003D0D7D8DBD0DFDE
:101C3000F8C31747FE1F1307A715184FF4C7F8DBA3
:101C400041677D1798C73D673D07D8C737E700E074
:101C5000D5472309F7049707FE1F9387478893E723
:101C600017003CD78280938701AD98431746FE1F2B
:101C70001306C6139387C1AB94438347160013F82A
:101C8000F707D9C588425C42137505F8336505012D
:101C900088C213F5150001C993F505034145639604
:101CA000A506938707834C574168130808A093E55E
:101CB00025004CD7B3D50703B70810FEFD18B3F7BE
:101CC0000703FD89139545016C43B3F51501C98DD3
:101CD0006CC39305A00F3705FCFFAA07B3D7B70263
:101CE0006C43E98DBA07B983CD8F7CC38347060067
:101CF000898B99CB9C4293F7F70713E707049C4223
:101D000093F707F8D98F9CC28280938787C161BF00
:101D10005C57F59B5CD79C4293F707F8B3E7070144
:101D20009CC2E9B79747FE1F9387C71283A7470A4C
:101D300085C3054582800545B2502254925402590C
:101D4000F249624AD24A424BB24B224C45618280F0
:101D500079714AD01749FE1F130949058327890065
:101D600006D622D426D24ECE52CC56CA5AC85EC609
:101D700062C4F1D3138481AC1C4098430D8B05C31E
:101D8000B84B619BB8CB98431367870098C39C43BB
:101D90008D83858B89C70100010001000100138C30
:101DA000C1AB03270C00138A01AD368B1C43B70669
:101DB0003300B28B93F7F7E71CC31C43AE89AA8AA2
:101DC00093F7F7E793E707101CC303270A0097442C
:101DD000FE1F9384A4FF1C47D58F1CC71C4013070C
:101DE000900DB8CB9747FE1F83C707FF918B89EBF8
:101DF0009745FE1F83C585FB93F705046398071479
:101E000081451745FE1F034575FAEFF0DFE51745DD
:101E1000FE1F0345A5F9118501469745FE1F83C5A1
:101E2000A5FA0D89EFF0CFF503270A005C4393F77D
:101E3000F7EF5CC301000100010001000100010097
:101E40000100010003270A005C4393E707105CC30D
:101E500083270C000327890098C70327C900D8C32C
:101E600018408347090093F617005C43F99BD58F10
:101E70005CC39747FE1FA38C77F59747FE1F238807
:101E800067F55C43858BA9CFDC4085E31745FE1FD2
:101E9000034595F393059004090597F0FD1FE7802E
:101EA000C06B9747FE1F23A5A7F2DC40E38507E838
:101EB0001747FE1F0347A7F12380E700DC40638E2E
:101EC0000A08638C0908A3803701C8404E86D6856E
:101ED000090597F0FD1FE780008F1C40D840B8DB54
:101EE0003545EFF07F9183C7E40093E7470017473C
:101EF000FE1F2304F7EE930700041747FE1F230974
:101F0000F7E89747FE1F238707E8A1471747FE1FFB
:101F1000A303F7E89747FE1F9387C7C79C5791CB4A
:101F200013060064C1451745FE1F034525EBEFF07E
:101F3000EEF09747FE1FA38F07E49747FE1FA38984
:101F400007E41C400547014598C3FDB393F505031D
:101F500093E51500032549004DBDA3800700B5BFDB
:101F6000938701AD9443056713071710D8C65147EF
:101F700001007D1775FF9843232607005147010094
:101F80007D1775FF98438567938717105CC782801C
:101F9000411106C6EFF0DFFC938701AD9C431307A8
:101FA00000483703009098D7B8477D13370E0020BC
:101FB000337767003367C701B8C7B847B70600F97A
:101FC000FD16758F37060004518FB8C7B84737061E
:101FD000F9FF7D16419B13679700B8C7B847B7084C
:101FE0000080B70E0002718FB8C7B847370600FFF0
:101FF0007D1633671701B8C7F84745757D1E619B8D
:1020000013673700F8C7F8471377F7F81367070324
:10201000F8C7EC4793F5F58F93E50530ECC7F84723
:10202000718FF8C7F84711663367D701F8C703A85F
:1020300007051307F5FF7D753378E8003368C8009E
:1020400023A8070503A847057D15137808FF136823
:10205000C80023AA0705F04B13660608F0CBF04B27
:10206000698EF0CBC85F798D2167598DC8DFCC5F51
:1020700037070040F58DB3E5D501CCDFD05FB7055C
:1020800070003376C601598ED0DFD05709674D8E68
:10209000D0D7D057F18ED4D7D45775767D16F18E20
:1020A000D98ED4D7D4573706FDFF7D1637070200E7
:1020B000F18ED98ED4D7945BC19A94DB945B93F65E
:1020C000F6F094DB945B93F6F68F94DB985BB7069F
:1020D00000504D8F98DB985B33776700558F98DB06
:1020E000985FB70608FFFD16758FB7068800558FF5
:1020F00098DF985FB368170123AC1703B240410122
:102100008280138701AD1C4341767D16B44BF18E5E
:10211000B4CB944737062000D18E94C7D44793E6BA
:102120000601D4C7D447BD9AD4C7010001000100FD
:10213000010014430566DC4693E70701DCC6DC4278
:10214000D18FDCC2938781AC9043930700057CD28A
:102150007C5291C783A7C609A183858BF5DB01005B
:102160000100010001001C43416603A7C709B44BED
:10217000D18EB4CB9376F701B84B019B558FB8CB7A
:102180009847B706E0FFFD16758F98C78280938742
:1021900001AD9C4341777D17B44F4166F98EB4CFB2
:1021A0009447D18E94C7D44793F6F6EFD4C7D4435F
:1021B000758FD8C3D44793E60610D4C7D843518F40
:1021C000D8C38280397122DC138401AD1C4006DE45
:1021D00026DA4AD84ED652D456D25AD05ECE62CCE7
:1021E00066CA6AC86EC6D843FD76FD161377F7EF48
:1021F000D8C39857758F98D7D857B70602003D9B1C
:10220000D8D79847558F98C7D84313670701D8C3C5
:102210001387C1AC14433757341213078767E38F12
:10222000E648D84381749384F40F799BD8C3985FB0
:10223000B166938606F0658F558F98DFD843136794
:102240001700D8C397F0FD1FE780002E1C4003A79E
:1022500007091377F703238AE1AC03A7470929830A
:102260001377F707A38BE1ACD843B9669386067062
:10227000799BD8C3985F658F558F98DFD8431367D4
:102280001700D8C397F0FD1FE780002A1C4003A762
:1022900007091377F703238BE1AC03A747092983C9
:1022A0001377F707A38CE1ACD843B5669386063065
:1022B000799BD8C3985F658F558F98DFD843136794
:1022C0001700D8C397F0FD1FE7800026184083272A
:1022D000070993F7F703A38AF1AC83274709A9837A
:1022E00093F7F707238CF1AC1C4003CC51AD83C6A8
:1022F00041AD03A7070AB386864113F6F600419B5A
:10230000518F23A0E70A130760023387E602130602
:10231000700283A5070A7D7E130EFE0F93F5F5F07C
:102320001305400245737D13130430023347C7027F
:10233000B708F1FFFD1813082002930E10027D4F1D
:10234000F94FF542F1436D4DD14B454BBD443949F1
:10235000314AAD4AB5493D8B12074D8F9305500266
:1023600023A0E70A3387B60283A5070AB3F5C501A0
:102370003347C7023D8B22074D8F23A0E70A3387DF
:10238000A60283A5070A370500F17D15B3F56500A0
:102390003347C7023D8B32074D8F23A0E70A3387AF
:1023A000860283A5070A6144B3F515013347C702C6
:1023B0003D8B42074D8F23A0E70A3387060383A591
:1023C000070A370810FF7D18B3F505013347C70228
:1023D0003D8B52074D8F23A0E70A3387D60383A591
:1023E000070AB70E0010FD1EE98D3347C7023D8B6B
:1023F00062074D8F23A0E70A139756003347C702A1
:102400009315C70103A7070A3377D7014D8F23A080
:10241000E70A3387E6035D4F3347C7029375F7003A
:1024200003A7470A419B4D8F23A2E70A3387F60390
:1024300083A5470AD94F93F5F5F03347C7023D8B83
:1024400012074D8F23A2E70A3387560283A5470A56
:10245000D542B3F5C5013347C7023D8B22074D8FE7
:1024600023A2E70A3387760283A5470ACD43B3F553
:1024700065003347C7023D8B32074D8F23A2E70A21
:102480003387A60383A5470A494DB3F515013347A2
:10249000C7023D8B42074D8F23A2E70A6947338766
:1024A000E60283A5470AB3F505013347C7023D8B12
:1024B00052074D8FE54523A2E70A3387B60283A56D
:1024C000470AE98D3347C7023D8B62074D8F23A230
:1024D000E70A338786020D443347C7029315C701C5
:1024E00003A7470A3377D7014D8F23A2E70A338723
:1024F000E603254F3347C7029375F70003A7870A02
:10250000419B4D8F23A4E70A3387F60383A5870AEF
:102510009D4F93F5F5F03347C7023D8B12074D8F62
:1025200023A4E70A3387560283A5870A9942B3F5A5
:10253000C5013347C7023D8B22074D8F23A4E70A0D
:102540003387760383A5870AB3F565003347C7024F
:102550003D8B32074D8F23A4E70A3387760283A58C
:10256000870A9543B3F515013347C7023D8B4207F0
:102570004D8F23A4E70A3387A60383A5870A294D35
:10258000B3F505013347C7023D8B52074D8F23A496
:10259000E70A3387660383A5870AE98D3347C702B5
:1025A0003D8B62074D8F93954600B3C5C50223A4AA
:1025B000E70A03A7870A3377D701F2054D8FB38562
:1025C000960223A4E70A03A7C70A419BB3C5C50225
:1025D000BD894D8F23A6E70A3387260383A5C70A43
:1025E00093F5F5F03347C7023D8B12074D8FB3C506
:1025F000860223A6E70A03A7C70A3377C701BD8966
:10260000A2054D8F23A6E70A3387460383A5C70A91
:10261000B3F565003347C7023D8B32074D8F23A6C4
:10262000E70A3387560383A5C70AB3F51501334775
:10263000C7023D8B42074D8F23A6E70A3387A603C7
:1026400083A5C70AB3F505013347C7023D8B52077F
:102650004D8F23A6E70A3387E60383A5C70AE98DD2
:102660003347C7023D8B62074D8F93953600B3C544
:10267000C50223A6E70A03A7C70A3377D701F205E5
:102680004D8FB385F60323A6E70A03A7070B419BEB
:10269000B3C5C502BD894D8F23A8E70A338756020B
:1026A00083A5070B93F5F5F03347C7023D8B12075F
:1026B0004D8F23A8E70A3387760283A5070BB3F56E
:1026C000C5013347C7023D8B22074D8F23A8E70A78
:1026D000139726003347C70283A5070BB3F56500A0
:1026E0003D8B32074D8FB3C5360323A8E70A03A7F6
:1026F000070B33771701BD89C2054D8F23A8E70A61
:10270000139716003347C70283A5070BB3F50501DE
:102710003D8B52074D8FB3C5C60223A8E70A03A716
:10272000070B698FBD89E2054D8F23A8E70A03A730
:10273000070B930580023377D70123A8E70A03C765
:1027400061AD3307EC40B34DB70283AC470B93FC4C
:102750000CFFB34B770393FDFD00B3ECBC0123AA40
:10276000970B83AC470BCD4D93FCFCF093FBFB0028
:10277000920BB3EB7C0123AA770BB30B870283ACDC
:10278000470BB3FCCC01B3CBBB0293FBFB00A20B0A
:10279000B3EB7C01B34CA70323AA770B83AB470BA6
:1027A000B3FB6B0093FCFC00B20CB3EB9B0123AAC0
:1027B000770BA14BB34B770383AC470BB3FC1C01E6
:1027C00093FBFB00C20BB3EB7C0123AA770BB30B8B
:1027D000570283AC470BB3FC0C01B3CBBB0293FB9A
:1027E000FB00D20BB3EB7C0123AA770BB30BF703EF
:1027F00083AC470BB3FCAC00B3CBBB0293FBFB0039
:10280000E20BB3EB7C01B34C770223AA770B83ABCB
:10281000470BB3FBDB01F20CB3EB9B01B30CE703FB
:1028200023AA770B83AB870B93FB0BFFB3CCBC02C4
:10283000B30A570393FCFC00B3EB9B0123AC770B6B
:10284000914B83AC870B93FCFCF0B34B7703330ABB
:10285000470393FBFB00920BB3EB7C0123AC770B9C
:1028600083AB870BD54CB3FBCB01B3CABA02B30918
:10287000370393FAFA00A20AB3EA5B0123AC570BC1
:1028800083AA870BD94BB3FA6A00334ABA023309D9
:102890002703137AFA00320A33EA4A0123AC470BC2
:1028A00003AA870BE14A337A1A01B3C9B902B30408
:1028B000970293F9F900C209B3693A0123AC370BC7
:1028C00083A9870B654AB3F909013349B902B3C437
:1028D000B4021379F900520933E9290123AC270B1B
:1028E00003A9870BE9493379A900330B6703BD8836
:1028F000E204B36499001319470023AC970A83A438
:10290000870BB3F4D4013349B902334BBB027209CC
:10291000B3E4240123AC970A83A4C70BC198137BAB
:10292000FB0033EB6401C944B304970223AE670B89
:1029300003A9C70B5D4B1379F9F0B3C4B402BD888A
:102940009204B364990023AE970AB304B70303A9B2
:10295000C70BF54D3379C901B3C4B402BD88A204D5
:10296000B364990023AE970A8944B344970203A93C
:10297000C70B33796900BD88B204B364990023AEF4
:10298000970AB304970303A9C70BF94C33791901CC
:10299000B3C4B402BD88C204B364990023AE970ADD
:1029A000B304770303A9C70BFD4B33790901B3C403
:1029B000B402BD88D204B364990023AE970AB3046D
:1029C000670303A9C70B130B10023379A900B3C423
:1029D000B402BD88E204B364990023AE970AB3043D
:1029E000570303A9C70B930A20023379D901B3C453
:1029F000B402F204B364990023AE970AB304470308
:102A000003A9070C130A3002137909FFB3C4B402F7
:102A1000BD88B364990023A0970CB304370303A9BE
:102A2000070C930940021379F9F0B3C4B402BD88CE
:102A30009204B36499006D4923A0970CB304270353
:102A400003A9070C3379C901B3C4B402BD88A20439
:102A5000B364990023A0970CF144B304970203A92F
:102A6000070C33796900B3C4B402BD88B204B364FF
:102A7000990023A0970CB304B70303A9070C33797B
:102A80001901B3C4B402BD88C204B364990023A081
:102A9000970CB304970303A9070C33790901B3C456
:102AA000B402BD88D204B364990023A0970CB30488
:102AB000770303A9070C3379A900B3C4B402BD8816
:102AC000E204B364990023A0970C93145700B3C495
:102AD000B4021399C40183A4070C3306C702B3F4EC
:102AE000D401B3E4240123A0970C03A9470C137964
:102AF00009FFB3046703B3C4B402BD88B36499008B
:102B000023A2970CB304570303A9470C1379F9F0D8
:102B1000B3C4B402BD889204B364990023A2970C95
:102B2000B304470303A9470C3379C901B3C4B40202
:102B3000BD88A204B364990023A2970CB3043703A1
:102B400003A9470C33796900B3C4B402BD88B20449
:102B5000B36499001309500223A2970CB30427030E
:102B600003A9470C33791901B3C4B402BD88C20468
:102B7000B364990023A2970C93046002B3049702F4
:102B800003A9470C33790901B3C4B4023346B60232
:102B9000BD88D204B364990023A2970C83A4470C88
:102BA000E98C3D8A6206458E23A2C70C03A6470C1A
:102BB0009314C7013376D601458E23A2C70C1306A2
:102BC00090023306C70283A4870CC1983346B6022D
:102BD0003D8A458E23A4C70C1306A0023306C70204
:102BE000B345B60203A6870C1376F6F0BD899205AD
:102BF000D18D23A4B70C83C581AD03C691AD3386B7
:102C0000C540B304A60303A9870C3379C901B3C433
:102C1000E40293E48400BD88A204B364990023A471
:102C2000970CB304E60303A9870C33796900B3C496
:102C3000E40293E48400BD88B204B364990023A441
:102C4000970C93143600B3C4E40203A9870C3379BC
:102C5000190193E48400BD88C204B364990023A4DD
:102C6000970CB304F60303A9870C33790901B3C4A5
:102C7000E40293E48400BD88D204B364990023A4E1
:102C8000970CB304560203A9870C3379A900B3C487
:102C9000E40293E48400BD88E204B364990023A4B1
:102CA000970CB304760203A9870C3379D901B3C416
:102CB000E40293E48400F204B364990023A4970C23
:102CC00093142600B3C4E40203A9C70C137909FFC7
:102CD00093E48400BD88B364990023A6970CB304E1
:102CE000860203A9C70C1379F9F0B3C4E40293E494
:102CF0008400BD889204B364990023A6970C9314B2
:102D00001600B3C4E40203A9C70C3379C9013347E1
:102D1000E60293E48400BD88A204B364990023A66C
:102D2000970C03A6C70C33766600136787003D8BAC
:102D30003207518F23A6E70C03A7C70C337717017F
:102D400023A6E70C03C771AD0D8F3346D70293F569
:102D5000F507E2053D8A9314460103A6C70C330428
:102D6000870233760601458E23A6C70C131617007B
:102D700083A4C70CE98C3346D6023D8A6206458E91
:102D800023A6C70C03A6C70C3344D402B37ED601D6
:102D900013162700B3037702720433E48E0023A6D0
:102DA000870C3346D602B3025702937EF60003A681
:102DB000070D419A3366D60123A8C70C03A6070D59
:102DC000B3C3D3021376F6F0B3C2D20293F3F30087
:102DD0009203B363760023A8770C03A6070D337E16
:102DE000C601B30FF70393F2F200A202B3625E00D2
:102DF00023A8570C03A6070D33736600131637007C
:102E0000B3CFDF02330FE70393FFFF00B20FB36FBF
:102E1000F30123A8F70D03A3070DB378130133467D
:102E2000D602330DA7033D8A420633E6C80023A825
:102E3000C70C03A6070D33780601334FDF02B346F4
:102E4000DD02137FFF00520F336FE80123A8E70D67
:102E500003A7070D798DBD8AE206C98E23A8D70C7A
:102E6000D84385663D9BD8C3D843799BD8C3985730
:102E7000558F98D7D857B7060081FD1613670701FD
:102E8000D8D71377FC0303AC8703137C0CFC336C9B
:102E9000EC0023AC8703985F758FD98D8CDF62546B
:102EA000F250D2544259B259225A925A025BF24B12
:102EB000624CD24C424DB24D2161828023A601ACBE
:102EC0006FF08FC2138701AD1443DC4293F7F7EF25
:102ED000DCC20100010018435C4393E707105CC3A8
:102EE0008280411106C6EF00E07393056040EF2039
:102EF000400EB2400145410182806F00607819C5E3
:102F000091C509C68357060001459DE3011105657A
:102F1000C9471306F100130555C3854506CEA3071F
:102F2000F100EF20C00AF2400345F1000561828004
:102F3000828001119737FE1F2384A7F605651306CB
:102F4000F100130595C4854506CEA3070100EF20C7
:102F50000008F2400345F10005618280011113056C
:102F6000910006CEEF0040742304A10005653000F7
:102F700025059D45EF20A005F24003458100056130
:102F8000828001119305F10006CE22CC2A84EF0045
:102F9000E0732306A1000565A3068100700021806F
:102FA00013055540914523078100EF204002F24070
:102FB00062440345C1000561828001111305D100FF
:102FC00006CEEF00C0722306A10009657000090556
:102FD0009145EF10D07FF2400345C100056182802A
:102FE000011106CEEF000073A307A10009651306C7
:102FF000F10015058545EF10907DF2400345F10085
:1030000005618280011106CEEF00C07BA307A100FD
:1030100009651306F10029058545EF10507BF24044
:103020000345F10005618280011106CEEF003009F1
:10303000A307A10009651306F10039058545EF10C6
:103040001079F240014505618280011106CEEF0042
:103050007042A307A10009651306F10041058545EB
:10306000EF10F076F2400345F10005618280011116
:1030700006CEEF005020A307A10009651306F1005A
:1030800045058545EF10B074F2400345F100056138
:103090008280411106C622C4EF00B0268965CD05A5
:1030A0002A84EF1010732285B240224441018280AD
:1030B00001111305510006CEEF0010412302A100BB
:1030C000096550006105A545EF107070F24001459B
:1030D00005618280411106C6EF0070428965E505F1
:1030E000EF10306FB240014541018280011106CEE0
:1030F00022CC2A84EF00D0552306A1000965A3063F
:1031000081007000218069058D4523078100EF1043
:10311000106CF2406244014505618280011106CEC7
:1031200022CC2A84EF0090652306A1000965A3063E
:103130008100700021806D058D4523078100EF100F
:103140001069F2406244014505618280011106CE9A
:1031500022CC2A84EF0020792306A1000965A3066A
:10316000810070002180130505028D452307810031
:10317000EF10F065F2406244014505618280011163
:1031800006CE22CC2A84EF00100B2306A10009658D
:10319000A306810070002180130515028D452307C9
:1031A0008100EF10D062F2406244014505618280E7
:1031B000011106CEEF009061A307A1000965130677
:1031C000F100130575028545EF107060F24003456C
:1031D000F10005618280011106CEEF00706AA3073D
:1031E000A10009651306F100130595028545EF104E
:1031F000105EF2400345F10005618280011106CEA8
:10320000EF00D06CA307A10009651306F1001305B8
:10321000D5028545EF10B05BF2400345F100056132
:103220008280011106CEEF007070A307A10009652E
:103230001306F1001305E5028545EF105059F240E1
:103240000345F10005618280011106CEEF00F072A6
:10325000A307A10009651306F100130515038545B1
:10326000EF10F056F2400345F100056182804111F4
:1032700006C622C4EF00F0748965938525032A846D
:10328000EF1030552285B240224441018280011165
:1032900006CEEF10E02DA307A10009651306F1008B
:1032A000130575038545EF109052F2400345F10078
:1032B00005618280011106CEEF106042A307A100D4
:1032C00009651306F100130585038545EF1030509D
:1032D000F2400345F10005618280011106CEEF1036
:1032E000005AA307A10009651306F1001305950311
:1032F0008545EF10D04DF2400345F1000561828015
:10330000011106CEEF102072A307A1000965130674
:10331000F1001305E5038545EF10704BF2400345BE
:10332000F10005618280011106CEEF10007FA30736
:10333000A10009651306F1001305F5038545EF109B
:103340001049F2400345F10005618280011106CE6B
:10335000EF10F012A307A10009651306F100130591
:1033600005048545EF10B046F2400345F1000561C4
:103370008280011106CEEF10D021A307A1000965BC
:103380001306F100130525048545EF105044F24063
:103390000345F100056182809737FE1F239CA7AE8D
:1033A00001458280011106CEEF107029A307A1000C
:1033B00009651306F100130515058545EF10304129
:1033C000F2400345F10005618280011106CEEF1045
:1033D0005030A307A10009651306F1001305250568
:1033E0008545EF10D03EF2400345F1000561828033
:1033F0005D711303D1031AD20343010786C61AD0A5
:103400000343C1061ACE034381061ACC0343410687
:103410001ACA034301061AC80343C1051AC6034367
:1034200081051AC4030341051AC2034301051AC0EA
:10343000EF00B060230EA102096570181305650343
:103440008945EF10D038B6400345C10361618280E1
:103450009737FE1F83D7A7A099E79307F01F173769
:10346000FE1F231EF79E9737FE1F83D7479FA14657
:10347000014513F707108607C2073357D740C183AA
:10348000598D13D6574013D79740318F058BFD16B2
:103490001375F50FD98FF1FE1737FE1F2311F79C17
:1034A00082809737FE1F83D7A79B81EBE17793C775
:1034B000F7FF1737FE1F2315F79A9737FE1F83D79D
:1034C000279AB94601451168194633F7070186075F
:1034D000C2073357D740C183598D13D7E74093D5DF
:1034E000F700058B2D8FFD161375F50FD98FE39E11
:1034F000C6FC1737FE1F2315F7968280011126CAD6
:103500004AC84EC656C29737FE1F9387678806CEB5
:1035100022CC52C45AC0AE893289B68AC44B35C94E
:10352000AD472A8463EEA7021304F5FF1374F40F6A
:10353000631D0906268A338B990063124B071379A2
:10354000F9009386FAFF228523802401A3803401A9
:1035500093F6F60F4E868545EFE02FB8014505A09E
:10356000B147630BF5029307600263E5A7001304FC
:10357000E5FF6DBF930770024945E30BF4FAF24093
:103580006244D2444249B249224A924A024B0561FE
:1035900082801304500269BF1304600251BFEFF030
:1035A0003FEB2301AA00050A49BF8547631CF900C8
:1035B0004E869305000F1385240097D0FD1FE780EA
:1035C0000024B5BF89476316F9004E869305A00A0B
:1035D000DDB78D47631DF900268A338B9900E30020
:1035E0004BF7EFF01FEC2301AA00050ACDBF91476E
:1035F0006316F9004E869305F00F75BF9547631566
:10360000F9004E86814545BF99476315F9004E86FE
:10361000BD4555B79D474945E313F9F64E869305D9
:10362000500551BF011106CE9317450163D407021F
:10363000EF700064894719C9834605001147B147F7
:103640006396E60095472300F500C947F2403E85A2
:10365000056182802EC6EF904058C94765D903475F
:10366000A500418B65D7B2458347B500230AB50451
:1036700091E7E9472308F5008147C9BFED47DDBF62
:10368000011106CE22CC2EC6EF90205501CDB245B9
:103690002A84EF802013A305A4020145F24062446E
:1036A000056182804945DDBF1727FE1F1307877A12
:1036B000814799468345870E3306F5008507230029
:1036C000B6000507E398D7FE01458280011106CEBA
:1036D0002EC6EF90805011C983074503B2450145BE
:1036E0002380F500F240056182800945E5BF9727F8
:1036F000FE1F9387274A03D707012300E50003D75E
:1037000007012183A300E50083C7F7002301F5002B
:103710000145828019E1494582809727FE1F9387E2
:103720006773F84B411122C406C62A8409C70347B0
:10373000C700314525E3F85F09C70347B7003145A6
:1037400031EB83A7070989C783C777003145B9E300
:1037500085471946A2851725FE1F1305857E172765
:10376000FE1F230AF76E97D0FD1FE780C005834731
:1037700054001307000C93F7070C6391E7021946F6
:10378000A2851725FE1F1305257C97D0FD1FE78016
:1037900080030145B24022444101828081EB1946F9
:1037A000A2851725FE1F1305857AC5B713070004E8
:1037B0004945E391E7FE1946A2851725FE1F13052B
:1037C0006579E1B7411126C29724FE1F938484686E
:1037D00022C4E04806C611C47C4813974700634CD6
:1037E000070CFC5099E74945B240224492444101FC
:1037F000828009ED1305000FEF60807F6DD5834750
:10380000C500F5D3EF6010230145F9BF0547E31C60
:10381000E5FC15EC014582972A8445C185679387AD
:1038200007802310F502930700702317F5008D47DA
:10383000230CF500A30A050219469725FE1F938560
:10384000E56F1305650397D0FD1FE780C0F70347B9
:10385000C4008547E309F7F88347E400B98B95C3B3
:103860000347E40085476318F70289472310F402F1
:10387000224403A38406B24092441305000F410181
:103880000283EF70D0159727FE1F83C717328D8BE9
:10389000E318F5FC89BF8357040211676375F700CD
:1038A0002310E402F1B7930600023E87E3FAD7FE45
:1038B00013070002F5B7314505BF1D4535B79727FA
:1038C000FE1F9387275983A70709314581CF83C7F7
:1038D000770089CB411106C6EF90B023B240014575
:1038E000410182808280011126CA4AC84EC652C454
:1038F00056C25AC02E89368BBA89BE8A06CE22CCD1
:10390000B284428AEF90602D1307A9FF42078567B2
:1039100041839386A7C763EEE610938707C82A847E
:10392000494563E8970A63E6240B1307301F636277
:10393000670B63E0370B93071B00B387970213975E
:103940003900860763D7E70849C48347140113F792
:1039500047003DC7ED9BA308F4008347B400231A3A
:103960002407231B9406D5EF03578406C167FD1770
:10397000630BF706631999068357A403231BE4041A
:10398000231CF4049727FE1F83D7C7578D46114782
:1039900063E5F600850713F7F70FA30AE404228511
:1039A000EF70100683570404A907231FF40483272C
:1039B000440A93E717002322F40AC547A30EF40034
:1039C000231C5407231D4407231D6405231E3405AF
:1039D0000145F2406244D2444249B249224A924AE5
:1039E000024B056182808357440691CFB3D4F40221
:1039F0004A87B3879702C207C1836373F9003E8782
:103A0000231CE40441B7B305990085814A85EFE0A2
:103A1000EEB5231CA404930584052685EF4060724F
:103A200095B78327840A93E707022324F40AC14742
:103A300071B7494579BF01112EC606CEEF90E01946
:103A4000B24509E54945F240056182808347150189
:103A5000A305B50213F7470075D7ED9BA308F50042
:103A6000BD472306F5028327850A93E72700232411
:103A7000F50A0145C9BF1727FE1F1307A73D7C4B59
:103A800081CB83C6C70089C683C6D700C947A1E2D8
:103A90007C5F89CB83C6B70091C683C60701C9473F
:103AA000858A95E68327070981CB03C7770009C775
:103AB00003C7D700C94701EF1727FE1F0347474534
:103AC0009727FE1F83C7D744636AF7009D473E854B
:103AD00082809D47F2403E85056182800111A304EA
:103AE000A10019461305A10006CE97D0FD1FE7805F
:103AF00080CD2800EFD06FD58547E31CF5FC8147CA
:103B0000D1BF797126D24AD04ECE06D622D42E8984
:103B1000B28936C63AC43EC242C0EF90000CC944D6
:103B200055C99305A9FFC20505662A84C1811305FD
:103B3000A6C7C9446360B50A130606C8636C360994
:103B400063EA2909B2469305301F63E5D508224789
:103B50006362E608138616003306260393153700C2
:103B6000635AB60603461401B144058A25E60326C6
:103B7000440A1376162039EE92470248231EE404C5
:103B80000347B400231CF406231A2407231B34071D
:103B9000231D0407231DD4048347D401814459EF16
:103BA00095EB83270410898B95CF31469305F00F51
:103BB0001305840697D0FD1FE78060C48327440A5D
:103BC0002314040693E707202322F40AC947A30E0F
:103BD000F4008144B2502254268502599254F2498D
:103BE0004561828063093905B385290185814A854C
:103BF000EFE0CE97231CA404930584054E85EF4087
:103C000040549727FE1F83D7E72F8D46114763E562
:103C1000F600850713F7F70FA30AE4042285EF7077
:103C2000205E83570404A907231FF4048327440A52
:103C300093E7170051BF231C2405E1B7C1FF832779
:103C40008410898B95C731469305F00F13058406C0
:103C500097D0FD1FE780A0BA8327440A23140406E7
:103C600093E707202322F40ACD47A30EF4009DB763
:103C7000E9448DB79727FE1F9387C71DF84B01CBEB
:103C80008346C70089C60347D70049450DEFF85F53
:103C900009CB8346B70091C6034707014945058B09
:103CA0001DE383A7070981CB03C7770009C783C733
:103CB000D700494589EB411106C6EFD0CFC4B240C9
:103CC0000145410182808280411122C426C24AC03E
:103CD00006C62A890144A1449305F00F0545EFE08B
:103CE000AE86B30789002380A7000504E31694FE7F
:103CF000B2402244924402490145410182800111AF
:103D000022CC4AC806CE26CA2EC632893684EF8017
:103D1000D06C630D05128347B500AA84B2450945EE
:103D2000DDEB21461385F41897D0FD1FE780A0A98D
:103D3000A38B241913598900238C24198347E40089
:103D40000346D4008345F4008346C400A20742061C
:103D500003C5C404B297AE97E20603A7440AB69718
:103D600049C123A6F40A8347A4008346940013673D
:103D70000702A207C206B6978346B400B6978346E9
:103D80008400E206B69723A8F40A834764008346BA
:103D90005400A207C206B69783467400B6978346BE
:103DA0004400E206B69723AAF40A83472400834618
:103DB0001400A207C206B69783463400B69783461E
:103DC0000400E206B69723ACF40A8547A386F40400
:103DD00023A2E40A0145F2406244D244424905610B
:103DE000828023A6F40C8347A400834694001367C3
:103DF0008700A207C206B6978346B400B6978346EB
:103E00008400E206B69723A8F40C83476400834637
:103E10005400A207C206B69783467400B69783463D
:103E20004400E206B69723AAF40C83472400834695
:103E30001400A207C206B69783463400B69783469D
:103E40000400E206B69723ACF40C59B7094561B7F4
:103E5000011106CE2EC6EF805058630F0510834621
:103E6000B5000547AA87B24505456391E60A83C6B2
:103E70000701130740020145639AE60803C7E500FE
:103E800083C6D5002207C206369783C6F50036974B
:103E900083C6C500E206369783C6D704BDCA23A6EB
:103EA000E70A03C7A50083C695002207C206369716
:103EB00083C6B500369783C68500E206369723A8E9
:103EC000E70A03C7650083C655002207C206369776
:103ED00083C67500369783C64500E206369723AA47
:103EE000E70A03C7250083C615002207C2063697D6
:103EF00083C63500369783C60500E206369723ACA5
:103F0000E70A1307A0022388E7000145F240056194
:103F1000828023A6E70C03C7A50083C6950022076D
:103F2000C206369783C6B500369783C68500E2067B
:103F3000369723A8E70C03C7650083C65500220700
:103F4000C206369783C67500369783C64500E206DB
:103F5000369723AAE70C03C7250083C6150022075E
:103F6000C206369783C63500369783C60500E2063B
:103F7000369723ACE70C71B7054549BF411106C61A
:103F8000EF80B04531C18346B5000547AA87094592
:103F90006399E60283C60701130740026393E602B2
:103FA0000D472386E7021947A385E702130750024E
:103FB0002388E70003C7A70201451367170023857D
:103FC000E702B240410182800945E5BFAA87172870
:103FD000FE1F034838E81725FE1F1305A5E72A87AB
:103FE00063080802684911C50348C50031456318D4
:103FF0000808685F11C50348B5003145631108081A
:104000000325070911C503487500314563190806E2
:104010009728FE1F83C848F01728FE1F0348D8EFD3
:104020001D4563FE08050327870D494513770704DF
:1040300039C75D71A6C22800B284194686C6A2C4DB
:10404000A303F100368497C0FD1FE780C077A685E3
:104050001305E102414697C0FD1FE780C076A285A7
:104060001305E101414697C0FD1FE780C075480078
:10407000EFA00051B6402644964461618280828060
:104080009726FE1F83C616DD8DCA1727FE1F13074E
:1040900067DCBA87784B09C70347C700494515E76E
:1040A000F85F09C70347B700494505E383A7070938
:1040B00089C783C77700494589EB411106C6EFA040
:1040C000E061B24001454101828082809727FE1F56
:1040D000938747D89726FE1F83C6D6D73E8785C6C7
:1040E000FC4B89C783C6C700C94785EE7C5F89C77B
:1040F00083C6B700C94795E68327070989C783C6E2
:104100007700C94799EE9727FE1FA385A7D4832779
:10411000070E11C993E707601727FE1F232CF7E04E
:1041200081473E85828093F7F79FFDB713070064B0
:104130003305E50241119727FE1F9387A7D122C4BB
:1041400003A4870C26C24AC006C6BE841309F00F1A
:104150001727FE1F232AA7D201E8B2402244924427
:1041600002490145410182800345040063052501A0
:10417000CC58EFD0EEBA405CC5B79727FE1FA38797
:10418000A7D0937715001727FE1F1307A7CC81EF41
:104190008347C703ED8F6384B70049458280972624
:1041A000FE1F2386F6CE93772500014591EB8347CA
:1041B000D703F18FE393C7FE9727FE1FA389C7CCD0
:1041C0008280011106CE2EC632C436C23AC0EF80BC
:1041D000D02035C1B2450247924693F7150099EBBE
:1041E00022469D4763F6C7004545F240056182803F
:1041F0002302C514898991E59D47E3E7D7FEA30211
:10420000D51401CF9727FE1F83D7E7C87D8F0D8B6D
:104210008547631FF7002314E5148547230FF50036
:104220008327450A0567D98F2322F50A014575BF03
:1042300023140514DDB749454DBF5D71A6C297240F
:10424000FE1F938424C103A34405CAC04EDE62D47A
:1042500066D26AD086C6A2C452DC56DA5AD85ED676
:104260006ECE030C41058349810503490106834C49
:10427000C106034D01076309030203234305131419
:104280005300635304023143B64026449644064922
:10429000F259625AD25A425BB25B225C925C025D76
:1042A000F24D1A85616182800D4E4943E36EFEFC3A
:1042B00093FD0501638D0D08054EE397C9FD3AC6D0
:1042C000468B42C43EC2B68BB28A2E842AC0EF50BF
:1042D00030522A8A324719E9FC50054582972A8ACA
:1042E0001D435DD1824732472304F5009305000248
:1042F0006391BB028D456310B90A0355CA0193054A
:10430000900F13035004E3E1A5F80355EA01E3ED30
:10431000A5F69375F40F2300BA0663810D1C3D8842
:1043200015456312A408130510F82307AA00454396
:10433000E3EC5BF57D454543E37855F51165E365B1
:1043400075F533865B0105822310CA02B5A093FE82
:1043500035004943E38ACEF393FE8500E3960EF2DF
:104360006392C90303C3C40313734300E30D03F053
:10437000E30739F50943E31469F403C3C403137372
:10438000230039A0E318C9FF03C3C4031373430018
:10439000E31703F2CDBD8545E31DB9F60355CA0108
:1043A0009305D02EB9BF35456310A4128546230767
:1043B000DA0089462310DA02A307EA00631507161C
:1043C0000547230CEA0093F5050281E59247A30A0D
:1043D000FA02194681455A8597C0FD1FE780404C77
:1043E00063140516A2470547230EEA02A30EFA023C
:1043F0001946DA851305EA0397C0FD1FE780A03C44
:1044000003470105A306EA001307F0076311EC1444
:104410001717FE1F1307077803474701D657238056
:10442000E70003055A01EFC07FFA2304AA06EFC094
:104430003FF3D657A30AAA000D472380A700639134
:10444000E912638D0C0093F61C0099C603C7C403E0
:10445000218B19E3E3893CE32305DA0609472302AC
:10446000EA060347C105A302EA0603470A06418B91
:104470001DEB1307F9FF1377F70F89464943E3E56F
:10448000E6E08D466313D90E630D0D0013761D0013
:1044900019C683C6C403A18A99E2E3062DDFA305EA
:1044A000CA06A301EA0603474106B706000801430E
:1044B000A300EA0603478106A303EA0603274A0589
:1044C000558F232AEA04C9B309456314A40019458A
:1044D000A9BDE30C04E423070A0091BD1D45230791
:1044E000AA0013F8150013F54500630B08001148E6
:1044F00011C10548A30F0A050545230FAA0405BDF0
:1045000013F8250063090800094811C11548A30FD5
:104510000A050945DDB70D4811C11948A30F0A0561
:10452000230F0A0429B5230C0A0081460D45335692
:10453000D740058A11C603468A010506230CCA0026
:104540008506E396A6FE41B5230E0A0255BD19471E
:1045500063458701A30A8A01E9B5A30AEA00D1B538
:1045600023050A0623020A06EDBDA3050A0615BFA8
:104570009727FE1F9387078EF04B01114EC606CE7C
:1045800022CC26CA4AC852C4BE8911C67C4A139698
:104590005700634E06003A8AB6842E89EF505025A4
:1045A0002A8419ED83A749051305200491C33145D9
:1045B000F2406244D2444249B249224A05618280B3
:1045C0000347E500854701453D8BE303F7FE0347BD
:1045D0000406418B41CB8D476304F9004945C9BFAF
:1045E000FD47E3ED97FE231E04008D476316F90C8B
:1045F000C5CC8357C4011727FE1F0357478D1D45A0
:10460000B3869700E346D7FA0347C40015C783561D
:104610000402130700026391E602034734068D4645
:104620006319D70A1307900F13055004E362F7F8D4
:104630008357E401E36EF7F68D471D45E31AF9F65B
:104640009305800C0545EFD02EF08357C406120564
:10465000232444038507BD8BC98F2316F406231E2C
:10466000940089A81377D90FE30FF7F61147631564
:10467000E904784893167700E3C206F60347C400BE
:10468000E31EF7F48357C401B1DBA9F89305800C4E
:104690000545EFD06EEB8357C40612058507BD8B29
:1046A000C98F2316F40639A07C48370700FF7D1711
:1046B000F98F7CC80145EDBD9307D9FF93F7F70F3C
:1046C0000547E378F7F299D88347C400E393E7F20C
:1046D000F9BD8546E312D7F61307D02EB1B7971769
:1046E000FE1F93872777F04B01114EC606CE22CCD2
:1046F00026CA4AC852C4BE8911C67C4A13965700BE
:10470000634E06003A8AB6842E89EF50700E2A84D2
:1047100019ED83A749051305200491C33145F240E3
:104720006244D2444249B249224A05618280034729
:10473000E500854701453D8BE303F7FE034704068B
:10474000418B55CF8D476304F9004945C9BFFD47EB
:10475000E3ED97FE231F04008D47631CF90EF5C09F
:104760008357E4011717FE1F035767761D45B3866D
:104770009700E346D7FA0347C40015C783560402DF
:10478000130700026391E602034734068D46631067
:10479000D70E8356C4011307900F13055004E3602E
:1047A000D7F8E36EF7F68D471D45E31AF9F65C542A
:1047B0008DC783476406898B8DC3085819CD8347FD
:1047C000A50081CFEF90F0550C58194613056403EE
:1047D000B10597C0FD1FE78000FF9305800C0545DC
:1047E000EFD08ED68357C4061205232644038507CF
:1047F000BD8BC98F2316F406231F940089A8137755
:10480000D90FE309F7F411476315E90478489316C3
:104810006700E3CC06F20347C400E318F7F28357BE
:10482000E40185D79DF09305800C0545EFD0CED1EE
:104830008357C40612058507BD8BC98F2316F4065E
:1048400039A07C48370700FE7D17F98F7CC80145E9
:10485000F9B59307D9FF93F7F70F0547E372F7F020
:10486000E38504EE8347C400E39CE7EE45BD85463F
:10487000E31BD7F28356C4011307D02E39BF5D71F5
:10488000A6C29714FE1F9384E45C03A8440586C661
:10489000A2C4CAC04EDE52DC56DA5AD85ED662D402
:1048A00066D26AD06ECE6308080283274805139447
:1048B0005700635204023145B640264496440649E7
:1048C000F259625AD25A425BB25B225C925C025D40
:1048D000F24D616182803AC632C493771500B68981
:1048E00089C7639105104945C1BF91E9A04C19E002
:1048F0000145D9B72285EF50F0130040CDBFE30941
:1049000008FE4285EF501013E5B77849B70700035A
:104910007D8F55F30347F505630487016315970100
:1049200003D7EA0149DB03C75A036301270903C719
:10493000EA0063192701131714004E970357070065
:10494000E3E3EDFAB8547D141374F40F45CB9316DA
:104950001A00B69903D70900B2479305800C239734
:10496000EA063E9A03470A00054523980A06A384EF
:10497000EA06EFD06EBD03D7CA0612052644050726
:104980003D8B498F2396EA0603A3840603C50B00DB
:10499000B64096440649F259625AD25A425BB25B1B
:1049A000225C925C025DF24D61610283138B8A0589
:1049B000194681455A8597C0FD1FE78060EE63194F
:1049C00025011946EA855A8597C0FD1FE780A0DFBB
:1049D000194681455A8597C0FD1FE78060ECE318B2
:1049E00025F511B7FD1513F4F50F094C954C054944
:1049F000171DFE1F130DED54930D00089307F00FC4
:104A0000E303F4EEA247228AB38B870003C50B00B1
:104A1000EF50005EAA8AE31A05EEFC481305200455
:104A2000E39B07E851BD9717FE1F9387A742FC4BF6
:104A300095C3FC4B13975700635E0700B1473E8553
:104A40008280B147F2406244D2444249B2493E8535
:104A500005618280011122CC26CA4AC84EC606CE04
:104A6000B6893289AE84EF50A0582A849307200477
:104A700071D9C947E36899FC1547E37597FC03476B
:104A80000506137737035DFF8347E505DDFB7C49AA
:104A9000918BC5FBEF20506079479D47E374A7FADF
:104AA0008347340609476391E70683574408130791
:104AB000D02E6373F7021307C00293075004E37309
:104AC00027F9794793075004E37E27F74147930777
:104AD0005004636B2701BDB71307301FE363F7FE74
:104AE0001307900FE364F7FE7C4883460406CA94DC
:104AF00093E727008584B3E9D9007CC82313940881
:104B00002300340781473DBFE5F30357440893076B
:104B1000D02EE3FBE7FC19475DBF9717FE1F938775
:104B20006733FC4B81CBFC4B139757006354070052
:104B300031458280011122CC26CA4AC84EC606CE13
:104B4000B6893289AE84EF50A04A2A841305200426
:104B5000630904107C48898BB9CB83473406094725
:104B60006395E70C835744081307D02E6379F70247
:104B7000035764089307C0021305500463F3E70E5C
:104B800003576408F9471305500463FCE70C035707
:104B90006408C1471305500463EBE700D9A013076D
:104BA000301FE36FF7FC1307900FE362F7FE93F7F4
:104BB000D40F0547639EE70A0325840A19C597D0D9
:104BC000FD1FE780E0A52324040A231204086309DB
:104BD00009067C48918BB5EF8D476393F4089305E4
:104BE00050104A8597D0FD1FE78020972324A40A00
:104BF00025C97C4893F7074091CF9305800C054564
:104C0000EFD08E948357A40812058507BD8BC98FFA
:104C10002315F4080325840A4A86CE8597C0FD1F14
:104C2000E78060BA231224091DA0D1F3035744087A
:104C30009307D02EE3FDE7F603576408994799BF21
:104C40008D474945639FF4007C48F99B7CC801452A
:104C500009A89387D4FF93F7F70F0547E37EF7F68C
:104C60003145F2406244D2444249B24905618280F2
:104C7000E31109F691474945E38DF4F4DDB7971741
:104C8000FE1F9387271DF84B411126C24AC006C656
:104C900022C4AA843E8909CF7C4B139757006359DD
:104CA00007003145B24022449244024941018280CA
:104CB0002E85EF50E0332A841305200465D413F7C2
:104CC00014007C4845CF13F7170061FF0347040623
:104CD0001377370379F78988D9CC0327C90D454560
:104CE00093E70740418B5DDFC1657CC8FD15014539
:104CF000EFD0CE872314A408EFC03FD0B705000142
:104D00002326A408FD150145EFD08E889304040ADC
:104D100015462328A4089715FE1F9385052426858C
:104D200097C0FD1FE78020AAA685130500FB97C04A
:104D3000FD1FE780A0402685EF80A03A7C4803470E
:104D4000C400A300A408DD9B93E747007CC8854707
:104D5000631FF7009305800C0545EFC0FEFE8357E7
:104D6000C40612058507BD8BC98F2316F406EF8094
:104D70009066014505BF93F7F7BFBDB70345D4075C
:104D8000CD9B7CC89307F00FE303F5FEEFC03EB167
:104D9000F9BF1717FE1F1307E70B7C5F411106C60B
:104DA00022C426C24AC099C703A8C7011314180118
:104DB000634004080327070825CF3684B2842E8970
:104DC00009ED81EB4945B240224492440249410138
:104DD0008280EFC04F9A0145FDB78546E314D5FEAA
:104DE000B9E30297AA8731C91147A3060504231B1B
:104DF000E500231CE50083C6B7000547E384E6FC15
:104E000095C8239C9702239D870201C41E04E3DBFF
:104E100084FA238927012244B2409244024903A321
:104E2000870641010283D84F93161701E3D506FC8C
:104E3000314551BF23AC0702E9BF0D4569B70111E8
:104E400006CE2EC632C436C23AC0EF50601A3DCDEF
:104E500083284505AA87314513F8082063150806FD
:104E6000B2451718FE1F034878034545636DB80423
:104E700003C8C70A22463358C84013781800630491
:104E800008041715FE1F1305E5FC0328850D45458D
:104E90001317C8006359070202471718FE1F03487B
:104EA000E8FF6362E80292462387C70AA386B70A2F
:104EB000A387D70A11E2014793E808102388E70A7D
:104EC00023AA17050145F2400561828013052004DD
:104ED000DDBF011106CE2EC6EF508011130720044E
:104EE00001CD7C49314793F6270099C6B24589C95F
:104EF00093E707207CC90147F2403A85056182802B
:104F000093F7F7DFC5BF011126CA4AC84EC606CEC1
:104F100022CC2E89B289B684EF70304C4DC1639D8E
:104F200009008547238DF1AC0145F2406244D2442B
:104F30004249B2490561828003C7A1AD85472A84F1
:104F40006315F700238D01AC09494165130545F54B
:104F5000EF70904A39C58347A5002315F5008327D4
:104F6000841185EF232CA410232EA410930710F88E
:104F7000F914231635012304250144C1232005001B
:104F8000A304F5008347940285450145B395F500D8
:104F9000C205C181EFC04ED341BF8327C41188C36E
:104FA000E1B79717FE1F9387E7BE9C5B1D45B5DFF2
:104FB000956505459385555582971D45BDB70945AE
:104FC000ADB76F90AFF96F90EFFD6F90BF826F90AC
:104FD0001F886F90FF8D6F90BF9A6F90FF916F90B9
:104FE0009F9582806F90DF9D034301001AC06F90F0
:104FF0006F8D6F90CF996F908F9F6F90AFA56F90CF
:10500000AFAB6F906FB16F904FB503530100035E6C
:105010004100834E81001AC072C276C46F90EFB90E
:105020006F902FCC6F906FD16F90EFDA6F90AFDEF3
:105030006F900FE26F904FE76F90CFED828082808C
:1050400023AEA1AC82801307050383570500110529
:1050500093C7F7FF231EF5FE8347E5FF93C7F7FFCE
:10506000230FF5FEE313E5FE828099473305F50231
:1050700001110A86C14506CE130505021375E50F19
:10508000EFC01EFA11E50345C100F24005618280C0
:105090000145E5BF411122C426C24AC006C681446B
:1050A0000144138941AE83C791AE6369F400B240F5
:1050B00022442685024992444101828083270900C7
:1050C0001315440019469305F00F3E9597B0FD1F48
:1050D000E780007D01E5850493F4F40F0504137463
:1050E000F40FD1B7938741B1884305C1411106C67A
:1050F000EFC0CE8423AA01B0938791AE83C7070087
:10510000B2402381F1AE41018280938791AE83C783
:1051100007002381F1AE82805971A6D286D6A2D42F
:10512000CAD083C721AEAA84639EA700854503C564
:10513000A1AEEFC00EBC894503C5A1AEEFC06EBBEA
:10514000EFF05FFA1949338924035000C145137900
:10515000F90F130409021374F40F2285EFC05EECFB
:1051600009C901442285B6502654965406596561F2
:10517000828019469305F00F480097B0FD1FE78025
:10518000207265F1480041469305F00F97B0FD1F6E
:10519000E780E066480871469305F00F97B0FD1F61
:1051A000E780E0650818130600039305F00F97B039
:1051B000FD1FE780C0645000C1452285EFD00E95E9
:1051C0002A84130519025008F1451375F50FEFD025
:1051D000EE93498C130529025008F1451375E50F2C
:1051E000EFD0CE921374F40F498C13053902500896
:1051F000C1451375F50FEFD06E911374F40F498C00
:10520000130549025008C1451375E50FEFD00E9004
:105210001374F40F498C1305590250089145137506
:10522000F50FEFD0AE8E1374F40F498C138504077D
:105230001018930500031375F50FEFD02E8D13741E
:10524000F40F498C03C581851374F40FEFD06E867B
:1052500011BF411122C406C60145014483C791AE66
:105260006373F40009C5B240224441018280228563
:105270000504EFF07FEA1374F40FCDB7411122C497
:1052800026C206C64AC00144EF907F9C938441AE7B
:1052900083C791AE6368F400B2402244924402494D
:1052A0004101828088401319440019469305F00F8C
:1052B0004A9597B0FD1FE780A05E19E58C40CA951E
:1052C00003C5F500EF90FF9805041374F40FC9B7F8
:1052D000397122DC26DA4ED606DE4AD80144EF9038
:1052E0005F9A938441AE994983C791AE6369F40094
:1052F000F2506254D2544259B2592161828088409E
:105300001319440019469305F00F4A9597B0FD1FF5
:10531000E780005905E9330534030A86C1451305C2
:1053200035021375F50FEFC0BECF1008C145094512
:10533000EFC01ECF8C4014080A86CA9503C5F5003D
:10534000EF90FF9305041374F40F79BF011106CE9B
:10535000EFF05FD40547A9476373A7008947130699
:10536000F10085451545A307F100EF001FF9F24054
:1053700005618280011122CC26CA4EC606CE4AC8DB
:105380000144938441AE994983C791AE6366F402A8
:10539000EFF05FD083C711AE99C3EFF03FEE83C744
:1053A00001AE99C3EFF0DFF26244F240D2444249C9
:1053B000B24905616FF09FF933053403904013192A
:1053C0004400C1454A96130505021375E50FEFC069
:1053D0003EC505C9884019469305F00F4A9597B018
:1053E000FD1FE780C041884019469305F00F4A959C
:1053F000190597B0FD1FE78080409C403E99231619
:10540000090005041374F40F41B70355250083C543
:10541000A1AE6F10BF91397122DC1944338485022B
:1054200026DA4AD806DEA147AA8432891374F40F1B
:10543000639AF604130424027146814548081374E4
:10544000F40F3AC697B0FD1FE780603B5008F14566
:105450002285EFC0FEBC0DE18347E102A54632473D
:10546000E51793F7F70F63E9F600BA8650089375CE
:1054700019002685EFD07EDFF2506254D254425993
:10548000216182801304140245BF797122D426D28F
:105490004AD0AE842A8932848145130600020A85E7
:1054A00006D697B0FD1FE78080359387D18583C7E7
:1054B000070023102101230EF100835781015DC4F1
:1054C000138721B003470700F99B41462302E100FF
:1054D000138741B0034707009715FE1F9385459238
:1054E00013056100A302E10003C731B093761700F2
:1054F000D58FF59B93762700D58FED9B937647004C
:10550000D58F9316470093F6061093F7F7EFD58FD4
:105510009316470093F6062093F7F7DFD58F12070F
:105520001377074093F7F7BFD98F231CF10097B08B
:10553000FD1FE780402983C711B013F7170001CB87
:1055400099C40357810113672700231CE100034717
:105550006101A2850A85D98F230BF100EFD01EC30C
:10556000B25022549254025945618280138761AF30
:1055700003470700F99B41462302E100138781AFEF
:10558000034707009715FE1F938585861305610065
:10559000A302E10003C771AF93761700D58FF59B87
:1055A00093762700D58FED9B93764700D58F931682
:1055B000470093F6061093F7F7EFD58F9316470041
:1055C00093F6062093F7F7DFD58F1207137707407E
:1055D00093F7F7BFD98F231CF10097B0FD1FE78029
:1055E000801E83C751AF91BF411122C426C24AC059
:1055F00006C6AA840144138941AE83C791AE636A8B
:10560000F4003E842285B240224492440249410182
:10561000828083270900131544001946A6853E950C
:1056200097B0FD1FE780202371FD05041374F40F6C
:10563000E9B75D71A2C4138441B11C40CAC04EDEFB
:1056400086C6A6C252DC2A89AE89A1EB19E10545BE
:10565000D9A0F5DDEFF05FF92381A1AE83C791AE4C
:10566000636DF5028144138A41AE0DA083270A00C1
:105670001395440019469305F00F3E9597B0FD1F12
:10568000E780002209E9850493F4F40F83C791AE03
:10569000E3EEF4FCBE84238191AE138A21AE03C5F0
:1056A00021AE83C791AED284E373F5FA1C40A5EF17
:1056B00099473305F5024A86C1451305050213755E
:1056C000E50FEFC0BEC4130600039305F00F0A8573
:1056D00097B0FD1FE780A01203450A000A869305D4
:1056E0000003130505071375F50FEFC03EC21387BE
:1056F00041AE084383C721AE92073E954146CA8515
:1057000097B0FD1FE780200C23AA31B103C5818526
:10571000EFC03EBA0145B640264496440649F259C8
:10572000625A616182809047814719CE994733055B
:10573000F502F145130515021375F50FEFC01EBDF7
:105740001C4023A4070085471840104B0DC203C519
:1057500004009947F1453305F50213052502137539
:10576000E50FEFC0BEBA1C4023A8070085471840CC
:10577000504B0DC203C504009947C1453305F502DE
:10578000130535021375F50FEFC05EB81C4023AA50
:1057900007008547184050471DCE03C5040019492E
:1057A000C14533052503130545021375E50FEFC009
:1057B000FEB503C504001C40914533052503D047C1
:1057C0004106130555021375F50FEFC03EB41C409A
:1057D00023A6070025BF9DFB83C711AE99C3EFF039
:1057E000FFA983C701AE99C3EFF09FAEEFF01FB6DC
:1057F000B9BD011122CC06CE26CA83C791AE094499
:105800006378F50295C599473305F502AE840A869B
:10581000C145130505021375E50FEFC07E802A848C
:1058200001E919468A85268597B0FD1FE780A0F912
:105830002285F2406244D24405618280011122CC6B
:1058400006CE2A842EC632C4EF50AF9805C903474E
:10585000C500A1472246B245631FF7009387C1B137
:105860009C4389CF03A34700630A03002285624457
:10587000F24005610283938701B2DDB7F2406244D2
:1058800005618280011122CC19443304850226CAA5
:105890000A86AE84C14506CE130404021374F40FC5
:1058A0002285EFC0EEF701C98144F24062442685AB
:1058B000D2440561828019469305F00F0A8597B09E
:1058C000FD1FE780E0FD6DF10357C1009377D70F0F
:1058D00089C49377F70F93E72700C207C1838544F4
:1058E000E305F7FC0A86C14522852316F100EFC0C7
:1058F000FEA103C58185EFC0DE9B45BF5D71A2C4DB
:105900002A8419453305A402A6C2CAC0B2842E89CE
:105910000A86C14586C6130505021375E50FEFC05B
:105920002EF001C90145B6402644964406496161FE
:10593000828019469305F00F0A8597B0FD1FE78016
:1059400020F66DF1130404071374F40F1008930587
:1059500000032285EFC0CEEC19C10545E9B7080860
:10596000EFF06FEE63140904130600038145080885
:1059700097B0FD1FE780C0F26DF11306000381456B
:10598000080897B0FD1FE78080E785470808238651
:10599000F1B0EFF04FEB1008930500032285EFC044
:1059A000FE9603C58185EFC0DE9045BF1C089000C0
:1059B000BE8683D506003687638125039106E39A68
:1059C000C6FE0145ADD083D607003E8789C6910744
:1059D000E31BF6FE81BF2390270183472700E38E58
:1059E00097F623019700D5F02310070079BF17051C
:1059F000FE1F0345051B0111FD57930520041205E9
:105A00002385F1AE06CE22CC26CA4AC84EC6A38450
:105A100001AE23A201AE97C0FD1FE78000B423A210
:105A2000A1AE15C59709FE1F9389C91683C7E90062
:105A30000144938441AEA384F1AE83C791AE636108
:105A4000F40C83A78900638C070E238001B0938731
:105A500091AE83C707000544414681451705FE1FE7
:105A60001305053A2381F1AE238F818423AA01B067
:105A7000238101B0238201B097B0FD1FE78020D8B9
:105A800093047007414681451705FE1F13054536EF
:105A9000A38191B0A38D8184A38001B023A401B020
:105AA000A38A01AE238B01AE238C01AE97B0FD1FFC
:105AB000E780E0D4A38B91AE23AE01AE238A01AE82
:105AC0009547A38CF184C147A38EF184238601B04E
:105AD0008947238DF184F240238C8184A38F8184B4
:105AE000238E8184624423A001B223AE01B0A3803F
:105AF00001AE238401AED2444249B249056182809D
:105B000088401319440019469305F00F4A9597B041
:105B1000FD1FE780C0CE884019469305F00F4A95D7
:105B2000190597B0FD1FE78080CD9C4005041374D4
:105B3000F40FCA972396070023870700FDBD93073C
:105B400000F82380F1B021B71971A2DCA6DACAD817
:105B500086DECED6130400028144138941AE83C78A
:105B600091AE63E3F40203C58185EFC08EF49387A1
:105B700091AE83C70700F65066542381F1AED65428
:105B80004659B6590961828003250900939944005A
:105B900019469305F00F4E9597B0FD1FE78020C67C
:105BA0000325090019469305F00F4E95190597B086
:105BB000FD1FE780C0C48327090041469305F00F0D
:105BC000CE972396070023870700480097B0FD1F54
:105BD000E780E0C271469305F00F480897B0FD1FBB
:105BE000E780E0C1130600039305F00F081897B093
:105BF000FD1FE780C0C05000C1452285EFC00EF1F7
:105C0000130514005008F1451375F50FEFC00EF0A1
:105C1000130524005008F1451375F50FEFC00EEF82
:105C2000130534005008C1451375F50FEFC00EEE93
:105C3000130544005008C1451375F50FEFC00EED74
:105C400013055400500891451375F50FEFC00EEC85
:105C5000138504071018930500031375F50F8504C9
:105C60001904EFC0AEEA93F4F40F1374F40FC5BD3A
:105C7000930705C04111C20722C406C6C18313079A
:105C800020022E846361F70E17B700001307C71BAD
:105C90008A07BA979C43BA9782879387E18583C71F
:105CA00007002300F4002DA083C711B089870DA839
:105CB000938721B0EDB7938741B0D5B7414697059B
:105CC000FE1F9385E513228597B0FD1FE780A0AFE7
:105CD0008147B24022443E854101828083C711B092
:105CE000858BC1B7938731B05DBF938781B09C43EB
:105CF0001CC0F9BF9387B1855DB783C751AF7DB72E
:105D0000938761AF69BF938781AF51BF41469705C4
:105D1000FE1F9385E50D45BF83C751AFD1B793876C
:105D200071AFB5BF9387C1AFD9B7938741AF85BF77
:105D300093879185ADB79387D18595B7938711AE3A
:105D4000B9BF938701AEA1BFEFF0CFB42300A40089
:105D500041B783C7C185B1B783C711B08D8749B734
:105D600083C751AFE5BF130720048947E363A7F654
:105D7000EFD04EDA2310A400A1BF011106CE22CC31
:105D800026CA4AC84EC6EFD09EA435ED03C781AEE1
:105D900085472A84630CF702938441AE854983C703
:105DA00091AE6371F4049840131944004A978347F5
:105DB000E700639937012285EFF00FB69C40CA9740
:105DC0002387070005041374F40FD1BFEFF06FC8E9
:105DD000238401AE938741AE9C4303C791AEB907BC
:105DE000631CE400EFC06EFF6244F240D2444249BB
:105DF000B24905616FF00FD80504238007001374C2
:105E0000F40FC107F1BFF2406244D2444249B249A3
:105E100005618280797126D24AD006D622D44ECE30
:105E200089472E89B2846308F506636FF5008D47B4
:105E30006301F50C03C491AE2285B25022549254F2
:105E40000259F249456182802E85EFF0EFF983C750
:105E500091AE2A84E372F5FEE5D01946CA852685FF
:105E600097B0FD1FE7802096C1BF83A709001315D7
:105E7000440019463E95CA85190597B0FD1FE78075
:105E8000809D31ED05041374F40F83C791AEE36E6A
:105E9000F4FC3E8455B70144938941AEFDB7050437
:105EA0001374F40F83C791AEE375F4FE3305340326
:105EB0000A86C145130535021375F50FEFC04E96DE
:105EC00079FD41469305F00F0A8597B0FD1FE780E5
:105ED000209D71F5CA850A85EFD0AECB69F183C7E5
:105EE00091AEE37BF4F4A9D8A6852285EFF07F90EC
:105EF000A1B7014499497DB7797126D206D622D43B
:105F0000AA8402CC231E0100EF40BFAC05CD03C71D
:105F1000B18589476308F702930565002A84034524
:105F200055003008EFF01FEF83C791AE6371F502A3
:105F30002AC6EFF08F93B2452A860547A1462685EB
:105F4000EFF06FCDB250225492544561828083C7E6
:105F5000B18591E795452685EFD0DE84E5B7054705
:105F6000E392E7FE8345540001462685EFF0EFD12A
:105F7000D1BF4111C1674AC006C622C426C2FD175F
:105F80002E896309F506EF40DFA42A84D14421CD90
:105F900093056500034555000146D544EFF09FE7A2
:105FA00083C791AE6376F500CA85EFF0BF8D81445B
:105FB000630B09022285EFF04FC535A0CA85228503
:105FC000EFF05F8C11C1814405041374F40F83C793
:105FD00091AEE365F4FE6308090017F5FFFF1305B2
:105FE0000543EF40FFC6B240224426850249924451
:105FF000410182800144D544D9BF0111C1674AC81B
:106000004EC606CE22CC26CAFD172E89B289630E53
:10601000F504EF401F9CD14429C193056500034559
:1060200055000146D544EFF0FFDE83C791AE63769D
:10603000F5024E86CA85EFF07F8C814439A84E86E2
:10604000CA852285EFF09F8B11C18144050413742A
:10605000F40F83C791AEE364F4FEF24062442685F8
:106060004249D244B249056182800144D544D5B742
:10607000411122C41384A1AE8345040023A0A1B220
:10608000614506C6EFD0CEFD034504002244B24070
:1060900041016F205F811387E1858347070083C536
:1060A00011B093E707F82300F7006FD06EE4597141
:1060B000A6D2B2845000A2D4D2CC86D6CAD0CECE3C
:1060C0002A84368A02C223140100EFF0BFD483C7AA
:1060D00091AE6377F50E2A89EFE03FF99147AA89DF
:1060E0006319FA0C03C7E185791713371700914636
:1060F0001944330489024E86CA852685EFF0AFB174
:1061000051468145680097A0FD1FE780406F7000F1
:106110001374F40F13054402C1451375E50FEFB076
:106120003EF005E941469305F00F680097A0FD1F7A
:10613000E780007719ED1305540270089145137537
:10614000F50FEFB0FEED700093F519002685EFD046
:10615000CEDE130509071010930500031375F50F24
:10616000EFB01EEC15E10810EFE0FFED0010130991
:1061700001058355040091C5034624002685EF10D0
:106180000FAB1104E31789FE93F929006387090017
:1061900083C5A1AE2685EF007FB991476314FA0449
:1061A00003C7E1858947631FF7022685EFF0BFEE3D
:1061B00015A803C7B185791713371700D2860DBF0D
:1061C000A147E31CFAFC03C7B1858947631CF700AC
:1061D0000146A2852685EFF04FAB01468145268515
:1061E000EFF0CFE5B650265496540659F649664A64
:1061F000014565618280011106CE2AC6EFF02FFFAE
:106200003245F2402385A1AE05616FF0AF961D7156
:1062100086CEA2CCA6CACAC8CEC6D2C4EF807FA6FC
:1062200083C7F18589CB0144138941AE194A83C7DD
:1062300091AE636AF400F6406644D6444649B649D6
:10624000264A2561828003250900931944001946D6
:106250009305F00F4E9597A0FD1FE780606431E92C
:10626000B30444035010F14593F4F40F1385140262
:106270001375F50FEFB0DEDA0DED0347F103930769
:10628000F00F6318F702138534025000C1451375EF
:10629000F50FEFB0FED85008C1450945EFB05ED804
:1062A0008325090054085000CE9503C5F500EF8002
:1062B0001F9D05041374F40F9DBF930705C05D7106
:1062C000C207A6C2CAC086C6A2C44EDE52DCC183C3
:1062D000130720022A89B284636EF74E17B70000B5
:1062E000130747BF8A07BA979C43BA9782878547A7
:1062F0006384F500614409A8834706000947E36BFE
:10630000F7FE238FF18401442285B640264496444B
:106310000649F259625A616182808547E39CF5FC27
:1063200003470600E3E8E5FC83C711B011C793E714
:106330004700A380F1B0C1BFED9BE5BF8547E39B5C
:10634000F5FA834706001147E366F7FA2381F1B0B7
:106350005DBF8547E390F5FA83470600E3ECF5F867
:106360002382F1B04DB7C147E396F5F84146A685C3
:106370001705FE1F1305C5A897A0FD1FE780A044C1
:1063800059B78547E398F5F603470600E3E4E5F6D9
:1063900083C711B001C793E7170061BFF99B51BFD5
:1063A0008547E399F5F483470600A381F1B0A1BFC7
:1063B0009147E391F5F41842B7470F009387F7230D
:1063C000E3EAE7F223A4E1B03DBF8547E394F5F2A9
:1063D000834706000947E36FF7F0A38DF18425B7E3
:1063E0008547E399F5F003470600E3E5E5F083C749
:1063F00051AF11C793E74700A38AF1AE29B7ED9BD0
:10640000E5BF8547E398F5EE834706001147E36350
:10641000F7EE238BF1AEC5BD8547E39DF5EC8347D1
:106420000600E3E9F5EC238CF1AEF1BDC147E3933F
:10643000F5EC4146A6851705FE1F1305659B2DBF8C
:106440008547E399F5EA03470600E3E5E5EA83C7F4
:1064500051AF01C793E7170045B7F99B71BF854757
:10646000E39AF5E883470600A38BF1AE69BD914737
:10647000E392F5E81842B7470F009387F723E3EB61
:10648000E7E623AEE1AE41B5E39605E6EFD02EB4E4
:1064900001E9EFE01FDCEFC04E94EFE0BFEDA5B5E2
:1064A00085472384F1AE85B59D47E395F5E4938553
:1064B00014001946680097A0FD1FE780C03003C58F
:1064C000040050086C00EFF0FF9483C791AEAA84DB
:1064D0000944E37BF5E24808EF406FD809E52685DB
:1064E000EFE09FC34DBF938741AE9C439204594454
:1064F000BE9485472387F40001BD9D476391F50A4B
:10650000194693851400680097A0FD1FE780A02B13
:1065100003C5040001466C00EFF0DF8F83C791AE26
:106520006377F5049944B30495025008F1459384C8
:10653000140293F4F40F2685EFB09EAE2A8415E57D
:106540001307A04185476304E9009307F00F500843
:10655000F1452685A307F102EFB05EDB03C5818517
:10656000EFB03ED5EFF0BFCA45B30944E5BF83C7DE
:1065700001B00944E38A07D81307A04183C731AFAC
:10658000631BE90093E71700A389F1AE1D46A685BA
:106590001385C1AED5B3F99BA389F1AEADB38547E1
:1065A000E39AF5D41307A04183C731AF6315E50023
:1065B00093E72700D5B7F59BC5B7A38F0184EFF00C
:1065C0001FC591B38547A38FF184014419499309ED
:1065D000F00F7D5A83C791AEE373F4FEB304240336
:1065E0005008F1459384140293F4F40F2685EFB01C
:1065F0003EA305E18347F102638D37015008F14561
:106600002685A3074103EFB07ED003C58185EFB097
:106610005ECA05041374F40F75BF8547E39CF5CC7F
:1066200083470600E3E8F5CC238AF1AEE9B9854754
:10663000E392F5CC834706002547E36DF7CAA38CA8
:10664000F184D1B18547E397F5CA03470600A54613
:10665000930797FF93F7F70FE3EEF6C8A38EE18455
:106660005DB18547E398F5C88347060003C711AEBF
:106670000144A380F1AEE31907C8E397B7C8EFE080
:106680007FCF59B18547E397F5C68347060003C717
:1066900001AE2380F1AE09E76394B700EFE09FCD30
:1066A00003C501AEEF802FDEB9B98547E394F5C489
:1066B000834706000D47E36FF7C2238DF184A1B134
:1066C0008547E399F5C283470600238CF18425B9F9
:1066D0000545EFB01EBE05B98547E39DF5C083476C
:1066E0000600238EF18405B193074002E394F5C0C0
:1066F00003C51400014693852400EFF0AFF183C772
:1067000091AEE379F5BE19443304850203C7040052
:10671000A1471374F40F631FF702130424021374C8
:10672000F40F5008F1452285EFB09E8FE31405BCAD
:106730009385840048086D4697A0FD1FE780A00858
:106740005008F1452285EFB07EBC03C58185EFB0CE
:106750005EB64DB613041402D9B717F7FD1F0357E1
:106760006744930740046D44E3F0E7BA8547E39339
:10677000F5B883470600E3EFF5B681CF938781B183
:106780009C435544E38207B883C711B093E7870061
:106790004DB683C711B093F7770F61BE17F7FD1F92
:1067A00003574740930740046D44E3FFE7B4854730
:1067B000E392F5B483470600E3EEF5B2F9DB938785
:1067C00081B19C435544E38107B483C751AF93E73C
:1067D00087001DB1930720040944E3E727B3E3953D
:1067E00085B283D504004A85EFD08E872A8429BEDE
:1067F000797106D622D426D24AD083472500514744
:10680000E91793F7F70F636BF70217A70000130759
:1068100027758A07BA979C432A84BA97828783543C
:10682000A5000346C5008346D500268532C636C47A
:10683000EF402F9AAA87A246324619E1854425A245
:1068400003C7C700A14713053400631AF7029387F3
:10685000C1B19C43A68589C79C4399C38297F9BF60
:106860009387C1AF8843EFC0FEAC69D99307E00FAF
:10687000E306F5FC85452685EFC0DEF2C1B79387B8
:1068800001B29C43A68599C39C43E9FB938781B0E1
:10689000D1BF8355A5002E852EC4EF408F93AA87C4
:1068A00051DD03C7C700A147130534001306C40018
:1068B0009306C401A245631AF7009387C1B19C43B4
:1068C000B5DF9C47A5DF829795BF938701B2C5BF0F
:1068D00083471500D5EF83476500858BD5CB93871C
:1068E00041B19C430149D5E781454146080897A03D
:1068F000FD1FE780C0F04C48B5CD83C76501194640
:10690000C105A30FF100080897A0FD1FE780A0EBC9
:10691000834764000357C1018987858BD98F231E64
:10692000F100EFE02FF783C791AE6390A70283C712
:10693000C18599C3EFF04FA197F7FD1F9387872576
:106940009C5B81C7854521458297EFE0AFF4A28526
:106950000808EFE01FCEAA84554905ED894503C517
:10696000A1AEEFA07EB6B2502254268502599254B1
:1069700045618280035544008544EF408F8565D58D
:1069800083475500194693056500A30FF100A5BF85
:10699000014903461400035544008545EFE01FEA12
:1069A000E30E09E84A868D4503554400EFE01FE9F0
:1069B00071B5034715009947631AF702035545005F
:1069C000EF402F81AA841DC183C7A1850947638930
:1069D000E7020D476380E70205476399E7008345B7
:1069E0005500035544000146EFE03FAA034614005A
:1069F00089455DBF0146814513050041EFF0FF8BDE
:106A00008355440003C504001546EFC09EDCF9BF62
:106A100093054500034535000146EFF0AFBF83C73E
:106A200091AEE37DF5E099473305F5021306C40006
:106A30009145130555021375F50FEFB03E8D03C553
:106A40008185EFB01E87DDBB83C741AF035545008D
:106A500081C783C591850DB583C7E18599E39545C8
:106A600021BDEF301FF7AA84E30A05DC8347A400A9
:106A7000858B85CB03455500854763F4A702835773
:106A8000C40093F7072091EF100893856400EFF09E
:106A90006FB883C791AE6396A7008D450355440038
:106AA000E1BB83C554000355440013068400EFE0A6
:106AB000DF9D01468145CDBD03554500EFF0CFC3B5
:106AC000B5BB03554500EFF04FAB83C7E18593F7A6
:106AD000F707238FF1849DB379719397050122D431
:106AE00006D626D24AD04ECEC1872E8463DE070852
:106AF00003C5A1AEEFA0AEEBAA8431C58347050064
:106B00001307100B638BE7041307000D6387E7027D
:106B10001307000B6396E70203474500F947631725
:106B2000F700035525008145EFF0AFC483C544004D
:106B300013858400EFF05EDD21A0EFF07FCB01C56F
:106B40002685EFA0AEDFA164A18CB2502254268529
:106B500002599254F2494561828083474500EDF322
:106B6000035685008355650003552500238601B033
:106B7000EFF0AFC883C7C1B0E1D703C581852386D5
:106B800001B0EFB00EF36DBF93F7250085C38145CB
:106B90000145EFE01FAA9344240083C7A1AE8545B9
:106BA00011E189453E85EFA03E9245B793F7150068
:106BB0006384070C138941B183270900938401B1D1
:106BC00083D947009C4099EFC165138741B289463C
:106BD00017A600001306C677FD150545EF003FAD6B
:106BE00023A8A1B08C40134414009DE98327090019
:106BF0000146854503D5470093140401C180EFE0A9
:106C0000FFC38327090001468D4503D54700EFE008
:106C1000FFC203C58185EFB0CEE9EFE0AFCC35B759
:106C20009308F00F094881471307E100740003D669
:106C300041B24E85EF00FFFD11ED0346D1008347C1
:106C4000C10022065D8E19C69C404E8583D5A700E3
:106C5000EFF0AFBA8840C165814603D641B2FD1559
:106C6000EF001FEF9314040123A8A1B0C1803DDD04
:106C7000854503C5A1AE05BF93F745008144E38672
:106C800007EC93C44500D1B503472500F14763E401
:106C9000E72A17A600001306E63193162700B296DE
:106CA0009C42411122C406C626C2B2972A8482871A
:106CB00083471500C5E7414697F5FD1F93854516A7
:106CC00017F5FD1F1305C51497A0FD1FE780A0B899
:106CD0003DE517F6FD1F1306A613C1450945EFB0A4
:106CE000EEE217F6FD1F1306A615C1450D45EFB0E0
:106CF000EEE103C58185EFB0CEDB9305340013854B
:106D000041B4194697A0FD1FE780E0AB8547854554
:106D100003C531B423A8F1B4EFA00EFB938701B5EE
:106D20008843938781B29C43ADC703A307006302E6
:106D30000306A2852244B2409244410102834146A7
:106D400097F5FD1F9385C50E17F5FD1F1305450F1C
:106D500097A0FD1FE78020B02DDD45B7994723A8F8
:106D6000F1B46DBF034715008347350039E3094788
:106D70006396E702938701B59C438145014593F7EC
:106D8000F7F093E7070223A8F1B4EFE07EADA3008C
:106D9000A400B240224492444101828005478145CB
:106DA00001456395E700EFE09E9BD5B7EFE01E8BB2
:106DB000F9BF0947E38FE7FC938701B58843419901
:106DC0001365650023A8A1B4A9BF83471500938468
:106DD00001B5BDE38D476315F70483C721B413974D
:106DE00087016187635B070093F7F707894503C550
:106DF00031B42381F1B4EFA02EED9C40914613F7FE
:106E0000F7006318D700C19B93E7570023A8F1B49C
:106E100085A08946E30FD7F6C19B93E72700FDB70E
:106E20009840A38B01B29546937707FF3D8B63197A
:106E3000D70493E74700D9BF9C40C19B93E7670005
:106E4000F1B7138701B51C4383461500BA84C19B73
:106E500095E293E7470023A8F1B40356A5009305F4
:106E60004500034535009146EFF06FA4A38B01B2B6
:106E7000884045BD13071003E392E6FCA38B01B2E3
:106E800093E7370061B7EFF0BF96938701B59C4356
:106E9000154793F6F700C19B13E53700E394E6F23C
:106EA00013E5270005B7938601B59C4203461500FC
:106EB000B68493F7F7F031E2CD46631BD70293E730
:106EC000070123A8F1B483C7A1B313978701618792
:106ED000635B070093F7F707914503C531B4238D32
:106EE000F1B2EFA06EDE9C40370500015D8D15BD4F
:106EF00093E7070223A8F1B4FDB793E70703DDBFCB
:106F0000938601B59C427D761306F60FF18F0346FA
:106F1000150019EE6D46631AC70093E7071023A802
:106F2000F1B49C4237050002D1B793E70720C5BFF3
:106F300093E70730EDB782800347050093061009F9
:106F40006307D7009307000D6305F704828083462B
:106F5000150039476391E60483564500056713071A
:106F60005740639AE60218459307F00783053700F8
:106F70006383F502938781B29C4391CF03A34700BB
:106F8000630B03008347270003451700A2075D8DAD
:106F900002836FF07FCF828001119397050126CA8B
:106FA00006CE22CCC187AE8463D5070C03C531B4AD
:106FB000EFA0EE9F2A8409C983C7B1B389EFEFF030
:106FC000BFF72285EFA08E972165258DF2406244A0
:106FD000D24405618280834705001307000D639E3C
:106FE000E7048347250081E7EFF01FF509A815475F
:106FF000639DE7000347C500A147E392E7FCA28534
:1070000003C5C1B2EFA02EA1C1B72147E38EE7FCB3
:1070100099466395D70083477500C5B71D47E39030
:10702000E7FA03554500EF30DF9A41DD0347C5001D
:10703000A1472285E315F7F8D9B71307200AE380A3
:10704000E7F813071009E391E7FA03471500B9477A
:10705000E31CF7F803574500856793875740E3150E
:10706000F7F818458347270003451700A2075D8DF1
:107070005DBF9397150163DE07001386C1B4914588
:107080001145EFB0AEA803C58185EFB08EA21165A2
:107090002DBF93F71500D9CB83C771B3B9CFEF30AC
:1070A0009FC097F7FD1F83C757B08D8B636AF504A8
:1070B0008D472302F1009387E1B283C707004C009C
:1070C00003C531B42306F100938791B383C707004A
:1070D000A306F100EFE0EEA30DC1938701B588434D
:1070E00041991365650023A8A1B4938781B29C439D
:1070F00089C79C4399C38145829713C51400F9B58C
:10710000938781B383C707001946938501B3230290
:10711000F100938761B383C7070013056100A302E1
:10712000F1009790FD1FE780006A71B793F7250083
:1071300085CF83C721B4858B8DC703C531B4EFE0FC
:107140006ECC05C1938701B588431375F5F023A86C
:10715000A1B4938781B29C4389C79C4399C381455D
:10716000829713C524009DB593F745000145E38F31
:1071700007E483C7A1B39DC703C531B4EFE0AECB2D
:1071800015C1938701B58843FD779387F70F7D8DF0
:1071900023A8A1B4938781B29C4389C79C4399C318
:1071A0008145829713C5440015B5797122D426D242
:1071B00006D6AA842EC6328436C43AC23EC0EF3008
:1071C0005F8139C50358E500B24582471247A246A0
:1071D000636DB800636B0401035605016317D600A5
:1071E0000356250161456300E602231CB1003E867B
:1071F0002C082685231D8100231ED100231FE100BA
:10720000EF30CFEC0145B250225492544561828058
:107210005145D5BF011106CE97F7FD1FA386A7B62E
:1072200091C52E8532C6EFE0BFE43246938701B5A3
:107230009C4385EB19C223A4C1B2F24003C6D1B26C
:1072400083C5A1B403C531B49387C1B417F7FD1F3B
:10725000130707BF97F6FD1F938686BB05616FF086
:10726000EE9DF24045450561828097F7FD1F83C77B
:10727000D7938D8B81EB614582806145B24022447A
:1072800041018280411122C406C603C431B4930770
:10729000F00FE314F4FE17050000130525D0EFA04E
:1072A0004EFFA381A1B4E30A85FC23A401B223A865
:1072B00001B491472385F1B4EFC00E8D414681455D
:1072C00017F5FD1F1305C5B49790FD1FE7802053E8
:1072D0004146814517F5FD1F130585B69790FD1FA3
:1072E000E780E05123A601B4238C01B2238B01B2C5
:1072F0009D4717F6FD1F1306A6B1C1450945238713
:10730000F1B2A38C01B2EFA0BED117F6FD1F130698
:1073100026B3C1450D45EFA0BED0414697F5FD1FF0
:10732000938505AF17F5FD1F130585AF9790FD1FDA
:10733000E7806049414697F5FD1F938565B017F5D5
:10734000FD1F1305E5AE9790FD1FE780C04713862C
:10735000C1B491451145EFA0BECC014505B7FD571D
:10736000A381F1B417F7FD1F1307C7A1A302F7000C
:107370002303F700238501B40547A38BE1B223A6BD
:1073800001B41947239FE1B20567130707C8239E7D
:10739000E1B22386F1B29D47A38601B2A38D01B26B
:1073A000A380F1B42380F1B419468145138501B35C
:1073B0001793FD1F6700A344930705D04111C2072F
:1073C00022C406C6C1835D472E84636BF70C17A7E2
:1073D0000000130767C58A07BA979C43BA9782874C
:1073E00083C7A1B42300F40035A0414697F5FD1FE3
:1073F000938505A222859790FD1FE780C03C19A8C0
:10740000414697F5FD1F9385A5A3EDB79387C1B4BA
:107410009C439CC18147B24022443E854101828009
:107420001946938541B4F9B783C771B365BF2E85FB
:10743000EFE06ECFC5B72E85EFE04ED1E1BF83C739
:1074400081B34DB783C761B371BF1946938501B34B
:1074500055B783C7E1B279B783C791B361B7938753
:1074600001B59C4341B783C7D1B2ADBF83D7E1B368
:107470002310F40045B783D7C1B3DDBF83C711B470
:1074800095B783C701B4B9BF2E85EFE06ECF59B76A
:1074900083C721B493F7F707B1B783C7A1B399B7EF
:1074A000130720048947E368A7F6EFB0BEE6231070
:1074B000A4008DB79307F5CFC207AE86C183D94527
:1074C0002A8763E6F52817A800001308E8BB8A0797
:1074D000C2979C43411106C6C297B2853685828702
:1074E0004147E147639EE602414617F5FD1F13053C
:1074F00025929790FD1FE780002D15A04147E14799
:107500006390E602414617F5FD1F13056593D5B755
:107510001147E1476396E6001C4223A6F1B4814778
:10752000B2403E85410182800547E147E39AE6FE8D
:107530000347060083C771B3A38BE1B295C38147AC
:1075400065F3138701B5184389463D8B6305D70062
:107550009546E317D7FC03C531B4EFD0DEF2C1B7CF
:1075600081475DDF138701B518436306A7003D8B94
:107570007517E367E5FA854503C531B4EF90DEF48E
:1075800079BF9307C01C63E0D71C630E061AB24094
:1075900041016FE0AE8C9307C01C63E6D71A630409
:1075A000061AB24041016FE08E9B0547E147E3991F
:1075B000E6F603470600A946E3E4E6F6238CE1B2CB
:1075C000B9BF0547E147E39DE6F4034706008D4652
:1075D000E3E8E6F4238BE1B299B71947E147E39179
:1075E000E6F41946138501B329B70547E147E39946
:1075F000E6F2034706009D46E3E4E6F22387E1B2A4
:1076000039BF0547E147E39DE6F0034706008D4695
:10761000E3E8E6F0A38CE1B219B70547E147E3914F
:10762000E6F083470600A386F1B2D5BD0947E147DE
:10763000E398E6EE0356060005671307A7C793060F
:10764000A6FFC206C182E36DD7EC239FC1B2C1BDC4
:107650000947E147E396E6EC035606000567130782
:10766000A7C79306A6FFC206C182E36BD7EA239E93
:10767000C1B275B58345060003C601B4A380B1B499
:107680000145EF70CFE061BD0346060083C511B42C
:107690002380C1B4F5B79307C01C63E6D70A45C67B
:1076A000B24041016FE0CE9B0547E147E39AE6E631
:1076B0008347060003C721B4058B2381F1B493F6F9
:1076C000170011C7E39D06E4EFD03EF689BDE388BD
:1076D00006E4138701B518438945398BE31E07E893
:1076E00093E707F82381F1B41DBD0547E147E3990E
:1076F000E6E28347060003C7A1B3238DF1B211C7A9
:10770000E39F07E0EFD0DEF419BDE38A07E01387BB
:1077100001B518431377070F19C39145B1BD93E71E
:1077200007F8238DF1B2E5BB9307200463EFE70070
:1077300089458947E396B6DEB240835506003A850F
:1077400041016FC0EE91E147E1BB8947D1BB93078F
:10775000200463E9A700894589476396B6008355ED
:107760000600C5B789473E8582806F700FCD011135
:1077700006CE2AC6EF30EFA509C9B245F24003454F
:1077800005004D4605616FC0CE84F2404945056154
:1077900082806F700FD0411106C6EF80402B1725F5
:1077A000FFFF1305C5D6EFA0CEAEEF10FFC117C582
:1077B000FEFF13056516EFA0CEADEFC02E9117F5B5
:1077C000FEFF13050519EFA0CEACEFF0AE951745FF
:1077D000FFFF1305A563EFA0CEABEF408FF717F5C2
:1077E000FFFF1305A52FEFA0CEAAEFE0DFA017152E
:1077F000FFFF13058528EFA0CEA9EF108FA4B2409C
:1078000041016FF09FA69387C1B5138741B59C4393
:10781000184301456313F700828083D6670081E631
:1078200083D6470036959C43F5B797E7FD1F9387AE
:1078300067368C4317E7FD1F035707364111138640
:10784000052223AEC1B4938785FFBA97056523AAA5
:10785000F1B406C61D05935637006374E500930620
:1078600000203307D60023ACE1B423A0E522E116C3
:107870002312D600231306001CC3998FE11723128D
:10788000F70023130700EFF01FF8B24097E7FD1F42
:107890002393A734410182809387C1B5138741B5F3
:1078A0009C43144301456393F600828003D767002D
:1078B00011E703D747006373E5003A859C43E5B7BA
:1078C0009387C1B5938641B59C4390422A87B305FF
:1078D000B5406314F6003A8529A8938687009C4337
:1078E000E369D7FEE377F7FE2E85E3E4D5FEE3F206
:1078F000F5FE828083C705002300F50083D72500AD
:10790000A300F50083D72500A1832301F50083C7D9
:107910004500A301F5001145828023A201B623A0F2
:1079200001B6828029C1411126C206C622C4AA849A
:1079300001458DC52E84228541469795000093858B
:10794000657A9790FD1FE78000E883C7040005452E
:107950002306F40083C71400A306F400B2402244B7
:1079600092444101828001458280011122CC26CAC5
:1079700006CE0947AA8432846383E50441468147E1
:10798000639BC500638FE6006397B6001DA841475F
:107990008147638FE600F2406244D2443E85056130
:1079A00082808A852285EFF0FFF741468A8521A8EB
:1079B0008A85EFF03FF741468A85228531A0E3981A
:1079C000B6FC2E86A28526859790FD1FE780A0E84D
:1079D000AA87D1B723A2A1B68280011122CC035479
:1079E000650006CE26CA4AC84EC641C08329850016
:1079F000AE842A8803C9090081471317890161876A
:107A000063550702B147054563FA870451144204E0
:107A100003552800418033878900A2864E8685451C
:107A2000EF408FA9B337A00085077D141355690077
:107A3000420405891379F90341802380F400A3806F
:107A4000A4002381240123928400014719C01387D5
:107A5000190098C409476383E7000145F240624476
:107A6000D2444249B249056182800545C5BFC1671C
:107A7000F917630AF502D94763F7B702011122CC5F
:107A80002EC606CE2A84EF101F81B2456368B5006A
:107A900022856244F24005616F300F99F2406244E2
:107AA00005450561828005458280C167F917631429
:107AB000F5006F104FFE411106C6EF30EF8511E162
:107AC0005D45B2404101828039714ED656D25AD0BE
:107AD00006DE22DC26DA4AD852D4AA8A2E8BB28954
:107AE00049EF36C6EFF07FFC9145EF105F8BAA841B
:107AF0004D492DC9B246054A238034010544630A25
:107B00000B00B68513851400029B050513140501AF
:107B10004180E20993D9894163D30902C145568561
:107B2000EF308F8D654905E933868400A28526856F
:107B3000EF30BFE92A8905E13104420441809147D1
:107B40002C085685231CF10026CE231D8100EF2032
:107B50003F962A8901C963070A00268597A0FD1F61
:107B6000E78000ACF25062544A85D2544259B2596F
:107B7000225A925A025B21618280BA84014AADBFC7
:107B8000011122CC26CA4AC84EC606CE2A893284A2
:107B9000B689EFF07FF3AA8405E1938741B69C4351
:107BA00081CF05476317E40003C40900050413747B
:107BB000F40FA2854A858297F240624426854249A5
:107BC000D244B24905618280AE86014705469705D9
:107BD0000000938565D26FF0BFFA83D705002300BC
:107BE000F50083D70500A183A300F5000945828035
:107BF00083C7250005472300F50003D505006397DB
:107C0000E7000A050505420541818280C947330521
:107C1000F502CDBF03D505000A05420541818280EA
:107C200083D725002300F50003D5050083D7250061
:107C30003305F502050542054181828003D5050023
:107C4000828003D50500828003D50500828083D71A
:107C500025002300F50003D5050083D72500330553
:107C6000F502050542054181828083D70500230086
:107C7000F50083D70500A183A300F50083D7250075
:107C80002301F50083D72500A183A301F50003D5C7
:107C90004500110542054181828083D705002300FC
:107CA000F50083D70500A183A300F50003D52500C7
:107CB000090542054181828089471145639BF60091
:107CC00083471600834606000145A207D58F23107F
:107CD000F700828003D70500D947AE8663FAE70034
:107CE00001470D4697050000938565EF6FF05FE94A
:107CF0000945828011456393A60283471600834697
:107D000006000145A207D58F2310F70083473600F0
:107D100083462600A207D58F2311F700828083C7F0
:107D200025000547FD1793F7F70F6361F70483D725
:107D300005008DCF011122CC2A84C84106CE15C181
:107D40002EC68945EFF0DFB72A8722856244B24606
:107D5000F2401546970500009385C5E905616FF06F
:107D60003FE2F24062440945056182800945828014
:107D70009547114563F9D706411122C426C24AC06E
:107D800006C683471600BA8403470600A20732845A
:107D9000D98F2390F40083473600034726009305CC
:107DA0004400A207D98F2391F40089472382F4006D
:107DB00009461385540036899790FD1FE780A0A0DF
:107DC0009307A9FF2394F4009947631BF90023A6A6
:107DD0000400B2402244924402490145410182809C
:107DE0001904C0C4FDB7828083D705008DCF01116F
:107DF00022CC2A84C84106CE15C12EC68545EFF097
:107E00003FAC2A8722856244B246F2401D46970560
:107E10000000938565E005616FF09FD6F2406244F3
:107E20000945056182800945828099476395F6047A
:107E30008947411106C62302F7008347160083468F
:107E40000600B285A207D58F2310F70083473600BE
:107E50008346260003464700A207D58F1305570027
:107E60002311F70091059790FD1FE780C095B24060
:107E7000014541018280D14711456394F600C14715
:107E80004DBF828083D705008DCF011122CC2A847B
:107E9000C84106CE15C12EC68945EFF07FA22A87BC
:107EA00022856244B246F24025469705000093853C
:107EB00065D705616FF0DFCCF2406244094505618A
:107EC00082800945828089471145639BF60083477C
:107ED0001600834606000145A207D58F2310F70040
:107EE0008280011122CC2A84C84106CEAE86014789
:107EF00019C52EC68545EFF0BF9CB2462A8722855C
:107F00006244F2402D4697050000938565D30561D4
:107F10006FF01FC711456393A6028347160083467F
:107F200006000145A207D58F2310F70083473600CE
:107F300083462600A207D58F2311F7008280011106
:107F400022CC2A84C84106CEAE8611C52EC68545F0
:107F5000EFF01F97B2462A8722856244F2403546E9
:107F600097050000938525CE05616FF07FC193F7DB
:107F70001600114589EB89476387F6008582231235
:107F8000D70010C301458280011122CC2A84C84148
:107F900006CE15C12EC68545EFF09F922A87228511
:107FA0006244B246F2403D4697050000938505CAFB
:107FB00005616FF0FFBCF2406244094505618280B3
:107FC00083D705008DCF011122CC2A84C84106CE6B
:107FD00015C12EC68945EFF0BF8E2A8722856244DF
:107FE000B246F240454697050000938585C6056177
:107FF0006FF01FB9F240624409450561828009456E
:108000008280854763FCD7022304A700A304B7003E
:108010008347160083450600A207CD8F2310F70083
:108020009387E6FF2311F70089476386F600090668
:1080300050C30145828023220700E5BF114582809D
:10804000014781464D4681456FF09FB38D471145ED
:1080500063FBD7028347160083450600A207CD8F36
:108060002310F7008347360083452600A207CD8FF3
:108070002311F7009387C6FF2312F7006386A6003B
:10808000110610C70145828023240700E5BF0111B6
:1080900022CC2A84884506CEAE8611C52EC69545CB
:1080A000EFF01F82B2462A8722856244F2405D4685
:1080B000970500009385A5BB05616FF07FAC8547F0
:1080C00011456397F6008347060001452300F7003A
:1080D000828001478146654681456FF07FAA011184
:1080E00022CC2A84C84106CEAE86014719C52EC6C9
:1080F0008D45EFF0EFFCB2462A8722856244F240BC
:108100006D4697050000938585B905616FF0DF9B8B
:10811000011122CC2A84C84106CEAE86014719C57A
:108120002EC68D45EFF0CFF9B2462A8722856244EC
:10813000F240754697050000938565B605616FF0BE
:10814000BF988147179800001308C8FA1306F00F6C
:108150003307F800834607001397060141836364E1
:10816000E5006393C600828083D605006365D7006F
:108170002390E5008280850793F7F70FD1BF411167
:108180009397050122C406C626C2C1872E8463D5F3
:108190000702EF90CE81AA8409CD834705000547E9
:1081A00093C707086364F700EF60E00A2685EF8055
:1081B000FEF82165218D29A893F7150099CF97E73F
:1081C000FD1F938727C9FC5791C38297134514005D
:1081D000B240224492444101828093F7250099CB1A
:1081E00097E7FD1F938707C7BC5B91C38297134531
:1081F0002400F9BF93F7850081CF97E7FD1F938790
:1082000067C5FC5FBC5B91C3829713458400C9B707
:1082100093F7450081CF97E7FD1F9387A7C3FC5FC6
:10822000FC5791C38297134544005DB793F705024D
:1082300091CF97E7FD1F9387E7C183A7070983A71E
:10824000070991C382971345040259B793F70501B3
:1082500091CF97E7FD1F9387E7BF83A7070983A700
:10826000C70891C38297134504019DB793972501D1
:108270000145E3DF07F497E6FD1F83C616BE17E648
:10828000FD1F034686BD97E5FD1F83C5F5BC17E5B9
:10829000FD1F034565BCEFB06FA6096521BF411105
:1082A00022C417E4FD1F1304E4BA130680128145AB
:1082B00026C2AA84228506C623A601B69780FD1F82
:1082C000E780E0530145EF2050120145EF20F019FF
:1082D00097E7FD1FA38F978EB707D707B50717E757
:1082E000FD1F2323F7B8B7A70D0D9387372117E795
:1082F000FD1F232DF7B6B7A7D7079387372117E7B9
:10830000FD1F2327F7B6E9779387372117E7FD1F6E
:108310002312F7B67D4781472320E40E0327040D7F
:108320002322F40EB7872D049387F79F5D8F832751
:10833000440D97E6FD1F23A7E6BE97E6FD1F23A782
:10834000E6BE93E7E73917E7FD1F2323F7BE97E65D
:10835000FD1F23ABF6BC97E7FD1F83C7878417E794
:10836000FD1FA307F7BA17E7FD1FA307F7BAF977B1
:10837000FD1717E7FD1F2312F7BE17E7FD1F231F89
:10838000F7BCFD4717E7FD1F230BF7BC97E7FD1F61
:10839000A38E07AE85679387F7F017E7FD1F2318B5
:1083A000F7AE17E7FD1F2315F7AEEF909E9597E701
:1083B000FD1FA382A7AA9307C01C17E7FD1F231860
:1083C000F7B0854717E7FD1FA305F7AC97D7FD1F4B
:1083D00083D7877CA98317E7FD1FA30FF7AE8D47CF
:1083E00017E7FD1F2319F7AA97E7FD1F23A607AA82
:1083F000B71707069387074417E7FD1F2320F7AA3F
:1084000097D7FD1F9387077983D707011307B00F0D
:108410006374F7009307B00F1396070117E7FD1F6A
:10842000231FF7A417E7FD1F231DF7A48347C403E9
:1084300041829306E600918BC5C39317660093872C
:10844000073DC207C18317E7FD1F231BF7A20347A0
:10845000D403118B49C7131766001307073D420762
:10846000418397E5FD1F239FE5A0ED4532876373A8
:10847000B6006D4717E6FD1F231FE69E1306801406
:108480003E8763F4C700130780148E0697E7FD1F2D
:108490002394E79E97E7FD1F2392E79E97E7FD1F32
:1084A000239DD79C9307C01C17E7FD1F2314F79E3D
:1084B000B70716009387079017E7FD1F2326F79C41
:1084C000EF904FEEEF40901AEF80BFC82244B240C9
:1084D000924441016F60C025939736009DB7139772
:1084E0003600B5BF411106C622C426C217E7FD1FDC
:1084F0000347279A97E7FD1F83C7B7996369F7007A
:1085000001442285B2402244924441018280AA84DF
:10851000930510241305800B9790FD1FE780E0035F
:108520002A8479DD1306800B81459780FD1FE78043
:10853000002D81E4C1572304F40097E7FD1F9387C2
:108540006791B84F3DE717E7FD1F232F879417E783
:10855000FD1F232D879417E7FD1F232B87942320CE
:108560000400054797E6FD1F2385E6920547A3040F
:10857000E400130700F9A305E40017E7FD1F130744
:108580002781544B184F17D5FD1F0345E56174C46F
:1085900038C87D57230BE40083C7A704A30EE40665
:1085A0002304A4062306F40AEF809FDBA30AA40099
:1085B00089BFF84F00C317E7FD1F232B878E2320A9
:1085C000040003C7E703050771BF8347E5014111B5
:1085D00022C406C69907A308F5007C451147230865
:1085E000E5002380E7007C45034715012A84A3802A
:1085F000E70083475503858B91E703474503894788
:108600006319F70078448347070093E707042300C2
:10861000F700684493056403194609059780FD1F18
:10862000E780601A68440356E4014C5421059780A2
:10863000FD1FE7804019930730F9A305F400B2400D
:1086400022444101828041114AC017E9FD1F1309EC
:1086500069808327490B06C622C426C299E30545D3
:1086600005AAAA84EF90EF918327490B8297EF40E8
:10867000C0562A846DD5DC50AC482324F50803C7C6
:10868000B4009307A009631BF71085472300F51476
:1086900083C734062303F514A303F51483C7F50039
:1086A00003C705010148A2074207BA9703C7E500BF
:1086B0001546F905BA9703C735FF130584136207FA
:1086C000BA97232CF40883C755FF03C765FFA20799
:1086D0004207BA9703C745FFBA97232EF40883C70A
:1086E00075FFA30BF40283C795FF03C785FFA2079D
:1086F000D98F231CF40283C7B5FF03C7A5FFA207C8
:10870000D98F231DF40283C7D5FF03C7C5FFA20776
:10871000D98F231EF40283C7F5FF03C7E5FF232E7D
:108720000413A207D98F231FF4028147232CF412CC
:108730009780FD1FE7802009B84883473702FD8BEB
:10874000A30AF40203473702ED1793F7F70F1583D7
:108750002308E4022D476368F7028357A4030567E3
:108760009306A7C7E917C207C18363EEF6008356D5
:10877000C4039307301F63E8D7008357E40313074C
:1087800007C8637EF70203558400EF40206501456A
:10879000B240224492440249410182808327890DDC
:1087A00013971701E35C07EEFC4403C7070083C778
:1087B0000500F98F9583858B2300F514C5B58327B4
:1087C000890B228582978327090E03558400294649
:1087D00093F7072091E3054693050008EF505041B9
:1087E0008327890D139717016359070003558400E8
:1087F000514693050008EF50B03F83274905FC4BD5
:1088000013974700E35D07E403C58400A38B0400CE
:10881000494693050008EF50B03D91B5411122C47F
:1088200006C626C24AC097D7FD1F83C7B7622A84EF
:108830008DEB0347040185476318F70E8347D40384
:1088400003475404858B631FF70C19469305640492
:108850001305E4039780FD1FE780E0FFB334A00019
:10886000A1A883475504DDC78347B5041307000457
:1088700093F7070C6390E70A085931C5130964049C
:10888000CA851305A5029790FD1FE780804585479F
:10889000AA84631AF502085889472302F40483471F
:1088A00035001946CA8593E72700A302F404510551
:1088B0009780FD1FE78020F1B240224426850249BF
:1088C0009244410182800347040185476304F70411
:1088D00083470406918B9DEF8347C40385EF1305FF
:1088E00044049790FD1FE780C04B08D805C5894711
:1088F0002302F4048347350019469305640493E783
:108900002700A302F40451059780FD1FE780A0EB28
:1089100085445DB78347C403898B81DF1C5883C7B7
:10892000170081FB814449BF83470406918B99F767
:108930008347D40013F717000DC3834634010D4756
:10894000639DE60068402C442244B24092440249B0
:1089500041011783FD1F6700C32C898BD5DB0347BB
:1089600034019547E316F7FAF1BF411197D7FD1F80
:10897000238E075422C4930710F906C6A305F500F9
:10898000938781B680430DC0854517D5FD1F0345EC
:108990005524EF805EF6930710273305F5022283F6
:1089A0002244B24041010283B2402244410182800C
:1089B0008347A50199C70347A5006314F7006FF02B
:1089C000DFFA0347950111CF8346A5006382E602D3
:1089D0002305E500894517D5FD1F0345951F6F80C9
:1089E000BEAEF1DF0347A50079FB2305F500DDB737
:1089F000F9D7E5BF2C49314783C7150093F7F70333
:108A00002309F5006386E700930700083E8582800E
:108A100083C705000D47BD8BA309F500E396E7FE6C
:108A200041114AC01309650322C419462A84A105CD
:108A30004A8506C626C29780FD1FE780C0E19147A0
:108A4000630F05222C4819461305640483C70500EB
:108A500089059987858BA302F4049780FD1FE78021
:108A600080D62285EFF09FDBA147630A052013051E
:108A7000200483044401EFA0FE8962056185930709
:108A8000000863CEA41E64449D472308F40023809D
:108A9000F40085472381F400A381F400CA851946B8
:108AA000138544009780FD1FE780E0D183C7240031
:108AB00003C734000149990793F7F70F136787003D
:108AC0002381F400A381E4007844BA970357C406D5
:108AD000A381E70083C724007844834614063E97A9
:108AE0008357C4069206A183BD8BD58F2302F7005E
:108AF00003C7240009071377F70F2381E400835687
:108B0000E401E1C283470406795993F7070491C34E
:108B100075593309E9401379F90F6374D90A83460B
:108B20003406751989471379F90F6391F61683474F
:108B3000B40663960716916793870729F9469387CA
:108B4000771BB3C7D70217D6FD1F03462638136617
:108B5000060197D5FD1F238BC536138681AC1042C5
:108B600085650CC6B386D702860634D283C6340028
:108B700093E60601A381D400744403462406369785
:108B8000A301C70083C62400784436972302F70068
:108B900003C724007444A187BA9603473406160716
:108BA000D98FA382F60083C724008D072381F400A8
:108BB0005C54CA973CDC8357E401B38727412319EF
:108BC000F4068347040693F7070485C703C73400F8
:108BD0007C4483C6240013670704A381E400034791
:108BE0005401B697A381E70083C72400850723813A
:108BF000F40003C524000356E4014C5493073500E8
:108C000068443E954DC26360C90A9780FD1FE780A6
:108C100080BB0349E40103C724009377F70385076A
:108C20003E99A30824012381E40083475403858BE4
:108C300091E70347440389476319F7007844834762
:108C4000070093E707042300F7007C4483451401E1
:108C5000A380B700930790F9A305F40003453406F9
:108C60008347B4065D8DEF80CFFC014681450D45FD
:108C70009780FD1FE780003DEF80BFB08147B24085
:108C80002244924402493E85410182800546930771
:108C90008042E385C6EA85679387878445B5856703
:108CA0009387E71B61BD4A869780FD1FE780A0B1CF
:108CB0009DB72C491307200283C7150093F7F703CC
:108CC0002309F5006396E71A011122CC06CE26CAC5
:108CD0004AC84EC683C7050015472A84BD8BA30921
:108CE000F500639CE7021946A1051305650397800B
:108CF000FD1FE78040B69147630A05142C481946CA
:108D00001305640483C7050089059987858BA30231
:108D1000F4049780FD1FE78000AB2285EFF01FB0C1
:108D2000A147630505128346340617D9FD1F1309B1
:108D300069EE054797D9FD1F83D949EE83270900BE
:108D4000637ED710829737460F00AA841306062445
:108D500081461305007D3385A9028145EF60F074DB
:108D6000B307950033B5A7002E953E8783264900AB
:108D700019E163E4D7003387D7406444A14723084F
:108D8000F40058D02380F40085472381F400A381A8
:108D9000F400194693056403138544009780FD1F72
:108DA000E78060A283C7240099072381F40083C76A
:108DB000340093E72700A381F4008347540481CB58
:108DC00078448347070093E707F82300F700194624
:108DD000930564041385A4009780FD1FE780A09E7F
:108DE00083C72400990793F7F70F13F7F7030507D5
:108DF000A308E4002381F40083475403858B91E7A3
:108E00000347440389476319F70078448347070001
:108E100093E707042300F7007C4483451401A380F3
:108E2000B7009307A0F9A305F40003453406834770
:108E3000B4065D8DEF80EFDF014681450D459780DB
:108E4000FD1FE7802020EF80DF938147F2406244DE
:108E5000D2444249B2493E850561828082973746B5
:108E60000F00AA841306062481461305803EE5B54B
:108E7000930700083E85828041114AC0138981AC66
:108E80008327090022C41307000A06C626C22A84C3
:108E9000F8D30945EF805F969386C1AB9042B70542
:108EA0000082FD155C56F19B93E717005CD6032703
:108EB00009005C4393E717005CC38347840693F77C
:108EC000F703139797015C56ED8FD98F5CD6371750
:108ED0000040930770052300F704930780FA2300EE
:108EE000F70403068406B54763D0C71683572702E5
:108EF00093E707012311F7029C423706330098439A
:108F00001377F7E798C398431377F7E713670710CA
:108F100098C3138701AD18431447D18E14C7832615
:108F200009001306A00DB0CA5457F59A54D7034749
:108F300024069376F7079843137707F8558F98C35D
:108F400037C7898E130767ED98C7375755006444B4
:108F500013075755D8C39D472308F4002380F40016
:108F600085472381F400A147A381F4007C44035783
:108F7000C4062382E70083C724007844834614068E
:108F80003E978357C4069206A183BD8BD58F2302DB
:108F9000F70003C524009307E00F09051375F50FCB
:108FA0002381A40003562407898F63CFC7047C4420
:108FB0002C5C0D053E959780FD1FE780C08003C7A0
:108FC0002400834724079376F7038507B697A30801
:108FD000F4002381E40083475403858B91E7034722
:108FE000440389476319F70078448347070093E7F0
:108FF00007042300F7007C4403471401A380E70023
:10900000930780F9A305F40083270900784481457C
:10901000171500001305C539B8DBEF805E9597D7AB
:10902000FD1FA38807D6834534068347B40603464D
:1090300014012244B24092440249DD8D01454101B0
:109040001783FD1F6700030083572702C207C183F0
:10905000BD9BC207C18379BD397152D4138A81ACDB
:1090600083260A0022DC26DA06DE4AD84ED693078B
:10907000000AFCD29387C1AB9C43B70533002A8416
:10908000D857719B13671700D8D798431377F7E722
:1090900098C398431377F7E71367071098C31387AC
:1090A00001AD184310474D8E10C71306A00DB0CA6E
:1090B0005057759A50D7034725061376F7079843FC
:1090C000137707F8518F98C3DC420D4793E71700D9
:1090D000DCC264459D472308F50085462380F400E3
:1090E000A38104002381D4008347F5056385E7004D
:1090F00019476396E7528547A381F4001946930503
:109100006403138544009770FD1FE780C06B83C71D
:10911000240099072381F4000347F4059947631657
:10912000F70483C734001385A40093E72700A381C5
:10913000F40083475403898B6385071E0C5883C74B
:1091400025016380071E1946D1059770FD1FE78032
:10915000806778448347070093E707F82300F70008
:1091600083C7240099072381F40083C7340003C711
:10917000240093E78700A381F4007C44BA97035747
:10918000C406A381E70083C72400784483461406FD
:109190003E978357C4069206A183BD8BD58F2302C9
:1091A000F70003C7240009071377F70F2381E400B2
:1091B0008356C4016386061A83470406795993F7D8
:1091C000070491C375597C483309E9401379F90FB5
:1091D000918B81C739191379F90F81496374D90AC1
:1091E00083473406751989461379F90F639DD7149F
:1091F0008347B40663920716916993890929F94751
:109200009389791BB3C9F90297D6FD1F83C606CC93
:1092100093E6060117D6FD1F230AD6CA83260A0045
:10922000056690C6B387F9028607BCD283C73400AF
:1092300093E70701A381F4007C44834624063E970C
:10924000A301D70003C724007C4493D68940BA9772
:109250002382370183C7240078443E97834734062E
:109260009607D58FA302F70083C724008D072381BB
:10927000F4001C54CA973CDC8357C401B3872741D0
:109280002319F4067C48914613F7C700630BD700F7
:10929000B1466316D726834614060347F407639046
:1092A000E626A18BE1C79387019F9C43832984090C
:1092B000829717D7FD1F1307E79563E6A90AB747FB
:1092C0000F003385A94093870724B335F502035671
:1092D000870081463305F502EF60301DAA89B70784
:1092E0004B00138749ED9387B7C763EAE7204946E8
:1092F000814568009770FD1FE7806050B7C7030085
:10930000938737FC63CD3713BD09F947B3C9F90219
:10931000B2477977F98FCE0993D93901B3E937018B
:10932000B9A28347D40381CB78448347070093E7EE
:1093300007F82300F70019469305E4039770FD1F13
:10934000E780604831BD854693098042E389D7EACA
:1093500085699389898465B585699389E91B45B5D4
:109360008149014905B75C43BE9991BF83C7340069
:1093700083453406C18BA1CB79460947B389C9021D
:10938000835724076395E5020347B40699078E07C0
:1093900009CB9387770D13961700B29993894929C2
:1093A0003DBF9387A70493963700B699C5BF05477D
:1093B0006397E500BD0713972700BA99C5B7B907AA
:1093C0008E07BE99E1BF03C724008357C401BA9733
:1093D0000947639EE5040347B406D9078E0721C7F2
:1093E0009387770D860717D7FD1F034737AE13679F
:1093F000170097D6FD1FA38BE6AC03270A00A166D2
:109400009389875214C793875754F946B3C7D70235
:10941000B387D70286077CD7834714062300B40896
:10942000A30FF4066DBD9387A7048E076DBF054794
:109430006395E500FD078A077DB7F907FDB7B78794
:109440002500138747ED634637031307C01293893E
:109450006909B3C9E902B24789661387F6FFD58F58
:1094600033F7E900F979B3F93701B3E9E9004EC6FA
:1094700019A863C037178357C1006977F98F11673F
:10948000D98F2316F1008357640868446C00139742
:1094900007018357C100D98F3EC68327040A0327DB
:1094A000C4083EC88327440A13168700618393F6D5
:1094B000F70197D7FD1F83C7179A9D8B9607D58F06
:1094C000D18F3ECA832704094946A2075D8F83577F
:1094D00084083ACC231EF10083C724008D073E95F3
:1094E0009770FD1FE780202E83C7340093E70702A3
:1094F000A381F40083C72400C9072381F4008347B4
:10950000040693F7070485C703C734007C4483C669
:10951000240013670704A381E40003475401B697AE
:10952000A381E70083C7240085072381F400035645
:10953000C40161E2014983C624008347E40513F7AF
:10954000F60305073A999A07D58FA30824012381CA
:10955000F40083475403858B91E70347440389470D
:109560006319F70078448347070093E70704230053
:10957000F7007C44034714018145171500001305CB
:1095800025E3A380E700930760F9A305F40078447E
:1095900083270A00B8DBEF808EBD97C7FD1FA38A23
:1095A000077E97C7FD1F2387077E834534068347C1
:1095B000B406034614010145DD8D9780FD1FE78049
:1095C00060A8F2506254D2544259B259225A2161D1
:1095D0008280B787DAFF93876709BE998347D100F6
:1095E00093F7F7F993E70706A306F1009307C01274
:1095F00031BB03C524000C549307350068443E95E5
:109600006369C9009770FD1FE780E01B0349C4012F
:109610001DB74A869770FD1FE780E01A29BF1387A0
:10962000E7FF1377D70F6311071EA381D4009305BB
:1096300065031946138544009770FD1FE780A01845
:1096400083C7240003C7340097D9FD1F93898980FD
:10965000990793F7F70F136787002381F400A3811D
:10966000E40078440149BA970357C406A381E70090
:1096700083C724007844834614063E978357C40664
:109680009206A183BD8BD58F2302F70083C62400E9
:109690009147890693F6F60F2381D4000347F4051A
:1096A0006310F70C83470406795993F7070491C3B5
:1096B00075598357C4013309D9401379F90F637180
:1096C000F90A03473406751989471379F90F6318A6
:1096D000F7108347B406639D0710916793870729A6
:1096E00079479387771BB3C7E70203C689071366D9
:1096F000060197C5FD1F238BC57C03260A008565DF
:109700000CC63387E702060738D203C73400136755
:109710000701A381E400784403462406BA96A38196
:10972000C60083C62400784436972302F70003C797
:1097300024007444A187BA96034734061607D98FCC
:10974000A382F60083C724008D072381F4001C54F4
:10975000CA973CDC8357C401B38727412319F40619
:109760008347040693F7070485C783C7340003C7FC
:10977000240093E70704A381F4007C44BA970347CD
:109780005401A381E70083C7240085072381F400E7
:109790000347F40591476317F7060356C4013DC21A
:1097A00003C524000C549307350068443E95636557
:1097B000C9049770FD1FE78000010349C4010347F6
:1097C000F4059147631AF72883C7890793F7070FB2
:1097D00093E7570017C7FD1F230AF76EA9BB05467D
:1097E00093078042E30EC7EE856793878784CDBDDC
:1097F00085679387E71BEDB54A869770FD1FE78065
:1098000080FC75BF014965BF93F7B70F0547E39328
:10981000E7D2A381F400930565031946138544003C
:109820009770FD1FE78020FA83C7240099072381E2
:10983000F40083C7340093E72700A381F400834733
:10984000D40381CB78448347070093E707F82300CC
:10985000F700834754031385A400898B6387071A95
:109860000C5883C725016382071A1946D1059770E2
:10987000FD1FE78040F578448347070093E707F82A
:109880002300F70083C7240003C7340097C9FD1FD6
:109890009389495C990793F7F70F13678700238132
:1098A000F400A381E40078440149BA970357C40641
:1098B000A381E70083C724007844834614063E97BB
:1098C0008357C4069206A183BD8BD58F2302F70070
:1098D00083C624008547890693F6F60F2381D400BA
:1098E0000347F4056310F70C83470406795993F78F
:1098F000070491C375598357C4013309D9401379BB
:10990000F90F6371F90A034734067519894713790A
:10991000F90F631EF7108347B4066393071291672C
:109920009387072979479387771BB3C7E70203C655
:1099300089071366060197C5FD1F2389C5580326AD
:109940000A0085650CC63387E702060738D203C7CD
:10995000340013670701A381E4007844034624061A
:10996000BA96A381C60083C62400784436972302A2
:10997000F70003C724007444A187BA96034734064E
:109980001607D98FA382F60083C724008D07238191
:10999000F4001C54CA973CDC8357C401B3872741A9
:1099A0002319F4068347040693F7070485C783C782
:1099B000340003C7240093E70704A381F4007C4428
:1099C000BA9703475401A381E70083C724008507A2
:1099D0002381F4000347F4058547631DF70603560A
:1099E000C4012DCA03C524000C54930735006844F4
:1099F0003E95636BC9049770FD1FE780C0DC034987
:109A0000C4010347F405854775BB8347D40381CB65
:109A100078448347070093E707F82300F7001946C7
:109A20009305E4039770FD1FE780E0D9A1BD0546CB
:109A300093078042E308C7EE856793878784DDB587
:109A400085679387E71BF9BD4A869770FD1FE780FE
:109A500080D745BF014975B783C7890793F7070FBB
:109A600093E7670085BB011156C297CAFD1F938A11
:109A70006A3E83A74A0A06CE22CC26CA4AC84EC6E8
:109A800052C4639F07502A840945EF70FFD613899B
:109A900081AC032609009307000A9389C1AB7CD2ED
:109AA00083A70900B7053300568AD857719B1367FF
:109AB0001700D8D798431377F7E798C398431377DD
:109AC000F7E71367071098C3138701AD18431447CE
:109AD000CD8E14C79306A00D34CA5457F59A54D7A7
:109AE0000347A4009376F7079843137707F8558F39
:109AF00098C38347E4007844BD8B2308F400230017
:109B0000F7001D476444639CE73C8547A38104003C
:109B10002381F4000347F4058D45631FB72883575D
:109B2000C401639207187C481147B18B638DE71617
:109B300031476398E700034714068347F40763043B
:109B4000F7168547A381F40019469305640313852E
:109B500044009770FD1FE78000C783C72400990762
:109B600093F7F70F2381F4000347040613770704E4
:109B700015C303C7340013670704A381E4007844C6
:109B8000BA9703475401A381E70083C724008507E0
:109B90002381F40097C7FD1F238A073283C6240060
:109BA0008347E40513F7F60305079A07D58FA30843
:109BB000E4002381F400930740F9A305F4008347F0
:109BC0005403858B91E70347440389476319F700E2
:109BD00078448347070093E707042300F7007C4499
:109BE00003471401B7060082FD16A380E700032790
:109BF00009005C4393E717005CC38347840603A610
:109C0000090093F7F703139797015C56F58FD98FE7
:109C10005CD637170040930770052300F7049307BD
:109C200080FA2300F70483068406B54763D2D7364B
:109C30008357270293E707012311F70203A70900BF
:109C4000B7C7898E938767ED1CC7B75755009387B1
:109C500057555CC38347A4068344440681451705D2
:109C600000001305E574DD8C894717C7FD1FA304A9
:109C7000F71297C7FD1FA38E0710832709007844AA
:109C8000B8DBEF70DECE034614016244F240424975
:109C9000B249224A924AA685D2440145056117730A
:109CA000FD1F6700233AA147A381F4008357C40630
:109CB0002382F4008357C406034714067444A18327
:109CC0001207BD8BD98FA382F60083C624000547F7
:109CD000890693F6F60F2381D40083478A0703266B
:109CE00009006313F7060347440689476316F71E06
:109CF0000347A406938766008E07630B071C9387B0
:109D0000770D8607231AF406835744070347840117
:109D1000F9459387070AB387E702094517C8FD1F6E
:109D20002306A81A056508C6938707FBC207C183E7
:109D300093877716B3C7B70213970701B387B702A4
:109D4000418386073CD21DA03852F947058333571B
:109D5000F7023C526C528583FD8BAE977CD28D47C7
:109D600017C6FD1F2304F6164207418383C734003C
:109D700093E70701A381F4007C44BE968347240641
:109D800093E70704A381F60083C624007C44B697BA
:109D90002382E70083C624007C4421837D8BB69711
:109DA000834634069606558FA382E70083C72400B6
:109DB0008D072381F400DDB399466319D70A035751
:109DC000C4014DE7A381F4001385440019469305AF
:109DD00064039770FD1FE780009F83C724001385ED
:109DE000A40099072381F40083C7340093E7270078
:109DF000A381F40083475403898BB9C70C5883C7E8
:109E00002501B9C31946D1059770FD1FE780A09BB6
:109E100078448347070093E707F82300F70083C7D8
:109E20002400990793F7F70F2381F40003470406F2
:109E300013770704E30007D683C63400784493E61B
:109E40000604A381D4002DBB8347D40381CB78447F
:109E50008347070093E707F82300F70019469305A7
:109E6000E4039770FD1FE780009655BFA147A381CB
:109E7000F4008357C4062382F4008357C4060347C3
:109E800014067444A1831207BD8BD98FA382F600F8
:109E900083C624000547890693F6F60F2381D40074
:109EA00083C78A0703260900E30FF7E23852F94710
:109EB00005833357F7023C5268528583FD8BAA977E
:109EC0007CD297C7FD1F2383B7004207418379BD2A
:109ED0009387A7048E073DB59387E600E5BF054746
:109EE000639CE708B147A308F40083475403898BB8
:109EF000ADC30C5883C72501A9CF1946D1051385D9
:109F000084009770FD1FE780008C7844834707002A
:109F100093E707F82300F7006844194693056403A4
:109F200009059770FD1FE780008A83278A0D139724
:109F30001701635D07008347E400B98B81EB784428
:109F40008347070093E707022300F700930720F9F0
:109F5000ADB18347D40399C783C7040093E707F8DB
:109F60002380F400684419469305E40321059770A3
:109F7000FD1FE78040854DB70356C4010C5413857F
:109F800084009307660093F7F703A308F400C5B7AE
:109F900083572702C207C183BD9BC207C18369B92A
:109FA000F2406244D2444249B249224A924A05618F
:109FB0008280411197C7FD1F9387C7E922C4A05330
:109FC00006C605478346C4006390E60283C7870739
:109FD00011476315F7002285EFE03F99228522445F
:109FE000B24041016FF03FA8B2402244410182805B
:109FF00097C7FD1F938707E6BC4F99E33E85828094
:10A0000003C78700E30CA7FE9C43C5BF011106CE22
:10A0100022CC26CA4AC84EC6EFF09FFD11E9814402
:10A02000F240624426854249D244B24905618280A9
:10A03000834755032A8489EF194697C5FD1F9385E9
:10A04000E5EF130564039760FD1FE780C077B5A8AF
:10A050000547639EE70097C7FD1F83C7C7DFC94455
:10A06000E1D3194697C5FD1F9385A5EDD9BF1C59AE
:10A07000A1EB8347C503230A050291EB0347540371
:10A080008547230AF4028947E317F7FC75B71305E0
:10A09000C5039780FD1FE78080CB08D815C1EF402E
:10A0A00020420C5883C7A50081CF8947230AF402B8
:10A0B0001946B105130564039760FD1FE780A07082
:10A0C000034744038947E31BF7FA97C7FD1F83C77C
:10A0D00077D89DCB8347C40385CB834734041307CC
:10A0E00000041305C40393F7070C6397E7109780E8
:10A0F000FD1FE78000CB08D81C5899C783C72701EC
:10A1000081C78947230EF4028344C40089F8854738
:10A110000349E4002306F400A304F40017C7FD1F5D
:10A120000347D7A897C7FD1F238607D293170701B8
:10A13000231BE4069376F9001947C183637AD70697
:10A14000834644060947938947006394E600938950
:10A15000C7038356C4018345340617C7FD1F034751
:10A16000C7C31305A00F9307E70B231B34071387FF
:10A1700026000946B3D6A6020E0717C5FD1F0355D4
:10A18000E5A96390C5081307A7040E073E979397A8
:10A19000A600BA9737460F00130606248146B3A5DA
:10A1A000A7023305F502EF5050304E95231BA4064D
:10A1B0008357E40623180406B1CB034564019307D3
:10A1C000F00F6307F500EF708EEDFD57230BF400E1
:10A1D0000356E406930664011206A28517150000D3
:10A1E00013050597EF700ED8854517C5FD1F03456C
:10A1F000559EEF706EAD2DB59780FD1FE78020B5A1
:10A20000DDBD6D073E979397960061B78547E31DC7
:10A21000F9FC034564019307F00F6307F500EF7045
:10A220000EE8FD57230BF400056693066401130640
:10A23000068065B7411106C622C42A84EF706FD428
:10A24000228523060400A3050400A3040400EFE014
:10A25000CFF1854517C5FD1F0345B597EF708EDF1C
:10A26000894517C5FD1F0345D596EF70AEDE034542
:10A2700064019307F00F6307F500EF704EE2FD579E
:10A28000230BF400B2402244410182802C49411149
:10A2900006C622C426C24AC083C715007D4793F76D
:10A2A000F7032309F500E91793F7F70F637BF7002E
:10A2B00093040008B2402244268502499244410199
:10A2C000828083C70500BD8BA309F500F51793F7BE
:10A2D000D70FF9FF2A841946A10513056503976076
:10A2E000FD1FE7804057914471D52C4885472302D4
:10A2F000F40483C70500194689059987858BA30255
:10A30000F404130564049760FD1FE780C04B2285A9
:10A31000EFE0CFD085472A89E31CF5F803473401E5
:10A320009547631EF702EF00906B97C7FD1F83C729
:10A33000D7878D8B6375F50283470401E36AF9F6CD
:10A340009387019F9C438144829748D02285EFE008
:10A350008FAFE31125F72285EFF0DFEDA1BF834733
:10A36000040181C71947E395E7F41305200483042A
:10A370004401EF803EFA62056185E3CBA4F22285B9
:10A38000EFE0AFA48347A4060345440683451401C8
:10A3900081445D8DEF70EF89014681450D459770D1
:10A3A000FD1FE78020CAEF70CFBD29B7397126DACB
:10A3B00097C4FD1F938404AA22DCA0504AD84ED62D
:10A3C00052D456D25AD05ECE62CC66CA06DE314B2B
:10A3D000977A0000938A8AD3914B17C9FD1F1309FE
:10A3E000299B938981AC0D4C97BCFD1F938C8C7A73
:10A3F000130A44018347B4009387E70693F7F70FE6
:10A400006367FB188A07D6979C43D69782870146D5
:10A41000930550020145EF70AF9613065002814537
:10A4200005459770FD1FE780E0C183473900858BA4
:10A43000D1C3284881465286814597C7FD1FA38A0C
:10A4400007949770FD1FE78000B601E52285EFF0C5
:10A45000FFE30347B40093073009E30DF7F8EF700B
:10A460004FB22285EFE0CFD4F2506254D254425919
:10A47000B259225A925A025BF24B624CD24C216181
:10A48000828083472900858B95C397C7FD1F238250
:10A4900007908347040105476375F7001947E39068
:10A4A000E7FC9307B0F9A305F400A9B783A7090057
:10A4B000FC53A9F397C7FD1F238E078C4DB7834725
:10A4C0002900858B6387073C97C7FD1F2383078C73
:10A4D0009384C1ADEF70EFAA9C409DCBDC438DCB44
:10A4E00089472302F100834754041305610019468C
:10A4F000A302F10083474401930564042306F1009D
:10A500009760FD1FE780202C9C404800DC43829729
:10A510008347740689CF834554040345840013069A
:10A520006404EFA03FB183477406898B9DFB2285AD
:10A53000EFE0AFC315BF8347B406034534060146B9
:10A54000930550025D8DEF70AF830146814505454F
:10A550009770FD1FE78000AF83473900858B638FBD
:10A560000732284881465286814597C7FD1FA3823E
:10A5700007829770FD1FE78000A301E52285EFE0C9
:10A580004FF30347B4009307A009E305F7E6EF7024
:10A590004F9F71BF8347B4060345340601469305B8
:10A5A00050025D8DEF60DFFD0146814505459770E6
:10A5B000FD1FE78020A983473900858B6380072E24
:10A5C000284881465286814597B7FD1FA383077CA3
:10A5D0009770FD1FE780209D01E52285EFE08FC188
:10A5E0000347B400930790094DB783472900858B33
:10A5F0006381072A97B7FD1F238D0778EF706F9847
:10A6000083C7840709476307F70083C784070D479B
:10A610006315F70283A6090003574407BC521307CA
:10A62000C712858363FBE700930750F9A305F40085
:10A63000BC528583E39007DCDDBD0347940183476B
:10A64000A4011DCF8346A4006302D7286387F600C8
:10A650002305E4002285EFF00FC18347790093F7CB
:10A66000F70FE39907D883C7840709476307F70003
:10A6700083C784070D47E31CF7EA930750F925B514
:10A68000E9DF0347A40071FB2305F400E1B783C7AA
:10A690008407E39EFBFE2285EFE01F9CA1BB83475E
:10A6A0002900858B6387071E97B7FD1F2383076EDD
:10A6B00083C78407C18B85C7EF70AF8C83C78407BE
:10A6C00093F70702E5DF83C78407228593F7F70C2A
:10A6D00017B7FD1F230CF77EEFE00FFA21BB83C7EE
:10A6E0009407858B91C7EF70CF899307E0F965BB1D
:10A6F00083C784071547BD8B639CE700EF00302EAE
:10A7000083C77C018D8BE374F5E89307D0F961BBB7
:10A7100083C784071947BD8BE39BE7E69307C0F91E
:10A7200059B383472900858BE38607CC97B7FD1F74
:10A730002381076683C78407C18B89CBEF706F8441
:10A7400083C7840793F70702E5DFB5BF83C7940784
:10A75000858BD1FB83C784071547BD8BE387E7FA59
:10A7600083C784071947BD8BE38AE7FAEF706F81CF
:10A77000E5B9FC58230E8407228582970347B4006D
:10A7800093077009E308F7C6C5B183473900858B85
:10A7900095C7EF601FFF9387C1AB98437C53ED9B38
:10A7A0007CD397B7FD1F238A075E37170040835776
:10A7B0008701C607C583231CF70095BB83A7090043
:10A7C000FC53E39907C2EF60DFFB9387C1AB98436B
:10A7D0007C53ED9B7CD397B7FD1F2380075C371715
:10A7E000004083578701C607C583231CF70097B72E
:10A7F000FD1F2381075A25BB83472900858BD1CBB9
:10A8000097B7FD1F2387075883C78407C18B9DC354
:10A8100083C7840793F70702E5DF2285EFE0CFE5E2
:10A8200083C7840793F7F70C17B7FD1F2300F76A58
:10A83000EF603FF52285EFE04F939384C1AD9C40DC
:10A840009DCBDC438DCB89472302F1008347540421
:10A85000130561001946A302F100834744019305E3
:10A8600064042306F1009760FD1FE780C0F59C405B
:10A870004800DC43829783477406858BE38607BED6
:10A88000834554040345840013066404EFA08FFA43
:10A89000E1BE83A70900FC53E39E07B497B7FD1FF1
:10A8A000238A074EEDB197B7FD1F83C7874E858B6F
:10A8B000F5D797B7FD1F238E074CEF609FEC2285DD
:10A8C000EFD07FD82285EFF0FF9679BEE38707D8D7
:10A8D00065BB411197B7FD1F9387C75722C4E04B53
:10A8E00006C626C2630804248346C4000547639352
:10A8F000E62497B6FD1F83C6164A1547638BE6000C
:10A9000017B7FD1F1307C748034777008D46639DA0
:10A91000E6002244B240924417B5FD1F0345752B53
:10A92000854541016F605EBA83C707008356040204
:10A9300017B7FD1F23208758850793F7F70F17B721
:10A94000FD1F2309F750130700643347D70263C87C
:10A95000E700EF70EEC597B7FD1F238D074E034745
:10A96000E4009D476317F7048347940685CF835619
:10A97000040763E6F6028345840093073004A30BC3
:10A98000F4001305300493F6F60F0146EFA04FEAEA
:10A9900022852244B240924441016FF0BF8985066E
:10A9A0002318D406930530020545EF70EEB9230154
:10A9B000A406854717B7FD1F230AF75003478401F4
:10A9C0008D476319F70AEF60BE9D0D8901ED93076E
:10A9D00070022305F40093075002A30CF4009307C0
:10A9E000600231A885476310F508930760022305CC
:10A9F000F40093075002A30CF40093077002230D98
:10AA0000F4000347E400854797B4FD1F83C4741C1A
:10AA10006318F70E0356040285452685EF601EC2B3
:10AA200083475403898BEDC78347C403F5C30C5890
:10AA3000E5C183C7A500E9CF8947230AF402194677
:10AA4000B105130564039760FD1FE780C0D7034776
:10AA5000C407894763E2E70C22852244B24092444E
:10AA600041016FF04F80930750022305F4009307D4
:10AA70007002A5B789468347F4006319D70213F71C
:10AA8000170011CF130750022305E400898B81CFF3
:10AA900093076002A30CF400230D04009DB79307F5
:10AAA00060022305F40093077002EDB79DC313F70E
:10AAB000170001CB930750022305F400A30C0400F8
:10AAC000E1BF898B81C793076002FDB793077002CE
:10AAD000E5B783479401130740026365F7009307C6
:10AAE000500201A8850793F7F70F13077002E36878
:10AAF000F7FEA30CF400834794012305F40069BF1B
:10AB0000B9450545EF704EA4035604022A9629B7AD
:10AB10008547230AF40225BF9387019F9C43832422
:10AB20008409829763EDA400835764073385A440AA
:10AB3000E374F5F2B240224492444101828097B717
:10AB4000FD1F9387270DDC43BE94F9BF011122CC72
:10AB5000FD5706CE230BF5008357E5062A849DC7D3
:10AB600083460507834585009307C003A30BF500C3
:10AB700001461305C003EFA0AFCB0945EF60DFC767
:10AB800022856244F24005616FF0CFEA8347E50019
:10AB90000547BD8B6386E70083470506918BF1DF90
:10ABA00097B7FD1F9387072B83A7070E93F70720FF
:10ABB00085C302C402C202C08148014881470147DF
:10ABC0008146054681451305C003EFA00FC475B744
:10ABD00002C08148014881470147814605468145B9
:10ABE0001305C003EFA04FC049BF23A4A1B68280C4
:10ABF000411106C697B7FD1F83C7B7FD89EB17D56F
:10AC0000FFFF13050558EF60DEE8EFD04FE997E747
:10AC1000FFFF9387678D17B7FD1F232FF72897F73F
:10AC2000FFFF9387E73E17B7FD1F2329F728B240A0
:10AC300097070000938727CA17B7FD1F2322F7281D
:10AC400097F7FFFF9387273717B7FD1F232CF726AA
:10AC50004101828011C98327050A93E70708232051
:10AC6000F50AFD572303F502828023A8A1B682804E
:10AC700097B7FD1F9387071EBC4B9C5799E33E85F2
:10AC8000828003D78701E30CA7FE93878705FDB772
:10AC9000011122CC06CE2A84034565029307F00FEA
:10ACA0002E866309F5002EC6EF607EBF3246FD5743
:10ACB0002303F4028347A402035784049306640227
:10ACC00093E707062305F40283570404A285F240A4
:10ACD000BA972313F4046244170500001305C5F75F
:10ACE00005616F603EA8011122CC06CE2A8403457F
:10ACF00075029307F00F2E866309F5002EC6EF60EC
:10AD00001EBA3246FD57A303F40293067402A285CD
:10AD10006244F240171500001305A5EB05616F6052
:10AD20007EA4011122CC06CE2A8403458502930716
:10AD3000F00F2E866309F5002EC6EF605EB6324630
:10AD4000FD572304F40293068402A2856244F24074
:10AD500017150000130585EA05616F60BEA0034664
:10AD60007514ED4797B5FD1F83D5E51097B6FD1F08
:10AD700083D6261117B7FD1F0357C7102310F51CE4
:10AD8000231EF51A231CB51A231AD51A231BE51AFC
:10AD90008947630BF60693078014834865142311D3
:10ADA000F51C094817B6FD1F1306C60A639208076B
:10ADB00003568602231DC51A0566130606A9231F1E
:10ADC000C51A6D482E866373B8006D46931506014B
:10ADD0002314C51C6D48C18136866373D8006D4647
:10ADE0002312C51C8356E51B0356A51B6373D600AF
:10ADF000B2862315D51CBA8663F3E700BE862313FB
:10AE0000D51C2307B50482808567938707A971B78E
:10AE100003566602231DC51A130680144DB7034757
:10AE2000651489468357A51C631ED7028356851473
:10AE3000938787E899C6B3C7E702938757FD2147F1
:10AE400031A02147B3C7E702938757FDB3C7E70295
:10AE50000357851CC207C18363F3E7003E872307BE
:10AE6000E504828085466316D7009387C7FB1147A8
:10AE7000F1BF938707FBE1B78357451B0357051CB9
:10AE8000411106C663F3E7003E8793180701835715
:10AE9000251C0357651B93D808016373F700BA8715
:10AEA000139807018356C51B8357851B1358080148
:10AEB00063F3D700BE860357A51B8357E51B139387
:10AEC0000601135303016373F700BA8783467514B1
:10AED000C2070947C183639AE6000566130606A9FF
:10AEE00042876370C802328729A80327051093168A
:10AEF000470163CC06000566130686844287E36437
:10AF000006FF131807011358080183466514094703
:10AF1000639EE6060357A5039306204E3307D70228
:10AF200093F6F80F9A061386F63C9386C64F634451
:10AF300006019306C812158F63D3E7003E874207C8
:10AF400005664183130606A9BA876373C700B287F3
:10AF5000C207C1830356451C13F7F80F9376F30F0E
:10AF60006316E6040356651C631206050356851C2A
:10AF7000631ED6020356A51C631AF602230E0506AD
:10AF8000EFF0FFE90945B240410182800327051037
:10AF900093164701E3C006FC056613068684BE854A
:10AFA0006373F600B2859397050165B70546230ED6
:10AFB000C5062312E51C2313051D2314D51C2315D8
:10AFC000F51CEFF0DFE501457DBF0357A51B835757
:10AFD000E51B411106C66373F700BA870346651483
:10AFE0001397070189464183631BD60685669386BE
:10AFF00006A96373D700B687139707014183835768
:10B00000A51C6387E70085472315E51C230EF5067D
:10B010000357651B8357251C6373F700BA870346E4
:10B02000751413970701894641836317D604856613
:10B03000938606A96373D700B687139707014183E8
:10B040008357651C6387E70085472313E51C230EA0
:10B05000F506EFF0DFDCB2400145410182808567F3
:10B0600013868784E37DE6F883260510938707809F
:10B07000F58FD1F7328761B7856713868784E371CF
:10B08000E6FC8326051093870780F58FD5FB328772
:10B0900045BF0357A50495470356E503B307F702D9
:10B0A0008356A50393D537406355B600118F931788
:10B0B0003700B3C7D702C207C1832314F5048280C7
:10B0C000832745110D469306F00F03C707000D8B2C
:10B0D000A306E5006314C70083C62700A30BD500B1
:10B0E00003C70700418B2309E50083C71700230B23
:10B0F000F50082808347C500CD9B2306F500828042
:10B10000832745110347C50083C70700935637407F
:10B110008987B58F858B99C7134787002306E5007C
:10B120000145828005458280832745110347C5007C
:10B1300083C70700935627408D87B58F858B99E786
:10B14000134747002306E5000145828005458280BC
:10B150008327450E85072322F50E91E78327850E69
:10B1600085072324F50E8327850E93F7070891C7DB
:10B1700085472322F50E2324050E8347A50293F766
:10B18000070491CF8357050403578504BA97231307
:10B19000F5048327450A93F7F7BF2322F50A828037
:10B1A0008327C50E85072326F50E91E78327050F14
:10B1B00085072328F50E8327050F93F7070891C706
:10B1C00085472326F50E2328050E8347A50213F78E
:10B1D000070409C793E707022305F502828097B7A2
:10B1E000FD1F938727C783A787090145054791E37B
:10B1F000828083C6B7006393E60005059C43C5BF04
:10B20000411122C491452A84014506C6EF60DEB390
:10B21000231BA40417B7FD1F0357C7CE854763F14F
:10B22000E7060355A41C8357641C37460F0013061A
:10B230000624AA979387172717B5FD1F0355059E68
:10B24000B3A5A70281463305F502EF4010268357C8
:10B2500004040357E4058355840505461D8F330711
:10B26000B702832704091383F5FF130E80023E976C
:10B2700097B7FD1F938707BE83A88709636666009B
:10B28000B2402244410182803308C603C687FD567E
:10B290003A9881E7231BC404E5B76314F4001C400B
:10B2A000F5DB83AEC7086398BE0083A60709B30623
:10B2B000D840B3F6B60263E4A6009C43D9BF0906A2
:10B2C00075BF17B7FD1F0357E7C3854763F1E70A4B
:10B2D000411122C48357651C2A840355A51C374697
:10B2E0000F0013060624AA979387172717B5FD1F8B
:10B2F0000355C592B3A5A702814606C63305F502DC
:10B30000EF40B01A0346540597B7FD1F938787B4E3
:10B3100083A887097D1685461303800263E6C6006D
:10B32000B2402244410182803387660283270409A8
:10B33000FD553E97C68781E7231BD404D5B7631418
:10B34000F4001C40F5DB03AEC7080328C408631AE9
:10B350000E0103A80709B305E84063640701B305BC
:10B36000074163E4A5009C43F9B7850645BF828089
:10B3700017B7FD1F035707B9854763F5E70E41115E
:10B3800097B7FD1F938707AD22C403A4870906C69C
:10B3900026C2A28789EB09EC230E0500B2402244A5
:10B3A00092444101828003C7D7016DFB9C43DDB706
:10B3B0006314A40000406DD08347B400D5E3032795
:10B3C000C4088327C508630DF7080347C501930721
:10B3D0000008AA84631DF7048357A4031946930544
:10B3E0000008231AF506231BF5068357C403231D03
:10B3F000F5048357E403231EF50403558500EF206D
:10B40000307F8547A38EF40083C7C40193F7F70705
:10B41000238EF400130584062244B2409244314640
:10B420009305F00F41011753FD1F6700433D8357FC
:10B43000A503194693050008231AF406231BF406F6
:10B440008357C503231DF4048357E5030355840084
:10B45000231EF404EF20D0798947A30EF4005DBFCA
:10B46000004015BF230E05008280411126C206C68A
:10B4700022C417B7FD1F0357E7A88547AA8463F8BE
:10B48000E71A83278510898B6383071A97B7FD1FF7
:10B490009387479C83A78709BE85ADED03D6841C9F
:10B4A00001447D581306260205862D067D55A5EB21
:10B4B000630E04108347B4000357A403D5EB8947F8
:10B4C000231CE404A30AF40403570406835704046A
:10B4D0002285BA97C1071D8B998F231FF4048357C8
:10B4E000C403231DF4048357E403231EF404EFF084
:10B4F0003FD18327440A93E717002322F40A8547A4
:10B50000230AF4008D47A30EF400B2402244924473
:10B510004101828003C7D5016DFB8C41BDBF9843BB
:10B520006394970051D7BA8783A6070903A7040934
:10B5300063E2E6023387E64083A6C40863F4E600CC
:10B540003377D7026376A7003A856373C700BE8559
:10B550009C43B1BF158F83A6C70863F4E600337719
:10B56000D702E37707FF3A88E374C7FE3E84CDB77E
:10B5700083D7A403B3F7E702C9FB9D46994763F558
:10B58000E600935717008D070567231AF406130783
:10B5900007C88A076353F700BA87231BF40683574B
:10B5A000C4030355840013065002231DF40483577B
:10B5B000E40393050008231EF404C947A30EF40016
:10B5C0002244B240924441016F209062ADC103D742
:10B5D000A40383D7A503B3F7E702B1EB8387C401C4
:10B5E00063D707049D46994763F5E6009357170014
:10B5F0008D070567239AF406130707C88A07635364
:10B60000F700BA87239BF40683D7C40303D58400CD
:10B6100013065002239DF40483D7E4039305000826
:10B62000239EF404CD47A38EF400EF20705C238E9C
:10B630000400E1BD97A7FD1F83C7875EAA85A5E724
:10B6400023AA01B697B7FD1F23A6078A835765086B
:10B6500017A6FD1F0356865C03270509B387C7029B
:10B6600037460F009306F62313060624B697B3D782
:10B67000C70217A6FD1F034676533E96636EC700AA
:10B680003306C74003A7C508938695021715000027
:10B690001305E53D6F50BED597A7FD1F93878757CC
:10B6A000DC433E97F1BF8280938701B79843011135
:10B6B00026CA06CE22CC4AC84EC6AA8451C7BE8925
:10B6C00017B7FD1F035707848547631FF70603D489
:10B6D000640897A7FD1F83D7675403250509330422
:10B6E000F402B7470F001387F7239387072417A99E
:10B6F000FD1F130929523A943354F402636F8506EF
:10B700009387019F9C43330485408297636BA40613
:10B71000B307A44017A4FD1F03445449058083A91F
:10B72000090001456371F40237450F0033848740F7
:10B7300013050524B335A402035689008146330559
:10B74000A402EF4080568299930700FB2387F40000
:10B7500097A7FD1F83C7C74C95EF83C79402624428
:10B760008545F240D2444249B249B395F500C2053D
:10B77000C181014505616F503ED5832749003E9543
:10B7800041B7330785408147E35607F883274900CF
:10B790003E94BDBFF2406244D2444249B249056181
:10B7A0008280411106C6EF10404319C983278511D5
:10B7B000014581E7B240410182809C430505D5BF28
:10B7C0007D55CDBF97A7FD1F9387C76883A7470AFD
:10B7D000411122C426C206C62A84AE846396A700FD
:10B7E00097A7FD1F23AA07708327041281CB035557
:10B7F0008400014693050008EF20903F83574404DE
:10B8000081CB035584004D4693051008EF20503E30
:10B8100003558400154693051008EF20703DB24093
:10B82000230A9404230504002308040022449244BC
:10B830000145410182808347A5006388073883570B
:10B840000508411122C406C626C285072310F50843
:10B850008347F500230C05002A8413F7270005E72A
:10B8600003570504954763E4E700014501A89305E4
:10B87000E003EFF03FF5A305A4020945B2402244DE
:10B8800092444101828013F7070239CF93F7F7FD05
:10B89000A307F5008327050A0347B500A3050502A2
:10B8A00093E747002320F50A8547631FF702835774
:10B8B000A5031306204E03274509B387C70297A6A1
:10B8C000FD1F83C6A62E93860605B3D7E70203475E
:10B8D00075033307C702B697C207C1832312F50861
:10B8E0008607BA972311F50883471401858BF5CB9A
:10B8F0008357E40503570404639CE7288357C40374
:10B900008355C405034584022310F4068347540578
:10B91000231FB4029205A30BF40283576405F915A3
:10B92000231CF4028357A405231EF402EF505EBFCC
:10B930008346B400231004088357840317A7FD1F10
:10B940000357C72D6395061EB387E702130700321E
:10B9500017A6FD1F1306062C504293870719B3D76D
:10B96000E70203270409D1073E97BA866364F7000C
:10B970006364C700B306C740835784052328D408EF
:10B98000231DF4028347D40181C72285EFF07F9302
:10B990008357A40317A7FD1F0357472893060032B8
:10B9A000B387E7022311040233D6D702B3F7D702D5
:10B9B0009306204E2326C408B387D702B3C7E702F5
:10B9C0002310F402835704042312F4028347F40083
:10B9D00093E70702A307F40083471401F99BA30828
:10B9E000F40083471401898BB9C70357E4128357C6
:10B9F0000404B306F740139606016340061A631C5D
:10BA0000F7028147014893048413232CF412232E58
:10BA1000041315469305841226859750FD1FE78071
:10BA200080DA2685EF10E06B83471401A306A41289
:10BA3000F59BA308F4008347140113F7070125CBF6
:10BA40008356C414035704043386E6409315060155
:10BA500063C50514639DE604BD9BA308F4008347FA
:10BA6000A41481CB13F7270063030714854723032E
:10BA7000F4148347B41481CB13F727006300071431
:10BA80008547A303F4142285EFF02FD48347C4071E
:10BA900099C78327040A93E707102320F40A832712
:10BAA000040AA305040293E707202320F40A83472E
:10BAB000140113F7070221C317A7FD1F13078739C6
:10BAC000384B13068005834647001857B386C602D5
:10BAD00036978356C701035704043387E64013168D
:10BAE0000701634A06000357C4146316D70093F78F
:10BAF000F7FDA308F4008347A40293F70704E38645
:10BB000007D60357640483570404E310F7D60347AA
:10BB100004019307A0046315F70085472308F40088
:10BB20008327440A93E707402322F40A3DBB834658
:10BB3000441783558405A18A99CE0356040483567D
:10BB400064170355A403918EB386A602B3C6B6024A
:10BB5000B296231BD41695CBB307F7021307003216
:10BB600017A6FD1F1306060B504293870719B3D77C
:10BB7000E702032704093E97BA866364F70063640B
:10BB8000C700B306C7402328D408231DB40209B553
:10BB9000998F13970701E35607E4930580022285E6
:10BBA000EFF05FC2A305A40213058002C1B9918B17
:10BBB00099C389476DBD2303041465BD918B99C357
:10BBC0008947C1B5A30304147DBD0545828005C521
:10BBD00041119305200222C406C62A84EFF09FBEBD
:10BBE000FD57A305A40223080400A303F402B240F6
:10BBF00022444101828082800DC9411122C406C6BF
:10BC00008347F5002A849305E003898B91C3A145FE
:10BC1000EFF05FBBFD57A305A40223080400230433
:10BC2000F402B24022444101828082808327050AC7
:10BC3000797122D406D626D24AD04ECE52CC56CADC
:10BC40002A846387073613F7270019CBF59B232037
:10BC5000F50A03558500194693050008EF20407941
:10BC60008327040A13F747004DC3ED9B2320F40AF2
:10BC70008347A40293F7070491CB8327440A2285C4
:10BC800093E707402322F40AEFF0AFC00347B40064
:10BC900085470346440183562406631AF76C83578D
:10BCA000A4031307204EB387E70203274409B3D741
:10BCB000E70217A7FD1F034767EF13070705BA97AA
:10BCC000C207C1830347B4022312F4088607231175
:10BCD000F4089307000819C393070004230EF40027
:10BCE00019E68347A40293E717002305F40281EACB
:10BCF000035584000D4693050008EF20606F231163
:10BD00000406230A0400A30E04008327040A13F781
:10BD100087000DC303558400DD9B2320F40A1546DC
:10BD200093050008EF20C06C8347A40293E7470007
:10BD30002305F4028327040A13F7070139C7BD9BC3
:10BD40002320F40A8347D40403558400214689C77D
:10BD5000A30604041306000393051008EF204069AE
:10BD60008347C40489CF83278410C18B89CB835533
:10BD7000A40422859205C205C181EFE07FF18347CB
:10BD8000A40293E717002305F4028327040A13F79C
:10BD9000070415CB0347F40493F7F7FB2320F40AB9
:10BDA000A14763FBE7008347B40099E78327440A70
:10BDB00093E707012322F40A0355840031469305D3
:10BDC0001008EF20E0628327040A13F7070245CB2F
:10BDD0008346B40093F7F7FD2320F40A0327C41029
:10BDE0008327841099EA1377070801CB0327440AB5
:10BDF00037064000518F2322E40A93F7070263833A
:10BE0000075AADE28357641B0357641C6304F702AF
:10BE10008346741409476391E6580567130707A919
:10BE2000637AF7008327440A056713070780D98FD1
:10BE30002322F40A8357A41B0357A41C6304F702AC
:10BE4000834664140947639CE6540567130707A9F2
:10BE5000637AF7008327440A056713070780D98FA1
:10BE60002322F40A03558400114693050008EF20AD
:10BE700020588347A40293E717002305F402832781
:10BE8000040A13F7071005C70355840093F7F7EF6B
:10BE90002320F40A230E04061D4693050008EF2014
:10BEA00020558347A40293E717002305F402832754
:10BEB000040A13F7070809CF0355840093F7F7F72F
:10BEC0002320F40A1306700593051008EF20405252
:10BED0008327040A13F7072031C393F7F7DF2320E2
:10BEE000F40A83476414230F0400A297038567169E
:10BEF000A301A414EF508FCD2301A4142285EFE0F9
:10BF00001FF203558400314693050008EF20404E90
:10BF10008347A40293E717002305F4028327040A4A
:10BF2000139727016357070079777D17F98F23202F
:10BF3000F40A8327040A13970701635A0704834509
:10BF4000040317A5FD1F034515F1EF509ED7835736
:10BF5000A4031307204E232AA408B387E7026177BE
:10BF60007D17B3D7A70217A5FD1F034525C41305E9
:10BF70000505AA972312F4088347A40293E7170044
:10BF80002305F4028327040AF98F2320F40A832768
:10BF9000040A858B91CF8347A402834544052285FB
:10BFA00093E717002305F402EFF0DF81A305A40255
:10BFB0008307141685C70307440399463306F740E1
:10BFC00063D9C63E8327440AB7061000D58F2322C3
:10BFD000F40AED57A302F416A300E4168347A4164F
:10BFE00013F7270045C3830644030307241663DCC5
:10BFF000E6000327440A37061000518F2322E40A83
:10C000001147A302E41603073416635CD700032725
:10C01000440A37061000518F2322E40A7157A30205
:10C02000E416030704161306F007630CC702034661
:10C03000D4160345E416158F62076187B306A64040
:10C040006355D73893F607016391063893F7F7F8ED
:10C0500093E707012305F41683570417850723196F
:10C06000F4168357241799CFFD17C207C1832319EC
:10C07000F41689EB035584001306000293050008AB
:10C08000EF2000378347A400B9C38327041299CF58
:10C090008347A40181EF03558400014693050008FE
:10C0A000EF20003501E58547230DF4008357440454
:10C0B00099CF8347140381EF035584004D469305C0
:10C0C0001008EF20E03201E58547A308F40283471A
:10C0D000441713F7070169CBBD9B230AF416832786
:10C0E000440A898BF1E303470401D547630EF70A3D
:10C0F00083471401898BCDEB8144814901498D4AE5
:10C10000130A5002139784016187937737000987D8
:10C1100022970347D7178607B397FA007D8F638B63
:10C12000E700268605458145EF307035B3E9A90063
:10C130003369B9008504E39744FD032584138325FF
:10C14000C413337535012AC4B3F5250128002EC662
:10C15000EF0030798347541363E0A702034544039B
:10C160007D578547591562052C0061853AC43EC646
:10C170009750FD1FE78080FC03278413A2476317B5
:10C18000F7000327C413B2476300F70215462C00DB
:10C19000130584129740FD1FE780E0628327440A5D
:10C1A00093E727002322F40A83464417A54713F791
:10C1B00096006316F70403570404835764176360FB
:10C1C000F704B307F74013960701634A0602834753
:10C1D00054171306000A0507B387C7020356A403C2
:10C1E000DD9A230AD416B3C7C702BA97231BF416E5
:10C1F0008327440A37078000D98F2322F40A834714
:10C20000A402E1CB918B91CF03460401C1659385D4
:10C2100005A02285EFE03FAD8347A402ED9B2305F7
:10C22000F4028347A402858B8DC3034574029307F0
:10C23000F00F6307F500EF508EE6FD57A303F402FD
:10C240008347A402F99B2305F4028347A402898B48
:10C2500091CF8355E403034584029205F915EF500D
:10C260002EAC8347A402F59B2305F4028347A40266
:10C27000A18B85C38355E4030D4622859205F915EC
:10C28000C205C181EFE03FA68347A402DD9B2305E1
:10C29000F4028347A40213F7070101CF03456402A8
:10C2A00093F7F7F82305F402EF506EDFFD572303F1
:10C2B000F4028347A40213F7070201CF8355A404B5
:10C2C0000345640293F7F7FD2305F4029205EF504E
:10C2D0002EA58347C40193F7070C89CB0347B4000D
:10C2E000854722856313F712EFF02F9883570404D4
:10C2F000B5C713074006B3F7E702ADE39387C1B6AE
:10C300009C43898BA1C797A4FD1F9384A488985848
:10C3100015CF97A7FD1F83D7E7B4C20797A5FD1FC9
:10C3200083D565B4DD8D254502979C5897A5FD1FE3
:10C3300083D525B3294582979C58831524032D4521
:10C3400082979C58830544033145829797A7FD1F28
:10C35000239907B097A7FD1F23A607B0B250225418
:10C3600092540259F249624AD24A45618280930747
:10C370000004230EF40019E68347A40293E7170094
:10C380002305F402E39F0696035584000D469305AA
:10C390000008EF20E005B5B21307801451B413076D
:10C3A00080147DB48327440A7D771307F77FF98FC4
:10C3B00045BC998FE3D4F6C28327440AB706100020
:10C3C000D58F2322F40A954731B18346B4168345AD
:10C3D000C4163388B600635BE80013F807046317DC
:10C3E000080093F7F7F893E70704ADB12A96E34AFC
:10C3F000C7C68D8EE3C7E6C613F70702E31307C669
:10C4000093F7F7F893E70702B1B1EFE07FF6F9BDD4
:10C41000011197A7FD1F9387E7A322CC03A4070A66
:10C4200026CA9797FD1F83D7677F83546408032527
:10C4300004094AC8B384F402B7470F001387F723EF
:10C440009387072406CE4EC652C456C21799FD1FC5
:10C450001309497CBA94B3D4F402636F95029389AB
:10C46000019F83A70900B3049540829763EAA40261
:10C47000898C63CB040283570404A30F040085074F
:10C480002310F40483470414639507122285975000
:10C49000FD1FE78000541DA2832749003E95C1B7C8
:10C4A00083274900BE94E9B783A709008297032731
:10C4B0008408636AE50A198D8357E4031797FD1F03
:10C4C0000357C7758E07B387E702130700329387B8
:10C4D0000719B3D7E70263EDA708374A0F00930A9D
:10C4E000FA23130A0A248357040485072310F4044B
:10C4F0008347041491E722859750FD1FE780604D24
:10C500002285EFF04FB3631A05268326040983279B
:10C51000C40803274900B6973E8563E4D70063E467
:10C52000E7003385E7408347F401835464082328F8
:10C53000A4088507A30FF4009797FD1F83D7076E04
:10C54000B384F402D694B3D44403636C9504B30467
:10C55000954083A70900829763E9A4043385A4402A
:10C56000E34305F809BF83274900998F3E95A9B792
:10C57000A1452285EFF00FA5A305A4029797FD1F03
:10C580009387476103A307036309031E6244F240D4
:10C59000D2444249B249224A924A89451545056129
:10C5A0000283B3049740AA946DB783274900BE94D1
:10C5B00075B722859750FD1FE780004C2285EFF06C
:10C5C0008FA7631C051A835764081795FD1F035531
:10C5D000E564B7460F00B387A7021386F623938658
:10C5E000062403270409230B0402032A4900B297F7
:10C5F000B3D7D702636CF718B307F7408326C40894
:10C600002324F408814AB387E600BE8463E4D7009C
:10C6100063E44701B3844741835704022328940805
:10C62000B1CB835604040357440237460F0023124C
:10C63000D4023387E640B387E70203572402130688
:10C64000062481468145BA97C207C1833385A70274
:10C650002311F402EF30606511CD2695B3349500B7
:10C66000AE94AA8763949A0063644501B307454179
:10C670002328F40883A709008297AA8483A70900C6
:10C680008297E30D95FE83A709008324840882978F
:10C6900063E3A4103385A440630C0510835764083A
:10C6A0009799FD1F83D98957B7440F00B387370384
:10C6B0001387F42393840424BA97B3D79702179768
:10C6C000FD1F0347B74EBA9763E4A70EB335950233
:10C6D000035924024E86814633059502EF30E05C13
:10C6E000330AA9003305390337460F001306062421
:10C6F00081468145EF30605B05C1B33795024E86B8
:10C700008146B385B4023385A402BE95EF30E0596B
:10C710003305A9402311A4023545EF50EF8D9797BB
:10C72000FD1F23A9877C8346B40005479797FD1F0B
:10C7300083C7074F6395E606130700FD2307E40050
:10C7400099E78145938781B78843EF504EA293863E
:10C7500081AC904295471797FD1FA30EF76258468C
:10C76000F977FD17F98F5CC60F1000009C428966AF
:10C77000060A94C723A24707D8C7F2406244D244AE
:10C780004249B249224A924A05618280B306470172
:10C79000B387F640A5B583274900BE94E5BD1307CE
:10C7A00010FC2307E400C5F78145938741AB69BFBF
:10C7B0009797FD1F23A007749797FD1F83C74746D0
:10C7C000CDFF8347940285456244F240D2444249FA
:10C7D000B249224A924AB395F500C205C18101458A
:10C7E00005616F407ECE011122CC4AC84EC606CEEE
:10C7F00026CA52C456C25AC00347B50085472A8488
:10C800002E8983290509631DF71E83570508035BDD
:10C81000C503979AFD1F83DA6A40179AFD1F130A12
:10C820006A3F63F7671B834605016393E61A032794
:10C830008511631F07180327450A631B07188346E2
:10C84000F5001D476396E6180355A503330BFB401F
:10C850009307204E330565038324440937460F00B0
:10C860008146130606243305F5029797FD1F83C7FB
:10C87000E733B3549502B3B5AA02BE94C204C18093
:10C88000231394083385AA02EF302042B307350101
:10C8900033B5A7002E953E8783264A0019E163E44D
:10C8A000D7003387D740B3845403B7460F0093872C
:10C8B000F623938606242320E900A697B3D7D70250
:10C8C000DA976361F7101D8F2320E9009389019F98
:10C8D00083A7090083240900829763E6A4123385A5
:10C8E000A4406355050C83A709008297032709001C
:10C8F0006362E512198D8357E4031797FD1F0357F1
:10C90000E7318E07B387E7021307003293870719D1
:10C91000B3D7E70263E8A710374A0F00130BFA23D7
:10C92000979AFD1F938A0A2F130A0A248357040437
:10C9300085072310F4048347041491E72285975058
:10C94000FD1FE78000092285EFE0FFEE65E9832601
:10C9500004098327C40803A74A00B6973E8563E409
:10C96000D70063E4E7003385E7408347F40183544D
:10C9700064082328A4088507A30FF4009797FD1FD8
:10C9800083D7C729B384F402DA94B3D4440363662B
:10C99000950CB304954083A7090023209900829742
:10C9A00063E1A40C3385A440E34205F89797FD1F8B
:10C9B00083C7D71F63E5A7089797FD1F23AC87524E
:10C9C0000145B5A883264A00B387F6403E97EDBDE2
:10C9D0008354640837470F009307F723B384540345
:10C9E000BE9493070724B3D7F40263E7F900B38733
:10C9F000F9402320F900D9BD03274A00BA99C5BFE1
:10CA000023A03501E1B59797FD1F9387A720DC434D
:10CA1000BE94F1B59797FD1F9387C71FDC43998F8D
:10CA20003E95D1BDA1452285EFE0DFD9A305A40243
:10CA30009797FD1F938707169C5B81EF7D55F2400A
:10CA40006244D2444249B249224A924A024B0561A9
:10CA50008280894515458297D5B7B3049740AA943B
:10CA60001DBF83A74A00BE9435BF25C101116C00CC
:10CA700022CC06CE2A84EFF01FD729C5FD576308C4
:10CA8000F5029796FD1F9386E610D452324797978A
:10CA9000FD1F83C7B71191C28583636EF700B3078B
:10CAA000F7403EC6B24503459402EF405EB3F24004
:10CAB0006244056182809796FD1F9386A615D44235
:10CAC0003697F1BFEFF0DF94DDB78280411122C4C9
:10CAD00006C62A8483278411CDEF83270412E1EF51
:10CAE0000325041109C59750FD1FE78060B3034576
:10CAF00074029307F00F6304F500EF405EDA03451C
:10CB000064029307F00F6304F500EF405ED903451C
:10CB100084029307F00F6304F500EF405ED80345ED
:10CB200094029307F00F6307F500EF405ED7FD57BF
:10CB3000A304F4020355840055249797FD1F83D75F
:10CB4000673CA1E723AA01B69797FD1F9387870C3F
:10CB5000DC431797FD1F2325F73A9797FD1F93870F
:10CB600067039C479DC39797FD1F9387670688536C
:10CB700009CD9750FD1FE780A0AA9797FD1F23A915
:10CB800007069797FD1F23A70706B24022444101DD
:10CB90008280C84309C59750FD1FE78060A883279E
:10CBA000841103D7A700136707F02395E7009C4380
:10CBB000232CF41005B7C84309C59750FD1FE78023
:10CBC00020A68327041203D7A700136707F0239535
:10CBD000E7009C432320F41209B79797FD1F938722
:10CBE000672783A7870999E33E85828003D787005B
:10CBF000E30CA7FE9C43C5BF9797FD1F938787252E
:10CC000083A7870A1797FD1F0347B7F941660507F2
:10CC100081467D1683D5A7006389A5006387C5007B
:10CC20008506C107E3E8E6FE81473E858280979747
:10CC3000FD1F9387272283A7870AC9EF411122C4CA
:10CC40001794FD1F0354E4231304140215844AC0EF
:10CC500016041799FD1F0349D9F40509420426C299
:10CC600041809314490033059400420541819305A6
:10CC7000402406C69750FD1FE780208E05C5979774
:10CC8000FD1F23ADA7269796FD1F83C696F1330798
:10CC90009500B306D9408147130640F5930520F56A
:10CCA00063E82701B2402244924402494101828054
:10CCB00063FDD70058C12315B50022978507C20729
:10CCC000A3040500C1834105E1BF2315C50023224C
:10CCD0000500EDB782804111930530261305001D34
:10CCE00006C622C426C29750FD1FE78000871306A0
:10CCF000001D81452A849740FD1FE78040B0014513
:10CD000015C89794FD1F9384E41483A6840995CADB
:10CD10003687854703568700630EF60618437DFB6A
:10CD20002314F400A9EB22859750FD1FE780408F64
:10CD300003558400B24022449244410182803687E8
:10CD4000D1BF85472314F4001797FD1F2320871AAE
:10CD50001797FD1F232E87181797FD1F2314F71A07
:10CD6000EFF0FFEC83A7C40923A00700230504000C
:10CD70002307040075BF83A7C40980C39797FD1FCD
:10CD800023A8871683D7040B85071797FD1F231B3E
:10CD9000F716C9BF1387170093170701131607016A
:10CDA000C183E35E06F88147A5BF9797FD1F938770
:10CDB000670A03A5870A11CD411106C69750FD1FCA
:10CDC000E7800086B2409797FD1F23A90712410113
:10CDD00082809797FD1F23A307128280411122C4EE
:10CDE0001794FD1F130404078326840906C6014710
:10CDF000B687A5C703D687006317A60615EF984226
:10CE00009796FD1F23A4E60E3E859750FD1FE780F1
:10CE100020818327C40923A007009797FD1F83D78C
:10CE2000670E9DE7EFF07FF89797FD1F23A0070C93
:10CE3000B2402244410182808326C4096397F600F0
:10CE40009796FD1F23A6E60AC1B7944314C36DBF8E
:10CE5000FD171797FD1F2317F70A9797FD1F83D715
:10CE6000670AF9F7C1B73E879C4361B771468145B0
:10CE70001795FD1F130585071743FD1F67002398AE
:10CE80008327C50803568508797193D60701BD8E9F
:10CE9000C206C182358E1357764093575640898B10
:10CEA000058B5D8F93573640918B5D8F935716405E
:10CEB000A18B5D8F93171600C18B5D8F9317360082
:10CEC00093F707025D8F931756009355860093F7EB
:10CED00007041E065D8F1376F60F518F93D75540CA
:10CEE00013D63540118A898BD18F13D67540D18FD7
:10CEF00013D61540218AD18F13961500418AD18F00
:10CF00001396350013760602D18F139655001376CB
:10CF100006049E05D18F93F5F50FCD8FA2074546E8
:10CF20005D8F3307C70222D42A8426D252CC56CA38
:10CF3000032A040A832A440A5AC806D636974207A7
:10CF4000418393577740135557400989858BC98F83
:10CF5000135537401189C98F135517402189C98F3F
:10CF6000131517004189C98F131537001375050272
:10CF7000C98F1315570093558700137505041E07B5
:10CF8000C98F1377F70FD98F13D5354013D7554075
:10CF90001189098B498F13D57540498F13D51540D9
:10CFA0002189498F139515004189498F13953500C3
:10CFB00013750502498F13955500137505049E05D9
:10CFC000498F93F5F50F4D8F2207D98FB387C7028D
:10CFD0004AD04ECE5EC662C4B697C207C18313D78D
:10CFE000774013D557400989058B498F13D53740B2
:10CFF0001189498F13D517402189498F139517003F
:10D000004189498F1395370013750502498F139590
:10D01000570093D58700137505049E07498F93F732
:10D02000F70FD98F13D5354013D755401189098B88
:10D03000498F13D57540498F13D515402189498FE4
:10D04000139515004189498F139535001375050215
:10D05000498F13955500137505049E05498F93F567
:10D06000F50F4D8F2207D98FB387C70213065002E1
:10D070005285D685B697BD8E93940601C18033F64E
:10D08000C402137BF60FEF20D03C05891DE98347CE
:10D09000140801498149B3849702130C5002C180DE
:10D0A0004A865285D685EF20D03A0589937BF90FC1
:10D0B00011C563863403850993F9F90F0509E31156
:10D0C00089FF230F6407B250225492540259F24947
:10D0D000624AD24A424BB24B224C456182805E8BFF
:10D0E000CDB7834715000347250083464500A207B7
:10D0F0004207BA9703470500FD8A0548BA970347D8
:10D1000035009305000201456207BA9701473316BF
:10D11000E8007D8E01C605051375F50F0507E318B8
:10D12000B7FE8147214633D7F640058B01C7050579
:10D130001375F50F8507E398C7FE8280011152C66B
:10D1400056C4032A8513832AC51322CC26CA4AC88B
:10D1500006CE2A84A30B0512A306051281441309E7
:10D16000500226865285D685EF20B02E058911C53E
:10D170008347D4128507A306F4128504E39324FFA2
:10D18000F2406244D2444249324AA24A0561828056
:10D190001797FD1F034737C09547630BF700979715
:10D1A000FD1F9387E7BE83C777000D47631FF70016
:10D1B0009797FD1F83C757BE639B07109307701097
:10D1C0001797FD1F231AF7BC828041119797FD1F07
:10D1D000938747C80D4522C426C203A4070906C683
:10D1E0004AC0EF406FE19387C1AB944337C7898E44
:10D1F000130767ED98C63757550013075755D8C220
:10D200000347A4039306F00FBE846307D700FD57BE
:10D21000A30CE402230DF40203459403894763063B
:10D22000F5008547A30CF4020145138981AC03275F
:10D2300009000146930550025C4393E717005CC365
:10D24000930720FB2303F4009D471797FD1FA304BA
:10D25000F7B49797FD1F238D07B29797FD1F238B78
:10D2600007B2EF40EFB1032609009797FD1FA38394
:10D2700007B29797FD1FA38D07B085471CC29C403E
:10D28000B705330098431377F7E798C398431377AC
:10D29000F7E71367071098C3138701AD18431447C6
:10D2A000CD8E14C79306900D34CA5457F59A54D7AF
:10D2B000034754009376F7079843137707F8558F81
:10D2C00098C3B24022449244024941018280828044
:10D2D000411126C29794FD1F9384848F22C42A840F
:10D2E00003C53400C14506C6EF40CED603C53400A1
:10D2F00093050002EF400ED69797FD1FA38D07A858
:10D300002302040023130400B2402244924441014A
:10D31000828041119797FD1F9387C7B322C406C629
:10D320001797FD1F034757A703A407099797FD1FEA
:10D33000938707A601CF9796FD1F83C6E6A50D47E5
:10D340006396E6001797FD1FA30807A403C777009D
:10D35000A1466387E60003C777009946639DE60010
:10D3600083C777001797FD1F2308F7A285471797F4
:10D37000FD1FA303F7A2EF40CFC02285EFF05FF5BA
:10D3800013063002930500080145EF1060060345BF
:10D3900004049307F00F6307F500EF404ED0FD57EC
:10D3A0002300F404B2402244410182805D71CAC06E
:10D3B000138981AC83260900A2C452DC56DA86C6E2
:10D3C000A6C24EDE5AD85ED662D466D26AD06ECE7F
:10D3D0009307000A138AC1ABFCD283270A00938A01
:10D3E00001ADB7053300D8572A84719B1367170026
:10D3F000D8D798431377F7E798C398431377F7E79D
:10D400001367071098C303A70A0010474D8E10C773
:10D410001306A00DB0CA5057759A50D70347E507B9
:10D420001376F7079843137707F8518F98C3D842BC
:10D43000370600827D16799BD8C20347850613778D
:10D44000F70393169701D857718F558FD8D7371791
:10D450000040930770052300F704930780FA230028
:10D46000F70483068506B54763DAD72E835727026C
:10D4700093E707012311F70283270A000327C40853
:10D4800093053002054598C703270409D8C3979729
:10D49000FD1FA3800790EF403E8B64449D47230807
:10D4A000F400230FA4062380F4008547A381040021
:10D4B0002381F4007C4893F707209DCB9147A381FB
:10D4C000F4008347E40A8346D40A78449A07D58F48
:10D4D0002302F70083C72400814685072381F400D7
:10D4E0000346040B8345D40A0345E40AEF400F9A30
:10D4F0007C4893F70740B1C303C734007C4483C61C
:10D50000240013678700A381E4000357A408B6979B
:10D51000A381E70083C7240078448346F4073E973D
:10D520008357A4089206A183BD8BD58F2302F700F1
:10D5300083C7240089072381F40003C6240003570E
:10D5400044089307D00F918F9799FD1F9389899075
:10D5500063D2E7220347040889476309F720854619
:10D56000930780426305D70085679387878479474F
:10D570009387771BB3C7E70283C6890793E6060143
:10D580009795FD1F2384D5948326090085658CC655
:10D590003387E7020607B8D283C6340093E6060154
:10D5A000A381D40078448346E4073297A301D700CF
:10D5B00083C62400784436972302F70003C724006B
:10D5C0007444A187BA96034704081607D98FA3822B
:10D5D000F60083C724008D072381F40083470406E7
:10D5E00093F7070485C703C734007C4483C624002F
:10D5F00013670704A381E40003475401B697A3818E
:10D60000E70083C7240085072381F4008347C4070C
:10D610000547C11793F7F70F6366F70603CB24009E
:10D6200015469795FD1F9385459393073B00032B64
:10D63000C4043E9BA1472300FB0093078002A30084
:10D64000FB0013052B009730FD1FE780C017034731
:10D65000C407C1476319F71283578408A107231130
:10D66000F408C547230EF40683472408A303FB00F0
:10D6700083572408A1832304FB0083C72400A50744
:10D680002381F40003564408014B31C203C7240030
:10D6900068448325840A930737003E9583C7340086
:10D6A000C18B638C070E795B330BEB40137BFB0F55
:10D6B0005A869730FD1FE78000118327840ADA9786
:10D6C0003CDC83574408B38767412319F40603C73A
:10D6D0002400814517D5FFFF130585CD9377F70308
:10D6E00085073E9B137BFB0FA30864012381E400A5
:10D6F0007C44856B9164A3806701930770F978443B
:10D70000A305F40083270900B70C3300130DA00D07
:10D71000B8DBEF40CEA5034614018345040801455C
:10D720001D4B9740FD1FE780E09193840429EF4053
:10D730004F85938D8B8483C78907C18BB5E7B6402E
:10D74000264496440649F259625AD25A425BB25B69
:10D75000225C925C025DF24D6161828083572702F8
:10D76000C207C183BD9BC207C18329B39167938759
:10D770000729F5BB83C7890793F7F70E1787FD1FA6
:10D780002306F774A1BD0357840883572408998F93
:10D790000947E34BF7ECC947F1B59730FD1FE78028
:10D7A0008002034B440825B783C7890793F7070214
:10D7B000E5DF83C789070326090093F7F70C17876E
:10D7C000FD1F2305F7709307000A7CD283270A0008
:10D7D000D857719B13671700D8D798431377F7E78B
:10D7E00098C398431377F7E71367071098C303A705
:10D7F0000A001447B3E6960114C72328A605545718
:10D80000F59A54D70347E4079376F70798431377BD
:10D8100007F8558F98C3032CC404230864010547F7
:10D8200023006C01A3010C002301EC00784813775E
:10D83000074005CF2147A301EC0078448356A40894
:10D840002302D70003472C0074440346F407BA961A
:10D850000357A408120621833D8B518F2382E600D3
:10D8600003472C0009072301EC0083452C00835655
:10D8700024071307E00F0D8F6355D708834604086C
:10D88000094626876388C6000546130780426383DE
:10D89000C6006E87F9461307771B3347D70203C6C6
:10D8A0008907136606019787FD1F2381C762032638
:10D8B000090023247601B306D702860634D2034634
:10D8C0003C0013660601A301CC0074440346E40740
:10D8D000AE96A381C60003462C007444B296238200
:10D8E000E60083462C007044218736968346040860
:10D8F0009606558FA302E60003472C000D0723016F
:10D90000EC0003562407014721C203482C0083463C
:10D910003C00684413073800C18A3A952C5CB5C6B0
:10D920007957330707411377F70F3A863AC697308E
:10D93000FD1FE78040E9345C3247BA9634DC8356F9
:10D940002407998E2319D40603462C0001459376AB
:10D95000F603850636971377F70FA308E400230133
:10D96000CC007C44A380E7000346140183450408EF
:10D97000930770F9A305F4009787FD1FA38B074059
:10D980009730FD1FE780006C7DB39730FD1FE78067
:10D9900080E303472407231904067DB78347C5079F
:10D9A000638A0722411122C406C626C24AC04947DB
:10D9B0002A84639CE702035725088357850863166A
:10D9C000F7029304050A15469785FD1F9385E558D0
:10D9D00026859730FD1FE78000DF2685EFF06FF08A
:10D9E0009147A300A408230EF4062285EFF04FC947
:10D9F0000945EF307FE00347C4078D476314F70AFA
:10DA00009147230EF4067C481787FD1F13078744B0
:10DA100093E787007CC883479707898BEDDF8347AF
:10DA2000970793F7C70F1787FD1FA301F74A93873F
:10DA3000019F9C438297035764089787FD1F83D7F4
:10DA4000E71D232AA4083307F702930700321307C0
:10DA500007193357F7029787FD1F9387A71BDC43EE
:10DA6000B306E500368663E4A60063E4F600338679
:10DA7000F640232CC4089786FD1F83C636136360C7
:10DA8000D602158E9306D407A2851705000013054C
:10DA900025F1EF30DE952285EFF05F91B5A8958FE7
:10DAA0003E96CDB71389019F832709008297AA84E8
:10DAB000832709008297E38DA4FE8327090083242E
:10DAC0008409829763E5A4063385A4409787FD1FE8
:10DAD00083C7D70D9784FD1F83D4441463E3A70045
:10DAE00031ED83576408130700321786FD1F1306B4
:10DAF0006612B3879702504293870719B3D7E7029C
:10DB0000032784093E97BA866364F7006364C700FD
:10DB1000B306C740232CD40883578408B2409244EC
:10DB200085072314F4082244024941018280978723
:10DB3000FD1F9387270EDC43BE9479B79787FD1F9F
:10DB400083C7D73893E717001787FD1FA300F7385F
:10DB500037470F0013070724B335E502938781ACDD
:10DB600003A90700A16726862324F900814633050F
:10DB7000E502EF20801306052326A9061787FD1F5F
:10DB80001307472D83479707898BEDDF8347970757
:10DB90001786FD1F13060608504293F7C70F178715
:10DBA000FD1FA305F7328357640813070032B387BC
:10DBB000970293870719B3D7E702032784093E9793
:10DBC000BA866364F7006364C700B306C740232CBA
:10DBD000D408D1B5828097070000938767DC178748
:10DBE000FD1F2323F72E828001458280411106C646
:10DBF000EFE0BFFEB24013351500060541018280FB
:10DC00006FF0DFFE411106C6EFE03FFD0DC1035787
:10DC1000C5058356A5050356650783554507035576
:10DC20008500EF700FBE0145B24041018280094579
:10DC3000E5BF011106CE22CCEFE03FFA59C1034601
:10DC4000B50005472A849787FD1F9387A720631691
:10DC5000E604B853094515CF034604038346570429
:10DC60008358E4030358C4038357A40383558400F3
:10DC70000345B4021307670432C00546EF70CFB600
:10DC80008347F400A3050402014593E71700A307A7
:10DC9000F400F24062440561828003A70709094548
:10DCA0006DDB834657078358E4030358C403835747
:10DCB000A403835584000345B4021307670702C019
:10DCC00075BF0945F9B7011122CC06CE2A84EFE0D1
:10DCD000DFF02DCD8347B5020347A515231381003F
:10DCE000A302F10083479515A304E1002304F1008A
:10DCF000A9E38347D5150307F5152306F10083072C
:10DD000035142305F100631DF7008947A305F100D1
:10DD10004800EF70CFB20145F24062440561828055
:10DD20000307E5156314F7008547CDB7A305010088
:10DD3000C5B7834705162305F1008347B515A3052D
:10DD4000F100834755162306F100D9B70945E9B715
:10DD5000011122CC06CE2A84EFE03FE829CD8307CB
:10DD60000516A30481002180230581001307F00715
:10DD7000638FE70203474503998FA305F1008347AB
:10DD8000A51613F7070101C72306010039A093F771
:10DD9000070281CF85472306F1002800EF700FAA04
:10DDA0000145F2406244056182808947EDB7FD5725
:10DDB000A305F100D1BF0945EDB7411106C6EFE05B
:10DDC000DFE119C98345051403558500EF70CFA61F
:10DDD0000145B240410182800945E5BF9375F50FC9
:10DDE00001112E8506CE22CC2EC6EFC06FA00DC12C
:10DDF0002A8483460507B245034575010546EF7041
:10DE00002FA30145A30B0400F24062440561828008
:10DE10000945DDBF411106C6EF704FA1B240014573
:10DE20004101828041119787FD1F9387A70222C479
:10DE3000E05F06C6094511C80355A40BEF70CF9EDD
:10DE40009307F00F231DF40A0145B240224441011B
:10DE500082809787FD1F9387E7FFFC5F99CB411175
:10DE60001385870B06C6EF70EF9BB2400145410159
:10DE7000828009458280411106C622C4EFE0FFD5A9
:10DE80000DC983467514034665142A84835585009D
:10DE90000345B5028506050693F6F60F1376F60FD1
:10DEA000EF700F980145A3050402B24022444101DE
:10DEB00082800945DDBF397106DE22DC26DA4AD8C8
:10DEC000EFE0BFD1630A05168346B50005472A84F3
:10DED0009787FD1F938707F86391E60CA4530945C4
:10DEE000D9C483C744041946898BC1CB8C5883C7D6
:10DEF000A500C1C7B10528089730FD1FE780A08C99
:10DF000083C75404138964041946898BB5CFCA8525
:10DF100008109730FD1FE780008B8C58194691053B
:10DF200028109730FD1FE780008A83470403835839
:10DF3000A40383C654040346B400835584000345F8
:10DF4000B4023EC48357E4031308010238103EC2F2
:10DF50008357C4033EC03C08EF702F8B8347F40007
:10DF6000A3050402014593E71700A307F400F2504C
:10DF70006254D254425921618280814528089730E9
:10DF8000FD1FE780C087ADBF814508109730FD1F9A
:10DF9000E780E0861946CA8561B783A40709094569
:10DFA000F9D483C744061946898BB5C393856406A3
:10DFB00028089730FD1FE780008183C74407138935
:10DFC00064071946898BB9CBCA8508109720FD1FB5
:10DFD000E780607F83A544081946281091059720A3
:10DFE000FD1FE780407E83A7440883C7370093E77F
:10DFF0002700A38AF4068358A40383C65407034664
:10E00000B400835584000345B40202C425BF814592
:10E0100028089720FD1FE780807E45B708108145BE
:10E020009720FD1FE780A07D1946CA8528109720FC
:10E03000FD1FE7804079C1B7094515BF411106C6EC
:10E04000EFE0BFB90DC10357651C8356451C03564D
:10E05000A51C8355851C03558500EF60DFFA01453B
:10E06000B240410182800945E5BF411106C622C484
:10E07000EFE0BFB60DC92A840357C5058356A50531
:10E08000035665078355450703558500EF603FF745
:10E0900083471401014593E74700A308F400B24009
:10E0A0002244410182800945DDBF411106C6EFE0EF
:10E0B000DFB20DC183478519034675199305F5181D
:10E0C00003558500A2075D8EEF603FF30145B24026
:10E0D000410182800945E5BF411106C622C4EFE037
:10E0E000DFAF0DC12A841306051083558500034553
:10E0F000B502EF605FF00145A3050402B24022447F
:10E10000410182800945DDBF411106C622C4EFE00E
:10E11000DFAC05CD0347B50285472A846314F700B9
:10E12000A30505020345B4020357C4058356A4059D
:10E130000356840583558400EF60BFEB0145A305BA
:10E140000402B2402244410182800945DDBF011131
:10E150001375F50F06CEEFB0BFE939C99787FD1FDC
:10E16000938747CF83A7070E93F707209DC302C469
:10E1700002C202C0814801488147014781460546E5
:10E1800081451305C003EF605FE80145F24005617A
:10E1900082808346D5031307E50302C08148014806
:10E1A0008147054681451305C003EF60FFE3F1BFDA
:10E1B0000945E9BF9787FD1F9387C7C903A70709CB
:10E1C000094529CB83A7070E011106CE93F7072037
:10E1D0008DC302C402C202C0814801488147014781
:10E1E000814601468145EF605FE2F24001450561ED
:10E1F0008280835807020358A70183570705834687
:10E200005707014602C01307670781450945EF60BC
:10E21000BFDDE1BF828001458280014582800145EA
:10E2200082800145828001458280014582800145CE
:10E2300082800145828001458280014582800145BE
:10E2400082800145828001458280014582800145AE
:10E25000828001458280411106C622C40347050021
:10E26000930700086315F702034715009306500251
:10E27000854763E4E60697370000938767EC0A0753
:10E280003E971C430355250082978147B9A093060A
:10E29000100885476313D70403471500CD4663086C
:10E2A000D70E63E3E602A146630DD708B146630DBE
:10E2B000D70A95466313D70203552500EFE0FF9177
:10E2C0002A8415E9894711A893060003630FD70E26
:10E2D00063EAE600E946630FD70CB24022443E856C
:10E2E0004101828093077005630FF70E930717F0C3
:10E2F000B337F000DDB78327851195C70356450472
:10E300000506420641829C431307160042074183DB
:10E310009DE72312C40401CA835584000545EF60BC
:10E320009FCB231204040345B402034644058355DE
:10E330008400EF601FC92285EFE04FF9B9B73A8634
:10E34000D9B703552500EFE05F892A8425DD034610
:10E35000C504835585000345B5023336C000EF6020
:10E360009FC6A305040215B703552500EFE0FF86FD
:10E370002A8429D903572505835605050346F50444
:10E38000835585000345B502EF603FC4D9BF0355EF
:10E390002500EFE09F842A8415D50356450401CA61
:10E3A000835585000545EF601FC323120404A308AD
:10E3B0000402E1BD03552500EFE03F82E30405F0D0
:10E3C0000345B502EF607FC1C9B503552500EFE0F5
:10E3D000DF802A84E30805EE835585000345B502F6
:10E3E000EF60FFBFBDBF03552500EF609FBF71BD4C
:10E3F000011122CC2A84114506CE2EC632C4EF204C
:10E40000BED61DC1B2452246231185002300B500AA
:10E41000A300C5006244F240AA851775FD1F03459D
:10E42000557B05616F203EDFF24062441145056176
:10E430008280411106C622C4EFE02FFA41C1832732
:10E440000512230D05002A84A5C30347F500058B9B
:10E4500019EB03558400014693050008EFF05FF9BE
:10E4600039C5014581A8D44303C6C70083C58700C9
:10E47000035585008906EF60FFB605E58327041282
:10E4800003D7A700A3840700136707F02395E700CD
:10E490009C432320F4128357240481C7FD172311C2
:10E4A000F40483270412D5F7231104045DBF8547C4
:10E4B000230DF400B2402244410182800945DDBFB2
:10E4C0009787FD1F9387079983A7870C91E3828025
:10E4D0006384A700DC5FDDBF411122C406C6834709
:10E4E000A5002A8491C79305C5006905EF10C0599E
:10E4F0008347240191CB930544011305A4022244D0
:10E50000B24041016F104058B24022444101828024
:10E51000AA862E86AA85170500001305C5006F3050
:10E520006EA49787FD1F9387E79203A7870C41117D
:10E5300026C206C622C4BE8411E7B24022449244D9
:10E54000410182806304A700585FFDB78347A5009F
:10E550002A8491C79305C5006905EF10E0528347EF
:10E56000240199C7930544011305A402EF10C0517B
:10E5700022852244CC58B240924441016FF05FF9A9
:10E5800001114AC81789FD1F1309C98C22CC032425
:10E59000890C26CA4EC652C456C206CEAA84014A67
:10E5A00093094500854A631D040E93052025130534
:10E5B00000049730FD1FE78040FA2A841D4561C89A
:10E5C00083C7340019469385440013054400A30112
:10E5D000F4009720FD1FE780001F938AA4014146A5
:10E5E000814556859720FD1FE780802B79ED9309A3
:10E5F000A401D68541464E859720FD1FE7808028DF
:10E6000085472305F400834734009305C4004E85F5
:10E6100093E72700A305F400EF1000479384A402BA
:10E620004146814526859720FD1FE78060274DE103
:10E630009307A402A6853E854146BE849720FD1F10
:10E64000E780402485472309F4008347340093057D
:10E650004401268593E72700A309F400EF10C04288
:10E66000A3000400832549032285EFF07FEA6314A9
:10E670000A069787FD1F23A3878A232E0402834758
:10E68000490C014585071787FD1F2307F788F240CE
:10E690006244D2444249B249224A924A0561828088
:10E6A0000347340083C734006305F700228A405CC7
:10E6B000DDBD4146CE85130544009720FD1FE78050
:10E6C0008019E31555FF4945D9B723050400B9B7AB
:10E6D0002309040071B7232E8A0245B741119777A9
:10E6E000FD1F9387277722C403A4870C26C206C682
:10E6F0004AC0FD5419ECB24022449787FD1F23AF56
:10E7000007809787FD1F23890780924402494101B2
:10E71000828003450400EF308E980329C403230050
:10E72000940022859730FD1FE78080EF4A84D9B797
:10E730009777FD1F938707722382070C23A4070C8A
:10E740006F10403E411126C206C622C4EFE0AFD88A
:10E75000AA843DC5EFE06FC82A84630A05129307B7
:10E7600010112315F500930700FB2307F5008547DB
:10E770002308F5009777FD1F83D7C742A5073E857D
:10E78000C207C183130740106374F70013054010DC
:10E79000131705014183930700046374F700130501
:10E7A000000442059305302541819730FD1FE78025
:10E7B000C0DA2328A41019E903558400EFE00FE222
:10E7C000B240224426859244410182809777FD1F02
:10E7D0009387075C9C4F228523130414232AF4108B
:10E7E0009777FD1F9387076703A6870D83A6C70D3D
:10E7F00003D7A70383C7A704232CC40E232ED40E4C
:10E80000A307F414FD572310F4042313F402231474
:10E81000F4028347E4022324C4102326D41093E790
:10E8200007FC2307F4028567938787BB2315F4044D
:10E830002312E414EFC01F8C1775FD1F0345C53666
:10E840002301A414EF20DFB1D147A306F4169307E8
:10E850008002A305F4169307006F231FF414930797
:10E86000F0072300F416F5779387A7EB2311F4162E
:10E87000A301A4142303A416A303A4162304A4161B
:10E88000A304A4169777FD1F239A075C15BF854440
:10E8900005BF411122C42A84834504031775FD1F57
:10E8A0000345755BA307A40206C626C2EF306EC1FE
:10E8B0008357A4031778FD1F035848369306003288
:10E8C0003307F8029774FD1F83C4442E232AA4083B
:10E8D0003356D7023377D7029306204E2326C40837
:10E8E00037460F0013060624B387D702B3D7A70213
:10E8F0003307D702BE94835784039384C417C2049A
:10E900008507C1802312940833470703B387D702D2
:10E910002310E4028146858FB3B5070333850703CF
:10E92000EF10A038832784089776FD1F9386862EE4
:10E93000D442AA9733B5A7002E9501E53E8763E43C
:10E94000D7003387D740834774032328E40813078D
:10E95000204EB387E70286042285BE9423119408D3
:10E96000EFC0EFBF2285EFC0CFF28355E4032285CD
:10E970009205F915C205C181EFC0AFBA2285EFE05B
:10E98000EFFB9777FD1F23A987569387C1B69C435A
:10E99000898B85C39774FD1F9384C41F9C5891CBAA
:10E9A00083258409354582979C588325C4093945B8
:10E9B000829722852244B24092449777FD1F23928A
:10E9C000074A9777FD1F23AF074841016FC09FC6D5
:10E9D0000357050889468357450863F3E60009474E
:10E9E000B397E7002313F5086F308EBC011122CCDA
:10E9F00026CA4AC806CE4EC652C4834765032A8437
:10EA0000138981AC8507230BF50283473501938475
:10EA1000C1AB639C075A8347C50013070004A309D1
:10EA2000E50003471501BD9B93E737002306F5007A
:10EA300093178701A30D0500E18763D907001377BA
:10EA4000F707A308E500EF20EFBC39A88327850A64
:10EA500093F62700BDC6F59B2324F50A83270510EE
:10EA6000918BA9CFEF00AFD90347B401854763105D
:10EA7000F706832784110347C400DC432380E700A3
:10EA80008327841103475401DC43A380E700032755
:10EA90008411832709005843B8DB9C40B7068000E7
:10EAA0009843558F98C3D857719BD8D7F24062448A
:10EAB000D2444249B249224A05618280EF00CFD157
:10EAC00065B793F617008DC6F99B2324F50A8327B3
:10EAD00004110347C4002380E70083270411034780
:10EAE0005401A380E70083270900032704116DB7B1
:10EAF00083490501054A6398491DF9C713F70701C2
:10EB000019C7BD9B2324F50AEF00FF8EB1BF13F791
:10EB1000070201CB93F7F7FD2324F50AEF007FA24C
:10EB2000A1B713F7070401CB93F7F7FB2324F50AEA
:10EB3000EF006FD215BF13F7070809CB93F7F7F76C
:10EB40002324F50A2285EF10BFA339BF13F707204E
:10EB500009CB93F7F7DF2324F50A2285EF00EFD9DD
:10EB600021B713F7074001CB93F7F7BF2324F50A2A
:10EB7000EF00BFB9D5BD13974701635C07007D77F0
:10EB80001307F77FF98F2324F50A2285EF004FE75B
:10EB9000E1BD13973701635A07007D777D17F98F21
:10EBA0002324F50AEF00AFE8C1B513972701635A94
:10EBB000070079777D17F98F2324F50AEF008FF787
:10EBC00065B52324050A21B78327450A638E071AF2
:10EBD00093F6070481CA93F7F7FB2322F50AEF00A7
:10EBE0004FB759B593F6071081CA93F7F7EF232271
:10EBF000F50AEF005F858DBD93F6072099CA4D8B0E
:10EC0000631F070E93F7F7DF2322F50AEF00BF8893
:10EC1000A1BD93F6074081CA93F7F7BF2322F50AF7
:10EC2000EF008FC091B59396470163DB06007D77B7
:10EC30001307F77FF98F2322F50AEF105F872DB5B1
:10EC40009396370163DC06004D8B55EB7D777D177E
:10EC5000F98F2322F50AEF00AFC139B513971701D9
:10EC6000635A070071777D17F98F2322F50AEF00A9
:10EC7000EFD1DDBB1397E700635A070001777D17DB
:10EC8000F98F2322F50AEF00EFD4F9BB1397B700F1
:10EC9000635B07003707F0FF7D17F98F2322F50A22
:10ECA000EF002FE1D1B313978700635B07003707AD
:10ECB00080FF7D17F98F2322F50AEF009F926DB335
:10ECC0002322050A29B5638C09029306600463EFC9
:10ECD00036071307500463F9E9141307A002638A87
:10ECE000E91C63673703930710026380F91A63EA2C
:10ECF0003701ED476387F914F547638AF9142285D4
:10ED000099B393075002638FF91C93077002F5B70C
:10ED1000130760036389E914636B37019307E0020B
:10ED20006384F91E93071003E380F9DEC9BF13075C
:10ED30000004638CE908930710046387F90A9307BA
:10ED40008003E39EF9FAEF20EF8C19AA9307A00540
:10ED50006387F91E63E13705930750056385F90260
:10ED600063EB37019307B0046388F91C9307100520
:10ED7000E38AF9DC69B793076005E380F9DE93075E
:10ED80008005E39EF9F622859730FD1FE780C09647
:10ED9000E30C05CCADB79307B00663ED37019307DD
:10EDA000A00663FBF92093076006E39AF9F4EF00ED
:10EDB000DF9599A093076007E389F9DC9307600862
:10EDC000E39FF9F2EF000FD705A813974701E35827
:10EDD00007F27D771307F77FF98F2324F50AEF00F9
:10EDE0002FC22308340149B18347B5028DC70547B7
:10EDF0006398E700EF00EFF485472308F400ADB116
:10EE000083270510918BD5C3BD472306F4022285C5
:10EE1000EF00EF9ED5B7EF10FFFF8327040A93E7BB
:10EE200027002320F40AC9BFEF10DFFE8327040A5E
:10EE3000230844012311040693E747002320F40A22
:10EE400025B1EF002F85D947230AF40431B9228573
:10EE5000EF105FFC8327040A93E717002320F40ACE
:10EE60002308040011B19730FD1FE780E088E30D0F
:10EE700005BE8547A306F4042285EF006F8B834708
:10EE8000C404F99B2306F404C5B683278510858B3B
:10EE900081C7EF00CFD0C9BEE947A305F50283279C
:10EEA0000510918B99C38D478DB72285EF00CF92C6
:10EEB000A1B7EF004F818347D40491CB414693051E
:10EEC000C40A1305C40C9720FD1FE780C08F834739
:10EED000C4042326040E2328040E93E717002306F8
:10EEE000F40459B683270510918B81CF8D472306F3
:10EEF000F502EF00CF9083471401DD9BA308F400D7
:10EF0000E5BDEF006F8DC5BF8347C5042322050E05
:10EF10002324050E93E727002306F504EFF0DEFC1B
:10EF200083471401A3050402DD9BA308F400832793
:10EF3000040A93E70701F5B5EF00EF9175BD83472C
:10EF4000A51499CB83466514331ADA006306FA00D8
:10EF500013670701A308E5000347B41411CF8346E4
:10EF600074148547B397D7006388E700834714017B
:10EF700093E70701A308F4008347E40199CF83478F
:10EF80001401C18B99EB8327040A93E70720232000
:10EF9000F40A2285EF101FE885B583071416F5DB08
:10EFA00083274410898BF5D78327440A370710003D
:10EFB000D98F2322F40AF1BFEF10DFE58327040A7B
:10EFC000056713070780D98FA9BD9777FD1F83D7E2
:10EFD00067E985071777FD1F2316F7E871B48347A4
:10EFE0004517858B638207108347651393D63700D7
:10EFF000AA9683C5061313F7770033D6E540058A32
:10F0000069CE397122DC06DE26DA4AD84ED652D4D1
:10F0100056D25AD05ECE62CC66CA2A8403454503D6
:10F020007D57FD47591562052C0061853AC43EC6DF
:10F030009720FD1FE7808010032684132247832634
:10F04000C413B247718FF58F6314E6006387F60629
:10F050002800EFE00F89894763F1A706294681451B
:10F060001305D4179710FD1FE7806079224AB24A32
:10F0700081490D4C854C930B500293948901E18496
:10F080004E865285D68513DB2440EF00903C8D8858
:10F09000229B058986040309DB170DCDB3949C00E0
:10F0A000B3649900A30E9B168509E39879FD834705
:10F0B000441793E78700230AF416F2506254D2549F
:10F0C0004259B259225A925A025BF24B624CD24CCC
:10F0D00021618280B3149C00E1B78547B397E700B4
:10F0E000CD8F2388F6128280828079714ECE9779F7
:10F0F000FD1F938929D622D403A4090A52CC56CAEB
:10F100005AC8797AA16A370B008226D24AD006D62D
:10F110005EC662C466C21779FD1F130969C793846E
:10F1200081AC7D1AFD1A7D1B8347E4001307000D97
:10F13000639FE7209C4098430D8B05C3B84B619BB0
:10F14000B8CB98431367870098C39C438D83858B06
:10F1500089C701000100010001009730FD1FE78011
:10F1600080868347C404858B89C7A2850545EF2027
:10F170008F8B83472414938BC1AB83A60B0093F72B
:10F18000F70313979701DC56B3F76701D98FDCD6E5
:10F1900037170040930770052300F704930780FAA0
:10F1A0002300F70483462414B54763FBD710835725
:10F1B000270293E707012311F70203A70B00832718
:10F1C000840994401CC78327C4095CC3DC4293E7CD
:10F1D0001700DCC25C57F19B93E717005CD783559F
:10F1E000441C95470356641C910503457414177716
:10F1F000FD1FA302F7BAC205930710FD2307F40011
:10F20000C181930700FC1777FD1F2303F7B8EF2098
:10F210002FB70346741485468357240803576408A0
:10F220006318D60A060793875703BA97984054473E
:10F2300033F6460150C70100010098400966860771
:10F2400010C7130600F89775FD1F2385C5B47CD33E
:10F2500054C79777FD1FA38F07B290409777FD1F84
:10F26000A38807B285471CC28346C404138701AD37
:10F2700083A70B00858A1843CDCA9443B705330092
:10F2800093F6F6E794C3944393F6F6E793E60610F5
:10F2900094C31447CD8E14C79306900F34CA5457A5
:10F2A000F59A54D7034764139376F7079843137777
:10F2B00007F8558F98C39720FD1FE78020CBADB589
:10F2C00083572702C207C183BD9BC207C183E5B52F
:10F2D0008945060794406318B602D046B3754601C7
:10F2E000CCC60100010094408965938797188CC6AD
:10F2F000930500F81775FD1F230EB5A8BA9786076A
:10F30000FCD2D0C6B9B7D046B3754601CCC6010011
:10F31000010094408965938797048CC6930500F893
:10F320001775FD1F2308B5A6D1BF9443B705330059
:10F3300093F6F6E794C3944393F6F6E793E6061044
:10F3400094C31447CD8E14C79306900D81BF130745
:10F35000100D639BE75883470900858B6382074C38
:10F3600083470900E207E18763D4070A8347F40073
:10F3700093F7070285C78357A4031307204EB3876B
:10F38000E70203274409B3D7E7021777FD1F0347B6
:10F39000E78113070705BA972312F4089387C1ABD7
:10F3A0009C439776FD1F9386E68683AC4600984380
:10F3B000032C0901894631830D8B832BC4088357A5
:10F3C00044081775FD1F03556585631DD716938780
:10F3D0009718B3A5A70237460F00130606248146E7
:10F3E0003305F502EF00700C3385AB40B3078501A0
:10F3F0003E8763E4A70063E497013387974183570F
:10F4000064082328E4082310040885832313F408E0
:10F410008345C404032544119306240313064403BF
:10F4200085899720FD1FE78000B89777FD1F23840B
:10F43000A79603C7690483474403998F230AF402FC
:10F440008327441183C7070013F7070C19E38D8B3B
:10F4500091E785471777FD1F230FF79283476900D0
:10F46000858B6397072C8347A40293E72700230526
:10F47000F40283470900E207E18763D30702834769
:10F48000641313D7370093F6770022978547B39715
:10F49000D7008346071393C7F7FFF58F2308F712AA
:10F4A0008347F400898BDDCF2285EFB07FC55DE90E
:10F4B0008347F400A309040093E74700A307F4007F
:10F4C000832784118DCF0347B40115CB03C7970061
:10F4D000058B15E703D7A700C843136707F02395EB
:10F4E000E7009720FD1FE780A0138357440485079A
:10F4F0002312F404832784119C43232CF4108347A4
:10F50000540181CB8347C404898B81C72285EFB026
:10F510003FC483470401130720026398E70283274F
:10F52000040AA305040293E787002320F40A834713
:10F53000140193E78700A308F4009307400223080F
:10F54000F4000DA09387970469B513070006639A2A
:10F55000E70C85472308F4008347A40293E71700CC
:10F560002305F40283476900898B6384071083476E
:10F57000C404858B638F070E834794018507A30C12
:10F58000F4008347F40013F7270029E793E72700E7
:10F59000A307F400930700F8230EF4008357A40395
:10F5A0001307204EB387E70203274409B3D7E702C6
:10F5B0001767FD1F0347875F13070705BA97C20741
:10F5C000C1832312F40886072311F4089777FD1FDF
:10F5D00023A4079222859767FD1F238B077AEFF0FC
:10F5E000EFC003456414894783455401631FF51434
:10F5F00003458414910513652500EF109FE38347AD
:10F6000054016386071E8347C404898B6381071EE8
:10F61000A2850145EF105FB9630B0512EF206F96CD
:10F620006DA413077006639CE7029387C1AB9843F0
:10F630007C53ED9B7CD39767FD1F2380077637179C
:10F64000004083578701B3F7FA00231CF700834774
:10F65000C40093F7F7FD2306F4008547CDB5714745
:10F66000E392E7F08327040A93E717002320F40AC4
:10F67000D5BD2285EFB05FABE31505F0A30C040008
:10F680002285EFB0FFA383471401A18B85CF834769
:10F6900064018DCB83477401094793F7B70F6383E8
:10F6A000E7029307D003230AF404930770022308A8
:10F6B000F4008347C404858BE38507EC2285EFB013
:10F6C0003FAEC1B50347D4008D476317F7048347A6
:10F6D0007401130780026373F702834774011D47A7
:10F6E0006388E702A306F4028327840A228593E74E
:10F6F00017002324F40AEFF05E8119A88A07171770
:10F7000000001307A768BA979C432285829771F57A
:10F7100083476401D9FFB5B583476401E38307E6F6
:10F7200022859720FD1FE780E00FE31C05E4CDB79D
:10F73000834784018507230CF40083D7E9008507FC
:10F740001767FD1F231FF7702DBD91057DB59387AA
:10F75000C1AB9843B70633001C4393F7F7E71CC3CC
:10F760001C4393F7F7E793E707101CC3938701AD9A
:10F7700098431C47D58F1CC79C401307A00FB8CBDC
:10F780009387C1AB9C43B70680009843558F98C3BD
:10F79000D857719BD8D7930720FD2307F400832700
:10F7A0000412E38A07B00347F400058BE30507B0B2
:10F7B000D44303C6C70083C5870003558400890668
:10F7C000EF505F82E31905AE8327041203D7A70029
:10F7D000136707F02395E7009C432320F412835717
:10F7E0002404E38A07ACFD172311F404E9B49387DA
:10F7F000C1AB9843B70633001C4393F7F7E71CC32C
:10F800001C4393F7F7E793E707101CC3938701ADF9
:10F8100098431C47D58F1CC79C401307A00D85B784
:10F820009C40FC53E39207909767FD1F2384075683
:10F83000EF103FF5834709002285E207E18763DA8D
:10F84000071EEFF0EF9883D72901228585071767F8
:10F85000FD1F231AF760EFF08FF883570404B5C734
:10F8600013074006B3F7E702ADE39387C1B69C43A5
:10F87000898BA1C79764FD1F9384C431985815CF15
:10F880009767FD1F83D7075EC2079765FD1F83D566
:10F89000855DDD8D254502979C589765FD1F83D5B5
:10F8A000455C294582979C58831524032D458297F2
:10F8B0009C5883054403314582979767FD1F239227
:10F8C000075A9767FD1F23AF075822852254B2506D
:10F8D00092540259F249624AD24A424BB24B224CEC
:10F8E000924C45616FB05FDC1307200DE398E7D2BF
:10F8F00083471900858B638107149767FD1FA389D0
:10F9000007488327040A13972701634A070E2285B5
:10F910009720FD1FE780C0FE85476312F50E8355D3
:10F92000441C0356641C034574149105C205C1812F
:10F93000EF101FC58347C404938BC1AB138C01AD7B
:10F94000858BBDCBA2850545EF10FF8D03A70B006E
:10F95000B70633001C4393F7F7E71CC31C4393F728
:10F96000F7E793E707101CC303270C001C47D58F4C
:10F970001CC79C401307900FB8CB930710FD2307BB
:10F98000F4009C40D44733F74601D8C70F1000005D
:10F990009C40096798C7130700F81766FD1F230BE3
:10F9A000E63E03A60B00184231830D8B0DEF1307C3
:10F9B0006019F8D3D4C701B203A70B00B706330010
:10F9C0001C4393F7F7E71CC31C4393F7F7E793E750
:10F9D00007101CC303270C001C47D58F1CC79C4075
:10F9E0001307900D51BF1842094631830D8B6315E3
:10F9F000C7001307E04375BF1307E01B5DBFEF109F
:10FA00005FD8834794018DC793F7070F81CB930588
:10FA1000D0032285EFB01FDBA305A4029767FD1F6B
:10FA2000938747179C5B89C79545130550088297B4
:10FA30002285EFC0AF9F51BD9C40FC53639607EEFB
:10FA40009767FD1F23880734EF10BFD3D5B7411147
:10FA500006C6EFB0EF999767FD1F9387A73F17F78B
:10FA6000FFFF130767CE23AAE70AB24017F7FFFF8D
:10FA7000130767E223ACE70A97F7FFFF938727672F
:10FA800023ACF1B641018280397122DC3704400099
:10FA900026DA4ED6AE84AA899305E4FF054506DE34
:10FAA0004AD8EF20EEAE498C13170401418321831D
:10FAB0009317840013590401D98F23160100137979
:10FAC000F90F10088A854E852317F100A30621013E
:10FAD00002C002C202C402C802CA02CC02CEEF10A7
:10FAE0006FE88347E1010347D101A3818400A207A6
:10FAF0004207BA970347F101218023828400BA9715
:10FB0000F25062542380F40013D78700C183A3828C
:10FB10002401A380E4002381F4004259D254B25955
:10FB200021618280011119469765FD1F9385250883
:10FB30001765FD1F1305854006CE22CC26CA4AC88C
:10FB400091644EC69710FD1FE780E0C79385F4FFD0
:10FB50000145EF20AEA12A84FD550145EF204EA3BB
:10FB6000A287FD147D5933F79700B366E500F9C607
:10FB7000631425016304970C1767FD1F2308F73CE6
:10FB8000A18393E707FC916941641767FD1F232D4B
:10FB9000A73A1767FD1FA30BF73AFD191769FD1F59
:10FBA0001309492B7D14CE850145EF202E9CAA8494
:10FBB000FD550145EF20CE9DB3679500EDD7FD576C
:10FBC0006314F500E38134FF9767FD1F2391A73885
:10FBD000935705011767FD1F230CF73693578501CF
:10FBE0001767FD1FA306F7369767FD1F2383973618
:10FBF000A18093F4F4039767FD1FA38C97348317B8
:10FC0000890E42054185618DE18F6312F50203176C
:10FC1000C90F8317A90E618FE18F631AF7000317CD
:10FC2000E90F8317C90E618FE18FE30EF7F6F240FB
:10FC30006244D2444249B24905618280A6850145A9
:10FC4000EF20CE922A84FD550145EF206E94A287C5
:10FC500019BF11CE93070002918F635BF0003355FB
:10FC6000C500B397F50033D6C5005D8DB28582809F
:10FC7000130506FE014633D5A500B285CDBF11CED2
:10FC800093070002918F635BF000B395C500B357F3
:10FC9000F5003316C500DD8D32858280930506FEA2
:10FCA0000146B315B5003285CDBFB687B2882A8329
:10FCB0002E88639D061463F9C50A4167636EE61AD0
:10FCC000B70700016363F63493568601E1471717BF
:10FCD000000013076750369703470700BA971307CA
:10FCE00000021D8F19CB3398E500B357F500B31808
:10FCF000E60033E807013313E50013D60801335556
:10FD0000C80293960801C182935703013377C80252
:10FD1000B385A60242073368F700637AB8004698B5
:10FD20009307F5FF636418016367B8303E853308B5
:10FD3000B8403357C8024203135303013378C80253
:10FD4000B386E602420833686800637BD8004698B1
:10FD50009307F7FF6365180179176363D8003E873F
:10FD60004205598D8145828001E60547B358C70297
:10FD7000416763EAE80EB707000163ECF82893D601
:10FD80008801E14717170000130707453697834698
:10FD90000700BE9693070002958FE5EB939E08013E
:10FDA0003387154113DF080193DE0E018545935714
:10FDB00003013355E7033377E703B306D50342075F
:10FDC000D98F63FAD700C6971307F5FF63E41701CD
:10FDD00063E6D7263A85958F33D7E703420313535B
:10FDE0000301B3F7E703B30ED703C207B3E7670016
:10FDF00063FBD701C6979306F7FF63E517017917F1
:10FE000063E3D70136874205598D828063E2D504CA
:10FE1000C16763E2F604B707000163E4F61E13D777
:10FE200086016148971700009387073BBA9703C77D
:10FE30000700130E00024297330EEE40631A0E0CB9
:10FE400063EDB61C3335C50013451500814582802E
:10FE50008145014582809307F00F63F3D71C13D7C8
:10FE600086002148C1B71307F00FC686E37C17F15F
:10FE700093D68800A14739B71307F00FB286E3780D
:10FE8000C7E493568600A14799B5B398F80033D6D6
:10FE9000D50013DF0801335EE6033397F500B35650
:10FEA000D500558F939E080193DE0E013313F500A4
:10FEB00093550701B376E603B387CE03C206CD8E12
:10FEC00063FBF600C6961306FEFF63E4161763F2A3
:10FED000F616791EC6969D8E33D6E6039317070154
:10FEE000C183B3F6E6033385CE02139706015D8F17
:10FEF000637BA70046979307F6FF63681713637643
:10FF0000A7127916469793150E01098FD18D45B525
:10FF1000B357E600B396C601DD8E33D3E50013DF99
:10FF20000601B357E303939E060193DE0E01339857
:10FF3000C5013357E50033680701935808013316AC
:10FF4000C6013373E303B385FE024203B3681301B2
:10FF500063FBB800B6981387F7FF63EAD80C63F821
:10FF6000B80CF917B698B388B84033D7E8034208FD
:10FF700013580801B3F8E8033383EE02C208B3E56F
:10FF8000080163FB6500B6951308F7FF63EDD5081C
:10FF900063FB65087917B695C207416FD98F1307C0
:10FFA000FFFFB3F6E70093D80701718F4182B38E4C
:10FFB000E602B3856540B386C60213D80E013387C7
:10FFC000E802BA96C2963386C80263F3E6007A96D0
:10FFD00093D80601469663E2C5026385C5003E8557
:10FFE0008145828041677D17F98EC206B3FEEE001F
:10FFF0003315C501F696E374D5FE1385F7FF8145E9
:020000040003F7
:10000000828013D70601414831BD93560601C1478E
:100010007DB993D60801C147B5B3814505458280B6
:100020003687014801B5428785BF3E86E9BDBA875C
:100030001DBF328E4DB579154698D5B97915C6973D
:1000400059BBB68732882A832E872E8E6393061477
:1000500063F1C50A41676378E61A1307F00FB286A9
:100060006375C70093568600A14717170000130752
:10007000A71636970347070093080002BA97B3887C
:10008000F840638C0800B3951501B357F500331899
:10009000160133EEB7003313150113560801B35799
:1000A000CE0213150801418193560301337ECE021F
:1000B000B307F502420E3367DE006378F70042971C
:1000C000636507016373F70042971D8FB356C7023C
:1000D00093170301C1833377C7023305D502420763
:1000E000D98F63ECA7083385A740335515018145A7
:1000F000828001E605473358C7024167636CE80E0A
:10010000B70700016365F82A93568801E14717177E
:1001100000001307670C3697034707009308000297
:10012000BA97B388F840639A081E131E0801B38576
:10013000054113560801135E0E0113570301B3D690
:10014000C502B3F5C502B386C603C2054D8F6377FA
:10015000D700429763640701636AD726158F33552A
:10016000C7024203135303013377C7023305C503A4
:100170004207B367670063F8A700C29763E507010A
:1001800063F3A700C2973385A74033551501814516
:1001900082802A88E3EED5F4C16763E5F604B707E9
:1001A000000163E2F62013D38601E14897170000AF
:1001B000938787029A9703CE070013030002469E97
:1001C0003303C3416319030463E4B6006369C500E4
:1001D0003308C540958D333705013387E5404285A7
:1001E000BA8582809307F00F63FBD71C13D3860078
:1001F000A1486DBF1307F00FC286E37A07F193564B
:100200008800A14729B7B70700016366F61A93561D
:100210008601E14799BDB357C601B3966600DD8EEE
:10022000B3D8C50113D70601B3DEE802139F060158
:10023000B357C501135F0F01B3956500DD8D13D86A
:1002400005013316660033156500B3F8E802B307FD
:10025000DF03C20833E80801637BF800369893880F
:10026000FEFF6363D8166371F816F91E36983308DB
:10027000F840B357E802C205C1813378E802330F72
:10028000FF02131708014D8F637BE70136979385B3
:10029000F7FF6369D7126377E713F9173697C20E32
:1002A000C162B3EEFE001388F2FFB3F80E0193555E
:1002B000060193DE0E0133780601B38F080333077E
:1002C000E74133880E0393D70F01B388B802C29871
:1002D000C697B38EBE0263F30701969E41687D18F0
:1002E00093D50701B3F70701C207B3FF0F01F695D6
:1002F000FE976362B70A630EB708B307F54033355C
:10030000F500B305B740898D339EC50133D567002D
:100310003365AE00B3D5650082803318180133D73A
:10032000F50013560801B356C702131E0801B35750
:10033000F500135E0E01B3951501DD8D93DE050109
:10034000331315013377C702B307DE029316070193
:10035000B3E6D60163F8F600C29663E5060163F3DF
:10036000F600C2969D8E33D7C60293970501C183CE
:10037000B3F6C6023307EE0293950601DD8D63F8EE
:10038000E500C29563E5050163F3E500C295998D2B
:100390006DB3E374F5F63386C740B3B7C700B697BD
:1003A0009D8DB28799BF13D30601C14801B59356FD
:1003B0000801C147A9BB93560601C1477DB13683E9
:1003C0008148EDB3AE87E1BDC68E55B5429779B38E
:1003D00001476314E60001458280B307E500050785
:1003E000B386E50083C7070083C6F6FFE383D7FE25
:1003F0003385D7408280B3C7A5008D8B3307C500F6
:1004000081E78D4763EEC700AA876370E50A83C65C
:10041000050085078505A38FD7FEE3EAE7FE828006
:1004200093763500AA8791CA83C60500850785059E
:10043000A38FD7FE93F63700FDB79376C7FF1386D9
:1004400006FE63F0C70683A3050083A2450083AFC1
:10045000850003AFC50083AE050103AE450103A3CC
:10046000850183A8C5019385450223A0770003A8D1
:10047000C5FF23A2570023A4F70123A6E70123A861
:10048000D70123AAC70123AC670023AE17019387C6
:10049000470223AE07FF75B790419107910523AE40
:1004A000C7FEE3EBD7FEE3E4E7F6828063F3A5043F
:1004B000B386C500637FD5029345F6FF8147FD17DC
:1004C0006393F50082803387F60003480700338783
:1004D000C7002A9723000701DDB73387F50083465D
:1004E00007003307F50085072300D700E317F6FE62
:1004F00082808147E5BF93F5F50F8347050091C7DB
:100500006393B70082800505CDBF91C1014582800C
:10051000AA87850703C7F7FF6DFF3385A7407D15C1
:1005200082800347050083C7050001E791C30145A9
:100530008280814701A88347150013071500E5DB7A
:1005400081473A853387F5000347070075D3B30623
:10055000F50083C60600E390E6FE85072A87D5B737
:10056000F401FA00960064004B0032001E001400F3
:1005700043483538785F424C455F4C49425F5632BC
:100580002E31000053706C69744143007361632F16
:1005900076310000EA5E00000A5F00000E5F000096
:1005A0001A5F0000225F00002A5F0000325F000037
:1005B000665F0000B65F0000F65F000004600000A8
:1005C00026600000326000003E6000004E600000C7
:1005D0005E6000006E6000007E6000008E600000C3
:1005E0009E600000AE600000D27D0000007E000032
:1005F0001C7E0000DE7F0000DE7F0000DE7F00004A
:10060000DE7F0000DE7F0000DE7F0000DE7F000076
:100610003C7E00005A7E0000727E00008A7E000050
:10062000B07E0000D27E0000DE7F0000DE7F000092
:10063000F47E00001E7F00005E7F0000A2800000AC
:100640001C8100005282000068820000708200005D
:1006500036810000588100008A810000BC810000C2
:10066000EE810000168200003E82000052820000EF
:1006700068820000708200007882000082820000A0
:100680008C82000096820000B6820000C8820000C2
:10069000D2820000DC8200007561727433207278AF
:1006A000000000000100FFFFFFFFFFFFFFFFFFFF53
:1006B000FFFFFFFFFFFFFFFFFFFF0706FFFFFFFF3B
:1006C000FFFFFFFFFFFF020405030000DAB0000098
:1006D000DEB000003EB10000E2B00000E6B0000075
:1006E000B8AC0000B8AC000004B100009EB000003F
:1006F00008B600002CB60000BEB60000D2B600005E
:10070000E8B60000B8AC0000B8AC0000B8AC00001F
:1007100000B700002AB70000EAB700006CB800007C
:1007200084B8000092B8000082B900008AAA0000D4
:100730004CBA00008AAA0000BABA000028C1000022
:10074000EEBB000018BC000052BC000080BC0000E2
:100750008AAA0000B0BC000058BD000006BE000020
:10076000C0BE000054BF00008AAA00008AAA000090
:10077000CCC000008813000010270000204E0000AD
:10078000409C000060EA0000C0D4010080A9030082
:100790004950563456360000495000002F6400007E
:1007A0002F6D2F64000000002F6D2F7500000000DA
:1007B0002F7500004F4B00004552524F5200000071
:1007C0002B434D45204552524F523A002B434D5337
:1007D000204552524F523A002B4D485454504352E8
:1007E000454154453A0000002B4D48545450555251
:1007F000433A2022657272222C0000002B4D48548F
:1008000054505552433A202272656376222C0000E0
:100810002B4D48545450524541443A002B4D5154AD
:10082000545552433A2022636F6E6E222C302C00B6
:100830002B4D5154545552433A202274696D656FC3
:100840007574222C302C00002B4D515454555243BA
:100850003A202273756261636B222C302C000000F9
:100860002B4D5154545552433A20227075626163A6
:100870006B222C302C0000002B4350494E3A0000D4
:1008800052454144590000002B43455245473A0028
:100890002B4353513A0000002B434553513A00007B
:1008A0002B43434C4B3A0000415445300D0A0000A5
:1008B00041542B434744434F4E543D312C220000BA
:1008C000222C2200220D0A0041542B4D4854545032
:1008D0004352454154453D22000000006361636876
:1008E00065640000656E636F64696E6700000000F8
:1008F00041542B4D485454504845414445523D00C5
:100900002C302C302C2252616E67653A206279744B
:1009100065733D0041542B4D485454505245515538
:100920004553543D000000002C312C302C22000097
:1009300041542B4D48545450524541443D00000011
:100940002C312C0041542B4D4854545044455354A1
:10095000524F593D0000000041540D0A00000000B4
:1009600041542B4350494E3F0D0A000041542B4344
:10097000434C4B3F0D0A000041542B434552454721
:100980003F0D0A0041542B4D5154544346473D22DC
:100990006B656570616C697665222C302C000000F7
:1009A00041542B4D5154544346473D22636C65617D
:1009B0006E222C302C00000041542B4D51545443D6
:1009C0004F4E4E3D302C2200222C22222C22220D72
:1009D0000A00000041542B4D5154545355423D30B0
:1009E0002C22000041542B4D5154545055423D305F
:1009F0002C2200002C302C302C00000041542B43C2
:100A00004553510D0A0000002F00000068747470F7
:100A10003A2F2F0041542B4D485454504346473DE4
:100A2000220000007075626C6973680030313233E7
:100A300034353637383941424344454600000000DA
:100A40002B4D5154545552433A0000008818481811
:100A5000F2178317F716481675157D1461132512C2
:100A6000CF10690FFC0D920C340BE909B6089F07F3
:100A7000A406C50502055704C3034403D502770243
:100A800096D7000098D600004AD80000B2D80000DF
:100A9000FED800005CD70000424C452061647620FF
:100AA0006461746100000000303132333435363710
:100AB0003839414243444546000000006368617292
:100AC0003220727800000000D4E00000FAE000005C
:100AD0006CE10000D8E1000012E2000040E20000FA
:100AE00052E20000000302050003050104060204AF
:100AF0001F1C1F1E1F1E1F1F1E1F1E1FB0EE0000EB
:100B0000BAEE0000F2EE00000AEF000016EF00005F
:100B100022EF00006AEF0000A4EF0000D0EF000019
:100B2000D6EF0000DCEF00005AF2000070F2000087
:100B3000FCF2000006F3000016F30000FCF20000D7
:100B4000FCF20000FE006578706572696D656E7478
:100B5000616C00004669726D77617265205265763E
:100B60006973696F6E000000486172647761726535
:100B7000205265766973696F6E0000004D616E7575
:100B80006661637475726572204E616D6500000068
:100B90004D6F64656C204E756D62657200000000DB
:100BA00053657269616C204E756D6265720000005C
:100BB000536F667477617265205265766973696FE9
:100BC0006E000000920C0100BA0C0100E20C010062
:100BD000FA0C0100140D0100360D01005E0D01003C
:100BE000860D01009E0D0100B80D01003457FEFF77
:100BF000A857FEFF1C58FEFF1C58FEFFB857FEFF0B
:100C00001C58FEFFD057FEFFF257FEFF1C58FEFF98
:100C10000C58FEFF6058FEFF8058FEFFFC58FEFF98
:100C20009258FEFFFC58FEFFFC58FEFFFC58FEFFEA
:100C3000B458FEFFFC58FEFFFC58FEFFFC58FEFFB8
:100C4000D858FEFFB87C0200886A0100F47C0200DC
:100C50000A780100707D0200D67701002A7E02002A
:100C6000A2770100C67E020020830100147F0200EB
:100C7000208301006E7F0200728201002A7E020042
:100C800042770100028002008E7A0100000000001D
:100C9000000000004C8002001A7B0100BE800200B0
:100CA0000C6B0100A6AAFEFFA6AAFEFFCCAAFEFFBF
:100CB000E4AAFEFFECAAFEFFF4AAFEFFFCAAFEFFD8
:100CC00004ABFEFF0CABFEFF14ABFEFF1CABFEFF44
:100CD00054ABFEFF5CABFEFF24ABFEFF0101020143
:100CE00002010102010204040601040101010101E3
:100CF00004040201040000000101020102010102DA
:100D000001010404060104010101010104010201C1
:100D10000100000032B8FEFF3EB8FEFF80B8FEFFC3
:100D2000A6B9FEFFB0B9FEFFF4B9FEFF36BAFEFF6A
:100D300074BAFEFFACBAFEFF44B9FEFFE0BAFEFF94
:100D40006ABBFEFF8CC7FEFF68C7FEFF8CCAFEFFB2
:100D5000E8CAFEFFF0CDFEFF0ACCFEFF50CCFEFF3E
:100D600094CCFEFFCCCCFEFF10CDFEFF68C7FEFF8B
:100D700054CDFEFFCACDFEFF0000000000000000C1
:100D80000000000000000087EAF70100280A0200C6
:100D9000C0F801008A0A0200E4F8010084F90100A9
:100DA000B2F90100F6F901009409020004090200F9
:100DB00022FB01004EFB0100C0FB010066FC0100AC
:100DC00074080200860702009406020076ED010016
:100DD00018FD01006CFD01009E0D0200360D0200A1
:100DE0009EFD010046FF01009A000200240102005E
:100DF00050010200F40D0200F80D0200E6010200AD
:100E000028020200FC0D0200000E0200040E020087
:100E1000080E0200F60B02007202020050030200EC
:100E20000C0E0200100E0200FC0302005A06020023
:100E300043483538785F424C455F4C49425F5632F3
:100E40002E313300564EFFFF644EFFFF6C4EFFFF06
:100E5000724EFFFF784EFFFF984EFFFFA04EFFFF40
:100E6000A64EFFFFB04EFFFFB64EFFFFBC4EFFFF8A
:100E7000C24EFFFFC84EFFFFD44EFFFFDA4EFFFF0A
:100E8000E04EFFFF224FFFFFE64EFFFFEC4EFFFF5D
:100E9000F24EFFFFF84EFFFF044FFFFF224FFFFF10
:100EA000224FFFFF224FFFFF224FFFFF224FFFFF86
:100EB000224FFFFF224FFFFF224FFFFF0E4FFFFF8A
:100EC000FE4EFFFF224FFFFF144FFFFF1C4FFFFF9F
:100ED0001E54FFFF4A54FFFF6C54FFFF8254FFFF74
:100EE0009654FFFFB254FFFFD054FFFFE054FFFFC2
:100EF000FA54FFFF1055FFFF3255FFFF4855FFFF23
:100F00005C55FFFF7055FFFF8E55FFFF9E55FFFF9D
:100F1000B855FFFF4A57FFFF5E57FFFF7457FFFFAB
:100F20009257FFFF0459FFFFDA57FFFFD855FFFF25
:100F3000F057FFFF0058FFFF2A56FFFF2A56FFFF1A
:100F4000EA56FFFFF456FFFF0858FFFFB457FFFFB4
:100F50001858FFFF8A58FFFFCC58FFFF665BFFFF62
:100F6000E058FFFFE058FFFFB45AFFFF7459FFFF3E
:100F7000C258FFFF5C5BFFFFE058FFFF565AFFFFC0
:100F8000EC5AFFFFE058FFFFE058FFFFE058FFFF7B
:100F9000E058FFFFE058FFFFE058FFFFE058FFFF79
:100FA000E058FFFFE058FFFFE058FFFF3659FFFF12
:100FB000005DFFFFE25DFFFFB45DFFFF1A5EFFFF14
:100FC0001A5EFFFF925EFFFFD65EFFFFE25DFFFF4E
:100FD000E25DFFFFE25DFFFFE25DFFFFE25DFFFF1D
:100FE000E25DFFFFE25DFFFFE25DFFFFE25DFFFF0D
:100FF000E25DFFFFE25DFFFFE25DFFFFF65EFFFFE8
:10100000F65EFFFFE25DFFFFE25DFFFFE25DFFFFD7
:10101000E25DFFFFE25DFFFFE25DFFFF505FFFFF6C
:10102000505FFFFFBC63FFFFC663FFFFDC63FFFF92
:10103000E863FFFFFC63FFFF0464FFFF0A64FFFF38
:101040001264FFFF1A64FFFF2064FFFF2664FFFFA6
:101050002E64FFFF3464FFFF3A64FFFF4264FFFF2A
:101060007C64FFFF7C64FFFF4864FFFF5264FFFF66
:101070005864FFFF5E64FFFF6464FFFF6C64FFFF62
:101080007664FFFF5C64FFFF7864FFFF8C64FFFF02
:10109000A466FFFFA464FFFFFE64FFFF1265FFFF6D
:1010A0002665FFFF3E65FFFF5665FFFF6665FFFF94
:1010B0007E65FFFFA466FFFF9665FFFFA466FFFF46
:1010C000A466FFFFA865FFFFCC65FFFFF065FFFF8B
:1010D0000466FFFF1266FFFF2466FFFF6666FFFFE0
:1010E000FB349B5F800000800010000000000000C7
:1010F000070B0D1113171D1F25292B2F353B3D43C2
:1011000047494F535961FF007A93FFFFB693FFFFA2
:10111000E294FFFF8695FFFF9695FFFF8296FFFF03
:101120001A96FFFFF096FFFF9E97FFFF0693FFFFC3
:101130008C94FFFF2E94FFFF6A96FFFF32E40200BB
:1011400032DC0200E8DB020008E10200D8E0020025
:10115000AAE002006AE002003CE002001EE2020097
:1011600022E20200B6DE020026E2020076DE020083
:101170002AE2020052DE02002EE2020024DE020019
:1011800014DE0200DCDD020032E20200BADD020001
:1011900036E202003AE202003EE2020042E20200CF
:1011A000ECDB020000DC020046E202004AE2020040
:1011B0004EE2020052E2020016E2020050DD02009E
:1011C000C6DC02001AE20200B4E102004EE10200B5
:1011D00004DC02000001020203030303040404040C
:1011E00004040404050505050505050505050505B3
:1011F0000505050506060606060606060606060693
:10120000060606060606060606060606060606067E
:101210000606060607070707070707070707070762
:10122000070707070707070707070707070707074E
:10123000070707070707070707070707070707073E
:10124000070707070707070707070707070707072E
:101250000707070708080808080808080808080812
:1012600008080808080808080808080808080808FE
:1012700008080808080808080808080808080808EE
:1012800008080808080808080808080808080808DE
:1012900008080808080808080808080808080808CE
:1012A00008080808080808080808080808080808BE
:1012B00008080808080808080808080808080808AE
:1012C000080808080808080808080808080808089E
:1012D000080808082B43434C4B3A0000E0FE00008E
:1012E00002000000DC120300E1FE00002A2A0000D8
:1012F000262A0000272A0000292A0000242A0000AC
:10130000502A0000252A00000A18000002000000F0
:1013100008130300282A0000232A0000E0FF000031
:10132000020000001C130300E1FF0000E2FF0000C8
:10133000E3FF00000200000054130300012A000034
:10134000A62A00000129000003280000022900004D
:10135000002A00000018000001180000042A000004
:101360000028000001280000052A0000411122C4C5
:1013700026C21754FD1F1304E4899754FD1F93845C
:101380002485944858409387019F06C69C43639FD9
:10139000E60682975440B74736FE938707C8B6974C
:1013A0003387A7003A856364F7006364D700330589
:1013B000D7409754FD1F9384A49D9C4C91CB938759
:1013C00001AD94433707CDFF7D179C46F98F9CC62E
:1013D00011E148409747FD1F9387C77BDC538297F5
:1013E00019E59C4C99CFEF00DF82EFF07EEC9C4C2E
:1013F00089CB938701AD9843B70633001C47D58F3F
:101400001CC7B2402244924441018280829798488E
:101410009747FD1F83C7577954401D8FB307A70017
:101420003E8563E4E700E3E6D7F83385D74051B75C
:1014300053706C697441430000000000000000001C
:10144000400000000000000000000000000000005C
:10145000000000000100000000000000000000008B
:10146000000000000000000000000100000000007B
:1014700000000000000000000000000000800000EC
:10148000000000000000000000000000000000005C
:1014900040D1000002CF000004CF000053706C69FF
:1014A0007441430000000000000000000000000044
:1014B000000000000102030405000000000000001D
:1014C00088991111230000000000000000000000B6
:1014D000000000000000000000000000000000000C
:1014E00000000000000000000000000000000000FC
:1014F00000000000000000000000000000000000EC
:1015000000000000000000000000000000000000DB
:1015100000000000000000000000000000000000CB
:1015200000000000000000000000000000000000BB
:101530000000000000000000020000006013030033
:1015400001000000E0120300020000004813030045
:1015500001000000F326002002000000E812030052
:101560000300000092280020020000004413030042
:1015700001000000902300209EF8000006F8000003
:10158000000000004F5441204368616E6E656C009E
:101590000200000060130300010000000C130300B0
:1015A000020000004813030001000000062700208D
:1015B0000200000018130300010000009C28002016
:1015C000020000004813030001000000F82600207C
:1015D00002000000FC12030001000000900B030059
:1015E000020000004813030001000000042700204F
:1015F000020000000413030001000000A00B030020
:10160000020000004813030001000000F52600203E
:1016100002000000F012030001000000540B030060
:10162000020000004813030001000000F62600201D
:1016300002000000F412030001000000680B030028
:1016400002000000481303000100000005270020ED
:10165000020000001413030001000000B00B03009F
:10166000020000004813030001000000F7260020DC
:1016700002000000F8120300010000007C0B0300D0
:10168000020000004813030001000000F4260020BF
:1016900002000000EC12030001000000440B0300F4
:1016A000020000004813030001000000032700208F
:1016B000020000000013030001000000FC260020CF
:1016C00074F90000000000000000000002000000AB
:1016D000601303000100000020130300020000005B
:1016E000481303000100000007270020020000004B
:1016F0002813030003000000285A00200200000005
:101700004413030001000000B42500200200000083
:101710004C13030003000000A42800200200000076
:101720004813030001000000082700200200000009
:101730002C13030002000000A05A00200200000049
:101740004413030001000000C8250020020000002F
:101750004C13030003000000A82800200200000032
:1017600048130300010000000927002002000000C8
:101770003013030000000000185B0020020000008E
:101780004C13030003000000AC28002002000000FE
:101790004413030001000000DC250020F0FB0000E2
:1017A00022FB000000000000436861726163746501
:1017B00072697374696320310000000043686172CC
:1017C000616374657269737469632032000000009C
:1017D000436861726163746572697374696320330D
:1017E0000000000002000000601303000100000080
:1017F000341303000200000048130300010000003E
:101800001327002002000000501303000100000015
:101810000000000002000000481303000100000067
:1018200010270020020000003C130300010000000C
:1018300030290020020000004813030001000000CE
:1018400014270020020000005C13030001000000C8
:1018500018270020020000004813030001000000C8
:1018600012270020020000004013030001000000C6
:1018700011270020E65E01003C600100000000002E
:101880000200000060130300010000002427002074
:101890000200000048130300010000002F27002071
:1018A00002000000681303000000000000000000B8
:1018B000020000004C1303000300000000000000C1
:1018C000000000009A6C0100000000003CCF000006
:1018D0006ED6000084D50000FF007800020A0000E8
:1018E000FFFFFFFFFFFFFF0E0202020202000000E7
:1018F00001D70700001001020202021A18100000AE
:10190000C3812F0102010202020000005000A0006A
:101910000000E803FFFF000002000000581303006E
:101920000100FF2001050201011001010201000078
:0419300000000000B3
:020000040006F4
:10D000006F00101D000000000000000090000020D4
:10D0100092000020A9BDF9F3940000200000000058
:10D020000000000096000020980000200000000092
:10D03000000000009A000020000000009C0000207A
:10D04000000000009E000020A0000020A2000020A0
:10D05000A4000020A6000020A8000020AA000020B4
:10D06000AC000020AE000020B0000020B200002084
:10D07000B4000020B6000020B8000020BA00002054
:10D08000BC000020BE000020C0000020C200002024
:10D09000C400002001A001A001A001A001A001A0E6
:10D0A00001A001A001A001A001A001A001A001A078
:10D0B00001A001A001A001A001A001A001A001A068
:10D0C00001A001A001A001A001A073270080B71753
:10D0D0000020218B9387479D01CB7327008098C345
:10D0E00098435D9B731007800F10000037170040B6
:10D0F000930670052300D704930680FA2300D70413
:10D100000F1000008346B70493F6F60DA305D7046D
:10D1100023000704732600809443A18AD18E739064
:10D12000068023A007000F1000009376050263809D
:10D1300006180347A700118B3DE373270080218B5E
:10D1400001CB7327008098C398435D9B73100780C1
:10D150000F10000037170040930670052300D70416
:10D16000930680FA2300D7040F1000008346A7001F
:10D1700093E646002305D70023000704F32600802A
:10D180009843218B558F7310078023A007000F1041
:10D1900000001307004B010001007D176DFF73278E
:10D1A0000080218B01CB7327008098C398435D9B3F
:10D1B000731007800F1000003717004093067005AA
:10D1C0002300D704930680FA2300D7040F10000031
:10D1D0007D892314A7000100010001000100230044
:10D1E0000704F32600809843218B558F7310078026
:10D1F00023A007000F10000073270080218B01CBB4
:10D200007327008098C398435D9B731007800F10AD
:10D21000000037170040930670052300D7049306DB
:10D2200080FA2300D7040F1000000F100000B7266B
:10D23000004013061005A383C68023000704F326CD
:10D2400000809843218B558F7310078023A007001F
:10D250000F10000073270080218B01CB7327008003
:10D2600098C398435D9B731007800F100000371719
:10D270000040930670052300D704930680FA23002C
:10D28000D7040F1000008346B70493E60608A305F1
:10D29000D70423000704F32600809843218B558F81
:10D2A0007310078023A007000F1000008280937680
:10D2B0000504638706140347A700418B3DE37327EA
:10D2C0000080218B01CB7327008098C398435D9B1E
:10D2D000731007800F100000371700409306700589
:10D2E0002300D704930680FA2300D7040F10000010
:10D2F0008346A70093E606012305D7002300070411
:10D30000F32600809843218B558F7310078023A04C
:10D3100007000F1000001307007D010001007D17BA
:10D320006DFF73270080218B01CB7327008098C38A
:10D3300098435D9B731007800F1000003717004063
:10D34000930670052300D704930680FA2300D704C0
:10D350000F1000009376F50193E606042314D7001E
:10D36000010001000100010023000704F3260080F2
:10D370009843218B558F7310078023A007000F104F
:10D38000000013076004631FE50273270080218BF0
:10D3900001CB7327008098C398435D9B731007806F
:10D3A0000F10000037170040930670052300D704C4
:10D3B000930680FA2300D7040F100000B726004020
:10D3C000094695BD73270080218B01CB7327008010
:10D3D00098C398435D9B731007800F1000003717A8
:10D3E0000040930670052300D704930680FA2300BB
:10D3F000D7040F100000B72600401306200525BDF6
:10D4000073270080218B01CB7327008098C398433A
:10D410005D9B731007800F100000371700409306C4
:10D4200070052300D704930680FA2300D7040F1059
:10D4300000008356870093E6060C2314D700F5BB43
:10D440004111814601468145114506C6212C7327AD
:10D450000080B7170020218B9387479D01CB73274E
:10D46000008098C398435D9B731007800F100000E5
:10D4700037170040930670052300D704930680FAFF
:10D480002300D7040F1000008346670493E61600BC
:10D490002303D70423000704F32600809843218B3D
:10D4A000558F7310078023A007000F100000B240B3
:10D4B00041018280814601468145114565227327DD
:10D4C0000080B7170020218B9387479D01CB7327DE
:10D4D000008098C398435D9B731007800F10000075
:10D4E00037170040930670052300D704930680FA8F
:10D4F0002300D7040F100000FD562316D702230087
:10D500000704F32600809843218B558F7310078002
:10D5100023A007000F10000073270080218B01CB90
:10D520007327008098C398435D9B731007800F108A
:10D53000000037170040930670052300D7049306B8
:10D5400080FA2300D7040F1000008346670493E697
:10D5500016002303D70423000704F3260080984312
:10D56000218B558F7310078023A007000F10000038
:10D5700001A0BD473305F50201007D1575FD8280D0
:10D58000411122C426C206C6AA840144631794002E
:10D59000B240224492444101828005041305803E3A
:10D5A0004204C13F4180DDB72303048015472303B4
:10D5B000E48001002302A480828083076480E3CE9C
:10D5C00007FE23030480828083076480E3CE07FE86
:10D5D00003454480828083076480E3CE07FE2302F4
:10D5E000A4808280411126C44AC24EC006C6137769
:10D5F000F50BAD47AA892E8995446306F7001945B6
:10D600006537653F8D444E854537FD59FD14639858
:10D610003401B240A244124982494101828013552B
:10D6200009011375F50F453F2209CDB7011126CC2D
:10D6300006CEB704080051371545BD377137693735
:10D640002AC6A53F32459377150089EB136515006F
:10D650001375F50FF240E24405618280FD14E9FC88
:10D660000145CDBF397126DC4ADA4ED852D656D4A0
:10D670005AD25ED006DE62CE66CCB7E700E07D57B8
:10D6800083AA070022C603AA470023A0E71823A203
:10D69000E718B7170040130770052380E704130746
:10D6A00080FA2380E70483C74704930B75FFB68491
:10D6B000E20793FBFB0F8546AA892E8B328937241C
:10D6C0000040E187015763FA76016308D500894677
:10D6D000130700026313D5000157D98F93F7F70F93
:10D6E000B71C00402382FC0411472303E480130588
:10D6F000F00F5D3D094CD135636D7C11B705070016
:10D70000DA9537870700795563F2E504B38795000A
:10D71000636EF702370B0800A94733EB6501639985
:10D72000F90689E48144513D26850DA0DA85094535
:10D73000553D05090345F9FFFD14050B693D81C4FD
:10D740009377FB0FFDF7DD3569FD7D55B717004079
:10D75000130770052380E704130780FA2380E7048A
:10D7600003C74704418B2382E704F250B7E700E088
:10D7700023A0571123A24711E25432445259C259EF
:10D78000325AA25A125B825B724CE24C2161828057
:10D79000A5476395F90685691309F00FB30699004B
:10D7A000B3742B01B6941349F9FFB3749900856BD8
:10D7B00033796901416B9387F9FFB3F7270199E347
:10D7C00063FC340193D94900C147E3E637FF99BFB1
:10D7D0000569C1697D19D9B71305800D6388690191
:10D7E000130500026384790113051008CA85DD3B27
:10D7F000353D21DD4E99B3843441D9B7DA852D45C5
:10D80000D533CA94E30099F205097D3BA30FA9FE25
:10D81000D5BF9387F9FF93F7F70F6361FC0C83C7BC
:10D820001C0413073008631FF70437070800636BF5
:10D83000EB04B3079B00B706100063F5D704334B26
:10D84000EB0089476393F9068980D549E38C04ECA2
:10D85000DA850945413B11090327C9FF9147232078
:10D86000E48003076480E34E07FE23033481FD1741
:10D87000EDFBFD14110B81C49377FB0FE9FF7D33A2
:10D8800071F5E1B5B717004003C75704B7070800A3
:10D890001377070219E3B78707007955E378FBEAA6
:10D8A00033079B00E3FFE7F855B58547E382F9F2BC
:10D8B000DA852D45053B9389F4FFE38504E629339A
:10D8C00093F7390091EB832604800327090093071F
:10D8D0004900E39AE6E43E89CE84F1BFB5476396FA
:10D8E000F9001305900BC93135BDB1471305B00AD6
:10D8F000E38BF9FE99476391F904B7050800B36516
:10D90000BB002D45C53181448D4BA14975396396C6
:10D910007401832704802320F9008504E39834FFF1
:10D920008327048013172B01635507002312F90086
:10D93000D5BB2322F900FDB39D476399F9028145C8
:10D940001305B0044531BD442320090023220900FA
:10D95000FD599D3993F77400CA9703C70700FD145A
:10D96000398D2380A700E39634FF6DBBA1476392F6
:10D97000F9046D398144630D0B008D479304C00396
:10D980006308FB009304000563048B0193044004C7
:10D990001375C507E30895D8194539313939054557
:10D9A000213126850D3909453D314931E31C05D624
:10D9B00069BB91476399F90013056006F536F53E9A
:10D9C000130590090DB7E38F09D4F154A9BB0000EA
:10D9D0009741F91F9381018017A1F91F13018162FB
:10D9E00017F5FFFF130545629725F91F938585619C
:10D9F0001736F91F1306C6FD63FAC500832205001A
:10DA000023A0550011059105E3EAC5FE17050000A6
:10DA10001305C54D9735F91F938585FB1736F91FFB
:10DA2000130646FB63FAC5008322050023A05500B8
:10DA300011059105E3EAC5FE1735F91F130585F9B0
:10DA4000938581A56377B500232005001105E36D5B
:10DA5000B5FEFD42739002BC8D4273904280B722A6
:10DA6000000093828288739002309722F91F93827C
:10DA7000625993E232007390523037170040930797
:10DA800070052300F704930780FA2300F7040F10B2
:10DA900000003C47B70600FAE116F58FB70600060E
:10DAA0009506D58F3CC7970200009382421C739065
:10DAB000123473002030B786B8ED014793860632E2
:10DAC00093170701C18363E3C7008280B387E50032
:10DAD00083C707003D8DA14713581500058911C163
:10DAE0003685FD1793F7F70F3345A800F5F70507BF
:10DAF000C1BF011122CC4AC84EC652C456C25AC038
:10DB000006CE26CAAA8AAE897D590144130B00109D
:10DB1000636E3401F24062441345F9FFD244424936
:10DB2000B249224A924A024B05618280B3878940FA
:10DB3000930400106365FB0093940701C1803305D3
:10DB4000540126869385018BF1244A852686938588
:10DB5000018B95372A89269465BF938781809443EA
:10DB6000374754311307F71401456399E60483C618
:10DB7000470005476394E60483C657001547636F63
:10DB8000D70203876700634B0702D44B3747030074
:10DB90006366D702411122C41306400A03A4470A50
:10DBA000938581807D5506C639371345F5FF018D74
:10DBB000B24022441335150041018280828037171C
:10DBC00000208327079D011122CC4EC606CE26CA0F
:10DBD0004AC89D669309079D1D646394D70013840A
:10DBE00007109384019B9C441306400A9385019B74
:10DBF00085077D559CC4C1351345F5FF23A2A40AB2
:10DC0000930600100146A28525459730F91FE7804D
:10DC100060A509C90145F2406244D2444249B24973
:10DC2000056182809306800A1386019BA28529459F
:10DC30009730F91FE78000A371FD13898180930657
:10DC4000800A13868180A2852D459730F91FE780D1
:10DC500060A169F119375DDD032789009C44E31B4E
:10DC6000F7FA23A0890005457DB779711305800473
:10DC700006D622D426D24AD04ECE52CC56CA5AC844
:10DC80005EC69720F91FE78040449306800A1386FA
:10DC900081809D652D459730F91FE780A09C8144C8
:10DCA0000DE1653DAA8411CD1306800A938581801C
:10DCB0001385019BB52AB71700201D6723A8E79C91
:10DCC00085449D659306800A13868180938505109F
:10DCD0002D45138981809730F91FE780A09845E58D
:10DCE000AD3D55C189C81387019B8327890018471B
:10DCF000998F6350F0021306800A93858180138503
:10DD0000019B3D229D67371700209387071023282A
:10DD1000F79C9387019B03C7570095471384019B8A
:10DD20006314F7064C48B74703001387F5FF637A7F
:10DD3000F70637750300753B1C4C6314F506444821
:10DD40008567FD17BE94FD77FD8C01498569636089
:10DD500099048144930A0010377B0300856B4C487B
:10DD600063EDB404056571331C4C631CF5021C485B
:10DD7000A3020400230304005CC4232E0400232018
:10DD80000402353D11A0D1F48567829701A04E9918
:10DD900085660146CA8505459730F91FE780808C66
:10DDA0005DD54C4837750300A9331C4C630FF5044F
:10DDB000A302040023030400E9B7858D13090010B2
:10DDC00063E6BA0013990501135909014A86938540
:10DDD000018B338564013D28338A7401CA8613861A
:10DDE000018BD28509459730F91FE780A08755F947
:10DDF000CA861386018BD2850D459730F91FE780BF
:10DE0000608645F19384041099BF9720F91FE7803D
:10DE100020639DBF0D06719A81473307F500639318
:10DE2000C700828014433387F500910714C3F5B708
:10DE3000B3C7A5008D8B3307C50081E78D4763EE1F
:10DE4000C700AA876370E50A83C6050085078505B4
:10DE5000A38FD7FEE3EAE7FE828093763500AA8798
:10DE600091CA83C6050085078505A38FD7FE93F663
:10DE70003700FDB79376C7FF138606FE63F0C7062B
:10DE800083A3050083A2450083AF850003AFC500CF
:10DE900083AE050103AE450103A3850183A8C50137
:10DEA0009385450223A0770003A8C5FF23A257004E
:10DEB00023A4F70123A6E70123A8D70123AAC701BA
:10DEC00023AC670023AE17019387470223AE07FFF9
:10DED00075B790419107910523AEC7FEE3EBD7FEDE
:08DEE000E3E4E7F68280000094
:00000001FF
