:020000040000FA
:040000006FD00600B7
:101000006F2000240000000000000000900000207D
:1010100092000020A9BDF9F3940000200000000018
:101020000000000096000020980000200000000052
:10103000000000009A000020000000009C0000203A
:101040000000000082020020A0000020A20000207A
:10105000A4000020A6000020A8000020AA00002074
:10106000AC000020AE000020B0000020B200002044
:101070004E010020C6000020B8000020BA00002069
:10108000BC000020BE000020C0000020DC000020CA
:10109000C400002001A001A001A001A001A001A0A6
:1010A00001A001A001A001A001A001A001A001A038
:1010B00001A001A001A001A001A001A001A001A028
:1010C00001A001A001A001A001A0B71700401307D3
:1010D00000032388E702054723A6E186730020303A
:1010E00037470040834747C09146BD8B638FD70089
:1010F00063E7F60009476389E704730020309946E7
:10110000638AD7003147E39AE7FE3746004013056C
:10111000F00F0DA0834757C0CDB7034786C01377A4
:10112000F70F638DA6001388160023800701B6977A
:101130002381E70083C641C4938741C40347A6C007
:101140001377F70F79FB55BF978000E0E780603A8F
:101150006DB7138701EC03472705938701EC19EF5F
:10116000971001E0E780C0F7B7E700E03707000815
:1011700023A0E7180F10000073002030B73600409E
:1011800003C7464011463D8B6304C702636CE6000B
:101190008947E313F7FE89450145971001E0E78091
:1011A00080F1D9BF1946630DC700B146E316D7FCDD
:1011B0004166B73800409386C1137D169D4E89A0C5
:1011C00083C7564055BFC84B9385419403C705005C
:1011D000050503C88840C8CB138551940345050015
:1011E00005071377F70F1378F80F6311A70203D7DA
:1011F00007016305C70005072398E7002384D70389
:1012000003C7A8401377F70F5DFFBDB703C50500FF
:101210003695230005012380E500DDB7411122C486
:1012200026C24AC006C601441309703EEF00A07CE6
:101230004145977000E0E780007097E000E0E780AC
:101240004069EF00407B97E000E0E780406DEF00F1
:10125000807A97E000E0E780807809E883A74198EA
:10126000637CF90097A000E0E780E05C97B000E0C5
:10127000E780809705445DBF13050002977000E08A
:10128000E780606B65B73727004083476700858B31
:10129000B1C305462303C700138741991C43850743
:1012A0001CC3138741981443A90614C313F71700EE
:1012B00019E32385C198294733F7E70201E78546FB
:1012C0002384D19813074006B3F7E70281E7054767
:1012D000A384E198730020304111B7170040985F54
:1012E0003AC6945F3247E39CE6FE32454101828074
:1012F00073270080218B9387C19D01CB73270080CA
:1013000098C398435D9B731007800F100000371738
:101310000040930670052300D704930680FA23004B
:10132000D7040F1000008346B70493F6F60DA3050B
:10133000D70423000704732600809443A18AD18E2A
:101340007390068023A007000F100000937605021B
:10135000638006180347A700118B3DE373270080C5
:10136000218B01CB7327008098C398435D9B73103A
:1013700007800F1000003717004093067005230008
:10138000D704930680FA2300D7040F100000834689
:10139000A70093E646002305D70023000704F326A1
:1013A00000809843218B558F7310078023A007007E
:1013B0000F1000001307004B010001007D176DFFA7
:1013C00073270080218B01CB7327008098C398433B
:1013D0005D9B731007800F100000371700409306C5
:1013E00070052300D704930680FA2300D7040F105A
:1013F00000007D892314A700010001000100010005
:1014000023000704F32600809843218B558F731027
:10141000078023A007000F10000073270080218B96
:1014200001CB7327008098C398435D9B731007809E
:101430000F10000037170040930670052300D704F3
:10144000930680FA2300D7040F1000000F1000004D
:10145000B726004013061005A383C68023000704A7
:10146000F32600809843218B558F7310078023A0AB
:1014700007000F10000073270080218B01CB73271A
:10148000008098C398435D9B731007800F10000085
:1014900037170040930670052300D704930680FA9F
:1014A0002300D7040F1000008346B70493E6060814
:1014B000A305D70423000704F32600809843218B5B
:1014C000558F7310078023A007000F100000828043
:1014D00093760504638706140347A700418B3DE319
:1014E00073270080218B01CB7327008098C398431A
:1014F0005D9B731007800F100000371700409306A4
:1015000070052300D704930680FA2300D7040F1038
:1015100000008346A70093E606012305D7002300B9
:101520000704F32600809843218B558F73100780A2
:1015300023A007000F1000001307007D0100010029
:101540007D176DFF73270080218B01CB73270080EF
:1015500098C398435D9B731007800F1000003717E6
:101560000040930670052300D704930680FA2300F9
:10157000D7040F1000009376F50193E606042314B8
:10158000D700010001000100010023000704F32639
:1015900000809843218B558F7310078023A007008C
:1015A0000F10000013076004631FE502732700801B
:1015B000218B01CB7327008098C398435D9B7310E8
:1015C00007800F10000037170040930670052300B6
:1015D000D704930680FA2300D7040F100000B72623
:1015E0000040094695BD73270080218B01CB7327EE
:1015F000008098C398435D9B731007800F10000014
:1016000037170040930670052300D704930680FA2D
:101610002300D7040F100000B72600401306200552
:1016200025BD73270080218B01CB7327008098C3D1
:1016300098435D9B731007800F1000003717004020
:10164000930670052300D704930680FA2300D7047D
:101650000F1000008356870093E6060C2314D70072
:10166000F5BB4111814601468145114506C6EF1083
:10167000900673270080218B9387C19D01CB732730
:10168000008098C398435D9B731007800F10000083
:1016900037170040930670052300D704930680FA9D
:1016A0002300D7040F1000008346670493E616005A
:1016B0002303D70423000704F32600809843218BDB
:1016C000558F7310078023A007000F100000B24051
:1016D000410182808146014681451145EF10A07F7E
:1016E00073270080218B9387C19D01CB73270080D6
:1016F00098C398435D9B731007800F100000371745
:101700000040930670052300D704930680FA230057
:10171000D7040F100000FD562316D702230007043C
:10172000F32600809843218B558F7310078023A0E8
:1017300007000F10000073270080218B01CB732757
:10174000008098C398435D9B731007800F100000C2
:1017500037170040930670052300D704930680FADC
:101760002300D7040F1000008346670493E6160099
:101770002303D70423000704F32600809843218B1A
:10178000558F7310078023A007000F10000001A0E1
:10179000BD473305F50201007D1575FD82804111BD
:1017A00022C426C206C6AA84014463179400B2402C
:1017B000224492444101828005041305803E420484
:1017C000C13F4180DDB719CD91CD09CE8147338727
:1017D000F500834607003307F50085072300D7008F
:1017E000E317F6FE828019C991C909CA910583A73A
:1017F000C5FF11057D16232EF5FEC5BF828001C9E8
:1018000019C62A960505A30FB5FEE31DA6FE828024
:1018100081473307F5000307070019E33E858280FF
:101820008507C5BF01112E8626CAAA841315060195
:101830009305F004418122CC06CE32C6EF00F05170
:101840002A8401C53246A685BD3F2285F240624406
:10185000D24405618280854715C18DC105C281478B
:10186000B306F5003387F50083C60600034707007B
:101870006398E6008507E315F6FE85473E8582807E
:101880008147EDBF9307F6FFBE952A966313C50007
:101890008280FD1583C715000505A30FF5FEFDB772
:1018A000AA87014581CF09CE3E96850703C7F7FF7A
:1018B0006317B700E39BC7FE054582808280014520
:1018C000828079719387819F22D4804306D626D265
:1018D0004AD04ECE52CC56CA5AC85EC65DCCB7C4AA
:1018E000C901014B9389019F9384F437175A000073
:1018F000130A8A2A975A0000938ACA2D17590000A2
:10190000130989318357240085E35C44631B0B0072
:1019100023ACF19E832BC4002285EF0070505E84BF
:10192000B9A82326FB00FDB783A7090082971C44B2
:101930003307F5406376F500032749001D8F2A978A
:1019400063E0E4089757000023AE0728835524007E
:1019500003450400971001E0E78000BD5C40584457
:10196000A1CB0C4403264900AE97BE8663E4B700C2
:1019700063E4C700B386C74014C4228B3A8459F08D
:1019800097570000938707259C4B09476370F7061C
:10199000F917175700002327F724B2502254925406
:1019A0000259F249624AD24A424BB24B45618280A7
:1019B00063150B0023ACE19EB1BF2326EB0099BF5A
:1019C00003274A0209CF63EFA7003385A74083A707
:1019D0000A016376F5009757000023A5A720228B04
:1019E000404471BF03274900BA97C5B79757000015
:1019F00023AA071E5DB7411122C417540000130427
:101A0000E41F1C4006C626C24AC091C7829797575A
:101A1000000023A5071E9757000083C7F737858B63
:101A2000975400009384043795C397570000A3850B
:101A3000073683C774001547637AF700052B83C701
:101A40007400F5178A07A2979C4382971C4491C3A0
:101A500082971389419E0327090017560000034609
:101A600076179757000083C7E71693961700BA9624
:101A700083D60600C5CE9757000083C7A71563E13C
:101A8000C70C97570000238707141C406395071263
:101A90009757000083C7973091CF83C7740093F79F
:101AA000F70F89EB97570000A38A072E971002E0E3
:101AB000E780E0C89387019F9C43638E070E97578A
:101AC000000093876715DC4317570000232CF7109D
:101AD000CD3B975700009387270CDC53E9CF17576E
:101AE00000001307270F184B9757000083C7170CE8
:101AF0006363F70C83C774001547636EF70A975743
:101B0000000083C7A72D918BDDE7032609009756B8
:101B1000000083C6360C63C6D70A2244B240924402
:101B200002494101171303E06700438B850793F7D0
:101B3000F70F97560000238FF608E3E4C7F225BF9E
:101B400086073E9783550700231007002396019EC2
:101B50009387C19F9C43175500000345A5071317A2
:101B60002500BA979C43829783D7C19E17570000E0
:101B70000347470693C7F7FF7D8D93171700032789
:101B800009003E97835707005D8D2310A7009757E4
:101B9000000083C7270491C7850717570000230B50
:101BA000F702175700000347E7029757000083C763
:101BB0007702E378F7ECB2402244924402494101B3
:101BC0008280139717003297035707006DF7850738
:101BD00099B7AD6737C70040BD072326F7200F1020
:101BE0000000975700009387E7FEC84F832787269A
:101BF000BD66BD0693C7F7FF99836A052326D720E4
:101C00005D8D82804111B7170040985F3AC6945F9E
:101C10003247E39CE6FE3245410182801305F00F16
:101C200082800111975700009387072322CC03A4D9
:101C3000070C26CA06CE2AC42EC6854419E40145DF
:101C4000F2406244D2440561828083479100034799
:101C50001400858B6304F7000044CDB71946930543
:101C6000A10013052400C53EE31895FE0545C9BF34
:101C7000138781AB1C439306001094C3010001003D
:101C8000010001001C4323A0070083461500034800
:101C90002500A2064208C29603480500C2960348E2
:101CA00035006208C29694D7834655000348650004
:101CB000A2064208C29603484500C2960348750032
:101CC0006208C296D4D7834695000348A500A206B1
:101CD0004208C29603488500C2960348B5006208D0
:101CE000C29694DB8346D5000348E500A20642086D
:101CF000C2960348C5000345F500C2966205AA9640
:101D0000D4DB83C6150003C52500A2064205AA96AA
:101D100003C50500AA9603C535006205AA9694CFAF
:101D200083C6550003C56500A2064205AA9603C5F1
:101D30004500AA9603C575006205AA96D4CF83C64E
:101D4000950003C5A500A2064205AA9603C5850015
:101D5000AA9603C5B5006205AA9694D383C6D5009A
:101D600003C5E500A2064205AA9603C5C50083C5C2
:101D7000F500AA96E205AE96D4D3D443F59AD4C31F
:101D8000D44393E61600D4C3944393E6160094C359
:101D9000BA879443D842058B59E3984E01452300F6
:101DA000E6009843184F2183A300E6009843184F9C
:101DB00041832301E6009843184F6183A301E600A5
:101DC0009C43D84F2302E600D84F2183A302E600AC
:101DD000D84F41832303E600D84F6183A303E60075
:101DE00098532304E60098532183A304E6009853F4
:101DF00041832305E60098536183A305E600D85389
:101E00002306E600D8532183A306E600D853418376
:101E10002307E600DC53E183A307F600828001007C
:101E20008DBF1387C1AB1443411122C49C5E4AC0CD
:101E300006C6998326C2858B3A84138981ABD1C7A4
:101E40009C5E975400009384E4F493F7F7F99CDECA
:101E500017570000034767F493070008631BF70058
:101E6000832709009C4393F70704175700002306B4
:101E7000F7F283C7040093F707048DC39387019F8C
:101E80009C4382979757000023AEA7F083C70400B6
:101E900093F7F70B17570000230EF7EE83C74400A4
:101EA00093F707049DE3854717570000A306F7EE55
:101EB000938781AC9C43096798C7130700FC97562A
:101EC0000000238BE6ECD844F8D31C40985F1183C4
:101ED000058B09CB985F3D9B98DF0547975600001F
:101EE000238CE6EA985F1D83058B11CB985F1377EF
:101EF000F7F798DF854717570000230FF7E8832788
:101F00000900D8430583058B19C7D843759BD8C3EF
:101F1000D843799BD8C3B24022449244024941013C
:101F20008280397106DE16DC1ADA1ED82AD62ED443
:101F300032D236D03ACE3ECC42CA46C872C676C4F9
:101F40007AC27EC0F93DF250E2525253C25332552A
:101F5000A255125682567247E2475248C248324E44
:101F6000A24E124F824F216173002030938781ACC3
:101F70009443975700009387E7E103C70700058B59
:101F800011CB97570000238907E097570000A385DE
:101F900007E0828003C71700058B65F7F85271FFD1
:101FA00083C75700DDB71388C1AB032708001C5F48
:101FB0009583858BD1E709C61C5BBD832300F600A2
:101FC00085CA83270800985B4607935767016356C5
:101FD000070093E707C0C207C18303970600C20743
:101FE000C18709C7BA970947B3C7E7022390F6002C
:101FF00085CD834715008DCB9756000083C6E6D963
:1020000093F606041387970089478DCA3A950347CC
:102010000500854699471376F7066311D6026207D5
:102020006187B947634C0700832708009C5FED83F5
:102030008D8B17570000A304F7D681473E85828019
:102040008547EDBF411122C406C6138481AC1840F8
:102050002DE9AE877453FDFE3E85B285975700008B
:10206000238B07D2970002E0E780A0429387C1ABA1
:102070009C43B70680009843558F98C3D857719BEF
:10208000D8D797570000A38907D097570000A3839C
:1020900007D01C40094798C3144017570000130786
:1020A00067CF83472700858B89EB83473700858B74
:1020B000D9C397570000238107CEB2402244410183
:1020C00082808D47631EF5009387C1AB9C43B706A2
:1020D00080009843558F98C3D857719BD8D76DBF50
:1020E0008547E31BF5FA5447F977FD17F58F5CC771
:1020F0000F1000001C40096798C7130700F8175617
:102100000000230BE6C81387C1AB1043184231838C
:102110000D8B11E713076019F8D3D4C7B5BF184268
:10212000094631830D8B6315C7001307E043EDB7F4
:102130001307E01BD5B7FC52ADF741B75D71A2C4E0
:10214000A6C22A84130680022800AE8493051008D4
:1021500086C6CAC04EDE52DCEFF06FEA3545970006
:1021600002E0E780606F1383C1AB8327030093769F
:10217000F41F138E01AD23A40700984B938E81ACFE
:10218000370FFCFF1367F70398CBF84F130510F8D0
:10219000B7020400137707E0558FF8CF9843F57620
:1021A000FD16758F98C39843B706330093038025B7
:1021B0001377F7E798C3984311497D1F1377F7E723
:1021C0001367071098C303270E008549930F8002F9
:1021D0001C47D58F1CC783A70E001307900D340032
:1021E000B8CB014793553700A69583C705001376F2
:1021F0007700B3D7C740858BE1C3832703008328CB
:102200000E00239C07042390070603A8C802137836
:10221000D8FF23A6080383A807001378F70793F8CD
:1022200008F833E8080123A0070103A84702336830
:10223000580023A2070383A80E00014823A27806B2
:1022400003DA07066307480303A80703038A0600A7
:102250001358F80062081358884163580A0103A80C
:1022600007031358F8002380060103D807061378E4
:10227000F80F03AA480663060A0003DA8705E37F1E
:1022800049FB03A847023378E80123A207038387A9
:102290000600635CF40003C805003396C9001346CA
:1022A000F6FF337606012380C5003E8663D3A70080
:1022B0002A8613158601618505071377F70F8506B2
:1022C000E312F7F3B640264496440649F259625A9F
:1022D00061618280938681AC9C42D84713161701B6
:1022E00063550602984713161701635006027D577F
:1022F000B8D7175700001307E78D584F0507175633
:1023000000002327E68E116798C798470D83058B39
:102310001DCB17570000034707A813671700175670
:102320000000230AE6A6130700F81756000023054D
:10233000E6A6214798C71387C1AB10435856719B37
:102340001367170058D69847058B0DC7175700001D
:10235000034757A41367170017560000A30CE6A203
:10236000054798C71387C1AB10435856719B136735
:10237000170058D698470983058B09E798470583C6
:10238000058B21CF9847175600001306A6A013858A
:10239000C1AB0983058B63030710184118433183D0
:1023A0000D8B75EBAC4B184E93F5050203471700E8
:1023B000CDCD79EF13077006D8CF0347060013671A
:1023C0001700175600002307E69C114798C71841CD
:1023D0005C57F19B93E717005CD79C429847931694
:1023E000370163D606029756000083C666AEC18ADF
:1023F00017570000130747A6C5CE03478707136783
:102400000702975600002385E6AC056798C79847F2
:102410009316270163D10602175700000347C79799
:1024200062076187635707000547975600002385B9
:10243000E696096798C798479316070163D6060280
:102440009756000083C6D6A8858A17570000130741
:10245000A7A0ADCE03479707136727009756000044
:10246000A388E6A6216798C7828029D7854563158A
:10247000B7001307B00689B789456315B70013077E
:10248000F0061DBF8D456315B700130730072DB744
:102490001307500715B71307600739BF0347360006
:1024A0001367170017560000A307E68E094739BFC8
:1024B000834687070946BD8A6388C60003478707A6
:1024C0008D463D8BE313D7F4114725BF834697070D
:1024D000918AC9DA034797071367870041B73971B3
:1024E00006DE16DC1ADA1ED82AD62ED432D236D020
:1024F0003ACE3ECC42CA46C872C676C47AC27EC0C4
:10250000D13BF250E2525253C2533255A2551256A9
:1025100082567247E2475248C248324EA24E124F8C
:10252000824F216173002030938781AC9843856787
:10253000938707777CD3938701AD9C4383A60709D4
:10254000139656006358060083A607091396660083
:10255000634406007453FDF2828061C1AA8701457D
:10256000DDCD8D07C207C183F19BC207C18313076D
:102570004003636BF7021387C1B50843138741B566
:1025800014436396A602174700001307E760185B21
:10259000014551C74111C20706C60545DD8D0297A9
:1025A000B240014541018280138781B5F9B70357D5
:1025B000650035E303574500636FF704B306F74042
:1025C0002146637CD60203280500938687001D8F71
:1025D000AA96611717460000035626602392E6006C
:1025E00023A006012393060014C12312F50013074C
:1025F00086FF974600002392E65E2313B5009745B9
:10260000000083D5855DB387F5401747000023168A
:10261000F75C210582800841ADB701458280828048
:1026200009CD9387C1B503A30700938741B583A85C
:10263000070081469A8763E31701828003A8070099
:102640006369F50A6367A80A13878700E367E5FEF5
:1026500003D66700216705076317E60003C701A9D2
:1026600005072388E1A8974500009385A55603D662
:10267000470003D765002393070032974207418341
:1026800017450000231BE55463886702138581B555
:1026900008416303F50203D5660019ED83D74600B0
:1026A00023A0060121073E9621062392C6009747E4
:1026B00000002394E752B6879843E30017F9938606
:1026C00081B59442E30BD7F683566700BDF683D6F7
:1026D0004700035647001843A106B2962392D7003D
:1026E00098C383D76500A107174700002317F74E4B
:1026F0008280BE86C28781B70327851163020712D5
:10270000411122C406C68347C5008345E5042A84D7
:1027100093F7C70F2306F500834697000356C700BB
:1027200013958601618563F2C508635B0506034561
:10273000870093F6F607A304D700054693E6270023
:102740006314C50093E617002306D4005C43890791
:102750005CC3A30AB400032504112E864C4309056B
:10276000EFF06F868327841103465401D44303D7C7
:10277000C700B296118FD4C32396E7008947A30DF3
:10278000F400034764039747000083C70742637858
:10279000F7048347C40093E707012306F40081A0F0
:1027A00093E717002306F4006DB79376F60F635D89
:1027B000050203458700854513E627006314B5002D
:1027C00013E617002306C400A30AD400A3040700DD
:1027D0008547A30DF400832784119C43DDF3B240A9
:1027E000224401454101828093E717002306F4004B
:1027F000A30AD400A3040700032504114C430905D0
:10280000EFE07FFC8327841103465401D44303D7B0
:10281000C700B296118FD4C32396E7008D4755BFEA
:10282000054582809387C1B69C43411122C406C6E8
:10283000858B2A84C5EF4165130525F597B002E025
:10284000E780804145C58347A5002315F500832710
:102850000412BDE72320A4122322A41285472311CA
:10286000F404232005008347640154412316F50036
:102870000347D4002304E5000547A304E5001747F8
:10288000000013072751184F1385170215811C43A9
:102890007D151375F50F9CC25C43DCC21C479CC6BA
:1028A0005C47DCC61C4B9CCA5C4BDCCA1C4F9CCEF4
:1028B0005C4FDCCE19CD9386060213070702C1BF19
:1028C0008327441288C3835724042322A412850734
:1028D00079B79747000083D7A758850717470000A7
:1028E0002310F758B2402244410182808347C4003C
:1028F00023090400054593C747002306F400DDB70C
:102900008347850193F7E70FC5EF83479501CDEB2B
:10291000034625018346C50009CA83456503174759
:1029200000000347972863E7E50013F7060151CB42
:10293000014709C6C18A0357651C81C68356A51C79
:10294000369741C31307C712174500000355452D9D
:10295000B335A70237460F004111130606248146FE
:1029600022C426C206C67D543305A70297E002E0C2
:10297000E780A0399747000083C79723B384A70057
:10298000974700009387474D03A7870983270709C7
:1029900063F387003E84184375FB9387019F9C4334
:1029A000829781476364A400B307A440B2402244E5
:1029B000B3B7970093C7170092443E8541018280C8
:1029C00081473E858280938781AC98437C53FDFF8D
:1029D0008280797126D206D622D44AD04ECE52CCED
:1029E00056CA5AC85EC68347550303447513AA8462
:1029F0003E941374F40F9307400263F687001304A8
:102A0000B4FD1374F40F03AA841383AAC413A38B15
:102A1000841222865285D68597E002E0E7806029FD
:102A2000058915E503CBD41201498149337B640341
:102A3000930B50024A865285D68597E002E0E780E4
:102A40004027058915C5639169031374F90F238B1A
:102A50008412B250225492540259F249624AD24A24
:102A6000424BB24B456182808509E20993D9894185
:102A70000509E31179FDE1BF8327850903560504A4
:102A8000797193D60701BD8EC206C182358E135768
:102A9000764093575640898B058B5D8F9357364010
:102AA000918B5D8F93571640A18B5D8F9317160006
:102AB000C18B5D8F9317360093F707025D8F9317D5
:102AC00056009355860093F707041E065D8F137614
:102AD000F60F518F93D7554013D63540118A898B05
:102AE000D18F13D67540D18F13D61540218AD18F3F
:102AF00013961500418AD18F13963500137606027E
:102B0000D18F13965500137606049E05D18F93F549
:102B1000F50FCD8FA20745465D8F3307C70222D43C
:102B20002A8426D252CC56CA032A8413832AC41379
:102B30005AC806D6369742074183935777401355B4
:102B400057400989858BC98F135537401189C98F23
:102B5000135517402189C98F131517004189C98F53
:102B60001315370013750502C98F131557009355B8
:102B70008700137505041E07C98F1377F70FD98FC8
:102B800013D5354013D755401189098B498F13D57B
:102B90007540498F13D515402189498F139515002C
:102BA0004189498F1395350013750502498F139597
:102BB0005500137505049E05498F93F5F50F4D8F4C
:102BC0002207D98FB387C7024AD04ECE5EC662C4F1
:102BD000B697C207C18313D7774013D557400989E9
:102BE000058B498F13D537401189498F13D517406D
:102BF0002189498F139517004189498F1395370013
:102C000013750502498F1395570093D587001375E7
:102C100005049E07498F93F7F70FD98F13D53540D9
:102C200013D755401189098B498F13D57540498FAA
:102C300013D515402189498F139515004189498F76
:102C40001395350013750502498F139555001375BB
:102C500005049E05498F93F5F50F4D8F2207D98FF7
:102C6000B387C702130650025285D685B697BD8E2C
:102C700093940601C18033F6C402137BF60F97E0EC
:102C800002E0E780000305890DED8347D412014976
:102C90008149B3849702130C5002C1804A86528541
:102CA000D68597E002E0E780C0000589937BF90FA5
:102CB00011C563863403850993F9F90F0509E31FEC
:102CC00089FD230B6413B250225492540259F249E5
:102CD000624AD24A424BB24B224C456182805E8BA3
:102CE000CDB7797122D406D683C735002E8423163A
:102CF0000100A307F10083C74500100802C02307A5
:102D0000F10083C755008A8502C2A306F10002C400
:102D100002C802CA02CC02CEEFE09FF50347F101E0
:102D20008347040001456310F7020347E10183472D
:102D3000140001456319F7000345D10183472400BE
:102D40001D8D13351500B25022544561828001114A
:102D5000974700009387471022CC03A4870C26CA0C
:102D60004AC84EC606CEAA8413092500854915C057
:102D700083C7140003473400858B6304F700405C6D
:102D8000FDB71946930544004A85EFE0DFACE31830
:102D900035FF2285F2406244D2444249B24905617E
:102DA00082804111974700009387070B22C403A438
:102DB000870C26C24AC006C693042500054901E8CF
:102DC0002285B24022449244024941018280A68574
:102DD0001305A4023937E30525FF405CCDB7411147
:102DE000974700009387470722C403A4870C26C295
:102DF0004AC006C693042500054901E82285B24071
:102E000022449244024941018280A6851305A4010F
:102E1000C93DE30525FF405CCDB72303048015477A
:102E20002303E48001002302A4808280830764805E
:102E3000E3CE07FE23030480828083076480E3CE11
:102E400007FE03454480828083076480E3CE07FE4B
:102E50002302A4808280411126C44AC24EC006C605
:102E60001377F50BAD47AA892E8995446306F700C1
:102E700019456537653F8D444E854537FD59FD142D
:102E800063983401B240A2441249824941018280D0
:102E9000135509011375F50F453F2209CDB70111EF
:102EA00026CC06CEB704080051371545BD3771371B
:102EB00069372AC6A53F32459377150089EB13651C
:102EC00015001375F50FF240E24405618280FD1490
:102ED000E9FC0145CDBF397126DC4ADA4ED852D61D
:102EE00056D45AD25ED006DE62CE66CCB7E700E09A
:102EF0007D5783AA070022C603AA470023A0E7182C
:102F000023A2E718B7170040130770052380E704D2
:102F1000130780FA2380E70483C74704930B75FFE8
:102F2000B684E20793FBFB0F8546AA892E8B328974
:102F300037240040E187015763FA76016308D50022
:102F40008946130700026313D5000157D98F93F701
:102F5000F70FB71C00402382FC0411472303E480D1
:102F60001305F00F5D3D094CD135636D7C11B7053C
:102F70000700DA9537870700795563F2E504B387D0
:102F80009500636EF702370B0800A94733EB650124
:102F90006399F90689E48144513D26850DA0DA85BF
:102FA0000945553D05090345F9FFFD14050B693D2C
:102FB00081C49377FB0FFDF7DD3569FD7D55B717AC
:102FC0000040130770052380E704130780FA23806D
:102FD000E70403C74704418B2382E704F250B7E7B5
:102FE00000E023A0571123A24711E2543244525962
:102FF000C259325AA25A125B825B724CE24C216176
:103000008280A5476395F90685691309F00FB30619
:103010009900B3742B01B6941349F9FFB374990066
:10302000856B33796901416B9387F9FFB3F727010A
:1030300099E363FC340193D94900C147E3E637FFC4
:1030400099BF0569C1697D19D9B71305800D6388DA
:103050006901130500026384790113051008CA850C
:10306000DD3B353D21DD4E99B3843441D9B7DA8556
:103070002D45D533CA94E30099F205097D3BA30F92
:10308000A9FED5BF9387F9FF93F7F70F6361FC0C97
:1030900083C71C0413073008631FF70437070800B1
:1030A000636BEB04B3079B00B706100063F5D7040E
:1030B000334BEB0089476393F9068980D549E38C4C
:1030C00004ECDA850945413B11090327C9FF914703
:1030D0002320E48003076480E34E07FE230334814A
:1030E000FD17EDFBFD14110B81C49377FB0FE9FF76
:1030F0007D3371F5E1B5B717004003C75704B70733
:1031000008001377070219E3B78707007955E378BA
:10311000FBEA33079B00E3FFE7F855B58547E382F9
:10312000F9F2DA852D45053B9389F4FFE38504E642
:10313000293393F7390091EB832604800327090094
:1031400093074900E39AE6E43E89CE84F1BFB54790
:103150006396F9001305900BC93135BDB1471305CE
:10316000B00AE38BF9FE99476391F904B7050800AB
:10317000B365BB002D45C53181448D4BA1497539DF
:1031800063967401832704802320F9008504E39863
:1031900034FF8327048013172B0163550700231284
:1031A000F900D5BB2322F900FDB39D476399F902CD
:1031B00081451305B0044531BD4423200900232275
:1031C0000900FD599D3993F77400CA9703C707009A
:1031D000FD14398D2380A700E39634FF6DBBA14712
:1031E0006392F9046D398144630D0B008D4793049C
:1031F000C0036308FB009304000563048B01930480
:1032000040041375C507E30895D819453931393994
:103210000545213126850D3909453D314931E31CEC
:1032200005D669BB91476399F90013056006F53629
:10323000F53E130590090DB7E38F09D4F154A9BBEE
:1032400097010020938181C917510020130181DB70
:1032500017E5FFFF130545DB97D5FF1F938585DA3B
:1032600017F6FF1F1306C6FD63FAC500832205008B
:1032700023A0550011059105E3EAC5FE17E50200FC
:103280001305C52197F5FF1F938585FB138681865E
:1032900063FAC5008322050023A05500110591059E
:1032A000E3EAC5FE1385818697350020938505CD19
:1032B0006377B500232005001105E36DB5FEFD42DF
:1032C000739002BC8D4273904280B72200009382BB
:1032D00082887390023097D2FF1F9382A2D293E22A
:1032E0003200739052303717004093077005230067
:1032F000F704930780FA2300F7040F1000003C47FF
:10330000B70600FAE116F58FB70600069506D58FC9
:103310003CC797B200009382628E739012347300A0
:1033200020303D432A876373C3029377F700BDEFD4
:10333000ADE5937606FF3D8ABA960CC34CC30CC725
:103340004CC74107E36BD7FE11E28280B306C3404E
:103350008A069702000096966780A6002307B700AA
:10336000A306B7002306B700A305B7002305B700DF
:10337000A304B7002304B700A303B7002303B700D7
:10338000A302B7002302B700A301B7002301B700CF
:10339000A300B7002300B700828093F5F50F939642
:1033A0008500D58D93960501D58D61B7939627003D
:1033B0009702000096968682E78086FA9680C1176B
:1033C0001D8F3E96E374C3F8A5B73367B500FD5370
:1033D0000D8B79E7B7877F7F9387F7F7104194418B
:1033E000B372F6003363F600BE92B3E262006397F5
:1033F000720C6318D6065041D441B372F6003363A1
:10340000F600BE92B3E262006398720A631BD604B0
:1034100010459445B372F6003363F600BE92B3E2F2
:1034200062006391720A631ED6025045D445B3729E
:10343000F6003363F600BE92B3E26200639A72084C
:103440006311D60210499449B372F6003363F60053
:10345000BE92B3E26200639372085105D105E30F97
:10346000D6F61317060193970601631CF70013574E
:10347000060193D706013305F7409375F50F91E9DF
:1034800082804183C1833305F7409375F50F91E145
:1034900082801377F70F93F7F70F3305F740828099
:1034A0000346050083C60500050585056313D600A0
:1034B00065FA3305D640828011059105E312D6FEE8
:1034C000014582802105A105E31CD6FC01458280CF
:1034D0003105B105E316D6FC014582804105C105E1
:1034E000E310D6FC0145828011456FC05064411144
:1034F00093962500AA852D4506C697F0FF1FE78005
:10350000809DB240014541018280411126C29394C1
:10351000250022C44AC02A843289A686AA8501468B
:10352000254506C697F0FF1FE780E09AA6864A86E3
:10353000A285294597F0FF1FE780E099B240224419
:1035400092440249014541018280011122CC06CEFC
:103550003714004026CA4AC84EC652C48344740574
:10356000034AB4058349840503499405EFC0F01A62
:103570008347A40593F4F40F137AFA0F93E7170027
:10358000230DF40493F9F90F1379F90FB7170040DD
:1035900003C7A705058B6DFF03D5C705A38D470599
:1035A000238C3705A38C2705A38B9704F240624434
:1035B000D2444249B249224A05618280411193971F
:1035C000050122C406C6C1872E8463DD0700EFD043
:1035D000904319C1EFD0103C2165218DB2402244A7
:1035E0004101828093F7150013C51500E5FB939701
:1035F000250163D00702EFE04153FD3503C5818605
:1036000037F60200130606E08965EFE0A0080965B9
:10361000E9B7939715010145E3D207FC03C58186FD
:10362000130600649165EFE0E00611657DB7B7050C
:103630000300371503001D7149469385855C13050A
:1036400085E986CE97D0FF1FE780E02011E101A039
:10365000B7F600E0795798CAFD57DCCA0567B7E7A7
:1036600000E023A0E7101306F00290C223A0E718A1
:103670000F1000001306C0038145480897D0FF1FB4
:10368000E780E017B7470020938787053ECA896720
:1036900093870780231CF100B5472304F102A1673B
:1036A000938707E03ECEB7070105938707103ED00A
:1036B0009307B00F2312F10285472303F102B737B6
:1036C00000009387E74EBEC4B73700009387A7502A
:1036D000BEC68567938717D02315F102B71701007F
:1036E000938707F23EDAB73700009387A7543EDE90
:1036F000B7F50700B73700009387874E8146700003
:10370000E1051945BEC097E0FF1FE780C07C58085F
:103710008147994670003E960346060085070507D7
:10372000A30CC700E398D7FED24791C70357810186
:1037300085676373F70001A04808EFE0803E11C180
:1037400001A0F6402561828041113735000022C476
:103750001305C55B06C613848186EFE0003923009C
:10376000A4001928034504002244B2401306003285
:10377000896541016FD01072411106C67327008020
:10378000218B11CB7327008023AEE19C03A7C19D41
:103790005D9B731007800F100000371700409306E1
:1037A00070052300D704930680FA2300D7040F1076
:1037B00000008346F70293F6A60FA307D702230063
:1037C0000704F326008003A7C19D218B558F73103A
:1037D000078023AE019C0F10000073270080218B0F
:1037E00011CB7327008023AEE19C03A7C19D5D9B95
:1037F000731007800F100000371700409306700504
:103800002300D704930680FA2300D7040F1000008A
:103810008346F70293E62600A307D7022300070496
:10382000F326008003A7C19D218B558F731007805D
:1038300023AE019C0F1000000545EFC080726D3172
:103840001305407E81470147814605468545EFC007
:10385000C077B240014541016FE0206123880186B5
:10386000B74700209387875403C7C7B01367870003
:103870002386E7B0828003C50187828083A74187C2
:1038800083A601981387418781CB63E7F600B3874E
:10389000F6402546637BF60C797106D622D426D2F3
:1038A0004AD04ECE52CC8145414514C3EFD0804220
:1038B00089450145EFC02064EFC0005B131A050184
:1038C000B71700404165135A0A01238C0704D149F8
:1038D00001441309F5FF8144EFC0A06652954205EB
:1038E0004181AA8763739500A68793940701C180DD
:1038F000AA876373A900CA87FD19C2091399070132
:1039000093D90901135909012A94E39709FC3385D6
:103910002401098C49453355A4029305E100420571
:103920004181EF801067B747002013870187938795
:1039300087540DE12300070003C7C7B01367870052
:10394000B25022542386E7B092540259F249624A97
:10395000456182808356E1002398D7AE85462300D7
:10396000D70003C7C7B05D9BE1BF8280B786B8EDC3
:1039700001479386063293170701C18363E3C700AB
:103980008280B387E50083C707003D8DA1471358A8
:103990001500058911C13685FD1793F7F70F3345DB
:1039A000A800F5F70507C1BF411122C4AA852A84E2
:1039B00031467D5506C65D3F930504011306C00AD6
:1039C0007537B24022441345F5FF41018280011151
:1039D0002306A1006C0011467D5506CEA30601000A
:1039E0002317010061370566B73500201306A6A02E
:1039F00093851557A53FF2401345F5FF0561828079
:103A0000411122C4AA852A8431467D5506C6B93F94
:103A10009305040113064009913FB2402244134527
:103A2000F5FF41018280411122C4AA852A84130630
:103A300040091385C1B706C6EFC0722103471400C1
:103A4000B7470020938787542384E7B003472400B7
:103A5000A384E7B0034734002385E7B0034744005D
:103A6000A385E7B0B240224441018280835705001C
:103A7000411122C43734002006C613078454231191
:103A8000F700834725001306000A9305C50023129B
:103A9000F700834635008567BA97A382D7B083566F
:103AA0004500130484542393D7B0834665002382D2
:103AB000D7B08346750014D3835685002313D702ED
:103AC0008346A500138547A32302D702EFC032180F
:103AD000014729469307370A9207A29783C64700F2
:103AE0000507BD9A2382D700E316C7FEB2402244E1
:103AF0004101828041111306C00A814506C622C4D5
:103B00002A84EFF01F82B73700209387875403D7AA
:103B100027008565BE952310E40003D747001306F0
:103B2000000A938545A32301E40003C7150D13057F
:103B3000C400A301E40003D7250D2312E40003C74A
:103B4000050D2303E4009853A303E40003D76702A1
:103B50002314E40083C747022305F400EFC0320FAB
:103B6000814729461397470022978346C700850758
:103B7000BD9A2306D700E397C7FEB2402244410115
:103B80008280411122C406C6328426C20146B38710
:103B9000C6008387070093140601C180B1E703576D
:103BA0000400014893071700C207C183B388970038
:103BB000C20893D8080163E315032310F4002A9781
:103BC0002300C70083570400B6853E95EFC0320836
:103BD000835704000548BE9423109400B240224449
:103BE0009244428541018280050693170601C183F4
:103BF000E3EFE7F80148DDB703580600636BB80050
:103C0000014582800145B24022449244024941016B
:103C10008280930718004111C20726C206C622C43B
:103C20004AC0C1832310F6002A9803490800931460
:103C30000901C180E3F8E4FC338797004207418320
:103C4000E3E2E5FC3284B305F5004A863685EFC031
:103C50001200B306250123800600835704000545A2
:103C6000BE942310940045B71971A2DCD6D2DAD0E5
:103C700086DEA6DACAD8CED6D2D4DECEE2CCE6CA6A
:103C8000EAC8AA8A2E84328B23A0050023A205004D
:103C900023A40500B146AA8550002D4597E0FF1FDB
:103CA000E780602315C563110B020145F650665489
:103CB000D6544659B659265A965A065BF64B664C68
:103CC000D64C464D0961828085472300FB00F1BF39
:103CD0001247FD576316F70085472305F400F1B737
:103CE000B757523293873795E311F7FC0347C1006A
:103CF000A947E3ECE7FAAA8431464C007D55056AF2
:103D0000B531AA89130CAAA0930C0004138DCA0024
:103D1000930B9AA0B3079C403E89C207C18363F40A
:103D2000FC0013090004420913590901CA8610084E
:103D3000B3059D002D4597E0FF1FE780C01925F5CD
:103D40004E854A860C081D31CA94AA89E3F49BFC6F
:103D500093056AA191460A86D6952D4597E0FF1FE7
:103D6000E780601729F1824793C9F9FFE39F37F392
:103D70005CC08347C100224705452304F400854702
:103D800018C0A304F4001DB70DCD1387F5FF1377FA
:103D9000F70FB946814763E4E60201479306E00561
:103DA000B307E50083C70700811793F7F70F63EAAE
:103DB000F60005079377F70FE3E4B7FE85473E85E6
:103DC00082808147EDBF1441B7474332938737154F
:103DD000639CF60203564500411122C406C68D4677
:103DE0002A848147631DD6000356A5009306C00AA6
:103DF0006317D600553E5C44898F93B71700B240D5
:103E000022443E854101828081473E85828021C5D2
:103E1000AA950387F5FF814709EF1306E00593058F
:103E200020021308C005B307E5008387070081E778
:103E300085473E85828093F7F70F938607FE93F6BA
:103E4000F60F636AD6006388B7006386070105072B
:103E500042074183C9BF8147E9BF797106D622D4A1
:103E600026D24AD04ECE52CC56CA5AC883C79500E5
:103E7000E1C73289AE842A84AA85B14650002D4517
:103E800097E0FF1FE78020054DE5056A373B0020DE
:103E90009306AAA013061B579305C4002D4597E06F
:103EA000FF1FE780400351E593056AA191460A860A
:103EB000A2952D4597E0FF1FE780E0013DE91247FD
:103EC000B75752329387379501496319F7048349ED
:103ED000C100A94763E43705A24A9C406390FA04F5
:103EE0008247C440639CF40231464C007D55BD3C82
:103EF0001306AAA093051B57953C1345F5FF631FB6
:103F00009500B73700204E8523883757C93423A83A
:103F1000A18823AA518923AC81880549B250225433
:103F20004A8592540259F249624AD24A424B45614B
:103F3000828085472300F9000149CDB7411122C491
:103F40001384C1B71306000981451305440006C652
:103F5000EFF02FBDB717040A938717901CC0954741
:103F60002302F4008547A303F400B7073C009387BE
:103F7000B7751CC4B70778009387C7035CC41305E3
:103F800044072244B240B70503001D469385455EB1
:103F900041016FC0C24B41112E86AA857D5506C6D0
:103FA000F132B2401345F5FF4101828018414111C1
:103FB000B757463226C206C622C44AC09387470472
:103FC0008144631AF702034745008547814463141F
:103FD000F702034955002A843105CA85753301CD9E
:103FE00022998307C90081EBF14522856D37444C46
:103FF000898C93B41400B24022442685024992442D
:1040000041018280144137575434130727E5639ADE
:10401000E604411122C406C60346450285462A84A9
:10402000014763EBC60203465502914663E6C602AA
:10403000834665023D46C11693F6F60F636ED600C1
:10404000034675028D4663E9C60093058002A137D9
:104050001854098F13371700B24022443A854101A2
:10406000828001473A858280372500201307C523C7
:10407000B7050300231307002314070023150700C7
:1040800023160700231707001D469385C55D1305FA
:10409000C5236FC0C23B372500201305C52382808E
:1040A000797106D622D426D24AD07D3F130600026B
:1040B0009305F00F0A85EFF0CFA6896593060002FD
:1040C0000A86938505202D4597E0FF1FE780A0E035
:1040D00021ED2A890A85D93DAA84014419C93725C9
:1040E000002041466C001305C523EFC0423622492B
:1040F0008544130600029305F00F0A85EFF06FA2C6
:104100008965930600020A86938505302D4597E060
:10411000FF1FE78040DC09CD19442285B2502254AC
:104120009254025945618280054481440149D1B7C6
:104130000A85AD3D0DC191C4A24733892741635A19
:1041400020013725002041466C001305C523EFC030
:10415000023061D4D1B769F0E9F021447DBF3971F3
:104160004ED656D206DE22DC26DA4AD852D45AD0AF
:10417000AA8AAE891139854715C513060002930531
:10418000F00F0A85EFF0EF990964930600020A86A2
:10419000930504202D4597E0FF1FE780C0D32A89AF
:1041A00009CD9947F2506254D2544259B259225A19
:1041B000925A025B3E85216182800A85C53B2A8A2C
:1041C000130B043009C52249054A130B04201306BA
:1041D00000029305F00F0A85EFF0AF94096493068F
:1041E00000020A86930504302D4597E0FF1FE78003
:1041F00080CE45F90A855D3B11C9A2441304042011
:10420000630C0A00B38724416348F0008967138474
:104210000720CA8463018B0C694681451305610040
:10422000EFF02F90B7574632938747044E863EC033
:10423000D6858547850468002302F100A302310179
:1042400026C4EFC0C220F1450A85B1332ACE9306B9
:1042500000100146A285254597E0FF1FE780A0C713
:1042600029F1930600020A86A285294597E0FF1FDF
:10427000E78060C61DF5130600029305F00F0A855E
:10428000EFF02F8A930600020A86A2852D4597E05B
:10429000FF1FE78040C4E31605F00A85013BA147F4
:1042A000E30205F02247E39FE4EE03475100E31BDE
:1042B00037EF4E86D6856800EFC00217A147E3139B
:1042C00005EE3725002041466C001305C523EFC0DD
:1042D00002188147C1BD138407303DBFB7370020A6
:1042E0009386875403D6260093878754054529C6AD
:1042F00083D54600130700026360B704056736974D
:10430000834557B0894663E9B602034847B0636501
:1043100005036397D500035767B019CF630EE60016
:1043200098530545636AE50003C547021305E5FA9E
:104330001375F50F1335D50A8280411126C24AC084
:10434000856437390020138604B1130589548145EB
:1043500022C406C6EFE0FFFCB75701BB9387B72A1C
:10436000130489542324F95495472312F400054774
:10437000B38784002382E7B07D572302E402370726
:104380000A051307974023A4E7B011472386E7B037
:10439000E546054723A6E7AE239CD7AE18C4B24036
:1043A000224423A0018823A291880249924441011A
:1043B00082805171CECF9389C18703A7090086D728
:1043C000A2D5A6D3CAD1D2CDD6CBDAC9DEC79947FA
:1043D0006301F708938A018803A90A001544631C46
:1043E000A90CED3D2A846316050E1306C00B81450A
:1043F0004800EFE01FF34808EFF0CFEFB747433234
:10440000938737153EC28D472314F1000509C16714
:10441000138BF7FF935709012316F1004800930708
:10442000C00A138A4188231521012317F100EFF0F8
:10443000AFD783240A00AA8B2AC893B41400B2040D
:1044400085660146A685254597E0FF1FE780A0A861
:1044500019C119448DA09306C00B5000A6852945AB
:1044600097E0FF1FE78020A76DF59306C00B500073
:10447000A6852D4597E0FF1FE780E0A529E94800C4
:10448000EFF07F9429C5B2470357A100B3F7670146
:10449000C207D98F631DF902C247639AFB029305D5
:1044A000C00A480823A02A0123209A00ED3423AC37
:1044B000A18623A009002285BE502E549E540E5979
:1044C000FE496E4ADE4A4E4BBE4B6D6182802144EE
:1044D000DDB70544CDB71571A2CDA6CB1306C00B31
:1044E0009305F00F480086CFCAC923AE0186A38387
:1044F000018ACEC7D2C5D6C3EFE0BFE29306C00B98
:10450000500081452D4597E0FF1FE780C09C2A8918
:104510009384C1871384718A631405104800EFF0F7
:104520009F8A81479306F00F1307C00B50003E96F9
:10453000034606006314D60E8507E399E7FE054A95
:1045400081490DC54808EFF06FD28357C10003576A
:10455000A1009305C00AC207D98F23A0F18848089B
:1045600023A201880D3C23ACA18685491306C00B0C
:104570009305F00F4800EFE0DFDA9306C00B500020
:1045800085652D4597E0FF1FE780E094AA8A41EDFD
:104590004800EFF05F833335A00081479306F00FAA
:1045A0001307C00B50003E9603460600631ED60656
:1045B0008507E399E7FE85473369590141C9138AA5
:1045C0000188638D09008357C1000357A100C2070A
:1045D000D98F03270A00998F6354F00A4808EFF037
:1045E000EFC88357C1000357A1009305C00AC20753
:1045F000D98F2320FA000567480823A2E188EFF04D
:104600009F9923ACA186630B090299479CC08347FD
:10461000040093E727002300F4002DA0014A0DB702
:104620008149014AA1B70145814779B763060A006C
:1046300081C785479CC03DA09547EDBF63870904AE
:1046400023A00400014525A09147C9B7639D090235
:10465000E30E09FC99479CC08347040093E72700B9
:104660002300F400D9391945631309002145FE40A0
:104670006E44DE444E49BE492E4A9E4A2D618280D8
:10468000E30009FC59B7E31209F803A501881533C3
:1046900045FD89479CC08347040093E7170023002A
:1046A000F400F1B73171480006DF22DDEFF08FC46E
:1046B0009305C00A4800EFF01F8E83A78187631817
:1046C000F50203A7C18791476307F7000145FA5038
:1046D0006A5429618280138401880840D93965F9B8
:1046E000184085470545E313F7FEE131CDB703A533
:1046F0000188E5BF03A50188828003A5C187828068
:10470000411106C622C426C22A84053985470145BF
:1047100023AEF18679399384C18709E503A5018821
:10472000493915C191479CC09387718A03C7070017
:104730002A84136727002380E7002285B2402244A1
:104740009244410182808D4711E09D479CC075D401
:104750009387718A03C707000144136717002380FA
:10476000E700E1BF317152D523A0018A238F018870
:104770002383018A9386018A1387E1899387618A5B
:104780004AD94ED756D362CD66CB6AC96EC723923B
:10479000018A06DF22DD26DB5AD15ECF814D014C36
:1047A000014D814C814A02C601498149138A418ADF
:1047B00036C83ACA3ECC1306C0029305F00F281043
:1047C000EFE03FB69305C002B385BA028D679394BC
:1047D0000A019306C00230102D45C180BE9597D0C6
:1047E000FF1FE780406F19C9850423109A0005490F
:1047F000850A93070004E390FAFC39A0A2577D577D
:10480000639BE70C23109A001306C0029305F00F78
:104810002810EFE01FB199659306C0023010938510
:1048200005E02D4597D0FF1FE780E06A631B050E6A
:104830002257FD576308F70E2810EFF0AFFC630E08
:10484000051252478547B2542300F70063860900DA
:10485000B38764416353F0021306C0022C10C808EA
:10486000EFB0F23E6254A64B034CC104834DD10419
:10487000034DE104834CF104268BB7340020938769
:1048800084548569BE996146EC08138549ADA2D26E
:10489000EFB0F23BB747002041679384845493877D
:1048A00087546364E4001304F7FF239089B023AABC
:1048B000740123A687AF23AAB7AF239CA7AF23AE6B
:1048C00097AF63030C00814BC24723A8740185494D
:1048D00023A0670191A82810EFF0CFF221C1B257B1
:1048E00063860900338767416356E0021306C002FE
:1048F0002C10C8083ECEEFB09235F2476254A64B5A
:10490000034CC104834DD104034DE104834CF104F5
:104910003E8B8549850423109A00D9BD85473EC644
:10492000D5BF0549E39B09F4B24789CB9387718AC8
:1049300003C70700136717002380E7006302090419
:104940006247854719492300F7009387718A03C797
:104950000700136727002380E700FA506A544A854E
:10496000DA544A59BA592A5A9A5A0A5BFA4B6A4C8B
:10497000DA4C4A4DBA4D2961828085473EC65DB703
:10498000E39D09FC2149D1BF1971A6DA83C4618A6C
:1049900086DEA2DCCAD8CED6D2D499C89944F650C5
:1049A000665426854659D654B659265A09618280DE
:1049B000B7575434938727E53EC43739002083A77F
:1049C000018A1309895405644A948507930544AD07
:1049D000614608083EC602D8EFB072278327490116
:1049E0009305800228003ED48327C4AE130AF00347
:1049F0009389018A2306F102832744AFA306F102BB
:104A0000835784AF2307F1028327C4AFA307F102C2
:104A1000EFF06FD883D7418A2AD81384418A637410
:104A2000FA081969930600100146930509E0254527
:104A300097D0FF1FE780204A19C1A1448DB7930684
:104A4000C0023000930509E0294597D0FF1FE78099
:104A5000804865F59306C0025018930509E02D457E
:104A600097D0FF1FE780204769F91306C0024C1852
:104A70002800EFB0721B71F14818EFF0AFD855DD88
:104A80000547238FE18883570400637EFA0085661B
:104A900001468D65254597D0FF1FE780C043E31F82
:104AA00005EE23100400035904009307C002930687
:104AB000C0023309F9028D67300029453E99CA8545
:104AC00097D0FF1FE78020418357040085072310FC
:104AD000F400E31505EC9306C0025018CA852D4575
:104AE00097D0FF1FE780203F29F91306C0024C181A
:104AF0002800EFB0721331F15257B75754349387EF
:104B000027E5E31CF7F27644930580024818EFF09E
:104B10008FC8E314A4F2B2471384E18923A0F900FB
:104B200083470400E38D07E699659306001001466C
:104B3000938505E0254597D0FF1FE780C039E31036
:104B400005E623000400A1BD5D71A2C403C4C189B0
:104B500086C6A6C2CAC04EDE52DC56DA5AD85ED627
:104B600011CC19442285B640264496440649F25990
:104B7000625AD25A425BB25B61618280B7370020D1
:104B800083C40757A94763EA970E2685EFE03FE401
:104B900083A70189AA8A13890189E385A7FCB757EE
:104BA0005232938737953EC483A7418902C8314664
:104BB00085072C007D553EC623089100EFE01FDBE2
:104BC0000566373A00201306A6A093051A572AC295
:104BD000EFE0DFD983A681891345F5FF2AC211676B
:104BE000938B4189138B818999646383E600916477
:104BF00085660146A685254597D0FF1FE780A02D35
:104C00002DF1B1463000A685294597D0FF1FE780DA
:104C1000802C21F985699386A9A013061A579385DC
:104C2000C400294597D0FF1FE780E02A1DF993852E
:104C300069A191465000A695294597D0FF1FE780AE
:104C4000802905F101464C082685EFF0EF8105C962
:104C50003247D2476395E702E24612476391E60284
:104C60008346C10103470101639BE60023205901EC
:104C700023A0FB0023209B00F5B50544E5B52144A6
:104C8000D5B53971130671002C00116506DE26DAE0
:104C90004AD84ED622DCA3030100EFE0FFFC2A89AC
:104CA000130671004C081965EFE01FFC238E018884
:104CB000AA899384C1894DC163070900D24722475D
:104CC000998F635DF008130671004C081965EFF0C9
:104CD000CF980DC10344710045C085472380F4007F
:104CE0009387718A03C7070019441367270023803D
:104CF000E70075A063090900130671002C00116517
:104D0000EFF0AF9561F9056637350020B737002021
:104D10001306A6A081451305155723880756EFE013
:104D20004FE023A8018823AA0188196723ACE188F2
:104D300083477100DDF38347210189C78347E10180
:104D40002144B1EF9387718A03C707002144136799
:104D500017002380E700A1A0E30709FA13067100FA
:104D60002C001165EFF06F8F35F5E38E09F813060F
:104D700071004C08196569B763033903938401898D
:104D800003A90400934719009CC07D3B9387718A57
:104D900019ED03C70700136717002380E70022857A
:104DA000F2506254D2544259B2592161828003C7F1
:104DB000070023A0240113672700C5B76D151375DD
:104DC000F50F9D4763E9A7026D161376F60F0545AB
:104DD00063E4C702A94763E1B702B315B50093F5D1
:104DE000F57799C963EAD7003315D5001375F577C0
:104DF00013351500828005458280411106C622C404
:104E000026C2630C051283470500854463820710A0
:104E100093F7C70F639E070E2A8483464500034617
:104E200035008345250003451500493F75E10347DB
:104E30005400854763EEE70C0347640063EAE70C20
:104E40000347740063E6E40C83479400034784003F
:104E5000A207D98FD5CF8347B4000347A400A20788
:104E6000D98FC517C2070567C183930617E063E1B1
:104E7000F60A8347D4008346C400130767E0A207FD
:104E8000D58FD917C207C1836364F7088347F4003D
:104E90000347E400A207D98F8917C207C18313070C
:104EA000A0236367F7069305000313050401EFE0F1
:104EB0001FF639CDD14513050404EFE05FF529C98C
:104EC0009305000213054405EFE07FF431C193061A
:104ED000440781479305000205451308C005930860
:104EE000B0023307F4000307470713960701418216
:104EF00015E7854411CE030644071307F002630942
:104F0000E600B6978384F7FF938414FD93B41400EE
:104F1000B2402244268592444101828063DFE5004D
:104F20001306E7FD1376F60F6379C50063070701E3
:104F3000630517018507E396B7FA8544D1BF14418D
:104F4000411137574D3226C206C622C4130737F423
:104F50008144639FE602834645000D472A848144CD
:104F60006398E602834655001307100A6392E6022F
:104F70008356A50013074009639CE600EFE05FA895
:104F80005C446397A70013050401853D9334150025
:104F9000B240224426859244410182801571D6C3D5
:104FA00086CFA2CDA6CBCAC9CEC7D2C5DAC15EDF35
:104FB000AA8AA13583C7D189C9EBAA846313050ED8
:104FC000130640099385C1B75685EFB0E24503A4A7
:104FD00081889389818811E169E483A7C188096781
:104FE000138AC188138907106383E7000969B757DB
:104FF0004D32938737F43EC6E9779387371005041F
:105000002318F100C167138BF7FF935704011306B0
:105010004009D685231AF100680893074009231B2D
:10502000F10002CC23198100EFB062426800EFE08A
:105030003F9DAA8B2ACC930600100146CA852545C0
:1050400097D0FF1FE78020E919C1994499A89306DA
:10505000400A7000CA85294597D0FF1FE780A0E766
:105060006DF59306400A7000CA852D4597D0FF1F45
:10507000E78060E679F96800D9351DC10347110161
:105080009307100A631EF700D24703572101B3F7B5
:105090006701C207D98F6315F400E247638FFB00F5
:1050A000A144FE406E4426854E49DE44BE492E4A48
:1050B0009E4A0E4BFA5B2D61828083A709005685BC
:1050C00023202A01850723A0F900EFE0DF95D1BF57
:1050D0001571DAC11306400A9305F00F680086CFF8
:1050E000A38E0188A2CDA6CBCAC9CEC7D2C5D6C3CE
:1050F0005EDF62DDEFE0EFA29306400A7000896593
:105100002D4597D0FF1FE78000DD138BD1896313F6
:10511000052E31466C000A85EFB062336800053514
:10512000014419C5034411011304F4F513341400A8
:1051300081479306F00F1307400A70003E9603461E
:105140000600631FD60C8507E399E7FE854A0149EF
:1051500005C083574101035721016808C207D98F51
:1051600023A4F188096723A6E1880549EFE0BF8BF6
:105170001306400A9305F00F6800EFE08F9A8965E7
:105180009306400A7000938505102D4597D0FF1FA8
:10519000E78060D46310052668005533814419C543
:1051A000834411019384F4F593B4140013F6F40FBF
:1051B00081479306F00F1307400A6C00BE9583C524
:1051C00005006391D5068507E399E7FE054A9375C7
:1051D000F40FF1C88357410103572101C207D98F4A
:1051E00013878188630709001443B386D740635E41
:1051F000D00A1CC3896793870710680823A6F18823
:10520000EFE07F8215C00145FE406E44DE444E490A
:10521000BE492E4A9E4A0E4BFA5B6A5C2D61828023
:10522000814A35B7014A65B70969B7574D32938945
:105230008188938737F403A709003EC6E9779387EF
:1052400037102318F1000507C1671306400993853D
:10525000C1B72319E100938BF7FF418393074009FE
:105260006808231AE100231BF10002CCEFB0221ED4
:105270006800EFE0EFF82A8C2ACC93060010014674
:10528000CA85254597D0FF1FE780E0C40DC9854733
:105290002300FB009387718A03C707001367270069
:1052A0002380E7008DB7630E0906E38EC5F403A9DA
:1052B000C1888967E31AF9F613090910BDB7930687
:1052C000400A7000CA85294597D0FF1FE780A0C01B
:1052D0005DFD9306400A7000CA852D4597D0FF1FDB
:1052E000E78060BF4DF56800993955D1E247E3107A
:1052F000FCFAD24703572101B3F77701C207D98FD0
:1053000023A0F90023A6218919C0E31E0AEE99C043
:10531000E39B0AEE9387718A03C7070013671700A0
:1053200041B7EFE0BFC123A40188896793870710C5
:1053300023A6F1880247B75750329387C7246318D2
:10534000F708A244A1450A85EFE0FFC46391A408D1
:1053500083444100034B51008349610003497100BC
:10536000DA854E86CA862685EFF05FA52DE1938704
:10537000C1B7A380970023816701A38137012382EE
:10538000270129476395E40211476312EB02214785
:10539000639FE900631D99002547A380E700056727
:1053A000130747A02391E70015472382E7001385E1
:1053B000C1B7EFE04FE79387718A03C707001385F2
:1053C000C1B7136717002380E700C93E35BD1385B9
:1053D000C1B7EFE04FE563850A002145E3160AE215
:1053E0009387718A03C7070021451367170023803D
:1053F000E70019BDEFE09FB4EFE01FC71385C1B709
:10540000EFE06FE223A4018889679387071023A642
:10541000F18885472300FB009387718A03C7070043
:105420001945136727002380E700F9BB1385C1B72F
:10543000828003A58188828003C5C1B705898280E7
:1054400003C5C1B70581058982807971D54706D624
:1054500022D426D24AD04ECE2317F10009E90545C1
:10546000B250225492540259F2494561828065DA61
:10547000D147AE84E3F5B7FE8D472300F50093894D
:10548000C1B783C70900328993860901A300F500DB
:1054900083C719001306E1002A842301F50083C79E
:1054A0002900A301F50083C739002302F50083C753
:1054B0004900A302F50083C759002303F50083C701
:1054C0006900A303F50083C779002304F50083D79F
:1054D0008900A304F50083D78900A1832305F50083
:1054E00083D7A900A305F50083D7A900A1832306CC
:1054F000F50083D7C900A306F50083D7C900A183AF
:105500002307F50083D7E900A307F50083D7E90057
:10551000A1832308F50083A7818813D78700A308F8
:10552000F5002309E50013D70701E183A309E5008E
:10553000230AF50013070003EFE0AFE40DD1514754
:10554000938609041306E100A6852285EFE06FE348
:10555000E30705F013070002938649051306E100EF
:10556000A6852285EFE0EFE1E30B05EE13070002CD
:10557000938649071306E100A6852285EFE06FE0D8
:10558000E30F05EC8357E10001452310F900C9BD85
:105590000111D54706CE22CC26CA4AC82317F100EE
:1055A00001E90545F2406244D244424905618280E6
:1055B0006DDAD147E3F7B7FE034705008D47E312E5
:1055C000F7FEB2842E892A84130640099385C1B759
:1055D0002685EFA0D2678347140015452380F40089
:1055E00083472400A380F400834734002381F40020
:1055F00083474400A381F400834754002382F400CE
:1056000083476400A382F400834774002383F4007B
:1056100083478400A383F4008347A40003479400D6
:10562000A207D98F2384F400A183A384F4008347C5
:10563000C4000347B400A207D98F2385F400A183D7
:10564000A385F4008347E4000347D400A207D98F61
:105650002386F400A183A386F40083470401034753
:10566000F400A207D98F2387F400A183A387F40055
:10567000834714010347240122075D8F83473401C8
:10568000C2075D8F83474401E207D98F03A7818852
:10569000E31AF7F013070003938604011306E100F1
:1056A000CA852285EFE04FD5E30D05EE514793867D
:1056B00004041306E100CA852285EFE0EFD3E3027C
:1056C00005EE13070002938644051306E100CA8520
:1056D0002285EFE06FD2E30605EC13070002938604
:1056E00044071306E100CA852285EFE0EFD0E30A04
:1056F00005EA8357E100E39627EB2685EFF0EFEF0D
:1057000055B56FF0FF9C317122DD26DB4AD94ED7AB
:1057100006DFAA892E89B2843684EFF02FEA83C788
:10572000D1899DEB1DE1130640099385C1B768003F
:10573000EFA0F2516800A306310123072101A3075E
:10574000910023088100EFF07F85FA506A54DA5403
:105750004A59BA59296182801945C5BF41118566E8
:1057600001468965254506C622C497C0FF1FE7800C
:1057700080766310050E856601468D65254597C0C8
:10578000FF1FE78040756316050C1964930600102F
:105790000146930504E0254597C0FF1FE780A073ED
:1057A0004DE9856601469165254597C0FF1FE78055
:1057B000807245E1856601469965254597C0FF1FC2
:1057C000E780607159E5856601468145254597C0AA
:1057D000FF1FE780407035ED8566014685652545EC
:1057E00097C0FF1FE780206F2DE523A0018A239239
:1057F000018A238F01882383018A23A8018823AA91
:10580000018823AC8188238E0188A38E018823A47C
:10581000018889679387071023A6F188EFE00FF2CC
:105820001385C1B7A383018AEFF04FF71DE1372439
:1058300000201305C423EFA032539375F50F130511
:10584000C423EFE0DF9111E52244B24041016FE053
:105850003FEBB240224419454101828003C5718A61
:105860008280C16705668146FD17130616021397ED
:10587000060141836364B7003E8582803307D5000B
:10588000034707002207B98F2147139807018607AE
:10589000C20713580841C18363530800B18F7D17B5
:1058A0001377F70F7DF38506D9B7854755CDCDCD55
:1058B000C5CE011126CA8354650006CE22CC4AC843
:1058C0004EC61307000F6369970899C0184549C76A
:1058D0001389B4004209135909018547636E2607ED
:1058E000930750FA2380F5008947A380F50083478A
:1058F0000500B6892E842381F50083572500A381F6
:10590000F500A1832382F50083474500A382F500BB
:10591000834755002383F50083576500A383F50073
:10592000A1832384F5000356650011C60C451305B9
:105930009400EFA0D23193859400C205C1812285E5
:105940000D379305E9FF2E942300A4002181A300C5
:10595000A400239029018147F2406244D244424985
:10596000B2493E85056182803E858280854755C962
:105970004DCA29476377B70A011122CC06CE26CA41
:105980004AC84EC6834605001307500A2A8463920C
:10599000E608834615000947639DE60683498500AE
:1059A00003477500A209B3E9E9001307000F63621A
:1059B00037079384B900C204C180639CB404F9140E
:1059C00093950401C181A2943289613D03C71400FB
:1059D00083C7040022075D8FA147631CE50283474C
:1059E000240025042300F9008347B4FF0347A4FFE4
:1059F000A207D98F2311F9008347C4FF2302F900BE
:105A00008347D4FF2313390123248900A302F9001B
:105A10008147F2406244D2444249B2493E85056121
:105A200082803E85828011C51306001581456FD0A6
:105A30005F8F82800548630E0518638C0518638AA2
:105A4000061863880718914863F5C818797106D657
:105A500022D426D24AD04ECE52CC56CA5AC85EC69E
:105A600062C403C9250041439308F9FF93F8F80F76
:105A70006364130B83CB150063F02B0B6D1693142B
:105A80000601C1801306600F6368960803C605000F
:105A90001373F6036312030813BE1B00135376003F
:105AA000631C6E061982B388784193B81800058A82
:105AB0006394C80683C945003E8A83C73500A2099E
:105AC0003A8BB3E9F90083470500B68A2E8C2A8405
:105AD00089CB835725006396370183474500638B45
:105AE00027012285893785472300F40023113401DB
:105AF000230224011C44B3D77701858BA5EB835780
:105B0000C4009306B00F338797004207418363F2C6
:105B1000E6022285093F0548B250225492540259A8
:105B2000F249624AD24A424BB24B224C428545610D
:105B3000828093991B00A299130524052398F902EA
:105B40003E95268693055C00EFA072108357C40033
:105B5000A6972316F400239799008547B3977701FA
:105B6000832B8400B3EBFB0023247401144481478E
:105B700033D7F600058B21CF850713F7F70FE369BD
:105B800027FF930BE40081498144130C240503D6BD
:105B90000B00B3079600C207C183E36CFBF683D505
:105BA0002B0233859A008509E295EFA0520A83D72C
:105BB0000B0093F9F90F890BBE94C204C180E3185E
:105BC00039FD23109A002285B93D0148B1B70D482F
:105BD000A1B7428582808347150003470500A207CD
:105BE0005D8F8347250003453500C207D98F6205C5
:105BF0005D8D828093D785002300B500A300F5005A
:105C000093D70501E1812301F500A301B50082804E
:105C1000411106C6EFF05F8209C9B737002003A71C
:105C200007558D47054563E6E700EF407053333570
:105C3000A000B2404101828037370020930687548C
:105C40008567B69783A6C7AE1336150023A6C7AEE1
:105C500093B61600130787546380A60283D647AE17
:105C600041667D166385C60085062392D7AE83A75D
:105C7000019811C11CCB5CCB8280BD476385F500C8
:105C800085473E8582807971232006002322060005
:105C90002324060006D622D452CC2316060023075E
:105CA000060026D24AD04ECE56CA5AC85EC662C434
:105CB00003491500834705002D0522093369F900C2
:105CC00023102601034C75FF328423018601834A89
:105CD00085FFA30156018344A5FF834795FFA204D6
:105CE000DD8C23129600834BB5FF23037601034B13
:105CF000C5FFA30366018347E5FF0347D5FFA2075E
:105D0000D98F2314F6008349F5FF23053601E135C9
:105D1000935785002306F40093570501A306F4006A
:105D200093578501A305A4002307F4002A8A63037F
:105D300009029307000263EF8701894763EC57016B
:105D4000054763697701636767016393FA0299C046
:105D5000631299028547B250225492540259F24973
:105D6000624AD24A424BB24B224C3E854561828008
:105D7000231204009389E9FA93F9F90F9307C00AF3
:105D8000E3FA37FDEFE01F978147E306AAFC95474A
:105D9000D9B70111238A018A23A6018A280023A8E2
:105DA000018A06CEEFA0507099452800EFF07FAB36
:105DB000B7776C69938601C1938737059CC2B74753
:105DC000432D93874717DCC29357C500C207C18391
:105DD000A546138701C163E0F60693870703E20730
:105DE000E1872304F70093578500BD8B25469386F2
:105DF00077036364F6009386070393574500A30473
:105E0000D700BD8B2546938677036364F60093869F
:105E100007032305D7003D89A5469307750363E46F
:105E2000A60093070503A305F700F240314723843A
:105E3000E18A056182809387770355B7238A018AB7
:105E400023A6018A23A8018A82809387C18A94436A
:105E5000014591CA03A741980545158F6345070081
:105E600023A00700014582809387018B944301455D
:105E700091CA03A741980545158F6345070023A0E4
:105E8000070001458280411122C406C626C24AC0CD
:105E9000B9472E846311F510A547054963E0B7069D
:105EA000B73400209387845498538547938484544F
:105EB00011496315F70493071010B387F502A697ED
:105EC00083C7970285CF13F4F50F2285EF20B04BDF
:105ED0000D490DC59D4763EC8700B70503000A0413
:105EE0009385C55E2E941C4082870545B13313050A
:105EF0002003EF10202B0149EF401026B24022442E
:105F00004A8592440249410182800145C5B78567AF
:105F1000BE94854723AAF4AED9BF8567BE94914746
:105F2000D5BF8567BE948947F5B78567BE948D4711
:105F3000D5B78567BE9403D784AFB7470020BD4669
:105F40004117420741839387875463F5E60065470D
:105F5000239CE7AE03D787AFF946E3EAE6F80507E7
:105F6000239CE7AE69B78567BE9403D784AFB74774
:105F70000020BD464117420741839387875463F54C
:105F8000E6006547239CE7AE03D787AFC146E3F041
:105F9000E6F67D17F1B79307F5FF93F7F70F314753
:105FA0002A89636AF71A370703008A071307C7604D
:105FB000BA979C4382878547E3E2B7F4B334B000D5
:105FC000938404082685EF20B023630605182685F0
:105FD000EF20F04263030518854733358000E3075F
:105FE000F9F08947631DF90CB74700209387875460
:105FF00023AA87AEEDBD91479384150AE3F4B7FC5D
:106000000549EDBD938705F6C207C18313076009F3
:10601000E368F7FEA944B3F79502FDF3B3D4950204
:106020009384040345B78D4793841505E3FCB7F8C3
:10603000C1BF894793841506E3F6B7F8D1B7854702
:10604000E3E0B7FCB334B00093840407A5BF8547F1
:10605000E3E8B7FAB334B0009384040BA5B78547DF
:10606000E3E0B7FAB334B0009384040CA1BF8547D2
:10607000E3E8B7F8B334B0009384040DA1B78547C3
:10608000E3E0B7F8B334B0009384040E25BF85472E
:10609000E3E8B7F6B334B0009384C40925B7854765
:1060A000E3E0B7F6B334B0009384E40921BF854739
:1060B000E3E8B7F4B334B0009384640921B78D47A3
:1060C000631CF900A945B355B402B7470020938774
:1060D0008754239CB7AE21BD91476319F900B74798
:1060E00000209387875423AE87AE11B5B54763145C
:1060F000F904B74700209387875483D787AF374782
:106100000020BD46C117C207C1831307875463F53A
:10611000F600E547231CF7AE835787AF01C8F94661
:10612000E3E7F6DC8507231CF7AED1B3C146E3F005
:10613000F6DCFD17CDBFAD47E31BF9DA0545EFF0FF
:10614000BFAF114711E00547B74700209387875439
:1061500023AAE7AE69BB114955B30D4945B3517147
:10616000CAD186D7A2D5A6D3CECFD2CDD6CBDAC9C7
:10617000DEC7E2C5E6C3EAC16EDF23100600834432
:106180004500930710042A89E38EF42C2E84B289EB
:1061900063E49712C947638EF44A63E3970895470F
:1061A0006389F43663EA970085476386F42A894752
:1061B000638DF4309144ADA6C1476388F43CC54774
:1061C000E39AF4FEB73700209387875403D727005C
:1061D0002390E50003D747002381E50005673E973C
:1061E000834657B0A381D500835667B02392D5006C
:1061F000034747B02383E5009853A383E50003D703
:1062000067022394E50083C747022385F500EFE08A
:106210006FCEAA851305B400EFF0DF9DBD478DA6B4
:1062200093070003638FF45E63EB9702CD476380AF
:10623000F44493070002E39FF4F6035765008D478B
:10624000631FF72C1C4503C7270083C5170003C530
:1062500007002207D98DEFF01FC3AA84D1A49307AA
:1062600010036386F46E93070004E395F4F48357F8
:1062700065006386072A1445054603C70600E31533
:10628000C70C1147639DE72883C4160093071005C8
:1062900063E7972803C4360083C7260022045D8C79
:1062A000630F0426C167FD17630BF426EF20102E41
:1062B000E31A05068D44ADA493076005E38EF43020
:1062C00063EE970693072005E38EF42863EA9704AC
:1062D00093070005E388F41C93071005E39CF4EC96
:1062E000EFF09FB8E3030528EF60700A834755007D
:1062F000954463970722EF2070298D44630205229D
:10630000EFF0CFC5AA84631D0520238A018A0547C3
:10631000B737002023A8E75423AC01986F0010374B
:1063200093073005E38DF42693075005E394F4E8D2
:106330009305000F2285EFF04F9105B79307900565
:10634000E38EF44A63E5970293077005E384F4341F
:1063500093078005E390F4E6EFF01FB1E307052013
:1063600083576900639D071AEF40805D4DA2930734
:10637000B005E38AF456E3EBF4529307F005E39B90
:10638000F4E2EF60D000AA84EFF01FAEE30F051C2B
:1063900085472300F40083C7540013052400A3009D
:1063A000F40083C5D40083C7C400A205DD8D83C774
:1063B000E400C207CD8F83C5F400E205DD8DEFF068
:1063C0007F8383C5140183C7040113056400A205FC
:1063D000DD8D83C72401C207CD8F83C53401E2055B
:1063E000DD8DEFF03F8183C5540183C74401130560
:1063F000A400A205DD8D83C76401C207CD8F83C5CC
:106400007401E205DD8DEFF0EFFE83C5140283C752
:1064100004021305E400A205DD8D83C72402C20730
:10642000CD8F83C53402E205DD8DEFF0AFFC83C56F
:10643000940183C7840113052401A205DD8D83C760
:10644000A401C207CD8F83C5B401E205DD8DEFF055
:106450006FFAD94735A2B7370020138787541853EE
:10646000938487540DEF13050008EF206059896568
:1064700031C99385F5EF2285EFF0CFF7B707150502
:10648000938727205CC09C502304F400EF20500D1C
:10649000A304A40021812305A400AD47D5A0EF20CB
:1064A000300C137735008D478965631AF7009385A3
:1064B00015AF1375C50361D193E525006DBF9385B5
:1064C00005AFC5BF938505AF7DB7EFD0DFBCAA8A06
:1064D000EFA082092300940083C4818A1379F50F09
:1064E0002686A3009400938501C113052400EF9034
:1064F0001276B30794008D0433059400238127019D
:106500004A86D685EF90B274CA942390990081444C
:1065100001A883576500A5CB854663F3F602854441
:10652000BE502E5426850E599E54FE496E4ADE4AB0
:106530004E4BBE4B2E4C9E4C0E4DFA5D6D618280D3
:106540001C4583C707001387F7FF1377F70FE3E8AE
:10655000E6FC03A74198896693860671369723A6C1
:10656000E18A0947639BE70003A74198B7761B00C0
:1065700093860674369723A8E18A2300F4008547A2
:106580002390F90069B78547E9B7EF1010573737FF
:106590000020130787548567BA9783A6C7AE03D632
:1065A00007AFA94593B616002300D40083A647AFD2
:1065B00037490020AA84A300D40083D687AF2312D2
:1065C000C40013098954B386B60205452311D400CB
:1065D00083A6C7AF2303D40083D6C7B0A303D400D8
:1065E000A1822304D4001847A304E40083C747B062
:1065F00089C7EFF0EFE1133515002305A4008325CB
:10660000C9AD1305B400EFF0EFDEEFE0AF8EAA8561
:106610001305F400EFF00FDE83C7C4001305A401D7
:10662000A309F40083D70400231AF40083D72400BD
:10663000231BF40083D74400231CF400832549ADB9
:10664000EFF04FDB83D76400231FF40093070002B1
:1066500005BF835565000845138601C2EFF0EFE1E1
:10666000AA84E31F05EA0547238AE18A55BD8355BD
:10667000650008450A86EFF04FE0AA84E31205EAB8
:1066800083C7418B138B418B91CB3D46938501C2D0
:106690000A85EF9072599544E31405E837390020D4
:1066A000930789540347710083C70702130989546C
:1066B0006311F70E0357810083576902631BF70CC0
:1066C0000347A100834749026315F70C8564CA9408
:1066D000035D2900835B490083AC44B0832A09022F
:1066E000035A6902034C4902EFE0CF801306000A07
:1066F000938544A30808EF90925583570100834681
:1067000071000346A1002311F90083472100B74D12
:1067100000202320D9022312F900834731002302ED
:10672000C902938D8D54A382F4B083574100239303
:10673000F4B0834761002382F4B0835781002313B0
:10674000F902B1CE814683C7CDB08A060345B100B8
:10675000ED9BD58F2386FDB0B247A2075D8DEFD0AC
:106760005FC5AA843747002031E9EFD0BFF8AA857A
:106770002285EFF02FC891472390F9008547230029
:106780000B002324F9009167938787A923ACF19824
:1067900041BBEF20A05F8D44E30405D805BF9305FE
:1067A00010058546E3E1C5FAFD17C207C166F91673
:1067B000C183B3B7D70093C6170071B793FBFB0F24
:1067C00093FAFA0F2311A9012312790123A29DB193
:1067D000232059032313490323028903814763912B
:1067E0000A0293061005854763EC86017D1A420A6A
:1067F000C167F917135A0A01333AFA0093471A008E
:1068000003CACDB08A071306000A137ABAFF336AA7
:10681000FA0023864DB10C081305C7F7EF903243F9
:1068200001B3B73600200146814793868654A945B7
:106830001307360A120736975843058B01C7850799
:1068400093F7F70F0506E315B6FE2300F400B747EC
:1068500000209387D7F701488544054E894829438E
:106860001307380A13164700369683454600858974
:10687000F1C1330594002300C5014C42814E85814E
:106880009D89A300B50083C5070093F5F507230193
:10689000B5000346460093853400A295398A6314F7
:1068A000160183DE17002390D50193154700B69596
:1068B00083C54500138654002296B989814E63949E
:1068C000150183DE3700931547002310D601B695D6
:1068D00083C54500138674002296B989814E63846E
:1068E000150183DE1700931547002310D601B695D6
:1068F00083C54500138694002296B989954E63841A
:10690000150183DE37002310D60103C6A70083C517
:106910009700120722064D8EA315C5003697034730
:10692000C700B904C204058B133717000507A30677
:10693000E500C1800508C107E31468F2EFD09FDBD2
:106940002694AA852285EFF0EFAA91047DBE835498
:1069500065008D4703298500814A63F897001385F8
:10696000C4FF4A95EFF02FA7AA8AB7450020938568
:1069700085541306000A938545A30808EF90322D2D
:10698000374A00209147130ACAF763F19710034B67
:106990000900A94763EC670FB947B307FB029507E6
:1069A0006396F40E1385C4FF4A95EFF0CFA2AA8B2D
:1069B000EFD05FD49544639CAB0C1306000A81456D
:1069C0005285EFC01F965287930719000148094E60
:1069D0001303F0598548930E000F130FF005E54F90
:1069E00063110B035685EFD0DF9CAA844DE1EFD0F5
:1069F0007FD0AA852285EFF0EF9F91472390F90081
:106A000005B683C5470083C6370003C66700A205E5
:106A1000D58D83C65700220603C98700558E83C6CD
:106A20007700220983C3A7003369D90083C6970082
:106A3000A20303C5B700B3E3D30083C6C70083CB6B
:106A4000170083C2D700A206C98EC206C18613856D
:106A5000FBFF939406011375F50FC1806368AE02C6
:106A60001385F4FF420541816362A302FD1213F511
:106A7000F20F63EDA80063911B036369B3006367C2
:106A8000C30003C527001375F5071DE185441306F0
:106A9000000A0C08528559B3130509F642054181D5
:106AA000E3E6AEFE1385B3FF42054181E360AFFE2E
:106AB00003C5070013FC7B00060CB33CA000034594
:106AC00007001375050F33659501336585012300B4
:106AD000A70003C527001375F507A300A70063836C
:106AE0001B01CA852311B70063831B011E86231275
:106AF000C7000346870093B512002305D70013761D
:106B0000060C4D8E93D6840005082313070023043A
:106B1000C700A304F701A305D7001378F80F4107B6
:106B2000B9077DBDB7370020938787540567238257
:106B300097022393870223A00702BA9703C7C7B01F
:106B40006D9B2386E7B0E1B20946631BC70005478A
:106B5000E397E79CEF103072E31B059A6FF08FF517
:106B60008D456319B700E39CC79A03C51600EF1063
:106B70007078DDB79145631AB702E392C79A03C5EF
:106B80001600A547E3EDA798130710103307E50299
:106B9000B7370020938787549144BA9783C79702E9
:106BA000E3800798EF10307E45BF9545631AB7061E
:106BB0000547E396E796EF20A01A83A741C48566B0
:106BC000A58393F7F7072300F40083A741C4A183AB
:106BD000858BA300F400B737002093878754BE96B7
:106BE00003C7C6B00983058B2301E40003C7C6B001
:106BF0000583058BA301E40003D767022312E40099
:106C000003C747022303E40083C787022314A400B9
:106C1000A303F40083C701922305F4006FF0FF87FC
:106C20009945631BB7000547E39BE78EEF20E00023
:106C30009944E31E058CEDB09D45631CB700E390BD
:106C4000C78E03C51600A547E3EBA78CEF206005B0
:106C500021B7A146E315D78C0547E392E78CEF20D7
:106C6000A00CDDBD8357650005476395E7D4184543
:106C7000034707006310F7D413050008EF105058BE
:106C8000630A05D213050008EF107077630405E26C
:106C90000145EFE07FFA130520032923EF30D04BA5
:106CA0006FF0FF86EF106065373A002013078A54B3
:106CB0008567BA9783C7C7B0B74400202A8993F77E
:106CC0000702130A8A5493848454054589E7EF0028
:106CD000705A3335A0002300A400EF00F058A30041
:106CE000A40083D7C4B02311F400EF00505823024E
:106CF000A40083278A00A302F400EF009056834784
:106D000014002303A40013058400A303F40083A547
:106D10000198EFE03FEE8325CA001305C400EFE0C1
:106D20007FED83D724B01305A4012318F400835703
:106D300009002319F40083572900231AF40083471C
:106D4000C900230BF4008347D900A30BF400835739
:106D50006900231CF40083A544ADEFE0BFE9F947C7
:106D60006FF01F82EFF04F9001E589446FF04FFB09
:106D7000B74700209387875403C787B02300E400F8
:106D800003C797B0A300E40003C7A7B02301E40042
:106D900083C7B7B0A301F40091476FF06FFEEFF027
:106DA000AF8C61D5035769009147631AF7F68327C3
:106DB000890083C6370003C6270083C5170003C5B3
:106DC0000700EFE05F94AA84631C05F4B737002046
:106DD000054723A8E75445BAEFE04FE52A8A8355D3
:106DE0006900032589001008EFE08FFAAA8463196F
:106DF00005F20347010183470A000549B98F13F7DC
:106E000017001DEB83461A00034711016396E60243
:106E100083462A00034721016390E60283463A0035
:106E200003473101639AE60003494A0003474101E1
:106E30003309E94033392001898B854A99EB1306E0
:106E4000F0089305510113055A00EF90E25DB33A43
:106E5000A0000808EFE08F94AA84631305ECEFE02C
:106E60004FDDAA852285EFE0FFD891472390F900F6
:106E7000630C0900B7370020054723A8E754916742
:106E8000938787A923ACF198638C0AE8EF30F0264A
:106E90006FF00FE9EFE08FD92A89EF30302E8D4760
:106EA0002300F40083470900AA8437390020A30097
:106EB000F40083474502130989542301F4008347F2
:106EC0005502A301F400834765022302F4008347BF
:106ED0007502A302F400834705022303F4008347ED
:106EE0008502A303F400834795022304F40083572B
:106EF0008500A304F400A1832305F4008357A500B3
:106F0000A305F400A1832306F4008357C500A3075B
:106F1000040023080400A306F400A1832307F4005F
:106F20008357E500A308F400A1832309F4008357E5
:106F30000501A309F400A183230AF4000C41130501
:106F40005401EFE03FCBCC4013059401EFE09FCA22
:106F500083278900A30EF400EFE09FCB83A541981F
:106F6000230FA4001305F401EFE0DFC883C7A402D8
:106F700013057402A301F40283C7B4022302F402CE
:106F800083D72401A302F402A1832303F402CC4893
:106F9000EFE05FC68C4C1305B402EFE0BFC5CC4CEC
:106FA0001305F402EFE01FC5EF30D03A83476500C8
:106FB0000327890013051008A309F4028D4763F61F
:106FC000E700EF20902A1375F50F230AA40283C768
:106FD0001402A30AF40283D72402231BF402BD4740
:106FE000230CF402EF30901DAA853D46130594034F
:106FF000EF90E245930780046FF08FD8EFE0DFE673
:10700000E30505D683556900638B05D00325890008
:10701000054783470500639DE706FD1593F5F50FCA
:107020000505EF30101AAA84631C05CEEF309032AC
:1070300089472300F40083476500AA84A300F40075
:10704000834775002301F400EF3050138347A502F6
:1070500013056400A301F40083D744002312F40055
:107060008C40EFE03FB9EF3010312315A400EF3032
:10707000B0312316A4009305100E1305F400EF3071
:10708000D0312307A4003D052390A9006FF02FC83D
:1070900089466397D7006394E5C8EF30D02961B77C
:1070A000639F07C68547639CF5C649B7835765004C
:1070B00005476376F7C60845FD1793F7F70F834535
:1070C0000500639EF5C40505EFD06F89AA84631996
:1070D00005C4EF6000328327890083C707002300BF
:1070E000F400854721BA83576500639A07C2EF60B1
:1070F00020336FF0CFC1697123229112B284300026
:1071000023202113232E311123261112232481122F
:107110003689BA8923130100EFE05F8529E503472B
:10712000810085476311F704001013066100A285F2
:107130002800EFF0CF828947230AF1008357A1008E
:10714000A30CA100CE86231BF1008347C1004A8611
:10715000A685230CF10083576100480822CE231D29
:10716000F100EFE08FF48320C11203248112832405
:107170004112032901128329C111556182807D6763
:1071800013078784B357E50285669386867BB387AA
:10719000D702AA973375E5023305D5023355E502C8
:1071A0003E958280854711C9930740061305350631
:1071B0003355F50293170501C183239BF18A828021
:1071C0000547238CE18A82801387618B83570700F0
:1071D000411106C6C20722C426C24AC0C18385EB3C
:1071E000014901449384818B83C7040093F7F70F0F
:1071F000A1CFEFD07F950DCDB7470020938787545F
:1072000003C7C7B0136707022386E7B081A083577F
:107210000700FD17C207C1832310F700F1F3EFD079
:107220006FC82A8405495DFDEFD00FF62A845DBF43
:107230002380040071F0B74700209387875403C769
:10724000C7B01377F7FDC9B7E31609FEB240224471
:107250009244024941018280011106CE22CC26CA05
:107260004AC84EC6EFD02FA7AA8937390020374425
:107270000020EFD08FC89304895413048454638191
:107280000902A1476391F90E6D1513351500EFD072
:107290002FC719C58347C4B093E707022306F4B08C
:1072A000EFD0AFC51307E5FF894763F5E7009947BE
:1072B0006318F5008347C4B093E707022306F4B0D0
:1072C00095679387B72A2314F9540569269985474A
:1072D0002326F9AEE547231CF9AE232A09AE232E57
:1072E00009AE23A8040023AA040023A60400231146
:1072F00009B0EFD02FC7EFD0DF98EFE08FC0EFC01D
:107300003FDAEFE0AFD519C58347C9B093E707026D
:107310002306F9B085479CC49167938787A923AC5E
:10732000F1989C50A1E783C64402130710058547D6
:10733000636DD70083D7640241677917FD17C207D1
:10734000C183B3B7E70093C717000347C4B08A07E8
:107350006D9BD98F2306F4B0F2406244D244424977
:10736000B24905618280EFC05FFD2DB703C784027B
:107370008347C4B0133717000607E59BD9BF15C56F
:107380000147814793160701C18263E7B600138561
:10739000C7FE1375F50F8280B306E50083C60600AD
:1073A0000507B69793F7F70FF1BF0145828005CD2A
:1073B0008546814763FAB602411126C2AE84FD15A7
:1073C000C205C18122C406C62A84553F33079400F2
:1073D0008347F7FFB2402244898F93B71700924446
:1073E0003E854101828081473E858280930700026D
:1073F00063F3A7000145B79704009387073E330561
:10740000F502B7770919938707453E958280930760
:10741000000263E0A702D94763EFA700411106C647
:10742000F137B240B7E72F009387C7FD3E95410182
:1074300082800145E5B7B79704009387073E33057F
:10744000F502B747A2189387C7443E9582808146CC
:10745000A5C9131605014182130796504207856797
:107460004183938787A0814663ECE704A946B3462E
:10747000D502A947B387F602C207C1833307F64096
:1074800042074187635607003387C7404207418759
:1074900093170701C1831307F007B387E702294752
:1074A0009507B3D7E702C207C1836354050093E78A
:1074B000070893F6F60FA206D58F2390F5008546B0
:1074C00036858280014859C5D1C749C6411122C4B9
:1074D00006C62301C5000548218223000501A3003B
:1074E000B500A301C5002302D500A302E50003D720
:1074F0000700C5452A842303E5002183A303E50093
:1075000003C727002304E50003D74700A304E500D1
:1075100021832305E50003D76700A305E500218348
:107520002306E50003D78700A306E5002183230790
:10753000E50083D7A700A307F500A1832308F50082
:10754000EFF0FFE3A308A400B2402244494842857B
:10755000410182804285828081471DC995C94111C0
:1075600022C406C695472301B500A1812300F5007A
:10757000A301B500A300050091452A84EFF03FE088
:107580002302A400B240224495473E8541018280F7
:107590003E858280814721C5B9C131C26381C5045E
:1075A000411122C406C695472300F5002301B5000A
:1075B0008547A1812302C5002182A300F500A30114
:1075C000B500A302C50099452A84EFF05FDB2303D1
:1075D000A400B24022449D473E85410182803E8501
:1075E000828049C5011122CC06CE26CA4AC84EC6A1
:1075F0002A840145ADC725C6BDC29319080193D998
:107600000901138399009308000863EA68041305CD
:1076100050FA2301C4002302D4002182A182230056
:10762000A400A300B400A301C400BE85A302D4003B
:107630002303E400A3030401428613058400C284EB
:10764000EF80526C13898400938589002285EFF0C6
:107650001FD32299A5042300A90013F5F40FF240CB
:107660006244D2444249B249056182800145828028
:1076700001485DC9D5C9011106CE22CC26CA4AC827
:107680004EC652C456C25AC003CA0500A14863F28E
:107690004809034305009308500A2A84631B130713
:1076A000AE84D2853E89BA89B68A328BEFF03FD05C
:1076B0002A8825C1834714000148639C6705034657
:1076C00034008347240022065D8E631456058346EA
:1076D000540083474400A206DD8E63863601C167ED
:1076E000FD176398F6028349740001489387990057
:1076F0006391470363060900834764002300F90090
:107700004E86930584002285EF80D25F0548238052
:107710003401F2406244D2444249B249224A924A78
:10772000024B4285056182804285828083A7C18B9E
:10773000397122DC4AD806DE26DA95661389C18BB8
:1077400015646394D700138407101387418E1C437C
:10775000B7544C312309A10085071CC33EC683C71B
:10776000018C230AB10093848444C1452800231866
:10777000C10026C4A309F100A30A0100231B0100D4
:10778000EFC07F812ACC930600100146A2852545D3
:1077900097A0FF1FE780207411C90547A384E18EDD
:1077A000F2506254D254425921618280D146300055
:1077B000A285294597A0FF1FE780E07179FDD1469A
:1077C0007008A2852D4597A0FF1FE780C07071F556
:1077D000F247E39497FCB254C1456808EFC0AFFB91
:1077E000E39DA4FA0257B247E319F7FA2320890070
:1077F00045BF411126C22E86AE84D146AA852D45AD
:1078000006C622C497A0FF1FE780E06C11C9054798
:10781000A384E18E0145B24022449244410182801A
:107820009840B7574C31938787440145631BF70055
:107830008048C1452685EFC00FF63305A4401335B7
:1078400015001375F50FC1BF5D71A6C22EC6AA84BF
:107850002C081565A384018E86C6A2C4CAC015640F
:10786000EFF03FF92A896C1013050410EFF07FF850
:107870009387C18B3246630A0908724711C5C25605
:10788000B306D7406354D008034531028345410213
:10789000956694C323A2E18E2380918E094793F7C6
:1078A000B40F6394E7089307F00F6305F50005052F
:1078B0001375F50F2380A18C2685A380B18EEFF080
:1078C000FFE683A64198B64023ACD18C83A64198AD
:1078D000264423AAD18C83A64198964423A8D18C10
:1078E00083A64198064923AED18C83A6419823A450
:1078F000D18C03A7419823A6E18C23A2018C238479
:10790000018EA380018C6161828011C99566425706
:107910000345710383458103938606109DBF1304BD
:10792000041080C381450147B5B7014561B783A7FE
:1079300041981377150019C323ACF18C13772500F8
:1079400019C323AAF18C1377450019C323A8F18C1E
:107950001377850019C323AEF18C1377050119C382
:1079600023A4F18C1375050219C123A6F18C828022
:10797000411183A7419822C403A4818D03A7418D9F
:10798000338487401334541F06C626C23387E7402A
:107990009306401F1344140063F4E60013642400AC
:1079A00083A6018D05671307479CB386D740637490
:1079B000D7001364440083A6C18D05671307479C55
:1079C000B386D7406374D7001364840003A7818C07
:1079D0009306401F3387E74063F4E6001364040115
:1079E00083A6C18C1386118C9384118CB386D740E7
:1079F0001308401F834506001387818E637ED802DB
:107A00001364040223A2018C834707006384870068
:107A10002300870099E92A86A2850145A380818EEB
:107A2000EFF0DFD085472380F40013351400B24017
:107A3000224492444101828071F423000700F5D56D
:107A40001387418C144399E21CC3C5B7958F9D667B
:107A50009386F652E3FBF6FC230006002320070082
:107A6000E9B703C5018C828003C5018E828003C5FE
:107A7000118E828003C5918E8280011122CC06CEA8
:107A800026CA373400408347B4000D47636BF704C0
:107A900093978500A181DD8D936405082316B100BD
:107AA00009466C002685EF00B0058347240093E764
:107AB00027002301F400930750FA2304F400230461
:107AC00094008347C1002304F4008347D1002304BA
:107AD000F4002304A4000545F2406244D244056149
:107AE00082800145D5BF011122CCA307A10006CE9B
:107AF000373400408347B40011470145636DF702F6
:107B000005469305F1001305A00EEF00607F834743
:107B1000240093E727002301F400930750FA23047D
:107B2000F400A9572304F4008347F1002304F40070
:107B30002304A4000545F24062440561828083A6C7
:107B4000818F138701C3A307D70083C60190230742
:107B5000A700938701C32308D70003576700C166B6
:107B6000FD166305D70005072393E70003C7D70079
:107B70009306F00F6301D70405071377F70FA38669
:107B8000E7008D466319D70223860700B747002018
:107B90009387875403C7C7B0C166239107B01367A3
:107BA00007012386E7B003D767AEFD166305D7004C
:107BB00005072393E7AE8280411122C42A842E85D3
:107BC00006C6EFF0DFF723820190A3860190EF90C5
:107BD000C046C1450145EF9060248D45130500085E
:107BE000EF908019371700408327C70CB24093E706
:107BF00007082326F70C23AC018E23AE8190224484
:107C000041018280411122C406C62A8415E583A75A
:107C1000C1911307F0042E85B387F5406379F7000F
:107C2000B737004083C7B7008545EFF0FFF82285DE
:107C3000B2402244410182800544D5BF01114AC8A7
:107C400006CE22CC26CA4EC652C456C25AC013888B
:107C5000419083470800C9E3B737004083C6B700A7
:107C600099481387C19163E3D80483C6270085052B
:107C700093E626002381D700930650FA2384D70089
:107C80002384A7002380A1902387B190A38601902D
:107C900085472300F80010C3F2406244D2444249B1
:107CA000B249224A924A024B0561828018439306E8
:107CB000F0043307E640E3F1E6FE83C7B7008545ED
:107CC00032856244F240D2444249B249224A924A41
:107CD000024B05616FF05FEEB737004003C75700F6
:107CE000B284798B31E303C6E19013894190938A82
:107CF000E19037370040938581908346A700138831
:107D0000D1908347080093F6F60F9389D1908DEABE
:107D10006315F60A7D16814785461376F60F13879D
:107D200081901305F00FA9A88946238AD19003C733
:107D30002700136727002381E70083C5419111AA1B
:107D40008346870093F6F60F63ECC7008D46238ABF
:107D5000D1908347270093E727002301F700F1BF65
:107D600093881700AE97230018012380D70071B7BE
:107D7000B305F70083C505006383A5008146850729
:107D800093F5F70FE3E6C5FE2300090089C6114706
:107D9000238AE1905DB703C50190938581908D237F
:107DA00083C70A00138A81903E9A0347FAFF93879C
:107DB0008190630BA7221547E1BF83A7C1911307E9
:107DC000F004B387F440E379F7EC23000900194786
:107DD000C1B703C7070083C717002207D98F2397AE
:107DE000F18E7D771307071CF98F0567130747A0EE
:107DF000D98F239AF18E8D471CC023AE919069BD17
:107E000003C7070083C717002207D98F2395F18E78
:107E100093F7F7DC2398F18E9147F9BF03C707006A
:107E200083C717002207D98F2396F18E93F7C7F5E2
:107E300093E717002399F18E95477DBF03C707008D
:107E400083C7170083D6418F2207D98F6385F60039
:107E50009D452685BDB5B54745B703C7070083C710
:107E6000170083D6018F2207D98FE393F6FEB94717
:107E700061B703C7070083C7170083D6218F220786
:107E8000D98FE397F6FCBD4785BF03C7070083C7BB
:107E900017002207D98F2398F190FD17C207416779
:107EA000C18375176374F700A14565B7C147A9B7CA
:107EB00003C7070083C717002207D98F2399F190C2
:107EC000FD17C2074167C1837517E36FF7FCC5470C
:107ED00025B703C7070083C717002207D98F23914F
:107EE000F190FD17C2074167C1837517E36EF7FA7A
:107EF000C94719B703C7070003C517006207420542
:107F0000498F03C53700498F03C5270083D52190CA
:107F10002205598D0521239CA190D547F1BD03C7AA
:107F2000070003C5170042072205498F03C5270034
:107F300083D5019113866191598D9929D947E31D04
:107F400005EA2545EFF0BFBFCD471CC01387047D70
:107F5000230009002380090023AEE18E79BD03C709
:107F6000070003C5170042072205498F03C52700F4
:107F700083D52191138BA191598D1386A1919521C0
:107F8000938A047D138AC18F09ED2945EFF03FBB29
:107F90002300090023800900CD471CC023205A017B
:107FA000A9BD83D6619103D78191938701C32391A2
:107FB000D70083560B002392E70084C72390D70095
:107FC00085462396D700B74700209387875423918F
:107FD000E7B003C7C7B03D9B2386E7B075BFAD458B
:107FE0002685EFF07FBD11BD03A7818FD146138495
:107FF000818F7917E3E5E6FEB70603000A0793864B
:108000000664369718430287411106C6938701C359
:1080100023A0070023A2070023A4070023A607002C
:1080200023A80700239801902399019023910190A0
:10803000239C0190239B0190239D0190C145014504
:1080400023820190EF80905D8D4513050008EF803D
:10805000B052371700408327C70CB24093E7070898
:108060002326F70C23AC018E03A7419823AEE190A1
:1080700041018280011126CA22CC03A4419883A722
:10808000818F06CE4AC84EC65947636EF72437071C
:1080900003008A0713074769BA979C439384818F2B
:1080A00082871389C191832709002D47B307F440C4
:1080B000637DF708B719004083A7890CC1450145C6
:1080C00093E7070823A4F90CEF80505583A7890C88
:1080D0008545414593E7070823A4F90CEF80D04973
:1080E0008D4513050008EF803049096513050558D3
:1080F000EF809071B73700401D472381E7006D473F
:10810000A381E70013070004A380E7000547238746
:10811000E70085479CC02320890005A89387C1916B
:108120009843930630063307E44063F0E6020947BC
:1081300098C080C319A81305500EEFF0DF9AA285EE
:10814000EFF05FAC9947631F0516F2406244D244DA
:108150004249B2490561828003A7C19199461389BA
:10816000C1913307E440E3F2E6FE83D5418F83D724
:10817000E18E6394B7009D4771BF0145EFF0FF8F1B
:10818000A285EFF03FA865F9C9B703A7C191994649
:108190001389C1913307E440E3F9E6FA83D5018FEF
:1081A00083D7A18E6394B700A147ADB70545EFF023
:1081B000DF8CA285EFF01FA565F941BF03A7C19130
:1081C00099461389C1913307E440E3F0E6F883D57B
:1081D000218F83D7C18E6394B700A54725BF4D4536
:1081E000EFF0BF89A285EFF0FFA165F9B9BF138950
:1081F000C191832709001947B307F440E377F7F4E7
:108200001305A005EFF03F8EA285EFF0BF9FA947B1
:10821000E31205F01DBF1389C19183270900194797
:10822000B307F440E373F7F21305C00DEFF0BF8B13
:10823000A285EFF03F9DAD47E31E05EC39B793876C
:10824000C1919843A5463307E440E3F0E6F0314797
:10825000C5B52286894501456244F240D24442496F
:10826000B24905616FF09F9D228689450545EDB7AE
:10827000228689454D45CDB72286894513050007DD
:10828000E1BF2286894513052007F9B72286894573
:1082900013053007D1B71305A005EFF0DF84A285E1
:1082A000EFF05F96E30305EACD479CC023AE818ED5
:1082B00023AE819059BD83A7C18FB307F440E3C6B5
:1082C00007E8D1479CC0EDB7228691451305C0024F
:1082D00061B722868D4513054002BDBF22868D45BC
:1082E0001305600295BF22856244F240D2444249A0
:1082F000B249AD4505616FF03F8C138501C38280A3
:10830000130555FA9377F50F0DC20145014791E921
:108310008280B386E50003C506000507AA9793F798
:10832000F70F9376F70FE3E6C6FE93C7F7FF13F553
:10833000F70FF9BF9387F5FFC2074167C183930623
:10834000D7FF63E5F6049357F5413D8D1D8DB38747
:10835000A50233B5A502A945B386F5023385A5026A
:10836000B3B5F502B7070080B697B3B7D700CD46CF
:108370002E95AA9763E7F60081471395070141817F
:1083800082801305F7FFE3EAE7FE82800145F5BF2F
:1083900081460DC21387F5FF4207C1674183F51778
:1083A000814663E9E7009317850063D70700231030
:1083B0000600854636858280B387A5023707800090
:1083C0008146B3B5A5023E97B337F700AE97930544
:1083D000F00FE3E1F5FEA20761835D8F2310E60055
:1083E000C9BF3DC69386F5FFC2064167C1827517B6
:1083F00081476369D7009317850063D7070023106F
:10840000060085473E858280B387A50233B7A50263
:10841000370540013E95B335F500F547BA9563E958
:10842000B7026396F500B707804E6373F5024111FA
:1084300022C4814632843706800206C6EF70720C71
:108440002310A400B240224485473E85410182802A
:1084500081474DBF03C751C483C741930145058B75
:1084600093F7F70F11C703C50193C98F13B5170011
:108470008280B74500401D45938641C49387419350
:1084800083C7070093F7F70F99CF1387819313865C
:108490006193835707000356060063F6C70083C73E
:1084A000B5C06373F500828083570700C207C1839C
:1084B00013861700B697420683C727104182231000
:1084C000C7002384F5C05DBF41118945014506C63B
:1084D000EF80D047238A0192239B0192B240239CD4
:1084E0000192238D01924101828083C7419393F7CA
:1084F000F70F89E7894501456F805045411106C650
:1085000022C4EFF01FF783D7819303D7619363E809
:10851000E702B747004083C7B7C093F7F70F85E37B
:1085200003C4A1931374F40FEFF01FFA09E89387C3
:1085300041C403C7170013671700A380E700B240C8
:1085400022444101828059C51387F5FF42074183C8
:108550009306F00F814763E0E60801114AC81387CC
:10856000419306CE22CC26CA4EC603470700138984
:10857000419381471377F70F31E7AE84AA851385BE
:1085800041C413052510B289138441C46385A50035
:108590002686EF70D26B239B9192239C0192238DB0
:1085A00031938347140005472300E900F99BA3009A
:1085B000F4002384E192EFF0DFEB89450545EF807D
:1085C000F0388547F2406244D2444249B2493E8580
:1085D0000561828081473E858280B737002093877E
:1085E000875405673E970347C7B04111B74600203F
:1085F00006C622C426C24AC0118B938686541DE744
:1086000003C64702130710056362C70283D76702D8
:1086100013D6870013978700FD17518FC207416655
:108620004207C18375164183637AF60083C7C6B0DB
:1086300093E747002386F6B0014499A8AA841385DE
:1086400041C48357050013F9F40F2E8493F70710E4
:108650002310F50023910192930700632311F51075
:108660002312E51023032511014695451305251016
:10867000EFF07FED71D105C49384A4F6854763F9CB
:10868000970003A64198CA851385C192EF00407AEE
:108690002285B2402244924402494101828005442D
:1086A000C5BF83C7419393F7F70FC5E7138741C44D
:1086B00003471700938741C493761700BDE283A553
:1086C000419293864192D1C503A641980D8E634293
:1086D00006081377E70F09466319C70237470020DA
:1086E000130787540346C7B0136646002306C7B076
:1086F00003D7070023A00600137707E013670710CE
:108700002390E7002391019282801146E312C7FE75
:1087100037470020130787540346C7B01366260067
:10872000F1B79387C19283C7470085C783A5419856
:1087300001111306F1001385C19206CEEF002071DE
:1087400011C50345F1008145EFF03FE9F2400561B5
:1087500082808280797122D4938741C483C61700B6
:1087600006D626D24AD04ECE52CC93F71600C5E399
:10877000138441C40347040059CB9387219203D645
:108780000700420741836312E6089304240037057B
:10879000030093E6160023900700A6851305056FD6
:1087A00023A20192A300D400EF6030099305F100E9
:1087B0001305D030EFE0D1450347F1009147631B2B
:1087C000F700EFD06FEA19C503460400A6850545FA
:1087D000EF40104683471400094793F7E70F639370
:1087E000E70803470400631EF7041C404177F98F34
:1087F0006397E702B74700209387875403C7C7B042
:10880000136747002386E7B019A02390E700B25012
:10881000225492540259F249624A45618280B73724
:108820000020138787548347240083463400A2071F
:10883000D58F2313F7028567BA9703C7C7B06D9B1F
:10884000D1B78D47E318F7FA1840C177F98F37078A
:108850008899E39EE7FA034744009307A00AE318C8
:10886000F7FA49BF1147E394E7FA034704008D473D
:108870006318F7021840C177F98F37078899E39892
:10888000E7F8034744009307A00AE312F7F8B74755
:1088900000209387875403C7C7B0136727009DB78D
:1088A0009306600EE315D7FE03C901922547E360E6
:1088B00027FF130510103305A902B7340020938950
:1088C0008454130700031306500E93053400338AB3
:1088D000A9001305C5022305EA02A305FA024E9575
:1088E000EF70F23603C789028547A304FA02938723
:1088F0008454636AE90005091379F90F2947636E07
:108900002701238427030567BA9703C7C7B0759B60
:108910002386E7B0EFE0DF8ADDBD2384E702E5B719
:10892000130700102392E1C423910192238A01923C
:10893000239B0192239C0192238D0192411123A23A
:1089400001921385C19206C623840192E129930501
:1089500000080545EF80804C371700408327870CBF
:10896000B70620008545D58F2324F70C3705100066
:10897000EF8080408D4537052000EF80E03FEF809D
:10898000A07995450545EF80607CB240B7E700E0EF
:10899000114723A2E71041018280B7370020938757
:1089A0008754985321EF05673E970347C7B0118B53
:1089B00031E783C64702130710056361D70483D7E5
:1089C000670241677517FD17C207C1836368F70225
:1089D000411122C406C62A84EFF0DFA719C9138506
:1089E000C192492922852244B240854541016FF058
:1089F000DFBEB240224401454101828001458280B0
:108A0000411122C43734002013048454185006C680
:108A100015EF8567A29703C7C7B08147118B05E3A0
:108A20008346440213071005636BD7008357640223
:108A300041677917FD17C207C183B3B7E70093F702
:108A4000F70FB24022443E8541018280854681472E
:108A5000E319D7FE452E1375F50F25478147E360CF
:108A6000A7FE930710103305F5022A94834794025A
:108A7000B337F000E9B7411106C622C4EFF09F9D5D
:108A800021CD1385C192FD26B747002093878754D7
:108A900003C7C7B0138441C46D9B2386E7B02391FD
:108AA00001928357040005468D4593F7071093E71D
:108AB00007202310F4009D67938707032311F41008
:108AC00013052410930700FA2302F410EFF0BFA758
:108AD00001E98547A300F400B240224441018280AD
:108AE00083A7419819671307871ABA9723A2F192AF
:108AF0000545DDB7A54763F9A7000145828001451B
:108B0000B240224441018280411122C406C62A8417
:108B1000EFF05F946DD51385C192A92EB747002061
:108B20009387875403C7C7B005468D45759B238639
:108B3000E7B023808192138441C42391019283572B
:108B400004001305241093F7071093E70740231040
:108B5000F4008967938707032311F4109307000536
:108B60002302F410EFF03F9E09E58547A300F400CF
:108B700041BF83A7419819671307871ABA9723A2A1
:108B8000F1920545B5BFA54763FBA700014582806B
:108B90000145B24022449244024941018280411180
:108BA00022C4130410103304850226C2B7340020F7
:108BB000938484544AC006C633898400834799024B
:108BC000E1DBEFF03F8969D51385C19265248347C6
:108BD0009902DDDF938741C403D707001305A40280
:108BE0000146137707102390E7009305700E269532
:108BF00023910192EFF03F953335A00059BF411109
:108C000022C406C62A84EFF0BFDF05C5B7370020AF
:108C100083A78756228591E72244B24041016FF035
:108C2000DFD7CD222244B2401375F50F41016FF01A
:108C30009FF5B240224441018280138741C403471B
:108C40001700411122C426C29376E70F06C6137798
:108C5000A70F0946138441C4630EC7009147638B75
:108C6000F6001385C1923924B2402244924405454E
:108C700041018280EFF05F851385C192E52A930759
:108C800000102310F4002391019223A20192B74710
:108C900000209387875403C7C7B0659B2386E7B03E
:108CA000E1B7A54763FAA700014582800145B240BC
:108CB0002244924441018280411122C406C626C248
:108CC0002A84EFF02FF97DD11385C1926522130517
:108CD00010103305A4023734002093048454130683
:108CE00010108145130595022695EFA08FE3130719
:108CF000845423840402014681468147130484542A
:108D0000A94503459702850793F7F70F19C1BE865A
:108D1000054613071710E396B7FE19C22304D402C1
:108D2000EFE00FCA054561B7411106C6EFF08FF2BB
:108D30000DC51385C1923D2A0566373500201306FF
:108D4000A6A0814513051557EFA0AFDDB73700206A
:108D500023880756EFE0CFC60545B2404101828027
:108D6000B737002093878754014701450546A94638
:108D700083C5970291C5B315E6004D8D420541812B
:108D8000050793871710E315D7FE8280411106C6A9
:108D9000EFF04FEC09C51385C192E9280545B240B3
:108DA00041018280011126CA06CE22CCAA842EC699
:108DB000EFF04FEA0DC91385C1926D28138441C4A9
:108DC00083570400B245054693F7071093E7076001
:108DD0002310F400268523910192EFF0CFF609E9E4
:108DE0008547A300F400F2406244D24405618280CA
:108DF00083A741980567130787BBBA9723A2F1920F
:108E00000545D5B7130505F89307500263EAA70097
:108E1000B70703009387C76FAA970385070082806F
:108E20007D55828009C5214681456FA08FCF828004
:108E300009CD91C98347450089EB1306460B2302F0
:108E4000B50010C185452E8582808145EDBF8147E3
:108E500011CD09CE8347450091CB1841998D63C947
:108E600005002300F6002302050085473E85828029
:108E70008147EDBF09C5230205002320050082803C
:108E8000B72700209386C72401479387C72411483A
:108E900083A80600639BA804D146B306D702BE96FA
:108EA00003C846006315B80094466384C604D146DF
:108EB0003307D702BA9703A741982382B70090C718
:108EC00023880700D8C789E9B717004003A7C70C54
:108ED000598D23A6A70C828009EEB717004003A77F
:108EE000870C598D23A4A70C82800507D106E311B6
:108EF00007FB82802E86AA85130500046FF05FF8B9
:108F00002E86AA8505456FF0BFF72E86AA85416596
:108F10006FF01FF72E86AA8521656FF07FF683A676
:108F20004198B72700209387C72413850705371674
:108F3000004003C7470019CF8C4789CDD8473387F6
:108F4000E6406369B700D4C70327860C8C432D8F96
:108F50002324E60CD107E39EA7FC8280B7470020BC
:108F60009387875483C7C7B00145858BA9EF41110B
:108F700022C43744002026C24AC006C613048454C3
:108F800093044006371900408327490C1397370193
:108F90006353070289E88347C4B0014593E717008C
:108FA0002306F4B019A813054006FD149770FF1F9F
:108FB000E780007ED1BF0545F9DCB24022449244EF
:108FC0000249410182808280411122C4371400404D
:108FD0008327840A06C68D4593E727002324F40AD5
:108FE0002D45EF70304FEF701065B74700402147B7
:108FF000A381E74085450565EF7010588D453725FD
:109000000200EF7070578327840C37070200B240CC
:10901000D98F2324F40C8327840C0967D98F232448
:10902000F40C224441018280411122C437140040D3
:109030000327C40C26C2B704020006C6458F2326A8
:10904000E40C51459770FF1FE78060758327840CFF
:10905000B240C58F2324F40C2244924441016FF0A6
:10906000FFEFB74700209387875483C7C7B0858B2E
:1090700095EF411122C4371400408327C40A06C665
:109080001305000C93E787002326F40AEF70105DA8
:109090000145EF70B05C8327840AB24093E78700F4
:1090A0002324F40A224441016FF05FEB828011C255
:1090B000D1C1011122CC26CA4EC606CE4AC8B284FE
:1090C000AE892A84EFF09FE939CD37170040832716
:1090D000C70A1375F40F014993E787002326F70A9F
:1090E000EF70D05793170901C18363E697023717D2
:1090F00000408327870A93E787002324F70A930712
:1091000040086302F4026244F240D2444249B24948
:1091100005616FF0BFE4B387290103C507000509A6
:10912000EF70D053C1B7F2406244D2444249B249D1
:10913000056182808280411122C426C24AC006C6CF
:109140002A892E84B28419C6ADCD9305F00F2285ED
:10915000EFA02F9DEFF09FE02DC53717004083272C
:10916000C70A1375F90F014993E787002326F70A09
:10917000EF70D04E0145EF70704E93170901C18317
:1091800063E99702371700408327870A93E7870030
:109190002324F70AEFF09FDC0DE585C422852244E5
:1091A000B2400249268692449305F00F41016FA018
:1091B0004F97EF70F04CB30724012380A7000509F7
:1091C0006DBFB2402244924402494101828011C2E3
:1091D000D1C1411122C426C24AC006C632842E899A
:1091E000AA84EFF0BFD72DC1371700408327C70AE5
:1091F000354593E787002326F70AEF70304613D5ED
:109200008400EF70B04513F5F40FEF7030458144E2
:1092100093970401C18363E18702371700408327D6
:10922000870A2244B2409244024993E787002324EC
:10923000F70A41016FF09FD2B307990003C50700F9
:109240008504EF70B041E9B7B2402244924402492C
:109250004101828082800111A307B1000546930578
:10926000F10006CEEFF0BFF6F240056182804111B9
:1092700022C426C24AC006C62A892E84B28419C6D0
:10928000C1C59305F00F2285EFA0AF89EFF01FCD88
:1092900025CD371700408327C70A754593E7870018
:1092A0002326F70AEF70903B13558900EF70103BAF
:1092B0001375F90FEF70903A0145EF70303A01499C
:1092C00093170901C18363E9970237170040832789
:1092D000870A93E787002324F70AEFF03FC80DE5DC
:1092E00085C422852244B2400249268692449305D1
:1092F000F00F41016FA0EF82EF709038B3072401A7
:109300002380A70005096DBFB24022449244024960
:109310004101828001119305F100054606CEEFF070
:109320001FF5F2400345F1000561828011C2BDCDF9
:10933000411122C426C24AC006C632842E89AA849C
:10934000EFF0DFC131CD371700408327C70A394519
:10935000420493E787002326F70AEF703030268512
:10936000EF70D02F8144418093970401C18363E162
:109370008702371700408327870A2244B24092446D
:10938000024993E787002324F70A41016FF01FBDCC
:10939000B307990003C507008504EF70302CE9B7C7
:1093A000B2402244924402494101828082800111EC
:1093B00022CC26CA4AC806CE4EC62A892E84B2843A
:1093C00019C6C1C59305F00F2285EF909FF5EFF008
:1093D000FFB825CD371700408327C70A79459399F1
:1093E000040193E787002326F70AEF7030274A85A8
:1093F000EF70D0260145EF707026014993D909011D
:1094000093170901C18363EA3703371700408327A5
:10941000870A93E787002324F70AEFF03FB415E5A6
:109420008DC422856244F2404249B2492686D24424
:109430009305F00F05616F90DFEEEF707024B307B6
:1094400024012380A700050965BFF2406244D2448D
:109450004249B2490561828001112AC66C00054665
:109460001305000806CEEFF09FC4F240056182802C
:10947000011122CC4AC82A842E8909466C004D4528
:1094800026CA06CEEFF03FCB83A4C1938547639BEA
:10949000F40213054070EFF0FFE71D811375F50F1F
:1094A0006312950213052070EFF0DFE62300A4009D
:1094B0008347D100F24062442300F900D24442497C
:1094C000056182808347C1002300F400D5B72E8652
:1094D000AA8501456FF09FE5797122D42E8426D2AA
:1094E0009305F101AA84228532C606D6A30F010096
:1094F000EFF01FF883470400324605456369F60024
:109500000345F1013E86A685EFF07FEA0145B250A2
:10951000225492544561828001119357050123061C
:10952000F1002307A100935785006C000D46130539
:10953000300806CEA306F100EFF07FB7F2400561D8
:109540008280011106CE32C6EFF07FF83246F2403B
:10955000328505616FF05FFC011193570501230609
:10956000F1002307A100935785006C000D461305F9
:10957000200806CEA306F100EFF07FB3F2400561AC
:1095800082800111A307A1009305F1000546130590
:10959000F00906CEEFF0BFB1F24005618280011103
:1095A000A307A1009305F10005461305000A06CEA6
:1095B000EFF0FFAFF2400561828001112AC66C0016
:1095C00005461305600906CEEFF07FAEF240056157
:1095D00082800111B7F7A43506CE9387079063F018
:1095E000A702FD779387179E2316F1006C000946AA
:1095F00013058009EFF0BFABF24005618280B70729
:10960000AA329387078863F6A700F9779387778D47
:10961000E1BFB747E52D9387074863F6A700F177C9
:109620009387175CD1B7B7176B1B938707B063F6A7
:10963000A700E1779387571745BFB7075519938759
:1096400007C463F6A7009D679387B7F671BFB76736
:10965000840C9387F787E3FBA7F8916793877713C9
:1096600061B701112306A100A306B1002307C100C1
:109670006C0011461305500906CEA307D100EFF088
:109680001FA3F2400561828003A7018693870186AC
:109690000111DC433AC40D89A304A1002C0021462A
:1096A000214506CE3EC6EFF09FA0F24005618280C4
:1096B00001116C004945094606CEEFF0DFA783474C
:1096C000C1000345D100F240A2075D8D0561828093
:1096D0000111A307A1009305F10005461305D00968
:1096E00006CEEFF0DF9CF24005618280011106CECC
:1096F00022CC2A84EFF0FFED2285EFD05FA89357AC
:1097000085012306F10093570501A306F100931785
:1097100085004205418121815D8D2317A1006C00E8
:10972000114613056008EFF09F98F240624405610E
:10973000828001112AC623AEA1926C000546130552
:10974000A00806CEEFF0BF96F240056182800111BD
:1097500026CA06CE22CCB547AE8463DDA704D9471E
:109760002A8463CDA70441476357A7044D478D451D
:109770006354A70495450D456314F4009D451145B8
:1097800085460146EFF0FFED05659305800313055F
:10979000758EEFF05FAC6C0009461305E0082306F8
:1097A0008100A3069100EFF09F90F2406244D24402
:1097B00005618280394489450945D9B759447DBF3F
:1097C0005C41011106CE2306F1001C456C001146D8
:1097D000A306F1005C452307F1008347050113054B
:1097E000B008A307F100EFF09F8CF2400561828082
:1097F00083574500011106CE13978700A183D98FA7
:109800002314F1001C452C0019462305F100834761
:10981000C500A305F1001C492306F1005C491305AE
:10982000C008A306F100EFF09F88F2400561828036
:1098300001112306A100A306B10009466C0013051F
:10984000F00806CEEFF0BF86F2400561828001117C
:109850009305F1001305000C054606CEA307010091
:10986000EFF07F8DF2400345F10005618280011128
:1098700022CC0D462A846C00514506CEEFF0BF8BFA
:109880008347C100B307F04085872306F400834770
:10989000D100139787016187634007028983A3067C
:1098A000F4008347E100F240B307F04085872307C7
:1098B000F400624405618280938707F08987C5B709
:1098C00093178500218101115D8D2316A1006C0085
:1098D0000946094506CEEFF08FFDF2400561828012
:1098E000397126DAB74400209384845483C7C4B006
:1098F00006DE36C6F99B2386F4B022DC4AD84ED663
:1099000052D4AA892E8A56D2B28AEFF0EFEBEFF04A
:10991000AFF1EFF00FF50145EFF01FB40545EFF0A3
:10992000DFC9854705469305F1011305F029A30F0B
:10993000F100EFF0DF89A14705469305F10113051A
:10994000002AA30FF100EFF09F8805469307C0FAA5
:109950009305F1011305102AA30FF100EFF03F87E3
:1099600081450145EFF0DFEC91450145EFF03FDE29
:109970000545EFF0FFD50145EFF01FAE0145EFF0D3
:109980005FC00145EFF0BFC1B246138481E41947BF
:1099900085472312E40001457D575CD41CDC1CC8BC
:1099A00054D82306E40023285403230E040223245E
:1099B0000400232A0400EFF03FAA0545EFF07FD70B
:1099C0001305C402EFF0DFDF138581E4EFF05FE2FF
:1099D00013158A0191456185EFF07FD74E85EFF031
:1099E000FFD0EFF0DFE67D151375F50F9307D00F6D
:1099F00063F2A70283C7C4B0054593E71700238627
:109A0000F4B0F2506254D2544259B259225A925A86
:109A1000216182800145F5B7B747002093878754BD
:109A200083C7C7B0858BA9E321C19DCD411126C253
:109A3000AA8441657D1506C622C42E84EFF05FE836
:109A40000545EFF07FC4938781E4138581E4238685
:109A50008700EFF0FFD9A2852244B24026859244C8
:109A6000014641016FF0FFAD828003850194828041
:109A70000111B737002022CC938787540564A29741
:109A800083C7C7B006CE2316010023070100858BCC
:109A90008DE741657D15EFF0BFE20945EFF0DFBED0
:109AA000930760F91305C48A05466C002306F1008C
:109AB000EFF0EFF10145EFF03FAAF240624405619B
:109AC0008280C9C5797126D206D622D44AD0B7443D
:109AD0000020238005009384845483C7C4B0858B01
:109AE000A1EB39C52E842A89EFF09FBCC167FD1711
:109AF0006300F50493772500A1CB13060008A28527
:109B00004A85EFF07F9D83C7C4B0858B5D8D13754B
:109B1000F50F11C523000400EFF09FF511A86800B0
:109B2000EFF0FFD483C7C4B0858B89CB230004003A
:109B3000B250225492540259456182808347810178
:109B4000D1072380F194C9BF65D5F9B7828001C5DB
:109B50000CC123020500828001C908413385A5405C
:109B60001345F5FF7D8182800145828015CD034735
:109B7000450001451DCB9307F7FF05656D1793F76A
:109B8000F70F1377F70F1305853881EBBD679387C0
:109B900007A663FCA7003E858280E389E7FEFD17E8
:109BA000060593F7F70FD5B7014582800DC941111E
:109BB00006C622C426C2834745001307F00F6385FB
:109BC000E70085072302F500AE842A84EFF01FFA30
:109BD000269508C0B240224492444101828082808E
:109BE00001C50CC1230205008280138701EC834666
:109BF00067070547938701EC639AE6001547238BB7
:109C0000E70603A74198B457158FB8DB0547238AA9
:109C1000E7048280938701ECA38207022393070263
:109C200023930704A38607042397070423880704C4
:109C3000A38B0704238C070423A007048280938747
:109C400001EC83D6070403D727046392E602930648
:109C5000F5FFC206C1821306F00B01476367D60009
:109C6000239107042390A70405473A858280014782
:109C7000EDBF938701EC373600401D459386C12325
:109C800003D7270483D507046374B7028345B6401E
:109C90006373B5008280930517003697034707006A
:109CA0002391B7042304E640984F050798CFC9BF16
:109CB00023A007048280938701EC05472393E704E0
:109CC00003A741982382A702BA95CCD782809387B5
:109CD00001EC05472383E70403A741983A95C8D7C9
:109CE000828008418280411122C426C206C637E420
:109CF00000E0B7040008232094180F1000009D45D1
:109D00000145EF70C03AEF70203D232094289387DF
:109D100001EC2389070423850702A388070423A0F5
:109D200007042392070423820194A3820194371726
:109D300000408327870A2244B240924493E70720D9
:109D40002324F70A81451305003041016F609078A4
:109D5000411106C6EFF07FE9EFF0FFF8EFF09FEB5F
:109D6000371700408327C70C91668D45D58F232672
:109D7000F70C1165EF704000138701EC0357870063
:109D8000C166FD16938701EC6305D7000507239490
:109D9000E70003A7419813078725D8D705472382F3
:109DA000E702B24041018280938701ECB05703A7DC
:109DB0004198238BA706118FB8DB03C737053546BB
:109DC0002382E7026314C7006FF0FFF103A74198F5
:109DD00098DB8280011122CC06CE130755FF8947FC
:109DE000138401EC63F6E7001377B5FF631AF70AF3
:109DF000834794050947636AF700850793F7F70FD0
:109E0000A30CF4040D476396E7002AC6EFF0BFEDFC
:109E10003245A30304022304A4028947631BF5000F
:109E20008357240141677D176385E7008507231960
:109E3000F400834794021307F00F6385E70085075A
:109E4000A304F402834794021947FD1793F7F70F11
:109E5000636CF704370703001307C77C8A07BA97B8
:109E60009843B79704009386F73D9387073E63E9CD
:109E7000E60083D721949306803EB3F7D702BA97C2
:109E800003A7419823030404F240BA971CD88547DE
:109E90002304F404B5472302F4026244056182807E
:109EA0008D47A30CF40495B7B79704009387073E3A
:109EB000C1BF938701ECA38E0704238307046FF0CF
:109EC0007FF1011122CC4EC652C406CE26CA4AC822
:109ED0002A8AAE89EF20B04B034465009D4763F8A2
:109EE000870693044502B71503002A891D4693850A
:109EF00045A72685EF604253814729E19305F0028B
:109F00001305B9024204EF6082644180228711C5C3
:109F1000B30495401397040141832310EA00AA87F4
:109F200009E5B7170300938707A723A0F900854722
:109F3000636487009337150093F7F70FF24062448C
:109F4000D2444249B249224A3E8505618280814716
:109F5000F5B7411122C4138401EC8347240506C6DA
:109F6000B5E32382019437170040A3080404A382B9
:109F700001948327870A23120404854593E7072069
:109F80002324F70A13050010EF60D0548D45130504
:109F90000020EF603054EF70400E99450145EF709E
:109FA000001185450545EF708010B7E700E03707E1
:109FB000000823A0E72885462309D4042305D402FA
:109FC00023A0E710B240224441018280938701EC34
:109FD00003C7C70411C703C6B70485456F50E00720
:109FE000014681456F403057138701EC0357A700A6
:109FF000C166FD16938701EC6305D700050723951D
:10A00000E70003C7B70515CB03C7F705239D070472
:10A010002383070415CB411106C60145A38F07040E
:10A02000EF60D06C29459760FF1FE7804077B24012
:10A0300041011763FF1F6700C36203A7419823868E
:10A04000070423830704D8C329472382E7028280B9
:10A05000411122C426C22A84AE84B7150300938519
:10A0600085A41385C1F306C6EF60225131CD930755
:10A070002500014693050002A5482943416E1308B7
:10A08000C002038707006308B7020145014783C682
:10A090000700938606FD93F6F60F63F0D80219C504
:10A0A0009376F60F6314D4022390E400B240224466
:10A0B0009244410182808507E9B73307670285072B
:10A0C00005453697E365C7FD0145CDB70387070012
:10A0D0008507E30DB7FE0506E30507FBF5B72D7110
:10A0E000232A911023263111232E1110232C8110A5
:10A0F0002328211123244111938901EC03C4D9059C
:10A1000031C4B71503002A8A938545A11385C1F38D
:10A11000938401ECEF60624629C99305A00313857F
:10A12000C1F3EF60C242054415C1130700020505E3
:10A1300083070500E38DE7FE938707FD93F7F70F8D
:10A140000D4705446364F700238FF40422858320C0
:10A15000C111032481118324411103290111832991
:10A16000C110032A811015618280B7150300938501
:10A1700045A21385C1F3EF6042400DC10C080545AF
:10A1800023180100EFF0DFEC035701018547294553
:10A190006303F7003D45EFF0DFD1B1A0B715030031
:10A1A000938585A31385C1F3EF60223D1DCD9305F3
:10A1B000E1000545EFF0DFE971DD0C080D45EFF03A
:10A1C0003FE969D90357E1009307E00CE314F7FC7A
:10A1D00003D7090683570101E31EF7FA9D4723833E
:10A1E0000904A38EF904054495B7B71503009385B8
:10A1F000C5A41385C1F3EF60423861C59389C1F3EB
:10A2000011441389C1F39305C0024E85EF602234D7
:10A21000630D05167D141374F40F1307150041E840
:10A22000A546A94563FAA90083C70900938707FDDE
:10A2300093F7F70F63FFF6069307F4FFC207C18396
:10A240009306F00E63E3F614B3054901998DC20538
:10A25000C18193171400639AF5129306000F10083A
:10A260003A85EF20C04A420541816310A41283D78A
:10A27000240603D70406B38687006348D710E85046
:10A2800022860C083E95EF20B0286310051003D6F7
:10A29000240683D704062296420641822391C406EF
:10A2A0000544E395C7EAA147A38EF40445B5BA89EE
:10A2B00099BF3306B40285093E9613140601418006
:10A2C00095B7B7150300938585A51385C1F3EF9066
:10A2D000CF8F11C9B7150300938505A61385C1F368
:10A2E000EF60A22909C9A547E316F4EA2383040411
:10A2F000A38E0404CDBDB71503009385C5A61385B1
:10A30000C1F3EF908F8CE31005EE7D1423830404DA
:10A310001374F40FA147E3E887ECB70703009387B2
:10A3200047720A043E941C4082878947A38EF40436
:10A330005DBD8D47E5BF9547D5BF9947A38EF40412
:10A3400085472383F40483A741983D67130707A635
:10A35000BA97DCD449BDFC5003D424063E94EF20C8
:10A360001003034755018347450122075D8F83474B
:10A370006501C2075D8F83477501E207D98F636866
:10A38000F400EF201025A54755D1414529B5914747
:10A3900071BF1306F00B1387C1238386050099E272
:10A3A0000545828083570500636BF600138817000C
:10A3B00023100501BA9785052380D700F9BF014511
:10A3C000828041115400368681472947A54833F8D9
:10A3D000E502850793F7F70F13080803230006012A
:10A3E00033D8E50263F6B8000506C285E391E7FEBF
:10A3F000B6979308F00B1386C12303570500838596
:10A40000F7FF63EFE80013081700231005013297E8
:10A410002300B700FD17E392F6FE05454101828057
:10A420000145EDBF01114AC82E89B715030026CAA0
:10A430009385C5A7AA841305E10022CC06CE3284F9
:10A4400023170100EFF0FFF401E90145F2406244F7
:10A45000D244424905618280A6851305E100EFF0F0
:10A460005FF365D5B7150300938585A41305E10057
:10A47000EFF03FF279D983C5E1F11305E100EFF088
:10A480005FF461D5B7140300938544A31305E1007D
:10A49000EFF03FF05DD9CA851305E100EFF07FF2E0
:10A4A0004DD59307F00F6317F402B715030093859A
:10A4B000858A1305E100EFF0DFED41D90355E10096
:10A4C000EFF0EFF759D10565130585BBEFF03F803D
:10A4D0000545ADBF938544A31305E100EFF07FEB85
:10A4E0002DD5A2851305E100EFF0BFED5DFDB1BFF5
:10A4F000411106C622C401461307000CB307C5006C
:10A500008387070013140601418085E79307F4FF52
:10A51000C207C1831307E00B6360F702AA851385A6
:10A52000C123EF50D27222852244B24041016FF024
:10A530000FF10506E314E6FCB24022440145410157
:10A540008280411122C426C206C62A84AE84EFA0AE
:10A55000FFED930545072285EFF0BFE319E50145BF
:10A56000B240224492444101828003570400930781
:10A57000F00BE3E6E7FE930717002310F400938740
:10A58000C123BA97938581E81307F00222852380BF
:10A59000E700EFF01FE061D5A6852285EFF07FDFB1
:10A5A0003335A00075BF01114AC856C206CEAE8A27
:10A5B00022CC26CA4EC652C42A89EFA03FE7930593
:10A5C00045078147930600023307F5000307470755
:10A5D00013940701418059E38147A1463387FA006C
:10A5E000030707009399070193D9090135EF130A6F
:10A5F0000401B387490103474900C207C18381446D
:10A600006313F7040329090022864A85EF50D261BB
:10A61000AA8425E1B3078900038707009307F002A6
:10A620006313F702130514003D46938581E84A95AC
:10A63000EF50925F09E94E86D68533054901EF5008
:10A64000B25E93341500F240624413F5F40F4249B0
:10A65000D244B249224A924A056182808507E39535
:10A66000D7F6130400028DBF8507E399D7F6A149F9
:10A67000BDBF8144C9BF397106DE22DC26DA4AD863
:10A68000AA842EC6EF20A0508347D5000346C500FC
:10A6900083480501A207D18F0346E5000348450121
:10A6A000834605024206D18F0346F5000347950114
:10A6B0000343D50162065D8E8347150122072203FD
:10A6C000A207B3E7170183482501034E5500B245A1
:10A6D000C208B3E7F80083483501138481E9E20832
:10A6E000B3E8F80083475501A207B3E70701034821
:10A6F00065014208B367F8000348750162083368D2
:10A70000F80083471502A207D58F83462502C206AB
:10A71000D58F83463502E206DD8E834785015D8F46
:10A720008347A501C2075D8F8347B501E207D98F33
:10A730000347C5013363E3000347E5014207336381
:10A7400067000347F501370508001305751C08C0AD
:10A750006145A30CC101231294002313A400230C10
:10A76000B100230DC10093558600A30DB100935590
:10A7700006016182A30EC10013D68800A30FC10099
:10A7800013D608012300C10213568800A301C10299
:10A79000135608012302C10213D686002303D102F7
:10A7A000A303C102620713D60601E1823367670083
:10A7B000A304D10293D687003183230EB100230F67
:10A7C00011012301010393D8880113588801230440
:10A7D000C1022305F102A305D1022C0893D607017B
:10A7E0006146E18313058400A306F1022317E10209
:10A7F000A3001103A30201032306D102EF50324547
:10A80000138581E993050002EFB0AF85938701ECD2
:10A8100013072002238EE7040547238DE704231046
:10A82000A402F2506254D254425921618280011133
:10A8300022CC1306C0078145138501EC06CEEF80BC
:10A840005FAE2800EF6040461167938681E81307EA
:10A8500037152390E600130730042381E6001386A2
:10A8600081E88146138781E8254599483C00B697E1
:10A8700083C7070093D54700138875036364B50049
:10A8800013880503BD8BA3010601938577036364D9
:10A89000F500938507032302B60085060906E397B2
:10A8A00016FD99452800A3070700EFA09FFB8567C9
:10A8B000938787383375F502138401EC230B040664
:10A8C0002391A194B7870080938717181CD0238207
:10A8D0000194A3820194EFA0BFB619E523020402FC
:10A8E000F24062440561828081451165EF60C04895
:10A8F000EFF06FBFEFF0CFC5E5B7411122C413846D
:10A9000001EC06C6EFF06FAE230504042306040431
:10A9100023040404EFA0DFB219EDEFF0AFAFEFF0C6
:10A920008FBC81451165EF602045B24023020402CF
:10A930002244410182802244B24041016FF04FC164
:10A94000411106C6EFA0DFAF09C5B24041016FF06B
:10A950002FC0B2404101828005472384E1F082800C
:10A96000411106C6EFA0DFAD814709C583C771EE6F
:10A97000B337F000B2403E8541018280938701ECFD
:10A9800003C7270503C64702938601EC2385E70228
:10A9900003C76704A385E70235478147631CE600C8
:10A9A00003A74198905A118F6356070083A74198D7
:10A9B000B307F640DCCE138501EC8280138581E875
:10A9C000828019E9054582800545F2406244D244FF
:10A9D0004249B249056182809387E5FF93F7F70FFB
:10A9E0001307E003E360F7FE011126CA4AC806CE4A
:10A9F00022CC4EC6AE842A89EFA09FA419E115454A
:10AA0000E9B7EF20C0188347550099C30D4575BFBE
:10AA1000938701EC03C767078547138401ECE307BD
:10AA2000F7FE83570404FDF3834744029D461387D2
:10AA3000D7FF1377F70F63F8E60E31476385E70E0C
:10AA40003547E395E7FC83472405E1CF83470900B9
:10AA50001307100493F7F70DE398E7F683471900FF
:10AA60001307400593F7F70DE390E7F601479306C8
:10AA7000E005B307E90083C70700811793F7F70FD5
:10AA8000E3E4F6F405079377F70FE3E497FE8347D3
:10AA900044021547638DE70831476393E700A947F0
:10AAA000A309F40483C7419493F7F70F9389C12353
:10AAB0002686CA851385C123A382F1942322040428
:10AAC00023180404EF50B218B3879900354789045E
:10AAD0002380E70026852947A380E700EFF02F9623
:10AAE00015D583A74198A30A9404230B04043CD4EE
:10AAF0001C4C2316F4065C482317F40683574407BE
:10AB00008507C207C18395C7231AF4068547232802
:10AB10000406231BF406230C0406230A040401453F
:10AB20006DB5EFF00FC3834724058DF3C9BD914781
:10AB300085BF8547D1BF83C761F30545639BA700E8
:10AB40004111154506C6EFF02FA6B240014541015F
:10AB500082808280938701EC03C76707854713854E
:10AB600001EC6317F70083A741983855998F3CD9BA
:10AB7000130505078280938701EC884F83D7C706AA
:10AB80001D8D420541818280938701ECC84B83D79C
:10AB9000E7061D8D420541818280411126C29387BF
:10ABA00001EC06C622C403C48707938401EC63F357
:10ABB00085002E841374F40F19C511C42286938561
:10ABC000C123EF50D20803C7640785476304F70029
:10ABD000238AF4042285B2402244924441018280B7
:10ABE0002D7123282111232E1110232C81102324B1
:10ABF0004111DEDFEAD9232A9110232631112322C5
:10AC0000511123206111E2DDE6DBEED703A4419868
:10AC1000EFA0DF81AA8B13050002EFC05FD1EFA088
:10AC20003F82138D01EC0DED83474D0299C3EFF088
:10AC3000DFCC8320C1110324811183244111032916
:10AC400001118329C110032A8110832A4110032B8B
:10AC50000110FE5B6E5CDE5C4E5DBE5D1561828048
:10AC600003472D0531C3EFF0CF809387C113B70D94
:10AC70000300130C100C3EC8138BC1F3938D8D741D
:10AC8000138A01EC9386519403C6060003C74194CE
:10AC90001377F70F6308C7007D1C420C135C0C018F
:10ACA00063170C06EFE0FFFC83466D070547E39151
:10ACB000E63203478D071DEF03476D0563ECE6029F
:10ACC00083560D0485EA05071306C02B3307C70218
:10ACD00083268D06B306D4403387E640634C0700D5
:10ACE00003455D05EFE0BFF511C503476D05050799
:10ACF000230BED047D7783278D06130787C73A94CE
:10AD00001D8CE34804F21145EFF00F8A1DB703C70D
:10AD10000600C2473E970347070003C606006207C6
:10AD200005061376F60F2380C60061871306E0033D
:10AD300083460D056319C70683454D022D4663847E
:10AD4000C5006F106044ADE20347BD0523120D043A
:10AD5000A3080D0405C38345CD059306000C138697
:10AD6000C123138581E9EF10B01519ED1945EFF0F6
:10AD70006F8609BF8800EFF06FA5AA859306000CC7
:10AD80001386C1238800C5B7EFE07FEB65D1054787
:10AD90002308ED0403A741988966938606713697C8
:10ADA0002326ED02C5B581CA83564D0489E6930674
:10ADB0000002E309D7ECB546E306D7EC2946834603
:10ADC0001D05E315C71CC1EE835A4D0463890A08AB
:10ADD00003466D07B3065B012380060085466312B8
:10ADE000D60C03468D0793168601E186635BD0007F
:10ADF00093061600230CDD069386C123B2962380AA
:10AE0000E60003478D0793040008D68C998CC20492
:10AE1000C18063F35401A68CC20C93DC0C01638FD8
:10AE20000C001385C12366863A959385C1F33AC613
:10AE3000EF50E2613247BA9C230C9D0763F5540141
:10AE40000547A30BED06B71503009385C5A613852B
:10AE5000C1F3EF808FD709E90945EFE0FFF4231232
:10AE60000D04A3080D0439BDB7150300938585A50E
:10AE70001385C1F3EF806FD51DC1B715030093850E
:10AE800005A61385C1F3EF50426F11E9B715030012
:10AE90009385C5801385C1F3EF50226E69D10D45AE
:10AEA0006DBF1018D6855A8583444D02EF10C04CF3
:10AEB0008546AA8C6311D528B70403009385847F47
:10AEC0000818EFF04FEE6302051A9385847F081887
:10AED000EFF06FED49D58355C10362559306000A23
:10AEE0009000EF10D0022547E37BA7F683460104CC
:10AEF0001307700CE395E6F6834A1104E3919AF781
:10AF0000834C710403476104A20CB3ECEC001307FB
:10AF10006009E36697F51387AC00E312E5F4835705
:10AF2000410493858C00034841043EC69C00338550
:10AF3000B7000346150003450500034751042206E8
:10AF4000C205498EC1813E8532CA8344210442CE66
:10AF50003ACCEFA01F915246E313A6F06247724825
:10AF6000131587001947336505016385E40A636992
:10AF7000970415476382E406914A370704002304C7
:10AF800091021307771C938481E9A304510398C0AD
:10AF90000947B2472393E400035781022392F40048
:10AFA000A9452394E400138581E9EFA09F8B3147E5
:10AFB000230EED0405472395A400230DED0445B5AC
:10AFC0001D47638AE4082147E398E4FAE3970CFA03
:10AFD0008145EFF04FEA61B53147E37097FB0347D6
:10AFE0004105CD1CE31B97F9A8003ACCEFE07FCFD9
:10AFF000AA8CE800EFE0FFCE2ACA8808EFE07FCEF7
:10B000006247D2452A86930651056685EF10F038CF
:10B01000AA8AA5B71147E392ECF6A800EFE07FCC2F
:10B02000AA8CEF10D036034615010347050122060E
:10B03000598E034725014207598E034735016207A0
:10B04000518FE39CECF2EF10306DAA8A1DF5054795
:10B05000A30FED041DB7E3920CF2EF10B06DAA8AB6
:10B06000E31D05F0A30E0D0409BFB705030093858A
:10B07000457F0818EFF02FD3E30305DE8355C103A6
:10B080006255C9469000EF1080684947630FE5009C
:10B090000357ED00C166FD166305D70005072317AA
:10B0A000ED0021472304ED025DBB834601043547D3
:10B0B000E390E6FE03471104E31C97FD03473104C8
:10B0C000834621042207558F61F703475104034645
:10B0D0004104B736002083D6A6542207518FE39946
:10B0E000E6FAC9458800EFC08FAC5DD10546C94579
:10B0F0008800EF30F0521307F00FE30BE5F815E18D
:10B100000357CD00C166FD166305D700050723165A
:10B11000ED000547A304AD042305ED042304ED046D
:10B120003DBB0357ED00C166FD16E304D7FE0507DE
:10B130002317ED00F9BF7957E305E5F65685EFE0F3
:10B140001FFAE31E05D0B7150300938585815A8544
:10B15000EF50A24241C57D578C0005452310E10404
:10B16000EFE01FEF035701040DCD05EF2147E398F2
:10B17000E4CE03477D04936627000D8BA303DD0413
:10B18000136727008D46E31CD7CC03A74198230300
:10B190000D04230C0D042328ED0225472302ED02A4
:10B1A0007DB985466312D702130710102313ED04EF
:10B1B00003A741989166938686A93697A3030D024B
:10B1C0002326ED022147D9BF89466315D7001D47C5
:10B1D000E387E4C81945EFE0FFBF51B1B71503009D
:10B1E0009385C5825A85EF5042396DF5B715030036
:10B1F000938545845A85EF50423831CD8C000945FE
:10B20000EFE01FE561D9835601040947E364D7FCE9
:10B2100003478D0523030D0409EB0547230CED04BB
:10B2200003A741982328ED021DB983A6419805473D
:10B23000A303ED022304ED042320DD0003D72194B2
:10B2400083A6419823140D02A30C0D0436972328DE
:10B25000ED022947A1B7B71503009385C58513856E
:10B26000C1F3EF50823119C92D47E39AE4BE034779
:10B270000D05E30607BEEFE03FD7D5B6B7150300CF
:10B28000938545871385C1F3EF50222F09CDB7155C
:10B2900003009385C5871385C1F3EF50022E01C5C6
:10B2A0000547A302ED02B715030093854588138572
:10B2B000C1F3EF50822C41C59305A0031385C1F360
:10B2C000EF50E228930615001306000209ED230350
:10B2D0000D02138764FF1377F70F894663E1E606D3
:10B2E0001545D5BD850603870600E30DC7FE130788
:10B2F00007FD1377F70F2546E36BE6FC85069305FC
:10B300000002038606006300B60E9305C0026310B8
:10B31000B602850613060002038706006307C70C02
:10B32000130707FD1377F70FA546E3E2E6FA137755
:10B33000B70F7D17133717002303ED0259DBB7153D
:10B3400003009385C5881385C1F3EF50022339C5E7
:10B350009305A0031385C1F3EF50621F21C10505BA
:10B3600013070002830605006383E60801472546AC
:10B37000A94583460500938606FD93F6F60F637A8A
:10B38000D6067D46930610F86368E60006071307A5
:10B39000F7F893168701E1862300DD02B715030055
:10B3A000938545891385C1F3EF50221D7DC5930513
:10B3B000A0031385C1F3EF50821982C082C282C4F8
:10B3C00069CD05058C000146130E0002A54E294FDC
:10B3D000954F9302C0021943030705008148631A81
:10B3E000C7030505D5BF850629BF850635B7050501
:10B3F00095BF3307B702050536974207418395BFCE
:10B4000003D70500050585483307E70336972390E2
:10B41000E50003080500130708FD9376F70FE3F135
:10B42000DEFE638C08066305F60105056317580602
:10B4300005061376F60F8905E31066FA0357010433
:10B440001306F003930610F86367E600130717F975
:10B4500093168701E186035781042300DA0213065D
:10B460002002E176636AE60095463307D7021307A8
:10B47000D7F393160701C1860357A1042311DA02FB
:10B4800013061006930610F86367E60013074707D4
:10B4900093168701E186A300DA02B71503009385AE
:10B4A000C5891385C1F3EF50420D59C59000D6856B
:10B4B0001385C1F3EF10000441C1864603476104C0
:10B4C0004C1036D48356410428102307E10223167A
:10B4D000D102EF3020102DC103158104130740382D
:10B4E0003307E5021255634507046367E504198DC8
:10B4F00037374F9C13070730B7364F1C2A97938670
:10B50000860763EBE602EF30A026EF304031A30759
:10B51000AD041DC1EF30003123A0A19803A74198CD
:10B52000B7964901938606703697232EED0229A01F
:10B530009306F7FFE3FDA6FAB7150300938585A5EB
:10B540001385C1F3EF707FE811C9B7150300938528
:10B5500005A61385C1F3EF5042023DC911471145BD
:10B56000E38BE4C69946639ED4008346DD04054719
:10B57000E398E6D603A7419823030D041307873EFB
:10B5800055B1B146639ED4008346DD0409476396F6
:10B59000E60003A74198232CED0223030D0455B9BF
:10B5A0009D466390D40203477D05E31507C2054716
:10B5B000A30BED0403A7419823030D0413074706CB
:10B5C00095B1E51493F4F40F0D45E36697C019B1F6
:10B5D000B71503009385C5A61385C1F3EF70FFDE91
:10B5E000E31F058621476393E40203477D049366C6
:10B5F00017000D8BA303DD04136717008D46E306C8
:10B60000D7B805472303ED046FF07F85254763987E
:10B61000E400130710102313ED046FF05F84F5149A
:10B6200023030D0493F4F40FE36B97828A04EE94E2
:10B6300098400287371503001305458A23070D0438
:10B64000EFE01FEBE30D05808565938585BB114514
:10B65000EFE06FE66FF0BF8003475D0211E703A7DD
:10B6600041981307077D7DBEEF905FDCB71503009F
:10B67000AA849385C58A880023100104EFE07FD156
:10B6800019E1054589BE83C654000547638AE6046F
:10B69000B70503009385057F8800EFE09FCF75D144
:10B6A000B71503009385C58B8800EFE09FCE71D955
:10B6B000938504048800EFE0DFCD61D5B715030062
:10B6C0009385058C8800EFE0DFCC45DD0355010450
:10B6D000EFE0EFD65DD58565938585BB15458DBFBC
:10B6E000B70503009385857E45BF03A74198232AAC
:10B6F000ED0203A741982328ED02194745B40347FB
:10B700006D029306803E19E39306007D03A74198DE
:10B71000369709BE03477D0505466363E6020507C4
:10B720001377F70FA30BED049306800C6303C70098
:10B73000814603A7419836972328EA026FF02FF23B
:10B7400003A741982328ED02B5BC03470D05630804
:10B7500007F00347BD0519C7130710102313EA04A8
:10B760006FF0EFEFEF909FCC834665000547E385D0
:10B77000E6FE11B60347DD0489461377B70FE31AD7
:10B78000D7AC03A74198232CED02E1B4639C06CE0D
:10B7900083564D049305F01F1386160063F3C5020C
:10B7A0000547A308ED0403570D01C166FD166305A7
:10B7B000D70005072318ED001D472304ED026FF0A5
:10B7C0006FCCDA962312CD042380E6006FF08FCB86
:10B7D00089CE03474D0511EB717783268D0613073C
:10B7E00087562297158F634607C40347DD05630913
:10B7F000073203466D0419CA8326CD02158C6347B0
:10B8000004003D45EFE0EFEA6FF0AFC283560D0450
:10B81000639106C2631F06C07D171377F70FA14619
:10B8200063E9E6C0B70603000A07938606773697F2
:10B8300018430287EF10A0352A848C0028102318A3
:10B840000102EFE00FE855DDB71503009385458C45
:10B850000818EFE01FB455D5835781021305440241
:10B860001306F00B9386C1238DE7B715030093856C
:10B87000058C0818EFE0FFB149D503550103EFE04F
:10B880000FBC41D11165130585A9EFE04FC46FF0DE
:10B890004FBA03570103E366E6F683050500FD177B
:10B8A00013081700C2073697C1832318010323002A
:10B8B000B700050555BF371503001306F00F854582
:10B8C0001305858DEFE01FB6631505B61DBF37154F
:10B8D0000300054681451305058EEDB7EF10202BBB
:10B8E0002310010423110D0603471502034405022A
:10B8F000834535022207418F03442502E2054204B5
:10B90000418F33E4E50023228D068346550103472A
:10B910004501A206D98E034765014207D98E034728
:10B9200075016207558FB3048740056763739700FD
:10B930008564B71503009385C58E880023109D0686
:10B94000EFE03FA5E30F05EA8345ED058800EFE052
:10B950005FA7E30805EAB71503009385C58F880044
:10B96000EFE03FA3E30F05E8A2858800EFE07FA5A5
:10B97000E30905E8035701049307F00BE3E3E7E865
:10B98000930717002310F1049387C1239305F4FF55
:10B99000BA97A6951307D00288002380E700EFE04E
:10B9A0005FA2E30005E6B71503009385058C8800C8
:10B9B000EFE03F9EE30705E403550104EFE02FA805
:10B9C000E30105E40565130585BBC1B5EF10201C37
:10B9D000AA848C00281023180102EFE08FCEE30226
:10B9E00005E206479306F002030607006316D60039
:10B9F00003071700054401CB03C464000357810209
:10BA0000198C42044180B7150300938505910818ED
:10BA1000EFE03F98E30705DE8345ED050818EFE00A
:10BA20005F9AE30005DEB715030093854592081879
:10BA3000EFE03F96E30705DC86471306F00B3E94E4
:10BA4000420441809386C123139707014183631504
:10BA50008702B71503009385058C0818EFE07F93E4
:10BA6000E30105DA03550103EFE06F9DE30B05D811
:10BA70003D65130505A611BD03570103E363E6D831
:10BA800085078385F7FF1305170036972318A10252
:10BA90002300B70055BF03540D0683542D06231011
:10BAA0000104E30094D6B71503009385C59288007E
:10BAB000EFE03F8EE30705D48345ED058800EFE016
:10BAC0005F90E30005D4B71503009385C593880004
:10BAD000EFE03F8CE30705D2058CA285420441804C
:10BAE0009307000F63F487009305000FC205C1811F
:10BAF0008800EFE01F8DE30605D0B715030093859E
:10BB0000858A75B5B71503009385059488002310C1
:10BB10000104EFE01F88E30605CE8345ED05C9BFAC
:10BB200083464D0229476398E6060347AD0525E79E
:10BB3000EF10E0050347550085466313D702EF1069
:10BB4000E01419E16FF0EF8E41472AC62304ED029D
:10BB5000EF10403EB2450145EFE0FFB16FF06F8D51
:10BB600009466318C700A30EDD04230F0D046FF010
:10BB70004F8C8D466311D702EF10E02BAA8561DD53
:10BB80001307A5FF1377D70F19C36FF08F8A4147AB
:10BB90002304ED02C9B703476D043DCB8326CD02D4
:10BBA000B306D44063C6060603474D028D46631EA6
:10BBB000D7008346ED046368D70423030D04130400
:10BBC000840C23288D026FF0CF869946631CD70022
:10BBD0008346DD0405476398E60223030D0413043E
:10BBE000843EC5B7B1466310D7028346DD040947DA
:10BBF0006394E600232C8D0223030D0429472302BE
:10BC0000ED026FF00F830945EFE0CF9C6FF06F827C
:10BC100083560D0499C26FF0CF8183464D0235469D
:10BC20006374D6006FF0EF80370603008A061306B0
:10BC30004679B296944282860327CD023307E440C8
:10BC4000635407006FE0FFFE81451165EF50C0129D
:10BC50000D67130707EE3A9423288D02094745B76D
:10BC600003270D03198C635404006FE09FFCEFE081
:10BC70004FAE3715030013054595EFE07F87054765
:10BC800019E16FE01FFB85652307ED04938585BBF4
:10BC90000D45EFE04F826FE0DFF919C36FE07FF9E8
:10BCA00003270D03198C635404006FE09FF83715C8
:10BCB000030013054595EFE0BF8319E16FE07FF7BF
:10BCC0000347ED040507C1B719C36FE09FF683274B
:10BCD0000D031D8C635404006FE0BFF5371503009E
:10BCE0001305C595EFE0DF8019E16FE09FF48565EE
:10BCF000938585BB114571BF83C6FB0083C5EB00EF
:10BD000003264D03A206CD8E9305803EB386B60270
:10BD10003306C4401545E379D6EE19C36FE07FF1D1
:10BD200003270D033307E440635407006FE07FF0FF
:10BD300003476D0231CB0347FD0409EF8346ED0451
:10BD40000947637DD700372709001307077C22972F
:10BD5000232EED0223288D021D4755B5371503000C
:10BD600013058596EFE0CFF819E16FE09FEC0547EA
:10BD7000A306ED040347ED0405072307ED048565DD
:10BD8000938585BB194531B73715030013054597D2
:10BD9000EFE00FF619E16FE0DFE9A3060D04C5B788
:10BDA00083860B0199EE05472304ED0237970400C3
:10BDB0001307073E3A94A30C0D0423288D02354740
:10BDC0003DBD19C36FE0FFE603270D03198C6354D3
:10BDD00004006FE01FE623100104EF902FE5834776
:10BDE0007D052A848DE7B7150300938505988800A3
:10BDF000EFE02FDA630E052A03550104EFD03FE48C
:10BE00006308052A8565938585BB1D4559B505479A
:10BE1000639BE702B7150300938505998800EFE05F
:10BE20004FD7630705288347B4008345A400A207C2
:10BE3000DD8D8800EFE0EFD8630C0526B715030011
:10BE40009385858A6DB7B71503009385C59A8800D9
:10BE5000EFE02FD4630E052483457400D9BF19C3C6
:10BE60006FE03FDD83270D031D8C635404006FE0FA
:10BE70005FDCEF90AFDB830745052A84930445051B
:10BE800099E3938481E8B71503009385459C880066
:10BE900023100104EFE0EFCF630C052093050401AC
:10BEA0008800EFE00FCF63050520B71503009385E9
:10BEB00085A48800EFE0EFCD630C051E8347940056
:10BEC000834584008800A207DD8DEFE08FCF6301FA
:10BED000051EB7150300938585928800EFE06FCBB0
:10BEE0006308051CA6858800EFE0AFCA6302051C45
:10BEF000B71503009385459D8800EFE08FC963095E
:10BF0000051A03550104EFD09FD36303051A916509
:10BF1000938585A92145B5BB19C36FE09FD1032740
:10BF20000D03198C635404006FE0BFD0B7150300F4
:10BF30009385059E880023100104EFE08FC56309F7
:10BF4000051603478D0531CFB70503009385857F1F
:10BF50008800EFE00FDF630D0514B715030093852C
:10BF600085A48800EFE0EFC26304051483458D05C6
:10BF70008800EFE00FC5630D0512B7150300938528
:10BF8000858A8800EFE0EFC06304051203550104C1
:10BF9000EFD0FFCA630E05109165938585A92545ED
:10BFA000CDB9B70503009385457F5DB78346AD05E1
:10BFB00095EA03478D0419C703270D033307E440AF
:10BFC0006352070203C7DB0083C5CB0003264D0085
:10BFD00022074D8F9305803E3307B7023306C440D6
:10BFE000636FE60C23180102A30DDD04DDC20344D8
:10BFF000CD05B71503009385059F0818EFE06FB9CD
:10C0000045C90347BD055DE7B715030093858580E6
:10C010000818EFE00FD349CDB7150300938585A429
:10C020000818EFE00FB749C50347BD05854509E787
:10C03000EF90CFBF834565000818EFE08FB82DC99A
:10C04000B7150300938505A00818EFE08FB42DC144
:10C0500093151400C205C1810818EFE08FB629C9F5
:10C06000B71503009385858A0818EFE08FB229C1C0
:10C0700003550103EFD0BFBC05CD0347BD0519E350
:10C0800023040D04856523080D04938585382D450B
:10C0900009B10347AD04880023050D042306ED0410
:10C0A00003479D04A305ED04EFD05FF22A8431F12C
:10C0B000054599BEB71503009385058091BF0327F9
:10C0C000CD033307E4406348070237150300130527
:10C0D0008596EFE0EFC105C10547A306ED043727BC
:10C0E00009001307077C3A94232E8D0285659385FA
:10C0F00085BB314579BE03278D03198C3D67130736
:10C10000F7A5636487006FE0DFB2371503001305FE
:10C1100085A0EFE0EFBD19E16FE0BFB11947A306BD
:10C12000ED04E9B703270D033307E4406354070028
:10C130006FE03FB003479D0519E7379704001307E9
:10C14000073E3A94BDBC8546631CD70003472D05C6
:10C1500019E3EFD01FE0A30B0D04230C0D04DDBE8B
:10C160008946631FD70003472D0519E3EFD07FDE13
:10C17000232A8D0223288D0223030D02194741B47F
:10C18000EFD01FBD6FE0FFAA99E26FE03FC36FE001
:10C19000BFC137078000DD464D07637DB50083478B
:10C1A0000500DD1793F7F70F63E6F600B357F700C6
:10C1B000858B91E382800505CDB701114AC82A8994
:10C1C000084122CC26CA4EC652C4AE89328A06CE57
:10C1D000EFF03FFC37A7991981440144A5461307A6
:10C1E00097991546A945637A3501834705009387DA
:10C1F00007FD93F7F70F63F3F60281C8CE85EFF0E2
:10C200005FF92320A90023208A00F240624426859A
:10C210004249D244B249224A05618280636C870058
:10C220006314E4006368F6003304B4020505854432
:10C230003E9455BF8144D1BF011122CC2A840841CC
:10C2400026CA06CEAE8432C6EFF0BFF46371950203
:10C25000030705003246AA8701456315C700850715
:10C260001CC00545F2406244D2440561828001450C
:10C27000D5BF011122CC2A84084126CA06CEAE843D
:10C2800032C636C4EFF0FFF06372950683050500F1
:10C29000930720020147639DF502A2463246050539
:10C2A000AA87930520021308C005FD486380970400
:10C2B000038707006314B702B385A74041680147AD
:10C2C00063F8050108C22390B60085071CC0054726
:10C2D000F2406244D2443A850561828063080701D6
:10C2E0001377F70F63F4E8008507C9B70147CDB7A7
:10C2F000144101471388260063EE050383C7060037
:10C30000A5480147938507FD93F5F50F63E4B8024F
:10C3100083C61600938506FD93F5F50F63ECB80010
:10C320002947B387E702C1160547B6972300F600F1
:10C33000232005013A8582801377F50F930707FDC7
:10C3400093F7F70FA5461395870163F5F602930758
:10C35000F7FB93F7F70F9546130597FC63FBF60081
:10C360009307F7F993F7F70F7D5563E6F60013058A
:10C3700097FA62056185828011E97D5582807D553D
:10C38000B250225492540259456182807DD6A14711
:10C39000E3F5B7FE797122D406D626D24AD033040B
:10C3A000B500B5462947636B8500B307A440C207B3
:10C3B000C1832147636CF7000145D9B78307F4FFB8
:10C3C0006384D700E393E7FE7D14F1BFB715030044
:10C3D0003289938585AA2546AA84EF40E20469FD47
:10C3E000138594002AC634001008A2856800EFF077
:10C3F0005FE851D5035781009D47E31FF7FA424597
:10C40000B71503001D469385C5A8EF40E2014DF521
:10C410001306C002A2856800EFF01FE22DD150087C
:10C42000A2856800EFF07FD939D9D247A9FB13065E
:10C43000C002A2856800EFF03FE031D15008A2852C
:10C440006800EFF09FD705DD1306C002A2856800E3
:10C45000EFF09FDE0DD59306A1004A86A285680005
:10C46000EFF03FE1E30D05F00357A1009307F00F54
:10C47000E3E7E7F01306C002A2856800EFF0DFDB18
:10C48000E30F05EE3008A2856800EFF01FD3E30844
:10C4900005EE1306C002A2856800EFF0FFD9E300A5
:10C4A00005EE7008A2856800EFF03FD1E30905ECC6
:10C4B0001306C002A2856800EFF01FD8E30105EC67
:10C4C0003245A285EFF0FFCC8357A100098C2316DB
:10C4D00089002302F900F24742042324A900418085
:10C4E000E31FF4E86247E36CF7E80545E38AE7E811
:10C4F000795579B56304051C6302061C994763FFEF
:10C50000B71A797122D42E84B715030026D29385E9
:10C51000C533B28419464AD006D64ECE2A892AC6D9
:10C52000EF309270631405184A94A28513056900D0
:10C53000EFF03FC6637C8516930715003EC60307E0
:10C540000500930720026313F7161306A100A285C6
:10C550006800EFF0FFD9630B05141306F002A28503
:10C560006800EFF07FCD6303051413862400A285D5
:10C570006800EFF0FFD7630B05121306F002A285E7
:10C580006800EFF07FCB6303051213863400A285A9
:10C590006800EFF0FFD5630B05101306C002A285FB
:10C5A0006800EFF07FC96303051013864400A2857D
:10C5B0006800EFF0FFD3630B050E1306A003A285FE
:10C5C0006800EFF07FC77DC113865400A285680024
:10C5D000EFF01FD261CD1306A003A2856800EFF033
:10C5E000BFC569C513866400A2856800EFF05FD0FF
:10C5F00055CD3247637C870A83470700938757FDF1
:10C6000093F7D70FC5E7930717003EC60307070048
:10C610009307B00285496303F700FD591306B10083
:10C62000A2856800EFF0DFCC51C10349B100930748
:10C63000000663ED2707B24763FA870613851700E4
:10C640002AC603870700930720026311F706A28515
:10C65000EFF03FB4631CA404330939038347A100FE
:10C660002D479387077D2390F40083C72400FD178F
:10C670002394240193F7F70F636AF70283C734000A
:10C680007947FD1793F7F70F6362F70203C744007A
:10C69000DD4763EDE70003C754009307B00363E78A
:10C6A000E70003C76400054563F3E7000145B250A6
:10C6B000225492540259F249456182800145828098
:10C6C000AA870145B1C339C2B1C11395150063EE04
:10C6D000A602B7160300BE95938646A96393B700DA
:10C6E000828003C707000906850711833697034731
:10C6F0000700230FE6FE03C7F7FF3D8B369703477E
:10C700000700A30FE6FED9BF82800145828001EDBC
:10C71000014582800145F2406244D2444249B24917
:10C72000224A056182806DD6E5D593F71500EDF3B9
:10C73000011126CA06CE22CC4AC84EC652C493D492
:10C740001500E3E996FC9307F01FE3E5B7FCB28917
:10C750002A84014993170901C18363E5970013F502
:10C76000F40F55BF03050400EFF01FBD2A8A03052F
:10C770001400EFF07FBCE34F0AF80904E34C05F81E
:10C78000120AB3872901336545012380A7000509F3
:10C79000D1B7B5C9930695D8C2068567C18293877C
:10C7A0001761014763E9D70437160300130646AB48
:10C7B00065488357060063E2A70483562600636E2C
:10C7C000D502B386D740898FC207C18313052003E2
:10C7D000B387A702C206C18213D61600B297B3D799
:10C7E000D702930620033307D702130707E7BA9748
:10C7F0002390F50005473A85828005071377F70FE8
:10C800000906E31807FB0147FDB709C551468145F5
:10C810006F603FB182802A88014563050804B9C270
:10C8200031C26371F70463EFE50263FDF50233F78C
:10C83000D5020DEB8D8F33D7D7026365C702B38660
:10C84000C6028DC263E0D702AE9685472320B800AA
:10C850002322D8002324B8002326B8002308F80098
:10C8600005458280828009CD83460501054763998D
:10C87000E60089C509472308E50082806FF0FFF8CC
:10C880008280AA87014595CB0DCA03C7070185465B
:10C8900079171377F70F63E2E6029847631FB70033
:10C8A0009443636CD700DC436379F7003385E7403A
:10C8B0003335C500134515008280828005C119CE2D
:10C8C000834705010547F91793F7F70F6368F700EA
:10C8D0001C45AE971CC58D472308F5008280AA87AA
:10C8E000014595CB0DCA03C7070185467517137718
:10C8F000F70F63E2E602D847631FB7009443636C07
:10C90000D7009C476379F7003385E7403335C5008E
:10C91000134515008280828005C51DC2834705012D
:10C920000547F51793F7F70F636CF7005C4518455B
:10C93000BE954CC595476383E50091472308F500F4
:10C940008280814719CD8346050115478147639A47
:10C95000E6001845144163F6E6005C45998F93B7ED
:10C9600017003E8582801441374754311307F7146E
:10C97000639EE60403464500854601476319D604D5
:10C9800003465500954663E4C6048306650063C00C
:10C990000604544937460300636BD602105163E81E
:10C9A000C602504D63E5C602411122C40324450A64
:10C9B0009305400A06C6EF700FDE3305A440B2406F
:10C9C0002244133715003A854101828001473A8598
:10C9D000828083A781945571A6C34EDF86C7A2C506
:10C9E000CAC19D66938981949D646394D7009384A2
:10C9F0000710B74754311384C12F9387F7141CC015
:10CA000085472302F4001C449305400A1385C12F77
:10CA100085071CC4EF702FD82322A40A93060010A8
:10CA20000146A68525459750FF1FE780C04A09C9E2
:10CA30001945BE402E449E440E49FA5969618280D0
:10CA40009306800A1386C12FA68529459750FF1F9C
:10CA5000E780604871FD9306800A3000A6852D4569
:10CA60009750FF1FE780204761F52800EFF0BFEFE8
:10CA700061D142471C44E31DF7FA23A09900014508
:10CA80004DBF317126DB1306800A81451385C12F06
:10CA900006DF22DD4AD9EF60DF889306800A300086
:10CAA0009D652D459750FF1FE780E04235C5014940
:10CAB0009D659306800A3000938505102D4597509B
:10CAC000FF1FE78040411384C12F3DE52800EFF0B0
:10CAD0009FE93DC1630709001844C247998F635E0F
:10CAE000F0001306800A2C001385C12FEF30321698
:10CAF0009D679387071023A4F19403475400894747
:10CB00006311F70683476400BDEBA30204002320F2
:10CB10000402232E0400A1A02800EFF0DFE441D995
:10CB20001306800A2C001385C12FEF3052121D67A7
:10CB300023A4E1940549ADBFE31109FC1306800A63
:10CB400081451385C12FEF60CFFDB7170200938792
:10CB500057505CC49D679387071023A4F194EFF0AE
:10CB60005FE71850FA5023AAE1946A5423A801946D
:10CB70007D5723A6E194DA544A59296182801850DE
:10CB80005C48E310F7FE8D47A302F400C9BF13858C
:10CB9000C12F8280377503008280011122CC13845B
:10CBA000C12F8347540006CE26CA4AC84EC652C477
:10CBB00056C25AC0ADEFC1CA93178701E1876354CB
:10CBC000F0089387F5FF3748030063FE07075C44CE
:10CBD000854463FFA70493074402328BAE892A8AF7
:10CBE000130600083E8581453A89B68AEF606FF3E7
:10CBF0004A86D685EF30B205230324012328440159
:10CC0000232A3401232C6401A3029400232E040060
:10CC1000232004026244F240D2444249B249224AEB
:10CC2000924A024B23AA019405616FF09FDA8D446A
:10CC3000F240624426854249D244B249224A924A8D
:10CC4000024B056182808544E5B79387C12F03C7F6
:10CC500057000DEBD8476379A7021387F5FFB74656
:10CC600003006373D70209472383070088CBCCCB2B
:10CC700090CFCCCF23A00702A382E70023AA019480
:10CC80006FF03FD50D45828005458280411126C257
:10CC900006C622C44AC01387C12F83465700854762
:10CCA0006390F6061389C12F8325C90183274901A3
:10CCB0003384B7401DCCB7770300BE958566014627
:10CCC00005459750FF1FE780002199471DE905673B
:10CCD0009384C12FA287637387008567D84CBA9766
:10CCE000232EF9002244B2409244024941016FF0E0
:10CCF0005FCE8947A302F700185323AAE194DDB75A
:10CD00009547B2402244924402493E8541018280C7
:10CD1000011126CA9387C12F06CE22CC4AC84EC61F
:10CD200052C456C203C7570089476310F70AD1CDD2
:10CD30009307F6FFC207C1831307F00E6367F70876
:10CD4000938A419583A70A006391A7083309F600E7
:10CD5000636FF9069384C12FD848054563612703A3
:10CD6000377403003E94B2892E8AB28609452E8616
:10CD7000A2859750FF1FE780001619C91945F24098
:10CD80006244D2444249B249224A924A05618280B1
:10CD9000CE865286A2850D459750FF1FE780A013CF
:10CDA00071FD23A02A019317490181C7DC48E3984C
:10CDB00027FD624423A02403F240D2444249B249F1
:10CDC000224A924A05616FF0DFC015454DBF054507
:10CDD0007DB79387C12F83C6570009476391E60249
:10CDE000D44B03A74195639CE6000D47A382E7005F
:10CDF00023A801947D5723A6E1946FF09FBD1545AC
:10CE000082809387C12F83C6570009476393E60248
:10CE1000D84B411106C698D323AAE194EFF07FBB0B
:10CE200009E5B24041016FF0DFFAB2401945410116
:10CE3000828015458280011106CE22CC26CA4AC8BE
:10CE40004EC652C49387C12F03CA57000D476313C0
:10CE5000EA0C83A60195D84B938401951384C19461
:10CE600063F0E608158F130900046366E9001319DF
:10CE7000070113590901377503004A869385413A22
:10CE80003695EF30B0601C403786B8ED8146938907
:10CE9000413A130606321397060141836360270364
:10CEA0001CC09C403E9923A02401F240624452855C
:10CEB000D2444249B249224A056182803387D9006F
:10CEC00003470700B98F214793D51700858B91C37E
:10CED000B2877D171377F70FAD8F7DF7850665BF96
:10CEE0001840944F1347F7FF630AD700A382070047
:10CEF00023830700214AEFF0DFAD45BF1147A3822E
:10CF0000E7006244F240D2444249B249224A0561F4
:10CF10006FF03FAC154A51BF9387C12F83C65700AE
:10CF200011476397E6001547A382E7006FF07FAAD9
:10CF3000154582809387C12F83C657001547638CA0
:10CF4000E600A38207002383070023AE070023A087
:10CF500007026FF01FA81545828082809387819712
:10CF600003D707006318A7002391B7002392C700D7
:10CF70002393D70082808347150003470500A2074B
:10CF80005D8F8347250003453500C207D98F6205B1
:10CF90005D8D82808280397106DE22DC4AD84ED6D1
:10CFA00052D426DAEF702F8F2A8AEF30E25B937922
:10CFB000F50F0A85EF30504F99450A85EF807F8A3B
:10CFC000D9472A89594463E4370113F4F90F370725
:10CFD00006039387013F1307271098C37977090742
:10CFE0002392E70022867D57D28528002383E7001D
:10CFF000EF30E245C5479384013F63E737091C10D2
:10D00000A2971307D0022384E7FE130714001C1015
:10D010009356C9001377F70F3E97C206B717030060
:10D02000938707B1C182BE9683C606001010230401
:10D03000D7FE1307240014101377F70F3697935673
:10D040008900BD8ABE9683C606002304D7FE9306D8
:10D05000340093F6F60FB296135649003D8A3E9679
:10D06000034606001379F900CA971307440083C7E3
:10D0700007002384C6FE1377F70F141015043697A4
:10D080001374F40F2304F7FE372900205546814519
:10D090001305892AEF60EFA8D5491305892A13766D
:10D0A000F40F63F3890055462C00EF30423A9307A2
:10D0B0001400A383F4002286A5472C001385940056
:10D0C0002384F400EF30A23813059400F250625428
:10D0D000D2544259B259225A1375F50F21618280F8
:10D0E000411122C426C21314450006C685640145B9
:10D0F00063669400EFF01FAA058C2295B24022448B
:10D10000924441018280011185471306F100854553
:10D110001305503006CEA307F100EFA0213FF240E7
:10D1200005618280411122C406C61384C180034573
:10D130000400416793878197791798C323A207005A
:10D140008945EF40A076034504009145EF40007605
:10D150000345040093050002EF40407503450400B9
:10D1600093050008EF4080741385C150EF80BF8B9A
:10D17000EF80DFCC1385C165EFF02FE91384519761
:10D180008347040089C7EFF0FFDA2300040022443C
:10D19000B24041016FF03FF73D898D476306F50AC4
:10D1A00091476302F50289476310F50C03C7250018
:10D1B0009947631BF70A03D7450083D78197631507
:10D1C000F70A6FF03FF603C725009547631EF7087F
:10D1D0009387819783D607004167791703D5A50008
:10D1E0006384E6006FA0215E03D7E500411106C607
:10D1F00022C42391E70003D705011384C180239241
:10D20000E70003D725012390A700034504002393DB
:10D21000E700130600645D4789452397E180EF40EE
:10D22000604703450400096613060690A145EF40D8
:10D230006046034504002244B2400566130606C852
:10D24000914541016F40004583C725001147639414
:10D25000E7006FF05FEB1947E38FE7F4154763953D
:10D26000E70083C71500F5F78280797137E5000084
:10D2700022D41305C59D06D626D24AD04ECE13849D
:10D28000C180EF4090062300A4001385C150EF80B9
:10D290008FF9EF801FB01385C165EFF00FD7EFF066
:10D2A0009FCFAA8499472315F10013860181B147C6
:10D2B0008D4513057030C2042316F100C180A3040C
:10D2C0000100EFA0A1241386013FA685130560305D
:10D2D000EFA0C1231306A100894513051031EFA06B
:10D2E000E1227000894513052031EFA02122054974
:10D2F00013069100854513055030A3042101EFA0CA
:10D30000E1203715030026869385013F130505B0FC
:10D31000EF10B052930500050D45EF60E0599305FD
:10D3200000051145EF60405985457945EF60C058CB
:10D330007000914513057040A3032101A30421014E
:10D3400002C62304010023050100EF80917C13062F
:10D350007100854513050040EF80B17B30008545A5
:10D3600013051040EF80F17A1306A10085451305DF
:10D370002040EF80117A1306910085451305504037
:10D38000EF8031797D55EF90200E7D55EFB06054E0
:10D39000EF20207D7D55EF2010187D55EF20605D3A
:10D3A000372600201306862AD5450145EF80707A7E
:10D3B000416793878197791798C323A20700138544
:10D3C0008180EF20101C372500201305856DEF208C
:10D3D000405C13858195EF70314C03450400854511
:10D3E000EF400014B250225492540259F249456160
:10D3F0008280411106C6EFF01FBA9315050113860E
:10D40000013FC18113056030EFA04110B2403726C3
:10D4100000201306862AD545014541016F807073AF
:10D4200003C5C1801306003C930500046F408026AD
:10D4300003D7E1807917635EE604011122CC1384DF
:10D44000819726CAAA84035504004AC801472E8939
:10D450008146ED4506CE2315C100EF90A0382AC6BF
:10D460001DC10356A100CA859730FF1FE780A03574
:10D47000035504003000A685EF20D01709C5ED45FF
:10D480002800EF90E04DF2406244D24442490561E9
:10D490008280828083D7E1806971232481122320D6
:10D4A00021132326111223229112232E3111232C12
:10D4B0004111232A5111232861112326711123249C
:10D4C0008111232291112320A11121472A893D4452
:10D4D000637EF700E1173E84C207C1831307600F24
:10D4E0006374F7001304600F42044180B3048900A1
:10D4F000FD14B3D484029147814913FBF40F63FBFD
:10D5000027019387014183C9470083C73700A209D8
:10D51000B3E9F90093DB8900014D814A228C93F431
:10D52000F40F938C014113F7FA0F636C67038320A8
:10D53000C112032481128324411203290112832979
:10D54000C111032A8111832A4111032B0111832B5D
:10D55000C110032C8110832C4110032D0110556143
:10D560008280628A637389004A8A420A933717006D
:10D57000850A135A0A019E07930600046383540127
:10D580008146D58F5286B385AC01130591002302E5
:10D59000F100A302E10023036101A303310123048D
:10D5A00071019730FF1FE780002213065A004206E0
:10D5B00041824C000145EFF0BFE763F79A0019453F
:10D5C0009730FF1FE780A01D229D33098940420D3F
:10D5D0004209135D0D0113590901B1B7797122D4C4
:10D5E00026D206D64AD04ECEAE84328419C985479B
:10D5F000630DF506B250225492540259F249456126
:10D600008280914763FEC7048387050063C50700D6
:10D6100083C7C150B1C77C001307B00F9386014187
:10D620002286A6851385C150231601002317010009
:10D63000EF804FC08D47E30FF5FA1DE18355C10020
:10D640001307E1009306B00F1386014113850141D2
:10D65000EF907FAA11E50355E100EFF0BFE359BF5A
:10D660001385C150EF802FBC71B7EF80EFFF59D108
:10D670009307F4FFC207C18313077007E36CF7F643
:10D6800037150300A6852286130545B2EF10F01A60
:10D69000A2852685EFB00FF1B1BF2E86AA85014580
:10D6A0006F20003001112306A1008945680006CED5
:10D6B000A3060100EFF07FFEF240056182801305B2
:10D6C000E00F6FF03FFE5D71A2C486C6A6C2CAC05D
:10D6D0004EDE2E8432C2EF802FF919C911C81246CE
:10D6E0001307600F9307F6FF93F7F70F6375F700C3
:10D6F000EFF0FFFC45A2834704001307100863996D
:10D70000E7049947E316F6FE834724009384C19605
:10D710009CC00345340022055D8D88C0EFF05F9CFE
:10D72000034654008347440088C022065D8E23A42C
:10D73000C19623A0A19623A20196238A019683C7AE
:10D740005197639F07101385C165EFF00F8CE9A80F
:10D7500013F7D70F930600086312D7040D47E37938
:10D76000C7F80347140011071377F70FE312E6F821
:10D770001387D7071377F70F854663E4E600E319AD
:10D78000D6F693C707081547E364F7F63717030083
:10D790008A07130787AEBA979C43828713075008FE
:10D7A000E398E7FCB947E315F6F403471400B147E3
:10D7B000E310F7F413052400EFF0EFFBAA84130540
:10D7C0006400EFF04FFB2AC21305A400EFF0AFFA9C
:10D7D00092452A862685EFF04FC739E50547138520
:10D7E000C165A38AE196EFF04F82014581A083478E
:10D7F0001400938401979CC0834724001389C19629
:10D800002320F9000345340022055D8D2320A90063
:10D81000EFF01F8D03D60400AA852320A9001385ED
:10D82000C165EFF00F8611E51305F00FEFF09FE7EC
:10D8300095A08325090083D60400130644000945FA
:10D840009740FF1FE780206983D504001374F50F0C
:10D85000133614001385C165EFF04F862285F9B7A2
:10D8600032C62AC4EFF00FB32AC2EFF0AFB2A2451E
:10D8700012473246B7670300AA9785661385C165CC
:10D88000EFE07FF993050002E30F05EA03C5C180CD
:10D89000EF301049B640264496440649F25961617A
:10D8A000828083471400938401979CC0834724009F
:10D8B0001389C1962320F9000345340022055D8DAC
:10D8C0002320A900EFF0DF8103D60400AA852320DE
:10D8D000A9001385C165EFF08F8039D59440832569
:10D8E0000900130644000D459740FF1FE780A05E26
:10D8F00083D504001374F50F133614001385C16526
:10D90000EFF08F81238A819691BF1384C1651385BF
:10D91000C165EFF00F83E30905F00044EFF08FA736
:10D92000AA84EFF0CFA68347550103474501A2071C
:10D930005D8F8347650103457501C207D98F620575
:10D940005D8D2695E312A4EEEFF0AFCBE31E05EC60
:10D950009305000825BF02CE8947230EF1009307E7
:10D960000036231FF100E17702D002D293870731FE
:10D9700005442311F10202D402D6A3028102EFF082
:10D980000FA18347C5002303F102EFF04FA0034727
:10D99000D5008347C50022075D8F8347E500C20796
:10D9A0005D8F8347F500E207D98FA183A303F102BE
:10D9B000EFF0EF9D8347E5002304F102EFF02F9D88
:10D9C0008347F500D1456808A304F10223058102CD
:10D9D000EFF0BFCCC1B501456F30405101119397B5
:10D9E000050122CC06CE26CA4AC84EC6C1872E845F
:10D9F00063D3070403C5C180EF30F0001DC10347A6
:10DA000005009307000B631CF700034745009307CD
:10DA1000F0076316F700035785002397E180EF3086
:10DA20006077A164A18CF240624426854249D244C9
:10DA3000B2490561828093F7150091CF03C5C1807B
:10DA4000372600201306C6299385413EEF90110228
:10DA500093441400C9BF93F7250095CB03C5C1803B
:10DA6000130600648945EF30F042B7250020138784
:10DA7000C52C8347070015469385C52C85070945A6
:10DA80002300F70093442400EFF09F9A69BF93F7B7
:10DA9000850099CF83C7C18003D581971307803E46
:10DAA000814631469945EF90C17593448400A5BFE6
:10DAB00093F7050181CF03D5819701478946094630
:10DAC0008145EF90915293440401B1BF93F7450013
:10DAD00085C303D5819793444400EF90914E03C5CD
:10DAE000C1800566130606C89145EF30B03A25BFE0
:10DAF00093F70502BDC7138941968327090083A5C3
:10DB00000196B20785660146BE9505459740FF1F01
:10DB1000E780603C9379F50F93440402638B09001E
:10DB20001385C1658145EFE01FD44E85EFF09FB7A7
:10DB3000DDBD8327090003A7819685072320F9000F
:10DB400063E9E7001385C1658545EFE0DFD1014555
:10DB5000F1BF03C5C1800D4693050002EF3090333D
:10DB6000D9B593F70508B1C7EFF0EFAC8D47631C4B
:10DB7000F50005469305000803C5C180EF309031DC
:10DB8000934404084DB59384519709EDEFF0CFB855
:10DB900011E923800400EFF0FFB01306000A93059B
:10DBA0000004D9BF1305F00F23800400EFF09FAFEE
:10DBB000C1BF93F705048144E38707E6EFF0BFE1B7
:10DBC000934404049730FF1FE780A0A9A9BD411129
:10DBD0003726002006C61307062C834707001306C6
:10DBE000062C9545850701452300F700EF20401AD4
:10DBF000B24015454101828041111305800406C6DB
:10DC000022C426C2371400404AC09720FF1FE78075
:10DC1000206E83444404EF00F0402A893725090030
:10DC20001305057CEF30003D372700408347270070
:10DC300061651305150493E717002301F700416799
:10DC4000B7E700E023A0E7108327C40C8D459D882B
:10DC5000C98F2326F40CEF302012EFA07FCCEF50B9
:10DC60001F9DEF507FAECA852685EF007036EF000E
:10DC7000703B23A0A19837440020EF905137EFF07C
:10DC8000CFDE13048454EF902FDDEFE09FDFEFF041
:10DC90004FF6EF50BFBCEFA02FB78355C4B0268519
:10DCA000EF909FBAEF709FBB058919C9EF701FBB3A
:10DCB000098919E58347C4B093F7F7FD2306F4B04B
:10DCC000EF0070299720FF1FE780405505C94111DB
:10DCD00026C213064004AE84814522C406C62A84A7
:10DCE000EF502FE42147A68763739700A147A30055
:10DCF000F404B24022449244410182808280FD5764
:10DD00000DC185C103470504814711056394E700F0
:10DD1000FD5701A82105835685FF6396B600E207EB
:10DD2000E1873E858280850793F7F70FC5B719E134
:10DD30007D55828001114AC806CE22CC26CA4EC625
:10DD400052C456C22E89B5CD834A15042A84638AEB
:10DD50000A063A8AB684B289EFF07FFA635E05005C
:10DD600003450404637955079307150062052300F2
:10DD7000F404618563410506931735003E94854799
:10DD80002312240104C023033401A303F4001DA8BB
:10DD900003A8060083C576003388044199C1637ADD
:10DDA0000A016344050063760701139587016185C5
:10DDB0004287850793F7F70FA106E31BF6FCE35DA7
:10DDC00005FA7D55F2406244D2444249B249224AA2
:10DDD000924A0561828003460404A2868147014776
:10DDE0007D55E1BFAA8715C103470504014563FFBF
:10DDF000E5008E05AE9703C7770011C79843054528
:10DE0000198E63F5C600A38307000145828083A5B0
:10DE100041817D5683A7019893864181638AC5001D
:10DE200063E8B7005567130707182E9763E9E70201
:10DE300055671307071833F6E7027D55918F37466C
:10DE40000020130686546399A500832506AE63E57A
:10DE5000F5003E9763E4E500231506AE9CC2828080
:10DE6000011122CC9307E1002A8478009306A100D7
:10DE7000300093056100480006CEEF00101E11ED42
:10DE80009307407E2312F10085472313F1002314EA
:10DE9000F100231501002316010083556100894616
:10DEA0008357A1000357C1000356410063E5B60044
:10DEB0007D1642064182B71603009386C6B4AE961D
:10DEC0000355810083C6F6FFAA96B2961355260025
:10DED000AA96130500193355A602AA961305400603
:10DEE0003356A6020145918E1D46B3F6C60203467F
:10DEF0001400B356D640858A9DCA0356640011C6E5
:10DF0000FD153356B640058A1DC21306C003B387FC
:10DF1000C702C165FD1503562400BA970357440094
:10DF2000C207C1836319B700918F13B51700F24080
:10DF30006244056182806DDB6378E6000145E3E8B9
:10DF4000C7FE33B5E700E5B763F4C700B3B6E70033
:10DF50003685F1BF011122CC3734002013078454D9
:10DF600056C28567834A8500BA9752C403AAC7AED2
:10DF70004EC693C9FAFF26CA4AC8B744002006CE47
:10DF800013F919001304845493848454630E4903D1
:10DF90005C489DCB03A701988346A5001D8F83474E
:10DFA000B500A207D58F9306C003B387D702637D60
:10DFB000F7008144F240624426854249D244B24986
:10DFC000224A924A056182801C50B1CB0547E392F8
:10DFD000E7FE83478402E37EF9FC93071010B30742
:10DFE000F902A29783C79702E9D74A85EFA0BFB984
:10DFF00069D193F9190023A634AF9377FA0F93FAF6
:10E000001A00638D370583D744AE41677D1763855A
:10E01000E70085072392F4AE639F0A0281A083295B
:10E02000850093F9190013850908EFA01F9751D1B6
:10E0300093C7190023A6F4AE1377FA0F6380E702A3
:10E0400083D744AE41677D176385E7008507239238
:10E05000F4AE6385090083A701981CC88544E30BCF
:10E0600049F583A70198130520035CC8EF908F93AF
:10E0700091B75D71A6C2B7340020138784548567B9
:10E0800052DC86C6A2C4CAC04EDE56DA5AD85ED664
:10E0900062D466D26AD06ECEBA9783C747B0374A89
:10E0A000002093848454858B130A8A54B9E7856AC7
:10E0B000371C0300C16C2689814B138D4AA3130CB6
:10E0C0000CB3938DDAA3138B6AA3F51C13843B0A5C
:10E0D00093174400A69703C7470093761700CDC255
:10E0E000DC439946B309A90185839D079D8B63E9AC
:10E0F000F6088A07E2979C438287EF70EFB309C561
:10E1000098448D4763E5E700EFC09F854DD1B64049
:10E11000264496440649F259625AD25A425BB25B8F
:10E12000225C925C025DF24D616182801204C52D19
:10E1300026946304051A4E85EFF09FD2630F0518ED
:10E1400083474400C18B8DEF4E85EFF0BFE00DC9D2
:10E150003DAAEF504FF20DC593174400A69703C791
:10E16000470083160AAF418B15C3B3076901330714
:10E17000590183970700031787A3998F63DBD7069D
:10E18000850BA9474109E393FBF451B733076901B4
:10E1900003170700E356D7FE4E8536C43EC6EFF0A0
:10E1A0007FDBA24601C9B24703C7470013670701D7
:10E1B0002382E70093174400A69783C74700C18BCB
:10E1C000E1D365B7EF502FEB45DD93174400A697D9
:10E1D00003C7470083160AAF418B19CFB307690104
:10E1E0003307590183970700031787A3BA97E3C939
:10E1F000F6F8120426943DA23307690103170700BD
:10E20000E3D0E6F84E8536C43EC6EFF0BFD4A24652
:10E2100001C9B24703C74700136707012382E7001C
:10E2200093174400A69783C74700C18BB1DB7DB726
:10E23000EFA0AF8C8347C500A1D7B307690103D610
:10E240000700B307590103572AB083D6A7A3B337F2
:10E25000E60081CA81476366C700B3B7E60093C78B
:10E26000170099DF12042694E1BDB307690183D634
:10E2700007008327CAADE3F5F6F0418BE31207F000
:10E280004E85EFF03FCDE30D05EE12042694834753
:10E29000440093E7070151A8B307690183D707003A
:10E2A00083264AADE3FED7ECC9BFEF50CFDCE309CC
:10E2B00005ECB523E30605EC4E85EFF07FBAE301EC
:10E2C00005ECB307B90183C70700A94603170AAFD6
:10E2D000B387D702E3C8E7F865B583474400C18B2D
:10E2E000E38007EAB307590183D787A3FD17C20765
:10E2F000C183E3E7FCE88347C4004E8513C7F7FFFB
:10E30000058BF99BD98F2306F400EFF0BFC4834738
:10E31000C40013C7F7FF058BF99BD98F2306F400C0
:10E32000E30005E683474400BD9B2302F40089BD5A
:10E3300037360020014713068654A9459307370A4C
:10E340009207B29783C647000507BD9A2382D7007C
:10E35000E316B7FE828001114EC606CE22CC26CA35
:10E360004AC8AA896D2919C1EFF07FAAB7470020D2
:10E370009387875403D7A7AE374400209307005AEA
:10E380001304845463F4E7002315F4AE8327C4AE6A
:10E39000A9EB035784AE9306C0038327C4AD4E9701
:10E3A000B356D7020356A4AE9305005A1305005A7C
:10E3B000918DB697232EF4AC63F6B600B296139502
:10E3C000060141819306C0033377D7022315A4AE1B
:10E3D0002314E4AE416763E4E7009307F7FF2310DB
:10E3E000F4B0EF909FF18347C500A1CF835424B0D0
:10E3F000A9C833893403832784AD37F63600130662
:10E4000006E88146B3B434033E99B337F9004A8530
:10E41000BE94A685EF10F20E37F63600AA891306D1
:10E4200006E881464A85A685EF103247232CA4AC26
:10E43000032544AD9347F5FF63F73703FD57232AC0
:10E44000F4ACF12E11C9832704AE03A7019899C338
:10E45000637FF7002320E4AEF2406244D244424995
:10E46000B249056182804E95232AA4ACD9BF856646
:10E47000B307F7409386F6E0E3F0F6FE2320E4AE20
:10E480006244F240D2444249B249014505616F807D
:10E490007FD19377350099EF130740063377E50274
:10E4A000854719E7930700193375F502933715006F
:10E4B0003E8582808147EDBF41119387F5FF22C4DD
:10E4C00006C693F7F70F2D4701446362F702B717AB
:10E4D0000300938787B5AE9703C4F7FF8947639816
:10E4E000F500EFF01FFB01C505041374F40F22853E
:10E4F000B240224441018280F9C9370700801347A6
:10E5000087D781476366A70C011122CC5564130499
:10E5100004184AC83359850226CA4EC606CEAE84B0
:10E520009309207B337485024E85EFF09FF6B33755
:10E53000A0009387D7166369F9008509C2093309DA
:10E54000F94093D90901CDB7B716030085472D4689
:10E55000938686B589451387F7FF1377F70F6361B5
:10E56000E6063387F6000347F7FF6396B70001C559
:10E5700005071377F70F6376E9040565130505E1D1
:10E580002381F400B357A4020509A3812401239039
:10E5900034013374A4021305C0032382F400B3577B
:10E5A000A4023374A402A382F40085473E8523832A
:10E5B0008400F2406244D2444249B24905618280FB
:10E5C000014785073309E94093F7F70F69B781479A
:10E5D0003E8582808147630F0510638D0510797138
:10E5E0005EC6835B050006D622D41387EB84420700
:10E5F00026D24AD04ECE52CC56CA5AC862C44183A3
:10E600009306400463E2E60C034C2500AD46130775
:10E61000FCFF1377F70F63E9E60A834445005D4783
:10E620006364970A034A55001307B003636E4709F2
:10E6300083496500636A3709834A350063860A089F
:10E640002E895E85E285EFF03FE78147636E5507CF
:10E650001304D01633848B023707F5FF9387FBFF33
:10E6600013079755054B3A9413D727003A9413078D
:10E67000001933D7E7023A9413074006B3D7E702ED
:10E680001D8C63106C07FD1A1967569413077711D8
:10E690008147636B87028567938707E1B387F4023D
:10E6A0009304C003D56A938A0A18330A9A02330482
:10E6B0005403D297CE973E94B707008093C797D75D
:10E6C00023208900B337F400B250225492540259E7
:10E6D000F249624AD24A424BB24B224C3E854561D6
:10E6E0008280DA855E85EFF03FDD050B2A94137B8F
:10E6F000FB0F41BF3E858280797122D4930761016F
:10E700002A8458089306210110089305E100680047
:10E7100006D6EF10102C8357C100A2852808231CB1
:10E72000F1008357E100230DF10083570101A30D90
:10E73000F10083572101230EF10083574101A30EFD
:10E74000F10083576101230FF100EFF0BFE8B250F1
:10E75000225445618280411106C6B7170040A3814B
:10E760000704EF205003B240054541016F20E07BD4
:10E77000B7374F9C9387073037374F1CAA9713073B
:10E7800087076366F70401112C0022CC06CE2A8489
:10E79000EFF09FD61DC14800EFF01FF619CD92474C
:10E7A0006361F402B307F44063C9070023A8F1983A
:10E7B00023A0819805472386E198F24062440561D1
:10E7C0008280818FE3CB07FEB307F040C5B782801C
:10E7D000411122C426C206C685441384C19863072A
:10E7E0009502B7374F9C9387073037374F1CAE974A
:10E7F00013078707636CF7002E85EFF07FF7230080
:10E800009400B240224492444101828037C5556948
:10E8100013050590EFF0DFF523000400DDB703C515
:10E82000C19882800111680006CEEFF0FFEC11E57F
:10E8300003A50198F2400561828003A50199B247C2
:10E84000634805001347F5FFE364F7FE3E95DDB727
:10E850003307A040E3FCE7FEE1BF797122D426D262
:10E8600006D62E84AA8432C636C43AC23EC0EFF021
:10E870007FFB2C08EFF05FC821C582471247A246F4
:10E88000324689C4835581012390B40009C483456D
:10E89000A1012310B40009C68345B1012310B600BD
:10E8A00089C60346C1012390C60009C78346D1012A
:10E8B0002310D700054589C70347E1012390E700EE
:10E8C000B25022549254456182809387A19803C725
:10E8D00007001377F70F1DCF411106C623800700ED
:10E8E000EF609FB511C9EF00407FEF90AFF8B240E5
:10E8F000054541016F90AF83B73700209387875458
:10E9000005673E978346C7B0F99A2306D7B00547F7
:10E9100098C7E1BF82809387819803C70700137768
:10E92000F70F4DCB411106C622C423800700EF909C
:10E930007FE2EF901FD70945EF807FFF373400203B
:10E94000130784548567BA9703D5C7B0130484545A
:10E95000EF900F8209C5B7170040A3810704EFA00D
:10E960000FDCEF708FCE31C981450145EFA08FDA02
:10E9700081450145EFA0CFD8930540060545EFA09E
:10E98000CFD818448D4763F1E70203A781998347E5
:10E99000E4019306803E9305C012B387D702D146A7
:10E9A000B3D7D7026365F7008565938585BB22449D
:10E9B000B240054541016FA0EFD39305803E054568
:10E9C000EFA04FD59305401F0545EFA06FD39305EA
:10E9D000800C6DB782809387919803C707001377E7
:10E9E000F70F25CF011106CE22CC23800700EFF0D0
:10E9F0007FE323A0A198EF802FFD3145EF803FF307
:10EA0000EF40DFE7EFF0EFE60545EFF0DF9483C777
:10EA1000C1981384B19899E723000400F24062443E
:10EA2000056182809307E10078009306A100300021
:10EA3000930561004800EFF05FE279DD03470400D1
:10EA40008357810001E72300F400C9BFE308F7FC06
:10EA5000EFF01F8E83578100FDB78280834715003A
:10EA600003470500A2075D8F834725000345350056
:10EA7000C207D98F62055D8D828023AA019A239CEB
:10EA8000019A2396019AA387019A2387019A82808B
:10EA900003C7019B9387019B05071377F70F11C7E6
:10EAA0002380E70003C5070082800547D5BF4111D9
:10EAB00006C6EFA0FFBF93771520054599E703D55C
:10EAC000819B1335250313451500B2404101828017
:10EAD0002E8621C1B73700209387875403D727009C
:10EAE0006309A70283A6419803C7E7018567938757
:10EAF00087BB3307F702B7C70200938707F2637338
:10EB0000F7003E87AA85376500201305858D6FF0D5
:10EB10000FA27D558280411122C437340020930713
:10EB2000845403C5470026C206C6EF803F8C03C746
:10EB3000E199930784548546374400209384E199F2
:10EB4000130484546315D7028346C4B0858A85E2D2
:10EB5000944F639EA60003C6F199834684B0631860
:10EB6000D60003C6D199834694B0630ED60083467F
:10EB700094B0034684B0D94588CFEFA07FD611C9A1
:10EB8000238004000147B240224492443A85410167
:10EB90008280034784B085472380F400A38FE198E7
:10EBA000034794B0A38EE19883A541981385019AF9
:10EBB000EFB00F830547C1BF411122C43734002095
:10EBC0004AC0130984540345490026C206C6EF8093
:10EBD0001F8483C6E1999307845409473744002072
:10EBE0009384E199130484546397E6020347C4B005
:10EBF000058B15E303278901631FA70083C6F199DD
:10EC00000347A4B06399E60003C6D1998346B4B024
:10EC10000547630ED6008346B4B00346A4B0D94579
:10EC200088CFEFA0FFCB19C9238004000147B24071
:10EC30002244924402493A85410182800347A4B0AC
:10EC400089472380F400A38FE1980347B4B0A38ED3
:10EC5000E19883A541981385019AEFA07FF80547B5
:10EC6000F9B7B737002003D6A754357106CF32C4A1
:10EC70002AC6EFF0FFE132482246B7670020C1669E
:10EC80002A8793878785FD1685450808EF807F953D
:10EC900001E9EFA0FFDDEFF05FDEFA400D61828059
:10ECA0001D47AA8523AAE19A0808239C019AEFA090
:10ECB000BFD6E5B7C94763EAA70001458280014591
:10ECC000B2402244924441018280411122C42E84E8
:10ECD000AA853765002026C293048585130585859E
:10ECE00006C6EF80CFEC61DD03C704009D47E31843
:10ECF000F7FC03C5940083C78400420422055D8DA0
:10ED0000420541854184018D1335150055BF4111E0
:10ED100026C2B764002022C4138484858947A300D7
:10ED2000A4002311B40013858485914506C62300F1
:10ED3000F400EF80CFE42302A4002244194723AA61
:10ED4000E19AB240138584859244239C019A9545AB
:10ED500041016FA07FCC7971B737002022D4138492
:10ED6000875426D24AD04ECE52CC56CA5AC8835A5D
:10ED7000240006D62A89AE89328AEF900FD885679B
:10ED8000A297AA8403D587AF039B07AF374400201F
:10ED9000930705FFC207C183414713048454637777
:10EDA000F706231201002C005A85EF804FEA19E183
:10EDB000231401008327C4AE03C7C40093B7170010
:10EDC0002303F100834744AFA2072315F1008347D3
:10EDD000C4AFA2072316F100814719C383D72400CB
:10EDE0002317F100EFA07FC85C005287AA865686E1
:10EDF000CE854A85EF800FEDB250225492540259CD
:10EE0000F249624AD24A424B45618280A9473305A2
:10EE1000F5024C0042054185EF806FE359D161B79F
:10EE200009ED1305F00F82801305F00FF2406244E4
:10EE3000D2444249B249056182809547E3F3B7FE67
:10EE4000011122CC26CA4EC606CE4AC8AA84B2896F
:10EE50002E84EF80CFD569D903C70400B547E315E9
:10EE6000F7FC3739002083C634001306895483C762
:10EE700024000356C601139786005D8F1309895439
:10EE80006306E600E38209FAD58FD9FF83C75400F1
:10EE900083C6440003572900A207D58FE316F7F86D
:10EEA00083C7140005476390E704C947E31EF4F6DF
:10EEB00003C4840083C7740083C9640022045D8C8A
:10EEC00013859400EFF09FB9AD1993F7F90F15472B
:10EED000AA84636EF702371703008A07130747B641
:10EEE000BA979C4382870D47E390E7F4D947E31D27
:10EEF000F4F203C4C40083C7B40083C9A40022048D
:10EF00005D8C1385D4007DBF9304100811C409459E
:10EF100031BF9304000865FC2685EF907FAE65D96C
:10EF20002685EF90DFCD2DCD93F7F90F1147E360E4
:10EF3000F7FE371703001307C7B78A07BA97984336
:10EF4000B747002093878754028771F0930705FF26
:10EF50003D47E36EF7FA131405014180930405035E
:10EF600065BF91479304140AE3F887FA4DB78D47BC
:10EF700093041405E3F287FA59BF51F8C1671307E8
:10EF8000F5FFF517E3E5E7F883270902C9F303471F
:10EF9000490293071005E3ECE7F6EF903FDF19E134
:10EFA000054569B58567231399023E998347C9B022
:10EFB00013052003ED9B2306F9B0EF80AF9E0145BA
:10EFC000B5B503A7C7AE11CF03D747AEC166FD16CF
:10EFD0006305D70005072392E7AE03A70198232A0C
:10EFE000E90023A607AE83A701982328F90013059B
:10EFF0002003EF802F9BEFB03F96D1B783A6C7AE1B
:10F000000547638FE60003D747AEC166FD1663056B
:10F01000D70005072392E7AE03A70198232AE9004A
:10F02000054723A6E7AEE1B7239C87AEC9B723AA5D
:10F0300087AE75BF23AE87AE5DBF828011CD411113
:10F0400022C406C63304B500EF806FB32300A400CA
:10F05000B24022444101828082802DCD411106C6FA
:10F060008548AA872E873288639D150309E6B2403A
:10F0700041016FF05FCEB736002083D6A654094613
:10F080002300C500A380B7002301D500A182A3817E
:10F09000D7009145EFF09FFA9546B2403685410181
:10F0A00082800D468146E39AC5FEB736002083D69E
:10F0B000A65413F6F60FA182630A080089452300BF
:10F0C000B500A380E7002381C700D1B72300150155
:10F0D0002147C5BF8146368582805571CAC11387D5
:10F0E00081991C43A2C5A6C34EDF52DD56DB8507BE
:10F0F0003734002086C75AD95ED762D566D31CC381
:10F10000130784548356270003D7A19AB7440020DD
:10F11000A30F01001389819913048454938AA19A3F
:10F12000138A8181938484549389A181639EE6002C
:10F130000357440083570A006318F70003C754B00D
:10F1400083C709006300F706EFF03F93376500209F
:10F1500091451305858DEFE07FB7238E0198835786
:10F1600024001385019A2390FA008357440023104A
:10F17000FA0083C754B02380F900238F019883A538
:10F180004198EFA0DF9C85471CC483C6819A130772
:10F19000A0289387819A91E201472320E90005473F
:10F1A0002380E70083C7C4B0858BADC3EFF0FF8C2D
:10F1B000238F019883A5419885471CC41385019A24
:10F1C000EFA09F9905C503C754B08947631DF70297
:10F1D000EFF09F9E133515009307A028630C0536AA
:10F1E00083A541981385019AEFA05F9CBE402E44F1
:10F1F0009E440E49FA596A5ADA5A4A5BBA5B2A5C4B
:10F200009A5C69618280EFF01F91E9B703C754B03F
:10F210008547138A419B6307F70083270A0099C338
:10F22000EFF0BF8583270A00A5E31C440547639ED2
:10F23000E72283552400C54793066009B387F5028A
:10F2400003270900B3F7D7029387471FE360F7FA54
:10F2500003C754B08947B7690020631FF71E03D660
:10F2600064B013858985EF80EFB2A30FA100EFF0A2
:10F27000BF948345F10113858985EFA0EFF9894794
:10F280001CC4232009009DB79386819B03D70600E9
:10F29000FD179384819B05072390E6001947636857
:10F2A000F71A371703008A07130707B9BA979C4361
:10F2B0008287EFF0CFFF1DD9EFA08FFB8947232076
:10F2C000FA00239004001DB7B769002013858985D3
:10F2D0009305F101EFA0EFFE0345F1012DC5138960
:10F2E000C19A83550900EFF0FF9C31CD835A090084
:10F2F000EFA0AFF79375F50F5685EFF06FFD03564E
:10F3000024008356090032C636C4EFF06FF8034874
:10F31000F101A24632462A879387898585450810E0
:10F32000EF802FAC01E9EFF03F89EFA06FF4EFF031
:10F33000CFF46DBD2AC4EFF03F88A2450810EFA0BE
:10F34000AFED8D47ADBF03D704009307900FE3FFE8
:10F35000E7E8D1BFEFF0AFF5E30A05E8F9B7EFF062
:10F360000FF5E30505E8EFA0AFF0954789BF3769D2
:10F3700000209305F10113058985EFA08FF48347E1
:10F38000F10193098985D1CB03D7C19A8356240013
:10F390001C1009469305F10113058985EF804FADD7
:10F3A000938AC19A3DC90347010283C7E19A631654
:10F3B000F7068345F10113058985EF705FFF31CDB5
:10F3C0000347F1018D47014463F6E70203C70900D3
:10F3D000B94763E9E700916793876702B3D7E7000E
:10F3E000858B99E3014439A003C4390083C7290000
:10F3F00022045D8C83D70A0063918702EFA0EFE6B9
:10F400009375F50F2285EFF0AFEC8345F1011305FD
:10F410008985EFA06FE099475DB503D70400930796
:10F420001003E3F5E7DC03C7F19A83D7C19A894655
:10F4300091452380D900A380E9002391F9001305A9
:10F440008985EF70DFF32382A9009545C9B7EFF0F6
:10F45000CFE2EFA0EFE159BB13858985EF80CF8F15
:10F46000A30FA100EFF02FEB29B5894A639657034C
:10F47000EFA00FA49377150089C7EFA06FDF8D472A
:10F4800001B51375052019E503270900930720032B
:10F49000E3FEE7D48547EDB30D476395E70EB76903
:10F4A00000209305F10113858985EFA08FE1834743
:10F4B000F1019DC383C754B06390570303572400E1
:10F4C00083D664B09387C19905469305F1011385EE
:10F4D0008985EF80EF9935DD0345F10151C58355ED
:10F4E0002400EFF02FFD49C19389898583C7F90076
:10F4F000376700209306B0031307878563EFF60490
:10F500009307C00383C654B0230FF4008947639C5C
:10F51000F6008346E4019307900563E6D70093075E
:10F52000A005230FF4008347770003476700A20775
:10F53000D98F231EF400EFF02FE8EFA06FD391478F
:10F540001CC48347E4011307803EB387E702514799
:10F55000B3D7E7022320F90051B99306400BE3F338
:10F56000F6FA930740FB79BF83C654B00947930767
:10F57000A00F6384E6009307400603270900E367B2
:10F58000F7C609BF1147639AE72AB76900209305B8
:10F59000F10113858985EFA0CFD28347F101638BF9
:10F5A000072683C754B0639157030357240083D6BB
:10F5B00064B09387C19905469305F1011385898548
:10F5C000EF800F8BE30705E88345F10113858985FB
:10F5D000376B0020EF70BFDD938A8985130B8B8515
:10F5E000E30905E683CC54B0854703CC0A0083CBFE
:10F5F0001A006392FC088345F101994763FDB70641
:10F600009547631AFC0613858985EF705FDA25C577
:10F6100083C71A006391970783C75A0083C64A00BD
:10F6200003572400A207D58FE395E7E203C43A000D
:10F6300003C72A002204598CE30D04E0E30BF4E035
:10F64000EFA0AFC29375F50F2285EFF06FC8E342CC
:10F6500005E0A28508102396819AEF70FFEFEFF086
:10F660008FCB95450810EFA02FBB85472320FA00CC
:10F67000239C019AA5BE8345F1018D4763FCB70029
:10F6800083473B0003472B00A207D98F0357C401D0
:10F69000E391E7DCAD476311FC04A14763F4B702D3
:10F6A00013054B00EFF08FBB03A7019893063700BB
:10F6B00063E6A6009306350063F6E60023A0A19852
:10F6C000EFF00F8B03C754B08547E314F7D8034519
:10F6D000F101EFF00FD919BEBD476319FC0003C754
:10F6E00054B08547E317F7D62E85E5B7B5476311C4
:10F6F000FC12954763FEB710834A5B0083474B00BB
:10F70000A20AB3EAFA00835724006398570793F7D5
:10F71000DB0F054701466396E70413858985EFF003
:10F720002FF02A86DE8513858985EFF01F9303C7A6
:10F7300054B08947631DF70203C7C199835624005B
:10F7400003D664B02A888945938789850810EF70AD
:10F750005FE9AA85081099ED83A701985CC49547D5
:10F7600005B6DE8513858985EFF0EFDEC9B7AA857A
:10F7700013858985EFA04FAAC5B703C754B0854745
:10F78000E319F7CCB7640020D6851385848DEFE0AC
:10F790000FD7E34005CC8346E40103A64198856773
:10F7A000938787BBB386F602B7C70200938707F239
:10F7B00063F3F600BE869375F50F1385848DEFE035
:10F7C0006FE211E5D6855E85EFF06FD405B403488E
:10F7D000F1012396519B42C4A387719BEFF04FAB7D
:10F7E0002248035624002387A19A2A8785459387B8
:10F7F0008985D6860810EF70DFDEAA8561D591472E
:10F800002320FA000810239C019AEFA0EFA0F9BA78
:10F81000EFA00FA68347E4010567130787BBB387F3
:10F82000E702514783260900B3D7E702E3E0F69CDD
:10F8300085471CC49307C05D31BB1547E398E79A21
:10F84000EF901FE7058919E50327090093072003B7
:10F85000E3FEE79891471CC423200900DDBE411157
:10F8600022C426C206C603C7050089471384C19B6C
:10F8700085446312F704D841A9448347170003471E
:10F880000700A207D98FC207C187130710EE639440
:10F89000E7029307700FB54463EFD7003767002086
:10F8A0002300D40081471307079393950701C18173
:10F8B00063E9D50281440346040011CE83A7019C6D
:10F8C00099CBDC4389CBB76500209385059301452F
:10F8D000829723000400B2402244268592444101CD
:10F8E0008280B305F60003C50500B305F700850760
:10F8F0002380A5005DBF03C7050089476317F7068E
:10F90000D8418347170003470700A207D98FC207D2
:10F91000C187130710EE6396E704411122C41384D4
:10F92000B19B32850346040006C62390060011E60B
:10F93000B2402244014541018280B76500202390F6
:10F94000C6009385C5919710FF1FE780C0E783A786
:10F95000019C23000400E9DF9C43F9DB0145829709
:10F96000C1BF2390060029458280239006000545EB
:10F970008280058909CDB72600203725002093868F
:10F98000463841469145130545346F80D06C01459A
:10F99000828009C523A0A19C0145828045458280C3
:10F9A00051476362C7023765002041111305C591B5
:10F9B00006C6A38DC19A9710FF1FE780C0E0B24032
:10F9C0000145410182801305E00F8280CC41411145
:10F9D00006C6328503C6150083C5050022064D8E76
:10F9E00042068D654186138875A2630C060F634835
:10F9F000C804138845A26306060B634AC8009385B2
:10FA000035A26309B60623900600294679A013881B
:10FA100055A26308060B938565A2E316B6FEC145A1
:10FA20001D4663ECE5064546198E63F3C7003E8626
:10FA3000B71503002390C6009385C5BB89A813881A
:10FA400095A26300060F634E060B1388A5A2630AF6
:10FA5000060F938505A5E318B6FA99451D4663EE92
:10FA6000E502198E63F3C7003E862390C600938596
:10FA7000418231A89D451D4663E1E5022146198E6C
:10FA800063F3C7003E862390C6009385419CBA95D8
:10FA90009710FF1FE78020D30146B2403285410115
:10FAA0008280AD451D46E3EAE5FE3146198E63F3DB
:10FAB000C7003E86B71503002390C600938585BF17
:10FAC000F9B7B1451D46E3EAE5FC3546198E63F307
:10FAD000C7003E86B71503002390C600938585C0F6
:10FAE0007DB7C1451D46E3EAE5FA4546198E63F345
:10FAF000C7003E86B71503002390C600938505BD59
:10FB000079B7C1451D46E3EAE5F84546198E63F32A
:10FB1000C7003E86B71503002390C600938585C1B4
:10FB2000BDB7C1451D46E3EAE5F64546198E63F3C8
:10FB3000C7003E86B71503002390C600938545BED7
:10FB4000B9B7B5451D46E3EAE5F43946198E63F3C6
:10FB5000C7003E86B71503002390C6009385C5BA3B
:10FB60003DB7B7260020372500209386C64C414676
:10FB7000CD451305C5396F80104E83C7850093F7B7
:10FB80000702E1E303CE050009432E888547631B86
:10FB90006E0A03A34500411122C426C206C683474C
:10FBA0001300034303003284A207B3E767004163F5
:10FBB000130E13FEB6846381C7030913638A6704B7
:10FBC0000D681308289063870707A947B2402244AD
:10FBD00092443E8541018280AD476DFB130780074B
:10FBE000B547E365D7FE0325C80013068007A28545
:10FBF0009710FF1FE78020BD014503A7819D814726
:10FC000071D7184361D72686A285029781477DBFA9
:10FC1000AD474DFF13078007B547E369D7FA0325C2
:10FC2000C80013068007A2859710FF1FE780A0B9C0
:10FC30000545E1B72244B2409244854741016F70C7
:10FC40004005A1473E8582802D4525EF03C705006D
:10FC500089476314F706D841834717000347070015
:10FC6000A207D98FC207C18705576394E7044111E2
:10FC700022C426C24AC006C632893684AE84EFD07A
:10FC80001FF5930780072A8663F4A70013068007F1
:10FC90002310C400CC4442064A8541829710FF1FBE
:10FCA000E78060B2B24022449244024901454101DA
:10FCB0008280239006002945828023900600054516
:10FCC00082808280C167F9176306F504411122C45E
:10FCD00006C685472A846394F50222859385C19CD4
:10FCE000EF80504222859385019DEF80B0412285AF
:10FCF0002244B2409385419D41016F80B0408947C5
:10FD00006396F5008545EFA0B07461D9B2402244F6
:10FD1000410182808280411126C2C16422C4938540
:10FD2000C19C2A841385F4FF06C6EF80B03D9385FD
:10FD3000019D1385F4FFEF80F03C9385419D138571
:10FD4000F4FFEF80303C37050100130545CC0588F2
:10FD5000EFA050670DC02244B2409244B726002065
:10FD6000372500209386865A4146B5451305854DB3
:10FD700041016F80502EB24022449244014541011E
:10FD8000828009C523ACA19C0145828045458280C3
:10FD9000411106C60547AE87B2856305E50201C974
:10FDA0000947630DE5020945B2404101828037658C
:10FDB00000203E86130585A29710FF1FE780A0A0B4
:10FDC0000145DDB7130780076145E39FE7FC376511
:10FDD000002013068007130505AAF9BF1307800743
:10FDE0006145E393E7FC37650020130680071305A0
:10FDF00085B1D9B7411122C426C206C68547AA8457
:10FE000032846387F50491C989476389F504B24058
:10FE1000224492444945410182809385C19CEF6010
:10FE200010628947058965D513974700B7270020D9
:10FE30009387874DBA9783D7A700A285B240231036
:10FE4000F400224426859244014641016F70103C23
:10FE50009385019DEF60B05E9947E9B79385419D19
:10FE6000EF60F05DA9477DBFB7170040854603C826
:10FE7000870583C89705238CD70403C79705137894
:10FE8000F80F93F8F80F13678700A38CE70403C7F4
:10FE900097051377B70FA38CE704238DD704371783
:10FEA00000408347A7051306A705858BFDFB056565
:10FEB0004147B7150040054E1303F5FF2300C60167
:10FEC00083460600858AEDFE83D6C5057D17420769
:10FED00093C6F6FFB3F666004183B69765F3A107B4
:10FEE0009183130505801D8DA38C15054205238C78
:10FEF000050541858280B717004003C777051A05BD
:10FF000092054D8D1377E70F13653500A38BE7043A
:10FF10001375F50FA38CA7048280B717004003C7A1
:10FF200077051377E70FA38BE704130700F8A38D7A
:10FF3000E7043D47238CE70413075003A38CE70431
:10FF400082800547B7170040238DE704371700402C
:10FF50008347A705858BEDFF0355C70552055181E2
:10FF60008280B717004083C7E7020D8993F7C70F58
:10FF7000C98FF3260080A18A91CAF326008023AEA0
:10FF8000D19C83A6C19DDD9A739006800F1000005E
:10FF9000B7160040130670052380C604130680FAC6
:10FFA0002380C6040F1000002387F6022380060476
:10FFB000F326008083A7C19DA18BD58F7390078006
:10FFC00023AE019C0F100000828041112A83014E54
:10FFD000930E407E130F0019930F400663E76E14D3
:10FFE0009308001913034006B3781503854E0D4F8F
:10FFF000A14F337365020D891335150063E1BE16F9
:020000040001F9
:100000001308F6FF7946729842081358080133071F
:10001000C70213D61700BE0732976146B3F6C60271
:1000200013068070B386C6023697A166F58F420725
:100030005D8FB716004083C7F60293F70708A30742
:10004000F1000346F10083C7F60293F70708E39433
:10005000C7FE8347F100B716004093F7F70F638A96
:100060000714F3260080A18A639B06140F1000007A
:10007000B7160040130670052380C604130680FAE5
:100080002380C6040F10000023AA060303C616032C
:1000900013660608A388C602238006047326008020
:1000A00083A6C19DA18AD18E7390068023AE019C48
:1000B0000F1000001166B71500407D16D459C85DB9
:1000C000A98EF18EE5FEF3260080A18A91CAF3265F
:1000D000008023AED19C83A6C19DDD9A73900680DB
:1000E0000F100000B7160040130670052380C604E9
:1000F000130680FA2380C6040F100000D8DA03C765
:10010000160313670704A388E60223800604F32678
:10011000008003A7C19D218B558F7310078023AEEC
:10012000019C0F100000410182807D133368E303BE
:100130009308E016630E08003368F3039308D016A3
:10014000630808009378330093B818009388D81692
:1001500033081E01131E0801135E0E0141B563939F
:10016000E5030548638608000148630303002A8805
:1001700071087298FD15131E0801C205135E0E0169
:10018000C181ADBD13F8150063F4BF007908D5B780
:1001900013381800E5BF83C7F60293F70708A307D3
:1001A000F1000346F10083C7F60293F70708E394D2
:1001B000C7FE8347F10093F7F70FF1DF5DB5F32634
:1001C000008023AED19C83A6C19DDD9A73900680EA
:1001D00071BDB718004003A8C80303D3A80383D890
:1001E00088034111060393D8F8004A08B30E13019F
:1001F0009308407E22C626C44AC213582801231001
:100200001501930F00199302D01693034006130FA4
:10021000C01603530500B378F30363800810B37866
:100220007302638108109378330013BE1800130E15
:10023000DE166350C8092390050005449944F94F20
:10024000F542130900199303400683D80500138F64
:1002500018006394880A03530500337E2303630C5C
:100260000E08B378730263860800937833006384C2
:100270000808F148635C18052390E5010508231080
:1002800006010566130606E1B3D5CE023244A24448
:10029000124933F6CE022390B6009306C0033356BC
:1002A000D602B3F6DE022310C7002390D700410127
:1002B000828093B818009388D816330818414208F2
:1002C00005031358080123106500A1B78548630B87
:1002D0000E00337E7302814863060E00937833006C
:1002E00093B81800F1083308184142081358080160
:1002F0002390E50199BFF548B5BF13F3180063F8E3
:10030000140163180300E3D902F7F948E9BFE31CBD
:1003100003FEE3D30FF7FD48F9B7E3DE02F19308DC
:10032000E01661BFE3590FF19308D01679B7597100
:10033000E2C486D6A2D4A6D2CAD0CECED2CCD6CA59
:10034000DAC8DEC6E6C2EAC06EDE2A8C02D6EF004C
:10035000D035F3270080A18B91CBF327008023AE0B
:10036000F19C83A7C19DDD9B739007800F10000057
:10037000B7170040930670052380D704930680FAD0
:100380002380D7040F10000083C6F70293F6760F80
:10039000A387D70283C6F70293E68600A387D70216
:1003A00023800704F326008083A7C19DA18BD58FEE
:1003B0007390078023AE019C0F100000F32700808C
:1003C000A18B91CBF327008023AEF19C83A7C19D25
:1003D000DD9B739007800F100000B7170040930655
:1003E00070052380D704930680FA2380D7040F106A
:1003F000000083C6E70293F6C60F2387D70283C6A1
:10040000E70293E616002387D70223800704F3262A
:10041000008083A7C19DA18BD58F7390078023AEE9
:10042000019C0F100000930680C1B346D50291696C
:10043000938709E8130650023D69B7440F0093847F
:100440000424056B014A814A13047005FD19B34762
:10045000F502B386C6023EC2930709A61309803E81
:1004600033C7F602B34625033AC405493319890157
:10047000135939403386C6023345950293040BFA6B
:10048000B3948401011B3347F6021306A004330919
:10049000D9023AC63386C60293066055B304950264
:1004A000130500103309D9023347F602B3C4A4027E
:1004B0003AC8B347F90213973400371900403ACCD1
:1004C000930409043ECAF3250080A18991C9F3254C
:1004D000008023AEB19C83A5C19DDD9973900580FA
:1004E0000F100000930770052380F400930580FA35
:1004F0002380B4000F1000008345390593F5850F64
:10050000A309B9048345390593E51500A309B90486
:10051000238004007325008083A5C19DA189C98D16
:100520007390058023AE019C0F100000930B80FA9E
:10053000916CF3250080A18991C9F325008023AE39
:10054000B19C83A5C19DDD99739005800F100000BB
:10055000930770052380F400238074010F100000BE
:1005600083453905E17793E50502A309B90483556D
:100570000905B3E595012318B90483550905DD8DF7
:10058000C205C1812318B9042380040073250080AB
:1005900083A5C19DA189C98D7390058023AE019C5F
:1005A0000F1000008345390593F505026387051692
:1005B00083453905A189EDDD6810EF003013F3257F
:1005C0000080A18991C9F325008023AEB19C83A549
:1005D000C19DDD99739005800F1000002380840079
:1005E000238074010F10000083453905E17793F5EE
:1005F000F50DA309B9048345390593E50502A3095F
:10060000B90483550905B3E595012318B904835549
:100610000905DD8DC205C1812318B90423800400BA
:100620007325008083A5C19DA189C98D7390058024
:1006300023AE019C0F1000008345390593F5050298
:100640006389051083453905A189EDFD9700FF1FDA
:10065000E78080C8AA852ECE9700FF1FE780C0C71D
:10066000F245E30AB5FE835509053255B3E5950118
:100670002318B904EF00900983453905A189EDDD00
:100680000355090583452905924733F5A900B3852C
:10069000B9022E951D8DA24763D5A700B2476346C8
:1006A000F50E894563E5550FC247850A9315150078
:1006B00093FAFA0FB3C5F5026351A03C85050945CD
:1006C000B3C5A50273250080218911C97325008057
:1006D00023AEA19C03A5C19D5D99731005800F10E9
:1006E000000023808400238074010F100000035554
:1006F000C902AA95C205C1812316B902238004004C
:100700007325008083A5C19DA189C98D7390058043
:1007100023AE019C0F10000029BDF3250080A189A4
:1007200091C9F325008023AEB19C83A5C19DDD99BD
:10073000739005800F1000002380840023807401D3
:100740000F1000008345390593E50502A309B9049C
:1007500025BDF3250080A18991C9F325008023AE32
:10076000B19C83A5C19DDD99739005800F10000099
:1007700023808400238074010F1000008345390515
:1007800093E50502A309B90451BDE38F0AF0F325EF
:100790000080A18991C9F325008023AEB19C83A577
:1007A000C19DDD99739005800F100000930580FABC
:1007B000238084002380B4000F1000008345390596
:1007C0001375FC0F93F5850FA309B904834539050B
:1007D000C98DA309B904238004007328008083A570
:1007E000C19DA189B3E505017390058023AE019CED
:1007F0000F100000130880FA834539059D89639026
:100800008529F3250080A18991C9F325008023AEB5
:10081000B19C83A5C19DDD99739005800F100000E8
:10082000930580FA238084002380B4000F10000019
:1008300083453905116593F5F50DA309B904834581
:10084000390593E50502A309B90483550905C98D46
:100850002318B904835509052165C98D2318B904E6
:10086000238004007325008083A5C19DA189C98DC3
:100870007390058023AE019C0F100000130580FAD1
:100880008345390593F505026385052483453905BC
:10089000A189EDDD6810992DF3250080A18991C90A
:1008A000F325008023AEB19C83A5C19DDD99739093
:1008B00005800F100000930580FA238084002380B8
:1008C000B4000F10000083453905116593F5F50D4F
:1008D000A309B9048345390593E50502A309B904C1
:1008E00083550905C98D2318B90483550905216568
:1008F000C98D2318B904238004007325008083A5C3
:10090000C19DA189C98D7390058023AE019C0F10F4
:100910000000130580FA8345390593F505026385C8
:10092000052083453905A189EDFD9700FF1FE7806C
:10093000A09AAA8B9700FF1FE780009AE30C75FF2F
:10094000835509051165C98D32552318B9047D2BCE
:1009500083453905A189EDDDF3250080A18991C981
:10096000F325008023AEB19C83A5C19DDD997390D2
:1009700005800F100000930580FA238084002380F7
:10098000B4000F1000008345390593F5F50DA30958
:10099000B904238004007325008083A5C19DA1892B
:1009A000C98D7390058023AE019C0F100000035584
:1009B000090583452905E24733F5A900B385B90246
:1009C0002E951D8D9305800CB305B502D247B3C596
:1009D000F5026356A01A85050945B3C5A502635201
:1009E000B01A0355C9021308F00F15812E95635BE9
:1009F000A824894563F5451FF3270080A18B91CB7F
:100A0000F327008023AEF19C83A7C19DDD9B7390EB
:100A100007800F1000003717004093077005230070
:100A2000F704930780FA2300F7040F1000008356A1
:100A3000C70289678117D58FC207C1832316F702C2
:100A4000230007047327008083A7C19DA18BD98F42
:100A50007390078023AE019C0F100000B6502654FF
:100A600096540659F649664AD64A464BB64B264C2A
:100A7000964C064DF25D65618280FD1589B1F325C6
:100A80000080A18991C9F325008023AEB19C83A584
:100A9000C19DDD99739005800F10000023808400B4
:100AA000238004010F10000083453905C98DA30977
:100AB000B90423800400F328008083A5C19DA18987
:100AC000B3E515017390058023AE019C0F10000063
:100AD00025B3F3250080A18991C9F325008023AEB9
:100AE000B19C83A5C19DDD99739005800F10000016
:100AF000238084002380A4000F1000008345390563
:100B000093E50502A309B90423800400732800803B
:100B100083A5C19DA189B3E505017390058023AE2E
:100B2000019C0F100000A9BBF3250080A18991C989
:100B3000F325008023AEB19C83A5C19DDD99739000
:100B400005800F100000238084002380A4000F1074
:100B500000008345390593E50502A309B904238004
:100B600004007328008083A5C19DA189B3E5050118
:100B70007390058023AE019C0F10000069BBFD152A
:100B8000A1BDE9C10355C9023308B0401581635BBB
:100B9000050B894563F54505F3270080A18B91CBB3
:100BA000F327008023AEF19C83A7C19DDD9B73904A
:100BB00007800F100000B71700401307700523804F
:100BC000E704130780FA2380E7040F10000003D71F
:100BD000C7027D8B2396E70223800704A5B5F32582
:100BE0000080A18991C9F325008023AEB19C83A523
:100BF000C19DDD99739005800F100000930580FA68
:100C0000238084002380B4000F1000008355C902A4
:100C100093F5F50FB3E56501C205C1812316B9024D
:100C2000238004007325008083A5C19DA189C98DFF
:100C30007390058023AE019C0F100000050A137A03
:100C4000FA0F51B0F3270080A18B91CBF3270080DE
:100C500023AEF19C83A7C19DDD9B739007800F108D
:100C60000000B7170040130770052380E70413073F
:100C700080FA2380E7040F10000003D7C70296050F
:100C8000BA95C205C1812396B702B9B70D06719A0C
:100C900081473307F5006393C7008280144333878D
:100CA000F500910714C3F5B74111B7F5070022C449
:100CB0002A862A848146E105194506C69710FF1F3A
:100CC000E7806021B24023030400A3030400224410
:100CD00041018280914763EDB702B7170300938704
:100CE000C7C28A05BE959C418287B717004003A7FB
:100CF000470B1345F5FF698F23AAE70A03A7070BE4
:100D0000698F23A8E70A03A7070A798D23A0A70AFA
:100D10008280B717004083A6470B1347F5FFF98E73
:100D200023AAD70A83A6070B558D23A8A70A83A653
:100D3000070A758F23A0E70A8280B717004003A730
:100D4000470B498F23AAE70A03A7070B1345F5FFB3
:100D500045BFB717004083A6470B1347F5FF758FB4
:100D600023AAE70A03A7070A598D4DB7B717004012
:100D700003A7470B498FEDB7914763EDB702B7174C
:100D80000300938707C48A05BE959C418287B717E5
:100D9000004003A7470D1345F5FF698F23AAE70C11
:100DA00003A7070D698F23A8E70C03A7070C798D0C
:100DB00023A0A70C8280B717004083A6470D1347D6
:100DC000F5FFF98E23AAD70C83A6070D558D23A80E
:100DD000A70C83A6070C758F23A0E70C8280B7179A
:100DE000004003A7470D498F23AAE70C03A7070D6F
:100DF0001345F5FF45BFB717004083A6470D1347BE
:100E0000F5FF758F23AAE70C03A7070C598D4DB783
:100E1000B717004003A7470D498FEDB7B71700403C
:100E200003D7870109C5D98D239CB700828093C55C
:100E3000F5FFF98DD5BFB74700401147A381E740C3
:100E400009472380E740130700062380E74003C7D4
:100E5000174013670701A380E7408280B74700402F
:100E600003C707401377F70E2380E7402382A7408C
:100E7000374700408347674093F70704E5DF8280E8
:100E8000B747004003C70740136707012380E740C7
:100E90007D572382E740374700408347674093F7F9
:100EA0000704E5DF034547408280B717004003D5BC
:100EB0008700420541819377050491EB9377F50113
:100EC0003755E801130505803345F5028280937795
:100ED000050C130700046397E7009377F501374586
:100EE0009C1CCDB72165130505D0828037E700E053
:100EF0001C435443A183E206D58F1CC1FD57232018
:100F0000F7182322F7180F100000828013178500AE
:100F1000B7E700E023A0E710618123A2A710828039
:100F2000B7F700E08847CC478280B717004083C7F7
:100F3000670493F7F70F93E6270019E193F6D70FAD
:100F400073270080218B9387C19D01CB732700807D
:100F500098C398435D9B731007800F1000003717EC
:100F60000040130670052300C704130680FA23000F
:100F7000C7040F1000002303D70423000704F3263F
:100F800000809843218B558F7310078023A00700A2
:100F90000F100000828073270080218B9387C19DF2
:100FA00001CB7327008098C398435D9B7310078023
:100FB0000F10000037170040930670052300D70478
:100FC000930680FA2300D7040F10000083466704BD
:100FD00093E606012303D70423000704F3260080C9
:100FE0009843218B558F7310078023A007000F10A3
:100FF00000008280B7270040C8C709472380E70068
:1010000011472380E7008280411122C406C62A844A
:10101000EFF0BFE92947B307E502B2408D83B3D7AC
:10102000870222449507B3D7E70237370040C2074B
:10103000C1832316F70041018280B73700401307B0
:1010400000F8A380E7008280411122C406C62A84EA
:10105000EFF0BFE52947B307E502B2408D83B3D770
:10106000870222449507B3D7E70237370040C2070B
:10107000C1832316F7404101828071654111130538
:10108000052006C6EFF05FFCB7370040130770F885
:101090002381E7400D47A381E74013070004A380A5
:1010A000E74005472387E740B24041018280B737D8
:1010B000004003C7174019C9D98DA380B74003C7A3
:1010C0000740136787002380E740828093C5F5FFC0
:1010D000F98DA380B7408280B7370040130700F82E
:1010E000A380E7408280411122C406C62A84EFF023
:1010F000DFDB2947B307E502B2408D83B3D7870210
:1011000022449507B3D7E70237470040C207C1839F
:101110002316F7C04101828039654111130505107E
:1011200006C6EFF05FFCB7470040130770F8238155
:10113000E7C00D47A381E7C013070004A380E7C001
:1011400005472387E7C0B24041018280B74700408E
:1011500003C717C019C9D98DA380B7C003C707C07B
:10116000136787002380E7C0828093C5F5FFF98D60
:10117000A380B7C0828023AC05FE1C4191E701002B
:1011800001000CC18280BA8703A787FF6DFF23ACE3
:10119000B7FE82801DC18346E5FF1307F00F91471C
:1011A000639EE600411106C69700FF1FE780404797
:1011B000B24081473E854101828095473E858280CD
:1011C00001E9014582800145B2402244410182800B
:1011D00095654111938505D022C4C98D2A842105C6
:1011E000C2054205C181418106C69700FF1FE78005
:1011F000C03671D9FD572320050023128500230333
:10120000F5002105D1B71387019E1C43411122C46B
:1012100026C24AC006C601440149BA8489E7A165CD
:1012200071250DC401A803C7E7FF6318A7021DC8F5
:10123000A165FD249840832784FF6317E40223A05F
:10124000F19EFD57232C04FE230FF4FE2285B240AD
:101250002244924402494101828011E03E8983A7E1
:1012600087FF6DBF3E84E5BF232CF9FED9BFB9CD02
:10127000411122C406C62A849757FF1F83C757957A
:101280002E856375F400894763E98700EFF09FF0CE
:101290000D45B24022444101828083A785FF99E732
:1012A00003C7E5FF9307F00F6306F700EFF09FEE2B
:1012B0001545C5B7238F85FE1385019EEFF0BFEB63
:1012C00022852244B240A165410199AC1545828036
:1012D00023A0019E82809387819F9C4399E33E8552
:1012E000828003D727006316B70003C70700E3080F
:1012F000A7FEDC47E5B7BDCD797122D406D626D24C
:101300004AD04ECE01444147B3D78540858BB1CFFB
:101310001205314722953305E5029387819E03A983
:1013200007008544B3948400C204C180BE892A9911
:101330000327090011C7032549002EC60297B245AD
:1013400031473304E40283A709003E941C4489E733
:101350002320090023220900B2502254A58D0259EE
:101360009254F2492E85456182800504E31EE4F81B
:101370008144DDB72E85828041111397050122C477
:1013800006C626C24AC041872E8463500702EFF08A
:101390009FE719C1EFF01FE0A1673D8C2285B240A5
:1013A00022449244024941018280EDD9AA87014733
:1013B0004146B356E440858A9DCA9207BA97B14622
:1013C000B387D7029386819E03A906008544B39410
:1013D000E400C204C1803E99832709000325490027
:1013E00082972320090023220900258C45BF050789
:1013F000E311C7FC8144D5BF9747FF1F93878779C7
:101400009C53411122C406C61384418399C7829715
:101410001C403E9523AAA18229A09387019F9C434B
:10142000FDF70840B74703009387D73F3305F50220
:10143000B7A72600938737ECB24022443E9523AAF3
:10144000A1824101828079C99387019F9C43797170
:1014500022D426D24AD04ECE52CC56CA5AC806D62C
:101460005EC63A8AB689328BAE8A2A89829793877A
:10147000819E9843BE840144B146C147B30BD40258
:1014800033067701104251E6C165938505F0414569
:101490009700FF1FE780600C1DE59747FF1F9387AC
:1014A000676F9C5B2D4589C71145814582972D4506
:1014B000B250225492540259F249624AD24A424BE3
:1014C000B24B456182809387819F98431DEF23AC87
:1014D000A19E230005009C40054733178700232663
:1014E0000500232465012311E50023224501DE9731
:1014F00023A0270123A2570123A447010145E38923
:1015000009FA238089006DB73E875C47F5FF48C71D
:10151000C9B70504E314F4F6214559BF0945828093
:101520009747FF1F83C7D76A637FF5001387419EE4
:101530009317150008433E9583570500DD8D231052
:10154000B500014582800D4582809747FF1F83C704
:1015500037686371F5021387419E9317150008439E
:1015600093C5F5FF3E9583570500FD8D2310B5000B
:10157000014582800D458280130705FF1377F70F21
:10158000FD4763E7E70AB146B306D5029387819E1C
:10159000984389473697184349CF011122CC4EC64C
:1015A0000544935945003D893315A40013140501E2
:1015B000418026CA4E85AE84A2854AC806CEEFF089
:1015C0009FD12A89814729CDA2854E85EFF0FFF76B
:1015D0009387019F9C4382979747FF1F83D7076498
:1015E000338797022A84814613060064B3B79702B3
:1015F00013050732B335E500BE95EFE08170B30700
:1016000085009746FF1F9386E6603E87D44263E4D9
:10161000A70063E4D7003387D7402324E90081473C
:10162000F2406244D2444249B2493E85056182801B
:1016300089473E858280011126CA06CE22CC4AC83F
:101640004EC6BD47894463EFA70231473307E50221
:101650009387819E9C438944BA979C4385C70544E0
:101660003314A400420441802E890145A285EFF085
:101670009FC6AA89814419C5A2850145EFF0FFECF8
:1016800023A42901F240624426854249D244B2494A
:10169000056182809747FF1F83C797536364F500F6
:1016A0000145828001119387019F56C283AA0700DA
:1016B00006CE22CC26CA4AC84EC652C4638E0A0A37
:1016C000174AFF1F130A0A5583244A00B74736FEFC
:1016D000938707C8AE899745FF1F83D52554BE94CD
:1016E000B387C5022A8432898146B3B5C502138502
:1016F0000732B337F50013060064BE95EFE0616072
:1017000063ECA406829A9745FF1F83D52551B387C2
:101710002503AA84130600648146B3B52503138507
:101720000732B337F500BE95EFE0A15DB307950032
:10173000BE8403274A0063E4A70063E4E700B384A0
:10174000E740CE852285EFF01FB901C504C50545E8
:101750002DA0936504F0C205C18141459700FF1F8C
:10176000E780A0DF05E59747FF1F9387A7429C5BB3
:1017700081C7A285114582970145F2406244D24457
:101780004249B249224A924A056182809387819FE9
:101790009C438DE323ACA19E85472326050004C509
:1017A0002311350123008500A300F5002322050045
:1017B00079BFBA87D84775FFC8C7F9BF51C97971D2
:1017C00022D426D24AD04ECE52CC56CA5EC662C46D
:1017D00066C206D65AC83689328AAE89AA8441447E
:1017E000314C938A819E854C930B0003330B840309
:1017F00003A70A005A971C43B9E79375F400B39501
:10180000BC0013554440C2055286C1811375F50FC3
:10181000EFF05FE80DC983A70A000145DA9784C39A
:1018200023A237016304090023008900B250225427
:1018300092540259F249624AD24A424BB24B224C6C
:10184000924C456182800504E31274FB2145F9BF87
:1018500009458280411122C426C24AC006C62A8494
:101860002E89B284EFF01FE3CA852285EFF0BFA670
:1018700005CD9745FF1F83D5653AB38795022A8426
:10188000130600648146B3B5950213850732B3375A
:10189000F500BE95EFE0E14648C00145B240224464
:1018A00092440249410182802145CDBF411122C4A9
:1018B00026C24AC006C62A892E84EFF0DFA1AA8478
:1018C00019C123110500A2854A85EFF01FC897476B
:1018D000FF1F83C7E72F6397270183D7C19E5D8CC6
:1018E0002396819E014591E01945B24022449244DD
:1018F0000249410182809307F00263E7A704411186
:10190000B14722C43304F50226C29384819E9C40D1
:1019100006C6A2979843894715C39377F500854576
:10192000B395F500C205C1811181EFF03FF89C40ED
:10193000A29723A0070023A207008147B2402244B8
:1019400092443E854101828089473E8582804111D3
:1019500006C622C4EFF03F9811E50145B24022448B
:10196000410182809387019F9C430045829797475E
:10197000FF1F9387272A6368A402D843B74636FE21
:10198000938606C83305A4403697E378E5FC130731
:101990000064B335E50203D6870081463305E502CE
:1019A000EFE0213665BFD8433A94C1BF411106C666
:1019B00023AAA19E0295B2409747FF1F23A6A72204
:1019C000014541018280994763E9B7008A0597473D
:1019D000FF1F93876722BE9588C18280411171469F
:1019E00081451745FF1F1305252106C623AC019E1F
:1019F00023AA019E23A8019E97F0FE1FE78020E006
:101A00001306800281451745FF1F1305651C97F0DB
:101A1000FE1FE780C0DEEF50D1669747FF1F83C7E8
:101A2000D71813D527008D8B3E958D473305F502CA
:101A3000854539051375F50F9747FF1F238BA718A9
:101A400099473305F502130505249700FF1FE7802A
:101A5000C0B023A4A19E59C599471746FF1F03464E
:101A600046173306F60281451306062497F0FE1F3B
:101A7000E780E0D89387819E9C439387072423AE19
:101A8000F19E1747FF1F0347C7140A07BA9723A2FF
:101A9000F19EEFF0FF830D239387C19F94439747F7
:101AA000FF1F83C7F712139727003697170600000A
:101AB0001306A68410C3138717001377F70F0A07BE
:101AC0003697170600001306668B10C3138737007E
:101AD000890793F7F70F8A079745FF1FA38AE50E3B
:101AE000B69790C3B240410182809747FF1F83C7DA
:101AF000370E1747FF1F0347C70D63F1E702138730
:101B0000C19F1843938617001746FF1FA302D60CE8
:101B100093962700369708C33E8582809307F00F7F
:101B2000E5BF1C416389071641777D8FB70600200A
:101B300089476313D71603574500630F07144111F4
:101B400022C419462A849305F00F690506C697F04A
:101B5000FE1FE780E0D405478D476309E5121C446A
:101B600081CB5858994763030712185C630007122A
:101B70001306C00381451745FF1F1305A50197F004
:101B8000FE1FE780C0C71306C003A2851745FF1FCD
:101B90001305450097F0FE1FE780E0C21747FF1FBF
:101BA000035707009747FF1F9387C7FE19E71307DF
:101BB00000109746FF1F2395E6FE1747FF1F0347B8
:101BC00047FE11E705479746FF1F238CE6FC1747A2
:101BD000FF1F035727FD11E76D479746FF1F23930C
:101BE000E6FC1747FF1F0347D7FB11E7154797464A
:101BF000FF1FA388E6FA1747FF1F0347C7FA11E73D
:101C000005479746FF1F2380E6FA1747FF1F034744
:101C100097F919E703C7F7009746FF1FA385E6F872
:101C20001747FF1F034747F811E735479746FF1F40
:101C3000238CE6F61747FF1F034757F719E71307EB
:101C400080029746FF1FA383E6F61747FF1F03474F
:101C5000B7F519E71307D0029746FF1FA386E6F4EE
:101C60000347840119E71307C0039746FF1F238F1B
:101C7000E6F29C5791C782979747FF1F239EA7F4D0
:101C8000FD57A381F1B4EFF07FD58147B2402244E4
:101C90003E854101828089473E85828001114EC682
:101CA0009749FF1F938909F783A7090006CE22CC25
:101CB00026CA4AC852C4829713090064B335250363
:101CC00003DA89008146528633052503EFE061037C
:101CD0009747FF1F9387C7EF804FAA84014563068C
:101CE000940233858440636E940003A549005286B4
:101CF0008146B335A9023305A902EFE08100018DC9
:101D000026959747FF1F23A197EEF2406244D244E5
:101D10004249B249224A05618280011122CC0A85DA
:101D20002E84414697F501009385458906CEEFE064
:101D30000172180806043A94035504FF9747FF1FE1
:101D400083D7E7EDF2406244AA9737450F001305A9
:101D500005243355F502056182809747FF1F83D71D
:101D600007EC51471D45637CF702794719456378B5
:101D7000F7021307200315456373F7021307B00436
:101D80001145637EF700130740060D456379F700A0
:101D90001307600909456374F70013B5B70F828014
:101DA000011122CC06CE2A842EC6EFF0EFE4B24514
:101DB000F240818D33A5A502229562441375F50F7B
:101DC00005618280011122CC06CE2A842EC6EFF056
:101DD000AFE2B245F240818D33A5A502229562445F
:101DE0004205418105618280011122CC06CE2A8400
:101DF0002EC6EFF06FE0B245F240818D33B5A502FB
:101E000022956244056182809747FF1F938787D898
:101E1000985739CB411122C426C206C6BE84029708
:101E20001747FF1F035747DB2A8415CBBA87637315
:101E3000A700AA87C207C183BA866373E400A2869B
:101E4000C206C182958F5147635BF700DC5491C392
:101E50008297EFF0904D9747FF1F239F87D6B240A0
:101E6000224492444101828082809747FF1F9387DA
:101E700067D2DC57011106CEAA8581C72AC6829790
:101E8000B245D1C19C410545A5CFDC41B5CB83D737
:101E90008500BDC783D7A500A5C783C7C500ADE32F
:101EA00041461745FF1F1305E5D697F0FE1FE78053
:101EB00080919747FF1F9387E7D59C4323A8F19E06
:101EC0009747FF1F83C797CE8DE79307800217457B
:101ED000FF1F0355A5D43305F50237460F0013063F
:101EE000062481468145EFD0D1619747FF1FA38F1C
:101EF000A7CA170500001305A5DAEFF03FAB0145AF
:101F0000F240056182809747FF1F83C707CA139776
:101F100087016187635407049747FF1F23A807CCF5
:101F200097F7FE1F9387E7CA1747FF1F2324F7CEB3
:101F30007D579747FF1F23A1E7CEB78732009387CE
:101F400027A19746FF1F23ABF6CC9747FF1F238996
:101F500007CCB7C7004023A4E726A1BF13F717009B
:101F600005CFB7872003938707D01747FF1F232785
:101F7000F7CAB707C0A81747FF1F232FF7C897F75F
:101F8000FE1F938727C81747FF1F2325F7C89747CA
:101F9000FF1F238707C831BF61779746FF1F239F25
:101FA000E6C681CB930700321747FF1F2319F7C6F8
:101FB000C9B793072003CDBF011122CC1744FF1FDF
:101FC000130444BD084406CE26CA4AC801E90545A3
:101FD000F2406244D2444249056182805C58E5DBAC
:101FE000185C75D77000854582971844B247E300A6
:101FF000F7FE9305E0041745FF1F035565BA97F0F8
:10200000FE1FE78080551747FF1F2323A7BE61D11E
:102010001746FF1F0356C6B89305F00F97E0FE1F43
:10202000E780E07D81441749FF1F130969BA97478C
:10203000FF1F83C707B70326090263C1F402328575
:1020400097F0FE1FE780C05D01459747FF1F23A162
:1020500007BA9747FF1F23AF07B89DBF9745FF1FDC
:1020600083D505B4B38795020844185C898185043B
:102070003E9508C2029765BF011156C2974AFF1FDD
:10208000938A4AB183A78A0022CC4AC84EC606CE9C
:1020900026CA52C45AC0AA892E843289638507226F
:1020A00003A74A03630707147D476366A714974491
:1020B000FF1F9384E4B103AA040263170A0A95651B
:1020C000938515E01745FF1F035585AD97F0FE1F5B
:1020D000E780A0489747FF1F23ACA7B02A86630A72
:1020E000051083A74A0303A58A009745FF1F83D5E0
:1020F00025AB8981829783A78A0003AA0402174728
:10210000FF1F2329F7AE8947639CF908C147631273
:10211000F40E9745FF1F83D5A5A8938505FC91472D
:10212000B3C5F5028A05D29503C705009307A0053C
:10213000631DF70A83C715006399370B4A8522860A
:10214000910597E0FE1FE78000689C5052856393DD
:1021500047150145F2406244D2444249B249224AFD
:10216000924A024B05618280D850E38EE7F895656C
:10217000938525E01745FF1F035585A297F0FE1FA5
:10218000E780A03D2A8A35C52A8683A74A0303A58E
:102190008A009745FF1F83D5A5A089818297A5B79F
:1021A0008D47639DF900C1476315F4049745FF1FF0
:1021B00083D5059F938545FDF199B5B79147639AFE
:1021C000F900631834039745FF1F83D5659DA1155A
:1021D000E5B7C147639FF900A14763EC87009745C6
:1021E000FF1F83D5E59BC115C1BF9C5052856397E6
:1021F000470D294585B71307F006568B6361A70A7B
:10220000130A05FE1947334AEA021747FF1F03570F
:102210002799974AFF1F938AAA9B330AEA023E9A9C
:1022200083A74A026395470183A40A029DE49305AC
:10223000E0041745FF1F0355A59697F0FE1FE780A2
:10224000C031AA845DD583274B039745FF1F83D5F3
:1022500025952A8689815285829791451307A00585
:10226000898193972500A69783C607006393E604A8
:1022700083C61700639C360385058A052286A695CA
:102280004A8597E0FE1FE780005483A70A02E38295
:1022900097EC268597F0FE1FE78080385DBD130719
:1022A000E007E368A7F4130A05F985B783D527008B
:1022B00045BF83A70A02E38E97F2268597F0FE1F9B
:1022C000E78000363DB79747FF1F938767908C5391
:1022D0008DD191479306A0058983139727002E97E8
:1022E00003460700E317D6F003461700631C3601C8
:1022F00085078A072286BE954A8597E0FE1FE780FC
:10230000804C81BD83572700C1BF9747FF1F93872C
:102310006788984739C79C5FA9C705476313E504D9
:10232000411122C41744FF1F1304848A105006C6AB
:102330000DC648509745FF1F83D5858689818297B2
:10234000085097F0FE1FE780A02D9747FF1F23A19D
:10235000078A9747FF1F23AF0788B24022444101F5
:102360008280828001111747FF1F1307A7824EC684
:102370008329870022CC26CA4AC806CE52C456C238
:10238000AA842E843289638A09201C5FBA8A99EB59
:102390002945F2406244D2444249B249224A924A13
:1023A000056182805C5BEDD7FD4763E9A70E974925
:1023B000FF1F9389E98183A70902B1CB03A58A0096
:1023C00083A749026395A70689476393F408C14729
:1023D000E310F4FC1735FF1F0355857C9147130567
:1023E00005FC3345F5029317250003A50902228653
:1023F000CA853E959307A0052300F500A30095002C
:10240000110597E0FE1FE780003C014559B7930591
:10241000E0041735FF1F0355A57897F0FE1FE780EE
:10242000C0139737FF1F23A5A77C49F995B783A74A
:102430004A0303A609029735FF1F83D56576898174
:10244000829783A78A001737FF1F2325F77AADBF2E
:102450008D47639EF400C147E31CF4F21735FF1F5C
:1024600003550574130545FD9377C5FFBDBF91471F
:10247000639AF400E31E94F01735FF1F035545726D
:102480002115DDB7C147E395F4F0A147E3E287F0FA
:102490001735FF1F0355C5704115F9B79307F006AF
:1024A00063EAA706930705FE1947B3C7E702173784
:1024B000FF1F0357E76E173AFF1F130A6A71B387AE
:1024C000E702BE9983270A02A9CF83274A02639AAB
:1024D000370703250A0291461308A005FD5593D737
:1024E0002600C207C183139727002A9703460700D7
:1024F000631D060783481700035627006395980657
:10250000B306D64063CF860485078A072286CA852C
:102510003E95C5BD9307E007E3ECA7E6930705F9F1
:1025200079B79305E0041735FF1F0355656797F0EA
:10253000FE1FE78080029737FF1F23ABA76A51F584
:1025400081BD83A74A0303260A029735FF1F83D55F
:10255000256589814E8582979737FF1F23AC3769A0
:102560008DBFA300B700B2869DBFB3858600173626
:10257000FF1F0356E6629105130606FCE3FAC5E069
:10258000130634001376C60F1106B2962300070116
:10259000A30097002311D70085BF9737FF1F9387AC
:1025A00027639453BE89A1C203A50902914613086B
:1025B000A005FD5593D72600C207C18313972700B6
:1025C0002A9703460700631606058348170003563B
:1025D000270063989800B306D640E3D786F2A3009D
:1025E000B700B286C1BF8357C7001735FF1F034529
:1025F000455B9305E0043305F5024205418197F000
:10260000FE1FE78080F59737FF1F23A3A75E49FDD4
:1026100041B31736FF1F0356A6589735FF1F83C5D2
:102620004558B385C502338686001106E3E2C5D658
:1026300081BF01458280011106CE2EC6EF80804FFA
:1026400001C9B245F2400355250005616FC0206203
:10265000F240494505618280A38401A2238401A23E
:1026600023A801A023AA01A023AC01A023AE01A0AE
:1026700023A601A023A401A09737FF1F9387875AA1
:10268000370684033707B40090D337C6070098C3D2
:10269000130606B83747A000D8C3D0D337071000B9
:1026A00041669306070AB70550009308060194C7D0
:1026B00023A4170393860501930816F8D4C723A60D
:1026C0001703B706D007B7087F001308070513855F
:1026D0000601410723A81703B0C393081600938689
:1026E000060513861500D8CBF8C323A8070188CFA9
:1026F00023AE070023AA170323AC070223AE070269
:1027000023A40704F0C7B4CB23AA0704ACCF23AE9D
:102710000705B8D33707A000F8D71307000AB8DBBE
:102720001307C01CF8DB37071400B8DF0547F8DFD4
:10273000130710F8E8D323A4070623A0070823A251
:10274000E7088280011126CAAA84214522CC06CE40
:102750002E8432C636C43AC2EFE09FA61DC9A246F7
:1027600012473246930700FD2300F5009947A30066
:1027700095002301F5002303D500A303E5002312F0
:10278000C500AA8522856244F240D24405616FE00B
:102790001FAEF2406244D2440561828023A8A1A00A
:1027A000828023AAA1A0828023ACA1A0828023AE34
:1027B000A1A08280011122CC4AC806CE26CA2A894D
:1027C0000144B30489006368B400F2406244D24417
:1027D0004249056182802EC6EFE01FC293170501B2
:1027E000C183A183B2452380F4009307140093F7BB
:1027F000F70F850463F9B700CA9709042380A7007F
:102800001374F40F7DBF3E847DBFC1671735FF1F72
:102810000355254AFD176304F50241111736FF1FC2
:1028200003464656938501A206C6EF80A00FB2402C
:10283000FD571737FF1F231EF74641018280828014
:1028400009C925151375F50F1335850E13451500A8
:1028500082800145828023900500D1C6797122D4FF
:1028600026D24ECE52CC5AC806D64AD056CA5EC6DA
:102870003684328AAE892A8B814463F44407B307D5
:10288000940083C70700138914004209939A070133
:1028900093DA0A011359090163850A04CA9763424E
:1028A000FA04B307240183CB07005E85EFF05FF9DC
:1028B0000DC99387FAFF2390F90063906B0313050A
:1028C00019002295B250225492540259F249624A98
:1028D000D24A424BB24B45618280D694C204C18039
:1028E00069BF0145C5B701458280411126C2AE844A
:1028F00022C49737FF1F23A5C73C9737FF1F23AF7D
:10290000B73A9737FF1F23A9A73A2A844146930570
:10291000F00F26854AC006C6054997E0FE1FE780EE
:1029200020F8631225059737FF1F93872738884BB8
:10293000C145EFF03FE841469305F00F228597E04F
:10294000FE1FE780E0F5854463199502224497371E
:10295000FF1F9387A735B24092440249C847C1453B
:1029600041016FF03FE541468145268597E0FE1F16
:10297000E78000F3E31125FD7DB7414681452285BF
:1029800097E0FE1FE780C0F1E30295FCB2402244CD
:102990009244024941018280411122C426C22E8400
:1029A000AA841306000281451735FF1F1305053061
:1029B00006C697E0FE1FE78080E49737FF1FA388D5
:1029C000972E9737FF1F2381873CEFC0402C854708
:1029D00019C181474945B24022441737FF1F2307D9
:1029E000F72C924441018280814781CD19C98547E6
:1029F000631BF50083C7550093E707FCA382F5002E
:102A000085473E85828089476317F50083C7550057
:102A100093F7F703E5B70D478547E314E5FE03C7D2
:102A200055001377F70313670704A382E500D1BFAE
:102A300081478DC105C103C755009306000C85472A
:102A40001377070C6308D700930600048D476303D0
:102A5000D70089473E858280411122C4005D06C6A9
:102A600026C21DC8AA84085009C597F0FE1FE7803A
:102A700020BB485009C597F0FE1FE78060BA085494
:102A800009C597F0FE1FE780A0B9228597F0FE1FC9
:102A9000E78000B923AC0402B240224492444101D1
:102AA000828009ED9737FF1F83C767201735FF1F07
:102AB0001305452181CB138501A082801735FF1FA7
:102AC0001305452082801735FF1F0345451E828070
:102AD0009737FF1F9387871DC84782809737FF1F4F
:102AE0009387C71C884B82809737FF1F9387071CEB
:102AF000DC4B884382809737FF1F9387271BD84B77
:102B00001C4385071CC31735FF1F0345551A930740
:102B1000F00F6305F50091656FE09FA082800111C1
:102B200022CC06CE2E8432C6EF8000119147B245EA
:102B3000631FF5009387C1A19C438DC303A30700C6
:102B4000630E030022856244F2400561028393878D
:102B500041A19C4381C703A34700DDB7F240624413
:102B6000054505618280011122CC2A840355450068
:102B700006CE26CA4AC84EC6EF70306B3DC52A89BC
:102B8000834405008349C500EFF01FED4A85EF80BF
:102B9000A04803554400EF80600583C781A2B1CBF4
:102BA0006399970483C591A22685EFF0DFA819E108
:102BB000238401A203554400EF8000089147631F5E
:102BC000F500035744009737FF1F83D7870E63171D
:102BD000F700FD571737FF1F231DF70CF240624423
:102BE000D2444249B2490561828081499304F00F81
:102BF0006DB79307F00FE38FF4FA83466400035632
:102C00004400034524004E87A685EFF0BFB35DB7AF
:102C100079715EC6AA8B2E8552CC56CA5AC806D682
:102C200022D426D24AD04ECEAE8A328B368AEF706C
:102C3000D05F65C5045D2A89EDC09C50614599C38C
:102C4000130540039C5481C751054205418163052A
:102C50000A00710542054181DC5081C75D054205CE
:102C60004181EFE0EFD52A844DC96146814597E067
:102C7000FE1FE780C0B89739FF1F83C9A9FD639481
:102C8000090083490900930700FD2300F400A947C8
:102C9000A30074012301F400230364018C50231268
:102CA00054011305840191C908C47146930A440371
:102CB00097E0FE1FE78020B156858C5491C948C427
:102CC0005146930A450197E0FE1FE780C0AF568545
:102CD000630C0A0008C87146D285930AC50197E0C3
:102CE000FE1FE78040AE5685CC5099C548C85D466A
:102CF00097E0FE1FE78020ADA2854E85EFE02FD73D
:102D00002254B2509254F249624AD24A424BB24BD8
:102D10004A85025945616FF03FD4B2502254925413
:102D20000259F249624AD24A424BB24B4561828013
:102D300001114EC6AA892E854AC806CE22CC26CAC3
:102D40002E89EF70904E21C99734FF1F83C484F001
:102D500099E0834405001945EFE08FC62A8405CD2C
:102D60008145194697E0FE1FE78060A9930700FDA3
:102D70002300F400B947A30034012301F400231217
:102D80002401A2856244F2404249B2492685D244D8
:102D900005616FE0CFCDF2406244D2444249B2496E
:102DA0000561828039715ECEAA8B2E8526DA4ED6D9
:102DB00052D456D25AD006DE22DC4AD8AE84328BA8
:102DC000B68A3A8ABE8942C6EF70304621CD2A893A
:102DD0004145EFE0EFBE2A8431C54146814597E089
:102DE000FE1FE780C0A11735FF1F0345A5E619E1C7
:102DF00003450900930700FD2300F400BD472301AC
:102E0000F400B247A3007401231294002304640168
:102E1000A304540123054401A30534015CC4A28525
:102E2000EFE0EFC4F2506254D2544259B259225AE0
:102E3000925A025BF24B21618280797126D2AA8478
:102E400039454AD04ECE06D622D42EC6B28936890E
:102E5000EFE00FB721C1B2459307000D2310F50035
:102E6000B1472A842312B5002301F500CE85190548
:102E7000194697E0FE1FE780009523062401A285EE
:102E80002254B2500259F24913F5F40F925445619D
:102E90006FE0EFBDB250225492540259F24945619D
:102EA00082801737FF1F034797E09307F00F630DEA
:102EB000F706411126C2AA84394522C406C64AC073
:102EC000EFE00FB02A8439C9930700FD2300F50015
:102ED000A3009500230105009735FF1F938585DE2C
:102EE0000D05194697E0FE1FE780E08D1739FF1F9B
:102EF0001309C9DB83578900A2851735FF1F0345D6
:102F000015DB2315F400834719002306F40022443F
:102F1000B2409244024941016FE06FB5B240224491
:102F20009244024941018280828001115AC02A8B59
:102F3000314526CA4EC652C456C206CE22CC4AC815
:102F4000AE84B28A368ABA89EFE08FA735CD2A845B
:102F50002685EF70902D11C50347C500A147631466
:102F6000F7041739FF1F034999D4930700FD230085
:102F7000F4009D47A30064012301F4002312940090
:102F8000231354012314440123153401A285624400
:102F9000F240D244B249224A924A024B4A854249FF
:102FA00005616FE0CFAC1739FF1F0349F9DDE31E60
:102FB0000BFA938781B29C439C47C5DBCE86528631
:102FC000D6852685829755B7F2406244D24442495D
:102FD000B249224A924A024B05618280011122CCF9
:102FE0002A84214506CE2EC6EFE08F9D21C1B24531
:102FF000930700FD2300F500C5472301F50083C7B3
:103000003500A301F50083D745002312F50083C7DF
:1030100065002303F50083C77500AA85A303F500A7
:1030200022856244F24005616FE06FA4F240624481
:1030300005618280397162CC2A8C594526DA4AD8DA
:103040004ED652D456D25AD05ECE06DE22DCAE84A4
:1030500032C636C4BA8B3E8BC28A468A8359010473
:1030600003494104EFE0CF9525C93246930700FD9F
:10307000A2462300F5009547A301C500A3008501E2
:103080002301F5002A8419461105A9C2B68597D0F7
:10309000FE1FE780407323066401230A24012315E1
:1030A0007401231754012318440123193401A28504
:1030B0006254F2504259B259225A925A025BF24B70
:1030C000624C2685D25421616FE06F9A814597D07A
:1030D000FE1FE780C072C1B7F2506254D254425909
:1030E000B259225A925A025BF24B624C21618280A1
:1030F0009737FF1F83C7A7BB8DCB4111AA85194600
:10310000138501A006C697D0FE1FE780C06B93858C
:1031100001A01735FF1F034585B9EFF0FF8CB240C2
:10312000138501A041016FB05037014582801737E8
:10313000FF1F0347D7B79307F00F6305F708411147
:1031400026C2AA84294522C406C6EFE06F872A84D6
:1031500029C1930700FD2300F500A1472301F500D5
:10316000A30095009737FF1F938747B483C72700B5
:10317000938501A01105A30FF5FE194697D0FE1FF8
:10318000E7806064A2851735FF1F034555B2EFE065
:103190000F8E1737FF1F034787B18D47631FF70057
:1031A000938781A19C4391CB03A38700630703000E
:1031B0002244B240924441010283B24022449244EC
:1031C000410182801737FF1F034767AE8D47631A9F
:1031D000F700938781A19C4389C703A38700E31D60
:1031E00003FC8280797122D406D626D24AD04ECEF4
:1031F00052CC094455CD2A89035505002E8A5144E5
:10320000EF70B002AA844DC59737FF1F83C7C7B7B9
:10321000FD1793F7F70F05474944637BF70803470A
:10322000C500A1476314F70063140A089C5C454479
:10323000C1E39165938545711305C00297E0FE1FB8
:10324000E780A03188DCAA894D443DC11306C00245
:10325000814597D0FE1FE780805A835709009386E7
:10326000490036852391F90071469305490036C619
:1032700097D0FE1FE780205589472380F90003C5BA
:10328000C400B2460356090061159735FF1F83C578
:1032900065AF13351500EF80901B2A8463060A0082
:1032A000D2852685EF80200601C42685EFF0CFFA6F
:1032B0002285B250225492540259F249624A456121
:1032C00082809737FF1F83C727ACFD1793F7F70F4F
:1032D0000547637AF708894741CA011122CC26CAFB
:1032E0004AC84EC652C406CEAA89368AB2842E89EE
:1032F000EF70A0732A84D14739C9485509C597E0B2
:10330000FE1FE780E031F145268597D0FE1FE7805C
:10331000605148D4CD4705CD8346C400214781473D
:10332000639FE600630D0A000347A50103560501EC
:1033300093062501AA854E85EF806004AA8703477E
:103340004400630F0900136767002302E400F240A2
:103350006244D2444249B249224A3E850561828094
:1033600013674700DDB7C9473E8582809307200475
:1033700063EBA7009737FF1F9387C78A06053E9523
:1033800003550500828041657D158280011122CCA4
:103390002A842E8526CA06CEAE84EF7000691DCD24
:1033A000B7470F009387F723094563E487028145F8
:1033B0000A85414697D0FE1FE7806044A68523100A
:1033C00081000A85418023018100A3010100EF8073
:1033D000A073F2406244D244056182804945D5BF62
:1033E0009737FF1F2381A79A82806F8070007971C1
:1033F00052CC2A8A328522D426D24AD04ECE56CA00
:103400005AC85EC606D662C4AE8BB28A368BBA8400
:103410003E89C2894684EF70406115C92A8C6314C5
:103420000A0213774B008347450015CF93E7270126
:103430002302FC008DEC631C0902639A090205E873
:10344000ED9B2302FC00832B8C0363910B08B2508D
:10345000225492540259F249624AD24A424BB24B28
:10346000224C45618280F59B93E70701D1B793E732
:1034700047002302FC0001CC1C484146A2852324BE
:10348000FC0213058C0197D0FE1FE780C0336393C5
:103490000B02D5D80325CC0209C597E0FE1FE780B3
:1034A0002018F145268597D0FE1FE780A0372326F8
:1034B000AC0251BFE30909F80325CC0209C597E026
:1034C000FE1FE780E015F1454A85F1BF9DC483A743
:1034D0000B0299EB916593853571714597E0FE1F5D
:1034E000E780A00723A0AB0203A50B0219C5714614
:1034F000A68597D0FE1FE780002D6388090283A769
:103500004B0299EB9165938525715D4597E0FE1F10
:10351000E780A00423A2AB0203A54B0219C55D46B8
:10352000CE8597D0FE1FE780002A1DC483A78B029B
:1035300099EB916593851571514597E0FE1FE780E2
:10354000C00123A4AB0203A58B0219C55146A28575
:1035500097D0FE1FE78020272254B2509254F249A0
:10356000B24B224CCA865A860259424BD6855285A6
:10357000D24A624A45616FF0AFE9011126CA52C4CE
:1035800006CE22CC4AC84EC62A8AAE84EF70E049E5
:1035900025C5AA893945EFD0BFC22A8431CD172964
:1035A000FF1F0349296B6314090003C9090093072E
:1035B000000D2310F400AD472301F400938569004A
:1035C00013053400194697D0FE1FE780C01F93F7FC
:1035D0001400858085882306F400A3069400231533
:1035E0004401A2856244F240D244B249224A4A854B
:1035F000424905616FD0BFC7F2406244D24442499C
:10360000B249224A0561828001114EC652C456C297
:1036100006CE22CC26CA4AC8AA8A2E8AB289EF7060
:10362000C0402DCD2A891305C002EFD07FB92A846E
:1036300035C59724FF1F83C4E46199E083440900E2
:103640009307000D2310F400E9472301F4009305CC
:10365000690013053400194697D0FE1FE780A016B5
:10366000D285231554011305C400414697D0FE1F8F
:10367000E7806015CE851305C401414697D0FE1F33
:10368000E7806014A2856244F2404249B249224A6E
:10369000924A2685D24405616FD07FBDF2406244D4
:1036A000D2444249B249224A924A056182809387B4
:1036B00081A0884301CD411106C697E0FE1FE78037
:1036C00020F6B24023A401A0410182808280011132
:1036D00006CE22CC26CA4AC82EC6EF70003539CD98
:1036E000B2451729FF1F0349E956AA840CD5631474
:1036F0000900034905004145EFD09FAC2A841DCD48
:103700009307000D2310F500A5472301F50083C79B
:103710005400938564001105A30FF5FE194697D058
:10372000FE1FE780400A9C54A285F2405CC46244BC
:10373000D2444A85424905616FD07FB3F24062446A
:10374000D2444249056182801D71A2CC86CE2A8472
:103750002EC6EF70802D05CD8346C5001147AA8780
:1037600049456392E6029C5FB24599C383C56701F0
:103770002308B100979600009386E6491008894512
:103780002285EF70102FF6406644256182805145F6
:10379000DDBF9727FF1F83C7275FFD1793F7F70F3D
:1037A0000547637AF704894721CA411122C426C21A
:1037B0004AC006C6B2842E89EF7020272A84D147DA
:1037C00005C5630809008347450093E727002302E6
:1037D000F5004146A6851305840197D0FE1FE780BA
:1037E00080FE9C481CD48147B24022449244024946
:1037F0003E8541018280C9473E858280797122D40D
:1038000006D62A842EC6EF70402201CDB24522850D
:10381000230EB1006C08EF70902BB250225445611A
:1038200082805145DDBF6F702036C1671387E7FF87
:103830006394E502938741A19C4391EB49458280C3
:103840004945B2402244924402494101828003A387
:103850000700E30503FE0283411122C426C24AC0C9
:1038600006C6FD172A892E84B2846395F5029387D4
:1038700041A19C4391CB9C4381CB829711E523844A
:1038800021A3A38491A275BFA6854A85EFE0BFDA84
:103890004DF9F5B72E85EF7040195DD183470500CE
:1038A0000D45E39027FB22852244B2400249A685BC
:1038B000924441016FB0A03B9307200463E2A70646
:1038C0004111C16722C406C626C2FD172A840945D4
:1038D0006382F502C547AE846313F4022E85EFB010
:1038E00040401725FF1F1305E53306042A942310D3
:1038F00094000145B24022449244410182809307E2
:10390000A0036316F4002E85EFB0E036D9BF93070D
:10391000B003E318F4FC13F5F50FEFB00036D1B7A0
:1039200009458280011106CE2AC6EFE0FFD2EF20C2
:10393000C010EF10E060EF30112832459727FF1FCD
:103940009387C736130700F02391E700238207000F
:103950007D579727FF1F9387E7422381E700238046
:10396000A700F240954505616F5010245971939757
:103970000501CAD086D6A2D4A6D2CECED2CCD6CA83
:10398000DAC8DEC6E2C4E6C2EAC06EDEC1872E89AE
:1039900063D1075A1725FF1F0345C53EEFD0BF86E9
:1039A0008964416A856A797B2A84938BD4007D1A65
:1039B000A50A130CABFF1DE021653345A900B650E5
:1039C000265496540659F649664AD64A464BB64B93
:1039D000264C964C064DF25D65618280834704005B
:1039E0001307200A639DE700035524009729FF1F52
:1039F00083C9F92B2286D285EFF06F9259A2130763
:103A000010099729FF1F83C909386398E71883476E
:103A1000140015476390E7022285EFF0CF942285CA
:103A2000EFD04FF71725FF1F0345C535EFD0AFFD8A
:103A30002A8451B73947639BE71803554400631B39
:103A400055050C4483CC0500639D0C00850591C988
:103A500019461725FF1F1305E52697D0FE1FE7809F
:103A600080D61727FF1F0347672485476317F71280
:103A7000638A0C009727FF1F238A07226685EFF0D1
:103A80004FC271BF89471727FF1F2301F722EFB0ED
:103A9000802071B793872400631AF506832C840075
:103AA000638D0C0E83C70C008DE383C72C0003C706
:103AB0001C00A207D98F1727FF1F231DF71E83C7DE
:103AC0003C001727FF1FA303F71E1727FF1F0347FD
:103AD000E71D89476313F70C83C70C0081CB972739
:103AE000FF1F2385071C03C50C0051BF8D47972579
:103AF000FF1F83C5B51B1725FF1F0355A51B1727E0
:103B0000FF1F2305F71AEF50300DF1BF93875400C4
:103B10006318F5001C4403C50700EFF04FE101B73F
:103B2000B3078501C207C18311476372F704930786
:103B3000ABFCAA97139707014183F14763F1E702B2
:103B40009387B4006312F504938701A19C43E38833
:103B500007EC9C43A285E38407EC82971DA0B7077E
:103B600000189387F770B3D7E700858BB9CB93879D
:103B700081A19C43E38507EA9C43E38207EA22850F
:103B80008297E31E05E811A89387C4006310F5022D
:103B90001C4483C70700E38407E89307F00FE38022
:103BA000F9E8A2854E85EFD08FECADBD9387E40098
:103BB0006319F500938741A19C43E38207E6DC4348
:103BC00051BF93871404E301F5F8C1BF3D476397E4
:103BD000E70403554400E30F75FD93879401E30B5D
:103BE000F5FC93873401E31AF5FA9727FF1F83D773
:103BF000470C639E4701938741A19C43E38107E201
:103C0000DC43E38E07E0A28513853401B9B79387BF
:103C1000C1A19C43E38507E09C43E5B71307E0039C
:103C2000E39DE7F68347240005476397E70E834744
:103C30006400938D81A0F1E383A70D00D5CB83CCE5
:103C40000700A14903457400130D8400EA85EFE0E5
:103C50003FDE83474401A303A400835804010358B3
:103C6000E400035744002A86034534003EC28357CC
:103C70002401EA86E6853EC0CE87EFF0AFBB8347DE
:103C8000340095E7DD47835804010358E400834678
:103C90007400835544003EC2835724016A87054659
:103CA0003EC06685CE87EF70600FA301A40083A796
:103CB0000D0081C71145EFF09F9F03C581A2E3006E
:103CC00005D683C591A2EFE01F97E30A05D483468A
:103CD000340093071003638AF600035644004E87AE
:103CE00083C581A23685EFE0FFA5238401A205BB31
:103CF000972CFF1F83CCBCFBA9B7938781A19C4362
:103D0000972CFF1F83CCBCFA91498DDFDC439DDBF0
:103D10008145014582973DB729476391E70C834769
:103D20006400138D81A0C1E783270D00A5CF83CC4C
:103D30000700A1490345740093068400937725008A
:103D4000D1C713761500930D4401834704028358AD
:103D5000C4010358A40103574400034534003EC284
:103D60008357E401E6853EC0CE87EFF0AFAC8347D2
:103D7000340095E7DD478358C4010358A401834606
:103D80007400835544003EC28357E4016E870546A4
:103D90003EC06685CE87EF706000A301A400832734
:103DA0000D0001BF972CFF1F83CC7CF059B7938780
:103DB00081A19C43972CFF1F83CC7CEF9149BDDBF5
:103DC000DC43ADDB814501458297ADB7B68536CE84
:103DD000EFE01FC6F2462A86B68D85BF0947639D70
:103DE000E700938701A19C43E38B07C2DC43E38890
:103DF00007C22285829725B12D476399E7009387F3
:103E000001A19C43E38D07C09C47D5B70D4763973D
:103E1000E70022868D4503554400F9BE1947639596
:103E2000E7069305610213051031EF30615E2C1037
:103E300013052031EF30C15D0356640083578102C2
:103E40000355440063E8C7008356840003576102AA
:103E500063F7E60093050002EFA0B067C9B663748C
:103E6000E6002313E40063F4D7002314F40003579F
:103E7000C4008356A400035684008355640001489F
:103E80008147EFA0D06461BE1D47E388E7D031478A
:103E90006395E7002286B145BDBF35476399E700CA
:103EA000938701A19C43E38C07B6DC4789B7394768
:103EB0006396E7002285EF00D00395B63D476399EE
:103EC000E700938701A19C43E38B07B49C4B05B7A4
:103ED00041476396E7002285EF00900C89B645477D
:103EE0006396E7000145EF00701B15BE4947639ECE
:103EF000E700938781A19C43E38107CADC43E38EFB
:103F000007C881450545829749B94D47639DE7003C
:103F1000938781A19C43E38207C8DC43E38F07C6F4
:103F2000A2850945CDB76147E399E7C62286E145F9
:103F3000DDB593F7150081CF938701A19C4389C715
:103F4000DC4399C301458297134519008DBC93F753
:103F5000250089CF938781A19C4391C7DC4381C70A
:103F60008145054582971345290091BC93F745008B
:103F70000145E38607A49387C1A09C4399CF854759
:103F80001727FF1F2306F7D2938781A19C4391C770
:103F9000DC4381C78145054582979727FF1F93879B
:103FA000E7D0C8472C10EF7090222810EFF04F9404
:103FB0009727FF1F83D727C981CF13060064338655
:103FC000C70291451725FF1F0345C5DBEFD08FECD6
:103FD00013454900EDB2011122CC2A84554506CE85
:103FE00026CAEFF0AFB8AA8413054002EFF00FB86D
:103FF0002AC613055002EFF06FB7AA8622856244E5
:104000003246F240B3359000D24405616FA010549F
:10401000797122D406D68D472E84631FF50003D70D
:10402000A50083D6850003D665000345340083D5FB
:104030004500EFE09FEF09A889671387D700631059
:10404000E50403C5250019E58547B25022543E8595
:1040500045618280938781A09443FDD603C63600D4
:1040600083C50600814802C202C00148814701475A
:104070009106EFE03FFC0545EFF06FE3F1B71387E2
:10408000E700E303E5FC13873701631AE50003C586
:1040900025005DD9014781460146814559BFE507A5
:1040A000E304F5FAB1476319F5001725FF1F03452F
:1040B00015C0EFE0BFF249BF41677D178147E316A6
:1040C000E5F803C75500C947E310F7F883D6E500C4
:1040D00003D6C5000355840083D5A500EFA0104882
:1040E00041C95D45EFF08FA83335A000231CA10026
:1040F00083454400035524003008EF6010048357C3
:104100008101B9F36C0813051031EF30613093056C
:10411000E10113052031EF30A12F8357C10103576F
:1041200084006374F7002314F4008357E1010357FC
:10413000A40063F4E7002315F400835784000357B9
:10414000A4006374F7002315F40003552400EFA0C6
:10415000B0450357E4008356C4000356A4008355BA
:1041600084000355240001488147EFA05034E9BD85
:104170008547231CF100ADBF1727FF1F0347F7C07A
:104180009307F00F6309F70859C5411122C426C2ED
:1041900006C6AA840345A5004105EFD06F822A8494
:1041A00035C59307000D2310F500D9472301F5000D
:1041B00083D744002312F50083C764002303F5006E
:1041C00083C77400A303F50083C784002304F500AC
:1041D00083C79400A304F50003C6A4002305C5000B
:1041E0001DC2CC44410548C497C0FE1FE780A05DB6
:1041F000A2852244B24092441725FF1F0345F5B81B
:1042000041016FD0CF8623260500DDB7B24022449E
:104210009244410182808280C1671387E7FF639DDA
:10422000E500938781A09C4395C383C707000D4792
:10423000639CA7006FA0F026FD1749476396F50021
:10424000938781A09C43FDF73A8582804947EDBF63
:10425000797122D406D626D24AD04ECE52CC56CA36
:104260005AC80347050085472A84630AF7040346B2
:104270008500930695009305E1000545EFE0AFDD6D
:10428000814719C1834705008346040011476380B5
:10429000E604138781A318438D460347170063087C
:1042A000D70295C70DC719ED0145B250225492545B
:1042B0000259F249624AD24A424B456182808147A3
:1042C0000145D9B785466318D7028D8BF1DF0345C9
:1042D0001400130A2400D285EFE08FF5A300A40098
:1042E0001389C1A383270900AA8A81499304F00F87
:1042F00099EB05455DBF8946E318D7FA858BF9B779
:10430000850993F9F90F83C741A363FDF9020325DA
:104310000900139B49005A9583470500E38297FEE5
:1043200083471500E39E57FD1946D285090597C0BE
:10433000FE1FE780405269D583240900034704002B
:10434000DA9485EC834604009147E38FF6F48327E3
:104350000900B9DB03C641A301479305F00FE3054C
:10436000E6F4BE84C10703C507FF630EB50A05075F
:104370001377F70FEDB788C4F5A09147631AF706D6
:10438000C84405C583478400034605006304F60658
:10439000034704009147631DF706C84419C597D029
:1043A000FE1FE780E02723A60400034584009165F3
:1043B0009385E571050597D0FE1FE780001A05C5B6
:1043C000034704009147631EF704C8C48347840071
:1043D000930594000505A30FF5FE0346840097C0DE
:1043E000FE1FE780403E034584003335A00075BDC5
:1043F000884441BF93059400050597C0FE1FE780E0
:1044000080458547E316F5F85545EFE03FF6BDA832
:10441000884441DD97D0FE1FE780802023A404005C
:1044200069B788C465B72380D40083471400D28558
:1044300013852400A380F400194697C0FE1FE7806F
:1044400080380345840091659385F571050597D003
:10445000FE1FE780801005C5034704009147E31C59
:10446000F7F0C8C483478400930594000505A30FA3
:10447000F5FE0346840097C0FE1FE780C0348347E3
:104480008400E39807E6034504007D151335150005
:1044900029BD797122D426D24ECE52CC06D64AD02E
:1044A00056CA5AC82A849309250003451500CE85AB
:1044B000938481A3EFE0CFD7A300A4009C400D47D5
:1044C0002A8A83C71700639BE7001389C1A3832748
:1044D0000900814A63910718054535A0FDD7144CA2
:1044E000034674019305E1000545EFE0CFB61DC911
:1044F000984085468347050003471700631FD70090
:104500008D8BE1F70145B250225492540259F24981
:10451000624AD24A424B456182808946858BE316C6
:10452000D7FAC5B78347040011476385E7002D47D5
:10453000E39AE7FC9384C1A39C40E9D7814A0149EF
:104540001DA88840139B4A00834704005A950347DF
:1045500005006311F70283471500639D4701194663
:10456000CE85090597C0FE1FE780E02E01C503A98F
:1045700004005A99850A93970A0103C741A3C1838E
:10458000E3E1E7FCE31309F4B5BF93944A002695F1
:104590000347050083470400631EF70A834715009D
:1045A000639A470B1946CE85090597C0FE1FE78021
:1045B000802A4DC1832709001147BE948347040018
:1045C0006385E7002D47639DE70203AAC400834784
:1045D000740103460A006308F602528597D0FE1F55
:1045E000E78000040345740191659385E571050535
:1045F00097D0FE1FE78060F615E5E39F04ECADA0C1
:1046000003AA8400E9B70C4C13051A0097C0FE1FDB
:10461000E78060248547E312F5FC5545EFE01FD5A0
:1046200069DDCDB58347040011476385E7002D4759
:104630006390E702C8C4834774010505A30FF5FE24
:10464000034674010C4C97C0FE1FE780C01775B776
:1046500088C4D5B7850A93970A0103C741A3C183CC
:1046600003250900E3E3E7F283C641A3032709001A
:1046700081471306F00F11A8BA844107834507FF4D
:10468000638AC5008507C207C183E3E7D7FEA9B5E2
:1046900088C499A083470400CE8513852400238015
:1046A000F400834714001946A380F40097C0FE1F4E
:1046B000E78060110345740191659385F5710505E7
:1046C00097D0FE1FE78060E9E30805E00347040098
:1046D0009147E31FF7FAC8C4834774010505A30F88
:1046E000F5FE034674010C4C97C0FE1FE780A00D39
:1046F000E5B31717FF1F034757699307F00F6300D0
:10470000F70A51CD411126C2AA84514522C406C6DA
:104710004AC0EFC0FFAA2A842DCD9307000D2310B5
:10472000F500D5472301F50083C7340013898400C1
:10473000CA85A301F50083D744002312F50083C77F
:1047400064002303F50003C57400EFE06FAEA3031C
:10475000A400CA8513058400194697C0FE1FE78090
:10476000800683C7E400A2851715FF1F0345F56186
:104770002307F40083D704012318F40083C724011E
:104780002309F4002244B2409244024941016FC01F
:104790001FAEB2402244924402494101828082808D
:1047A0001717FF1F0347775E9307F00F6304F704A3
:1047B00031C1411122C42A84194506C6EFC05FA049
:1047C000AA850DC59307000D2310F500DD472301D1
:1047D000F500835744002244B2402312F500171518
:1047E000FF1F0345955A41016FC07FA8B240224484
:1047F000410182808280011122CC1384C1A31C401C
:1048000006CE26CA4AC84EC652C499CF2E8AAA845A
:104810000149084063129902630C0A0497D0FE1FF5
:10482000E78000E023AE01A2F2406244D244424954
:10483000B249224A0561828093194900B3073501C4
:10484000884709C997D0FE1FE78080DD1C40CE97BE
:1048500023A407001C40CE97C84709C997D0FE1F64
:10486000E78000DC1C40BE9923A60900050955B766
:1048700045DD13964400814597C0FE1FE78020F870
:10488000144081477D5613F7F70FE37F97F813978E
:10489000470036972300C7008507F5B7011152C4BA
:1048A000138A81A383270A0006CE22CC26CA4AC8CF
:1048B0004EC656C25AC0D1CF2A89014419ED9387FA
:1048C000C1A3944399CA03C641A32A84814793058F
:1048D000F00F13F7F70F6368C708131534002105AD
:1048E000EFC01F8EAA8401E92145EFC07F8DAA8405
:1048F00021C501444D49930700FD2380F4008547FD
:10490000A38024012381F400A381840045C8138976
:10491000840023A224018149938AC1A3130BF00FC1
:1049200083C741A363F3F90039E883270A00A6850A
:1049300003C50700EFC0BF93814503C541A3EFF056
:104940009FEB03250A0097D0FE1FE78060CD23ACC4
:1049500001A2F2406244D2444249B249224A924AF8
:10496000024B056182801397470036970347070083
:104970006305B70005041374F40F850799BF83A777
:104980000A0093954900BE9583C7050063846703B9
:104990002300F90083C71500130529007D14A30027
:1049A000F900194689051374F40F97C0FE1FE780BC
:1049B00080E12109850993F9F90F9DB723A204002D
:1049C000ADB7938781A39C43B9C7411122C406C6E2
:1049D0002A841DE10945EFE07F992A8601C98545B2
:1049E0001715FF1F0345053AEFC0DFCA0545EFF075
:1049F0008FDE2A84054501CC85451715FF1F034529
:104A00006538EFC0BFEA2285EFF05FE90545B240A7
:104A10002244410182800145828089679386B700E4
:104A20006317D5009C4503C507006FF09FF9938677
:104A3000C7006318D5009C45854603C5070019C902
:104A4000EDB793861704E30FD5FC938727048146BF
:104A5000E303F5FE36858280797106D622D426D20C
:104A60004AD04ECE52CC56CA5AC85EC679C9834780
:104A70003500AA8985C7404115C05945EFE01F8F11
:104A8000931A850193DA8A410149138A81A3130B92
:104A9000000DB54B83C73900636DF900B250225445
:104AA00092540259F249624AD24A424BB24B456192
:104AB00082808307840263CD570783270A00ADCB2A
:104AC0002285EFF0EFF82DC5034584005105EFC0B6
:104AD0002FEFAA8431CD231065012301750183478F
:104AE0000400194693052400A301F50083078402FE
:104AF00015052303F50083471400A30FF5FE97C0A7
:104B0000FE1FE78040CC034684002386C4001DC6F8
:104B10001385440188C89305940097C0FE1FE78061
:104B200080CA83270A00A68503C50700EFC02FF4BB
:104B30000509130494021379F90FA9BF23A80400EF
:104B4000CDB7938781A39C43B1DBEFF03FD52254CF
:104B5000B25092540259F249624AD24A424BB24B85
:104B6000014545616FF02FC7797106D622D426D250
:104B70004AD04ECE52CC56CA5AC85EC671C183477F
:104B80003500AA8985C7444195C05945EFE00FFE1D
:104B9000931A850193DA8A410149138A81A3130B81
:104BA00000FDC14B83C73900636DF900B250225438
:104BB00092540259F249624AD24A424BB24B456181
:104BC00082808387F40063C8570783270A00A5C73C
:104BD0005145EFC0EFDE2A8439CD23006501A300E3
:104BE00005002301750183C704001946938524003D
:104BF000A301F5008387F4001505A306F50083C71C
:104C00001400A30FF5FE97C0FE1FE780C0BB83C74B
:104C10008400938594001305C400A305F40019468D
:104C200097C0FE1FE78020BA83270A00A28503C52C
:104C30000700EFC0CFE30509C1041379F90F9DB751
:104C4000938781A39C43BDD3EFF05FC52254B2503C
:104C500092540259F249624AD24A424BB24B014540
:104C600045616FF04FB75D7186C6A2C4A6C2CAC0C7
:104C70004EDE52DC56DA5AD85ED662D466D26AD09C
:104C80006ECE630C0526834735002A898DCB4041C3
:104C90001DC45945EFE08FED93178501E1873EC6AE
:104CA0008144938981A3130A000DC94B054CB54C6F
:104CB000130D00FDC14D8347390063E1F402B64096
:104CC000264496440649F259625AD25A425BB25B74
:104CD000225C925C025DF24D616182808307C400B8
:104CE000324763C6E71683A7090063820716034BA2
:104CF000040093770B01CDCFCD47631EFB06230045
:104D000004002285EFF0EFF86303051483470400E5
:104D100011476363F7146399870D5145EFC04FCA7C
:104D2000AA8A630605122300A501A300050023013A
:104D3000B50103470400194693052400A301E500CB
:104D40000307C4001505A306E50003471400A30FDD
:104D5000E5FE97C0FE1FE78000A703470401194640
:104D600093051401A385EA001385CA0097C0FE1FAE
:104D7000E78060A5F1A0D5476318FB0085472300B5
:104D8000F400A30B0400B5BFF547E309FBFEC947D8
:104D90006316FB0089472300F400A5B7C1476314DD
:104DA000FB008D47CDBFED47E31DFBF49147E5B711
:104DB00093778B0099C3AD47F9BF93761B00937728
:104DC0004B0091C699C395475DBFA147E9B793765C
:104DD0002B0091C699C3A5475DB799476DBF99C38D
:104DE000A94755BF9D4745BF034574015105EFC015
:104DF0002FBDAA8A29CD2310450123019501034720
:104E00000400194693052400A301E5000307C4002C
:104E100015052303E50003471400A30FE5FE97C023
:104E2000FE1FE780409A034674012386CA0019C614
:104E300013854A0123A8AA000C4C0DBF23A80A0021
:104E400003A70900D68503450700EFC04FC28504BC
:104E5000710493F4F40F85B503457401130505023D
:104E6000EFC00FB6AA8A65D523104501230175014D
:104E70008346040013770B061946558FA301E500FE
:104E800003471400930524001505A30FE5FE97C002
:104E9000FE1FE780409303478400194693051401E1
:104EA000A385EA000347940013853A012386EA00AC
:104EB0000347A400A386EA000347B4002387EA005F
:104EC0000307C400A387EA000357E4002398EA001D
:104ED000034704012389EA0097C0FE1FE780A08EE4
:104EE00003467401A38CCA0011C613850A0223AEBF
:104EF000AA0099B723AE0A00A1B7938781A39C4368
:104F0000E38F07DAEFF09F992644B64096440649AE
:104F1000F259625AD25A425BB25B225C925C025DE9
:104F2000F24D014561616FF00F8B9717FF1F83C72B
:104F3000A7E5A18B1385C1A291E301456FD07F86C0
:104F4000238A01A2FD571717FF1FA300F7E423AE22
:104F500001A223AC01A29717FF1F938727D717073A
:104F600000001307C7AB98C317070000130707AF6C
:104F7000D8C317070000130767BF98C717070000BB
:104F80001307A7CED8C717F7FFFF1307271F98CB24
:104F90009387C1A217F7FFFF1307472898C317F796
:104FA000FFFF13072707D8C38280411122C485451C
:104FB0002A8403C541A306C6EFF0FF839717FF1F9E
:104FC00083C787DCA98BB5CB1715FF1F130505D049
:104FD000238A81A2EFD08FFC1384C1A31C4091C708
:104FE0004D45B24022444101828003C541A319E1ED
:104FF0000145C5BF91659385B571120597C0FE1F28
:10500000E780A05523AEA1A261DD03C641A312062D
:10501000814597B0FE1FE780807E104083C641A384
:105020008147FD5513F7F70FE374D7FC139747003B
:1050300032972300B7008507F5B70145238A01A2FF
:10504000EFD0CFF575B79387C1A0884301CD41114B
:1050500006C697C0FE1FE780A05CB24023A601A051
:1050600041018280828001111305700306CEEFE0BA
:10507000EFAF2AC613058003EFE04FAF2AC4130534
:105080009003EFE0AFAE2246B245F240AA86054556
:1050900005616F90F04A5D711305D00386C6A2C406
:1050A000A6C2CAC0EFE08FAC2A841305C003EFE0AC
:1050B000EFABAA841305E003EFE04FAB2A89130599
:1050C000F003EFE0AFAA8A871377F50F9376F90F15
:1050D00013F6F40F9375F40F0545EF907047B64043
:1050E00026449644064961618280757122C5138405
:1050F000C1A01C4006C726C34AC1CEDED2DCD6DA28
:10510000DAD8DED6E2D405456388070E9305F105AB
:105110001305F041EF00513B9305F1051305F041F4
:10512000EF00913A8346F1051717FF1F034727B891
:10513000B337E00091C289071840BEC60345370067
:1051400093054700EFD05F8A1840AAC40D458345F8
:105150002700AEC2EFE08FA1AAC01145EFE00FA17A
:1051600000402ADE65450347A400034CB4003ADC46
:10517000EFE0CF9FAA846945EFE04F9F2A897145F0
:10518000EFE0CF9EAA896D45EFE04F9E2A8A7545D4
:10519000EFE0CF9DAA8A7945EFE04F9D2A8B13055A
:1051A0000004EFE0AF9CAA8B13051004EFE00F9C06
:1051B000E2042648B6476257F256064696451375EE
:1051C000F50F93FBFB0F137BFB0F93FAFA0F137A88
:1051D000FA0F93F9F90F1379F90FE1842AD05ECE13
:1051E0005ACC56CA52C84EC64AC426C262C0930898
:1051F00044000545EF90B02FBA402A449A440A492A
:10520000F659665AD65A465BB65B265C496182807F
:10521000011122CC06CE8D472E846316F50603C7F6
:105220003500E94703D545006318F7009717FF1FBE
:1052300083D727A86385A706EF50207F09C583572A
:1052400064002317F5000357A40083568400035617
:1052500064008355440003453400EFD01FCD03574D
:1052600044009717FF1F83D7C7A46308F70085473B
:10527000F24062443E8505618280FD571717FF1F8B
:105280002319F7A2EDB78967CD07631DF50083C722
:10529000250031476385E7004547E39AE7FCEFD0F7
:1052A000CFD6F1B7B1476319F5001715FF1F0345B6
:1052B000B5ADEFD0BFD265BF41677D178147E31918
:1052C000E5FA83C655004947E394E6FA83C54500ED
:1052D00003552400300023140100EF50E06041BF6B
:1052E000411122C406C626C283C701A41307E00FDA
:1052F0002E846383E7041307F00F6387E7021145E9
:10530000EFB01FEC15C1930700FD2300F50089479E
:105310002301F5008547A3008500A301F500AA85B8
:1053200003C501A4EFB0BFF4F9572380F1A4B24044
:105330002244924441018280AA841145EFB05FE883
:105340007DD5930700FD2300F5008947A300850064
:105350002301F500A30195002244B2409244AA859E
:1053600003C511A441016FB09FF079714AD0138930
:10537000C1A08327090022D406D626D24ECE52CC15
:105380004544C5EF9717FF1F83C707A0958B494476
:10539000CDC7AE899165A380A1A4AA8493857571B8
:1053A000314597C0FE1FE780401B23A6A1A04D44B6
:1053B00049C523009500A30005002946CE850905AF
:1053C00097B0FE1FE780204083270900914603C75E
:1053D000270063EEE6083DEB4D472381E70003C756
:1053E0002700136707012381E70093057100130568
:1053F000F041EF00710D83477100F9EB1717FF1FA4
:105400000347E78A8D476315F70CEFD06FEC2C004C
:10541000EF60E05B2800EFD0BFCD4545EFD01FF532
:10542000014401CD130600643306C50291451715EA
:10543000FF1F03452595EFC0EFA52285B2502254EA
:1054400092540259F249624A45618280854663144A
:10545000D700754759B789466314D7004947B5BF88
:105460008D466314D70041478DBF5547BDB795465C
:105470004A8A630ED70099466316D70009472381ED
:10548000E70031A01D466314C7022381070065456C
:10549000EFD0DFED9307F007E309F5F403270A00E7
:1054A0008347270093E707042301F7003DBF214608
:1054B0006314C7000547E1B725466315C70023817C
:1054C000D700F1B7A9460544E319D7F6114745BF00
:1054D000EFF0BFC12A8435D1EFF0FFB6B9BF01119B
:1054E00026CA9384C1A09C4022CC06CE4944A9C7B9
:1054F00083C707000D446391A70489451715FF1F53
:1055000003454588EFC08FBA91451715FF1F034526
:105510006587239201A4EFC06FB99C400147814683
:10552000A38087001306F100854785450145A30741
:10553000F100EF90B0002A842285F2406244D24408
:1055400005618280011106CE22CC26CA8547631AE6
:10555000F50683D741A4B1CB1707FF1F0347477553
:1055600029E71307B003636DF70289451715FF1F7D
:1055700003454581EFC08FB39307006403D641A470
:105580003306F60289451705FF1F0345A57FEFC0C7
:105590006F90239201A4F2406244D244056182805C
:1055A000938747FC2392F1A4FDB79387C1A09C4346
:1055B000FDD36244F240D24403C5070005616FF099
:1055C0001FF29384C1A09C40F9D79707FF1F83C7A0
:1055D000A77B918BE9D389476313F5062D452EC62A
:1055E000EFB01FBE2A8445D9B245930700FD2300C2
:1055F000F500E547A30005002301F50083C735004A
:1056000015051946230FF5FE83C745009505A30F21
:10561000F5FE97B0FE1FE780001B1705FF1F03452F
:10562000B5769307F00F6315F5009C4003C507009E
:10563000A2856244F240D24405616FB05FC38945E0
:105640001705FF1F03450574EFC04FA66244F240E3
:10565000D244239201A405616FF0FF9E9707FF1FBC
:1056600083C78772958B91CB938701A59C4381CB90
:1056700085472383F1A46FF01F9F494582804145F0
:105680008280238301A4854501456F90E06B9707D5
:10569000FF1F83C7676F958B91C785472381F1A44F
:1056A0006FF07F9F49458280238101A48145054594
:1056B0006F90406A9307C01C63FCA7000945828075
:1056C0000945F2406244D2444249B24905618280B0
:1056D0005DC5011122CC2A8421054EC64205AE8942
:1056E00091659385657141814AC806CE26CA97C0E7
:1056F000FE1FE78080E62A8961D59384C1A4884093
:1057000009C597C0FE1FE780A0F11305890023207B
:10571000A9002286814523A621A597B0FE1FE78018
:10572000000E9C402286CE85884397B0FE1FE780FE
:1057300080099C40239287009387C1A09C4385CF1A
:105740009707FF1F83C74764958B85CB9387C1A4B9
:105750009C4399CF984383D647006244F240D24499
:105760004249B24905468D45054505616F90805C0B
:1057700001478146DDB70145A9B7494599B79387E8
:10578000C1A09C438DC79707FF1F83C7E75F958B19
:105790008DC39387C1A49C4381CB984383D6470094
:1057A00005468D450545D9B701478146D5BF014519
:1057B0008280494582809307C01C63FCA70009458D
:1057C00082800945F2406244D2444249B2490561AF
:1057D00082805DC5011122CC2A8421054EC6420576
:1057E000AE8991659385557141814AC806CE26CA16
:1057F00097C0FE1FE78060D62A8961D5938441A5B2
:10580000884009C597C0FE1FE78080E11305890025
:105810002320A9002286814523AA21A597B0FE1F37
:10582000E780E0FD9C402286CE85884397B0FE1F2E
:10583000E78060F99C40239287009387C1A09C4336
:1058400085CF9707FF1F83C72754958B85CB9387F9
:1058500041A59C4399CF984383D647006244F240C8
:10586000D2444249B24905468D45054505616F90D0
:10587000A04C01478146DDB70145A9B7494599B715
:105880009387C1A09C438DC79707FF1F83C7C74F4E
:10589000958B8DC3938741A59C4381CB984383D639
:1058A000470005468D450545D9B701478146D5BF17
:1058B00001458280494582809307C01C63F4A7009C
:1058C00009458280797122D44ECE06D626D24AD09E
:1058D000AE892A8431CD2105916542059385757184
:1058E000418197C0FE1FE78040C72A8909456301AF
:1058F0000908938401A5884009C597C0FE1FE78069
:1059000020D2130589002320A9002286814523A8DF
:1059100021A597B0FE1FE78080EE9C402286CE85B1
:10592000884397B0FE1FE78000EA9C4023928700DF
:105930009387C1A09C43014585CF9707FF1F83C76D
:10594000A744958B49458DC76C001305D030EF10E7
:10595000312CB247014593F7070F99CB938701A5E7
:105960009C438D450545944303D64700EF90803D09
:10597000B250225492540259F24945618280938771
:10598000C1A49C4391CF03D647008C43411106C666
:1059900097B0FE1FE78020E3B240014541018280BD
:1059A000094582809387C1A49C4385C7938741A5FD
:1059B0009843894705C3035647000C43411106C667
:1059C00097B0FE1FE78020E0B24081473E8541014D
:1059D000828089473E8582809387C1A49C4385C786
:1059E000938701A59843894705C3035647000C4395
:1059F000411106C697B0FE1FE780E0DCB240814748
:105A00003E854101828089473E8582809707FF1F3E
:105A100083C78737918B99CF4111138581A406C61F
:105A2000EFC0FFD8B240FD571707FF1F2313F72819
:105A30004101828001456FC09FD7FD57A380F1A42B
:105A4000F9572380F1A4238301A4238101A4239285
:105A500001A423A601A423AA01A423A801A49707B3
:105A6000FF1F9387E727170700001307472198C3F5
:105A700017070000130747ADD8C317F7FFFF130739
:105A8000076798C717F7FFFF1307275ED8C717F7F1
:105A9000FFFF1307876098CB97F7FFFF9387877700
:105AA00023A4F1A48280411126C29384C1A09C400A
:105AB00006C622C485CF2A840D45EFB06FF0AA85B3
:105AC00019CD930700FD2300F5008D47A300850045
:105AD0002301F5009C4003C50700EFB04FF919C43E
:105AE0002244B240924441016FF0EFD5B2402244CB
:105AF00092444101828079714ECE9389C1A083A7DF
:105B0000090026D206D622D44AD052CC8144A1C75D
:105B100083C4170085472A896388F4049707FF1F09
:105B200083C70719854485EB0D45EFB06FE9AA855A
:105B300005C1930700FD2300F5009147A30025014F
:105B40002301F50083A7090003C50700EFB02FF27A
:105B5000EFF06FCF8544B2502254268502599254FB
:105B6000F249624A456182809387C1A49C434E8A70
:105B700085E30145EFD08FFF2A8601CA89451705C5
:105B8000FF1F03452520EFB0FFB083270A00B1A017
:105B9000944303D647009305E1000545EFC0BFCB12
:105BA00069D983470500858BE9D70545EFD00FFC00
:105BB0009307B0032A8463F3A7045D661306067097
:105BC00089451705FF1F0345E51B130444FCEFB08F
:105BD0007FC8239281A483A709000947A380E70017
:105BE0009707FF1F83C7C70C91C79707FF1F238124
:105BF000070C95B74A85EFF01FEBB1BF13060064A1
:105C00003306C5029DBF411122C42A840D4506C634
:105C1000EFB00FDB15C1930700FD2300F500CD4762
:105C2000A30085002301F5002244B240AA8503C5E4
:105C300011A441016FB0AFE3B24022444101828020
:105C4000411122C42A840D4506C6EFB06FD715C195
:105C5000930700FD2300F500ED47A3008500230115
:105C6000F5002244B240AA8503C511A441016FB0DA
:105C70000FE0B240224441018280035745000111E8
:105C8000896606CE22CC26CA13866600AA876317C9
:105C9000C7009C47014583C5070009A813868600F5
:105CA000631AC7009C47054583C50700EFF04FE323
:105CB00005453DA8138696006313C7021387C1A04C
:105CC0001843014515C79C4703C50700631B050C16
:105CD0008547A300F7000545EF80707CD1BF138690
:105CE000A600631CC7009C4703C50700EFF0BFE098
:105CF000F2406244D2440561828013866603E30A5F
:105D0000C7F813867603E30FC7F813868603631D6F
:105D1000C7081C451307E00F83C4070083C701A40D
:105D2000638EE7021307F00F6386E7021145EFB0B9
:105D30002FC9AA8505C1930700FD2300F5008947F7
:105D4000A30095002301F500A301050003C501A4EC
:105D5000EFB0EFD1F9572380F1A499BF9387C1A089
:105D600098433E84014549D785EC85447D4523050C
:105D70009100EFD0AFDF2316A10013050002EFD092
:105D8000EFDE1C40A305A1001307B100A38097001C
:105D900074001306A10085450545EF80307A09BFE0
:105DA0002685EFF05FD029B713869603E30DC7F27F
:105DB0001386E6036317C7001C45094583C5070022
:105DC000F5B59386F603631DD7021C4503C507008E
:105DD0003DE96C001305D030EF108163B2474147B5
:105DE00093F7070FE386E7EC9305B10013056031E5
:105DF000EF1001620345B1008545EF80F0744DBDA1
:105E00008966138606046313C7041C4503C4070090
:105E100083C761A4228585EB0D45EFB06FBAAA85D3
:105E2000E30805E8930700FD2300F500D1472301AF
:105E3000F500A30085009387C1A09C4303C507001C
:105E4000EFB0EFC2B5B5EFF01FDC9DB513861605B8
:105E5000631BC7001C4503C5070021E585450545B3
:105E6000EF80506FB1B5938626050145E312D7E860
:105E70009C4703C4070083C721A422859DE30D45E9
:105E8000EFB00FB4AA85E30505E2930700FD2300F8
:105E9000F500F147A30085002301F50003C511A417
:105EA00045B7EFF0FFD929B541119707FF1F83C709
:105EB000A7ED06C6958B99CB1705FF1F130545E285
:105EC000EFC09F8E4D45B240410182800145EFC039
:105ED000BF8D0145CDBF03C705009376250093779D
:105EE000D70F99C29367270013188501135888416B
:105EF00013F7F7076354080013E707089376850044
:105F00009377770F99C2936787001377050293F60B
:105F1000F70D19C393E607022380D50063450800F7
:105F20009377A50281CB8347060093E7C700230040
:105F3000F60082807DFD83470600CD9BCDBF2D45B9
:105F40006319071403C5050009476310E51401111F
:105F50004EC6BE89DC4122CC26CA4AC806CE03C73B
:105F6000170083C70700B68422075D8F42078D663E
:105F70004187938736A032842E896301F70E63C070
:105F8000E702938716A06309F70A63C1E70E9386B9
:105F900006A0630CD7062390040005454DA89387FF
:105FA00066AA6305F70C938786B8630BF70C938694
:105FB00046A0E312D7FEDC45DDC721472390E4006D
:105FC00003D707002300E60003D707002183A300BF
:105FD000E60003D727002301E60003D7270021832B
:105FE000A301E60003D747002302E60003D74700DA
:105FF0002183A302E60003D767002303E60083D7CB
:106000006700A183A303F60091A0C84597B0FE1FC7
:10601000E7800080420541814E86637335012A8600
:106020002390C400420641828325C900228597A09F
:10603000FE1FE780407919A8DC4583D7070023902D
:10604000A4002300F600A183A300F6000145F2405E
:106050006244D2444249B249056182809947239003
:10606000F4001946D1B723900400CDB7854723909B
:10607000F4008327C90083C707002300F400F9B7A1
:10608000E1472390F400614645B72390060005459B
:106090008280828083C805008947639BF814DC41B5
:1060A000797122D406D626D24AD04ECE52CC03C81D
:1060B000170083C707002E8422083368F8004208BF
:1060C0008D6713580841138327A0630468102A8A38
:1060D0003A89B684B285634C0301138707A0630A2B
:1060E000E802938717A0630BF808854711A8138768
:1060F00037A0630CE80A138767AA8D47E317E8FE09
:10610000B250225492540259F249624A3E85456186
:106110008280484432C697A0FE1FE780606F420528
:1061200041819D47E36E25FDB309990083C7A1A571
:10613000B24563D43701B547E1B748442686C20962
:106140004A9597A0FE1FE7800068484403C6A1A5B2
:1061500093D9090105063306364181454E9597A02E
:10616000FE1FE780C0699387C1A59C4399E38147DF
:1061700041BF9C438145E5DF528535A0AD47E31122
:1061800009F8E39A16FB8347160083460600584435
:10619000A207D58F2310F7009387C1A59C43E1DBAD
:1061A0009C438545E9D78297D9B7AD47E31A09F4EF
:1061B0009947E392F6F84844194697A0FE1FE780F6
:1061C00080609387C1A59C43DDD39C43CDD38D458F
:1061D00065B7AD4715F78547E39FF6F4034706001B
:1061E00093070008E3EEE6F0DC452380E70041B7C3
:1061F00085473E85828023AE01A4A38D01A4238D13
:1062000001A4B707A00093850184938707059CC16B
:10621000B707E803DCC117B601001306261B97C7B2
:10622000FE1F9387273D0947938EB183D0C317B6CE
:1062300001001306E61685462380EE00138E818347
:106240009388C183D0C723AED70117B601001306C8
:106250006616138381A51388A1831385918397BE46
:106260000100938EAE152300EE002380E80023800A
:10627000E7002388E7002380E7022388E70223AEB4
:10628000C7032380E7042300E8002384D700239575
:106290000700D0CB238CD700239D070023A2D70370
:1062A0002384D7022395070223A60702D0DB238C81
:1062B000D702239D0702231003002300D50017BE39
:1062C0000100130E6E0E23A2C7052388E70423AE38
:1062D00017052380E7062388E7062380E70897B899
:1062E00001009388680E17B701001307270C23A23B
:1062F000E7082384D70417070000130787C42395F2
:10630000070423A66704F0CB238CD704239D07043E
:1063100023A217072384D70623950706ECD7F0DBC3
:10632000238CD706239D070623AE07072384D708AF
:106330002395070823A6A70897C7FE1F93878734CE
:1063400098C317070000130727D5D8C323A4070055
:106350008280A54763E8A71017B701001307C78F0E
:106360000A053A951C41011122CC26CA06CE4AC81C
:10637000BA97B2842E8482879307800F63F9B7009F
:106380006145F2406244D24442490561828097C728
:10639000FE1F93872726C8573E8919C597B0FE1F51
:1063A000E7800028238D01A41306140091659385CE
:1063B0000571328532C697B0FE1FE780001A17C7F5
:1063C000FE1F232FA7244DDD3246814597A0FE1FD7
:1063D000E780E0420325C9022286A68597A0FE1F1A
:1063E000E780603E238D81A4014561BF8947E39921
:1063F000F5F883570600239CF1A4FDB7A147E3916C
:10640000F5F82146A6851385018497A0FE1FE78035
:10641000803BD9BF8547E395F5F697C7FE1F938765
:10642000671DD04F97C5FE1F9385451F03C5040008
:10643000EFF07FAA55BF8547E394F5F497C7FE1F99
:106440009387471BD05F97C5FE1F9385251FF9BF14
:106450008547E397F5F283470600A38CF18269B77D
:10646000094505B70945828083C7B1A595E38547EE
:10647000A38DF1A4058909CD97C6FE1F93868620BA
:106480004146A54517C5FE1F1305C5166F20A03C44
:106490000145828001111388F5FF06CE22CC26CA61
:1064A0004AC84EC652C41378F80FAD4563EE050BCB
:1064B000BA890A0817A701001307877C3A983E8A11
:1064C000832708003689B284BA9782878545EFC052
:1064D000AFCC2A8419E1EFF03F9D2285F24062445F
:1064E000D2444249B249224A056182808945EFC0BF
:1064F000AFCA2A847DF12685EFE03FABF9BF914515
:10650000EFC08FC92A8471F95286CE854A85EFC0C3
:10651000CFBDEFF07F99EFF06FCFEF50302775BF11
:10652000A145EFC06FC72A844DF95286CE854A85B2
:10653000EFC0AFBB2685EFE05FA7EFE01F9FEF50F6
:10654000102361BFB145EFC02FC52A8459F552868B
:10655000CE854A85EFC06FB92685EFE01FA5EFE035
:10656000DF9CEF50D02075B7094485BFBD47638CD1
:10657000F50663E9B702A5476387F50663EDB70043
:106580009947638CF5049D47638FF5049547638CA9
:10659000F50401458280B5476387F50463E1B704DC
:1065A000AD47F5B7DD47638EF50263EAB700C9472B
:1065B000638BF502D9476386F502C547C9BFF54726
:1065C0006383F50263E4B700ED47D1B79307200575
:1065D000638BF5009307200D5DBF4845828008411D
:1065E000828008458280484182809307F00F630EC5
:1065F000F506011126CAAA841305000222CC4AC856
:106600004EC652C456C206CE3A89B689B28A2E8A7E
:10661000EFA01FBB2A844D4515C8930700FB23003C
:10662000F400A30054012311440123023401130593
:106630008400614663050902CA8597A0FE1FE780B2
:106640008018A2852685EFA09FC20145F2406244D2
:10665000D2444249B249224A924A05618280814528
:1066600097A0FE1FE780A019E9BF094582800111AC
:1066700022CC06CE2A842306B100A306C100EF4037
:10668000C03A0DC10347C500A1476311F702780066
:106690009306E0070146A28517F5FE1F0345E56E48
:1066A000EFF0BFF4F2406244056182807800930607
:1066B000E0070146A28517F5FE1F0345F56CCDB72F
:1066C000930700643306F6026FB04F8F05C9034786
:1066D000050085469307270093F7F70F63F0F6024E
:1066E000411122C42A843A8506C6EFB0CFA0FD57D7
:1066F0002300F400B240224441018280828003578B
:1067000005009307000B6313F702834745004947D1
:10671000639CE7000347150185476399E70003552C
:10672000250085456F20103D6D47C5BF8280011152
:1067300022CC06CE2A842EC632C436C2EF40E02ECA
:106740000DCD8346C500A14712472246B245639E40
:10675000F600B28617F5FE1F034525632E86A28537
:106760006244F24005616FF05FE8B28617F5FE1FE4
:10677000034595612E86A285E5B7F2406244054542
:106780000561828023A2A1A68280011122CC26CAA3
:1067900006CE2A84AE84EF404029A6852285EF10DC
:1067A00081321DE5228523169100EF4000280DC19E
:1067B0000347C500A1476312F70217F5FE1F034503
:1067C000C55C78009306F0070146A285EFF0FFE173
:1067D000F2406244D2440561828017F5FE1F0345F2
:1067E000B55AC5B7011126CA06CEB68422CCDD46FD
:1067F00063E2B608D94663FED50AA5466381D50A89
:1068000063EEB6049546638CD50899466387D50A2E
:10681000054441687D18631606093AC6EF10612EDB
:1068200033068540324742064182420441803305A7
:10683000C4004205BA85418132C6EF20D03BAA8709
:1068400049C181C432462390C400B30580406244EC
:10685000F240D2443E8505616F10010CC54663804D
:10686000D504C9460D44E395D5FAC167FD17E31E6B
:10687000F6FA65B7F5466380D50463E4B600ED46E5
:10688000D5B7930620056388D5029306200DE391C2
:10689000D5F8C167FD170D446319F600BDBF094463
:1068A0008DBF9306200DE392D5F831064206418252
:1068B000ADBF15445DBF0D444DBFC167FD171D44FD
:1068C0007DB7F2406244D2440561828079714ECE38
:1068D000AE89C16526D20147AA84894617B6010050
:1068E000130646AFFD15054522D406D64AD0EF0063
:1068F0009061054431CD2A89130730028146114643
:10690000F5452685EFF01FEE2AC6554431C1835761
:10691000A900CE8601462314F10091472315F1000A
:1069200085472300F500B2472C002685A380070089
:106930003247FD572301F7003247A301F700EF006C
:1069400050522A8411C5324597B0FE1FE78040CDD2
:106950002285B250225492540259F24945618280F4
:10696000411106C6EFF09FC019C5B240410117B3EF
:10697000FE1F6700E3CAB24041018280011106CECA
:106980002AC6EF00117F3245914523A001A623A21C
:1069900001A697F7FE1FA387A73EEF20F020F24045
:1069A00005616F10F07F93970501C18763D80712C7
:1069B000797117F5FE1F0345F53C22D44AD006D65F
:1069C00026D22E89EFA03F842A8449CD03470500B3
:1069D0009307000A6315F70885474C08A305F100E3
:1069E000EF102105AA8405ED8347610171476374A7
:1069F000F708138717FE1377F70F9306000263F368
:106A0000E608858BC5C7938701A69C43994481CB33
:106A1000035524001306B1004C088297AA848347CB
:106A2000B10099C7084409C597B0FE1FE78040BF71
:106A300095E05247B7070001938707F07D8FB707AE
:106A4000120093870710630CF70003476101ED47BD
:106A50006317F700035524008545EF20B009228510
:106A6000EFA04FF3B250225421653345A900925450
:106A70000259456182803707301405073357F70004
:106A8000058B41D3138741A6184351DB03475101BE
:106A900059F72306F10099472308F1000355240014
:106AA0006C0023170100EF10A11795BF938741A633
:106AB0009C439DC3035524001306B1004C088297E4
:106AC00039DDAA8483475101B9FB8347610123085B
:106AD00091002306F100D9B79944EDB701458280B2
:106AE0000145828097F6FE1F83C6562A814763E5DB
:106AF000D70001473A8582802E87910503D6C5FFCE
:106B0000E30AA6FE8507E5B70DCD834725000547B7
:106B1000890793F7F70F6376F702411122C406C67F
:106B20002A8483550500034535000147F9465D4633
:106B3000EFF0BFABF9572311F400B24022444101FA
:106B40008280828017F7FE1F034757248147FD5636
:106B500063E3E70082802310D50023010500850749
:106B60001105FDB701458280938571859307000269
:106B700085462380F500FD57238BF184A384F1849F
:106B80002384F184239AD184239401A623A801A607
:106B900023A001A823AA01A61386C18497B70100E8
:106BA000938747825CC2238501A697C7FE1F938700
:106BB00027AE09472300E6002380E7002388E7008B
:106BC0002380E7022388E70217A701001307C77E87
:106BD000D8DB0D47238CE7021387C1A61843238413
:106BE000D700D0C7238CD70017A501001305057E59
:106BF00017A601001306067C97A601009386867DE2
:106C0000C8C323950700D0CB239D0700CCCFD4D396
:106C1000238407022395070223A60702239D070268
:106C2000D8DF97C7FE1F9387A7AA1707000013078F
:106C3000870C23A00700D8C323A40700828041113A
:106C400006C6EFF03FEA11C503452500B2404101F9
:106C500082800145E5BF411122C426C24AC006C652
:106C6000AA842E893284EFF0FFE711E94165CA85D5
:106C70007D15EFF03FE7C54711C5231095002301AF
:106C800085008147B2402244924402493E85410139
:106C9000828029E78948354763931605011106CE9E
:106CA00022CC26CA034716000346060093C7F7FF07
:106CB0002207598EF18F32C68DE7C4452A84A685F6
:106CC000EFF0FFF732460147630FA60022856244CA
:106CD000F240A685D24405616FF0FFF72D473A8553
:106CE000828013070008F2406244D2443A8505616D
:106CF000828083C8050009486395080303A84500FE
:106D00008347180003480800A207B3E70701C2073A
:106D10000D68C187130828906395070189476FF0B4
:106D20005FF70545828003C791849307F00F630ADC
:106D3000F70441114AC02A89294522C426C206C641
:106D40003284AE84EFA0CFC71DC59307100B23106C
:106D5000F500230205002314850022442311250198
:106D600023139500B24092440249AA8503C5918439
:106D700041016FA0CFCFB240224492440249410169
:106D80008280828041119387C1A626C2AE848C4343
:106D900022C406C62A84EFF09FEA098909C9228520
:106DA0002244B240A685924441016FF03FB2B24006
:106DB00022449244054541018280411122C426C2E9
:106DC0004AC006C6AA84130445001309850B8357DD
:106DD00004009DC3084409C597B0FE1FE7804084A6
:106DE00022853146814597A0FE1FE78040A13104EE
:106DF000231A04FEE31D24FDB2402244FD572390D4
:106E0000F4000249924441018280938781A798430C
:106E100017F6FE1F034696F781476315F600814675
:106E200036858280BA861307870B835587F4E389FA
:106E3000A5FE850793F7F70FCDB7938701A89C436D
:106E400099C703D74700E31CA7FE88478280014506
:106E50008280411106C6EFF05FFE09C50845B240C9
:106E6000410182800145E5BF011126CA9384450096
:106E700022CC4EC606CE4AC852C456C25AC0268735
:106E800081490144814681473D450356070055CE5F
:106E9000D9E20354470083572700B286A297C2075E
:106EA000C18385093107E392A9FE25C82E89916522
:106EB00093854570228597A0FE1FE780006A2A8B84
:106EC00029CD814A014A8C4485C503D64400330547
:106ED0004B0197A0FE1FE780008F83D744008844B2
:106EE0003E9A420A135A0A0197A0FE1FE780407398
:106EF00063890A0031468145268597A0FE1FE780F9
:106F00000090850AB104E3E03AFD232669012314C9
:106F10008900054521A0630DD6000145F240624479
:106F2000D2444249B249224A924A024B05618280C8
:106F300003562700E313F6FE035647003294B29738
:106F40004204C2074180C183A9BF0545E37835FDEE
:106F5000A9BF938741A79C4399E301458280984745
:106F60000357A700E319A7FE13854700828041114C
:106F700006C6EFF01FFE11C503550500B2404101E2
:106F800082800145E5BF411106C6EFF09FFC11C5A7
:106F900003452500B240410182804145E5BF4111D2
:106FA00022C42A842E8506C6EFF0FFFDAA85054679
:106FB0002285EF30902A95476305F500BD4763139E
:106FC000F5002145B240224441018280411122C492
:106FD0002A84090506C6EFF06FEFFD57A301F40000
:106FE000B2402244410182809387C1A79C4317F796
:106FF000FE1F0347B7D92A86050781463E8583D7FA
:1070000007006388C700850693076500E3E8E6FE8E
:1070100001458280411122C4416406C626C29307FD
:10702000E4FF630EF500AA8485E1EFF0FFFB01E9C0
:107030001305F4FFEFF05FFB19C123109500B24078
:10704000224492444101828085476394F504EFF025
:10705000BFF92A846DD5FD572310F500834724001E
:107060001307F00F6384E7021307E00F638AE7005A
:10707000034534000147F9465146A685EFF0EFD6A7
:107080002285EFF0BFF4FD572301F4002302040032
:107090007DB78947E395F5FA8545EF30703B45F1BB
:1070A0002685EFF07FF42A8455F951BF5D71A6C2A1
:1070B0004EDE86C6A2C4CAC052DC56DA5AD8AE84A6
:1070C00083C52500F947AA896396F504EFF0DFF13F
:1070D0002A8409ED01442285B64026449644064997
:1070E000F259625AD25A425B61618280834725001D
:1070F0000547890793F7F70FE37EF7FC0345350053
:107100000147F9460146CE85EFF02FCE2285EFF0FC
:10711000FFEBC9B783AA0400B7070001938707F004
:1071200037071200B3F7FA0013070710328A014934
:10713000638AE7022EC6EFF03FEB2A89B2451DC1F4
:107140000346450005C293178601E187E3C407F8AB
:107150004E85EFF0CFD18347490093E707F823022C
:10716000F9008DBF03C761859307F00F1944E3044D
:10717000F7F6E147E3E1B7F693D71500FD178E0761
:1071800017A701001307C7B2BA9703A80700E304C3
:1071900008F403AB4700E3000BF4C20A93DA0A01D8
:1071A00063850A00C947E398F5F283D6440090440A
:1071B00083C5140003C50400380802982A8401FD21
:1071C0002C084E85029B2A8421C983C71400E394AE
:1071D00007F083C72400230AA10039472308F100E0
:1071E0006399E70262478347170003470700A20736
:1071F000D98F0C084E852319F100EF007122E30BA3
:1072000005EC14080546D9454E85EFF04FD22A8487
:10721000D9B583578101F1BF83C624009147E38B21
:10722000F6EA38080146CE8503C56185EFF0EFBB6D
:107230002A84E31205EA83C524002808EFF00FB37F
:1072400019C123000A009840B7070001938707F08F
:107250007D8FB707120093870710E30DF7E6E30B66
:1072600009E683C724002302F900B5B5011106CE53
:107270002EC6EFF07FD701CD83474500B245138777
:1072800017006396E50093F707F82302F500F24034
:1072900005618280938741A7984319E3014615A8A9
:1072A0001C4703D8A700636B050183584700B386CA
:1072B00008016355D5008146639416011843F1BF58
:1072C0003E86C10703D3A7FF6317A30099C123908C
:1072D0000501328582808506C206C182F1BF3971FF
:1072E00052D42E8A4ED69305E101AA89528522DC1A
:1072F0004AD856D206DE26DA328936C63AC4BE8A63
:10730000EFF05FF9054435C5AA840355E10139441E
:10731000EFF0BFB239CD03284500630C08042247C3
:10732000B246D6874A86A6854E8502982A8431E1E0
:107330009307E00F638FFA0203C704008947631ABB
:10734000F702D8408347170003470700A207D98FE9
:10735000C2070D67C18713072790639CE700834727
:10736000190003460900D285A2075D8E4E85EFF015
:107370009F9B2285F2506254D2544259B259225AEC
:10738000925A21618280797122D4035425004ECE15
:10739000AA89228556CA06D626D24AD052CC5AC8C5
:1073A0005EC662C4AE8AEFF05FA601E92285EF00F7
:1073B000D157594429E90144B9A003C78900854739
:1073C000AA840144631AF702AA8513858900EFF0A5
:1073D000BFA929CD03D7640083D68400D04483D5C8
:1073E000440003D52900E147EFF07FEFD9472A8415
:1073F0006318F50223A604002685EFF01F9C49C000
:10740000D947E30AF4FA2285B25022549254025921
:10741000F249624AD24A424BB24B224C45618280C9
:1074200061DD83D744002390FA00F9B71389440043
:10743000014AB94B594C3D4B83550900D5DDE14715
:1074400063067A010357C90011C3D94703572900BE
:10745000835649000326890003D52900EFF03FE851
:107460002A846319850123240900050A3109E315DB
:107470006AFD59B77DD9835709002390FA00F5B703
:1074800003D529002DB701112317C1009307E00F81
:107490001306E1000147894606CEEFF05FE4F240B3
:1074A00005618280797122D42A840355850026D211
:1074B000AE849305210106D64AD0EFF0BFDD630804
:1074C000050E834785002AC693F707028DCF035523
:1074D0002101EFF01F98AA87B24501ED8357840080
:1074E00039452390F400B250225492540259456118
:1074F0008280035524004946829711C58357840032
:107500002390F400CDB7035924004A85EFF0FF8F94
:1075100011ED41657D15EFF05F8F19E5835784000C
:1075200025452390F400C1B723102501130745001A
:107530008147BD46035607002DE63147B387E70272
:10754000130984003146CA8591073E959790FE1F26
:10755000E78060273146CA8548089790FE1FE7807C
:1075600080260356C4000355240041478146DD456B
:10757000EFF04FA72ACE19E58357840045452390A5
:10758000F40095B70C480356C4009790FE1FE7809F
:107590008023035524004C08EF00F13429D55945C8
:1075A00099B785073107E397D7F8254581BF05458A
:1075B000B1B7797122D42A840355850026D2AE84CE
:1075C0009305E1014AD006D63289EFF0BFCC51C510
:1075D0008347850093F70702A9E703471401930740
:1075E000200519E3834744008356A4005044835583
:1075F0008400035524000147EFF07FCEAA8721E9DC
:107600008347140199E703552400EF00F128D94777
:1076100011E18147B2502254925402593E8545618E
:1076200082802AC60355E101EFF0BF82AA8705C90F
:10763000B2450355240049468297AA8759DD03576E
:1076400084002390E4000347140161F7E1B7594730
:10765000E317E5FE230009006DBF8547CDB7B947A5
:10766000F9BF397122DC4AD84ED652D406DE26DA6A
:10767000AA892E8A32C63689EFF01F97094415C5AC
:10768000834725001307E00FAA845D44638FE7005A
:107690001307F00F5944639AE700324605E2D2859A
:1076A0004E85EF00712C2A8415CD2285F25062544C
:1076B000D2544259B259225A2161828003550A009C
:1076C0009305E101231F0100EFF0DFBC0355E10149
:1076D000EFF07F8BAA8505464E85EF3000382A846F
:1076E0005DDDE1B79307F00FE301F9FC9386240019
:1076F0007946A68517F5FFFF13054541EFE05FFCCE
:10770000A38124015DB73971938741A726DA8443A9
:1077100052D45AD05ECE62CC06DE22DC4AD84ED697
:1077200056D266CA2A8BAE8B328C368A99E0814952
:10773000B9A0804483DC44000149835AA400631447
:1077400099018440E5B78357A400A28963F86701D3
:1077500005094209135909014104D5B7E3EAFBFEC3
:10776000630C0A00834504004840D28662863AC60C
:10777000EF002125324769DD19C323105701F2506C
:1077800062544E85D2544259B259225A925A025BDF
:10779000F24B624CD24C2161828003D7050083D624
:1077A0002500854763E9E60439C7411183C64500D2
:1077B00026C29384550022C426862E8417A5010074
:1077C0001305C5C0894506C6EF00A11FC14711CDED
:1077D0008346440083552400035504000147268650
:1077E000EFF07FF2814711E1A947B2402244924471
:1077F0003E85410182803E8582802E8603550600AB
:1078000083D52500854763E2A50205C1834646006E
:1078100041110147150606C6EFF0FFEE814711E161
:10782000A947B2403E85410182803E8582802E86F6
:107830000355060083D52500854763E2A50205C1EF
:107840008346460041110147150606C6EFF0BFEB1F
:10785000814711E1A947B2403E85410182803E85C2
:10786000828039714ED683D7250083D9050006DE84
:1078700022DC26DA4AD852D456D25AD05ECE62CC16
:1078800066CA6AC863E037198547638E0914416B7D
:10789000AE8A2A8A2314010002C6014401497D1BD5
:1078A000894B054CC94C054D83D52A0001478146BB
:1078B00001464E8523130100EFF0FFE4AA84630024
:1078C000051209EC13072002930661005A869545BC
:1078D0005285EFE03FF12A846308051203578100C7
:1078E00083C7040045C70347A100630CA7074147AE
:1078F0006385E7022C005285EF00E14709CD340093
:107900001546D9455285EFE09FE211C5324597A053
:10791000FE1FE780E0D08147F9A083D7A40041464D
:10792000130524002300F40083D7A400A183A3003F
:10793000F400CC409790FE1FE780E0E849048357AD
:1079400081008507C207C1832314F10063F9270969
:1079500083D7A400638567098509C20993D9090102
:10796000A1B7E39977F983D7A4000946130524004A
:107970002300F40083D7A400A183A300F400CC402B
:107980009790FE1FE78020E4110455BF22C60359DB
:10799000610003C7A40013052400638277033359F1
:1079A0009903230571012300E40083D7A400414615
:1079B000A183A300F400CC401379F90FA5BF2305E0
:1079C00081012300E40083D7A4001359290013790F
:1079D000F90FA183A300F4000946CC4055B78357A3
:1079E000810089FBA947F2506254D2544259B259DE
:1079F000225A925A025BF24B624CD24C424D3E8567
:107A0000216182808547C5B7C547F1BF03C7E1A89B
:107A1000854763F3E706011122CC26CA4AC806CE81
:107A20002A843289AE84EFF02FDC01C90347250098
:107A30009307E00F5D456308F700631C0900A68506
:107A40002285EF00416FF2406244D2444249056111
:107A5000828003D504009305E10023170100EFF0B5
:107A60007F830355E100EFF00FD2AA8505462285FA
:107A7000EF20B07E69D5C1BF5945828013F705025A
:107A800001C7B2856FF0AFD1411126C24AC006C608
:107A900022C413F98500AA8463170900139785018E
:107AA0006187635D070232853684EFF0CFCDAA850A
:107AB00005466313090001462685EF20107A01E987
:107AC0000145B240224492440249410182808347E9
:107AD0009400E5DB83478400E5F7E5B793F72500DD
:107AE000E5F30D45F9BF7971AE8622D42A8403D51A
:107AF00006009305E10106D636C6EFF0AFF909CDD1
:107B000083458500B2460356E1012285EFF01FF759
:107B1000B2502254456182800545DDBF13F705024E
:107B200001C7B2856FF0AFC7411122C426C206C695
:107B300093F485002A8491E413978501618763504B
:107B400007023285EFF02FC4AA85054691E0014671
:107B500022852244B240924441016F20107093F775
:107B60002500014591E30D45B24022449244410174
:107B700082807971AE8622D42A8403D506009305CB
:107B8000E10136C606D6EFF0EFF0B24601CD8345EF
:107B900085000356E1012285EFF05FF8B2502254D0
:107BA000456182800545DDBF797126D2AA840355DF
:107BB000A500C16722D44AD04ECE06D623170100B5
:107BC000FD173284B6890149630DF500050583C6AA
:107BD0000400D04042051307E1004181EFF0BFB23D
:107BE0002A8983C60400D0408945179501001305F2
:107BF000E57DEFF0105D1DC503D4A4002285EFF0F4
:107C00000FB709C57D142A9442044180638409009A
:107C100023908900B25022544A8592540259F24965
:107C20004561828083C60400D040894517950100D4
:107C30001305057AEFF0F05861F183C60400D040D7
:107C40008945179501001305E576EFF0905719C99E
:107C5000E30609FA8357E100E39287FA0354A90087
:107C60007D145DB703D4A40055B7397122DC26DA40
:107C70004AD84ED652D456D25AD062CC06DE5ECE08
:107C8000BE8983C785002A8AAE84C18B328C368434
:107C90003A89C28A468B9DE783CB04008947638B70
:107CA000FB046285EFF06F991DC183280500638096
:107CB00008025A88D6874E87CA862286A6855285AC
:107CC000829839A03285EFF0CF98AA8711ED394517
:107CD000F2506254D2544259B259225A925A025B1B
:107CE000F24B624C216182802946A685528582979B
:107CF00045D5F9BFD8408347170003470700A207BF
:107D0000D98FC2070D67C187930607906384D72276
:107D100063CEF60693062780638ED70C63C1F60206
:107D200013070780E3CFE7F62D45E39309FADC4418
:107D300003C60700CC432310C900228569A213079C
:107D40003780E390E7F62D45E39409F88547231043
:107D5000F900DC44814583C707002300F40003D504
:107D6000A400050542054181EFF0CFD283570900F9
:107D70006317051291072310F90011468145130579
:107D800014009790FE1FE78080A729A293062790F2
:107D90006383D71863CED71293063790638CD718B6
:107DA00013074790E39FE7EE2D45E39309F2DC4488
:107DB0001D472310E90003C707002300E40003C7A1
:107DC0001700A300E40003D727002301E40003D732
:107DD00027002183A301E40003C747002302E40036
:107DE00003D76700A302E40083D76700A1832303BE
:107DF000F4004DA02D45E39D09ECDC446C0083C9E3
:107E0000170003C70700A209B3E9E90011472310CF
:107E1000E90083C707004E852300F400DC4483C7D4
:107E20001700A300F400EFF0EFC6AA8435C503568F
:107E3000C100C1659306E100FD158329C500EFF07F
:107E4000BFD619ED83C60400D040894517950100BF
:107E500013050558EFF0F03601E5FD572317F10043
:107E600003C7090089476310F70283A54900094643
:107E7000130544009790FE1FE780E09483570900A4
:107E800089072310F9008357E1002301F400A1833F
:107E9000A301F40001452DBD23173101EDB70347C0
:107EA00005008907BA972310F9008357A500A3009E
:107EB000F4008357A500A1832301F40003460500C5
:107EC0004C41130534009790FE1FE780C08FD9B74F
:107ED000C8449790FE1FE780A09393170501C183C4
:107EE0002A871D45E3E637DF6399F900231009006F
:107EF000CC4403560900CE9589B54207B3863A01B2
:107F0000418363C7E600B38737412310F900CDB73B
:107F100023105901F1BF2D45E39C09DACC44528569
:107F2000EFE0FFD1231079012300A4002181A300F9
:107F3000A4008DB72D45E39D09D8DC4423107901B9
:107F400083C707002300F400DC4483C71700A300A5
:107F5000F40089B75D71CAC02A89035525004EDE39
:107F600052DC56DA5AD85ED662D466D26AD06ECE69
:107F700086C6A2C4A6C22E8BEFF0B038130CF5FF54
:107F8000931D0C01C16BAA8A814917EAFE1F130ACF
:107F90006AD693DD0D01938C01A7138D81A6FD1B7D
:107FA0008357C90063F8F90097E7FE1F83D787D48A
:107FB00063CE87010355290097E5FE1F938585D37E
:107FC000EF000102AA841DCDD9442DA88327890082
:107FD000139719009305E100BA9703C4170083C7EC
:107FE000070022045D8C2285EFF0CFAAAA851DE947
:107FF00023108B0003254A00854409C59790FE1F76
:10800000E7800062B6402644268506499644F25928
:10801000625AD25A425BB25B225C925C025DF24DC4
:10802000616182808348490083A60C000356E10009
:10803000035529006E8881476A87EFF01FC3AA8421
:1080400011C523108B0003254A0045BF83274A0032
:1080500095E303552900514781465E86BD45EFE013
:108060006FF897E7FE1F23A9A7C809E523108B0027
:10807000C54449BF97E7FE1F83D7C7C703D781A66B
:108080003E976347570113C7F7FF56972394E1A61E
:1080900003254A0083A50C0003D681A63E95978050
:1080A000FE1FE780407283570A0003570D008509C1
:1080B000C209BA9717E7FE1F231EF7C293D9090119
:1080C000C5B5397122DC2A840355250006DE26DA7F
:1080D0004AD84ED652D45AD05ECE62CC66CAAE8B47
:1080E00056D2EFF010222A8A8346C4008355A4009A
:1080F0000355840078001306D400930CBAFF651A68
:10810000EFF06FE0420A416B2A898144135A0A0159
:10811000138C01A797E9FE1F9389C9BD7D1B6302DC
:10812000090463D094058348440083260C00035659
:10813000C1000355240052888147138781A6CA8550
:10814000EFF0BFB215C5814A0356C1008355A400A4
:108150004A859306E100EFF03FA52A89639D0A0650
:108160005DFDE5E08357840029452390FB0081A055
:108170000356040183D781A6E317F6FC83250C0080
:1081800048489780FE1FE780006D55DD83A74900B2
:10819000A1E303552400454781465A869D45EFE0FB
:1081A0006FE41DE18357840045452390FB00F250A6
:1081B0006254D2544259B259225A925A025BF24B3B
:1081C000624CD24C2161828097E7FE1F23A6A7B2A2
:1081D000835AA90095BF83A74900A697238057011A
:1081E000938714001397070183A74900418393DA0B
:1081F0008A00BA97238057011387240083A6490079
:1082000093873400420791044183C207C204C183AB
:10821000C180369711CD8356E1002300D70003A714
:108220004900BA970357E10021832380E700C5BDC9
:10823000FD562300D70003A74900BA972380D70033
:108240000DB703552400898097E5FE1F938585AA05
:1082500097E7FE1F239097AAEFF0903E29D9594542
:10826000B9B7411122C406C693F705012A843285A5
:1082700085C3EFE05FD1AA8505462285EF20E07D2A
:1082800095476305F500BD47631DF502214515A817
:1082900093F7450099CBEFE01FCF0546AA852285CD
:1082A0002244B24041016F20407B93F7050489C707
:1082B000EFE07FCD0146DDB713F51500133515004E
:1082C0000605B24022444101828079714AD04ECEE7
:1082D00052CC06D622D426D22A8AAE89014983D727
:1082E00049006364F9000145A1A083A709001314A4
:1082F0001900930414003387970003470700A297DF
:1083000003C5070022079305E100598DEFE09FF8B0
:1083100005E983A7090005453E940347040023802F
:10832000E70083A70900BE9403C70400A380E70009
:10833000B250225492540259F249624A45618280F5
:10834000834585000356E1005285EFF09FF105C19A
:1083500083A709003E94034704002380E70083A716
:108360000900BE9403C70400A380E700D1B7050944
:10837000420913590901A5B7011122CC2A8403D55A
:1083800005009305E10006CEEFE0DFF001CD834567
:1083900085000356E1002285EFF0BFECF240624415
:1083A000056182800545DDBF397126DAAA8403554F
:1083B000250006DE22DC4ED652D456D25AD05ECEEE
:1083C00062CC66CA6AC82E8A4AD8EFF08073AA8A3D
:1083D00083C6C40083D5A40003D58400138CAAFFF0
:1083E00078001386D400EFF00FB2420CC16CAA895A
:1083F0000144135C0C01138B81A6938B01A7FD1C18
:10840000ED1A17EDFE1F130DED8E638D091803563F
:10841000C10083C5890003D52400EFF09FE42A89B9
:10842000631D051683C8440083A60B000356C100D4
:1084300003D5240062888147138781A6CE85EFF09B
:10844000DF822A89631B051439C003D781A611076F
:1084500097E7FE1F83D7278A6395E700A29763C03B
:10846000570997E7FE1F83D707893354F40203D5D2
:10847000240097E5FE1F9385E58797E7FE1F239B62
:108480008786EFF070392A890DC559491DA003D59B
:108490002400494781466686C545EFE0AFB497E7BB
:1084A000FE1F23ABA7840DE583D7A9004549231000
:1084B000FA00F25062544A85D2544259B259225AB3
:1084C000925A025BF24B624CD24C424D2161828047
:1084D00083570B00910717E7FE1F231EF7808327A2
:1084E0004D0003D7A9009306E100A2972380E7007F
:1084F000930714001397070183274D0041834E858E
:10850000BA9703D7A90021832380E7000356C1004F
:1085100083D5A400EFF04FE983264D001307240014
:108520000356E1004207418336972300C700032723
:108530004D0093073400C207C183BA970357E10087
:10854000AA89110421832380E70003254D004204FA
:10855000418003D681A683A50B002295639509026D
:108560009780FE1FE780202683570B003E9442042D
:108570004180E31804EE83D784002310FA00E31A45
:1085800009F229493DB79780FE1FE780C023835732
:108590000B003E94420441808DBD83D7A900231077
:1085A000FA00C1BF0149F1B75D71A6C2CAC0AA8471
:1085B0000359850003552500A2C44EDE56DA5AD869
:1085C0005ED662D466D26AD086C652DC6ECE2E8B60
:1085D000EFF02053930BD5FF71159319050101445A
:1085E000138DD40093D90901138C81A6938C01A714
:1085F00097DAFE1F938A0A706358741583C6C40005
:1086000083D5A4001307E1006A864A85EFF0AF8F97
:10861000AA8D630B05120359A500834585000356F7
:10862000E10003D52400EFF0DFC36314051283C813
:10863000440083A60C000356E10003D524004E88B5
:108640008147138781A6EE85EFF02FE263130510B3
:108650001DCC83D781A617D7FE1F0357C76989078B
:10866000630EF70697D7FE1F83D7E7683354F402EB
:1086700003D5240097D5FE1F9385C56797D7FE1FA6
:10868000239A8766EFF0900505C5594515A003D5D7
:10869000240041664D4781467D16A545EFE08F9445
:1086A00097D7FE1F23AAA7641DE123102B01454580
:1086B000B640264496440649F259625AD25A425B61
:1086C000B25B225C925C025DF24D616182808357F5
:1086D0000C00890717D7FE1F231FF76083D781A6D9
:1086E000A29763D3770783A74A0003D7AD00130A85
:1086F0002400A2972380E70005049317040103A434
:108700004A00C183420A3E9483D7AD0083A50C0082
:10871000135A0A01A1832300F40003A54A0003D6DB
:1087200081A652959780FE1FE780E00903540C0054
:10873000C167FD17529442044180E30FF9EA05092D
:108740004209135909014DBD294509FC23102B018C
:1087500085B76DDC01BF8357050081E789473E85FA
:108760008280411126C2444122C406C683C6040049
:10877000D0402A84894517950100130525C5EFF0DF
:10878000402419C9834724002547E51793F7F70FBD
:108790006376F702E14729A883C60400D0408945E3
:1087A000179501001305C5C2EFF0A02161FD8947AF
:1087B000B240224492443E854101828083D6418565
:1087C0008547FDD6035704003697C166E3C2E6FE2F
:1087D00091659385257031459790FE1FE780E0D71E
:1087E000AA84CD4771D5314681459780FE1FE78029
:1087F00000018357040083D5418501460147B386B4
:10880000E500C206C1826369F702AE97C207C18361
:1088100019C2239AF18423A004002146A28513855E
:1088200044009780FE1FE78000FA938741A79C438E
:1088300091EF23AA91A631A85040131547000507D0
:108840002A962315D60005465DBFBA87984375FF63
:1088500084C38147B1BF011106CE22CC26CA4AC8C3
:1088600009E98944F240624426854249D2440561BF
:1088700082802AC62A84280036892314B100230561
:10888000C100EFF05FEDAA8471FDE30D09FC835791
:10889000A400E1DB91659385557031459790FE1FEB
:1088A000E780A0CB0DC58357A40023200500232417
:1088B00025012312F500938701A89C4389E723A093
:1088C000A1A84DB7BA87984375FF88C361BFCD444F
:1088D00051BF83C7A1A695E385472385F1A60589E6
:1088E00009CD97A6FE1F9386A6DE4146914517A5A2
:1088F000FE1F1305E5D96FF01FF601458280A384A2
:10890000A1848280C167FD176315F5002E856FE095
:108910006FA3411106C6EFE0EF9C11C5FD57231070
:10892000F50023010500B2404101828001114AC8CF
:1089300006CE22CC26CA85472A896393F5044A8548
:10894000EFE0AFCC39E9C1649385F4FF1307E10090
:10895000894617960100130626A60545EFE0BFDA03
:108960002A84FD140DC44C444A85EFF0BFF9035628
:10897000E10022858146A685EFF00FA32A84DDB7AA
:1089800089476396F5008545EF20802C4DD9F2404C
:108990006244D244424905618280EFE00FC265B76C
:1089A000411106C623AC01A623AE01A623A601A64B
:1089B00017D5FE1F0345953D41CD9307200C330588
:1089C000F5029165938515701905420541819790CF
:1089D000FE1FE78080B823ACA1A69307200C17D612
:1089E000FE1F0346B63A3306F60281451906978004
:1089F000FE1FE780C0E0938781A79C4317D7FE1F27
:108A00000347D73881459386870B7D5563E8E50694
:108A10009306800BB306D7020146FD550507B697AE
:108A200023AEF1A6BE862390B600A381B6002381B3
:108A3000B6002382060005069906E366E6FEF956AF
:108A40002390D70099463307D702BA9723A6F1A6F9
:108A500017E5FFFF1305C565EFD0DFD217F5FFFF60
:108A600013050581EFE0907C17E5FFFF1305C55A5C
:108A7000EF204015B2400145410182802394A6F4C5
:108A80001386C6F423100600232406003106E31BD8
:108A9000D6FE85059386860B95BF411122C42A8494
:108AA00006C6EFD04FF5EFE02F8C238481849387A7
:108AB000C1A68843EFE00F89238B81842244B24012
:108AC000170500001305C5E641016F20A00F93971D
:108AD0000501C18763D00736797103C5818422D42B
:108AE00052CC06D626D24AD04ECE2E8AEF80AFF197
:108AF0002A8421C9034705009307000B6310F7047C
:108B00008547A304F100938701A79C432315010027
:108B1000A1E7EF00C07D9165938535709790FE1FAA
:108B2000E780A0A323A8A1A605E98347910099C7E0
:108B30008345440013058400EFD09FE22285EF8037
:108B40006FE5B250225421653345AA009254025970
:108B5000F249624A456182806146814517D5FE1F10
:108B6000130545199780FE1FE78060C9034944003B
:108B7000894797D9FE1F9389E917631DF906EF000E
:108B8000007797D7FE1F2397A71603552400CE859D
:108B9000EFF0C0190357240097D7FE1F83D787151E
:108BA0008356840011ED63E4F6002314F40083552A
:108BB00084003A85EFD07FBD2285EFD05FB4B5B792
:108BC00063E4F6002314F40083578400D9450D466E
:108BD00097D6FE1F2390F61297D6FE1F9386861116
:108BE0003A85EFD0DFB48D4561D917D5FE1F130547
:108BF0006510E1A09947631CF9029305A100228545
:108C0000EFF02FCCAA844DD9D947639BF40E050908
:108C1000035524001379F90FD94597D6FE1F938683
:108C2000660D4A86EFD0BFB0CA8559D57DBFA14732
:108C30006318F9009305A1002285EFF0FF96D9B7DC
:108C4000A947631FF906035584006C00EFE08FE429
:108C5000AA84630705160355240041669306E100C4
:108C600055477D16AD45EFD0FFB797D7FE1F23A51B
:108C7000A708AA8649C1834844000358E100035667
:108C8000C10003552400A68581474E87EFE0FFFD14
:108C9000AA846316051003552400CE85EFF0E02961
:108CA000E30C05F003552400CE862D46D945EFD0C0
:108CB0001FA8E30305F0AD454E85EFD07FCAEDBD9B
:108CC000B1476315F910035584006C00EFE08FDCA9
:108CD000AA846307050E0355240041669306E1004C
:108CE00059477D16B545EFD0FFAF97D7FE1F23A597
:108CF000A700AA863DE183578400C5442315F100EF
:108D000003471400D147E309F7EA834744000355BA
:108D1000240097D5FE1F9385E5FD17D7FE1F230B73
:108D2000F7FC8357A10017D7FE1F2316F7FC97D730
:108D3000FE1F238397FCEFE0B06EE30F05E60355BB
:108D4000240097D6FE1F9386E6FA0546D945EFD054
:108D50001F9EE30305E6854549BD8348440003584B
:108D6000E1008357A4000356C10003552400A685E3
:108D70004E87EFE09FEFAA841DE103552400CE85C6
:108D8000EFF06021E30A05E203552400D945CE86C1
:108D90003546EFD0DF99B545E30005E2B9B5D947CF
:108DA0006393F400814403A549009790FE1FE78078
:108DB0002087E38304E0835784002315F10089B7FB
:108DC0008357840085442315F1001DBFB9476318FC
:108DD000F9009305A1002285EFF0CF9725B5C14793
:108DE0006318F9009305A1002285EFF0EFDB19BDB0
:108DF000C947631AF900130691009305A100228563
:108E0000EFE02FFB01B5D947631DF9009305A100E1
:108E10002285EFE02FE9AA84E31805DEA304010010
:108E200061BBE147E31AF9D89305A1002285EFE081
:108E30008FD5C9BB01458280F9CA011152C42E8A5F
:108E4000854522CC4EC656C206CE26CA4AC8AA8A34
:108E5000B6893284EF10D05FD14715C183C7C1A84E
:108E600083C6D1A8814419E0B684BE86138741A881
:108E7000184393974400BA9763EDD400D547F24066
:108E80006244D2444249B249224A924A3E8505612F
:108E900082803E89C10703D727FF09C7850493F461
:108EA000F40FD9BF39CC9565938525C01305000211
:108EB0009780FE1FE780606A2326A90061D1130610
:108EC00000028145938404049780FE1FE78020936D
:108ED00023119900230009002313590115C4138796
:108EE00041A98347940010432304F900118C832780
:108EF000C90011841180238E870023A02901814796
:108F0000BDBF23260900F9B723044901FDB78547F2
:108F10003E858280938741A8984383C5C1A8814735
:108F20006395F50081463685828003562700BA8610
:108F300019C2E30AA6FE850793F7F70F4107CDB7DD
:108F4000938741A8984303C6C1A881476315F600DB
:108F500081463685828083552700BA8689C5834538
:108F60004700E388A5FE850793F7F70F4107F9BF90
:108F7000938741A9984383C5F1A881476395F5007C
:108F800081463685828003560700BA8619C2E30AF5
:108F9000A6FE850793F7F70F4107CDB7938741A842
:108FA0009C4303C8D1A801476315E8008146368574
:108FB000828003D62700BE8619CA03D667006318CD
:108FC000A600D04709C603562600E302B6FE0507F1
:108FD0001377F70FC107C9BF411122C4404526C20C
:108FE00006C6AA8415C0484409C59780FE1FE780BD
:108FF0002063484809C59780FE1FE780606222858C
:109000009780FE1FE780C0612685414681459770A5
:10901000FE1FE780C07EB2402244FD57A384F400C7
:10902000924441018280011122CC2A8403552500FB
:1090300006CE2EC6EF10700C324622858145EF0019
:10904000106922856244F24005616FF0FFF80DC59A
:1090500003572500411122C406C62A8411CBDD45E1
:10906000EF00D06A22852244B24041016FF0DFF662
:10907000B2402244410182808280411126C23147A0
:109080009304C5FF3387E40297D7FE1F938707C871
:1090900006C622C43E978356A7006397B60248438C
:1090A00005C53E849307F00F6306F600834705006D
:1090B000639CC7009780FE1FE7808056B147B38747
:1090C000F402A29723A20700B24022449244410135
:1090D0008280411122C42E8426C24946AA84814539
:1090E000228506C69770FE1FE7806071B9CC83C7E2
:1090F000C40113974700938741A99C43BA9703D7AC
:1091000007002310E40003D7270083D7670023114B
:10911000E4001387A1A8035707002312E40003D734
:1091200004002313E40003D724002314E40003D72E
:1091300044002315E40003D764002316E40003D79A
:1091400084002318F4002317E400B2402244924420
:1091500041018280938741A903A80700938741A812
:10916000904383C5C1A8014781476394E5003E85CC
:1091700082808346060081CE544691CA83C6C601CA
:109180009206C2966315D500850793F7F70F05077A
:109190001377F70F4106D1BF130600643386C5026B
:1091A00093069500AA8517050000130585EA6F80D0
:1091B000EFE0411122C406C62A8403459500EF80E2
:1091C0008FF3FD57A304F400B24022444101828092
:1091D000011122CC4AC84EC652C456C206CE26CA77
:1091E0002A89AE890144138A41A89D4A83C7D1A820
:1091F0006362F40463970902938941A8130AF00F8C
:1092000083C7C1A86366F4061144A14422850504FE
:1092100042041306F00FCA854180EFF01FE6E31702
:1092200094FEF2406244D2444249B249224A924AF0
:109230000561828083270A0093144400BE9483C78B
:1092400004009DC383D7640063902703639659018C
:1092500003D52400EF10606A26854E868145EF0015
:1092600010472685EFF05FD705041374F40FBDBFD8
:1092700083A7090093144400BE9483C704009DC3D0
:1092800083C794006380470383D76400639C2701EE
:109290002685EFF01FF22685D145EF003047268561
:1092A000EFF09FD305041374F40F99BF416779174A
:1092B000630BE502411122C406C685472A846399DF
:1092C000F50022852244B240814541016FF05FF0F4
:1092D00089476396F5008545EF1090177DD1B24020
:1092E00022444101828082809D456FF07FEE03D54C
:1092F000A1A88280011106CE2317A1002316B10078
:1093000003C781A885476318F70070009305E10043
:109310000545EF50D016F24005618280A947631CD5
:10932000F60483C7150003C70500A207D98F2310D1
:10933000F50083C7350003C72500A207D98F231185
:10934000F50083C7550003C74500A207D98F231234
:10935000F50083C7750003C76500A207D98F2313E3
:10936000F50083C7950003C78500A207D98F231492
:10937000F500014582800545828091476314F6021D
:1093800083C7150003C70500A207D98F2310F50076
:1093900083C7350003C72500A207D98F2311F50025
:1093A00001458280054582809387C5FF939607011A
:1093B000C1820D476360D70231473387E70297D7F1
:1093C000FE1F9387A794BA972381A7002390B70025
:1093D000014582800945828013074020AA87637473
:1093E000A70093074020F1172395F1A82387B1A880
:1093F0002388B1A88280190595654205411193859E
:1094000035C0418106C69780FE1FE780001511C553
:10941000B240E95541016FE02050B24041018280E5
:10942000238601A8238701A8A38701A8A38601A8F2
:10943000238401A885470111A384F1A806CE2AC67A
:1094400022CC238F01A8239501A823A201A8EF1005
:10945000C0533245130600038145238CA1A817D5BC
:10946000FE1F1305A58A9770FE1FE780403903C5CC
:10947000C1A905CD9565938545C012059780FE1F4E
:10948000E780A00D23AAA1A80DC19387C1A983C716
:10949000170003C6C1A98145A386F1A8A387C1A867
:1094A00012069770FE1FE78080359387D1A883C787
:1094B000070017D5FE1F0345658D95653E9513750D
:1094C000F50F2386A1A8938555C012059780FE1F2E
:1094D000E780A00823A2A1A841C103C6C1A8120623
:1094E00081459770FE1FE7808031938741A898439C
:1094F00083C6C1A8814725077D566398F604EF10FF
:10950000C06BB1473305F5029565938565C042058B
:1095100041819780FE1FE780400423A0A1AA2A84EE
:1095200001CDEF10806931463306C50281452285A1
:109530009770FE1FE780A02C6244F24017050000E0
:10954000130505D705616F10E06785072300C70085
:1095500093F7F70F410755B7238601A8A38601A803
:1095600079BF41119397050126C206C622C4C1875F
:10957000AE8463DA070803C581A9EF70DFC82A84C7
:1095800029C903470500930700096311F70403473E
:109590001500CD476317F7060345250097C5FE1F45
:1095A00083C5356083C7E1A893066400014601477F
:1095B0002E886317E50219C22387F1A883C7E1A8A3
:1095C00091C7854503C581A9EF709FF52285EF708E
:1095D0007FBC2165258DB2402244924441018280A6
:1095E00003C60600B29713F6F70F9377F80F63746C
:1095F000B6009377F60F05071377F70F8906054630
:109600004DBF0125E1B793F715000145E9D7EF00FC
:10961000106C09C983C7E1A891C7854503C581A915
:10962000EF701FF013C514007DB785462A8763FBD2
:10963000C60483C7150003C60500A207D18F2310F7
:10964000F500639CD70083C7350083C62500A207B9
:10965000D58F2311F5000145828089460145639429
:10966000D70283C7350083C62500A207D58F2311F3
:10967000F70083C7550083C64500A207D58F231284
:10968000F70082800545828091476314F60283C704
:10969000150003C70500A207D98F2310F50083C763
:1096A000350003C72500A207D98F2311F500014516
:1096B00082800545828091476314F60283C71500B6
:1096C00003C70500A207D98F2310F50083C7350013
:1096D00003C72500A207D98F2311F5000145828019
:1096E00005458280A1476314F60483C7150003C7AC
:1096F0000500A207D98F2310F50083C7350003C7E3
:109700002500A207D98F2311F50083C7550003C791
:109710004500A207D98F2312F50083C7750003C740
:109720006500A207D98F2313F50001458280054506
:1097300082808947631CF60083C7150003C70500B4
:10974000A207D98F2310F50001458280054582804C
:109750008357260079714ECE06D622D426D24AD01F
:109760001307F007AE896372F70209473AC423165C
:10977000F100300093F5F50FEF100017B2502254AE
:1097800092540259F2494561828003574600D946F6
:109790002A89328463F8E6008357660063F4F60092
:1097A0006379F70023140100300093F5F90F4A851F
:1097B000E1B70355060002C4EFF08FFBAA8459C13C
:1097C000EFF05F9983C784006369F5001146A246F4
:1097D000CE854A85EF10E00655B7340026869305FE
:1097E000F00F4A85EFF04FE575F1A247035784006B
:1097F000DC472390E700035724002391E700035739
:1098000044002392E700035764002393E70003D743
:1098100044002394E700DC4485CB93F4F90F2286BF
:10982000A6854A858297C167FD172A86E311F5FA56
:1098300022459947F9452300F50023029500EFF0F2
:10984000BF952DBF094661B7014651B7A947631CB3
:10985000F60483C7150003C70500A207D98F23109C
:10986000F50083C7350003C72500A207D98F231150
:10987000F50083C7550003C74500A207D98F2312FF
:10988000F50083C7750003C76500A207D98F2313AE
:10989000F50083C7950003C78500A207D98F23145D
:1098A000F500014582800545828083C705002300BD
:1098B000F50083C71500A300F50083C7350003C773
:1098C0002500A207D98F2311F500828023220500ED
:1098D00003C7450089476304F7000545828083D6A6
:1098E00065000D47E37BD7FE9C45011106CE22CCD7
:1098F00026CA4AC84EC683C4170003C60700A2047E
:10990000D18C138644006311D60403C4370083C787
:109910002700AE8922045D8C9307C4FFC207C18370
:109920002A89636FF70003A589002311990023108A
:109930008900F155EFD0507E2322A900014531A0C6
:109940002285EFF02FDD65F10545F2406244D244F7
:109950004249B24905618280397122DC2E848347F5
:1099600004004AD806DE26DA4ED619472A89B2857F
:10997000639AE706034624002800EFF0FFD0AA848C
:1099800015E903558100EFF0EFD8AA89834514004B
:1099900015C92E8617170000130767E834009D4588
:1099A0004A85EF00903E4E85094681450D234E8540
:1099B000EFF08FE2F250625426854259D254B259E8
:1099C0002161828089472310F100835781000A8634
:1099D0002311F1008357A1002312F1004A85EF0003
:1099E000B070C9BF4947639DE702035624002800B1
:1099F000EFF05FCFAA845DFD97C7FE1F83D7C73105
:109A000099E3814445BF03471400834604003C00AA
:109A10000146CA8517C5FE1F03452530352E59BF9F
:109A200051476390E702035624002800EFF01F8F90
:109A3000AA8449F18345140030004A85EFF05FD1D4
:109A400095BF5947639FE704035624002800EFF0B1
:109A5000DF92AA8425F1835581004A85EFF00FD467
:109A60001DC558458356A10083570700B697C20706
:109A7000C1832310F700D1D75C47C1D783C7E1A8C2
:109A8000C9D3854503C581A9EF709FA925B789472B
:109A90003EC0835781000A86834514002312F100DB
:109AA00035BF834514000A8623100100EF00D06300
:109AB00089BF5D71A6C256DA86C6A2C4CAC04EDE90
:109AC00052DCAA8A03C51500AE8432C6EFF04FC738
:109AD000B24501ED8144B6402644268506499644A8
:109AE000F259625AD25A6161828023020500231121
:109AF000050083C9040085472A84639AF90003C6D8
:109B000024002808EFF07FB2AA8405492DA09D47C4
:109B10006394F904034705008D47E31DF7FA03C674
:109B2000240028080549EFF01FB9AA8409E5054675
:109B300081452285692E2285EFF0AFE70345840039
:109B40003C080147CE862686D6853924E30509F8E8
:109B50002285EFF06FC841B7CD47639DF9000347F9
:109B600005009147E318F7F603C624002808EFF034
:109B70005FBC59BFD547E39FF9F4034A0500894705
:109B8000E31AFAF403C6240028080549EFF01FCCB5
:109B9000AA8455F183570102BDE3035781011306DF
:109BA000F0035C44930607FCC206C182636CD600D6
:109BB0000356A101D94663F7C6008356C101D945B2
:109BC00063EFD500035524002391E7000549EF001A
:109BD000D05203560102D2852285612CA9BF83553C
:109BE000E1012391E7002392C7002390B70023935C
:109BF000D70085472300F400014A0149D9BF014A33
:109C0000C9BF7971AA8522D426D203542500AA841B
:109C1000280806D6EFF09FCBF24599E535E9854552
:109C20002285EFF02FEDC1A0835781011547639B7B
:109C3000E7060357A1018D4763FCE7046800EFF0D6
:109C4000DFC60357E100DD4763FCE7008345D10031
:109C5000B70717008507100822853EC8EF00D048D7
:109C60008357E1000357A10191076305F70022859F
:109C7000EFF08FE78347C10072466C00858B1106B9
:109C8000228591CFEFF0FFE201C52285EFF0CFE50D
:109C9000884451D59780FE1FE780809849B7EFF040
:109CA000BFCBDDB711476389E7001387A7FF4207E2
:109CB0004183854663EEE6023147F117B387E70239
:109CC00017C7FE1F13078704BA9703D7070069D386
:109CD00003C527003008A2850D205DF903578101D7
:109CE0009147E31EF7F2B2502254925445618280AC
:109CF0002C082285B92649FDFDB701114AC82A89D9
:109D0000314526CA06CE22CC2EC6B284EF704FCB88
:109D100031C1B2459307000A2310F5002311B500A5
:109D20002A84214611058DC0A6859770FE1FE78005
:109D300080A9A2854A85EF708FD30145F240624425
:109D4000D24442490561828081459770FE1FE780B9
:109D500000ABC5B70545DDB7797126D2AA841305D6
:109D6000000206D622D42ECE32CC36CA3AC83EC61F
:109D7000EF700FC531C96246F2454247D246B2473D
:109D80002A84130520FA2300A400A300C400231191
:109D9000B4002302E400A302D4001305840061464A
:109DA00091CFBE859770FE1FE780E0A1A285225467
:109DB000B2502685925445616F706FCB8145977084
:109DC000FE1FE780C0A3DDB7B25022549254456114
:109DD00082805845797122D406D62A84AE8641C342
:109DE00083572700231DF10093072006639FF50486
:109DF0009387A1A803D60700835767006373F60013
:109E0000B28713F6F70F83552701834707018D8F1C
:109E100093F7F70F81E5890793F7F70FB297FD17CF
:109E2000B3C7C702231EF100835724008355640083
:109E300003458400231CF10001473C080146EFF074
:109E4000BFF1B2502254456182800347C701938716
:109E500041A99C431207BA9783D76700E1B72EC682
:109E60001946814528089770FE1FE7804099B24641
:109E700065BF797122D406D626D22A848DC1814746
:109E80000147930600062E8683556400034584002F
:109E9000EFF09FECB2502254925445618280B2841C
:109EA000280059469770FE1FE780609523149100A3
:109EB00089E88357240048446C002315F100EFF033
:109EC0004FA13C00014793060006014675BF79711A
:109ED00006D6814799ED8357250058452316C100C2
:109EE0002314F1003C0011C7835727002315F1000C
:109EF0003C002E8683556500034585000147930687
:109F00000006EFF07FE5B25045618280411122C426
:109F100006C68347050011472A846395E7022E860B
:109F2000835565000345850081470147CD46EFF025
:109F3000BFE24946835564002244B24015454101C1
:109F40006FF0AF9313F7B70F89466317D700014639
:109F5000EFF03FF25146F9BF0D476398E700224406
:109F6000B240014641016FF09FF6B24022444101E8
:109F7000828083D705003147F1173387E70297C7FF
:109F8000FE1F9387A7D8BA97D84319EBD8412395DA
:109F9000A7000145D8C303D725002394E70082809A
:109FA00059458280797122D4404526D24AD006D6BE
:109FB000AA842E8925C0484419C59770FE1FE780E2
:109FC0002066232604008357040083D5640003C55C
:109FD00084002315F10083572400014793064006AF
:109FE0002316F100835784004A862317F1001C488A
:109FF0003EC883D724002314F1003C00EFF0DFD5E6
:10A00000A30E240123280400B25022549254025972
:10A01000456182802800314681459760FE1FE780B8
:10A02000007E83D7240083D5640003C584002314F5
:10A03000F10001473C00930640064A86EFF0DFD16D
:10A04000E1B7797152CC2A8A03D5050026D206D60B
:10A0500022D44AD04ECE56CAAE84EFE0BFEB19E10F
:10A060008547BDA84045AA8965DC83576500E3990B
:10A0700047FF83578400638707128346C401938A8E
:10A0800041A903A70A009206FD173697C207035796
:10A090006700C1832314F4006316F70093053006AC
:10A0A000EFF03FD35C48A5EFC84003491500834754
:10A0B000050022093369F90083D72400130729001A
:10A0C000631AF702F955EFD03005C8C02391240177
:10A0D00003C589002686D285EFF03FC2814721E182
:10A0E000B250225492540259F249624AD24A3E85F1
:10A0F000456182809565938515C04A859770FE1FDE
:10A10000E780A04548C8C840231C2401F955EFD07A
:10A11000B00083D72400C8C0F9172391F400484841
:10A1200059C503D624008356A401835784013308FC
:10A13000D60063C007090347C40183A70A009545F9
:10A140001207BA9783D7270063CF0705CC4036950F
:10A150009760FE1FE78020670357A40183D7240080
:10A16000BA97C20703578401C183231DF400E39902
:10A17000E7EE03D7290003C5890030002314E1006E
:10A180005848D2852315F1003AC6EFF01FB711C524
:10A1900048489770FE1FE780A048232A0400232C1C
:10A1A00004007DBD99454E85EFE0FFE755BDA5450F
:10A1B000DDBF9145CDBF03D7250079CB83D6A1A8BC
:10A1C000ED4763E8E60C011122CC2E8426CAAA844E
:10A1D0004840914506CEEFD0207483572400AA86CC
:10A1E0002300F50083572400A183A300F5008357C3
:10A1F00004002301F50083570400A183A301F500A7
:10A2000003562400C167F917110642064182639480
:10A21000F4042AC4314532C6EF609FFAAA85CD47BF
:10A220000DC5930700F93246A2462300F500F95701
:10A230002311F50089472302F5002313C50014C537
:10A2400003C581A9EF70AF828147F2406244D244D6
:10A250003E850561828081452685EF40F02FAA87E3
:10A2600001E903C7E1A875D37D172387E1A8F1BFF2
:10A2700009476302E5021D476301E50249476300A0
:10A28000E5027D47E313E5FC03C7E1A88147E1BF91
:10A29000ED473E858280D1474DBF91477DB78947C5
:10A2A0006DB7011122CC4AC831441309C5FF3304EC
:10A2B000890297C7FE1F938767A506CE26CA3E94DC
:10A2C000584031C783C6E1A8BE84854795CA231488
:10A2D000A100835784000355A4002C003AC623151F
:10A2E000F100EFF05FED11C548409770FE1FE78069
:10A2F0002033B147B307F902A69723A20700854789
:10A30000F2406244D24442493E85056182808147E1
:10A31000C5BF797126D244451387A1A84AD083D7F7
:10A3200064000359070052CC06D622D44ECE56CA3A
:10A330002A8A63F327013E8903D72401420913596E
:10A34000090183D7040141CB998F4A8463D5270142
:10A3500013940701418089452285EFF0CF89AA89AE
:10A36000CD4A25C183D724002AC623158100231492
:10A37000F10083D7240185E383D7040193092500E5
:10A380002300F50083D70401A183A300F5006376C1
:10A39000240503D4040183D72401CC4422864E85AE
:10A3A000BE959760FE1FE780004203556A002C00AF
:10A3B000EFF07FE0AA8A15C54E859770FE1FE780F3
:10A3C0002026B2502254568592540259F249624ACC
:10A3D000D24A4561828089078DBF79144204418049
:10A3E0005DBF03D7240183D704003A94FD17C20749
:10A3F000420403D70401C18341802390F4002399D0
:10A4000084006377E400D5FFFD57A38EF40055BFA9
:10A4100081455285EFF01FB96DB701114EC683C952
:10A42000E1A922CC52C456C25AC006CE26CA4AC896
:10A430004E84138A41A8854A130BF00F83270A0024
:10A4400093144400BE9403C9040063175907DC4405
:10A45000A5C7D84735C303D7070039C383C7E1A8C9
:10A4600089CF2685EFF0FFEAAA8515E5050483C7A5
:10A47000D1A8635FF400238F81A8F24062444A852B
:10A48000D2444249B249224A924A024B0561828033
:10A49000238F01A8DDB72685EFF0DFB00149F1BFBA
:10A4A00083C7D701639A6701930520062685EFF0DD
:10A4B0005F92DC44A38E070005041374F40F83C776
:10A4C000D1A86363F4000144E31A34F7C1BF41111A
:10A4D000154506C6EFF0FFDC09C50545B240410150
:10A4E00082801945EFF0FFDB6DF91145EFF07FDB5E
:10A4F0006DF51D45EFF0FFDA6DF183C7D1A8F9DFE7
:10A50000B24041016FF07FF183D705000D47F1178D
:10A51000C207C1836361F706DC41B1CF411122C498
:10A520002E84854526C206C6AA841D2739C52685E0
:10A530008125C167F917638FF40009ED8357240063
:10A5400091CB835604001947639FE60203D7A1A865
:10A5500063FBE70283C7E1A8A285268599C7224449
:10A56000B240924441016FF01FC52244B240924470
:10A5700041016FF01FA0094582805145B24022443D
:10A580009244410182806D45D5BF397126DA4ED69D
:10A59000AA84AE895D4589454AD806DE22DC328927
:10A5A00036C63AC4EFE03FE525C522472A84014577
:10A5B00011C7B24613054400B6850297935785002C
:10A5C00023003401A30024012301A400A301F4000B
:10A5D00011059547231DA100231CF10022CE83C73E
:10A5E000E1A82C08268595C3EFF0FFBCAA8411C50D
:10A5F00022859770FE1FE780A002F25062542685E4
:10A600004259D254B25921618280EFF09F96F9BF2E
:10A61000CD44E5B7797126D24AD052CC56CA06D677
:10A62000BA8A22D44ECE19472E89B284368A639BC9
:10A63000E506035526000944EFE0DF8D2AC63DC933
:10A640005C458359650083D727002390F400B24707
:10A6500015472380570103C691A82391E7001307EC
:10A6600016001377F70FA384E1A82382C70001E740
:10A670000547A384E1A85147631AE90015472391D0
:10A68000E400DC4703D784002394E7005287A686C2
:10A69000CA854E85EFF07FEF2A84324515C4EFE07E
:10A6A000BF9309A842867400BE85AA89EFE0CFF85F
:10A6B0002A8451DD2285B250225492540259F24923
:10A6C000624AD24A45618280F945EFE0FFACDDB7CE
:10A6D00083D705002300F50083D70500A183A300DD
:10A6E000F50083D725002301F50083D72500A1833A
:10A6F000A301F5001145828083D705002300F500F2
:10A7000083D70500A183A300F50083D7250023018B
:10A71000F50083D72500A183A301F50083D7450069
:10A720002302F50083D74500A183A302F50083D758
:10A7300065002303F50083D76500A183A303F5001B
:10A740002145828083D705002300F50083D70500CB
:10A75000A183A300F5000945828083D7050023006B
:10A76000F50083D70500A183A300F50083D725005A
:10A770002301F50083D72500A183A301F50083D72A
:10A7800045002302F50083D74500A183A302F5000D
:10A7900083D765002303F50083D76500A183A30356
:10A7A000F50083D785002304F50083D78500A183B6
:10A7B000A304F5002945828003D705008546AA87B2
:10A7C0002300E50003D705002183A300E50003D79C
:10A7D0000500631DD70003D725002301E50003D73B
:10A7E00025002183A301E5001145828009456315F9
:10A7F000A70203D7250019452381E70003D72500C9
:10A800002183A381E70003D745002382E70003D714
:10A8100045002183A382E700828083D705002300BF
:10A82000F50083D70500A183A300F50083D7250099
:10A830002301F50083D72500A183A301F50011456D
:10A840008280797126D24AD04ECEB2842A89AE89CE
:10A8500029468145480022D406D636849760FE1FDB
:10A86000E780E0F92316910085EC8357240023123A
:10A87000F1009387A1A883D707002314F1005C445B
:10A8800085C383C6C701138741A91843920683D79E
:10A8900087003697035727002315F1002313E100A3
:10A8A0004A8517070000130787EB540013F6F90FCA
:10A8B000D545EFF09FCD2A8911C19DE08547230042
:10A8C000F40023020400014681452285EFF06FDA8F
:10A8D000B25022544A8592540259F249456182800D
:10A8E0002285EFE06FEFEDB7B28617070000130780
:10A8F000E7EC2E8685456FF05FC901112317A10093
:10A900004165700001489307F00F0D47970600005E
:10A91000938646DC99457D1506CEEFF0BFCFF24019
:10A9200005618280B28701482E8611479706000094
:10A930009386C6DCC9456FF0FFCDB28617070000CD
:10A94000130787E02E86CD456FF03FC4011122CC5E
:10A9500026CA4AC84EC606CE2A89AE8917B4FE1F3B
:10A960001304C43D97B4FE1F938444401C4081C728
:10A97000CE854A8582971104E31A94FEF240624420
:10A98000D2444249B2490561828017B5FE1F034592
:10A99000D52193773500098117B7FE1FA308F73E2D
:10A9A000AA9717B7FE1F2303F73EBDCF1305C003B9
:10A9B0003385A702A5654111850506C69770FE1F60
:10A9C000E780A0B923A2A1AA9307C00317B6FE1F70
:10A9D0000346C63B3306F60281459760FE1FE780BB
:10A9E00000E2938741AA9C4397B6FE1F83C6063AAE
:10A9F000014789077D56634FD700B2401306000315
:10AA0000814517B5FE1F1305653341011763FE1F0E
:10AA10006700E3DE2390C7002381070023A5070218
:10AA200005079387C703C1BF8280938741AA9843D4
:10AA300017B6FE1F0346863581476315F60081462B
:10AA400036858280BA861307C703835567FCE3897E
:10AA5000A5FE850793F7F70FCDB7011122CC2EC6BF
:10AA600032C406CE2A84EFF05FFC2246B24511E9DB
:10AA7000C167F9176303F4005145F2406244056170
:10AA8000828054558347450095C213F727014145FD
:10AA90006314A700154575F2C18B3D45F9DF83C7E7
:10AAA000A6010145E3FBB7FC3145C1BFC18B0145A0
:10AAB000E9F71545D9B7797126D2C16422D44AD0B5
:10AAC0004ECE52CC56CA06D62A890144938941AA51
:10AAD000130AC003FD14854A97B7FE1F83C7072BCF
:10AAE0006364F400014535A8B307440303A70900D4
:10AAF000BA9703D727006316970005041374F40F61
:10AB0000E1BF03C55700300093856700EFB0003602
:10AB10001946CA8528009760FE1FE780C0D3E31E50
:10AB200055FDB250225492540259F249624AD24A17
:10AB300045618280938741AAC166984397B5FE1FFD
:10AB400083C5C5248147FD166395F500014632850E
:10AB50008280035827003A866306D800034807001E
:10AB6000E307A8FE850793F7F70F1307C703E9BFAD
:10AB7000411106C6EFF07FEB11C503554501B24008
:10AB8000410182800145E5BF938741AA984397B66A
:10AB9000FE1F83C6A61F8147110701456393F60078
:10ABA00082800346070001C605051375F50F85076A
:10ABB00093F7F70F1307C703D5B717B5FE1F034564
:10ABC000E51C828017B7FE1F130747178147BA8617
:10ABD00031460C4391E58A07B69788C301458280C8
:10ABE00085071107E397C7FE4D458280411106C6D0
:10ABF00022C4EFF09FE31DCD2A840355250085452F
:10AC0000EFF0DFD4485409C59770FE1FE78040A1DC
:10AC100022851306C00381459760FE1FE78020BE92
:10AC2000FD572311F400230204000145B2402244E1
:10AC3000410182800945DDBF411106C6EFF0FFDE0C
:10AC400011C50345C500B240410182800145E5BF01
:10AC5000C167F9176304F502411122C406C62E84A8
:10AC6000EFF0BFDCAA87014591C703C54700698C97
:10AC700033358000B2402244410182800545828004
:10AC8000011106CE2EC6EFF05FDA854711C90357D2
:10AC90004501B24585476305B700231AB5008147D2
:10ACA000F2403E850561828031C901114AC841697F
:10ACB00022CC26CA4EC652C406CE0144AA84938929
:10ACC00041AA130AC0037D1997B7FE1F83C7070C5B
:10ACD000634AF400F2406244D2444249B249224AF3
:10ACE000056182803305440383A709003E9583579D
:10ACF00025006383270182940504F9B78280938736
:10AD000041AA9C43C16617B6FE1F03462608890761
:10AD100001450147FD1691456313E600828003D883
:10AD200007006309D80003C8A7006315B80005052C
:10AD30001375F50F05071377F70F9387C703E9BF5F
:10AD4000938741AA944317B6FE1F03462604014782
:10AD5000910681476310E602858393C7F7FFC20718
:10AD6000C18305456364E50285473395A700420525
:10AD70004181828083C5060081C583D5C602CD8FFF
:10AD800005071377F70F9386C603E9B793F6170005
:10AD9000E1FE050585831375F50FE9B7797156CA8C
:10ADA000AA8A2E8526D24AD04ECE52CC5AC85EC62A
:10ADB00062C406D622D4AE84328B368CBA8B3E8ADD
:10ADC000C2894689EFF07FC649E141657D15EFF004
:10ADD000DFC52A84554531CC1946DE85130564004C
:10ADE000A30284019760FE1FE780E09D8357010363
:10ADF00023119400230264012319F40083574103B3
:10AE00002300540123260402231AF40023064401DC
:10AE10002317340123182401EFF09FF22318A40212
:10AE2000232A04022685232C04028145EFF01FB259
:10AE30000145B250225492540259F249624AD24A10
:10AE4000424BB24B224C456182804545DDB793872A
:10AE500041AA984397B6FE1F83C646F38147639580
:10AE6000F60041657D1582803A861307C703835536
:10AE700047FF6395A500035526008280850793F759
:10AE8000F70FF1BF938741AA9443416617B8FE1F9D
:10AE90000348C8EF01477D16954811436314E80045
:10AEA0000145828083D7260036856380C704CC5A4B
:10AEB0008DCD83C7350083C5250089CD938597FD4A
:10AEC00093F5F50FE37FB3FC9387D7FA93F7D70F8A
:10AED00089EF82809385F7FD93F5F50FE3F3B8FCD6
:10AEE0009387D7FA93F7D70FCDDF05071377F70FBF
:10AEF0009386C60365B7938741AA4166984397B581
:10AF0000FE1F83C5A5E881477D1625486394F5009B
:10AF100001458280835627003A85638CC600545BC6
:10AF200089CA83C636009386E6FD93F6F60FE37270
:10AF3000D8FE850793F7F70F1307C703C1BF0111A9
:10AF400022CC2A84494506CEEF804FC215C12AC6BD
:10AF50002285EFF09FAD09CD62443246835505034B
:10AF6000F24017B5FE1F034515E205616F608FF2D1
:10AF7000F24062440561828039714ED652D4AE8966
:10AF80002A8A93053005414526DA4AD856D206DE8C
:10AF900022DC32C63689BA8A9760FE1FE780E05B02
:10AFA000CD4431C92A8489446382090432468145EB
:10AFB000231AC10041469760FE1FE78040845686F1
:10AFC000CE8522859750FE1FE780E07F2146630EE5
:10AFD0000902CA8528089750FE1FE780C07EA28616
:10AFE00050082C085285EF30104DAA8422859760B6
:10AFF000FE1FE780E062F250625426854259D25427
:10B00000B259225A925A216182808145280897506C
:10B01000FE1FE780C07EE1B7411122C4405926C21D
:10B0200006C6AA8429CC085409C59760FE1FE7808C
:10B03000205F285809C59760FE1FE780605E68584A
:10B0400009C59760FE1FE780A05D285C09C5976071
:10B05000FE1FE780E05C685C09C59760FE1FE78023
:10B06000205C0325040809C59760FE1FE780405B4C
:10B0700022859760FE1FE780A05A23AA040222447B
:10B0800083D50403B240924417B5FE1F0345B5CFE4
:10B0900041016F60BF81411126C206C622C4AE8441
:10B0A000EFF0BF9821C54C592A84A9C183A8C507D0
:10B0B00003A88507FC59B85983C6650003D6050067
:10B0C00083C525002685EF808FB22285EFF0DFF45F
:10B0D000EFF07FE201CD2244B240924417B5FE1F4B
:10B0E000034575CA854541016F608FC3B240224454
:10B0F000924441018280011122CC06CE2A842EC6C0
:10B10000EFF0BF925C5991CF83D70700B245639AA5
:10B11000870085476397F5006244F24005616FF050
:10B12000BFEFF240624405618280411106C622C42D
:10B1300026C2EFF03FD529C14059AA8415CC8347D8
:10B14000240085CB9387C1AA9C4389C7DC4399C35C
:10B1500022858297034734009307F002631EF700AD
:10B16000224403D52400B2409244814541016FF04E
:10B170009FF2938701ABC9BFB24022449244410180
:10B180008280411126C24AC006C622C4AA842E89E2
:10B19000EFF0BF8931C1405945CC83570400639912
:10B1A000970A83473400130710026399E70883471F
:10B1B0002400D1C37C540327040883D7470105E743
:10B1C00013F717000DC3185403574700058B01CF21
:10B1D00093072002A301F400B240224492440249A2
:10B1E00005454101828013F7270009CB1854035706
:10B1F0004700098B01C793074002E9BF918B89CBB8
:10B200001C5483D74700918B81C793076002D9B73D
:10B210009387C1AA9C43E9D3DC43DDDF2285829773
:10B22000034734009307F0028145E317F7FA2685B8
:10B23000EFF07FE655B7938701ABE9BF1307A00294
:10B240006398E7006304090013092003CA85C5B7A2
:10B25000631C09002685EFF04FFD19C583474500A3
:10B2600093E707012302F500A6854A85EF705FACDE
:10B27000A5B7797126D29947231DB100AA842E85DE
:10B280008D4522D406D632C636C4231CF100EFE029
:10B290008F962ACE4D441DC13246A246AA853285DC
:10B2A00082962A8419E52C082685EFF0EFA52A84DA
:10B2B00011C572459760FE1FE78080362685EFF046
:10B2C0001FC82285B2502254925445618280411198
:10B2D00022C42E862E8497260000938626928945C6
:10B2E00006C626C24AC02A89EFF0BFF8834504008B
:10B2F000AA844A85EFF03FDAB2402244268502490B
:10B30000924441018280938701AB9C4395CB9C433F
:10B3100085CB1D71A2CC86CE984110082A843AC8EC
:10B32000D84185453ACA829701C92306A100035531
:10B3300024006C00EFF0BFF9F6406644256182807E
:10B340008280AE8715C5785505C7834607002380E0
:10B35000D50083461700A380D500834627012381AB
:10B36000D50083468701584BA381D500D8C1828080
:10B37000414681453E851753FE1F6700434893872A
:10B38000C1AA9C4391C703A3870063030300028300
:10B3900009458280138781B118431DC75843AA8786
:10B3A00005450DC703A50708411106C6930605020A
:10B3B0001306050C93050506130505040297B24014
:10B3C0001375F50F410182800545828082804DC949
:10B3D000357122CD2A840355050026CB4AC94EC7B4
:10B3E00056C306CF52C55AC1DEDEB68AB2892E894F
:10B3F000EFF0AFE3AA8439C50C182285EFF07FF493
:10B4000083472400138A6400A9CBEF70CFEB2A8B0B
:10B41000014583CB5400EF70CFE8AA840C100818C4
:10B42000EF10405F08542C10EF10605FD288268A1E
:10B4300056C05E88D2875A8714103010CE854A8550
:10B44000EF201019FA406A44DA444A49BA492A4AB4
:10B450009A4A0A4BF65B0D618280EF70CFE6AA8BA9
:10B46000014503CB5400EF70CFE32ACE08540C10F3
:10B47000EF10405A2C100818EF10605AF2484DBFD8
:10B480008280C14709CD1455C14791CA785501CB77
:10B4900083C73600BD4663F4F600834787013E85C7
:10B4A000828089476309051063870510411106C62C
:10B4B00022C426C2834715002E842380F5008347CB
:10B4C0002500A380F500834735002381F5008347DD
:10B4D0004500A381F50083475500858B939687002F
:10B4E00083D7450093F7F7EFD58F2392F500834676
:10B4F000550093F7F7DFA20693F60620DD8E239220
:10B50000D5000347550093F6F6BF2207137707408F
:10B51000558F2392E50083475500FD769386F67F8D
:10B520008D87858B758FAE07D98F2392F500834663
:10B530006500F99B858ADD8E2392D500034765005F
:10B540009377270013F7D6FF5D8F2392E50083479B
:10B55000650093F647009377B7FFD58F2392F500E8
:10B5600003476500DD9B4D45218BD98F2392F50064
:10B57000EF70DFDFAA845145EF705FDF03473400CF
:10B5800093F4F40FC947636297021375F50F636E66
:10B59000E500834604001147E1476368D70083460E
:10B5A000140005476363D7008147B24022449244A8
:10B5B0003E85410182803E85828015C1AA8709456A
:10B5C0008DC141112E8541469385170006C69750BF
:10B5D000FE1FE780401FB2400145410182800945BE
:10B5E0008280828089471DC595C5411106C60347E3
:10B5F0001500AE8719462380E500930525001385C5
:10B6000017009750FE1FE780001CB24081473E851F
:10B61000410182803E85828015C1AA8709458DC17E
:10B6200041112E8541469385170006C69750FE1F8F
:10B63000E7806019B240014541018280094582805E
:10B64000828089471DC995C9411106C60347250057
:10B6500083461500AE872207558F2390E5002146CB
:10B6600093053500138527009750FE1FE780A0152E
:10B67000B24081473E85410182803E85828015C16E
:10B68000AA8709458DC141112E8541469385170032
:10B6900006C69750FE1FE7800013B24001454101E6
:10B6A0008280094582808280894719C991C90347F0
:10B6B0001500BD46E14763E5E6002380E5008147CC
:10B6C0003E85828015C1AA8709458DC141112E850D
:10B6D00041469385170006C69750FE1FE780A00ECF
:10B6E000B24001454101828009458280828015C1B6
:10B6F000AA8709458DC141112E85414693851700C2
:10B7000006C69750FE1FE780000CB240014541017C
:10B7100082800945828082801DC1AA87094595C122
:10B7200041112E85130600049385170006C6975015
:10B73000FE1FE7804009B240014541018280094572
:10B740008280828015C1AA8709458DC141112E854D
:10B7500041469385170006C69750FE1FE780A00656
:10B76000B2400145410182800945828082801D717D
:10B77000A2CC2A84084586CEA6CA230601008344AB
:10B78000050035479387F4FF93F7F70F636AF70CCB
:10B79000175701001307C7578A07BA979C43BA97F0
:10B7A00082870C08EFF0FFCFC9476312F502994773
:10B7B0002306F100035524006C00EFF05FB1F64062
:10B7C0006644D644256182800C08EFF05FEB29C9FE
:10B7D0008347C100E5F303552400EFF04FF6C5B7EA
:10B7E0000C08EFF03FEEE5B70C08EFF0FFEBC5B744
:10B7F0000C08EFF09FDCE1BF0C08EFF09FE4C1BF45
:10B800000C08EFF07FE1E1B70C08EFF0BFDDC1B746
:10B810000C08EFF0DFED65BF834715002308F1004A
:10B8200003552400EFF06FA0A14705C10347C500F1
:10B83000631AF7029387C1AA98439D4719C7184313
:10B8400009C71008A6850297AA872306F10049B701
:10B850000C08EFF07FECA5BF0C08EFF0BFEE85BF42
:10B860009D47B9B7938701ABC1BF011122CC06CE6A
:10B8700026CA4AC84EC603470500930720092A84F2
:10B880006317F7128347150039476391E70A835618
:10B8900045000967610781476393E610938981AA90
:10B8A00003A50900CE84630C050E0C4403C90500F2
:10B8B000631E09008347050085052146A9CB29059C
:10B8C0009750FE1FE78020F09C40B9CF4945EF50CC
:10B8D0003F8F2A840DC5930710FC2300F500A300B9
:10B8E00025018C400905414689059750FE1FE780D8
:10B8F00080ED9C40A28503C51700EF505F978840FC
:10B900009760FE1FE780C0D123A401AA31A80905D2
:10B910009750FE1FE78020EBEF30A03905494DF529
:10B9200083A7090023802701854795A81307E00313
:10B93000639DE708034725009547631EF7020355FB
:10B940004500EFF06FAF9147E310F5FE938701AB31
:10B950009C43F9DB03A38700E30803FC0356E400E0
:10B9600003554400930564006244F240D2444249C6
:10B97000B24905610283A147631EF7008345640055
:10B98000035544006244F240D2444249B249056141
:10B990006FF02FFF930600038147E301D7FEF240CB
:10B9A0006244D2444249B2493E8505618280930691
:10B9B000000A8147E315D7FEEFF07FDB08442DD561
:10B9C0009760FE1FE780C0C585B78147C9BF0111D9
:10B9D00026CA06CE22CC89441DCD95CDAA842E84BC
:10B9E00068008D45EF601FDD8347E10026852286D4
:10B9F00093F7F70393E707046C002307F100EF20A8
:10BA00002034AA8409E90D466C00130534009750D0
:10BA1000FE1FE78040DBF24062442685D244056188
:10BA200082805D714EDE86C6A2C4A6C2CAC052DC48
:10BA300056DA5AD85ED6894945CD5DCA138B450082
:10BA4000420B135B0B01AE8A2A8A930530055A8597
:10BA5000B2849760FE1FE78040B02A84CD4949C96F
:10BA6000EF708F882A895686D285935A8900135A97
:10BA70000901937BF90F1305440093FAFA0F137A27
:10BA8000FA0F135989019750FE1FE780A0DFA30129
:10BA9000740123015401A300440123002401EF7029
:10BAA000EF83AA85414608089750FE1FE78080DD96
:10BAB000214734005A86A2850808EF20004FAA8942
:10BAC0001DE121462C0023807401A38054012381B1
:10BAD0004401A3812401138544009750FE1FE78091
:10BAE00060DAEF704F8122859760FE1FE78040B3D8
:10BAF000B64026444E8596440649F259625AD25AB7
:10BB0000425BB25B6161828001114AC82A892E853D
:10BB100006CE22CC26CA2EC6EFE03FF171C54059B1
:10BB200071C4834754000947B24593F6B70F638742
:10BB3000E60011471305E00F6392E70883570400FE
:10BB40000945639DB706930484004146CA8526854E
:10BB50009750FE1FE78020C74146CA851305840120
:10BB60009750FE1FE78020C60347340085469307A1
:10BB7000F7FE93F7F70F63E9F6041306C403328563
:10BB8000C14532C6EF601FC332469306C402A68584
:10BB90002285EFF0DF838347240089CB228562442E
:10BBA000F240D244424905616F10400E0347340011
:10BBB000C947E305F7FEA301F4000145F2406244E2
:10BBC000D244424905618280930710050145E3177D
:10BBD000F7FE83472400FDD322856244F240D2441D
:10BBE000424905616F1000110945C9BF4945F9B7C0
:10BBF00029CD011126CA06CE22CCAA840945A9C1A5
:10BC00000D4628002E848D059750FE1FE780A0BBAF
:10BC10008347A10070002C0093F7F70393E7070414
:10BC200026852305F100EF20A01119E90D46A28514
:10BC300068009750FE1FE78000C27D153335A000D5
:10BC4000F2406244D244056182800945828001113C
:10BC500052C42A8A32854EC656C25AC006CE22CC5B
:10BC600026CA4AC82E8BB28AB689EFE01FDC09EDDE
:10BC70008944F240624426854249D244B249224A6C
:10BC8000924A024B056182805C592A89C544F5F3CA
:10BC90004D45EF70AFED1374F50F5145EF700FED9B
:10BCA000E38809FC83C78901E3E487FC1375F50F7A
:10BCB000E360F5FC93053005130540089760FE1F0F
:10BCC000E780A089232AA9022A84CD445DD11306E6
:10BCD000400881459750FE1FE78060B2A301040031
:10BCE0002301440123026401231054012326340755
:10BCF00023240402A30204008144E30C0AF62285F3
:10BD0000EF00D072AA8435D54A85EFF0EFB095B731
:10BD1000397122DC06DE26DA4AD84ED652D456D203
:10BD20005AD05ECE62CC66CA0944630B0610630922
:10BD30000710AA8B3A89368BB28A2E8CEFE0FFCEA1
:10BD40002A8A5144630E050E9305300541459760DC
:10BD5000FE1FE7808080AA894D447DC1834419007D
:10BD600083472900A204C207BE9483470900BE94FA
:10BD700083473900E207BE9483278A0263E697006F
:10BD80007D5709446399E70A63070C0083474A001B
:10BD90000544898BCDC3930C4B00214681450A8510
:10BDA000C20C9750FE1FE78080A593DC0C01930521
:10BDB000300566859750FE1FE780207A2A8C4D4417
:10BDC0003DC95A86D68511059750FE1FE78080AB86
:10BDD0001146CA8562859750FE1FE780A0AA41469A
:10BDE00093058A014E859750FE1FE780A0A9214741
:10BDF0008A866686E2854E85EF20201B2A841DE513
:10BE000021468A8528009750FE1FE780A0A721467B
:10BE10009305490028009750FE1FE780C0A385477F
:10BE2000631EF502A6855E85EF707F8A6285975056
:10BE3000FE1FE780E07E4E859750FE1FE780407E24
:10BE40002285F2506254D2544259B259225A925A1F
:10BE5000025BF24B624CD24C216182800544F9B7FF
:10BE600079719397050122D406D626D24AD04ECEB8
:10BE7000C1872E8463D5070417A5FE1F0345B5F0BF
:10BE8000EF506FB82AC605C1EFF03F9EB24509E9F1
:10BE900017A5FE1F034525EF9307F00F631EF5005E
:10BEA0002E85EF502FAF2165218DB2502254925430
:10BEB0000259F24945618280EF506FBBEDB793F7AD
:10BEC000150091C7EFF06FA613451400F9BFA1E16B
:10BED0000145E1BF850493F4F40FEFE01FCEE3F9D1
:10BEE000A4FE339599001319050113590901B3777D
:10BEF0002401EDD34A85EFE09FF5C167FD17630587
:10BF0000F500DD45EFF02F993345240179BF8544D5
:10BF10008549E1B723A401AA23A601AA23A801AA5F
:10BF200097A7FE1F938787E4170700001307676131
:10BF300098C3170700001307A731D8C317F7FFFFEF
:10BF40001307C70398C797A7FE1F9387E7E2171742
:10BF500000001307675798C3171700001307870ED1
:10BF6000D8C3171700001307C73B98C7828097A74D
:10BF7000FE1F83C767E1A18B17A7FE1F130707DF0B
:10BF800091E3014723A6E1AA0145828097A7FE1FFE
:10BF900083C787DF918B17A7FE1F1307E7DD91E3A8
:10BFA000014723A8E1AA01458280011106CE2AC6D5
:10BFB000EFF05FF63245994597A7FE1FA385A7DCF2
:10BFC000EFD08FBEF24017F5FFFF13050513056193
:10BFD0006FE05FBF1C5581C7A1473E85828001117C
:10BFE00022CC26CA2A84AE841305000493053005AA
:10BFF00006CE9750FE1FE780405608D46305051013
:10C0000013060004A6859740FE1FE780C07B785486
:10C010008347270193F68700638E0610145483C666
:10C020002600A18A6388061083270408E9EF930598
:10C030003005130500109750FE1FE78000522320A3
:10C04000A4088D4771C1A3020400785483C714006B
:10C050008346170081EF81EE83C72400918BDDEBCF
:10C0600083472701918BDDE7854711A889C62147C2
:10C07000A302E40099C78347540093E70701A30292
:10C08000F4006C5483C72501858B91CF1C54054760
:10C0900083C727008D8B6398E7008347640093E78D
:10C0A00017002303F4008327040899C7834764001B
:10C0B00093E787002303F400834754000547639800
:10C0C000E70C930484004146814526859740FE1F76
:10C0D000E780E07241468145130584019740FE1FC9
:10C0E000E780E0711306C4033285C14532C6EF60B4
:10C0F0006FEC832704083246BDC72285EF00903FCE
:10C100009307000525CDA147F2406244D2443E8505
:10C110000561828083C70400834607001547338783
:10C12000E702975701009387E7C3BA97B69783C78B
:10C130000700B1B783C6140091C68346170099C2A1
:10C14000E14735BF83C62400D58F918B91DF83C72C
:10C1500004008346070015473387E702975701001D
:10C16000938787BED9B722859306C402A685EFF0D0
:10C170000FA62285EF00903159F5C1470355040001
:10C18000A301F4008145EF704FBF8147B5BF13F79E
:10C19000870149C3C18B930484004146A9CB89051B
:10C1A00026859740FE1FE7800062414681451305C2
:10C1B00084019740FE1FE780806483476400130674
:10C1C000C403328593E747002303F400C14532C618
:10C1D000EF604FDE8327040832468DC32285EF00CF
:10C1E00070319307200505F1A301F40079BF814563
:10C1F00026859740FE1FE780806045BF9306C402F6
:10C20000A6852285EFF0AF9C2285EF003028CD4730
:10C2100061DDD5BD094785456388E70093F7D70FF2
:10C2200011476397E700894503550400EF70EFB4A9
:10C230008347640093E747002303F400832704083F
:10C2400081C7930710054DB7C54779BF83472500C0
:10C2500063820726797122D406D626D24AD0834734
:10C260003500130750052A84639EE70603497500CD
:10C270001306C503C14593573900AA97328583C475
:10C28000870032C6EF600FD3938781B19C43A9C763
:10C290009C47B9C30325040893767900B3D6D440EC
:10C2A0003246858A93050504180893E606081305A7
:10C2B000050882971375F50F05E141460C08130533
:10C2C000C4029740FE1FE78000502285EF00101C3B
:10C2D00093076005A301F400B2502254925402590E
:10C2E00045618280130710026395E7021C550327FE
:10C2F000050883D7470069EB13F7071071C7785516
:10C30000035747011377071061C393077002A30116
:10C31000F4008347340013077002639FE70C3C5816
:10C3200085E39305300571459750FE1FE780E022B5
:10C3300028D819C5714681459740FE1FE780204CDB
:10C340002458B9C883C7A40191E72285EFF06F9301
:10C35000238DA4002858814541469740FE1FE78061
:10C36000004A28583D478345A5019387F5FF93F779
:10C37000F70F6364F700EF60EFC3EF50EF873C58AF
:10C38000A1452398A70013852701EF60AFC22C5861
:10C3900003550400EF00D0409307800203550400CA
:10C3A000A301F400EFE06FE8414611C58357E500B3
:10C3B00013D617003E960606854517A5FE1F0345B2
:10C3C000959CEF502FAD09BF13F7072011CB785480
:10C3D000035747011377072001C79307900205BF52
:10C3E00093F707409DD77C5483D7470193F70740C5
:10C3F0008DD39307B00221BF13078002639BE7022E
:10C400003C5889CB83D507010355040013862701C7
:10C41000EF00903E1C5483D7470013F707202DC32D
:10C420007854035747011377072039CB93079002BD
:10C43000B5B713079002639CE700EF606FE9AA8528
:10C4400003550400EF00503A9307A00281BF130781
:10C45000A0026393E704EF600FE7AA8585470145D3
:10C460006384F500814505452EC6EF608FE32A867B
:10C47000B24503550400EF00B0331C5483D7470086
:10C4800093F707408DC77C5483D7470193F7074044
:10C4900099CF9307B00219B71307B0026399E70069
:10C4A000EF60CFE3AA8503550400EF0070389307CF
:10C4B000F0020DB58280411122C4405926C206C641
:10C4C0007C54AA8483D7470113F7071019C718545F
:10C4D00003574700137707101DE313F7072019C709
:10C4E0001854035747001377072011EB93F70740C1
:10C4F0008DCF1C5483D7470093F707409DC7930700
:10C500001002A301F4002285EFF05FD4034734004A
:10C510009307F0026310F702224403D52400B240CF
:10C520009244814541016FE01FB79307F002A301D8
:10C53000F400DDB7B2402244924441018280397157
:10C5400022DC405926DA4AD84ED606DEAA89AE84C5
:10C5500032896300043E0355250083570400638439
:10C56000A700A14429A08347240091EB9D44F250E9
:10C57000625426854259D254B259216182809387F0
:10C58000E5FF93F7F70F2D47E362F7FE174701002A
:10C590001307077F8A07BA979C43BA978287B285A9
:10C5A0002285EFF03FA3AA84D9B74146CA85130577
:10C5B000C4049740FE1FE780002122851127AA842A
:10C5C00011C1A14483473400130740056397E70076
:10C5D00093079005A301F40059BF13076005639505
:10C5E000E7009307A005FDB7D147EDB79309C40550
:10C5F0004E854146CA859740FE1FE780C01C032533
:10C6000004084DC983473400130790056399E70078
:10C61000228589279307E005A301F40051A8130799
:10C62000A0056393E7088347740013D73700229768
:10C63000834687009D8BB3D6F640938781B19C4398
:10C64000858A93E606F893F6F60F81DF9C4791DB27
:10C650009305050818084E86130505048297937400
:10C66000F50FE39004F041460C081305C40497400D
:10C67000FE1FE780401E834774004D47850793F7F0
:10C68000F70FA303F4006377F7002285E1259307F2
:10C69000E00589B785451795FE1F0345D56EEF4028
:10C6A0003FE8930750053DB71307C005E382E7F65F
:10C6B000814475BD130984004E86CA8522851408FD
:10C6C000EFE0FFD041469305C40408089740FE1FE1
:10C6D000E7806018E30D05E88A861306C403CE855B
:10C6E0004A85EF10300315E12285EFE09FD9979737
:10C6F000FE1F9387A7672A879C470355040081463E
:10C7000001468A858297AA8411C1A1449307200219
:10C71000D1B583450600EFE01F9859BF03473400A9
:10C7200093072002E314F7E47C5889EB9305300566
:10C7300071459750FE1FE78040E268D86858E307CC
:10C7400005E24146CA859740FE1FE780C00764584E
:10C750002285EFE01FD3238DA400930730026DBD27
:10C760000347340093073002E312F7E083570600D3
:10C7700068582146930529002318F500490597407C
:10C78000FE1FE78040047C5483D7470113F727003E
:10C7900035CB185403574700098B2DC79307400228
:10C7A000A5BD0347340093074002E311F7DC3C5C6E
:10C7B00081EB85455D459750FE1FE78000DA28DC58
:10C7C000285CE30705EE834709004146CA85230B31
:10C7D000F5009740FE1FE78000FF930750022DBD34
:10C7E0000347340093075002E312F7D8285C194638
:10C7F0009305190041059740FE1FE780C0FC7C545B
:10C8000083D74701918B9DCF1C5483D74700918BD1
:10C8100095CB9307600209B57C5C89EB93053005E5
:10C8200051459750FE1FE78040D368DC685CE30AFF
:10C8300005D24146CA859740FE1FE780C0F87C5C60
:10C840007D5798CB4E85EFF01FC79DB50325040893
:10C8500013060004CA85130505049740FE1FE780F0
:10C8600080F62285EFE01FB38347340013070005ED
:10C870006395E7009307400545B313071005639CD4
:10C88000E70085451795FE1F0345F54FEF405FC94B
:10C890009307500551B313072005E39BE7E0938707
:10C8A00081B19C43E38F07CA9C47E38C07CA832569
:10C8B0000408930484001808938505088146268699
:10C8C0002E858297035504001008A685EF60DFD3FC
:10C8D0009307B00591B3034734009307E005E317CE
:10C8E000F7C88325040841464A859740FE1FE78024
:10C8F00080F6AD44E30D05C6032504084146CA850C
:10C900009740FE1FE78020EC2285EFE09FB79797C6
:10C91000FE1F9387A7452A879C472C580355040080
:10C92000814601468297AA8411C1A144930710024F
:10C9300055B1AD47E39EF5D68346060083552500E5
:10C940001306650003450500EF602FCF95B38947B7
:10C9500061C2DDCD2300A60083C70500A300F60059
:10C9600083C715002301F60083C72500A301F60045
:10C9700083C73500A30206002302F60083D74500D3
:10C98000A183858BA302F60003D745001377072008
:10C9900009C793E72700A302F60083D7450093F762
:10C9A000074099C78347560093E74700A302F60064
:10C9B00083D7450013974701635807008347560004
:10C9C00093E78700A302F6002303060083C7450010
:10C9D000858B2303F60003D74500098B09C793E72E
:10C9E00027002303F60083D74500918B99C783471F
:10C9F000660093E747002303F60003D7450081470D
:10CA0000218B19C703476600136787002303E600DD
:10CA10003E8582802E86AA8505456FF05FF32E86BF
:10CA2000AA8509456FF0BFF289478DC505C541113B
:10CA300006C6AE870D47AA852380E7001385170039
:10CA400041469740FE1FE78000D8B24081473E85AF
:10CA5000410182803E85828089478DC505C541118F
:10CA600006C6AE871147AA852380E7001385170005
:10CA700041469740FE1FE78000D5B24081473E8582
:10CA8000410182803E85828089478DC505C541115F
:10CA900006C6AE871947AA852380E70013851700CD
:10CAA00041469740FE1FE78000D2B24081473E8555
:10CAB000410182803E85828089479DCD15CD4111FF
:10CAC00006C61D472380E50003570500AE872146B3
:10CAD000A380E5000357050021832381E50093052A
:10CAE0002500138537009740FE1FE780C0CDB24078
:10CAF00081473E85410182803E85828089478DC580
:10CB000005C5411106C6AE872147AA852380E700E7
:10CB10001385170041469740FE1FE780C0CAB24008
:10CB200081473E85410182803E858280894795C943
:10CB30000DC9411106C625472380E50003470500BE
:10CB4000AE871946A380E5009305150013852700DD
:10CB50009740FE1FE78020C7B24081473E854101D4
:10CB600082803E85828089478DC505C5411106C6F4
:10CB7000AE872947AA852380E70013851700414621
:10CB80009740FE1FE78020C4B24081473E854101A7
:10CB900082803E858280894795C50DC5411106C6B4
:10CBA000AE873147AA852380E70013851700130657
:10CBB00000049740FE1FE78000C1B24081473E85D8
:10CBC000410182803E85828089478DC505C541111E
:10CBD00006C6AE873547AA852380E7001385170070
:10CBE00041469740FE1FE78000BEB24081473E8528
:10CBF000410182803E858280894791C909C9954754
:10CC00002380F50083470500A380F50081473E851A
:10CC10008280894791C909C9AD472380F5008347C0
:10CC20000500A380F50081473E85828015C55D71B2
:10CC30008A8586C6A2C42A84EFE0AFF003550400BB
:10CC40000A8697060000938626DD9D45EFE06FE299
:10CC5000B6402644616182800545828015C55D71BC
:10CC60008A8586C6A2C42A84EFE0AFED035504008E
:10CC70000A86970600009386C6DA9D45EFE06FDFCF
:10CC8000B640264461618280054582805D71A2C400
:10CC90009305C5022A8441460A8586C69740FE1F31
:10CCA000E78060B2035504000A8697060000938669
:10CCB000E6D7C545EFE0EFDBB640264461618280F0
:10CCC0005D71A2C49305C5032A8441460A8586C6C0
:10CCD0009740FE1FE78020AF035504000A869706A1
:10CCE00000009386A6D7C545EFE0AFD8B6402644EE
:10CCF00061618280938781B19C43B1CB9C435D711C
:10CD0000A2C486C62A841305E00F95CF0325040824
:10CD10009305050C1305050882978325040813065F
:10CD200000040A85938505089740FE1FE780A0A9A7
:10CD30000355040097060000938626E60A869305AD
:10CD40001004EFE00FD3B6402644616182801305E2
:10CD5000E00F8280317122DD2A840355050026DB35
:10CD600006DF4AD94ED752D556D35AD15ECF62CDBF
:10CD7000EFD0BFCB3C58AA8489EB930530057145B1
:10CD80009740FE1FE780607D28D82858CD470DC901
:10CD9000714681459740FE1FE78060A6032904077E
:10CDA0002285EFE00FEE230DA900834724001389AD
:10CDB00081B1638A07128327090085E39307E00F97
:10CDC000FA506A54DA544A59BA592A5A9A5A0A5B9A
:10CDD000FA4B6A4C3E852961828083AB0701E38F61
:10CDE0000BFC032B0408EF501FCE2A8C0145EF509B
:10CDF0005FCB83C754003858130B0B029309C4034D
:10CE0000130AC405938A64003AC0B337F0002A8736
:10CE1000930801045688B33680015286CE855A8520
:10CE2000829B1C5403C727002307E10203C7170096
:10CE3000A306E10283C707002306F1028327090046
:10CE4000B5DF03AB4701E30B0BF683C75400B337E1
:10CE5000F0003ECEEF503FC7AA8B0145EF507FC494
:10CE600003270408F2472AC03AC2B3387001568833
:10CE70007810930684004E86D2858800029B7C54ED
:10CE800003C727012305E10203C71700A304E1023A
:10CE900083C707002304F1028327090003A9470180
:10CEA000EF507FC22A8B0145EF50BFBF83C85400AB
:10CEB0009C082A883EC2B3381001B337600138108D
:10CEC000930684015286CE8556C088000299035588
:10CED000040097060000938666CF9008C545EFE0F2
:10CEE0004FB9AA87F1BD83C6540083270900032BDD
:10CEF0000408B336D00083AB070136CEEF50BFBC79
:10CF00002A8C0145EF50FFB93C58F246130B0B0237
:10CF1000130AC4059309C403938A64002A889308FA
:10CF200001044E86D2853EC05687B33780015A85AC
:10CF3000829B1C54130B010303C727002307E10244
:10CF400003C71700A306E10283C707002306F10207
:10CF50008327090083AB470183C75400B337F00030
:10CF60003ECEEF505FB62A8C0145EF509FB3F2479B
:10CF70002AC0B338800156887810930684004E8604
:10CF8000D2855AC28800829B8325040841465A856F
:10CF90009740FE1FE780208CAD47E31205EE0DB5EC
:10CFA0002E8697060000938666AEC5456FE06FAC8F
:10CFB0005D71B287A2C42300B1002A84BE85130527
:10CFC0001100194686C69730FE1FE780C07F0A868B
:10CFD0002285970600009386A6B5A145EFE06FA9CC
:10CFE000B6402644616182802E86970600009386B3
:10CFF00026B1C5456FE0EFA75D71B287A2C42310CB
:10D00000B1002A84BE8513052100214686C69730CB
:10D01000FE1FE780407B0A862285970600009386E4
:10D02000E6A9AD45EFE0EFA4B640264461618280F9
:10D030002E8697060000938646B3C5456FE06FA322
:10D04000797122D406D626D28347350013073005DE
:10D050002A846383E708130750056395E70893075D
:10D06000A005A301F50083477500C14513D737001C
:10D070002A97834687009D8B1305C503B3D6F640D8
:10D08000858A93E606F893F6F60F36C6EF508FF2D0
:10D09000B246938781B19C439DCB9C478DCB0325A2
:10D0A000040818081306C4039305050413050508AE
:10D0B00082971375F50F01ED1305C40241460C0864
:10D0C0009730FE1FE78020702285EFF03FBCB25002
:10D0D000225492544561828093079005A301F50084
:10D0E000814645BF130710026396E7027C5503276C
:10D0F000050883D747016314070E13F71700630071
:10D10000070E185503574700058B71CB9307200274
:10D11000A301F4008347340013072002639BE70E4A
:10D120003C5889EB9305300571459740FE1FE78019
:10D13000C04228D82458BDCC2285EFE08FB4238D7F
:10D14000A4002858814541469730FE1FE780206B98
:10D1500028583D478345A5019387F5FF93F7F70FBF
:10D16000636BF70283C701B0D5C341468145080808
:10D170009730FE1FE780A06819469795FE1F93859C
:10D1800065B408089730FE1FE780E06330580C084C
:10D190002E85EF40A002EF402FA63C58A1452398D2
:10D1A000A70013852701EF50EFE02C58035504002A
:10D1B000EFF01FDF9307300203550400A301F400D2
:10D1C000EFD0BF86414619C10356E50006068545E6
:10D1D0001795FE1F034535BBEF40CFCBCDBD13F7F1
:10D1E000270009CB185403574700098B01C7930741
:10D1F000400239BF918BE38F07F01C5483D747005F
:10D20000918BE38907F09307600219B7EF508FDA2B
:10D2100059B713073002639AE7023C5889CB83D58C
:10D2200007010355040013862701EFF0FFDC7C544F
:10D2300083D7470113F7270021CF1854035747001E
:10D24000098B39C79307400285BF13074002639CCF
:10D25000E700EF50FF87AA8503550400EFF0DFD801
:10D260009307500291BF130750026390E704EF50F9
:10D270009F850DE9814505452EC6EF509F822A8680
:10D28000B24503550400EFF0BFD27C5483D7470169
:10D29000918B9DC71C5483D74700918B95C39307EF
:10D2A000600219BF85450145C1BF1307600263993C
:10D2B000E700EF50BF82AA8503550400EFF05FD767
:10D2C0007C540327040883D7470119EF13F707108D
:10D2D00001CF1854035747001377071011C793075E
:10D2E0007002A301F400E5B313F7072011CB185423
:10D2F000035747001377072001C793079002D5B75C
:10D3000093F7074091CB1C5483D7470093F707400E
:10D3100081C79307B002F1B79307F002D9B739710B
:10D3200022DC26DA4ED652D406DE4AD8AE89328ABC
:10D33000AA84EFD08FEF4059414681450A85973046
:10D34000FE1FE780C04B25C80359040063159906EA
:10D350000347340093071002631FF7028327040872
:10D3600099CF2C58A9C94A85EF10F0150545F25000
:10D370006254D2544259B259225A216182808A861B
:10D380001306C4059305C40313058400EF00903809
:10D390001DE18A85C9BF2C5899CD83D70501639CAF
:10D3A00047012146C9054E859730FE1FE780A04AF8
:10D3B00019C12C584DBF2685EFD02FE72A8405458B
:10D3C0005DD44C54B9C583D7050163944705214604
:10D3D000C9054E859730FE1FE780E0478547631AF1
:10D3E000F50283C7F18591C74C5483C7B501639695
:10D3F000A70CBD452685EF10D0079787FE1F9387A2
:10D4000067799C5B0145A5D71D45894582970145F4
:10D41000B9BF938731AF03C707009789FE1F938970
:10D4200069773E89058B15CF0347540083C7C1AE8A
:10D430006319F70219469385D1AE1305640097303E
:10D44000FE1FE78040418547631DF50083A7090360
:10D4500081C791451D458297BD452685EF10700116
:10D4600031B703C701B083A7090331CB03470900D4
:10D47000098B09CB81C795451D4582972685EF10FD
:10D48000D004EDB581C78D451D4582974146814544
:10D4900008089730FE1FE780803619469795FE1FD3
:10D4A0009385458208089730FE1FE780C0310C083D
:10D4B0002E850A86EF3090508A85268575B585457C
:10D4C000C5FF6DBF797122D440594AD04ECE52CC9F
:10D4D00006D626D2AA892E8A3289630C046A03559D
:10D4E000250083570400638CA700A144B250225446
:10D4F000268502599254F249624A456182808344EA
:10D50000240099C09D44DDB79387F5FF93F7F70F8B
:10D510003147E369F7FE17470100130767898A0758
:10D52000BA979C43BA9782871C54E1F39305300560
:10D53000130500049740FE1FE780200208D455D54C
:10D5400003470900914763F4E7008D4445B703475B
:10D5500019008547E3EBE7FE13060004CA85973000
:10D56000FE1FE78040260C547054A3020400D441EF
:10D570005C4A858AFD8E83574601F99BD58F231A15
:10D58000F600D841544AF59B0583058B8582F98EB8
:10D590008606DD8E231AD600DC41584AED9A89832F
:10D5A000858B09837D8F0A07558F231AE600D441A6
:10D5B0005C4A5D9B8D82858A8D83F58F8E07D98F1E
:10D5C000231AF600D841544A93F7F7EF2183058BCD
:10D5D000A182F98EA206DD8E231AD600DC41584ABC
:10D5E000A583858B25837D8F9317970013F7F6DF2F
:10D5F0005D8F231AE600D4415C4AA982858AA983FB
:10D60000F58F9396A7009377F7BFD58F231AF6006F
:10D61000D441584AAD82858A2D83758FFD769386D5
:10D62000F67F2E07F58FD98F231AF6008347260140
:10D6300003250408A18B6387071083C72500A18BEE
:10D6400063820710E31305EA930530051305001004
:10D650009740FE1FE78060F02320A408E30705EE53
:10D660007C54A30204000347190083C6170089EA0B
:10D6700045C38347540093E70701A302F40029A0A0
:10D68000A147A302F40075F72285EFF02FDD6C545B
:10D6900083C72501858B81CF1C5483C727008D8BC1
:10D6A00099C78347640093E717002303F400832797
:10D6B000040899C78347640093E787002303F400B5
:10D6C0008347540005476393E70C414681451305A2
:10D6D00084009730FE1FE780801241468145130584
:10D6E00084019730FE1FE7808011C1451305C403F4
:10D6F000EF504F8C032704089307000511E3C1473F
:10D7000003550400A301F4008145EF501FE7F9BB66
:10D7100003C72701118B19E703472900118B19E370
:10D720008547A1BF83C70700834609001547338794
:10D73000E702973701009387E762BA97B69783C7E6
:10D74000070025BF19C59740FE1FE78060ED232025
:10D7500004087C5403C7170011C70347190019C3F5
:10D76000E14721BF03C72701118B09E703472900C0
:10D77000118B5DD783C707001547834609003387A0
:10D78000E702973701009387275C45BF13F78701AE
:10D7900031CFC18B130584004146A9C38905973059
:10D7A000FE1FE78040024146814513058401973002
:10D7B000FE1FE780C00483476400C1451305C4030E
:10D7C00093E747002303F400EF40DFFE83270408BC
:10D7D00081CF93072005A301F40009BB8145973051
:10D7E000FE1FE780C001C1B7CD47F5B7094789459E
:10D7F0006386E70011476398E700854503550400F9
:10D80000EF50BFD721A01947E389E7FE83476400A3
:10D8100093E747002303F4008327040881C7930795
:10D82000100555BFC54745BF4146CA851305C40409
:10D830009730FE1FE78020F9834734001307600507
:10D84000639CE70085451785FE1F0345D553EF30E0
:10D850003FCD9307500541B745476383E7029306E1
:10D86000C4021306C403930584002285EFD03FB69B
:10D870002285EFF0AFC1AA8411C1A144D147A1BF55
:10D88000C94791BF9309C4054E854146CA85973063
:10D89000FE1FE78040F30325040871C98347340065
:10D8A000130790056398E7002285EFF06FC1930797
:10D8B000E00515B71307A005639DE706938781B1BF
:10D8C0009C43E38107C403A88700E30D08C2834794
:10D8D0007400930505084E8613D7370022978346B8
:10D8E00087009D8B0A87B3D6F640858A93E60608A3
:10D8F00013050504029841468A851305C404973030
:10D90000FE1FE78040F511E1D2842285EFF04FBB86
:10D9100083477400CD461307E005850793F7F70F9B
:10D92000A303F40063E4F60013076005A301E40019
:10D9300075BE1307C005E39BE7BA938781B19C438B
:10D94000E38207BC9C47E38F07BA930505081309D8
:10D9500084000A8781464A862E85829703550400F3
:10D960000A86CA85EF505FCA9307B005ADB58A86AF
:10D970004E86930584002285EFD07FA5414693050E
:10D98000C4040A859730FE1FE780E0EC8547D28407
:10D99000E31EF5B42285EFF0AFB2AA84E31705B415
:10D9A000930710020DBD0347340093077002E31B79
:10D9B000F7B47C5889EB9305300571459740FE1FFD
:10D9C000E780A0B968D86858E30E05B2CA85414619
:10D9D0009730FE1FE78020DF032944072285EFD020
:10D9E0005FAA230DA90093078002F5B30347340013
:10D9F00093078002E318F7B0835706006858214662
:10DA0000930529002318F50049059730FE1FE7808C
:10DA100080DB7C5483D7470113F7072025CF1854A8
:10DA2000035747001377072035C79307900265B364
:10DA30000347340093079002E316F7AC3C5C89EB94
:10DA4000930530055D459740FE1FE78000B128DC57
:10DA5000285CE30905AA4146CA859730FE1FE78086
:10DA600080D69307A00285BB034734009307A0022A
:10DA7000E31AF7A883470600285C194693051900A6
:10DA8000230BF50041059730FE1FE780C0D37C547F
:10DA900083D7470193F70740B1C71C5483D747008A
:10DAA00093F70740A1C39307B00235B3034734008F
:10DAB0009307B002E318F7A47C5C89EB930530056B
:10DAC00051459740FE1FE78040A968DC685CE30E83
:10DAD00005A04146CA859730FE1FE780C0CE7C5C1A
:10DAE0007D5798CB03D529008145EFD0CFDAFDBA19
:10DAF000034734009307F004E3F9E79E0325040885
:10DB0000E305059E13060004CA8513050504973036
:10DB1000FE1FE78040CB2285EFF0CF9DAA842285AF
:10DB2000EFD05F878347340013070005639FE7004A
:10DB300003D6E90085451785FE1F0345D524060653
:10DB4000EF305FB59307300579B113071005639582
:10DB5000E7009307600541B113072005E398E798B4
:10DB60009307C0058DB9034734009307E005E31E12
:10DB7000F796032504084146CA859730FE1FE780C3
:10DB800080C42285EFF00F9DAA8419BD834506004D
:10DB9000A9BF85478144E39BF5940328460083474A
:10DBA00036000347260083461600835525000346AA
:10DBB00006000145EF500F9F15BA8147C146330754
:10DBC000F500B388F5000347070083C80800330851
:10DBD000F6008507334717012300E800E391D7FEDD
:10DBE00082800147BD471308F00F3306F5008346D6
:10DBF0000600B388F500FD178606558F2380E800E0
:10DC00000347060093F7F70F1D83E39007FF828019
:10DC10008147930800F8414893F6F70F3387F500E2
:10DC200063FCC600B306F50083C606002300D700D8
:10DC30008507E39307FF82806395C60023001701E1
:10DC4000C5BF23000700EDB701114AC856C22E898F
:10DC5000AA8A93053005414506CE22CC26CA4EC677
:10DC600052C4328A9740FE1FE780208FAA84930512
:10DC7000300541459740FE1FE780208E2A84CD491C
:10DC8000A5C431CD414681459730FE1FE78020B7BE
:10DC90002686A2855685EF306052AA8929E18387BE
:10DCA000040063D30706A2852685EFF09FF34A861A
:10DCB00097350100938505132285EFF01FF0830748
:10DCC000090063D80704A2854A85EFF09FF15286C8
:10DCD00097350100938505112285EFF01FEE26850B
:10DCE0009740FE1FE780C09311C422859740FE1F16
:10DCF000E7800093F24062444E85D2444249B249E3
:10DD0000224A924A05618280CA852685EFF07FED1E
:10DD10007DB7D2854A85EFF0DFECD1B78147414628
:10DD2000B306F5003387F5000347070003C8060074
:10DD30008507334707012380E600E393C7FE82800F
:10DD4000011126CA4EC6AE84AA8993053005130573
:10DD500000034AC806CE22CC32899730FE1FE780E6
:10DD6000C07F2DC51306000381452A849730FE1F0E
:10DD7000E780E0A84146CE8522859730FE1FE780E8
:10DD800060B0A6850D461305D4019730FE1FE780CD
:10DD900060AF13060402930504012285EF300042B0
:10DDA000AA840D469305D4024A859730FE1FE7806A
:10DDB00060AD22859740FE1FE7808086F240624476
:10DDC00026854249D244B24905618280CD44FDB7DF
:10DDD0005D714EDE62D4AE892A8C93053005130541
:10DDE0000003A6C2CAC052DC56DA5AD85ED686C62E
:10DDF000A2C4B28B368BBA84BE8A4289468A9730D7
:10DE0000FE1FE7808075630505101306000381453A
:10DE10002A849730FE1FE780809E4146E285228556
:10DE20009730FE1FE78000A6414681450A8597305E
:10DE3000FE1FE780C09C1D46DE850A859730FE1FC9
:10DE4000E78040A41D46DA85130571009730FE1F58
:10DE5000E78040A333392001B33490004146814527
:10DE6000080823072101A30791009730FE1FE780D0
:10DE700000991946D68548089730FE1FE78080A094
:10DE80001946D2851305A1019730FE1FE780809FB8
:10DE9000930404014146CE8526859730FE1FE78016
:10DEA000609E8A852685EFF07FE7930904024E86FF
:10DEB000A6852285EF3080302A890DE94146CE853E
:10DEC00026859730FE1FE78000900C082685EFF02E
:10DED000FFE44E86A6852285EF30402E2A894645EE
:10DEE0004146CE859730FE1FE780C0992285973046
:10DEF000FE1FE780E072B64026444A8596440649F4
:10DF0000F259625AD25A425BB25B225C61618280F2
:10DF10004D49D5B7011126CA52C4AA842E8A1305C9
:10DF20000003930530054AC84EC606CE22CC32897E
:10DF3000B6899730FE1FE780406235C52A84A685E2
:10DF400041469730FE1FE780E09393040401214689
:10DF5000D28526859730FE1FE780C092CA8521466C
:10DF6000130584019730FE1FE780C0911309040256
:10DF7000A6854A862285EF306024AA844146CA8558
:10DF80004E859730FE1FE780E08F22859730FE1F79
:10DF9000E7800069F240624426854249D244B24992
:10DFA000224A05618280CD44F5B739715AD05ECEE0
:10DFB0002A8BAE8B41459305300506DE26DA52D416
:10DFC00056D262CC66CA6AC8368C328DBA8C22DCD4
:10DFD0004AD84ED69730FE1FE7802058AA8A93056C
:10DFE000300541459730FE1FE78020572A8ACD44EF
:10DFF000638E0A0859C52A86D6855A85EFF0DFC494
:10E00000AA8441E19305300541459730FE1FE78022
:10E01000C0542A899305300541459730FE1FE7809B
:10E02000C053AA89630A090E6306050E1304FD0096
:10E0300011841376FD0049C07D144204418035EE01
:10E04000131544004E86D6855E95EFF01FB7414606
:10E0500081454A859720FE1FE780607A014D93171E
:10E060000D01C18363F48708BDC04A859730FE1F48
:10E07000E780005B638709004E859730FE1FE780CD
:10E08000205A56859730FE1FE780805963070A00A3
:10E0900052859730FE1FE780A058F25062542685C3
:10E0A0004259D254B259225A925A025BF24B624CF4
:10E0B000D24C424D216182800144131544008A856F
:10E0C0005E95EFF0FFB44E86D2850A85BDBF9315ED
:10E0D0004D000A86DE954A85EFF03FAE4A868A8576
:10E0E0005A85EF30A00DAA84050D95BFBDFC0A86A8
:10E0F000CE854A85EFF07FAC4A868A855A85EF3017
:10E10000E00BAA846686CA8562859720FE1FE78099
:10E11000806BA1BFCD4491BFCD44A9BF397162CC02
:10E120002A8C594526DA4AD84ED652D456D25AD0DD
:10E130005ECE06DE22DCAE8B328BB68A3AC63E8AD3
:10E14000C289468983440104EF308F8749C19167B2
:10E15000938717E92310F50085472301F5002A84EA
:10E1600032472105630C0C0493071003A301F4004C
:10E17000194681459720FE1FE780606823036401EC
:10E18000A3035401230A94002312740123174401AA
:10E190002318340123192401A2856254F250D25469
:10E1A0004259B259225A925A025BF24B624C17857D
:10E1B000FE1F034525BD21616F306F8BA301040055
:10E1C0001946BA859720FE1FE780E05F45BFF250F1
:10E1D0006254D2544259B259225A925A025BF24BBB
:10E1E000624C21618280011122CC2A84314506CE05
:10E1F0002EC632C436C23AC0EF209FFC29C19167B7
:10E20000938717E92310F5008D472301F500A3013B
:10E210008500B2452246924602476244F2402312EC
:10E22000B5002313C5002314D5002315E500AA85E6
:10E230001785FE1F034505B505616F304F83F2401A
:10E2400062440561828001114AC82A89394526CA7B
:10E2500006CE22CC2EC6B284EF209FF631C1B24545
:10E260009167938727E92310F5009147A3012501C2
:10E270002312B5002A842301F500A685190521463D
:10E280009720FE1FE7802054A2856244F240D244CA
:10E2900042491785FE1F0345E5AE05616F203FFD2E
:10E2A000F2406244D24442490561828001114AC869
:10E2B0002A89414526CA06CE22CC2EC6B284EF203A
:10E2C0003FF029C19167B245938727E92310F500F4
:10E2D00095472A84231225012301F50021461905BB
:10E2E0009720FE1FE780204EA285231794006244EA
:10E2F000F240D24442491785FE1F0345D5A8056167
:10E300006F20FFF6F2406244D244424905618280A8
:10E31000011122CC2A84394506CE2EC632C436C21B
:10E320003AC0EF20FFE929C19167938717E92310CD
:10E33000F50099472301F500B2452246924602476F
:10E34000231285006244F2402313B5002314C50054
:10E350002315D5002316E500AA851785FE1F034562
:10E3600065A205616F20BFF0F240624405618280C2
:10E37000797122D406D62A842EC632C436C23AC057
:10E38000EFC0AFEA1DC1B245224692460247231CA8
:10E39000B100231DC1002C081306F00F2285231E97
:10E3A000D100231FE100EFC0EFD7B25022544561E6
:10E3B0008280011122CC2A84394506CE2EC632C471
:10E3C00036C23AC0EF20DFDF29C19167938717E992
:10E3D0002310F5009D472301F500B24522469246E1
:10E3E0000247231285006244F2402313B500231430
:10E3F000C5002315D5002316E500AA851785FE1F45
:10E400000345459805616F209FE6F240624405612F
:10E4100082805D712AC613052002CAC04EDE52DC1E
:10E4200056DA5AD85ED662D466D26AD086C6A2C4FC
:10E43000A6C26ECE2E8CB28B368B3AC43E8DC28C69
:10E44000C68A035A01058359410503498105EF2016
:10E450003FD769C591663243938616E9A9472A8456
:10E460002310D5002301F500930DE400210593044A
:10E4700044012247630D030693071003A301F40030
:10E48000194681459720FE1FE78060371946814570
:10E490006E859720FE1FE7808036194681452685C8
:10E4A0009720FE1FE780A03523037401A3036401B6
:10E4B0002300240323128401231D5401231E44013D
:10E4C000231F3401A2852644B64096440649F259DA
:10E4D000625AD25A425BB25B225C925C025DF24DA0
:10E4E0001785FE1F0345058A61616F205FD8BA85D5
:10E4F000A301040019469720FE1FE780C02CEA857F
:10E500006E8519469720FE1FE780E02B1946E685A9
:10E5100026859720FE1FE780002B79B7B64026445A
:10E5200096440649F259625AD25A425BB25B225C67
:10E53000925C025DF24D61618280011122CC2A84DD
:10E54000214506CE2EC632C436C2EF207FC715CD78
:10E55000224692469167938717E92310F500B14749
:10E560002301F500A3018500B2452303C500A303E1
:10E57000D5006244F2402312B500AA851785FE1F1C
:10E580000345458005616F209FCEF24062440561DE
:10E590008280411126C2AA84514506C622C4EF20BA
:10E5A0003FC249C19167938717E92310F500B94726
:10E5B0002301F50083C714002A8493856400A30116
:10E5C000F50083C7340003C724002105A207D98FB3
:10E5D000231EF5FE83C744001946230FF5FE83C7AB
:10E5E0005400A30FF5FE9720FE1FE780C01D83C7D0
:10E5F000C400A2851775FE1F0345C5782307F400E4
:10E6000083C7E40003C7D400A207D98F2318F400FE
:10E6100083C7F4002309F4002244B240924441012C
:10E620006F20FFC4B24022449244410182804111D4
:10E6300022C42A84194506C6EF209FB80DC59167EC
:10E64000938717E92310F500C1472301F500231232
:10E6500085002244B240AA851775FE1F03458572C6
:10E6600041016F20DFC0B24022444101828041114C
:10E670000D4506C6EF20DFB40DC5930710F9230042
:10E68000F5009307E003A300F500C5472301F5005B
:10E69000B240AA851775FE1F0345C56E41016F2064
:10E6A0001FBDB24041018280011122CC2A8429453C
:10E6B00006CE2EC632C436C2EF209FB015CDB2456D
:10E6C00092469167938717E92310F500C947230203
:10E6D000B5002301F500A30185002304D5002246DF
:10E6E0006244F2402313C500AA851775FE1F034537
:10E6F000656905616F20BFB7F240624405618280A1
:10E7000001114AC82A892D4526CA06CE22CC2EC61A
:10E71000B284EF20FFAA29C5B245930710F9230060
:10E72000F5009307E003A300F500CD47A301250101
:10E730002302B5002A842301F500A6851505194694
:10E740009720FE1FE7802008A2856244F240D24451
:10E7500042491775FE1F0345E56205616F203FB111
:10E76000F2406244D244424905618280011122CCC8
:10E770002A84214506CE2EC6EF209FA405C9B245A6
:10E780009167938717E92310F500D1472303B5005C
:10E790002301F500231285006244F240AA85177513
:10E7A000FE1F0345255E05616F207FACF240624489
:10E7B00005618280011122CC2A84214506CE2EC615
:10E7C00032C4EF20FF9F1DC5224693071059231026
:10E7D000F50023018500B2452303C5006244F240E1
:10E7E0002312B500AA851775FE1F0345A5590561BB
:10E7F0006F20FFA7F240624405618280011122CCA4
:10E800002A84214506CE2EC632C4EF207F9B1DC927
:10E8100022469167938727E92310F500A14723013A
:10E82000F500B24523038500A303C5006244F2400E
:10E830002312B500AA851775FE1F0345D55405613F
:10E840006F20FFA2F240624405618280011122CC58
:10E850002A84314506CE2EC632C436C23AC0EF20D5
:10E860003F9615CD22468567938717C92310F5007B
:10E8700023018500B2452303C50092460247624446
:10E88000F2402312B5002314D5002315E500AA8514
:10E890001775FE1F0345054F05616F205F9DF24010
:10E8A000624405618280011126CAAE844AC82A8961
:10E8B0001385C40006CE22CC32C6EF207F901DCD3A
:10E8C0008567B245938717E9230195002312250137
:10E8D0002A842310F500310508C426869720FE1FE0
:10E8E000E78060EEA2856244F240D2444249177547
:10E8F000FE1F0345254905616F207F97F240624462
:10E90000D244424905618280011122CC2A841945F2
:10E9100006CE2EC6EF20DF8A05C98567938717F9D3
:10E920002310F500854723018500A301F500B245BA
:10E930006244F2402312B500AA851775FE1F0345F5
:10E94000654405616F20BF92F24062440561828098
:10E95000411122C42A840D4506C6EF207F8605C5D5
:10E96000930710F92300F500E947A300F500230100
:10E9700085002244B240AA851775FE1F03458540D5
:10E9800041016F20DF8EB24022444101828001119B
:10E9900022CC2A84214506CE2EC6EF207F820DC9C7
:10E9A0009167938727E92310F5009307000323015C
:10E9B000F500B245230385006244F2402312B500FE
:10E9C000AA851775FE1F0345153C05616F203F8A18
:10E9D000F2406244056182800111214506CE2EC6B7
:10E9E00032C4EF20EFFD15C58567938707392310E3
:10E9F000F500B245224685472301F500F240231277
:10EA0000B5002313C500AA8503C581A905616F2040
:10EA10001F86F24005618280397122DC1304F5FF04
:10EA20004AD852D456D25ECE420406DE26DA4ED6FC
:10EA30005AD0894B2A8A3289B68A418063917515EA
:10EA4000938B01A983C701A95E8B89448DCF83C9AC
:10EA5000160083C706009144A209B3E9F90097772D
:10EA6000FE1F83D72714F51763DFF9009307C6FF4E
:10EA7000639BF90831452EC6EF208FF42A84B245F6
:10EA800019ED9304F00FF250625426854259D25486
:10EA9000B259225A925A025BF24B2161828042099A
:10EAA000135909012302B50023132501930700F927
:10EAB0001509A1652310F5002311450185054A8537
:10EAC0009730FE1FE78060A908C405C983C70B0003
:10EAD0009385EAFF13562900FD172388F1A8972094
:10EAE000FE1FE78040D01C44A28503C581A9890789
:10EAF0001CC4EF20CFF7814479B722859730FE1FE1
:10EB0000E78000B2BDBF9307D6FFE3CCF9F6B1476B
:10EB10003304F402938401AA9C40A29703C7A70080
:10EB200019C7884309C59730FE1FE78060AF13857A
:10EB30004900A16542058505418103AA040097307B
:10EB4000FE1FE78080A19C40229A2320AA00A29762
:10EB5000884305D905472385E70083470B004A868C
:10EB6000D685FD172388F1A89720FE1FE780A0C552
:10EB70009C403E942313240123123401ADBF8547EA
:10EB8000E391F5F0B1473304F402138B01AA832714
:10EB90000B00DA89A29703D76700884355C783D74C
:10EBA0004700B306C700910763C0D70A3A95D685D8
:10EBB0009720FE1FE78020C103270B008144229786
:10EBC00083576700CA97C207C1832313F70003570F
:10EBD00047001107E399E7EA3145EF206FDEAA8588
:10EBE00015CD930700F92310F50083270B002302AE
:10EBF000750123114501A29703D767009C43231396
:10EC0000E5001CC503C581A9EF206FE683270B0033
:10EC10003E942313040023050400B5B583270B009D
:10EC2000A297884311C99730FE1FE780609F832712
:10EC30000B00A29723A0070083A709003E9423138B
:10EC400004002305040045BD11C99730FE1FE7806D
:10EC5000209D83A70900A29723A0070083A709008E
:10EC600085443E94231304002305040029BD6F400E
:10EC7000C02C6F40002E6F40A0776F4000314111D3
:10EC800006C6EF40402DB2400145410182806F40F1
:10EC900060326F4080346F40C0376F40E0396F4062
:10ECA000E03B6F40E03D6F40C03F6F40C0416F4070
:10ECB000C0436F4060458347160003460600A20725
:10ECC0005D8E6F40A0466F40E0476F40A04A6F40A6
:10ECD000604D6F4040506F4020536F4040556F4033
:10ECE00060576F4080596F40A05B6F40C05D41111D
:10ECF00022C60344C10226C4834401030343010125
:10ED0000030E4101834E8101034FC101834F010274
:10ED1000834241028343810222D6324426D8A24450
:10ED20001ED416D27ED07ACE76CC72CA1AC84101D1
:10ED30006F4080716F40205B6F40405D6F40605F4F
:10ED40006F4080616F40A0636F40C0656F40E067B7
:10ED50006F40C06A6F40E06C6F6060201307A5FFD2
:10ED6000420785672A8841831385A7C7636CE5023C
:10ED7000138707C801456368B70263E605031307F5
:10ED8000301F6362C702138766FF42074183938780
:10ED900067C763EAE70005063306B6028E06332529
:10EDA000D600828001458280411126C206C622C457
:10EDB000AA84EFD0106819C52A842685EFC0F023F5
:10EDC0002324A418B2402244924441018280834605
:10EDD00065010D47AA876384E60005458280032705
:10EDE000451103464700A305C502034737006316D4
:10EDF000D7020347B50075F30347050193060002E8
:10EE00006307D7009306300201456317D700130745
:10EE100060022388E70001458280BD466310D70267
:10EE2000034705019306000401451377B70FE31567
:10EE3000D7FE130750042388E7008280B946631A7F
:10EE4000D7008346050113070003E398E6F805475A
:10EE5000C9B7D1466317D7008346050113070005DC
:10EE6000EDB7D9466318D70283460501130750054D
:10EE7000E395E6F60327050A136707202320E50A32
:10EE800005472308E50003C71701136707F8A388A0
:10EE9000E70051B7E946631BD70083460501130716
:10EEA0005006E39CE6F21307A006A5B7FD46631BD8
:10EEB000D700834605011307A007E390E6F2130786
:10EEC00010F881BF93063002E319D7F0834605019D
:10EED00013075008E393E6F005472308E5000347CE
:10EEE000A502136717002305E50271BF83270511EB
:10EEF0000947A30AE50095C32381E70003474505B9
:10EF0000A381E7008347A50293E787002305F50265
:10EF1000F1472308F500014582801D458280854721
:10EF2000A30AF5008327051191CB15472381E7003C
:10EF30009307B0022308F5000145828005458280D1
:10EF40008547A30AF5008327051191CB1947238133
:10EF5000E7009307D0022308F500014582800545AC
:10EF600082808947A30AF5008327051181CF1D47B9
:10EF70002381E700832705110347D5020145A381BB
:10EF8000E7008280054582808547A30AF500832734
:10EF9000051191CB2D472381E700930770032308C8
:10EFA000F50001458280054582809947A30AF50056
:10EFB0008327051131472381E7001777FE1F1307C9
:10EFC00067E983564701A381D7009776FE1F83C662
:10EFD000C6E92382D7009776FE1F83D606E9A18271
:10EFE000A382D700834687012383D7000347970175
:10EFF000A383E7008347E50213F7070409CF9307CC
:10F00000A0032308F5008347E50293F7F7072307DA
:10F01000F50201458280858BFDD78327050AA3056C
:10F0200005022307050293E707042320F50AE1BF41
:10F030008947A30AF5008327051181CF354723812E
:10F04000E700832705110347B5020145A381E700C7
:10F050008280054582808D47A30AF500832705112C
:10F0600091CF45472381E7000347C502A381E7000D
:10F070000347B50201452382E7008280054582806F
:10F080008547A30AF5008327051185C349472381D6
:10F09000E7009307A0042308F5008347A50293E740
:10F0A00047002305F502014582800545828085479A
:10F0B000A30AF5008327051191C74D472381E70077
:10F0C0000145828005458280032705118D47A30AEB
:10F0D000F500D9472301F70083464514A301D70063
:10F0E00083475514918A2302F7000357A51CB1C624
:10F0F0009306F034814763FDE600930787E80357E2
:10F10000851415CB8587938757FD8D87C207C183EB
:10F110000357851C63F3E7003E878347A502230757
:10F12000E50493E747002305F502930750052308FC
:10F13000F500014582808D87F9B7858B99C79307C4
:10F1400007FB2147B3C7E702D1B79307C7FB1147B6
:10F15000D5BF032705118D47A30AF500DD4723011D
:10F16000F70083474514A301F70083465514230293
:10F17000D7000347B514F98F93F647000357A51C32
:10F18000B1C69306F034814763FDE600930787E834
:10F190000357851415CB8587938757FD8D87C20745
:10F1A000C1830357851C63F3E7003E8793078005FF
:10F1B0002308F5008347A5022307E50493E74700EA
:10F1C0002305F502014582808D87F9B7858B99C7A4
:10F1D000930707FB2147B3C7E702D1B79307C7FBE4
:10F1E0001147D5BF832605118D47A30AF500E547D2
:10F1F0002381F60083477514034665140547B3174A
:10F20000F7003317C700D98FA381F6008347151481
:10F210002382F6008347A50293E747002305F50202
:10F22000930700062308F500014582808947A30A59
:10F23000F5008327051175472381E7001777FE1F27
:10F24000130747C103473700A381E700930750071F
:10F250002308F500014582808947A30AF50083272A
:10F26000051179472381E7000347F502A381E700F1
:10F270008327050A2167D98F2320F50A85472308AC
:10F28000F500014582809777FE1F9387A7BCB84B96
:10F290009307800583464700B387F6021457032778
:10F2A0000511BE96A547A30AF500930700022301A6
:10F2B000F7000356A51C8357651CB297D05A938755
:10F2C000C71263F3C700B287A301F70013D6870004
:10F2D000C1832302C700A302F7009C5E2303F7004B
:10F2E00013D68700C183A303C7002304F70083C795
:10F2F000C601A304F70083C7D6012305F7009307CF
:10F30000C0072308F50001458280832705111146B7
:10F3100013073002A30AC5002381E70003478515C0
:10F32000118B05CF0347A515238207009306F7FF2E
:10F3300005473317D700A381E70003473514A3829D
:10F34000E7008347A50293E747002305F5029307EB
:10F3500050F82308F500014582808346751409475B
:10F360006392E6021777FE1F034737A309C72147B9
:10F37000A381E70019A0A381C70003475516238284
:10F38000E70065BF05473317D700DDB79547A30AE8
:10F39000F50083270511130740022381E700A381AD
:10F3A0000700030735148306F5156395E6008946C3
:10F3B000A381D7008306E5156398E60083C637006E
:10F3C00093E61600A381D7008306D5152382D700C4
:10F3D0000346C515A382E7002383C700834785152D
:10F3E000858B81CB99C68327050A4167D98F232056
:10F3F000F50A01458280411126C28324051106C603
:10F4000022C4B547A30AF500A9C091472A842381E5
:10F41000F4009305851A2146138534009710FE1FCA
:10F42000E780603A1385B40011469305041B9710DA
:10F43000FE1FE7804039930720022308F4000145AE
:10F44000B24022449244410182800545D5BF8327C2
:10F450000511A1C7411122C406C62547A30AE5002C
:10F460002381E7002A84032505119305840F214693
:10F470000D059710FE1FE78000358327040AA305BA
:10F480000402014593E707022320F40A8547230875
:10F49000F400B24022444101828005458280A547A4
:10F4A000A30AF50083270511A9C3411122C406C68A
:10F4B00039472381E7002A84032505119305840F2A
:10F4C00021460D059710FE1FE780E02F8347A40219
:10F4D000014593E747002305F4029307000323083F
:10F4E000F400B24022444101828005458280E14718
:10F4F000A30AF50083270511D9CF411122C406C6FE
:10F500003D472381E700034745072A849305850685
:10F51000A381E7000347550731462382E7000347ED
:10F520006507A382E7000357650721832383E7006C
:10F530000347A505A383E7000357A505218323847B
:10F54000E7000347C505A384E7000347D5052385E6
:10F55000E70003574506A385E700034765062386B2
:10F56000E700035765061385E7002183A386E700BC
:10F570009710FE1FE78020258347A402014593E7EB
:10F5800047002305F402930700042308F400B24067
:10F5900022444101828005458280E147A30AF500AB
:10F5A00083270511C9CB411122C406C641472381D7
:10F5B000E700034745072A8493058506A381E700F2
:10F5C0000347550731462382E70003476507A382B7
:10F5D000E7000357650721832383E7000347A50559
:10F5E000A383E7000357A50521832384E70003478E
:10F5F000C505A384E7000347D5052385E700035726
:10F600004506A385E700034765062386E700035701
:10F6100065061385E7002183A386E7009710FE1F88
:10F62000E780601A930740042308F400B2402244A4
:10F6300001454101828005458280411106C6AD47E2
:10F64000A30AF50083270511130790029305D51728
:10F650002381E7001385370029469710FE1FE780B6
:10F660008016B24001454101828083254511411138
:10F6700026C206C622C483C7450003C735000568F5
:10F68000A207D98F1387A7FF420741839306A8C714
:10F69000F94463E2E60C03C7650083C6550013080E
:10F6A00008C82207558FF9446367E80A6365F70ABB
:10F6B00003C6850083C675002206558E9306301F4B
:10F6C00063EBC60883C6A50083C89500A206B3E60F
:10F6D00016016362D808130816003308F8029398DD
:10F6E0003600635A180783C8B500139808011358E9
:10F6F000080163840800636007078358A5038144F9
:10F70000639D1701631BF7008358C5036397C80007
:10F710008354E503958C93B41400231DC504231A68
:10F72000F506231BE506231ED5042312050783C710
:10F73000D50003C7C5002A84A207D98F2313F50675
:10F740003146B905130585069710FE1FE780A0070F
:10F750009147A30EF400B240224426859244410111
:10F760008280411122C406C68547A30AF5002A8477
:10F770008345351503270511034545158546931720
:10F780006500CD8F2301F700ED47A301F700834704
:10F79000C4000346241593E707022306F400EF1084
:10F7A0007074930770062308F400B24022440145A8
:10F7B00041018280832745111303000E03C64700D1
:10F7C00003C737002206598E130756FE42074183AE
:10F7D0006367E30683C6670003C757001168A20684
:10F7E000D98E138786EB4207418313088814636818
:10F7F000E80403C7870083C877002207336717012F
:10F80000930857FEC20893D80801636A130383C89C
:10F81000970083C7A700A207B3E71701938887EB78
:10F82000C20893D80801636C1801231EC51A231F50
:10F83000D51A2310E51C2311F51C6FB0606905452E
:10F8400082808346B5000547AA8705456395E60C87
:10F8500083C6670131470545639FE60A03A7471141
:10F8600083463700A38AD7048346570003464700E0
:10F87000A206D18E239BD704834577008346670079
:10F88000A205D58D239CB7040346970083468700C5
:10F890002206558E239DC7048346B7000345A70063
:10F8A000A206C98E239ED7040345C7000347D7008D
:10F8B0002207498F03D5A703239FE7040147631B52
:10F8C000B50083D5C7036397C50003D7E703158F3A
:10F8D000133717002391E70603C7070193060004B7
:10F8E0006304D702930640046315D70005472388B5
:10F8F000E70003C717019546A38ED700136717F8D3
:10F90000A388E7000145828003C7A7021367170099
:10F910002385E702E1BF8280034765018947631DB4
:10F92000F7008327451183C73700230AF504F547FD
:10F930002308F500014582801D4582808347B5007C
:10F940002A87D9EB83466501B54705456397F608D5
:10F9500083460701930700026391F6088327471146
:10F96000014583C6570003C64700A2064206B29669
:10F9700003C66700B29603C637006206B29623201C
:10F98000D70C83C6970003C68700A2064206B2962C
:10F9900003C6A700B29603C677006206B296232E6E
:10F9A000D70A83C6C70003C6D700A2064206B2968E
:10F9B00003C6B70083C7E700B296E207B6972320D5
:10F9C000F70E8347170193E78700A308F700930713
:10F9D00030022308F7008280054582808347B50006
:10F9E0009DE3034765018547631DF70083460501D5
:10F9F000130730026397E6009307C0022308F5005F
:10FA000081473E8582808547EDBF83466501054776
:10FA1000AA870545639CE60203C707019306B00267
:10FA2000631AD7001307E0022388E700A3850702C3
:10FA3000014582809306D00205456319D70013075C
:10FA4000E002A38507022388E700DDB78280034731
:10FA500065018947631EF704E947A305F50283277B
:10FA60004511394783C737006392E7020347050111
:10FA700093070003631EF7028327050A93E7070233
:10FA80002320F50A85472308F500B9A03D47639375
:10FA9000E7028327851003470501F59B2324F51012
:10FAA000930700046316F700930760042308F5002A
:10FAB0000145828049476398E702034705019307A0
:10FAC000A004E317F7FE85472308F5008347A50246
:10FAD00093E717002305F5028347150193E707F81D
:10FAE000A308F500F1B751476392E7020347050108
:10FAF00093070005E31EF7FA85472308F5008327DF
:10FB0000050A93E707102320F50AF9B75947639DC3
:10FB1000E7000347050193075005E31BF7F8832728
:10FB2000050A93E70720A9BF6947639FE7000347DA
:10FB3000050193075006E31DF7F68327050A0567BD
:10FB400013070780D98F2DBF7147E383E7F6754709
:10FB5000639CE7000347050193075007E31AF7F496
:10FB60008327050A2167F9BF13073002E392E7F400
:10FB70000347050193075008A9B70347B500854718
:10FB80006311F70203476501631BF7000347050193
:10FB90006317F700930760032308F50081473E854C
:10FBA00082808547EDBF834665010547AA870545E5
:10FBB0006393E60603C70701930670036315D70234
:10FBC00003C7A702238607049376070499C6137711
:10FBD000F7FB136707012385E702130780032388D8
:10FBE000E700014582809306500305456315D7025F
:10FBF000130780032388E70003C7A70223860704AF
:10FC000001459376070481CA1377F7FB1367070151
:10FC10002385E70282808280034765019947631E3E
:10FC2000F7080327451183473700A307F5048347E7
:10FC3000570083464700A207D58F2318F504834752
:10FC40007700834667001307A003A207D58F83467A
:10FC500005012319F5048347E5026395E604858BC6
:10FC600099CB8327050AA30505022307050293E71D
:10FC700007042320F50A8347A50293E7170023050D
:10FC8000F50285472308F5008347150193E707F838
:10FC9000A308F5008347E50293F7F7FB2307F50276
:10FCA00001458280E207E187E3D007FE8327450A0A
:10FCB00093E707042322F50AC1BF05458280034765
:10FCC000650189476304F700054582808327451154
:10FCD0001307000483C73700A305F5028347050116
:10FCE00093F6B70F6397E600930750042308F500D7
:10FCF00025A0130750056393E7028327050A93E7BE
:10FD000007202320F50A85472308F50083471501BE
:10FD100093E707F8A308F500014582801307500612
:10FD20006395E7009307A006D1B713075008639CBB
:10FD3000E70085472308F5008347A50293E71700EE
:10FD40002305F502E1B70347B5003DFF13070002A5
:10FD50006386E700130730026395E70093076002AC
:10FD600071B71307A007E391E7F6930710F8BDBF3B
:10FD7000834665010547AA8705456394E60403A702
:10FD800087100545418B15CF03C707016318A700EE
:10FD90001307B0042388E700014582801306A004FE
:10FDA000631AC70003C7A7022388D7001367170089
:10FDB0002385E70203A7870A1367070423A4E70A3A
:10FDC000E1BF8280834665010547AA8705456393A5
:10FDD000E60283C607011307A0040545639CE600FD
:10FDE00003C7A7022388A7000145136717002385CF
:10FDF000E70282808280034765018D47631FF71801
:10FE0000834715018D8B91EB83460501214793872D
:10FE100006FC93F7F70F6361F702D9472306F50253
:10FE20009307A002A305F5028327850A93E727001D
:10FE30002324F50A014582808347B5000326451136
:10FE400063900714930750056398F600D94723067B
:10FE5000F50293073002F9B79767FE1F938787FF74
:10FE60008345460003C7A70383C7B70383486514C8
:10FE70006D8F2305E51403463600F18F0546A30573
:10FE8000F514331616016314C7002305051403483F
:10FE900075148545B39505016394B700A305051452
:10FEA0000347A5148347B5145DCFD9CB93752700BD
:10FEB000B1C113F627001DCE930720202315F5149A
:10FEC0000347A5148547B39717016314F70023056B
:10FED00005140347B5148547B39707016314F7006A
:10FEE000A305051485476398F60893076005230862
:10FEF000F50089B71376470001CA13F3470063057D
:10FF00000300930740405DBF058B19C713F7170027
:10FF100001C7930710105DB7094781E5114711E24A
:10FF200005472305E51413F7270009C78947A305EB
:10FF3000F51479B7918B99C39147D5BF8547C5BF54
:10FF4000B3570741858B81C72305B51495BF9377B8
:10FF5000270089C789472305F5149DB7118B914761
:10FF60007DFB8547CDBFA9DF33D71741058B45DF23
:10FF7000A305C514B1B78327850A93E707104DBDC4
:10FF800085476397F60083474600A305F514B1BF84
:10FF90008327850A93E7072061BD05458280834654
:10FFA00065010D47AA8705456394E61483C60701DA
:10FFB000130750050545639DE61203C7B700631993
:10FFC000071283C6471403C7571403A6471133F516
:10FFD000E6008345460019ED6396B60003453600FA
:10FFE000630AE50023950714130770052388E700CB
:10FFF00001458280ED8E2385D7140346360003C861
:020000040002F8
:100000006714718F0546A385E714331606016394C0
:10001000C6002385071403C577148545B395A5004D
:100020006314B700A385071483C6A71403C7B714C6
:10003000C5CA41C793F526009DC91376270005CA96
:10004000130720202395E71483C6A7140547331709
:1000500007016394E6002385071483C6B714054798
:100060003317A700E392E6F8A3850714B5BF13F68C
:10007000460001CA93784700638508001307404093
:10008000D1B7858A99C69376170081C613071010D9
:1000900055BF894681E5914611E285462385D714EF
:1000A0009376270089C60947A385E71471BF118B92
:1000B00019C31147D5BF0547C5BF33D7A640058B28
:1000C00001C72385B71449B713F7260009C70947A5
:1000D0002385E71495BF918A1147FDFA0547CDBFE7
:1000E00025D7B3560741858AC5DEA385C714A9BFA6
:1000F00082808346B5000547AA870545639FE606CB
:1001000083C66701154705456399E60603C70701DE
:10011000930650056306D70093068005631FD70436
:1001200003C7A70283A54711136717002385E702BA
:1001300003C645001147636EC70083C63500636A76
:10014000D7001307F6FF1385F6FF718F758D498F62
:1001500011C705472388E7000145828003C7650072
:1001600003C555002385C7142207498F2396E7143A
:10017000A385D7141307A005F1BF82808347B5007C
:1001800095E3834665010D478547639BE60003477A
:1001900005016317F700930710062308F500814750
:1001A0003E8582808547EDBF03476501894763101F
:1001B000F706832745119765FE1F83C545CE83C784
:1001C000370013F6F70113D767009767FE1F83C741
:1001D000F7CC63EAC7008346E514A18A89C6B3D683
:1001E000E540858A9DE6E9472306F5028547B397F2
:1001F000E700ED8F8D8B794799C3130700028327A2
:10020000850AA305E50293E727002324F50A05459F
:100210008280230AE51403470501A309C514854715
:100220006318F700930760062308F50001458280F4
:100230008327850A93E707402324F50AC5BF0347B0
:1002400065018947631CF7028327451103470501B0
:1002500083C737002308F50285476318F700930723
:1002600060072308F500014582808327850A05671A
:1002700013070780D98F2324F50AF5B70545828037
:10028000834665010947AA870545639FE60283C641
:1002900007011307500701456398E60203A74711BA
:1002A000A166034737002388E70203A7070A558F93
:1002B00023A0E70A05472388E70003C71701136750
:1002C00007F8A388E700828082808346650115478E
:1002D000AA8705456399E60C83C6070113075008F2
:1002E00005456392E60C03A7471183463700A38DAB
:1002F000D71483064700A382D7160306570023802E
:10030000C716034767002382E71603C7871593754F
:100310004700B5CD8946A38CD71483A6070AC165CB
:100320006D9BCD8E23A0D70A238CE71403C7A71695
:100330009376170085C29306F0076306D60013670D
:1003400027002385E71603A7070AB7060200558F83
:1003500023A0E70A1767FE1F1307C7AF034737003D
:100360000145A387E70203C74703A380E7160547B4
:100370002388E70003C7A702136717002385E70256
:1003800003C71701136707F8A388E7008280098B6A
:1003900051DFC9DE03A7070AC166A38CA714558FD6
:1003A00023A0E70A61B78280834665011547AA87C3
:1003B00005456390E60A83A64711014503C636004A
:1003C0001377060F59E71767FE1F034777AC718F46
:1003D00049C303C7660011482380E716838556008A
:1003E0000147A382B716130517003357E640058B64
:1003F0009378F50F15CF238D171503C74600A38DEE
:10040000E71403C78715937647009DC68946A38CDA
:10041000D71483A6070A41666D9BD18E23A0D70A05
:10042000238CE71403C747030145A380E7168280A6
:100430002A87E31A05FBD1B7098B6DD7E5D50547A8
:10044000A38CE71403A7070AC166558F23A0E70A08
:10045000D1BF8280834665011147AA870545639312
:10046000E60A83C5B7000545639EA50883A6471124
:1004700003C836006366050303C746001305100969
:100480001306B7FF1376F60F636CC50003C656005C
:100490009306B6FF93F6F60F6364D5006371E60228
:1004A0007947A385E702130780022386E70203A7A3
:1004B000870A01451367270023A4E70A828083A6E1
:1004C000C710014593F6060895CE83C647176317F4
:1004D000B80293E61600238AD7169306000AA38A69
:1004E000E7163307D70283D6A7033347D70283D64D
:1004F000070485063697239BE7168280D99A238ABC
:10050000D7168280828083270511E9C72547A30A71
:10051000E50051472381E7000347451B8355651BD1
:100520000356A51BA381E7000347551BA382B70011
:100530002382E70013D785002383E7000347851B49
:10054000A383E7000347951BA384C7002384E70028
:10055000135786002385E700834675140947638691
:10056000E602032705109316470163C0060285665D
:10057000938686842E8763F3B600368742074183CD
:10058000A382E70021832383E7008346651409479C
:100590006386E602032705109316470163C006022F
:1005A000856693868684328763F3C6003687420762
:1005B0004183A384E70021832385E7008347A502C5
:1005C00093E747002305F502930700052308F5008C
:1005D000014582800545828083270511E9CB2547A7
:1005E000A30AE50055472381E7000347451B8355D0
:1005F000651B0356A51BA381E7000347551BA38278
:10060000B7002382E70013D785002383E700034761
:10061000851BA383E7000347951BA384C70023849E
:10062000E700135786002385E700834675140947C2
:100630006380E6028566938686842E8763F3B60020
:10064000368742074183A382E70021832383E700A3
:100650008346651409476380E6028566938686842F
:10066000328763F3C600368742074183A384E700DD
:1006700021832385E7008347C507A305050299C7A2
:100680008327050A93E707102320F50A8327450AE5
:1006900013974701635807007D771307F77FF98F9A
:1006A0002322F50A85472308F50001458280054588
:1006B000828003476501AD476318F702411106C602
:1006C0008347451783254511294693E70701230AE8
:1006D000F5168D051305D5179700FE1FE780A00EB0
:1006E000B240014541018280054582808347B500C3
:1006F000EDE7411122C406C603476501E1472A849C
:1007000005456318F70C03470401930700046312BF
:10071000F70C8325441105659306A5C703C745005B
:1007200083C7350022075D8F9307A7FFC207C183E8
:1007300063ECF60883C7650083C65500130505C83A
:10074000A207D58F6362F50863E0E70803C685005A
:1007500083C675002206558E9306301F63E6C606D3
:1007600083C6A50003C89500A206B3E60601636D23
:10077000D504130516003305E502139836006345CA
:10078000A80403C8B50013150801418163040800DB
:1007900063ECA702231DC4042312A406231AE40653
:1007A000231BF406231ED40483C7D50003C7C5004A
:1007B0003146A207D98F2313F406B9051305840621
:1007C0009700FE1FE7802000930770042308F400C1
:1007D0000145B24022444101828005458280411199
:1007E00026C206C622C403476501E1478544631853
:1007F000F704832785102A848544898BA9C38347FE
:10080000B50063919706EFE05FE683470401A30517
:10081000A40263979700930710042308F40039A8F3
:10082000130700046393E702930710042308F400FE
:100830008347A40293E717002305F4028144B240E2
:10084000224426859244410182808327040A93E74B
:1008500027002320F40A8347140193E707F8A3082D
:10086000F400E9BF834715018D8B99CF9307A00250
:10087000A305F402BD472306F4028327840A93E705
:1008800027002324F40A5DBF83470501639797007F
:10089000EFE0BFDDA305A402BDBF13070002639014
:1008A000E702EFE09FDCA305A402814449F9832716
:1008B000440A37070080D98F2322F40A49B7130767
:1008C0000004E39EE7F6930730025DB7411126C2AC
:1008D00006C622C48347B5008544A5E703476501E2
:1008E000A5478544631FF7048327850FA18BB1CBF0
:1008F000832545112A8421468D051305051097008F
:10090000FE1FE78040EC83270410B73678089386F3
:10091000060DDD8E8327441013E707018327840F1C
:10092000F58F2324F4108327C40FF98F2326F410A6
:1009300083470401639D9700930710032308F40085
:100940008144B2402244268592444101828083271B
:10095000840A93E707012324F40ADDB7411126C274
:1009600006C622C403476501A5478544631AF706F6
:10097000034705019307000385446313F7068325A6
:1009800045112A8421468D05130505109700FE1F89
:10099000E78060E383270410B73678089386060D56
:1009A000DD8E8327441023089400A305040213E777
:1009B00007018327840F8144F58F2324F4108327B4
:1009C000C40FF98F2326F4108327040A93E7070244
:1009D0002320F40A8347140193E707F8A308F400DF
:1009E000B240224426859244410182808347B5006B
:1009F00005476395E708411122C406C68346650191
:100A000025472A8405456390E606034704016310E1
:100A1000F706832544112146130504108D05970020
:100A2000FE1FE78040DA83270410B73678089386E4
:100A3000060DDD8E8327441013E707018327840FFB
:100A4000F58F2324F4108327C40FF98F2326F41085
:100A5000930710032308F40083471401014593E72B
:100A600007F8A308F400B2402244410182808327A2
:100A7000840A93E707012324F40AF9BF054582801D
:100A80000347B5008547631CF704411122C406C61D
:100A900026C203476501A1472A840545631CF70266
:100AA000832444111305841215469385340097005E
:100AB000FE1FE78040D183C7940003C7840001452F
:100AC000A207D98F2317F4128347140193E727F85D
:100AD000A308F400B24022449244410182800545BB
:100AE00082800347B50085476310F716834665018A
:100AF0005D47639CE614011126CA8324451122CC6C
:100B000021462A84938534001305F51806CE9700F4
:100B1000FE1FE78040CB83C7C40003C7B400A20711
:100B2000D98FA30BF418A183230CF418EF00DF8CEA
:100B30002AC4EF007F8C2AC62C001305841A214694
:100B40009700FE1FE78020C883C7F40003C7E400B6
:100B50001305041BA2074207BA9703C704012C0020
:100B60001146BA9703C7D4006207BA972324F40C3E
:100B700083C7340103C72401A2074207BA9703C7FA
:100B80004401BA9703C714016207BA972322F40CF1
:100B90000347941A8347A41A4207A207BA97034748
:100BA000B41ABA970347841A6207BA972320F40C41
:100BB0000347D41A8347E41A4207A207BA970347A8
:100BC000F41ABA970347C41A6207BA97232EF40A95
:100BD000A247374703001307D73FB387E70237A77A
:100BE0002600130737ECBA973EC49700FE1FE78034
:100BF00080BD83C7640103C77401A2074207BA9787
:100C000003C75401BA9703C784016207BA97232E1A
:100C1000F40C0347241B8347141B4207A207BA970F
:100C20000347041BBA970347341B6207BA97232074
:100C3000F40E930710022308F400F2406244814747
:100C4000D2443E850561828085473E858280034788
:100C500065019147631BF712411126C28324451198
:100C600006C622C403C7340001CB9307F7FFF98FF0
:100C700081E79377070F8DC793070002A305F5025D
:100C8000930730022306F5028327850A93E727009E
:100C90002324F50AB2402244924401454101828056
:100CA00083C554009306E007814711466397D5003A
:100CB000F947E9B7B687638CC60093861700B35728
:100CC000F740858B93F5F60FF5D7230DB514838781
:100CD00044002A84B5C3A30EF514030535143387E5
:100CE000A7001375F50F635AF0008307F41563DA54
:100CF000E700898FA30EF41429A08307E415E34AC3
:100D0000F7FE8347D4153E9562056185212F2301A7
:100D1000A4145D2583473414A301A414B307F5403C
:100D2000A30EF41401278347A415034734142301A9
:100D3000A414A297A382E71683074403830624160C
:100D4000014763D5F600958F13F7F70F230EE414D0
:100D500083C7540005472300F416834704016397B3
:100D6000E700930760F82308F4002DB71307500835
:100D70006396E700FD57230EF414E5B78327840A32
:100D80000967D98F2324F40A31B7054582800347C8
:100D90006501A547631EF704411122C406C68346B8
:100DA0000501130700052A8485476397E602EFE0F3
:100DB0007FA005E98327040AA305040293E707102F
:100DC0002320F40A8347140193E707F8A308F400EB
:100DD00085472308F4008147B24022443E85410103
:100DE00082808347A40293E717002305F402D9BF4A
:100DF00085473E85828003476501A5476309F70063
:100E0000054582800545B240224441018280832706
:100E10008510411122C406C693F707022A84FDD328
:100E2000EFE05F998547E30FF5FC03470401631882
:100E3000F700930710052308F4000145E9B783275D
:100E4000840A93E707082324F40AC5BF0545828076
:100E50000545828005458280054582800545828062
:100E60000545828005458280054582808347C5000F
:100E7000A30A0500F19B93E717002306F50003255D
:100E800005111335150082801757FE1F0347B7F071
:100E90009547630BF7009757FE1F938767EF83C74C
:100EA00077000D47631FF7009757FE1F83C7D7EEE4
:100EB000639E0710930760101757FE1F231EF7EC61
:100EC0008280411126C29757FE1F9387A7F893840B
:100ED00081AC22C4E05F9C404AC006C623A207063C
:100EE000096798C719459757FE1F238507EAEF0042
:100EF00030169387C1AB944337C7898E130767EDCC
:100F000098C63757550013075755D8C203472402D0
:100F10009306F00F3E896307D700FD57A300E40254
:100F20002301F4020345140289476303F5000145D8
:100F3000984001469305F00F5C4393E717005CC3AC
:100F4000930710FA2305F40099471757FE1FA304CF
:100F5000F7E49757FE1F238D07E29757FE1F238B59
:100F600007E29D2D938701AD9443DC56F59BDCD6BB
:100F700083270900034794001376F70798431377F4
:100F800007F8518F98C31757FE1FA30507E090403D
:100F90001757FE1FA30E07DE054718C298431377A5
:100FA000F7E798C398431377F7E71367071098C3D9
:100FB0009C4637073300B240D98F22449CC6930722
:100FC000900D3CCA924402494101828082804111C5
:100FD00006C622C41757FE1F034717DC9757FE1F8C
:100FE000938707DB01CF9756FE1F83C6E6DA0947D2
:100FF0006396E6001757FE1FA30007DA03C77700C2
:10100000A1466387E60003C777009D46639DE6001F
:1010100083C777001757FE1F2300F7D88547175758
:10102000FE1FA30BF7D6EF00407B9757FE1F938759
:1010300067E2E05F68402315040023040400970082
:10104000FE1FE780E05D9145231004042322040481
:10105000232404041755FE1F0345B5B7EF001F8571
:10106000A1451755FE1F0345D5B6EF003F84034544
:1010700014039307F00F6307F500EF00DF87FD57B8
:10108000A308F402034504039307F00F6307F50078
:10109000EF007F86FD572308F402B240224441014D
:1010A0008280011126CA9754FE1F9384A4DA22CCB1
:1010B00003A4040C4AC84EC652C456C206CE2A899E
:1010C0008149130A2500854A29E893057025314591
:1010D0009700FE1FE78060482A8401453DC0834792
:1010E0001900194693052900A300F40013052400F4
:1010F00097F0FD1FE780206D83A7040CA1EF9757A1
:10110000FE1F23A987E02324040083C7C40B85079F
:101110001757FE1F230EF7DE25A003471400834751
:1011200019006305F700A289004479BF1946D285EA
:101130001305240097F0FD1FE780E071E31555FFCC
:101140000545F2406244D2444249B249224A924A99
:1011500005618280E38909FA23A489006DB7975756
:10116000FE1F938727CF03A5070C11E99757FE1F92
:1011700023A207DA9757FE1F238C07D882804111DC
:1011800006C622C400459700FE1FE78060492285FD
:1011900075F8B24022449757FE1F23AD07D69757E4
:1011A000FE1F238707D6410182809757FE1F938732
:1011B00067CA23A0070C238E070A8280011122CC64
:1011C000138481AC184006CE26CA2EC632C43C4BCE
:1011D000AA84354593F7F7F73CCB9D2D184026851B
:1011E0003C4B93E707083CCB2246B2459700FE1FD5
:1011F000E78000A8F2406244D24401450561828044
:10120000138781AC1443BC4A93F7F7F7BCCA0100BB
:10121000010018431605136505083C4B93E70708C2
:101220003CCB938781AB9C4303A7450E88C398CBE7
:1012300003A7850E0145D8CB03A7C50B98CF03A7FD
:10124000050CD8CF03A7450C98D303A7850CD8D39A
:1012500003A7C50C98D703A7050DD8D703A7450D3D
:1012600098DB03A7850DD8DB03A7C50D98C703A797
:10127000050ED8C798431367070498C38280138765
:1012800081AC1443BC4A93F7F7F7BCCA01000100D4
:1012900018431605136505083C4B93E707083CCB3C
:1012A000938781AB9C4303A7C50E88C398CB03A744
:1012B000050F0145D8CB03A7C50B98CF03A7050C95
:1012C000D8CF03A7450C98D303A7850CD8D303A781
:1012D000C50C98D703A7050DD8D703A7450D98DBF4
:1012E00003A7850DD8DB03A7C50D98C703A7050E77
:1012F000D8C798431367070498C3930700F8175794
:10130000FE1F230AF7A882801386C1AB1C42B706D2
:101310008000B71501809843938585E7558F98C362
:101320009843B7060010558F98C31307001DD8DBEC
:101330001757FE1F0347478793169701CD8ED4D7C3
:10134000D457B70500821377F703FD15ED8E6607B6
:10135000558FD8D737170040930770052300F7043F
:10136000930780FA2300F7049756FE1F83C6C683AF
:10137000B54763FBD7028357270293E70701231181
:10138000F7021842B7070900938737081CD337E7DD
:1013900000E0D147A309F7049707FE1F938767B8BA
:1013A00093E717007CD7828083572702C207C18347
:1013B000BD9BC207C183E1B79307C00363E2A706E1
:1013C000130780029547636BA704714791476367D2
:1013D000A70459478D476363A70449478947636F4B
:1013E000A70239478547636BA70231478147636787
:1013F000A7022947FD576363A7022147F557636F8B
:10140000A7001947ED57636BA7000D47E1576367C6
:10141000A7000547C1576373A700D1573E85828057
:101420009947EDBFC5576340F50655578947634A4D
:10143000E504655791476346E50471579D4763424C
:10144000E5047957A547634EE502AD47634B0502B6
:10145000B54705C90547BD476305E5020947CD47BF
:101460006301E5020D47DD47630DE5001147F547D0
:101470006309E50015479307D0036314E50093075C
:1014800090023E8582808547EDBF938741AC9C43A7
:1014900099CB944BD04B9842518F98C294439C4720
:1014A0009842D98F9CC29387C1AB138681AC054803
:1014B0009C431757FE1F0347478E144263120505CE
:1014C000884375787D183375050188C3C846F97758
:1014D000FD17E98FDCC60100010014428967AD05E4
:1014E0009CC6930700F81756FE1F2305F68A9397AC
:1014F00025009305E709BE958605ECD2C8C6828013
:101500007578137325009308F8FF630B030803A88D
:10151000070089050D43337818018968336818017D
:1015200023A0070151781307E70B8E057D1863117F
:10153000650488433375050111683365050188C367
:10154000C846F977FD17E98FDCC6010001001C428F
:10155000930600F89385750D23A417011756FE1FF7
:10156000230AD6828605BA958605ECD3C8C7828041
:1015700088433375050188C3C846F977FD17E98F9D
:10158000DCC6010001001C42930600F89385A50407
:1015900023A417011746FE1F230ED67E8E05E1B742
:1015A00088430568337515013365050188C3C8464E
:1015B000F977FD17E98FDCC6010001001C4289663E
:1015C000A90594C7930600F81746FE1F2304D67C8E
:1015D0008E051307E70941BF938741AC9C4389CF30
:1015E000D44303A8870098423367070198C2D447C1
:1015F000DC4B9842D98F9CC29387C1AB83C601ACA8
:10160000137725009C43858A25CB984375757D15F6
:10161000698F0965498F98C3370709001307670861
:1016200098D3372730084517D8CB3717030013074F
:10163000976198CF0D671307E78D98D7376700013B
:1016400013070731D8D385C637A73F001307F74DD7
:101650009E0598CB938545369747FE1F23A0B77408
:1016600011C606069747FE1F23AAC7728280372736
:1016700037001307F72DE9BF3707090013073708AD
:1016800098D33727100813071790D8CB37170300C4
:101690001307476298CF0D671307E78B98D7376713
:1016A000000113070731D8D385C637A73F001307BA
:1016B000E72C98CB75779306F7FF98430548950577
:1016C000758F631C050198C38E059385C50369B7A3
:1016D000372737001307072DE9BF8566558F98C355
:1016E0009205E5B711C93717004083578701216874
:1016F000B3E70701231CF7008E059747FE1F238ED3
:10170000B7689387C1AB22069C43498E4D8EB705BF
:1017100010004D8EF0D3F85313674700F8D3984369
:1017200091C6B7060020558F98C38280B70600E0A7
:10173000FD16758FD5BF411106C61747FE1F03471B
:10174000A765A1476310F7049747FE1F83C7076685
:10175000858B1746FE1F034696679746FE1F83C676
:101760000667B5C79747FE1F93874766C84325C1DD
:10177000834515000905192511C585471747FE1F23
:10178000A30CF7601747FE1F034707619947631CC7
:10179000F7009747FE1F9387E76BFC5F83C7B7008F
:1017A00095CBEFF06FEE1747FE1F0347E75E9D47AF
:1017B0006312F7029747FE1F9387C76983A707093C
:1017C00083C7770081CBB24041016FB0F0218145E2
:1017D000014555B7B24041018280138781AC1C435B
:1017E000B44BE19AB4CB944393E6860094C39C43F4
:1017F0008D83858B89C7010001000100010093875B
:10180000C1AB94439C4293F7F7E793E707089CC268
:10181000938701AD9043B706CEFFFD161C46F58FAA
:101820001CC61C4313070008B8CB938741AC9C43EC
:1018300099CBD44390479842518F98C2944BDC4B3C
:101840009842D98F9CC29747FE1FA3860754828077
:10185000938781AC9C439C438D8BF9CB411122C46F
:1018600026C206C61747FE1F0347F7528D47AA84B4
:101870001744FE1F1304C451631BF7009747FE1F54
:101880009387C7529C4B014681454545829719472E
:101890006392E4049747FE1F83C7175099CB97477D
:1018A000FE1F83C7674F639697009747FE1FA38568
:1018B000074E8347740021476318F7009307801091
:1018C0001747FE1F231AF74C2244B24092444101AD
:1018D0006FF0BFF09D47639FF4009747FE1F83C7DB
:1018E000B74BE1DB1747FE1F0347074B8D47E3125A
:1018F000F7FC65BF83467400630BD7000347740091
:101900006387E700834774002147E31FF7FA97478F
:10191000FE1F83C77748CDFB834774001747FE1F20
:10192000230CF74685471747FE1FA307F74669BFF5
:101930008280011122CC2A8411452EC632C436C2BF
:1019400006CEEFF0FFF09387C1AB9C43B70833009E
:10195000D857719B13671700D8D7138781AC0843FA
:101960001307000A78D198431377F7E798C3984391
:101970001377F7E71367071098C3138701AD184370
:10198000B245924603288700224633681801232473
:1019900007011308A00D23280505C9CD4C57136472
:1019A0000404F5994CD71377F4078043137404F8B3
:1019B000598C3747767180C31307971298C73757EA
:1019C0005500130757551744FE1F1304643CD8C332
:1019D0005C48B6853CD99747FE1F238C073A97474A
:1019E000FE1FA388073A5C41F99B5CC19147014502
:1019F0001747FE1FA301F73A97F0FD1FE7808064A9
:101A0000938741AC984311C7544318479C42D98FE0
:101A10009CC283473400858B91CB9747FE1F83D7A9
:101A2000E74385071747FE1F231AF742F240624437
:101A3000056182804C57F5994CD71377F4078043A2
:101A4000137404F8598C37C7898E80C3130767ED68
:101A5000B5B7011126CA4AC84EC6C1643709006A23
:101A6000B70900AC22CC52C406CE0544FD141309BC
:101A7000690E9389E90C130A000205E49305000F2F
:101A80004145EF00EFB1B7B7006A4205938767CED3
:101A90005D8DF2406244D2444249B249224A056116
:101AA0008280A6850145EF00EFB19317850013F7FB
:101AB000071033E5270119C333E537018147014793
:101AC000E145B356F50085073356F500858A058A4A
:101AD0006307D60005071377F70F63E4E504E39285
:101AE00047FF81471306F003ED463357F5001377A0
:101AF000F70305CB6307C7028507E398D7FE1357A3
:101B000085009377F50F1377F70FE394E7F81357F2
:101B100005011377F70FE39EE7F613578501E39A64
:101B2000E7F605041374F40F89BF1747FE1F034738
:101B30009726A5476303F70C9747FE1F9387472512
:101B400083C777001147630AF70A938781AB9843ED
:101B5000B7C70040938707306311F70A4111354535
:101B600006C622C426C24AC0EFF09FCE1389C1AB7D
:101B7000ED289D29EFF04FF983270900F576FD1632
:101B80009843938401AD138481AC758F98C39843B7
:101B9000B70633001377F7E798C398431377F7E74F
:101BA0001367071098C398401C47D58F1CC71C406B
:101BB0001307D00DB8CB9D25EF104036792B252586
:101BC000032709001C4393F7F7E793E707081CC3B3
:101BD00094403707CEFF7D179C46B2409244F98F60
:101BE0009CC61C40130700082244B8CB9747FE1F31
:101BF000A383071A0249410182808280238001ACBD
:101C000023A201ACB7C700401387073023ACE1AA79
:101C10001387072023A4E1AC9387071037D7004030
:101C2000411123A8E1AC23AEF1AA06C61747FE1F57
:101C3000130707168547A303F7009747FE1F9387EF
:101C400067F59C431CCF938707115CCBEFF0FFED4A
:101C5000B7E700E037071000B24023A0E7103707CE
:101C6000200023A0E71041018280938781AC9C4330
:101C70001307C00893066007D8CBD4CFD8D3130678
:101C8000C003D0D7D8DBD0DFF8C31747FE1F130738
:101C90002710184FF4C7F8DB41677D1798C73D67D9
:101CA0003D07D8C737E700E0D5472309F704970772
:101CB000FE1F9387C78293E717003CD782809387E4
:101CC00001AD98431746FE1F1306460E9387C1AB1E
:101CD00094438347160013F8F707D9C588425C423E
:101CE000137505F83365050188C213F5150001C9A0
:101CF00093F5050341456396A506938707834C57E3
:101D00004168130808A093E525004CD7B3D5070315
:101D1000B70810FEFD18B3F70703FD8913954501B9
:101D20006C43B3F51501C98D6CC39305A00F37053E
:101D3000FCFFAA07B3D7B7026C43E98DBA07B98392
:101D4000CD8F7CC383470600898B99CB9C4293F748
:101D5000F70713E707049C4293F707F8D98F9CC253
:101D60008280938787C161BF5C57F59B5CD79C429B
:101D700093F707F8B3E707019CC2E9B79747FE1F3F
:101D80009387470D83A7470A85C30545828005458C
:101D9000B250225492540259F249624AD24A424BFA
:101DA000B24B224C4561828079714AD01749FE1F9F
:101DB0001309C9FF8327890006D622D426D24ECE26
:101DC00052CC56CA5AC85EC662C4F1D3138481ACE1
:101DD0001C4098430D8B05C3B84B619BB8CB98430F
:101DE0001367870098C39C438D83858B89C7010047
:101DF000010001000100138CC1AB03270C00138A02
:101E000001AD368B1C43B7063300B28B93F7F7E76F
:101E10001CC31C43AE89AA8A93F7F7E793E7071020
:101E20001CC303270A009744FE1F938424FA1C470F
:101E3000D58F1CC71C401307900DB8CB9747FE1FCA
:101E400083C787F9918B89EB9745FE1F83C505F6FC
:101E500093F705046398071481451745FE1F034552
:101E6000F5F4EFF0DFE51745FE1F034525F4118576
:101E700001469745FE1F83C525F50D89EFF0CFF587
:101E800003270A005C4393F7F7EF5CC301000100EE
:101E900001000100010001000100010003270A0008
:101EA0005C4393E707105CC383270C00032789007A
:101EB00098C70327C900D8C318408347090093F681
:101EC00017005C43F99BD58F5CC39747FE1FA38027
:101ED00077F19747FE1F238C67EF5C43858BA9CF73
:101EE000DC4085E31745FE1F034515EE930590047E
:101EF000090597F0FD1FE78040669747FE1F23A95D
:101F0000A7ECDC40E38507E81747FE1F034727ECF3
:101F10002380E700DC40638E0A08638C0908A380F5
:101F20003701C8404E86D685090597F0FD1FE7802A
:101F300080891C40D840B8DB3545EFF07F9183C7DE
:101F4000E40093E747001747FE1F2308F7E89307CD
:101F500000041747FE1F230DF7E29747FE1F238B50
:101F600007E2A1471747FE1FA307F7E29747FE1FA7
:101F7000938747C29C5791CB13060064C145174510
:101F8000FE1F0345A5E5EFF0EEF09747FE1FA38384
:101F900007E09747FE1FA38D07DE1C40054701455C
:101FA00098C3FDB393F5050393E515000325490098
:101FB0004DBDA3800700B5BF938701AD944305676E
:101FC00013071710D8C6514701007D1775FF9843B6
:101FD00023260700514701007D1775FF9843856749
:101FE000938717105CC78280411106C6EFF0DFFCB3
:101FF000938701AD9C43130700483703009098D79F
:10200000B8477D13370E0020337767003367C70169
:10201000B8C7B847B70600F9FD16758F3706000434
:10202000518FB8C7B8473706F9FF7D16419B136734
:102030009700B8C7B847B7080080B70E0002718F85
:10204000B8C7B847370600FF7D1633671701B8C712
:10205000F84745757D1E619B13673700F8C7F84741
:102060001377F7F813670703F8C7EC4793F5F58F75
:1020700093E50530ECC7F847718FF8C7F84711664C
:102080003367D701F8C703A807051307F5FF7D7568
:102090003378E8003368C80023A8070503A847057C
:1020A0007D15137808FF1368C80023AA0705F04BB5
:1020B00013660608F0CBF04B698EF0CBC85F798DC4
:1020C0002167598DC8DFCC5F37070040F58DB3E538
:1020D000D501CCDFD05FB70570003376C601598ECD
:1020E000D0DFD05709674D8ED0D7D057F18ED4D7D7
:1020F000D45775767D16F18ED98ED4D7D45737063E
:10210000FDFF7D1637070200F18ED98ED4D7945B80
:10211000C19A94DB945B93F6F6F094DB945B93F6B0
:10212000F68F94DB985BB70600504D8F98DB985B79
:1021300033776700558F98DB985FB70608FFFD1669
:10214000758FB7068800558F98DF985FB3681701C1
:1021500023AC1703B24041018280138701AD1C43B9
:1021600041767D16B44BF18EB4CB944737062000F0
:10217000D18E94C7D44793E60601D4C7D447BD9AFD
:10218000D4C7010001000100010014430566DC46CC
:1021900093E70701DCC6DC42D18FDCC2938781ACB8
:1021A0009043930700057CD27C5291C783A7C60950
:1021B000A183858BF5DB01000100010001001C43B8
:1021C000416603A7C709B44BD18EB4CB9376F70110
:1021D000B84B019B558FB8CB9847B706E0FFFD166B
:1021E000758F98C78280938701AD9C4341777D1797
:1021F000B44F4166F98EB4CF9447D18E94C7D4477B
:1022000093F6F6EFD4C7D443758FD8C3D44793E67B
:102210000610D4C7D843518FD8C38280397122DCCD
:10222000138401AD1C4006DE26DA4AD84ED652D4BD
:1022300056D25AD05ECE62CC66CA6AC86EC6D84341
:10224000FD76FD161377F7EFD8C39857758F98D79B
:10225000D857B70602003D9BD8D79847558F98C7E7
:10226000D84313670701D8C31387C1AC144337574A
:10227000341213078767E38FE648D8438174938449
:10228000F40F799BD8C3985FB166938606F0658F8B
:10229000558F98DFD84313671700D8C397F0FD1FF9
:1022A000E78080281C4003A707091377F703238AD8
:1022B000E1AC03A7470929831377F707A38BE1ACA8
:1022C000D843B96693860670799BD8C3985F658FAB
:1022D000558F98DFD84313671700D8C397F0FD1FB9
:1022E000E78080241C4003A707091377F703238B9B
:1022F000E1AC03A7470929831377F707A38CE1AC67
:10230000D843B56693860630799BD8C3985F658FAE
:10231000558F98DFD84313671700D8C397F0FD1F78
:10232000E780802018408327070993F7F703A38AE3
:10233000F1AC83274709A98393F7F707238CF1AC06
:102340001C4003CC51AD83C641AD03A7070AB38639
:10235000864113F6F600419B518F23A0E70A13072D
:1023600060023387E6021306700283A5070A7D7EAA
:10237000130EFE0F93F5F5F01305400245737D1320
:10238000130430023347C702B708F1FFFD181308E2
:102390002002930E10027D4FF94FF542F1436D4D2F
:1023A000D14B454BBD443949314AAD4AB5493D8BC6
:1023B00012074D8F9305500223A0E70A3387B60218
:1023C00083A5070AB3F5C5013347C7023D8B220732
:1023D0004D8F23A0E70A3387A60283A5070A370596
:1023E00000F17D15B3F565003347C7023D8B320719
:1023F0004D8F23A0E70A3387860283A5070A61442D
:10240000B3F515013347C7023D8B42074D8F23A01B
:10241000E70A3387060383A5070A370810FF7D18EC
:10242000B3F505013347C7023D8B52074D8F23A0FB
:10243000E70A3387D60383A5070AB70E0010FD1EEF
:10244000E98D3347C7023D8B62074D8F23A0E70A12
:10245000139756003347C7029315C70103A7070A0E
:102460003377D7014D8F23A0E70A3387E6035D4F0B
:102470003347C7029375F70003A7470A419B4D8F67
:1024800023A2E70A3387F60383A5470AD94F93F5BA
:10249000F5F03347C7023D8B12074D8F23A2E70AA1
:1024A0003387560283A5470AD542B3F5C5013347A2
:1024B000C7023D8B22074D8F23A2E70A338776029E
:1024C00083A5470ACD43B3F565003347C7023D8B6B
:1024D00032074D8F23A2E70A3387A60383A5470A55
:1024E000494DB3F515013347C7023D8B42074D8F68
:1024F00023A2E70A69473387E60283A5470AB3F5B3
:1025000005013347C7023D8B52074D8FE54523A296
:10251000E70A3387B60283A5470AE98D3347C70226
:102520003D8B62074D8F23A2E70A338786020D4455
:102530003347C7029315C70103A7470A3377D7016B
:102540004D8F23A2E70A3387E603254F3347C7029F
:102550009375F70003A7870A419B4D8F23A4E70AD1
:102560003387F60383A5870A9D4F93F5F5F033472C
:10257000C7023D8B12074D8F23A4E70A338756020B
:1025800083A5870A9942B3F5C5013347C7023D8B3E
:1025900022074D8F23A4E70A3387760383A5870A92
:1025A000B3F565003347C7023D8B32074D8F23A437
:1025B000E70A3387760283A5870A9543B3F51501A9
:1025C0003347C7023D8B42074D8F23A4E70A338769
:1025D000A60383A5870A294DB3F505013347C70232
:1025E0003D8B52074D8F23A4E70A3387660383A5EB
:1025F000870AE98D3347C7023D8B62074D8F93955C
:102600004600B3C5C50223A4E70A03A7870A3377A8
:10261000D701F2054D8FB385960223A4E70A03A7DD
:10262000C70A419BB3C5C502BD894D8F23A6E70AE2
:102630003387260383A5C70A93F5F5F03347C7020E
:102640003D8B12074D8FB3C5860223A6E70A03A769
:10265000C70A3377C701BD89A2054D8F23A6E70AB4
:102660003387460383A5C70AB3F565003347C7021E
:102670003D8B32074D8F23A6E70A3387560383A588
:10268000C70AB3F515013347C7023D8B42074D8F8B
:1026900023A6E70A3387A60383A5C70AB3F5050176
:1026A0003347C7023D8B52074D8F23A6E70A338776
:1026B000E60383A5C70AE98D3347C7023D8B62074E
:1026C0004D8F93953600B3C5C50223A6E70A03A72D
:1026D000C70A3377D701F2054D8FB385F60323A6DA
:1026E000E70A03A7070B419BB3C5C502BD894D8F00
:1026F00023A8E70A3387560283A5070B93F5F5F065
:102700003347C7023D8B12074D8F23A8E70A338753
:10271000760283A5070BB3F5C5013347C7023D8B8E
:1027200022074D8F23A8E70A139726003347C702D5
:1027300083A5070BB3F565003D8B32074D8FB3C5FD
:10274000360323A8E70A03A7070B33771701BD89D0
:10275000C2054D8F23A8E70A139716003347C70217
:1027600083A5070BB3F505013D8B52074D8FB3C50C
:10277000C60223A8E70A03A7070B698FBD89E205F4
:102780004D8F23A8E70A03A7070B93058002337731
:10279000D70123A8E70A03C761AD3307EC40B34D67
:1027A000B70283AC470B93FC0CFFB34B770393FD4D
:1027B000FD00B3ECBC0123AA970B83AC470BCD4DB6
:1027C00093FCFCF093FBFB00920BB3EB7C0123AA80
:1027D000770BB30B870283AC470BB3FCCC01B3CBB5
:1027E000BB0293FBFB00A20BB3EB7C01B34CA70332
:1027F00023AA770B83AB470BB3FB6B0093FCFC0066
:10280000B20CB3EB9B0123AA770BA14BB34B77031D
:1028100083AC470BB3FC1C0193FBFB00C20BB3EB77
:102820007C0123AA770BB30B570283AC470BB3FC95
:102830000C01B3CBBB0293FBFB00D20BB3EB7C01CF
:1028400023AA770BB30BF70383AC470BB3FCAC00A5
:10285000B3CBBB0293FBFB00E20BB3EB7C01B34CAD
:10286000770223AA770B83AB470BB3FBDB01F20C98
:10287000B3EB9B01B30CE70323AA770B83AB870B66
:1028800093FB0BFFB3CCBC02B30A570393FCFC00D1
:10289000B3EB9B0123AC770B914B83AC870B93FC81
:1028A000FCF0B34B7703330A470393FBFB00920B17
:1028B000B3EB7C0123AC770B83AB870BD54CB3FB1D
:1028C000CB01B3CABA02B309370393FAFA00A20ADA
:1028D000B3EA5B0123AC570B83AA870BD94BB3FA3E
:1028E0006A00334ABA0233092703137AFA00320A1C
:1028F00033EA4A0123AC470B03AA870BE14A337A38
:102900001A01B3C9B902B304970293F9F900C209D5
:10291000B3693A0123AC370B83A9870B654AB3F936
:1029200009013349B902B3C4B4021379F900520959
:1029300033E9290123AC270B03A9870BE949337934
:10294000A900330B6703BD88E204B364990013192F
:10295000470023AC970A83A4870BB3F4D40133490F
:10296000B902334BBB027209B3E4240123AC970ACA
:1029700083A4C70BC198137BFB0033EB6401C944EC
:10298000B304970223AE670B03A9C70B5D4B137902
:10299000F9F0B3C4B402BD889204B364990023AEC5
:1029A000970AB304B70303A9C70BF54D3379C901DF
:1029B000B3C4B402BD88A204B364990023AE970ADD
:1029C0008944B344970203A9C70B33796900BD88D2
:1029D000B204B364990023AE970AB304970303A922
:1029E000C70BF94C33791901B3C4B402BD88C204D2
:1029F000B364990023AE970AB304770303A9C70B06
:102A0000FD4B33790901B3C4B402BD88D204B36469
:102A1000990023AE970AB304670303A9C70B130BEE
:102A200010023379A900B3C4B402BD88E204B364D0
:102A3000990023AE970AB304570303A9C70B930A5F
:102A400020023379D901B3C4B402F204B36499000B
:102A500023AE970AB304470303A9070C130A3002F5
:102A6000137909FFB3C4B402BD88B364990023A0ED
:102A7000970CB304370303A9070C93094002137999
:102A8000F9F0B3C4B402BD889204B36499006D49EF
:102A900023A0970CB304270303A9070C3379C901BA
:102AA000B3C4B402BD88A204B364990023A0970CF8
:102AB000F144B304970203A9070C33796900B3C446
:102AC000B402BD88B204B364990023A0970CB30488
:102AD000B70303A9070C33791901B3C4B402BD8845
:102AE000C204B364990023A0970CB304970303A90D
:102AF000070C33790901B3C4B402BD88D204B364AE
:102B0000990023A0970CB304770303A9070C33792A
:102B1000A900B3C4B402BD88E204B364990023A041
:102B2000970C93145700B3C4B4021399C40183A43F
:102B3000070C3306C702B3F4D401B3E4240123A085
:102B4000970C03A9470C137909FFB3046703B3C4B7
:102B5000B402BD88B364990023A2970CB304570351
:102B600003A9470C1379F9F0B3C4B402BD889204E9
:102B7000B364990023A2970CB304470303A9470C3D
:102B80003379C901B3C4B402BD88A204B364990007
:102B900023A2970CB304370303A9470C33796900C8
:102BA000B3C4B402BD88B204B364990013095002DF
:102BB00023A2970CB304270303A9470C3379190107
:102BC000B3C4B402BD88C204B364990023A2970CB5
:102BD00093046002B304970203A9470C33790901F7
:102BE000B3C4B4023346B602BD88D204B3649900BC
:102BF00023A2970C83A4470CE98C3D8A6206458E7C
:102C000023A2C70C03A6470C9314C7013376D60141
:102C1000458E23A2C70C130690023306C70283A475
:102C2000870CC1983346B6023D8A458E23A4C70C53
:102C30001306A0023306C702B345B60203A6870CEB
:102C40001376F6F0BD899205D18D23A4B70C83C508
:102C500081AD03C691AD3386C540B304A60303A975
:102C6000870C3379C901B3C4E40293E48400BD88BE
:102C7000A204B364990023A4970CB304E60303A948
:102C8000870C33796900B3C4E40293E48400BD88FF
:102C9000B204B364990023A4970C93143600B3C410
:102CA000E40203A9870C3379190193E48400BD88F9
:102CB000C204B364990023A4970CB304F60303A9D8
:102CC000870C33790901B3C4E40293E48400BD881E
:102CD000D204B364990023A4970CB304560203A949
:102CE000870C3379A900B3C4E40293E48400BD885F
:102CF000E204B364990023A4970CB304760203A9F9
:102D0000870C3379D901B3C4E40293E48400F2045C
:102D1000B364990023A4970C93142600B3C4E4026F
:102D200003A9C70C137909FF93E48400BD88B36439
:102D3000990023A6970CB304860203A9C70C137944
:102D4000F9F0B3C4E40293E48400BD889204B36450
:102D5000990023A6970C93141600B3C4E40203A9A8
:102D6000C70C3379C9013347E60293E48400BD8878
:102D7000A204B364990023A6970C03A6C70C33766C
:102D80006600136787003D8B3207518F23A6E70C3F
:102D900003A7C70C3377170123A6E70C03C771AD50
:102DA0000D8F3346D70293F5F507E2053D8A93145C
:102DB000460103A6C70C3304870233760601458E0D
:102DC00023A6C70C1316170083A4C70CE98C33463F
:102DD000D6023D8A6206458E23A6C70C03A6C70C01
:102DE0003344D402B37ED60113162700B30377020F
:102DF000720433E48E0023A6870C3346D602B30256
:102E00005702937EF60003A6070D419A3366D6015A
:102E100023A8C70C03A6070DB3C3D3021376F6F09D
:102E2000B3C2D20293F3F3009203B363760023A8F4
:102E3000770C03A6070D337EC601B30FF70393F299
:102E4000F200A202B3625E0023A8570C03A6070D8E
:102E50003373660013163700B3CFDF02330FE70377
:102E600093FFFF00B20FB36FF30123A8F70D03A385
:102E7000070DB37813013346D602330DA7033D8AFD
:102E8000420633E6C80023A8C70C03A6070D337813
:102E90000601334FDF02B346DD02137FFF00520FFE
:102EA000336FE80123A8E70D03A7070D798DBD8ACD
:102EB000E206C98E23A8D70CD84385663D9BD8C3AC
:102EC000D843799BD8C39857558F98D7D857B7060A
:102ED0000081FD1613670701D8D71377FC0303ACF5
:102EE0008703137C0CFC336CEC0023AC8703985FE6
:102EF000758FD98D8CDF6254F250D2544259B25939
:102F0000225A925A025BF24B624CD24C424DB24D65
:102F10002161828023A601AC6FF08FC2138701ADBF
:102F20001443DC4293F7F7EFDCC2010001001843C1
:102F30005C4393E707105CC38280411106C6EF0033
:102F4000E07393056040EF20400EB240014541011F
:102F500082806F00607819C591C509C68357060045
:102F600001459DE301110565C9471306F1001305ED
:102F700055C3854506CEA307F100EF20C00AF240F5
:102F80000345F10005618280828001119737FE1FA1
:102F90002388A7F005651306F100130595C4854540
:102FA00006CEA3070100EF200008F2400345F10020
:102FB0000561828001111305910006CEEF00407477
:102FC0002304A1000565300025059D45EF20A005DF
:102FD000F240034581000561828001119305F100F3
:102FE00006CE22CC2A84EF00E0732306A1000565FB
:102FF000A3068100700021801305554091452307E9
:103000008100EF204002F24062440345C1000561A7
:10301000828001111305D10006CEEF00C072230695
:10302000A1000965700009059145EF10D07FF240BD
:103030000345C10005618280011106CEEF000073D7
:10304000A307A10009651306F10015058545EF10DA
:10305000907DF2400345F10005618280011106CEAA
:10306000EF00C07BA307A10009651306F100290545
:103070008545EF10507BF2400345F10005618280E9
:10308000011106CEEF003009A307A1000965130660
:10309000F10039058545EF101079F24001450561D1
:1030A0008280011106CEEF007042A307A1000965DE
:1030B0001306F10041058545EF10F076F240034517
:1030C000F10005618280011106CEEF005020A307B8
:1030D000A10009651306F10045058545EF10B074A0
:1030E000F2400345F10005618280411106C622C409
:1030F000EF00B0268965CD052A84EF101073228574
:10310000B24022444101828001111305510006CED4
:10311000EF0010412302A100096550006105A5459B
:10312000EF107070F240014505618280411106C6C2
:10313000EF0070428965E505EF10306FB240014540
:1031400041018280011106CE22CC2A84EF00D055A5
:103150002306A1000965A30681007000218069058E
:103160008D4523078100EF10106CF2406244014549
:1031700005618280011106CE22CC2A84EF00906581
:103180002306A1000965A3068100700021806D055A
:103190008D4523078100EF101069F240624401451C
:1031A00005618280011106CE22CC2A84EF002079AD
:1031B0002306A1000965A306810070002180130584
:1031C00005028D4523078100EF10F065F24062444F
:1031D000014505618280011106CE22CC2A84EF00D0
:1031E000100B2306A1000965A30681007000218051
:1031F000130515028D4523078100EF10D062F240C0
:103200006244014505618280011106CEEF009061A4
:10321000A307A10009651306F10013057502854592
:10322000EF107060F2400345F100056182800111EA
:1032300006CEEF00706AA307A10009651306F1002E
:10324000130595028545EF10105EF2400345F1002D
:1032500005618280011106CEEF00D06CA307A100AA
:1032600009651306F1001305D5028545EF10B05B23
:10327000F2400345F10005618280011106CEEF00A6
:103280007070A307A10009651306F1001305E5029C
:103290008545EF105059F2400345F10005618280E9
:1032A000011106CEEF00F072A307A1000965130615
:1032B000F100130515038545EF10F056F240034564
:1032C000F10005618280411106C622C4EF00F0744E
:1032D0008965938525032A84EF1030552285B240F5
:1032E000224441018280011106CEEF10E02DA30798
:1032F000A10009651306F100130575038545EF105C
:103300009052F2400345F10005618280011106CE22
:10331000EF106042A307A10009651306F100130531
:1033200085038545EF103050F2400345F1000561FB
:103330008280011106CEEF10005AA307A100096593
:103340001306F100130595038545EF10D04DF240AB
:103350000345F10005618280011106CEEF10207255
:10336000A307A10009651306F1001305E5038545D0
:10337000EF10704BF2400345F100056182800111AE
:1033800006CEEF10007FA307A10009651306F10028
:103390001305F5038545EF101049F2400345F10090
:1033A00005618280011106CEEF10F012A307A10083
:1033B00009651306F100130505048545EF10B046B5
:1033C000F2400345F10005618280011106CEEF1045
:1033D000D021A307A10009651306F10013052504F8
:1033E0008545EF105044F2400345F10005618280AD
:1033F0009737FE1F2390A7AA01458280011106CEB0
:10340000EF107029A307A10009651306F100130549
:1034100015058545EF103041F2400345F100056187
:103420008280011106CEEF105030A307A10009657C
:103430001306F100130525058545EF10D03EF24037
:103440000345F100056182805D711303D1031AD237
:103450000343010786C61AD00343C1061ACE0343AD
:1034600081061ACC034341061ACA034301061AC84F
:103470000343C1051AC6034381051AC4030341056A
:103480001AC2034301051AC0EF00B060230EA10267
:1034900009657018130565038945EF10D038B640EB
:1034A0000345C103616182809737FE1F83D7279B45
:1034B00099E79307F01F1737FE1F2312F79A9737E4
:1034C000FE1F83D7C799A146014513F7071086074A
:1034D000C2073357D740C183598D13D6574013D7EE
:1034E0009740318F058BFD161375F50FD98FF1FEBF
:1034F0001737FE1F2315F79682809737FE1F83D755
:10350000279681EBE17793C7F7FF1737FE1F231943
:10351000F7949737FE1F83D7A794B94601451168E2
:10352000194633F707018607C2073357D740C183CF
:10353000598D13D7E74093D5F700058B2D8FFD16D6
:103540001375F50FD98FE39EC6FC1737FE1F23199D
:10355000F7908280011126CA4AC84EC656C29737D4
:10356000FE1F9387E78206CE22CC52C45AC0AE8992
:103570003289B68AC44B35C9AD472A8463EEA702A7
:103580001304F5FF1374F40F631D0906268A338BA9
:10359000990063124B071379F9009386FAFF22858D
:1035A00023802401A380340193F6F60F4E868545CF
:1035B000EFE02FB8014505A0B147630BF502930773
:1035C000600263E5A7001304E5FF6DBF9307700277
:1035D0004945E30BF4FAF2406244D2444249B2490D
:1035E000224A924A024B056182801304500269BF4D
:1035F0001304600251BFEFF03FEB2301AA00050A5C
:1036000049BF8547631CF9004E869305000F13855B
:10361000240097D0FD1FE780801EB5BF8947631641
:10362000F9004E869305A00ADDB78D47631DF900AA
:10363000268A338B9900E3004BF7EFF01FEC230150
:10364000AA00050ACDBF91476316F9004E8693057F
:10365000F00F75BF95476315F9004E86814545BF4C
:1036600099476315F9004E86BD4555B79D474945B5
:10367000E313F9F64E869305500551BF011106CEAE
:103680009317450163D40702EF700064894719C995
:10369000834605001147B1476396E600954723002E
:1036A000F500C947F2403E85056182802EC6EF9045
:1036B0004058C94765D90347A500418B65D7B24536
:1036C0008347B500230AB50491E7E9472308F500CD
:1036D0008147C9BFED47DDBF011106CE22CC2EC602
:1036E000EF90205501CDB2452A84EF802013A30529
:1036F000A4020145F2406244056182804945DDBF74
:103700001727FE1F13070775814799468345870EC4
:103710003306F50085072300B6000507E398D7FEBA
:1037200001458280011106CE2EC6EF90805011C94E
:1037300083074503B24501452380F500F24005614A
:1037400082800945E5BF9727FE1F9387A74403D7CB
:1037500007012300E50003D707012183A300E5004B
:1037600083C7F7002301F5000145828019E149452F
:1037700082809727FE1F9387E76DF84B411122C483
:1037800006C62A8409C70347C700314525E3F85F09
:1037900009C70347B700314531EB83A7070989C73C
:1037A00083C777003145B9E385471946A2851725B8
:1037B000FE1F130505791727FE1F230EF76897D004
:1037C000FD1FE7804000834754001307000C93F768
:1037D000070C6391E7021946A2851725FE1F130502
:1037E000A57697D0FD1FE78000FE0145B240224438
:1037F0004101828081EB1946A2851725FE1F130522
:103800000575C5B7130700044945E391E7FE19465E
:10381000A2851725FE1F1305E573E1B7411126C2E6
:103820009724FE1F9384046322C4E04806C611C493
:103830007C4813974700634C070CFC5099E74945B7
:10384000B240224492444101828009ED1305000FE9
:10385000EF60807F6DD58347C500F5D3EF601023FF
:103860000145F9BF0547E31CE5FC15EC01458297CE
:103870002A8445C18567938707802310F502930743
:1038800000702317F5008D47230CF500A30A0502ED
:1038900019469725FE1F9385656A1305650397D022
:1038A000FD1FE78040F20347C4008547E309F7F8AE
:1038B0008347E400B98B95C30347E4008547631849
:1038C000F70289472310F402224403A38406B2407E
:1038D00092441305000F41010283EF70D015972722
:1038E000FE1F83C7972C8D8BE318F5FC89BF835788
:1038F000040211676375F7002310E402F1B7930621
:1039000000023E87E3FAD7FE13070002F5B7314500
:1039100005BF1D4535B79727FE1F9387A75383A77C
:103920000709314581CF83C7770089CB411106C68E
:10393000EF90B023B24001454101828082800111A5
:1039400026CA4AC84EC652C456C25AC02E89368BA1
:10395000BA89BE8A06CE22CCB284428AEF90602D0C
:103960001307A9FF4207856741839386A7C763EEC4
:10397000E610938707C82A84494563E8970A63E6F7
:10398000240B1307301F6362670B63E0370B930749
:103990001B00B387970213973900860763D7E708A0
:1039A00049C48347140113F747003DC7ED9BA308A3
:1039B000F4008347B400231A2407231B9406D5EF91
:1039C00003578406C167FD17630BF7066319990651
:1039D0008357A403231BE404231CF4049727FE1F2E
:1039E00083D747528D46114763E5F600850713F7E5
:1039F000F70FA30AE4042285EF701006835704042E
:103A0000A907231FF4048327440A93E717002322FE
:103A1000F40AC547A30EF400231C5407231D4407D2
:103A2000231D6405231E34050145F2406244D2443F
:103A30004249B249224A924A024B05618280835729
:103A4000440691CFB3D4F4024A87B3879702C207E2
:103A5000C1836373F9003E87231CE40441B7B305B7
:103A6000990085814A85EFE0EEB5231CA4049305F7
:103A700084052685EF40607295B78327840A93E713
:103A800007022324F40AC14771B7494579BF0111E0
:103A90002EC606CEEF90E019B24509E54945F24041
:103AA0000561828083471501A305B50213F747001E
:103AB00075D7ED9BA308F500BD472306F5028327C4
:103AC000850A93E727002324F50A0145C9BF172774
:103AD000FE1F130727387C4B81CB83C6C70089C6DE
:103AE00083C6D700C947A1E27C5F89CB83C6B700F4
:103AF00091C683C60701C947858A95E683270709CA
:103B000081CB03C7770009C703C7D700C94701EFB7
:103B10001727FE1F0347C73F9727FE1F83C7573F3F
:103B2000636AF7009D473E8582809D47F2403E854F
:103B3000056182800111A304A10019461305A100AB
:103B400006CE97D0FD1FE78000C82800EFD06FD5C4
:103B50008547E31CF5FC8147D1BF797126D24AD055
:103B60004ECE06D622D42E89B28936C63AC43EC27B
:103B700042C0EF90000CC94455C99305A9FFC20586
:103B800005662A84C1811305A6C7C9446360B50AC6
:103B9000130606C8636C360963EA2909B246930521
:103BA000301F63E5D50822476362E60813861600D6
:103BB0003306260393153700635AB60603461401ED
:103BC000B144058A25E60326440A1376162039EE09
:103BD00092470248231EE4040347B400231CF40662
:103BE000231A2407231B3407231D0407231DD40491
:103BF0008347D401814459EF95EB83270410898BC7
:103C000095CF31469305F00F1305840697D0FD1F1D
:103C1000E780E0BE8327440A2314040693E70720C5
:103C20002322F40AC947A30EF4008144B25022545F
:103C3000268502599254F24945618280630939050B
:103C4000B385290185814A85EFE0CE97231CA40422
:103C5000930584054E85EF4040549727FE1F83D778
:103C6000672A8D46114763E5F600850713F7F70FBE
:103C7000A30AE4042285EF70205E83570404A90799
:103C8000231FF4048327440A93E7170051BF231C22
:103C90002405E1B7C1FF83278410898B95C731467E
:103CA0009305F00F1305840697D0FD1FE78020B51C
:103CB0008327440A2314040693E707202322F40AE7
:103CC000CD47A30EF4009DB7E9448DB79727FE1F9B
:103CD00093874718F84B01CB8346C70089C6034733
:103CE000D70049450DEFF85F09CB8346B70091C671
:103CF000034707014945058B1DE383A7070981CBCE
:103D000003C7770009C783C7D700494589EB41112D
:103D100006C6EFD0CFC4B240014541018280828007
:103D2000411122C426C24AC006C62A890144A144C0
:103D30009305F00F0545EFE0AE86B30789002380B9
:103D4000A7000504E31694FEB240224492440249BF
:103D5000014541018280011122CC4AC806CE26CA03
:103D60002EC632893684EF80D06C630D05128347EE
:103D7000B500AA84B2450945DDEB21461385F41848
:103D800097D0FD1FE78020A4A38B24191359890025
:103D9000238C24198347E4000346D4008345F400B0
:103DA0008346C400A207420603C5C404B297AE9777
:103DB000E20603A7440AB69749C123A6F40A83473B
:103DC000A4008346940013670702A207C206B697B1
:103DD0008346B400B69783468400E206B69723A8CC
:103DE000F40A8347640083465400A207C206B697CC
:103DF00083467400B69783464400E206B69723AA2A
:103E0000F40A8347240083461400A207C206B6972B
:103E100083463400B69783460400E206B69723AC87
:103E2000F40A8547A386F40423A2E40A0145F2407C
:103E30006244D24442490561828023A6F40C834740
:103E4000A4008346940013678700A207C206B697B2
:103E50008346B400B69783468400E206B69723A84B
:103E6000F40C8347640083465400A207C206B69749
:103E700083467400B69783464400E206B69723AAA9
:103E8000F40C8347240083461400A207C206B697A9
:103E900083463400B69783460400E206B69723AC07
:103EA000F40C59B7094561B7011106CE2EC6EF8053
:103EB0005058630F05108346B5000547AA87B245E1
:103EC00005456391E60A83C60701130740020145D1
:103ED000639AE60803C7E50083C6D5002207C20639
:103EE000369783C6F500369783C6C500E206369737
:103EF00083C6D704BDCA23A6E70A03C7A50083C6A5
:103F000095002207C206369783C6B500369783C64A
:103F10008500E206369723A8E70A03C7650083C633
:103F200055002207C206369783C67500369783C6AA
:103F30004500E206369723AAE70A03C7250083C691
:103F400015002207C206369783C63500369783C60A
:103F50000500E206369723ACE70A1307A002238880
:103F6000E7000145F2400561828023A6E70C03C704
:103F7000A50083C695002207C206369783C6B50002
:103F8000369783C68500E206369723A8E70C03C759
:103F9000650083C655002207C206369783C67500A2
:103FA000369783C64500E206369723AAE70C03C777
:103FB000250083C615002207C206369783C6350042
:103FC000369783C60500E206369723ACE70C71B737
:103FD000054549BF411106C6EF80B04531C1834652
:103FE000B5000547AA8709456399E60283C607011C
:103FF000130740026393E6020D472386E702194741
:10400000A385E702130750022388E70003C7A7022E
:104010000145136717002385E702B2404101828002
:104020000945E5BFAA871728FE1F0348B8E21725F0
:10403000FE1F130525E22A8763080802684911C597
:104040000348C500314563180808685F11C5034877
:10405000B5003145631108080325070911C5034858
:1040600075003145631908069728FE1F83C8C8EA02
:104070001728FE1F034858EA1D4563FE080503275D
:10408000870D49451377070439C75D71A6C228001B
:10409000B284194686C6A2C4A303F100368497C031
:1040A000FD1FE7804072A6851305E102414697C0D7
:1040B000FD1FE7804071A2851305E101414697C0CD
:1040C000FD1FE78040704800EFA00051B640264435
:1040D00096446161828082809726FE1F83C696D7B0
:1040E0008DCA1727FE1F1307E7D6BA87784B09C773
:1040F0000347C700494515E7F85F09C70347B700FD
:10410000494505E383A7070989C783C77700494560
:1041100089EB411106C6EFA0E061B24001454101C3
:10412000828082809727FE1F9387C7D29726FE1F23
:1041300083C656D23E8785C6FC4B89C783C6C70057
:10414000C94785EE7C5F89C783C6B700C94795E636
:104150008327070989C783C67700C94799EE972740
:10416000FE1FA389A7CE8327070E11C993E7076017
:104170001727FE1F2320F7DC81473E85828093F7B7
:10418000F79FFDB7130700643305E5024111972738
:10419000FE1F938727CC22C403A4870C26C24AC0E3
:1041A00006C6BE841309F00F1727FE1F232EA7CCC7
:1041B00001E8B24022449244024901454101828013
:1041C0000345040063052501CC58EFD0EEBA405CEE
:1041D000C5B79727FE1FA38BA7CA9377150017278C
:1041E000FE1F130727C781EF8347C703ED8F638443
:1041F000B700494582809726FE1F238AF6C8937729
:104200002500014591EB8347D703F18FE393C7FE68
:104210009727FE1FA38DC7C68280011106CE2EC62A
:1042200032C436C23AC0EF80D02035C1B245024711
:10423000924693F7150099EB22469D4763F6C70017
:104240004545F240056182802302C514898991E5C4
:104250009D47E3E7D7FEA302D51401CF9727FE1FA2
:1042600083D767C37D8F0D8B8547631FF7002314AA
:10427000E5148547230FF5008327450A0567D98F85
:104280002322F50A014575BF23140514DDB74945FE
:104290004DBF5D71A6C29724FE1F9384A4BB03A3E8
:1042A0004405CAC04EDE62D466D26AD086C6A2C4B5
:1042B00052DC56DA5AD85ED66ECE030C41058349DD
:1042C000810503490106834CC106034D01076309BB
:1042D00003020323430513145300635304023143C1
:1042E000B640264496440649F259625AD25A425B75
:1042F000B25B225C925C025DF24D1A856161828044
:104300000D4E4943E36EFEFC93FD0501638D0D08E0
:10431000054EE397C9FD3AC6468B42C43EC2B68BF2
:10432000B28A2E842AC0EF5030522A8A324719E9C5
:10433000FC50054582972A8A1D435DD1824732474A
:104340002304F500930500026391BB028D456310C1
:10435000B90A0355CA019305900F13035004E3E112
:10436000A5F80355EA01E3EDA5F69375F40F2300D4
:10437000BA0663810D1C3D8815456312A408130518
:1043800010F82307AA004543E3EC5BF57D45454360
:10439000E37855F51165E36575F533865B010582B4
:1043A0002310CA02B5A093FE35004943E38ACEF339
:1043B00093FE8500E3960EF26392C90303C3C40320
:1043C00013734300E30D03F0E30739F50943E314E6
:1043D00069F403C3C4031373230039A0E318C9FFAE
:1043E00003C3C40313734300E31703F2CDBD854534
:1043F000E31DB9F60355CA019305D02EB9BF354563
:104400006310A41285462307DA0089462310DA02D6
:10441000A307EA00631507160547230CEA0093F586
:10442000050281E59247A30AFA02194681455A8599
:1044300097C0FD1FE780C04663140516A2470547D5
:10444000230EEA02A30EFA021946DA851305EA03DF
:1044500097C0FD1FE780203703470105A306EA0048
:104460001307F0076311EC141717FE1F1307877269
:1044700003474701D6572380E70003055A01EFC0E1
:104480007FFA2304AA06EFC03FF3D657A30AAA0077
:104490000D472380A7006391E912638D0C0093F60A
:1044A0001C0099C603C7C403218B19E3E3893CE3CD
:1044B0002305DA0609472302EA060347C105A302DA
:1044C000EA0603470A06418B1DEB1307F9FF137732
:1044D000F70F89464943E3E5E6E08D466313D90EBD
:1044E000630D0D0013761D0019C683C6C403A18A8F
:1044F00099E2E3062DDFA305CA06A301EA060347F6
:104500004106B70600080143A300EA0603478106F7
:10451000A303EA0603274A05558F232AEA04C9B3F1
:1045200009456314A4001945A9BDE30C04E423075D
:104530000A0091BD1D452307AA0013F8150013F5C5
:104540004500630B0800114811C10548A30F0A0577
:104550000545230FAA0405BD13F8250063090800CB
:10456000094811C11548A30F0A050945DDB70D48D3
:1045700011C11948A30F0A05230F0A0429B5230CFA
:104580000A0081460D453356D740058A11C60346B9
:104590008A010506230CCA008506E396A6FE41B5EE
:1045A000230E0A0255BD194763458701A30A8A01F4
:1045B000E9B5A30AEA00D1B523050A0623020A06D3
:1045C000EDBDA3050A0615BF9727FE1F93878788B1
:1045D000F04B01114EC606CE22CC26CA4AC852C4A0
:1045E000BE8911C67C4A13965700634E06003A8A6C
:1045F000B6842E89EF5050252A8419ED83A74905EA
:104600001305200491C33145F2406244D24442492B
:10461000B249224A056182800347E500854701458A
:104620003D8BE303F7FE03470406418B41CB8D47E7
:104630006304F9004945C9BFFD47E3ED97FE231E1A
:1046400004008D476316F90CC5CC8357C4011727A6
:10465000FE1F0357C7871D45B3869700E346D7FA69
:104660000347C40015C78356040213070002639171
:10467000E602034734068D466319D70A1307900FE5
:1046800013055004E362F7F88357E401E36EF7F68D
:104690008D471D45E31AF9F69305800C0545EFD0CB
:1046A0002EF08357C4061205232444038507BD8BCF
:1046B000C98F2316F406231E940089A81377D90FF7
:1046C000E30FF7F611476315E9047848931677006E
:1046D000E3C206F60347C400E31EF7F48357C401A0
:1046E000B1DBA9F89305800C0545EFD06EEB83573D
:1046F000C40612058507BD8BC98F2316F40639A0A1
:104700007C48370700FF7D17F98F7CC80145EDBD58
:104710009307D9FF93F7F70F0547E378F7F299D896
:104720008347C400E393E7F2F9BD8546E312D7F669
:104730001307D02EB1B79717FE1F9387A771F04BC1
:1047400001114EC606CE22CC26CA4AC852C4BE8922
:1047500011C67C4A13965700634E06003A8AB68407
:104760002E89EF50700E2A8419ED83A74905130591
:10477000200491C33145F2406244D2444249B249D7
:10478000224A056182800347E500854701453D8B4C
:10479000E303F7FE03470406418B55CF8D476304BF
:1047A000F9004945C9BFFD47E3ED97FE231F04000B
:1047B0008D47631CF90EF5C08357E4011717FE1FE0
:1047C0000357E7701D45B3869700E346D7FA0347C2
:1047D000C40015C783560402130700026391E60262
:1047E000034734068D466310D70E8356C401130762
:1047F000900F13055004E360D7F8E36EF7F68D478A
:104800001D45E31AF9F65C548DC783476406898B0E
:104810008DC3085819CD8347A50081CFEF90F0557F
:104820000C58194613056403B10597C0FD1FE780B6
:1048300080F99305800C0545EFD08ED68357C406CA
:104840001205232644038507BD8BC98F2316F40662
:10485000231F940089A81377D90FE309F7F41147B0
:104860006315E904784893166700E3CC06F2034722
:10487000C400E318F7F28357E40185D79DF0930550
:10488000800C0545EFD0CED18357C40612058507AD
:10489000BD8BC98F2316F40639A07C48370700FE6C
:1048A0007D17F98F7CC80145F9B59307D9FF93F7B8
:1048B000F70F0547E372F7F0E38504EE8347C40082
:1048C000E39CE7EE45BD8546E31BD7F28356C40162
:1048D0001307D02E39BF5D71A6C29714FE1F9384B3
:1048E000645703A8440586C6A2C4CAC04EDE52DC83
:1048F00056DA5AD85ED662D466D26AD06ECE6308D3
:104900000802832748051394570063520402314577
:10491000B640264496440649F259625AD25A425B3E
:10492000B25B225C925C025DF24D616182803AC6AC
:1049300032C493771500B68989C76391051049453C
:10494000C1BF91E9A04C19E00145D9B72285EF50CC
:10495000F0130040CDBFE30908FE4285EF5010136D
:10496000E5B77849B70700037D8F55F30347F50591
:10497000630487016315970103D7EA0149DB03C785
:104980005A036301270903C7EA00631927011317B4
:1049900014004E9703570700E3E3EDFAB8547D1473
:1049A0001374F40F45CB93161A00B69903D7090078
:1049B000B2479305800C2397EA063E9A03470A0004
:1049C000054523980A06A384EA06EFD06EBD03D7F7
:1049D000CA061205264405073D8B498F2396EA0631
:1049E00003A3840603C50B00B64096440649F2595A
:1049F000625AD25A425BB25B225C925C025DF24D1B
:104A000061610283138B8A05194681455A8597C0D7
:104A1000FD1FE780E0E8631925011946EA855A85FC
:104A200097C0FD1FE78020DA194681455A8597C057
:104A3000FD1FE780E0E6E31825F511B7FD1513F437
:104A4000F50F094C954C0549171DFE1F130D6D4FB1
:104A5000930D00089307F00FE303F4EEA247228AB8
:104A6000B38B870003C50B00EF50005EAA8AE31AE0
:104A700005EEFC4813052004E39B07E851BD97179A
:104A8000FE1F9387273DFC4B95C3FC4B13975700A4
:104A9000635E0700B1473E858280B147F2406244C1
:104AA000D2444249B2493E8505618280011122CC3F
:104AB00026CA4AC84EC606CEB6893289AE84EF50A1
:104AC000A0582A849307200471D9C947E36899FC48
:104AD0001547E37597FC03470506137737035DFF1A
:104AE0008347E505DDFB7C49918BC5FBEF205060DA
:104AF00079479D47E374A7FA8347340609476391D2
:104B0000E706835744081307D02E6373F702130791
:104B1000C00293075004E37327F9794793075004C1
:104B2000E37E27F7414793075004636B2701BDB726
:104B30001307301FE363F7FE1307900FE364F7FEDC
:104B40007C4883460406CA9493E727008584B3E92A
:104B5000D9007CC8231394082300340781473DBF44
:104B6000E5F3035744089307D02EE3FBE7FC19470E
:104B70005DBF9717FE1F9387E72DFC4B81CBFC4B46
:104B8000139757006354070031458280011122CCEE
:104B900026CA4AC84EC606CEB6893289AE84EF50C0
:104BA000A04A2A8413052004630904107C48898BD9
:104BB000B9CB8347340609476395E70C835744080C
:104BC0001307D02E6379F702035764089307C002D6
:104BD0001305500463F3E70E03576408F947130500
:104BE000500463FCE70C03576408C14713055004E5
:104BF00063EBE700D9A01307301FE36FF7FC13073F
:104C0000900FE362F7FE93F7D40F0547639EE70A20
:104C10000325840A19C597D0FD1FE78060A02324CF
:104C2000040A23120408630909067C48918BB5EF36
:104C30008D476393F408930550104A8597D0FD1F64
:104C4000E780A0912324A40A25C97C4893F7074054
:104C500091CF9305800C0545EFD08E948357A4081F
:104C600012058507BD8BC98F2315F4080325840A17
:104C70004A86CE8597C0FD1FE780E0B42312240941
:104C80001DA0D1F3035744089307D02EE3FDE7F6A8
:104C900003576408994799BF8D474945639FF400BE
:104CA0007C48F99B7CC8014509A89387D4FF93F7FA
:104CB000F70F0547E37EF7F63145F2406244D244F0
:104CC0004249B24905618280E31109F6914749459D
:104CD000E38DF4F4DDB79717FE1F9387A717F84B02
:104CE000411126C24AC006C622C4AA843E8909CF01
:104CF0007C4B13975700635907003145B24022445B
:104D000092440249410182802E85EF50E0332A848B
:104D10001305200465D413F714007C4845CF13F71E
:104D2000170061FF034704061377370379F7898873
:104D3000D9CC0327C90D454593E70740418B5DDF7B
:104D4000C1657CC8FD150145EFD0CE872314A408AA
:104D5000EFC03FD0B70500012326A408FD1501458B
:104D6000EFD08E889304040A15462328A4089715CB
:104D7000FE1F9385851E268597C0FD1FE780A0A492
:104D8000A685130500FB97C0FD1FE780203B268505
:104D9000EF80A03A7C480347C400A300A408DD9B31
:104DA00093E747007CC88547631FF7009305800C95
:104DB0000545EFC0FEFE8357C40612058507BD8B6F
:104DC000C98F2316F406EF809066014505BF93F75F
:104DD000F7BFBDB70345D407CD9B7CC89307F00F41
:104DE000E303F5FEEFC03EB1F9BF1717FE1F13072F
:104DF00067067C5F411106C622C426C24AC099C715
:104E000003A8C70113141801634004080327070807
:104E100025CF3684B2842E8909ED81EB4945B24015
:104E200022449244024941018280EFC04F9A0145D9
:104E3000FDB78546E314D5FEB9E30297AA8731C9C9
:104E40001147A3060504231BE500231CE50083C6C8
:104E5000B7000547E384E6FC95C8239C9702239D91
:104E6000870201C41E04E3DB84FA2389270122445C
:104E7000B2409244024903A3870641010283D84FFE
:104E800093161701E3D506FC314551BF23AC070249
:104E9000E9BF0D4569B7011106CE2EC632C436C230
:104EA0003AC0EF50601A3DCD83284505AA873145A9
:104EB00013F8082063150806B2451718FE1F0348AB
:104EC000F8FD4545636DB80403C8C70A2246335848
:104ED000C84013781800630408041715FE1F130553
:104EE00065F70328850D45451317C8006359070268
:104EF00002471718FE1F034868FA6362E8029246E9
:104F00002387C70AA386B70AA387D70A11E20147F6
:104F100093E808102388E70A23AA17050145F24001
:104F20000561828013052004DDBF011106CE2EC667
:104F3000EF5080111307200401CD7C49314793F6CF
:104F4000270099C6B24589C993E707207CC9014764
:104F5000F2403A850561828093F7F7DFC5BF011102
:104F600026CA4AC84EC606CE22CC2E89B289B6843D
:104F7000EF70304C4DC1639D09008547238DF1AC26
:104F80000145F2406244D2444249B24905618280FF
:104F900003C7A1AD85472A846315F700238D01ACB3
:104FA00009494165130545F5EF70904A39C58347B6
:104FB000A5002315F5008327841185EF232CA41069
:104FC000232EA410930710F8F91423163501230497
:104FD000250144C123200500A304F5008347940262
:104FE00085450145B395F500C205C181EFC04ED39B
:104FF00041BF8327C41188C3E1B79717FE1F93876A
:1050000067B99C5B1D45B5DF95650545938555558D
:1050100082971D45BDB70945ADB76F90AFF96F9049
:10502000EFFD6F90BF826F901F886F90FF8D6F9024
:10503000BF9A6F90FF916F909F9582806F90DF9DD8
:10504000034301001AC06F906F8D6F90CF996F90DE
:105050008F9F6F90AFA56F90AFAB6F906FB16F9058
:105060004FB503530100035E4100834E81001AC017
:1050700072C276C46F90EFB96F902FCC6F906FD1E2
:105080006F90EFDA6F90AFDE6F900FE26F904FE7A7
:105090006F90CFED8280828023AEA1AC8280130717
:1050A000050383570500110593C7F7FF231EF5FE7F
:1050B0008347E5FF93C7F7FF230FF5FEE313E5FEF4
:1050C000828099473305F50201110A86C14506CE53
:1050D000130505021375E50FEFC01EFA11E5034530
:1050E000C100F240056182800145E5BF411122C443
:1050F00026C24AC006C681440144138941AE83C713
:1051000091AE6369F400B24022442685024992447C
:105110004101828083270900131544001946930535
:10512000F00F3E9597B0FD1FE780807701E585047D
:1051300093F4F40F05041374F40FD1B7938741B1BE
:10514000884305C1411106C6EFC0CE8423AA01B031
:10515000938791AE83C70700B2402381F1AE41012E
:105160008280938791AE83C707002381F1AE82804E
:105170005971A6D286D6A2D4CAD083C721AEAA843A
:10518000639EA700854503C5A1AEEFC00EBC89454F
:1051900003C5A1AEEFC06EBBEFF05FFA19493389CA
:1051A00024035000C1451379F90F13040902137445
:1051B000F40F2285EFC05EEC09C901442285B65088
:1051C0002654965406596561828019469305F00F5E
:1051D000480097B0FD1FE780A06C65F1480041468C
:1051E0009305F00F97B0FD1FE78060614808714696
:1051F0009305F00F97B0FD1FE78060600818130655
:1052000000039305F00F97B0FD1FE780405F50004B
:10521000C1452285EFD00E952A8413051902500846
:10522000F1451375F50FEFD0EE93498C1305290264
:105230005008F1451375E50FEFD0CE921374F40FBB
:10524000498C130539025008C1451375F50FEFD08D
:105250006E911374F40F498C130549025008C1452F
:105260001375E50FEFD00E901374F40F498C1305EE
:105270005902500891451375F50FEFD0AE8E137497
:10528000F40F498C13850407101893050003137558
:10529000F50FEFD02E8D1374F40F498C03C5818563
:1052A0001374F40FEFD06E8611BF411122C406C6ED
:1052B0000145014483C791AE6373F40009C5B24050
:1052C00022444101828022850504EFF07FEA1374B5
:1052D000F40FCDB7411122C426C206C64AC001440C
:1052E000EF907F9C938441AE83C791AE6368F400D6
:1052F000B2402244924402494101828088401319FD
:10530000440019469305F00F4A9597B0FD1FE780BA
:10531000205919E58C40CA9503C5F500EF90FF9818
:1053200005041374F40FC9B7397122DC26DA4ED69E
:1053300006DE4AD80144EF905F9A938441AE9949C2
:1053400083C791AE6369F400F2506254D25442595B
:10535000B25921618280884013194400194693058F
:10536000F00F4A9597B0FD1FE780805305E933059C
:1053700034030A86C145130535021375F50FEFC0D6
:10538000BECF1008C1450945EFC01ECF8C401408A0
:105390000A86CA9503C5F500EF90FF9305041374C0
:1053A000F40F79BF011106CEEFF05FD40547A9478E
:1053B0006373A70089471306F10085451545A307C8
:1053C000F100EF001FF9F24005618280011122CC4B
:1053D00026CA4EC606CE4AC80144938441AE9949B6
:1053E00083C791AE6366F402EFF05FD083C711AE5E
:1053F00099C3EFF03FEE83C701AE99C3EFF0DFF240
:105400006244F240D2444249B24905616FF09FF9CB
:1054100033053403904013194400C1454A961305DF
:1054200005021375E50FEFC03EC505C98840194652
:105430009305F00F4A9597B0FD1FE780403C8840E8
:1054400019469305F00F4A95190597B0FD1FE7809F
:10545000003B9C403E992316090005041374F40F89
:1054600041B70355250083C5A1AE6F10BF913971B7
:1054700022DC19443384850226DA4AD806DEA147A5
:10548000AA8432891374F40F639AF6041304240275
:105490007146814548081374F40F3AC697B0FD1F52
:1054A000E780E0355008F1452285EFC0FEBC0DE1F4
:1054B0008347E102A5463247E51793F7F70F63E903
:1054C000F600BA865008937519002685EFD07EDF66
:1054D000F2506254D2544259216182801304140262
:1054E00045BF797122D426D24AD0AE842A8932842B
:1054F0008145130600020A8506D697B0FD1FE78096
:1055000000309387D18583C7070023102101230E24
:10551000F100835781015DC4138721B00347070061
:10552000F99B41462302E100138741B0034707007E
:105530009715FE1F9385C58C13056100A302E1003A
:1055400003C731B093761700D58FF59B937627006C
:10555000D58FED9B93764700D58F9316470093F632
:10556000061093F7F7EFD58F9316470093F60620B2
:1055700093F7F7DFD58F12071377074093F7F7BF3D
:10558000D98F231CF10097B0FD1FE780C02383C78C
:1055900011B013F7170001CB99C4035781011367AA
:1055A0002700231CE10003476101A2850A85D98FEA
:1055B000230BF100EFD01EC3B25022549254025973
:1055C00045618280138761AF03470700F99B41461D
:1055D0002302E100138781AF034707009715FE1FE1
:1055E0009385058113056100A302E10003C771AF34
:1055F00093761700D58FF59B93762700D58FED9B7B
:1056000093764700D58F9316470093F6061093F7CD
:10561000F7EFD58F9316470093F6062093F7F7DF41
:10562000D58F12071377074093F7F7BFD98F231C45
:10563000F10097B0FD1FE780001983C751AF91BFFC
:10564000411122C426C24AC006C6AA840144138955
:1056500041AE83C791AE636AF4003E842285B240B6
:105660002244924402494101828083270900131594
:1056700044001946A6853E9597B0FD1FE780A01D02
:1056800071FD05041374F40FE9B75D71A2C41384AE
:1056900041B11C40CAC04EDE86C6A6C252DC2A8971
:1056A000AE89A1EB19E10545D9A0F5DDEFF05FF971
:1056B0002381A1AE83C791AE636DF5028144138A45
:1056C00041AE0DA083270A001395440019469305A7
:1056D000F00F3E9597B0FD1FE780801C09E9850417
:1056E00093F4F40F83C791AEE3EEF4FCBE84238100
:1056F00091AE138A21AE03C521AE83C791AED28489
:10570000E373F5FA1C40A5EF99473305F5024A8685
:10571000C145130505021375E50FEFC0BEC413069E
:1057200000039305F00F0A8597B0FD1FE780200D59
:1057300003450A000A869305000313050507137540
:10574000F50FEFC03EC2138741AE084383C721AEB9
:1057500092073E954146CA8597B0FD1FE780A00697
:1057600023AA31B103C58185EFC03EBA0145B640D9
:10577000264496440649F259625A616182809047F4
:10578000814719CE99473305F502F14513051502F6
:105790001375F50FEFC01EBD1C4023A407008547FD
:1057A0001840104B0DC203C504009947F14533055D
:1057B000F502130525021375E50FEFC0BEBA1C40B4
:1057C00023A8070085471840504B0DC203C50400AD
:1057D0009947C1453305F502130535021375F50FD9
:1057E000EFC05EB81C4023AA070085471840504709
:1057F0001DCE03C504001949C14533052503130512
:1058000045021375E50FEFC0FEB503C504001C404B
:10581000914533052503D0474106130555021375FD
:10582000F50FEFC03EB41C4023A6070025BF9DFB2B
:1058300083C711AE99C3EFF0FFA983C701AE99C327
:10584000EFF09FAEEFF01FB6B9BD011122CC06CE2E
:1058500026CA83C791AE09446378F50295C5994776
:105860003305F502AE840A86C1451305050213759A
:10587000E50FEFC07E802A8401E919468A852685D6
:1058800097B0FD1FE78020F42285F2406244D244A5
:1058900005618280011122CC06CE2A842EC632C434
:1058A000EF50AF9805C90347C500A1472246B2454E
:1058B000631FF7009387C1B19C4389CF03A34700BF
:1058C000630A030022856244F240056102839387E4
:1058D00001B2DDB7F240624405618280011122CC41
:1058E00019443304850226CA0A86AE84C14506CE11
:1058F000130404021374F40F2285EFC0EEF701C9FC
:105900008144F24062442685D24405618280194672
:105910009305F00F0A8597B0FD1FE78060F86DF1E1
:105920000357C1009377D70F89C49377F70F93E795
:105930002700C207C1838544E305F7FC0A86C145F9
:1059400022852316F100EFC0FEA103C58185EFC0BB
:10595000DE9B45BF5D71A2C42A8419453305A402AC
:10596000A6C2CAC0B2842E890A86C14586C613055E
:1059700005021375E50FEFC02EF001C90145B640D1
:105980002644964406496161828019469305F00FCA
:105990000A8597B0FD1FE780A0F06DF1130404079E
:1059A0001374F40F1008930500032285EFC0CEECAA
:1059B00019C10545E9B70808EFF06FEE6314090453
:1059C000130600038145080897B0FD1FE78040EDEE
:1059D0006DF1130600038145080897B0FD1FE780AD
:1059E00000E2854708082386F1B0EFF04FEB10087E
:1059F000930500032285EFC0FE9603C58185EFC0A5
:105A0000DE9045BF1C089000BE8683D50600368711
:105A1000638125039106E39AC6FE0145ADD083D686
:105A200007003E8789C69107E31BF6FE81BF2390DE
:105A3000270183472700E38E97F623019700D5F0CF
:105A40002310070079BF1705FE1F034585150111B7
:105A5000FD579305200412052385F1AE06CE22CC16
:105A600026CA4AC84EC6A38401AE23A201AE97C07F
:105A7000FD1FE78080AE23A2A1AE15C59709FE1FCA
:105A80009389491183C7E9000144938441AEA384FB
:105A9000F1AE83C791AE6361F40C83A78900638C78
:105AA000070E238001B0938791AE83C7070005449A
:105AB000414681451705FE1F130585342381F1AE4C
:105AC000238F818423AA01B0238101B0238201B0F6
:105AD00097B0FD1FE780A0D293047007414681452F
:105AE0001705FE1F1305C530A38191B0A38D8184D6
:105AF000A38001B023A401B0A38A01AE238B01AE21
:105B0000238C01AE97B0FD1FE78060CFA38B91AED1
:105B100023AE01AE238A01AE9547A38CF184C14721
:105B2000A38EF184238601B08947238DF184F2404E
:105B3000238C8184A38F8184238E8184624423A05B
:105B400001B223AE01B0A38001AE238401AED244E2
:105B50004249B249056182808840131944001946C0
:105B60009305F00F4A9597B0FD1FE78040C9884024
:105B700019469305F00F4A95190597B0FD1FE78068
:105B800000C89C4005041374F40FCA9723960700BD
:105B900023870700FDBD930700F82380F1B021B7EC
:105BA0001971A2DCA6DACAD886DECED613040002AA
:105BB0008144138941AE83C791AE63E3F40203C508
:105BC0008185EFC08EF4938791AE83C70700F650AE
:105BD00066542381F1AED6544659B6590961828084
:105BE000032509009399440019469305F00F4E953B
:105BF00097B0FD1FE780A0C0032509001946930553
:105C0000F00F4E95190597B0FD1FE78040BF832721
:105C1000090041469305F00FCE972396070023878E
:105C20000700480097B0FD1FE78060BD71469305EF
:105C3000F00F480897B0FD1FE78060BC1306000313
:105C40009305F00F081897B0FD1FE78040BB500088
:105C5000C1452285EFC00EF1130514005008F1452F
:105C60001375F50FEFC00EF0130524005008F14531
:105C70001375F50FEFC00EEF130534005008C14542
:105C80001375F50FEFC00EEE130544005008C14523
:105C90001375F50FEFC00EED130554005008914534
:105CA0001375F50FEFC00EEC13850407101893055C
:105CB00000031375F50F85041904EFC0AEEA93F4E1
:105CC000F40F1374F40FC5BD930705C04111C2074B
:105CD00022C406C6C183130720022E846361F70E17
:105CE00017B700001307C71C8A07BA979C43BA97D7
:105CF00082879387E18583C707002300F4002DA0E6
:105D000083C711B089870DA8938721B0EDB793871A
:105D100041B0D5B741469705FE1F9385650E228594
:105D200097B0FD1FE78020AA8147B24022443E85FC
:105D30004101828083C711B0858BC1B7938731B091
:105D40005DBF938781B09C431CC0F9BF9387B18529
:105D50005DB783C751AF7DB7938761AF69BF938745
:105D600081AF51BF41469705FE1F9385650845BF2A
:105D700083C751AFD1B7938771AFB5BF9387C1AF19
:105D8000D9B7938741AF85BF93879185ADB7938787
:105D9000D18595B7938711AEB9BF938701AEA1BFE7
:105DA000EFF0CFB42300A40041B783C7C185B1B7DA
:105DB00083C711B08D8749B783C751AFE5BF1307BC
:105DC00020048947E363A7F6EFD04EDA2310A4003E
:105DD000A1BF011106CE22CC26CA4AC84EC6EFD0BA
:105DE0009EA435ED03C781AE85472A84630CF70274
:105DF000938441AE854983C791AE6371F4049840A2
:105E0000131944004A978347E700639937012285B5
:105E1000EFF00FB69C40CA97238707000504137460
:105E2000F40FD1BFEFF06FC8238401AE938741AE6A
:105E30009C4303C791AEB907631CE400EFC06EFF3B
:105E40006244F240D2444249B24905616FF00FD832
:105E50000504238007001374F40FC107F1BFF2405B
:105E60006244D2444249B24905618280797126D2A6
:105E70004AD006D622D44ECE89472E89B2846308F2
:105E8000F506636FF5008D476301F50C03C491AE11
:105E90002285B250225492540259F24945618280BF
:105EA0002E85EFF0EFF983C791AE2A84E372F5FEF9
:105EB000E5D01946CA85268597B0FD1FE780A090DA
:105EC000C1BF83A709001315440019463E95CA8532
:105ED000190597B0FD1FE780009831ED0504137494
:105EE000F40F83C791AEE36EF4FC3E8455B70144D2
:105EF000938941AEFDB705041374F40F83C791AEC7
:105F0000E375F4FE330534030A86C14513053502F3
:105F10001375F50FEFC04E9679FD41469305F00FCE
:105F20000A8597B0FD1FE780A09771F5CA850A859D
:105F3000EFD0AECB69F183C791AEE37BF4F4A9D87F
:105F4000A6852285EFF07F90A1B7014499497DB7DE
:105F5000797126D206D622D4AA8402CC231E01004F
:105F6000EF40BFAC05CD03C7B18589476308F70291
:105F7000930565002A84034555003008EFF01FEFB4
:105F800083C791AE6371F5022AC6EFF08F93B245D5
:105F90002A860547A1462685EFF06FCDB2502254E0
:105FA00092544561828083C7B18591E795452685E6
:105FB000EFD0DE84E5B70547E392E7FE8345540062
:105FC00001462685EFF0EFD1D1BF4111C1674AC02C
:105FD00006C622C426C2FD172E896309F506EF40C6
:105FE000DFA42A84D14421CD9305650003455500E3
:105FF0000146D544EFF09FE783C791AE6376F50085
:10600000CA85EFF0BF8D8144630B09022285EFF052
:106010004FC535A0CA852285EFF05F8C11C1814440
:1060200005041374F40F83C791AEE365F4FE6308AF
:10603000090017F5FFFF13050543EF40FFC6B24007
:106040002244268502499244410182800144D5447C
:10605000D9BF0111C1674AC84EC606CE22CC26CA96
:10606000FD172E89B289630EF504EF401F9CD144C1
:1060700029C193056500034555000146D544EFF05D
:10608000FFDE83C791AE6376F5024E86CA85EFF0D8
:106090007F8C814439A84E86CA852285EFF09F8B7C
:1060A00011C1814405041374F40F83C791AEE364F6
:1060B000F4FEF240624426854249D244B249056169
:1060C00082800144D544D5B7411122C41384A1AEC6
:1060D0008345040023A0A1B2614506C6EFD0CEFDE2
:1060E000034504002244B24041016F205F811387C1
:1060F000E1858347070083C511B093E707F82300C4
:10610000F7006FD06EE45971A6D2B2845000A2D4C9
:10611000D2CC86D6CAD0CECE2A84368A02C22314E6
:106120000100EFF0BFD483C791AE6377F50E2A89E3
:10613000EFE03FF99147AA896319FA0C03C7E1859B
:1061400079171337170091461944330489024E8694
:10615000CA852685EFF0AFB151468145680097A00A
:10616000FD1FE780C06970001374F40F130544022B
:10617000C1451375E50FEFB03EF005E941469305C3
:10618000F00F680097A0FD1FE780807119ED1305DF
:106190005402700891451375F50FEFB0FEED7000D5
:1061A00093F519002685EFD0CEDE130509071010F0
:1061B000930500031375F50FEFB01EEC15E1081001
:1061C000EFE0FFED0010130901058355040091C5B0
:1061D000034624002685EF100FAB1104E31789FE58
:1061E00093F929006387090083C5A1AE2685EF00D6
:1061F0007FB991476314FA0403C7E1858947631F98
:10620000F7022685EFF0BFEE15A803C7B185791711
:1062100013371700D2860DBFA147E31CFAFC03C752
:10622000B1858947631CF7000146A2852685EFF0FA
:106230004FAB014681452685EFF0CFE5B650265499
:1062400096540659F649664A0145656182800111F6
:1062500006CE2AC6EFF02FFF3245F2402385A1AECD
:1062600005616FF0AF961D7186CEA2CCA6CACAC8D2
:10627000CEC6D2C4EF807FA683C7F18589CB014407
:10628000138941AE194A83C791AE636AF400F640A0
:106290006644D6444649B649264A2561828003258C
:1062A00009009319440019469305F00F4E9597A0E5
:1062B000FD1FE780E05E31E9B30444035010F1456F
:1062C00093F4F40F138514021375F50FEFB0DEDAB3
:1062D0000DED0347F1039307F00F6318F7021385E1
:1062E00034025000C1451375F50FEFB0FED85008C9
:1062F000C1450945EFB05ED8832509005408500018
:10630000CE9503C5F500EF801F9D05041374F40FAF
:106310009DBF930705C05D71C207A6C2CAC086C6ED
:10632000A2C44EDE52DCC183130720022A89B28444
:10633000636EF74E17B70000130747C08A07BA9776
:106340009C43BA97828785476384F500614409A816
:10635000834706000947E36BF7FE238FF18401446E
:106360002285B640264496440649F259625A616134
:1063700082808547E39CF5FC03470600E3E8E5FCE3
:1063800083C711B011C793E74700A380F1B0C1BF25
:10639000ED9BE5BF8547E39BF5FA83470600114770
:1063A000E366F7FA2381F1B05DBF8547E390F5FA24
:1063B00083470600E3ECF5F82382F1B04DB7C147FF
:1063C000E396F5F84146A6851705FE1F130545A37C
:1063D00097A0FD1FE780203F59B78547E398F5F662
:1063E00003470600E3E4E5F683C711B001C793E76E
:1063F000170061BFF99B51BF8547E399F5F48347C7
:106400000600A381F1B0A1BF9147E391F5F41842D2
:10641000B7470F009387F723E3EAE7F223A4E1B03D
:106420003DBF8547E394F5F2834706000947E36FD4
:10643000F7F0A38DF18425B78547E399F5F003477D
:106440000600E3E5E5F083C751AF11C793E74700C6
:10645000A38AF1AE29B7ED9BE5BF8547E398F5EE3A
:10646000834706001147E363F7EE238BF1AEC5BD0A
:106470008547E39DF5EC83470600E3E9F5EC238CC3
:10648000F1AEF1BDC147E393F5EC4146A685170592
:10649000FE1F1305E5952DBF8547E399F5EA0347F0
:1064A0000600E3E5E5EA83C751AF01C793E71700AC
:1064B00045B7F99B71BF8547E39AF5E88347060026
:1064C000A38BF1AE69BD9147E392F5E81842B74757
:1064D0000F009387F723E3EBE7E623AEE1AE41B588
:1064E000E39605E6EFD02EB401E9EFE01FDCEFC044
:1064F0004E94EFE0BFEDA5B585472384F1AE85B599
:106500009D47E395F5E4938514001946680097A02C
:10651000FD1FE780402B03C5040050086C00EFF01E
:10652000FF9483C791AEAA840944E37BF5E248084F
:10653000EF406FD809E52685EFE09FC34DBF9387F5
:1065400041AE9C4392045944BE9485472387F4008E
:1065500001BD9D476391F50A1946938514006800B3
:1065600097A0FD1FE780202603C5040001466C00AC
:10657000EFF0DF8F83C791AE6377F5049944B304DE
:1065800095025008F1459384140293F4F40F268584
:10659000EFB09EAE2A8415E51307A041854763043A
:1065A000E9009307F00F5008F1452685A307F10293
:1065B000EFB05EDB03C58185EFB03ED5EFF0BFCA1B
:1065C00045B30944E5BF83C701B00944E38A07D84E
:1065D0001307A04183C731AF631BE90093E717009E
:1065E000A389F1AE1D46A6851385C1AED5B3F99B2F
:1065F000A389F1AEADB38547E39AF5D41307A04163
:1066000083C731AF6315E50093E72700D5B7F59B46
:10661000C5B7A38F0184EFF01FC591B38547A38F42
:10662000F184014419499309F00F7D5A83C791AE53
:10663000E373F4FEB30424035008F1459384140279
:1066400093F4F40F2685EFB03EA305E18347F102F2
:10665000638D37015008F1452685A3074103EFB04C
:106660007ED003C58185EFB05ECA05041374F40FB4
:1066700075BF8547E39CF5CC83470600E3E8F5CC7E
:10668000238AF1AEE9B98547E392F5CC834706004A
:106690002547E36DF7CAA38CF184D1B18547E39711
:1066A000F5CA03470600A546930797FF93F7F70F30
:1066B000E3EEF6C8A38EE1845DB18547E398F5C8A3
:1066C0008347060003C711AE0144A380F1AEE3196E
:1066D00007C8E397B7C8EFE07FCF59B18547E39785
:1066E000F5C68347060003C701AE2380F1AE09E774
:1066F0006394B700EFE09FCD03C501AEEF802FDEBE
:10670000B9B98547E394F5C4834706000D47E36FA5
:10671000F7C2238DF184A1B18547E399F5C2834780
:106720000600238CF18425B90545EFB01EBE05B9DE
:106730008547E39DF5C083470600238EF18405B1AC
:1067400093074002E394F5C003C514000146938506
:106750002400EFF0AFF183C791AEE379F5BE1944A1
:106760003304850203C70400A1471374F40F631FA9
:10677000F702130424021374F40F5008F145228524
:10678000EFB09E8FE31405BC9385840048086D46E6
:1067900097A0FD1FE78020035008F1452285EFB048
:1067A0007EBC03C58185EFB05EB64DB613041402FE
:1067B000D9B717F7FD1F0357E73E930740046D4411
:1067C000E3F0E7BA8547E393F5B883470600E3EFC4
:1067D000F5B681CF938781B19C435544E38207B8D6
:1067E00083C711B093E787004DB683C711B093F705
:1067F000770F61BE17F7FD1F0357C73A9307400491
:106800006D44E3FFE7B48547E392F5B483470600A0
:10681000E3EEF5B2F9DB938781B19C435544E38104
:1068200007B483C751AF93E787001DB193072004D6
:106830000944E3E727B3E39585B283D504004A858D
:10684000EFD08E872A8429BE797106D622D426D22B
:106850004AD0834725005147E91793F7F70F636B39
:10686000F70217A70000130727768A07BA979C43F9
:106870002A84BA9782878354A5000346C5008346BD
:10688000D500268532C636C4EF402F9AAA87A24685
:10689000324619E1854425A203C7C700A147130565
:1068A0003400631AF7029387C1B19C43A68589C758
:1068B0009C4399C38297F9BF9387C1AF8843EFC0C8
:1068C000FEAC69D99307E00FE306F5FC8545268504
:1068D000EFC0DEF2C1B7938701B29C43A68599C38E
:1068E0009C43E9FB938781B0D1BF8355A5002E85DA
:1068F0002EC4EF408F93AA8751DD03C7C700A1477D
:10690000130534001306C4009306C401A245631A9C
:10691000F7009387C1B19C43B5DF9C47A5DF829701
:1069200095BF938701B2C5BF83471500D5EF834755
:106930006500858BD5CB938741B19C430149D5E751
:1069400081454146080897A0FD1FE78040EB4C4871
:10695000B5CD83C765011946C105A30FF10008082D
:1069600097A0FD1FE78020E6834764000357C1011D
:106970008987858BD98F231EF100EFE02FF783C71E
:1069800091AE6390A70283C7C18599C3EFF04FA171
:1069900097F7FD1F938707209C5B81C7854521459D
:1069A0008297EFE0AFF4A2850808EFE01FCEAA843B
:1069B000554905ED894503C5A1AEEFA07EB6B2509D
:1069C0002254268502599254456182800355440021
:1069D0008544EF408F8565D583475500194693055B
:1069E0006500A30FF100A5BF01490346140003553C
:1069F00044008545EFE01FEAE30E09E84A868D452D
:106A000003554400EFE01FE971B5034715009947AE
:106A1000631AF70203554500EF402F81AA841DC178
:106A200083C7A18509476389E7020D476380E702B1
:106A300005476399E7008345550003554400014627
:106A4000EFE03FAA0346140089455DBF014681453A
:106A500013050041EFF0FF8B8355440003C504008C
:106A60001546EFC09EDCF9BF930545000345350090
:106A70000146EFF0AFBF83C791AEE37DF5E09947E4
:106A80003305F5021306C40091451305550213752D
:106A9000F50FEFB03E8D03C58185EFB01E87DDBBDE
:106AA00083C741AF0355450081C783C591850DB5A7
:106AB00083C7E18599E3954521BDEF301FF7AA848F
:106AC000E30A05DC8347A400858B85CB034555008D
:106AD000854763F4A7028357C40093F7072091EF1B
:106AE000100893856400EFF06FB883C791AE63968A
:106AF000A7008D4503554400E1BB83C554000355F1
:106B0000440013068400EFE0DF9D01468145CDBDC2
:106B100003554500EFF0CFC3B5BB03554500EFF07B
:106B20004FAB83C7E18593F7F707238FF1849DB3BC
:106B300079719397050122D406D626D24AD04ECE3B
:106B4000C1872E8463DE070803C5A1AEEFA0AEEBBC
:106B5000AA8431C5834705001307100B638BE70434
:106B60001307000D6387E7021307000B6396E70224
:106B700003474500F9476317F70003552500814592
:106B8000EFF0AFC483C5440013858400EFF05EDDF1
:106B900021A0EFF07FCB01C52685EFA0AEDFA16479
:106BA000A18CB2502254268502599254F249456173
:106BB000828083474500EDF30356850083556500C9
:106BC00003552500238601B0EFF0AFC883C7C1B0DD
:106BD000E1D703C58185238601B0EFB00EF36DBF09
:106BE00093F7250085C381450145EFE01FAA934433
:106BF000240083C7A1AE854511E189453E85EFA0FC
:106C00003E9245B793F715006384070C138941B191
:106C100083270900938401B183D947009C4099EFF1
:106C2000C165138741B2894617A600001306C678CE
:106C3000FD150545EF003FAD23A8A1B08C401344DE
:106C400014009DE9832709000146854503D54700C7
:106C500093140401C180EFE0FFC3832709000146BC
:106C60008D4503D54700EFE0FFC203C58185EFB036
:106C7000CEE9EFE0AFCC35B79308F00F0948814774
:106C80001307E100740003D641B24E85EF00FFFD0B
:106C900011ED0346D1008347C10022065D8E19C65F
:106CA0009C404E8583D5A700EFF0AFBA8840C16500
:106CB000814603D641B2FD15EF001FEF9314040186
:106CC00023A8A1B0C1803DDD854503C5A1AE05BFA8
:106CD00093F745008144E38607EC93C44500D1B5A2
:106CE00003472500F14763E4E72A17A600001306CF
:106CF000E63293162700B2969C42411122C406C682
:106D000026C2B2972A84828783471500C5E7414689
:106D100097F5FD1F9385C51017F5FD1F1305450F4A
:106D200097A0FD1FE78020B33DE517F6FD1F130672
:106D3000260EC1450945EFB0EEE217F6FD1F13061A
:106D40002610C1450D45EFB0EEE103C58185EFB0DA
:106D5000CEDB93053400138541B4194697A0FD1F7F
:106D6000E78060A68547854503C531B423A8F1B403
:106D7000EFA00EFB938701B58843938781B29C43B4
:106D8000ADC703A3070063020306A2852244B240F5
:106D9000924441010283414697F5FD1F93854509C1
:106DA00017F5FD1F1305C50997A0FD1FE780A0AAD1
:106DB0002DDD45B7994723A8F1B46DBF03471500F2
:106DC0008347350039E309476396E702938701B5A6
:106DD0009C438145014593F7F7F093E7070223A809
:106DE000F1B4EFE07EADA300A400B240224492448F
:106DF000410182800547814501456395E700EFE049
:106E00009E9BD5B7EFE01E8BF9BF0947E38FE7FCE8
:106E1000938701B5884341991365650023A8A1B400
:106E2000A9BF83471500938401B5BDE38D47631562
:106E3000F70483C721B4139787016187635B070059
:106E400093F7F707894503C531B42381F1B4EFA067
:106E50002EED9C40914613F7F7006318D700C19BB5
:106E600093E7570023A8F1B485A08946E30FD7F62E
:106E7000C19B93E72700FDB79840A38B01B29546CD
:106E8000937707FF3D8B6319D70493E74700D9BF7A
:106E90009C40C19B93E76700F1B7138701B51C4382
:106EA00083461500BA84C19B95E293E7470023A867
:106EB000F1B40356A50093054500034535009146FE
:106EC000EFF06FA4A38B01B2884045BD13071003F8
:106ED000E392E6FCA38B01B293E7370061B7EFF0D2
:106EE000BF96938701B59C43154793F6F700C19B66
:106EF00013E53700E394E6F213E5270005B7938620
:106F000001B59C4203461500B68493F7F7F031E2D1
:106F1000CD46631BD70293E7070123A8F1B483C7CB
:106F2000A1B3139787016187635B070093F7F707A6
:106F3000914503C531B4238DF1B2EFA06EDE9C40C4
:106F4000370500015D8D15BD93E7070223A8F1B455
:106F5000FDB793E70703DDBF938601B59C427D76BD
:106F60001306F60FF18F0346150019EE6D46631AEE
:106F7000C70093E7071023A8F1B49C42370500022D
:106F8000D1B793E70720C5BF93E70730EDB78280FD
:106F900003470500930610096307D7009307000D08
:106FA0006305F70482808346150039476391E60440
:106FB00083564500056713075740639AE602184554
:106FC0009307F007830537006383F502938781B247
:106FD0009C4391CF03A34700630B03008347270023
:106FE00003451700A2075D8D02836FF07FCF82807B
:106FF00001119397050126CA06CE22CCC187AE8423
:1070000063D5070C03C531B4EFA0EE9F2A8409C9EC
:1070100083C7B1B389EFEFF0BFF72285EFA08E975A
:107020002165258DF2406244D24405618280834708
:1070300005001307000D639EE7048347250081E7E1
:10704000EFF01FF509A81547639DE7000347C5004A
:10705000A147E392E7FCA28503C5C1B2EFA02EA130
:10706000C1B72147E38EE7FC99466395D700834774
:107070007500C5B71D47E390E7FA03554500EF30AB
:10708000DF9A41DD0347C500A1472285E315F7F8E4
:10709000D9B71307200AE380E7F813071009E39133
:1070A000E7FA03471500B947E31CF7F80357450013
:1070B000856793875740E315F7F8184583472700FE
:1070C00003451700A2075D8D5DBF9397150163DE31
:1070D00007001386C1B491451145EFB0AEA803C5B2
:1070E0008185EFB08EA211652DBF93F71500D9CB26
:1070F00083C771B3B9CFEF309FC097F7FD1F83C728
:10710000D7AA8D8B636AF5048D472302F10093871C
:10711000E1B283C707004C0003C531B42306F10078
:10712000938791B383C70700A306F100EFE0EEA3B6
:107130000DC1938701B5884341991365650023A864
:10714000A1B4938781B29C4389C79C4399C381456D
:10715000829713C51400F9B5938781B383C70700DD
:107160001946938501B32302F100938761B383C766
:10717000070013056100A302F1009790FD1FE7804F
:10718000806471B793F7250085CF83C721B4858BC1
:107190008DC703C531B4EFE06ECC05C1938701B54F
:1071A00088431375F5F023A8A1B4938781B29C435B
:1071B00089C79C4399C38145829713C524009DB517
:1071C00093F745000145E38F07E483C7A1B39DC74B
:1071D00003C531B4EFE0AECB15C1938701B5884349
:1071E000FD779387F70F7D8D23A8A1B4938781B294
:1071F0009C4389C79C4399C38145829713C544002A
:1072000015B5797122D426D206D6AA842EC6328428
:1072100036C43AC23EC0EF305F8139C50358E5003D
:10722000B24582471247A246636DB800636B040102
:10723000035605016317D600035625016145630017
:10724000E602231CB1003E862C082685231D810002
:10725000231ED100231FE100EF30CFEC0145B250D7
:1072600022549254456182805145D5BF011106CE0A
:1072700097F7FD1FA38AA7B091C52E8532C6EFE010
:10728000BFE43246938701B59C4385EB19C223A422
:10729000C1B2F24003C6D1B283C5A1B403C531B4B3
:1072A0009387C1B417F7FD1F130787B997F6FD1F22
:1072B000938606B605616FF0EE9DF2404545056187
:1072C000828097F7FD1F83C7578E8D8B81EB6145B9
:1072D00082806145B240224441018280411122C432
:1072E00006C603C431B49307F00FE314F4FE170588
:1072F0000000130525D0EFA04EFFA381A1B4E30A3F
:1073000085FC23A401B223A801B491472385F1B4DD
:10731000EFC00E8D4146814517F5FD1F130545AFA2
:107320009790FD1FE780A04D4146814517F5FD1F51
:10733000130505B19790FD1FE780604C23A601B4AB
:10734000238C01B2238B01B29D4717F6FD1F130654
:1073500026ACC14509452387F1B2A38C01B2EFA049
:10736000BED117F6FD1F1306A6ADC1450D45EFA012
:10737000BED0414697F5FD1F938585A917F5FD1FE2
:10738000130505AA9790FD1FE780E043414697F556
:10739000FD1F9385E5AA17F5FD1F130565A99790B5
:1073A000FD1FE78040421386C1B491451145EFA00F
:1073B000BECC014505B7FD57A381F1B417F7FD1FFA
:1073C0001307479CA302F7002303F700238501B4AA
:1073D0000547A38BE1B223A601B41947239FE1B26D
:1073E0000567130707C8239EE1B22386F1B29D47C4
:1073F000A38601B2A38D01B2A380F1B42380F1B4BE
:1074000019468145138501B31793FD1F6700233F7C
:10741000930705D04111C20722C406C6C1835D4748
:107420002E84636BF70C17A70000130767C68A0743
:10743000BA979C43BA97828783C7A1B42300F4000C
:1074400035A0414697F5FD1F9385859C2285979031
:10745000FD1FE780403719A8414697F5FD1F93852A
:10746000259EEDB79387C1B49C439CC18147B24030
:1074700022443E85410182801946938541B4F9B783
:1074800083C771B365BF2E85EFE06ECFC5B72E857C
:10749000EFE04ED1E1BF83C781B34DB783C761B37E
:1074A00071BF1946938501B355B783C7E1B279B768
:1074B00083C791B361B7938701B59C4341B783C735
:1074C000D1B2ADBF83D7E1B32310F40045B783D762
:1074D000C1B3DDBF83C711B495B783C701B4B9BFCA
:1074E0002E85EFE06ECF59B783C721B493F7F70726
:1074F000B1B783C7A1B399B7130720048947E368DD
:10750000A7F6EFB0BEE62310A4008DB79307F5CF22
:10751000C207AE86C183D9452A8763E6F52817A836
:1075200000001308E8BC8A07C2979C43411106C6B5
:10753000C297B285368582874147E147639EE6025E
:10754000414617F5FD1F1305A58C9790FD1FE78099
:10755000802715A04147E1476390E602414617F5B1
:10756000FD1F1305E58DD5B71147E1476396E6008A
:107570001C4223A6F1B48147B2403E85410182807E
:107580000547E147E39AE6FE0347060083C771B368
:10759000A38BE1B295C3814765F3138701B5184307
:1075A00089463D8B6305D7009546E317D7FC03C595
:1075B00031B4EFD0DEF2C1B781475DDF138701B58B
:1075C00018436306A7003D8B7517E367E5FA854509
:1075D00003C531B4EF90DEF479BF9307C01C63E0BC
:1075E000D71C630E061AB24041016FE0AE8C9307C0
:1075F000C01C63E6D71A6304061AB24041016FE06B
:107600008E9B0547E147E399E6F603470600A94646
:10761000E3E4E6F6238CE1B2B9BF0547E147E39D19
:10762000E6F4034706008D46E3E8E6F4238BE1B277
:1076300099B71947E147E391E6F41946138501B379
:1076400029B70547E147E399E6F2034706009D465F
:10765000E3E4E6F22387E1B239BF0547E147E39D62
:10766000E6F0034706008D46E3E8E6F0A38CE1B2BE
:1076700019B70547E147E391E6F083470600A38683
:10768000F1B2D5BD0947E147E398E6EE035606009F
:1076900005671307A7C79306A6FFC206C182E36D5D
:1076A000D7EC239FC1B2C1BD0947E147E396E6ECA1
:1076B0000356060005671307A7C79306A6FFC20671
:1076C000C182E36BD7EA239EC1B275B5834506003C
:1076D00003C601B4A380B1B40145EF70CFE061BD32
:1076E0000346060083C511B42380C1B4F5B79307E0
:1076F000C01C63E6D70A45C6B24041016FE0CE9B8D
:107700000547E147E39AE6E68347060003C721B44D
:10771000058B2381F1B493F6170011C7E39D06E4AE
:10772000EFD03EF689BDE38806E4138701B5184320
:107730008945398BE31E07E893E707F82381F1B405
:107740001DBD0547E147E399E6E28347060003C70D
:10775000A1B3238DF1B211C7E39F07E0EFD0DEF4B0
:1077600019BDE38A07E0138701B518431377070FA4
:1077700019C39145B1BD93E707F8238DF1B2E5BB7D
:107780009307200463EFE70089458947E396B6DE57
:10779000B240835506003A8541016FC0EE91E14742
:1077A000E1BB8947D1BB9307200463E9A700894562
:1077B00089476396B60083550600C5B789473E855D
:1077C00082806F700FCD011106CE2AC6EF30EFA573
:1077D00009C9B245F240034505004D4605616FC039
:1077E000CE84F2404945056182806F700FD041110F
:1077F00006C6EF80402B1725FFFF1305C5D6EFA067
:10780000CEAEEF10FFC117C5FEFF13056516EFA042
:10781000CEADEFC02E9117F5FEFF13050519EFA0B1
:10782000CEACEFF0AE951745FFFF1305A563EFA0B3
:10783000CEABEF408FF717F5FFFF1305A52FEFA095
:10784000CEAAEFE0DFA01715FFFF13058528EFA0F4
:10785000CEA9EF108FA4B24041016FF09FA693878D
:10786000C1B5138741B59C43184301456313F70025
:10787000828083D6670081E683D6470036959C4395
:10788000F5B797E7FD1F9387E7308C4317E7FD1F98
:107890000357873041111386052223AEC1B4938765
:1078A00085FFBA97056523AAF1B406C61D05935650
:1078B00037006374E500930600203307D60023AC3D
:1078C000E1B423A0E522E1162312D600231306001B
:1078D0001CC3998FE1172312F70023130700EFF061
:1078E0001FF8B24097E7FD1F2397A72E4101828022
:1078F0009387C1B5138741B59C43144301456393F6
:10790000F600828003D7670011E703D7470063734F
:10791000E5003A859C43E5B79387C1B5938641B5A9
:107920009C4390422A87B305B5406314F6003A851C
:1079300029A8938687009C43E369D7FEE377F7FE87
:107940002E85E3E4D5FEE3F2F5FE828083C70500D1
:107950002300F50083D72500A300F50083D7250079
:10796000A1832301F50083C74500A301F50011455C
:10797000828023A201B623A001B6828029C14111D1
:1079800026C206C622C4AA8401458DC52E8422853E
:107990004146979500009385657B9790FD1FE78092
:1079A00080E283C7040005452306F40083C7140062
:1079B000A306F400B2402244924441018280014572
:1079C0008280011122CC26CA06CE0947AA843284BD
:1079D0006383E50441468147639BC500638FE600EE
:1079E0006397B6001DA841478147638FE600F240C8
:1079F0006244D2443E85056182808A852285EFF00B
:107A0000FFF741468A8521A88A85EFF03FF7414676
:107A10008A85228531A0E398B6FC2E86A28526852C
:107A20009790FD1FE78020E3AA87D1B723A2A1B6D4
:107A30008280011122CC0354650006CE26CA4AC8B2
:107A40004EC641C083298500AE842A8803C9090037
:107A5000814713178901618763550702B1470545BF
:107A600063FA870451144204035528004180338788
:107A70008900A2864E868545EF408FA9B337A000C6
:107A800085077D1413556900420405891379F903AC
:107A900041802380F400A380A40023812401239249
:107AA0008400014719C01387190098C409476383EC
:107AB000E7000145F2406244D2444249B2490561BF
:107AC00082800545C5BFC167F917630AF502D9472A
:107AD00063F7B702011122CC2EC606CE2A84EF101E
:107AE0001F81B2456368B50022856244F24005619A
:107AF0006F300F99F240624405450561828005456B
:107B00008280C167F9176314F5006F104FFE4111B1
:107B100006C6EF30EF8511E15D45B240410182803C
:107B200039714ED656D25AD006DE22DC26DA4AD831
:107B300052D4AA8A2E8BB28949EF36C6EFF07FFC69
:107B40009145EF105F8BAA844D492DC9B246054A75
:107B5000238034010544630A0B00B68513851400A5
:107B6000029B0505131405014180E20993D989415F
:107B700063D30902C1455685EF308F8D654905E90C
:107B800033868400A2852685EF30BFE92A8905E186
:107B900031044204418091472C085685231CF10092
:107BA00026CE231D8100EF203F962A8901C9630755
:107BB0000A00268597A0FD1FE78080A6F250625438
:107BC0004A85D2544259B259225A925A025B2161D3
:107BD0008280BA84014AADBF011122CC26CA4AC8AC
:107BE0004EC606CE2A893284B689EFF07FF3AA8486
:107BF00005E1938741B69C4381CF05476317E400B5
:107C000003C4090005041374F40FA2854A85829702
:107C1000F240624426854249D244B24905618280DD
:107C2000AE860147054697050000938565D26FF043
:107C3000BFFA83D705002300F50083D70500A18391
:107C4000A300F5000945828083C72500054723006E
:107C5000F50003D505006397E7000A050505420511
:107C600041818280C9473305F502CDBF03D50500A8
:107C70000A0542054181828083D725002300F50053
:107C800003D5050083D725003305F5020505420518
:107C90004181828003D50500828003D50500828062
:107CA00003D50500828083D725002300F50003D586
:107CB000050083D725003305F502050542054181FE
:107CC000828083D705002300F50083D70500A183B8
:107CD000A300F50083D725002301F50083D72500F5
:107CE000A183A301F50003D545001105420541819B
:107CF000828083D705002300F50083D70500A18388
:107D0000A300F50003D525000905420541818280C5
:107D100089471145639BF60083471600834606009A
:107D20000145A207D58F2310F700828003D70500F5
:107D3000D947AE8663FAE70001470D469705000074
:107D4000938565EF6FF05FE9094582801145639384
:107D5000A60283471600834606000145A207D58F79
:107D60002310F7008347360083462600A207D58FED
:107D70002311F700828083C725000547FD1793F77D
:107D8000F70F6361F70483D705008DCF011122CC73
:107D90002A84C84106CE15C12EC68945EFF0DFB74B
:107DA0002A8722856244B246F240154697050000B4
:107DB0009385C5E905616FF03FE2F24062440945F1
:107DC00005618280094582809547114563F9D70690
:107DD000411122C426C24AC006C683471600BA848F
:107DE00003470600A2073284D98F2390F40083470B
:107DF00036000347260093054400A207D98F23913C
:107E0000F40089472382F40009461385540036891B
:107E10009790FD1FE780209B9307A9FF2394F40010
:107E20009947631BF90023A60400B2402244924400
:107E300002490145410182801904C0C4FDB7828016
:107E400083D705008DCF011122CC2A84C84106CEEC
:107E500015C12EC68545EFF03FAC2A8722856244C6
:107E6000B246F2401D4697050000938565E0056126
:107E70006FF09FD6F2406244094505618280094552
:107E8000828099476395F6048947411106C623020B
:107E9000F7008347160083460600B285A207D58FF8
:107EA0002310F70083473600834626000346470029
:107EB000A207D58F130557002311F700910597905E
:107EC000FD1FE7804090B240014541018280D147CB
:107ED00011456394F600C1474DBF828083D70500EA
:107EE0008DCF011122CC2A84C84106CE15C12EC6E1
:107EF0008945EFF07FA22A8722856244B246F2408C
:107F0000254697050000938565D705616FF0DFCCA6
:107F1000F2406244094505618280094582808947B3
:107F20001145639BF6008347160083460600014512
:107F3000A207D58F2310F7008280011122CC2A845A
:107F4000C84106CEAE86014719C52EC68545EFF05D
:107F5000BF9CB2462A8722856244F2402D4697058F
:107F60000000938565D305616FF01FC711456393CA
:107F7000A60283471600834606000145A207D58F57
:107F80002310F7008347360083462600A207D58FCB
:107F90002311F7008280011122CC2A84C84106CE29
:107FA000AE8611C52EC68545EFF01F97B2462A87CB
:107FB00022856244F240354697050000938525CE20
:107FC00005616FF07FC193F71600114589EB894772
:107FD0006387F60085822312D70010C30145828093
:107FE000011122CC2A84C84106CE15C12EC6854572
:107FF000EFF09F922A8722856244B246F2403D46C6
:1080000097050000938505CA05616FF0FFBCF2403B
:10801000624409450561828083D705008DCF011137
:1080200022CC2A84C84106CE15C12EC68945EFF060
:10803000BF8E2A8722856244B246F24045469705A4
:108040000000938585C605616FF01FB9F240624458
:1080500009450561828009458280854763FCD70216
:108060002304A700A304B700834716008345060036
:10807000A207CD8F2310F7009387E6FF2311F700A7
:1080800089476386F600090650C301458280232292
:108090000700E5BF11458280014781464D46814575
:1080A0006FF09FB38D47114563FBD70283471600DE
:1080B00083450600A207CD8F2310F70083473600C3
:1080C00083452600A207CD8F2311F7009387C6FFB3
:1080D0002312F7006386A600110610C701458280AF
:1080E00023240700E5BF011122CC2A84884506CE4F
:1080F000AE8611C52EC69545EFF01F82B2462A877F
:1081000022856244F2405D46970500009385A5BB39
:1081100005616FF07FAC854711456397F600834793
:10812000060001452300F70082800147814665462D
:1081300081456FF07FAA011122CC2A84C84106CE66
:10814000AE86014719C52EC68D45EFF0EFFCB2464D
:108150002A8722856244F2406D4697050000938588
:1081600085B905616FF0DF9B011122CC2A84C841DB
:1081700006CEAE86014719C52EC68D45EFF0CFF964
:10818000B2462A8722856244F24075469705000070
:10819000938565B605616FF0BF9881471798000019
:1081A0001308C8FB1306F00F3307F80083460700D7
:1081B0001397060141836364E5006393C6008280E0
:1081C00083D605006365D7002390E500828085078C
:1081D00093F7F70FD1BF41119397050122C406C64B
:1081E00026C2C1872E8463D50702EF90CE81AA8470
:1081F00009CD83470500054793C707086364F70067
:10820000EF60E00A2685EF80FEF82165218D29A820
:1082100093F7150099CF97E7FD1F9387A7C3FC57E6
:1082200091C3829713451400B24022449244410105
:10823000828093F7250099CB97E7FD1F938787C12D
:10824000BC5B91C3829713452400F9BF93F7850067
:1082500081CF97E7FD1F9387E7BFFC5FBC5B91C3AE
:10826000829713458400C9B793F7450081CF97E7FC
:10827000FD1F938727BEFC5FFC5791C38297134570
:1082800044005DB793F7050291CF97E7FD1F9387F1
:1082900067BC83A7070983A7070991C38297134582
:1082A000040259B793F7050191CF97E7FD1F938714
:1082B00067BA83A7070983A7C70891C382971345A5
:1082C00004019DB7939725010145E3DF07F497E685
:1082D000FD1F83C696B817E6FD1F034606B897E54F
:1082E000FD1F83C575B717E5FD1F0345E5B6EFB064
:1082F0006FA6096521BF411122C417E4FD1F1304B5
:1083000064B513068012814526C2AA84228506C65A
:1083100023A601B69780FD1FE780604E0145EF2040
:1083200050120145EF20F01997E7FD1FA383978AAC
:10833000B707D707B50717E7FD1F2327F7B2B7A77A
:108340000D0D9387372117E7FD1F2321F7B2B7A73C
:10835000D7079387372117E7FD1F232BF7B0E9775E
:108360009387372117E7FD1F2316F7B07D47814715
:108370002320E40E0327040D2322F40EB7872D04D7
:108380009387F79F5D8F8327440D97E6FD1F23ABEF
:10839000E6B897E6FD1F23ABE6B893E7E73917E7A2
:1083A000FD1F2327F7B897E6FD1F23AFF6B697D733
:1083B000FD1F83C7077F17E7FD1FA30BF7B417E760
:1083C000FD1FA30BF7B4F977FD1717E7FD1F231661
:1083D000F7B817E7FD1F2313F7B8FD4717E7FD1F91
:1083E000230FF7B697E7FD1FA38207AA8567938738
:1083F000F7F017E7FD1F231CF7A817E7FD1F231948
:10840000F7A8EF909E9597E7FD1FA386A7A4930773
:10841000C01C17E7FD1F231CF7AA854717E7FD1FA0
:10842000A309F7A697D7FD1F83D70777A98317E777
:10843000FD1FA303F7AA8D4717E7FD1F231DF7A410
:1084400097E7FD1F23AA07A4B717070693870744DA
:1084500017E7FD1F2324F7A497D7FD1F9387877382
:1084600083D707011307B00F6374F7009307B00FAA
:108470001396070117E7FD1F2313F7A017E7FD1F4A
:108480002311F7A08347C40341829306E600918B32
:10849000C5C3931766009387073DC207C18317E7DB
:1084A000FD1F231FF79C0347D403118B49C71317E4
:1084B00066001307073D4207418397E5FD1F23939D
:1084C000E59CED4532876373B6006D4717E6FD1FE7
:1084D0002313E69A130680143E8763F4C70013073C
:1084E00080148E0697E7FD1F2398E79897E7FD1FF6
:1084F0002396E79897E7FD1F2391D7989307C01C11
:1085000017E7FD1F2318F798B70716009387079002
:1085100017E7FD1F232AF796EF904FEEEF40901AD2
:10852000EF80BFC82244B240924441016F60C02531
:10853000939736009DB713973600B5BF411106C615
:1085400022C426C217E7FD1F0347A79497E7FD1F24
:1085500083C737946369F70001442285B2402244FF
:10856000924441018280AA84930510241305800B54
:108570009790FD1FE78060FE2A8479DD1306800B4B
:1085800081459780FD1FE780802781E4C157230440
:10859000F40097E7FD1F9387E78BB84F3DE717E798
:1085A000FD1F2323879017E7FD1F2321879017E7DF
:1085B000FD1F232F878E23200400054797E6FD1F0C
:1085C0002389E68C0547A304E400130700F9A305FB
:1085D000E40017D7FD1F1307A77B544B184F17D57F
:1085E000FD1F0345655C74C438C87D57230BE40048
:1085F00083C7A704A30EE4062304A4062306F40AF3
:10860000EF809FDBA30AA40089BFF84F00C317E7E0
:10861000FD1F232F87882320040003C7E7030507D6
:1086200071BF8347E501411122C406C69907A3081B
:10863000F5007C4511472308E5002380E7007C45D1
:10864000034715012A84A380E70083475503858BE0
:1086500091E70347450389476319F7007844834747
:10866000070093E707042300F700684493056403B9
:10867000194609059780FD1FE780E01468440356FA
:10868000E4014C5421059780FD1FE780C013930738
:1086900030F9A305F400B240224441018280411127
:1086A0004AC017D9FD1F1309E97A8327490B06C66B
:1086B00022C426C299E3054505AAAA84EF90EF914A
:1086C0008327490B8297EF40C0562A846DD5DC5032
:1086D000AC482324F50803C7B4009307A009631B23
:1086E000F71085472300F51483C734062303F514D8
:1086F000A303F51483C7F50003C705010148A207CA
:108700004207BA9703C7E5001546F905BA9703C7AC
:1087100035FF130584136207BA97232CF40883C727
:1087200055FF03C765FFA2074207BA9703C745FF76
:10873000BA97232EF40883C775FFA30BF40283C7EF
:1087400095FF03C785FFA207D98F231CF40283C7B7
:10875000B5FF03C7A5FFA207D98F231DF40283C766
:10876000D5FF03C7C5FFA207D98F231EF40283C715
:10877000F5FF03C7E5FF232E0413A207D98F231F9C
:10878000F4028147232CF4129780FD1FE780A00399
:10879000B84883473702FD8BA30AF4020347370228
:1087A000ED1793F7F70F15832308E4022D4763684D
:1087B000F7028357A40305679306A7C7E917C20703
:1087C000C18363EEF6008356C4039307301F63E84A
:1087D000D7008357E403130707C8637EF7020355E6
:1087E0008400EF4020650145B24022449244024992
:1087F000410182808327890D13971701E35C07EEFF
:10880000FC4403C7070083C70500F98F9583858B58
:108810002300F514C5B58327890B2285829783270A
:10882000090E03558400294693F7072091E3054676
:1088300093050008EF5050418327890D13971701C6
:108840006359070003558400514693050008EF5013
:10885000B03F83274905FC4B13974700E35D07E4CE
:1088600003C58400A38B0400494693050008EF501C
:10887000B03D91B5411122C406C626C24AC097D761
:10888000FD1F83C7375D2A848DEB034704018547AD
:108890006318F70E8347D40303475404858B631F83
:1088A000F70C1946930564041305E4039780FD1F34
:1088B000E78060FAB334A000A1A883475504DDC760
:1088C0008347B5041307000493F7070C6390E70A86
:1088D000085931C513096404CA851305A502979088
:1088E000FD1FE78000408547AA84631AF5020858F7
:1088F00089472302F404834735001946CA8593E764
:108900002700A302F40451059780FD1FE780A0EB28
:10891000B2402244268502499244410182800347A5
:10892000040185476304F70483470406918B9DEF98
:108930008347C40385EF130544049790FD1FE78028
:10894000404608D805C589472302F404834735000B
:1089500019469305640493E72700A302F404510524
:108960009780FD1FE78020E685445DB78347C403F9
:10897000898B81DF1C5883C7170081FB814449BF65
:1089800083470406918B99F78347D40013F71700A8
:108990000DC3834634010D47639DE60068402C44B7
:1089A0002244B2409244024941011783FD1F6700EF
:1089B0004327898BD5DB034734019547E316F7FA44
:1089C000F1BF411197D7FD1F2382075022C493079F
:1089D00010F906C6A305F500938781B680430DC044
:1089E000854517D5FD1F0345D51EEF805EF693071D
:1089F00010273305F50222832244B240410102834D
:108A0000B2402244410182808347A50199C70347B0
:108A1000A5006314F7006FF0DFFA0347950111CF4B
:108A20008346A5006382E6022305E500894517D544
:108A3000FD1F0345151A6F80BEAEF1DF0347A50089
:108A400079FB2305F500DDB7F9D7E5BF2C493147A0
:108A500083C7150093F7F7032309F5006386E70042
:108A6000930700083E85828083C705000D47BD8BB4
:108A7000A309F500E396E7FE41114AC01309650317
:108A800022C419462A84A1054A8506C626C29780B3
:108A9000FD1FE78040DC9147630F05222C481946F3
:108AA0001305640483C7050089059987858BA30294
:108AB000F4049780FD1FE78000D12285EFF09FDB53
:108AC000A147630A05201305200483044401EFA095
:108AD000FE89620561859307000863CEA41E644485
:108AE0009D472308F4002380F40085472381F40088
:108AF000A381F400CA851946138544009780FD1FA1
:108B0000E78060CC83C7240003C73400014999077C
:108B100093F7F70F136787002381F400A381E40024
:108B20007844BA970357C406A381E70083C724009B
:108B30007844834614063E978357C4069206A18361
:108B4000BD8BD58F2302F70003C7240009071377D5
:108B5000F70F2381E4008356E401E1C28347040652
:108B6000795993F7070491C375593309E94013798B
:108B7000F90F6374D90A8346340675198947137946
:108B8000F90F6391F6168347B4066396071691674B
:108B900093870729F9469387771BB3C7D70217D660
:108BA000FD1F0346A6321366060197D5FD1F238FCE
:108BB000C530138681AC104285650CC6B386D702DA
:108BC000860634D283C6340093E60601A381D4001E
:108BD0007444034624063697A301C70083C62400C5
:108BE000784436972302F70003C724007444A18712
:108BF000BA96034734061607D98FA382F60083C7B7
:108C000024008D072381F4005C54CA973CDC835711
:108C1000E401B38727412319F4068347040693F739
:108C2000070485C703C734007C4483C62400136748
:108C30000704A381E40003475401B697A381E7002A
:108C400083C7240085072381F40003C5240003564D
:108C5000E4014C549307350068443E954DC263606F
:108C6000C90A9780FD1FE78000B60349E40103C7E6
:108C700024009377F70385073E99A30824012381F5
:108C8000E40083475403858B91E7034744038947F6
:108C90006319F70078448347070093E7070423002C
:108CA000F7007C4483451401A380B700930790F933
:108CB000A305F400034534068347B4065D8DEF80B9
:108CC000CFFC014681450D459780FD1FE780803729
:108CD000EF80BFB08147B2402244924402493E85B2
:108CE00041018280054693078042E385C6EA856795
:108CF0009387878445B585679387E71B61BD4A865F
:108D00009780FD1FE78020AC9DB72C4913072002F8
:108D100083C7150093F7F7032309F5006396E71A55
:108D2000011122CC06CE26CA4AC84EC683C705000A
:108D300015472A84BD8BA309F500639CE7021946F9
:108D4000A105130565039780FD1FE780C0B091471B
:108D5000630A05142C4819461305640483C70500EB
:108D600089059987858BA302F4049780FD1FE7800E
:108D700080A52285EFF01FB0A14763050512834649
:108D8000340617D9FD1F1309E9E8054797D9FD1FD8
:108D900083D9C9E883270900637ED71082973746B5
:108DA0000F00AA841306062481461305007D33852F
:108DB000A9028145EF60F074B307950033B5A700B1
:108DC0002E953E878326490019E163E4D700338757
:108DD000D7406444A1472308F40058D02380F4000E
:108DE00085472381F400A381F400194693056403A9
:108DF000138544009780FD1FE780E09C83C7240013
:108E000099072381F40083C7340093E72700A381E7
:108E1000F4008347540481CB78448347070093E7E9
:108E200007F82300F7001946930564041385A4008E
:108E30009780FD1FE780209983C72400990793F747
:108E4000F70F13F7F7030507A308E4002381F400E5
:108E500083475403858B91E703474403894763198C
:108E6000F70078448347070093E707042300F700DF
:108E70007C4483451401A380B7009307A0F9A305A0
:108E8000F400034534068347B4065D8DEF80EFDFC1
:108E9000014681450D459780FD1FE780A01AEF80B0
:108EA000DF938147F2406244D2444249B2493E8551
:108EB00005618280829737460F00AA841306062434
:108EC00081461305803EE5B5930700083E85828004
:108ED00041114AC0138981AC8327090022C41307BA
:108EE000000A06C626C22A84F8D30945EF805F9699
:108EF0009386C1AB9042B7050082FD155C56F19B8D
:108F000093E717005CD6032709005C4393E717003B
:108F10005CC38347840693F7F703139797015C5666
:108F2000ED8FD98F5CD6371700409307700523006B
:108F3000F704930780FA2300F70403068406B54775
:108F400063D0C7168357270293E707012311F7025F
:108F50009C423706330098431377F7E798C398434A
:108F60001377F7E71367071098C3138701AD18430A
:108F70001447D18E14C7832609001306A00DB0CA6A
:108F80005457F59A54D7034724069376F707984326
:108F9000137707F8558F98C337C7898E130767ED86
:108FA00098C737575500644413075755D8C39D4792
:108FB0002308F4002380F40085472381F400A147AF
:108FC000A381F4007C440357C4062382E70083C7CF
:108FD00024007844834614063E978357C4069206BD
:108FE000A183BD8BD58F2302F70003C5240093070F
:108FF000E00F09051375F50F2381A400035624071C
:10900000898F63CFC7047C442C5C0D053E95977017
:10901000FD1FE780407B03C7240083472407937626
:10902000F7038507B697A308F4002381E40083477C
:109030005403858B91E70347440389476319F7007D
:1090400078448347070093E707042300F7007C4434
:1090500003471401A380E700930780F9A305F400F8
:109060008327090078448145171500001305C53989
:10907000B8DBEF805E9597D7FD1FA38C07D08345A3
:1090800034068347B406034614012244B240924496
:109090000249DD8D014541011783FD1F670083FAF9
:1090A00083572702C207C183BD9BC207C18379BD15
:1090B000397152D4138A81AC83260A0022DC26DA65
:1090C00006DE4AD84ED69307000AFCD29387C1AB7E
:1090D0009C43B70533002A84D857719B1367170048
:1090E000D8D798431377F7E798C398431377F7E7F0
:1090F0001367071098C3138701AD184310474D8EAF
:1091000010C71306A00DB0CA5057759A50D7034721
:1091100025061376F7079843137707F8518F98C3FE
:10912000DC420D4793E71700DCC264459D472308E6
:10913000F50085462380F400A38104002381D40038
:109140008347F5056385E70019476396E75285472E
:10915000A381F400194693056403138544009770B6
:10916000FD1FE780406683C7240099072381F40030
:109170000347F40599476316F70483C73400138542
:10918000A40093E72700A381F40083475403898B4D
:109190006385071E0C5883C725016380071E194687
:1091A000D1059770FD1FE780006278448347070070
:1091B00093E707F82300F70083C72400990723816A
:1091C000F40083C7340003C7240093E78700A3811A
:1091D000F4007C44BA970357C406A381E70083C711
:1091E00024007844834614063E978357C4069206AB
:1091F000A183BD8BD58F2302F70003C72400090785
:109200001377F70F2381E4008356C4016386061A9F
:1092100083470406795993F7070491C375597C482D
:109220003309E9401379F90F918B81C73919137903
:10923000F90F81496374D90A834734067519894641
:109240001379F90F639DD7148347B4066392071609
:10925000916993890929F9479389791BB3C9F9025F
:1092600097D6FD1F83C686C693E6060117D6FD1F57
:10927000230ED6C483260A00056690C6B387F9027A
:109280008607BCD283C7340093E70701A381F400AB
:109290007C44834624063E97A301D70003C72400DD
:1092A0007C4493D68940BA972382370183C7240030
:1092B00078443E97834734069607D58FA302F7007C
:1092C00083C724008D072381F4001C54CA973CDC1B
:1092D0008357C401B38727412319F4067C4891467C
:1092E00013F7C700630BD700B1466316D726834632
:1092F00014060347F4076390E626A18BE1C7938722
:10930000019F9C4383298409829717D7FD1F130768
:10931000679063E6A90AB7470F003385A940938792
:109320000724B335F5020356870081463305F5025D
:10933000EF60301DAA89B7074B00138749ED93876B
:10934000B7C763EAE7204946814568009770FD1F6B
:10935000E780E04AB7C70300938737FC63CD371334
:10936000BD09F947B3C9F902B2477977F98FCE0938
:1093700093D93901B3E93701B9A28347D40381CB2B
:1093800078448347070093E707F82300F70019465E
:109390009305E4039770FD1FE780E04231BD8546E9
:1093A00093098042E389D7EA85699389898465B501
:1093B00085699389E91B45B58149014905B75C4336
:1093C000BE9991BF83C7340083453406C18BA1CBBE
:1093D00079460947B389C902835724076395E50293
:1093E0000347B40699078E0709CB9387770D139629
:1093F0001700B299938949293DBF9387A704939693
:109400003700B699C5BF05476397E500BD071397B9
:109410002700BA99C5B7B9078E07BE99E1BF03C740
:1094200024008357C401BA970947639EE5040347A4
:10943000B406D9078E0721C79387770D860717D7FC
:10944000FD1F0347B7A81367170097D6FD1FA38F0B
:10945000E6A603270A00A1669389875214C793875B
:109460005754F946B3C7D702B387D70286077CD7CC
:10947000834714062300B408A30FF4066DBD938739
:10948000A7048E076DBF05476395E500FD078A07B2
:109490007DB7F907FDB7B7872500138747ED63460A
:1094A00037031307C01293896909B3C9E902B247A8
:1094B00089661387F6FFD58F33F7E900F979B3F999
:1094C0003701B3E9E9004EC619A863C037178357BF
:1094D000C1006977F98F1167D98F2316F10083577F
:1094E000640868446C00139707018357C100D98F43
:1094F0003EC68327040A0327C4083EC88327440ABC
:1095000013168700618393F6F70197D7FD1F83C772
:1095100097949D8B9607D58FD18F3ECA83270409D8
:109520004946A2075D8F835784083ACC231EF10079
:1095300083C724008D073E959770FD1FE780A02804
:1095400083C7340093E70702A381F40083C7240094
:10955000C9072381F4008347040693F7070485C7EE
:1095600003C734007C4483C6240013670704A38127
:10957000E40003475401B697A381E70083C72400A2
:1095800085072381F4000356C40161E2014983C6C3
:1095900024008347E40513F7F60305073A999A0771
:1095A000D58FA30824012381F40083475403858BBE
:1095B00091E70347440389476319F70078448347D9
:1095C000070093E707042300F7007C4403471401D6
:1095D000814517150000130525E3A380E7009307D5
:1095E00060F9A305F400784483270A00B8DBEF8014
:1095F0008EBD97C7FD1FA38E077897C7FD1F238BCE
:109600000778834534068347B406034614010145B1
:10961000DD8D9780FD1FE780E0A2F2506254D254A6
:109620004259B259225A21618280B787DAFF938763
:109630006709BE998347D10093F7F7F993E70706C7
:10964000A306F1009307C01231BB03C524000C54DC
:109650009307350068443E956369C9009770FD1F04
:10966000E78060160349C4011DB74A869770FD1F45
:10967000E780601529BF1387E7FF1377D70F6311C2
:10968000071EA381D4009305650319461385440082
:109690009770FD1FE780201383C7240003C73400A1
:1096A00097C9FD1F9389097B990793F7F70F1367F4
:1096B00087002381F400A381E40078440149BA972C
:1096C0000357C406A381E70083C724007844834678
:1096D00014063E978357C4069206A183BD8BD58F8F
:1096E0002302F70083C624009147890693F6F60FFC
:1096F0002381D4000347F4056310F70C8347040665
:10970000795993F7070491C375598357C4013309F5
:10971000D9401379F90F6371F90A034734067519B3
:1097200089471379F90F6318F7108347B406639DCF
:10973000071091679387072979479387771BB3C7EA
:10974000E70203C689071366060197C5FD1F238F2D
:10975000C57603260A0085650CC63387E70206072F
:1097600038D203C7340013670701A381E4007844AB
:1097700003462406BA96A381C60083C62400784413
:1097800036972302F70003C724007444A187BA96D2
:10979000034734061607D98FA382F60083C7240037
:1097A0008D072381F4001C54CA973CDC8357C40105
:1097B000B38727412319F4068347040693F7070468
:1097C00085C783C7340003C7240093E70704A38138
:1097D000F4007C44BA9703475401A381E70083C790
:1097E000240085072381F4000347F405914763179C
:1097F000F7060356C4013DC203C524000C54930769
:10980000350068443E956365C9049770FD1FE78085
:1098100080FB0349C4010347F4059147631AF72805
:1098200083C7890793F7070F93E7570017C7FD1FF3
:10983000230EF768A9BB054693078042E30EC7EEE7
:10984000856793878784CDBD85679387E71BEDB5D3
:109850004A869770FD1FE78000F775BF014965BF15
:1098600093F7B70F0547E393E7D2A381F40093057D
:1098700065031946138544009770FD1FE780A0F427
:1098800083C7240099072381F40083C7340093E73A
:109890002700A381F4008347D40381CB7844834716
:1098A000070093E707F82300F70083475403138565
:1098B000A400898B6387071A0C5883C7250163822C
:1098C000071A1946D1059770FD1FE780C0EF78444D
:1098D0008347070093E707F82300F70083C72400B6
:1098E00003C7340097C9FD1F9389C956990793F799
:1098F000F70F136787002381F400A381E400784405
:109900000149BA970357C406A381E70083C724001F
:109910007844834614063E978357C4069206A18373
:10992000BD8BD58F2302F70083C6240085478906A7
:1099300093F6F60F2381D4000347F4056310F70C68
:1099400083470406795993F7070491C375598357E0
:10995000C4013309D9401379F90F6371F90A034738
:109960003406751989471379F90F631EF710834779
:10997000B406639307129167938707297947938702
:10998000771BB3C7E70203C689071366060197C5AD
:10999000FD1F238DC55203260A0085650CC633873B
:1099A000E702060738D203C7340013670701A38113
:1099B000E400784403462406BA96A381C60083C611
:1099C0002400784436972302F70003C72400744428
:1099D000A187BA96034734061607D98FA382F600EB
:1099E00083C724008D072381F4001C54CA973CDCF4
:1099F0008357C401B38727412319F406834704061C
:109A000093F7070485C783C7340003C7240093E78F
:109A10000704A381F4007C44BA9703475401A3814F
:109A2000E70083C7240085072381F4000347F4057A
:109A30008547631DF7060356C4012DCA03C52400DC
:109A40000C549307350068443E95636BC9049770C6
:109A5000FD1FE78040D70349C4010347F40585474C
:109A600075BB8347D40381CB78448347070093E7D2
:109A700007F82300F70019469305E4039770FD1FCC
:109A8000E78060D4A1BD054693078042E308C7EE96
:109A9000856793878784DDB585679387E71BF9BD65
:109AA0004A869770FD1FE78000D245BF014975B710
:109AB00083C7890793F7070F93E7670085BB0111F9
:109AC00056C297CAFD1F938AEA3883A74A0A06CE70
:109AD00022CC26CA4AC84EC652C4639F07502A8465
:109AE0000945EF70FFD6138981AC0326090093075F
:109AF000000A9389C1AB7CD283A70900B705330064
:109B0000568AD857719B13671700D8D79843137795
:109B1000F7E798C398431377F7E71367071098C3DD
:109B2000138701AD18431447CD8E14C79306A00DBB
:109B300034CA5457F59A54D70347A4009376F707CD
:109B40009843137707F8558F98C38347E400784408
:109B5000BD8B2308F4002300F7001D476444639C79
:109B6000E73C8547A38104002381F4000347F40503
:109B70008D45631FB7288357C401639207187C483B
:109B80001147B18B638DE71631476398E7000347B0
:109B900014068347F4076304F7168547A381F4008E
:109BA000194693056403138544009770FD1FE780F1
:109BB00080C183C72400990793F7F70F2381F4002E
:109BC000034704061377070415C303C7340013675C
:109BD0000704A381E4007844BA9703475401A381A2
:109BE000E70083C7240085072381F40097C7FD1F82
:109BF000238E072C83C624008347E40513F7F6035E
:109C000005079A07D58FA308E4002381F400930782
:109C100040F9A305F40083475403858B91E703477C
:109C2000440389476319F70078448347070093E7A3
:109C300007042300F7007C4403471401B7060082A1
:109C4000FD16A380E700032709005C4393E7170094
:109C50005CC38347840603A6090093F7F7031397B1
:109C600097015C56F58FD98F5CD637170040930764
:109C700070052300F704930780FA2300F704830696
:109C80008406B54763D2D7368357270293E7070187
:109C90002311F70203A70900B7C7898E938767EDE1
:109CA0001CC7B7575500938757555CC38347A40615
:109CB000834444068145170500001305E574DD8CD7
:109CC000894717C7FD1FA308F70C97C7FD1FA3827D
:109CD000070C832709007844B8DBEF70DECE03461B
:109CE00014016244F2404249B249224A924AA6858E
:109CF000D244014505611773FD1F6700A334A147D6
:109D0000A381F4008357C4062382F4008357C4065A
:109D1000034714067444A1831207BD8BD98FA38215
:109D2000F60083C624000547890693F6F60F2381C3
:109D3000D40083478A07032609006313F706034705
:109D4000440689476316F71E0347A40693876600F7
:109D50008E07630B071C9387770D8607231AF4067B
:109D60008357440703478401F9459387070AB3875C
:109D7000E702094517C8FD1F230AA814056508C690
:109D8000938707FBC207C18393877716B3C7B702D0
:109D900013970701B387B702418386073CD21DA002
:109DA0003852F94705833357F7023C526C5285838A
:109DB000FD8BAE977CD28D4717C6FD1F2308F6108A
:109DC0004207418383C7340093E70701A381F4006E
:109DD0007C44BE968347240693E70704A381F600DC
:109DE00083C624007C44B6972382E70083C6240000
:109DF0007C4421837D8BB697834634069606558F27
:109E0000A382E70083C724008D072381F400DDB31C
:109E100099466319D70A0357C4014DE7A381F4009B
:109E2000138544001946930564039770FD1FE7806E
:109E3000809983C724001385A40099072381F40027
:109E400083C7340093E72700A381F40083475403BA
:109E5000898BB9C70C5883C72501B9C31946D105E9
:109E60009770FD1FE780209678448347070093E7AB
:109E700007F82300F70083C72400990793F7F70F2B
:109E80002381F4000347040613770704E30007D691
:109E900083C63400784493E60604A381D4002DBB26
:109EA0008347D40381CB78448347070093E707F8BF
:109EB0002300F70019469305E4039770FD1FE78020
:109EC000809055BFA147A381F4008357C406238225
:109ED000F4008357C406034714067444A183120791
:109EE000BD8BD98FA382F60083C62400054789065F
:109EF00093F6F60F2381D40083C78A07032609004F
:109F0000E30FF7E23852F94705833357F7023C5223
:109F100068528583FD8BAA977CD297C7FD1F238744
:109F2000B7FA4207418379BD9387A7048E073DB5F1
:109F30009387E600E5BF0547639CE708B147A308A0
:109F4000F40083475403898BADC30C5883C72501A4
:109F5000A9CF1946D105138584009770FD1FE780AE
:109F6000808678448347070093E707F82300F700CB
:109F7000684419469305640309059770FD1FE7803F
:109F8000808483278A0D13971701635D0700834739
:109F9000E400B98B81EB78448347070093E707021D
:109FA0002300F700930720F9ADB18347D40399C785
:109FB00083C7040093E707F82380F4006844194638
:109FC0009305E40321059760FD1FE780C07F4DB72F
:109FD0000356C4010C54138584009307660093F75D
:109FE000F703A308F400C5B783572702C207C1834C
:109FF000BD9BC207C18369B9F2406244D244424961
:10A00000B249224A924A05618280411197C7FD1FD9
:10A01000938747E422C4A05306C605478346C4007D
:10A020006390E60283C7870711476315F70022850F
:10A03000EFE03F9922852244B24041016FF03FA8F2
:10A04000B24022444101828097C7FD1F938787E079
:10A05000BC4F99E33E85828003C78700E30CA7FECF
:10A060009C43C5BF011106CE22CC26CA4AC84EC6A3
:10A07000EFF09FFD11E98144F24062442685424998
:10A08000D244B24905618280834755032A8489EF0F
:10A09000194697C5FD1F938565EA1305640397600C
:10A0A000FD1FE7804072B5A80547639EE70097C78C
:10A0B000FD1F83C747DAC944E1D3194697C5FD1F81
:10A0C000938525E8D9BF1C59A1EB8347C503230A13
:10A0D000050291EB034754038547230AF40289479D
:10A0E000E317F7FC75B71305C5039780FD1FE780DD
:10A0F00000C608D815C1EF4020420C5883C7A50000
:10A1000081CF8947230AF4021946B1051305640378
:10A110009760FD1FE780206B034744038947E31BDB
:10A12000F7FA97C7FD1F83C7F7D29DCB8347C403B8
:10A1300085CB83473404130700041305C40393F746
:10A14000070C6397E7109780FD1FE78080C508D84C
:10A150001C5899C783C7270181C78947230EF4027A
:10A160008344C40089F885470349E4002306F400CA
:10A17000A304F40017C7FD1F034757A397C7FD1F8C
:10A18000238A07CC93170701231BE4069376F90073
:10A190001947C183637AD7068346440609479389E2
:10A1A00047006394E6009389C7038356C40183453F
:10A1B000340617C7FD1F034747BE1305A00F9307BB
:10A1C000E70B231B3407138726000946B3D6A602E4
:10A1D0000E0717C5FD1F035565A46390C508130737
:10A1E000A7040E073E979397A600BA9737460F002D
:10A1F000130606248146B3A5A7023305F502EF50E6
:10A2000050304E95231BA4068357E40623180406FA
:10A21000B1CB034564019307F00F6307F500EF70BE
:10A220008EEDFD57230BF4000356E40693066401FC
:10A230001206A2851715000013050597EF700ED8BA
:10A24000854517C5FD1F0345D598EF706EAD2DB53B
:10A250009780FD1FE780A0AFDDBD6D073E97939708
:10A26000960061B78547E31DF9FC03456401930738
:10A27000F00F6307F500EF700EE8FD57230BF400B5
:10A280000566930664011306068065B7411106C68C
:10A2900022C42A84EF706FD4228523060400A3050C
:10A2A0000400A3040400EFE0CFF1854517C5FD1FAE
:10A2B00003453592EF708EDF894517C5FD1F0345B5
:10A2C0005591EF70AEDE034564019307F00F63070D
:10A2D000F500EF704EE2FD57230BF400B24022442C
:10A2E000410182802C49411106C622C426C24AC0BF
:10A2F00083C715007D4793F7F7032309F500E91796
:10A3000093F7F70F637BF70093040008B2402244F1
:10A310002685024992444101828083C70500BD8B96
:10A32000A309F500F51793F7D70FF9FF2A8419460B
:10A33000A105130565039760FD1FE780C051914497
:10A3400071D52C4885472302F40483C705001946BC
:10A3500089059987858BA302F4041305640497602B
:10A36000FD1FE78040462285EFE0CFD085472A8950
:10A37000E31CF5F8034734019547631EF702EF002D
:10A38000906B97C7FD1F83C757828D8B6375F5024E
:10A3900083470401E36AF9F69387019F9C43814454
:10A3A000829748D02285EFE08FAFE31125F7228511
:10A3B000EFF0DFEDA1BF8347040181C71947E395A3
:10A3C000E7F41305200483044401EF803EFA62059C
:10A3D0006185E3CBA4F22285EFE0AFA48347A40616
:10A3E000034544068345140181445D8DEF70EF8978
:10A3F000014681450D459770FD1FE780A0C4EF70B1
:10A40000CFBD29B7397126DA97C4FD1F938484A480
:10A4100022DCA0504AD84ED652D456D25AD05ECE64
:10A4200062CC66CA06DE314B977A0000938A8AD4E2
:10A43000914B17C9FD1F1309A995938981AC0D4C48
:10A4400097BCFD1F938C0C75130A44018347B4001D
:10A450009387E70693F7F70F6367FB188A07D6978A
:10A460009C43D69782870146930550020145EF70C1
:10A47000AF9613065002814505459770FD1FE78092
:10A4800060BC83473900858BD1C3284881465286FA
:10A49000814597C7FD1FA38E078E9770FD1FE7802C
:10A4A00080B001E52285EFF0FFE30347B400930796
:10A4B0003009E30DF7F8EF704FB22285EFE0CFD40B
:10A4C000F2506254D2544259B259225A925A025B03
:10A4D000F24B624CD24C2161828083472900858BEC
:10A4E00095C397C7FD1F2386078A83470401054745
:10A4F0006375F7001947E390E7FC9307B0F9A305EC
:10A50000F400A9B783A70900FC53A9F397C7FD1F5F
:10A51000238207884DB783472900858B6387073CD3
:10A5200097C7FD1F238707869384C1ADEF70EFAAFD
:10A530009C409DCBDC438DCB89472302F1008347B0
:10A540005404130561001946A302F1008347440136
:10A55000930564042306F1009760FD1FE780A026A1
:10A560009C404800DC4382978347740689CF83452B
:10A5700054040345840013066404EFA03FB18347ED
:10A580007406898B9DFB2285EFE0AFC315BF83471F
:10A59000B406034534060146930550025D8DEF7005
:10A5A000AF830146814505459770FD1FE78080A96F
:10A5B00083473900858B638F07322848814652864E
:10A5C000814597B7FD1FA386077C9770FD1FE78025
:10A5D000809D01E52285EFE04FF30347B400930728
:10A5E000A009E305F7E6EF704F9F71BF8347B406FC
:10A5F000034534060146930550025D8DEF60DFFD93
:10A600000146814505459770FD1FE780A0A383475C
:10A610003900858B6380072E284881465286814504
:10A6200097B7FD1FA38707769770FD1FE780A09758
:10A6300001E52285EFE08FC10347B400930790093D
:10A640004DB783472900858B6381072A97B7FD1F84
:10A6500023810774EF706F9883C7840709476307E6
:10A66000F70083C784070D476315F70283A6090027
:10A6700003574407BC521307C712858363FBE700E7
:10A68000930750F9A305F400BC528583E39007DCDF
:10A69000DDBD034794018347A4011DCF8346A40079
:10A6A0006302D7286387F6002305E4002285EFF0D4
:10A6B0000FC18347790093F7F70FE39907D883C752
:10A6C000840709476307F70083C784070D47E31C26
:10A6D000F7EA930750F925B5E9DF0347A40071FBBA
:10A6E0002305F400E1B783C78407E39EFBFE2285C0
:10A6F000EFE01F9CA1BB83472900858B6387071E62
:10A7000097B7FD1F2387076883C78407C18B85C759
:10A71000EF70AF8C83C7840793F70702E5DF83C729
:10A720008407228593F7F70C17B7FD1F2300F77AEC
:10A73000EFE00FFA21BB83C79407858B91C7EF70B9
:10A74000CF899307E0F965BB83C784071547BD8BA5
:10A75000639CE700EF00302E83C77C018D8BE37490
:10A76000F5E89307D0F961BB83C784071947BD8B10
:10A77000E39BE7E69307C0F959B383472900858B2C
:10A78000E38607CC97B7FD1F2385076083C784073F
:10A79000C18B89CBEF706F8483C7840793F707025F
:10A7A000E5DFB5BF83C79407858BD1FB83C78407DB
:10A7B0001547BD8BE387E7FA83C784071947BD8B2D
:10A7C000E38AE7FAEF706F81E5B9FC58230E84073E
:10A7D000228582970347B40093077009E308F7C600
:10A7E000C5B183473900858B95C7EF601FFF9387FD
:10A7F000C1AB98437C53ED9B7CD397B7FD1F238E51
:10A8000007583717004083578701C607C583231CA5
:10A81000F70095BB83A70900FC53E39907C2EF60DB
:10A82000DFFB9387C1AB98437C53ED9B7CD397B7F9
:10A83000FD1F238407563717004083578701C6073B
:10A84000C583231CF70097B7FD1F2385075425BB3D
:10A8500083472900858BD1CB97B7FD1F238B0752E8
:10A8600083C78407C18B9DC383C7840793F70702FF
:10A87000E5DF2285EFE0CFE583C7840793F7F70C88
:10A8800017B7FD1F2304F764EF603FF52285EFE063
:10A890004F939384C1AD9C409DCBDC438DCB8947C6
:10A8A0002302F10083475404130561001946A302F3
:10A8B000F10083474401930564042306F100976087
:10A8C000FD1FE78040F09C404800DC4382978347AF
:10A8D0007406858BE38607BE8345540403458400D4
:10A8E00013066404EFA08FFAE1BE83A70900FC53AE
:10A8F000E39E07B497B7FD1F238E0748EDB197B7C6
:10A90000FD1F83C70749858BF5D797B7FD1F2382A6
:10A910000748EF609FEC2285EFD07FD82285EFF0CB
:10A92000FF9679BEE38707D865BB411197B7FD1F36
:10A930009387475222C4E04B06C626C2630804240C
:10A940008346C40005476393E62497B6FD1F83C67C
:10A9500096441547638BE60017B7FD1F130747435F
:10A96000034777008D46639DE6002244B24092443F
:10A9700017B5FD1F0345F525854541016F605EBA9A
:10A9800083C707008356040217B7FD1F232487528D
:10A99000850793F7F70F17B7FD1F230DF74A130726
:10A9A00000643347D70263C8E700EF70EEC597B77E
:10A9B000FD1F2381074A0347E4009D476317F704FF
:10A9C0008347940685CF8356040763E6F6028345E2
:10A9D000840093073004A30BF4001305300493F6AE
:10A9E000F60F0146EFA04FEA22852244B24092447E
:10A9F00041016FF0BF8985062318D4069305300204
:10AA00000545EF70EEB92301A406854717B7FD1F72
:10AA1000230EF74A034784018D476319F70AEF6055
:10AA2000BE9D0D8901ED930770022305F400930785
:10AA30005002A30CF4009307600231A8854763100D
:10AA4000F508930760022305F40093075002A30C56
:10AA5000F40093077002230DF4000347E4008547D8
:10AA600097B4FD1F83C4F4166318F70E035604024F
:10AA700085452685EF601EC283475403898BEDC749
:10AA80008347C403F5C30C58E5C183C7A500E9CFCC
:10AA90008947230AF4021946B10513056403976038
:10AAA000FD1FE78040D20347C407894763E2E70CF4
:10AAB00022852244B240924441016FF04F809307B7
:10AAC00050022305F40093077002A5B78946834717
:10AAD000F4006319D70213F7170011CF13075002C0
:10AAE0002305E400898B81CF93076002A30CF40057
:10AAF000230D04009DB7930760022305F40093071C
:10AB00007002EDB79DC313F7170001CB93075002F6
:10AB10002305F400A30C0400E1BF898B81C79307D0
:10AB20006002FDB793077002E5B7834794011307EE
:10AB300040026365F7009307500201A8850793F769
:10AB4000F70F13077002E368F7FEA30CF4008347C6
:10AB500094012305F40069BFB9450545EF704EA483
:10AB6000035604022A9629B78547230AF40225BF13
:10AB70009387019F9C4383248409829763EDA400FB
:10AB8000835764073385A440E374F5F2B24022444E
:10AB900092444101828097B7FD1F9387A707DC434A
:10ABA000BE94F9BF011122CCFD5706CE230BF50050
:10ABB0008357E5062A849DC783460507834585009C
:10ABC0009307C003A30BF50001461305C003EFA0D4
:10ABD000AFCB0945EF60DFC722856244F2400561D3
:10ABE0006FF0CFEA8347E5000547BD8B6386E7003A
:10ABF00083470506918BF1DF97B7FD1F9387872564
:10AC000083A7070E93F7072085C302C402C202C0C0
:10AC10008148014881470147814605468145130522
:10AC2000C003EFA00FC475B702C081480148814737
:10AC300001478146054681451305C003EFA04FC07B
:10AC400049BF23A4A1B68280411106C697B7FD1F54
:10AC500083C737F889EB17D5FFFF13050558EF6059
:10AC6000DEE8EFD04FE997E7FFFF9387678D17B7CF
:10AC7000FD1F2323F72497F7FFFF9387E73E17B7BE
:10AC8000FD1F232DF722B24097070000938727CAA4
:10AC900017B7FD1F2326F72297F7FFFF9387273764
:10ACA00017B7FD1F2320F7224101828011C9832796
:10ACB000050A93E707082320F50AFD572303F50249
:10ACC000828023A8A1B6828097B7FD1F938787183B
:10ACD000BC4B9C5799E33E85828003D78701E30CE8
:10ACE000A7FE93878705FDB7011122CC06CE2A84E3
:10ACF000034565029307F00F2E866309F5002EC603
:10AD0000EF607EBF3246FD572303F4028347A4025F
:10AD1000035784049306640293E707062305F402AD
:10AD200083570404A285F240BA972313F4046244C3
:10AD3000170500001305C5F705616F603EA80111F6
:10AD400022CC06CE2A84034575029307F00F2E8687
:10AD50006309F5002EC6EF601EBA3246FD57A30305
:10AD6000F40293067402A2856244F24017150000B3
:10AD70001305A5EB05616F607EA4011122CC06CE00
:10AD80002A84034585029307F00F2E866309F50098
:10AD90002EC6EF605EB63246FD572304F4029306DA
:10ADA0008402A2856244F24017150000130585EA6B
:10ADB00005616F60BEA003467514ED4797B5FD1F92
:10ADC00083D5650B97B6FD1F83D6A60B17B7FD1F5E
:10ADD0000357470B2310F51C231EF51A231CB51A25
:10ADE000231AD51A231BE51A8947630BF606930726
:10ADF0008014834865142311F51C094817B6FD1FFC
:10AE0000130646056392080703568602231DC51ADA
:10AE10000566130606A9231FC51A6D482E8663739F
:10AE2000B8006D46931506012314C51C6D48C181F9
:10AE300036866373D8006D462312C51C8356E51B06
:10AE40000356A51B6373D600B2862315D51CBA869C
:10AE500063F3E700BE862313D51C2307B504828065
:10AE60008567938707A971B703566602231DC51A24
:10AE7000130680144DB70347651489468357A51CF4
:10AE8000631ED70283568514938787E899C6B3C794
:10AE9000E702938757FD214731A02147B3C7E70257
:10AEA000938757FDB3C7E7020357851CC207C183C9
:10AEB00063F3E7003E872307E50482808546631637
:10AEC000D7009387C7FB1147F1BF938707FBE1B713
:10AED0008357451B0357051C411106C663F3E70062
:10AEE0003E87931807018357251C0357651B93D88A
:10AEF00008016373F700BA87139807018356C51BCF
:10AF00008357851B1358080163F3D700BE86035788
:10AF1000A51B8357E51B13930601135303016373AA
:10AF2000F700BA8783467514C2070947C183639A3D
:10AF3000E6000566130606A942876370C8023287D9
:10AF400029A8032705109316470163CC0600056660
:10AF5000130686844287E36406FF1318070113581B
:10AF60000801834665140947639EE6060357A50357
:10AF70009306204E3307D70293F6F80F9A061386EE
:10AF8000F63C9386C64F634406019306C812158F9C
:10AF900063D3E7003E87420705664183130606A98F
:10AFA000BA876373C700B287C207C1830356451CC3
:10AFB00013F7F80F9376F30F6316E6040356651C38
:10AFC000631206050356851C631ED6020356A51C94
:10AFD000631AF602230E0506EFF0FFE90945B240B9
:10AFE000410182800327051093164701E3C006FC48
:10AFF000056613068684BE856373F600B285939753
:10B00000050165B70546230EC5062312E51C23136B
:10B01000051D2314D51C2315F51CEFF0DFE50145B4
:10B020007DBF0357A51B8357E51B411106C66373FC
:10B03000F700BA87034665141397070189464183D1
:10B04000631BD6068566938606A96373D700B68709
:10B050001397070141838357A51C6387E700854742
:10B060002315E51C230EF5060357651B8357251C86
:10B070006373F700BA87034675141397070189466F
:10B0800041836317D6048566938606A96373D70048
:10B09000B6871397070141838357651C6387E700D1
:10B0A00085472313E51C230EF506EFF0DFDCB240E5
:10B0B000014541018280856713868784E37DE6F838
:10B0C0008326051093870780F58FD1F7328761B704
:10B0D000856713868784E371E6FC832605109387D2
:10B0E0000780F58FD5FB328745BF0357A5049547E9
:10B0F0000356E503B307F7028356A50393D53740FC
:10B100006355B600118F93173700B3C7D702C20734
:10B11000C1832314F5048280832745110D469306CD
:10B12000F00F03C707000D8BA306E5006314C700EB
:10B1300083C62700A30BD50003C70700418B230953
:10B14000E50083C71700230BF50082808347C50005
:10B15000CD9B2306F5008280832745110347C50058
:10B1600083C70700935637408987B58F858B99C76A
:10B17000134787002306E50001458280054582804C
:10B18000832745110347C50083C70700935627400F
:10B190008D87B58F858B99E7134747002306E50018
:10B1A00001458280054582808327450E850723223D
:10B1B000F50E91E78327850E85072324F50E832757
:10B1C000850E93F7070891C785472322F50E2324A0
:10B1D000050E8347A50293F7070491CF8357050413
:10B1E00003578504BA972313F5048327450A93F779
:10B1F000F7BF2322F50A82808327C50E8507232601
:10B20000F50E91E78327050F85072328F50E832781
:10B21000050F93F7070891C785472326F50E2328C6
:10B22000050E8347A50213F7070409C793E7070232
:10B230002305F502828097B7FD1F9387A7C183A7D7
:10B2400087090145054791E3828083C6B700639370
:10B25000E60005059C43C5BF411122C491452A84DF
:10B26000014506C6EF60DEB3231BA40417B7FD1F1C
:10B27000035747C9854763F1E7060355A41C835765
:10B28000641C37460F0013060624AA9793871727D6
:10B2900017B5FD1F03558598B3A5A7028146330551
:10B2A000F502EF401026835704040357E405835545
:10B2B000840505461D8F3307B702832704091383CE
:10B2C000F5FF130E80023E9797B7FD1F938787B84F
:10B2D00083A8870963666600B240224441018280E8
:10B2E0003308C603C687FD563A9881E7231BC4047A
:10B2F000E5B76314F4001C40F5DB83AEC708639820
:10B30000BE0083A60709B306D840B3F6B60263E4CD
:10B31000A6009C43D9BF090675BF17B7FD1F035789
:10B3200067BE854763F1E70A411122C48357651C54
:10B330002A840355A51C37460F0013060624AA9736
:10B340009387172717B5FD1F0355458DB3A5A70292
:10B35000814606C63305F502EF40B01A0346540590
:10B3600097B7FD1F938707AF83A887097D1685468A
:10B370001303800263E6C600B2402244410182808A
:10B380003387660283270409FD553E97C68781E708
:10B39000231BD404D5B76314F4001C40F5DB03AEC3
:10B3A000C7080328C408631A0E0103A80709B305D8
:10B3B000E84063640701B305074163E4A5009C43CB
:10B3C000F9B7850645BF828017B7FD1F035787B3BE
:10B3D000854763F5E70E411197B7FD1F938787A750
:10B3E00022C403A4870906C626C2A28789EB09ECFA
:10B3F000230E0500B240224492444101828003C7DB
:10B40000D7016DFB9C43DDB76314A40000406DD0F1
:10B410008347B400D5E30327C4088327C508630D19
:10B42000F7080347C50193070008AA84631DF704C2
:10B430008357A403194693050008231AF506231B16
:10B44000F5068357C403231DF5048357E403231E25
:10B45000F50403558500EF20307F8547A38EF40067
:10B4600083C7C40193F7F707238EF40013058406FE
:10B470002244B240924431469305F00F41011753E4
:10B48000FD1F6700C3378357A503194693050008BE
:10B49000231AF406231BF4068357C503231DF40463
:10B4A0008357E50303558400231EF404EF20D0796D
:10B4B0008947A30EF4005DBF004015BF230E0500B1
:10B4C0008280411126C206C622C417B7FD1F03574A
:10B4D00067A38547AA8463F8E71A83278510898BB9
:10B4E0006383071A97B7FD1F9387C79683A78709BA
:10B4F000BE85ADED03D6841C01447D58130626029B
:10B5000005862D067D55A5EB630E04108347B40018
:10B510000357A403D5EB8947231CE404A30AF404CE
:10B5200003570406835704042285BA97C1071D8B6D
:10B53000998F231FF4048357C403231DF4048357F6
:10B54000E403231EF404EFF03FD18327440A93E77A
:10B5500017002322F40A8547230AF4008D47A30E1F
:10B56000F400B240224492444101828003C7D501D5
:10B570006DFB8C41BDBF98436394970051D7BA8748
:10B5800083A6070903A7040963E2E6023387E640BE
:10B5900083A6C40863F4E6003377D7026376A70076
:10B5A0003A856373C700BE859C43B1BF158F83A6E0
:10B5B000C70863F4E6003377D702E37707FF3A88DA
:10B5C000E374C7FE3E84CDB783D7A403B3F7E70285
:10B5D000C9FB9D46994763F5E600935717008D0711
:10B5E0000567231AF406130707C88A076353F70091
:10B5F000BA87231BF4068357C4030355840013063C
:10B600005002231DF4048357E40393050008231E0E
:10B61000F404C947A30EF4002244B240924441010D
:10B620006F209062ADC103D7A40383D7A503B3F7FE
:10B63000E702B1EB8387C40163D707049D469947AE
:10B6400063F5E600935717008D070567239AF40604
:10B65000130707C88A076353F700BA87239BF406CA
:10B6600083D7C40303D5840013065002239DF4043A
:10B6700083D7E40393050008239EF404CD47A38EEB
:10B68000F400EF20705C238E0400E1BD97A7FD1F3E
:10B6900083C70759AA85A5E723AA01B697B7FD1F57
:10B6A00023AA07848357650817A6FD1F035606576C
:10B6B00003270509B387C70237460F009306F62311
:10B6C00013060624B697B3D7C70217A6FD1F034675
:10B6D000F64D3E96636EC7003306C74003A7C50804
:10B6E00093869502171500001305E53D6F50BED5F2
:10B6F00097A7FD1F93870752DC433E97F1BF8280D7
:10B70000938701B79843011126CA06CE22CC4AC8B6
:10B710004EC6AA8451C7BE8917A7FD1F0357877E4F
:10B720008547631FF70603D4640897A7FD1F83D7D7
:10B73000E74E032505093304F402B7470F001387CA
:10B74000F7239387072417A9FD1F1309A94C3A94DF
:10B750003354F402636F85069387019F9C4333043F
:10B7600085408297636BA406B307A44017A4FD1F0E
:10B770000344D443058083A9090001456371F402A1
:10B7800037450F003384874013050524B335A402E1
:10B790000356890081463305A402EF408056829902
:10B7A000930700FB2387F40097A7FD1F83C7474734
:10B7B00095EF83C7940262448545F240D2444249E2
:10B7C000B249B395F500C205C181014505616F50CD
:10B7D0003ED5832749003E9541B7330785408147D1
:10B7E000E35607F8832749003E94BDBFF240624408
:10B7F000D2444249B24905618280411106C6EF1028
:10B80000404319C983278511014581E7B2404101B1
:10B8100082809C430505D5BF7D55CDBF97A7FD1FF1
:10B820009387476383A7470A411122C426C206C6ED
:10B830002A84AE846396A70097A7FD1F23AE076AEC
:10B840008327041281CB0355840001469305000829
:10B85000EF20903F8357440481CB035584004D462D
:10B8600093051008EF20503E0355840015469305BC
:10B870001008EF20703DB240230A94042305040011
:10B8800023080400224492440145410182808347F9
:10B89000A5006388073883570508411122C406C6EE
:10B8A00026C285072310F5088347F500230C050001
:10B8B0002A8413F7270005E703570504954763E437
:10B8C000E700014501A89305E003EFF03FF5A3056C
:10B8D000A4020945B240224492444101828013F7F8
:10B8E000070239CF93F7F7FDA307F5008327050A71
:10B8F0000347B500A305050293E747002320F50A97
:10B900008547631FF7028357A5031306204E0327BD
:10B910004509B387C70297A6FD1F83C626299386CC
:10B920000605B3D7E702034775033307C702B69787
:10B93000C207C1832312F5088607BA972311F508B9
:10B9400083471401858BF5CB8357E4050357040423
:10B95000639CE7288357C4038355C40503458402C9
:10B960002310F40683475405231FB4029205A30B4A
:10B97000F40283576405F915231CF4028357A405C8
:10B98000231EF402EF505EBF8346B4002310040868
:10B990008357840317A7FD1F035747286395061E87
:10B9A000B387E7021307003217A6FD1F130686268A
:10B9B000504293870719B3D7E70203270409D10739
:10B9C0003E97BA866364F7006364C700B306C74056
:10B9D000835784052328D408231DF4028347D40108
:10B9E00081C72285EFF07F938357A40317A7FD1F1C
:10B9F0000357C72293060032B387E70223110402DC
:10BA000033D6D702B3F7D7029306204E2326C408B5
:10BA1000B387D702B3C7E7022310F40283570404A5
:10BA20002312F4028347F40093E70702A307F4000C
:10BA300083471401F99BA308F40083471401898B01
:10BA4000B9C70357E41283570404B306F7401396AB
:10BA500006016340061A631CF702814701489304FC
:10BA60008413232CF412232E0413154693058412F9
:10BA700026859750FD1FE78000D52685EF10E06BE7
:10BA800083471401A306A412F59BA308F40083477F
:10BA9000140113F7070125CB8356C414035704047C
:10BAA0003386E6409315060163C50514639DE604DD
:10BAB000BD9BA308F4008347A41481CB13F7270090
:10BAC0006303071485472303F4148347B41481CB1D
:10BAD00013F72700630007148547A303F414228596
:10BAE000EFF02FD48347C40799C78327040A93E74D
:10BAF00007102320F40A8327040AA305040293E70E
:10BB000007202320F40A8347140113F7070221C3F7
:10BB100017A7FD1F13070734384B1306800583460C
:10BB200047001857B386C60236978356C701035796
:10BB300004043387E64013160701634A06000357DF
:10BB4000C4146316D70093F7F7FDA308F4008347E6
:10BB5000A40293F70704E38607D6035764048357C8
:10BB60000404E310F7D6034704019307A004631508
:10BB7000F70085472308F4008327440A93E707402A
:10BB80002322F40A3DBB8346441783558405A18ACA
:10BB900099CE03560404835664170355A403918E6B
:10BBA000B386A602B3C6B602B296231BD41695CBB3
:10BBB000B307F7021307003217A6FD1F1306860509
:10BBC000504293870719B3D7E702032704093E972A
:10BBD000BA866364F7006364C700B306C7402328CE
:10BBE000D408231DB40209B5998F13970701E356B2
:10BBF00007E4930580022285EFF05FC2A305A4024B
:10BC000013058002C1B9918B99C389476DBD230388
:10BC1000041465BD918B99C38947C1B5A30304146E
:10BC20007DBD0545828005C541119305200222C4D2
:10BC300006C62A84EFF09FBEFD57A305A402230881
:10BC40000400A303F402B2402244410182808280B6
:10BC50000DC9411122C406C68347F5002A84930505
:10BC6000E003898B91C3A145EFF05FBBFD57A305AE
:10BC7000A402230804002304F402B2402244410138
:10BC8000828082808327050A797122D406D626D243
:10BC90004AD04ECE52CC56CA2A846387073613F751
:10BCA000270019CBF59B2320F50A0355850019467B
:10BCB00093050008EF2040798327040A13F7470013
:10BCC0004DC3ED9B2320F40A8347A40293F7070496
:10BCD00091CB8327440A228593E707402322F40A65
:10BCE000EFF0AFC00347B4008547034644018356D5
:10BCF0002406631AF76C8357A4031307204EB387F7
:10BD0000E70203274409B3D7E70217A7FD1F03473C
:10BD1000E7E913070705BA97C207C1830347B402CF
:10BD20002312F40886072311F4089307000819C3A7
:10BD300093070004230EF40019E68347A40293E757
:10BD400017002305F40281EA035584000D4693058C
:10BD50000008EF20606F23110406230A0400A30EDD
:10BD600004008327040A13F787000DC303558400DA
:10BD7000DD9B2320F40A154693050008EF20C06CD4
:10BD80008347A40293E747002305F4028327040AAC
:10BD900013F7070139C7BD9B2320F40A8347D40456
:10BDA00003558400214689C7A30604041306000333
:10BDB00093051008EF2040698347C40489CF832787
:10BDC0008410C18B89CB8355A40422859205C205BA
:10BDD000C181EFE07FF18347A40293E717002305B9
:10BDE000F4028327040A13F7070415CB0347F4046E
:10BDF00093F7F7FB2320F40AA14763FBE70083478F
:10BE0000B40099E78327440A93E707012322F40A41
:10BE100003558400314693051008EF20E062832724
:10BE2000040A13F7070245CB8346B40093F7F7FDE6
:10BE30002320F40A0327C4108327841099EA137778
:10BE4000070801CB0327440A37064000518F2322FD
:10BE5000E40A93F707026383075AADE28357641B32
:10BE60000357641C6304F702834674140947639103
:10BE7000E6580567130707A9637AF7008327440A82
:10BE8000056713070780D98F2322F40A8357A41B61
:10BE90000357A41C6304F702834664140947639C98
:10BEA000E6540567130707A9637AF7008327440A56
:10BEB000056713070780D98F2322F40A03558400EE
:10BEC000114693050008EF2020588347A40293E70A
:10BED00017002305F4028327040A13F7071005C788
:10BEE0000355840093F7F7EF2320F40A230E04068A
:10BEF0001D4693050008EF2020558347A40293E7D1
:10BF000017002305F4028327040A13F7070809CF53
:10BF10000355840093F7F7F72320F40A13067005FE
:10BF200093051008EF2040528327040A13F70720D7
:10BF300031C393F7F7DF2320F40A83476414230FF8
:10BF40000400A29703856716A301A414EF508FCDB8
:10BF50002301A4142285EFE01FF20355840031462B
:10BF600093050008EF20404E8347A40293E7170093
:10BF70002305F4028327040A139727016357070058
:10BF800079777D17F98F2320F40A8327040A139702
:10BF90000701635A07048345040317A5FD1F0345E2
:10BFA00095EBEF509ED78357A4031307204E232A07
:10BFB000A408B387E70261777D17B3D7A70217A557
:10BFC000FD1F0345A5BE13050505AA972312F40816
:10BFD0008347A40293E717002305F4028327040A8A
:10BFE000F98F2320F40A8327040A858B91CF834796
:10BFF000A40283454405228593E717002305F40234
:10C00000EFF0DF81A305A4028307141685C7030799
:10C01000440399463306F74063D9C63E8327440A52
:10C02000B7061000D58F2322F40AED57A302F416A9
:10C03000A300E4168347A41613F7270045C383061D
:10C0400044030307241663DCE6000327440A37068B
:10C050001000518F2322E40A1147A302E4160307BC
:10C060003416635CD7000327440A37061000518F4B
:10C070002322E40A7157A302E416030704161306E9
:10C08000F007630CC7020346D4160345E416158F68
:10C0900062076187B306A6406355D73893F6070158
:10C0A0006391063893F7F7F893E707012305F41631
:10C0B0008357041785072319F4168357241799CF3C
:10C0C000FD17C207C1832319F41689EB03558400B9
:10C0D0001306000293050008EF2000378347A400F1
:10C0E000B9C38327041299CF8347A40181EF035575
:10C0F0008400014693050008EF20003501E58547DF
:10C10000230DF4008357440499CF8347140381EF30
:10C11000035584004D4693051008EF20E03201E5F9
:10C120008547A308F4028347441713F7070169CB37
:10C13000BD9B230AF4168327440A898BF1E3034746
:10C140000401D547630EF70A83471401898BCDEBB1
:10C150008144814901498D4A130A50021397840191
:10C16000618793773700098722970347D717860798
:10C17000B397FA007D8F638BE700268605458145DE
:10C18000EF307035B3E9A9003369B9008504E3974E
:10C1900044FD032584138325C413337535012AC454
:10C1A000B3F5250128002EC6EF00307983475413DC
:10C1B00063E0A702034544037D578547591562058F
:10C1C0002C0061853AC43EC69750FD1FE78000F7FA
:10C1D00003278413A2476317F7000327C413B2474A
:10C1E0006300F70215462C00130584129740FD1FCB
:10C1F000E780605D8327440A93E727002322F40A3F
:10C2000083464417A54713F796006316F7040357B0
:10C210000404835764176360F704B307F740139669
:10C220000701634A0602834754171306000A0507ED
:10C23000B387C7020356A403DD9A230AD416B3C7F3
:10C24000C702BA97231BF4168327440A37078000D6
:10C25000D98F2322F40A8347A402E1CB918B91CF9B
:10C2600003460401C165938505A02285EFE03FAD3B
:10C270008347A402ED9B2305F4028347A402858B28
:10C280008DC3034574029307F00F6307F500EF5069
:10C290008EE6FD57A303F4028347A402F99B23050E
:10C2A000F4028347A402898B91CF8355E4030345AD
:10C2B00084029205F915EF502EAC8347A402F59B3A
:10C2C0002305F4028347A402A18B85C38355E403AD
:10C2D0000D4622859205F915C205C181EFE03FA602
:10C2E0008347A402DD9B2305F4028347A40213F7CE
:10C2F000070101CF0345640293F7F7F82305F40221
:10C30000EF506EDFFD572303F4028347A40213F7B7
:10C31000070201CF8355A4040345640293F7F7FD98
:10C320002305F4029205EF502EA58347C40193F72D
:10C33000070C89CB0347B400854722856313F712A6
:10C34000EFF02F9883570404B5C713074006B3F7DF
:10C35000E702ADE39387C1B69C43898BA1C797A43D
:10C36000FD1F93842483985815CF97A7FD1F83D76B
:10C3700067AFC20797A5FD1F83D5E5AEDD8D2545C7
:10C3800002979C5897A5FD1F83D5A5AD2945829797
:10C390009C58831524032D4582979C58830544039C
:10C3A0003145829797A7FD1F239D07AA97A7FD1FD9
:10C3B00023AA07AAB250225492540259F249624A5F
:10C3C000D24A4561828093070004230EF40019E6E7
:10C3D0008347A40293E717002305F402E39F069620
:10C3E000035584000D4693050008EF20E005B5B223
:10C3F0001307801451B4130780147DB48327440AB3
:10C400007D771307F77FF98F45BC998FE3D4F6C288
:10C410008327440AB7061000D58F2322F40A9547D4
:10C4200031B18346B4168345C4163388B600635BC6
:10C43000E80013F807046317080093F7F7F893E789
:10C440000704ADB12A96E34AC7C68D8EE3C7E6C698
:10C4500013F70702E31307C693F7F7F893E707020A
:10C46000B1B1EFE07FF6F9BD011197A7FD1F9387EA
:10C47000679E22CC03A4070A26CA9797FD1F83D77D
:10C48000E77983546408032504094AC8B384F40295
:10C49000B7470F001387F7239387072406CE4EC6AE
:10C4A00052C456C21799FD1F1309C976BA94B3D462
:10C4B000F402636F95029389019F83A70900B30477
:10C4C0009540829763EAA402898C63CB0402835768
:10C4D0000404A30F040085072310F4048347041405
:10C4E0006395071222859750FD1FE780804E1DA29D
:10C4F000832749003E95C1B783274900BE94E9B719
:10C5000083A70900829703278408636AE50A198DC7
:10C510008357E4031797FD1F035747708E07B387B0
:10C52000E7021307003293870719B3D7E70263EDD9
:10C53000A708374A0F00930AFA23130A0A248357DD
:10C54000040485072310F4048347041491E722852B
:10C550009750FD1FE780E0472285EFF04FB3631A45
:10C560000526832604098327C40803274900B697B4
:10C570003E8563E4D70063E4E7003385E740834703
:10C58000F401835464082328A4088507A30FF4004A
:10C590009797FD1F83D78768B384F402D694B3D4EA
:10C5A0004403636C9504B304954083A70900829704
:10C5B00063E9A4043385A440E34305F809BF832756
:10C5C0004900998F3E95A9B7A1452285EFF00FA5A7
:10C5D000A305A4029797FD1F9387C75B03A30703D7
:10C5E0006309031E6244F240D2444249B249224ADE
:10C5F000924A8945154505610283B3049740AA9480
:10C600006DB783274900BE9475B722859750FD1FEB
:10C61000E78080462285EFF08FA7631C051A8357B9
:10C6200064081795FD1F0355655FB7460F00B38774
:10C63000A7021386F6239386062403270409230BF7
:10C640000402032A4900B297B3D7D702636CF718E4
:10C65000B307F7408326C4082324F408814AB3872C
:10C66000E600BE8463E4D70063E44701B384474136
:10C670008357040223289408B1CB8356040403573C
:10C68000440237460F002312D4023387E640B387B3
:10C69000E702035724021306062481468145BA9710
:10C6A000C207C1833385A7022311F402EF3060650E
:10C6B00011CD2695B3349500AE94AA8763949A0061
:10C6C00063644501B30745412328F40883A70900A3
:10C6D0008297AA8483A709008297E30D95FE83A71A
:10C6E000090083248408829763E3A4103385A4405F
:10C6F000630C0510835764089799FD1F83D909526D
:10C70000B7440F00B38737031387F42393840424BB
:10C71000BA97B3D797021797FD1F03473749BA97C0
:10C7200063E4A70EB3359502035924024E86814671
:10C7300033059502EF30E05C330AA9003305390375
:10C7400037460F001306062481468145EF30605BB3
:10C7500005C1B33795024E868146B385B402338551
:10C76000A402BE95EF30E0593305A9402311A4027D
:10C770003545EF50EF8D9797FD1F23AD87768346A4
:10C78000B40005479797FD1F83C787496395E60661
:10C79000130700FD2307E40099E78145938781B7DC
:10C7A0008843EF504EA2938681AC904295471797ED
:10C7B000FD1FA302F75E5846F977FD17F98F5CC697
:10C7C0000F1000009C428966060A94C723A24707FF
:10C7D000D8C7F2406244D2444249B249224A924AFE
:10C7E00005618280B3064701B387F640A5B583276C
:10C7F0004900BE94E5BD130710FC2307E400C5F70C
:10C800008145938741AB69BF9797FD1F23A4076EAE
:10C810009797FD1F83C7C740CDFF83479402854587
:10C820006244F240D2444249B249224A924AB39504
:10C83000F500C205C181014505616F407ECE011141
:10C8400022CC4AC84EC606CE26CA52C456C25AC0C8
:10C850000347B50085472A842E8983290509631D6E
:10C86000F71E83570508035BC503979AFD1F83DAFC
:10C87000EA3A179AFD1F130AEA3963F7671B8346E2
:10C8800005016393E61A03278511631F0718032721
:10C89000450A631B07188346F5001D476396E61893
:10C8A0000355A503330BFB409307204E3305650367
:10C8B0008324440937460F008146130606243305B6
:10C8C000F5029797FD1F83C7672EB3549502B3B542
:10C8D000AA02BE94C204C180231394083385AA021D
:10C8E000EF302042B307350133B5A7002E953E87C0
:10C8F00083264A0019E163E4D7003387D740B38425
:10C900005403B7460F009387F6239386062423200B
:10C91000E900A697B3D7D702DA976361F7101D8FA6
:10C920002320E9009389019F83A70900832409003C
:10C93000829763E6A4123385A4406355050C83A750
:10C9400009008297032709006362E512198D835756
:10C95000E4031797FD1F0357672C8E07B387E70281
:10C960001307003293870719B3D7E70263E8A710CC
:10C97000374A0F00130BFA23979AFD1F938A8A29CF
:10C98000130A0A248357040485072310F4048347F9
:10C99000041491E722859750FD1FE78080032285CC
:10C9A000EFE0FFEE65E9832604098327C40803A7A7
:10C9B0004A00B6973E8563E4D70063E4E700338519
:10C9C000E7408347F401835464082328A4088507BB
:10C9D000A30FF4009797FD1F83D74724B384F40275
:10C9E000DA94B3D444036366950CB304954083A7EB
:10C9F000090023209900829763E1A40C3385A440A9
:10CA0000E34205F89797FD1F83C7571A63E5A70808
:10CA10009797FD1F23A0874E0145B5A883264A009E
:10CA2000B387F6403E97EDBD8354640837470F0047
:10CA30009307F723B3845403BE9493070724B3D713
:10CA4000F40263E7F900B387F9402320F900D9BD68
:10CA500003274A00BA99C5BF23A03501E1B59797CE
:10CA6000FD1F9387271BDC43BE94F1B59797FD1FED
:10CA70009387471ADC43998F3E95D1BDA145228506
:10CA8000EFE0DFD9A305A4029797FD1F93878710D6
:10CA90009C5B81EF7D55F2406244D2444249B249E9
:10CAA000224A924A024B0561828089451545829748
:10CAB000D5B7B3049740AA941DBF83A74A00BE947C
:10CAC00035BF25C101116C0022CC06CE2A84EFF0BF
:10CAD0001FD729C5FD576308F5029796FD1F93865A
:10CAE000660BD45232479797FD1F83C7370C91C20C
:10CAF0008583636EF700B307F7403EC6B245034532
:10CB00009402EF405EB3F2406244056182809796E2
:10CB1000FD1F93862610D4423697F1BFEFF0DF94C5
:10CB2000DDB78280411122C406C62A84832784117E
:10CB3000CDEF83270412E1EF0325041109C59750B7
:10CB4000FD1FE780E0AD034574029307F00F630417
:10CB5000F500EF405EDA034564029307F00F6304CB
:10CB6000F500EF405ED9034584029307F00F63049C
:10CB7000F500EF405ED8034594029307F00F63077A
:10CB8000F500EF405ED7FD57A304F402035584007F
:10CB900055249797FD1F83D7E736A1E723AA01B64F
:10CBA0009797FD1F93870707DC431797FD1F2329DE
:10CBB000F7349797FD1F9387E7FD9C479DC3979791
:10CBC000FD1F9387E700885309CD9750FD1FE7802D
:10CBD00020A59797FD1F23AD07009797FD1F23AB57
:10CBE0000700B240224441018280C84309C59750E2
:10CBF000FD1FE780E0A28327841103D7A7001367F6
:10CC000007F02395E7009C43232CF41005B7C84395
:10CC100009C59750FD1FE780A0A08327041203D702
:10CC2000A700136707F02395E7009C432320F41225
:10CC300009B79797FD1F9387E72183A7870999E392
:10CC40003E85828003D78700E30CA7FE9C43C5BFC7
:10CC50009797FD1F9387072083A7870A1797FD1FC4
:10CC6000034737F44166050781467D1683D5A70043
:10CC70006389A5006387C5008506C107E3E8E6FE72
:10CC800081473E8582809797FD1F9387A71C83A7C6
:10CC9000870AC9EF411122C41794FD1F0354641E73
:10CCA0001304140215844AC016041799FD1F034982
:10CCB00059EF0509420426C2418093144900330507
:10CCC0009400420541819305402406C69750FD1FFC
:10CCD000E780A08805C59797FD1F23A1A7229796F7
:10CCE000FD1F83C616EC33079500B306D940814774
:10CCF000130640F5930520F563E82701B24022446E
:10CD0000924402494101828063FDD70058C1231536
:10CD1000B50022978507C207A3040500C18341051A
:10CD2000E1BF2315C50023220500EDB78280411124
:10CD3000930530261305001D06C622C426C297504F
:10CD4000FD1FE78080811306001D81452A849740DE
:10CD5000FD1FE780C0AA014515C89794FD1F938465
:10CD6000640F83A6840995CA3687854703568700D2
:10CD7000630EF60618437DFB2314F400A9EB22850D
:10CD80009750FD1FE780C08903558400B2402244BC
:10CD90009244410182803687D1BF85472314F40035
:10CDA0001797FD1F232487141797FD1F232287142D
:10CDB0001797FD1F2318F714EFF0FFEC83A7C409A2
:10CDC00023A00700230504002307040075BF83A7E1
:10CDD000C40980C39797FD1F23AC871083D7040B2A
:10CDE00085071797FD1F231FF710C9BF138717006B
:10CDF0009317070113160701C183E35E06F8814705
:10CE0000A5BF9797FD1F9387E70403A5870A11CD58
:10CE1000411106C69750FD1FE7808080B24097976A
:10CE2000FD1F23AD070C410182809797FD1F23A7AB
:10CE3000070C8280411122C41794FD1F1304840142
:10CE40008326840906C60147B687A5C703D687008F
:10CE50006317A60615EF98429796FD1F23A8E608CC
:10CE60003E859740FD1FE780A07B8327C40923A050
:10CE700007009797FD1F83D7E7089DE7EFF07FF83E
:10CE80009797FD1F23A40706B240224441018280E8
:10CE90008326C4096397F6009796FD1F23AAE6042C
:10CEA000C1B7944314C36DBFFD171797FD1F231B14
:10CEB000F7049797FD1F83D7E704F9F7C1B73E87BB
:10CEC0009C4361B7714681451795FD1F1305050207
:10CED0001743FD1F6700A3928327C50803568508E3
:10CEE000797193D60701BD8EC206C182358E135764
:10CEF000764093575640898B058B5D8F935736400C
:10CF0000918B5D8F93571640A18B5D8F9317160001
:10CF1000C18B5D8F9317360093F707025D8F9317D0
:10CF200056009355860093F707041E065D8F13760F
:10CF3000F60F518F93D7554013D63540118A898B00
:10CF4000D18F13D67540D18F13D61540218AD18F3A
:10CF500013961500418AD18F139635001376060279
:10CF6000D18F13965500137606049E05D18F93F545
:10CF7000F50FCD8FA20745465D8F3307C70222D438
:10CF80002A8426D252CC56CA032A040A832A440A87
:10CF90005AC806D6369742074183935777401355B0
:10CFA00057400989858BC98F135537401189C98F1F
:10CFB000135517402189C98F131517004189C98F4F
:10CFC0001315370013750502C98F131557009355B4
:10CFD0008700137505041E07C98F1377F70FD98FC4
:10CFE00013D5354013D755401189098B498F13D577
:10CFF0007540498F13D515402189498F1395150028
:10D000004189498F1395350013750502498F139592
:10D010005500137505049E05498F93F5F50F4D8F47
:10D020002207D98FB387C7024AD04ECE5EC662C4EC
:10D03000B697C207C18313D7774013D557400989E4
:10D04000058B498F13D537401189498F13D5174068
:10D050002189498F139517004189498F139537000E
:10D0600013750502498F1395570093D587001375E3
:10D0700005049E07498F93F7F70FD98F13D53540D5
:10D0800013D755401189098B498F13D57540498FA6
:10D0900013D515402189498F139515004189498F72
:10D0A0001395350013750502498F139555001375B7
:10D0B00005049E05498F93F5F50F4D8F2207D98FF3
:10D0C000B387C702130650025285D685B697BD8E28
:10D0D00093940601C18033F6C402137BF60FEF2050
:10D0E000D03C05891DE98347140801498149B3846F
:10D0F0009702130C5002C1804A865285D685EF20D4
:10D10000D03A0589937BF90F11C5638634038509ED
:10D1100093F9F90F0509E31189FF230F6407B25052
:10D12000225492540259F249624AD24A424BB24BBB
:10D13000224C456182805E8BCDB783471500034743
:10D14000250083464500A2074207BA97034705001A
:10D15000FD8A0548BA97034735009305000201454B
:10D160006207BA9701473316E8007D8E01C60505B0
:10D170001375F50F0507E318B7FE8147214633D72E
:10D18000F640058B01C705051375F50F8507E39874
:10D19000C7FE8280011152C656C4032A8513832A12
:10D1A000C51322CC26CA4AC806CE2A84A30B051270
:10D1B000A306051281441309500226865285D6859E
:10D1C000EF20B02E058911C58347D4128507A30629
:10D1D000F4128504E39324FFF2406244D2444249AE
:10D1E000324AA24A056182801797FD1F0347B7BAEA
:10D1F0009547630BF7009797FD1F938767B983C720
:10D2000077000D47631FF7009797FD1F83C7D7B8B7
:10D21000639B0710930770101797FD1F231EF7B627
:10D22000828041119797FD1F9387C7C20D4522C485
:10D2300026C203A4070906C64AC0EF406FE19387E0
:10D24000C1AB944337C7898E130767ED98C637572C
:10D25000550013075755D8C20347A4039306F00F90
:10D26000BE846307D700FD57A30CE402230DF4022C
:10D270000345940389476306F5008547A30CF40230
:10D280000145138981AC032709000146930550022B
:10D290005C4393E717005CC3930720FB2303F40070
:10D2A0009D471797FD1FA308F7AE9797FD1F238192
:10D2B00007AE9797FD1F238F07ACEF40EFB1032612
:10D2C00009009797FD1FA38707AC9797FD1FA381C0
:10D2D00007AC85471CC29C40B705330098431377C1
:10D2E000F7E798C398431377F7E71367071098C3D6
:10D2F000138701AD18431447CD8E14C79306900DC4
:10D3000034CA5457F59A54D7034754009376F70715
:10D310009843137707F8558F98C3B240224492443C
:10D320000249410182808280411126C29794FD1FEB
:10D330009384048A22C42A8403C53400C14506C6E6
:10D34000EF40CED603C5340093050002EF400ED661
:10D350009797FD1FA38107A4230204002313040051
:10D36000B240224492444101828041119797FD1FAF
:10D37000938747AE22C406C61797FD1F0347D7A160
:10D3800003A407099797FD1F938787A001CF97965E
:10D39000FD1F83C666A00D476396E6001797FD1F25
:10D3A000A30C079E03C77700A1466387E60003C767
:10D3B00077009946639DE60083C777001797FD1FA6
:10D3C000230CF79C85471797FD1FA307F79CEF4099
:10D3D000CFC02285EFF05FF51306300293050008F9
:10D3E0000145EF106006034504049307F00F63073F
:10D3F000F500EF404ED0FD572300F404B240224424
:10D40000410182805D71CAC0138981AC8326090005
:10D41000A2C452DC56DA86C6A6C24EDE5AD85ED602
:10D4200062D466D26AD06ECE9307000A138AC1AB6B
:10D43000FCD283270A00938A01ADB7053300D85781
:10D440002A84719B13671700D8D798431377F7E79F
:10D4500098C398431377F7E71367071098C303A798
:10D460000A0010474D8E10C71306A00DB0CA5057C2
:10D47000759A50D70347E5071376F7079843137754
:10D4800007F8518F98C3D842370600827D16799BE2
:10D49000D8C2034785061377F70393169701D85729
:10D4A000718F558FD8D73717004093077005230029
:10D4B000F704930780FA2300F70483068506B5472F
:10D4C00063DAD72E8357270293E707012311F70268
:10D4D00083270A000327C40893053002054598C72F
:10D4E00003270409D8C39797FD1FA384078AEF4039
:10D4F0003E8B64449D472308F400230FA406238039
:10D50000F4008547A38104002381F4007C4893F74D
:10D5100007209DCB9147A381F4008347E40A83460B
:10D52000D40A78449A07D58F2302F70083C72400D2
:10D53000814685072381F4000346040B8345D40A02
:10D540000345E40AEF400F9A7C4893F70740B1C3C4
:10D5500003C734007C4483C6240013678700A3817B
:10D56000E4000357A408B697A381E70083C724000B
:10D5700078448346F4073E978357A4089206A18314
:10D58000BD8BD58F2302F70083C724008907238131
:10D59000F40003C62400035744089307D00F918F6B
:10D5A0009799FD1F9389098B63D2E72203470408EB
:10D5B00089476309F7208546930780426305D700B2
:10D5C00085679387878479479387771BB3C7E7027B
:10D5D00083C6890793E606019795FD1F2388D58E9C
:10D5E0008326090085658CC63387E7020607B8D213
:10D5F00083C6340093E60601A381D40078448346B1
:10D60000E4073297A301D70083C6240078443697F5
:10D610002302F70003C724007444A187BA96034786
:10D6200004081607D98FA382F60083C724008D074C
:10D630002381F4008347040693F7070485C703C7D3
:10D6400034007C4483C6240013670704A381E400EC
:10D6500003475401B697A381E70083C724008507D9
:10D660002381F4008347C4070547C11793F7F70FD9
:10D670006366F70603CB240015469795FD1F938537
:10D68000C58D93073B00032BC4043E9BA147230099
:10D69000FB0093078002A300FB0013052B009730CB
:10D6A000FD1FE78040120347C407C1476319F71203
:10D6B00083578408A1072311F408C547230EF406F5
:10D6C00083472408A303FB0083572408A183230472
:10D6D000FB0083C72400A5072381F40003564408F8
:10D6E000014B31C203C7240068448325840A930791
:10D6F00037003E9583C73400C18B638C070E795B7E
:10D70000330BEB40137BFB0F5A869730FD1FE780EE
:10D71000800B8327840ADA973CDC83574408B3875D
:10D7200067412319F40603C72400814517D5FFFF7D
:10D73000130585CD9377F70385073E9B137BFB0F7E
:10D74000A30864012381E4007C44856B9164A38079
:10D750006701930770F97844A305F4008327090053
:10D76000B70C3300130DA00DB8DBEF40CEA5034678
:10D7700014018345040801451D4B9740FD1FE780B8
:10D78000608C93840429EF404F85938D8B8483C7ED
:10D790008907C18BB5E7B640264496440649F2593D
:10D7A000625AD25A425BB25B225C925C025DF24DDD
:10D7B0006161828083572702C207C183BD9BC20774
:10D7C000C18329B3916793870729F5BB83C789076D
:10D7D00093F7F70E1787FD1F230AF76EA1BD0357B6
:10D7E000840883572408998F0947E34BF7ECC9470E
:10D7F000F1B59730FD1FE78000FD034B440825B7C6
:10D8000083C7890793F70702E5DF83C789070326E4
:10D81000090093F7F70C1787FD1F2309F76A930791
:10D82000000A7CD283270A00D857719B1367170020
:10D83000D8D798431377F7E798C398431377F7E758
:10D840001367071098C303A70A001447B3E69601AD
:10D8500014C72328A6055457F59A54D70347E4075D
:10D860009376F7079843137707F8558F98C3032CDF
:10D87000C40423086401054723006C01A3010C00C4
:10D880002301EC0078481377074005CF2147A30117
:10D89000EC0078448356A4082302D70003472C00E9
:10D8A00074440346F407BA960357A408120621836A
:10D8B0003D8B518F2382E60003472C00090723018B
:10D8C000EC0083452C00835624071307E00F0D8FCF
:10D8D0006355D70883460408094626876388C6002F
:10D8E0000546130780426383C6006E87F946130717
:10D8F000771B3347D70203C689071366060197874C
:10D90000FD1F2385C75C0326090023247601B30687
:10D91000D702860634D203463C0013660601A301F3
:10D92000CC0074440346E407AE96A381C6000346C8
:10D930002C007444B2962382E60083462C00704487
:10D9400021873696834604089606558FA302E60083
:10D9500003472C000D072301EC0003562407014761
:10D9600021C203482C0083463C006844130738005A
:10D97000C18A3A952C5CB5C67957330707411377AE
:10D98000F70F3A863AC69730FD1FE780C0E3345C54
:10D990003247BA9634DC83562407998E2319D4066D
:10D9A00003462C0001459376F603850636971377D8
:10D9B000F70FA308E4002301CC007C44A380E70018
:10D9C0000346140183450408930770F9A305F40086
:10D9D0009787FD1FA38F073A9730FD1FE78080666A
:10D9E0007DB39730FD1FE78000DE0347240723192E
:10D9F00004067DB78347C507638A0722411122C405
:10DA000006C626C24AC049472A84639CE7020357D8
:10DA10002508835785086316F7029304050A1546FF
:10DA20009785FD1F9385655326859730FD1FE780F9
:10DA300080D92685EFF06FF09147A300A408230E4C
:10DA4000F4062285EFF04FC90945EF307FE0034728
:10DA5000C4078D476314F70A9147230EF4067C48E8
:10DA60001787FD1F1307073F93E787007CC883478D
:10DA70009707898BEDDF8347970793F7C70F1787C2
:10DA8000FD1FA305F7449387019F9C43829703578B
:10DA900064089787FD1F83D76718232AA4083307D4
:10DAA000F70293070032130707193357F7029787D6
:10DAB000FD1F93872716DC43B306E500368663E433
:10DAC000A60063E4F6003386F640232CC40897864C
:10DAD000FD1F83C6B60D6360D602158E9306D4076C
:10DAE000A28517050000130525F1EF30DE9522858C
:10DAF000EFF05F91B5A8958F3E96CDB71389019F42
:10DB0000832709008297AA84832709008297E38DDF
:10DB1000A4FE8327090083248409829763E5A40671
:10DB20003385A4409787FD1F83C757089784FD1F3F
:10DB300083D4C40E63E3A70031ED83576408130751
:10DB400000321786FD1F1306E60CB387970250427A
:10DB500093870719B3D7E702032784093E97BA864C
:10DB60006364F7006364C700B306C740232CD4087E
:10DB700083578408B240924485072314F408224452
:10DB80000249410182809787FD1F9387A708DC43E4
:10DB9000BE9479B79787FD1F83C7573393E7170064
:10DBA0001787FD1FA304F73237470F001307072419
:10DBB000B335E502938781AC03A90700A1672686E8
:10DBC0002324F90081463305E502EF208013060582
:10DBD0002326A9061787FD1F1307C7278347970723
:10DBE000898BEDDF834797071786FD1F1306860293
:10DBF000504293F7C70F1787FD1FA309F72C8357D0
:10DC0000640813070032B387970293870719B3D7C5
:10DC1000E702032784093E97BA866364F7006364CA
:10DC2000C700B306C740232CD408D1B5828097071C
:10DC30000000938767DC1787FD1F2327F728828062
:10DC400001458280411106C6EFE0BFFEB2401335A8
:10DC500015000605410182806FF0DFFE411106C606
:10DC6000EFE03FFD0DC10357C5058356A5050356DB
:10DC700065078355450703558500EF700FBE0145C5
:10DC8000B240410182800945E5BF011106CE22CC98
:10DC9000EFE03FFA59C10346B50005472A8497874C
:10DCA000FD1F9387271B6316E604B853094515CF5C
:10DCB00003460403834657048358E4030358C4030C
:10DCC0008357A403835584000345B40213076704F4
:10DCD00032C00546EF70CFB68347F400A3050402B7
:10DCE000014593E71700A307F400F2406244056181
:10DCF000828003A7070909456DDB834657078358D0
:10DD0000E4030358C4038357A403835584000345E5
:10DD1000B4021307670702C075BF0945F9B70111BF
:10DD200022CC06CE2A84EFE0DFF02DCD8347B5026A
:10DD30000347A51523138100A302F100834795151E
:10DD4000A304E1002304F100A9E38347D5150307E9
:10DD5000F5152306F100830735142305F100631D33
:10DD6000F7008947A305F1004800EF70CFB20145E5
:10DD7000F2406244056182800307E5156314F700F1
:10DD80008547CDB7A3050100C5B783470516230511
:10DD9000F1008347B515A305F10083475516230607
:10DDA000F100D9B70945E9B7011122CC06CE2A8482
:10DDB000EFE03FE829CD83070516A3048100218009
:10DDC000230581001307F007638FE702034745032C
:10DDD000998FA305F1008347A51613F7070101C723
:10DDE0002306010039A093F7070281CF8547230658
:10DDF000F1002800EF700FAA0145F240624405616E
:10DE000082808947EDB7FD57A305F100D1BF0945D1
:10DE1000EDB7411106C6EFE0DFE119C983450514EE
:10DE200003558500EF70CFA60145B24041018280C5
:10DE30000945E5BF9375F50F01112E8506CE22CC5D
:10DE40002EC6EFC06FA00DC12A8483460507B245D8
:10DE5000034575010546EF702FA30145A30B040090
:10DE6000F2406244056182800945DDBF411106C66A
:10DE7000EF704FA1B2400145410182804111978767
:10DE8000FD1F938727FD22C4E05F06C6094511C820
:10DE90000355A40BEF70CF9E9307F00F231DF40AD8
:10DEA0000145B2402244410182809787FD1F93873C
:10DEB00067FAFC5F99CB41111385870B06C6EF709B
:10DEC000EF9BB240014541018280094582804111AA
:10DED00006C622C4EFE0FFD50DC98346751403467C
:10DEE00065142A84835585000345B5028506050619
:10DEF00093F6F60F1376F60FEF700F980145A30512
:10DF00000402B2402244410182800945DDBF3971DB
:10DF100006DE22DC26DA4AD8EFE0BFD1630A051616
:10DF20008346B50005472A849787FD1F938787F2AC
:10DF30006391E60CA4530945D9C483C74404194628
:10DF4000898BC1CB8C5883C7A500C1C7B1052808F0
:10DF50009730FD1FE780208783C75404138964042A
:10DF60001946898BB5CFCA8508109730FD1FE78009
:10DF700080858C581946910528109730FD1FE78041
:10DF80008084834704038358A40383C65404034650
:10DF9000B400835584000345B4023EC48357E403B0
:10DFA0001308010238103EC28357C4033EC03C0828
:10DFB000EF702F8B8347F400A3050402014593E71C
:10DFC0001700A307F400F2506254D2544259216161
:10DFD0008280814528089730FD1FE7804082ADBFD1
:10DFE000814508109730FD1FE78060811946CA857A
:10DFF00061B783A407090945F9D483C744061946C4
:10E00000898BB5C39385640628089720FD1FE78098
:10E01000807B83C74407138964071946898BB9CB72
:10E02000CA8508109720FD1FE780E07983A5440882
:10E030001946281091059720FD1FE780C07883A717
:10E04000440883C7370093E72700A38AF406835860
:10E05000A40383C654070346B400835584000345D4
:10E06000B40202C425BF814528089720FD1FE78020
:10E07000007945B7081081459720FD1FE78020787B
:10E080001946CA8528109720FD1FE780C073C1B7C5
:10E09000094515BF411106C6EFE0BFB90DC10357D1
:10E0A000651C8356451C0356A51C8355851C0355CA
:10E0B0008500EF60DFFA0145B240410182800945E9
:10E0C000E5BF411106C622C4EFE0BFB60DC92A84E0
:10E0D0000357C5058356A5050356650783554507B0
:10E0E00003558500EF603FF783471401014593E72F
:10E0F0004700A308F400B240224441018280094550
:10E10000DDBF411106C6EFE0DFB20DC183478519BF
:10E11000034675199305F51803558500A2075D8E12
:10E12000EF603FF30145B240410182800945E5BF00
:10E13000411106C622C4EFE0DFAF0DC12A841306E9
:10E140000510835585000345B502EF605FF001457A
:10E15000A3050402B2402244410182800945DDBF8B
:10E16000411106C622C4EFE0DFAC05CD0347B5027E
:10E1700085472A846314F700A30505020345B4020A
:10E180000357C4058356A4050356840583558400AC
:10E19000EF60BFEB0145A3050402B24022444101F8
:10E1A00082800945DDBF01111375F50F06CEEFB072
:10E1B000BFE939C99787FD1F9387C7C983A7070E92
:10E1C00093F707209DC302C402C202C081480148E0
:10E1D000814701478146054681451305C003EF602D
:10E1E0005FE80145F240056182808346D50313074D
:10E1F000E50302C081480148814705468145130572
:10E20000C003EF60FFE3F1BF0945E9BF9787FD1F3A
:10E21000938747C403A70709094529CB83A7070E9E
:10E22000011106CE93F707208DC302C402C202C0BB
:10E230008148014881470147814601468145EF6099
:10E240005FE2F2400145056182808358070203586E
:10E25000A7018357070583465707014602C01307E6
:10E26000670781450945EF60BFDDE1BF8280014559
:10E27000828001458280014582800145828001457E
:10E28000828001458280014582800145828001456E
:10E29000828001458280014582800145828001455E
:10E2A0008280014582800145828001458280411142
:10E2B00006C622C403470500930700086315F7024A
:10E2C0000347150093065002854763E4E606973737
:10E2D0000000938767ED0A073E971C43035525000E
:10E2E00082978147B9A09306100885476313D70426
:10E2F00003471500CD466308D70E63E3E602A14647
:10E30000630DD708B146630DD70A95466313D7024C
:10E3100003552500EFE0FF912A8415E9894711A8EC
:10E3200093060003630FD70E63EAE600E946630F26
:10E33000D70CB24022443E8541018280930770058C
:10E34000630FF70E930717F0B337F000DDB783279D
:10E35000851195C7035645040506420641829C4334
:10E3600013071600420741839DE72312C40401CA24
:10E37000835584000545EF609FCB231204040345B9
:10E38000B4020346440583558400EF601FC922850B
:10E39000EFE04FF9B9B73A86D9B703552500EFE05A
:10E3A0005F892A8425DD0346C5048355850003451E
:10E3B000B5023336C000EF609FC6A305040215B74F
:10E3C00003552500EFE0FF862A8429D90357250548
:10E3D000835605050346F504835585000345B502BC
:10E3E000EF603FC4D9BF03552500EFE09F842A8426
:10E3F00015D50356450401CA835585000545EF60D0
:10E400001FC323120404A3080402E1BD0355250021
:10E41000EFE03F82E30405F00345B502EF607FC102
:10E42000C9B503552500EFE0DF802A84E30805EE37
:10E43000835585000345B502EF60FFBFBDBF03559F
:10E440002500EF609FBF71BD011122CC2A841145C8
:10E4500006CE2EC632C4EF20BED61DC1B24522461E
:10E46000231185002300B500A300C5006244F240DB
:10E47000AA851775FD1F0345D57505616F203EDF21
:10E48000F2406244114505618280411106C622C4F2
:10E49000EFE02FFA41C183270512230D05002A84DE
:10E4A000A5C30347F500058B19EB0355840001460E
:10E4B00093050008EFF05FF939C5014581A8D44301
:10E4C00003C6C70083C58700035585008906EF6032
:10E4D000FFB605E58327041203D7A700A38407002E
:10E4E000136707F02395E7009C432320F41283571A
:10E4F000240481C7FD172311F40483270412D5F7E0
:10E50000231104045DBF8547230DF400B24022446B
:10E51000410182800945DDBF9787FD1F938787935F
:10E5200083A7870C91E382806384A700DC5FDDBF53
:10E53000411122C406C68347A5002A8491C79305CA
:10E54000C5006905EF10C0598347240191CB93059D
:10E5500044011305A4022244B24041016F10405807
:10E56000B240224441018280AA862E86AA851705E0
:10E5700000001305C5006F306EA49787FD1F9387B9
:10E58000678D03A7870C411126C206C622C4BE842C
:10E5900011E7B24022449244410182806304A70003
:10E5A000585FFDB78347A5002A8491C79305C5002E
:10E5B0006905EF10E0528347240199C79305440190
:10E5C0001305A402EF10C05122852244CC58B2405A
:10E5D000924441016FF05FF901114AC81789FD1F8C
:10E5E0001309498722CC0324890C26CA4EC652C47B
:10E5F00056C206CEAA84014A93094500854A631D86
:10E60000040E93052025130500049730FD1FE780B5
:10E61000C0F42A841D4561C883C734001946938518
:10E62000440013054400A301F4009720FD1FE78078
:10E630008019938AA4014146814556859720FD1F84
:10E64000E780002679ED9309A401D68541464E85E1
:10E650009720FD1FE780002385472305F4008347AB
:10E6600034009305C4004E8593E72700A305F4000A
:10E67000EF1000479384A4024146814526859720E8
:10E68000FD1FE780E0214DE19307A402A6853E85AA
:10E690004146BE849720FD1FE780C01E85472309A1
:10E6A000F4008347340093054401268593E727004F
:10E6B000A309F400EF10C042A3000400832549031E
:10E6C0002285EFF07FEA63140A069787FD1F23A7D0
:10E6D0008784232E04028347490C01458507178749
:10E6E000FD1F230BF782F2406244D2444249B249F3
:10E6F000224A924A056182800347340083C734006E
:10E700006305F700228A405CDDBD4146CE851305D6
:10E7100044009720FD1FE7800014E31555FF49458D
:10E72000D9B723050400B9B72309040071B7232E14
:10E730008A0245B741119777FD1F9387A77122C4BD
:10E7400003A4870C26C206C64AC0FD5419ECB24089
:10E7500022449777FD1F23A3077C9777FD1F238D06
:10E76000077A924402494101828003450400EF3058
:10E770008E980329C4032300940022859730FD1F3F
:10E78000E78000EA4A84D9B79777FD1F9387876CA3
:10E790002382070C23A4070C6F10403E411126C2B0
:10E7A00006C622C4EFE0AFD8AA843DC5EFE06FC82B
:10E7B0002A84630A0512930710112315F5009307A5
:10E7C00000FB2307F50085472308F5009777FD1F19
:10E7D00083D7473DA5073E85C207C1831307401075
:10E7E0006374F70013054010131705014183930765
:10E7F00000046374F70013050004420593053025F7
:10E8000041819730FD1FE78040D52328A41019E9E6
:10E8100003558400EFE00FE2B24022442685924483
:10E82000410182809777FD1F938787569C4F2285F1
:10E8300023130414232AF4109777FD1F938787610D
:10E8400003A6870D83A6C70D03D7A70383C7A70415
:10E85000232CC40E232ED40EA307F414FD5723102B
:10E86000F4042313F4022314F4028347E402232460
:10E87000C4102326D41093E707FC2307F40285670E
:10E88000938787BB2315F4042312E414EFC01F8C75
:10E890001775FD1F034545312301A414EF20DFB197
:10E8A000D147A306F41693078002A305F416930735
:10E8B000006F231FF4149307F0072300F416F57775
:10E8C0009387A7EB2311F416A301A4142303A41622
:10E8D000A303A4162304A416A304A4169777FD1F6C
:10E8E000239E075615BF854405BF411122C42A84C3
:10E8F000834504031775FD1F0345F555A307A402BF
:10E9000006C626C2EF306EC18357A4031778FD1FD9
:10E910000358C830930600323307F8029774FD1F7E
:10E9200083C4C428232AA4083356D7023377D702D6
:10E930009306204E2326C40837460F0013060624EC
:10E94000B387D702B3D7A7023307D702BE94835742
:10E9500084039384C417C2048507C18023129408DA
:10E9600033470703B387D7022310E4028146858F1C
:10E97000B3B5070333850703EF10A0388327840856
:10E980009776FD1F93860629D442AA9733B5A70030
:10E990002E9501E53E8763E4D7003387D740834750
:10E9A00074032328E4081307204EB387E702860484
:10E9B0002285BE9423119408EFC0EFBF2285EFC0DB
:10E9C000CFF28355E40322859205F915C205C18172
:10E9D000EFC0AFBA2285EFE0EFFB9777FD1F23ADC5
:10E9E00087509387C1B69C43898B85C39774FD1F5D
:10E9F0009384441A9C5891CB83258409354582978A
:10EA00009C588325C4093945829722852244B24007
:10EA100092449777FD1F239607449777FD1F23A302
:10EA2000074441016FC09FC60357050889468357B5
:10EA3000450863F3E6000947B397E7002313F50899
:10EA40006F308EBC011122CC26CA4AC806CE4EC6F3
:10EA500052C4834765032A84138981AC8507230B3D
:10EA6000F502834735019384C1AB639C075A834702
:10EA7000C50013070004A309E50003471501BD9B6A
:10EA800093E737002306F50093178701A30D0500D0
:10EA9000E18763D907001377F707A308E500EF20A4
:10EAA000EFBC39A88327850A93F62700BDC6F59BDE
:10EAB0002324F50A83270510918BA9CFEF00AFD946
:10EAC0000347B40185476310F70683278411034782
:10EAD000C400DC432380E7008327841103475401EB
:10EAE000DC43A380E70003278411832709005843F0
:10EAF000B8DB9C40B70680009843558F98C3D85721
:10EB0000719BD8D7F2406244D2444249B249224A6A
:10EB100005618280EF00CFD165B793F617008DC6EF
:10EB2000F99B2324F50A832704110347C40023809B
:10EB3000E7008327041103475401A380E7008327DC
:10EB40000900032704116DB783490501054A63983D
:10EB5000491DF9C713F7070119C7BD9B2324F50AFF
:10EB6000EF00FF8EB1BF13F7070201CB93F7F7FD5C
:10EB70002324F50AEF007FA2A1B713F7070401CB06
:10EB800093F7F7FB2324F50AEF006FD215BF13F7B5
:10EB9000070809CB93F7F7F72324F50A2285EF102E
:10EBA000BFA339BF13F7072009CB93F7F7DF23245F
:10EBB000F50A2285EF00EFD921B713F7074001CB03
:10EBC00093F7F7BF2324F50AEF00BFB9D5BD13971C
:10EBD0004701635C07007D771307F77FF98F2324D4
:10EBE000F50A2285EF004FE7E1BD13973701635A1D
:10EBF00007007D777D17F98F2324F50AEF00AFE832
:10EC0000C1B513972701635A070079777D17F98FEC
:10EC10002324F50AEF008FF765B52324050A21B7F1
:10EC20008327450A638E071A93F6070481CA93F770
:10EC3000F7FB2322F50AEF004FB759B593F60710FB
:10EC400081CA93F7F7EF2322F50AEF005F858DBDA8
:10EC500093F6072099CA4D8B631F070E93F7F7DFD2
:10EC60002322F50AEF00BF88A1BD93F6074081CAB1
:10EC700093F7F7BF2322F50AEF008FC091B5939663
:10EC8000470163DB06007D771307F77FF98F2322A7
:10EC9000F50AEF105F872DB59396370163DC060008
:10ECA0004D8B55EB7D777D17F98F2322F50AEF0009
:10ECB000AFC139B513971701635A070071777D17F4
:10ECC000F98F2322F50AEF00EFD1DDBB1397E700A0
:10ECD000635A070001777D17F98F2322F50AEF00A9
:10ECE000EFD4F9BB1397B700635B07003707F0FF5A
:10ECF0007D17F98F2322F50AEF002FE1D1B3139787
:10ED00008700635B0700370780FF7D17F98F232299
:10ED1000F50AEF009F926DB32322050A29B5638C93
:10ED200009029306600463EF36071307500463F982
:10ED3000E9141307A002638AE91C6367370393078A
:10ED400010026380F91A63EA3701ED476387F9140B
:10ED5000F547638AF914228599B393075002638FAC
:10ED6000F91C93077002F5B7130760036389E91470
:10ED7000636B37019307E0026384F91E9307100366
:10ED8000E380F9DEC9BF13070004638CE908930729
:10ED900010046387F90A93078003E39EF9FAEF20D2
:10EDA000EF8C19AA9307A0056387F91E63E1370565
:10EDB000930750056385F90263EB37019307B004AD
:10EDC0006388F91C93071005E38AF9DC69B7930798
:10EDD0006005E380F9DE93078005E39EF9F622855E
:10EDE0009730FD1FE7804091E30C05CCADB793074A
:10EDF000B00663ED37019307A00663FBF920930784
:10EE00006006E39AF9F4EF00DF9599A09307600795
:10EE1000E389F9DC93076008E39FF9F2EF000FD76D
:10EE200005A813974701E35807F27D771307F77F8B
:10EE3000F98F2324F50AEF002FC22308340149B1CA
:10EE40008347B5028DC705476398E700EF00EFF4ED
:10EE500085472308F400ADB183270510918BD5C3F6
:10EE6000BD472306F4022285EF00EF9ED5B7EF10D1
:10EE7000FFFF8327040A93E727002320F40AC9BF72
:10EE8000EF10DFFE8327040A230844012311040640
:10EE900093E747002320F40A25B1EF002F85D947D7
:10EEA000230AF40431B92285EF105FFC8327040A9A
:10EEB00093E717002320F40A2308040011B19730C8
:10EEC000FD1FE7806083E30D05BE8547A306F404BC
:10EED0002285EF006F8B8347C404F99B2306F4045B
:10EEE000C5B683278510858B81C7EF00CFD0C9BEFB
:10EEF000E947A305F50283270510918B99C38D4738
:10EF00008DB72285EF00CF92A1B7EF004F818347E5
:10EF1000D40491CB41469305C40A1305C40C972031
:10EF2000FD1FE780408A8347C4042326040E23285C
:10EF3000040E93E717002306F40459B6832705103F
:10EF4000918B81CF8D472306F502EF00CF90834749
:10EF50001401DD9BA308F400E5BDEF006F8DC5BF74
:10EF60008347C5042322050E2324050E93E72700BB
:10EF70002306F504EFF0DEFC83471401A305040229
:10EF8000DD9BA308F4008327040A93E70701F5B586
:10EF9000EF00EF9175BD8347A51499CB83466514A7
:10EFA000331ADA006306FA0013670701A308E500C5
:10EFB0000347B41411CF834674148547B397D70021
:10EFC0006388E7008347140193E70701A308F4006F
:10EFD0008347E40199CF83471401C18B99EB8327C1
:10EFE000040A93E707202320F40A2285EF101FE884
:10EFF00085B583071416F5DB83274410898BF5D775
:10F000008327440A37071000D98F2322F40AF1BF5F
:10F01000EF10DFE58327040A056713070780D98F00
:10F02000A9BD9777FD1F83D7E7E385071777FD1FF6
:10F03000231AF7E271B483474517858B6382071063
:10F040008347651393D63700AA9683C5061313F733
:10F05000770033D6E540058A69CE397122DC06DEB9
:10F0600026DA4AD84ED652D456D25AD05ECE62CC88
:10F0700066CA2A84034545037D57FD475915620535
:10F080002C0061853AC43EC69720FD1FE780000B27
:10F090000326841322478326C413B247718FF58F4A
:10F0A0006314E6006387F6062800EFE00F898947BE
:10F0B00063F1A706294681451305D4179710FD1F54
:10F0C000E780E073224AB24A81490D4C854C930B8C
:10F0D000500293948901E1844E865285D68513DBD4
:10F0E0002440EF00903C8D88229B0589860403090B
:10F0F000DB170DCDB3949C00B3649900A30E9B164F
:10F100008509E39879FD8347441793E78700230A2D
:10F11000F416F2506254D2544259B259225A925AB9
:10F12000025BF24B624CD24C21618280B3149C0092
:10F13000E1B78547B397E700CD8F2388F612828029
:10F14000828079714ECE9779FD1F9389A9D022D400
:10F1500003A4090A52CC56CA5AC8797AA16A370B55
:10F16000008226D24AD006D65EC662C466C217792D
:10F17000FD1F1309E9C1938481AC7D1AFD1A7D1B23
:10F180008347E4001307000D639FE7209C409843EA
:10F190000D8B05C3B84B619BB8CB984313678700B1
:10F1A00098C39C438D83858B89C7010001000100B2
:10F1B00001009730FD1FE78000818347C404858BE1
:10F1C00089C7A2850545EF208F8B83472414938B35
:10F1D000C1AB83A60B0093F7F70313979701DC5697
:10F1E000B3F76701D98FDCD6371700409307700556
:10F1F0002300F704930780FA2300F70483462414BE
:10F20000B54763FBD7108357270293E70701231104
:10F21000F70203A70B008327840994401CC78327A8
:10F22000C4095CC3DC4293E71700DCC25C57F19B66
:10F2300093E717005CD78355441C95470356641C1D
:10F240009105034574141777FD1FA306F7B4C20593
:10F25000930710FD2307F400C181930700FC177783
:10F26000FD1F2307F7B2EF202FB70346741485461E
:10F2700083572408035764086318D60A0607938740
:10F280005703BA979840544733F6460150C70100D8
:10F29000010098400966860710C7130600F89775A5
:10F2A000FD1F2389C5AE7CD354C79777FD1FA38369
:10F2B00007AE90409777FD1FA38C07AC85471CC213
:10F2C0008346C404138701AD83A70B00858A1843C6
:10F2D000CDCA9443B705330093F6F6E794C394433D
:10F2E00093F6F6E793E6061094C31447CD8E14C741
:10F2F0009306900F34CA5457F59A54D703476413B2
:10F300009376F7079843137707F8558F98C397209C
:10F31000FD1FE780A0C5ADB583572702C207C18393
:10F32000BD9BC207C183E5B58945060794406318B4
:10F33000B602D046B3754601CCC601000100944028
:10F340008965938797188CC6930500F81775FD1F7C
:10F350002302B5A4BA978607FCD2D0C6B9B7D04667
:10F36000B3754601CCC601000100944089659387BE
:10F3700097048CC6930500F81775FD1F230CB5A0E4
:10F38000D1BF9443B705330093F6F6E794C3944393
:10F3900093F6F6E793E6061094C31447CD8E14C790
:10F3A0009306900D81BF1307100D639BE7588347A9
:10F3B0000900858B6382074C83470900E207E187D8
:10F3C00063D4070A8347F40093F7070285C783577E
:10F3D000A4031307204EB387E70203274409B3D7DA
:10F3E000E7021767FD1F0347677C13070705BA97F6
:10F3F0002312F4089387C1AB9C439776FD1F938635
:10F40000668183AC46009843032C09018946318309
:10F410000D8B832BC408835744081765FD1F0355C4
:10F42000E57F631DD71693879718B3A5A7023746C4
:10F430000F001306062481463305F502EF00700C19
:10F440003385AB40B30785013E8763E4A70063E4DF
:10F45000970133879741835764082328E4082310D2
:10F46000040885832313F4088345C4040325441149
:10F47000930624031306440385899720FD1FE78024
:10F4800080B29777FD1F2388A79003C7690483473D
:10F490004403998F230AF4028327441183C707008A
:10F4A00013F7070C19E38D8B91E785471777FD1F3D
:10F4B0002303F78E83476900858B6397072C834767
:10F4C000A40293E727002305F40283470900E2071B
:10F4D000E18763D307028347641313D7370093F69A
:10F4E000770022978547B397D7008346071393C7C2
:10F4F000F7FFF58F2308F7128347F400898BDDCFE0
:10F500002285EFB07FC55DE98347F400A3090400BD
:10F5100093E74700A307F400832784118DCF0347A7
:10F52000B40115CB03C79700058B15E703D7A700D8
:10F53000C843136707F02395E7009720FD1FE78076
:10F54000200E8357440485072312F4048327841173
:10F550009C43232CF4108347540181CB8347C4047C
:10F56000898B81C72285EFB03FC48347040113070D
:10F5700020026398E7028327040AA305040293E7A5
:10F5800087002320F40A8347140193E78700A30828
:10F59000F400930740022308F4000DA0938797041A
:10F5A00069B513070006639AE70C85472308F40042
:10F5B0008347A40293E717002305F40283476900F9
:10F5C000898B638407108347C404858B638F070E80
:10F5D000834794018507A30CF4008347F40013F7D5
:10F5E000270029E793E72700A307F400930700F813
:10F5F000230EF4008357A4031307204EB387E702BA
:10F6000003274409B3D7E7021767FD1F0347075ACB
:10F6100013070705BA97C207C1832312F4088607A8
:10F620002311F4089777FD1F23A8078C228597677D
:10F63000FD1F238F0774EFF0EFC003456414894763
:10F6400083455401631FF514034584149105136524
:10F650002500EF109FE3834754016386071E83470D
:10F66000C404898B6381071EA2850145EF105FB931
:10F67000630B0512EF206F966DA413077006639C51
:10F68000E7029387C1AB98437C53ED9B7CD397678C
:10F69000FD1F238407703717004083578701B3F796
:10F6A000FA00231CF7008347C40093F7F7FD2306F5
:10F6B000F4008547CDB57147E392E7F08327040A4C
:10F6C00093E717002320F40AD5BD2285EFB05FAB86
:10F6D000E31505F0A30C04002285EFB0FFA38347D8
:10F6E0001401A18B85CF834764018DCB83477401BF
:10F6F000094793F7B70F6383E7029307D003230A01
:10F70000F404930770022308F4008347C404858B34
:10F71000E38507EC2285EFB03FAEC1B50347D400C7
:10F720008D476317F70483477401130780026373DF
:10F73000F702834774011D476388E702A306F402BA
:10F740008327840A228593E717002324F40AEFF025
:10F750005E8119A88A07171700001307A769BA97CF
:10F760009C432285829771F583476401D9FFB5B523
:10F7700083476401E38307E622859720FD1FE78026
:10F78000600AE31C05E4CDB7834784018507230C99
:10F79000F40083D7E90085071767FD1F2313F76C73
:10F7A0002DBD91057DB59387C1AB9843B706330056
:10F7B0001C4393F7F7E71CC31C4393F7F7E793E762
:10F7C00007101CC3938701AD98431C47D58F1CC7F6
:10F7D0009C401307A00FB8CB9387C1AB9C43B706DF
:10F7E00080009843558F98C3D857719BD8D79307FB
:10F7F00020FD2307F40083270412E38A07B00347A0
:10F80000F400058BE30507B0D44303C6C70083C5E6
:10F810008700035584008906EF505F82E31905AE27
:10F820008327041203D7A700136707F02395E70087
:10F830009C432320F41283572404E38A07ACFD176A
:10F840002311F404E9B49387C1AB9843B70633009E
:10F850001C4393F7F7E71CC31C4393F7F7E793E7C1
:10F8600007101CC3938701AD98431C47D58F1CC755
:10F870009C401307A00D85B79C40FC53E392079072
:10F880009767FD1F23880750EF103FF58347090056
:10F890002285E207E18763DA071EEFF0EF9883D74E
:10F8A0002901228585071767FD1F231EF75AEFF0F0
:10F8B0008FF883570404B5C713074006B3F7E70270
:10F8C000ADE39387C1B69C43898BA1C79764FD1FA5
:10F8D0009384442C985815CF9767FD1F83D787587A
:10F8E000C2079765FD1F83D50558DD8D2545029715
:10F8F0009C589765FD1F83D5C556294582979C580E
:10F90000831524032D4582979C5883054403314574
:10F9100082979767FD1F239607549767FD1F23A3C0
:10F92000075422852254B25092540259F249624A35
:10F93000D24A424BB24B224C924C45616FB05FDCD5
:10F940001307200DE398E7D283471900858B638165
:10F9500007149767FD1FA38D07428327040A139797
:10F960002701634A070E22859720FD1FE78040F993
:10F9700085476312F50E8355441C0356641C0345EA
:10F9800074149105C205C181EF101FC58347C404DB
:10F99000938BC1AB138C01AD858BBDCBA285054587
:10F9A000EF10FF8D03A70B00B70633001C4393F73E
:10F9B000F7E71CC31C4393F7F7E793E707101CC353
:10F9C00003270C001C47D58F1CC79C401307900FC2
:10F9D000B8CB930710FD2307F4009C40D44733F7BE
:10F9E0004601D8C70F1000009C40096798C713074D
:10F9F00000F81766FD1F230FE63803A60B00184218
:10FA000031830D8B0DEF13076019F8D3D4C701B202
:10FA100003A70B00B70633001C4393F7F7E71CC39B
:10FA20001C4393F7F7E793E707101CC303270C0069
:10FA30001C47D58F1CC79C401307900D51BF18421F
:10FA4000094631830D8B6315C7001307E04375BF6B
:10FA50001307E01B5DBFEF105FD8834794018DC78C
:10FA600093F7070F81CB9305D0032285EFB01FDBFF
:10FA7000A305A4029767FD1F9387C7119C5B89C7E5
:10FA800095451305500882972285EFC0AF9F51BD61
:10FA90009C40FC53639607EE9767FD1F238C072E4F
:10FAA000EF10BFD3D5B7411106C6EFB0EF999767F6
:10FAB000FD1F9387273A17F7FFFF130767CE23AA87
:10FAC000E70AB24017F7FFFF130767E223ACE70A24
:10FAD00097F7FFFF9387276723ACF1B64101828038
:10FAE000397122DC3704400026DA4ED6AE84AA896A
:10FAF0009305E4FF054506DE4AD8EF20EEAE498CBB
:10FB000013170401418321839317840013590401BF
:10FB1000D98F231601001379F90F10088A854E85B5
:10FB20002317F100A306210102C002C202C402C8C9
:10FB300002CA02CC02CEEF106FE88347E10103470F
:10FB4000D101A3818400A2074207BA970347F101BC
:10FB5000218023828400BA97F25062542380F400FB
:10FB600013D78700C183A3822401A380E4002381EB
:10FB7000F4004259D254B2592161828001111946D0
:10FB80009765FD1F9385A5021765FD1F1305053BAE
:10FB900006CE22CC26CA4AC891644EC69710FD1FD5
:10FBA000E78060C29385F4FF0145EF20AEA12A846F
:10FBB000FD550145EF204EA3A287FD147D5933F773
:10FBC0009700B366E500F9C6631425016304970C3A
:10FBD0001767FD1F230CF736A18393E707FC916994
:10FBE00041641767FD1F2321A7361767FD1FA30F69
:10FBF000F734FD191769FD1F1309C9257D14CE853A
:10FC00000145EF202E9CAA84FD550145EF20CE9D95
:10FC1000B3679500EDD7FD576314F500E38134FF1A
:10FC20009767FD1F2395A732935705011767FD1F9F
:10FC30002300F732935785011767FD1FA30AF7309A
:10FC40009767FD1F23879730A18093F4F40397678C
:10FC5000FD1FA38097308317890E42054185618D72
:10FC6000E18F6312F5020317C90F8317A90E618F85
:10FC7000E18F631AF7000317E90F8317C90E618F2D
:10FC8000E18FE30EF7F6F2406244D2444249B249B2
:10FC900005618280A6850145EF20CE922A84FD551C
:10FCA0000145EF206E94A28719BF11CE9307000281
:10FCB000918F635BF0003355C500B397F50033D6E1
:10FCC000C5005D8DB2858280130506FE014633D5E1
:10FCD000A500B285CDBF11CE93070002918F635B63
:10FCE000F000B395C500B357F5003316C500DD8DA0
:10FCF00032858280930506FE0146B315B500328534
:10FD0000CDBFB687B2882A832E88639D061463F917
:10FD1000C50A4167636EE61AB70700016363F634EC
:10FD200093568601E147171700001307675136976E
:10FD300003470700BA97130700021D8F19CB3398AA
:10FD4000E500B357F500B318E60033E807013313B5
:10FD5000E50013D608013355C80293960801C18205
:10FD6000935703013377C802B385A602420733686D
:10FD7000F700637AB80046989307F5FF63641801AB
:10FD80006367B8303E853308B8403357C802420332
:10FD9000135303013378C802B386E602420833687E
:10FDA0006800637BD80046989307F7FF63651801E6
:10FDB00079176363D8003E874205598D814582805B
:10FDC00001E60547B358C702416763EAE80EB70783
:10FDD000000163ECF82893D68801E147171700006B
:10FDE00013070746369783460700BE96930700021F
:10FDF000958FE5EB939E08013387154113DF0801CA
:10FE000093DE0E018545935703013355E70333779E
:10FE1000E703B306D5034207D98F63FAD700C69725
:10FE20001307F5FF63E4170163E6D7263A85958F3C
:10FE300033D7E703420313530301B3F7E703B30ECA
:10FE4000D703C207B3E7670063FBD701C6979306E2
:10FE5000F7FF63E51701791763E3D701368742059A
:10FE6000598D828063E2D504C16763E2F604B70767
:10FE7000000163E4F61E13D786016148971700005E
:10FE80009387073CBA9703C70700130E00024297F7
:10FE9000330EEE40631A0E0C63EDB61C3335C5000D
:10FEA0001345150081458280814501458280930775
:10FEB000F00F63F3D71C13D786002148C1B713078F
:10FEC000F00FC686E37C17F193D68800A14739B7B7
:10FED0001307F00FB286E378C7E493568600A14774
:10FEE00099B5B398F80033D6D50013DF0801335E17
:10FEF000E6033397F500B356D500558F939E08015E
:10FF000093DE0E013313F50093550701B376E60334
:10FF1000B387CE03C206CD8E63FBF600C6961306EA
:10FF2000FEFF63E4161763F2F616791EC6969D8EE1
:10FF300033D6E60393170701C183B3F6E60333858F
:10FF4000CE02139706015D8F637BA7004697930748
:10FF5000F6FF636817136376A71279164697931511
:10FF60000E01098FD18D45B5B357E600B396C60192
:10FF7000DD8E33D3E50013DF0601B357E303939E11
:10FF8000060193DE0E013398C5013357E50033684F
:10FF90000701935808013316C6013373E303B38591
:10FFA000FE024203B368130163FBB800B6981387DF
:10FFB000F7FF63EAD80C63F8B80CF917B698B38862
:10FFC000B84033D7E803420813580801B3F8E803F0
:10FFD0003383EE02C208B3E5080163FB6500B69502
:10FFE0001308F7FF63EDD50863FB65087917B6952D
:10FFF000C207416FD98F1307FFFFB3F6E70093D80D
:020000040003F7
:100000000701718F4182B38EE602B3856540B386E6
:10001000C60213D80E013387E802BA96C296338619
:10002000C80263F3E6007A9693D80601469663E227
:10003000C5026385C5003E858145828041677D1785
:10004000F98EC206B3FEEE003315C501F696E374D1
:10005000D5FE1385F7FF8145828013D706014148FD
:1000600031BD93560601C1477DB993D60801C147FA
:10007000B5B38145054582803687014801B5428781
:1000800085BF3E86E9BDBA871DBF328E4DB5791555
:100090004698D5B97915C69759BBB68732882A8351
:1000A0002E872E8E6393061463F1C50A4167637829
:1000B000E61A1307F00FB2866375C70093568600E1
:1000C000A147171700001307A71736970347070024
:1000D00093080002BA97B388F840638C0800B39580
:1000E0001501B357F5003318160133EEB70033137B
:1000F000150113560801B357CE02131508014181AB
:1001000093560301337ECE02B307F502420E3367E6
:10011000DE006378F7004297636507016373F700B9
:1001200042971D8FB356C70293170301C1833377DC
:10013000C7023305D5024207D98F63ECA708338580
:10014000A740335515018145828001E605473358A4
:10015000C7024167636CE80EB70700016365F82AC0
:1001600093568801E147171700001307670D36976C
:100170000347070093080002BA97B388F840639AD0
:10018000081E131E0801B385054113560801135EAE
:100190000E0113570301B3D6C502B3F5C502B386EA
:1001A000C603C2054D8F6377D7004297636407018A
:1001B000636AD726158F3355C702420313530301D1
:1001C0003377C7023305C5034207B367670063F897
:1001D000A700C29763E5070163F3A700C2973385C1
:1001E000A74033551501814582802A88E3EED5F476
:1001F000C16763E5F604B707000163E2F62013D395
:100200008601E14897170000938787039A9703CEEA
:10021000070013030002469E3303C341631903041E
:1002200063E4B6006369C5003308C540958D333774
:1002300005013387E5404285BA8582809307F00F38
:1002400063FBD71C13D38600A1486DBF1307F00FC3
:10025000C286E37A07F193568800A14729B7B7070A
:1002600000016366F61A93568601E14799BDB357BC
:10027000C601B3966600DD8EB3D8C50113D706015B
:10028000B3DEE802139F0601B357C501135F0F01E8
:10029000B3956500DD8D13D805013316660033155F
:1002A0006500B3F8E802B307DF03C20833E80801CA
:1002B000637BF80036989388FEFF6363D8166371FA
:1002C000F816F91E36983308F840B357E802C2050D
:1002D000C1813378E802330FFF02131708014D8FF5
:1002E000637BE70136979385F7FF6369D7126377DE
:1002F000E713F9173697C20EC162B3EEFE001388FA
:10030000F2FFB3F80E019355060193DE0E01337828
:100310000601B38F08033307E74133880E0393D7F1
:100320000F01B388B802C298C697B38EBE0263F3BA
:100330000701969E41687D1893D50701B3F7070121
:10034000C207B3FF0F01F695FE976362B70A630E0B
:10035000B708B307F5403335F500B305B740898DCD
:10036000339EC50133D567003365AE00B3D5650054
:1003700082803318180133D7F50013560801B3569D
:10038000C702131E0801B357F500135E0E01B395A3
:100390001501DD8D93DE0501331315013377C70297
:1003A000B307DE0293160701B3E6D60163F8F60041
:1003B000C29663E5060163F3F600C2969D8E33D7BD
:1003C000C60293970501C183B3F6C6023307EE0256
:1003D00093950601DD8D63F8E500C29563E505019F
:1003E00063F3E500C295998D6DB3E374F5F633863A
:1003F000C740B3B7C700B6979D8DB28799BF13D3D7
:100400000601C14801B593560801C147A9BB9356DF
:100410000601C1477DB136838148EDB3AE87E1BDAA
:10042000C68E55B5429779B301476314E60001457E
:100430008280B307E5000507B386E50083C70700A0
:1004400083C6F6FFE383D7FE3385D7408280B3C7E8
:10045000A5008D8B3307C50081E78D4763EEC7008C
:10046000AA876370E50A83C6050085078505A38F03
:10047000D7FEE3EAE7FE828093763500AA8791CA29
:1004800083C6050085078505A38FD7FE93F6370041
:10049000FDB79376C7FF138606FE63F0C70683A3F6
:1004A000050083A2450083AF850003AFC50083AE7E
:1004B000050103AE450103A3850183A8C50193850A
:1004C000450223A0770003A8C5FF23A2570023A459
:1004D000F70123A6E70123A8D70123AAC70123AC6C
:1004E000670023AE17019387470223AE07FF75B756
:1004F00090419107910523AEC7FEE3EBD7FEE3E4FD
:10050000E7F6828063F3A504B386C500637FD50256
:100510009345F6FF8147FD176393F500828033878B
:10052000F600034807003387C7002A972300070116
:10053000DDB73387F500834607003307F5008507ED
:100540002300D700E317F6FE82808147E5BF93F5CD
:10055000F50F8347050091C76393B70082800505B7
:10056000CDBF91C101458280AA87850703C7F7FFE8
:100570006DFF3385A7407D1582800347050083C743
:10058000050001E791C301458280814701A88347A7
:10059000150013071500E5DB81473A853387F50021
:1005A0000347070075D3B306F50083C60600E39042
:1005B000E6FE85072A87D5B7F401FA0096006400A5
:1005C0004B0032001E00140043483538785F424C1F
:1005D000455F4C49425F56322E31000053706C69C2
:1005E000744143007361632F76310000EA5E0000BE
:1005F0000A5F00000E5F00001A5F0000225F00002B
:100600002A5F0000325F0000665F0000B65F0000F6
:10061000F65F000004600000266000003260000009
:100620003E6000004E6000005E6000006E600000F2
:100630007E6000008E6000009E600000AE600000E2
:10064000D27D0000007E00001C7E0000DE7F0000E6
:10065000DE7F0000DE7F0000DE7F0000DE7F000026
:10066000DE7F0000DE7F00003C7E00005A7E00003E
:10067000727E00008A7E0000B07E0000D27E000004
:10068000DE7F0000DE7F0000F47E00001E7F0000A1
:100690005E7F0000A28000001C81000052820000EA
:1006A00068820000708200003681000058810000DE
:1006B0008A810000BC810000EE81000016820000EB
:1006C0003E820000528200006882000070820000BA
:1006D00078820000828200008C82000096820000F6
:1006E000B6820000C8820000D2820000DC820000D6
:1006F0007561727433207278000000000100FFFF02
:10070000FFFFFFFFFFFFFFFFFFFFFFFFFFFFFFFFF9
:10071000FFFF0706FFFFFFFFFFFFFFFFFFFF0204D2
:10072000050300002AA3000032A300008EA30000EE
:1007300036A300003AA30000E6A10000E6A10000F5
:1007400056A30000F0A2000034B6000058B6000026
:10075000EAB60000FEB6000014B700005EAE00006E
:100760005EAE00005EAE00004AB7000074B7000045
:1007700034B80000B6B80000CEB80000DCB8000005
:10078000CCB9000032AC000096BA000032AC0000D8
:1007900004BB000080C1000038BC000060BC000049
:1007A0009ABC0000C8BC000032AC0000F8BC0000DD
:1007B000A0BD00005EBE000018BF0000ACBF00007E
:1007C00032AC000032AC000024C1000088130000ED
:1007D00010270000204E0000409C000060EA00004E
:1007E000C0D4010080A90300495056345636000099
:1007F000495000002F6400002F6D2F64000000009E
:100800002F6D2F75000000002F7500002B434D53F6
:10081000204552524F523A002B4D51545455524399
:100820003A2022636F6E6E222C302C002B4D5154D7
:10083000545552433A202274696D656F7574222CA9
:10084000302C00002B4D5154545552433A20227302
:10085000756261636B222C302C0000002B4D5154CB
:10086000545552433A202270756261636B222C30DA
:100870002C0000002B4350494E3A000052454144A1
:10088000590000002B43455245473A002B43535132
:100890003A0000002B434553513A00002B43434C90
:1008A0004B3A0000415445300D0A000041542B439F
:1008B0004744434F4E543D312C220000222C22004D
:1008C000220D0A0041542B4D485454504352454187
:1008D00054453D22000000006361636865640000C8
:1008E000656E636F64696E670000000041542B4DB4
:1008F000485454504845414445523D002C302C301A
:100900002C2252616E67653A2062797465733D00EE
:1009100041542B4D48545450524551554553543D24
:10092000000000002C312C302C22000041542B4DB3
:1009300048545450524541443D0000002C312C0095
:1009400041542B4D4854545044455354524F593DF3
:100950000000000041540D0A0000000041542B43E8
:1009600050494E3F0D0A000041542B43434C4B3F2E
:100970000D0A000041542B43455245473F0D0A00E4
:1009800041542B4D515454444953433D300D0A00BA
:1009900041542B4D5154544346473D226B6565707D
:1009A000616C697665222C302C00000041542B4D7F
:1009B0005154544346473D22636C65616E222C308E
:1009C0002C00000041542B4D515454434F4E4E3D8A
:1009D000302C2200222C22222C22220D0A00000080
:1009E00041542B4D5154545355423D302C2200005C
:1009F00041542B4D5154545055423D302C2200004F
:100A00002C302C302C00000041542B434553510D09
:100A10000A0000002B4D4854545043524541544560
:100A20003A0000002B4D485454505552433A20226E
:100A3000657272222C0000002B4D485454505552C0
:100A4000433A202272656376222C00002B4D4854D5
:100A50005450524541443A004552524F5200000012
:100A60002B434D45204552524F523A004F4B000008
:100A70002F000000687474703A2F2F0041542B4DE2
:100A8000485454504346473D220000007075626C44
:100A90006973680030313233343536373839414282
:100AA00043444546000000002B4D515454555243D9
:100AB0003A00000088184818F2178317F7164816EE
:100AC00075157D1461132512CF10690FFC0D920C62
:100AD000340BE909B6089F07A406C50502055704AB
:100AE000C3034403D5027702EED70000F0D600001E
:100AF000A2D800000AD9000056D90000B4D70000DF
:100B0000424C4520616476206461746100000000FD
:100B10003031323334353637383941424344454633
:100B200000000000636861723220727800000000EB
:100B30002CE1000052E10000C4E1000030E20000BE
:100B40006AE2000098E20000AAE200000003020549
:100B500000030501040602041F1C1F1E1F1E1F1F89
:100B60001E1F1E1F08EF000012EF00004AEF0000DA
:100B700062EF00006EEF00007AEF0000C2EF0000AD
:100B8000FCEF000028F000002EF0000034F0000020
:100B9000B2F20000C8F2000054F300005EF300005F
:100BA0006EF3000054F3000054F30000FE0065787B
:100BB000706572696D656E74616C00004669726D76
:100BC00077617265205265766973696F6E00000007
:100BD0004861726477617265205265766973696FE6
:100BE0006E0000004D616E756661637475726572AA
:100BF000204E616D650000004D6F64656C204E7580
:100C00006D6265720000000053657269616C204E70
:100C1000756D626572000000536F6674776172656E
:100C2000205265766973696F6E000000EA0C01005E
:100C3000120D01003A0D0100520D01006C0D010072
:100C40008E0D0100B60D0100DE0D0100F60D010054
:100C5000100E01002457FEFF9857FEFF0C58FEFFB0
:100C60000C58FEFFA857FEFF0C58FEFFC057FEFFB2
:100C7000E257FEFF0C58FEFFFC57FEFF5058FEFFE8
:100C80007058FEFFEC58FEFF8258FEFFEC58FEFF46
:100C9000EC58FEFFEC58FEFFA458FEFFEC58FEFF98
:100CA000EC58FEFFEC58FEFFC858FEFF107D020016
:100CB000E06A01004C7D020062780100C87D0200FC
:100CC0002E780100827E0200FA7701001E7F02006A
:100CD000788301006C7F020078830100C67F0200E8
:100CE000CA820100827E02009A7701005A800200C7
:100CF000E67A01000000000000000000A48002006D
:100D0000727B010016810200646B010096AAFEFF4F
:100D100096AAFEFFBCAAFEFFD4AAFEFFDCAAFEFF35
:100D2000E4AAFEFFECAAFEFFF4AAFEFFFCAAFEFF67
:100D300004ABFEFF0CABFEFF44ABFEFF4CABFEFF73
:100D400014ABFEFF010102010201010201020404D1
:100D50000601040101010101040402010400000074
:100D60000101020102010102010104040601040162
:100D700001010101040102010100000022B8FEFF8F
:100D80002EB8FEFF70B8FEFF96B9FEFFA0B9FEFFB9
:100D9000E4B9FEFF26BAFEFF64BAFEFF9CBAFEFF6E
:100DA00034B9FEFFD0BAFEFF5ABBFEFF7CC7FEFF80
:100DB00058C7FEFF7CCAFEFFD8CAFEFFE0CDFEFF8B
:100DC000FACBFEFF40CCFEFF84CCFEFFBCCCFEFF86
:100DD00000CDFEFF58C7FEFF44CDFEFFBACDFEFF9B
:100DE000000000000000000000000000000000877C
:100DF00042F80100800A020018F90100E20A02002C
:100E00003CF90100DCF901000AFA01004EFA010088
:100E1000EC0902005C0902007AFB0100A6FB01005C
:100E200018FC0100BEFC0100CC080200DE07020035
:100E3000EC060200CEED010070FD0100C4FD0100D2
:100E4000F60D02008E0D0200F6FD01009EFF01006E
:100E5000F20002007C010200A80102004C0E020018
:100E6000500E02003E02020080020200540E0200F8
:100E7000580E02005C0E0200600E02004E0C0200D2
:100E8000CA020200A8030200640E0200680E0200FB
:100E900054040200B206020043483538785F424CE1
:100EA000455F4C49425F56322E313300464EFFFFBC
:100EB000544EFFFF5C4EFFFF624EFFFF684EFFFF88
:100EC000884EFFFF904EFFFF964EFFFFA04EFFFFA4
:100ED000A64EFFFFAC4EFFFFB24EFFFFB84EFFFF26
:100EE000C44EFFFFCA4EFFFFD04EFFFF124FFFFF61
:100EF000D64EFFFFDC4EFFFFE24EFFFFE84EFFFF46
:100F0000F44EFFFF124FFFFF124FFFFF124FFFFF84
:100F1000124FFFFF124FFFFF124FFFFF124FFFFF55
:100F2000124FFFFFFE4EFFFFEE4EFFFF124FFFFF7F
:100F3000044FFFFF0C4FFFFF0E54FFFF3A54FFFF1B
:100F40005C54FFFF7254FFFF8654FFFFA254FFFF63
:100F5000C054FFFFD054FFFFEA54FFFF0055FFFFCE
:100F60002255FFFF3855FFFF4C55FFFF6055FFFF2F
:100F70007E55FFFF8E55FFFFA855FFFF3A57FFFF35
:100F80004E57FFFF6457FFFF8257FFFFF458FFFFE4
:100F9000CA57FFFFC855FFFFE057FFFFF057FFFF9D
:100FA0001A56FFFF1A56FFFFDA56FFFFE456FFFFFF
:100FB000F857FFFFA457FFFF0858FFFF7A58FFFFBD
:100FC000BC58FFFF565BFFFFD058FFFFD058FFFF14
:100FD000A45AFFFF6459FFFFB258FFFF4C5BFFFFAD
:100FE000D058FFFF465AFFFFDC5AFFFFD058FFFFE3
:100FF000D058FFFFD058FFFFD058FFFFD058FFFF59
:10100000D058FFFFD058FFFFD058FFFFD058FFFF48
:10101000D058FFFF2659FFFFF05CFFFFD25DFFFFB6
:10102000A45DFFFF0A5EFFFF0A5EFFFF825EFFFF17
:10103000C65EFFFFD25DFFFFD25DFFFFD25DFFFF07
:10104000D25DFFFFD25DFFFFD25DFFFFD25DFFFFEC
:10105000D25DFFFFD25DFFFFD25DFFFFD25DFFFFDC
:10106000D25DFFFFE65EFFFFE65EFFFFD25DFFFFA2
:10107000D25DFFFFD25DFFFFD25DFFFFD25DFFFFBC
:10108000D25DFFFF405FFFFF405FFFFFAC63FFFFEC
:10109000B663FFFFCC63FFFFD863FFFFEC63FFFF86
:1010A000F463FFFFFA63FFFF0264FFFF0A64FFFFC0
:1010B0001064FFFF1664FFFF1E64FFFF2464FFFF40
:1010C0002A64FFFF3264FFFF6C64FFFF6C64FFFF64
:1010D0003864FFFF4264FFFF4864FFFF4E64FFFF78
:1010E0005464FFFF5C64FFFF6664FFFF4C64FFFF16
:1010F0006864FFFF7C64FFFF9466FFFF9464FFFF5A
:10110000EE64FFFF0265FFFF1665FFFF2E65FFFF20
:101110004665FFFF5665FFFF6E65FFFF9466FFFFA4
:101120008665FFFF9466FFFF9466FFFF9865FFFFEB
:10113000BC65FFFFE065FFFFF465FFFF0266FFFF90
:101140001466FFFF5666FFFFFB349B5F8000008044
:101150000010000000000000070B0D1113171D1FE9
:1011600025292B2F353B3D4347494F535961FF00FC
:101170006A93FFFFA693FFFFD294FFFF7695FFFFD0
:101180008695FFFF7296FFFF0A96FFFFE096FFFF2E
:101190008E97FFFFF692FFFF7C94FFFF1E94FFFFE8
:1011A0005A96FFFF8AE402008ADC020040DC02005B
:1011B00060E1020030E1020002E10200C2E0020050
:1011C00094E0020076E202007AE202000EDF020002
:1011D0007EE20200CEDE020082E20200AADE02000F
:1011E00086E202007CDE02006CDE020034DE0200D9
:1011F0008AE2020012DE02008EE2020092E20200A7
:1012000096E202009AE2020044DC020058DC02008E
:101210009EE20200A2E20200A6E20200AAE20200AE
:101220006EE20200A8DD02001EDD020072E2020092
:101230000CE20200A6E102005CDC020000010202F6
:10124000030303030404040404040404050505055E
:10125000050505050505050505050505060606063A
:10126000060606060606060606060606060606061E
:10127000060606060606060606060606070707070A
:1012800007070707070707070707070707070707EE
:1012900007070707070707070707070707070707DE
:1012A00007070707070707070707070707070707CE
:1012B00007070707070707070707070708080808BA
:1012C000080808080808080808080808080808089E
:1012D000080808080808080808080808080808088E
:1012E000080808080808080808080808080808087E
:1012F000080808080808080808080808080808086E
:10130000080808080808080808080808080808085D
:10131000080808080808080808080808080808084D
:10132000080808080808080808080808080808083D
:101330000808080808080808080808082B43434C50
:101340004B3A0000E0FE00000200000044130300DE
:10135000E1FE00002A2A0000262A0000272A0000B9
:10136000292A0000242A0000502A0000252A000013
:101370000A1800000200000070130300282A000071
:10138000232A0000E0FF0000020000008413030095
:10139000E1FF0000E2FF0000E3FF000002000000A8
:1013A000BC130300012A0000A62A00000129000046
:1013B0000328000002290000002A00000018000095
:1013C00001180000042A0000002800000128000085
:1013D000052A0000411122C426C21754FD1F130420
:1013E00064839744FD1F9384A47E94485840938758
:1013F000019F06C69C43639FE60682975440B74709
:1014000036FE938707C8B6973387A7003A8563648B
:10141000F7006364D7003305D7409754FD1F9384CA
:1014200024979C4C91CB938701AD94433707CDFF14
:101430007D179C46F98F9CC611E148409747FD1FD8
:1014400093874775DC53829719E59C4C99CFEF0041
:10145000DF81EFF07EEB9C4C89CB938701AD984305
:10146000B70633001C47D58F1CC7B24022449244B4
:1014700041018280829798489747FD1F83C7D772A2
:1014800054401D8FB307A7003E8563E4E700E3E601
:10149000D7F83385D74051B753706C697441430016
:1014A00000000000000000004000000000000000FC
:1014B000000000000000000000000000010000002B
:1014C000000000000000000000000000000000001C
:1014D000000001000000000000000000000000000B
:1014E000000000000080000000000000000000007C
:1014F000000000000000000098D100005ACF00005A
:101500005CCF000053706C69744143000000000020
:1015100000000000000000000000000001020304C1
:101520000500000000000000889911112300000050
:1015300000000000000000000000000000000000AB
:10154000000000000000000000000000000000009B
:10155000000000000000000000000000000000008B
:10156000000000000000000000000000000000007B
:10157000000000000000000000000000000000006B
:10158000000000000000000000000000000000005B
:10159000000000000000000000000000000000004B
:1015A00002000000C81303000100000048130300FC
:1015B00002000000B013030001000000F326002029
:1015C00002000000501303000300000092280020D6
:1015D00002000000AC130300010000009023002073
:1015E000F6F800005EF80000000000004F544120B3
:1015F0004368616E6E656C0002000000C813030052
:10160000010000007413030002000000B013030087
:1016100001000000062700200200000080130300E4
:10162000010000009C28002002000000B01303000D
:1016300001000000F82600200200000064130300EF
:1016400001000000F80B030002000000B0130300CB
:101650000100000004270020020000006C130300BA
:1016600001000000080C030002000000B01303009A
:1016700001000000F52600200200000058130300BE
:1016800001000000BC0B030002000000B0130300C7
:1016900001000000F6260020020000005C13030099
:1016A00001000000D00B030002000000B013030093
:1016B0000100000005270020020000007C13030049
:1016C00001000000180C030002000000B01303002A
:1016D00001000000F7260020020000006013030054
:1016E00001000000E40B030002000000B01303003F
:1016F00001000000F4260020020000005413030043
:1017000001000000AC0B030002000000B013030056
:1017100001000000032700200200000068130300FE
:1017200001000000FC260020CCF9000000000000B1
:101730000000000002000000C813030001000000C8
:101740008813030002000000B01303000100000032
:101750000727002002000000901303000300000090
:10176000285A002002000000AC1303000100000012
:10177000B425002002000000B413030003000000A1
:10178000A428002002000000B013030001000000A4
:10179000082700200200000094130300020000004C
:1017A000A05A002002000000AC130300010000005A
:1017B000C825002002000000B4130300030000004D
:1017C000A828002002000000B01303000100000060
:1017D0000927002002000000981303000000000009
:1017E000185B002002000000B41303000300000097
:1017F000AC28002002000000AC1303000100000030
:10180000DC25002048FC00007AFB000000000000FE
:1018100043686172616374657269737469632031CE
:1018200000000000436861726163746572697374DB
:10183000696320320000000043686172616374656F
:1018400072697374696320330000000002000000B5
:10185000C8130300010000009C13030002000000F5
:10186000B013030001000000132700200200000055
:10187000B813030001000000000000000200000097
:10188000B013030001000000102700200200000038
:10189000A413030001000000302900200200000012
:1018A000B013030001000000142700200200000014
:1018B000C4130300010000001827002002000000EC
:1018C000B0130300010000001227002002000000F6
:1018D000A813030001000000112700203E5F010053
:1018E000946001000000000002000000C813030023
:1018F000010000002427002002000000B0130300B4
:10190000010000002F27002002000000D013030078
:10191000000000000000000002000000B4130300FB
:10192000030000000000000000000000F26C010055
:101930000000000094CF0000C6D60000DCD50000F7
:10194000FF007800020A0000FFFFFFFFFFFFFF0E0D
:10195000020202020200000001D70700001001028B
:101960000202021A18100000C3812F0102010202B4
:10197000020000005000A0000000E803FFFF00008C
:1019800002000000C01303000100FF200105020156
:0C19900001100101020100000000000035
:020000040006F4
:10D000006F00101D000000000000000090000020D4
:10D0100092000020A9BDF9F3940000200000000058
:10D020000000000096000020980000200000000092
:10D03000000000009A000020000000009C0000207A
:10D04000000000009E000020A0000020A2000020A0
:10D05000A4000020A6000020A8000020AA000020B4
:10D06000AC000020AE000020B0000020B200002084
:10D07000B4000020B6000020B8000020BA00002054
:10D08000BC000020BE000020C0000020C200002024
:10D09000C400002001A001A001A001A001A001A0E6
:10D0A00001A001A001A001A001A001A001A001A078
:10D0B00001A001A001A001A001A001A001A001A068
:10D0C00001A001A001A001A001A073270080B71753
:10D0D0000020218B9387479D01CB7327008098C345
:10D0E00098435D9B731007800F10000037170040B6
:10D0F000930670052300D704930680FA2300D70413
:10D100000F1000008346B70493F6F60DA305D7046D
:10D1100023000704732600809443A18AD18E739064
:10D12000068023A007000F1000009376050263809D
:10D1300006180347A700118B3DE373270080218B5E
:10D1400001CB7327008098C398435D9B73100780C1
:10D150000F10000037170040930670052300D70416
:10D16000930680FA2300D7040F1000008346A7001F
:10D1700093E646002305D70023000704F32600802A
:10D180009843218B558F7310078023A007000F1041
:10D1900000001307004B010001007D176DFF73278E
:10D1A0000080218B01CB7327008098C398435D9B3F
:10D1B000731007800F1000003717004093067005AA
:10D1C0002300D704930680FA2300D7040F10000031
:10D1D0007D892314A7000100010001000100230044
:10D1E0000704F32600809843218B558F7310078026
:10D1F00023A007000F10000073270080218B01CBB4
:10D200007327008098C398435D9B731007800F10AD
:10D21000000037170040930670052300D7049306DB
:10D2200080FA2300D7040F1000000F100000B7266B
:10D23000004013061005A383C68023000704F326CD
:10D2400000809843218B558F7310078023A007001F
:10D250000F10000073270080218B01CB7327008003
:10D2600098C398435D9B731007800F100000371719
:10D270000040930670052300D704930680FA23002C
:10D28000D7040F1000008346B70493E60608A305F1
:10D29000D70423000704F32600809843218B558F81
:10D2A0007310078023A007000F1000008280937680
:10D2B0000504638706140347A700418B3DE37327EA
:10D2C0000080218B01CB7327008098C398435D9B1E
:10D2D000731007800F100000371700409306700589
:10D2E0002300D704930680FA2300D7040F10000010
:10D2F0008346A70093E606012305D7002300070411
:10D30000F32600809843218B558F7310078023A04C
:10D3100007000F1000001307007D010001007D17BA
:10D320006DFF73270080218B01CB7327008098C38A
:10D3300098435D9B731007800F1000003717004063
:10D34000930670052300D704930680FA2300D704C0
:10D350000F1000009376F50193E606042314D7001E
:10D36000010001000100010023000704F3260080F2
:10D370009843218B558F7310078023A007000F104F
:10D38000000013076004631FE50273270080218BF0
:10D3900001CB7327008098C398435D9B731007806F
:10D3A0000F10000037170040930670052300D704C4
:10D3B000930680FA2300D7040F100000B726004020
:10D3C000094695BD73270080218B01CB7327008010
:10D3D00098C398435D9B731007800F1000003717A8
:10D3E0000040930670052300D704930680FA2300BB
:10D3F000D7040F100000B72600401306200525BDF6
:10D4000073270080218B01CB7327008098C398433A
:10D410005D9B731007800F100000371700409306C4
:10D4200070052300D704930680FA2300D7040F1059
:10D4300000008356870093E6060C2314D700F5BB43
:10D440004111814601468145114506C6212C7327AD
:10D450000080B7170020218B9387479D01CB73274E
:10D46000008098C398435D9B731007800F100000E5
:10D4700037170040930670052300D704930680FAFF
:10D480002300D7040F1000008346670493E61600BC
:10D490002303D70423000704F32600809843218B3D
:10D4A000558F7310078023A007000F100000B240B3
:10D4B00041018280814601468145114565227327DD
:10D4C0000080B7170020218B9387479D01CB7327DE
:10D4D000008098C398435D9B731007800F10000075
:10D4E00037170040930670052300D704930680FA8F
:10D4F0002300D7040F100000FD562316D702230087
:10D500000704F32600809843218B558F7310078002
:10D5100023A007000F10000073270080218B01CB90
:10D520007327008098C398435D9B731007800F108A
:10D53000000037170040930670052300D7049306B8
:10D5400080FA2300D7040F1000008346670493E697
:10D5500016002303D70423000704F3260080984312
:10D56000218B558F7310078023A007000F10000038
:10D5700001A0BD473305F50201007D1575FD8280D0
:10D58000411122C426C206C6AA840144631794002E
:10D59000B240224492444101828005041305803E3A
:10D5A0004204C13F4180DDB72303048015472303B4
:10D5B000E48001002302A480828083076480E3CE9C
:10D5C00007FE23030480828083076480E3CE07FE86
:10D5D00003454480828083076480E3CE07FE2302F4
:10D5E000A4808280411126C44AC24EC006C6137769
:10D5F000F50BAD47AA892E8995446306F7001945B6
:10D600006537653F8D444E854537FD59FD14639858
:10D610003401B240A244124982494101828013552B
:10D6200009011375F50F453F2209CDB7011126CC2D
:10D6300006CEB704080051371545BD377137693735
:10D640002AC6A53F32459377150089EB136515006F
:10D650001375F50FF240E24405618280FD14E9FC88
:10D660000145CDBF397126DC4ADA4ED852D656D4A0
:10D670005AD25ED006DE62CE66CCB7E700E07D57B8
:10D6800083AA070022C603AA470023A0E71823A203
:10D69000E718B7170040130770052380E704130746
:10D6A00080FA2380E70483C74704930B75FFB68491
:10D6B000E20793FBFB0F8546AA892E8B328937241C
:10D6C0000040E187015763FA76016308D500894677
:10D6D000130700026313D5000157D98F93F7F70F93
:10D6E000B71C00402382FC0411472303E480130588
:10D6F000F00F5D3D094CD135636D7C11B705070016
:10D70000DA9537870700795563F2E504B38795000A
:10D71000636EF702370B0800A94733EB6501639985
:10D72000F90689E48144513D26850DA0DA85094535
:10D73000553D05090345F9FFFD14050B693D81C4FD
:10D740009377FB0FFDF7DD3569FD7D55B717004079
:10D75000130770052380E704130780FA2380E7048A
:10D7600003C74704418B2382E704F250B7E700E088
:10D7700023A0571123A24711E25432445259C259EF
:10D78000325AA25A125B825B724CE24C2161828057
:10D79000A5476395F90685691309F00FB30699004B
:10D7A000B3742B01B6941349F9FFB3749900856BD8
:10D7B00033796901416B9387F9FFB3F7270199E347
:10D7C00063FC340193D94900C147E3E637FF99BFB1
:10D7D0000569C1697D19D9B71305800D6388690191
:10D7E000130500026384790113051008CA85DD3B27
:10D7F000353D21DD4E99B3843441D9B7DA852D45C5
:10D80000D533CA94E30099F205097D3BA30FA9FE25
:10D81000D5BF9387F9FF93F7F70F6361FC0C83C7BC
:10D820001C0413073008631FF70437070800636BF5
:10D83000EB04B3079B00B706100063F5D704334B26
:10D84000EB0089476393F9068980D549E38C04ECA2
:10D85000DA850945413B11090327C9FF9147232078
:10D86000E48003076480E34E07FE23033481FD1741
:10D87000EDFBFD14110B81C49377FB0FE9FF7D33A2
:10D8800071F5E1B5B717004003C75704B7070800A3
:10D890001377070219E3B78707007955E378FBEAA6
:10D8A00033079B00E3FFE7F855B58547E382F9F2BC
:10D8B000DA852D45053B9389F4FFE38504E629339A
:10D8C00093F7390091EB832604800327090093071F
:10D8D0004900E39AE6E43E89CE84F1BFB5476396FA
:10D8E000F9001305900BC93135BDB1471305B00AD6
:10D8F000E38BF9FE99476391F904B7050800B36516
:10D90000BB002D45C53181448D4BA14975396396C6
:10D910007401832704802320F9008504E39834FFF1
:10D920008327048013172B01635507002312F90086
:10D93000D5BB2322F900FDB39D476399F9028145C8
:10D940001305B0044531BD442320090023220900FA
:10D95000FD599D3993F77400CA9703C70700FD145A
:10D96000398D2380A700E39634FF6DBBA1476392F6
:10D97000F9046D398144630D0B008D479304C00396
:10D980006308FB009304000563048B0193044004C7
:10D990001375C507E30895D8194539313939054557
:10D9A000213126850D3909453D314931E31C05D624
:10D9B00069BB91476399F90013056006F536F53E9A
:10D9C000130590090DB7E38F09D4F154A9BB0000EA
:10D9D0009741F91F9381018017A1F91F13018162FB
:10D9E00017F5FFFF130545629725F91F938585619C
:10D9F0001736F91F1306C6FD63FAC500832205001A
:10DA000023A0550011059105E3EAC5FE17050000A6
:10DA10001305C54D9735F91F938585FB1736F91FFB
:10DA2000130646FB63FAC5008322050023A05500B8
:10DA300011059105E3EAC5FE1735F91F130585F9B0
:10DA4000938581A56377B500232005001105E36D5B
:10DA5000B5FEFD42739002BC8D4273904280B722A6
:10DA6000000093828288739002309722F91F93827C
:10DA7000625993E232007390523037170040930797
:10DA800070052300F704930780FA2300F7040F10B2
:10DA900000003C47B70600FAE116F58FB70600060E
:10DAA0009506D58F3CC7970200009382421C739065
:10DAB000123473002030B786B8ED014793860632E2
:10DAC00093170701C18363E3C7008280B387E50032
:10DAD00083C707003D8DA14713581500058911C163
:10DAE0003685FD1793F7F70F3345A800F5F70507BF
:10DAF000C1BF011122CC4AC84EC652C456C25AC038
:10DB000006CE26CAAA8AAE897D590144130B00109D
:10DB1000636E3401F24062441345F9FFD244424936
:10DB2000B249224A924A024B05618280B3878940FA
:10DB3000930400106365FB0093940701C1803305D3
:10DB4000540126869385018BF1244A852686938588
:10DB5000018B95372A89269465BF938781809443EA
:10DB6000374754311307F71401456399E60483C618
:10DB7000470005476394E60483C657001547636F63
:10DB8000D70203876700634B0702D44B3747030074
:10DB90006366D702411122C41306400A03A4470A50
:10DBA000938581807D5506C639371345F5FF018D74
:10DBB000B24022441335150041018280828037171C
:10DBC00000208327079D011122CC4EC606CE26CA0F
:10DBD0004AC89D669309079D1D646394D70013840A
:10DBE00007109384019B9C441306400A9385019B74
:10DBF00085077D559CC4C1351345F5FF23A2A40AB2
:10DC0000930600100146A28525459730F91FE7804D
:10DC100060A509C90145F2406244D2444249B24973
:10DC2000056182809306800A1386019BA28529459F
:10DC30009730F91FE78000A371FD13898180930657
:10DC4000800A13868180A2852D459730F91FE780D1
:10DC500060A169F119375DDD032789009C44E31B4E
:10DC6000F7FA23A0890005457DB779711305800473
:10DC700006D622D426D24AD04ECE52CC56CA5AC844
:10DC80005EC69720F91FE78040449306800A1386FA
:10DC900081809D652D459730F91FE780A09C8144C8
:10DCA0000DE1653DAA8411CD1306800A938581801C
:10DCB0001385019BB52AB71700201D6723A8E79C91
:10DCC00085449D659306800A13868180938505109F
:10DCD0002D45138981809730F91FE780A09845E58D
:10DCE000AD3D55C189C81387019B8327890018471B
:10DCF000998F6350F0021306800A93858180138503
:10DD0000019B3D229D67371700209387071023282A
:10DD1000F79C9387019B03C7570095471384019B8A
:10DD20006314F7064C48B74703001387F5FF637A7F
:10DD3000F70637750300753B1C4C6314F506444821
:10DD40008567FD17BE94FD77FD8C01498569636089
:10DD500099048144930A0010377B0300856B4C487B
:10DD600063EDB404056571331C4C631CF5021C485B
:10DD7000A3020400230304005CC4232E0400232018
:10DD80000402353D11A0D1F48567829701A04E9918
:10DD900085660146CA8505459730F91FE780808C66
:10DDA0005DD54C4837750300A9331C4C630FF5044F
:10DDB000A302040023030400E9B7858D13090010B2
:10DDC00063E6BA0013990501135909014A86938540
:10DDD000018B338564013D28338A7401CA8613861A
:10DDE000018BD28509459730F91FE780A08755F947
:10DDF000CA861386018BD2850D459730F91FE780BF
:10DE0000608645F19384041099BF9720F91FE7803D
:10DE100020639DBF0D06719A81473307F500639318
:10DE2000C700828014433387F500910714C3F5B708
:10DE3000B3C7A5008D8B3307C50081E78D4763EE1F
:10DE4000C700AA876370E50A83C6050085078505B4
:10DE5000A38FD7FEE3EAE7FE828093763500AA8798
:10DE600091CA83C6050085078505A38FD7FE93F663
:10DE70003700FDB79376C7FF138606FE63F0C7062B
:10DE800083A3050083A2450083AF850003AFC500CF
:10DE900083AE050103AE450103A3850183A8C50137
:10DEA0009385450223A0770003A8C5FF23A257004E
:10DEB00023A4F70123A6E70123A8D70123AAC701BA
:10DEC00023AC670023AE17019387470223AE07FFF9
:10DED00075B790419107910523AEC7FEE3EBD7FEDE
:08DEE000E3E4E7F68280000094
:00000001FF
