:020000040000FA
:040000006FD00600B7
:101000006F2000240000000000000000900000207D
:1010100092000020A9BDF9F3940000200000000018
:101020000000000096000020980000200000000052
:10103000000000009A000020000000009C0000203A
:101040000000000082020020A0000020A20000207A
:10105000A4000020A6000020A8000020AA00002074
:10106000AC000020AE000020B0000020B200002044
:101070004E010020C6000020B8000020BA00002069
:10108000BC000020BE000020C0000020DC000020CA
:10109000C400002001A001A001A001A001A001A0A6
:1010A00001A001A001A001A001A001A001A001A038
:1010B00001A001A001A001A001A001A001A001A028
:1010C00001A001A001A001A001A0B71700401307D3
:1010D00000032388E702054723A6E186730020303A
:1010E00037470040834747C09146BD8B638FD70089
:1010F00063E7F60009476389E704730020309946E7
:10110000638AD7003147E39AE7FE3746004013056C
:10111000F00F0DA0834757C0CDB7034786C01377A4
:10112000F70F638DA6001388160023800701B6977A
:101130002381E70083C641C4938741C40347A6C007
:101140001377F70F79FB55BF978000E0E780603A8F
:101150006DB7138701EC03472705938701EC19EF5F
:10116000971001E0E78080F1B7E700E0370700085B
:1011700023A0E7180F10000073002030B73600409E
:1011800003C7464011463D8B6304C702636CE6000B
:101190008947E313F7FE89450145971001E0E78091
:1011A00040EBD9BF1946630DC700B146E316D7FC23
:1011B0004166B73800409386C1137D169D4E89A0C5
:1011C00083C7564055BFC84B9385419403C705005C
:1011D000050503C88840C8CB138551940345050015
:1011E00005071377F70F1378F80F6311A70203D7DA
:1011F00007016305C70005072398E7002384D70389
:1012000003C7A8401377F70F5DFFBDB703C50500FF
:101210003695230005012380E500DDB7411122C486
:1012200026C24AC006C601441309703EEF00A07CE6
:101230004145977000E0E780007097E000E0E780AC
:101240000063EF00407B97E000E0E7800067EF007D
:10125000807A97E000E0E780407209E883A7419830
:10126000637CF90097A000E0E780C04097A000E011
:10127000E780607C05445DBF13050002977000E0C5
:10128000E780606B65B73727004083476700858B31
:10129000B1C305462303C700138741991C43850743
:1012A0001CC3138741981443A90614C313F71700EE
:1012B00019E32385C198294733F7E70201E78546FB
:1012C0002384D19813074006B3F7E70281E7054767
:1012D000A384E198730020304111B7170040985F54
:1012E0003AC6945F3247E39CE6FE32454101828074
:1012F00073270080218B9387C19D01CB73270080CA
:1013000098C398435D9B731007800F100000371738
:101310000040930670052300D704930680FA23004B
:10132000D7040F1000008346B70493F6F60DA3050B
:10133000D70423000704732600809443A18AD18E2A
:101340007390068023A007000F100000937605021B
:10135000638006180347A700118B3DE373270080C5
:10136000218B01CB7327008098C398435D9B73103A
:1013700007800F1000003717004093067005230008
:10138000D704930680FA2300D7040F100000834689
:10139000A70093E646002305D70023000704F326A1
:1013A00000809843218B558F7310078023A007007E
:1013B0000F1000001307004B010001007D176DFFA7
:1013C00073270080218B01CB7327008098C398433B
:1013D0005D9B731007800F100000371700409306C5
:1013E00070052300D704930680FA2300D7040F105A
:1013F00000007D892314A700010001000100010005
:1014000023000704F32600809843218B558F731027
:10141000078023A007000F10000073270080218B96
:1014200001CB7327008098C398435D9B731007809E
:101430000F10000037170040930670052300D704F3
:10144000930680FA2300D7040F1000000F1000004D
:10145000B726004013061005A383C68023000704A7
:10146000F32600809843218B558F7310078023A0AB
:1014700007000F10000073270080218B01CB73271A
:10148000008098C398435D9B731007800F10000085
:1014900037170040930670052300D704930680FA9F
:1014A0002300D7040F1000008346B70493E6060814
:1014B000A305D70423000704F32600809843218B5B
:1014C000558F7310078023A007000F100000828043
:1014D00093760504638706140347A700418B3DE319
:1014E00073270080218B01CB7327008098C398431A
:1014F0005D9B731007800F100000371700409306A4
:1015000070052300D704930680FA2300D7040F1038
:1015100000008346A70093E606012305D7002300B9
:101520000704F32600809843218B558F73100780A2
:1015300023A007000F1000001307007D0100010029
:101540007D176DFF73270080218B01CB73270080EF
:1015500098C398435D9B731007800F1000003717E6
:101560000040930670052300D704930680FA2300F9
:10157000D7040F1000009376F50193E606042314B8
:10158000D700010001000100010023000704F32639
:1015900000809843218B558F7310078023A007008C
:1015A0000F10000013076004631FE502732700801B
:1015B000218B01CB7327008098C398435D9B7310E8
:1015C00007800F10000037170040930670052300B6
:1015D000D704930680FA2300D7040F100000B72623
:1015E0000040094695BD73270080218B01CB7327EE
:1015F000008098C398435D9B731007800F10000014
:1016000037170040930670052300D704930680FA2D
:101610002300D7040F100000B72600401306200552
:1016200025BD73270080218B01CB7327008098C3D1
:1016300098435D9B731007800F1000003717004020
:10164000930670052300D704930680FA2300D7047D
:101650000F1000008356870093E6060C2314D70072
:10166000F5BB4111814601468145114506C6EF1083
:10167000900673270080218B9387C19D01CB732730
:10168000008098C398435D9B731007800F10000083
:1016900037170040930670052300D704930680FA9D
:1016A0002300D7040F1000008346670493E616005A
:1016B0002303D70423000704F32600809843218BDB
:1016C000558F7310078023A007000F100000B24051
:1016D000410182808146014681451145EF10A07F7E
:1016E00073270080218B9387C19D01CB73270080D6
:1016F00098C398435D9B731007800F100000371745
:101700000040930670052300D704930680FA230057
:10171000D7040F100000FD562316D702230007043C
:10172000F32600809843218B558F7310078023A0E8
:1017300007000F10000073270080218B01CB732757
:10174000008098C398435D9B731007800F100000C2
:1017500037170040930670052300D704930680FADC
:101760002300D7040F1000008346670493E6160099
:101770002303D70423000704F32600809843218B1A
:10178000558F7310078023A007000F10000001A0E1
:10179000BD473305F50201007D1575FD82804111BD
:1017A00022C426C206C6AA84014463179400B2402C
:1017B000224492444101828005041305803E420484
:1017C000C13F4180DDB719CD91CD09CE8147338727
:1017D000F500834607003307F50085072300D7008F
:1017E000E317F6FE828019C991C909CA910583A73A
:1017F000C5FF11057D16232EF5FEC5BF828001C9E8
:1018000019C62A960505A30FB5FEE31DA6FE828024
:1018100081473307F5000307070019E33E858280FF
:101820008507C5BF01112E8626CAAA841315060195
:101830009305F004418122CC06CE32C6EF00F05170
:101840002A8401C53246A685BD3F2285F240624406
:10185000D24405618280854715C18DC105C281478B
:10186000B306F5003387F50083C60600034707007B
:101870006398E6008507E315F6FE85473E8582807E
:101880008147EDBF9307F6FFBE952A966313C50007
:101890008280FD1583C715000505A30FF5FEFDB772
:1018A000AA87014581CF09CE3E96850703C7F7FF7A
:1018B0006317B700E39BC7FE054582808280014520
:1018C000828079719387819F22D4804306D626D265
:1018D0004AD04ECE52CC56CA5AC85EC65DCCB7C4AA
:1018E000C901014B9389019F9384F437175A000073
:1018F000130A8A2A975A0000938ACA2D17590000A2
:10190000130989318357240085E35C44631B0B0072
:1019100023ACF19E832BC4002285EF0070505E84BF
:10192000B9A82326FB00FDB783A7090082971C44B2
:101930003307F5406376F500032749001D8F2A978A
:1019400063E0E4089757000023AE0728835524007E
:1019500003450400971001E0E780C0B65C4058449E
:10196000A1CB0C4403264900AE97BE8663E4B700C2
:1019700063E4C700B386C74014C4228B3A8459F08D
:1019800097570000938707259C4B09476370F7061C
:10199000F917175700002327F724B2502254925406
:1019A0000259F249624AD24A424BB24B45618280A7
:1019B00063150B0023ACE19EB1BF2326EB0099BF5A
:1019C00003274A0209CF63EFA7003385A74083A707
:1019D0000A016376F5009757000023A5A720228B04
:1019E000404471BF03274900BA97C5B79757000015
:1019F00023AA071E5DB7411122C417540000130427
:101A0000E41F1C4006C626C24AC091C7829797575A
:101A1000000023A5071E9757000083C7F737858B63
:101A2000975400009384043795C397570000A3850B
:101A3000073683C774001547637AF700052B83C701
:101A40007400F5178A07A2979C4382971C4491C3A0
:101A500082971389419E0327090017560000034609
:101A600076179757000083C7E71693961700BA9624
:101A700083D60600C5CE9757000083C7A71563E13C
:101A8000C70C97570000238707141C406395071263
:101A90009757000083C7973091CF83C7740093F79F
:101AA000F70F89EB97570000A38A072E971002E0E3
:101AB000E780A0C29387019F9C43638E070E9757D0
:101AC000000093876715DC4317570000232CF7109D
:101AD000CD3B975700009387270CDC53E9CF17576E
:101AE00000001307270F184B9757000083C7170CE8
:101AF0006363F70C83C774001547636EF70A975743
:101B0000000083C7A72D918BDDE7032609009756B8
:101B1000000083C6360C63C6D70A2244B240924402
:101B200002494101171303E067000384850793F717
:101B3000F70F97560000238FF608E3E4C7F225BF9E
:101B400086073E9783550700231007002396019EC2
:101B50009387C19F9C43175500000345A5071317A2
:101B60002500BA979C43829783D7C19E17570000E0
:101B70000347470693C7F7FF7D8D93171700032789
:101B800009003E97835707005D8D2310A7009757E4
:101B9000000083C7270491C7850717570000230B50
:101BA000F702175700000347E7029757000083C763
:101BB0007702E378F7ECB2402244924402494101B3
:101BC0008280139717003297035707006DF7850738
:101BD00099B7AD6737C70040BD072326F7200F1020
:101BE0000000975700009387E7FEC84F832787269A
:101BF000BD66BD0693C7F7FF99836A052326D720E4
:101C00005D8D82804111B7170040985F3AC6945F9E
:101C10003247E39CE6FE3245410182801305F00F16
:101C200082800111975700009387072322CC03A4D9
:101C3000070C26CA06CE2AC42EC6854419E40145DF
:101C4000F2406244D2440561828083479100034799
:101C50001400858B6304F7000044CDB71946930543
:101C6000A10013052400C53EE31895FE0545C9BF34
:101C7000138781AB1C439306001094C3010001003D
:101C8000010001001C4323A0070083461500034800
:101C90002500A2064208C29603480500C2960348E2
:101CA00035006208C29694D7834655000348650004
:101CB000A2064208C29603484500C2960348750032
:101CC0006208C296D4D7834695000348A500A206B1
:101CD0004208C29603488500C2960348B5006208D0
:101CE000C29694DB8346D5000348E500A20642086D
:101CF000C2960348C5000345F500C2966205AA9640
:101D0000D4DB83C6150003C52500A2064205AA96AA
:101D100003C50500AA9603C535006205AA9694CFAF
:101D200083C6550003C56500A2064205AA9603C5F1
:101D30004500AA9603C575006205AA96D4CF83C64E
:101D4000950003C5A500A2064205AA9603C5850015
:101D5000AA9603C5B5006205AA9694D383C6D5009A
:101D600003C5E500A2064205AA9603C5C50083C5C2
:101D7000F500AA96E205AE96D4D3D443F59AD4C31F
:101D8000D44393E61600D4C3944393E6160094C359
:101D9000BA879443D842058B59E3984E01452300F6
:101DA000E6009843184F2183A300E6009843184F9C
:101DB00041832301E6009843184F6183A301E600A5
:101DC0009C43D84F2302E600D84F2183A302E600AC
:101DD000D84F41832303E600D84F6183A303E60075
:101DE00098532304E60098532183A304E6009853F4
:101DF00041832305E60098536183A305E600D85389
:101E00002306E600D8532183A306E600D853418376
:101E10002307E600DC53E183A307F600828001007C
:101E20008DBF1387C1AB1443411122C49C5E4AC0CD
:101E300006C6998326C2858B3A84138981ABD1C7A4
:101E40009C5E975400009384E4F493F7F7F99CDECA
:101E500017570000034767F493070008631BF70058
:101E6000832709009C4393F70704175700002306B4
:101E7000F7F283C7040093F707048DC39387019F8C
:101E80009C4382979757000023AEA7F083C70400B6
:101E900093F7F70B17570000230EF7EE83C74400A4
:101EA00093F707049DE3854717570000A306F7EE55
:101EB000938781AC9C43096798C7130700FC97562A
:101EC0000000238BE6ECD844F8D31C40985F1183C4
:101ED000058B09CB985F3D9B98DF0547975600001F
:101EE000238CE6EA985F1D83058B11CB985F1377EF
:101EF000F7F798DF854717570000230FF7E8832788
:101F00000900D8430583058B19C7D843759BD8C3EF
:101F1000D843799BD8C3B24022449244024941013C
:101F20008280397106DE16DC1ADA1ED82AD62ED443
:101F300032D236D03ACE3ECC42CA46C872C676C4F9
:101F40007AC27EC0F93DF250E2525253C25332552A
:101F5000A255125682567247E2475248C248324E44
:101F6000A24E124F824F216173002030938781ACC3
:101F70009443975700009387E7E103C70700058B59
:101F800011CB97570000238907E097570000A385DE
:101F900007E0828003C71700058B65F7F85271FFD1
:101FA00083C75700DDB71388C1AB032708001C5F48
:101FB0009583858BD1E709C61C5BBD832300F600A2
:101FC00085CA83270800985B4607935767016356C5
:101FD000070093E707C0C207C18303970600C20743
:101FE000C18709C7BA970947B3C7E7022390F6002C
:101FF00085CD834715008DCB9756000083C6E6D963
:1020000093F606041387970089478DCA3A950347CC
:102010000500854699471376F7066311D6026207D5
:102020006187B947634C0700832708009C5FED83F5
:102030008D8B17570000A304F7D681473E85828019
:102040008547EDBF411122C406C6138481AC1840F8
:102050002DE9AE877453FDFE3E85B285975700008B
:10206000238B07D2970002E0E780603C9387C1ABE7
:102070009C43B70680009843558F98C3D857719BEF
:10208000D8D797570000A38907D097570000A3839C
:1020900007D01C40094798C3144017570000130786
:1020A00067CF83472700858B89EB83473700858B74
:1020B000D9C397570000238107CEB2402244410183
:1020C00082808D47631EF5009387C1AB9C43B706A2
:1020D00080009843558F98C3D857719BD8D76DBF50
:1020E0008547E31BF5FA5447F977FD17F58F5CC771
:1020F0000F1000001C40096798C7130700F8175617
:102100000000230BE6C81387C1AB1043184231838C
:102110000D8B11E713076019F8D3D4C7B5BF184268
:10212000094631830D8B6315C7001307E043EDB7F4
:102130001307E01BD5B7FC52ADF741B75D71A2C4E0
:10214000A6C22A84130680022800AE8493051008D4
:1021500086C6CAC04EDE52DCEFF06FEA3545970006
:1021600002E0E78020691383C1AB832703009376E5
:10217000F41F138E01AD23A40700984B938E81ACFE
:10218000370FFCFF1367F70398CBF84F130510F8D0
:10219000B7020400137707E0558FF8CF9843F57620
:1021A000FD16758F98C39843B706330093038025B7
:1021B0001377F7E798C3984311497D1F1377F7E723
:1021C0001367071098C303270E008549930F8002F9
:1021D0001C47D58F1CC783A70E001307900D340032
:1021E000B8CB014793553700A69583C705001376F2
:1021F0007700B3D7C740858BE1C3832703008328CB
:102200000E00239C07042390070603A8C802137836
:10221000D8FF23A6080383A807001378F70793F8CD
:1022200008F833E8080123A0070103A84702336830
:10223000580023A2070383A80E00014823A27806B2
:1022400003DA07066307480303A80703038A0600A7
:102250001358F80062081358884163580A0103A80C
:1022600007031358F8002380060103D807061378E4
:10227000F80F03AA480663060A0003DA8705E37F1E
:1022800049FB03A847023378E80123A207038387A9
:102290000600635CF40003C805003396C9001346CA
:1022A000F6FF337606012380C5003E8663D3A70080
:1022B0002A8613158601618505071377F70F8506B2
:1022C000E312F7F3B640264496440649F259625A9F
:1022D00061618280938681AC9C42D84713161701B6
:1022E00063550602984713161701635006027D577F
:1022F000B8D7175700001307E78D584F0507175633
:1023000000002327E68E116798C798470D83058B39
:102310001DCB17570000034707A813671700175670
:102320000000230AE6A6130700F81756000023054D
:10233000E6A6214798C71387C1AB10435856719B37
:102340001367170058D69847058B0DC7175700001D
:10235000034757A41367170017560000A30CE6A203
:10236000054798C71387C1AB10435856719B136735
:10237000170058D698470983058B09E798470583C6
:10238000058B21CF9847175600001306A6A013858A
:10239000C1AB0983058B63030710184118433183D0
:1023A0000D8B75EBAC4B184E93F5050203471700E8
:1023B000CDCD79EF13077006D8CF0347060013671A
:1023C0001700175600002307E69C114798C71841CD
:1023D0005C57F19B93E717005CD79C429847931694
:1023E000370163D606029756000083C666AEC18ADF
:1023F00017570000130747A6C5CE03478707136783
:102400000702975600002385E6AC056798C79847F2
:102410009316270163D10602175700000347C79799
:1024200062076187635707000547975600002385B9
:10243000E696096798C798479316070163D6060280
:102440009756000083C6D6A8858A17570000130741
:10245000A7A0ADCE03479707136727009756000044
:10246000A388E6A6216798C7828029D7854563158A
:10247000B7001307B00689B789456315B70013077E
:10248000F0061DBF8D456315B700130730072DB744
:102490001307500715B71307600739BF0347360006
:1024A0001367170017560000A307E68E094739BFC8
:1024B000834687070946BD8A6388C60003478707A6
:1024C0008D463D8BE313D7F4114725BF834697070D
:1024D000918AC9DA034797071367870041B73971B3
:1024E00006DE16DC1ADA1ED82AD62ED432D236D020
:1024F0003ACE3ECC42CA46C872C676C47AC27EC0C4
:10250000D13BF250E2525253C2533255A2551256A9
:1025100082567247E2475248C248324EA24E124F8C
:10252000824F216173002030938781AC9843856787
:10253000938707777CD3938701AD9C4383A60709D4
:10254000139656006358060083A607091396660083
:10255000634406007453FDF2828061C1AA8701457D
:10256000DDCD8D07C207C183F19BC207C18313076D
:102570004003636BF7021387C1B50843138741B566
:1025800014436396A602174700001307E760185B21
:10259000014551C74111C20706C60545DD8D0297A9
:1025A000B240014541018280138781B5F9B70357D5
:1025B000650035E303574500636FF704B306F74042
:1025C0002146637CD60203280500938687001D8F71
:1025D000AA96611717460000035626602392E6006C
:1025E00023A006012393060014C12312F50013074C
:1025F00086FF974600002392E65E2313B5009745B9
:10260000000083D5855DB387F5401747000023168A
:10261000F75C210582800841ADB701458280828048
:1026200009CD9387C1B503A30700938741B583A85C
:10263000070081469A8763E31701828003A8070099
:102640006369F50A6367A80A13878700E367E5FEF5
:1026500003D66700216705076317E60003C701A9D2
:1026600005072388E1A8974500009385A55603D662
:10267000470003D765002393070032974207418341
:1026800017450000231BE55463886702138581B555
:1026900008416303F50203D5660019ED83D74600B0
:1026A00023A0060121073E9621062392C6009747E4
:1026B00000002394E752B6879843E30017F9938606
:1026C00081B59442E30BD7F683566700BDF683D6F7
:1026D0004700035647001843A106B2962392D7003D
:1026E00098C383D76500A107174700002317F74E4B
:1026F0008280BE86C28781B70327851163020712D5
:10270000411122C406C68347C5008345E5042A84D7
:1027100093F7C70F2306F500834697000356C700BB
:1027200013958601618563F2C508635B0506034561
:10273000870093F6F607A304D700054693E6270023
:102740006314C50093E617002306D4005C43890791
:102750005CC3A30AB400032504112E864C4309056B
:10276000EFF06F868327841103465401D44303D7C7
:10277000C700B296118FD4C32396E7008947A30DF3
:10278000F400034764039747000083C70742637858
:10279000F7048347C40093E707012306F40081A0F0
:1027A00093E717002306F4006DB79376F60F635D89
:1027B000050203458700854513E627006314B5002D
:1027C00013E617002306C400A30AD400A3040700DD
:1027D0008547A30DF400832784119C43DDF3B240A9
:1027E000224401454101828093E717002306F4004B
:1027F000A30AD400A3040700032504114C430905D0
:10280000EFE07FFC8327841103465401D44303D7B0
:10281000C700B296118FD4C32396E7008D4755BFEA
:10282000054582809387C1B69C43411122C406C6E8
:10283000858B2A84C5EF4165130525F597B002E025
:10284000E780403B45C58347A5002315F500832756
:102850000412BDE72320A4122322A41285472311CA
:10286000F404232005008347640154412316F50036
:102870000347D4002304E5000547A304E5001747F8
:10288000000013072751184F1385170215811C43A9
:102890007D151375F50F9CC25C43DCC21C479CC6BA
:1028A0005C47DCC61C4B9CCA5C4BDCCA1C4F9CCEF4
:1028B0005C4FDCCE19CD9386060213070702C1BF19
:1028C0008327441288C3835724042322A412850734
:1028D00079B79747000083D7A758850717470000A7
:1028E0002310F758B2402244410182808347C4003C
:1028F00023090400054593C747002306F400DDB70C
:102900008347850193F7E70FC5EF83479501CDEB2B
:10291000034625018346C50009CA83456503174759
:1029200000000347972863E7E50013F7060151CB42
:10293000014709C6C18A0357651C81C68356A51C79
:10294000369741C31307C712174500000355452D9D
:10295000B335A70237460F004111130606248146FE
:1029600022C426C206C67D543305A70297E002E0C2
:10297000E78060339747000083C79723B384A7009D
:10298000974700009387474D03A7870983270709C7
:1029900063F387003E84184375FB9387019F9C4334
:1029A000829781476364A400B307A440B2402244E5
:1029B000B3B7970093C7170092443E8541018280C8
:1029C00081473E858280938781AC98437C53FDFF8D
:1029D0008280797126D206D622D44AD04ECE52CCED
:1029E00056CA5AC85EC68347550303447513AA8462
:1029F0003E941374F40F9307400263F687001304A8
:102A0000B4FD1374F40F03AA841383AAC413A38B15
:102A1000841222865285D68597E002E0E780202343
:102A2000058915E503CBD41201498149337B640341
:102A3000930B50024A865285D68597E002E0E780E4
:102A40000021058915C5639169031374F90F238B60
:102A50008412B250225492540259F249624AD24A24
:102A6000424BB24B456182808509E20993D9894185
:102A70000509E31179FDE1BF8327850903560504A4
:102A8000797193D60701BD8EC206C182358E135768
:102A9000764093575640898B058B5D8F9357364010
:102AA000918B5D8F93571640A18B5D8F9317160006
:102AB000C18B5D8F9317360093F707025D8F9317D5
:102AC00056009355860093F707041E065D8F137614
:102AD000F60F518F93D7554013D63540118A898B05
:102AE000D18F13D67540D18F13D61540218AD18F3F
:102AF00013961500418AD18F13963500137606027E
:102B0000D18F13965500137606049E05D18F93F549
:102B1000F50FCD8FA20745465D8F3307C70222D43C
:102B20002A8426D252CC56CA032A8413832AC41379
:102B30005AC806D6369742074183935777401355B4
:102B400057400989858BC98F135537401189C98F23
:102B5000135517402189C98F131517004189C98F53
:102B60001315370013750502C98F131557009355B8
:102B70008700137505041E07C98F1377F70FD98FC8
:102B800013D5354013D755401189098B498F13D57B
:102B90007540498F13D515402189498F139515002C
:102BA0004189498F1395350013750502498F139597
:102BB0005500137505049E05498F93F5F50F4D8F4C
:102BC0002207D98FB387C7024AD04ECE5EC662C4F1
:102BD000B697C207C18313D7774013D557400989E9
:102BE000058B498F13D537401189498F13D517406D
:102BF0002189498F139517004189498F1395370013
:102C000013750502498F1395570093D587001375E7
:102C100005049E07498F93F7F70FD98F13D53540D9
:102C200013D755401189098B498F13D57540498FAA
:102C300013D515402189498F139515004189498F76
:102C40001395350013750502498F139555001375BB
:102C500005049E05498F93F5F50F4D8F2207D98FF7
:102C6000B387C702130650025285D685B697BD8E2C
:102C700093940601C18033F6C402137BF60F97E0EC
:102C800002E0E780C0FC05890DED8347D4120149BD
:102C90008149B3849702130C5002C1804A86528541
:102CA000D68597E002E0E78080FA0589937BF90FEB
:102CB00011C563863403850993F9F90F0509E31FEC
:102CC00089FD230B6413B250225492540259F249E5
:102CD000624AD24A424BB24B224C456182805E8BA3
:102CE000CDB7797122D406D683C735002E8423163A
:102CF0000100A307F10083C74500100802C02307A5
:102D0000F10083C755008A8502C2A306F10002C400
:102D100002C802CA02CC02CEEFE09FF50347F101E0
:102D20008347040001456310F7020347E10183472D
:102D3000140001456319F7000345D10183472400BE
:102D40001D8D13351500B25022544561828001114A
:102D5000974700009387471022CC03A4870C26CA0C
:102D60004AC84EC606CEAA8413092500854915C057
:102D700083C7140003473400858B6304F700405C6D
:102D8000FDB71946930544004A85EFE0DFACE31830
:102D900035FF2285F2406244D2444249B24905617E
:102DA00082804111974700009387070B22C403A438
:102DB000870C26C24AC006C693042500054901E8CF
:102DC0002285B24022449244024941018280A68574
:102DD0001305A4023937E30525FF405CCDB7411147
:102DE000974700009387470722C403A4870C26C295
:102DF0004AC006C693042500054901E82285B24071
:102E000022449244024941018280A6851305A4010F
:102E1000C93DE30525FF405CCDB72303048015477A
:102E20002303E48001002302A4808280830764805E
:102E3000E3CE07FE23030480828083076480E3CE11
:102E400007FE03454480828083076480E3CE07FE4B
:102E50002302A4808280411126C44AC24EC006C605
:102E60001377F50BAD47AA892E8995446306F700C1
:102E700019456537653F8D444E854537FD59FD142D
:102E800063983401B240A2441249824941018280D0
:102E9000135509011375F50F453F2209CDB70111EF
:102EA00026CC06CEB704080051371545BD3771371B
:102EB00069372AC6A53F32459377150089EB13651C
:102EC00015001375F50FF240E24405618280FD1490
:102ED000E9FC0145CDBF397126DC4ADA4ED852D61D
:102EE00056D45AD25ED006DE62CE66CCB7E700E09A
:102EF0007D5783AA070022C603AA470023A0E7182C
:102F000023A2E718B7170040130770052380E704D2
:102F1000130780FA2380E70483C74704930B75FFE8
:102F2000B684E20793FBFB0F8546AA892E8B328974
:102F300037240040E187015763FA76016308D50022
:102F40008946130700026313D5000157D98F93F701
:102F5000F70FB71C00402382FC0411472303E480D1
:102F60001305F00F5D3D094CD135636D7C11B7053C
:102F70000700DA9537870700795563F2E504B387D0
:102F80009500636EF702370B0800A94733EB650124
:102F90006399F90689E48144513D26850DA0DA85BF
:102FA0000945553D05090345F9FFFD14050B693D2C
:102FB00081C49377FB0FFDF7DD3569FD7D55B717AC
:102FC0000040130770052380E704130780FA23806D
:102FD000E70403C74704418B2382E704F250B7E7B5
:102FE00000E023A0571123A24711E2543244525962
:102FF000C259325AA25A125B825B724CE24C216176
:103000008280A5476395F90685691309F00FB30619
:103010009900B3742B01B6941349F9FFB374990066
:10302000856B33796901416B9387F9FFB3F727010A
:1030300099E363FC340193D94900C147E3E637FFC4
:1030400099BF0569C1697D19D9B71305800D6388DA
:103050006901130500026384790113051008CA850C
:10306000DD3B353D21DD4E99B3843441D9B7DA8556
:103070002D45D533CA94E30099F205097D3BA30F92
:10308000A9FED5BF9387F9FF93F7F70F6361FC0C97
:1030900083C71C0413073008631FF70437070800B1
:1030A000636BEB04B3079B00B706100063F5D7040E
:1030B000334BEB0089476393F9068980D549E38C4C
:1030C00004ECDA850945413B11090327C9FF914703
:1030D0002320E48003076480E34E07FE230334814A
:1030E000FD17EDFBFD14110B81C49377FB0FE9FF76
:1030F0007D3371F5E1B5B717004003C75704B70733
:1031000008001377070219E3B78707007955E378BA
:10311000FBEA33079B00E3FFE7F855B58547E382F9
:10312000F9F2DA852D45053B9389F4FFE38504E642
:10313000293393F7390091EB832604800327090094
:1031400093074900E39AE6E43E89CE84F1BFB54790
:103150006396F9001305900BC93135BDB1471305CE
:10316000B00AE38BF9FE99476391F904B7050800AB
:10317000B365BB002D45C53181448D4BA1497539DF
:1031800063967401832704802320F9008504E39863
:1031900034FF8327048013172B0163550700231284
:1031A000F900D5BB2322F900FDB39D476399F902CD
:1031B00081451305B0044531BD4423200900232275
:1031C0000900FD599D3993F77400CA9703C707009A
:1031D000FD14398D2380A700E39634FF6DBBA14712
:1031E0006392F9046D398144630D0B008D4793049C
:1031F000C0036308FB009304000563048B01930480
:1032000040041375C507E30895D819453931393994
:103210000545213126850D3909453D314931E31CEC
:1032200005D669BB91476399F90013056006F53629
:10323000F53E130590090DB7E38F09D4F154A9BBEE
:1032400097010020938181C917510020130181DB70
:1032500017E5FFFF130545DB97D5FF1F938585DA3B
:1032600017F6FF1F1306C6FD63FAC500832205008B
:1032700023A0550011059105E3EAC5FE17E50200FC
:103280001305851A97F5FF1F938585FB13868186A5
:1032900063FAC5008322050023A05500110591059E
:1032A000E3EAC5FE1385818697350020938505CD19
:1032B0006377B500232005001105E36DB5FEFD42DF
:1032C000739002BC8D4273904280B72200009382BB
:1032D00082887390023097D2FF1F9382A2D293E22A
:1032E0003200739052303717004093077005230067
:1032F000F704930780FA2300F7040F1000003C47FF
:10330000B70600FAE116F58FB70600069506D58FC9
:103310003CC797B2000093822288739012347300E6
:1033200020303D432A876373C3029377F700BDEFD4
:10333000ADE5937606FF3D8ABA960CC34CC30CC725
:103340004CC74107E36BD7FE11E28280B306C3404E
:103350008A069702000096966780A6002307B700AA
:10336000A306B7002306B700A305B7002305B700DF
:10337000A304B7002304B700A303B7002303B700D7
:10338000A302B7002302B700A301B7002301B700CF
:10339000A300B7002300B700828093F5F50F939642
:1033A0008500D58D93960501D58D61B7939627003D
:1033B0009702000096968682E78086FA9680C1176B
:1033C0001D8F3E96E374C3F8A5B73367B500FD5370
:1033D0000D8B79E7B7877F7F9387F7F7104194418B
:1033E000B372F6003363F600BE92B3E262006397F5
:1033F000720C6318D6065041D441B372F6003363A1
:10340000F600BE92B3E262006398720A631BD604B0
:1034100010459445B372F6003363F600BE92B3E2F2
:1034200062006391720A631ED6025045D445B3729E
:10343000F6003363F600BE92B3E26200639A72084C
:103440006311D60210499449B372F6003363F60053
:10345000BE92B3E26200639372085105D105E30F97
:10346000D6F61317060193970601631CF70013574E
:10347000060193D706013305F7409375F50F91E9DF
:1034800082804183C1833305F7409375F50F91E145
:1034900082801377F70F93F7F70F3305F740828099
:1034A0000346050083C60500050585056313D600A0
:1034B00065FA3305D640828011059105E312D6FEE8
:1034C000014582802105A105E31CD6FC01458280CF
:1034D0003105B105E316D6FC014582804105C105E1
:1034E000E310D6FC0145828011456FC0105E41118A
:1034F00093962500AA852D4506C697F0FF1FE78005
:10350000809DB240014541018280411126C29394C1
:10351000250022C44AC02A843289A686AA8501468B
:10352000254506C697F0FF1FE780E09AA6864A86E3
:10353000A285294597F0FF1FE780E099B240224419
:1035400092440249014541018280011122CC06CEFC
:103550003714004026CA4AC84EC652C48344740574
:10356000034AB4058349840503499405EFC0B014A8
:103570008347A40593F4F40F137AFA0F93E7170027
:10358000230DF40493F9F90F1379F90FB7170040DD
:1035900003C7A705058B6DFF03D5C705A38D470599
:1035A000238C3705A38C2705A38B9704F240624434
:1035B000D2444249B249224A05618280411193971F
:1035C000050122C406C6C1872E8463DD0700EFD043
:1035D000503D19C1EFD0D0352165218DB240224434
:1035E0004101828093F7150013C51500E5FB939701
:1035F000250163D00702EFE0014DFD3503C581864B
:1036000037F60200130606E08965EFE060020965FF
:10361000E9B7939715010145E3D207FC03C58186FD
:10362000130600649165EFE0A00011657DB7B70552
:103630000300371503001D71494693854556130550
:1036400045E286CE97D0FF1FE780E02011E101A080
:10365000B7F600E0795798CAFD57DCCA0567B7E7A7
:1036600000E023A0E7101306F00290C223A0E718A1
:103670000F1000001306C0038145480897D0FF1FB4
:10368000E780E017B7470020938787053ECA896720
:1036900093870780231CF100B5472304F102A1673B
:1036A000938707E03ECEB7070105938707103ED00A
:1036B0009307B00F2312F10285472303F102B737B6
:1036C00000009387E74EBEC4B73700009387A7502A
:1036D000BEC68567938717D02315F102B71701007F
:1036E0009387C7EB3EDAB73700009387A7543EDED7
:1036F000B7F50700B73700009387874E8146700003
:10370000E1051945BEC097E0FF1FE780C07C58085F
:103710008147994670003E960346060085070507D7
:10372000A30CC700E398D7FED24791C70357810186
:1037300085676373F70001A04808EFE0403811C1C6
:1037400001A0F6402561828041113735000022C476
:103750001305C55B06C613848186EFE0C0322300E3
:10376000A4001928034504002244B2401306003285
:10377000896541016FD0D06B411106C67327008067
:10378000218B11CB7327008023AEE19C03A7C19D41
:103790005D9B731007800F100000371700409306E1
:1037A00070052300D704930680FA2300D7040F1076
:1037B00000008346F70293F6A60FA307D702230063
:1037C0000704F326008003A7C19D218B558F73103A
:1037D000078023AE019C0F10000073270080218B0F
:1037E00011CB7327008023AEE19C03A7C19D5D9B95
:1037F000731007800F100000371700409306700504
:103800002300D704930680FA2300D7040F1000008A
:103810008346F70293E62600A307D7022300070496
:10382000F326008003A7C19D218B558F731007805D
:1038300023AE019C0F1000000545EFC0406C6D31B8
:103840001305407E81470147814605468545EFC007
:103850008071B240014541016FE0E05A2388018642
:10386000B74700209387875403C7C7B01367870003
:103870002386E7B0828003C50187828083A74187C2
:1038800083A601981387418781CB63E7F600B3874E
:10389000F6402546637BF60C797106D622D426D2F3
:1038A0004AD04ECE52CC8145414514C3EFD0403C66
:1038B00089450145EFC0E05DEFC0C054131A050112
:1038C000B71700404165135A0A01238C0704D149F8
:1038D00001441309F5FF8144EFC060605295420531
:1038E0004181AA8763739500A68793940701C180DD
:1038F000AA876373A900CA87FD19C2091399070132
:1039000093D90901135909012A94E39709FC3385D6
:103910002401098C49453355A4029305E100420571
:103920004181EF80D060B7470020138701879387DC
:1039300087540DE12300070003C7C7B01367870052
:10394000B25022542386E7B092540259F249624A97
:10395000456182808356E1002398D7AE85462300D7
:10396000D70003C7C7B05D9BE1BF8280B786B8EDC3
:1039700001479386063293170701C18363E3C700AB
:103980008280B387E50083C707003D8DA1471358A8
:103990001500058911C13685FD1793F7F70F3345DB
:1039A000A800F5F70507C1BF411122C4AA852A84E2
:1039B00031467D5506C65D3F930504011306C00AD6
:1039C0007537B24022441345F5FF41018280011151
:1039D0002306A1006C0011467D5506CEA30601000A
:1039E0002317010061370566B73500201306A6A02E
:1039F00093851557A53FF2401345F5FF0561828079
:103A0000411122C4AA852A8431467D5506C6B93F94
:103A10009305040113064009913FB2402244134527
:103A2000F5FF41018280411122C4AA852A84130630
:103A300040091385C1B706C6EFC0321B0347140007
:103A4000B7470020938787542384E7B003472400B7
:103A5000A384E7B0034734002385E7B0034744005D
:103A6000A385E7B0B240224441018280835705001C
:103A7000411122C43734002006C613078454231191
:103A8000F700834725001306000A9305C50023129B
:103A9000F700834635008567BA97A382D7B083566F
:103AA0004500130484542393D7B0834665002382D2
:103AB000D7B08346750014D3835685002313D702ED
:103AC0008346A500138547A32302D702EFC0F21156
:103AD000014729469307370A9207A29783C64700F2
:103AE0000507BD9A2382D700E316C7FEB2402244E1
:103AF0004101828041111306C00A814506C622C4D5
:103B00002A84EFF01F82B73700209387875403D7AA
:103B100027008565BE952310E40003D747001306F0
:103B2000000A938545A32301E40003C7150D13057F
:103B3000C400A301E40003D7250D2312E40003C74A
:103B4000050D2303E4009853A303E40003D76702A1
:103B50002314E40083C747022305F400EFC0F208F2
:103B6000814729461397470022978346C700850758
:103B7000BD9A2306D700E397C7FEB2402244410115
:103B80008280411122C406C6328426C20146B38710
:103B9000C6008387070093140601C180B1E703576D
:103BA0000400014893071700C207C183B388970038
:103BB000C20893D8080163E315032310F4002A9781
:103BC0002300C70083570400B6853E95EFC0F2017D
:103BD000835704000548BE9423109400B240224449
:103BE0009244428541018280050693170601C183F4
:103BF000E3EFE7F80148DDB703580600636BB80050
:103C0000014582800145B24022449244024941016B
:103C10008280930718004111C20726C206C622C43B
:103C20004AC0C1832310F6002A9803490800931460
:103C30000901C180E3F8E4FC338797004207418320
:103C4000E3E2E5FC3284B305F5004A863685EFC031
:103C5000C279B30625012380060083570400054579
:103C6000BE942310940045B71971A2DCD6D2DAD0E5
:103C700086DEA6DACAD8CED6D2D4DECEE2CCE6CA6A
:103C8000EAC8AA8A2E84328B23A0050023A205004D
:103C900023A40500B146AA8550002D4597E0FF1FDB
:103CA000E780602315C563110B020145F650665489
:103CB000D6544659B659265A965A065BF64B664C68
:103CC000D64C464D0961828085472300FB00F1BF39
:103CD0001247FD576316F70085472305F400F1B737
:103CE000B757523293873795E311F7FC0347C1006A
:103CF000A947E3ECE7FAAA8431464C007D55056AF2
:103D0000B531AA89130CAAA0930C0004138DCA0024
:103D1000930B9AA0B3079C403E89C207C18363F40A
:103D2000FC0013090004420913590901CA8610084E
:103D3000B3059D002D4597E0FF1FE780C01925F5CD
:103D40004E854A860C081D31CA94AA89E3F49BFC6F
:103D500093056AA191460A86D6952D4597E0FF1FE7
:103D6000E780601729F1824793C9F9FFE39F37F392
:103D70005CC08347C100224705452304F400854702
:103D800018C0A304F4001DB70DCD1387F5FF1377FA
:103D9000F70FB946814763E4E60201479306E00561
:103DA000B307E50083C70700811793F7F70F63EAAE
:103DB000F60005079377F70FE3E4B7FE85473E85E6
:103DC00082808147EDBF1441B7474332938737154F
:103DD000639CF60203564500411122C406C68D4677
:103DE0002A848147631DD6000356A5009306C00AA6
:103DF0006317D600553E5C44898F93B71700B240D5
:103E000022443E854101828081473E85828021C5D2
:103E1000AA950387F5FF814709EF1306E00593058F
:103E200020021308C005B307E5008387070081E778
:103E300085473E85828093F7F70F938607FE93F6BA
:103E4000F60F636AD6006388B7006386070105072B
:103E500042074183C9BF8147E9BF797106D622D4A1
:103E600026D24AD04ECE52CC56CA5AC883C79500E5
:103E7000E1C73289AE842A84AA85B14650002D4517
:103E800097E0FF1FE78020054DE5056A373B0020DE
:103E90009306AAA013061B579305C4002D4597E06F
:103EA000FF1FE780400351E593056AA191460A860A
:103EB000A2952D4597E0FF1FE780E0013DE91247FD
:103EC000B75752329387379501496319F7048349ED
:103ED000C100A94763E43705A24A9C406390FA04F5
:103EE0008247C440639CF40231464C007D55BD3C82
:103EF0001306AAA093051B57953C1345F5FF631FB6
:103F00009500B73700204E8523883757C93423A83A
:103F1000A18823AA518923AC81880549B250225433
:103F20004A8592540259F249624AD24A424B45614B
:103F3000828085472300F9000149CDB7411122C491
:103F40001384C1B71306000981451305440006C652
:103F5000EFF02FBDB717040A938717901CC0954741
:103F60002302F4008547A303F400B7073C009387BE
:103F7000B7751CC4B70778009387C7035CC41305E3
:103F800044072244B240B70503001D4693850558F7
:103F900041016FC0824541112E86AA857D5506C616
:103FA000F132B2401345F5FF4101828018414111C1
:103FB000B757463226C206C622C44AC09387470472
:103FC0008144631AF702034745008547814463141F
:103FD000F702034955002A843105CA85753301CD9E
:103FE00022998307C90081EBF14522856D37444C46
:103FF000898C93B41400B24022442685024992442D
:1040000041018280144137575434130727E5639ADE
:10401000E604411122C406C60346450285462A84A9
:10402000014763EBC60203465502914663E6C602AA
:10403000834665023D46C11693F6F60F636ED600C1
:10404000034675028D4663E9C60093058002A137D9
:104050001854098F13371700B24022443A854101A2
:10406000828001473A858280372500201307C523C7
:10407000B7050300231307002314070023150700C7
:1040800023160700231707001D4693858557130540
:10409000C5236FC08235372500201305C5238280D4
:1040A000797106D622D426D24AD07D3F130600026B
:1040B0009305F00F0A85EFF0CFA6896593060002FD
:1040C0000A86938505202D4597E0FF1FE780A0E035
:1040D00021ED2A890A85D93DAA84014419C93725C9
:1040E000002041466C001305C523EFC00230224971
:1040F0008544130600029305F00F0A85EFF06FA2C6
:104100008965930600020A86938505302D4597E060
:10411000FF1FE78040DC09CD19442285B2502254AC
:104120009254025945618280054481440149D1B7C6
:104130000A85AD3D0DC191C4A24733892741635A19
:1041400020013725002041466C001305C523EFC030
:10415000C22961D4D1B769F0E9F021447DBF39713A
:104160004ED656D206DE22DC26DA4AD852D45AD0AF
:10417000AA8AAE891139854715C513060002930531
:10418000F00F0A85EFF0EF990964930600020A86A2
:10419000930504202D4597E0FF1FE780C0D32A89AF
:1041A00009CD9947F2506254D2544259B259225A19
:1041B000925A025B3E85216182800A85C53B2A8A2C
:1041C000130B043009C52249054A130B04201306BA
:1041D00000029305F00F0A85EFF0AF94096493068F
:1041E00000020A86930504302D4597E0FF1FE78003
:1041F00080CE45F90A855D3B11C9A2441304042011
:10420000630C0A00B38724416348F0008967138474
:104210000720CA8463018B0C694681451305610040
:10422000EFF02F90B7574632938747044E863EC033
:10423000D6858547850468002302F100A302310179
:1042400026C4EFC0821AF1450A85B1332ACE9306FF
:1042500000100146A285254597E0FF1FE780A0C713
:1042600029F1930600020A86A285294597E0FF1FDF
:10427000E78060C61DF5130600029305F00F0A855E
:10428000EFF02F8A930600020A86A2852D4597E05B
:10429000FF1FE78040C4E31605F00A85013BA147F4
:1042A000E30205F02247E39FE4EE03475100E31BDE
:1042B00037EF4E86D6856800EFC0C210A147E313E2
:1042C00005EE3725002041466C001305C523EFC0DD
:1042D000C2118147C1BD138407303DBFB7370020ED
:1042E0009386875403D6260093878754054529C6AD
:1042F00083D54600130700026360B704056736974D
:10430000834557B0894663E9B602034847B0636501
:1043100005036397D500035767B019CF630EE60016
:1043200098530545636AE50003C547021305E5FA9E
:104330001375F50F1335D50A8280411126C24AC084
:10434000856437390020138604B1130589548145EB
:1043500022C406C6EFE0FFFCB75701BB9387B72A1C
:10436000130489542324F95495472312F400054774
:10437000B38784002382E7B07D572302E402370726
:104380000A051307974023A4E7B011472386E7B037
:10439000E546054723A6E7AE239CD7AE18C4B24036
:1043A000224423A0018823A291880249924441011A
:1043B00082805171CECF9389C18703A7090086D728
:1043C000A2D5A6D3CAD1D2CDD6CBDAC9DEC79947FA
:1043D0006301F708938A018803A90A001544631C46
:1043E000A90CED3D2A846316050E1306C00B81450A
:1043F0004800EFE01FF34808EFF0CFEFB747433234
:10440000938737153EC28D472314F1000509C16714
:10441000138BF7FF935709012316F1004800930708
:10442000C00A138A4188231521012317F100EFF0F8
:10443000AFD783240A00AA8B2AC893B41400B2040D
:1044400085660146A685254597E0FF1FE780A0A861
:1044500019C119448DA09306C00B5000A6852945AB
:1044600097E0FF1FE78020A76DF59306C00B500073
:10447000A6852D4597E0FF1FE780E0A529E94800C4
:10448000EFF07F9429C5B2470357A100B3F7670146
:10449000C207D98F631DF902C247639AFB029305D5
:1044A000C00A480823A02A0123209A00ED3423AC37
:1044B000A18623A009002285BE502E549E540E5979
:1044C000FE496E4ADE4A4E4BBE4B6D6182802144EE
:1044D000DDB70544CDB71571A2CDA6CB1306C00B31
:1044E0009305F00F480086CFCAC923AE0186A38387
:1044F000018ACEC7D2C5D6C3EFE0BFE29306C00B98
:10450000500081452D4597E0FF1FE780C09C2A8918
:104510009384C1871384718A631405104800EFF0F7
:104520009F8A81479306F00F1307C00B50003E96F9
:10453000034606006314D60E8507E399E7FE054A95
:1045400081490DC54808EFF06FD28357C10003576A
:10455000A1009305C00AC207D98F23A0F18848089B
:1045600023A201880D3C23ACA18685491306C00B0C
:104570009305F00F4800EFE0DFDA9306C00B500020
:1045800085652D4597E0FF1FE780E094AA8A41EDFD
:104590004800EFF05F833335A00081479306F00FAA
:1045A0001307C00B50003E9603460600631ED60656
:1045B0008507E399E7FE85473369590141C9138AA5
:1045C0000188638D09008357C1000357A100C2070A
:1045D000D98F03270A00998F6354F00A4808EFF037
:1045E000EFC88357C1000357A1009305C00AC20753
:1045F000D98F2320FA000567480823A2E188EFF04D
:104600009F9923ACA186630B090299479CC08347FD
:10461000040093E727002300F4002DA0014A0DB702
:104620008149014AA1B70145814779B763060A006C
:1046300081C785479CC03DA09547EDBF63870904AE
:1046400023A00400014525A09147C9B7639D090235
:10465000E30E09FC99479CC08347040093E72700B9
:104660002300F400D9391945631309002145FE40A0
:104670006E44DE444E49BE492E4A9E4A2D618280D8
:10468000E30009FC59B7E31209F803A501881533C3
:1046900045FD89479CC08347040093E7170023002A
:1046A000F400F1B73171480006DF22DDEFF08FC46E
:1046B0009305C00A4800EFF01F8E83A78187631817
:1046C000F50203A7C18791476307F7000145FA5038
:1046D0006A5429618280138401880840D93965F9B8
:1046E000184085470545E313F7FEE131CDB703A533
:1046F0000188E5BF03A50188828003A5C187828068
:10470000411106C622C426C22A84053985470145BF
:1047100023AEF18679399384C18709E503A5018821
:10472000493915C191479CC09387718A03C7070017
:104730002A84136727002380E7002285B2402244A1
:104740009244410182808D4711E09D479CC075D401
:104750009387718A03C707000144136717002380FA
:10476000E700E1BF317152D523A0018A238F018870
:104770002383018A9386018A1387E1899387618A5B
:104780004AD94ED756D362CD66CB6AC96EC723923B
:10479000018A06DF22DD26DB5AD15ECF814D014C36
:1047A000014D814C814A02C601498149138A418ADF
:1047B00036C83ACA3ECC1306C0029305F00F281043
:1047C000EFE03FB69305C002B385BA028D679394BC
:1047D0000A019306C00230102D45C180BE9597D0C6
:1047E000FF1FE780406F19C9850423109A0005490F
:1047F000850A93070004E390FAFC39A0A2577D577D
:10480000639BE70C23109A001306C0029305F00F78
:104810002810EFE01FB199659306C0023010938510
:1048200005E02D4597D0FF1FE780E06A631B050E6A
:104830002257FD576308F70E2810EFF0AFFC630E08
:10484000051252478547B2542300F70063860900DA
:10485000B38764416353F0021306C0022C10C808EA
:10486000EFB0B2386254A64B034CC104834DD1045F
:10487000034DE104834CF104268BB7340020938769
:1048800084548569BE996146EC08138549ADA2D26E
:10489000EFB0B235B74700204167938484549387C3
:1048A00087546364E4001304F7FF239089B023AABC
:1048B000740123A687AF23AAB7AF239CA7AF23AE6B
:1048C00097AF63030C00814BC24723A8740185494D
:1048D00023A0670191A82810EFF0CFF221C1B257B1
:1048E00063860900338767416356E0021306C002FE
:1048F0002C10C8083ECEEFB0522FF2476254A64BA0
:10490000034CC104834DD104034DE104834CF104F5
:104910003E8B8549850423109A00D9BD85473EC644
:10492000D5BF0549E39B09F4B24789CB9387718AC8
:1049300003C70700136717002380E7006302090419
:104940006247854719492300F7009387718A03C797
:104950000700136727002380E700FA506A544A854E
:10496000DA544A59BA592A5A9A5A0A5BFA4B6A4C8B
:10497000DA4C4A4DBA4D2961828085473EC65DB703
:10498000E39D09FC2149D1BF1971A6DA83C4618A6C
:1049900086DEA2DCCAD8CED6D2D499C89944F650C5
:1049A000665426854659D654B659265A09618280DE
:1049B000B7575434938727E53EC43739002083A77F
:1049C000018A1309895405644A948507930544AD07
:1049D000614608083EC602D8EFB03221832749015C
:1049E0009305800228003ED48327C4AE130AF00347
:1049F0009389018A2306F102832744AFA306F102BB
:104A0000835784AF2307F1028327C4AFA307F102C2
:104A1000EFF06FD883D7418A2AD81384418A637410
:104A2000FA081969930600100146930509E0254527
:104A300097D0FF1FE780204A19C1A1448DB7930684
:104A4000C0023000930509E0294597D0FF1FE78099
:104A5000804865F59306C0025018930509E02D457E
:104A600097D0FF1FE780204769F91306C0024C1852
:104A70002800EFB0321571F14818EFF0AFD855DDCE
:104A80000547238FE18883570400637EFA0085661B
:104A900001468D65254597D0FF1FE780C043E31F82
:104AA00005EE23100400035904009307C002930687
:104AB000C0023309F9028D67300029453E99CA8545
:104AC00097D0FF1FE78020418357040085072310FC
:104AD000F400E31505EC9306C0025018CA852D4575
:104AE00097D0FF1FE780203F29F91306C0024C181A
:104AF0002800EFB0320D31F15257B7575434938735
:104B000027E5E31CF7F27644930580024818EFF09E
:104B10008FC8E314A4F2B2471384E18923A0F900FB
:104B200083470400E38D07E699659306001001466C
:104B3000938505E0254597D0FF1FE780C039E31036
:104B400005E623000400A1BD5D71A2C403C4C189B0
:104B500086C6A6C2CAC04EDE52DC56DA5AD85ED627
:104B600011CC19442285B640264496440649F25990
:104B7000625AD25A425BB25B61618280B7370020D1
:104B800083C40757A94763EA970E2685EFE03FE401
:104B900083A70189AA8A13890189E385A7FCB757EE
:104BA0005232938737953EC483A7418902C8314664
:104BB00085072C007D553EC623089100EFE01FDBE2
:104BC0000566373A00201306A6A093051A572AC295
:104BD000EFE0DFD983A681891345F5FF2AC211676B
:104BE000938B4189138B818999646383E600916477
:104BF00085660146A685254597D0FF1FE780A02D35
:104C00002DF1B1463000A685294597D0FF1FE780DA
:104C1000802C21F985699386A9A013061A579385DC
:104C2000C400294597D0FF1FE780E02A1DF993852E
:104C300069A191465000A695294597D0FF1FE780AE
:104C4000802905F101464C082685EFF0EF8105C962
:104C50003247D2476395E702E24612476391E60284
:104C60008346C10103470101639BE60023205901EC
:104C700023A0FB0023209B00F5B50544E5B52144A6
:104C8000D5B53971130671002C00116506DE26DAE0
:104C90004AD84ED622DCA3030100EFE0FFFC2A89AC
:104CA000130671004C081965EFE01FFC238E018884
:104CB000AA899384C1894DC163070900D24722475D
:104CC000998F635DF008130671004C081965EFF0C9
:104CD000CF980DC10344710045C085472380F4007F
:104CE0009387718A03C7070019441367270023803D
:104CF000E70075A063090900130671002C00116517
:104D0000EFF0AF9561F9056637350020B737002021
:104D10001306A6A081451305155723880756EFE013
:104D20004FE023A8018823AA0188196723ACE188F2
:104D300083477100DDF38347210189C78347E10180
:104D40002144B1EF9387718A03C707002144136799
:104D500017002380E700A1A0E30709FA13067100FA
:104D60002C001165EFF06F8F35F5E38E09F813060F
:104D700071004C08196569B763033903938401898D
:104D800003A90400934719009CC07D3B9387718A57
:104D900019ED03C70700136717002380E70022857A
:104DA000F2506254D2544259B2592161828003C7F1
:104DB000070023A0240113672700C5B76D151375DD
:104DC000F50F9D4763E9A7026D161376F60F0545AB
:104DD00063E4C702A94763E1B702B315B50093F5D1
:104DE000F57799C963EAD7003315D5001375F577C0
:104DF00013351500828005458280411106C622C404
:104E000026C2630C051283470500854463820710A0
:104E100093F7C70F639E070E2A8483464500034617
:104E200035008345250003451500493F75E10347DB
:104E30005400854763EEE70C0347640063EAE70C20
:104E40000347740063E6E40C83479400034784003F
:104E5000A207D98FD5CF8347B4000347A400A20788
:104E6000D98FC517C2070567C183930617E063E1B1
:104E7000F60A8347D4008346C400130767E0A207FD
:104E8000D58FD917C207C1836364F7088347F4003D
:104E90000347E400A207D98F8917C207C18313070C
:104EA000A0236367F7069305000313050401EFE0F1
:104EB0001FF639CDD14513050404EFE05FF529C98C
:104EC0009305000213054405EFE07FF431C193061A
:104ED000440781479305000205451308C005930860
:104EE000B0023307F4000307470713960701418216
:104EF00015E7854411CE030644071307F002630942
:104F0000E600B6978384F7FF938414FD93B41400EE
:104F1000B2402244268592444101828063DFE5004D
:104F20001306E7FD1376F60F6379C50063070701E3
:104F3000630517018507E396B7FA8544D1BF14418D
:104F4000411137574D3226C206C622C4130737F423
:104F50008144639FE602834645000D472A848144CD
:104F60006398E602834655001307100A6392E6022F
:104F70008356A50013074009639CE600EFE05FA895
:104F80005C446397A70013050401853D9334150025
:104F9000B240224426859244410182801571D6C3D5
:104FA00086CFA2CDA6CBCAC9CEC7D2C5DAC15EDF35
:104FB000AA8AA13583C7D189C9EBAA846313050ED8
:104FC000130640099385C1B75685EFB0A23F03A4ED
:104FD00081889389818811E169E483A7C188096781
:104FE000138AC188138907106383E7000969B757DB
:104FF0004D32938737F43EC6E9779387371005041F
:105000002318F100C167138BF7FF935704011306B0
:105010004009D685231AF100680893074009231B2D
:10502000F10002CC23198100EFB0223C6800EFE0D0
:105030003F9DAA8B2ACC930600100146CA852545C0
:1050400097D0FF1FE78020E919C1994499A89306DA
:10505000400A7000CA85294597D0FF1FE780A0E766
:105060006DF59306400A7000CA852D4597D0FF1F45
:10507000E78060E679F96800D9351DC10347110161
:105080009307100A631EF700D24703572101B3F7B5
:105090006701C207D98F6315F400E247638FFB00F5
:1050A000A144FE406E4426854E49DE44BE492E4A48
:1050B0009E4A0E4BFA5B2D61828083A709005685BC
:1050C00023202A01850723A0F900EFE0DF95D1BF57
:1050D0001571DAC11306400A9305F00F680086CFF8
:1050E000A38E0188A2CDA6CBCAC9CEC7D2C5D6C3CE
:1050F0005EDF62DDEFE0EFA29306400A7000896593
:105100002D4597D0FF1FE78000DD138BD1896313F6
:10511000052E31466C000A85EFB0222D680005355A
:10512000014419C5034411011304F4F513341400A8
:1051300081479306F00F1307400A70003E9603461E
:105140000600631FD60C8507E399E7FE854A0149EF
:1051500005C083574101035721016808C207D98F51
:1051600023A4F188096723A6E1880549EFE0BF8BF6
:105170001306400A9305F00F6800EFE08F9A8965E7
:105180009306400A7000938505102D4597D0FF1FA8
:10519000E78060D46310052668005533814419C543
:1051A000834411019384F4F593B4140013F6F40FBF
:1051B00081479306F00F1307400A6C00BE9583C524
:1051C00005006391D5068507E399E7FE054A9375C7
:1051D000F40FF1C88357410103572101C207D98F4A
:1051E00013878188630709001443B386D740635E41
:1051F000D00A1CC3896793870710680823A6F18823
:10520000EFE07F8215C00145FE406E44DE444E490A
:10521000BE492E4A9E4A0E4BFA5B6A5C2D61828023
:10522000814A35B7014A65B70969B7574D32938945
:105230008188938737F403A709003EC6E9779387EF
:1052400037102318F1000507C1671306400993853D
:10525000C1B72319E100938BF7FF418393074009FE
:105260006808231AE100231BF10002CCEFB0E2171B
:105270006800EFE0EFF82A8C2ACC93060010014674
:10528000CA85254597D0FF1FE780E0C40DC9854733
:105290002300FB009387718A03C707001367270069
:1052A0002380E7008DB7630E0906E38EC5F403A9DA
:1052B000C1888967E31AF9F613090910BDB7930687
:1052C000400A7000CA85294597D0FF1FE780A0C01B
:1052D0005DFD9306400A7000CA852D4597D0FF1FDB
:1052E000E78060BF4DF56800993955D1E247E3107A
:1052F000FCFAD24703572101B3F77701C207D98FD0
:1053000023A0F90023A6218919C0E31E0AEE99C043
:10531000E39B0AEE9387718A03C7070013671700A0
:1053200041B7EFE0BFC123A40188896793870710C5
:1053300023A6F1880247B75750329387C7246318D2
:10534000F708A244A1450A85EFE0FFC46391A408D1
:1053500083444100034B51008349610003497100BC
:10536000DA854E86CA862685EFF05FA52DE1938704
:10537000C1B7A380970023816701A38137012382EE
:10538000270129476395E40211476312EB02214785
:10539000639FE900631D99002547A380E700056727
:1053A000130747A02391E70015472382E7001385E1
:1053B000C1B7EFE04FE79387718A03C707001385F2
:1053C000C1B7136717002380E700C93E35BD1385B9
:1053D000C1B7EFE04FE563850A002145E3160AE215
:1053E0009387718A03C7070021451367170023803D
:1053F000E70019BDEFE09FB4EFE01FC71385C1B709
:10540000EFE06FE223A4018889679387071023A642
:10541000F18885472300FB009387718A03C7070043
:105420001945136727002380E700F9BB1385C1B72F
:10543000828003A58188828003C5C1B705898280E7
:1054400003C5C1B70581058982807971D54706D624
:1054500022D426D24AD04ECE2317F10009E90545C1
:10546000B250225492540259F2494561828065DA61
:10547000D147AE84E3F5B7FE8D472300F50093894D
:10548000C1B783C70900328993860901A300F500DB
:1054900083C719001306E1002A842301F50083C79E
:1054A0002900A301F50083C739002302F50083C753
:1054B0004900A302F50083C759002303F50083C701
:1054C0006900A303F50083C779002304F50083D79F
:1054D0008900A304F50083D78900A1832305F50083
:1054E00083D7A900A305F50083D7A900A1832306CC
:1054F000F50083D7C900A306F50083D7C900A183AF
:105500002307F50083D7E900A307F50083D7E90057
:10551000A1832308F50083A7818813D78700A308F8
:10552000F5002309E50013D70701E183A309E5008E
:10553000230AF50013070003EFE0AFE40DD1514754
:10554000938609041306E100A6852285EFE06FE348
:10555000E30705F013070002938649051306E100EF
:10556000A6852285EFE0EFE1E30B05EE13070002CD
:10557000938649071306E100A6852285EFE06FE0D8
:10558000E30F05EC8357E10001452310F900C9BD85
:105590000111D54706CE22CC26CA4AC82317F100EE
:1055A00001E90545F2406244D244424905618280E6
:1055B0006DDAD147E3F7B7FE034705008D47E312E5
:1055C000F7FEB2842E892A84130640099385C1B759
:1055D0002685EFA092618347140015452380F400CF
:1055E00083472400A380F400834734002381F40020
:1055F00083474400A381F400834754002382F400CE
:1056000083476400A382F400834774002383F4007B
:1056100083478400A383F4008347A40003479400D6
:10562000A207D98F2384F400A183A384F4008347C5
:10563000C4000347B400A207D98F2385F400A183D7
:10564000A385F4008347E4000347D400A207D98F61
:105650002386F400A183A386F40083470401034753
:10566000F400A207D98F2387F400A183A387F40055
:10567000834714010347240122075D8F83473401C8
:10568000C2075D8F83474401E207D98F03A7818852
:10569000E31AF7F013070003938604011306E100F1
:1056A000CA852285EFE04FD5E30D05EE514793867D
:1056B00004041306E100CA852285EFE0EFD3E3027C
:1056C00005EE13070002938644051306E100CA8520
:1056D0002285EFE06FD2E30605EC13070002938604
:1056E00044071306E100CA852285EFE0EFD0E30A04
:1056F00005EA8357E100E39627EB2685EFF0EFEF0D
:1057000055B56FF0FF9C317122DD26DB4AD94ED7AB
:1057100006DFAA892E89B2843684EFF02FEA83C788
:10572000D1899DEB1DE1130640099385C1B768003F
:10573000EFA0B24B6800A306310123072101A307A4
:10574000910023088100EFF07F85FA506A54DA5403
:105750004A59BA59296182801945C5BF41118566E8
:1057600001468965254506C622C497C0FF1FE7800C
:1057700080766310050E856601468D65254597C0C8
:10578000FF1FE78040756316050C1964930600102F
:105790000146930504E0254597C0FF1FE780A073ED
:1057A0004DE9856601469165254597C0FF1FE78055
:1057B000807245E1856601469965254597C0FF1FC2
:1057C000E780607159E5856601468145254597C0AA
:1057D000FF1FE780407035ED8566014685652545EC
:1057E00097C0FF1FE780206F2DE523A0018A239239
:1057F000018A238F01882383018A23A8018823AA91
:10580000018823AC8188238E0188A38E018823A47C
:10581000018889679387071023A6F188EFE00FF2CC
:105820001385C1B7A383018AEFF04FF71DE1372439
:1058300000201305C423EFA0F24C9375F50F130558
:10584000C423EFE0DF9111E52244B24041016FE053
:105850003FEBB240224419454101828003C5718A61
:105860008280C16705668146FD17130616021397ED
:10587000060141836364B7003E8582803307D5000B
:10588000034707002207B98F2147139807018607AE
:10589000C20713580841C18363530800B18F7D17B5
:1058A0001377F70F7DF38506D9B7854755CDCDCD55
:1058B000C5CE011126CA8354650006CE22CC4AC843
:1058C0004EC61307000F6369970899C0184549C76A
:1058D0001389B4004209135909018547636E2607ED
:1058E000930750FA2380F5008947A380F50083478A
:1058F0000500B6892E842381F50083572500A381F6
:10590000F500A1832382F50083474500A382F500BB
:10591000834755002383F50083576500A383F50073
:10592000A1832384F5000356650011C60C451305B9
:105930009400EFA0922B93859400C205C18122852B
:105940000D379305E9FF2E942300A4002181A300C5
:10595000A400239029018147F2406244D244424985
:10596000B2493E85056182803E858280854755C962
:105970004DCA29476377B70A011122CC06CE26CA41
:105980004AC84EC6834605001307500A2A8463920C
:10599000E608834615000947639DE60683498500AE
:1059A00003477500A209B3E9E9001307000F63621A
:1059B00037079384B900C204C180639CB404F9140E
:1059C00093950401C181A2943289613D03C71400FB
:1059D00083C7040022075D8FA147631CE50283474C
:1059E000240025042300F9008347B4FF0347A4FFE4
:1059F000A207D98F2311F9008347C4FF2302F900BE
:105A00008347D4FF2313390123248900A302F9001B
:105A10008147F2406244D2444249B2493E85056121
:105A200082803E85828011C51306001581456FD0A6
:105A30005F8F82800548630E0518638C0518638AA2
:105A4000061863880718914863F5C818797106D657
:105A500022D426D24AD04ECE52CC56CA5AC85EC69E
:105A600062C403C9250041439308F9FF93F8F80F76
:105A70006364130B83CB150063F02B0B6D1693142B
:105A80000601C1801306600F6368960803C605000F
:105A90001373F6036312030813BE1B00135376003F
:105AA000631C6E061982B388784193B81800058A82
:105AB0006394C80683C945003E8A83C73500A2099E
:105AC0003A8BB3E9F90083470500B68A2E8C2A8405
:105AD00089CB835725006396370183474500638B45
:105AE00027012285893785472300F40023113401DB
:105AF000230224011C44B3D77701858BA5EB835780
:105B0000C4009306B00F338797004207418363F2C6
:105B1000E6022285093F0548B250225492540259A8
:105B2000F249624AD24A424BB24B224C428545610D
:105B3000828093991B00A299130524052398F902EA
:105B40003E95268693055C00EFA0320A8357C40079
:105B5000A6972316F400239799008547B3977701FA
:105B6000832B8400B3EBFB0023247401144481478E
:105B700033D7F600058B21CF850713F7F70FE369BD
:105B800027FF930BE40081498144130C240503D6BD
:105B90000B00B3079600C207C183E36CFBF683D505
:105BA0002B0233859A008509E295EFA0120483D772
:105BB0000B0093F9F90F890BBE94C204C180E3185E
:105BC00039FD23109A002285B93D0148B1B70D482F
:105BD000A1B7428582808347150003470500A207CD
:105BE0005D8F8347250003453500C207D98F6205C5
:105BF0005D8D828093D785002300B500A300F5005A
:105C000093D70501E1812301F500A301B50082804E
:105C1000411106C6EFF05F8209C9B737002003A71C
:105C200007558D47054563E6E700EF4050383335AB
:105C3000A000B2404101828037370020930687548C
:105C40008567B69783A6C7AE1336150023A6C7AEE1
:105C500093B61600130787546380A60283D647AE17
:105C600041667D166385C60085062392D7AE83A75D
:105C7000019811C11CCB5CCB8280BD476385F500C8
:105C800085473E8582807971232006002322060005
:105C90002324060006D622D452CC2316060023075E
:105CA000060026D24AD04ECE56CA5AC85EC662C434
:105CB00003491500834705002D0522093369F900C2
:105CC00023102601034C75FF328423018601834A89
:105CD00085FFA30156018344A5FF834795FFA204D6
:105CE000DD8C23129600834BB5FF23037601034B13
:105CF000C5FFA30366018347E5FF0347D5FFA2075E
:105D0000D98F2314F6008349F5FF23053601E135C9
:105D1000935785002306F40093570501A306F4006A
:105D200093578501A305A4002307F4002A8A63037F
:105D300009029307000263EF8701894763EC57016B
:105D4000054763697701636767016393FA0299C046
:105D5000631299028547B250225492540259F24973
:105D6000624AD24A424BB24B224C3E854561828008
:105D7000231204009389E9FA93F9F90F9307C00AF3
:105D8000E3FA37FDEFE01F978147E306AAFC95474A
:105D9000D9B70111238A018A23A6018A280023A8E2
:105DA000018A06CEEFA0106A99452800EFF07FAB7C
:105DB000B7776C69938601C1938737059CC2B74753
:105DC000432D93874717DCC29357C500C207C18391
:105DD000A546138701C163E0F60693870703E20730
:105DE000E1872304F70093578500BD8B25469386F2
:105DF00077036364F6009386070393574500A30473
:105E0000D700BD8B2546938677036364F60093869F
:105E100007032305D7003D89A5469307750363E46F
:105E2000A60093070503A305F700F240314723843A
:105E3000E18A056182809387770355B7238A018AB7
:105E400023A6018A23A8018A82809387C18A94436A
:105E5000014591CA03A741980545158F6345070081
:105E600023A00700014582809387018B944301455D
:105E700091CA03A741980545158F6345070023A0E4
:105E8000070001458280411122C406C626C24AC0CD
:105E9000B9472E846311F510A547054963E0B7069D
:105EA000B73400209387845498538547938484544F
:105EB00011496315F70493071010B387F502A697ED
:105EC00083C7970285CF13F4F50F2285EF20B04BDF
:105ED0000D490DC59D4763EC8700B70503000A0413
:105EE000938585582E941C4082870545B133130550
:105EF0002003EF10202B0149EF40F00AB24022446A
:105F00004A8592440249410182800145C5B78567AF
:105F1000BE94854723AAF4AED9BF8567BE94914746
:105F2000D5BF8567BE948947F5B78567BE948D4711
:105F3000D5B78567BE9403D784AFB7470020BD4669
:105F40004117420741839387875463F5E60065470D
:105F5000239CE7AE03D787AFF946E3EAE6F80507E7
:105F6000239CE7AE69B78567BE9403D784AFB74774
:105F70000020BD464117420741839387875463F54C
:105F8000E6006547239CE7AE03D787AFC146E3F041
:105F9000E6F67D17F1B79307F5FF93F7F70F314753
:105FA0002A89636AF71A370703008A071307875A93
:105FB000BA979C4382878547E3E2B7F4B334B000D5
:105FC000938404082685EF20B023630605182685F0
:105FD000EF20F04263030518854733358000E3075F
:105FE000F9F08947631DF90CB74700209387875460
:105FF00023AA87AEEDBD91479384150AE3F4B7FC5D
:106000000549EDBD938705F6C207C18313076009F3
:10601000E368F7FEA944B3F79502FDF3B3D4950204
:106020009384040345B78D4793841505E3FCB7F8C3
:10603000C1BF894793841506E3F6B7F8D1B7854702
:10604000E3E0B7FCB334B00093840407A5BF8547F1
:10605000E3E8B7FAB334B0009384040BA5B78547DF
:10606000E3E0B7FAB334B0009384040CA1BF8547D2
:10607000E3E8B7F8B334B0009384040DA1B78547C3
:10608000E3E0B7F8B334B0009384040E25BF85472E
:10609000E3E8B7F6B334B0009384C40925B7854765
:1060A000E3E0B7F6B334B0009384E40921BF854739
:1060B000E3E8B7F4B334B0009384640921B78D47A3
:1060C000631CF900A945B355B402B7470020938774
:1060D0008754239CB7AE21BD91476319F900B74798
:1060E00000209387875423AE87AE11B5B54763145C
:1060F000F904B74700209387875483D787AF374782
:106100000020BD46C117C207C1831307875463F53A
:10611000F600E547231CF7AE835787AF01C8F94661
:10612000E3E7F6DC8507231CF7AED1B3C146E3F005
:10613000F6DCFD17CDBFAD47E31BF9DA0545EFF0FF
:10614000BFAF114711E00547B74700209387875439
:1061500023AAE7AE69BB114955B30D4945B3517147
:10616000CAD186D7A2D5A6D3CECFD2CDD6CBDAC9C7
:10617000DEC7E2C5E6C3EAC16EDF23100600834432
:106180004500930710042A89E38EF42C2E84B289EB
:1061900063E49712C947638EF44A63E3970895470F
:1061A0006389F43663EA970085476386F42A894752
:1061B000638DF4309144ADA6C1476388F43CC54774
:1061C000E39AF4FEB73700209387875403D727005C
:1061D0002390E50003D747002381E50005673E973C
:1061E000834657B0A381D500835667B02392D5006C
:1061F000034747B02383E5009853A383E50003D703
:1062000067022394E50083C747022385F500EFE08A
:106210006FCEAA851305B400EFF0DF9DBD478DA6B4
:1062200093070003638FF45E63EB9702CD476380AF
:10623000F44493070002E39FF4F6035765008D478B
:10624000631FF72C1C4503C7270083C5170003C530
:1062500007002207D98DEFF01FC3AA84D1A49307AA
:1062600010036386F46E93070004E395F4F48357F8
:1062700065006386072A1445054603C70600E31533
:10628000C70C1147639DE72883C4160093071005C8
:1062900063E7972803C4360083C7260022045D8C79
:1062A000630F0426C167FD17630BF426EF20102E41
:1062B000E31A05068D44ADA493076005E38EF43020
:1062C00063EE970693072005E38EF42863EA9704AC
:1062D00093070005E388F41C93071005E39CF4EC96
:1062E000EFF09FB8E3030528EF60300483475500C3
:1062F000954463970722EF2070298D44630205229D
:10630000EFF0CFC5AA84631D0520238A018A0547C3
:10631000B737002023A8E75423AC01986F0010374B
:1063200093073005E38DF42693075005E394F4E8D2
:106330009305000F2285EFF04F9105B79307900565
:10634000E38EF44A63E5970293077005E384F4341F
:1063500093078005E390F4E6EFF01FB1E307052013
:1063600083576900639D071AEF4060424DA293076F
:10637000B005E38AF456E3EBF4529307F005E39B90
:10638000F4E2EF60807AAA84EFF01FAEE30F051C01
:1063900085472300F40083C7540013052400A3009D
:1063A000F40083C5D40083C7C400A205DD8D83C774
:1063B000E400C207CD8F83C5F400E205DD8DEFF068
:1063C0007F8383C5140183C7040113056400A205FC
:1063D000DD8D83C72401C207CD8F83C53401E2055B
:1063E000DD8DEFF03F8183C5540183C74401130560
:1063F000A400A205DD8D83C76401C207CD8F83C5CC
:106400007401E205DD8DEFF0EFFE83C5140283C752
:1064100004021305E400A205DD8D83C72402C20730
:10642000CD8F83C53402E205DD8DEFF0AFFC83C56F
:10643000940183C7840113052401A205DD8D83C760
:10644000A401C207CD8F83C5B401E205DD8DEFF055
:106450006FFAD94735A2B7370020138787541853EE
:10646000938487540DEF13050008EF206059896568
:1064700031C99385F5EF2285EFF0CFF7B707150106
:10648000938727205CC09C502304F400EF20500D1C
:10649000A304A40021812305A400AD47D5A0EF20CB
:1064A000300C137735008D478965631AF7009385A3
:1064B00015AF1375C50361D193E525006DBF9385B5
:1064C00005AFC5BF938505AF7DB7EFD0DFBCAA8A06
:1064D000EFA042032300940083C4818A1379F50F4F
:1064E0002686A3009400938501C113052400EF9034
:1064F000D26FB30794008D043305940023812701E4
:106500004A86D685EF90726ECA9423909900814492
:1065100001A883576500A5CB854663F3F602854441
:10652000BE502E5426850E599E54FE496E4ADE4AB0
:106530004E4BBE4B2E4C9E4C0E4DFA5D6D618280D3
:106540001C4583C707001387F7FF1377F70FE3E8AE
:10655000E6FC03A74198896693860671369723A6C1
:10656000E18A0947639BE70003A74198B7761B00C0
:1065700093860674369723A8E18A2300F4008547A2
:106580002390F90069B78547E9B7EF1010573737FF
:106590000020130787548567BA9783A6C7AE03D632
:1065A00007AFA94593B616002300D40083A647AFD2
:1065B00037490020AA84A300D40083D687AF2312D2
:1065C000C40013098954B386B60205452311D400CB
:1065D00083A6C7AF2303D40083D6C7B0A303D400D8
:1065E000A1822304D4001847A304E40083C747B062
:1065F00089C7EFF0EFE1133515002305A4008325CB
:10660000C9AD1305B400EFF0EFDEEFE0AF8EAA8561
:106610001305F400EFF00FDE83C7C4001305A401D7
:10662000A309F40083D70400231AF40083D72400BD
:10663000231BF40083D74400231CF400832549ADB9
:10664000EFF04FDB83D76400231FF40093070002B1
:1066500005BF835565000845138601C2EFF0EFE1E1
:10666000AA84E31F05EA0547238AE18A55BD8355BD
:10667000650008450A86EFF04FE0AA84E31205EAB8
:1066800083C7418B138B418B91CB3D46938501C2D0
:106690000A85EF9032539544E31405E8373900201A
:1066A000930789540347710083C70702130989546C
:1066B0006311F70E0357810083576902631BF70CC0
:1066C0000347A100834749026315F70C8564CA9408
:1066D000035D2900835B490083AC44B0832A09022F
:1066E000035A6902034C4902EFE0CF801306000A07
:1066F000938544A30808EF90524F835701008346C7
:1067000071000346A1002311F90083472100B74D12
:1067100000202320D9022312F900834731002302ED
:10672000C902938D8D54A382F4B083574100239303
:10673000F4B0834761002382F4B0835781002313B0
:10674000F902B1CE814683C7CDB08A060345B100B8
:10675000ED9BD58F2386FDB0B247A2075D8DEFD0AC
:106760005FC5AA843747002031E9EFD0BFF8AA857A
:106770002285EFF02FC891472390F9008547230029
:106780000B002324F9009167938787A923ACF19824
:1067900041BBEF20A05F8D44E30405D805BF9305FE
:1067A00010058546E3E1C5FAFD17C207C166F91673
:1067B000C183B3B7D70093C6170071B793FBFB0F24
:1067C00093FAFA0F2311A9012312790123A29DB193
:1067D000232059032313490323028903814763912B
:1067E0000A0293061005854763EC86017D1A420A6A
:1067F000C167F917135A0A01333AFA0093471A008E
:1068000003CACDB08A071306000A137ABAFF336AA7
:10681000FA0023864DB10C081305C7F7EF90F23C40
:1068200001B3B73600200146814793868654A945B7
:106830001307360A120736975843058B01C7850799
:1068400093F7F70F0506E315B6FE2300F400B747EC
:1068500000209387D7F701488544054E894829438E
:106860001307380A13164700369683454600858974
:10687000F1C1330594002300C5014C42814E85814E
:106880009D89A300B50083C5070093F5F507230193
:10689000B5000346460093853400A295398A6314F7
:1068A000160183DE17002390D50193154700B69596
:1068B00083C54500138654002296B989814E63949E
:1068C000150183DE3700931547002310D601B695D6
:1068D00083C54500138674002296B989814E63846E
:1068E000150183DE1700931547002310D601B695D6
:1068F00083C54500138694002296B989954E63841A
:10690000150183DE37002310D60103C6A70083C517
:106910009700120722064D8EA315C5003697034730
:10692000C700B904C204058B133717000507A30677
:10693000E500C1800508C107E31468F2EFD09FDBD2
:106940002694AA852285EFF0EFAA91047DBE835498
:1069500065008D4703298500814A63F897001385F8
:10696000C4FF4A95EFF02FA7AA8AB7450020938568
:1069700085541306000A938545A30808EF90F22674
:10698000374A00209147130ACAF763F19710034B67
:106990000900A94763EC670FB947B307FB029507E6
:1069A0006396F40E1385C4FF4A95EFF0CFA2AA8B2D
:1069B000EFD05FD49544639CAB0C1306000A81456D
:1069C0005285EFC01F965287930719000148094E60
:1069D0001303F0598548930E000F130FF005E54F90
:1069E00063110B035685EFD0DF9CAA844DE1EFD0F5
:1069F0007FD0AA852285EFF0EF9F91472390F90081
:106A000005B683C5470083C6370003C66700A205E5
:106A1000D58D83C65700220603C98700558E83C6CD
:106A20007700220983C3A7003369D90083C6970082
:106A3000A20303C5B700B3E3D30083C6C70083CB6B
:106A4000170083C2D700A206C98EC206C18613856D
:106A5000FBFF939406011375F50FC1806368AE02C6
:106A60001385F4FF420541816362A302FD1213F511
:106A7000F20F63EDA80063911B036369B3006367C2
:106A8000C30003C527001375F5071DE185441306F0
:106A9000000A0C08528559B3130509F642054181D5
:106AA000E3E6AEFE1385B3FF42054181E360AFFE2E
:106AB00003C5070013FC7B00060CB33CA000034594
:106AC00007001375050F33659501336585012300B4
:106AD000A70003C527001375F507A300A70063836C
:106AE0001B01CA852311B70063831B011E86231275
:106AF000C7000346870093B512002305D70013761D
:106B0000060C4D8E93D6840005082313070023043A
:106B1000C700A304F701A305D7001378F80F4107B6
:106B2000B9077DBDB7370020938787540567238257
:106B300097022393870223A00702BA9703C7C7B01F
:106B40006D9B2386E7B0E1B20946631BC70005478A
:106B5000E397E79CEF103072E31B059A6FF08FF517
:106B60008D456319B700E39CC79A03C51600EF1063
:106B70007078DDB79145631AB702E392C79A03C5EF
:106B80001600A547E3EDA798130710103307E50299
:106B9000B7370020938787549144BA9783C79702E9
:106BA000E3800798EF10307E45BF9545631AB7061E
:106BB0000547E396E796EF20A01A83A741C48566B0
:106BC000A58393F7F7072300F40083A741C4A183AB
:106BD000858BA300F400B737002093878754BE96B7
:106BE00003C7C6B00983058B2301E40003C7C6B001
:106BF0000583058BA301E40003D767022312E40099
:106C000003C747022303E40083C787022314A400B9
:106C1000A303F40083C701922305F4006FF0FF87FC
:106C20009945631BB7000547E39BE78EEF20E00023
:106C30009944E31E058CEDB09D45631CB700E390BD
:106C4000C78E03C51600A547E3EBA78CEF206005B0
:106C500021B7A146E315D78C0547E392E78CEF20D7
:106C6000A00CDDBD8357650005476395E7D4184543
:106C7000034707006310F7D413050008EF105058BE
:106C8000630A05D213050008EF107077630405E26C
:106C90000145EFE07FFA130520032923EF30B030E0
:106CA0006FF0FF86EF106065373A002013078A54B3
:106CB0008567BA9783C7C7B0B74400202A8993F77E
:106CC0000702130A8A5493848454054589E7EF0028
:106CD000705A3335A0002300A400EF00F058A30041
:106CE000A40083D7C4B02311F400EF00505823024E
:106CF000A40083278A00A302F400EF009056834784
:106D000014002303A40013058400A303F40083A547
:106D10000198EFE03FEE8325CA001305C400EFE0C1
:106D20007FED83D724B01305A4012318F400835703
:106D300009002319F40083572900231AF40083471C
:106D4000C900230BF4008347D900A30BF400835739
:106D50006900231CF40083A544ADEFE0BFE9F947C7
:106D60006FF01F82EFF04F9001E589446FF04FFB09
:106D7000B74700209387875403C787B02300E400F8
:106D800003C797B0A300E40003C7A7B02301E40042
:106D900083C7B7B0A301F40091476FF06FFEEFF027
:106DA000AF8C61D5035769009147631AF7F68327C3
:106DB000890083C6370003C6270083C5170003C5B3
:106DC0000700EFE05F94AA84631C05F4B737002046
:106DD000054723A8E75445BAEFE04FE52A8A8355D3
:106DE0006900032589001008EFE08FFAAA8463196F
:106DF00005F20347010183470A000549B98F13F7DC
:106E000017001DEB83461A00034711016396E60243
:106E100083462A00034721016390E60283463A0035
:106E200003473101639AE60003494A0003474101E1
:106E30003309E94033392001898B854A99EB1306E0
:106E4000F0089305510113055A00EF90A257B33A89
:106E5000A0000808EFE08F94AA84631305ECEFE02C
:106E60004FDDAA852285EFE0FFD891472390F900F6
:106E7000630C0900B7370020054723A8E754916742
:106E8000938787A923ACF198638C0AE8EF30D00B85
:106E90006FF00FE9EFE08FD92A89EF3010138D479B
:106EA0002300F40083470900AA8437390020A30097
:106EB000F40083474502130989542301F4008347F2
:106EC0005502A301F400834765022302F4008347BF
:106ED0007502A302F400834705022303F4008347ED
:106EE0008502A303F400834795022304F40083572B
:106EF0008500A304F400A1832305F4008357A500B3
:106F0000A305F400A1832306F4008357C500A3075B
:106F1000040023080400A306F400A1832307F4005F
:106F20008357E500A308F400A1832309F4008357E5
:106F30000501A309F400A183230AF4000C41130501
:106F40005401EFE03FCBCC4013059401EFE09FCA22
:106F500083278900A30EF400EFE09FCB83A541981F
:106F6000230FA4001305F401EFE0DFC883C7A402D8
:106F700013057402A301F40283C7B4022302F402CE
:106F800083D72401A302F402A1832303F402CC4893
:106F9000EFE05FC68C4C1305B402EFE0BFC5CC4CEC
:106FA0001305F402EFE01FC5EF30B01F8347650003
:106FB0000327890013051008A309F4028D4763F61F
:106FC000E700EF20902A1375F50F230AA40283C768
:106FD0001402A30AF40283D72402231BF402BD4740
:106FE000230CF402EF307002AA853D46130594038A
:106FF000EF90A23F930780046FF08FD8EFE0DFE6B9
:10700000E30505D683556900638B05D00325890008
:10701000054783470500639DE706FD1593F5F50FCA
:107020000505EF30E07EAA84631C05CEEF307017B3
:1070300089472300F40083476500AA84A300F40075
:10704000834775002301F400EF3020788347A502C1
:1070500013056400A301F40083D744002312F40055
:107060008C40EFE03FB9EF30F0152315A400EF306E
:1070700090162316A4009305100E1305F400EF30AC
:10708000B0162307A4003D052390A9006FF02FC878
:1070900089466397D7006394E5C8EF30B00E61B7B7
:1070A000639F07C68547639CF5C649B7835765004C
:1070B00005476376F7C60845FD1793F7F70F834535
:1070C0000500639EF5C40505EFD06F89AA84631996
:1070D00005C4EF60C02B8327890083C70700230006
:1070E000F400854721BA83576500639A07C2EF60B1
:1070F000E02C6FF0CFC1697123229112B28430006D
:1071000023202113232E311123261112232481122F
:107110003689BA8923130100EFE05F8529E503472B
:10712000810085476311F704001013066100A285F2
:107130002800EFF0CF828947230AF1008357A1008E
:10714000A30CA100CE86231BF1008347C1004A8611
:10715000A685230CF10083576100480822CE231D29
:10716000F100EFE08FF48320C11203248112832405
:107170004112032901128329C111556182807D6763
:1071800013078784B357E50285669386867BB387AA
:10719000D702AA973375E5023305D5023355E502C8
:1071A0003E958280854711C9930740061305350631
:1071B0003355F50293170501C183239BF18A828021
:1071C0000547238CE18A82801387618B83570700F0
:1071D000411106C6C20722C426C24AC0C18385EB3C
:1071E000014901449384818B83C7040093F7F70F0F
:1071F000A1CFEFD07F950DCDB7470020938787545F
:1072000003C7C7B0136707022386E7B081A083577F
:107210000700FD17C207C1832310F700F1F3EFD079
:107220006FC82A8405495DFDEFD00FF62A845DBF43
:107230002380040071F0B74700209387875403C769
:10724000C7B01377F7FDC9B7E31609FEB240224471
:107250009244024941018280011106CE22CC26CA05
:107260004AC84EC6EFD02FA7AA8937390020374425
:107270000020EFD08FC89304895413048454638191
:107280000902A1476391F90E6D1513351500EFD072
:107290002FC719C58347C4B093E707022306F4B08C
:1072A000EFD0AFC51307E5FF894763F5E7009947BE
:1072B0006318F5008347C4B093E707022306F4B0D0
:1072C00095679387B72A2314F9540569269985474A
:1072D0002326F9AEE547231CF9AE232A09AE232E57
:1072E00009AE23A8040023AA040023A60400231146
:1072F00009B0EFD02FC7EFD0DF98EFE08FC0EFC01D
:107300003FDAEFE0AFD519C58347C9B093E707026D
:107310002306F9B085479CC49167938787A923AC5E
:10732000F1989C50A1E783C64402130710058547D6
:10733000636DD70083D7640241677917FD17C207D1
:10734000C183B3B7E70093C717000347C4B08A07E8
:107350006D9BD98F2306F4B0F2406244D244424977
:10736000B24905618280EFC05FFD2DB703C784027B
:107370008347C4B0133717000607E59BD9BF15C56F
:107380000147814793160701C18263E7B600138561
:10739000C7FE1375F50F8280B306E50083C60600AD
:1073A0000507B69793F7F70FF1BF0145828005CD2A
:1073B0008546814763FAB602411126C2AE84FD15A7
:1073C000C205C18122C406C62A84553F33079400F2
:1073D0008347F7FFB2402244898F93B71700924446
:1073E0003E854101828081473E858280930700026D
:1073F00063F3A7000145B79704009387073E330561
:10740000F502B7770919938707453E958280930760
:10741000000263E0A702D94763EFA700411106C647
:10742000F137B240B7E72F009387C7FD3E95410182
:1074300082800145E5B7B79704009387073E33057F
:10744000F502B747A2189387C7443E9582808146CC
:10745000A5C9131605014182130796504207856797
:107460004183938787A0814663ECE704A946B3462E
:10747000D502A947B387F602C207C1833307F64096
:1074800042074187635607003387C7404207418759
:1074900093170701C1831307F007B387E702294752
:1074A0009507B3D7E702C207C1836354050093E78A
:1074B000070893F6F60FA206D58F2390F5008546B0
:1074C00036858280014859C5D1C749C6411122C4B9
:1074D00006C62301C5000548218223000501A3003B
:1074E000B500A301C5002302D500A302E50003D720
:1074F0000700C5452A842303E5002183A303E50093
:1075000003C727002304E50003D74700A304E500D1
:1075100021832305E50003D76700A305E500218348
:107520002306E50003D78700A306E5002183230790
:10753000E50083D7A700A307F500A1832308F50082
:10754000EFF0FFE3A308A400B2402244494842857B
:10755000410182804285828081471DC995C94111C0
:1075600022C406C695472301B500A1812300F5007A
:10757000A301B500A300050091452A84EFF03FE088
:107580002302A400B240224495473E8541018280F7
:107590003E858280814721C5B9C131C26381C5045E
:1075A000411122C406C695472300F5002301B5000A
:1075B0008547A1812302C5002182A300F500A30114
:1075C000B500A302C50099452A84EFF05FDB2303D1
:1075D000A400B24022449D473E85410182803E8501
:1075E000828049C5011122CC06CE26CA4AC84EC6A1
:1075F0002A840145ADC725C6BDC29319080193D998
:107600000901138399009308000863EA68041305CD
:1076100050FA2301C4002302D4002182A182230056
:10762000A400A300B400A301C400BE85A302D4003B
:107630002303E400A3030401428613058400C284EB
:10764000EF80126613898400938589002285EFF00C
:107650001FD32299A5042300A90013F5F40FF240CB
:107660006244D2444249B249056182800145828028
:1076700001485DC9D5C9011106CE22CC26CA4AC827
:107680004EC652C456C25AC003CA0500A14863F28E
:107690004809034305009308500A2A84631B130713
:1076A000AE84D2853E89BA89B68A328BEFF03FD05C
:1076B0002A8825C1834714000148639C6705034657
:1076C00034008347240022065D8E631456058346EA
:1076D000540083474400A206DD8E63863601C167ED
:1076E000FD176398F6028349740001489387990057
:1076F0006391470363060900834764002300F90090
:107700004E86930584002285EF8092590548238098
:107710003401F2406244D2444249B249224A924A78
:10772000024B4285056182804285828083A7C18B9E
:10773000397122DC4AD806DE26DA95661389C18BB8
:1077400015646394D700138407101387418E1C437C
:10775000B7544C312309A10085071CC33EC683C71B
:10776000018C230AB10093848444C1452800231866
:10777000C10026C4A309F100A30A0100231B0100D4
:10778000EFC07F812ACC930600100146A2852545D3
:1077900097A0FF1FE780207411C90547A384E18EDD
:1077A000F2506254D254425921618280D146300055
:1077B000A285294597A0FF1FE780E07179FDD1469A
:1077C0007008A2852D4597A0FF1FE780C07071F556
:1077D000F247E39497FCB254C1456808EFC0AFFB91
:1077E000E39DA4FA0257B247E319F7FA2320890070
:1077F00045BF411126C22E86AE84D146AA852D45AD
:1078000006C622C497A0FF1FE780E06C11C9054798
:10781000A384E18E0145B24022449244410182801A
:107820009840B7574C31938787440145631BF70055
:107830008048C1452685EFC00FF63305A4401335B7
:1078400015001375F50FC1BF5D71A6C22EC6AA84BF
:107850002C081565A384018E86C6A2C4CAC015640F
:10786000EFF03FF92A896C1013050410EFF07FF850
:107870009387C18B3246630A0908724711C5C25605
:10788000B306D7406354D008034531028345410213
:10789000956694C323A2E18E2380918E094793F7C6
:1078A000B40F6394E7089307F00F6305F50005052F
:1078B0001375F50F2380A18C2685A380B18EEFF080
:1078C000FFE683A64198B64023ACD18C83A64198AD
:1078D000264423AAD18C83A64198964423A8D18C10
:1078E00083A64198064923AED18C83A6419823A450
:1078F000D18C03A7419823A6E18C23A2018C238479
:10790000018EA380018C6161828011C99566425706
:107910000345710383458103938606109DBF1304BD
:10792000041080C381450147B5B7014561B783A7FE
:1079300041981377150019C323ACF18C13772500F8
:1079400019C323AAF18C1377450019C323A8F18C1E
:107950001377850019C323AEF18C1377050119C382
:1079600023A4F18C1375050219C123A6F18C828022
:10797000411183A7419822C403A4818D03A7418D9F
:10798000338487401334541F06C626C23387E7402A
:107990009306401F1344140063F4E60013642400AC
:1079A00083A6018D05671307479CB386D740637490
:1079B000D7001364440083A6C18D05671307479C55
:1079C000B386D7406374D7001364840003A7818C07
:1079D0009306401F3387E74063F4E6001364040115
:1079E00083A6C18C1386118C9384118CB386D740E7
:1079F0001308401F834506001387818E637ED802DB
:107A00001364040223A2018C834707006384870068
:107A10002300870099E92A86A2850145A380818EEB
:107A2000EFF0DFD085472380F40013351400B24017
:107A3000224492444101828071F423000700F5D56D
:107A40001387418C144399E21CC3C5B7958F9D667B
:107A50009386F652E3FBF6FC230006002320070082
:107A6000E9B703C5018C828003C5018E828003C5FE
:107A7000118E828003C5918E8280011122CC06CEA8
:107A800026CA373400408347B4000D47636BF704C0
:107A900093978500A181DD8D936405082316B100BD
:107AA00009466C002685EF00B0058347240093E764
:107AB00027002301F400930750FA2304F400230461
:107AC00094008347C1002304F4008347D1002304BA
:107AD000F4002304A4000545F2406244D244056149
:107AE00082800145D5BF011122CCA307A10006CE9B
:107AF000373400408347B40011470145636DF702F6
:107B000005469305F1001305A00EEF00607F834743
:107B1000240093E727002301F400930750FA23047D
:107B2000F400A9572304F4008347F1002304F40070
:107B30002304A4000545F24062440561828083A6C7
:107B4000818F138701C3A307D70083C60190230742
:107B5000A700938701C32308D70003576700C166B6
:107B6000FD166305D70005072393E70003C7D70079
:107B70009306F00F6301D70405071377F70FA38669
:107B8000E7008D466319D70223860700B747002018
:107B90009387875403C7C7B0C166239107B01367A3
:107BA00007012386E7B003D767AEFD166305D7004C
:107BB00005072393E7AE8280411122C42A842E85D3
:107BC00006C6EFF0DFF723820190A3860190EF90C5
:107BD0008040C1450145EF90201E8D4513050008EA
:107BE000EF904013371700408327C70CB24093E74C
:107BF00007082326F70C23AC018E23AE8190224484
:107C000041018280411122C406C62A8415E583A75A
:107C1000C1911307F0042E85B387F5406379F7000F
:107C2000B737004083C7B7008545EFF0FFF82285DE
:107C3000B2402244410182800544D5BF01114AC8A7
:107C400006CE22CC26CA4EC652C456C25AC013888B
:107C5000419083470800C9E3B737004083C6B700A7
:107C600099481387C19163E3D80483C6270085052B
:107C700093E626002381D700930650FA2384D70089
:107C80002384A7002380A1902387B190A38601902D
:107C900085472300F80010C3F2406244D2444249B1
:107CA000B249224A924A024B0561828018439306E8
:107CB000F0043307E640E3F1E6FE83C7B7008545ED
:107CC00032856244F240D2444249B249224A924A41
:107CD000024B05616FF05FEEB737004003C75700F6
:107CE000B284798B31E303C6E19013894190938A82
:107CF000E19037370040938581908346A700138831
:107D0000D1908347080093F6F60F9389D1908DEABE
:107D10006315F60A7D16814785461376F60F13879D
:107D200081901305F00FA9A88946238AD19003C733
:107D30002700136727002381E70083C5419111AA1B
:107D40008346870093F6F60F63ECC7008D46238ABF
:107D5000D1908347270093E727002301F700F1BF65
:107D600093881700AE97230018012380D70071B7BE
:107D7000B305F70083C505006383A5008146850729
:107D800093F5F70FE3E6C5FE2300090089C6114706
:107D9000238AE1905DB703C50190938581908D237F
:107DA00083C70A00138A81903E9A0347FAFF93879C
:107DB0008190630BA7221547E1BF83A7C1911307E9
:107DC000F004B387F440E379F7EC23000900194786
:107DD000C1B703C7070083C717002207D98F2397AE
:107DE000F18E7D771307071CF98F0567130747A0EE
:107DF000D98F239AF18E8D471CC023AE919069BD17
:107E000003C7070083C717002207D98F2395F18E78
:107E100093F7F7DC2398F18E9147F9BF03C707006A
:107E200083C717002207D98F2396F18E93F7C7F5E2
:107E300093E717002399F18E95477DBF03C707008D
:107E400083C7170083D6418F2207D98F6385F60039
:107E50009D452685BDB5B54745B703C7070083C710
:107E6000170083D6018F2207D98FE393F6FEB94717
:107E700061B703C7070083C7170083D6218F220786
:107E8000D98FE397F6FCBD4785BF03C7070083C7BB
:107E900017002207D98F2398F190FD17C207416779
:107EA000C18375176374F700A14565B7C147A9B7CA
:107EB00003C7070083C717002207D98F2399F190C2
:107EC000FD17C2074167C1837517E36FF7FCC5470C
:107ED00025B703C7070083C717002207D98F23914F
:107EE000F190FD17C2074167C1837517E36EF7FA7A
:107EF000C94719B703C7070003C517006207420542
:107F0000498F03C53700498F03C5270083D52190CA
:107F10002205598D0521239CA190D547F1BD03C7AA
:107F2000070003C5170042072205498F03C5270034
:107F300083D5019113866191598D9929D947E31D04
:107F400005EA2545EFF0BFBFCD471CC01387047D70
:107F5000230009002380090023AEE18E79BD03C709
:107F6000070003C5170042072205498F03C52700F4
:107F700083D52191138BA191598D1386A1919521C0
:107F8000938A047D138AC18F09ED2945EFF03FBB29
:107F90002300090023800900CD471CC023205A017B
:107FA000A9BD83D6619103D78191938701C32391A2
:107FB000D70083560B002392E70084C72390D70095
:107FC00085462396D700B74700209387875423918F
:107FD000E7B003C7C7B03D9B2386E7B075BFAD458B
:107FE0002685EFF07FBD11BD03A7818FD146138495
:107FF000818F7917E3E5E6FEB70603000A0793864B
:10800000C65D369718430287411106C6938701C3A0
:1080100023A0070023A2070023A4070023A607002C
:1080200023A80700239801902399019023910190A0
:10803000239C0190239B0190239D0190C145014504
:1080400023820190EF8050578D4513050008EF8083
:10805000704C371700408327C70CB24093E70708DE
:108060002326F70C23AC018E03A7419823AEE190A1
:1080700041018280011126CA22CC03A4419883A722
:10808000818F06CE4AC84EC65947636EF72437071C
:1080900003008A0713070763BA979C439384818F71
:1080A00082871389C191832709002D47B307F440C4
:1080B000637DF708B719004083A7890CC1450145C6
:1080C00093E7070823A4F90CEF80104F83A7890CCE
:1080D0008545414593E7070823A4F90CEF809043B9
:1080E0008D4513050008EF80F0420965130505581A
:1080F000EF80506BB73700401D472381E7006D4785
:10810000A381E70013070004A380E7000547238746
:10811000E70085479CC02320890005A89387C1916B
:108120009843930630063307E44063F0E6020947BC
:1081300098C080C319A81305500EEFF0DF9AA285EE
:10814000EFF05FAC9947631F0516F2406244D244DA
:108150004249B2490561828003A7C19199461389BA
:10816000C1913307E440E3F2E6FE83D5418F83D724
:10817000E18E6394B7009D4771BF0145EFF0FF8F1B
:10818000A285EFF03FA865F9C9B703A7C191994649
:108190001389C1913307E440E3F9E6FA83D5018FEF
:1081A00083D7A18E6394B700A147ADB70545EFF023
:1081B000DF8CA285EFF01FA565F941BF03A7C19130
:1081C00099461389C1913307E440E3F0E6F883D57B
:1081D000218F83D7C18E6394B700A54725BF4D4536
:1081E000EFF0BF89A285EFF0FFA165F9B9BF138950
:1081F000C191832709001947B307F440E377F7F4E7
:108200001305A005EFF03F8EA285EFF0BF9FA947B1
:10821000E31205F01DBF1389C19183270900194797
:10822000B307F440E373F7F21305C00DEFF0BF8B13
:10823000A285EFF03F9DAD47E31E05EC39B793876C
:10824000C1919843A5463307E440E3F0E6F0314797
:10825000C5B52286894501456244F240D24442496F
:10826000B24905616FF09F9D228689450545EDB7AE
:10827000228689454D45CDB72286894513050007DD
:10828000E1BF2286894513052007F9B72286894573
:1082900013053007D1B71305A005EFF0DF84A285E1
:1082A000EFF05F96E30305EACD479CC023AE818ED5
:1082B00023AE819059BD83A7C18FB307F440E3C6B5
:1082C00007E8D1479CC0EDB7228691451305C0024F
:1082D00061B722868D4513054002BDBF22868D45BC
:1082E0001305600295BF22856244F240D2444249A0
:1082F000B249AD4505616FF03F8C138501C38280A3
:10830000130555FA9377F50F0DC20145014791E921
:108310008280B386E50003C506000507AA9793F798
:10832000F70F9376F70FE3E6C6FE93C7F7FF13F553
:10833000F70FF9BF9387F5FFC2074167C183930623
:10834000D7FF63E5F6049357F5413D8D1D8DB38747
:10835000A50233B5A502A945B386F5023385A5026A
:10836000B3B5F502B7070080B697B3B7D700CD46CF
:108370002E95AA9763E7F60081471395070141817F
:1083800082801305F7FFE3EAE7FE82800145F5BF2F
:1083900081460DC21387F5FF4207C1674183F51778
:1083A000814663E9E7009317850063D70700231030
:1083B0000600854636858280B387A5023707800090
:1083C0008146B3B5A5023E97B337F700AE97930544
:1083D000F00FE3E1F5FEA20761835D8F2310E60055
:1083E000C9BF3DC69386F5FFC2064167C1827517B6
:1083F00081476369D7009317850063D7070023106F
:10840000060085473E858280B387A50233B7A50263
:10841000370540013E95B335F500F547BA9563E958
:10842000B7026396F500B707804E6373F5024111FA
:1084300022C4814632843706800206C6EF703206B7
:108440002310A400B240224485473E85410182802A
:1084500081474DBF03C751C483C741930145058B75
:1084600093F7F70F11C703C50193C98F13B5170011
:108470008280B74500401D45938641C49387419350
:1084800083C7070093F7F70F99CF1387819313865C
:108490006193835707000356060063F6C70083C73E
:1084A000B5C06373F500828083570700C207C1839C
:1084B00013861700B697420683C727104182231000
:1084C000C7002384F5C05DBF41118945014506C63B
:1084D000EF809041238A0192239B0192B240239C1A
:1084E0000192238D01924101828083C7419393F7CA
:1084F000F70F89E7894501456F80103F411106C696
:1085000022C4EFF01FF783D7819303D7619363E809
:10851000E702B747004083C7B7C093F7F70F85E37B
:1085200003C4A1931374F40FEFF01FFA09E89387C3
:1085300041C403C7170013671700A380E700B240C8
:1085400022444101828059C51387F5FF42074183C8
:108550009306F00F814763E0E60801114AC81387CC
:10856000419306CE22CC26CA4EC603470700138984
:10857000419381471377F70F31E7AE84AA851385BE
:1085800041C413052510B289138441C46385A50035
:108590002686EF709265239B9192239C0192238DF6
:1085A00031938347140005472300E900F99BA3009A
:1085B000F4002384E192EFF0DFEB89450545EF807D
:1085C000B0328547F2406244D2444249B2493E85C6
:1085D0000561828081473E858280B737002093877E
:1085E000875405673E970347C7B04111B74600203F
:1085F00006C622C426C24AC0118B938686541DE744
:1086000003C64702130710056362C70283D76702D8
:1086100013D6870013978700FD17518FC207416655
:108620004207C18375164183637AF60083C7C6B0DB
:1086300093E747002386F6B0014499A8AA841385DE
:1086400041C48357050013F9F40F2E8493F70710E4
:108650002310F50023910192930700632311F51075
:108660002312E51023032511014695451305251016
:10867000EFF07FED71D105C49384A4F6854763F9CB
:10868000970003A64198CA851385C192EF00407AEE
:108690002285B2402244924402494101828005442D
:1086A000C5BF83C7419393F7F70FC5E7138741C44D
:1086B00003471700938741C493761700BDE283A553
:1086C000419293864192D1C503A641980D8E634293
:1086D00006081377E70F09466319C70237470020DA
:1086E000130787540346C7B0136646002306C7B076
:1086F00003D7070023A00600137707E013670710CE
:108700002390E7002391019282801146E312C7FE75
:1087100037470020130787540346C7B01366260067
:10872000F1B79387C19283C7470085C783A5419856
:1087300001111306F1001385C19206CEEF002071DE
:1087400011C50345F1008145EFF03FE9F2400561B5
:1087500082808280797122D4938741C483C61700B6
:1087600006D626D24AD04ECE52CC93F71600C5E399
:10877000138441C40347040059CB9387219203D645
:108780000700420741836312E6089304240037057B
:10879000030093E6160023900700A6851305C5681D
:1087A00023A20192A300D400EF60F0029305F10030
:1087B0001305D030EFE0913F0347F1009147631B71
:1087C000F700EFD06FEA19C503460400A6850545FA
:1087D000EF40D03F83471400094793F7E70F6393B7
:1087E000E70803470400631EF7041C404177F98F34
:1087F0006397E702B74700209387875403C7C7B042
:10880000136747002386E7B019A02390E700B25012
:10881000225492540259F249624A45618280B73724
:108820000020138787548347240083463400A2071F
:10883000D58F2313F7028567BA9703C7C7B06D9B1F
:10884000D1B78D47E318F7FA1840C177F98F37078A
:108850008899E39EE7FA034744009307A00AE318C8
:10886000F7FA49BF1147E394E7FA034704008D473D
:108870006318F7021840C177F98F37078899E39892
:10888000E7F8034744009307A00AE312F7F8B74755
:1088900000209387875403C7C7B0136727009DB78D
:1088A0009306600EE315D7FE03C901922547E360E6
:1088B00027FF130510103305A902B7340020938950
:1088C0008454130700031306500E93053400338AB3
:1088D000A9001305C5022305EA02A305FA024E9575
:1088E000EF70B23003C789028547A304FA02938769
:1088F0008454636AE90005091379F90F2947636E07
:108900002701238427030567BA9703C7C7B0759B60
:108910002386E7B0EFE0DF8ADDBD2384E702E5B719
:10892000130700102392E1C423910192238A01923C
:10893000239B0192239C0192238D0192411123A23A
:1089400001921385C19206C623840192E129930501
:1089500000080545EF804046371700408327870C05
:10896000B70620008545D58F2324F70C3705100066
:10897000EF80403A8D4537052000EF80A039EF8029
:10898000607395450545EF802076B240B7E700E07B
:10899000114723A2E71041018280B7370020938757
:1089A0008754985321EF05673E970347C7B0118B53
:1089B00031E783C64702130710056361D70483D7E5
:1089C000670241677517FD17C207C1836368F70225
:1089D000411122C406C62A84EFF0DFA719C9138506
:1089E000C192492922852244B240854541016FF058
:1089F000DFBEB240224401454101828001458280B0
:108A0000411122C43734002013048454185006C680
:108A100015EF8567A29703C7C7B08147118B05E3A0
:108A20008346440213071005636BD7008357640223
:108A300041677917FD17C207C183B3B7E70093F702
:108A4000F70FB24022443E8541018280854681472E
:108A5000E319D7FE452E1375F50F25478147E360CF
:108A6000A7FE930710103305F5022A94834794025A
:108A7000B337F000E9B7411106C622C4EFF09F9D5D
:108A800021CD1385C192FD26B747002093878754D7
:108A900003C7C7B0138441C46D9B2386E7B02391FD
:108AA00001928357040005468D4593F7071093E71D
:108AB00007202310F4009D67938707032311F41008
:108AC00013052410930700FA2302F410EFF0BFA758
:108AD00001E98547A300F400B240224441018280AD
:108AE00083A7419819671307871ABA9723A2F192AF
:108AF0000545DDB7A54763F9A7000145828001451B
:108B0000B240224441018280411122C406C62A8417
:108B1000EFF05F946DD51385C192A92EB747002061
:108B20009387875403C7C7B005468D45759B238639
:108B3000E7B023808192138441C42391019283572B
:108B400004001305241093F7071093E70740231040
:108B5000F4008967938707032311F4109307000536
:108B60002302F410EFF03F9E09E58547A300F400CF
:108B700041BF83A7419819671307871ABA9723A2A1
:108B8000F1920545B5BFA54763FBA700014582806B
:108B90000145B24022449244024941018280411180
:108BA00022C4130410103304850226C2B7340020F7
:108BB000938484544AC006C633898400834799024B
:108BC000E1DBEFF03F8969D51385C19265248347C6
:108BD0009902DDDF938741C403D707001305A40280
:108BE0000146137707102390E7009305700E269532
:108BF00023910192EFF03F953335A00059BF411109
:108C000022C406C62A84EFF0BFDF05C5B7370020AF
:108C100083A78756228591E72244B24041016FF035
:108C2000DFD7CD222244B2401375F50F41016FF01A
:108C30009FF5B240224441018280138741C403471B
:108C40001700411122C426C29376E70F06C6137798
:108C5000A70F0946138441C4630EC7009147638B75
:108C6000F6001385C1923924B2402244924405454E
:108C700041018280EFF05F851385C192E52A930759
:108C800000102310F4002391019223A20192B74710
:108C900000209387875403C7C7B0659B2386E7B03E
:108CA000E1B7A54763FAA700014582800145B240BC
:108CB0002244924441018280411122C406C626C248
:108CC0002A84EFF02FF97DD11385C1926522130517
:108CD00010103305A4023734002093048454130683
:108CE00010108145130595022695EFA08FE3130719
:108CF000845423840402014681468147130484542A
:108D0000A94503459702850793F7F70F19C1BE865A
:108D1000054613071710E396B7FE19C22304D402C1
:108D2000EFE00FCA054561B7411106C6EFF08FF2BB
:108D30000DC51385C1923D2A0566373500201306FF
:108D4000A6A0814513051557EFA0AFDDB73700206A
:108D500023880756EFE0CFC60545B2404101828027
:108D6000B737002093878754014701450546A94638
:108D700083C5970291C5B315E6004D8D420541812B
:108D8000050793871710E315D7FE8280411106C6A9
:108D9000EFF04FEC09C51385C192E9280545B240B3
:108DA00041018280011126CA06CE22CCAA842EC699
:108DB000EFF04FEA0DC91385C1926D28138441C4A9
:108DC00083570400B245054693F7071093E7076001
:108DD0002310F400268523910192EFF0CFF609E9E4
:108DE0008547A300F400F2406244D24405618280CA
:108DF00083A741980567130787BBBA9723A2F1920F
:108E00000545D5B7130505F89307500263EAA70097
:108E1000B707030093878769AA97038507008280B5
:108E20007D55828009C5214681456FA08FCF828004
:108E300009CD91C98347450089EB1306460B2302F0
:108E4000B50010C185452E8582808145EDBF8147E3
:108E500011CD09CE8347450091CB1841998D63C947
:108E600005002300F6002302050085473E85828029
:108E70008147EDBF09C5230205002320050082803C
:108E8000B72700209386C72401479387C72411483A
:108E900083A80600639BA804D146B306D702BE96FA
:108EA00003C846006315B80094466384C604D146DF
:108EB0003307D702BA9703A741982382B70090C718
:108EC00023880700D8C789E9B717004003A7C70C54
:108ED000598D23A6A70C828009EEB717004003A77F
:108EE000870C598D23A4A70C82800507D106E311B6
:108EF00007FB82802E86AA85130500046FF05FF8B9
:108F00002E86AA8505456FF0BFF72E86AA85416596
:108F10006FF01FF72E86AA8521656FF07FF683A676
:108F20004198B72700209387C72413850705371674
:108F3000004003C7470019CF8C4789CDD8473387F6
:108F4000E6406369B700D4C70327860C8C432D8F96
:108F50002324E60CD107E39EA7FC8280B7470020BC
:108F60009387875483C7C7B00145858BA9EF41110B
:108F700022C43744002026C24AC006C613048454C3
:108F800093044006371900408327490C1397370193
:108F90006353070289E88347C4B0014593E717008C
:108FA0002306F4B019A813054006FD149770FF1F9F
:108FB000E780007ED1BF0545F9DCB24022449244EF
:108FC0000249410182808280411122C4371400404D
:108FD0008327840A06C68D4593E727002324F40AD5
:108FE0002D45EF70F048EF70D05EB7470040214745
:108FF000A381E74085450565EF70D0518D45372544
:109000000200EF7030518327840C37070200B24012
:10901000D98F2324F40C8327840C0967D98F232448
:10902000F40C224441018280411122C437140040D3
:109030000327C40C26C2B704020006C6458F2326A8
:10904000E40C51459770FF1FE78060758327840CFF
:10905000B240C58F2324F40C2244924441016FF0A6
:10906000FFEFB74700209387875483C7C7B0858B2E
:1090700095EF411122C4371400408327C40A06C665
:109080001305000C93E787002326F40AEF70D056EF
:109090000145EF7070568327840AB24093E787003A
:1090A0002324F40A224441016FF05FEB828011C255
:1090B000D1C1011122CC26CA4EC606CE4AC8B284FE
:1090C000AE892A84EFF09FE939CD37170040832716
:1090D000C70A1375F40F014993E787002326F70A9F
:1090E000EF70905193170901C18363E69702371718
:1090F00000408327870A93E787002324F70A930712
:1091000040086302F4026244F240D2444249B24948
:1091100005616FF0BFE4B387290103C507000509A6
:10912000EF70904DC1B7F2406244D2444249B24917
:10913000056182808280411122C426C24AC006C6CF
:109140002A892E84B28419C6ADCD9305F00F2285ED
:10915000EFA02F9DEFF09FE02DC53717004083272C
:10916000C70A1375F90F014993E787002326F70A09
:10917000EF7090480145EF70304893170901C183A3
:1091800063E99702371700408327870A93E7870030
:109190002324F70AEFF09FDC0DE585C422852244E5
:1091A000B2400249268692449305F00F41016FA018
:1091B0004F97EF70B046B30724012380A70005093D
:1091C0006DBFB2402244924402494101828011C2E3
:1091D000D1C1411122C426C24AC006C632842E899A
:1091E000AA84EFF0BFD72DC1371700408327C70AE5
:1091F000354593E787002326F70AEF70F03F13D534
:109200008400EF70703F13F5F40FEF70F03E81446F
:1092100093970401C18363E18702371700408327D6
:10922000870A2244B2409244024993E787002324EC
:10923000F70A41016FF09FD2B307990003C50700F9
:109240008504EF70703BE9B7B24022449244024972
:109250004101828082800111A307B1000546930578
:10926000F10006CEEFF0BFF6F240056182804111B9
:1092700022C426C24AC006C62A892E84B28419C6D0
:10928000C1C59305F00F2285EFA0AF89EFF01FCD88
:1092900025CD371700408327C70A754593E7870018
:1092A0002326F70AEF70503513558900EF70D0343C
:1092B0001375F90FEF7050340145EF70F033014929
:1092C00093170901C18363E9970237170040832789
:1092D000870A93E787002324F70AEFF03FC80DE5DC
:1092E00085C422852244B2400249268692449305D1
:1092F000F00F41016FA0EF82EF705032B3072401ED
:109300002380A70005096DBFB24022449244024960
:109310004101828001119305F100054606CEEFF070
:109320001FF5F2400345F1000561828011C2BDCDF9
:10933000411122C426C24AC006C632842E89AA849C
:10934000EFF0DFC131CD371700408327C70A394519
:10935000420493E787002326F70AEF70F029268559
:10936000EF7090298144418093970401C18363E1A8
:109370008702371700408327870A2244B24092446D
:10938000024993E787002324F70A41016FF01FBDCC
:10939000B307990003C507008504EF70F025E9B70E
:1093A000B2402244924402494101828082800111EC
:1093B00022CC26CA4AC806CE4EC62A892E84B2843A
:1093C00019C6C1C59305F00F2285EF909FF5EFF008
:1093D000FFB825CD371700408327C70A79459399F1
:1093E000040193E787002326F70AEF70F0204A85EF
:1093F000EF7090200145EF703020014993D90901A9
:1094000093170901C18363EA3703371700408327A5
:10941000870A93E787002324F70AEFF03FB415E5A6
:109420008DC422856244F2404249B2492686D24424
:109430009305F00F05616F90DFEEEF70301EB307FC
:1094400024012380A700050965BFF2406244D2448D
:109450004249B2490561828001112AC66C00054665
:109460001305000806CEEFF09FC4F240056182802C
:10947000011122CC4AC82A842E8909466C004D4528
:1094800026CA06CEEFF03FCB83A4C1938547639BEA
:10949000F40213054070EFF0FFE71D811375F50F1F
:1094A0006312950213052070EFF0DFE62300A4009D
:1094B0008347D100F24062442300F900D24442497C
:1094C000056182808347C1002300F400D5B72E8652
:1094D000AA8501456FF09FE5797122D42E8426D2AA
:1094E0009305F101AA84228532C606D6A30F010096
:1094F000EFF01FF883470400324605456369F60024
:109500000345F1013E86A685EFF07FEA0145B250A2
:10951000225492544561828001119357050123061C
:10952000F1002307A100935785006C000D46130539
:10953000300806CEA306F100EFF07FB7F2400561D8
:109540008280011106CE32C6EFF07FF83246F2403B
:10955000328505616FF05FFC011193570501230609
:10956000F1002307A100935785006C000D461305F9
:10957000200806CEA306F100EFF07FB3F2400561AC
:1095800082800111A307A1009305F1000546130590
:10959000F00906CEEFF0BFB1F24005618280011103
:1095A000A307A1009305F10005461305000A06CEA6
:1095B000EFF0FFAFF2400561828001112AC66C0016
:1095C00005461305600906CEEFF07FAEF240056157
:1095D00082800111B7F7A43506CE9387079063F018
:1095E000A702FD779387179E2316F1006C000946AA
:1095F00013058009EFF0BFABF24005618280B70729
:10960000AA329387078863F6A700F9779387778D47
:10961000E1BFB747E52D9387074863F6A700F177C9
:109620009387175CD1B7B7176B1B938707B063F6A7
:10963000A700E1779387571745BFB7075519938759
:1096400007C463F6A7009D679387B7F671BFB76736
:10965000840C9387F787E3FBA7F8916793877713C9
:1096600061B701112306A100A306B1002307C100C1
:109670006C0011461305500906CEA307D100EFF088
:109680001FA3F2400561828003A7018693870186AC
:109690000111DC433AC40D89A304A1002C0021462A
:1096A000214506CE3EC6EFF09FA0F24005618280C4
:1096B00001116C004945094606CEEFF0DFA783474C
:1096C000C1000345D100F240A2075D8D0561828093
:1096D0000111A307A1009305F10005461305D00968
:1096E00006CEEFF0DF9CF24005618280011106CECC
:1096F00022CC2A84EFF0FFED2285EFD05FA89357AC
:1097000085012306F10093570501A306F100931785
:1097100085004205418121815D8D2317A1006C00E8
:10972000114613056008EFF09F98F240624405610E
:10973000828001112AC623AEA1926C000546130552
:10974000A00806CEEFF0BF96F240056182800111BD
:1097500026CA06CE22CCB547AE8463DDA704D9471E
:109760002A8463CDA70441476357A7044D478D451D
:109770006354A70495450D456314F4009D451145B8
:1097800085460146EFF0FFED05659305800313055F
:10979000758EEFF05FAC6C0009461305E0082306F8
:1097A0008100A3069100EFF09F90F2406244D24402
:1097B00005618280394489450945D9B759447DBF3F
:1097C0005C41011106CE2306F1001C456C001146D8
:1097D000A306F1005C452307F1008347050113054B
:1097E000B008A307F100EFF09F8CF2400561828082
:1097F00083574500011106CE13978700A183D98FA7
:109800002314F1001C452C0019462305F100834761
:10981000C500A305F1001C492306F1005C491305AE
:10982000C008A306F100EFF09F88F2400561828036
:1098300001112306A100A306B10009466C0013051F
:10984000F00806CEEFF0BF86F2400561828001117C
:109850009305F1001305000C054606CEA307010091
:10986000EFF07F8DF2400345F10005618280011128
:1098700022CC0D462A846C00514506CEEFF0BF8BFA
:109880008347C100B307F04085872306F400834770
:10989000D100139787016187634007028983A3067C
:1098A000F4008347E100F240B307F04085872307C7
:1098B000F400624405618280938707F08987C5B709
:1098C00093178500218101115D8D2316A1006C0085
:1098D0000946094506CEEFF08FFDF2400561828012
:1098E000397126DAB74400209384845483C7C4B006
:1098F00006DE36C6F99B2386F4B022DC4AD84ED663
:1099000052D4AA892E8A56D2B28AEFF0EFEBEFF04A
:10991000AFF1EFF00FF50145EFF01FB40545EFF0A3
:10992000DFC9854705469305F1011305F029A30F0B
:10993000F100EFF0DF89A14705469305F10113051A
:10994000002AA30FF100EFF09F8805469307C0FAA5
:109950009305F1011305102AA30FF100EFF03F87E3
:1099600081450145EFF0DFEC91450145EFF03FDE29
:109970000545EFF0FFD50145EFF01FAE0145EFF0D3
:109980005FC00145EFF0BFC1B246138481E41947BF
:1099900085472312E40001457D575CD41CDC1CC8BC
:1099A00054D82306E40023285403230E040223245E
:1099B0000400232A0400EFF03FAA0545EFF07FD70B
:1099C0001305C402EFF0DFDF138581E4EFF05FE2FF
:1099D00013158A0191456185EFF07FD74E85EFF031
:1099E000FFD0EFF0DFE67D151375F50F9307D00F6D
:1099F00063F2A70283C7C4B0054593E71700238627
:109A0000F4B0F2506254D2544259B259225A925A86
:109A1000216182800145F5B7B747002093878754BD
:109A200083C7C7B0858BA9E321C19DCD411126C253
:109A3000AA8441657D1506C622C42E84EFF05FE836
:109A40000545EFF07FC4938781E4138581E4238685
:109A50008700EFF0FFD9A2852244B24026859244C8
:109A6000014641016FF0FFAD828003850194828041
:109A70000111B737002022CC938787540564A29741
:109A800083C7C7B006CE2316010023070100858BCC
:109A90008DE741657D15EFF0BFE20945EFF0DFBED0
:109AA000930760F91305C48A05466C002306F1008C
:109AB000EFF0EFF10145EFF03FAAF240624405619B
:109AC0008280C9C5797126D206D622D44AD0B7443D
:109AD0000020238005009384845483C7C4B0858B01
:109AE000A1EB39C52E842A89EFF09FBCC167FD1711
:109AF0006300F50493772500A1CB13060008A28527
:109B00004A85EFF07F9D83C7C4B0858B5D8D13754B
:109B1000F50F11C523000400EFF09FF511A86800B0
:109B2000EFF0FFD483C7C4B0858B89CB230004003A
:109B3000B250225492540259456182808347810178
:109B4000D1072380F194C9BF65D5F9B7828001C5DB
:109B50000CC123020500828001C908413385A5405C
:109B60001345F5FF7D8182800145828015CD034735
:109B7000450001451DCB9307F7FF05656D1793F76A
:109B8000F70F1377F70F1305853881EBBD679387C0
:109B900007A663FCA7003E858280E389E7FEFD17E8
:109BA000060593F7F70FD5B7014582800DC941111E
:109BB00006C622C426C2834745001307F00F6385FB
:109BC000E70085072302F500AE842A84EFF01FFA30
:109BD000269508C0B240224492444101828082808E
:109BE00001C50CC1230205008280138701EC834666
:109BF00067070547938701EC639AE6001547238BB7
:109C0000E70603A74198B457158FB8DB0547238AA9
:109C1000E7048280938701ECA38207022393070263
:109C200023930704A38607042397070423880704C4
:109C3000A38B0704238C070423A007048280938747
:109C400001EC83D6070403D727046392E602930648
:109C5000F5FFC206C1821306F00B01476367D60009
:109C6000239107042390A70405473A858280014782
:109C7000EDBF938701EC373600401D459386C12325
:109C800003D7270483D507046374B7028345B6401E
:109C90006373B5008280930517003697034707006A
:109CA0002391B7042304E640984F050798CFC9BF16
:109CB00023A007048280938701EC05472393E704E0
:109CC00003A741982382A702BA95CCD782809387B5
:109CD00001EC05472383E70403A741983A95C8D7C9
:109CE000828008418280411122C426C206C637E420
:109CF00000E0B7040008232094180F1000009D45D1
:109D00000145EF708034EF70E0362320942893876C
:109D100001EC2389070423850702A388070423A0F5
:109D200007042392070423820194A3820194371726
:109D300000408327870A2244B240924493E70720D9
:109D40002324F70A81451305003041016F605072EA
:109D5000411106C6EFF07FE9EFF0FFF8EFF09FEB5F
:109D6000371700408327C70C91668D45D58F232672
:109D7000F70C1165EF60107A138701EC0357870029
:109D8000C166FD16938701EC6305D7000507239490
:109D9000E70003A741981307E715D8D705472382A3
:109DA000E702B24041018280938701ECB05703A7DC
:109DB0004198238BA706118FB8DB03C737053546BB
:109DC0002382E7026314C7006FF0FFF103A74198F5
:109DD00098DB8280011122CC06CE130755FF8947FC
:109DE000138401EC63F6E7001377B5FF631AF70AF3
:109DF000834794050947636AF700850793F7F70FD0
:109E0000A30CF4040D476396E7002AC6EFF0BFEDFC
:109E10003245A30304022304A4028947631BF5000F
:109E20008357240141677D176385E7008507231960
:109E3000F400834794021307F00F6385E70085075A
:109E4000A304F402834794021947FD1793F7F70F11
:109E5000636CF70437070300130787768A07BA97FE
:109E60009843B79704009386F73D9387073E63E9CD
:109E7000E60083D721949306803EB3F7D702BA97C2
:109E800003A7419823030404F240BA971CD88547DE
:109E90002304F404B5472302F4026244056182807E
:109EA0008D47A30CF40495B7B79704009387073E3A
:109EB000C1BF938701ECA38E0704238307046FF0CF
:109EC0007FF1011122CC4EC652C406CE26CA4AC822
:109ED0002A8AAE89EF207045034465009D4763F8E8
:109EE000870693044502B71503002A891D4693850A
:109EF00005A02685EF60024D814729E19305F00218
:109F00001305B9024204EF60425E4180228711C509
:109F1000B30495401397040141832310EA00AA87F4
:109F200009E5B71703009387C79F23A0F90085476A
:109F3000636487009337150093F7F70FF24062448C
:109F4000D2444249B249224A3E8505618280814716
:109F5000F5B7411122C4138401EC8347240506C6DA
:109F6000B5E32382019437170040A3080404A382B9
:109F700001948327870A23120404854593E7072069
:109F80002324F70A13050010EF60904E8D4513054A
:109F90000020EF60F04DEF70000899450145EF702B
:109FA000C00A85450545EF70400AB7E700E037076E
:109FB000000823A0E72885462309D4042305D402FA
:109FC00023A0E710B240224441018280938701EC34
:109FD00003C7C70411C703C6B70485456F50A00166
:109FE000014681456F40F050138701EC0357A700ED
:109FF000C166FD16938701EC6305D700050723951D
:10A00000E70003C7B70515CB03C7F705239D070472
:10A010002383070415CB411106C60145A38F07040E
:10A02000EF60906629459760FF1FE7804077B24058
:10A0300041011763FF1F6700C36203A7419823868E
:10A04000070423830704D8C329472382E7028280B9
:10A050006D71232481102322911023202111CEDF42
:10A0600023261110AA8911441389C1F39384C1F3E3
:10A070009305C0024A85EF60424719ED01458320F0
:10A08000C110032481108324411003290110FE59BB
:10A09000516182803A89E9BF7D141374F40F13076C
:10A0A00015006DF8A5462946637AA9008347090083
:10A0B000938707FD93F7F70F63FEF6069307F4FF08
:10A0C000C207C1839306F00EE3EAF6FAB3853401C2
:10A0D000998DC205C18193171400E391F5FA930697
:10A0E000000F0A863A85EF20405C42054181E31764
:10A0F000A4F8938401EC83D7240603D70406B3861F
:10A100008700E34DD7F6E85022868A853E95EF20FA
:10A11000F0392DF583D7240605453E94420483D7B4
:10A120000406418023918406E39B87F4A147A38E14
:10A13000F404B1B73304C40205093E9442044180DB
:10A14000A5B7411122C426C22A84AE84B7150300E4
:10A15000938505801385C1F306C6EF60C23B31CD00
:10A1600093072500014693050002A5482943416E47
:10A170001308C002038707006308B70201450147BF
:10A1800083C60700938606FD93F6F60F63F0D802A8
:10A1900019C59376F60F6314D4022390E400B240FD
:10A1A00022449244410182808507E9B73307670260
:10A1B000850705453697E365C7FD0145CDB703879C
:10A1C00007008507E30DB7FE0506E30507FBF5B7B6
:10A1D0001306F00B1387C1238386050099E205451A
:10A1E000828083570500636BF600138817002310E5
:10A1F0000501BA9785052380D700F9BF0145828004
:10A2000041115400368681472947A54833F8E502B5
:10A21000850793F7F70F130808032300060133D8C7
:10A22000E50263F6B8000506C285E391E7FEB6973E
:10A230009308F00B1386C123035705008385F7FFAE
:10A2400063EFE8001308170023100501329723007D
:10A25000B700FD17E392F6FE0545410182800145F6
:10A26000EDBF01114AC82E89B715030026CA938590
:10A2700085A0AA841305E10022CC06CE32842317E0
:10A280000100EFF0FFF401E90145F2406244D244DD
:10A29000424905618280A6851305E100EFF05FF376
:10A2A00065D5B7150300938505801305E100EFF030
:10A2B0003FF279D983C5E1F11305E100EFF05FF4D6
:10A2C00061D5B70403009385C47E1305E100EFF068
:10A2D0003FF05DD9CA851305E100EFF07FF24DD55F
:10A2E0009307F00F6317F402B71503009385058AEF
:10A2F0001305E100EFF0DFED41D90355E100EFF088
:10A300001F9459D10565130585BBEFF05F9C05458A
:10A31000ADBF9385C47E1305E100EFF07FEB2DD533
:10A32000A2851305E100EFF0BFED5DFDB1BF411166
:10A3300006C622C401461307000CB307C500838775
:10A34000070013140601418085E79307F4FFC20755
:10A35000C1831307E00B6360F702AA851385C1234D
:10A36000EF60A20822852244B24041016FF03F8D88
:10A370000506E314E6FCB240224401454101828017
:10A38000411122C426C206C62A84AE84EFB00F8AC9
:10A39000930545072285EFF0BFE319E50145B2407B
:10A3A0002244924441018280035704009307F00B3A
:10A3B000E3E6E7FE930717002310F4009387C12319
:10A3C000BA97938581E81307F00222852380E7007E
:10A3D000EFF01FE061D5A6852285EFF07FDF3335F2
:10A3E000A00075BF01114AC856C206CEAE8A22CC63
:10A3F00026CA4EC652C42A89EFB04F83930545073B
:10A400008147930600023307F500030747071394BB
:10A410000701418059E38147A1463387FA000307CA
:10A4200007009399070193D9090135EF130A040135
:10A43000B387490103474900C207C18381446313BD
:10A44000F7040329090022864A85EF50B277AA84CF
:10A4500025E1B3078900038707009307F002631320
:10A46000F702130514003D46938581E84A95EF50A5
:10A47000727509E94E86D68533054901EF5092740D
:10A4800093341500F240624413F5F40F4249D2446C
:10A49000B249224A924A056182808507E395D7F640
:10A4A000130400028DBF8507E399D7F6A149BDBF0C
:10A4B0008144C9BF397106DE22DC26DA4AD8AA8473
:10A4C0002EC6EF2080668347D5000346C50083482B
:10A4D0000501A207D18F0346E500034845018346E5
:10A4E00005024206D18F0346F50003479501034359
:10A4F000D50162065D8E8347150122072203A2075C
:10A50000B3E7170183482501034E5500B245C20841
:10A51000B3E7F80083483501138481E9E208B3E822
:10A52000F80083475501A207B3E707010348650117
:10A530004208B367F8000348750162083368F80001
:10A5400083471502A207D58F83462502C206D58F01
:10A5500083463502E206DD8E834785015D8F8347A2
:10A56000A501C2075D8F8347B501E207D98F034775
:10A57000C5013363E3000347E50142073363670026
:10A580000347F501370508001305751C08C0614530
:10A59000A30CC101231294002313A400230CB100C7
:10A5A000230DC10093558600A30DB10093550601FC
:10A5B0006182A30EC10013D68800A30FC10013D679
:10A5C00008012300C10213568800A301C1021356DB
:10A5D00008012302C10213D686002303D102A3037C
:10A5E000C102620713D60601E18233676700A30444
:10A5F000D10293D687003183230EB100230F1101BE
:10A600002301010393D88801135888012304C10250
:10A610002305F102A305D1022C0893D60701614658
:10A62000E18313058400A306F1022317E102A300CE
:10A630001103A30201032306D102EF50125B13851D
:10A6400081E993050002EFB0CFA1938701EC1307D6
:10A650002002238EE7040547238DE7042310A4027C
:10A66000F2506254D254425921618280011122CCAD
:10A670001306C0078145138501EC06CEEF807FCA23
:10A680002800EF60205C1167938681E81307371577
:10A690002390E600130730042381E600138681E847
:10A6A0008146138781E8254599483C00B69783C7C2
:10A6B000070093D54700138875036364B5001388BA
:10A6C0000503BD8BA3010601938577036364F50041
:10A6D000938507032302B60085060906E39716FD56
:10A6E00099452800A3070700EFB0AF9785679387C8
:10A6F00087383375F502138401EC230B040623918C
:10A70000A194B7870080938717181CD023820194E7
:10A71000A3820194EFA0DFD219E523020402F240E4
:10A72000624405618280371700408327870C916659
:10A730008145D58F2324F70C1165EF60A05DEFF004
:10A740008FDAEFF0EFE0E1BF411122C4138401EC96
:10A7500006C6EFF08FC9230504042306040423046E
:10A760000404EFA0FFCD19EDEFF0CFCAEFF0AFD7A3
:10A7700081451165EF60005AB24023020402224471
:10A78000410182802244B24041016FF06FDC4111EF
:10A7900006C6EFA0FFCA09C5B24041016FF04FDB0A
:10A7A000B2404101828005472384E1F0828041115B
:10A7B00006C6EFA0FFC8814709C583C771EEB3374E
:10A7C000F000B2403E8541018280938701EC03C7CF
:10A7D000270503C64702938601EC2385E70203C7DA
:10A7E0006704A385E70235478147631CE60003A79A
:10A7F0004198905A118F6356070083A74198B30779
:10A80000F640DCCE138501EC8280138581E88280DE
:10A8100019E9054582800545F2406244D244424927
:10A82000B249056182809387E5FF93F7F70F13071D
:10A83000E003E360F7FE011126CA4AC806CE22CC27
:10A840004EC6AE842A89EFA0BFBF19E11545E9B70E
:10A85000EF20A02D8347550099C30D4575BF938701
:10A8600001EC03C767078547138401ECE307F7FE94
:10A8700083570404FDF3834744029D461387D7FFA3
:10A880001377F70F63F8E60E31476385E70E354718
:10A89000E395E7FC83472405E1CF834709001307CD
:10A8A000100493F7F70DE398E7F6834719001307B1
:10A8B000400593F7F70DE390E7F601479306E005AF
:10A8C000B307E90083C70700811793F7F70FE3E4A5
:10A8D000F6F405079377F70FE3E497FE8347440206
:10A8E0001547638DE70831476393E700A947A3093C
:10A8F000F40483C7419493F7F70F9389C123268605
:10A90000CA851385C123A382F1942322040423184A
:10A910000404EF50922DB3879900354789042380B2
:10A92000E70026852947A380E700EFF04FB115D552
:10A9300083A74198A30A9404230B04043CD41C4C21
:10A940002316F4065C482317F4068357440785074B
:10A95000C207C18395C7231AF40685472328040636
:10A96000231BF406230C0406230A040401456DB5D9
:10A97000EFF02FDE834724058DF3C9BD914785BFD6
:10A980008547D1BF83C761F30545639BA70041118C
:10A99000154506C6EFF04FC1B24001454101828026
:10A9A0008280938701EC03C767078547138501EC15
:10A9B0006317F70083A741983855998F3CD9130541
:10A9C00005078280938701EC884F83D7C7061D8DCA
:10A9D000420541818280938701ECC84B83D7E7060B
:10A9E0001D8D420541818280411126C2938701EC71
:10A9F00006C622C403C48707938401EC63F3850071
:10AA00002E841374F40F19C511C422869385C123B3
:10AA1000EF50B21D03C7640785476304F700238A1C
:10AA2000F4042285B24022449244410182802D7177
:10AA300023263111232E1110232C8110DEDFE2DDBD
:10AA4000EAD9232A911023282111232441112322FA
:10AA5000511123206111E6DBEED703A44198EFA04A
:10AA6000FF9C2A8C13050002EFC07FECEFA05F9DD6
:10AA7000138D01EC0DED83474D0299C3EFF0DFCC50
:10AA80008320C11103248111832441110329011161
:10AA90008329C110032A8110832A4110032B01103E
:10AAA000FE5B6E5CDE5C4E5DBE5D156182800347C1
:10AAB0002D0539C3EFF0EF9B9387C1133EC6B7074F
:10AAC00003009387476E930C100C938AC1F33EC822
:10AAD000938B01EC9386519403C6060003C74194FF
:10AAE0001377F70F6308C700FD1CC20C93DC0C0141
:10AAF00063970C06EFF0EF9783466D070547E39FDA
:10AB0000E64603478D071DEF03476D0563ECE6023C
:10AB100083560D0485EA05071306C02B3307C702C9
:10AB200083268D06B306D4403387E640634C070086
:10AB300003455D05EFF0AF9011C503476D050507AF
:10AB4000230BED047D7783278D06130787C73A947F
:10AB50001D8CE34704F21145EFF00FA515B703C7AD
:10AB60000600B2473E970347070003C60600620788
:10AB700005061376F60F2380C60061871306E003EF
:10AB800083460D056319C70683454D022D46638430
:10AB9000C5006F102059ADE20347BD0523120D0417
:10ABA000A3080D0405C38345CD059306000C138649
:10ABB000C123138581E9EF10702A19ED1945EFF0D3
:10ABC0006FA109BF8800EFF06FC0AA859306000C43
:10ABD0001386C1238800C5B7EFF06F8665D105479E
:10ABE0002308ED0403A7419889669386067136977A
:10ABF0002326ED02C5B581CA83564D0489E6930626
:10AC00000002E309D7ECB546E306D7EC29468346B4
:10AC10001D05E313C732C1EE035B4D0463090B0846
:10AC2000B3866A012380060083466D07854D6392D3
:10AC3000B60D03468D0793168601E186635BD0004F
:10AC400093061600230CDD069386C123B29623805B
:10AC5000E600834D8D07130900085A8A3309B9416C
:10AC6000420913590901637369014A8A420A135A56
:10AC70000A01630D0A001385C12352869385C1F32F
:10AC80006E956E9AEF506276230C4D0763756901DD
:10AC90000547A30BED06B70503009385857A138559
:10ACA000C1F3EF808FF209E90945EFF0EF8F23122E
:10ACB0000D04A3080D0439BDB70503009385C57ABB
:10ACC0001385C1F3EF806FF01DC1B70503009385B5
:10ACD000457B1385C1F3EF50120411E9B70503005A
:10ACE0009385057C1385C1F3EF50F20269D10D45C0
:10ACF0006DBF1018DA85568503494D02EF1080614B
:10AD00002A8A6310B5293709030093054979081881
:10AD1000EFF04FED6301051A930549790818EFF03C
:10AD20006FEC51D58355C10362559306000A90001C
:10AD3000EF10B0172547E37CA7F6834601041307FD
:10AD4000700CE396E6F6834D1104E3924DF7034B46
:10AD5000710403476104220B336BEB001307600996
:10AD6000E36767F51307AB00E313E5F49C00930575
:10AD70008B003386B700834616000346060003485F
:10AD8000410403475104A206C205D18EC1813E850C
:10AD900036CA03492104035A410442CE3ACCEFA0FB
:10ADA0005FACD246E395A6F0624772481315870060
:10ADB0001947336505016305E90A636927051547E6
:10ADC0006302E906914D37070400230421031307AA
:10ADD000771C138981E9A304B1032320E900094703
:10ADE0002313E9000357810223124901A9452314C3
:10ADF000E900138581E9EFA0DFA63147230EED04BA
:10AE000005472315A900230DED0455B51D47630A19
:10AE1000E9082147E318E9FAE3170BFA8145EFF057
:10AE20006FE971B53147E37067FB034741054D1B7F
:10AE3000E31B67F9A8003ACCEFE0BFEA2A8BE800F1
:10AE4000EFE03FEA2ACA8808EFE0BFE96247D2454F
:10AE50002A86930651055A85EF10F04DAA8DA5B7A5
:10AE60001147E312EBF6A800EFE0BFE72A8BEF10E3
:10AE7000D04B8346150103470501A206D98E03472F
:10AE800025014207D98E034735016207558FE31C20
:10AE9000EBF2EF202002AA8D1DF50547A30FED046C
:10AEA0001DB7E3120BF2EF20A002AA8DE31D05F0FF
:10AEB000A30E0D0409BFB705030093850579081893
:10AEC000EFF04FD2E30505DE8355C1036255C94655
:10AED0009000EF10807D4947630FE5000357ED00B8
:10AEE000C166FD166305D70005072317ED0021474E
:10AEF0002304ED026DBB834601043547E390E6FE73
:10AF000003471104E31C47FD034731048346210432
:10AF10002207558F61F70347510403464104B736B2
:10AF2000002083D6A6542207518FE399E6FAC9453B
:10AF30008800EFC0CFC75DD10546C9458800EF3016
:10AF4000F0671307F00FE30BE5F815E10357CD00A9
:10AF5000C166FD166305D70005072316ED000547FA
:10AF6000A304AD042305ED042304ED0489B30357C2
:10AF7000ED00C166FD16E304D7FE05072317ED00BB
:10AF8000F9BF7957E305E5F6034ADD0563060A1ABA
:10AF9000B70503009385C57C5685EF50C2570DC990
:10AFA0009305A0035685EF50425493060002E30038
:10AFB00005D0050503070500E30DD7FE130707FDC0
:10AFC0001377F70F8D46E3E4E6CE230FED04C5B10A
:10AFD000B70503009385C57D5685EF50C25305C163
:10AFE0008C00054523100104EFF0AF9503570104D1
:10AFF00029456303B7013D45EFE0BFEB4DB9B70508
:10B0000003009385057F5685EF50E2500DCD2C103F
:10B010000545EFF00F9365D18C000D45EFF06F9271
:10B0200079D9835681021307E00CE396E6FC835638
:10B030000D0603570104E390E6FC23030D041D47AE
:10B04000A30EED04ADB1B7150300938545801385BC
:10B05000C1F3EF50424C01C95A85EFE07FFFE3187E
:10B0600005C4414551BFB70503009385C57A1385D3
:10B07000C1F3EF808FB511C9B70503009385457BF8
:10B080001385C1F3EF50224909C92547E315EAF6B4
:10B0900023030D04A30E0D0419B9B705030093850E
:10B0A000857A1385C1F3EF804FB2E31205C07D1A94
:10B0B00023030D04137AFA0F2147E36A47BF3707CA
:10B0C00003001307076C0A0A3A9A03270A0002874B
:10B0D0000947BDB70D47ADB715479DB71947A30E33
:10B0E000ED0405472303ED0403A74198BD6693864D
:10B0F00006A636972326ED025DBE03274D060359AB
:10B100002D063A99EF1070228346550103474501F9
:10B11000A206D98E034765014207D98E0347750100
:10B120006207558F6368E900EF1070442547E30913
:10B1300005F005BF114729B7B715030093850581B1
:10B140005685EF50423D35C97D578C00054523108B
:10B15000E104EFE01FFF035701040DCD05EF214788
:10B16000E317E9B403477D04936627000D8BA3031F
:10B17000DD04136727008D46E31BD7B203A7419870
:10B1800023030D04230C0D042328ED02254723027D
:10B19000ED0231BE8546631AD70213071010231340
:10B1A000ED0403A741989166938686A93697A30379
:10B1B0000D022326ED022147D9BFB7150300938561
:10B1C00045825685EF50223509C51945EFE09FC0ED
:10B1D000F9BCB71503009385C5835685EF50A2339C
:10B1E00021CD8C000945EFE0DFF565D183560104E0
:10B1F0000947E36CD7FC03478D0523030D0419E7CA
:10B200000547230CED0403A74198A1AE83A64198FE
:10B210000547A303ED022304ED042320DD0003D73B
:10B22000219483A6419823140D02A30C0D04369794
:10B230002328ED022947A1BFB71503009385458553
:10B240001385C1F3EF50222D19C92D47E311E9A64B
:10B2500003470D05E30D07A4EFE01FD989BCB7151F
:10B2600003009385C5861385C1F3EF50C22A09CD2B
:10B27000B7150300938545871385C1F3EF50A229C5
:10B2800001C50547A302ED02B71503009385C587E5
:10B290001385C1F3EF50222841C59305A003138500
:10B2A000C1F3EF508224930615001306000209ED46
:10B2B00023030D02130769FF1377F70F894663E134
:10B2C000E606154521B7850603870600E30DC7FE90
:10B2D000130707FD1377F70F2546E36BE6FC85069A
:10B2E00093050002038606006300B60E9305C002B4
:10B2F0006310B60285061306000203870600630783
:10B30000C70C130707FD1377F70FA546E3E2E6FA2C
:10B310001377B70F7D17133717002303ED0259DB9F
:10B32000B7150300938545881385C1F3EF50A21E1E
:10B3300039C59305A0031385C1F3EF50021B21C14A
:10B34000050513070002830605006383E60801472D
:10B350002546A94583460500938606FD93F6F60F1C
:10B36000637AD6067D46930610F86368E600060702
:10B370001307F7F893168701E1862300DD02B7155E
:10B3800003009385C5881385C1F3EF50C2187DC5AE
:10B390009305A0031385C1F3EF50221582C082C22A
:10B3A00082C469CD05058C000146130E0002A54E2E
:10B3B000294F954F9302C0021943030705008148A6
:10B3C000631AC7030505D5BF850629BF850635B7AE
:10B3D000050595BF3307B702050536974207418338
:10B3E00095BF03D70500050585483307E703369762
:10B3F0002390E50003080500130708FD9376F70F77
:10B40000E3F1DEFE638C08066305F60105056317AC
:10B41000580605061376F60F8905E31066FA0357FA
:10B4200001041306F003930610F86367E6001307A0
:10B4300017F993168701E186035781042380DB0205
:10B4400013062002E176636AE60095463307D702C9
:10B450001307D7F393160701C1860357A10423915D
:10B46000DB0213061006930610F86367E600130765
:10B47000470793168701E186A380DB02B715030017
:10B48000938545891385C1F3EF50E20859C59000B3
:10B49000DA851385C1F3EF00B07F41C186460347CB
:10B4A00061044C1036D48356410428102307E1026E
:10B4B0002316D102EF30C00B2DC1031581041307F1
:10B4C00040383307E5021255634507046367E50416
:10B4D000198D37374F9C13070730B7364F1C2A9703
:10B4E0009386860763EBE602EF304022EF30E02CD4
:10B4F000A307AD041DC1EF30A02C23A0A19803A782
:10B500004198B7964901938606703697232EED022F
:10B5100029A09306F7FFE3FDA6FAB705030093857C
:10B52000C57A1385C1F3EF705FEA11C9B70503004F
:10B530009385457B1385C1F3EF40F27D29CD1147FB
:10B540001145E305E9C899466311D9028346DD0434
:10B550000547E398E6D603A7419823030D04130794
:10B56000873E2328ED026FF08FF4B146631ED900A9
:10B570008346DD0409476396E60003A74198232C20
:10B58000ED0223030D047DB165191379F90F0D4503
:10B59000E36E27C31DB9B70503009385857A13852C
:10B5A000C1F3EF709FE2631405F021476313E902D2
:10B5B00003477D04936617000D8BA303DD04136717
:10B5C00017008D46E30CD7BA05472303ED046FF04F
:10B5D0000FEE25476318E900130710102313ED043D
:10B5E0006FF0EFEC751923030D041379F90F636005
:10B5F00027EDC2470A093E9903270900028737153C
:10B6000003001305C58923070D04EFE05FD2630033
:10B6100005EA8565938585BB1145EFE0CFE96FF0BD
:10B620000FE903475D0211E703A741981307077D60
:10B630000DBFEF90BFDFB71503002A899385458AB8
:10B64000880023100104EFE0BFB819E10545BDBE35
:10B65000834659000547638AE604B70503009385CE
:10B66000C5788800EFE0DFB675D1B7150300938584
:10B67000458B8800EFE0DFB571D993050904880098
:10B68000EFE01FB561D5B71503009385858B880062
:10B69000EFE01FB445DD03550104EFE04FDA5DD55F
:10B6A0008565938585BB15458DBFB70503009385DB
:10B6B000457845BF03A74198232AED0203A7419887
:10B6C0002328ED021947E1B403476D029306803E3B
:10B6D00019E39306007D03A74198369759B50347B0
:10B6E0007D0509E70547A30BED0431BE03A741988B
:10B6F0002328ED02C9B403470D05630A07DA03479F
:10B70000BD0519C7130710102393EB046FF02FDA50
:10B71000EF90DFD1834665000547E385E6FE2DBE49
:10B720000347DD0489461377B70FE315D7B003A7A6
:10B730004198232CED02FDBC639E06B883564D0450
:10B740009305F01F1386160063F3C5020547A3088F
:10B75000ED0403570D01C166FD166305D70005070B
:10B760002318ED001D472304ED026FF0AFB6D69607
:10B770002312CD042380E6006FF0CFB589CE0347B6
:10B780004D0511EB717783268D0613078756229797
:10B79000158F634707AE0347DD056309073203468C
:10B7A0006D0419CA8326CD02158C634704003D45FC
:10B7B000EFE02FF06FF0CFAC83560D04639206AC30
:10B7C000631006AC7D171377F70FA14663EAE6AA6C
:10B7D000B70603000A079386C67036971843028798
:10B7E000EF10A0342A848C00281023180102EFE007
:10B7F0004FED55DDB71503009385C58B0818EFE0B5
:10B800003F9D55D583578102130544021306F00B63
:10B810009386C1238DE7B71503009385858B0818A0
:10B82000EFE01F9B49D503550103EFE04FC141D124
:10B830001165130585A9EFE08FC96FF06FA4035759
:10B840000103E366E6F683050500FD1713081700FC
:10B85000C2073697C183231801032300B7000505EB
:10B8600055BF371503001306F00F85451305058DE9
:10B87000EFE03F9F631605A01DBF37150300054687
:10B8800081451305858DEDB7EF10202A23100104A3
:10B8900023110D06034715020344050283453502B3
:10B8A0002207418F03442502E2054204418F33E41D
:10B8B000E50023228D068346550103474501A20674
:10B8C000D98E034765014207D98E03477501620788
:10B8D000558FB30487400567637397008564B71578
:10B8E00003009385458E880023109D06EFE05F8E50
:10B8F000E30F05EA8345ED058800EFE07F90E3085C
:10B9000005EAB71503009385458F8800EFE05F8C4B
:10B91000E30F05E8A2858800EFE09F8EE30905E8C4
:10B92000035701049307F00BE3E3E7E893071700DD
:10B930002310F1049387C1239305F4FFBA97A695CA
:10B940001307D00288002380E700EFE07F8BE3003D
:10B9500005E6B71503009385858B8800EFE05F87C8
:10B96000E30705E403550104EFE06FADE30105E4EF
:10B970000565130585BBC1B5EF10201BAA848C009B
:10B98000281023180102EFE0CFD3E30205E20647B7
:10B990009306F002030607006316D600030717009C
:10B9A000054401CB03C4640003578102198C42048F
:10B9B0004180B7150300938585900818EFE05F81FB
:10B9C000E30705DE8345ED050818EFE07F83E3001C
:10B9D00005DEB71503009385C5910818EFE04FFF0A
:10B9E000E30705DC86471306F00B3E9442044180D2
:10B9F0009386C12313970701418363158702B71507
:10BA000003009385858B0818EFE08FFCE30105DACE
:10BA100003550103EFE0AFA2E30B05D83D65130525
:10BA200005A611BD03570103E363E6D885078385A7
:10BA3000F7FF1305170036972318A1022300B7005C
:10BA400055BF03540D0683542D0623100104E30053
:10BA500094D6B7150300938545928800EFE04FF721
:10BA6000E30705D48345ED058800EFE06FF9E300B7
:10BA700005D4B7150300938545938800EFE04FF593
:10BA8000E30705D2058CA285420441809307000F8D
:10BA900063F487009305000FC205C1818800EFE0C1
:10BAA0002FF6E30605D0B71503009385058A75B513
:10BAB000B715030093858593880023100104EFE0F8
:10BAC0002FF1E30605CE8345ED05C9BF83464D0240
:10BAD00029476398E6060347AD0525E7EF10E00424
:10BAE0000347550085466313D702EF10E01319E1B1
:10BAF0006FE01FF941472AC62304ED02EF10403DD5
:10BB0000B2450145EFE01F9B6FE09FF709466318C0
:10BB1000C700A30EDD04230F0D046FE07FF68D46F2
:10BB20006311D702EF10E02AAA8561DD1307A5FF94
:10BB30001377D70F19C36FE0BFF441472304ED0219
:10BB4000C9B703476D043DCB8326CD02B306D4406D
:10BB500063C6060603474D028D46631ED700834623
:10BB6000ED046368D70423030D041304840C232815
:10BB70008D026FE0FFF09946631CD7008346DD0419
:10BB800005476398E60223030D041304843EC5B7FA
:10BB9000B1466310D7028346DD0409476394E6008B
:10BBA000232C8D0223030D0429472302ED026FE0AD
:10BBB0003FED0945EFE00FA26FE09FEC83560D04C7
:10BBC00099C26FE0FFEB83464D0235466374D600A1
:10BBD0006FE01FEB370603008A0613060673B29662
:10BBE000944282860327CD023307E4406354070062
:10BBF0006FE01FE981451165EF50C011056713071C
:10BC000007773A9423288D02094745B703270D0388
:10BC1000198C635404006FE0BFE6EFE08FB3371573
:10BC200003001305C594EFE08FF0054719E16FE0BD
:10BC30003FE585652307ED04938585BB0D45EFE062
:10BC40008F876FE0FFE319C36FE09FE303270D03C6
:10BC5000198C635404006FE0BFE23715030013052D
:10BC6000C594EFE0CFEC19E16FE09FE10347ED04ED
:10BC70000507C1B719C36FE0BFE083270D031D8C13
:10BC8000635404006FE0DFDF3715030013054595AB
:10BC9000EFE0EFE919E16FE0BFDE8565938585BBD5
:10BCA000114571BF8346FC008345EC0003264D031C
:10BCB000A206CD8E9305803EB386B6023306C440FD
:10BCC0001545E379D6EE19C36FE09FDB03270D031B
:10BCD0003307E440635407006FE09FDA03476D02C7
:10BCE00031CB0347FD0409EF8346ED040947637D2B
:10BCF000D700372709001307077C2297232EED0270
:10BD000023288D021D4755B53715030013050596E9
:10BD1000EFE0EFE119E16FE0BFD60547A306ED04C0
:10BD20000347ED0405072307ED048565938585BB6F
:10BD3000194531B7371503001305C596EFE02FDF1E
:10BD400019E16FE0FFD3A3060D04C5B783060C010C
:10BD500099EE05472304ED02379704001307073EC9
:10BD60003A94A30C0D0423288D0235473DBD19C319
:10BD70006FE01FD103270D03198C635404006FE09B
:10BD80003FD023100104EF906FEA83477D052A849A
:10BD9000A9EBB7150300938585978800EFE04FC3A3
:10BDA0006306052A8347B4008345A400A207DD8DFE
:10BDB0008800EFE0EFC4630B0528B71503009385F7
:10BDC000058A8800EFE0CFC063020528035501040F
:10BDD000EFD0FFE6630C05268565938585BB1D4581
:10BDE000B9BDB7150300938545998800EFE04FBEB4
:10BDF000630E05248345740065BF19C36FE05FC8F7
:10BE000083270D031D8C635404006FE07FC7EF9000
:10BE1000EFE1830745052A849304450599E393845C
:10BE200081E8B71503009385C59A880023100104A3
:10BE3000EFE00FBA630C0520930504018800EFE0E2
:10BE40002FB963050520B715030093850580880089
:10BE5000EFE00FB8630C051E834794008345840010
:10BE60008800A207DD8DEFE0AFB96301051EB715AD
:10BE70000300938505928800EFE08FB56308051CE9
:10BE8000A6858800EFE0CFB46302051CB715030058
:10BE90009385C59B8800EFE0AFB36309051A03558E
:10BEA0000104EFD0DFD96303051A9165938585A955
:10BEB000214571B319C36FE0BFBC03270D03198C73
:10BEC000635404006FE0DFBBB71503009385859CC6
:10BED000880023100104EFE0AFAF630905160347A4
:10BEE0008D0531CFB7050300938545798800EFE0D4
:10BEF0002FC9630D0514B7150300938505808800CD
:10BF0000EFE00FAD6304051483458D058800EFE075
:10BF10002FAF630D0512B71503009385058A8800BE
:10BF2000EFE00FAB6304051203550104EFD03FD1DE
:10BF3000630E05109165938585A9254509B3B7055D
:10BF40000300938505795DB78346AD0595EA034700
:10BF50008D0419C703270D033307E440635207021A
:10BF60000347DC008345CC0003264D0022074D8F9C
:10BF70009305803E3307B7023306C440636FE60C77
:10BF800023180102A30DDD04DDC20344CD05B7155E
:10BF900003009385859D0818EFE08FA345C90347EB
:10BFA000BD055DE7B70503009385457A0818EFE006
:10BFB0002FBD49CDB7150300938505800818EFE024
:10BFC0002FA149C50347BD05854509E7EF900FC679
:10BFD000834565000818EFE0AFA22DC9B71503002F
:10BFE0009385859E0818EFE0AF9E2DC19315140030
:10BFF000C205C1810818EFE0AFA029C9B715030039
:10C000009385058A0818EFE0AF9C29C10355010309
:10C01000EFD0FFC205CD0347BD0519E323040D048E
:10C02000856523080D04938585382D4509B9034797
:10C03000AD04880023050D042306ED0403479D0489
:10C04000A305ED04EFD09FF82A8431F105459DB694
:10C05000B70503009385C57991BF0327CD03330747
:10C06000E440634807023715030013050596EFE027
:10C070000FAC05C10547A306ED04372709001307D8
:10C08000077C3A94232E8D028565938585BB3145C7
:10C090007DB603278D03198C3D671307F7A56364ED
:10C0A00087006FE0FF9D371503001305059FEFE044
:10C0B0000FA819E16FE0DF9C1947A306ED04E9B76B
:10C0C00003270D033307E440635407006FE05F9BD1
:10C0D00003479D0519E7379704001307073E3A9475
:10C0E00079B48546631CD70003472D0519E3EFD0CB
:10C0F0005FE6A30B0D04230C0D0419B18946631FE1
:10C10000D70003472D0519E3EFD0BFE4232A8D02A2
:10C1100023288D0223030D02194741BCEFD05FC3D2
:10C120006FE01F9699E26FE07FAE6FE0FFAC3707DC
:10C130008000DD464D07637DB50083470500DD17B0
:10C1400093F7F70F63E6F600B357F700858B91E39B
:10C1500082800505CDB701114AC82A89084122CC41
:10C1600026CA4EC652C4AE89328A06CEEFF03FFCD4
:10C1700037A7991981440144A54613079799154695
:10C18000A945637A350183470500938707FD93F737
:10C19000F70F63F3F60281C8CE85EFF05FF9232035
:10C1A000A90023208A00F240624426854249D244F5
:10C1B000B249224A05618280636C87006314E400FF
:10C1C0006368F6003304B402050585443E9455BF08
:10C1D0008144D1BF011122CC2A84084126CA06CE4F
:10C1E000AE8432C6EFF0BFF4637195020307050019
:10C1F0003246AA8701456315C70085071CC005455F
:10C20000F2406244D244056182800145D5BF0111EC
:10C2100022CC2A84084126CA06CEAE8432C636C451
:10C22000EFF0FFF063729506830505009307200287
:10C230000147639DF502A24632460505AA8793058C
:10C2400020021308C005FD48638097040387070098
:10C250006314B702B385A7404168014763F805013D
:10C2600008C22390B60085071CC00547F24062440F
:10C27000D2443A8505618280630807011377F70F7E
:10C2800063F4E8008507C9B70147CDB714410147FA
:10C290001388260063EE050383C70600A5480147FF
:10C2A000938507FD93F5F50F63E4B80283C6160086
:10C2B000938506FD93F5F50F63ECB8002947B38726
:10C2C000E702C1160547B6972300F60023200501B3
:10C2D0003A8582801377F50F930707FD93F7F70FE1
:10C2E000A5461395870163F5F6029307F7FB93F7CD
:10C2F000F70F9546130597FC63FBF6009307F7F9D4
:10C3000093F7F70F7D5563E6F600130597FA62057C
:10C310006185828011E97D5582807D55B25022541D
:10C3200092540259456182807DD6A147E3F5B7FE5C
:10C33000797122D406D626D24AD03304B500B54648
:10C340002947636B8500B307A440C207C183214717
:10C35000636CF7000145D9B78307F4FF6384D70006
:10C36000E393E7FE7D14F1BFB7150300328993858F
:10C3700045A32546AA84EF40E20469FD1385940095
:10C380002AC634001008A2856800EFF05FE851D596
:10C39000035781009D47E31FF7FA4245B715030095
:10C3A0001D46938585A1EF40E2014DF51306C002BD
:10C3B000A2856800EFF01FE22DD15008A285680029
:10C3C000EFF07FD939D9D247A9FB1306C002A28565
:10C3D0006800EFF03FE031D15008A2856800EFF02F
:10C3E0009FD705DD1306C002A2856800EFF09FDE2F
:10C3F0000DD59306A1004A86A2856800EFF03FE1C3
:10C40000E30D05F00357A1009307F00FE3E7E7F012
:10C410001306C002A2856800EFF0DFDBE30F05EE34
:10C420003008A2856800EFF01FD3E30805EE13067D
:10C43000C002A2856800EFF0FFD9E30005EE7008A6
:10C44000A2856800EFF03FD1E30905EC1306C002B6
:10C45000A2856800EFF01FD8E30105EC3245A28504
:10C46000EFF0FFCC8357A100098C2316890023022B
:10C47000F900F24742042324A9004180E31FF4E8B5
:10C480006247E36CF7E80545E38AE7E8795579B553
:10C490006304051C6302061C994763FFB71A797190
:10C4A00022D42E84B715030026D29385852CB2841E
:10C4B00019464AD006D64ECE2A892AC6EF30927047
:10C4C000631405184A94A28513056900EFF03FC66E
:10C4D000637C8516930715003EC603070500930786
:10C4E00020026313F7161306A100A2856800EFF07F
:10C4F000FFD9630B05141306F002A2856800EFF064
:10C500007FCD6303051413862400A2856800EFF035
:10C51000FFD7630B05121306F002A2856800EFF047
:10C520007FCB6303051213863400A2856800EFF009
:10C53000FFD5630B05101306C002A2856800EFF05B
:10C540007FC96303051013864400A2856800EFF0DD
:10C55000FFD3630B050E1306A003A2856800EFF05E
:10C560007FC77DC113865400A2856800EFF01FD2FB
:10C5700061CD1306A003A2856800EFF0BFC569C5B1
:10C5800013866400A2856800EFF05FD055CD324776
:10C59000637C870A83470700938757FD93F7D70F7C
:10C5A000C5E7930717003EC6030707009307B002CD
:10C5B00085496303F700FD591306B100A2856800A1
:10C5C000EFF0DFCC51C10349B1009307000663EDE2
:10C5D0002707B24763FA8706138517002AC6038721
:10C5E0000700930720026311F706A285EFF03FB41E
:10C5F000631CA404330939038347A1002D479387A3
:10C60000077D2390F40083C72400FD1723942401A1
:10C6100093F7F70F636AF70283C734007947FD1772
:10C6200093F7F70F6362F70203C74400DD4763ED3A
:10C63000E70003C754009307B00363E7E70003C7AD
:10C640006400054563F3E7000145B250225492545B
:10C650000259F2494561828001458280AA870145DD
:10C66000B1C339C2B1C11395150063EEA602B71666
:10C670000300BE95938606A26393B700828003C72A
:10C680000700090685071183369703470700230F24
:10C69000E6FE03C7F7FF3D8B369703470700A30F5E
:10C6A000E6FED9BF82800145828001ED014582808E
:10C6B0000145F2406244D2444249B249224A0561EE
:10C6C00082806DD6E5D593F71500EDF3011126CAEA
:10C6D00006CE22CC4AC84EC652C493D41500E3E914
:10C6E00096FC9307F01FE3E5B7FCB2892A84014961
:10C6F00093170901C18363E5970013F5F40F55BF44
:10C7000003050400EFF01FBD2A8A03051400EFF0B3
:10C710007FBCE34F0AF80904E34C05F8120AB3871B
:10C720002901336545012380A7000509D1B7B5C9A3
:10C73000930695D8C2068567C18293871761014722
:10C7400063E9D70437160300130606A46548835728
:10C75000060063E2A70483562600636ED502B38603
:10C76000D740898FC207C18313052003B387A7026F
:10C77000C206C18213D61600B297B3D7D70293066A
:10C7800020033307D702130707E7BA972390F50072
:10C7900005473A85828005071377F70F0906E318E6
:10C7A00007FB0147FDB709C5514681456F607FB75B
:10C7B00082802A88014563050804B9C231C26371C9
:10C7C000F70463EFE50263FDF50233F7D5020DEBE5
:10C7D0008D8F33D7D7026365C702B386C6028DC279
:10C7E00063E0D702AE9685472320B8002322D80005
:10C7F0002324B8002326B8002308F80005458280CA
:10C80000828009CD8346050105476399E60089C505
:10C8100009472308E50082806FF0FFF88280AA872D
:10C82000014595CB0DCA03C70701854679171377D4
:10C83000F70F63E2E6029847631FB7009443636C07
:10C84000D700DC436379F7003385E7403335C50013
:10C85000134515008280828005C119CE83470501EA
:10C860000547F91793F7F70F6368F7001C45AE9774
:10C870001CC58D472308F5008280AA87014595CB0A
:10C880000DCA03C70701854675171377F70F63E2D3
:10C89000E602D847631FB7009443636CD7009C47F8
:10C8A0006379F7003385E7403335C500134515003C
:10C8B0008280828005C51DC2834705010547F517A3
:10C8C00093F7F70F636CF7005C451845BE954CC5B0
:10C8D00095476383E50091472308F50082808147EF
:10C8E00019CD8346050115478147639AE60018452F
:10C8F000144163F6E6005C45998F93B717003E85B7
:10C9000082801441374754311307F714639EE604BD
:10C9100003464500854601476319D6040346550082
:10C92000954663E4C6048306650063C00604544963
:10C9300037460300636BD602105163E8C602504DC0
:10C9400063E5C602411122C40324450A9305400A47
:10C9500006C6EF704FE43305A440B24022441337BB
:10C9600015003A854101828001473A85828083A77C
:10C9700081945571A6C34EDF86C7A2C5CAC19D6604
:10C98000938981949D646394D70093840710B7477B
:10C9900054311384C12F9387F7141CC08547230299
:10C9A000F4001C449305400A1385C12F85071CC45D
:10C9B000EF706FDE2322A40A930600100146A685BD
:10C9C00025459750FF1FE780005109C91945BE4012
:10C9D0002E449E440E49FA59696182809306800A6A
:10C9E0001386C12FA68529459750FF1FE780A04ECB
:10C9F00071FD9306800A3000A6852D459750FF1FD4
:10CA0000E780604D61F52800EFF0BFEF61D142474C
:10CA10001C44E31DF7FA23A0990001454DBF317175
:10CA200026DB1306800A81451385C12F06DF22DD30
:10CA30004AD9EF601F8F9306800A30009D652D450F
:10CA40009750FF1FE780204935C501499D65930632
:10CA5000800A3000938505102D459750FF1FE78011
:10CA600080471384C12F3DE52800EFF09FE93DC1C9
:10CA7000630709001844C247998F635EF0001306EC
:10CA8000800A2C001385C12FEF3032169D679387E3
:10CA9000071023A4F1940347540089476311F70654
:10CAA00083476400BDEBA302040023200402232E6D
:10CAB0000400A1A02800EFF0DFE441D91306800AAA
:10CAC0002C001385C12FEF3052121D6723A4E1946F
:10CAD0000549ADBFE31109FC1306800A81451385A2
:10CAE000C12FEF601F84B7170200938747505CC4C3
:10CAF0009D679387071023A4F194EFF05FE7185028
:10CB0000FA5023AAE1946A5423A801947D5723A6DE
:10CB1000E194DA544A592961828018505C48E31044
:10CB2000F7FE8D47A302F400C9BF1385C12F828091
:10CB3000377503008280011122CC1384C12F8347F3
:10CB4000540006CE26CA4AC84EC652C456C25AC05F
:10CB5000ADEFC1CA93178701E1876354F00893874B
:10CB6000F5FF3748030063FE07075C44854463FF15
:10CB7000A70493074402328BAE892A8A1306000861
:10CB80003E8581453A89B68AEF60AFF94A86D685F7
:10CB9000EF30B2052303240123284401232A340162
:10CBA000232C6401A3029400232E040023200402FA
:10CBB0006244F240D2444249B249224A924A024B6C
:10CBC00023AA019405616FF09FDA8D44F24062441C
:10CBD00026854249D244B249224A924A024B056113
:10CBE00082808544E5B79387C12F03C757000DEBBB
:10CBF000D8476379A7021387F5FFB746030063732D
:10CC0000D70209472383070088CBCCCB90CFCCCF6A
:10CC100023A00702A382E70023AA01946FF03FD567
:10CC20000D45828005458280411126C206C622C478
:10CC30004AC01387C12F8346570085476390F60685
:10CC40001389C12F8325C901832749013384B74044
:10CC50001DCCB7770300BE95856601460545975004
:10CC6000FF1FE780402799471DE905679384C12F7F
:10CC7000A287637387008567D84CBA97232EF90083
:10CC80002244B2409244024941016FF05FCE89478D
:10CC9000A302F700185323AAE194DDB79547B240E9
:10CCA0002244924402493E8541018280011126CAF4
:10CCB0009387C12F06CE22CC4AC84EC652C456C254
:10CCC00003C7570089476310F70AD1CD9307F6FFD2
:10CCD000C207C1831307F00E6367F708938A419573
:10CCE00083A70A006391A7083309F600636FF9066A
:10CCF0009384C12FD8480545636127033774030027
:10CD00003E94B2892E8AB28609452E86A285975016
:10CD1000FF1FE780401C19C91945F2406244D24404
:10CD20004249B249224A924A05618280CE865286A1
:10CD3000A2850D459750FF1FE780E01971FD23A0E4
:10CD40002A019317490181C7DC48E39827FD624413
:10CD500023A02403F240D2444249B249224A924AD3
:10CD600005616FF0DFC015454DBF05457DB7938761
:10CD7000C12F83C6570009476391E602D44B03A72E
:10CD80004195639CE6000D47A382E70023A8019428
:10CD90007D5723A6E1946FF09FBD15458280938750
:10CDA000C12F83C6570009476393E602D84B411150
:10CDB00006C698D323AAE194EFF07FBB09E5B24001
:10CDC00041016FF0DFFAB2401945410182801545FB
:10CDD0008280011106CE22CC26CA4AC84EC652C451
:10CDE0009387C12F03CA57000D476313EA0C83A62C
:10CDF0000195D84B938401951384C19463F0E608A0
:10CE0000158F130900046366E9001319070113590C
:10CE10000901377503004A869385413A3695EF300C
:10CE2000B0601C403786B8ED81469389413A1306BD
:10CE30000632139706014183636027031CC09C40A0
:10CE40003E9923A02401F24062445285D2444249D3
:10CE5000B249224A056182803387D900034707001F
:10CE6000B98F214793D51700858B91C3B2877D1762
:10CE70001377F70FAD8F7DF7850665BF1840944F88
:10CE80001347F7FF630AD700A38207002383070035
:10CE9000214AEFF0DFAD45BF1147A382E7006244AE
:10CEA000F240D2444249B249224A05616FF03FAC98
:10CEB000154A51BF9387C12F83C657001147639707
:10CEC000E6001547A382E7006FF07FAA1545828030
:10CED0009387C12F83C657001547638CE600A38252
:10CEE00007002383070023AE070023A007026FF08B
:10CEF0001FA81545828082809387819703D70700FA
:10CF00006318A7002391B7002392C7002393D7008B
:10CF100082808347150003470500A2075D8F834782
:10CF2000250003453500C207D98F62055D8D8280DB
:10CF30008280397106DE22DC4AD84ED652D426DAF7
:10CF4000EF706F952A8AEF30E25B9379F50F0A85CF
:10CF5000EF30504F99450A85EF80BF90D9472A8915
:10CF6000594463E4370113F4F90F37070603938735
:10CF7000013F1307271098C3797709072392E70029
:10CF800022867D57D28528002383E700EF30E245D3
:10CF9000C5479384013F63E737091C10A297130725
:10CFA000D0022384E7FE130714001C109356C90017
:10CFB0001377F70F3E97C206B71703009387C7A9E9
:10CFC000C182BE9683C6060010102304D7FE130745
:10CFD000240014101377F70F369793568900BD8AF3
:10CFE000BE9683C606002304D7FE9306340093F64C
:10CFF000F60FB296135649003D8A3E960346060048
:10D000001379F900CA971307440083C707002384E4
:10D01000C6FE1377F70F1410150436971374F40F28
:10D020002304F7FE37290020554681451305892A38
:10D03000EF602FAFD5491305892A1376F40F63F3F8
:10D04000890055462C00EF30423A93071400A38321
:10D05000F4002286A5472C00138594002384F40055
:10D06000EF30A23813059400F2506254D254425962
:10D07000B259225A1375F50F21618280411122C4E1
:10D0800026C21314450006C68564014563669400F4
:10D09000EFF01FAA058C2295B24022449244410130
:10D0A0008280011185471306F10085451305503034
:10D0B00006CEA307F100EFA0213FF2400561828078
:10D0C000411122C406C61384C18003450400416790
:10D0D00093878197791798C323A207008945EF406A
:10D0E000A076034504009145EF4000760345040017
:10D0F00093050002EF4040750345040093050008C6
:10D10000EF4080741385C150EF80FF91EF801FD3F3
:10D110001385C165EFF02FE913845197834704000D
:10D1200089C7EFF0FFDA230004002244B240410136
:10D130006FF03FF73D898D476306F50A914763021B
:10D14000F50289476310F50C03C725009947631B57
:10D15000F70A03D7450083D781976315F70A6FF065
:10D160003FF603C725009547631EF708938781970D
:10D1700083D607004167791703D5A5006384E600CD
:10D180006FA0215E03D7E500411106C622C423919A
:10D19000E70003D705011384C1802392E70003D77A
:10D1A00025012390A700034504002393E7001306FD
:10D1B00000645D4789452397E180EF406047034560
:10D1C0000400096613060690A145EF40604603453A
:10D1D00004002244B2400566130606C89145410189
:10D1E0006F40004583C7250011476394E7006FF047
:10D1F0005FEB1947E38FE7F415476395E70083C7B3
:10D200001500F5F78280797137E5000022D4130507
:10D21000859706D626D24AD04ECE1384C180EF40E1
:10D2200090062300A4001385C150EF80CFFFEF804C
:10D230005FB61385C165EFF00FD7EFF09FCFAA84DB
:10D2400099472315F10013860181B1478D451305D8
:10D250007030C2042316F100C180A3040100EFA0C6
:10D26000A1241386013FA68513056030EFA0C123DA
:10D270001306A100894513051031EFA0E1227000CB
:10D28000894513052031EFA021220549130691009D
:10D29000854513055030A3042101EFA0E120371587
:10D2A000030026869385013F1305C5A8EF10B052F1
:10D2B000930500050D45EF60E05993050005114504
:10D2C000EF60405985457945EF60C0587000914541
:10D2D00013057040A3032101A304210102C6230406
:10D2E000010023050100EF80917C13067100854544
:10D2F00013050040EF80B17B3000854513051040D9
:10D30000EF80F17A1306A100854513052040EF80D8
:10D31000117A13069100854513055040EF8031794D
:10D320007D55EF90200E7D55EFB06054EF20207DAD
:10D330007D55EF2010187D55EF20605D37260020C9
:10D340001306862AD5450145EF80707A4167938799
:10D350008197791798C323A2070013858180EF2056
:10D36000101C372500201305856DEF20405C1385C8
:10D370008195EF70314C034504008545EF40001462
:10D38000B250225492540259F249456182804111AF
:10D3900006C6EFF01FBA931505011386013FC18140
:10D3A00013056030EFA04110B2403726002013066D
:10D3B000862AD545014541016F80707303C5C18040
:10D3C0001306003C930500046F40802603D7E180DC
:10D3D0007917635EE604011122CC1384819726CA73
:10D3E000AA84035504004AC801472E898146ED45A9
:10D3F00006CE2315C100EF90A0382AC61DC10356E2
:10D40000A100CA859730FF1FE780E03B0355040069
:10D410003000A685EF20D01709C5ED452800EF9014
:10D42000E04DF2406244D2444249056182808280EC
:10D4300083D7E180697123248112232021132326BD
:10D44000111223229112232E3111232C4111232A50
:10D4500051112328611123267111232481112322C4
:10D4600091112320A11121472A893D44637EF700B1
:10D47000E1173E84C207C1831307600F6374F7008E
:10D480001304600F42044180B3048900FD14B3D437
:10D4900084029147814913FBF40F63FB27019387B3
:10D4A000014183C9470083C73700A209B3E9F900E6
:10D4B00093DB8900014D814A228C93F4F40F938C05
:10D4C000014113F7FA0F636C67038320C112032431
:10D4D000811283244112032901128329C111032AD5
:10D4E0008111832A4111032B0111832BC110032CBD
:10D4F0008110832C4110032D011055618280628AB6
:10D50000637389004A8A420A93371700850A135ABF
:10D510000A019E0793060004638354018146D58F58
:10D520005286B385AC01130591002302F100A302DA
:10D53000E10023036101A30331012304710197304A
:10D54000FF1FE780402813065A00420641824C0024
:10D550000145EFF0BFE763F79A0019459730FF1FC9
:10D56000E780E023229D33098940420D4209135D83
:10D570000D0113590901B1B7797122D426D206D60B
:10D580004AD04ECEAE84328419C98547630DF50664
:10D59000B250225492540259F24945618280914717
:10D5A00063FEC7048387050063C5070083C7C150B6
:10D5B000B1C77C001307B00F938601412286A68570
:10D5C0001385C1502316010023170100EF808FC679
:10D5D0008D47E30FF5FA1DE18355C1001307E10004
:10D5E0009306B00F1386014113850141EF90BFB040
:10D5F00011E50355E100EFF0BFE359BF1385C150BA
:10D60000EF806FC271B7EF803F8659D19307F4FF67
:10D61000C207C18313077007E36CF7F637150300E1
:10D62000A6852286130505ABEF10F01AA285268584
:10D63000EFB04FF7B1BF2E86AA8501456F200030AD
:10D6400001112306A1008945680006CEA30601004A
:10D65000EFF07FFEF240056182801305E00F6FF06E
:10D660003FFE5D71A2C486C6A6C2CAC04EDE2E842D
:10D6700032C2EF806FFF19C911C812461307600F3D
:10D680009307F6FF93F7F70F6375F700EFF0FFFCD2
:10D6900045A283470400130710086399E7049947DC
:10D6A000E316F6FE834724009384C1969CC003458D
:10D6B000340022055D8D88C0EFF05F9C0346540066
:10D6C0008347440088C022065D8E23A4C19623A010
:10D6D000A19623A20196238A019683C75197639F3F
:10D6E00007101385C165EFF00F8CE9A813F7D70F6A
:10D6F000930600086312D7040D47E379C7F8034780
:10D70000140011071377F70FE312E6F81387D70712
:10D710001377F70F854663E4E600E319D6F693C75F
:10D7200007081547E364F7F6371703008A0713075E
:10D7300047A7BA979C43828713075008E398E7FCF2
:10D74000B947E315F6F403471400B147E310F7F4C3
:10D7500013052400EFF0EFFBAA8413056400EFF03B
:10D760004FFB2AC21305A400EFF0AFFA92452A86B8
:10D770002685EFF04FC739E505471385C165A38AB4
:10D78000E196EFF04F82014581A083471400938416
:10D7900001979CC0834724001389C1962320F90078
:10D7A0000345340022055D8D2320A900EFF01F8D75
:10D7B00003D60400AA852320A9001385C165EFF0D4
:10D7C0000F8611E51305F00FEFF09FE795A0832575
:10D7D000090083D604001306440009459740FF1F43
:10D7E000E780606F83D504001374F50F13361400BF
:10D7F0001385C165EFF04F862285F9B732C62AC47A
:10D80000EFF00FB32AC2EFF0AFB2A2451247324693
:10D81000B7670300AA9785661385C165EFE07FF9B6
:10D8200093050002E30F05EA03C5C180EF301049FC
:10D83000B640264496440649F25961618280834786
:10D840001400938401979CC0834724001389C196D8
:10D850002320F9000345340022055D8D2320A90013
:10D86000EFF0DF8103D60400AA852320A9001385E9
:10D87000C165EFF08F8039D59440832509001306E8
:10D8800044000D459740FF1FE780E06483D5040006
:10D890001374F50F133614001385C165EFF08F81F3
:10D8A000238A819691BF1384C1651385C165EFF00A
:10D8B0000F83E30905F00044EFF08FA7AA84EFF08F
:10D8C000CFA68347550103474501A2075D8F8347D4
:10D8D000650103457501C207D98F62055D8D2695E7
:10D8E000E312A4EEEFF0AFCBE31E05EC93050008C6
:10D8F00025BF02CE8947230EF10093070036231F70
:10D90000F100E17702D002D2938707310544231159
:10D91000F10202D402D6A3028102EFF00FA18347E5
:10D92000C5002303F102EFF04FA00347D500834762
:10D93000C50022075D8F8347E500C2075D8F8347DF
:10D94000F500E207D98FA183A303F102EFF0EF9D69
:10D950008347E5002304F102EFF02F9D8347F50094
:10D96000D1456808A304F10223058102EFF0BFCC82
:10D97000C1B501456F30405101119397050122CC8B
:10D9800006CE26CA4AC84EC6C1872E8463D3070472
:10D9900003C5C180EF30F0001DC1034705009307A8
:10D9A000000B631CF700034745009307F00763165D
:10D9B000F700035785002397E180EF306077A1647B
:10D9C000A18CF240624426854249D244B2490561A5
:10D9D000828093F7150091CF03C5C18037260020C0
:10D9E0001306C6299385413EEF901102934414001B
:10D9F000C9BF93F7250095CB03C5C180130600640A
:10DA00008945EF30F042B72500201387C52C8347A6
:10DA1000070015469385C52C850709452300F700A7
:10DA200093442400EFF09F9A69BF93F7850099CF44
:10DA300083C7C18003D581971307803E8146314655
:10DA40009945EF90C17593448400A5BF93F70501F4
:10DA500081CF03D581970147894609468145EF90DB
:10DA6000915293440401B1BF93F7450085C303D598
:10DA7000819793444400EF90914E03C5C1800566A1
:10DA8000130606C89145EF30B03A25BF93F705025B
:10DA9000BDC7138941968327090083A50196B20764
:10DAA00085660146BE9505459740FF1FE780A04269
:10DAB0009379F50F93440402638B09001385C165C4
:10DAC0008145EFE01FD44E85EFF09FB7DDBD832782
:10DAD000090003A7819685072320F90063E9E70081
:10DAE0001385C1658545EFE0DFD10145F1BF03C571
:10DAF000C1800D4693050002EF309033D9B593F7FE
:10DB00000508B1C7EFF0EFAC8D47631CF500054683
:10DB10009305000803C5C180EF3090319344040899
:10DB20004DB59384519709EDEFF0CFB811E92380FB
:10DB30000400EFF0FFB01306000A93050004D9BFFC
:10DB40001305F00F23800400EFF09FAFC1BF93F7E0
:10DB500005048144E38707E6EFF0BFE19344040442
:10DB60009730FF1FE780E0AFA9BD411137260020A5
:10DB700006C61307062C834707001306062C954597
:10DB8000850701452300F700EF20401AB2401545F4
:10DB90004101828041111305800406C622C426C2B9
:10DBA000371400404AC09720FF1FE7806074834409
:10DBB0004404EF00F0402A89372509001305057C4D
:10DBC000EF30003D3727004083472700616513058C
:10DBD000150493E717002301F7004167B7E700E05A
:10DBE00023A0E7108327C40C8D459D88C98F232669
:10DBF000F40CEF302012EFA0BFD2EF505FA3EF5034
:10DC0000BFB4CA852685EF007036EF00703B23A0B5
:10DC1000A19837440020EF905137EFF0CFDE130486
:10DC20008454EF906FE3EFE09FDFEFF04FF6EF509B
:10DC3000FFC2EFA06FBD8355C4B02685EF90DFC053
:10DC4000EF70DFC1058919C9EF705FC1098919E556
:10DC50008347C4B093F7F7FD2306F4B0EF007029B3
:10DC60009720FF1FE780805B05C9411126C213067C
:10DC70004004AE84814522C406C62A84EF506FEA70
:10DC80002147A68763739700A147A300F404B2401D
:10DC900022449244410182808280FD570DC185C19A
:10DCA00003470504814711056394E700FD5701A868
:10DCB0002105835685FF6396B600E207E1873E851E
:10DCC0008280850793F7F70FC5B719E17D558280EC
:10DCD00001114AC806CE22CC26CA4EC652C456C22C
:10DCE0002E89B5CD834A15042A84638A0A063A8AA6
:10DCF000B684B289EFF07FFA635E05000345040441
:10DD0000637955079307150062052300F4046185C4
:10DD100063410506931735003E948547231224017D
:10DD200004C023033401A303F4001DA803A80600C4
:10DD300083C576003388044199C1637A0A0163443C
:10DD40000500637607011395870161854287850782
:10DD500093F7F70FA106E31BF6FCE35D05FA7D558B
:10DD6000F2406244D2444249B249224A924A056191
:10DD7000828003460404A286814701477D55E1BFA6
:10DD8000AA8715C103470504014563FFE5008E0519
:10DD9000AE9703C7770011C798430545198E63F501
:10DDA000C600A38307000145828083A541817D567B
:10DDB00083A7019893864181638AC50063E8B70011
:10DDC0005567130707182E9763E9E702556713078E
:10DDD000071833F6E7027D55918F3746002013066A
:10DDE00086546399A500832506AE63E5F5003E974A
:10DDF00063E4E500231506AE9CC28280011122CCAB
:10DE00009307E1002A8478009306A100300093056F
:10DE10006100480006CEEF00101E11ED9307407E12
:10DE20002312F10085472313F1002314F100231579
:10DE30000100231601008355610089468357A10024
:10DE40000357C1000356410063E5B6007D16420644
:10DE50004182B7160300938686ADAE9603558100C6
:10DE600083C6F6FFAA96B29613552600AA96130506
:10DE700000193355A602AA96130540063356A6028A
:10DE80000145918E1D46B3F6C60203461400B356F3
:10DE9000D640858A9DCA0356640011C6FD153356C7
:10DEA000B640058A1DC21306C003B387C702C16509
:10DEB000FD1503562400BA9703574400C207C183D7
:10DEC0006319B700918F13B51700F24062440561E2
:10DED00082806DDB6378E6000145E3E8C7FE33B579
:10DEE000E700E5B763F4C700B3B6E7003685F1BFD6
:10DEF000011122CC373400201307845456C28567A1
:10DF0000834A8500BA9752C403AAC7AE4EC693C9C6
:10DF1000FAFF26CA4AC8B744002006CE13F91900F2
:10DF20001304845493848454630E49035C489DCB4A
:10DF300003A701988346A5001D8F8347B500A2075C
:10DF4000D58F9306C003B387D702637DF700814462
:10DF5000F240624426854249D244B249224A924A5A
:10DF6000056182801C50B1CB0547E392E7FE8347F1
:10DF70008402E37EF9FC93071010B307F902A2971D
:10DF800083C79702E9D74A85EFA0FFBF69D193F90C
:10DF9000190023A634AF9377FA0F93FA1A00638D12
:10DFA000370583D744AE41677D176385E700850752
:10DFB0002392F4AE639F0A0281A08329850093F91E
:10DFC000190013850908EFA05F9D51D193C719006F
:10DFD00023A6F4AE1377FA0F6380E70283D744AE2B
:10DFE00041677D176385E70085072392F4AE63855B
:10DFF000090083A701981CC88544E30B49F583A752
:10E000000198130520035CC8EF90CF9991B75D711B
:10E01000A6C2B734002013878454856752DC86C6B5
:10E02000A2C4CAC04EDE56DA5AD85ED662D466D2D0
:10E030006AD06ECEBA9783C747B0374A0020938420
:10E040008454858B130A8A54B9E7856A371C030008
:10E05000C16C2689814B138D4AA3130CCCAB938DD5
:10E06000DAA3138B6AA3F51C13843B0A93174400AD
:10E07000A69703C7470093761700CDC2DC439946A5
:10E08000B309A90185839D079D8B63E9F6088A077B
:10E09000E2979C438287EF702FBA09C598448D4759
:10E0A00063E5E700EFC0AFF04DD1B640264496449B
:10E0B0000649F259625AD25A425BB25B225C925CC8
:10E0C000025DF24D616182801204C52D26946304C5
:10E0D000051A4E85EFF09FD2630F05188347440061
:10E0E000C18B8DEF4E85EFF0BFE00DC93DAAEF501B
:10E0F0008FF80DC593174400A69703C747008316F2
:10E100000AAF418B15C3B3076901330759018397E0
:10E110000700031787A3998F63DBD706850BA947F1
:10E120004109E393FBF451B7330769010317070073
:10E13000E356D7FE4E8536C43EC6EFF07FDBA246DF
:10E1400001C9B24703C74700136707012382E700ED
:10E1500093174400A69783C74700C18BE1D365B7E7
:10E16000EF506FF145DD93174400A69703C74700B2
:10E1700083160AAF418B19CFB307690133075901E1
:10E1800083970700031787A3BA97E3C9F6F8120429
:10E1900026943DA23307690103170700E3D0E6F890
:10E1A0004E8536C43EC6EFF0BFD4A24601C9B24781
:10E1B00003C74700136707012382E7009317440052
:10E1C000A69783C74700C18BB1DB7DB7EFA0EF9265
:10E1D0008347C500A1D7B307690103D60700B3077A
:10E1E000590103572AB083D6A7A3B337E60081CAE3
:10E1F00081476366C700B3B7E60093C7170099DF8E
:10E2000012042694E1BDB307690183D60700832772
:10E21000CAADE3F5F6F0418BE31207F04E85EFF05F
:10E220003FCDE30D05EE120426948347440093E7A7
:10E23000070151A8B307690183D7070083264AADB8
:10E24000E3FED7ECC9BFEF500FE3E30905ECB523BC
:10E25000E30605EC4E85EFF07FBAE30105ECB3076A
:10E26000B90183C70700A94603170AAFB387D702CE
:10E27000E3C8E7F865B583474400C18BE38007EA4C
:10E28000B307590183D787A3FD17C207C183E3E70B
:10E29000FCE88347C4004E8513C7F7FF058BF99B45
:10E2A000D98F2306F400EFF0BFC48347C40013C71F
:10E2B000F7FF058BF99BD98F2306F400E30005E6F1
:10E2C00083474400BD9B2302F40089BD37360020FC
:10E2D000014713068654A9459307370A9207B29758
:10E2E00083C647000507BD9A2382D700E316B7FE11
:10E2F000828001114EC606CE22CC26CA4AC8AA89FF
:10E300006D2919C1EFF07FAAB74700209387875482
:10E3100003D7A7AE374400209307005A1304845450
:10E3200063F4E7002315F4AE8327C4AEA9EB0357CB
:10E3300084AE9306C0038327C4AD4E97B356D7026D
:10E340000356A4AE9305005A1305005A918DB69753
:10E35000232EF4AC63F6B600B29613950601418104
:10E360009306C0033377D7022315A4AE2314E4AE7B
:10E37000416763E4E7009307F7FF2310F4B0EF90E1
:10E38000DFF78347C500A1CF835424B0A9C83389E0
:10E390003403832784AD37F63600130606E881463A
:10E3A000B3B434033E99B337F9004A85BE94A685C9
:10E3B000EF10F20E37F63600AA89130606E88146FA
:10E3C0004A85A685EF103247232CA4AC032544AD23
:10E3D0009347F5FF63F73703FD57232AF4ACF12E7B
:10E3E00011C9832704AE03A7019899C3637FF7007F
:10E3F0002320E4AEF2406244D2444249B24905616E
:10E4000082804E95232AA4ACD9BF8566B307F74016
:10E410009386F6E0E3F0F6FE2320E4AE6244F24099
:10E42000D2444249B249014505616F80BFD7937715
:10E43000350099EF130740063377E502854719E762
:10E44000930700193375F502933715003E858280D6
:10E450008147EDBF41119387F5FF22C406C693F7AC
:10E46000F70F2D4701446362F702B7170300938744
:10E4700047AEAE9703C4F7FF89476398F500EFF006
:10E480001FFB01C505041374F40F2285B24022441A
:10E4900041018280F9C937070080134787D7814738
:10E4A0006366A70C011122CC5564130404184AC8F2
:10E4B0003359850226CA4EC606CEAE849309207B08
:10E4C000337485024E85EFF09FF6B337A000938733
:10E4D000D7166369F9008509C2093309F94093D950
:10E4E0000901CDB7B716030085472D46938646AE82
:10E4F00089451387F7FF1377F70F6361E6063387C4
:10E50000F6000347F7FF6396B70001C505071377C9
:10E51000F70F6376E9040565130505E12381F4002F
:10E52000B357A4020509A381240123903401337455
:10E53000A4021305C0032382F400B357A40233746A
:10E54000A402A382F40085473E8523838400F24021
:10E550006244D2444249B24905618280014785073D
:10E560003309E94093F7F70F69B781473E85828009
:10E570008147630F0510638D051079715EC6835B5B
:10E58000050006D622D41387EB84420726D24AD050
:10E590004ECE52CC56CA5AC862C441839306400438
:10E5A00063E2E60C034C2500AD461307FCFF13772E
:10E5B000F70F63E9E60A834445005D476364970A01
:10E5C000034A55001307B003636E4709834965008A
:10E5D000636A3709834A350063860A082E895E8597
:10E5E000E285EFF03FE78147636E55071304D016CD
:10E5F00033848B023707F5FF9387FBFF130797558B
:10E60000054B3A9413D727003A941307001933D7D0
:10E61000E7023A9413074006B3D7E7021D8C631054
:10E620006C07FD1A19675694130777118147636BBE
:10E6300087028567938707E1B387F4029304C003D9
:10E64000D56A938A0A18330A9A0233045403D2977C
:10E65000CE973E94B707008093C797D723208900B1
:10E66000B337F400B250225492540259F249624A2C
:10E67000D24A424BB24B224C3E8545618280DA85BC
:10E680005E85EFF03FDD050B2A94137BFB0F41BF46
:10E690003E858280797122D4930761012A845808CB
:10E6A0009306210110089305E100680006D6EF10DB
:10E6B000102C8357C100A2852808231CF100835722
:10E6C000E100230DF10083570101A30DF1008357F1
:10E6D0002101230EF10083574101A30EF10083575E
:10E6E0006101230FF100EFF0BFE8B2502254456101
:10E6F0008280411106C6B7170040A3810704EF20AE
:10E700005003B240054541016F20E07BB7374F9C75
:10E710009387073037374F1CAA971307870763661D
:10E72000F70401112C0022CC06CE2A84EFF09FD6EC
:10E730001DC14800EFF01FF619CD92476361F40246
:10E74000B307F44063C9070023A8F19823A0819878
:10E7500005472386E198F240624405618280818FFB
:10E76000E3CB07FEB307F040C5B78280411122C456
:10E7700026C206C685441384C19863079502B7373D
:10E780004F9C9387073037374F1CAE971307870787
:10E79000636CF7002E85EFF07FF723009400B24002
:10E7A000224492444101828037C555691305059082
:10E7B000EFF0DFF523000400DDB703C5C1988280C8
:10E7C0000111680006CEEFF0FFEC11E503A50198FA
:10E7D000F2400561828003A50199B24763480500B4
:10E7E0001347F5FFE364F7FE3E95DDB73307A0401E
:10E7F000E3FCE7FEE1BF797122D426D206D62E844F
:10E80000AA8432C636C43AC23EC0EFF07FFB2C0861
:10E81000EFF05FC821C582471247A246324689C43D
:10E82000835581012390B40009C48345A1012310BD
:10E83000B40009C68345B1012310B60089C603465A
:10E84000C1012390C60009C78346D1012310D70018
:10E85000054589C70347E1012390E700B2502254E0
:10E860009254456182809387A19803C7070013776C
:10E87000F70F1DCF411106C623800700EF60DFBBF5
:10E8800011C9EF00407FEF90EFFEB2400545410116
:10E890006F90EF89B73700209387875405673E97BD
:10E8A0008346C7B0F99A2306D7B0054798C7E1BF9A
:10E8B00082809387819803C707001377F70F4DCBAA
:10E8C000411106C622C423800700EF90BFE8EF90F5
:10E8D0005FDD0945EF90AF8537340020130784547E
:10E8E0008567BA9703D5C7B013048454EF904F8857
:10E8F00009C5B7170040A3810704EFA04FE2EF70EE
:10E90000CFD431C981450145EFA0CFE08145014514
:10E91000EFA00FDF930540060545EFA00FDF184479
:10E920008D4763F1E70203A781998347E4019306CA
:10E93000803E9305C012B387D702D146B3D7D70222
:10E940006365F7008565938585BB2244B240054524
:10E9500041016FA02FDA9305803E0545EFA08FDBC4
:10E960009305401F0545EFA0AFD99305800C6DB707
:10E9700082809387919803C707001377F70F25CFFD
:10E98000011106CE22CC23800700EFF07FE323A005
:10E99000A198EF807F833145EF807FF9EF401FEE34
:10E9A000EFF0EFE60545EFF0DF9483C7C1981384DD
:10E9B000B19899E723000400F24062440561828027
:10E9C0009307E10078009306A100300093056100F1
:10E9D0004800EFF05FE279DD0347040083578100D0
:10E9E00001E72300F400C9BFE308F7FCEFF01F8E36
:10E9F00083578100FDB782808347150003470500D8
:10EA0000A2075D8F8347250003453500C207D98FD4
:10EA100062055D8D828023AA019A239C019A239628
:10EA2000019AA387019A2387019A828003C7019BD9
:10EA30009387019B05071377F70F11C72380E70022
:10EA400003C5070082800547D5BF411106C6EFA068
:10EA50003FC693771520054599E703D5819B13356C
:10EA6000250313451500B240410182802E8621C145
:10EA7000B73700209387875403D727006309A7027D
:10EA800083A6419803C7E7018567938787BB330750
:10EA9000F702B7C70200938707F26373F7003E8758
:10EAA000AA85376500201305858D6FF00FA27D556F
:10EAB0008280411122C4373400209307845403C557
:10EAC000470026C206C6EF807F9203C7E1999307ED
:10EAD00084548546374400209384E1991304845478
:10EAE0006315D7028346C4B0858A85E2944F639E3E
:10EAF000A60003C6F199834684B06318D60003C606
:10EB0000D199834694B0630ED600834694B00346F1
:10EB100084B0D94588CFEFA0BFDC11C923800400A1
:10EB20000147B240224492443A8541018280034722
:10EB300084B085472380F400A38FE198034794B005
:10EB4000A38EE19883A541981385019AEFB04F8970
:10EB50000547C1BF411122C4373400204AC0130900
:10EB600084540345490026C206C6EF805F8A83C6E7
:10EB7000E199930784540947374400209384E1992D
:10EB8000130484546397E6020347C4B0058B15E36E
:10EB900003278901631FA70083C6F1990347A4B027
:10EBA0006399E60003C6D1998346B4B00547630E66
:10EBB000D6008346B4B00346A4B0D94588CFEFA0B1
:10EBC0003FD219C9238004000147B2402244924435
:10EBD00002493A85410182800347A4B089472380D6
:10EBE000F400A38FE1980347B4B0A38EE19883A506
:10EBF00041981385019AEFA0BFFE0547F9B7B737D3
:10EC0000002003D6A754357106CF32C42AC6EFF0D0
:10EC1000FFE132482246B7670020C1662A87938702
:10EC20008785FD1685450808EF80BF9B01E9EFA0A9
:10EC30003FE4EFF05FDEFA400D6182801D47AA8558
:10EC400023AAE19A0808239C019AEFA0FFDCE5B70C
:10EC5000C94763EAA700014582800145B2402244CA
:10EC6000924441018280411122C42E84AA853765D5
:10EC7000002026C2930485851305858506C6EF808E
:10EC80000FF361DD03C704009D47E318F7FC03C5DC
:10EC9000940083C78400420422055D8D42054185AE
:10ECA0004184018D1335150055BF411126C2B7644B
:10ECB000002022C4138484858947A300A400231163
:10ECC000B40013858485914506C62300F400EF80C7
:10ECD0000FEB2302A4002244194723AAE19AB24071
:10ECE000138584859244239C019A954541016FA028
:10ECF000BFD27971B737002022D41384875426D22B
:10ED00004AD04ECE52CC56CA5AC8835A240006D690
:10ED10002A89AE89328AEF904FDE8567A297AA844E
:10ED200003D587AF039B07AF37440020930705FF48
:10ED3000C207C1834147130484546377F706231243
:10ED400001002C005A85EF808FF019E12314010097
:10ED50008327C4AE03C7C40093B717002303F10091
:10ED6000834744AFA2072315F1008347C4AFA2072E
:10ED70002316F100814719C383D724002317F1001C
:10ED8000EFA0BFCE5C005287AA865686CE854A8504
:10ED9000EF804FF3B250225492540259F249624A22
:10EDA000D24A424B45618280A9473305F5024C00A7
:10EDB00042054185EF80AFE959D161B709ED1305EF
:10EDC000F00F82801305F00FF2406244D2444249B2
:10EDD000B249056182809547E3F3B7FE011122CC69
:10EDE00026CA4EC606CE4AC8AA84B2892E84EF80AF
:10EDF0000FDC69D903C70400B547E315F7FC3739C1
:10EE0000002083C634001306895483C724000356A8
:10EE1000C601139786005D8F130989546306E600C7
:10EE2000E38209FAD58FD9FF83C7540083C6440013
:10EE300003572900A207D58FE316F7F883C71400FC
:10EE400005476390E704C947E31EF4F603C4840052
:10EE500083C7740083C9640022045D8C1385940009
:10EE6000EFF09FB9AD1993F7F90F1547AA84636EB8
:10EE7000F702371703008A07130707AFBA979C43B7
:10EE800082870D47E390E7F4D947E31DF4F203C40A
:10EE9000C40083C7B40083C9A40022045D8C138519
:10EEA000D4007DBF9304100811C4094531BF9304F9
:10EEB000000865FC2685EF90BFB465D92685EF90E4
:10EEC0001FD42DCD93F7F90F1147E360F7FE3717E5
:10EED0000300130787B08A07BA979843B747002003
:10EEE00093878754028771F0930705FF3D47E36ED0
:10EEF000F7FA1314050141809304050365BF914798
:10EF00009304140AE3F887FA4DB78D479304140568
:10EF1000E3F287FA59BF51F8C1671307F5FFF517F8
:10EF2000E3E5E7F883270902C9F30347490293079A
:10EF30001005E3ECE7F6EF907FE519E1054569B5CB
:10EF40008567231399023E998347C9B013052003AF
:10EF5000ED9B2306F9B0EF80EFA40145B5B503A7FB
:10EF6000C7AE11CF03D747AEC166FD166305D70004
:10EF700005072392E7AE03A70198232AE90023A6F9
:10EF800007AE83A701982328F90013052003EF801B
:10EF90006FA1EFB05F81D1B783A6C7AE0547638F7E
:10EFA000E60003D747AEC166FD166305D700050727
:10EFB0002392E7AE03A70198232AE900054723A679
:10EFC000E7AEE1B7239C87AEC9B723AA87AE75BF6A
:10EFD00023AE87AE5DBF828011CD411122C406C62B
:10EFE0003304B500EF80AFB92300A400B24022443F
:10EFF0004101828082802DCD411106C68548AA87B5
:10F000002E873288639D150309E6B24041016FF0F7
:10F010005FCEB736002083D6A65409462300C5002C
:10F02000A380B7002301D500A182A381D700914519
:10F03000EFF09FFA9546B2403685410182800D4639
:10F040008146E39AC5FEB736002083D6A65413F650
:10F05000F60FA182630A080089452300B500A3804A
:10F06000E7002381C700D1B7230015012147C5BFA1
:10F070008146368582805571CAC1138781991C43A8
:10F08000A2C5A6C34EDF52DD56DB8507373400200C
:10F0900086C75AD95ED762D566D31CC3130784547A
:10F0A0008356270003D7A19AB7440020A30F01007D
:10F0B0001389819913048454938AA19A138A8181B4
:10F0C000938484549389A181639EE600035744008E
:10F0D00083570A006318F70003C754B083C70900B9
:10F0E0006300F706EFF03F93376500209145130565
:10F0F000858DEFE07FB7238E019883572400138519
:10F10000019A2390FA00835744002310FA0083C722
:10F1100054B02380F900238F019883A54198EFA074
:10F120001FA385471CC483C6819A1307A028938711
:10F13000819A91E201472320E90005472380E700F7
:10F1400083C7C4B0858BADC3EFF0FF8C238F0198CC
:10F1500083A5419885471CC41385019AEFA0DF9FC2
:10F1600005C503C754B08947631DF702EFF09F9EA2
:10F17000133515009307A028630C053683A5419825
:10F180001385019AEFA09FA2BE402E449E440E49D3
:10F19000FA596A5ADA5A4A5BBA5B2A5C9A5C696124
:10F1A0008280EFF01F91E9B703C754B08547138AF7
:10F1B000419B6307F70083270A0099C3EFF0BF85DF
:10F1C00083270A00A5E31C440547639EE722835575
:10F1D0002400C54793066009B387F5020327090099
:10F1E000B3F7D7029387471FE360F7FA03C754B01A
:10F1F0008947B7690020631FF71E03D664B01385E3
:10F200008985EF802FB9A30FA100EFF0BF9483454C
:10F21000F10113858985EFA03F8089471CC4232015
:10F2200009009DB79386819B03D70600FD17938441
:10F23000819B05072390E60019476368F71A371783
:10F2400003008A071307C7B1BA979C438287EFF080
:10F25000CFFF1DD9EFA0DF8189472320FA0023903B
:10F2600004001DB7B7690020138589859305F10156
:10F27000EFA03F850345F1012DC51389C19A835540
:10F280000900EFF0FF9C31CD835A0900EFA0EFFD9C
:10F290009375F50F5685EFF06FFD035624008356E6
:10F2A000090032C636C4EFF06FF80348F101A246F8
:10F2B00032462A879387898585450810EF806FB28B
:10F2C00001E9EFF03F89EFA0AFFAEFF0CFF46DBDA9
:10F2D0002AC4EFF03F88A2450810EFA0EFF38D4756
:10F2E000ADBF03D704009307900FE3FFE7E8D1BF5A
:10F2F000EFF0AFF5E30A05E8F9B7EFF00FF5E30536
:10F3000005E8EFA0EFF6954789BF37690020930520
:10F31000F10113058985EFA0CFFA8347F101930925
:10F320008985D1CB03D7C19A835624001C10094686
:10F330009305F10113058985EF808FB3938AC19AF4
:10F340003DC90347010283C7E19A6316F706834567
:10F35000F10113058985EF808F8531CD0347F101D8
:10F360008D47014463F6E70203C70900B94763E923
:10F37000E700916793876702B3D7E700858B99E32E
:10F38000014439A003C4390083C7290022045D8CDD
:10F3900083D70A0063918702EFA02FED9375F50FD5
:10F3A0002285EFF0AFEC8345F10113058985EFA0CD
:10F3B000AFE699475DB503D7040093071003E3F563
:10F3C000E7DC03C7F19A83D7C19A89469145238028
:10F3D000D900A380E9002391F90013058985EF7016
:10F3E0001FFA2382A9009545C9B7EFF0CFE2EFA03D
:10F3F0002FE859BB13858985EF800F96A30FA100D5
:10F40000EFF02FEB29B5894A63965703EFA04FAA77
:10F410009377150089C7EFA0AFE58D4701B5137548
:10F42000052019E50327090093072003E3FEE7D42D
:10F430008547EDB30D476395E70EB7690020930547
:10F44000F10113858985EFA0CFE78347F1019DC3C3
:10F4500083C754B0639057030357240083D664B026
:10F460009387C19905469305F10113858985EF803E
:10F470002FA035DD0345F10151C583552400EFF080
:10F480002FFD49C19389898583C7F900376700201B
:10F490009306B0031307878563EFF6049307C00351
:10F4A00083C654B0230FF4008947639CF60083465B
:10F4B000E4019307900563E6D7009307A005230FA7
:10F4C000F4008347770003476700A207D98F231E04
:10F4D000F400EFF02FE8EFA0AFD991471CC48347A9
:10F4E000E4011307803EB387E7025147B3D7E70231
:10F4F0002320F90051B99306400BE3F3F6FA930782
:10F5000040FB79BF83C654B009479307A00F6384BB
:10F51000E6009307400603270900E367F7C609BF23
:10F520001147639AE72AB76900209305F101138513
:10F530008985EFA00FD98347F101638B072683C725
:10F5400054B0639157030357240083D664B0938764
:10F55000C19905469305F10113858985EF804F9187
:10F56000E30705E88345F10113858985376B0020A2
:10F57000EF70FFE3938A8985130B8B85E30905E61A
:10F5800083CC54B0854703CC0A0083CB1A00639226
:10F59000FC088345F101994763FDB7069547631A57
:10F5A000FC0613858985EF709FE025C583C71A0087
:10F5B0006391970783C75A0083C64A000357240004
:10F5C000A207D58FE395E7E203C43A0003C72A00F8
:10F5D0002204598CE30D04E0E30BF4E0EFA0EFC844
:10F5E0009375F50F2285EFF06FC8E34205E0A28521
:10F5F00008102396819AEF703FF6EFF08FCB954578
:10F600000810EFA06FC185472320FA00239C019AC0
:10F61000A5BE8345F1018D4763FCB70083473B00DE
:10F6200003472B00A207D98F0357C401E391E7DCFE
:10F63000AD476311FC04A14763F4B70213054B0007
:10F64000EFF08FBB03A701989306370063E6A6008F
:10F650009306350063F6E60023A0A198EFF00F8B28
:10F6600003C754B08547E314F7D80345F101EFF021
:10F670000FD919BEBD476319FC0003C754B08547B5
:10F68000E317F7D62E85E5B7B5476311FC1295470A
:10F6900063FEB710834A5B0083474B00A20AB3EABC
:10F6A000FA00835724006398570793F7DB0F054749
:10F6B00001466396E70413858985EFF02FF02A86CB
:10F6C000DE8513858985EFF01F9303C754B0894702
:10F6D000631DF70203C7C1998356240003D664B0A3
:10F6E0002A888945938789850810EF709FEFAA853E
:10F6F000081099ED83A701985CC4954705B6DE858F
:10F7000013858985EFF0EFDEC9B7AA851385898552
:10F71000EFA08FB0C5B703C754B08547E319F7CC46
:10F72000B7640020D6851385848DEFE00FD7E340C2
:10F7300005CC8346E40103A641988567938787BB80
:10F74000B386F602B7C70200938707F263F3F600A9
:10F75000BE869375F50F1385848DEFE06FE211E59A
:10F76000D6855E85EFF06FD405B40348F10123968A
:10F77000519B42C4A387719BEFF04FAB22480356C5
:10F7800024002387A19A2A87854593878985D68671
:10F790000810EF701FE5AA8561D591472320FA0074
:10F7A0000810239C019AEFA02FA7F9BAEFA04FAC45
:10F7B0008347E4010567130787BBB387E702514717
:10F7C00083260900B3D7E702E3E0F69C85471CC413
:10F7D0009307C05D31BB1547E398E79AEF905FED63
:10F7E000058919E50327090093072003E3FEE7983D
:10F7F00091471CC423200900DDBE411122C426C24A
:10F8000006C603C7050089471384C19B854463125C
:10F81000F704D841A9448347170003470700A2070C
:10F82000D98FC207C187130710EE6394E7029307CD
:10F83000700FB54463EFD700376700202300D40072
:10F8400081471307079393950701C18163E9D502A7
:10F8500081440346040011CE83A7019C99CBDC436D
:10F8600089CBB765002093850593014582972300D6
:10F870000400B24022442685924441018280B305AF
:10F88000F60003C50500B305F70085072380A50032
:10F890005DBF03C7050089476317F706D841834753
:10F8A000170003470700A207D98FC207C1871307B4
:10F8B00010EE6396E704411122C41384B19B328594
:10F8C0000346040006C62390060011E6B240224417
:10F8D000014541018280B76500202390C6009385D1
:10F8E000C5919710FF1FE78000EE83A7019C2300BE
:10F8F0000400E9DF9C43F9DB01458297C1BF2390F7
:10F9000006002945828023900600054582800589EE
:10F9100009CDB7260020372500209386463841467A
:10F920009145130545346F80D06C0145828009C52F
:10F9300023A0A19C01458280454582805147636296
:10F94000C7023765002041111305C59106C6A38D76
:10F95000C19A9710FF1FE78000E7B24001454101BF
:10F9600082801305E00F8280CC41411106C63285AA
:10F9700003C6150083C5050022064D8E42068D651F
:10F980004186138875A2630C060F6348C804138868
:10F9900045A26306060B634AC800938535A2630936
:10F9A000B60623900600294679A0138855A263085D
:10F9B000060B938565A2E316B6FEC1451D4663ECB2
:10F9C000E5064546198E63F3C7003E86B71503006A
:10F9D0002390C600938585B489A8138895A26300F7
:10F9E000060F634E060B1388A5A2630A060F9385C4
:10F9F00005A5E318B6FA99451D4663EEE502198E92
:10FA000063F3C7003E862390C6009385418231A8E8
:10FA10009D451D4663E1E5022146198E63F3C7004B
:10FA20003E862390C6009385419CBA959710FF1F90
:10FA3000E78060D90146B240328541018280AD4500
:10FA40001D46E3EAE5FE3146198E63F3C7003E86A4
:10FA5000B71503002390C600938545B8F9B7B145A3
:10FA60001D46E3EAE5FC3546198E63F3C7003E8682
:10FA7000B71503002390C600938545B97DB7C145EE
:10FA80001D46E3EAE5FA4546198E63F3C7003E8654
:10FA9000B71503002390C6009385C5B579B7C14556
:10FAA0001D46E3EAE5F84546198E63F3C7003E8636
:10FAB000B71503002390C600938545BABDB7C1456D
:10FAC0001D46E3EAE5F64546198E63F3C7003E8618
:10FAD000B71503002390C600938505B7B9B7B545A0
:10FAE0001D46E3EAE5F43946198E63F3C7003E8606
:10FAF000B71503002390C600938585B33DB7B7269D
:10FB00000020372500209386C64C4146CD4513057D
:10FB1000C5396F80104E83C7850093F70702E1E374
:10FB200003CE050009432E888547631B6E0A03A395
:10FB30004500411122C426C206C683471300034371
:10FB400003003284A207B3E767004163130E13FE7C
:10FB5000B6846381C7030913638A67040D681308B9
:10FB6000289063870707A947B240224492443E8504
:10FB700041018280AD476DFB13078007B547E36500
:10FB8000D7FE0325C80013068007A2859710FF1F24
:10FB9000E78060C3014503A7819D814771D7184362
:10FBA00061D72686A285029781477DBFAD474DFF6D
:10FBB00013078007B547E369D7FA0325C800130682
:10FBC0008007A2859710FF1FE780E0BF0545E1B7DA
:10FBD0002244B2409244854741016F704005A147DD
:10FBE0003E8582802D4525EF03C7050089476314B4
:10FBF000F706D8418347170003470700A207D98FAC
:10FC0000C207C18705576394E704411122C426C285
:10FC10004AC006C632893684AE84EFD01FF59307FA
:10FC200080072A8663F4A700130680072310C40008
:10FC3000CC4442064A8541829710FF1FE780A0B856
:10FC4000B2402244924402490145410182802390FE
:10FC50000600294582802390060005458280828027
:10FC6000C167F9176306F504411122C406C685472A
:10FC70002A846394F50222859385C19CEF805042CB
:10FC800022859385019DEF80B04122852244B240B8
:10FC90009385419D41016F80B04089476396F5008F
:10FCA0008545EFA0B07461D9B24022444101828001
:10FCB0008280411126C2C16422C49385C19C2A84DA
:10FCC0001385F4FF06C6EF80B03D9385019D138533
:10FCD000F4FFEF80F03C9385419D1385F4FFEF80A6
:10FCE000303C37050100130505C60588EFA05067B5
:10FCF0000DC02244B2409244B72600203725002090
:10FD00009386865A4146B5451305854D41016F805E
:10FD1000502EB2402244924401454101828009C5DF
:10FD200023ACA19C0145828045458280411106C6D5
:10FD30000547AE87B2856305E50201C90947630D32
:10FD4000E5020945B24041018280376500203E86C8
:10FD5000130585A29710FF1FE780E0A60145DDB7D8
:10FD6000130780076145E39FE7FC37650020130612
:10FD70008007130505AAF9BF130780076145E393C0
:10FD8000E7FC3765002013068007130585B1D9B756
:10FD9000411122C426C206C68547AA8432846387DD
:10FDA000F50491C989476389F504B240224492441D
:10FDB0004945410182809385C19CEF60106289476B
:10FDC000058965D513974700B72700209387874D8E
:10FDD000BA9783D7A700A285B2402310F40022442B
:10FDE00026859244014641016F70103C9385019D28
:10FDF000EF60B05E9947E9B79385419DEF60F05D94
:10FE0000A9477DBFB7170040854603C8870583C84B
:10FE10009705238CD70403C797051378F80F93F839
:10FE2000F80F13678700A38CE70403C797051377C0
:10FE3000B70FA38CE704238DD704371700408347FF
:10FE4000A7051306A705858BFDFB05654147B7157B
:10FE50000040054E1303F5FF2300C601834606004C
:10FE6000858AEDFE83D6C5057D17420793C6F6FF4A
:10FE7000B3F666004183B69765F3A1079183130536
:10FE800005801D8DA38C15054205238C0505418534
:10FE90008280B717004003C777051A0592054D8D7C
:10FEA0001377E70F13653500A38BE7041375F50F80
:10FEB000A38CA7048280B717004003C77705137788
:10FEC000E70FA38BE704130700F8A38DE7043D4772
:10FED000238CE70413075003A38CE70482800547B3
:10FEE000B7170040238DE704371700408347A70565
:10FEF000858BEDFF0355C705520551818280B717E9
:10FF0000004083C7E7020D8993F7C70FC98FF32617
:10FF10000080A18A91CAF326008023AED19C83A6DB
:10FF2000C19DDD9A739006800F100000B716004047
:10FF3000130670052380C604130680FA2380C604C6
:10FF40000F1000002387F60223800604F3260080AA
:10FF500083A7C19DA18BD58F7390078023AE019C91
:10FF60000F100000828041112A83014E930E407EC3
:10FF7000130F0019930F400663E76E1493080019DE
:10FF800013034006B3781503854E0D4FA14F33730D
:10FF900065020D891335150063E1BE161308F6FFDF
:10FFA000794672984208135808013307C70213D6DE
:10FFB0001700BE0732976146B3F6C602130680707B
:10FFC000B386C6023697A166F58F42075D8FB716D6
:10FFD000004083C7F60293F70708A307F100034622
:10FFE000F10083C7F60293F70708E394C7FE83473F
:10FFF000F100B716004093F7F70F638A0714F32652
:020000040001F9
:100000000080A18A639B06140F100000B716004001
:10001000130670052380C604130680FA2380C604E5
:100020000F10000023AA060303C616031366060872
:10003000A388C602238006047326008083A6C19D80
:10004000A18AD18E7390068023AE019C0F10000010
:100050001166B71500407D16D459C85DA98EF18E82
:10006000E5FEF3260080A18A91CAF326008023AE24
:10007000D19C83A6C19DDD9A739006800F1000006D
:10008000B7160040130670052380C604130680FAD5
:100090002380C6040F100000D8DA03C716031367C5
:1000A0000704A388E60223800604F326008003A742
:1000B000C19D218B558F7310078023AE019C0F10BB
:1000C0000000410182807D133368E3039308E0164A
:1000D000630E08003368F3039308D0166308080022
:1000E0009378330093B818009388D81633081E010C
:1000F000131E0801135E0E0141B56393E503054825
:10010000638608000148630303002A887108729817
:10011000FD15131E0801C205135E0E01C181ADBDA0
:1001200013F8150063F4BF007908D5B71338180029
:10013000E5BF83C7F60293F70708A307F10003465C
:10014000F10083C7F60293F70708E394C7FE8347DD
:10015000F10093F7F70FF1DF5DB5F326008023AED2
:10016000D19C83A6C19DDD9A7390068071BDB7189E
:10017000004003A8C80303D3A80383D88803411110
:10018000060393D8F8004A08B30E13019308407E83
:1001900022C626C44AC21358280123101501930F02
:1001A00000199302D01693034006130FC016035391
:1001B0000500B378F30363800810B378730263819A
:1001C00008109378330013BE1800130EDE16635028
:1001D000C8092390050005449944F94FF5421309D5
:1001E00000199303400683D80500138F1800639409
:1001F000880A03530500337E2303630C0E08B3788B
:100200007302638608009378330063840808F1481A
:10021000635C18052390E5010508231006010566B7
:10022000130606E1B3D5CE023244A244124933F696
:10023000CE022390B6009306C0033356D602B3F61F
:10024000DE022310C7002390D7004101828093B8BB
:1002500018009388D816330818414208050313582C
:10026000080123106500A1B78548630B0E00337E9B
:100270007302814863060E009378330093B8180028
:10028000F108330818414208135808012390E5018A
:1002900099BFF548B5BF13F3180063F8140163184C
:1002A0000300E3D902F7F948E9BFE31C03FEE3D3F7
:1002B0000FF7FD48F9B7E3DE02F19308E01661BFDE
:1002C000E3590FF19308D01679B75971E2C486D675
:1002D000A2D4A6D2CAD0CECED2CCD6CADAC8DEC676
:1002E000E6C2EAC06EDE2A8C02D6EF00D035F327D4
:1002F0000080A18B91CBF327008023AEF19C83A7D4
:10030000C19DDD9B739007800F100000B717004060
:10031000930670052380D704930680FA2380D704C0
:100320000F10000083C6F70293F6760FA387D7025B
:1003300083C6F70293E68600A387D70223800704CB
:10034000F326008083A7C19DA18BD58F7390078072
:1003500023AE019C0F100000F3270080A18B91CBEE
:10036000F327008023AEF19C83A7C19DDD9B739092
:1003700007800F100000B717004093067005238018
:10038000D704930680FA2380D7040F10000083C699
:10039000E70293F6C60F2387D70283C6E70293E6E8
:1003A00016002387D70223800704F326008083A743
:1003B000C19DA18BD58F7390078023AE019C0F1038
:1003C0000000930680C1B346D5029169938709E87E
:1003D000130650023D69B7440F0093840424056B53
:1003E000014A814A13047005FD19B347F502B3862B
:1003F000C6023EC2930709A61309803E33C7F60220
:10040000B34625033AC405493319890113593940C4
:100410003386C6023345950293040BFAB3948401E4
:10042000011B3347F6021306A0043309D9023AC66A
:100430003386C60293066055B30495021305001077
:100440003309D9023347F602B3C4A4023AC8B3470A
:10045000F90213973400371900403ACC9304090489
:100460003ECAF3250080A18991C9F325008023AEFF
:10047000B19C83A5C19DDD99739005800F1000008C
:10048000930770052380F400930580FA2380B4005D
:100490000F1000008345390593F5850FA309B904B2
:1004A0008345390593E51500A309B90423800400A9
:1004B0007325008083A5C19DA189C98D7390058096
:1004C00023AE019C0F100000930B80FA916CF32572
:1004D0000080A18991C9F325008023AEB19C83A53A
:1004E000C19DDD99739005800F1000009307700582
:1004F0002380F400238074010F1000008345390528
:10050000E17793E50502A309B90483550905B3E52D
:1005100095012318B90483550905DD8DC205C181F4
:100520002318B904238004007325008083A5C19D8E
:10053000A189C98D7390058023AE019C0F10000026
:100540008345390593F5050263870516834539050B
:10055000A189EDDD6810EF003013F3250080A1893B
:1005600091C9F325008023AEB19C83A5C19DDD997F
:10057000739005800F100000238084002380740195
:100580000F10000083453905E17793F5F50DA309B8
:10059000B9048345390593E50502A309B9048355D8
:1005A0000905B3E595012318B90483550905DD8DC7
:1005B000C205C1812318B90423800400732500807B
:1005C00083A5C19DA189C98D7390058023AE019C2F
:1005D0000F1000008345390593F505026389051066
:1005E00083453905A189EDFD9700FF1FE780C0CE47
:1005F000AA852ECE9700FF1FE78000CEF245E30AC2
:10060000B5FE835509053255B3E595012318B904A4
:10061000EF00900983453905A189EDDD03550905F2
:1006200083452905924733F5A900B385B9022E9574
:100630001D8DA24763D5A700B2476346F50E8945D5
:1006400063E5550FC247850A9315150093FAFA0F13
:10065000B3C5F5026351A03C85050945B3C5A502A4
:1006600073250080218911C97325008023AEA19CC8
:1006700003A5C19D5D99731005800F1000002380B4
:100680008400238074010F1000000355C902AA954D
:10069000C205C1812316B90223800400732500809E
:1006A00083A5C19DA189C98D7390058023AE019C4E
:1006B0000F10000029BDF3250080A18991C9F32501
:1006C000008023AEB19C83A5C19DDD997390058008
:1006D0000F10000023808400238074010F1000009D
:1006E0008345390593E50502A309B90425BDF32522
:1006F0000080A18991C9F325008023AEB19C83A518
:10070000C19DDD99739005800F1000002380840047
:10071000238074010F1000008345390593E505021D
:10072000A309B90451BDE38F0AF0F3250080A18924
:1007300091C9F325008023AEB19C83A5C19DDD99AD
:10074000739005800F100000930580FA23808400C9
:100750002380B4000F100000834539051375FC0F8A
:1007600093F5850FA309B90483453905C98DA309FC
:10077000B904238004007328008083A5C19DA1894A
:10078000B3E505017390058023AE019C0F100000B6
:10079000130880FA834539059D8963908529F325DF
:1007A0000080A18991C9F325008023AEB19C83A567
:1007B000C19DDD99739005800F100000930580FAAC
:1007C000238084002380B4000F1000008345390586
:1007D000116593F5F50DA309B9048345390593E532
:1007E0000502A309B90483550905C98D2318B90465
:1007F000835509052165C98D2318B9042380040098
:100800007325008083A5C19DA189C98D7390058042
:1008100023AE019C0F100000130580FA83453905B3
:1008200093F505026385052483453905A189EDDD2E
:100830006810992DF3250080A18991C9F3250080C6
:1008400023AEB19C83A5C19DDD99739005800F10E7
:100850000000930580FA238084002380B4000F10E9
:10086000000083453905116593F5F50DA309B90419
:100870008345390593E50502A309B90483550905A4
:10088000C98D2318B904835509052165C98D23181D
:10089000B904238004007325008083A5C19DA1892C
:1008A000C98D7390058023AE019C0F1000001305C5
:1008B00080FA8345390593F5050263850520834554
:1008C0003905A189EDFD9700FF1FE780E0A0AA8B05
:1008D0009700FF1FE78040A0E30C75FF83550905D3
:1008E0001165C98D32552318B9047D2B834539050F
:1008F000A189EDDDF3250080A18991C9F325008050
:1009000023AEB19C83A5C19DDD99739005800F1026
:100910000000930580FA238084002380B4000F1028
:1009200000008345390593F5F50DA309B90423802B
:1009300004007325008083A5C19DA189C98D739092
:10094000058023AE019C0F10000003550905834567
:100950002905E24733F5A900B385B9022E951D8D0F
:100960009305800CB305B502D247B3C5F5026356B3
:10097000A01A85050945B3C5A5026352B01A0355EF
:10098000C9021308F00F15812E95635BA8248945D1
:1009900063F5451FF3270080A18B91CBF3270080DF
:1009A00023AEF19C83A7C19DDD9B739007800F1040
:1009B000000037170040930770052300F7049307E2
:1009C00080FA2300F7040F1000008356C7028967DE
:1009D0008117D58FC207C1832316F70223000704AE
:1009E0007327008083A7C19DA18BD98F7390078047
:1009F00023AE019C0F100000B650265496540659A1
:100A0000F649664AD64A464BB64B264C964C064D9E
:100A1000F25D65618280FD1589B1F3250080A189B1
:100A200091C9F325008023AEB19C83A5C19DDD99BA
:100A3000739005800F100000238084002380040140
:100A40000F10000083453905C98DA309B90423801F
:100A50000400F328008083A5C19DA189B3E5150199
:100A60007390058023AE019C0F10000025B3F32581
:100A70000080A18991C9F325008023AEB19C83A594
:100A8000C19DDD99739005800F10000023808400C4
:100A90002380A4000F1000008345390593E505026B
:100AA000A309B904238004007328008083A5C19D95
:100AB000A189B3E505017390058023AE019C0F1059
:100AC0000000A9BBF3250080A18991C9F32500800E
:100AD00023AEB19C83A5C19DDD99739005800F1055
:100AE0000000238084002380A4000F1000008345B1
:100AF000390593E50502A309B9042380040073288E
:100B0000008083A5C19DA189B3E50501739005808F
:100B100023AE019C0F10000069BBFD15A1BDE9C10A
:100B20000355C9023308B0401581635B050B894545
:100B300063F54505F3270080A18B91CBF327008057
:100B400023AEF19C83A7C19DDD9B739007800F109E
:100B50000000B7170040130770052380E704130750
:100B600080FA2380E7040F10000003D7C7027D8BB3
:100B70002396E70223800704A5B5F3250080A18909
:100B800091C9F325008023AEB19C83A5C19DDD9959
:100B9000739005800F100000930580FA2380840075
:100BA0002380B4000F1000008355C90293F5F50FA0
:100BB000B3E56501C205C1812316B9022380040093
:100BC0007325008083A5C19DA189C98D739005807F
:100BD00023AE019C0F100000050A137AFA0F51B0E2
:100BE000F3270080A18B91CBF327008023AEF19CEB
:100BF00083A7C19DDD9B739007800F100000B7177E
:100C00000040130770052380E704130780FA238050
:100C1000E7040F10000003D7C7029605BA95C20576
:100C2000C1812396B702B9B70D06719A8147330780
:100C3000F5006393C700828014433387F500910762
:100C400014C3F5B74111B7F5070022C42A862A84D8
:100C50008146E105194506C69710FF1FE780A027CA
:100C6000B24023030400A303040022444101828014
:100C7000914763EDB702B7170300938787BB8A05D7
:100C8000BE959C418287B717004003A7470B1345C9
:100C9000F5FF698F23AAE70A03A7070B698F23A82B
:100CA000E70A03A7070A798D23A0A70A8280B7174E
:100CB000004083A6470B1347F5FFF98E23AAD70AF6
:100CC00083A6070B558D23A8A70A83A6070A758F4D
:100CD00023A0E70A8280B717004003A7470B498F7C
:100CE00023AAE70A03A7070B1345F5FF45BFB7176C
:100CF000004083A6470B1347F5FF758F23AAE70A29
:100D000003A7070A598D4DB7B717004003A7470B34
:100D1000498FEDB7914763EDB702B717030093878B
:100D2000C7BC8A05BE959C418287B717004003A7C0
:100D3000470D1345F5FF698F23AAE70C03A7070D9D
:100D4000698F23A8E70C03A7070C798D23A0A70CB4
:100D50008280B717004083A6470D1347F5FFF98E31
:100D600023AAD70C83A6070D558D23A8A70C83A60D
:100D7000070C758F23A0E70C8280B717004003A7EC
:100D8000470D498F23AAE70C03A7070D1345F5FF6D
:100D900045BFB717004083A6470D1347F5FF758F72
:100DA00023AAE70C03A7070C598D4DB7B7170040CE
:100DB00003A7470D498FEDB7B717004003D7870149
:100DC00009C5D98D239CB700828093C5F5FFF98DA5
:100DD000D5BFB74700401147A381E74009472380AB
:100DE000E740130700062380E74003C71740136757
:100DF0000701A380E7408280B747004003C7074050
:100E00001377F70E2380E7402382A740374700403F
:100E10008347674093F70704E5DF8280B7470040C8
:100E200003C70740136707012380E7407D572382EC
:100E3000E740374700408347674093F70704E5DF03
:100E4000034547408280B717004003D5870042051D
:100E500041819377050491EB9377F5013755E801CC
:100E6000130505803345F50282809377050C13073F
:100E700000046397E7009377F50137459C1CCDB7D5
:100E80002165130505D0828037E700E01C435443F9
:100E9000A183E206D58F1CC1FD572320F71823221A
:100EA000F7180F100000828013178500B7E700E0E5
:100EB00023A0E710618123A2A7108280B7F700E08A
:100EC0008847CC478280B717004083C7670493F7F1
:100ED000F70F93E6270019E193F6D70F73270080E9
:100EE000218B9387C19D01CB7327008098C39843C2
:100EF0005D9B731007800F1000003717004013062A
:100F000070052300C704130680FA2300C7040F10DE
:100F100000002303D70423000704F326008098432E
:100F2000218B558F7310078023A007000F1000003E
:100F3000828073270080218B9387C19D01CB73270B
:100F4000008098C398435D9B731007800F100000CA
:100F500037170040930670052300D704930680FAE4
:100F60002300D7040F1000008346670493E60601B0
:100F70002303D70423000704F32600809843218B22
:100F8000558F7310078023A007000F100000828088
:100F9000B7270040C8C709472380E70011472380CF
:100FA000E7008280411122C406C62A84EFF0BFE91F
:100FB0002947B307E502B2408D83B3D787022244A5
:100FC0009507B3D7E70237370040C207C18323161E
:100FD000F70041018280B7370040130700F8A38073
:100FE000E7008280411122C406C62A84EFF0BFE5E3
:100FF0002947B307E502B2408D83B3D78702224465
:101000009507B3D7E70237370040C207C1832316DD
:10101000F74041018280716541111305052006C624
:10102000EFF05FFCB7370040130770F82381E7400B
:101030000D47A381E74013070004A380E74005475D
:101040002387E740B24041018280B737004003C7A1
:10105000174019C9D98DA380B74003C7074013674C
:1010600087002380E740828093C5F5FFF98DA38038
:10107000B7408280B7370040130700F8A380E740ED
:101080008280411122C406C62A84EFF0DFDB2947A3
:10109000B307E502B2408D83B3D787022244950798
:1010A000B3D7E70237470040C207C1832316F7C012
:1010B00041018280396541111305051006C6EFF024
:1010C0005FFCB7470040130770F82381E7C00D4766
:1010D000A381E7C013070004A380E7C00547238767
:1010E000E7C0B24041018280B747004003C717C044
:1010F00019C9D98DA380B7C003C707C0136787007C
:101100002380E7C0828093C5F5FFF98DA380B7C027
:10111000828023AC05FE1C4191E7010001000CC157
:101120008280BA8703A787FF6DFF23ACB7FE82805A
:101130001DC18346E5FF1307F00F9147639EE6004C
:10114000411106C69700FF1FE780804DB2408147DE
:101150003E854101828095473E85828001E90145B7
:1011600082800145B240224441018280956541114F
:10117000938505D022C4C98D2A842105C205420564
:10118000C181418106C69700FF1FE780003D71D9EC
:10119000FD5723200500231285002303F5002105B8
:1011A000D1B71387019E1C43411122C426C24AC0F5
:1011B00006C601440149BA8489E7A16571250DC4B9
:1011C00001A803C7E7FF6318A7021DC8A165FD2496
:1011D0009840832784FF6317E40223A0F19EFD5704
:1011E000232C04FE230FF4FE2285B24022449244B5
:1011F00002494101828011E03E8983A787FF6DBFCC
:101200003E84E5BF232CF9FED9BFB9CD411122C4DC
:1012100006C62A849757FF1F83C7979B2E85637541
:10122000F400894763E98700EFF09FF00D45B24075
:1012300022444101828083A785FF99E703C7E5FF28
:101240009307F00F6306F700EFF09FEE1545C5B763
:10125000238F85FE1385019EEFF0BFEB228522448C
:10126000B240A165410199AC1545828023A0019E41
:1012700082809387819F9C4399E33E85828003D738
:1012800027006316B70003C70700E308A7FEDC4783
:10129000E5B7BDCD797122D406D626D24AD04ECE3E
:1012A00001444147B3D78540858BB1CF1205314703
:1012B00022953305E5029387819E03A907008544A3
:1012C000B3948400C204C180BE892A99032709000F
:1012D00011C7032549002EC60297B2453147330492
:1012E000E40283A709003E941C4489E723200900F7
:1012F00023220900B2502254A58D02599254F2497A
:101300002E85456182800504E31EE4F88144DDB743
:101310002E85828041111397050122C406C626C27C
:101320004AC041872E8463500702EFF09FE719C13E
:10133000EFF01FE0A1673D8C2285B2402244924429
:10134000024941018280EDD9AA8701474146B3563F
:10135000E440858A9DCA9207BA97B146B387D702FF
:101360009386819E03A906008544B394E400C204D9
:10137000C1803E99832709000325490082972320D5
:10138000090023220900258C45BF0507E311C7FC8E
:101390008144D5BF9747FF1F9387C77F9C53411157
:1013A00022C406C61384418399C782971C403E9588
:1013B00023AAA18229A09387019F9C43FDF708409F
:1013C000B74703009387D73F3305F502B7A7260039
:1013D000938737ECB24022443E9523AAA182410173
:1013E000828079C99387019F9C43797122D426D248
:1013F0004AD04ECE52CC56CA5AC806D65EC63A8A93
:10140000B689328BAE8A2A8982979387819E9843C8
:10141000BE840144B146C147B30BD4023306770101
:10142000104251E6C165938505F041459700FF1FC5
:10143000E780A0121DE59747FF1F9387A7759C5B68
:101440002D4589C71145814582972D45B2502254BB
:1014500092540259F249624AD24A424BB24B456118
:1014600082809387819F98431DEF23ACA19E230028
:1014700005009C40054733178700232605002324D9
:1014800065012311E50023224501DE9723A02701F2
:1014900023A2570123A447010145E38909FA2380C8
:1014A00089006DB73E875C47F5FF48C7C9B705049B
:1014B000E314F4F6214559BF094582809747FF1F81
:1014C00083C71771637FF5001387419E931715003B
:1014D00008433E9583570500DD8D2310B500014577
:1014E00082800D4582809747FF1F83C7776E6371A7
:1014F000F5021387419E93171500084393C5F5FF26
:101500003E9583570500FD8D2310B500014582806F
:101510000D458280130705FF1377F70FFD4763E73B
:10152000E70AB146B306D5029387819E984389475F
:101530003697184349CF011122CC4EC60544935922
:1015400045003D893315A40013140501418026CAC6
:101550004E85AE84A2854AC806CEEFF09FD12A8977
:10156000814729CDA2854E85EFF0FFF79387019F34
:101570009C4382979747FF1F83D7476A3387970219
:101580002A84814613060064B3B797021305073215
:10159000B335E500BE95EFE08170B307850097464F
:1015A000FF1F938626673E87D44263E4A70063E467
:1015B000D7003387D7402324E9008147F2406244B3
:1015C000D2444249B2493E850561828089473E85C1
:1015D0008280011126CA06CE22CC4AC84EC6BD471B
:1015E000894463EFA70231473307E5029387819E61
:1015F0009C438944BA979C4385C705443314A4008F
:10160000420441802E890145A285EFF09FC6AA8938
:10161000814419C5A2850145EFF0FFEC23A42901FF
:10162000F240624426854249D244B2490561828033
:101630009747FF1F83C7D7596364F5000145828030
:1016400001119387019F56C283AA070006CE22CCC0
:1016500026CA4AC84EC652C4638E0A0A174AFF1FDA
:10166000130A4A5B83244A00B74736FE938707C8AC
:10167000AE899745FF1F83D5655ABE94B387C502CF
:101680002A8432898146B3B5C50213850732B33740
:10169000F50013060064BE95EFE0616063ECA406FC
:1016A000829A9745FF1F83D56557B3872503AA8480
:1016B000130600648146B3B5250313850732B3379B
:1016C000F500BE95EFE0A15DB3079500BE8403274A
:1016D0004A0063E4A70063E4E700B384E740CE85F3
:1016E0002285EFF01FB901C504C505452DA09365FE
:1016F00004F0C205C18141459700FF1FE780E0E586
:1017000005E59747FF1F9387E7489C5B81C7A28544
:10171000114582970145F2406244D2444249B249A0
:10172000224A924A056182809387819F9C438DE380
:1017300023ACA19E85472326050004C5231135014E
:1017400023008500A300F5002322050079BFBA8796
:10175000D84775FFC8C7F9BF51C9797122D426D2BD
:101760004AD04ECE52CC56CA5EC662C466C206D6B7
:101770005AC83689328AAE89AA844144314C938A48
:10178000819E854C930B0003330B840303A70A004F
:101790005A971C43B9E79375F400B395BC001355F1
:1017A0004440C2055286C1811375F50FEFF05FE822
:1017B0000DC983A70A000145DA9784C323A2370124
:1017C0006304090023008900B25022549254025944
:1017D000F249624AD24A424BB24B224C924C45618A
:1017E00082800504E31274FB2145F9BF094582801C
:1017F000411122C426C24AC006C62A842E89B28458
:10180000EFF01FE3CA852285EFF0BFA605CD97450F
:10181000FF1F83D5A540B38795022A841306006471
:101820008146B3B5950213850732B337F500BE95EF
:10183000EFE0E14648C00145B240224492440249EB
:10184000410182802145CDBF411122C426C24AC038
:1018500006C62A892E84EFF0DFA1AA8419C12311BC
:101860000500A2854A85EFF01FC89747FF1F83C771
:1018700027366397270183D7C19E5D8C2396819E6F
:10188000014591E01945B240224492440249410188
:1018900082809307F00263E7A7044111B14722C495
:1018A0003304F50226C29384819E9C4006C6A2970B
:1018B0009843894715C39377F5008545B395F5009F
:1018C000C205C1811181EFF03FF89C40A29723A08F
:1018D000070023A207008147B240224492443E857C
:1018E0004101828089473E858280411106C622C41B
:1018F000EFF03F9811E50145B2402244410182805A
:101900009387019F9C43004582979747FF1F9387CA
:1019100067306368A402D843B74636FE938606C88C
:101920003305A4403697E378E5FC13070064B3352C
:10193000E50203D6870081463305E502EFE0213654
:1019400065BFD8433A94C1BF411106C623AAA19EE0
:101950000295B2409747FF1F23A8A72801454101E0
:101960008280994763E9B7008A059747FF1F9387ED
:10197000A728BE9588C182804111714681451745CF
:10198000FF1F1305652706C623AC019E23AA019EEF
:1019900023A8019E97F0FE1FE78060E613068002F1
:1019A00081451745FF1F1305A52297F0FE1FE7800D
:1019B00000E5EF50D1669747FF1F83C7171F13D568
:1019C00027008D8B3E958D473305F50285453905FA
:1019D0001375F50F9747FF1F238DA71E99473305F2
:1019E000F502130505249700FF1FE78000B723A425
:1019F000A19E59C599471746FF1F0346861D33060A
:101A0000F60281451306062497F0FE1FE78020DFCB
:101A10009387819E9C439387072423AEF19E1747AB
:101A2000FF1F0347071B0A07BA9723A2F19EEFF097
:101A3000FF830D239387C19F94439747FF1F83C75D
:101A40003719139727003697170600001306A68448
:101A500010C3138717001377F70F0A073697170677
:101A600000001306668B10C313873700890793F7AE
:101A7000F70F8A079745FF1FA38CE514B69790C30D
:101A8000B240410182809747FF1F83C777141747F1
:101A9000FF1F0347071463F1E7021387C19F184331
:101AA000938617001746FF1FA304D61293962700AC
:101AB000369708C33E8582809307F00FE5BF1C412F
:101AC0006389071641777D8FB70600208947631326
:101AD000D71603574500630F0714411122C4194656
:101AE0002A849305F00F690506C697F0FE1FE7806C
:101AF00020DB05478D476309E5121C4481CB58580C
:101B0000994763030712185C630007121306C003AA
:101B100081451745FF1F1305E50797F0FE1FE78076
:101B200000CE1306C003A2851745FF1F13058506C7
:101B300097F0FE1FE78020C91747FF1F035747068E
:101B40009747FF1F9387070519E71307001097466C
:101B5000FF1F2397E6041747FF1F0347870411E77A
:101B600005479746FF1F238EE6021747FF1F0357BF
:101B7000670311E76D479746FF1F2395E602174756
:101B8000FF1F0347170211E715479746FF1FA38A58
:101B9000E6001747FF1F0347070111E70547974670
:101BA000FF1F2382E6001747FF1F0347D7FF19E7F0
:101BB00003C7F7009746FF1FA387E6FE1747FF1FDF
:101BC000034787FE11E735479746FF1F238EE6FC44
:101BD0001747FF1F034797FD19E713078002974632
:101BE000FF1FA385E6FC1747FF1F0347F7FB19E715
:101BF0001307D0029746FF1FA388E6FA0347840124
:101C000019E71307C0039746FF1F2381E6FA9C5785
:101C100091C782979747FF1F2390A7FCFD57A38189
:101C2000F1B4EFF07FD58147B24022443E854101B7
:101C3000828089473E85828001114EC69749FF1FE9
:101C4000938949FD83A7090006CE22CC26CA4AC83B
:101C500052C4829713090064B335250303DA89005F
:101C60008146528633052503EFE061039747FF1F46
:101C7000938707F6804FAA84014563069402338553
:101C80008440636E940003A5490052868146B335B3
:101C9000A9023305A902EFE08100018D269597473F
:101CA000FF1F23A397F4F2406244D2444249B24951
:101CB000224A05618280011122CC0A852E84414688
:101CC00097F501009385458906CEEFE0017218086B
:101CD00006043A94035504FF9747FF1F83D727F460
:101CE000F2406244AA9737450F0013050524335587
:101CF000F502056182809747FF1F83D747F251475E
:101D00001D45637CF702794719456378F70213078D
:101D1000200315456373F7021307B0041145637E72
:101D2000F700130740060D456379F70013076009B4
:101D300009456374F70013B5B70F8280011122CCF7
:101D400006CE2A842EC6EFF0EFE4B245F240818D34
:101D500033A5A502229562441375F50F05618280B3
:101D6000011122CC06CE2A842EC6EFF0AFE2B24596
:101D7000F240818D33A5A50222956244420541813E
:101D800005618280011122CC06CE2A842EC6EFF096
:101D90006FE0B245F240818D33B5A50222956244D1
:101DA000056182809747FF1F9387C7DE985739CB1D
:101DB000411122C426C206C6BE8402971747FF1FE0
:101DC000035787E12A8415CBBA876373A700AA87D4
:101DD000C207C183BA866373E400A286C206C182C9
:101DE000958F5147635BF700DC5491C38297EFF006
:101DF000904D9747FF1F239187DEB24022449244C3
:101E00004101828082809747FF1F9387A7D8DC57C4
:101E1000011106CEAA8581C72AC68297B245D1C1D3
:101E20009C410545A5CFDC41B5CB83D78500BDC717
:101E300083D7A500A5C783C7C500ADE341461745B5
:101E4000FF1F130525DD97F0FE1FE780C09797471A
:101E5000FF1F938727DC9C4323A8F19E9747FF1F12
:101E600083C7D7D48DE7930780021745FF1F03551B
:101E7000E5DA3305F50237460F00130606248146DE
:101E80008145EFD0D1619747FF1FA381A7D21705E6
:101E900000001305A5DAEFF03FAB0145F240056104
:101EA00082809747FF1F83C747D0139787016187B9
:101EB000635407049747FF1F23AA07D297F7FE1F13
:101EC000938727D11747FF1F2326F7D47D579747BE
:101ED000FF1F23A3E7D4B7873200938727A1974634
:101EE000FF1F23ADF6D29747FF1F238B07D2B7C73B
:101EF000004023A4E726A1BF13F7170005CFB7873B
:101F00002003938707D01747FF1F2329F7D0B70770
:101F1000C0A81747FF1F2321F7D097F7FE1F93870D
:101F200067CE1747FF1F2327F7CE9747FF1F238949
:101F300007CE31BF61779746FF1F2391E6CE81CB55
:101F4000930700321747FF1F231BF7CCC9B793072E
:101F50002003CDBF011122CC1744FF1F130484C3FB
:101F6000084406CE26CA4AC801E90545F240624443
:101F7000D2444249056182805C58E5DB185C75D724
:101F80007000854582971844B247E300F7FE930539
:101F9000E0041745FF1F0355A5C097F0FE1FE7801B
:101FA000C05B1747FF1F2325A7C461D11746FF1F3A
:101FB000035606BF9305F00F97F0FE1FE7802084BD
:101FC00081441749FF1F1309A9C09747FF1F83C703
:101FD00047BD0326090263C1F402328597F0FE1F54
:101FE000E780006401459747FF1F23A307C0974779
:101FF000FF1F23A107C09DBF9745FF1F83D545BA8B
:10200000B38795020844185C898185043E9508C20F
:10201000029765BF011156C2974AFF1F938A8AB77C
:1020200083A78A0022CC4AC84EC606CE26CA52C40E
:102030005AC0AA892E8432896385072203A74A03DE
:10204000630707147D476366A7149744FF1F9384B3
:1020500024B803AA040263170A0A9565938515E05C
:102060001745FF1F0355C5B397F0FE1FE780E04EED
:102070009747FF1F23AEA7B62A86630A051083A7DA
:102080004A0303A58A009745FF1F83D565B189815F
:10209000829783A78A0003AA04021747FF1F232BF6
:1020A000F7B48947639CF908C1476312F40E97455A
:1020B000FF1F83D5E5AE938505FC9147B3C5F502B7
:1020C0008A05D29503C705009307A005631DF70A8B
:1020D00083C715006399370B4A852286910597E0DF
:1020E000FE1FE780406E9C50528563934715014563
:1020F000F2406244D2444249B249224A924A024BD7
:1021000005618280D850E38EE7F89565938525E0D8
:102110001745FF1F0355C5A897F0FE1FE780E04352
:102120002A8A35C52A8683A74A0303A58A009745CC
:10213000FF1F83D5E5A689818297A5B78D47639D4B
:10214000F900C1476315F4049745FF1F83D545A5E2
:10215000938545FDF199B5B79147639AF9006318E6
:1021600034039745FF1F83D5A5A3A115E5B7C14744
:10217000639FF900A14763EC87009745FF1F83D554
:1021800025A2C115C1BF9C5052856397470D2945B3
:1021900085B71307F006568B6361A70A130A05FE7D
:1021A0001947334AEA021747FF1F0357679F974AA9
:1021B000FF1F938AEAA1330AEA023E9A83A74A02E2
:1021C0006395470183A40A029DE49305E004174543
:1021D000FF1F0355E59C97F0FE1FE7800038AA8497
:1021E0005DD583274B039745FF1F83D5659B2A86C3
:1021F00089815285829791451307A005898193971C
:102200002500A69783C607006393E60483C61700DC
:10221000639C360385058A052286A6954A8597E044
:10222000FE1FE780405A83A70A02E38297EC2685C7
:1022300097F0FE1FE780C03E5DBD1307E007E3682F
:10224000A7F4130A05F985B783D5270045BF83A7EF
:102250000A02E38E97F2268597F0FE1FE780403C46
:102260003DB79747FF1F9387A7968C538DD1914712
:102270009306A0058983139727002E97034607002E
:10228000E317D6F003461700631C360185078A075B
:102290002286BE954A8597E0FE1FE780C05281BD29
:1022A00083572700C1BF9747FF1F9387A78E984783
:1022B00039C79C5FA9C705476313E504411122C4D0
:1022C0001744FF1F1304C490105006C60DC6485093
:1022D0009745FF1F83D5C58C89818297085097F059
:1022E000FE1FE780E0339747FF1F23A30790974720
:1022F000FF1F23A10790B2402244410182808280C7
:1023000001111747FF1F1307E7884EC6832987006F
:1023100022CC26CA4AC806CE52C456C2AA842E84EB
:102320003289638A09201C5FBA8A99EB2945F240F9
:102330006244D2444249B249224A924A05618280AB
:102340005C5BEDD7FD4763E9A70E9749FF1F9389B3
:10235000298883A70902B1CB03A58A0083A7490274
:102360006395A70689476393F408C147E310F4FC1B
:102370001745FF1F0355C5829147130505FC3345DB
:10238000F5029317250003A509022286CA853E950A
:102390009307A0052300F500A3009500110597E021
:1023A000FE1FE7804042014559B79305E004173509
:1023B000FF1F0355E57E97F0FE1FE780001A974741
:1023C000FF1F23A7A78249F995B783A74A0303A64E
:1023D00009029735FF1F83D5A57C8981829783A742
:1023E0008A001747FF1F2327F780ADBF8D47639EE5
:1023F000F400C147E31CF4F21735FF1F0355457A7B
:10240000130545FD9377C5FFBDBF9147639AF4005F
:10241000E31E94F01735FF1F035585782115DDB7AE
:10242000C147E395F4F0A147E3E287F01735FF1FBA
:10243000035505774115F9B79307F00663EAA70638
:10244000930705FE1947B3C7E7021737FF1F035766
:102450002775173AFF1F130AAA77B387E702BE99B9
:1024600083270A02A9CF83274A02639A37070325E5
:102470000A0291461308A005FD5593D72600C2070E
:10248000C183139727002A9703460700631D060799
:10249000834817000356270063959806B306D64075
:1024A00063CF860485078A072286CA853E95C5BD07
:1024B0009307E007E3ECA7E6930705F979B79305DF
:1024C000E0041735FF1F0355A56D97F0FE1FE78049
:1024D000C0089737FF1F23ADA77051F581BD83A7B3
:1024E0004A0303260A029735FF1F83D5656B89814E
:1024F0004E8582979737FF1F23AE376F8DBFA3009E
:10250000B700B2869DBFB38586001736FF1F0356FE
:1025100026699105130606FCE3FAC5E013063400AC
:102520001376C60F1106B29623000701A300970089
:102530002311D70085BF9737FF1F9387676994538F
:10254000BE89A1C203A5090291461308A005FD5545
:1025500093D72600C207C183139727002A97034603
:102560000700631606058348170003562700639883
:102570009800B306D640E3D786F2A300B700B28630
:10258000C1BF8357C7001735FF1F034585619305FA
:10259000E0043305F5024205418197F0FE1FE78014
:1025A000C0FB9737FF1F23A5A76449FD41B317362A
:1025B000FF1F0356E65E9735FF1F83C5855EB38513
:1025C000C502338686001106E3E2C5D681BF014508
:1025D0008280011106CE2EC6EF80804F01C9B24520
:1025E000F2400355250005616FC02062F240494565
:1025F00005618280A38401A2238401A223A801A0F3
:1026000023AA01A023AC01A023AE01A023A601A010
:1026100023A401A09737FF1F9387C7603706840361
:102620003707B40090D337C6070098C3130606B81F
:102630003747A000D8C3D0D33707100041669306B0
:10264000070AB70550009308060194C723A417038F
:1026500093860501930816F8D4C723A61703B70677
:10266000D007B7087F001308070513850601410747
:1026700023A81703B0C39308160093860605138694
:102680001500D8CBF8C323A8070188CF23AE0700D5
:1026900023AA170323AC070223AE070223A40704CF
:1026A000F0C7B4CB23AA0704ACCF23AE0705B8D339
:1026B0003707A000F8D71307000AB8DB1307C01CC0
:1026C000F8DB37071400B8DF0547F8DF130710F809
:1026D000E8D323A4070623A0070823A2E7088280E3
:1026E000011126CAAA84214522CC06CE2E8432C6E8
:1026F00036C43AC2EFE09FA61DC9A2461247324631
:10270000930700FD2300F5009947A30095002301DE
:10271000F5002303D500A303E5002312C500AA8515
:1027200022856244F240D24405616FE01FAEF24060
:102730006244D2440561828023A8A1A0828023AA9A
:10274000A1A0828023ACA1A0828023AEA1A0828020
:10275000011122CC4AC806CE26CA2A890144B304F4
:1027600089006368B400F2406244D2444249056182
:1027700082802EC6EFE01FC293170501C183A1839B
:10278000B2452380F4009307140093F7F70F8504F4
:1027900063F9B700CA9709042380A7001374F40FE4
:1027A0007DBF3E847DBFC1671735FF1F0355655050
:1027B000FD176304F50241111736FF1F0346865CBF
:1027C000938501A206C6EF80A00FB240FD571737D0
:1027D000FF1F2310F74E41018280828009C9251511
:1027E0001375F50F1335850E1345150082800145CD
:1027F000828023900500D1C6797122D426D24ECE94
:1028000052CC5AC806D64AD056CA5EC63684328AD8
:10281000AE892A8B814463F44407B307940083C7CD
:102820000700138914004209939A070193DA0A01F9
:102830001359090163850A04CA976342FA04B3076E
:10284000240183CB07005E85EFF05FF90DC9938704
:10285000FAFF2390F90063906B031305190022958A
:10286000B250225492540259F249624AD24A424B1F
:10287000B24B45618280D694C204C18069BF0145D4
:10288000C5B701458280411126C2AE8422C4973764
:10289000FF1F23A7C7429737FF1F23A1B7429737D0
:1028A000FF1F23ABA7402A8441469305F00F2685DE
:1028B0004AC006C6054997E0FE1FE78060FE631226
:1028C00025059737FF1F9387673E884BC145EFF07B
:1028D0003FE841469305F00F228597E0FE1FE78011
:1028E00020FC85446319950222449737FF1F938784
:1028F000E73BB24092440249C847C14541016FF0ED
:102900003FE541468145268597E0FE1FE78040F977
:10291000E31125FD7DB741468145228597E0FE1FE5
:10292000E78000F8E30295FCB24022449244024959
:1029300041018280411122C426C22E84AA8413063A
:10294000000281451735FF1F1305453606C697E07F
:10295000FE1FE780C0EA9737FF1FA38A9734973797
:10296000FF1F23838742EFC0402C854719C1814751
:102970004945B24022441737FF1F2309F7329244DA
:1029800041018280814781CD19C98547631BF500CC
:1029900083C7550093E707FCA382F50085473E8572
:1029A000828089476317F50083C7550093F7F703C3
:1029B000E5B70D478547E314E5FE03C755001377D8
:1029C000F70313670704A382E500D1BF81478DC1D8
:1029D00005C103C755009306000C85471377070C04
:1029E0006308D700930600048D476303D700894727
:1029F0003E858280411122C4005D06C626C21DC8E4
:102A0000AA84085009C597F0FE1FE78060C14850AE
:102A100009C597F0FE1FE780A0C0085409C597F0CC
:102A2000FE1FE780E0BF228597F0FE1FE78040BFD2
:102A300023AC0402B240224492444101828009ED59
:102A40009737FF1F83C7A7261735FF1F1305852755
:102A500081CB138501A082801735FF1F13058526C2
:102A600082801735FF1F0345852482809737FF1F1B
:102A70009387C723C84782809737FF1F9387072311
:102A8000884B82809737FF1F93874722DC4B884310
:102A900082809737FF1F93876721D84B1C43850798
:102AA0001CC31735FF1F034595209307F00F6305DF
:102AB000F50091656FE09FA08280011122CC06CEC7
:102AC0002E8432C6EF8000119147B245631FF50096
:102AD0009387C1A19C438DC303A30700630E03002A
:102AE00022856244F24005610283938741A19C43A1
:102AF00081C703A34700DDB7F24062440545056185
:102B00008280011122CC2A840355450006CE26CAB4
:102B10004AC84EC6EF70306B3DC52A898344050014
:102B20008349C500EFF01FED4A85EF80A0480355AB
:102B30004400EF80600583C781A2B1CB63999704FD
:102B400083C591A22685EFF0DFA819E1238401A2B5
:102B500003554400EF8000089147631FF5000357B9
:102B600044009737FF1F83D7C7146317F700FD573B
:102B70001737FF1F231FF712F2406244D244424925
:102B8000B2490561828081499304F00F6DB79307C4
:102B9000F00FE38FF4FA83466400035644000345C4
:102BA00024004E87A685EFF0BFB35DB779715EC68E
:102BB000AA8B2E8552CC56CA5AC806D622D426D203
:102BC0004AD04ECEAE8A328B368AEF70D05F65C562
:102BD000045D2A89EDC09C50614599C313054003EB
:102BE0009C5481C751054205418163050A00710566
:102BF00042054181DC5081C75D0542054181EFE01E
:102C0000EFD52A844DC96146814597E0FE1FE780D4
:102C100000BF9739FF1F83C9E90363940900834903
:102C20000900930700FD2300F400A947A3007401E5
:102C30002301F400230364018C5023125401130573
:102C4000840191C908C47146930A440397E0FE1FAA
:102C5000E78060B756858C5491C948C45146930AA1
:102C6000450197E0FE1FE78000B65685630C0A0019
:102C700008C87146D285930AC50197E0FE1FE78018
:102C800080B45685CC5099C548C85D4697E0FE1F74
:102C9000E78060B3A2854E85EFE02FD72254B25073
:102CA0009254F249624AD24A424BB24B4A85025987
:102CB00045616FF03FD4B250225492540259F24908
:102CC000624AD24A424BB24B4561828001114EC6E4
:102CD000AA892E854AC806CE22CC26CA2E89EF7034
:102CE000904E21C99734FF1F83C4C4F699E08344F2
:102CF00005001945EFE08FC62A8405CD81451946A8
:102D000097E0FE1FE780A0AF930700FD2300F400CB
:102D1000B947A30034012301F40023122401A28542
:102D20006244F2404249B2492685D24405616FE0CF
:102D3000CFCDF2406244D2444249B249056182801B
:102D400039715ECEAA8B2E8526DA4ED652D456D253
:102D50005AD006DE22DC4AD8AE84328BB68A3A8A52
:102D6000BE8942C6EF70304621CD2A894145EFE049
:102D7000EFBE2A8431C54146814597E0FE1FE780BA
:102D800000A81735FF1F0345E5EC19E103450900CD
:102D9000930700FD2300F400BD472301F400B24770
:102DA000A30074012312940023046401A3045401BA
:102DB00023054401A30534015CC4A285EFE0EFC400
:102DC000F2506254D2544259B259225A925A025B7A
:102DD000F24B21618280797126D2AA8439454AD08A
:102DE0004ECE06D622D42EC6B2893689EFE00FB772
:102DF00021C1B2459307000D2310F500B1472A8485
:102E00002312B5002301F500CE851905194697E078
:102E1000FE1FE780409B23062401A2852254B25066
:102E20000259F24913F5F40F925445616FE0EFBD7A
:102E3000B250225492540259F249456182801737A8
:102E4000FF1F0347D7E69307F00F630DF706411105
:102E500026C2AA84394522C406C64AC0EFE00FB094
:102E60002A8439C9930700FD2300F500A3009500CB
:102E7000230105009735FF1F9385C5E40D0519460D
:102E800097E0FE1FE78020941739FF1F130909E21E
:102E900083578900A2851735FF1F034555E1231588
:102EA000F400834719002306F4002244B240924400
:102EB000024941016FE06FB5B24022449244024999
:102EC00041018280828001115AC02A8B314526CA75
:102ED0004EC652C456C206CE22CC4AC8AE84B28A6E
:102EE000368ABA89EFE08FA735CD2A842685EF7020
:102EF000902D11C50347C500A1476314F704173986
:102F0000FF1F0349D9DA930700FD2300F4009D4712
:102F1000A30064012301F40023129400231354013D
:102F20002314440123153401A2856244F240D244A3
:102F3000B249224A924A024B4A85424905616FE0F2
:102F4000CFAC1739FF1F034939E4E31E0BFA93870F
:102F500081B29C439C47C5DBCE865286D6852685AA
:102F6000829755B7F2406244D2444249B249224A5C
:102F7000924A024B05618280011122CC2A842145AC
:102F800006CE2EC6EFE08F9D21C1B245930700FD0E
:102F90002300F500C5472301F50083C73500A301D1
:102FA000F50083D745002312F50083C7650023038E
:102FB000F50083C77500AA85A303F5002285624446
:102FC000F24005616FE06FA4F240624405618280C7
:102FD000397162CC2A8C594526DA4AD84ED652D459
:102FE00056D25AD05ECE06DE22DCAE8432C636C45D
:102FF000BA8B3E8BC28A468A835901040349410435
:10300000EFE0CF9525C93246930700FDA246230085
:10301000F5009547A301C500A30085012301F50034
:103020002A8419461105A9C2B68597D0FE1FE780EC
:10303000807923066401230A2401231574012317D0
:1030400054012318440123193401A2856254F2501B
:103050004259B259225A925A025BF24B624C26856F
:10306000D25421616FE06F9A814597D0FE1FE780AF
:103070000079C1B7F2506254D2544259B259225A1F
:10308000925A025BF24B624C216182809737FF1F9C
:1030900083C7E7C18DCB4111AA851946138501A0CD
:1030A00006C697D0FE1FE7800072938501A01735F2
:1030B000FF1F0345C5BFEFF0FF8CB240138501A091
:1030C00041016FB05037014582801737FF1F03471A
:1030D00017BE9307F00F6305F708411126C2AA84B3
:1030E000294522C406C6EFE06F872A8429C19307C9
:1030F00000FD2300F500A1472301F500A300950082
:103100009737FF1F938787BA83C72700938501A04E
:103110001105A30FF5FE194697D0FE1FE780A06AA0
:10312000A2851735FF1F034595B8EFE00F8E1737BF
:10313000FF1F0347C7B78D47631FF700938781A120
:103140009C4391CB03A38700630703002244B24052
:10315000924441010283B240224492444101828060
:103160001737FF1F0347A7B48D47631AF7009387EC
:1031700081A19C4389C703A38700E31D03FC8280D0
:10318000797122D406D626D24AD04ECE52CC0944EA
:1031900055CD2A89035505002E8A5144EF70B0029F
:1031A000AA844DC59737FF1F83C707BEFD1793F746
:1031B000F70F05474944637BF7080347C500A1475C
:1031C0006314F70063140A089C5C4544C1E39165ED
:1031D000938545711305C00297E0FE1FE780E03735
:1031E00088DCAA894D443DC11306C002814597D0B1
:1031F000FE1FE780C060835709009386490036852B
:103200002391F90071469305490036C697D0FE1FF9
:10321000E780605B89472380F90003C5C400B2469C
:103220000356090061159735FF1F83C5A5B51335F2
:103230001500EF80901B2A8463060A00D28526853C
:10324000EF80200601C42685EFF0CFFA2285B25028
:10325000225492540259F249624A4561828097375A
:10326000FF1F83C767B2FD1793F7F70F0547637A10
:10327000F708894741CA011122CC26CA4AC84EC65E
:1032800052C406CEAA89368AB2842E89EF70A07302
:103290002A84D14739C9485509C597E0FE1FE78000
:1032A0002038F145268597D0FE1FE780A05748D4E7
:1032B000CD4705CD8346C40021478147639FE60083
:1032C000630D0A000347A501035605019306250176
:1032D000AA854E85EF806004AA8703474400630FE8
:1032E0000900136767002302E400F2406244D244FD
:1032F0004249B249224A3E850561828013674700F0
:10330000DDB7C9473E8582809307200463EBA700A1
:103310009737FF1F9387079106053E9503550500D4
:10332000828041657D158280011122CC2A842E8500
:1033300026CA06CEAE84EF7000691DCDB7470F00D8
:103340009387F723094563E4870281450A8541464F
:1033500097D0FE1FE780A04AA685231081000A852A
:10336000418023018100A3010100EF80A073F2409E
:103370006244D244056182804945D5BF9737FF1F1B
:103380002383A7A082806F807000797152CC2A8A33
:10339000328522D426D24AD04ECE56CA5AC85EC6EC
:1033A00006D662C4AE8BB28A368BBA843E89C28995
:1033B0004684EF70406115C92A8C63140A021377A2
:1033C0004B008347450015CF93E727012302FC00FC
:1033D0008DEC631C0902639A090205E8ED9B230248
:1033E000FC00832B8C0363910B08B250225492543F
:1033F0000259F249624AD24A424BB24B224C4561D1
:103400008280F59B93E70701D1B793E7470023023A
:10341000FC0001CC1C484146A2852324FC02130574
:103420008C0197D0FE1FE780003A63930B02D5D83A
:103430000325CC0209C597E0FE1FE780601EF14519
:10344000268597D0FE1FE780E03D2326AC0251BFC2
:10345000E30909F80325CC0209C597E0FE1FE780C0
:10346000201CF1454A85F1BF9DC483A70B0299EB4F
:10347000916593853571714597E0FE1FE780E00DFA
:1034800023A0AB0203A50B0219C57146A68597D0F0
:10349000FE1FE78040336388090283A74B0299EB44
:1034A0009165938525715D4597E0FE1FE780E00AF1
:1034B00023A2AB0203A54B0219C55D46CE8597D06A
:1034C000FE1FE78040301DC483A78B0299EB9165F6
:1034D00093851571514597E0FE1FE780000823A4EE
:1034E000AB0203A58B0219C55146A28597D0FE1FDA
:1034F000E780602D2254B2509254F249B24B224CD4
:10350000CA865A860259424BD6855285D24A624AA9
:1035100045616FF0AFE9011126CA52C406CE22CC34
:103520004AC84EC62A8AAE84EF70E04925C5AA89EA
:103530003945EFD0BFC22A8431CD1729FF1F034977
:1035400069716314090003C909009307000D231072
:10355000F400AD472301F40093856900130534009E
:10356000194697D0FE1FE780002693F71400858048
:1035700085882306F400A306940023154401A28540
:103580006244F240D244B249224A4A854249056126
:103590006FD0BFC7F2406244D2444249B249224A86
:1035A0000561828001114EC652C456C206CE22CC9D
:1035B00026CA4AC8AA8A2E8AB289EF70C0402DCD89
:1035C0002A891305C002EFD07FB92A8435C5972414
:1035D000FF1F83C4246899E0834409009307000D0A
:1035E0002310F400E9472301F40093056900130553
:1035F0003400194697D0FE1FE780E01CD2852315C2
:1036000054011305C400414697D0FE1FE780A01B5C
:10361000CE851305C401414697D0FE1FE780A01A4E
:10362000A2856244F2404249B249224A924A268522
:10363000D24405616FD07FBDF2406244D24442491A
:10364000B249224A924A05618280938781A08843C9
:1036500001CD411106C697E0FE1FE78060FCB24035
:1036600023A401A0410182808280011106CE22CCD8
:1036700026CA4AC82EC6EF70003539CDB245172983
:10368000FF1F0349295DAA840CD56314090003496F
:1036900005004145EFD09FAC2A841DCD9307000D56
:1036A0002310F500A5472301F50083C75400938537
:1036B00064001105A30FF5FE194697D0FE1FE780A1
:1036C00080109C54A285F2405CC46244D2444A8576
:1036D000424905616FD07FB3F2406244D24442490F
:1036E000056182801D71A2CC86CE2A842EC6EF7021
:1036F000802D05CD8346C5001147AA8749456392B1
:10370000E6029C5FB24599C383C567012308B100F7
:10371000979600009386E649100889452285EF7048
:10372000102FF6406644256182805145DDBF972702
:10373000FF1F83C76765FD1793F7F70F0547637A88
:10374000F704894721CA411122C426C24AC006C6CD
:10375000B2842E89EF7020272A84D14705C56308DB
:1037600009008347450093E727002302F5004146FF
:10377000A6851305840197D0FE1FE780C0049C48EE
:103780001CD48147B2402244924402493E85410103
:103790008280C9473E858280797122D406D62A84E8
:1037A0002EC6EF70402201CDB2452285230EB10016
:1037B0006C08EF70902BB2502254456182805145C5
:1037C000DDBF6F702036C1671387E7FF6394E502A2
:1037D000938741A19C4391EB494582804945B24082
:1037E0002244924402494101828003A30700E30579
:1037F00003FE0283411122C426C24AC006C6FD1739
:103800002A892E84B2846395F502938741A19C4353
:1038100091CB9C4381CB829711E5238421A3A38480
:1038200091A275BFA6854A85EFE0BFDA4DF9F5B7DD
:103830002E85EF7040195DD1834705000D45E3905B
:1038400027FB22852244B2400249A68592444101C9
:103850006FB0A03B9307200463E2A7064111C16744
:1038600022C406C626C2FD172A8409456382F502D2
:10387000C547AE846313F4022E85EFB04040172590
:10388000FF1F1305253A06042A94231094000145CE
:10389000B24022449244410182809307A003631600
:1038A000F4002E85EFB0E036D9BF9307B003E318DC
:1038B000F4FC13F5F50FEFB00036D1B7094582805F
:1038C000011106CE2AC6EFE0FFD2EF20C010EF10A4
:1038D000E060EF30112832459727FF1F9387073D9F
:1038E000130700F02391E700238207007D579727F5
:1038F000FF1F938727492381E7002380A700F24019
:10390000954505616F501024597193970501CAD0F0
:1039100086D6A2D4A6D2CECED2CCD6CADAC8DEC63D
:10392000E2C4E6C2EAC06EDEC1872E8963D1075ABF
:103930001725FF1F03450545EFD0BF868964416AFF
:10394000856A797B2A84938BD4007D1AA50A130C8F
:10395000ABFF1DE021653345A900B65026549654AF
:103960000659F649664AD64A464BB64B264C964C03
:10397000064DF25D65618280834704001307200ACB
:10398000639DE700035524009729FF1F83C939323F
:103990002286D285EFF06F9259A21307100997295A
:1039A000FF1F83C9493E6398E718834714001547F2
:1039B0006390E7022285EFF0CF942285EFD04FF796
:1039C0001725FF1F0345053CEFD0AFFD2A8451B7F3
:1039D0003947639BE71803554400631B55050C44A6
:1039E00083CC0500639D0C00850591C919461725F8
:1039F000FF1F1305252D97D0FE1FE780C0DC17277A
:103A0000FF1F0347A72A85476317F712638A0C0035
:103A10009727FF1F238C07286685EFF04FC271BFE1
:103A200089471727FF1F2303F728EFB0802071B7BE
:103A300093872400631AF506832C8400638D0C0E93
:103A400083C70C008DE383C72C0003C71C00A207AB
:103A5000D98F1727FF1F231FF72483C73C00172781
:103A6000FF1FA305F7241727FF1F034727248947B4
:103A70006313F70C83C70C0081CB9727FF1F2387A5
:103A8000072203C50C0051BF8D479725FF1F83C533
:103A9000F5211725FF1F0355E5211727FF1F2307D2
:103AA000F720EF50300DF1BF938754006318F500F5
:103AB0001C4403C50700EFF04FE101B7B3078501D0
:103AC000C207C18311476372F7049307ABFCAA973F
:103AD000139707014183F14763F1E7029387B4002D
:103AE0006312F504938701A19C43E38807EC9C4390
:103AF000A285E38407EC82971DA0B707001893877F
:103B0000F770B3D7E700858BB9CB938781A19C432E
:103B1000E38507EA9C43E38207EA22858297E31E56
:103B200005E811A89387C4006310F5021C4483C7FD
:103B30000700E38407E89307F00FE380F9E8A28524
:103B40004E85EFD08FECADBD9387E4006319F5008F
:103B5000938741A19C43E38207E6DC4351BF9387EF
:103B60001404E301F5F8C1BF3D476397E70403552B
:103B70004400E30F75FD93879401E30BF5FC9387F5
:103B80003401E31AF5FA9727FF1F83D78712639E44
:103B90004701938741A19C43E38107E2DC43E38E25
:103BA00007E0A28513853401B9B79387C1A19C436F
:103BB000E38507E09C43E5B71307E003E39DE7F6E1
:103BC0008347240005476397E70E83476400938D7E
:103BD00081A0F1E383A70D00D5CB83CC0700A149D9
:103BE00003457400130D8400EA85EFE03FDE834750
:103BF0004401A303A400835804010358E4000357BD
:103C000044002A86034534003EC283572401EA86D5
:103C1000E6853EC0CE87EFF0AFBB8347340095E723
:103C2000DD47835804010358E4008346740083553C
:103C300044003EC2835724016A8705463EC066851C
:103C4000CE87EF70600FA301A40083A70D0081C78A
:103C50001145EFF09F9F03C581A2E30005D683C500
:103C600091A2EFE01F97E30A05D48346340093073F
:103C70001003638AF600035644004E8783C581A271
:103C80003685EFE0FFA5238401A205BB972CFF1F1B
:103C900083CCFC01A9B7938781A19C43972CFF1F7C
:103CA00083CCFC0091498DDFDC439DDB81450145E0
:103CB00082973DB729476391E70C83476400138DD2
:103CC00081A0C1E783270D00A5CF83CC0700A149C0
:103CD000034574009306840093772500D1C71376BB
:103CE0001500930D4401834704028358C40103580F
:103CF000A40103574400034534003EC28357E40146
:103D0000E6853EC0CE87EFF0AFAC8347340095E741
:103D1000DD478358C4010358A401834674008355CA
:103D200044003EC28357E4016E8705463EC0668567
:103D3000CE87EF706000A301A40083270D0001BFB0
:103D4000972CFF1F83CCBCF659B7938781A19C4366
:103D5000972CFF1F83CCBCF59149BDDBDC43ADDB69
:103D6000814501458297ADB7B68536CEEFE01FC6D7
:103D7000F2462A86B68D85BF0947639DE700938783
:103D800001A19C43E38B07C2DC43E38807C2228581
:103D9000829725B12D476399E700938701A19C4342
:103DA000E38D07C09C47D5B70D476397E700228690
:103DB0008D4503554400F9BE19476395E706930501
:103DC000610213051031EF30615E2C1013052031B4
:103DD000EF30C15D035664008357810203554400F0
:103DE00063E8C700835684000357610263F7E60067
:103DF00093050002EFA0B067C9B66374E600231311
:103E0000E40063F4D7002314F4000357C40083567E
:103E1000A400035684008355640001488147EFA045
:103E2000D06461BE1D47E388E7D031476395E70062
:103E30002286B145BDBF35476399E700938701A14D
:103E40009C43E38C07B6DC4789B739476396E700A4
:103E50002285EF00D00395B63D476399E70093872D
:103E600001A19C43E38B07B49C4B05B74147639684
:103E7000E7002285EF00900C89B645476396E7007E
:103E80000145EF00701B15BE4947639EE70093870D
:103E900081A19C43E38107CADC43E38E07C88145C7
:103EA0000545829749B94D47639DE700938781A1F6
:103EB0009C43E38207C8DC43E38F07C6A28509451C
:103EC000CDB76147E399E7C62286E145DDB593F7B3
:103ED000150081CF938701A19C4389C7DC4399C317
:103EE00001458297134519008DBC93F7250089CFB2
:103EF000938781A19C4391C7DC4381C781450545D8
:103F000082971345290091BC93F745000145E3864C
:103F100007A49387C1A09C4399CF85471727FF1F0C
:103F20002308F7D8938781A19C4391C7DC4381C7BD
:103F30008145054582979727FF1F938727D7C84755
:103F40002C10EF7090222810EFF04F949727FF1F4E
:103F500083D767CF81CF130600643386C7029145AC
:103F60001725FF1F034505E2EFD08FEC13454900ED
:103F7000EDB2011122CC2A84554506CE26CAEFF0B7
:103F8000AFB8AA8413054002EFF00FB82AC6130594
:103F90005002EFF06FB7AA86228562443246F240A3
:103FA000B3359000D24405616FA01054797122D4CA
:103FB00006D68D472E84631FF50003D7A50083D650
:103FC000850003D665000345340083D54500EFE046
:103FD0009FEF09A889671387D7006310E50403C51D
:103FE000250019E58547B25022543E8545618280FF
:103FF000938781A09443FDD603C6360083C506008F
:10400000814802C202C00148814701479106EFE0A2
:104010003FFC0545EFF06FE3F1B71387E700E303DB
:10402000E5FC13873701631AE50003C525005DD958
:10403000014781460146814559BFE507E304F5FA8A
:10404000B1476319F5001725FF1F034555C6EFE07B
:10405000BFF249BF41677D178147E316E5F803C703
:104060005500C947E310F7F883D6E50003D6C5002D
:104070000355840083D5A500EFA0104841C95D45D4
:10408000EFF08FA83335A000231CA1008345440026
:10409000035524003008EF60100483578101B9F301
:1040A0006C0813051031EF3061309305E101130501
:1040B0002031EF30A12F8357C1010357840063746F
:1040C000F7002314F4008357E1010357A40063F4BD
:1040D000E7002315F400835784000357A40063749A
:1040E000F7002315F40003552400EFA0B045035753
:1040F000E4008356C4000356A4008355840003558E
:10410000240001488147EFA05034E9BD8547231CB6
:10411000F100ADBF1727FF1F034737C79307F00F05
:104120006309F70859C5411122C426C206C6AA84EC
:104130000345A5004105EFD06F822A8435C593075A
:10414000000D2310F500D9472301F50083D7440063
:104150002312F50083C764002303F50083C77400AE
:10416000A303F50083C784002304F50083C79400EC
:10417000A304F50003C6A4002305C5001DC2CC445A
:10418000410548C497C0FE1FE780E063A285224432
:10419000B24092441725FF1F034535BF41016FD040
:1041A000CF8623260500DDB7B24022449244410168
:1041B00082808280C1671387E7FF639DE500938754
:1041C00081A09C4395C383C707000D47639CA7004C
:1041D0006FA0F026FD1749476396F500938781A0ED
:1041E0009C43FDF73A8582804947EDBF797122D41F
:1041F00006D626D24AD04ECE52CC56CA5AC803470B
:10420000050085472A84630AF70403468500930660
:1042100095009305E1000545EFE0AFDD814719C149
:10422000834705008346040011476380E604138733
:1042300081A318438D46034717006308D70295C72B
:104240000DC719ED0145B250225492540259F2495A
:10425000624AD24A424B4561828081470145D9B7C3
:1042600085466318D7028D8BF1DF03451400130ACE
:104270002400D285EFE08FF5A300A4001389C1A329
:1042800083270900AA8A81499304F00F99EB054519
:104290005DBF8946E318D7FA858BF9B7850993F98D
:1042A000F90F83C741A363FDF90203250900139B9E
:1042B00049005A9583470500E38297FE834715001E
:1042C000E39E57FD1946D285090597C0FE1FE7807A
:1042D000805869D58324090003470400DA9485ECEB
:1042E000834604009147E38FF6F483270900B9DB86
:1042F00003C641A301479305F00FE305E6F4BE842E
:10430000C10703C507FF630EB50A05071377F70F4B
:10431000EDB788C4F5A09147631AF706C84405C5F0
:1043200083478400034605006304F6060347040040
:104330009147631DF706C84419C597D0FE1FE78053
:10434000202E23A604000345840091659385E57122
:10435000050597D0FE1FE780402005C503470400F0
:104360009147631EF704C8C48347840093059400F3
:104370000505A30FF5FE0346840097C0FE1FE780E6
:104380008044034584003335A00075BD884441BF97
:1043900093059400050597C0FE1FE780C04B854735
:1043A000E316F5F85545EFE03FF6BDA8884441DD3A
:1043B00097D0FE1FE780C02623A4040069B788C4F5
:1043C00065B72380D40083471400D2851385240069
:1043D000A380F400194697C0FE1FE780C03E034546
:1043E000840091659385F571050597D0FE1FE780E0
:1043F000C01605C5034704009147E31CF7F0C8C485
:1044000083478400930594000505A30FF5FE03463A
:10441000840097C0FE1FE780003B83478400E39839
:1044200007E6034504007D151335150029BD797194
:1044300022D426D24ECE52CC06D64AD056CA5AC81C
:104440002A849309250003451500CE85938481A312
:10445000EFE0CFD7A300A4009C400D472A8A83C772
:104460001700639BE7001389C1A383270900814AD2
:1044700063910718054535A0FDD7144C0346740118
:104480009305E1000545EFE0CFB61DC9984085468C
:104490008347050003471700631FD7008D8BE1F7A3
:1044A0000145B250225492540259F249624AD24A0A
:1044B000424B456182808946858BE316D7FAC5B7A2
:1044C0008347040011476385E7002D47E39AE7FC23
:1044D0009384C1A39C40E9D7814A01491DA8884023
:1044E000139B4A00834704005A9503470500631154
:1044F000F70283471500639D47011946CE850905DC
:1045000097C0FE1FE780203501C503A904005A9912
:10451000850A93970A0103C741A3C183E3E1E7FC3E
:10452000E31309F4B5BF93944A00269503470500A9
:1045300083470400631EF70A83471500639A470BFD
:104540001946CE85090597C0FE1FE780C0304DC1D2
:10455000832709001147BE94834704006385E70061
:104560002D47639DE70203AAC400834774010346F5
:104570000A006308F602528597D0FE1FE780400AC2
:104580000345740191659385E571050597D0FE1F7C
:10459000E780A0FC15E5E39F04ECADA003AA84002E
:1045A000E9B70C4C13051A0097C0FE1FE780A02A3C
:1045B0008547E312F5FC5545EFE01FD569DDCDB524
:1045C0008347040011476385E7002D476390E702A6
:1045D000C8C4834774010505A30FF5FE03467401A3
:1045E0000C4C97C0FE1FE780001E75B788C4D5B776
:1045F000850A93970A0103C741A3C18303250900D4
:10460000E3E3E7F283C641A30327090081471306CA
:10461000F00F11A8BA844107834507FF638AC500DC
:104620008507C207C183E3E7D7FEA9B588C499A06F
:1046300083470400CE85138524002380F40083473C
:1046400014001946A380F40097C0FE1FE780A0174E
:104650000345740191659385F571050597D0FE1F9B
:10466000E780A0EFE30805E0034704009147E31F5C
:10467000F7FAC8C4834774010505A30FF5FE034686
:1046800074010C4C97C0FE1FE780E013E5B31717C9
:10469000FF1F0347976F9307F00F6300F70A51CD91
:1046A000411126C2AA84514522C406C64AC0EFC0A1
:1046B000FFAA2A842DCD9307000D2310F500D547BE
:1046C0002301F50083C7340013898400CA85A30140
:1046D000F50083D744002312F50083C76400230349
:1046E000F50003C57400EFE06FAEA303A400CA8514
:1046F00013058400194697C0FE1FE780C00C83C7CE
:10470000E400A2851715FF1F034535682307F40051
:1047100083D704012318F40083C724012309F4007C
:104720002244B2409244024941016FC01FAEB240E0
:104730002244924402494101828082801717FF1F60
:104740000347B7649307F00F6304F70431C14111C5
:1047500022C42A84194506C6EFC05FA0AA850DC5EC
:104760009307000D2310F500DD472301F500835763
:1047700044002244B2402312F5001715FF1F0345E1
:10478000D56041016FC07FA8B240224441018280C0
:104790008280011122CC1384C1A31C4006CE26CAFC
:1047A0004AC84EC652C499CF2E8AAA8401490840ED
:1047B00063129902630C0A0497D0FE1FE78040E65B
:1047C00023AE01A2F2406244D2444249B249224A95
:1047D0000561828093194900B3073501884709C9EB
:1047E00097D0FE1FE780C0E31C40CE9723A40700AC
:1047F0001C40CE97C84709C997D0FE1FE78040E20A
:104800001C40BE9923A60900050955B745DD13963E
:104810004400814597C0FE1FE78060FE1440814739
:104820007D5613F7F70FE37F97F8139747003697F6
:104830002300C7008507F5B7011152C4138A81A36D
:1048400083270A0006CE22CC26CA4AC84EC656C2C4
:104850005AC0D1CF2A89014419ED9387C1A394434B
:1048600099CA03C641A32A8481479305F00F13F721
:10487000F70F6368C708131534002105EFC01F8EBA
:10488000AA8401E92145EFC07F8DAA8421C5014496
:104890004D49930700FD2380F4008547A380240140
:1048A0002381F400A381840045C81389840023A2D6
:1048B00024018149938AC1A3130BF00F83C741A33D
:1048C00063F3F90039E883270A00A68503C50700CA
:1048D000EFC0BF93814503C541A3EFF09FEB0325D4
:1048E0000A0097D0FE1FE780A0D323AC01A2F240BC
:1048F0006244D2444249B249224A924A024B05617B
:104900008280139747003697034707006305B70077
:1049100005041374F40F850799BF83A70A009395C4
:104920004900BE9583C70500638467032300F9002F
:1049300083C71500130529007D14A300F90019464B
:1049400089051374F40F97C0FE1FE780C0E72109A3
:10495000850993F9F90F9DB723A20400ADB793879A
:1049600081A39C43B9C7411122C406C62A841DE114
:104970000945EFE07F992A8601C985451715FF1F74
:1049800003454540EFC0DFCA0545EFF08FDE2A84BE
:10499000054501CC85451715FF1F0345A53EEFC012
:1049A000BFEA2285EFF05FE90545B24022444101AC
:1049B00082800145828089679386B7006317D5009E
:1049C0009C4503C507006FF09FF99386C7006318E5
:1049D000D5009C45854603C5070019C9EDB79386E8
:1049E0001704E30FD5FC938727048146E303F5FE04
:1049F00036858280797106D622D426D24AD04ECE10
:104A000052CC56CA5AC85EC679C983473500AA89AE
:104A100085C7404115C05945EFE01F8F931A8501A6
:104A200093DA8A410149138A81A3130B000DB54B18
:104A300083C73900636DF900B25022549254025971
:104A4000F249624AD24A424BB24B456182808307A7
:104A5000840263CD570783270A00ADCB2285EFF090
:104A6000EFF82DC5034584005105EFC02FEFAA8450
:104A700031CD2310650123017501834704001946D8
:104A800093052400A301F500830784021505230381
:104A9000F50083471400A30FF5FE97C0FE1FE780C3
:104AA00080D2034684002386C4001DC613854401BA
:104AB00088C89305940097C0FE1FE780C0D0832765
:104AC0000A00A68503C50700EFC02FF405091304EB
:104AD00094021379F90FA9BF23A80400CDB79387D7
:104AE00081A39C43B1DBEFF03FD52254B2509254E6
:104AF0000259F249624AD24A424BB24B01454561E2
:104B00006FF02FC7797106D622D426D24AD04ECE66
:104B100052CC56CA5AC85EC671C183473500AA89AD
:104B200085C7444195C05945EFE00FFE931A8501B2
:104B300093DA8A410149138A81A3130B00FDC14B0B
:104B400083C73900636DF900B25022549254025960
:104B5000F249624AD24A424BB24B45618280838716
:104B6000F40063C8570783270A00A5C75145EFC063
:104B7000EFDE2A8439CD23006501A300050023015F
:104B8000750183C70400194693852400A301F5002D
:104B90008387F4001505A306F50083C71400A30F4F
:104BA000F5FE97C0FE1FE78000C283C7840093858F
:104BB00094001305C400A305F400194697C0FE1F16
:104BC000E78060C083270A00A28503C50700EFC005
:104BD000CFE30509C1041379F90F9DB7938781A32A
:104BE0009C43BDD3EFF05FC52254B250925402599A
:104BF000F249624AD24A424BB24B014545616FF0DD
:104C00004FB75D7186C6A2C4A6C2CAC04EDE52DCD2
:104C100056DA5AD85ED662D466D26AD06ECE630CAB
:104C20000526834735002A898DCB40411DC459454F
:104C3000EFE08FED93178501E1873EC681449389AC
:104C400081A3130A000DC94B054CB54C130D00FD93
:104C5000C14D8347390063E1F402B64026449644CF
:104C60000649F259625AD25A425BB25B225C925CAC
:104C7000025DF24D616182808307C400324763C6E2
:104C8000E71683A7090063820716034B0400937796
:104C90000B01CDCFCD47631EFB0623000400228508
:104CA000EFF0EFF8630305148347040011476363D3
:104CB000F7146399870D5145EFC04FCAAA8A63065E
:104CC00005122300A501A30005002301B501034738
:104CD0000400194693052400A301E5000307C4005E
:104CE0001505A306E50003471400A30FE5FE97C0D2
:104CF000FE1FE78040AD03470401194693051401E8
:104D0000A385EA001385CA0097C0FE1FE780A0AB09
:104D1000F1A0D5476318FB0085472300F400A30BDF
:104D20000400B5BFF547E309FBFEC9476316FB0066
:104D300089472300F400A5B7C1476314FB008D47E2
:104D4000CDBFED47E31DFBF49147E5B793778B00AB
:104D500099C3AD47F9BF93761B0093774B0091C67B
:104D600099C395475DBFA147E9B793762B0091C6DC
:104D700099C3A5475DB799476DBF99C3A94755BF6B
:104D80009D4745BF034574015105EFC02FBDAA8A59
:104D900029CD23104501230195010347040019463D
:104DA00093052400A301E5000307C40015052303B0
:104DB000E50003471400A30FE5FE97C0FE1FE78040
:104DC00080A0034674012386CA0019C613854A01D0
:104DD00023A8AA000C4C0DBF23A80A0003A70900B2
:104DE000D68503450700EFC04FC28504710493F4D4
:104DF000F40F85B50345740113050502EFC00FB626
:104E0000AA8A65D523104501230175018346040054
:104E100013770B061946558FA301E50003471400CD
:104E2000930524001505A30FE5FE97C0FE1FE7803C
:104E3000809903478400194693051401A385EA006D
:104E40000347940013853A012386EA000347A40030
:104E5000A386EA000347B4002387EA000307C400DF
:104E6000A387EA000357E4002398EA0003470401FC
:104E70002389EA0097C0FE1FE780E094034674018F
:104E8000A38CCA0011C613850A0223AEAA0099B7E3
:104E900023AE0A00A1B7938781A39C43E38F07DA6F
:104EA000EFF09F992644B64096440649F259625A5B
:104EB000D25A425BB25B225C925C025DF24D0145CC
:104EC00061616FF00F8B9717FF1F83C7E7EBA18B13
:104ED0001385C1A291E301456FD07F86238A01A289
:104EE000FD571717FF1FA302F7EA23AE01A223AC59
:104EF00001A29717FF1F938767DD170700001307AD
:104F0000C7AB98C317070000130707AFD8C317072D
:104F10000000130767BF98C7170700001307A7CE45
:104F2000D8C717F7FFFF1307271F98CB9387C1A296
:104F300017F7FFFF1307472898C317F7FFFF13075B
:104F40002707D8C38280411122C485452A8403C51E
:104F500041A306C6EFF0FF839717FF1F83C7C7E281
:104F6000A98BB5CB1715FF1F130545D6238A81A240
:104F7000EFD08FFC1384C1A31C4091C74D45B240B4
:104F800022444101828003C541A319E10145C5BF07
:104F900091659385B571120597C0FE1FE780E05BB0
:104FA00023AEA1A261DD03C641A31206814597C0CD
:104FB000FE1FE780C084104083C641A38147FD5592
:104FC00013F7F70FE374D7FC1397470032972300CA
:104FD000B7008507F5B70145238A01A2EFD0CFF5C9
:104FE00075B79387C1A0884301CD411106C697C00C
:104FF000FE1FE780E062B24023A601A0410182804B
:10500000828001111305700306CEEFE0EFAF2AC6D0
:1050100013058003EFE04FAF2AC413059003EFE0C0
:10502000AFAE2246B245F240AA86054505616F90B3
:10503000F04A5D711305D00386C6A2C4A6C2CAC0D9
:10504000EFE08FAC2A841305C003EFE0EFABAA8436
:105050001305E003EFE04FAB2A891305F003EFE0FF
:10506000AFAA8A871377F50F9376F90F13F6F40F2B
:105070009375F40F0545EF907047B640264496446B
:10508000064961618280757122C51384C1A01C40EC
:1050900006C726C34AC1CEDED2DCD6DADAD8DED6DF
:1050A000E2D405456388070E9305F1051305F04129
:1050B000EF00513B9305F1051305F041EF00913AE4
:1050C0008346F1051717FF1F034767BEB337E0009C
:1050D00091C289071840BEC60345370093054700B3
:1050E000EFD05F8A1840AAC40D4583452700AEC2A1
:1050F000EFE08FA1AAC01145EFE00FA100402ADE2A
:1051000065450347A400034CB4003ADCEFE0CF9FB1
:10511000AA846945EFE04F9F2A897145EFE0CF9E51
:10512000AA896D45EFE04F9E2A8A7545EFE0CF9D35
:10513000AA8A7945EFE04F9D2A8B13050004EFE022
:10514000AF9CAA8B13051004EFE00F9CE2042648E5
:10515000B6476257F256064696451375F50F93FB10
:10516000FB0F137BFB0F93FAFA0F137AFA0F93F9E5
:10517000F90F1379F90FE1842AD05ECE5ACC56CAC2
:1051800052C84EC64AC426C262C0930844000545B0
:10519000EF90B02FBA402A449A440A49F659665A09
:1051A000D65A465BB65B265C49618280011122CCEF
:1051B00006CE8D472E846316F50603C73500E947F2
:1051C00003D545006318F7009717FF1F83D767AE15
:1051D0006385A706EF50207F09C583576400231716
:1051E000F5000357A40083568400035664008355DA
:1051F000440003453400EFD01FCD035744009717F8
:10520000FF1F83D707AB6308F7008547F24062446E
:105210003E8505618280FD571717FF1F231BF7A8E6
:10522000EDB78967CD07631DF50083C725003147BA
:105230006385E7004547E39AE7FCEFD0CFD6F1B7A7
:10524000B1476319F5001715FF1F0345F5B3EFD0FC
:10525000BFD265BF41677D178147E319E5FA83C671
:1052600055004947E394E6FA83C5450003552400F9
:10527000300023140100EF50E06041BF411122C40F
:1052800006C626C283C701A41307E00F2E846383DA
:10529000E7041307F00F6387E7021145EFB01FEC37
:1052A00015C1930700FD2300F50089472301F50090
:1052B0008547A3008500A301F500AA8503C501A4C5
:1052C000EFB0BFF4F9572380F1A4B24022449244D6
:1052D00041018280AA841145EFB05FE87DD5930734
:1052E00000FD2300F5008947A30085002301F50098
:1052F000A30195002244B2409244AA8503C511A49B
:1053000041016FB09FF079714AD01389C1A0832702
:10531000090022D406D626D24ECE52CC4544C5EF43
:105320009717FF1F83C747A6958B4944CDC7AE8902
:105330009165A380A1A4AA8493857571314597C016
:10534000FE1FE780802123A6A1A04D4449C523006C
:105350009500A30005002946CE85090597B0FE1FDC
:10536000E780604683270900914603C7270063EE64
:10537000E6083DEB4D472381E70003C7270013678D
:1053800007012381E700930571001305F041EF0049
:10539000710D83477100F9EB1717FF1F0347279122
:1053A0008D476315F70CEFD06FEC2C00EF60E05BDE
:1053B0002800EFD0BFCD4545EFD01FF5014401CD0A
:1053C000130600643306C50291451715FF1F0345F8
:1053D000659BEFC0EFA52285B2502254925402592A
:1053E000F249624A4561828085466314D700754759
:1053F00059B789466314D7004947B5BF8D46631432
:10540000D70041478DBF5547BDB795464A8A630EC1
:10541000D70099466316D70009472381E70031A0DA
:105420001D466314C702238107006545EFD0DFEDF9
:105430009307F007E309F5F403270A0083472700E1
:1054400093E707042301F7003DBF21466314C7001B
:105450000547E1B725466315C7002381D700F1B79B
:10546000A9460544E319D7F6114745BFEFF0BFC180
:105470002A8435D1EFF0FFB6B9BF011126CA938453
:10548000C1A09C4022CC06CE4944A9C783C70700CF
:105490000D446391A70489451715FF1F0345858EA9
:1054A000EFC08FBA91451715FF1F0345A58D2392B5
:1054B00001A4EFC06FB99C4001478146A3808700DB
:1054C0001306F100854785450145A307F100EF90DC
:1054D000B0002A842285F2406244D2440561828071
:1054E000011106CE22CC26CA8547631AF50683D75A
:1054F00041A4B1CB1707FF1F0347877B29E7130799
:10550000B003636DF70289451715FF1F03458587B3
:10551000EFC08FB39307006403D641A43306F602AD
:1055200089451715FF1F0345E585EFC06F9023924E
:1055300001A4F2406244D24405618280938747FC13
:105540002392F1A4FDB79387C1A09C43FDD362448D
:10555000F240D24403C5070005616FF01FF2938447
:10556000C1A09C40F9D79717FF1F83C7E781918B94
:10557000E9D389476313F5062D452EC6EFB01FBE4C
:105580002A8445D9B245930700FD2300F500E5477D
:10559000A30005002301F50083C735001505194652
:1055A000230FF5FE83C745009505A30FF5FE97B0C1
:1055B000FE1FE78040211705FF1F0345F57C930779
:1055C000F00F6315F5009C4003C50700A2856244F7
:1055D000F240D24405616FB05FC389451705FF1FD4
:1055E0000345457AEFC04FA66244F240D24423926D
:1055F00001A405616FF0FF9E9707FF1F83C7C7785F
:10560000958B91CB938701A59C4381CB85472383C1
:10561000F1A46FF01F9F494582804145828023831A
:1056200001A4854501456F90E06B9707FF1F83C775
:10563000A775958B91C785472381F1A46FF07F9F54
:1056400049458280238101A4814505456F90406AC8
:105650009307C01C63FCA700094582800945F240FE
:105660006244D2444249B249056182805DC501115C
:1056700022CC2A8421054EC64205AE8991659385C8
:10568000657141814AC806CE26CA97C0FE1FE780D1
:10569000C0EC2A8961D59384C1A4884009C597C00C
:1056A000FE1FE780E0F7130589002320A90022866A
:1056B000814523A621A597B0FE1FE78040149C409A
:1056C0002286CE85884397B0FE1FE780C00F9C409E
:1056D000239287009387C1A09C4385CF9707FF1F24
:1056E00083C7876A958B85CB9387C1A49C4399CF49
:1056F000984383D647006244F240D2444249B249BB
:1057000005468D45054505616F90805C01478146E2
:10571000DDB70145A9B7494599B79387C1A09C4317
:105720008DC79707FF1F83C72766958B8DC3938708
:10573000C1A49C4381CB984383D6470005468D4541
:105740000545D9B701478146D5BF01458280494506
:1057500082809307C01C63FCA7000945828009452D
:10576000F2406244D2444249B249056182805DC53B
:10577000011122CC2A8421054EC64205AE899165CD
:105780009385557141814AC806CE26CA97C0FE1F2F
:10579000E780A0DC2A8961D5938441A5884009C5AA
:1057A00097C0FE1FE780C0E7130589002320A900EA
:1057B0002286814523AA21A597B0FE1FE7802004F9
:1057C0009C402286CE85884397B0FE1FE780A0FFCD
:1057D0009C40239287009387C1A09C4385CF970765
:1057E000FF1F83C7675A958B85CB938741A59C4341
:1057F00099CF984383D647006244F240D24442494D
:10580000B24905468D45054505616F90A04C01479D
:105810008146DDB70145A9B7494599B79387C1A02E
:105820009C438DC79707FF1F83C70756958B8DC372
:10583000938741A59C4381CB984383D64700054677
:105840008D450545D9B701478146D5BF01458280C1
:10585000494582809307C01C63F4A70009458280F4
:10586000797122D44ECE06D626D24AD0AE892A8469
:1058700031CD21059165420593857571418197C0B0
:10588000FE1FE78080CD2A890945630109089384BA
:1058900001A5884009C597C0FE1FE78060D81305A1
:1058A00089002320A9002286814523A821A597B03D
:1058B000FE1FE780C0F49C402286CE85884397B0C7
:1058C000FE1FE78040F09C40239287009387C1A091
:1058D0009C43014585CF9707FF1F83C7E74A958BF8
:1058E00049458DC76C001305D030EF10312CB247FD
:1058F000014593F7070F99CB938701A59C438D45ED
:105900000545944303D64700EF90803DB2502254A2
:1059100092540259F249456182809387C1A49C4305
:1059200091CF03D647008C43411106C697B0FE1FA6
:10593000E78060E9B24001454101828009458280EB
:105940009387C1A49C4385C7938741A59843894702
:1059500005C3035647000C43411106C697B0FE1F0E
:10596000E78060E6B24081473E85410182808947F9
:105970003E8582809387C1A49C4385C7938701A5F8
:105980009843894705C3035647000C43411106C697
:1059900097B0FE1FE78020E3B24081473E8541017A
:1059A000828089473E8582809707FF1F83C7C73D56
:1059B000918B99CF4111138581A406C6EFC0FFD802
:1059C000B240FD571707FF1F2315F72E41018280B4
:1059D00001456FC09FD7FD57A380F1A4F9572380DD
:1059E000F1A4238301A4238101A4239201A423A66B
:1059F00001A423AA01A423A801A49707FF1F93874A
:105A0000272E170700001307472198C31707000028
:105A1000130747ADD8C317F7FFFF1307076798C7EA
:105A200017F7FFFF1307275ED8C717F7FFFF130706
:105A3000876098CB97F7FFFF9387877723A4F1A41C
:105A40008280411126C29384C1A09C4006C622C414
:105A500085CF2A840D45EFB06FF0AA8519CD930745
:105A600000FD2300F5008D47A30085002301F5000C
:105A70009C4003C50700EFB04FF919C42244B2405F
:105A8000924441016FF0EFD5B2402244924441016B
:105A9000828079714ECE9389C1A083A7090026D256
:105AA00006D622D44AD052CC8144A1C783C4170061
:105AB00085472A896388F4049707FF1F83C7471F18
:105AC000854485EB0D45EFB06FE9AA8505C19307C5
:105AD00000FD2300F5009147A30025012301F500F7
:105AE00083A7090003C50700EFB02FF2EFF06FCFD7
:105AF0008544B2502254268502599254F249624A92
:105B0000456182809387C1A49C434E8A85E3014509
:105B1000EFD08FFF2A8601CA89451705FF1F03456D
:105B20006526EFB0FFB083270A00B1A0944303D6E7
:105B300047009305E1000545EFC0BFCB69D9834716
:105B40000500858BE9D70545EFD00FFC9307B0031F
:105B50002A8463F3A7045D6613060670894517055A
:105B6000FF1F03452522130444FCEFB07FC8239296
:105B700081A483A709000947A380E7009707FF1FB7
:105B800083C7071391C79707FF1F2383071295B792
:105B90004A85EFF01FEBB1BF130600643306C50260
:105BA0009DBF411122C42A840D4506C6EFB00FDB0C
:105BB00015C1930700FD2300F500CD47A300850024
:105BC0002301F5002244B240AA8503C511A4410176
:105BD0006FB0AFE3B240224441018280411122C440
:105BE0002A840D4506C6EFB06FD715C1930700FD97
:105BF0002300F500ED47A30085002301F5002244B2
:105C0000B240AA8503C511A441016FB00FE0B240B4
:105C1000224441018280035745000111896606CE66
:105C200022CC26CA13866600AA876317C7009C4742
:105C3000014583C5070009A813868600631AC700BB
:105C40009C47054583C50700EFF04FE305453DA898
:105C5000138696006313C7021387C1A0184301453A
:105C600015C79C4703C50700631B050C8547A300A8
:105C7000F7000545EF80707CD1BF1386A600631C3A
:105C8000C7009C4703C50700EFF0BFE0F240624445
:105C9000D2440561828013866603E30AC7F813863F
:105CA0007603E30FC7F813868603631DC7081C45F8
:105CB0001307E00F83C4070083C701A4638EE702C4
:105CC0001307F00F6386E7021145EFB02FC9AA85CD
:105CD00005C1930700FD2300F5008947A300950047
:105CE0002301F500A301050003C501A4EFB0EFD126
:105CF000F9572380F1A499BF9387C1A098433E84AC
:105D0000014549D785EC85447D4523059100EFD0B9
:105D1000AFDF2316A10013050002EFD0EFDE1C4019
:105D2000A305A1001307B100A38097007400130618
:105D3000A10085450545EF80307A09BF2685EFF043
:105D40005FD029B713869603E30DC7F21386E603E7
:105D50006317C7001C45094583C50700F5B5938641
:105D6000F603631DD7021C4503C507003DE96C001F
:105D70001305D030EF108163B247414793F7070F07
:105D8000E386E7EC9305B10013056031EF10016283
:105D90000345B1008545EF80F0744DBD89661386DB
:105DA00006046313C7041C4503C4070083C761A42A
:105DB000228585EB0D45EFB06FBAAA85E30805E8AB
:105DC000930700FD2300F500D1472301F500A30050
:105DD00085009387C1A09C4303C50700EFB0EFC2C5
:105DE000B5B5EFF01FDC9DB513861605631BC70024
:105DF0001C4503C5070021E585450545EF80506F2B
:105E0000B1B5938626050145E312D7E89C4703C444
:105E1000070083C721A422859DE30D45EFB00FB491
:105E2000AA85E30505E2930700FD2300F500F1478D
:105E3000A30085002301F50003C511A445B7EFF0C9
:105E4000FFD929B541119707FF1F83C7E7F306C69E
:105E5000958B99CB1705FF1F130585E8EFC09F8E23
:105E60004D45B240410182800145EFC0BF8D0145E3
:105E7000CDBF03C70500937625009377D70F99C24E
:105E800093672700131885011358884113F7F70704
:105E90006354080013E70708937685009377770F1C
:105EA00099C2936787001377050293F6F70D19C31C
:105EB00093E607022380D500634508009377A50287
:105EC00081CB8347060093E7C7002300F60082805A
:105ED0007DFD83470600CD9BCDBF2D45631907147B
:105EE00003C5050009476310E51401114EC6BE89BC
:105EF000DC4122CC26CA4AC806CE03C7170083C796
:105F00000700B68422075D8F42078D66418793871D
:105F100036A032842E896301F70E63C0E7029387AF
:105F200016A06309F70A63C1E70E938606A0630C07
:105F3000D7062390040005454DA8938766AA6305FC
:105F4000F70C938786B8630BF70C938646A0E31291
:105F5000D7FEDC45DDC721472390E40003D70700C7
:105F60002300E60003D707002183A300E60003D740
:105F700027002301E60003D727002183A301E600C1
:105F800003D747002302E60003D747002183A3027B
:105F9000E60003D767002303E60083D76700A183E9
:105FA000A303F60091A0C84597B0FE1FE780408686
:105FB000420541814E86637335012A862390C400D1
:105FC000420641828325C900228597A0FE1FE780F3
:105FD000807F19A8DC4583D707002390A400230005
:105FE000F600A183A300F6000145F2406244D244CA
:105FF0004249B2490561828099472390F4001946CD
:10600000D1B723900400CDB785472390F4008327B0
:10601000C90083C707002300F400F9B7E1472390C4
:10602000F400614645B723900600054582808280D2
:1060300083C805008947639BF814DC41797122D439
:1060400006D626D24AD04ECE52CC03C8170083C7FC
:1060500007002E8422083368F80042088D67135821
:106060000841138327A0630468102A8A3A89B684FA
:10607000B285634C0301138707A0630AE802938784
:1060800017A0630BF808854711A8138737A0630C86
:10609000E80A138767AA8D47E317E8FEB250225437
:1060A00092540259F249624A3E85456182804844D1
:1060B00032C697A0FE1FE780A075420541819D472B
:1060C000E36E25FDB309990083C7A1A5B24563D44A
:1060D0003701B547E1B748442686C2094A9597A0DB
:1060E000FE1FE780406E484403C6A1A593D909016D
:1060F00005063306364181454E9597A0FE1FE78081
:1061000000709387C1A59C4399E3814741BF9C439D
:106110008145E5DF528535A0AD47E31109F8E39AE3
:1061200016FB83471600834606005844A207D58F06
:106130002310F7009387C1A59C43E1DB9C43854571
:10614000E9D78297D9B7AD47E31A09F49947E392A3
:10615000F6F84844194697A0FE1FE780C06693876B
:10616000C1A59C43DDD39C43CDD38D4565B7AD47D9
:1061700015F78547E39FF6F40347060093070008E9
:10618000E3EEE6F0DC452380E70041B785473E8536
:10619000828023AE01A4A38D01A4238D01A4B7079F
:1061A000A00093850184938707059CC1B707E80386
:1061B000DCC117B601001306261A97C7FE1F938786
:1061C00067430947938EB183D0C317B60100130606
:1061D000E61585462380EE00138E81839388C18364
:1061E000D0C723AED70117B6010013066615138377
:1061F00081A51388A1831385918397BE0100938E97
:10620000AE142300EE002380E8002380E7002388FB
:10621000E7002380E7022388E70223AEC703238039
:10622000E7042300E8002384D70023950700D0CBA0
:10623000238CD700239D070023A2D7032384D702F2
:106240002395070223A60702D0DB238CD702239DC8
:106250000702231003002300D50017BE0100130E10
:106260006E0D23A2C7052388E70423AE17052380FC
:10627000E7062388E7062380E70897B8010093889C
:10628000680D17B701001307270B23A2E708238423
:10629000D70417070000130787C42395070423A614
:1062A0006704F0CB238CD704239D070423A2170790
:1062B0002384D70623950706ECD7F0DB238CD7067B
:1062C000239D070623AE07072384D70823950708D5
:1062D00023A6A70897C7FE1F9387C73A98C3170737
:1062E0000000130727D5D8C323A407008280A54741
:1062F00063E8A71017B701001307C78E0A053A9580
:106300001C41011122CC26CA06CE4AC8BA97B284D3
:106310002E8482879307800F63F9B7006145F240AE
:106320006244D24442490561828097C7FE1F938729
:10633000672CC8573E8919C597B0FE1FE780402ECD
:10634000238D01A413061400916593850571328590
:1063500032C697B0FE1FE780402017C7FE1F2321DB
:10636000A72C4DDD3246814597A0FE1FE7802049CE
:106370000325C9022286A68597A0FE1FE780A044B8
:10638000238D81A4014561BF8947E399F5F88357BF
:106390000600239CF1A4FDB7A147E391F5F821463F
:1063A000A6851385018497A0FE1FE780C041D9BF51
:1063B0008547E395F5F697C7FE1F9387A723D04F30
:1063C00097C5FE1F9385852503C50400EFF07FAABE
:1063D00055BF8547E394F5F497C7FE1F9387872140
:1063E000D05F97C5FE1F93856525F9BF8547E39765
:1063F000F5F283470600A38CF18269B7094505B71A
:106400000945828083C7B1A595E38547A38DF1A493
:10641000058909CD97C6FE1F9386C6264146A54528
:1064200017C5FE1F1305051D6F20A03C0145828086
:1064300001111388F5FF06CE22CC26CA4AC84EC6E3
:1064400052C41378F80FAD4563EE050BBA890A08FC
:1064500017A701001307877B3A983E8A8327080015
:106460003689B284BA9782878545EFC0AFCC2A843B
:1064700019E1EFF03F9D2285F2406244D244424947
:10648000B249224A056182808945EFC0AFCA2A8499
:106490007DF12685EFE03FABF9BF9145EFC08FC995
:1064A0002A8471F95286CE854A85EFC0CFBDEFF0C0
:1064B0007F99EFF06FCFEF50302775BFA145EFC048
:1064C0006FC72A844DF95286CE854A85EFC0AFBB8F
:1064D0002685EFE05FA7EFE01F9FEF50102361BF1D
:1064E000B145EFC02FC52A8459F55286CE854A851D
:1064F000EFC06FB92685EFE01FA5EFE0DF9CEF50FE
:10650000D02075B7094485BFBD47638CF50663E9A4
:10651000B702A5476387F50663EDB7009947638C1B
:10652000F5049D47638FF5049547638CF504014599
:106530008280B5476387F50463E1B704AD47F5B7DB
:10654000DD47638EF50263EAB700C947638BF50246
:10655000D9476386F502C547C9BFF5476383F5028E
:1065600063E4B700ED47D1B793072005638BF500CF
:106570009307200D5DBF4845828008418280084511
:106580008280484182809307F00F630EF506011167
:1065900026CAAA841305000222CC4AC84EC652C499
:1065A00056C206CE3A89B689B28A2E8AEFA01FBBA0
:1065B0002A844D4515C8930700FB2300F400A3006F
:1065C0005401231144012302340113058400614660
:1065D00063050902CA8597A0FE1FE780C01EA28539
:1065E0002685EFA09FC20145F2406244D244424951
:1065F000B249224A924A05618280814597A0FE1FD6
:10660000E780E01FE9BF09458280011122CC06CE58
:106610002A842306B100A306C100EF40C03A0DC191
:106620000347C500A1476311F70278009306E0070E
:106630000146A28517F5FE1F03452575EFF0BFF44F
:10664000F24062440561828078009306E0070146CB
:10665000A28517F5FE1F03453573CDB79307006478
:106660003306F6026FB04F8F05C903470500854614
:106670009307270093F7F70F63F0F602411122C446
:106680002A843A8506C6EFB0CFA0FD572300F40058
:10669000B240224441018280828003570500930763
:1066A000000B6313F702834745004947639CE700EB
:1066B0000347150185476399E70003552500854584
:1066C0006F20103D6D47C5BF8280011122CC06CEE0
:1066D0002A842EC632C436C2EF40E02E0DCD83464A
:1066E000C500A14712472246B245639EF600B28616
:1066F00017F5FE1F034565692E86A2856244F240A8
:1067000005616FF05FE8B28617F5FE1F0345D56798
:106710002E86A285E5B7F240624405450561828078
:1067200023A2A1A68280011122CC26CA06CE2A84E9
:10673000AE84EF404029A6852285EF1081321DE509
:10674000228523169100EF4000280DC10347C500A4
:10675000A1476312F70217F5FE1F03450563780092
:106760009306F0070146A285EFF0FFE1F240624494
:10677000D2440561828017F5FE1F0345F560C5B759
:10678000011126CA06CEB68422CCDD4663E2B608E5
:10679000D94663FED50AA5466381D50A63EEB604E1
:1067A0009546638CD50899466387D50A05444168A8
:1067B0007D18631606093AC6EF10612E3306854030
:1067C000324742064182420441803305C4004205FB
:1067D000BA85418132C6EF20D03BAA8749C181C426
:1067E00032462390C400B30580406244F240D24454
:1067F0003E8505616F10010CC5466380D504C9460E
:106800000D44E395D5FAC167FD17E31EF6FA65B7A7
:10681000F5466380D50463E4B600ED46D5B793062C
:1068200020056388D5029306200DE391D5F8C16752
:10683000FD170D446319F600BDBF09448DBF9306D3
:10684000200DE392D5F8310642064182ADBF1544D2
:106850005DBF0D444DBFC167FD171D447DB7F240BC
:106860006244D2440561828079714ECEAE89C165A1
:1068700026D20147AA84894617B60100130646AE00
:10688000FD15054522D406D64AD0EF009061054497
:1068900031CD2A891307300281461146F5452685F8
:1068A000EFF01FEE2AC6554431C18357A900CE86AA
:1068B00001462314F10091472315F1008547230079
:1068C000F500B2472C002685A38007003247FD570C
:1068D0002301F7003247A301F700EF0050522A844A
:1068E00011C5324597B0FE1FE78080D32285B25094
:1068F000225492540259F24945618280411106C6E0
:10690000EFF09FC019C5B240410117B3FE1F6700E9
:1069100023D1B24041018280011106CE2AC6EF0088
:10692000117F3245914523A001A623A201A697F726
:10693000FE1FA389A744EF20F020F24005616F10ED
:10694000F07F93970501C18763D80712797117F516
:10695000FE1F0345354322D44AD006D626D22E89BF
:10696000EFA03F842A8449CD034705009307000A1E
:106970006315F70885474C08A305F100EF102105C2
:10698000AA8405ED8347610171476374F708138793
:1069900017FE1377F70F9306000263F3E608858B63
:1069A000C5C7938701A69C43994481CB0355240016
:1069B0001306B1004C088297AA848347B10099C797
:1069C000084409C597B0FE1FE78080C595E052478F
:1069D000B7070001938707F07D8FB70712009387F1
:1069E0000710630CF70003476101ED476317F700D9
:1069F000035524008545EF20B0092285EFA04FF311
:106A0000B250225421653345A90092540259456180
:106A100082803707301405073357F700058B41D3C1
:106A2000138741A6184351DB0347510159F7230649
:106A3000F10099472308F100035524006C00231747
:106A40000100EF10A11795BF938741A69C439DC3FA
:106A5000035524001306B1004C08829739DDAA843F
:106A600083475101B9FB8347610123089100230645
:106A7000F100D9B79944EDB7014582800145828084
:106A800097F6FE1F83C69630814763E5D70001471E
:106A90003A8582802E87910503D6C5FFE30AA6FEBC
:106AA0008507E5B70DCD834725000547890793F78F
:106AB000F70F6376F702411122C406C62A84835574
:106AC0000500034535000147F9465D46EFF0BFABD1
:106AD000F9572311F400B2402244410182808280A0
:106AE00017F7FE1F0347972A8147FD5663E3E70028
:106AF00082802310D5002301050085071105FDB70D
:106B00000145828093857185930700028546238025
:106B1000F500FD57238BF184A384F1842384F18451
:106B2000239AD184239401A623A801A623A001A817
:106B300023AA01A61386C18497B7010093874781D2
:106B40005CC2238501A697C7FE1F938767B40947D8
:106B50002300E6002380E7002388E7002380E70284
:106B60002388E70217A701001307C77DD8DB0D476D
:106B7000238CE7021387C1A618432384D700D0C70C
:106B8000238CD70017A501001305057D17A601006A
:106B90001306067B97A601009386867CC8C32395BF
:106BA0000700D0CB239D0700CCCFD4D3238407028A
:106BB0002395070223A60702239D0702D8DF97C764
:106BC000FE1F9387E7B0170700001307870C23A069
:106BD0000700D8C323A407008280411106C6EFF046
:106BE0003FEA11C503452500B240410182800145BD
:106BF000E5BF411122C426C24AC006C6AA842E8916
:106C00003284EFF0FFE711E94165CA857D15EFF0A9
:106C10003FE7C54711C52310950023018500814733
:106C2000B2402244924402493E854101828029E7D4
:106C30008948354763931605011106CE22CC26CA32
:106C4000034716000346060093C7F7FF2207598E35
:106C5000F18F32C68DE7C4452A84A685EFF0FFF791
:106C600032460147630FA60022856244F240A685A2
:106C7000D24405616FF0FFF72D473A8582801307F4
:106C80000008F2406244D2443A850561828083C89C
:106C9000050009486395080303A8450083471800C9
:106CA00003480800A207B3E70701C2070D68C187C0
:106CB000130828906395070189476FF05FF7054532
:106CC000828003C791849307F00F630AF704411190
:106CD0004AC02A89294522C426C206C63284AE8407
:106CE000EFA0CFC71DC59307100B2310F50023029B
:106CF0000500231485002244231125012313950048
:106D0000B24092440249AA8503C5918441016FA013
:106D1000CFCFB24022449244024941018280828016
:106D200041119387C1A626C2AE848C4322C406C6F5
:106D30002A84EFF09FEA098909C922852244B240DA
:106D4000A685924441016FF03FB2B2402244924482
:106D5000054541018280411122C426C24AC006C6AF
:106D6000AA84130445001309850B835704009DC3AF
:106D7000084409C597B0FE1FE780808A2285314606
:106D8000814597A0FE1FE78080A73104231A04FEE7
:106D9000E31D24FDB2402244FD572390F400024934
:106DA000924441018280938781A7984317F6FE1F82
:106DB0000346D6FD81476315F600814636858280FD
:106DC000BA861307870B835587F4E389A5FE8507E9
:106DD00093F7F70FCDB7938701A89C4399C703D7C3
:106DE0004700E31CA7FE884782800145828041114D
:106DF00006C6EFF05FFE09C50845B240410182803A
:106E00000145E5BF011126CA9384450022CC4EC638
:106E100006CE4AC852C456C25AC026878149014488
:106E2000814681473D450356070055CED9E20354BC
:106E3000470083572700B286A297C207C1838509FE
:106E40003107E392A9FE25C82E8991659385457087
:106E5000228597A0FE1FE78040702A8B29CD814AAA
:106E6000014A8C4485C503D6440033054B0197A0E5
:106E7000FE1FE780409583D7440088443E9A420A2B
:106E8000135A0A0197A0FE1FE780807963890A00E0
:106E900031468145268597A0FE1FE7804096850AEA
:106EA000B104E3E03AFD2326690123148900054576
:106EB00021A0630DD6000145F2406244D24442490C
:106EC000B249224A924A024B05618280035627004A
:106ED000E313F6FE035647003294B2974204C2070A
:106EE0004180C183A9BF0545E37835FDA9BF9387DC
:106EF00041A79C4399E30145828098470357A70027
:106F0000E319A7FE138547008280411106C6EFF002
:106F10001FFE11C503550500B240410182800145A5
:106F2000E5BF411106C6EFF09FFC11C503452500E2
:106F3000B240410182804145E5BF411122C42A840B
:106F40002E8506C6EFF0FFFDAA8505462285EF30A7
:106F5000902A95476305F500BD476313F500214569
:106F6000B240224441018280411122C42A84090591
:106F700006C6EFF06FEFFD57A301F400B2402244C4
:106F8000410182809387C1A79C4317F7FE1F0347E7
:106F9000F7DF2A86050781463E8583D70700638889
:106FA000C700850693076500E3E8E6FE0145828099
:106FB000411122C4416406C626C29307E4FF630E52
:106FC000F500AA8485E1EFF0FFFB01E91305F4FF6A
:106FD000EFF05FFB19C123109500B24022449244A8
:106FE0004101828085476394F504EFF0BFF92A845C
:106FF0006DD5FD572310F500834724001307F00FCC
:107000006384E7021307E00F638AE7000345340057
:107010000147F9465146A685EFF0EFD62285EFF0FD
:10702000BFF4FD572301F400230204007DB7894714
:10703000E395F5FA8545EF30703B45F12685EFF095
:107040007FF42A8455F951BF5D71A6C24EDE86C613
:10705000A2C4CAC052DC56DA5AD8AE8483C5250011
:10706000F947AA896396F504EFF0DFF12A8409ED68
:1070700001442285B640264496440649F259625A94
:10708000D25A425B616182808347250005478907A8
:1070900093F7F70FE37EF7FC034535000147F94608
:1070A0000146CE85EFF02FCE2285EFF0FFEBC9B77A
:1070B00083AA0400B7070001938707F0370712007F
:1070C000B3F7FA0013070710328A0149638AE7020F
:1070D0002EC6EFF03FEB2A89B2451DC1034645009D
:1070E00005C293178601E187E3C407F84E85EFF0E8
:1070F000CFD18347490093E707F82302F9008DBFFA
:1071000003C761859307F00F1944E304F7F6E147DD
:10711000E3E1B7F693D71500FD178E0717A7010017
:107120001307C7B1BA9703A80700E30408F403AB39
:107130004700E3000BF4C20A93DA0A0163850A00F0
:10714000C947E398F5F283D64400904483C5140000
:1071500003C50400380802982A8401FD2C084E85D6
:10716000029B2A8421C983C71400E39407F083C7D4
:107170002400230AA10039472308F1006399E7029C
:1071800062478347170003470700A207D98F0C08FF
:107190004E852319F100EF007122E30B05EC140872
:1071A0000546D9454E85EFF04FD22A84D9B583578D
:1071B0008101F1BF83C624009147E38BF6EA3808CA
:1071C0000146CE8503C56185EFF0EFBB2A84E3124B
:1071D00005EA83C524002808EFF00FB319C1230086
:1071E0000A009840B7070001938707F07D8FB70723
:1071F000120093870710E30DF7E6E30B09E683C758
:1072000024002302F900B5B5011106CE2EC6EFF019
:107210007FD701CD83474500B2451387170063969A
:10722000E50093F707F82302F500F240056182803C
:10723000938741A7984319E3014615A81C4703D833
:10724000A700636B050183584700B38608016355A7
:10725000D5008146639416011843F1BF3E86C107ED
:1072600003D3A7FF6317A30099C1239005013285BB
:1072700082808506C206C182F1BF397152D42E8A3E
:107280004ED69305E101AA89528522DC4AD856D20E
:1072900006DE26DA328936C63AC4BE8AEFF05FF9D6
:1072A000054435C5AA840355E1013944EFF0BFB266
:1072B00039CD03284500630C08042247B246D6871F
:1072C0004A86A6854E8502982A8431E19307E00F0D
:1072D000638FFA0203C704008947631AF702D84094
:1072E0008347170003470700A207D98FC2070D671E
:1072F000C18713072790639CE70083471900034663
:107300000900D285A2075D8E4E85EFF09F9B2285F6
:10731000F2506254D2544259B259225A925A2161BF
:107320008280797122D4035425004ECEAA89228509
:1073300056CA06D626D24AD052CC5AC85EC662C4B5
:10734000AE8AEFF05FA601E92285EF00D1575944DC
:1073500029E90144B9A003C789008547AA840144EB
:10736000631AF702AA8513858900EFF0BFA929CD1A
:1073700003D7640083D68400D04483D5440003D56A
:107380002900E147EFF07FEFD9472A846318F5021F
:1073900023A604002685EFF01F9C49C0D947E30AC5
:1073A000F4FA2285B250225492540259F249624AA8
:1073B000D24A424BB24B224C4561828061DD83D779
:1073C00044002390FA00F9B713894400014AB94BED
:1073D000594C3D4B83550900D5DDE14763067A01E1
:1073E0000357C90011C3D9470357290083564900E1
:1073F0000326890003D52900EFF03FE82A846319AA
:10740000850123240900050A3109E3156AFD59B7EE
:107410007DD9835709002390FA00F5B703D52900D9
:107420002DB701112317C1009307E00F1306E100E8
:107430000147894606CEEFF05FE4F24005618280A5
:10744000797122D42A840355850026D2AE8493050F
:10745000210106D64AD0EFF0BFDD6308050E834751
:1074600085002AC693F707028DCF03552101EFF05F
:107470001F98AA87B24501ED8357840039452390B0
:10748000F400B2502254925402594561828003554F
:1074900024004946829711C5835784002390F40045
:1074A000CDB7035924004A85EFF0FF8F11ED4165F8
:1074B0007D15EFF05F8F19E58357840025452390F4
:1074C000F400C1B723102501130745008147BD46CD
:1074D000035607002DE63147B387E70213098400FE
:1074E0003146CA8591073E959790FE1FE780A02DF3
:1074F0003146CA8548089790FE1FE780C02C035686
:10750000C4000355240041478146DD45EFF04FA7F5
:107510002ACE19E58357840045452390F40095B79A
:107520000C480356C4009790FE1FE780C0290355FE
:1075300024004C08EF00F13429D5594599B7850747
:107540003107E397D7F8254581BF0545B1B7797174
:1075500022D42A840355850026D2AE849305E10106
:107560004AD006D63289EFF0BFCC51C5834785009B
:1075700093F70702A9E7034714019307200519E3CE
:10758000834744008356A400504483558400035528
:1075900024000147EFF07FCEAA8721E98347140139
:1075A00099E703552400EF00F128D94711E18147FD
:1075B000B2502254925402593E85456182802AC6B7
:1075C0000355E101EFF0BF82AA8705C9B245035513
:1075D000240049468297AA8759DD035784002390E7
:1075E000E4000347140161F7E1B75947E317E5FEEB
:1075F000230009006DBF8547CDB7B947F9BF397181
:1076000022DC4AD84ED652D406DE26DAAA892E8A41
:1076100032C63689EFF01F97094415C58347250008
:107620001307E00FAA845D44638FE7001307F00F90
:107630005944639AE700324605E2D2854E85EF0051
:10764000712C2A8415CD2285F2506254D2544259AD
:10765000B259225A2161828003550A009305E10143
:10766000231F0100EFF0DFBC0355E101EFF07F8B3A
:10767000AA8505464E85EF3000382A845DDDE1B7E6
:107680009307F00FE301F9FC938624007946A68561
:1076900017F5FFFF13054541EFE05FFCA3812401CF
:1076A0005DB73971938741A726DA844352D45AD003
:1076B0005ECE62CC06DE22DC4AD84ED656D266CAF0
:1076C0002A8BAE8B328C368A99E08149B9A08044EE
:1076D00083DC44000149835AA40063149901844067
:1076E000E5B78357A400A28963F867010509420939
:1076F000135909014104D5B7E3EAFBFE630C0A0004
:10770000834504004840D28662863AC6EF002125B0
:10771000324769DD19C323105701F25062544E8578
:10772000D2544259B259225A925A025BF24B624CDD
:10773000D24C2161828003D7050083D6250085477E
:1077400063E9E60439C7411183C6450026C2938424
:10775000550022C426862E8417A501001305C5BF37
:10776000894506C6EF00A11FC14711CD83464400DD
:10777000835524000355040001472686EFF07FF26D
:10778000814711E1A947B240224492443E8541011C
:1077900082803E8582802E860355060083D5250093
:1077A000854763E2A50205C18346460041110147B2
:1077B000150606C6EFF0FFEE814711E1A947B2407A
:1077C0003E85410182803E8582802E8603550600DB
:1077D00083D52500854763E2A50205C1834646009F
:1077E00041110147150606C6EFF0BFEB814711E1D5
:1077F000A947B2403E85410182803E858280397131
:107800004ED683D7250083D9050006DE22DC26DA92
:107810004AD852D456D25AD05ECE62CC66CA6AC812
:1078200063E037198547638E0914416BAE8A2A8A53
:107830002314010002C6014401497D1B894B054CFC
:10784000C94C054D83D52A000147814601464E8526
:1078500023130100EFF0FFE4AA846300051209EC92
:1078600013072002930661005A8695455285EFE082
:107870003FF12A84630805120357810083C704007F
:1078800045C70347A100630CA70741476385E7028B
:107890002C005285EF00E14709CD34001546D9454B
:1078A0005285EFE09FE211C5324597A0FE1FE780A9
:1078B00020D78147F9A083D7A400414613052400AF
:1078C0002300F40083D7A400A183A300F400CC40DC
:1078D0009790FE1FE78020EF4904835781008507BA
:1078E000C207C1832314F10063F9270983D7A400D9
:1078F000638567098509C20993D90901A1B7E3998D
:1079000077F983D7A4000946130524002300F40067
:1079100083D7A400A183A300F400CC409790FE1F5E
:10792000E78060EA110455BF22C60359610003C70E
:10793000A4001305240063827703335999032305B8
:1079400071012300E40083D7A4004146A183A30072
:10795000F400CC401379F90FA5BF23058101230062
:10796000E40083D7A400135929001379F90FA183E8
:10797000A300F4000946CC4055B78357810089FB2A
:10798000A947F2506254D2544259B259225A925ADB
:10799000025BF24B624CD24C424D3E8521618280AB
:1079A0008547C5B7C547F1BF03C7E1A8854763F35E
:1079B000E706011122CC26CA4AC806CE2A8432899B
:1079C000AE84EFF02FDC01C9034725009307E00FD9
:1079D0005D456308F700631C0900A6852285EF005A
:1079E000416FF2406244D24442490561828003D52E
:1079F00004009305E10023170100EFF07F83035596
:107A0000E100EFF00FD2AA8505462285EF20B07E77
:107A100069D5C1BF5945828013F7050201C7B285F8
:107A20006FF0AFD1411126C24AC006C622C413F975
:107A30008500AA8463170900139785016187635D38
:107A4000070232853684EFF0CFCDAA850546631351
:107A5000090001462685EF20107A01E90145B24070
:107A60002244924402494101828083479400E5DB2D
:107A700083478400E5F7E5B793F72500E5F30D4567
:107A8000F9BF7971AE8622D42A8403D50600930506
:107A9000E10106D636C6EFF0AFF909CD8345850082
:107AA000B2460356E1012285EFF01FF7B25022548F
:107AB000456182800545DDBF13F7050201C7B28528
:107AC0006FF0AFC7411122C426C206C693F48500E9
:107AD0002A8491E4139785016187635007023285F8
:107AE000EFF02FC4AA85054691E001462285224485
:107AF000B240924441016F20107093F72500014578
:107B000091E30D45B2402244924441018280797153
:107B1000AE8622D42A8403D506009305E10136C639
:107B200006D6EFF0EFF0B24601CD8345850003564F
:107B3000E1012285EFF05FF8B25022544561828066
:107B40000545DDBF797126D2AA840355A500C1671A
:107B500022D44AD04ECE06D623170100FD17328418
:107B6000B6890149630DF500050583C60400D040C0
:107B700042051307E1004181EFF0BFB22A8983C6B5
:107B80000400D0408945179501001305E57CEFF00E
:107B9000105D1DC503D4A4002285EFF00FB709C501
:107BA0007D142A9442044180638409002390890053
:107BB000B25022544A8592540259F249456182805A
:107BC00083C60400D0408945179501001305057947
:107BD000EFF0F05861F183C60400D0408945179555
:107BE00001001305E575EFF0905719C9E30609FA8E
:107BF0008357E100E39287FA0354A9007D145DB72F
:107C000003D4A40055B7397122DC26DA4AD84ED6FF
:107C100052D456D25AD062CC06DE5ECEBE8983C71D
:107C200085002A8AAE84C18B328C36843A89C28A16
:107C3000468B9DE783CB04008947638BFB046285F9
:107C4000EFF06F991DC183280500638008025A88F0
:107C5000D6874E87CA862286A6855285829839A005
:107C60003285EFF0CF98AA8711ED3945F250625472
:107C7000D2544259B259225A925A025BF24B624C88
:107C8000216182802946A6855285829745D5F9BF14
:107C9000D8408347170003470700A207D98FC207C0
:107CA0000D67C187930607906384D72263CEF606DB
:107CB00093062780638ED70C63C1F60213070780F3
:107CC000E3CFE7F62D45E39309FADC4403C607004A
:107CD000CC432310C900228569A213073780E390A3
:107CE000E7F62D45E39409F885472310F900DC44B5
:107CF000814583C707002300F40003D5A4000505D0
:107D000042054181EFF0CFD2835709006317051276
:107D100091072310F900114681451305140097902F
:107D2000FE1FE780C0AD29A2930627906383D71872
:107D300063CED71293063790638CD71813074790FA
:107D4000E39FE7EE2D45E39309F2DC441D47231042
:107D5000E90003C707002300E40003C71700A300DE
:107D6000E40003D727002301E40003D72700218381
:107D7000A301E40003C747002302E40003D7670020
:107D8000A302E40083D76700A1832303F4004DA07E
:107D90002D45E39D09ECDC446C0083C9170003C743
:107DA0000700A209B3E9E90011472310E90083C7DE
:107DB00007004E852300F400DC4483C71700A300AE
:107DC000F400EFF0EFC6AA8435C50356C100C165C3
:107DD0009306E100FD158329C500EFF0BFD619ED2C
:107DE00083C60400D0408945179501001305055747
:107DF000EFF0F03601E5FD572317F10003C7090046
:107E000089476310F70283A549000946130544001A
:107E10009790FE1FE780209B835709008907231056
:107E2000F9008357E1002301F400A183A301F400CA
:107E300001452DBD23173101EDB703470500890723
:107E4000BA972310F9008357A500A300F4008357C5
:107E5000A500A1832301F400034605004C4113054E
:107E600034009790FE1FE7800096D9B7C8449790DA
:107E7000FE1FE780E09993170501C1832A871D45FE
:107E8000E3E637DF6399F90023100900CC44035679
:107E90000900CE9589B54207B3863A01418363C78D
:107EA000E600B38737412310F900CDB723105901FD
:107EB000F1BF2D45E39C09DACC445285EFE0FFD1B8
:107EC000231079012300A4002181A300A4008DB711
:107ED0002D45E39D09D8DC442310790183C70700B1
:107EE0002300F400DC4483C71700A300F40089B723
:107EF0005D71CAC02A89035525004EDE52DC56DA70
:107F00005AD85ED662D466D26AD06ECE86C6A2C475
:107F1000A6C22E8BEFF0B038130CF5FF931D0C01A9
:107F2000C16BAA8A814917EAFE1F130AAADC93DDF6
:107F30000D01938C01A7138D81A6FD1B8357C900EA
:107F400063F8F90097E7FE1F83D7C7DA63CE87018E
:107F50000355290097E5FE1F9385C5D9EF0001025F
:107F6000AA841DCDD9442DA8832789001397190011
:107F70009305E100BA9703C4170083C707002204E2
:107F80005D8C2285EFF0CFAAAA851DE923108B0016
:107F900003254A00854409C59790FE1FE780406885
:107FA000B6402644268506499644F259625AD25A6A
:107FB000425BB25B225C925C025DF24D6161828049
:107FC0008348490083A60C000356E10003552900AD
:107FD0006E8881476A87EFF01FC3AA8411C52310FA
:107FE0008B0003254A0045BF83274A0095E30355CC
:107FF0002900514781465E86BD45EFE06FF897E75F
:10800000FE1F23ABA7CE09E523108B00C54449BF53
:1080100097E7FE1F83D707CE03D781A63E97634716
:10802000570113C7F7FF56972394E1A603254A008B
:1080300083A50C0003D681A63E959780FE1FE7809E
:10804000807883570A0003570D008509C209BA9743
:1080500017E7FE1F2310F7CA93D90901C5B5397177
:1080600022DC2A840355250006DE26DA4AD84ED6BD
:1080700052D45AD05ECE62CC66CAAE8B56D2EFF0E6
:1080800010222A8A8346C4008355A4000355840025
:1080900078001306D400930CBAFF651AEFF06FE076
:1080A000420A416B2A898144135A0A01138C01A7A1
:1080B00097E9FE1F938909C47D1B6302090463D0FD
:1080C00094058348440083260C000356C1000355E1
:1080D000240052888147138781A6CA85EFF0BFB27A
:1080E00015C5814A0356C1008355A4004A859306ED
:1080F000E100EFF03FA52A89639D0A065DFDE5E0FA
:108100008357840029452390FB0081A00356040176
:1081100083D781A6E317F6FC83250C004848978097
:10812000FE1FE780407355DD83A74900A1E3035597
:108130002400454781465A869D45EFE06FE41DE1E6
:108140008357840045452390FB00F2506254D2547B
:108150004259B259225A925A025BF24B624CD24CAB
:108160002161828097E7FE1F23A8A7B8835AA90040
:1081700095BF83A74900A6972380570193871400D2
:108180001397070183A74900418393DA8A00BA97BE
:10819000238057011387240083A649009387340066
:1081A000420791044183C207C204C183C18036974C
:1081B00011CD8356E1002300D70003A74900BA97E9
:1081C0000357E10021832380E700C5BDFD5623004E
:1081D000D70003A74900BA972380D7000DB70355EE
:1081E0002400898097E5FE1F9385C5B097E7FE1FA1
:1081F000239297B0EFF0903E29D95945B9B7411174
:1082000022C406C693F705012A84328585C3EFE0B0
:108210005FD1AA8505462285EF20E07D954763055D
:10822000F500BD47631DF502214515A893F74500EC
:1082300099CBEFE01FCF0546AA8522852244B240A4
:1082400041016F20407B93F7050489C7EFE07FCDA4
:108250000146DDB713F51500133515000605B240CC
:1082600022444101828079714AD04ECE52CC06D64A
:1082700022D426D22A8AAE89014983D74900636471
:10828000F9000145A1A083A7090013141900930464
:1082900014003387970003470700A29703C5070020
:1082A00022079305E100598DEFE09FF805E983A7C8
:1082B000090005453E94034704002380E70083A797
:1082C0000900BE9403C70400A380E700B250225403
:1082D00092540259F249624A456182808345850081
:1082E0000356E1005285EFF09FF105C183A7090015
:1082F0003E94034704002380E70083A70900BE944F
:1083000003C70400A380E700D1B705094209135948
:108310000901A5B7011122CC2A8403D505009305D4
:10832000E10006CEEFE0DFF001CD83458500035686
:10833000E1002285EFF0BFECF240624405618280EB
:108340000545DDBF397126DAAA840355250006DE0E
:1083500022DC4ED652D456D25AD05ECE62CC66CAF9
:108360006AC82E8A4AD8EFF08073AA8A83C6C400EE
:1083700083D5A40003D58400138CAAFF780013864C
:10838000D400EFF00FB2420CC16CAA890144135C17
:108390000C01138B81A6938B01A7FD1CED1A17ED21
:1083A000FE1F130D2D95638D09180356C10083C55B
:1083B000890003D52400EFF09FE42A89631D051688
:1083C00083C8440083A60B000356C10003D52400D4
:1083D00062888147138781A6CE85EFF0DF822A89E4
:1083E000631B051439C003D781A6110797E7FE1F49
:1083F00083D767906395E700A29763C0570997E713
:10840000FE1F83D7478F3354F40203D5240097E52A
:10841000FE1F9385258E97E7FE1F239D878CEFF027
:1084200070392A890DC559491DA003D52400494733
:1084300081466686C545EFE0AFB497E7FE1F23ADE2
:10844000A78A0DE583D7A90045492310FA00F25009
:1084500062544A85D2544259B259225A925A025B06
:10846000F24B624CD24C424D2161828083570B000B
:10847000910717E7FE1F2310F78883274D0003D7C6
:10848000A9009306E100A2972380E7009307140058
:108490001397070183274D0041834E85BA9703D771
:1084A000A90021832380E7000356C10083D5A400DF
:1084B000EFF04FE983264D00130724000356E10037
:1084C0004207418336972300C70003274D009307D7
:1084D0003400C207C183BA970357E100AA89110487
:1084E00021832380E70003254D004204418003D609
:1084F00081A683A50B002295639509029780FE1F34
:10850000E780602C83570B003E9442044180E318BF
:1085100004EE83D784002310FA00E31A09F22949F4
:108520003DB79780FE1FE780002A83570B003E94DB
:10853000420441808DBD83D7A9002310FA00C1BF3A
:108540000149F1B75D71A6C2CAC0AA84035985006A
:1085500003552500A2C44EDE56DA5AD85ED662D440
:1085600066D26AD086C652DC6ECE2E8BEFF02053D8
:10857000930BD5FF7115931905010144138DD40098
:1085800093D90901138C81A6938C01A797DAFE1F5A
:10859000938A4A766358741583C6C40083D5A400B1
:1085A0001307E1006A864A85EFF0AF8FAA8D630B4F
:1085B00005120359A500834585000356E10003D544
:1085C0002400EFF0DFC36314051283C8440083A6C0
:1085D0000C000356E10003D524004E888147138721
:1085E00081A6EE85EFF02FE2631305101DCC83D733
:1085F00081A617D7FE1F035707708907630EF7067A
:1086000097D7FE1F83D7276F3354F40203D5240076
:1086100097D5FE1F9385056E97D7FE1F239C876C09
:10862000EFF0900505C5594515A003D52400416616
:108630004D4781467D16A545EFE08F9497D7FE1FE5
:1086400023ACA76A1DE123102B014545B640264403
:1086500096440649F259625AD25A425BB25B225C96
:10866000925C025DF24D6161828083570C00890744
:1086700017D7FE1F2311F76883D781A6A29763D36C
:10868000770783A74A0003D7AD00130A2400A297F7
:108690002380E70005049317040103A44A00C18363
:1086A000420A3E9483D7AD0083A50C00135A0A01F9
:1086B000A1832300F40003A54A0003D681A65295A6
:1086C0009780FE1FE780201003540C00C167FD1740
:1086D000529442044180E30FF9EA05094209135913
:1086E00009014DBD294509FC23102B0185B76DDC1F
:1086F00001BF8357050081E789473E85828041118C
:1087000026C2444122C406C683C60400D0402A843F
:10871000894517950100130525C4EFF0402419C9B8
:10872000834724002547E51793F7F70F6376F70291
:10873000E14729A883C60400D04089451795010068
:108740001305C5C1EFF0A02161FD8947B240224465
:1087500092443E854101828083D641858547FDD67E
:10876000035704003697C166E3C2E6FE9165938520
:10877000257031459790FE1FE78020DEAA84CD4703
:1087800071D5314681459780FE1FE78040078357AA
:10879000040083D5418501460147B386E500C20642
:1087A000C1826369F702AE97C207C18319C2239AD7
:1087B000F18423A004002146A285138544009780FC
:1087C000FE1FE7804000938741A79C4391EF23AAB7
:1087D00091A631A850401315470005072A96231586
:1087E000D60005465DBFBA87984375FF84C38147AD
:1087F000B1BF011106CE22CC26CA4AC809E9894474
:10880000F240624426854249D244056182802AC6EC
:108810002A84280036892314B1002305C100EFF013
:108820005FEDAA8471FDE30D09FC8357A400E1DB31
:1088300091659385557031459790FE1FE780E0D193
:108840000DC58357A40023200500232425012312EE
:10885000F500938701A89C4389E723A0A1A84DB701
:10886000BA87984375FF88C361BFCD4451BF83C7A2
:10887000A1A695E385472385F1A6058909CD97A68D
:10888000FE1F9386E6E44146914517A5FE1F13059A
:1088900025E06FF01FF601458280A384A1848280C9
:1088A000C167FD176315F5002E856FE06FA34111B9
:1088B00006C6EFE0EF9C11C5FD572310F50023011C
:1088C0000500B2404101828001114AC806CE22CC87
:1088D00026CA85472A896393F5044A85EFE0AFCC21
:1088E00039E9C1649385F4FF1307E10089461796BF
:1088F0000100130626A50545EFE0BFDA2A84FD1422
:108900000DC44C444A85EFF0BFF90356E1002285BF
:108910008146A685EFF00FA32A84DDB789476396C9
:10892000F5008545EF20802C4DD9F2406244D244B9
:10893000424905618280EFE00FC265B7411106C66A
:1089400023AC01A623AE01A623A601A617D5FE1FC0
:108950000345D54341CD9307200C3305F5029165BE
:10896000938515701905420541819790FE1FE78098
:10897000C0BE23ACA1A69307200C17D6FE1F03464A
:10898000F6403306F602814519069780FE1FE78000
:1089900000E7938781A79C4317D7FE1F0347173F24
:1089A00081459386870B7D5563E8E5069306800B2A
:1089B000B306D7020146FD550507B69723AEF1A6CB
:1089C000BE862390B600A381B6002381B600238221
:1089D000060005069906E366E6FEF9562390D700E1
:1089E00099463307D702BA9723A6F1A617E5FFFFEA
:1089F0001305C565EFD0DFD217F5FFFF130505811D
:108A0000EFE0907C17E5FFFF1305C55AEF204015F6
:108A1000B2400145410182802394A6F41386C6F436
:108A200023100600232406003106E31BD6FE85052D
:108A30009386860B95BF411122C42A8406C6EFD0C7
:108A40004FF5EFE02F8C238481849387C1A6884360
:108A5000EFE00F89238B81842244B2401705000088
:108A60001305C5E641016F20A00F93970501C1874B
:108A700063D00736797103C5818422D452CC06D6DF
:108A800026D24AD04ECE2E8AEF80AFF12A8421C959
:108A9000034705009307000B6310F7048547A30401
:108AA000F100938701A79C4323150100A1E7EF0084
:108AB000C07D9165938535709790FE1FE780E0A992
:108AC00023A8A1A605E98347910099C783454400DF
:108AD00013058400EFD09FE22285EF806FE5B2504E
:108AE000225421653345AA0092540259F249624A40
:108AF000456182806146814517D5FE1F1305851F9C
:108B00009780FE1FE780A0CF03494400894797D98B
:108B1000FE1F9389291E631DF906EF00007797D782
:108B2000FE1F2399A71C03552400CE85EFF0C01922
:108B30000357240097D7FE1F83D7C71B8356840093
:108B400011ED63E4F6002314F400835584003A85A4
:108B5000EFD07FBD2285EFD05FB4B5B763E4F600F8
:108B60002314F40083578400D9450D4697D6FE1F81
:108B70002392F61897D6FE1F9386C6173A85EFD034
:108B8000DFB48D4561D917D5FE1F1305A516E1A0E9
:108B90009947631CF9029305A1002285EFF02FCCC1
:108BA000AA844DD9D947639BF40E050903552400C7
:108BB0001379F90FD94597D6FE1F9386A6134A86D7
:108BC000EFD0BFB0CA8559D57DBFA1476318F90062
:108BD0009305A1002285EFF0FF96D9B7A947631F3F
:108BE000F906035584006C00EFE08FE4AA84630764
:108BF00005160355240041669306E10055477D168E
:108C0000AD45EFD0FFB797D7FE1F23A7A70EAA86C3
:108C100049C1834844000358E1000356C10003558D
:108C20002400A68581474E87EFE0FFFDAA846316E6
:108C3000051003552400CE85EFF0E029E30C05F084
:108C400003552400CE862D46D945EFD01FA8E30357
:108C500005F0AD454E85EFD07FCAEDBDB147631538
:108C6000F910035584006C00EFE08FDCAA846307E1
:108C7000050E0355240041669306E10059477D1611
:108C8000B545EFD0FFAF97D7FE1F23A7A706AA864B
:108C90003DE183578400C5442315F10003471400C8
:108CA000D147E309F7EA834744000355240097D5E9
:108CB000FE1F9385250417D7FE1F230DF702835748
:108CC000A10017D7FE1F2318F70297D7FE1F238591
:108CD0009702EFE0B06EE30F05E60355240097D648
:108CE000FE1F938626010546D945EFD01F9EE3035C
:108CF00005E6854549BD834844000358E100835794
:108D0000A4000356C10003552400A6854E87EFE05A
:108D10009FEFAA841DE103552400CE85EFF060216A
:108D2000E30A05E203552400D945CE863546EFD047
:108D3000DF99B545E30005E2B9B5D9476393F4007F
:108D4000814403A549009790FE1FE780608DE3836F
:108D500004E0835784002315F10089B7835784000A
:108D600085442315F1001DBFB9476318F900930529
:108D7000A1002285EFF0CF9725B5C1476318F90010
:108D80009305A1002285EFF0EFDB19BDC947631AF7
:108D9000F900130691009305A1002285EFE02FFB57
:108DA00001B5D947631DF9009305A1002285EFE0C5
:108DB0002FE9AA84E31805DEA304010061BBE147A3
:108DC000E31AF9D89305A1002285EFE08FD5C9BB3E
:108DD00001458280F9CA011152C42E8A854522CCF0
:108DE0004EC656C206CE26CA4AC8AA8AB689328458
:108DF000EF10D05FD14715C183C7C1A883C6D1A8E2
:108E0000814419E0B684BE86138741A8184393971E
:108E10004400BA9763EDD400D547F2406244D2448F
:108E20004249B249224A924A3E85056182803E8982
:108E3000C10703D727FF09C7850493F4F40FD9BFEF
:108E400039CC9565938525C0130500029780FE1FD8
:108E5000E780A0702326A90061D113060002814596
:108E6000938404049780FE1FE78060992311990082
:108E7000230009002313590115C4138741A983470F
:108E8000940010432304F900118C8327C900118436
:108E90001180238E870023A029018147BDBF23268F
:108EA0000900F9B723044901FDB785473E85828053
:108EB000938741A8984383C5C1A881476395F5006E
:108EC00081463685828003562700BA8619C2E30A96
:108ED000A6FE850793F7F70F4107CDB7938741A803
:108EE000984303C6C1A881476315F60081463685BD
:108EF000828083552700BA8689C583454700E38869
:108F0000A5FE850793F7F70F4107F9BF938741A99E
:108F1000984383C5F1A881476395F500814636855E
:108F2000828003560700BA8619C2E30AA6FE8507A7
:108F300093F7F70F4107CDB7938741A89C4303C828
:108F4000D1A801476315E80081463685828003D6A3
:108F50002700BE8619CA03D667006318A600D0474B
:108F600009C603562600E302B6FE05071377F70F7E
:108F7000C107C9BF411122C4404526C206C6AA8402
:108F800015C0484409C59780FE1FE78060694848BE
:108F900009C59780FE1FE780A06822859780FE1F85
:108FA000E78000682685414681459780FE1FE7805F
:108FB0000085B2402244FD57A384F400924441014D
:108FC0008280011122CC2A840355250006CE2EC6AC
:108FD000EF10700C324622858145EF001069228522
:108FE0006244F24005616FF0FFF80DC5035725009C
:108FF000411122C406C62A8411CBDD45EF00D06A98
:1090000022852244B24041016FF0DFF6B240224493
:10901000410182808280411126C231479304C5FFFD
:109020003387E40297D7FE1F938747CE06C622C434
:109030003E978356A7006397B602484305C53E8412
:109040009307F00F6306F60083470500639CC70093
:109050009780FE1FE780C05CB147B387F402A297F8
:1090600023A20700B2402244924441018280411170
:1090700022C42E8426C24946AA848145228506C67A
:109080009770FE1FE780A077B9CC83C7C401139700
:109090004700938741A99C43BA9703D70700231041
:1090A000E40003D7270083D767002311E400138768
:1090B000A1A8035707002312E40003D704002313D9
:1090C000E40003D724002314E40003D7440023154D
:1090D000E40003D764002316E40003D784002318B8
:1090E000F4002317E400B2402244924441018280FC
:1090F000938741A903A80700938741A8904383C59C
:10910000C1A8014781476394E5003E85828083467C
:10911000060081CE544691CA83C6C6019206C29605
:109120006315D500850793F7F70F05071377F70F3A
:109130004106D1BF130600643386C502930695002D
:10914000AA8517050000130585EA6F80EFE041113D
:1091500022C406C62A8403459500EF808FF3FD578D
:10916000A304F400B240224441018280011122CCC8
:109170004AC84EC652C456C206CE26CA2A89AE89ED
:109180000144138A41A89D4A83C7D1A86362F404AD
:1091900063970902938941A8130AF00F83C7C1A8F6
:1091A0006366F4061144A1442285050442041306B3
:1091B000F00FCA854180EFF01FE6E31794FEF240FE
:1091C0006244D2444249B249224A924A05618280AD
:1091D00083270A0093144400BE9483C704009DC3F0
:1091E00083D76400639027036396590103D5240055
:1091F000EF10606A26854E868145EF001047268570
:10920000EFF05FD705041374F40FBDBF83A7090007
:1092100093144400BE9483C704009DC383C7940085
:109220006380470383D76400639C27012685EFF0A2
:109230001FF22685D145EF0030472685EFF09FD3FA
:1092400005041374F40F99BF41677917630BE502A6
:10925000411122C406C685472A846399F5002285F8
:109260002244B240814541016FF05FF08947639627
:10927000F5008545EF1090177DD1B24022444101A1
:10928000828082809D456FF07FEE03D5A1A8828009
:10929000011106CE2317A1002316B10003C781A830
:1092A00085476318F70070009305E1000545EF500E
:1092B000D016F24005618280A947631CF60483C77B
:1092C000150003C70500A207D98F2310F50083C737
:1092D000350003C72500A207D98F2311F50083C7E6
:1092E000550003C74500A207D98F2312F50083C795
:1092F000750003C76500A207D98F2313F50083C744
:10930000950003C78500A207D98F2314F5000145F6
:1093100082800545828091476314F60283C7150059
:1093200003C70500A207D98F2310F50083C73500B6
:1093300003C72500A207D98F2311F50001458280BC
:10934000054582809387C5FF93960701C1820D472B
:109350006360D70231473387E70297D7FE1F9387B1
:10936000E79ABA972381A7002390B700014582802E
:109370000945828013074020AA876374A7009307DA
:109380004020F1172395F1A82387B1A82388B1A81D
:1093900082801905956542054111938535C041814B
:1093A00006C69780FE1FE780401B11C5B240E955F5
:1093B00041016FE02050B24041018280238601A824
:1093C000238701A8A38701A8A38601A8238401A855
:1093D00085470111A384F1A806CE2AC622CC238F8B
:1093E00001A8239501A823A201A8EF10C05332457C
:1093F000130600038145238CA1A817D5FE1F130572
:10940000E5909770FE1FE780803F03C5C1A905CD99
:109410009565938545C012059780FE1FE780E01390
:1094200023AAA1A80DC19387C1A983C7170003C6AA
:10943000C1A98145A386F1A8A387C1A81206977088
:10944000FE1FE780C03B9387D1A883C7070017D5CD
:10945000FE1F0345A59395653E951375F50F23866D
:10946000A1A8938555C012059780FE1FE780E00EE6
:1094700023A2A1A841C103C6C1A8120681459770C5
:10948000FE1FE780C037938741A8984383C6C1A8D1
:10949000814725077D566398F604EF10C06BB147EE
:1094A0003305F5029565938565C042054181978036
:1094B000FE1FE780800A23A0A1AA2A8401CDEF1015
:1094C000806931463306C502814522859770FE1FAB
:1094D000E780E0326244F24017050000130505D72B
:1094E00005616F10E06785072300C70093F7F70F4A
:1094F000410755B7238601A8A38601A879BF41116A
:109500009397050126C206C622C4C187AE8463DADA
:10951000070803C581A9EF70DFC82A8429C903475A
:109520000500930700096311F70403471500CD47B1
:109530006317F7060345250097C5FE1F83C57566AB
:1095400083C7E1A893066400014601472E8863178C
:10955000E50219C22387F1A883C7E1A891C7854511
:1095600003C581A9EF709FF52285EF707FBC21654F
:10957000258DB240224492444101828003C60600F8
:10958000B29713F6F70F9377F80F6374B6009377DB
:10959000F60F05071377F70F890605464DBF01251E
:1095A000E1B793F715000145E9D7EF00106C09C941
:1095B00083C7E1A891C7854503C581A9EF701FF056
:1095C00013C514007DB785462A8763FBC60483C78D
:1095D000150003C60500A207D18F2310F500639C78
:1095E000D70083C7350083C62500A207D58F231176
:1095F000F50001458280894601456394D70283C7FF
:10960000350083C62500A207D58F2311F70083C735
:10961000550083C64500A207D58F2312F70082802C
:109620000545828091476314F60283C7150003C77E
:109630000500A207D98F2310F50083C7350003C7A3
:109640002500A207D98F2311F50001458280054529
:10965000828091476314F60283C7150003C7050093
:10966000A207D98F2310F50083C7350003C7250053
:10967000A207D98F2311F50001458280054582801C
:10968000A1476314F60483C7150003C70500A207AA
:10969000D98F2310F50083C7350003C72500A20723
:1096A000D98F2311F50083C7550003C74500A207D2
:1096B000D98F2312F50083C7750003C76500A20781
:1096C000D98F2313F50001458280054582808947A3
:1096D000631CF60083C7150003C70500A207D98FD6
:1096E0002310F500014582800545828083572600BE
:1096F00079714ECE06D622D426D24AD01307F0076F
:10970000AE896372F70209473AC42316F1003000AC
:1097100093F5F50FEF100017B250225492540259EE
:10972000F2494561828003574600D9462A8932842E
:1097300063F8E6008357660063F4F6006379F70088
:1097400023140100300093F5F90F4A85E1B7035562
:10975000060002C4EFF08FFBAA8459C1EFF05F99B5
:1097600083C784006369F5001146A246CE854A8509
:10977000EF10E00655B7340026869305F00F4A85B2
:10978000EFF04FE575F1A24703578400DC472390C3
:10979000E700035724002391E70003574400239276
:1097A000E700035764002393E70003D744002394A2
:1097B000E700DC4485CB93F4F90F2286A6854A8521
:1097C0008297C167FD172A86E311F5FA224599476A
:1097D000F9452300F50023029500EFF0BF952DBF5A
:1097E000094661B7014651B7A947631CF60483C710
:1097F000150003C70500A207D98F2310F50083C702
:10980000350003C72500A207D98F2311F50083C7B0
:10981000550003C74500A207D98F2312F50083C75F
:10982000750003C76500A207D98F2313F50083C70E
:10983000950003C78500A207D98F2314F5000145C1
:1098400082800545828083C705002300F50083C719
:109850001500A300F50083C7350003C72500A20744
:10986000D98F2311F50082802322050003C745000C
:1098700089476304F7000545828083D665000D475C
:10988000E37BD7FE9C45011106CE22CC26CA4AC8EE
:109890004EC683C4170003C60700A204D18C1386EA
:1098A00044006311D60403C4370083C72700AE8980
:1098B00022045D8C9307C4FFC207C1832A89636FAA
:1098C000F70003A589002311990023108900F155A1
:1098D000EFD0507E2322A900014531A02285EFF070
:1098E0002FDD65F10545F2406244D2444249B24958
:1098F00005618280397122DC2E84834704004AD8B6
:1099000006DE26DA4ED619472A89B285639AE7061B
:10991000034624002800EFF0FFD0AA8415E9035580
:109920008100EFF0EFD8AA898345140015C92E866F
:1099300017170000130767E834009D454A85EF00BC
:10994000903E4E85094681450D234E85EFF08FE20E
:10995000F250625426854259D254B2592161828014
:1099600089472310F100835781000A862311F100F3
:109970008357A1002312F1004A85EF00B070C9BFE0
:109980004947639DE702035624002800EFF05FCFAC
:10999000AA845DFD97C7FE1F83D7073899E38144EA
:1099A00045BF03471400834604003C000146CA85B6
:1099B00017C5FE1F03456536352E59BF51476390C5
:1099C000E702035624002800EFF01F8FAA8449F114
:1099D0008345140030004A85EFF05FD195BF5947A9
:1099E000639FE704035624002800EFF0DF92AA8467
:1099F00025F1835581004A85EFF00FD41DC55845E8
:109A00008356A10083570700B697C207C18323106E
:109A1000F700D1D75C47C1D783C7E1A8C9D3854533
:109A200003C581A9EF709FA925B789473EC0835719
:109A300081000A86834514002312F10035BF834557
:109A400014000A8623100100EF00D06389BF5D7106
:109A5000A6C256DA86C6A2C4CAC04EDE52DCAA8AA4
:109A600003C51500AE8432C6EFF04FC7B24501ED15
:109A70008144B6402644268506499644F259625AE6
:109A8000D25A61618280230205002311050083C937
:109A9000040085472A84639AF90003C62400280835
:109AA000EFF07FB2AA8405492DA09D476394F90485
:109AB000034705008D47E31DF7FA03C62400280875
:109AC0000549EFF01FB9AA8409E5054681452285BD
:109AD000692E2285EFF0AFE7034584003C0801477B
:109AE000CE862686D6853924E30509F82285EFF04F
:109AF0006FC841B7CD47639DF90003470500914703
:109B0000E318F7F603C624002808EFF05FBC59BF3E
:109B1000D547E39FF9F4034A05008947E31AFAF4AD
:109B200003C6240028080549EFF01FCCAA8455F18C
:109B300083570102BDE3035781011306F0035C4420
:109B4000930607FCC206C182636CD6000356A101CE
:109B5000D94663F7C6008356C101D94563EFD500E6
:109B6000035524002391E7000549EF00D052035626
:109B70000102D2852285612CA9BF8355E101239181
:109B8000E7002392C7002390B7002393D7008547AF
:109B90002300F400014A0149D9BF014AC9BF7971C4
:109BA000AA8522D426D203542500AA84280806D6E2
:109BB000EFF09FCBF24599E535E985452285EFF039
:109BC0002FEDC1A0835781011547639BE70603571B
:109BD000A1018D4763FCE7046800EFF0DFC603577F
:109BE000E100DD4763FCE7008345D100B7071700BC
:109BF0008507100822853EC8EF00D0488357E10052
:109C00000357A10191076305F7002285EFF08FE765
:109C10008347C10072466C00858B1106228591CF67
:109C2000EFF0FFE201C52285EFF0CFE5884451D582
:109C30009780FE1FE780C09E49B7EFF0BFCBDDB72E
:109C400011476389E7001387A7FF420741838546D1
:109C500063EEE6023147F117B387E70217C7FE1F2D
:109C60001307C70ABA9703D7070069D303C52700AC
:109C70003008A2850D205DF9035781019147E31E4D
:109C8000F7F2B25022549254456182802C0822850A
:109C9000B92649FDFDB701114AC82A89314526CAAE
:109CA00006CE22CC2EC6B284EF704FCB31C1B24566
:109CB0009307000A2310F5002311B5002A842146DA
:109CC00011058DC0A6859770FE1FE780C0AFA285E5
:109CD0004A85EF708FD30145F2406244D244424935
:109CE0000561828081459770FE1FE78040B1C5B74E
:109CF0000545DDB7797126D2AA841305000206D680
:109D000022D42ECE32CC36CA3AC83EC6EF700FC52A
:109D100031C96246F2454247D246B2472A8413050A
:109D200020FA2300A400A300C4002311B4002302DE
:109D3000E400A302D40013058400614691CFBE85E0
:109D40009770FE1FE78020A8A2852254B250268576
:109D5000925445616F706FCB81459770FE1FE7800D
:109D600000AADDB7B2502254925445618280584512
:109D7000797122D406D62A84AE8641C38357270040
:109D8000231DF10093072006639FF5049387A1A884
:109D900003D60700835767006373F600B28713F694
:109DA000F70F83552701834707018D8F93F7F70F2F
:109DB00081E5890793F7F70FB297FD17B3C7C7027D
:109DC000231EF1008357240083556400034584005B
:109DD000231CF10001473C080146EFF0BFF1B250EF
:109DE0002254456182800347C701938741A99C4360
:109DF0001207BA9783D76700E1B72EC61946814587
:109E000028089770FE1FE780809FB24665BF797172
:109E100022D406D626D22A848DC1814701479306D3
:109E200000062E868355640003458400EFF09FEC06
:109E3000B2502254925445618280B284280059461F
:109E40009770FE1FE780A09B2314910089E8835739
:109E5000240048446C002315F100EFF04FA13C00B2
:109E6000014793060006014675BF797106D6814702
:109E700099ED8357250058452316C1002314F1009E
:109E80003C0011C7835727002315F1003C002E86A4
:109E90008355650003458500014793060006EFF0F2
:109EA0007FE5B25045618280411122C406C68347D6
:109EB000050011472A846395E7022E8683556500C5
:109EC0000345850081470147CD46EFF0BFE2494693
:109ED000835564002244B240154541016FF0AF93B1
:109EE00013F7B70F89466317D7000146EFF03FF22B
:109EF0005146F9BF0D476398E7002244B24001463E
:109F000041016FF09FF6B24022444101828083D725
:109F100005003147F1173387E70297C7FE1F938784
:109F2000E7DEBA97D84319EBD8412395A70001453E
:109F3000D8C303D725002394E70082805945828047
:109F4000797122D4404526D24AD006D6AA842E89D9
:109F500025C0484419C59770FE1FE780606C232612
:109F600004008357040083D5640003C584002315CF
:109F7000F100835724000147930640062316F100A1
:109F8000835784004A862317F1001C483EC883D7B4
:109F900024002314F1003C00EFF0DFD5A30E2401D0
:109FA00023280400B2502254925402594561828001
:109FB0002800314681459770FE1FE780408483D793
:109FC000240083D5640003C584002314F1000147F5
:109FD0003C00930640064A86EFF0DFD1E1B7797185
:109FE00052CC2A8A03D5050026D206D622D44AD0DE
:109FF0004ECE56CAAE84EFE0BFEB19E18547BDA84F
:10A000004045AA8965DC83576500E39947FF83577C
:10A010008400638707128346C401938A41A903A77A
:10A020000A009206FD173697C20703576700C183DF
:10A030002314F4006316F70093053006EFF03FD3C6
:10A040005C48A5EFC8400349150083470500220975
:10A050003369F90083D7240013072900631AF70234
:10A06000F955EFD03005C8C02391240103C58900FC
:10A070002686D285EFF03FC2814721E1B2502254BB
:10A0800092540259F249624AD24A3E854561828021
:10A090009565938515C04A859770FE1FE780E04B54
:10A0A00048C8C840231C2401F955EFD0B00083D71D
:10A0B0002400C8C0F9172391F400484859C503D6B5
:10A0C00024008356A401835784013308D60063C05B
:10A0D00007090347C40183A70A0095451207BA97E9
:10A0E00083D7270063CF0705CC4036959760FE1FC6
:10A0F000E780606D0357A40183D72400BA97C20795
:10A1000003578401C183231DF400E399E7EE03D7CD
:10A11000290003C5890030002314E1005848D28586
:10A120002315F1003AC6EFF01FB711C548489770E4
:10A13000FE1FE780E04E232A0400232C04007DBD8F
:10A1400099454E85EFE0FFE755BDA545DDBF91453B
:10A15000CDBF03D7250079CB83D6A1A8ED4763E80F
:10A16000E60C011122CC2E8426CAAA8448409145CF
:10A1700006CEEFD0207483572400AA862300F50072
:10A1800083572400A183A300F50083570400230113
:10A19000F50083570400A183A301F50003562400B2
:10A1A000C167F9171106420641826394F4042AC478
:10A1B000314532C6EF609FFAAA85CD470DC593079A
:10A1C00000F93246A2462300F500F9572311F500A5
:10A1D00089472302F5002313C50014C503C581A9CF
:10A1E000EF70AF828147F2406244D2443E85056100
:10A1F000828081452685EF40F02FAA8701E903C7B9
:10A20000E1A875D37D172387E1A8F1BF0947630251
:10A21000E5021D476301E50249476300E5027D470A
:10A22000E313E5FC03C7E1A88147E1BFED473E85A5
:10A230008280D1474DBF91477DB789476DB70111E6
:10A2400022CC4AC831441309C5FF3304890297C799
:10A25000FE1F9387A7AB06CE26CA3E94584031C74F
:10A2600083C6E1A8BE84854795CA2314A1008357FD
:10A2700084000355A4002C003AC62315F100EFF02A
:10A280005FED11C548409770FE1FE7806039B14708
:10A29000B307F902A69723A207008547F24062445C
:10A2A000D24442493E85056182808147C5BF7971AC
:10A2B00026D244451387A1A84AD083D76400035906
:10A2C000070052CC06D622D44ECE56CA2A8A63F351
:10A2D00027013E8903D7240142091359090183D775
:10A2E000040141CB998F4A8463D527011394070158
:10A2F000418089452285EFF0CF89AA89CD4A25C1C1
:10A3000083D724002AC6231581002314F10083D7A4
:10A31000240185E383D70401930925002300F50078
:10A3200083D70401A183A300F5006376240503D439
:10A33000040183D72401CC4422864E85BE959760C4
:10A34000FE1FE780404803556A002C00EFF07FE0D5
:10A35000AA8A15C54E859770FE1FE780602CB25003
:10A360002254568592540259F249624AD24A4561B2
:10A37000828089078DBF7914420441805DBF03D775
:10A38000240183D704003A94FD17C207420403D77F
:10A390000401C18341802390F400239984006377F2
:10A3A000E400D5FFFD57A38EF40055BF81455285CB
:10A3B000EFF01FB96DB701114EC683C9E1A922CCD8
:10A3C00052C456C25AC006CE26CA4AC84E84138A00
:10A3D00041A8854A130BF00F83270A009314440009
:10A3E000BE9403C9040063175907DC44A5C7D847C6
:10A3F00035C303D7070039C383C7E1A889CF2685B2
:10A40000EFF0FFEAAA8515E5050483C7D1A8635FCD
:10A41000F400238F81A8F24062444A85D244424925
:10A42000B249224A924A024B05618280238F01A8D9
:10A43000DDB72685EFF0DFB00149F1BF83C7D70153
:10A44000639A6701930520062685EFF05F92DC444E
:10A45000A38E070005041374F40F83C7D1A86363A8
:10A46000F4000144E31A34F7C1BF4111154506C693
:10A47000EFF0FFDC09C50545B24041018280194576
:10A48000EFF0FFDB6DF91145EFF07FDB6DF51D455A
:10A49000EFF0FFDA6DF183C7D1A8F9DFB2404101D7
:10A4A0006FF07FF183D705000D47F117C207C18315
:10A4B0006361F706DC41B1CF411122C42E8485458A
:10A4C00026C206C6AA841D2739C526858125C167EF
:10A4D000F917638FF40009ED8357240091CB83565D
:10A4E00004001947639FE60203D7A1A863FBE702B4
:10A4F00083C7E1A8A285268599C72244B240924429
:10A5000041016FF01FC52244B240924441016FF0F7
:10A510001FA0094582805145B24022449244410126
:10A5200082806D45D5BF397126DA4ED6AA84AE89B0
:10A530005D4589454AD806DE22DC328936C63AC4F2
:10A54000EFE03FE525C522472A84014511C7B24601
:10A5500013054400B6850297935785002300340104
:10A56000A30024012301A400A301F40011059547D1
:10A57000231DA100231CF10022CE83C7E1A82C08D3
:10A58000268595C3EFF0FFBCAA8411C5228597707C
:10A59000FE1FE780E008F250625426854259D254EB
:10A5A000B25921618280EFF09F96F9BFCD44E5B7A3
:10A5B000797126D24AD052CC56CA06D6BA8A22D44B
:10A5C0004ECE19472E89B284368A639BE506035521
:10A5D00026000944EFE0DF8D2AC63DC95C4583595A
:10A5E000650083D727002390F400B24715472380E6
:10A5F000570103C691A82391E700130716001377AC
:10A60000F70FA384E1A82382C70001E70547A384CD
:10A61000E1A85147631AE90015472391E400DC479C
:10A6200003D784002394E7005287A686CA854E8507
:10A63000EFF07FEF2A84324515C4EFE0BF9309A8FD
:10A6400042867400BE85AA89EFE0CFF82A8451DDE6
:10A650002285B250225492540259F249624AD24A97
:10A6600045618280F945EFE0FFACDDB783D7050097
:10A670002300F50083D70500A183A300F50083D74D
:10A6800025002301F50083D72500A183A301F50050
:10A690001145828083D705002300F50083D705008C
:10A6A000A183A300F50083D725002301F50083D7FC
:10A6B0002500A183A301F50083D745002302F500FF
:10A6C00083D74500A183A302F50083D76500230348
:10A6D000F50083D76500A183A303F500214582809F
:10A6E00083D705002300F50083D70500A183A300CD
:10A6F000F5000945828083D705002300F50083D744
:10A700000500A183A300F50083D725002301F500F0
:10A7100083D72500A183A301F50083D74500230239
:10A72000F50083D74500A183A302F50083D7650018
:10A730002303F50083D76500A183A303F50083D726
:10A7400085002304F50083D78500A183A304F500C9
:10A750002945828003D705008546AA872300E500A6
:10A7600003D705002183A300E50003D70500631D7F
:10A77000D70003D725002301E50003D72500218357
:10A78000A301E5001145828009456315A70203D79F
:10A79000250019452381E70003D725002183A381E4
:10A7A000E70003D745002382E70003D74500218354
:10A7B000A382E700828083D705002300F50083D7BA
:10A7C0000500A183A300F50083D725002301F50030
:10A7D00083D72500A183A301F500114582807971FB
:10A7E00026D24AD04ECEB2842A89AE8929468145E6
:10A7F000480022D406D636849760FE1FE7802000EA
:10A800002316910085EC835724002312F1009387CF
:10A81000A1A883D707002314F1005C4485C383C635
:10A82000C701138741A91843920683D7870036973B
:10A83000035727002315F1002313E1004A8517076A
:10A840000000130787EB540013F6F90FD545EFF01E
:10A850009FCD2A8911C19DE085472300F400230282
:10A860000400014681452285EFF06FDAB250225490
:10A870004A8592540259F249456182802285EFE06F
:10A880006FEFEDB7B286170700001307E7EC2E86CF
:10A8900085456FF05FC901112317A1004165700064
:10A8A00001489307F00F0D4797060000938646DC9A
:10A8B00099457D1506CEEFF0BFCFF240056182804D
:10A8C000B28701482E861147970600009386C6DCA2
:10A8D000C9456FF0FFCDB28617070000130787E068
:10A8E0002E86CD456FF03FC4011122CC26CA4AC83E
:10A8F0004EC606CE2A89AE8917B4FE1F130404443F
:10A9000097B4FE1F938484461C4081C7CE854A8538
:10A9100082971104E31A94FEF2406244D244424901
:10A92000B2490561828017B5FE1F0345152893774C
:10A930003500098117B7FE1FA30AF744AA9717B776
:10A94000FE1F2305F744BDCF1305C0033385A702BF
:10A95000A5654111850506C69770FE1FE780E0BF1B
:10A9600023A2A1AA9307C00317B6FE1F03460642FF
:10A970003306F60281459760FE1FE78040E8938723
:10A9800041AA9C4397B6FE1F83C6464001478907EC
:10A990007D56634FD700B24013060003814517B5BB
:10A9A000FE1F1305A53941011763FE1F670023E54C
:10A9B0002390C7002381070023A50702050793877B
:10A9C000C703C1BF8280938741AA984317B6FE1F71
:10A9D0000346C63B81476315F60081463685828073
:10A9E000BA861307C703835567FCE389A5FE85076D
:10A9F00093F7F70FCDB7011122CC2EC632C406CE85
:10AA00002A84EFF05FFC2246B24511E9C167F917CD
:10AA10006303F4005145F24062440561828054555D
:10AA20008347450095C213F7270141456314A700EA
:10AA3000154575F2C18B3D45F9DF83C7A601014578
:10AA4000E3FBB7FC3145C1BFC18B0145E9F71545B3
:10AA5000D9B7797126D2C16422D44AD04ECE52CC15
:10AA600056CA06D62A890144938941AA130AC0030B
:10AA7000FD14854A97B7FE1F83C747316364F4000E
:10AA8000014535A8B307440303A70900BA9703D7C4
:10AA900027006316970005041374F40FE1BF03C584
:10AAA0005700300093856700EFB000361946CA851D
:10AAB00028009760FE1FE78000DAE31E55FDB250C4
:10AAC000225492540259F249624AD24A4561828024
:10AAD000938741AAC166984397B5FE1F83C5052B8E
:10AAE0008147FD166395F500014632858280035843
:10AAF00027003A866306D80003480700E307A8FE4C
:10AB0000850793F7F70F1307C703E9BF411106C67F
:10AB1000EFF07FEB11C503554501B2404101828042
:10AB20000145E5BF938741AA984397B6FE1F83C6A8
:10AB3000E6258147110701456393F60082800346AD
:10AB4000070001C605051375F50F850793F7F70F85
:10AB50001307C703D5B717B5FE1F0345252382800A
:10AB600017B7FE1F1307871D8147BA8631460C436E
:10AB700091E58A07B69788C301458280850711074A
:10AB8000E397C7FE4D458280411106C622C4EFF00F
:10AB90009FE31DCD2A84035525008545EFF0DFD4C2
:10ABA000485409C59770FE1FE78080A722851306C9
:10ABB000C00381459760FE1FE78060C4FD572311E5
:10ABC000F400230204000145B24022444101828086
:10ABD0000945DDBF411106C6EFF0FFDE11C5034593
:10ABE000C500B240410182800145E5BFC167F91748
:10ABF0006304F502411122C406C62E84EFF0BFDCC7
:10AC0000AA87014591C703C54700698C3335800089
:10AC1000B24022444101828005458280011106CE66
:10AC20002EC6EFF05FDA854711C903574501B245DB
:10AC300085476305B700231AB5008147F2403E857A
:10AC40000561828031C901114AC8416922CC26CAF6
:10AC50004EC652C406CE0144AA84938941AA130A5F
:10AC6000C0037D1997B7FE1F83C74712634AF400DC
:10AC7000F2406244D2444249B249224A056182808C
:10AC80003305440383A709003E958357250063835A
:10AC9000270182940504F9B78280938741AA9C43D7
:10ACA000C16617B6FE1F0346660E890701450147B8
:10ACB000FD1691456313E600828003D807006309FF
:10ACC000D80003C8A7006315B80005051375F50F74
:10ACD00005071377F70F9387C703E9BF938741AA47
:10ACE000944317B6FE1F0346660A01479106814743
:10ACF0006310E602858393C7F7FFC207C18305454A
:10AD00006364E50285473395A7004205418182804F
:10AD100083C5060081C583D5C602CD8F050713778D
:10AD2000F70F9386C603E9B793F61700E1FE050512
:10AD300085831375F50FE9B7797156CAAA8A2E85EE
:10AD400026D24AD04ECE52CC5AC85EC662C406D66F
:10AD500022D4AE84328B368CBA8B3E8AC289468925
:10AD6000EFF07FC649E141657D15EFF0DFC52A842C
:10AD7000554531CC1946DE8513056400A3028401D4
:10AD80009760FE1FE78020A48357010323119400DE
:10AD9000230264012319F400835741032300540163
:10ADA00023260402231AF400230644012317340146
:10ADB00023182401EFF09FF22318A402232A04028F
:10ADC0002685232C04028145EFF01FB20145B250C5
:10ADD000225492540259F249624AD24A424BB24B2F
:10ADE000224C456182804545DDB7938741AA98434F
:10ADF00097B6FE1F83C686F981476395F6004165C5
:10AE00007D1582803A861307C703835547FF6395F4
:10AE1000A500035526008280850793F7F70FF1BF41
:10AE2000938741AA9443416617B8FE1F034808F66A
:10AE300001477D16954811436314E800014582805F
:10AE400083D7260036856380C704CC5A8DCD83C74F
:10AE5000350083C5250089CD938597FD93F5F50FC2
:10AE6000E37FB3FC9387D7FA93F7D70F89EF8280FC
:10AE70009385F7FD93F5F50FE3F3B8FC9387D7FAC5
:10AE800093F7D70FCDDF05071377F70F9386C60328
:10AE900065B7938741AA4166984397B5FE1F83C55E
:10AEA000E5EE81477D1625486394F50001458280D3
:10AEB000835627003A85638CC600545B89CA83C6D3
:10AEC00036009386E6FD93F6F60FE372D8FE85070B
:10AED00093F7F70F1307C703C1BF011122CC2A84D0
:10AEE000494506CEEF804FC215C12AC62285EFF034
:10AEF0009FAD09CD6244324683550503F24017B534
:10AF0000FE1F034555E805616F608FF2F240624411
:10AF10000561828039714ED652D4AE892A8A930552
:10AF20003005414526DA4AD856D206DE22DC32C642
:10AF30003689BA8A9760FE1FE7802062CD4431C906
:10AF40002A8489446382090432468145231AC10058
:10AF500041469760FE1FE780808A5686CE8522850F
:10AF60009760FE1FE78020862146630E0902CA858E
:10AF700028089760FE1FE7800085A28650082C08ED
:10AF80005285EF30104DAA8422859760FE1FE7801E
:10AF90002069F250625426854259D254B259225A3D
:10AFA000925A21618280814528089760FE1FE780C0
:10AFB0000085E1B7411122C4405926C206C6AA84C1
:10AFC00029CC085409C59760FE1FE78060652858A2
:10AFD00009C59760FE1FE780A064685809C597609F
:10AFE000FE1FE780E063285C09C59760FE1FE780CD
:10AFF0002063685C09C59760FE1FE78060620325D7
:10B00000040809C59760FE1FE7808061228597606C
:10B01000FE1FE780E06023AA0402224483D50403D4
:10B02000B240924417B5FE1F0345F5D541016F604C
:10B03000BF81411126C206C622C4AE84EFF0BF987C
:10B0400021C54C592A84A9C183A8C50703A885072F
:10B05000FC59B85983C6650003D6050083C5250091
:10B060002685EF808FB22285EFF0DFF4EFF07FE2EC
:10B0700001CD2244B240924417B5FE1F0345B5D01E
:10B08000854541016F608FC3B24022449244410123
:10B090008280011122CC06CE2A842EC6EFF0BF9208
:10B0A0005C5991CF83D70700B245639A87008547E3
:10B0B0006397F5006244F24005616FF0BFEFF24024
:10B0C000624405618280411106C622C426C2EFF0A7
:10B0D0003FD529C14059AA8415CC8347240085CB8C
:10B0E0009387C1AA9C4389C7DC4399C32285829771
:10B0F000034734009307F002631EF700224403D590
:10B100002400B2409244814541016FF09FF2938741
:10B1100001ABC9BFB2402244924441018280411137
:10B1200026C24AC006C622C4AA842E89EFF0BF896F
:10B1300031C1405945CC835704006399970A83472E
:10B140003400130710026399E70883472400D1C332
:10B150007C540327040883D7470105E713F717003A
:10B160000DC3185403574700058B01CF93072002E6
:10B17000A301F400B2402244924402490545410132
:10B18000828013F7270009CB185403574700098B17
:10B1900001C793074002E9BF918B89CB1C5483D729
:10B1A0004700918B81C793076002D9B79387C1AAE3
:10B1B0009C43E9D3DC43DDDF2285829703473400DB
:10B1C0009307F0028145E317F7FA2685EFF07FE653
:10B1D00055B7938701ABE9BF1307A0026398E70057
:10B1E0006304090013092003CA85C5B7631C09005D
:10B1F0002685EFF04FFD19C58347450093E707010A
:10B200002302F500A6854A85EF705FACA5B779717A
:10B2100026D29947231DB100AA842E858D4522D4BC
:10B2200006D632C636C4231CF100EFE08F962ACE34
:10B230004D441DC13246A246AA85328582962A8493
:10B2400019E52C082685EFF0EFA52A8411C5724573
:10B250009760FE1FE780C03C2685EFF01FC822855F
:10B26000B2502254925445618280411122C42E86EC
:10B270002E849726000093862692894506C626C20C
:10B280004AC02A89EFF0BFF883450400AA844A85A2
:10B29000EFF03FDAB2402244268502499244410150
:10B2A0008280938701AB9C4395CB9C4385CB1D71DA
:10B2B000A2CC86CE984110082A843AC8D841854548
:10B2C0003ACA829701C92306A100035524006C00E5
:10B2D000EFF0BFF9F6406644256182808280AE8738
:10B2E00015C5785505C7834607002380D5008346DA
:10B2F0001700A380D500834627012381D50083460C
:10B300008701584BA381D500D8C182804146814531
:10B310003E851753FE1F6700834E9387C1AA9C4347
:10B3200091C703A38700630303000283094582805A
:10B33000138781B118431DC75843AA8705450DC718
:10B3400003A50708411106C6930605021306050C5E
:10B3500093050506130505040297B2401375F50F12
:10B36000410182800545828082804DC9357122CDA0
:10B370002A840355050026CB4AC94EC756C306CFBB
:10B3800052C55AC1DEDEB68AB2892E89EFF0AFE32C
:10B39000AA8439C50C182285EFF07FF48347240076
:10B3A000138A6400A9CBEF70CFEB2A8B014583CBC6
:10B3B0005400EF70CFE8AA840C100818EF10405F1B
:10B3C00008542C10EF10605FD288268A56C05E8821
:10B3D000D2875A8714103010CE854A85EF20101975
:10B3E000FA406A44DA444A49BA492A4A9A4A0A4B14
:10B3F000F65B0D618280EF70CFE6AA8B014503CB2F
:10B400005400EF70CFE32ACE08540C10EF10405ACE
:10B410002C100818EF10605AF2484DBF8280C147C7
:10B4200009CD1455C14791CA785501CB83C7360061
:10B43000BD4663F4F600834787013E8582808947D5
:10B440006309051063870510411106C622C426C290
:10B45000834715002E842380F50083472500A380B1
:10B46000F500834735002381F50083474500A3811C
:10B47000F50083475500858B9396870083D7450059
:10B4800093F7F7EFD58F2392F5008346550093F796
:10B49000F7DFA20693F60620DD8E2392D500034740
:10B4A000550093F6F6BF220713770740558F239276
:10B4B000E50083475500FD769386F67F8D87858B63
:10B4C000758FAE07D98F2392F50083466500F99BEF
:10B4D000858ADD8E2392D500034765009377270088
:10B4E00013F7D6FF5D8F2392E5008347650093F63F
:10B4F00047009377B7FFD58F2392F5000347650088
:10B50000DD9B4D45218BD98F2392F500EF70DFDF56
:10B51000AA845145EF705FDF0347340093F4F40FC2
:10B52000C947636297021375F50F636EE5008346A2
:10B5300004001147E1476368D700834614000547BC
:10B540006363D7008147B240224492443E85410163
:10B5500082803E85828015C1AA8709458DC141112F
:10B560002E8541469385170006C69750FE1FE7803B
:10B570008025B24001454101828009458280828058
:10B5800089471DC595C5411106C603471500AE87FD
:10B5900019462380E5009305250013851700975071
:10B5A000FE1FE7804022B24081473E8541018280F4
:10B5B0003E85828015C1AA8709458DC141112E851E
:10B5C00041469385170006C69750FE1FE780A01FCF
:10B5D000B2400145410182800945828082808947CD
:10B5E0001DC995C9411106C60347250083461500AC
:10B5F000AE872207558F2390E5002146930535003D
:10B60000138527009750FE1FE780E01BB24081475B
:10B610003E85410182803E85828015C1AA87094509
:10B620008DC141112E8541469385170006C697505E
:10B63000FE1FE7804019B240014541018280094563
:10B6400082808280894719C991C903471500BD4688
:10B65000E14763E5E6002380E50081473E8582807F
:10B6600015C1AA8709458DC141112E854146938593
:10B67000170006C69750FE1FE780E014B240014550
:10B680004101828009458280828015C1AA870945CF
:10B690008DC141112E8541469385170006C69750EE
:10B6A000FE1FE7804012B2400145410182800945FA
:10B6B000828082801DC1AA87094595C141112E85CE
:10B6C000130600049385170006C69750FE1FE780F7
:10B6D000800FB2400145410182800945828082800D
:10B6E00015C1AA8709458DC141112E854146938513
:10B6F000170006C69750FE1FE780E00CB2400145D8
:10B70000410182800945828082801D71A2CC2A84F9
:10B71000084586CEA6CA23060100834405003547A6
:10B720009387F4FF93F7F70F636AF70C175701003D
:10B730001307C7568A07BA979C43BA9782870C08A3
:10B74000EFF0FFCFC9476312F50299472306F100D6
:10B75000035524006C00EFF05FB1F6406644D64418
:10B76000256182800C08EFF05FEB29C98347C10097
:10B77000E5F303552400EFF04FF6C5B70C08EFF0E2
:10B780003FEEE5B70C08EFF0FFEBC5B70C08EFF0A4
:10B790009FDCE1BF0C08EFF09FE4C1BF0C08EFF0A5
:10B7A0007FE1E1B70C08EFF0BFDDC1B70C08EFF0A7
:10B7B000DFED65BF834715002308F1000355240022
:10B7C000EFF06FA0A14705C10347C500631AF70258
:10B7D0009387C1AA98439D4719C7184309C7100802
:10B7E000A6850297AA872306F10049B70C08EFF057
:10B7F0007FECA5BF0C08EFF0BFEE85BF9D47B9B742
:10B80000938701ABC1BF011122CC06CE26CA4AC81C
:10B810004EC603470500930720092A846317F712D1
:10B820008347150039476391E70A83564500096746
:10B83000610781476393E610938981AA03A50900F4
:10B84000CE84630C050E0C4403C90500631E090079
:10B850008347050085052146A9CB29059750FE1F82
:10B86000E78060F69C40B9CF4945EF503F8F2A846E
:10B870000DC5930710FC2300F500A30025018C40A3
:10B880000905414689059750FE1FE780C0F39C409B
:10B89000A28503C51700EF505F9788409760FE1F91
:10B8A000E78000D823A401AA31A809059750FE1FFC
:10B8B000E78060F1EF30A03905494DF583A7090015
:10B8C00023802701854795A81307E003639DE708B8
:10B8D000034725009547631EF70203554500EFF027
:10B8E0006FAF9147E310F5FE938701AB9C43F9DB03
:10B8F00003A38700E30803FC0356E4000355440058
:10B90000930564006244F240D2444249B249056161
:10B910000283A147631EF70083456400035544007A
:10B920006244F240D2444249B24905616FF02FFFB0
:10B93000930600038147E301D7FEF2406244D244FC
:10B940004249B2493E85056182809306000A8147DB
:10B95000E315D7FEEFF07FDB08442DD59760FE1F7F
:10B96000E78000CC85B78147C9BF011126CA06CE42
:10B9700022CC89441DCD95CDAA842E8468008D45A6
:10B98000EF601FDD8347E1002685228693F7F703EA
:10B9900093E707046C002307F100EF202034AA840A
:10B9A00009E90D466C00130534009750FE1FE7802F
:10B9B00080E1F24062442685D244056182805D7157
:10B9C0004EDE86C6A2C4A6C2CAC052DC56DA5AD817
:10B9D0005ED6894945CD5DCA138B4500420B135B8A
:10B9E0000B01AE8A2A8A930530055A85B284976086
:10B9F000FE1FE78080B62A84CD4949C9EF708F8841
:10BA00002A895686D285935A8900135A0901937B55
:10BA1000F90F1305440093FAFA0F137AFA0F13592A
:10BA200089019750FE1FE780E0E5A301740123011F
:10BA30005401A300440123002401EF70EF83AA8581
:10BA4000414608089750FE1FE780C0E321473400B5
:10BA50005A86A2850808EF20004FAA891DE12146D9
:10BA60002C0023807401A380540123814401A3810D
:10BA70002401138544009750FE1FE780A0E0EF707B
:10BA80004F8122859760FE1FE78080B9B64026442B
:10BA90004E8596440649F259625AD25A425BB25BCD
:10BAA0006161828001114AC82A892E8506CE22CC86
:10BAB00026CA2EC6EFE03FF171C5405971C48347D5
:10BAC00054000947B24593F6B70F6387E600114764
:10BAD0001305E00F6392E708835704000945639D4F
:10BAE000B706930484004146CA8526859750FE1FF9
:10BAF000E78060CD4146CA85130584019750FE1F3B
:10BB0000E78060CC0347340085469307F7FE93F740
:10BB1000F70F63E9F6041306C4033285C14532C644
:10BB2000EF601FC332469306C402A6852285EFF05C
:10BB3000DF838347240089CB22856244F240D244CC
:10BB4000424905616F10400E03473400C947E305C1
:10BB5000F7FEA301F4000145F2406244D244424999
:10BB600005618280930710050145E317F7FE8347BF
:10BB70002400FDD322856244F240D244424905614B
:10BB80006F1000110945C9BF4945F9B729CD011109
:10BB900026CA06CE22CCAA840945A9C10D46280092
:10BBA0002E848D059750FE1FE780E0C18347A100DA
:10BBB00070002C0093F7F70393E70704268523050D
:10BBC000F100EF20A01119E90D46A28568009750F9
:10BBD000FE1FE78040C87D153335A000F240624467
:10BBE000D2440561828009458280011152C42A8AAB
:10BBF00032854EC656C25AC006CE22CC26CA4AC884
:10BC00002E8BB28AB689EFE01FDC09ED8944F24041
:10BC1000624426854249D244B249224A924A024BA2
:10BC2000056182805C592A89C544F5F34D45EF7062
:10BC3000AFED1374F50F5145EF700FEDE38809FC7C
:10BC400083C78901E3E487FC1375F50FE360F5FC16
:10BC500093053005130540089760FE1FE780E08FCD
:10BC6000232AA9022A84CD445DD1130640088145C8
:10BC70009750FE1FE780A0B8A301040023014401F0
:10BC800023026401231054012326340723240402D1
:10BC9000A30204008144E30C0AF62285EF00D0726F
:10BCA000AA8435D54A85EFF0EFB095B7397122DC1B
:10BCB00006DE26DA4AD84ED652D456D25AD05ECEB6
:10BCC00062CC66CA0944630B061063090710AA8B8D
:10BCD0003A89368BB28A2E8CEFE0FFCE2A8A514405
:10BCE000630E050E9305300541459760FE1FE78002
:10BCF000C086AA894D447DC1834419008347290029
:10BD0000A204C207BE9483470900BE94834739004A
:10BD1000E207BE9483278A0263E697007D570944B1
:10BD20006399E70A63070C0083474A000544898B3F
:10BD3000CDC3930C4B00214681450A85C20C975018
:10BD4000FE1FE780C0AB93DC0C01930530056685D0
:10BD50009760FE1FE78060802A8C4D443DC95A865B
:10BD6000D68511059750FE1FE780C0B11146CA85E0
:10BD700062859750FE1FE780E0B0414693058A0137
:10BD80004E859750FE1FE780E0AF21478A86668682
:10BD9000E2854E85EF20201B2A841DE521468A85F9
:10BDA00028009750FE1FE780E0AD2146930549002B
:10BDB00028009750FE1FE78000AA8547631EF50202
:10BDC000A6855E85EF707F8A62859760FE1FE7809B
:10BDD00020854E859760FE1FE78080842285F25083
:10BDE0006254D2544259B259225A925A025BF24BCF
:10BDF000624CD24C216182800544F9B779719397E6
:10BE0000050122D406D626D24AD04ECEC1872E8432
:10BE100063D5070417A5FE1F0345F5F6EF506FB86D
:10BE20002AC605C1EFF03F9EB24509E917A5FE1FDE
:10BE3000034565F59307F00F631EF5002E85EF505F
:10BE40002FAF2165218DB250225492540259F249EC
:10BE500045618280EF506FBBEDB793F7150091C736
:10BE6000EFF06FA613451400F9BFA1E10145E1BF52
:10BE7000850493F4F40FEFE01FCEE3F9A4FE3395AD
:10BE800099001319050113590901B3772401EDD362
:10BE90004A85EFE09FF5C167FD176305F500DD45B5
:10BEA000EFF02F993345240179BF85448549E1B7E7
:10BEB00023A401AA23A601AA23A801AA97A7FE1FCB
:10BEC0009387C7EA170700001307676198C317072E
:10BED00000001307A731D8C317F7FFFF1307C703E5
:10BEE00098C797A7FE1F938727E917170000130726
:10BEF000675798C3171700001307870ED8C3171783
:10BF000000001307C73B98C7828097A7FE1F83C70F
:10BF1000A7E7A18B17A7FE1F130747E591E301478A
:10BF200023A6E1AA0145828097A7FE1F83C7C7E524
:10BF3000918B17A7FE1F130727E491E3014723A85E
:10BF4000E1AA01458280011106CE2AC6EFF05FF614
:10BF50003245994597A7FE1FA387A7E2EFD08FBE72
:10BF6000F24017F5FFFF1305051305616FE05FBF92
:10BF70001C5581C7A1473E858280011122CC26CA6B
:10BF80002A84AE84130500049305300506CE97502D
:10BF9000FE1FE780805C08D46305051013060004CB
:10BFA000A6859750FE1FE7800082785483472701BB
:10BFB00093F68700638E0610145483C62600A18A68
:10BFC0006388061083270408E9EF930530051305FD
:10BFD00000109750FE1FE78040582320A4088D478B
:10BFE00071C1A3020400785483C71400834617006C
:10BFF00081EF81EE83C72400918BDDEB834727011E
:10C00000918BDDE7854711A889C62147A302E4008B
:10C0100099C78347540093E70701A302F4006C54C7
:10C0200083C72501858B91CF1C54054783C7270003
:10C030008D8B6398E7008347640093E71700230321
:10C04000F4008327040899C78347640093E78700B7
:10C050002303F4008347540005476398E70C9304D7
:10C0600084004146814526859740FE1FE780207960
:10C0700041468145130584019740FE1FE7802078E3
:10C080001306C4033285C14532C6EF606FEC8327C7
:10C0900004083246BDC72285EF00903F9307000594
:10C0A00025CDA147F2406244D2443E85056182809D
:10C0B00083C704008346070015473387E702975775
:10C0C00001009387E7C2BA97B69783C70700B1B755
:10C0D00083C6140091C68346170099C2E14735BF55
:10C0E00083C62400D58F918B91DF83C704008346DC
:10C0F000070015473387E70297570100938787BDED
:10C10000D9B722859306C402A685EFF00FA6228533
:10C11000EF00903159F5C14703550400A301F40025
:10C120008145EF704FBF8147B5BF13F7870149C302
:10C13000C18B930484004146A9CB8905268597408D
:10C14000FE1FE78040684146814513058401974002
:10C15000FE1FE780C06A834764001306C40332856C
:10C1600093E747002303F400C14532C6EF604FDE7A
:10C170008327040832468DC32285EF007031930770
:10C18000200505F1A301F40079BF8145268597407C
:10C19000FE1FE780C06645BF9306C402A6852285C0
:10C1A000EFF0AF9C2285EF003028CD4761DDD5BD93
:10C1B000094785456388E70093F7D70F11476397D1
:10C1C000E700894503550400EF70EFB4834764002E
:10C1D00093E747002303F4008327040881C79307EC
:10C1E00010054DB7C54779BF8347250063820726F1
:10C1F000797122D406D626D24AD083473500130758
:10C2000050052A84639EE706034975001306C5039B
:10C21000C14593573900AA97328583C4870032C637
:10C22000EF600FD3938781B19C43A9C79C47B9C3E3
:10C230000325040893767900B3D6D4403246858A24
:10C2400093050504180893E6060813050508829768
:10C250001375F50F05E141460C081305C40297401C
:10C26000FE1FE78040562285EF00101C93076005F3
:10C27000A301F400B25022549254025945618280C5
:10C28000130710026395E7021C550327050883D79F
:10C29000470069EB13F7071071C77855035747013B
:10C2A0001377071061C393077002A301F40083475B
:10C2B000340013077002639FE70C3C5885E3930535
:10C2C000300571459750FE1FE780202928D819C5F1
:10C2D000714681459740FE1FE78060522458B9C8D7
:10C2E00083C7A40191E72285EFF06F93238DA4000B
:10C2F0002858814541469740FE1FE7804050285806
:10C300003D478345A5019387F5FF93F7F70F6364D6
:10C31000F700EF60EFC3EF50EF873C58A14523983B
:10C32000A70013852701EF60AFC22C580355040006
:10C33000EF00D0409307800203550400A301F400EE
:10C34000EFE06FE8414611C58357E50013D61700AB
:10C350003E960606854517A5FE1F0345D5A2EF505C
:10C360002FAD09BF13F7072011CB785403574701AE
:10C370001377072001C79307900205BF93F7074083
:10C380009DD77C5483D7470193F707408DD39307FC
:10C39000B00221BF13078002639BE7023C5889CBA0
:10C3A00083D507010355040013862701EF00903E53
:10C3B0001C5483D7470013F707202DC37854035725
:10C3C00047011377072039CB93079002B5B71307BE
:10C3D0009002639CE700EF606FE9AA8503550400B3
:10C3E000EF00503A9307A00281BF1307A0026393A6
:10C3F000E704EF600FE7AA85854701456384F500F0
:10C40000814505452EC6EF608FE32A86B245035568
:10C410000400EF00B0331C5483D7470093F7074064
:10C420008DC77C5483D7470193F7074099CF930773
:10C43000B00219B71307B0026399E700EF60CFE3CA
:10C44000AA8503550400EF0070389307F0020DB57C
:10C450008280411122C4405926C206C67C54AA8457
:10C4600083D7470113F7071019C71854035747001C
:10C47000137707101DE313F7072019C71854035744
:10C4800047001377072011EB93F707408DCF1C541B
:10C4900083D7470093F707409DC793071002A30176
:10C4A000F4002285EFF05FD4034734009307F002D5
:10C4B0006310F702224403D52400B2409244814520
:10C4C00041016FE01FB79307F002A301F400DDB74D
:10C4D000B2402244924441018280397122DC4059A9
:10C4E00026DA4AD84ED606DEAA89AE84328963009F
:10C4F000043E03552500835704006384A700A1442C
:10C5000029A08347240091EB9D44F2506254268574
:10C510004259D254B259216182809387E5FF93F743
:10C52000F70F2D47E362F7FE174701001307077E59
:10C530008A07BA979C43BA978287B2852285EFF023
:10C540003FA3AA84D9B74146CA851305C4049740BE
:10C55000FE1FE780402722851127AA8411C1A1442C
:10C5600083473400130740056397E700930790055E
:10C57000A301F40059BF130760056395E700930713
:10C58000A005FDB7D147EDB79309C4054E854146D7
:10C59000CA859740FE1FE7800023032504084DC984
:10C5A00083473400130790056399E70022858927A4
:10C5B0009307E005A301F40051A81307A0056393B6
:10C5C000E7088347740013D7370022978346870014
:10C5D0009D8BB3D6F640938781B19C43858A93E6C1
:10C5E00006F893F6F60F81DF9C4791DB930505086B
:10C5F00018084E861305050482979374F50FE3908F
:10C6000004F041460C081305C4049740FE1FE78060
:10C610008024834774004D47850793F7F70FA303E2
:10C62000F4006377F7002285E1259307E00589B7D9
:10C6300085451795FE1F03451575EF403FE89307A5
:10C6400050053DB71307C005E382E7F6814475BD89
:10C65000130984004E86CA8522851408EFE0FFD0B6
:10C6600041469305C40408089740FE1FE780A01EBA
:10C67000E30D05E88A861306C403CE854A85EF10CC
:10C68000300315E12285EFE09FD99797FE1F93872E
:10C69000E76D2A879C4703550400814601468A8539
:10C6A0008297AA8411C1A14493072002D1B5834582
:10C6B0000600EFE01F9859BF03473400930720029C
:10C6C000E314F7E47C5889EB9305300571459750E6
:10C6D000FE1FE78080E868D86858E30705E2414616
:10C6E000CA859740FE1FE780000E64582285EFE060
:10C6F0001FD3238DA400930730026DBD0347340080
:10C7000093073002E312F7E083570600685821468A
:10C71000930529002318F50049059740FE1FE7807F
:10C72000800A7C5483D7470113F7270035CB185470
:10C7300003574700098B2DC793074002A5BD034748
:10C74000340093074002E311F7DC3C5C81EB854544
:10C750005D459750FE1FE78040E028DC285CE3073A
:10C7600005EE834709004146CA85230BF500974033
:10C77000FE1FE7804005930750022DBD034734009C
:10C7800093075002E312F7D8285C19469305190065
:10C7900041059740FE1FE78000037C5483D7470183
:10C7A000918B9DCF1C5483D74700918B95CB9307DA
:10C7B000600209B57C5C89EB9305300551459750C3
:10C7C000FE1FE78080D968DC685CE30A05D2414639
:10C7D000CA859740FE1FE78000FF7C5C7D5798CBA1
:10C7E0004E85EFF01FC79DB503250408130600040E
:10C7F000CA85130505049740FE1FE780C0FC22850B
:10C80000EFE01FB383473400130700056395E7008B
:10C810009307400545B313071005639CE700854562
:10C820001795FE1F03453556EF405FC99307500526
:10C8300051B313072005E39BE7E0938781B19C4345
:10C84000E38F07CA9C47E38C07CA83250408930437
:10C850008400180893850508814626862E858297D0
:10C86000035504001008A685EF60DFD39307B005D9
:10C8700091B3034734009307E005E317F7C8832516
:10C88000040841464A859740FE1FE780C0FCAD443E
:10C89000E30D05C6032504084146CA859740FE1FDF
:10C8A000E78060F22285EFE09FB79797FE1F93879E
:10C8B000E74B2A879C472C580355040081460146C4
:10C8C0008297AA8411C1A1449307100255B1AD47C4
:10C8D000E39EF5D6834606008355250013066500C2
:10C8E00003450500EF602FCF95B3894761C2DDCDC9
:10C8F0002300A60083C70500A300F60083C7150028
:10C900002301F60083C72500A301F60083C7350085
:10C91000A30206002302F60083D74500A183858B7E
:10C92000A302F60003D745001377072009C793E752
:10C930002700A302F60083D7450093F7074099C765
:10C940008347560093E74700A302F60083D74500CC
:10C9500013974701635807008347560093E7870002
:10C96000A302F6002303060083C74500858B23033B
:10C97000F60003D74500098B09C793E72700230377
:10C98000F60083D74500918B99C78347660093E7EC
:10C9900047002303F60003D745008147218B19C7C1
:10C9A00003476600136787002303E6003E85828005
:10C9B0002E86AA8505456FF05FF32E86AA85094568
:10C9C0006FF0BFF289478DC505C5411106C6AE8718
:10C9D0000D47AA852380E70013851700414697403D
:10C9E000FE1FE78040DEB24081473E8541018280E4
:10C9F0003E85828089478DC505C5411106C6AE8733
:10CA00001147AA852380E700138517004146974008
:10CA1000FE1FE78040DBB24081473E8541018280B6
:10CA20003E85828089478DC505C5411106C6AE8702
:10CA30001947AA852380E7001385170041469740D0
:10CA4000FE1FE78040D8B24081473E854101828089
:10CA50003E85828089479DCD15CD411106C61D4773
:10CA60002380E50003570500AE872146A380E5003B
:10CA70000357050021832381E500930525001385D5
:10CA800037009740FE1FE78000D4B24081473E85C3
:10CA9000410182803E85828089478DC505C541114F
:10CAA00006C6AE872147AA852380E70013851700B5
:10CAB00041469740FE1FE78000D1B24081473E8546
:10CAC000410182803E858280894795C90DC9411107
:10CAD00006C625472380E50003470500AE871946B3
:10CAE000A380E50093051500138527009740FE1FDE
:10CAF000E78060CDB24081473E85410182803E851E
:10CB0000828089478DC505C5411106C6AE87294774
:10CB1000AA852380E7001385170041469740FE1F32
:10CB2000E78060CAB24081473E85410182803E85F0
:10CB30008280894795C50DC5411106C6AE8731472C
:10CB4000AA852380E7001385170013060004974089
:10CB5000FE1FE78040C7B24081473E854101828089
:10CB60003E85828089478DC505C5411106C6AE87C1
:10CB70003547AA852380E700138517004146974073
:10CB8000FE1FE78040C4B24081473E85410182805C
:10CB90003E858280894791C909C995472380F50060
:10CBA00083470500A380F50081473E858280894741
:10CBB00091C909C9AD472380F50083470500A380CB
:10CBC000F50081473E85828015C55D718A8586C6E0
:10CBD000A2C42A84EFE0AFF0035504000A8697064A
:10CBE0000000938626DD9D45EFE06FE2B6402644C7
:10CBF000616182800545828015C55D718A8586C622
:10CC0000A2C42A84EFE0AFED035504000A8697061C
:10CC100000009386C6DA9D45EFE06FDFB6402644FC
:10CC200061618280054582805D71A2C49305C50261
:10CC30002A8441460A8586C69740FE1FE780A0B831
:10CC4000035504000A86970600009386E6D7C5457B
:10CC5000EFE0EFDBB6402644616182805D71A2C4E3
:10CC60009305C5032A8441460A8586C69740FE1F60
:10CC7000E78060B5035504000A8697060000938696
:10CC8000A6D7C545EFE0AFD8B640264461618280A3
:10CC9000938781B19C43B1CB9C435D71A2C486C68E
:10CCA0002A841305E00F95CF032504089305050C8E
:10CCB00013050508829783250408130600040A85D6
:10CCC000938505089740FE1FE780E0AF03550400F9
:10CCD00097060000938626E60A8693051004EFE087
:10CCE0000FD3B6402644616182801305E00F828035
:10CCF000317122DD2A840355050026DB06DF4AD97F
:10CD00004ED752D556D35AD15ECF62CDEFD0BFCBDE
:10CD10003C58AA8489EB9305300571459750FE1F56
:10CD2000E780A08328D82858CD470DC97146814592
:10CD30009740FE1FE780A0AC032904072285EFE09F
:10CD40000FEE230DA90083472400138981B1638A64
:10CD500007128327090085E39307E00FFA506A540E
:10CD6000DA544A59BA592A5A9A5A0A5BFA4B6A4C07
:10CD70003E852961828083AB0701E38F0BFC032B87
:10CD80000408EF501FCE2A8C0145EF505FCB83C7BC
:10CD900054003858130B0B029309C403130AC4053B
:10CDA000938A64003AC0B337F0002A8793080104DD
:10CDB0005688B33680015286CE855A85829B1C5494
:10CDC00003C727002307E10203C71700A306E102F8
:10CDD00083C707002306F10283270900B5DF03ABF1
:10CDE0004701E30B0BF683C75400B337F0003ECE88
:10CDF000EF503FC7AA8B0145EF507FC403270408BB
:10CE0000F2472AC03AC2B3387001568878109306A8
:10CE100084004E86D2858800029B7C5403C727017C
:10CE20002305E10203C71700A304E10283C707003B
:10CE30002304F1028327090003A94701EF507FC2B1
:10CE40002A8B0145EF50BFBF83C854009C082A8835
:10CE50003EC2B3381001B337600138109306840125
:10CE60005286CE8556C08800029903550400970665
:10CE70000000938666CF9008C545EFE04FB9AA87BA
:10CE8000F1BD83C6540083270900032B0408B33681
:10CE9000D00083AB070136CEEF50BFBC2A8C0145D2
:10CEA000EF50FFB93C58F246130B0B02130AC405AE
:10CEB0009309C403938A64002A88930801044E8668
:10CEC000D2853EC05687B33780015A85829B1C5459
:10CED000130B010303C727002307E10203C7170051
:10CEE000A306E10283C707002306F1028327090096
:10CEF00083AB470183C75400B337F0003ECEEF50F9
:10CF00005FB62A8C0145EF509FB3F2472AC0B33871
:10CF1000800156887810930684004E86D2855AC2C6
:10CF20008800829B8325040841465A859740FE1F4E
:10CF3000E7806092AD47E31205EE0DB52E869706A9
:10CF40000000938666AEC5456FE06FAC5D71B28739
:10CF5000A2C42300B1002A84BE851305110019461E
:10CF600086C69740FE1FE78000860A8622859706C0
:10CF700000009386A6B5A145EFE06FA9B640264410
:10CF8000616182802E8697060000938626B1C54592
:10CF90006FE0EFA75D71B287A2C42310B1002A84AD
:10CFA000BE8513052100214686C69740FE1FE780F7
:10CFB00080810A862285970600009386E6A9AD4502
:10CFC000EFE0EFA4B6402644616182802E8697068A
:10CFD0000000938646B3C5456FE06FA3797122D4F4
:10CFE00006D626D283473500130730052A8463838B
:10CFF000E708130750056395E7089307A005A30109
:10D00000F50083477500C14513D737002A9783463B
:10D0100087009D8B1305C503B3D6F640858A93E63A
:10D0200006F893F6F60F36C6EF508FF2B2469387A6
:10D0300081B19C439DCB9C478DCB032504081808E8
:10D040001306C40393050504130505088297137599
:10D05000F50F01ED1305C40241460C089730FE1F81
:10D06000E78060762285EFF03FBCB25022549254A4
:10D070004561828093079005A301F500814645BF75
:10D08000130710026396E7027C550327050883D730
:10D0900047016314070E13F717006300070E1855B6
:10D0A00003574700058B71CB93072002A301F400BF
:10D0B0008347340013072002639BE70E3C5889EB3B
:10D0C0009305300571459740FE1FE780004928D839
:10D0D0002458BDCC2285EFE08FB4238DA4002858BE
:10D0E000814541469730FE1FE780607128583D47D3
:10D0F0008345A5019387F5FF93F7F70F636BF7025D
:10D1000083C701B0D5C34146814508089730FE1F4B
:10D11000E780E06E19469795FE1F9385A5BA08082B
:10D120009730FE1FE780206A30580C082E85EF40AC
:10D13000A002EF402FA63C58A1452398A7001385D5
:10D140002701EF50EFE02C5803550400EFF01FDFEC
:10D150009307300203550400A301F400EFD0BF860B
:10D16000414619C10356E500060685451795FE1F81
:10D17000034575C1EF40CFCBCDBD13F7270009CBD9
:10D18000185403574700098B01C79307400239BF62
:10D19000918BE38F07F01C5483D74700918BE38971
:10D1A00007F09307600219B7EF508FDA59B71307EA
:10D1B0003002639AE7023C5889CB83D507010355B7
:10D1C000040013862701EFF0FFDC7C5483D747016E
:10D1D00013F7270021CF185403574700098B39C78D
:10D1E0009307400285BF13074002639CE700EF509E
:10D1F000FF87AA8503550400EFF0DFD8930750029C
:10D2000091BF130750026390E704EF509F850DE92B
:10D21000814505452EC6EF509F822A86B2450355AB
:10D220000400EFF0BFD27C5483D74701918B9DC798
:10D230001C5483D74700918B95C39307600219BF95
:10D2400085450145C1BF130760026399E700EF50B0
:10D25000BF82AA8503550400EFF05FD77C540327F3
:10D26000040883D7470119EF13F7071001CF1854AB
:10D27000035747001377071011C793077002A301E4
:10D28000F400E5B313F7072011CB185403574700F8
:10D290001377072001C793079002D5B793F707408C
:10D2A00091CB1C5483D7470093F7074081C793075E
:10D2B000B002F1B79307F002D9B7397122DC26DA50
:10D2C0004ED652D406DE4AD8AE89328AAA84EFD02E
:10D2D0008FEF4059414681450A859730FE1FE78010
:10D2E000005225C80359040063159906034734000A
:10D2F00093071002631FF7028327040899CF2C5865
:10D30000A9C94A85EF10F0150545F2506254D25470
:10D310004259B259225A216182808A861306C40575
:10D320009305C40313058400EF0090381DE18A853E
:10D33000C9BF2C5899CD83D70501639C470121466D
:10D34000C9054E859730FE1FE780E05019C12C5863
:10D350004DBF2685EFD02FE72A8405455DD44C5478
:10D36000B9C583D70501639447052146C9054E8594
:10D370009730FE1FE780204E8547631AF50283C76A
:10D38000F18591C74C5483C7B5016396A70CBD4581
:10D390002685EF10D0079787FE1F9387A77F9C5B9A
:10D3A0000145A5D71D45894582970145B9BF93879A
:10D3B00031AF03C707009789FE1F9389A97D3E8976
:10D3C000058B15CF0347540083C7C1AE6319F7021D
:10D3D00019469385D1AE130564009730FE1FE78090
:10D3E00080478547631DF50083A7090381C79145E1
:10D3F0001D458297BD452685EF10700131B703C7E3
:10D4000001B083A7090331CB03470900098B09CB7E
:10D4100081C795451D4582972685EF10D004EDB54F
:10D4200081C78D451D458297414681450808973043
:10D43000FE1FE780C03C19469795FE1F938585889F
:10D4400008089730FE1FE78000380C082E850A86F2
:10D45000EF3090508A85268575B58545C5FF6DBF2F
:10D46000797122D440594AD04ECE52CC06D626D21B
:10D47000AA892E8A3289630C046A035525008357D2
:10D480000400638CA700A144B2502254268502599F
:10D490009254F249624A456182808344240099C0D3
:10D4A0009D44DDB79387F5FF93F7F70F3147E369A5
:10D4B000F7FE17470100130767888A07BA979C434E
:10D4C000BA9782871C54E1F39305300513050004D5
:10D4D0009740FE1FE780600808D455D50347090030
:10D4E000914763F4E7008D4445B70347190085472A
:10D4F000E3EBE7FE13060004CA859730FE1FE780C2
:10D50000802C0C547054A3020400D4415C4A858AD8
:10D51000FD8E83574601F99BD58F231AF600D8411B
:10D52000544AF59B0583058B8582F98E8606DD8E30
:10D53000231AD600DC41584AED9A8983858B0983EA
:10D540007D8F0A07558F231AE600D4415C4A5D9B04
:10D550008D82858A8D83F58F8E07D98F231AF600E9
:10D56000D841544A93F7F7EF2183058BA182F98EB6
:10D57000A206DD8E231AD600DC41584AA583858B8E
:10D5800025837D8F9317970013F7F6DF5D8F231A9E
:10D59000E600D4415C4AA982858AA983F58F9396D7
:10D5A000A7009377F7BFD58F231AF600D441584AC6
:10D5B000AD82858A2D83758FFD769386F67F2E0743
:10D5C000F58FD98F231AF600834726010325040817
:10D5D000A18B6387071083C72500A18B6382071087
:10D5E000E31305EA93053005130500109740FE1F6D
:10D5F000E780A0F62320A408E30705EE7C54A302ED
:10D6000004000347190083C6170089EA45C383470E
:10D61000540093E70701A302F40029A0A147A30245
:10D62000F40075F72285EFF02FDD6C5483C72501D8
:10D63000858B81CF1C5483C727008D8B99C7834767
:10D64000640093E717002303F4008327040899C7B5
:10D650008347640093E787002303F4008347540063
:10D6600005476393E70C41468145130584009730D5
:10D67000FE1FE780C018414681451305840197309D
:10D68000FE1FE780C017C1451305C403EF504F8C40
:10D69000032704089307000511E3C147035504005D
:10D6A000A301F4008145EF501FE7F9BB03C7270131
:10D6B000118B19E703472900118B19E38547A1BF97
:10D6C00083C707008346090015473387E70297376A
:10D6D00001009387E761BA97B69783C7070025BF14
:10D6E00019C59740FE1FE780A0F3232004087C544F
:10D6F00003C7170011C70347190019C3E14721BF2A
:10D7000003C72701118B09E703472900118B5DD758
:10D7100083C707001547834609003387E702973719
:10D7200001009387275B45BF13F7870131CFC18B7A
:10D73000130584004146A9C389059730FE1FE78081
:10D74000800841468145130584019730FE1FE7801C
:10D75000000B83476400C1451305C40393E74700EA
:10D760002303F400EF40DFFE8327040881CF9307F3
:10D770002005A301F40009BB81459730FE1FE78017
:10D780000008C1B7CD47F5B7094789456386E7006B
:10D7900011476398E700854503550400EF50BFD754
:10D7A00021A01947E389E7FE8347640093E7470018
:10D7B0002303F4008327040881C79307100555BF8E
:10D7C000C54745BF4146CA851305C4049730FE1FAF
:10D7D000E78060FF8347340013076005639CE70020
:10D7E00085451785FE1F0345155AEF303FCD93073A
:10D7F000500541B745476383E7029306C402130609
:10D80000C403930584002285EFD03FB62285EFF054
:10D81000AFC1AA8411C1A144D147A1BFC94791BFDB
:10D820009309C4054E854146CA859730FE1FE7809F
:10D8300080F90325040871C9834734001307900554
:10D840006398E7002285EFF06FC19307E00515B7F5
:10D850001307A005639DE706938781B19C43E3818D
:10D8600007C403A88700E30D08C28347740093052B
:10D8700005084E8613D737002297834687009D8B75
:10D880000A87B3D6F640858A93E606081305050491
:10D89000029841468A851305C4049730FE1FE7802D
:10D8A00080FB11E1D2842285EFF04FBB83477400E7
:10D8B000CD461307E005850793F7F70FA303F400A0
:10D8C00063E4F60013076005A301E40075BE1307C7
:10D8D000C005E39BE7BA938781B19C43E38207BC11
:10D8E0009C47E38F07BA93050508130984000A874C
:10D8F00081464A862E858297035504000A86CA858A
:10D90000EF505FCA9307B005ADB58A864E86930582
:10D9100084002285EFD07FA541469305C4040A8583
:10D920009730FE1FE78020F38547D284E31EF5B4CD
:10D930002285EFF0AFB2AA84E31705B49307100273
:10D940000DBD0347340093077002E31BF7B47C5806
:10D9500089EB9305300571459740FE1FE780E0BFD6
:10D9600068D86858E30E05B2CA8541469730FE1F55
:10D97000E78060E5032944072285EFD05FAA230DE5
:10D98000A90093078002F5B3034734009307800290
:10D99000E318F7B08357060068582146930529001D
:10D9A0002318F50049059730FE1FE780C0E17C543D
:10D9B00083D7470113F7072025CF18540357470093
:10D9C0001377072035C79307900265B303473400E8
:10D9D00093079002E316F7AC3C5C89EB93053005A6
:10D9E0005D459740FE1FE78040B728DC285CE309CF
:10D9F00005AA4146CA859730FE1FE780C0DC930721
:10DA0000A00285BB034734009307A002E31AF7A8DE
:10DA100083470600285C194693051900230BF5007F
:10DA200041059730FE1FE78000DA7C5483D7470119
:10DA300093F70740B1C71C5483D7470093F70740BB
:10DA4000A1C39307B00235B3034734009307B00274
:10DA5000E318F7A47C5C89EB9305300551459740AA
:10DA6000FE1FE78080AF68DC685CE30E05A04146DE
:10DA7000CA859730FE1FE78000D57C5C7D5798CB28
:10DA800003D529008145EFD0CFDAFDBA0347340032
:10DA90009307F004E3F9E79E03250408E305059ED8
:10DAA00013060004CA85130505049730FE1FE7809E
:10DAB00080D12285EFF0CF9DAA842285EFD05F87A9
:10DAC0008347340013070005639FE70003D6E9008E
:10DAD00085451785FE1F0345152B0606EF305FB5FC
:10DAE0009307300579B1130710056395E700930795
:10DAF000600541B113072005E398E7989307C00537
:10DB00008DB9034734009307E005E31EF79603251C
:10DB100004084146CA859730FE1FE780C0CA2285A7
:10DB2000EFF00F9DAA8419BD83450600A9BF854764
:10DB30008144E39BF594032846008347360003475E
:10DB4000260083461600835525000346060001453E
:10DB5000EF500F9F15BA8147C1463307F500B388D0
:10DB6000F5000347070083C808003308F60085075F
:10DB7000334717012300E800E391D7FE8280014775
:10DB8000BD471308F00F3306F50083460600B3883F
:10DB9000F500FD178606558F2380E8000347060031
:10DBA00093F7F70F1D83E39007FF82808147930867
:10DBB00000F8414893F6F70F3387F50063FCC60081
:10DBC000B306F50083C606002300D7008507E3935C
:10DBD00007FF82806395C60023001701C5BF23009D
:10DBE0000700EDB701114AC856C22E89AA8A9305CB
:10DBF0003005414506CE22CC26CA4EC652C4328AD2
:10DC00009740FE1FE7806095AA8493053005414543
:10DC10009740FE1FE78060942A84CD49A5C431CD8A
:10DC2000414681459730FE1FE78060BD2686A2856C
:10DC30005685EF306052AA8929E18387040063D3B7
:10DC40000706A2852685EFF09FF34A8697350100E7
:10DC5000938505122285EFF01FF08307090063D832
:10DC60000704A2854A85EFF09FF15286973501009F
:10DC7000938505102285EFF01FEE26859740FE1F45
:10DC8000E780009A11C422859740FE1FE7804099E3
:10DC9000F24062444E85D2444249B249224A924AF5
:10DCA00005618280CA852685EFF07FED7DB7D2853C
:10DCB0004A85EFF0DFECD1B781474146B306F50066
:10DCC0003387F5000347070003C80600850733477D
:10DCD00007012380E600E393C7FE8280011126CA74
:10DCE0004EC6AE84AA8993053005130500034AC8C1
:10DCF00006CE22CC32899740FE1FE78000862DC5D4
:10DD00001306000381452A849730FE1FE78020AF69
:10DD10004146CE8522859730FE1FE780A0B6A685B6
:10DD20000D461305D4019730FE1FE780A0B51306FA
:10DD30000402930504012285EF300042AA840D46B7
:10DD40009305D4024A859730FE1FE780A0B3228551
:10DD50009740FE1FE780C08CF2406244268542490E
:10DD6000D244B24905618280CD44FDB75D714EDE7B
:10DD700062D4AE892A8C9305300513050003A6C230
:10DD8000CAC052DC56DA5AD85ED686C6A2C4B28B56
:10DD9000368BBA84BE8A4289468A9730FE1FE78056
:10DDA000C07B630505101306000381452A84973064
:10DDB000FE1FE780C0A44146E28522859730FE1F02
:10DDC000E78040AC414681450A859730FE1FE780D9
:10DDD00000A31D46DE850A859730FE1FE78080AAD6
:10DDE0001D46DA85130571009730FE1FE78080A974
:10DDF00033392001B3349000414681450808230798
:10DE00002101A30791009730FE1FE780409F19462C
:10DE1000D68548089730FE1FE780C0A61946D285F0
:10DE20001305A1019730FE1FE780C0A593040401EC
:10DE30004146CE8526859730FE1FE780A0A48A85BF
:10DE40002685EFF07FE7930904024E86A68522859A
:10DE5000EF3080302A890DE94146CE8526859730FE
:10DE6000FE1FE78040960C082685EFF0FFE44E8603
:10DE7000A6852285EF30402E2A8946454146CE852B
:10DE80009730FE1FE78000A022859730FE1FE780B5
:10DE90002079B64026444A8596440649F259625A8A
:10DEA000D25A425BB25B225C616182804D49D5B738
:10DEB000011126CA52C4AA842E8A130500039305B1
:10DEC00030054AC84EC606CE22CC3289B689973074
:10DED000FE1FE780806835C52A84A68541469730B5
:10DEE000FE1FE780209A930404012146D2852685EF
:10DEF0009730FE1FE7800099CA85214613058401EB
:10DF00009730FE1FE780009813090402A6854A8611
:10DF10002285EF306024AA844146CA854E85973019
:10DF2000FE1FE780209622859730FE1FE780406F16
:10DF3000F240624426854249D244B249224A0561F0
:10DF40008280CD44F5B739715AD05ECE2A8BAE8B24
:10DF500041459305300506DE26DA52D456D262CC0E
:10DF600066CA6AC8368C328DBA8C22DC4AD84ED644
:10DF70009730FE1FE780605EAA8A93053005414511
:10DF80009730FE1FE780605D2A8ACD44638E0A08C1
:10DF900059C52A86D6855A85EFF0DFC4AA8441E1A7
:10DFA0009305300541459730FE1FE780005B2A89C5
:10DFB0009305300541459730FE1FE780005AAA8936
:10DFC000630A090E6306050E1304FD00118413761F
:10DFD000FD0049C07D144204418035EE1315440014
:10DFE0004E86D6855E95EFF01FB7414681454A853E
:10DFF0009730FE1FE780A080014D93170D01C1836C
:10E0000063F48708BDC04A859730FE1FE7804061F2
:10E01000638709004E859730FE1FE7806060568554
:10E020009730FE1FE780C05F63070A005285973074
:10E03000FE1FE780E05EF250625426854259D254BA
:10E04000B259225A925A025BF24B624CD24C424D68
:10E05000216182800144131544008A855E95EFF0AA
:10E06000FFB44E86D2850A85BDBF93154D000A8642
:10E07000DE954A85EFF03FAE4A868A855A85EF30B5
:10E08000A00DAA84050D95BFBDFC0A86CE854A85E4
:10E09000EFF07FAC4A868A855A85EF30E00BAA8480
:10E0A0006686CA8562859720FE1FE780C071A1BF82
:10E0B000CD4491BFCD44A9BF397162CC2A8C59455A
:10E0C00026DA4AD84ED652D456D25AD05ECE06DE82
:10E0D00022DCAE8B328BB68A3AC63E8AC28946892A
:10E0E00083440104EF308F8749C19167938717E913
:10E0F0002310F50085472301F5002A8432472105C6
:10E10000630C0C0493071003A301F4001946814526
:10E110009720FE1FE780A06E23036401A303540130
:10E12000230A940023127401231744012318340195
:10E1300023192401A2856254F250D2544259B25993
:10E14000225A925A025BF24B624C1785FE1F03451E
:10E1500065C321616F306F8BA30104001946BA8536
:10E160009720FE1FE780206645BFF2506254D254CC
:10E170004259B259225A925A025BF24B624C2161C7
:10E180008280011122CC2A84314506CE2EC632C4AB
:10E1900036C23AC0EF209FFC29C19167938717E9E7
:10E1A0002310F5008D472301F500A3018500B2453A
:10E1B0002246924602476244F2402312B5002313DE
:10E1C000C5002314D5002315E500AA851785FE1F79
:10E1D000034545BB05616F304F83F24062440561E2
:10E1E000828001114AC82A89394526CA06CE22CC26
:10E1F0002EC6B284EF209FF631C1B2459167938756
:10E2000027E92310F5009147A30125012312B5004A
:10E210002A842301F500A685190521469720FE1FB3
:10E22000E780605AA2856244F240D2444249178591
:10E23000FE1F034525B505616F203FFDF240624496
:10E24000D24442490561828001114AC82A89414568
:10E2500026CA06CE22CC2EC6B284EF203FF029C1BA
:10E260009167B245938727E92310F50095472A84E3
:10E27000231225012301F500214619059720FE1FD1
:10E28000E7806054A285231794006244F240D24490
:10E2900042491785FE1F034515AF05616F20FFF644
:10E2A000F2406244D244424905618280011122CC8D
:10E2B0002A84394506CE2EC632C436C23AC0EF2073
:10E2C000FFE929C19167938717E92310F500994762
:10E2D0002301F500B24522469246024723128500EB
:10E2E0006244F2402313B5002314C5002315D50062
:10E2F0002316E500AA851785FE1F0345A5A805611D
:10E300006F20BFF0F240624405618280797122D4AF
:10E3100006D62A842EC632C436C23AC0EFC0AFEA4F
:10E320001DC1B245224692460247231CB100231D5F
:10E33000C1002C081306F00F2285231ED100231FD5
:10E34000E100EFC0EFD7B250225445618280011145
:10E3500022CC2A84394506CE2EC632C436C23AC0F3
:10E36000EF20DFDF29C19167938717E92310F500BC
:10E370009D472301F500B2452246924602472312EB
:10E3800085006244F2402313B5002314C500231511
:10E39000D5002316E500AA851785FE1F0345859E37
:10E3A00005616F209FE6F2406244056182805D71E5
:10E3B0002AC613052002CAC04EDE52DC56DA5AD8ED
:10E3C0005ED662D466D26AD086C6A2C4A6C26ECE1B
:10E3D0002E8CB28B368B3AC43E8DC28CC68A035AC1
:10E3E00001058359410503498105EF203FD769C5E0
:10E3F00091663243938616E9A9472A842310D500F3
:10E400002301F500930DE400210593044401224704
:10E41000630D030693071003A301F4001946814519
:10E420009720FE1FE780A03D194681456E85972005
:10E43000FE1FE780C03C1946814526859720FE1FB8
:10E44000E780E03B23037401A3036401230024035A
:10E4500023128401231D5401231E4401231F340170
:10E46000A2852644B64096440649F259625AD25AC9
:10E47000425BB25B225C925C025DF24D1785FE1F2F
:10E480000345459061616F205FD8BA85A301040000
:10E4900019469720FE1FE7800033EA856E851946EE
:10E4A0009720FE1FE78020321946E68526859720B3
:10E4B000FE1FE780403179B7B640264496440649AE
:10E4C000F259625AD25A425BB25B225C925C025DA4
:10E4D000F24D61618280011122CC2A84214506CE51
:10E4E0002EC632C436C2EF207FC715CD22469246D3
:10E4F0009167938717E92310F500B1472301F500D1
:10E50000A3018500B2452303C500A303D5006244DF
:10E51000F2402312B500AA851785FE1F03458586A4
:10E5200005616F209FCEF2406244056182804111F7
:10E5300026C2AA84514506C622C4EF203FC249C163
:10E540009167938717E92310F500B9472301F50078
:10E5500083C714002A8493856400A301F50083C750
:10E56000340003C724002105A207D98F231EF5FE1E
:10E5700083C744001946230FF5FE83C75400A30F39
:10E58000F5FE9720FE1FE780002483C7C400A28504
:10E590001775FE1F0345057F2307F40083C7E400BA
:10E5A00003C7D400A207D98F2318F40083C7F4004F
:10E5B0002309F4002244B240924441016F20FFC479
:10E5C000B2402244924441018280411122C42A84F3
:10E5D000194506C6EF209FB80DC59167938717E9C7
:10E5E0002310F500C1472301F500231285002244C2
:10E5F000B240AA851775FE1F0345C57841016F20FB
:10E60000DFC0B24022444101828041110D4506C65F
:10E61000EF20DFB40DC5930710F92300F500930731
:10E62000E003A300F500C5472301F500B240AA8529
:10E630001775FE1F0345057541016F201FBDB240D0
:10E6400041018280011122CC2A84294506CE2EC6A2
:10E6500032C436C2EF209FB015CDB24592469167C5
:10E66000938717E92310F500C9472302B50023015A
:10E67000F500A30185002304D50022466244F24040
:10E680002313C500AA851775FE1F0345A56F0561F5
:10E690006F20BFB7F24062440561828001114AC811
:10E6A0002A892D4526CA06CE22CC2EC6B284EF205A
:10E6B000FFAA29C5B245930710F92300F500930777
:10E6C000E003A300F500CD47A30125012302B50017
:10E6D0002A842301F500A685150519469720FE1FFB
:10E6E000E780600EA2856244F240D2444249177529
:10E6F000FE1F0345256905616F203FB1F24062446A
:10E70000D244424905618280011122CC2A842145EC
:10E7100006CE2EC6EF209FA405C9B2459167938708
:10E7200017E92310F500D1472303B5002301F500B5
:10E73000231285006244F240AA851775FE1F034527
:10E74000656405616F207FACF240624405618280A0
:10E75000011122CC2A84214506CE2EC632C4EF20D8
:10E76000FF9F1DC52246930710592310F500230172
:10E770008500B2452303C5006244F2402312B50070
:10E78000AA851775FE1F0345E55F05616F20FFA78A
:10E79000F240624405618280011122CC2A84214525
:10E7A00006CE2EC632C4EF207F9B1DC9224691673C
:10E7B000938727E92310F500A1472301F500B2450F
:10E7C00023038500A303C5006244F2402312B50071
:10E7D000AA851775FE1F0345155B05616F20FFA213
:10E7E000F240624405618280011122CC2A843145C5
:10E7F00006CE2EC632C436C23AC0EF203F9615CDA3
:10E8000022468567938717C92310F50023018500E9
:10E81000B2452303C500924602476244F2402312E8
:10E82000B5002314D5002315E500AA851775FE1F32
:10E830000345455505616F205F9DF24062440561C7
:10E840008280011126CAAE844AC82A891385C40071
:10E8500006CE22CC32C6EF207F901DCD8567B24513
:10E86000938717E923019500231225012A84231099
:10E87000F500310508C426869720FE1FE780A0F426
:10E88000A2856244F240D24442491775FE1F0345F7
:10E89000654F05616F207F97F2406244D244424940
:10E8A00005618280011122CC2A84194506CE2EC62C
:10E8B000EF20DF8A05C98567938717F92310F500D4
:10E8C000854723018500A301F500B2456244F2406B
:10E8D0002312B500AA851775FE1F0345A54A0561D9
:10E8E0006F20BF92F240624405618280411122C4D0
:10E8F0002A840D4506C6EF207F8605C5930710F9CB
:10E900002300F500E947A300F50023018500224418
:10E91000B240AA851775FE1F0345C54641016F2009
:10E92000DF8EB240224441018280011122CC2A8430
:10E93000214506CE2EC6EF207F820DC991679387B1
:10E9400027E92310F500930700032301F500B245E2
:10E95000230385006244F2402312B500AA8517758F
:10E96000FE1F0345554205616F203F8AF240624415
:10E97000056182800111214506CE2EC632C4EF20EA
:10E98000EFFD15C58567938707392310F500B2455C
:10E99000224685472301F500F2402312B5002313D8
:10E9A000C500AA8503C581A905616F201F86F240B5
:10E9B00005618280397122DC1304F5FF4AD852D4F4
:10E9C00056D25ECE420406DE26DA4ED65AD0894BA7
:10E9D0002A8A3289B68A418063917515938B01A981
:10E9E00083C701A95E8B89448DCF83C9160083C775
:10E9F00006009144A209B3E9F9009777FE1F83D777
:10EA0000671AF51763DFF9009307C6FF639BF908E0
:10EA100031452EC6EF208FF42A84B24519ED9304B8
:10EA2000F00FF250625426854259D254B259225AFC
:10EA3000925A025BF24B216182804209135909010B
:10EA40002302B50023132501930700F91509A165D9
:10EA50002310F5002311450185054A859730FE1FD7
:10EA6000E780A0AF08C405C983C70B009385EAFF00
:10EA700013562900FD172388F1A89720FE1FE78071
:10EA800080D61C44A28503C581A989071CC4EF2038
:10EA9000CFF7814479B722859730FE1FE78040B8D1
:10EAA000BDBF9307D6FFE3CCF9F6B1473304F402B8
:10EAB000938401AA9C40A29703C7A70019C7884363
:10EAC00009C59730FE1FE780A0B513854900A165F1
:10EAD00042058505418103AA04009730FE1FE780A7
:10EAE000C0A79C40229A2320AA00A297884305D958
:10EAF00005472385E70083470B004A86D685FD1727
:10EB00002388F1A89720FE1FE780E0CB9C403E942D
:10EB10002313240123123401ADBF8547E391F5F09F
:10EB2000B1473304F402138B01AA83270B00DA895F
:10EB3000A29703D76700884355C783D74700B3061A
:10EB4000C700910763C0D70A3A95D6859720FE1F64
:10EB5000E78060C703270B00814422978357670033
:10EB6000CA97C207C1832313F70003574700110751
:10EB7000E399E7EA3145EF206FDEAA8515CD9307CB
:10EB800000F92310F50083270B00230275012311E0
:10EB90004501A29703D767009C432313E5001CC5DA
:10EBA00003C581A9EF206FE683270B003E94231352
:10EBB000040023050400B5B583270B00A297884302
:10EBC00011C99730FE1FE780A0A583270B00A297ED
:10EBD00023A0070083A709003E9423130400230504
:10EBE000040045BD11C99730FE1FE78060A383A7CD
:10EBF0000900A29723A0070083A7090085443E943B
:10EC0000231304002305040029BD6F40C02C6F406E
:10EC1000002E6F40A0776F400031411106C6EF40D3
:10EC2000402DB2400145410182806F4060326F400B
:10EC300080346F40C0376F40E0396F40E03B6F4039
:10EC4000E03D6F40C03F6F40C0416F40C0436F40E8
:10EC500060458347160003460600A2075D8E6F409D
:10EC6000A0466F40E0476F40A04A6F40604D6F4044
:10EC700040506F4020536F4040556F4060576F4089
:10EC800080596F40A05B6F40C05D411122C60344B4
:10EC9000C10226C48344010303430101030E410161
:10ECA000834E8101034FC101834F01028342410220
:10ECB0008343810222D6324426D8A2441ED416D2DF
:10ECC0007ED07ACE76CC72CA1AC841016F4080716C
:10ECD0006F40205B6F40405D6F40605F6F408061C0
:10ECE0006F40A0636F40C0656F40E0676F40C06ACF
:10ECF0006F40E06C6F6060201307A5FF42078567D7
:10ED00002A8841831385A7C7636CE502138707C868
:10ED100001456368B70263E605031307301F6362AA
:10ED2000C702138766FF42074183938767C763EA79
:10ED3000E70005063306B6028E063325D60082802C
:10ED400001458280411126C206C622C4AA84EFD0A2
:10ED5000106819C52A842685EFC0F0232324A4183F
:10ED6000B2402244924441018280834665010D47AE
:10ED7000AA876384E6000545828003274511034680
:10ED80004700A305C502034737006316D7020347B0
:10ED9000B50075F303470501930600026307D7002A
:10EDA0009306300201456317D700130760022388DA
:10EDB000E70001458280BD466310D7020347050185
:10EDC0009306000401451377B70FE315D7FE130729
:10EDD00050042388E7008280B946631AD70083462F
:10EDE000050113070003E398E6F80547C9B7D146C4
:10EDF0006317D7008346050113070005EDB7D94611
:10EE00006318D7028346050113075005E395E6F61C
:10EE10000327050A136707202320E50A054723086F
:10EE2000E50003C71701136707F8A388E70051B788
:10EE3000E946631BD7008346050113075006E39C90
:10EE4000E6F21307A006A5B7FD46631BD70083466D
:10EE500005011307A007E390E6F2130710F881BF3E
:10EE600093063002E319D7F08346050113075008D3
:10EE7000E393E6F005472308E5000347A50213677F
:10EE800017002305E50271BF832705110947A30A6F
:10EE9000E50095C32381E70003474505A381E7000B
:10EEA0008347A50293E787002305F502F14723086E
:10EEB000F500014582801D4582808547A30AF50043
:10EEC0008327051191CB15472381E7009307B002F3
:10EED0002308F50001458280054582808547A30A05
:10EEE000F5008327051191CB19472381E70093078C
:10EEF000D0022308F50001458280054582808947BC
:10EF0000A30AF5008327051181CF1D472381E70060
:10EF1000832705110347D5020145A381E7008280BD
:10EF2000054582808547A30AF5008327051191CB0B
:10EF30002D472381E700930770032308F50001455F
:10EF40008280054582809947A30AF5008327051131
:10EF500031472381E7001777FE1F1307A7EF83567A
:10EF60004701A381D7009776FE1F83C606F0238250
:10EF7000D7009776FE1F83D646EFA182A382D700E3
:10EF8000834687012383D70003479701A383E700C4
:10EF90008347E50213F7070409CF9307A00323086B
:10EFA000F5008347E50293F7F7072307F5020145CC
:10EFB0008280858BFDD78327050AA30505022307D9
:10EFC000050293E707042320F50AE1BF8947A30A56
:10EFD000F5008327051181CF35472381E70083277B
:10EFE00005110347B5020145A381E700828005456D
:10EFF00082808D47A30AF5008327051191CF4547ED
:10F000002381E7000347C502A381E7000347B50258
:10F0100001452382E7008280054582808547A30A57
:10F02000F5008327051185C349472381E70093072E
:10F03000A0042308F5008347A50293E747002305B2
:10F04000F50201458280054582808547A30AF500C7
:10F050008327051191C74D472381E7000145828031
:10F0600005458280032705118D47A30AF500D9477E
:10F070002301F70083464514A301D70083475514A5
:10F08000918A2302F7000357A51CB1C69306F034FA
:10F09000814763FDE600930787E80357851415CB86
:10F0A0008587938757FD8D87C207C1830357851CCA
:10F0B00063F3E7003E878347A5022307E50493E750
:10F0C00047002305F502930750052308F500014585
:10F0D00082808D87F9B7858B99C7930707FB2147F6
:10F0E000B3C7E702D1B79307C7FB1147D5BF0327C3
:10F0F00005118D47A30AF500DD472301F70083477B
:10F100004514A301F700834655142302D700034793
:10F11000B514F98F93F647000357A51CB1C69306A3
:10F12000F034814763FDE600930787E803578514B1
:10F1300015CB8587938757FD8D87C207C1830357FA
:10F14000851C63F3E7003E87930780052308F500DD
:10F150008347A5022307E50493E747002305F5024B
:10F16000014582808D87F9B7858B99C7930707FB87
:10F170002147B3C7E702D1B79307C7FB1147D5BFF4
:10F18000832605118D47A30AF500E5472381F60084
:10F1900083477514034665140547B317F700331703
:10F1A000C700D98FA381F600834715142382F60088
:10F1B0008347A50293E747002305F502930700065E
:10F1C0002308F500014582808947A30AF5008327BB
:10F1D000051175472381E7001777FE1F130787C7BF
:10F1E00003473700A381E700930750072308F50082
:10F1F000014582808947A30AF500832705117947D5
:10F200002381E7000347F502A381E7008327050A6E
:10F210002167D98F2320F50A85472308F50001458A
:10F2200082809777FE1F9387E7C2B84B93078005CC
:10F2300083464700B387F602145703270511BE968D
:10F24000A547A30AF500930700022301F700035620
:10F25000A51C8357651CB297D05A9387C71263F3D6
:10F26000C700B287A301F70013D68700C18323022A
:10F27000C700A302F7009C5E2303F70013D68700A4
:10F28000C183A303C7002304F70083C7C601A304F7
:10F29000F70083C7D6012305F7009307C0072308AB
:10F2A000F5000145828083270511114613073002BE
:10F2B000A30AC5002381E70003478515118B05CFFD
:10F2C0000347A515238207009306F7FF0547331769
:10F2D000D700A381E70003473514A382E7008347E3
:10F2E000A50293E747002305F502930750F823088A
:10F2F000F500014582808346751409476392E60252
:10F300001777FE1F034777A909C72147A381E700A5
:10F3100019A0A381C700034755162382E70065BFE4
:10F3200005473317D700DDB79547A30AF5008327B4
:10F330000511130740022381E700A381070003079B
:10F3400035148306F5156395E6008946A381D70039
:10F350008306E5156398E60083C6370093E616003A
:10F36000A381D7008306D5152382D7000346C51590
:10F37000A382E7002383C70083478515858B81CB54
:10F3800099C68327050A4167D98F2320F50A0145CD
:10F390008280411126C28324051106C622C4B547C6
:10F3A000A30AF500A9C091472A842381F40093059C
:10F3B000851A2146138534009710FE1FE780A04070
:10F3C0001385B40011469305041B9710FE1FE780B8
:10F3D000803F930720022308F4000145B2402244F5
:10F3E0009244410182800545D5BF83270511A1C7FD
:10F3F000411122C406C62547A30AE5002381E70080
:10F400002A84032505119305840F21460D059710C5
:10F41000FE1FE780403B8327040AA3050402014541
:10F4200093E707022320F40A85472308F400B2403B
:10F4300022444101828005458280A547A30AF50048
:10F4400083270511A9C3411122C406C63947238168
:10F45000E7002A84032505119305840F21460D0535
:10F460009710FE1FE78020368347A402014593E7EB
:10F4700047002305F402930700032308F400B24079
:10F4800022444101828005458280E147A30AF500BC
:10F4900083270511D9CF411122C406C63D472381D8
:10F4A000E700034745072A8493058506A381E70003
:10F4B0000347550731462382E70003476507A382C8
:10F4C000E7000357650721832383E7000347A5056A
:10F4D000A383E7000357A50521832384E70003479F
:10F4E000C505A384E7000347D5052385E700035737
:10F4F0004506A385E700034765062386E700035713
:10F5000065061385E7002183A386E7009710FE1F99
:10F51000E780602B8347A402014593E7470023055A
:10F52000F402930700042308F400B240224441018E
:10F53000828005458280E147A30AF50083270511F3
:10F54000C9CB411122C406C641472381E7000347C6
:10F5500045072A8493058506A381E70003475507DD
:10F5600031462382E70003476507A382E70003577C
:10F57000650721832383E7000347A505A383E700ED
:10F580000357A50521832384E7000347C505A3840A
:10F59000E7000347D5052385E70003574506A38504
:10F5A000E700034765062386E700035765061385D2
:10F5B000E7002183A386E7009710FE1FE780A020C5
:10F5C000930740042308F400B2402244014541015E
:10F5D000828005458280411106C6AD47A30AF50029
:10F5E00083270511130790029305D5172381E700A0
:10F5F0001385370029469710FE1FE780C01CB240D4
:10F6000001454101828083254511411126C206C66C
:10F6100022C483C7450003C735000568A207D98FF8
:10F620001387A7FF420741839306A8C7F94463E203
:10F63000E60C03C7650083C65500130808C82207F7
:10F64000558FF9446367E80A6365F70A03C68500C6
:10F6500083C675002206558E9306301F63EBC608DD
:10F6600083C6A50083C89500A206B3E616016362AF
:10F67000D808130816003308F80293983600635A26
:10F68000180783C8B500139808011358080163844C
:10F690000800636007078358A5038144639D170131
:10F6A000631BF7008358C5036397C8008354E503C1
:10F6B000958C93B41400231DC504231AF506231B4F
:10F6C000E506231ED5042312050783C7D50003C70B
:10F6D000C5002A84A207D98F2313F5063146B90540
:10F6E000130585069710FE1FE780E00D9147A30ED6
:10F6F000F400B240224426859244410182804111A7
:10F7000022C406C68547A30AF5002A848345351519
:10F710000327051103454515854693176500CD8FD1
:10F720002301F700ED47A301F7008347C400034618
:10F73000241593E707022306F400EF107074930773
:10F7400070062308F400B240224401454101828042
:10F75000832745111303000E03C6470003C7370074
:10F760002206598E130756FE420741836367E3065C
:10F7700083C6670003C757001168A206D98E138796
:10F7800086EB42074183130888146368E80403C7C3
:10F79000870083C87700220733671701930857FE55
:10F7A000C20893D80801636A130383C8970083C70C
:10F7B000A700A207B3E71701938887EBC20893D885
:10F7C0000801636C1801231EC51A231FD51A2310C4
:10F7D000E51C2311F51C6FB06069054582808346E6
:10F7E000B5000547AA8705456395E60C83C6670102
:10F7F00031470545639FE60A03A747118346370053
:10F80000A38AD7048346570003464700A206D18E39
:10F81000239BD7048345770083466700A205D58DD7
:10F82000239CB70403469700834687002206558E23
:10F83000239DC7048346B7000345A700A206C98ECF
:10F84000239ED7040345C7000347D7002207498FEB
:10F8500003D5A703239FE7040147631BB50083D5A6
:10F86000C7036397C50003D7E703158F1337170046
:10F870002391E70603C70701930600046304D70238
:10F88000930640046315D70005472388E70003C7A4
:10F8900017019546A38ED700136717F8A388E700D2
:10F8A0000145828003C7A702136717002385E7027B
:10F8B000E1BF8280034765018947631DF700832705
:10F8C000451183C73700230AF504F5472308F500DF
:10F8D000014582801D4582808347B5002A87D9EB88
:10F8E00083466501B54705456397F60883460701DA
:10F8F000930700026391F60883274711014583C6E9
:10F90000570003C64700A2064206B29603C6670028
:10F91000B29603C637006206B2962320D70C83C680
:10F92000970003C68700A2064206B29603C6A70048
:10F93000B29603C677006206B296232ED70A83C614
:10F94000C70003C6D700A2064206B29603C6B70098
:10F9500083C7E700B296E207B6972320F70E8347E6
:10F96000170193E78700A308F700930730022308E5
:10F97000F7008280054582808347B5009DE30347F9
:10F9800065018547631DF7008346050113073002B3
:10F990006397E6009307C0022308F50081473E8580
:10F9A00082808547EDBF834665010547AA870545E7
:10F9B000639CE60203C707019306B002631AD700EF
:10F9C0001307E0022388E700A38507020145828030
:10F9D0009306D00205456319D7001307E002A385FB
:10F9E00007022388E700DDB7828003476501894766
:10F9F000631EF704E947A305F5028327451139473C
:10FA000083C737006392E7020347050193070003AA
:10FA1000631EF7028327050A93E707022320F50AEE
:10FA200085472308F500B9A03D476393E702832784
:10FA3000851003470501F59B2324F5109307000467
:10FA40006316F700930760042308F50001458280E0
:10FA500049476398E702034705019307A004E317AA
:10FA6000F7FE85472308F5008347A50293E71700B3
:10FA70002305F5028347150193E707F8A308F5006E
:10FA8000F1B751476392E702034705019307000569
:10FA9000E31EF7FA85472308F5008327050A93E755
:10FAA00007102320F50AF9B75947639DE70003477C
:10FAB000050193075005E31BF7F88327050A93E731
:10FAC0000720A9BF6947639FE70003470501930724
:10FAD0005006E31DF7F68327050A0567130707801D
:10FAE000D98F2DBF7147E383E7F67547639CE70025
:10FAF0000347050193075007E31AF7F48327050A24
:10FB00002167F9BF13073002E392E7F403470501C9
:10FB100093075008A9B70347B50085476311F7025B
:10FB200003476501631BF700034705016317F700EF
:10FB3000930760032308F50081473E85828085474F
:10FB4000EDBF834665010547AA8705456393E60631
:10FB500003C70701930670036315D70203C7A70203
:10FB6000238607049376070499C61377F7FB136778
:10FB700007012385E702130780032388E700014577
:10FB800082809306500305456315D702130780034F
:10FB90002388E70003C7A70223860704014593765D
:10FBA000070481CA1377F7FB136707012385E70270
:10FBB00082808280034765019947631EF708032707
:10FBC000451183473700A307F50483475700834651
:10FBD0004700A207D58F2318F50483477700834693
:10FBE00067001307A003A207D58F834605012319D9
:10FBF000F5048347E5026395E604858B99CB83275B
:10FC0000050AA30505022307050293E7070423203D
:10FC1000F50A8347A50293E717002305F5028547F8
:10FC20002308F5008347150193E707F8A308F500BB
:10FC30008347E50293F7F7FB2307F502014582802E
:10FC4000E207E187E3D007FE8327450A93E707042D
:10FC50002322F50AC1BF0545828003476501894714
:10FC60006304F700054582808327451113070004CC
:10FC700083C73700A305F5028347050193F6B70F45
:10FC80006397E600930750042308F50025A01307A7
:10FC900050056393E7028327050A93E70720232093
:10FCA000F50A85472308F5008347150193E707F810
:10FCB000A308F50001458280130750066395E7000D
:10FCC0009307A006D1B713075008639CE700854748
:10FCD0002308F5008347A50293E717002305F502E3
:10FCE000E1B70347B5003DFF130700026386E70055
:10FCF000130730026395E7009307600271B713079B
:10FD0000A007E391E7F6930710F8BDBF83466501AE
:10FD10000547AA8705456394E60403A787100545B0
:10FD2000418B15CF03C707016318A7001307B00461
:10FD30002388E700014582801306A004631AC700E8
:10FD400003C7A7022388D700136717002385E7029C
:10FD500003A7870A1367070423A4E70AE1BF828089
:10FD6000834665010547AA8705456393E60283C676
:10FD700007011307A0040545639CE60003C7A7021B
:10FD80002388A7000145136717002385E7028280B7
:10FD90008280034765018D47631FF718834715016C
:10FDA0008D8B91EB834605012147938706FC93F7E2
:10FDB000F70F6361F702D9472306F5029307A00204
:10FDC000A305F5028327850A93E727002324F50A74
:10FDD000014582808347B5000326451163900714CF
:10FDE000930750056398F600D9472306F502930759
:10FDF0003002F9B79767FE1F9387C7058345460012
:10FE000003C7A70383C7B703834865146D8F230512
:10FE1000E51403463600F18F0546A305F5143316A5
:10FE200016016314C700230505140348751485459E
:10FE3000B39505016394B700A30505140347A51402
:10FE40008347B5145DCFD9CB93752700B1C113F6A5
:10FE500027001DCE930720202315F5140347A51472
:10FE60008547B39717016314F7002305051403476B
:10FE7000B5148547B39707016314F700A30505146C
:10FE800085476398F608930760052308F50089B74E
:10FE90001376470001CA13F3470063050300930775
:10FEA00040405DBF058B19C713F7170001C79307C3
:10FEB00010105DB7094781E5114711E20547230599
:10FEC000E51413F7270009C78947A305F51479B787
:10FED000918B99C39147D5BF8547C5BFB35707419C
:10FEE000858B81C72305B51495BF9377270089C7F4
:10FEF00089472305F5149DB7118B91477DFB8547F5
:10FF0000CDBFA9DF33D71741058B45DFA305C51446
:10FF1000B1B78327850A93E707104DBD85476397DF
:10FF2000F60083474600A305F514B1BF8327850A71
:10FF300093E7072061BD05458280834665010D4733
:10FF4000AA8705456394E61483C607011307500585
:10FF50000545639DE61203C7B7006319071283C600
:10FF6000471403C7571403A6471133F5E60083452A
:10FF7000460019ED6396B60003453600630AE500B6
:10FF800023950714130770052388E7000145828035
:10FF9000ED8E2385D7140346360003C86714718F8E
:10FFA0000546A385E714331606016394C60023852E
:10FFB000071403C577148545B395A5006314B700EE
:10FFC000A385071483C6A71403C7B714C5CA41C7BE
:10FFD00093F526009DC91376270005CA1307202034
:10FFE0002395E71483C6A7140547331707016394C5
:10FFF000E6002385071483C6B71405473317A70007
:020000040002F8
:10000000E392E6F8A3850714B5BF13F6460001CACC
:10001000937847006385080013074040D1B7858A6D
:1000200099C69376170081C61307101055BF8946ED
:1000300081E5914611E285462385D7149376270002
:1000400089C60947A385E71471BF118B19C31147EE
:10005000D5BF0547C5BF33D7A640058B01C723854C
:10006000B71449B713F7260009C709472385E714D2
:1000700095BF918A1147FDFA0547CDBF25D7B356E5
:100080000741858AC5DEA385C714A9BF8280834640
:10009000B5000547AA870545639FE60683C6670145
:1000A000154705456399E60603C707019306500502
:1000B0006306D70093068005631FD70403C7A70212
:1000C00083A54711136717002385E70203C6450080
:1000D0001147636EC70083C63500636AD7001307F4
:1000E000F6FF1385F6FF718F758D498F11C7054790
:1000F0002388E7000145828003C7650003C55500DA
:100100002385C7142207498F2396E714A385D714A4
:100110001307A005F1BF82808347B50095E38346AE
:1001200065010D478547639BE6000347050163179B
:10013000F700930710062308F50081473E8582806B
:100140008547EDBF0347650189476310F70683279D
:1001500045119765FE1F83C585D483C7370013F605
:10016000F70113D767009767FE1F83C737D363EA8A
:10017000C7008346E514A18A89C6B3D6E540858ABF
:100180009DE6E9472306F5028547B397E700ED8F23
:100190008D8B794799C3130700028327850AA3052E
:1001A000E50293E727002324F50A05458280230A08
:1001B000E51403470501A309C51485476318F70033
:1001C000930760062308F500014582808327850A8E
:1001D00093E707402324F50AC5BF03476501894714
:1001E000631CF702832745110347050183C73700C6
:1001F0002308F50285476318F70093076007230873
:10020000F500014582808327850A0567130707806B
:10021000D98F2324F50AF5B7054582808346650109
:100220000947AA870545639FE60283C607011307AE
:10023000500701456398E60203A74711A1660347EB
:1002400037002388E70203A7070A558F23A0E70A90
:1002500005472388E70003C71701136707F8A3883A
:10026000E70082808280834665011547AA8705459D
:100270006399E60C83C6070113075008054563928E
:10028000E60C03A7471183463700A38DD7148306D6
:100290004700A382D716030657002380C7160347DB
:1002A00067002382E71603C7871593754700B5CD0E
:1002B0008946A38CD71483A6070AC1656D9BCD8E92
:1002C00023A0D70A238CE71403C7A7169376170039
:1002D00085C29306F0076306D600136727002385BF
:1002E000E71603A7070AB7060200558F23A0E70AFF
:1002F0001767FE1F130707B6034737000145A3879B
:10030000E70203C74703A380E71605472388E700F2
:1003100003C7A702136717002385E70203C7170166
:10032000136707F8A388E7008280098B51DFC9DED5
:1003300003A7070AC166A38CA714558F23A0E70A59
:1003400061B78280834665011547AA87054563909A
:10035000E60A83A64711014503C636001377060F48
:1003600059E71767FE1F0347B7B2718F49C303C729
:10037000660011482380E716838556000147A38253
:10038000B716130517003357E640058B9378F50F22
:1003900015CF238D171503C74600A38DE71403C798
:1003A0008715937647009DC68946A38CD71483A6EC
:1003B000070A41666D9BD18E23A0D70A238CE714D0
:1003C00003C747030145A380E71682802A87E31A03
:1003D00005FBD1B7098B6DD7E5D50547A38CE7148D
:1003E00003A7070AC166558F23A0E70AD1BF828001
:1003F000834665011147AA8705456393E60A83C5CD
:10040000B7000545639EA50883A6471103C83600BB
:100410006366050303C74600130510091306B7FFFB
:100420001376F60F636CC50003C656009306B6FF3D
:1004300093F6F60F6364D5006371E6027947A385EE
:10044000E702130780022386E70203A7870A014514
:100450001367270023A4E70A828083A6C7100145FB
:1004600093F6060895CE83C647176317B80293E63E
:100470001600238AD7169306000AA38AE7163307C5
:10048000D70283D6A7033347D70283D6070485064E
:100490003697239BE7168280D99A238AD7168280C3
:1004A000828083270511E9C72547A30AE500514744
:1004B0002381E7000347451B8355651B0356A51B96
:1004C000A381E7000347551BA382B7002382E700FF
:1004D00013D785002383E7000347851BA383E70029
:1004E0000347951BA384C7002384E70013578600A6
:1004F0002385E7008346751409476386E6020327D0
:1005000005109316470163C00602856693868684AC
:100510002E8763F3B600368742074183A382E70044
:1005200021832383E7008346651409476386E60237
:10053000032705109316470163C00602856693865C
:100540008684328763F3C600368742074183A384DB
:10055000E70021832385E7008347A50293E747004F
:100560002305F502930700052308F5000145828065
:100570000545828083270511E9CB2547A30AE500BD
:1005800055472381E7000347451B8355651B0356E9
:10059000A51BA381E7000347551BA382B700238255
:1005A000E70013D785002383E7000347851BA38358
:1005B000E7000347951BA384C7002384E700135774
:1005C00086002385E7008346751409476380E602A9
:1005D0008566938686842E8763F3B6003687420746
:1005E0004183A382E70021832383E70083466514C8
:1005F00009476380E602856693868684328763F3C3
:10060000C600368742074183A384E7002183238500
:10061000E7008347C507A305050299C78327050A95
:1006200093E707102320F50A8327450A139747010C
:10063000635807007D771307F77FF98F2322F50AA8
:1006400085472308F50001458280054582800347E0
:100650006501AD476318F702411106C68347451788
:1006600083254511294693E70701230AF5168D05D1
:100670001305D5179700FE1FE780E014B24001452F
:1006800041018280054582808347B500EDE7411135
:1006900022C406C603476501E1472A84054563185D
:1006A000F70C03470401930700046312F70C83253A
:1006B000441105659306A5C703C7450083C73500E8
:1006C00022075D8F9307A7FFC207C18363ECF6087B
:1006D00083C7650083C65500130505C8A207D58FDB
:1006E0006362F50863E0E70803C6850083C675000A
:1006F0002206558E9306301F63E6C60683C6A50004
:1007000003C89500A206B3E60601636DD504130580
:1007100016003305E502139836006345A80403C8A4
:10072000B5001315080141816304080063ECA702BA
:10073000231DC4042312A406231AE406231BF40673
:10074000231ED40483C7D50003C7C5003146A207C2
:10075000D98F2313F406B905130584069700FE1FED
:10076000E7806006930770042308F4000145B24057
:1007700022444101828005458280411126C206C67D
:1007800022C403476501E14785446318F7048327C2
:1007900085102A848544898BA9C38347B50063915A
:1007A0009706EFE05FE683470401A305A402639781
:1007B0009700930710042308F40039A813070004D6
:1007C0006393E702930710042308F4008347A4020D
:1007D00093E717002305F4028144B24022442685A2
:1007E0009244410182808327040A93E72700232053
:1007F000F40A8347140193E707F8A308F400E9BF5C
:10080000834715018D8B99CF9307A002A305F402AE
:10081000BD472306F4028327840A93E72700232495
:10082000F40A5DBF8347050163979700EFE0BFDDE2
:10083000A305A402BDBF130700026390E702EFE027
:100840009FDCA305A402814449F98327440A3707A2
:100850000080D98F2322F40A49B713070004E39ECE
:10086000E7F6930730025DB7411126C206C622C4DF
:100870008347B5008544A5E703476501A54785443F
:10088000631FF7048327850FA18BB1CB8325451107
:100890002A8421468D05130505109700FE1FE78069
:1008A00080F283270410B73678089386060DDD8E14
:1008B0008327441013E707018327840FF58F232430
:1008C000F4108327C40FF98F2326F4108347040103
:1008D000639D9700930710032308F4008144B240FE
:1008E000224426859244410182808327840A93E72B
:1008F00007012324F40ADDB7411126C206C622C42B
:1009000003476501A5478544631AF70603470501B8
:100910009307000385446313F706832545112A8452
:1009200021468D05130505109700FE1FE780A0E9FD
:1009300083270410B73678089386060DDD8E83274B
:10094000441023089400A305040213E7070183273A
:10095000840F8144F58F2324F4108327C40FF98F6B
:100960002326F4108327040A93E707022320F40ABE
:100970008347140193E707F8A308F400B240224428
:1009800026859244410182808347B50005476395DF
:10099000E708411122C406C68346650125472A841B
:1009A00005456390E606034704016310F7068325B7
:1009B00044112146130504108D059700FE1FE780A2
:1009C00080E083270410B73678089386060DDD8E05
:1009D0008327441013E707018327840FF58F23240F
:1009E000F4108327C40FF98F2326F4109307100304
:1009F0002308F40083471401014593E707F8A3088F
:100A0000F400B2402244410182808327840A93E7A4
:100A100007012324F40AF9BF054582800347B50086
:100A20008547631CF704411122C406C626C203474A
:100A30006501A1472A840545631CF70283244411FC
:100A4000130584121546938534009700FE1FE78036
:100A500080D783C7940003C784000145A207D98FBC
:100A60002317F4128347140193E727F8A308F4002F
:100A7000B24022449244410182800545828003476E
:100A8000B50085476310F716834665015D47639C93
:100A9000E614011126CA8324451122CC21462A845A
:100AA000938534001305F51806CE9700FE1FE780E6
:100AB00080D183C7C40003C7B400A207D98FA30B9A
:100AC000F418A183230CF418EF00DF8C2AC4EF0084
:100AD0007F8C2AC62C001305841A21469700FE1F1E
:100AE000E78060CE83C7F40003C7E4001305041B4E
:100AF000A2074207BA9703C704012C001146BA9710
:100B000003C7D4006207BA972324F40C83C73401C7
:100B100003C72401A2074207BA9703C74401BA9743
:100B200003C714016207BA972322F40C0347941AEF
:100B30008347A41A4207A207BA970347B41ABA9781
:100B40000347841A6207BA972320F40C0347D41A88
:100B50008347E41A4207A207BA970347F41ABA97E1
:100B60000347C41A6207BA97232EF40AA2473747ED
:100B700003001307D73FB387E70237A72600130701
:100B800037ECBA973EC49700FE1FE780C0C383C707
:100B9000640103C77401A2074207BA9703C754014F
:100BA000BA9703C784016207BA97232EF40C034750
:100BB000241B8347141B4207A207BA970347041B51
:100BC000BA970347341B6207BA972320F40E9307A2
:100BD00010022308F400F24062448147D2443E856B
:100BE0000561828085473E85828003476501914784
:100BF000631BF712411126C28324451106C622C485
:100C000003C7340001CB9307F7FFF98F81E7937790
:100C1000070F8DC793070002A305F5029307300263
:100C20002306F5028327850A93E727002324F50A84
:100C3000B2402244924401454101828083C5540060
:100C40009306E007814711466397D500F947E9B756
:100C5000B687638CC60093861700B357F740858B21
:100C600093F5F60FF5D7230DB514838744002A8436
:100C7000B5C3A30EF514030535143387A700137508
:100C8000F50F635AF0008307F41563DAE700898FE4
:100C9000A30EF41429A08307E415E34AF7FE834763
:100CA000D4153E9562056185212F2301A4145D258D
:100CB00083473414A301A414B307F540A30EF4141E
:100CC00001278347A415034734142301A414A297D2
:100CD000A382E7168307440383062416014763D5DE
:100CE000F600958F13F7F70F230EE41483C7540013
:100CF00005472300F416834704016397E700930731
:100D000060F82308F4002DB7130750086396E70036
:100D1000FD57230EF414E5B78327840A0967D98F9A
:100D20002324F40A31B70545828003476501A547AE
:100D3000631EF704411122C406C68346050113074A
:100D400000052A8485476397E602EFE07FA005E966
:100D50008327040AA305040293E707102320F40A5B
:100D60008347140193E707F8A308F4008547230895
:100D7000F4008147B24022443E854101828083478E
:100D8000A40293E717002305F402D9BF85473E85E7
:100D9000828003476501A5476309F7000545828006
:100DA0000545B240224441018280832785104111CC
:100DB00022C406C693F707022A84FDD3EFE05F99A9
:100DC0008547E30FF5FC034704016318F700930719
:100DD00010052308F4000145E9B78327840A93E747
:100DE00007082324F40AC5BF054582800545828093
:100DF00005458280054582800545828005458280C3
:100E000005458280054582808347C500A30A050009
:100E1000F19B93E717002306F50003250511133511
:100E2000150082801757FE1F0347F7F69547630B9F
:100E3000F7009757FE1F9387A7F583C777000D47E5
:100E4000631FF7009757FE1F83C717F5639E0710B0
:100E5000930760101757FE1F2310F7F4828041118B
:100E600026C29757FE1F9387E7FE938481AC22C466
:100E7000E05F9C404AC006C623A20706096798C7E0
:100E800019459757FE1F238707F0EF003016938709
:100E9000C1AB944337C7898E130767ED98C63757A0
:100EA000550013075755D8C2034724029306F00F85
:100EB0003E896307D700FD57A300E4022301F40233
:100EC0000345140289476303F50001459840014634
:100ED0009305F00F5C4393E717005CC3930710FA88
:100EE0002305F40099471757FE1FA306F7EA975703
:100EF000FE1F238F07E89757FE1F238D07E89D2DC0
:100F0000938701AD9443DC56F59BDCD6832709001B
:100F1000034794001376F7079843137707F8518F28
:100F200098C31757FE1FA30707E690401757FE1FE9
:100F3000A30007E6054718C298431377F7E798C35D
:100F400098431377F7E71367071098C39C46370752
:100F50003300B240D98F22449CC69307900D3CCAFF
:100F600092440249410182808280411106C622C416
:100F70001757FE1F034757E29757FE1F938747E116
:100F800001CF9756FE1F83C626E109476396E60008
:100F90001757FE1FA30207E003C77700A146638728
:100FA000E60003C777009D46639DE60083C7770090
:100FB0001757FE1F2302F7DE85471757FE1FA30DA5
:100FC000F7DCEF00407B9757FE1F9387A7E8E05FB1
:100FD000684023150400230404009700FE1FE780E7
:100FE00020649145231004042322040423240404D0
:100FF0001755FE1F0345F5BDEF001F85A145175589
:10100000FE1F034515BDEF003F84034514039307FE
:10101000F00F6307F500EF00DF87FD57A308F40228
:10102000034504039307F00F6307F500EF007F8685
:10103000FD572308F402B24022444101828001118D
:1010400026CA9754FE1F9384E4E022CC03A4040C28
:101050004AC84EC652C456C206CE2A898149130ACE
:101060002500854A29E89305702531459700FE1F24
:10107000E780A04E2A8401453DC0834719001946E8
:1010800093052900A300F4001305240097F0FD1F29
:10109000E780607383A7040CA1EF9757FE1F23AB73
:1010A00087E62324040083C7C40B85071757FE1F58
:1010B0002300F7E625A003471400834719006305C2
:1010C000F700A289004479BF1946D2851305240090
:1010D00097F0FD1FE7802078E31555FF0545F240A6
:1010E0006244D2444249B249224A924A056182800E
:1010F000E38909FA23A489006DB79757FE1F9387E8
:1011000067D503A5070C11E99757FE1F23A407E035
:101110009757FE1F238E07DE8280411106C622C428
:1011200000459700FE1FE780A04F228575F8B2406A
:1011300022449757FE1F23AF07DC9757FE1F2389D2
:1011400007DC410182809757FE1F9387A7D023A019
:10115000070C238E070A8280011122CC138481ACF4
:10116000184006CE26CA2EC632C43C4BAA8435454A
:1011700093F7F7F73CCB9D2D184026853C4B93E722
:1011800007083CCB2246B2459700FE1FE78040AEE1
:10119000F2406244D244014505618280138781ACEC
:1011A0001443BC4A93F7F7F7BCCA01000100184387
:1011B0001605136505083C4B93E707083CCB93875E
:1011C00081AB9C4303A7450E88C398CB03A7850E2C
:1011D0000145D8CB03A7C50B98CF03A7050CD8CFE3
:1011E00003A7450C98D303A7850CD8D303A7C50C38
:1011F00098D703A7050DD8D703A7450D98DB03A7FC
:10120000850DD8DB03A7C50D98C703A7050ED8C762
:1012100098431367070498C38280138781AC1443F3
:10122000BC4A93F7F7F7BCCA010001001843160542
:10123000136505083C4B93E707083CCB938781ABCC
:101240009C4303A7C50E88C398CB03A7050F014590
:10125000D8CB03A7C50B98CF03A7050CD8CF03A7FE
:10126000450C98D303A7850CD8D303A7C50C98D7F2
:1012700003A7050DD8D703A7450D98DB03A7850D58
:10128000D8DB03A7C50D98C703A7050ED8C7984399
:101290001367070498C3930700F81757FE1F230C22
:1012A000F7AE82801386C1AB1C42B7068000B7152B
:1012B00001809843938585E7558F98C39843B70677
:1012C0000010558F98C31307001DD8DB1757FE1F5A
:1012D0000347878D93169701CD8ED4D7D457B70582
:1012E00000821377F703FD15ED8E6607558FD8D76B
:1012F00037170040930770052300F704930780FA1F
:101300002300F7049756FE1F83C6068AB54763FB82
:10131000D7028357270293E707012311F7021842E8
:10132000B7070900938737081CD337E700E0D14798
:10133000A309F7049707FE1F9387A7BE93E717003B
:101340007CD7828083572702C207C183BD9BC20717
:10135000C183E1B79307C00363E2A70613078002C6
:101360009547636BA704714791476367A704594783
:101370008D476363A70449478947636FA7023947CD
:101380008547636BA702314781476367A7022947F7
:10139000FD576363A7022147F557636FA7001947FD
:1013A000ED57636BA7000D47E1576367A70005473B
:1013B000C1576373A700D1573E8582809947EDBF1F
:1013C000C5576340F50655578947634AE504655795
:1013D00091476346E50471579D476342E504795799
:1013E000A547634EE502AD47634B0502B54705C906
:1013F0000547BD476305E5020947CD476301E5029F
:101400000D47DD47630DE5001147F5476309E5002A
:1014100015479307D0036314E500930790023E85B8
:1014200082808547EDBF938741AC9C4399CB944B19
:10143000D04B9842518F98C294439C479842D98F81
:101440009CC29387C1AB138681AC05489C43175758
:10145000FE1F03478794144263120505884375787D
:101460007D183375050188C3C846F977FD17E98FE4
:10147000DCC60100010014428967AD059CC69307D4
:1014800000F81756FE1F2307F69093972500930543
:10149000E709BE958605ECD2C8C6828075781373BD
:1014A00025009308F8FF630B030803A807008905CC
:1014B0000D433378180189683368180123A00701A8
:1014C00051781307E70B8E057D1863116504884377
:1014D0003375050111683365050188C3C846F9777E
:1014E000FD17E98FDCC6010001001C42930600F8DD
:1014F0009385750D23A417011756FE1F230CD6885C
:101500008605BA958605ECD3C8C7828088433375B3
:10151000050188C3C846F977FD17E98FDCC60100CD
:1015200001001C42930600F89385A50423A417012B
:101530001756FE1F2300D6868E05E1B7884305683F
:10154000337515013365050188C3C846F977FD1762
:10155000E98FDCC6010001001C428966A90594C719
:10156000930600F81756FE1F2306D6828E05130732
:10157000E70941BF938741AC9C4389CFD44303A87B
:10158000870098423367070198C2D447DC4B9842E2
:10159000D98F9CC29387C1AB83C601AC137725005A
:1015A0009C43858A25CB984375757D15698F0965A0
:1015B000498F98C3370709001307670898D337275F
:1015C00030084517D8CB371703001307976198CF1A
:1015D0000D671307E78D98D73767000113070731A9
:1015E000D8D385C637A73F001307F74D9E0598CB84
:1015F000938545369747FE1F23A2B77A11C6060684
:101600009747FE1F23ACC778828037273700130720
:10161000F72DE9BF370709001307370898D3372795
:10162000100813071790D8CB37170300130747622A
:1016300098CF0D671307E78B98D73767000113071B
:101640000731D8D385C637A73F001307E72C98CBBF
:1016500075779306F7FF984305489505758F631CCA
:10166000050198C38E059385C50369B737273700F1
:101670001307072DE9BF8566558F98C39205E5B717
:1016800011C937170040835787012168B3E7070165
:10169000231CF7008E059747FE1F2380B7709387A2
:1016A000C1AB22069C43498E4D8EB70510004D8E6E
:1016B000F0D3F85313674700F8D3984391C6B706A1
:1016C0000020558F98C38280B70600E0FD16758F05
:1016D000D5BF411106C61747FE1F0347E76BA14759
:1016E0006310F7049747FE1F83C7476C858B174627
:1016F000FE1F0346D66D9746FE1F83C6466DB5C7CF
:101700009747FE1F9387876CC84325C18345150003
:101710000905192511C585471747FE1FA30EF76652
:101720001747FE1F034747679947631CF700974712
:10173000FE1F93872772FC5F83C7B70095CBEFF03E
:101740006FEE1747FE1F034727659D476312F70299
:101750009747FE1F9387077083A7070983C7770002
:1017600081CBB24041016FB0F0218145014555B7B1
:10177000B24041018280138781AC1C43B44BE19A93
:10178000B4CB944393E6860094C39C438D83858BAE
:1017900089C701000100010001009387C1AB944398
:1017A0009C4293F7F7E793E707089CC2938701AD44
:1017B0009043B706CEFFFD161C46F58F1CC61C4392
:1017C00013070008B8CB938741AC9C4399CBD44313
:1017D00090479842518F98C2944BDC4B9842D98FD6
:1017E0009CC29747FE1FA388075A8280938781ACCB
:1017F0009C439C438D8BF9CB411122C426C206C663
:101800001747FE1F034737598D47AA841744FE1F09
:1018100013040458631BF7009747FE1F938707596B
:101820009C4B014681454545829719476392E404E4
:101830009747FE1F83C7575699CB9747FE1F83C70D
:10184000A755639697009747FE1FA38707548347C2
:10185000740021476318F700930780101747FE1F95
:10186000231CF7522244B240924441016FF0BFF072
:101870009D47639FF4009747FE1F83C7F751E1DB45
:101880001747FE1F034747518D47E312F7FC65BF1B
:1018900083467400630BD700034774006387E70037
:1018A000834774002147E31FF7FA9747FE1F83C75A
:1018B000B74ECDFB834774001747FE1F230EF74C2E
:1018C00085471747FE1FA309F74C69BF82800111A6
:1018D00022CC2A8411452EC632C436C206CEEFF081
:1018E000FFF09387C1AB9C43B7083300D857719B77
:1018F00013671700D8D7138781AC08431307000A72
:1019000078D198431377F7E798C398431377F7E7AD
:101910001367071098C3138701AD1843B245924669
:10192000032887002246336818012324070113087F
:10193000A00D23280505C9CD4C5713640404F5995F
:101940004CD71377F4078043137404F8598C374746
:10195000767180C31307971298C73757550013073E
:1019600057551744FE1F1304A442D8C35C48B685DC
:101970003CD99747FE1F238E07409747FE1FA38A37
:1019800007405C41F99B5CC1914701451747FE1F29
:10199000A303F74097F0FD1FE780C06A938741AC2F
:1019A000984311C7544318479C42D98F9CC2834720
:1019B0003400858B91CB9747FE1F83D7274A850735
:1019C0001747FE1F231CF748F240624405618280DE
:1019D0004C57F5994CD71377F4078043137404F8E8
:1019E000598C37C7898E80C3130767EDB5B70111CE
:1019F00026CA4AC84EC6C1643709006AB70900AC96
:101A000022CC52C406CE0544FD141309690E9389F5
:101A1000E90C130A000205E49305000F4145EF00AD
:101A2000EFB1B7B7006A4205938767CE5D8DF2408C
:101A30006244D2444249B249224A05618280A68565
:101A40000145EF00EFB19317850013F7071033E559
:101A5000270119C333E5370181470147E145B356F3
:101A6000F50085073356F500858A058A6307D60099
:101A700005071377F70F63E4E504E39247FF814717
:101A80001306F003ED463357F5001377F70305CB44
:101A90006307C7028507E398D7FE1357850093773E
:101AA000F50F1377F70FE394E7F813570501137752
:101AB000F70FE39EE7F613578501E39AE7F605046F
:101AC0001374F40F89BF1747FE1F0347D72CA54790
:101AD0006303F70C9747FE1F9387872B83C7770015
:101AE0001147630AF70A938781AB9843B7C7004051
:101AF000938707306311F70A4111354506C622C4A2
:101B000026C24AC0EFF09FCE1389C1ABED289D29B4
:101B1000EFF04FF983270900F576FD16984393847B
:101B200001AD138481AC758F98C39843B706330019
:101B30001377F7E798C398431377F7E7136707100E
:101B400098C398401C47D58F1CC71C401307D00D65
:101B5000B8CB9D25EF104036792B252503270900AA
:101B60001C4393F7F7E793E707081CC39440370734
:101B7000CEFF7D179C46B2409244F98F9CC61C4014
:101B8000130700082244B8CB9747FE1FA385072000
:101B90000249410182808280238001AC23A201ACF2
:101BA000B7C700401387073023ACE1AA138707208B
:101BB00023A4E1AC9387071037D70040411123A835
:101BC000E1AC23AEF1AA06C61747FE1F1307471C58
:101BD0008547A303F7009747FE1F9387A7FB9C4306
:101BE0001CCF938707115CCBEFF0FFEDB7E700E068
:101BF00037071000B24023A0E7103707200023A0CA
:101C0000E71041018280938781AC9C431307C00891
:101C100093066007D8CBD4CFD8D31306C003D0D750
:101C2000D8DBD0DFF8C31747FE1F13076716184F1E
:101C3000F4C7F8DB41677D1798C73D673D07D8C7F4
:101C400037E700E0D5472309F7049707FE1F93877E
:101C5000078993E717003CD78280938701AD9843AB
:101C60001746FE1F130686149387C1AB9443834720
:101C7000160013F8F707D9C588425C42137505F8BA
:101C80003365050188C213F5150001C993F50503F5
:101C900041456396A506938707834C57416813080F
:101CA00008A093E525004CD7B3D50703B70810FE6D
:101CB000FD18B3F70703FD89139545016C43B3F590
:101CC0001501C98D6CC39305A00F3705FCFFAA074A
:101CD000B3D7B7026C43E98DBA07B983CD8F7CC304
:101CE00083470600898B99CB9C4293F7F70713E74C
:101CF00007049C4293F707F8D98F9CC28280938790
:101D000087C161BF5C57F59B5CD79C4293F707F88E
:101D1000B3E707019CC2E9B79747FE1F9387871374
:101D200083A7470A85C3054582800545B2502254E2
:101D300092540259F249624AD24A424BB24B224C67
:101D40004561828079714AD01749FE1F130909063F
:101D50008327890006D622D426D24ECE52CC56CA2C
:101D60005AC85EC662C4F1D3138481AC1C40984348
:101D70000D8B05C3B84B619BB8CB984313678700A5
:101D800098C39C438D83858B89C7010001000100A6
:101D90000100138CC1AB03270C00138A01AD368BF5
:101DA0001C43B7063300B28B93F7F7E71CC31C4301
:101DB000AE89AA8A93F7F7E793E707101CC30327B6
:101DC0000A009744FE1F938464001C47D58F1CC7EC
:101DD0001C401307900DB8CB9747FE1F83C7C7FF62
:101DE000918B89EB9745FE1F83C545FC93F705044E
:101DF0006398071481451745FE1F034535FBEFF037
:101E0000DFE51745FE1F034565FA11850146974535
:101E1000FE1F83C565FB0D89EFF0CFF503270A0090
:101E20005C4393F7F7EF5CC3010001000100010080
:101E3000010001000100010003270A005C4393E751
:101E400007105CC383270C000327890098C703276A
:101E5000C900D8C318408347090093F617005C43B4
:101E6000F99BD58F5CC39747FE1FA38277F79747EF
:101E7000FE1F238E67F55C43858BA9CFDC4085E38D
:101E80001745FE1F034555F493059004090597F087
:101E9000FD1FE780806C9747FE1F23ABA7F2DC4055
:101EA000E38507E81747FE1F034767F22380E70033
:101EB000DC40638E0A08638C0908A3803701C840A0
:101EC0004E86D685090597F0FD1FE780C08F1C4020
:101ED000D840B8DB3545EFF07F9183C7E40093E746
:101EE00047001747FE1F230AF7EE93070004174722
:101EF000FE1F230FF7E89747FE1F238D07E8A14732
:101F00001747FE1FA309F7E89747FE1F938787C867
:101F10009C5791CB13060064C1451745FE1F03452E
:101F2000E5EBEFF0EEF09747FE1FA38507E6974736
:101F3000FE1FA38F07E41C400547014598C3FDB36E
:101F400093F5050393E51500032549004DBDA380D6
:101F50000700B5BF938701AD9443056713071710BA
:101F6000D8C6514701007D1775FF98432326070007
:101F7000514701007D1775FF9843856793871710B8
:101F80005CC78280411106C6EFF0DFFC938701AD8C
:101F90009C43130700483703009098D7B8477D1338
:101FA000370E0020337767003367C701B8C7B847DB
:101FB000B70600F9FD16758F37060004518FB8C7B4
:101FC000B8473706F9FF7D16419B13679700B8C7DE
:101FD000B847B7080080B70E0002718FB8C7B8477E
:101FE000370600FF7D1633671701B8C7F8474575F8
:101FF0007D1E619B13673700F8C7F8471377F7F822
:1020000013670703F8C7EC4793F5F58F93E50530A1
:10201000ECC7F847718FF8C7F84711663367D701E7
:10202000F8C703A807051307F5FF7D753378E800A7
:102030003368C80023A8070503A847057D15137852
:1020400008FF1368C80023AA0705F04B13660608AB
:10205000F0CBF04B698EF0CBC85F798D2167598D3D
:10206000C8DFCC5F37070040F58DB3E5D501CCDF85
:10207000D05FB70570003376C601598ED0DFD057D8
:1020800009674D8ED0D7D057F18ED4D7D4577576F7
:102090007D16F18ED98ED4D7D4573706FDFF7D1625
:1020A00037070200F18ED98ED4D7945BC19A94DBA6
:1020B000945B93F6F6F094DB945B93F6F68F94DBE7
:1020C000985BB70600504D8F98DB985B33776700BD
:1020D000558F98DB985FB70608FFFD16758FB7061A
:1020E0008800558F98DF985FB368170123AC1703FA
:1020F000B24041018280138701AD1C4341767D16B9
:10210000B44BF18EB4CB944737062000D18E94C7E0
:10211000D44793E60601D4C7D447BD9AD4C701007B
:1021200001000100010014430566DC4693E7070146
:10213000DCC6DC42D18FDCC2938781AC904393072D
:1021400000057CD27C5291C783A7C609A183858BE9
:10215000F5DB01000100010001001C43416603A7FB
:10216000C709B44BD18EB4CB9376F701B84B019B22
:10217000558FB8CB9847B706E0FFFD16758F98C707
:102180008280938701AD9C4341777D17B44F4166B0
:10219000F98EB4CF9447D18E94C7D44793F6F6EF17
:1021A000D4C7D443758FD8C3D44793E60610D4C799
:1021B000D843518FD8C38280397122DC138401AD9A
:1021C0001C4006DE26DA4AD84ED652D456D25AD011
:1021D0005ECE62CC66CA6AC86EC6D843FD76FD166E
:1021E0001377F7EFD8C39857758F98D7D857B70696
:1021F00002003D9BD8D79847558F98C7D84313679F
:102200000701D8C31387C1AC1443375734121307DF
:102210008767E38FE648D84381749384F40F799BF2
:10222000D8C3985FB166938606F0658F558F98DFA7
:10223000D84313671700D8C397F0FD1FE780C02E5F
:102240001C4003A707091377F703238AE1AC03A710
:10225000470929831377F707A38BE1ACD843B96605
:1022600093860670799BD8C3985F658F558F98DFEA
:10227000D84313671700D8C397F0FD1FE780C02A23
:102280001C4003A707091377F703238BE1AC03A7CF
:10229000470929831377F707A38CE1ACD843B566C8
:1022A00093860630799BD8C3985F658F558F98DFEA
:1022B000D84313671700D8C397F0FD1FE780C026E7
:1022C00018408327070993F7F703A38AF1AC832704
:1022D0004709A98393F7F707238CF1AC1C4003CC83
:1022E00051AD83C641AD03A7070AB386864113F6F5
:1022F000F600419B518F23A0E70A13076002338742
:10230000E6021306700283A5070A7D7E130EFE0FF8
:1023100093F5F5F01305400245737D131304300265
:102320003347C702B708F1FFFD1813082002930EC8
:1023300010027D4FF94FF542F1436D4DD14B454BA6
:10234000BD443949314AAD4AB5493D8B12074D8FDD
:102350009305500223A0E70A3387B60283A5070A34
:10236000B3F5C5013347C7023D8B22074D8F23A02C
:10237000E70A3387A60283A5070A370500F17D1512
:10238000B3F565003347C7023D8B32074D8F23A05D
:10239000E70A3387860283A5070A6144B3F515016E
:1023A0003347C7023D8B42074D8F23A0E70A33878F
:1023B000060383A5070A370810FF7D18B3F505014A
:1023C0003347C7023D8B52074D8F23A0E70A33875F
:1023D000D60383A5070AB70E0010FD1EE98D33470B
:1023E000C7023D8B62074D8F23A0E70A1397560063
:1023F0003347C7029315C70103A7070A3377D701ED
:102400004D8F23A0E70A3387E6035D4F3347C702AA
:102410009375F70003A7470A419B4D8F23A2E70A54
:102420003387F60383A5470AD94F93F5F5F0334771
:10243000C7023D8B12074D8F23A2E70A338756024E
:1024400083A5470AD542B3F5C5013347C7023D8B83
:1024500022074D8F23A2E70A3387760283A5470A16
:10246000CD43B3F565003347C7023D8B32074D8F2F
:1024700023A2E70A3387A60383A5470A494DB3F58C
:1024800015013347C7023D8B42074D8F23A2E70A50
:1024900069473387E60283A5470AB3F50501334749
:1024A000C7023D8B52074D8FE54523A2E70A3387CC
:1024B000B60283A5470AE98D3347C7023D8B620701
:1024C0004D8F23A2E70A338786020D443347C702A4
:1024D0009315C70103A7470A3377D7014D8F23A26E
:1024E000E70A3387E603254F3347C7029375F700A2
:1024F00003A7870A419B4D8F23A4E70A3387F6037E
:1025000083A5870A9D4F93F5F5F03347C7023D8BAE
:1025100012074D8F23A4E70A3387560283A5870A43
:102520009942B3F5C5013347C7023D8B22074D8F52
:1025300023A4E70A3387760383A5870AB3F56500EA
:102540003347C7023D8B32074D8F23A4E70A3387F9
:10255000760283A5870A9543B3F515013347C70271
:102560003D8B42074D8F23A4E70A3387A60383A53B
:10257000870A294DB3F505013347C7023D8B520742
:102580004D8F23A4E70A3387660383A5870AE98D65
:102590003347C7023D8B62074D8F93954600B3C505
:1025A000C50223A4E70A03A7870A3377D701F205F8
:1025B0004D8FB385960223A4E70A03A7C70A419B60
:1025C000B3C5C502BD894D8F23A6E70A338726030D
:1025D00083A5C70A93F5F5F03347C7023D8B120771
:1025E0004D8FB3C5860223A6E70A03A7C70A337730
:1025F000C701BD89A2054D8F23A6E70A338746038D
:1026000083A5C70AB3F565003347C7023D8B320780
:102610004D8F23A6E70A3387560383A5C70AB3F570
:1026200015013347C7023D8B42074D8F23A6E70AAA
:102630003387A60383A5C70AB3F505013347C7024D
:102640003D8B52074D8F23A6E70A3387E60383A508
:10265000C70AE98D3347C7023D8B62074D8F9395BB
:102660003600B3C5C50223A6E70A03A7C70A337716
:10267000D701F2054D8FB385F60323A6E70A03A71A
:10268000070B419BB3C5C502BD894D8F23A8E70A3F
:102690003387560283A5070B93F5F5F03347C7023E
:1026A0003D8B12074D8F23A8E70A3387760283A557
:1026B000070BB3F5C5013347C7023D8B22074D8F8A
:1026C00023A8E70A139726003347C70283A5070B01
:1026D000B3F565003D8B32074D8FB3C5360323A894
:1026E000E70A03A7070B33771701BD89C2054D8F92
:1026F00023A8E70A139716003347C70283A5070BE1
:10270000B3F505013D8B52074D8FB3C5C60223A813
:10271000E70A03A7070B698FBD89E2054D8F23A840
:10272000E70A03A7070B930580023377D70123A895
:10273000E70A03C761AD3307EC40B34DB70283AC82
:10274000470B93FC0CFFB34B770393FDFD00B3ECF9
:10275000BC0123AA970B83AC470BCD4D93FCFCF037
:1027600093FBFB00920BB3EB7C0123AA770BB30B1B
:10277000870283AC470BB3FCCC01B3CBBB0293FB0A
:10278000FB00A20BB3EB7C01B34CA70323AA770B8E
:1027900083AB470BB3FB6B0093FCFC00B20CB3EBB9
:1027A0009B0123AA770BA14BB34B770383AC470B59
:1027B000B3FC1C0193FBFB00C20BB3EB7C0123AA0F
:1027C000770BB30B570283AC470BB3FC0C01B3CBB5
:1027D000BB0293FBFB00D20BB3EB7C0123AA770B6C
:1027E000B30BF70383AC470BB3FCAC00B3CBBB021A
:1027F00093FBFB00E20BB3EB7C01B34C770223AA03
:10280000770B83AB470BB3FBDB01F20CB3EB9B0104
:10281000B30CE70323AA770B83AB870B93FB0BFF68
:10282000B3CCBC02B30A570393FCFC00B3EB9B018F
:1028300023AC770B914B83AC870B93FCFCF0B34B31
:102840007703330A470393FBFB00920BB3EB7C0146
:1028500023AC770B83AB870BD54CB3FBCB01B3CA4F
:10286000BA02B309370393FAFA00A20AB3EA5B018A
:1028700023AC570B83AA870BD94BB3FA6A00334AB0
:10288000BA0233092703137AFA00320A33EA4A01FB
:1028900023AC470B03AA870BE14A337A1A01B3C969
:1028A000B902B304970293F9F900C209B3693A0176
:1028B00023AC370B83A9870B654AB3F90901334968
:1028C000B902B3C4B4021379F900520933E92901FA
:1028D00023AC270B03A9870BE9493379A900330BF4
:1028E0006703BD88E204B36499001319470023AC61
:1028F000970A83A4870BB3F4D4013349B902334B4D
:10290000BB027209B3E4240123AC970A83A4C70B6A
:10291000C198137BFB0033EB6401C944B3049702F5
:1029200023AE670B03A9C70B5D4B1379F9F0B3C452
:10293000B402BD889204B364990023AE970AB3042D
:10294000B70303A9C70BF54D3379C901B3C4B4026A
:10295000BD88A204B364990023AE970A8944B344A6
:10296000970203A9C70B33796900BD88B204B36429
:10297000990023AE970AB304970303A9C70BF94C38
:1029800033791901B3C4B402BD88C204B364990099
:1029900023AE970AB304770303A9C70BFD4B337922
:1029A0000901B3C4B402BD88D204B364990023AE54
:1029B000970AB304670303A9C70B130B10023379FB
:1029C000A900B3C4B402BD88E204B364990023AE85
:1029D000970AB304570303A9C70B930A200233795C
:1029E000D901B3C4B402F204B364990023AE970AC8
:1029F000B304470303A9070C130A3002137909FF34
:102A0000B3C4B402BD88B364990023A0970CB30487
:102A1000370303A9070C930940021379F9F0B3C4F3
:102A2000B402BD889204B36499006D4923A0970C49
:102A3000B304270303A9070C3379C901B3C4B40253
:102A4000BD88A204B364990023A0970CF144B30499
:102A5000970203A9070C33796900B3C4B402BD8897
:102A6000B204B364990023A0970CB304B70303A97D
:102A7000070C33791901B3C4B402BD88C204B3642E
:102A8000990023A0970CB304970303A9070C33798B
:102A90000901B3C4B402BD88D204B364990023A071
:102AA000970CB304770303A9070C3379A900B3C4C7
:102AB000B402BD88E204B364990023A0970C931478
:102AC0005700B3C4B4021399C40183A4070C33069E
:102AD000C702B3F4D401B3E4240123A0970C03A9E3
:102AE000470C137909FFB3046703B3C4B402BD886C
:102AF000B364990023A2970CB304570303A9470CAE
:102B00001379F9F0B3C4B402BD889204B364990098
:102B100023A2970CB304470303A9470C3379C901D7
:102B2000B3C4B402BD88A204B364990023A2970C75
:102B3000B304370303A9470C33796900B3C4B40263
:102B4000BD88B204B36499001309500223A2970C04
:102B5000B304270303A9470C33791901B3C4B402A2
:102B6000BD88C204B364990023A2970C9304600249
:102B7000B304970203A9470C33790901B3C4B40223
:102B80003346B602BD88D204B364990023A2970CE1
:102B900083A4470CE98C3D8A6206458E23A2C70CAC
:102BA00003A6470C9314C7013376D601458E23A2A2
:102BB000C70C130690023306C70283A4870CC19882
:102BC0003346B6023D8A458E23A4C70C1306A002E5
:102BD0003306C702B345B60203A6870C1376F6F098
:102BE000BD899205D18D23A4B70C83C581AD03C6E1
:102BF00091AD3386C540B304A60303A9870C33798E
:102C0000C901B3C4E40293E48400BD88A204B364A0
:102C1000990023A4970CB304E60303A9870C337926
:102C20006900B3C4E40293E48400BD88B204B364D1
:102C3000990023A4970C93143600B3C4E40203A9AB
:102C4000870C3379190193E48400BD88C204B3640E
:102C5000990023A4970CB304F60303A9870C3379D6
:102C60000901B3C4E40293E48400BD88D204B364D0
:102C7000990023A4970CB304560203A9870C337957
:102C8000A900B3C4E40293E48400BD88E204B36401
:102C9000990023A4970CB304760203A9870C337917
:102CA000D901B3C4E40293E48400F204B36499004C
:102CB00023A4970C93142600B3C4E40203A9C70C01
:102CC000137909FF93E48400BD88B364990023A6B7
:102CD000970CB304860203A9C70C1379F9F0B3C4A7
:102CE000E40293E48400BD889204B364990023A6AF
:102CF000970C93141600B3C4E40203A9C70C3379EC
:102D0000C9013347E60293E48400BD88A204B3649A
:102D1000990023A6970C03A6C70C337666001367A9
:102D200087003D8B3207518F23A6E70C03A7C70C02
:102D30003377170123A6E70C03C771AD0D8F334618
:102D4000D70293F5F507E2053D8A9314460103A6E1
:102D5000C70C3304870233760601458E23A6C70CC1
:102D60001316170083A4C70CE98C3346D6023D8A9C
:102D70006206458E23A6C70C03A6C70C3344D402B3
:102D8000B37ED60113162700B3037702720433E42F
:102D90008E0023A6870C3346D602B3025702937ED9
:102DA000F60003A6070D419A3366D60123A8C70C87
:102DB00003A6070DB3C3D3021376F6F0B3C2D20253
:102DC00093F3F3009203B363760023A8770C03A672
:102DD000070D337EC601B30FF70393F2F200A20290
:102DE000B3625E0023A8570C03A6070D3373660079
:102DF00013163700B3CFDF02330FE70393FFFF0053
:102E0000B20FB36FF30123A8F70D03A3070DB37837
:102E100013013346D602330DA7033D8A420633E63B
:102E2000C80023A8C70C03A6070D33780601334F4B
:102E3000DF02B346DD02137FFF00520F336FE8015C
:102E400023A8E70D03A7070D798DBD8AE206C98E79
:102E500023A8D70CD84385663D9BD8C3D843799B1C
:102E6000D8C39857558F98D7D857B7060081FD1605
:102E700013670701D8D71377FC0303AC8703137CD0
:102E80000CFC336CEC0023AC8703985F758FD98DF5
:102E90008CDF6254F250D2544259B259225A925A9B
:102EA000025BF24B624CD24C424DB24D21618280AA
:102EB00023A601AC6FF08FC2138701AD1443DC422F
:102EC00093F7F7EFDCC20100010018435C4393E77E
:102ED00007105CC38280411106C6EF00E0739305C2
:102EE0006040EF20400EB2400145410182806F00FA
:102EF000607819C591C509C68357060001459DE351
:102F000001110565C9471306F100130555C3854531
:102F100006CEA307F100EF20C00AF2400345F100FE
:102F200005618280828001119737FE1F238AA7F6F0
:102F300005651306F100130595C4854506CEA30764
:102F40000100EF200008F2400345F1000561828096
:102F500001111305910006CEEF0040742304A10077
:102F60000565300025059D45EF20A005F24003458D
:102F700081000561828001119305F10006CE22CC0B
:102F80002A84EF00E0732306A1000565A3068100F3
:102F90007000218013055540914523078100EF20E3
:102FA0004002F24062440345C10005618280011184
:102FB0001305D10006CEEF00C0722306A1000965FB
:102FC000700009059145EF10D07FF2400345C10024
:102FD00005618280011106CEEF000073A307A100F6
:102FE00009651306F10015058545EF10907DF24047
:102FF0000345F10005618280011106CEEF00C07B20
:10300000A307A10009651306F10029058545EF1006
:10301000507BF2400345F10005618280011106CE2C
:10302000EF003009A307A10009651306F100390577
:103030008545EF101079F24001450561828001114C
:1030400006CEEF007042A307A10009651306F10048
:1030500041058545EF10F076F2400345F10005612A
:103060008280011106CEEF005020A307A100096560
:103070001306F10045058545EF10B074F240034595
:10308000F10005618280411106C622C4EF00B0261E
:103090008965CD052A84EF1010732285B240224441
:1030A0004101828001111305510006CEEF0010414D
:1030B0002302A100096550006105A545EF1070705D
:1030C000F240014505618280411106C6EF00704261
:1030D0008965E505EF10306FB240014541018280FE
:1030E000011106CE22CC2A84EF00D0552306A10080
:1030F0000965A30681007000218069058D452307BD
:103100008100EF10106CF24062440145056182803D
:10311000011106CE22CC2A84EF0090652306A1007F
:103120000965A3068100700021806D058D45230788
:103130008100EF101069F240624401450561828010
:10314000011106CE22CC2A84EF0020792306A100AB
:103150000965A306810070002180130505028D45D5
:1031600023078100EF10F065F240624401450561DC
:103170008280011106CE22CC2A84EF00100B230698
:10318000A1000965A30681007000218013051502C6
:103190008D4523078100EF10D062F2406244014563
:1031A00005618280011106CEEF009061A307A100A6
:1031B00009651306F100130575028545EF1070606F
:1031C000F2400345F10005618280011106CEEF0057
:1031D000706AA307A10009651306F10013059502A3
:1031E0008545EF10105EF2400345F10005618280D5
:1031F000011106CEEF00D06CA307A10009651306EC
:10320000F1001305D5028545EF10B05BF240034590
:10321000F10005618280011106CEEF007070A307F6
:10322000A10009651306F1001305E5028545EF10BD
:103230005059F2400345F10005618280011106CE2C
:10324000EF00F072A307A10009651306F100130552
:1032500015038545EF10F056F2400345F100056176
:103260008280411106C622C4EF00F07489659385FF
:1032700025032A84EF1030552285B24022444101B3
:103280008280011106CEEF10E02DA307A100096591
:103290001306F100130575038545EF109052F240B7
:1032A0000345F10005618280011106CEEF106042F6
:1032B000A307A10009651306F100130585038545E1
:1032C000EF103050F2400345F1000561828001119A
:1032D00006CEEF10005AA307A10009651306F100FE
:1032E000130595038545EF10D04DF2400345F100DD
:1032F00005618280011106CEEF102072A307A100A4
:1033000009651306F1001305E5038545EF10704BC1
:10331000F2400345F10005618280011106CEEF10F5
:10332000007FA307A10009651306F1001305F5034B
:103330008545EF101049F2400345F1000561828098
:10334000011106CEEF10F012A307A10009651306C4
:10335000F100130505048545EF10B046F240034522
:10336000F10005618280011106CEEF10D021A30784
:10337000A10009651306F100130525048545EF102A
:103380005044F2400345F100056182809737FE1FEB
:103390002392A7B001458280011106CEEF1070295B
:1033A000A307A10009651306F1001305150585455E
:1033B000EF103041F2400345F100056182800111B8
:1033C00006CEEF105030A307A10009651306F100E7
:1033D000130525058545EF10D03EF2400345F10069
:1033E000056182805D711303D1031AD20343010783
:1033F00086C61AD00343C1061ACE034381061ACCEF
:10340000034341061ACA034301061AC80343C10510
:103410001AC6034381051AC4030341051AC20343B4
:1034200001051AC0EF00B060230EA10209657018F3
:10343000130565038945EF10D038B6400345C10335
:10344000616182809737FE1F83D767A199E7930751
:10345000F01F1737FE1F2314F7A09737FE1F83D7DF
:1034600007A0A146014513F707108607C207335787
:10347000D740C183598D13D6574013D79740318F0A
:10348000058BFD161375F50FD98FF1FE1737FE1F4B
:103490002317F79C82809737FE1F83D7679C81EBA9
:1034A000E17793C7F7FF1737FE1F231BF79A97376C
:1034B000FE1F83D7E79AB94601451168194633F7CD
:1034C00007018607C2073357D740C183598D13D7E9
:1034D000E74093D5F700058B2D8FFD161375F50F7B
:1034E000D98FE39EC6FC1737FE1F231BF7968280F9
:1034F000011126CA4AC84EC656C29737FE1F938787
:10350000278906CE22CC52C45AC0AE893289B68AE7
:10351000C44B35C9AD472A8463EEA7021304F5FFF7
:103520001374F40F631D0906268A338B9900631206
:103530004B071379F9009386FAFF22852380240133
:10354000A380340193F6F60F4E868545EFE02FB841
:10355000014505A0B147630BF5029307600263E5DF
:10356000A7001304E5FF6DBF930770024945E30B05
:10357000F4FAF2406244D2444249B249224A924AA1
:10358000024B056182801304500269BF130460027C
:1035900051BFEFF03FEB2301AA00050A49BF854761
:1035A000631CF9004E869305000F1385240097D005
:1035B000FD1FE780C024B5BF89476316F9004E861A
:1035C0009305A00ADDB78D47631DF900268A338B6A
:1035D0009900E3004BF7EFF01FEC2301AA00050A66
:1035E000CDBF91476316F9004E869305F00F75BF66
:1035F00095476315F9004E86814545BF9947631588
:10360000F9004E86BD4555B79D474945E313F9F688
:103610004E869305500551BF011106CE9317450103
:1036200063D40702EF700064894719C98346050017
:103630001147B1476396E60095472300F500C94757
:10364000F2403E85056182802EC6EF904058C94702
:1036500065D90347A500418B65D7B2458347B500BF
:10366000230AB50491E7E9472308F5008147C9BF5C
:10367000ED47DDBF011106CE22CC2EC6EF902055BE
:1036800001CDB2452A84EF802013A305A402014591
:10369000F2406244056182804945DDBF1727FE1F65
:1036A0001307477B814799468345870E3306F5000C
:1036B00085072300B6000507E398D7FE0145828001
:1036C000011106CE2EC6EF90805011C98307450325
:1036D000B24501452380F500F2400561828009452D
:1036E000E5BF9727FE1F9387E74A03D7070123000B
:1036F000E50003D707012183A300E50083C7F70096
:103700002301F5000145828019E149458280972710
:10371000FE1F93872774F84B411122C406C62A84E2
:1037200009C70347C700314525E3F85F09C70347C9
:10373000B700314531EB83A7070989C783C77700F5
:103740003145B9E385471946A2851725FE1F1305A4
:10375000457F1727FE1F2300F77097D0FD1FE780D6
:103760008006834754001307000C93F7070C6391FE
:10377000E7021946A2851725FE1F1305E57C97D0A1
:10378000FD1FE78040040145B24022444101828090
:1037900081EB1946A2851725FE1F1305457BC5B78A
:1037A000130700044945E391E7FE1946A285172552
:1037B000FE1F1305257AE1B7411126C29724FE1F8B
:1037C0009384446922C4E04806C611C47C48139718
:1037D0004700634C070CFC5099E74945B24022442E
:1037E00092444101828009ED1305000FEF60807F54
:1037F0006DD58347C500F5D3EF6010230145F9BFB0
:103800000547E31CE5FC15EC014582972A8445C178
:103810008567938707802310F502930700702317AD
:10382000F5008D47230CF500A30A050219469725DC
:10383000FE1F9385A5701305650397D0FD1FE780D4
:1038400080F80347C4008547E309F7F88347E4009D
:10385000B98B95C30347E40085476318F70289478E
:103860002310F402224403A38406B24092441305B9
:10387000000F41010283EF70D0159727FE1F83C709
:10388000D7328D8BE318F5FC89BF8357040211678B
:103890006375F7002310E402F1B7930600023E8738
:1038A000E3FAD7FE13070002F5B7314505BF1D4502
:1038B00035B79727FE1F9387E75983A70709314537
:1038C00081CF83C7770089CB411106C6EF90B02323
:1038D000B2400145410182808280011126CA4AC856
:1038E0004EC652C456C25AC02E89368BBA89BE8A79
:1038F00006CE22CCB284428AEF90602D1307A9FF36
:103900004207856741839386A7C763EEE6109387D6
:1039100007C82A84494563E8970A63E6240B13071E
:10392000301F6362670B63E0370B93071B00B3879D
:10393000970213973900860763D7E70849C483477E
:10394000140113F747003DC7ED9BA308F40083471C
:10395000B400231A2407231B9406D5EF03578406CB
:10396000C167FD17630BF706631999068357A40314
:10397000231BE404231CF4049727FE1F83D78758D6
:103980008D46114763E5F600850713F7F70FA30A85
:10399000E4042285EF70100683570404A907231F4F
:1039A000F4048327440A93E717002322F40AC54747
:1039B000A30EF400231C5407231D4407231D640594
:1039C000231E34050145F2406244D2444249B249C3
:1039D000224A924A024B056182808357440691CF66
:1039E000B3D4F4024A87B3879702C207C1836373D3
:1039F000F9003E87231CE40441B7B3059900858193
:103A00004A85EFE0EEB5231CA404930584052685C2
:103A1000EF40607295B78327840A93E70702232457
:103A2000F40AC14771B7494579BF01112EC606CEC8
:103A3000EF90E019B24509E54945F2400561828001
:103A400083471501A305B50213F7470075D7ED9B12
:103A5000A308F500BD472306F5028327850A93E7EF
:103A600027002324F50A0145C9BF1727FE1F1307A6
:103A7000673E7C4B81CB83C6C70089C683C6D7000F
:103A8000C947A1E27C5F89CB83C6B70091C683C6D4
:103A90000701C947858A95E68327070981CB03C7B4
:103AA000770009C703C7D700C94701EF1727FE1FD3
:103AB000034707469727FE1F83C79745636AF700AA
:103AC0009D473E8582809D47F2403E85056182800C
:103AD0000111A304A10019461305A10006CE97D039
:103AE000FD1FE78040CE2800EFD06FD58547E31C4F
:103AF000F5FC8147D1BF797126D24AD04ECE06D689
:103B000022D42E89B28936C63AC43EC242C0EF9052
:103B1000000CC94455C99305A9FFC20505662A844E
:103B2000C1811305A6C7C9446360B50A130606C858
:103B3000636C360963EA2909B2469305301F63E5D1
:103B4000D50822476362E60813861600330626036B
:103B500093153700635AB60603461401B144058A2B
:103B600025E60326440A1376162039EE92470248CA
:103B7000231EE4040347B400231CF406231A24077D
:103B8000231B3407231D0407231DD4048347D401BA
:103B9000814459EF95EB83270410898B95CF3146EB
:103BA0009305F00F1305840697D0FD1FE78020C50D
:103BB0008327440A2314040693E707202322F40AE8
:103BC000C947A30EF4008144B250225426850259FD
:103BD0009254F2494561828063093905B385290110
:103BE00085814A85EFE0CE97231CA40493058405C4
:103BF0004E85EF4040549727FE1F83D7A7308D4650
:103C0000114763E5F600850713F7F70FA30AE404ED
:103C10002285EF70205E83570404A907231FF40454
:103C20008327440A93E7170051BF231C2405E1B7FB
:103C3000C1FF83278410898B95C731469305F00F08
:103C40001305840697D0FD1FE78060BB8327440AD5
:103C50002314040693E707202322F40ACD47A30E7A
:103C6000F4009DB7E9448DB79727FE1F9387871E01
:103C7000F84B01CB8346C70089C60347D7004945A7
:103C80000DEFF85F09CB8346B70091C603470701E4
:103C90004945058B1DE383A7070981CB03C777003F
:103CA00009C783C7D700494589EB411106C6EFD044
:103CB000CFC4B2400145410182808280411122C4BB
:103CC00026C24AC006C62A890144A1449305F00FC2
:103CD0000545EFE0AE86B30789002380A700050401
:103CE000E31694FEB2402244924402490145410148
:103CF0008280011122CC4AC806CE26CA2EC632893D
:103D00003684EF80D06C630D05128347B500AA841A
:103D1000B2450945DDEB21461385F41897D0FD1F08
:103D2000E78060AAA38B241913598900238C2419D6
:103D30008347E4000346D4008345F4008346C4006F
:103D4000A207420603C5C404B297AE97E20603A7D2
:103D5000440AB69749C123A6F40A8347A4008346C0
:103D6000940013670702A207C206B6978346B40001
:103D7000B69783468400E206B69723A8F40A8347E1
:103D8000640083465400A207C206B69783467400B7
:103D9000B69783464400E206B69723AAF40A8347FF
:103DA000240083461400A207C206B6978346340057
:103DB000B69783460400E206B69723ACF40A85471B
:103DC000A386F40423A2E40A0145F2406244D244EB
:103DD00042490561828023A6F40C8347A4008346F0
:103DE000940013678700A207C206B6978346B40003
:103DF000B69783468400E206B69723A8F40C83475F
:103E0000640083465400A207C206B6978346740036
:103E1000B69783464400E206B69723AAF40C83477C
:103E2000240083461400A207C206B69783463400D6
:103E3000B69783460400E206B69723ACF40C59B754
:103E4000094561B7011106CE2EC6EF805058630FA9
:103E500005108346B5000547AA87B245054563911D
:103E6000E60A83C60701130740020145639AE60884
:103E700003C7E50083C6D5002207C206369783C66E
:103E8000F500369783C6C500E206369783C6D70489
:103E9000BDCA23A6E70A03C7A50083C6950022076B
:103EA000C206369783C6B500369783C68500E206FC
:103EB000369723A8E70A03C7650083C65500220783
:103EC000C206369783C67500369783C64500E2065C
:103ED000369723AAE70A03C7250083C615002207E1
:103EE000C206369783C63500369783C60500E206BC
:103EF000369723ACE70A1307A0022388E7000145A1
:103F0000F2400561828023A6E70C03C7A50083C6A3
:103F100095002207C206369783C6B500369783C63A
:103F20008500E206369723A8E70C03C7650083C621
:103F300055002207C206369783C67500369783C69A
:103F40004500E206369723AAE70C03C7250083C67F
:103F500015002207C206369783C63500369783C6FA
:103F60000500E206369723ACE70C71B7054549BF5B
:103F7000411106C6EF80B04531C18346B500054703
:103F8000AA8709456399E60283C607011307400221
:103F90006393E6020D472386E7021947A385E702EC
:103FA000130750022388E70003C7A70201451367E0
:103FB00017002385E702B240410182800945E5BF31
:103FC000AA871728FE1F0348F8E81725FE1F1305C8
:103FD00065E82A8763080802684911C50348C500D7
:103FE000314563180808685F11C50348B5003145BD
:103FF000631108080325070911C5034875003145F9
:10400000631908069728FE1F83C808F11728FE1FAA
:10401000034898F01D4563FE08050327870D4945B1
:104020001377070439C75D71A6C22800B284194608
:1040300086C6A2C4A303F100368497C0FD1FE780A3
:104040008078A6851305E102414697C0FD1FE780F1
:104050008077A2851305E101414697C0FD1FE780E7
:1040600080764800EFA00051B64026449644616136
:10407000828082809726FE1F83C6D6DD8DCA1727D1
:10408000FE1F130727DDBA87784B09C70347C70010
:10409000494515E7F85F09C70347B700494505E3F8
:1040A00083A7070989C783C77700494589EB411171
:1040B00006C6EFA0E061B2400145410182808280E6
:1040C0009727FE1F938707D99726FE1F83C696D88A
:1040D0003E8785C6FC4B89C783C6C700C94785EEA6
:1040E0007C5F89C783C6B700C94795E68327070960
:1040F00089C783C67700C94799EE9727FE1FA38B10
:10410000A7D48327070E11C993E707601727FE1F5F
:104110002322F7E281473E85828093F7F79FFDB720
:10412000130700643305E50241119727FE1F9387AB
:1041300067D222C403A4870C26C24AC006C6BE8426
:104140001309F00F1727FE1F2320A7D401E8B24060
:104150002244924402490145410182800345040002
:1041600063052501CC58EFD0EEBA405CC5B7972760
:10417000FE1FA38DA7D0937715001727FE1F1307E7
:1041800067CD81EF8347C703ED8F6384B70049454F
:1041900082809726FE1F238CF6CE9377250001455B
:1041A00091EB8347D703F18FE393C7FE9727FE1F59
:1041B000A38FC7CC8280011106CE2EC632C436C270
:1041C0003AC0EF80D02035C1B2450247924693F7FE
:1041D000150099EB22469D4763F6C7004545F2401E
:1041E000056182802302C514898991E59D47E3E733
:1041F000D7FEA302D51401CF9727FE1F83D7A7C9E7
:104200007D8F0D8B8547631FF7002314E5148547C9
:10421000230FF5008327450A0567D98F2322F50A66
:10422000014575BF23140514DDB749454DBF5D71C8
:10423000A6C29724FE1F9384E4C103A34405CAC009
:104240004EDE62D466D26AD086C6A2C452DC56DA8A
:104250005AD85ED66ECE030C4105834981050349C9
:104260000106834CC106034D0107630903020323C2
:10427000430513145300635304023143B6402644EC
:1042800096440649F259625AD25A425BB25B225CAA
:10429000925C025DF24D1A85616182800D4E494348
:1042A000E36EFEFC93FD0501638D0D08054EE3975B
:1042B000C9FD3AC6468B42C43EC2B68BB28A2E8432
:1042C0002AC0EF5030522A8A324719E9FC5005457E
:1042D00082972A8A1D435DD1824732472304F50025
:1042E000930500026391BB028D456310B90A035523
:1042F000CA019305900F13035004E3E1A5F8035599
:10430000EA01E3EDA5F69375F40F2300BA06638185
:104310000D1C3D8815456312A408130510F82307EA
:10432000AA004543E3EC5BF57D454543E37855F54D
:104330001165E36575F533865B0105822310CA02BA
:10434000B5A093FE35004943E38ACEF393FE850082
:10435000E3960EF26392C90303C3C40313734300CD
:10436000E30D03F0E30739F50943E31469F403C3EC
:10437000C4031373230039A0E318C9FF03C3C403A4
:1043800013734300E31703F2CDBD8545E31DB9F672
:104390000355CA019305D02EB9BF35456310A41249
:1043A00085462307DA0089462310DA02A307EA00CC
:1043B000631507160547230CEA0093F5050281E50E
:1043C0009247A30AFA02194681455A8597C0FD1FF4
:1043D000E780004D63140516A2470547230EEA0245
:1043E000A30EFA021946DA851305EA0397C0FD1FEA
:1043F000E780603D03470105A306EA001307F007C5
:104400006311EC141717FE1F1307C7780347470102
:10441000D6572380E70003055A01EFC07FFA230433
:10442000AA06EFC03FF3D657A30AAA000D47238080
:10443000A7006391E912638D0C0093F61C0099C6E6
:1044400003C7C403218B19E3E3893CE32305DA06A0
:1044500009472302EA060347C105A302EA06034708
:104460000A06418B1DEB1307F9FF1377F70F8946F7
:104470004943E3E5E6E08D466313D90E630D0D0075
:1044800013761D0019C683C6C403A18A99E2E30608
:104490002DDFA305CA06A301EA0603474106B706B6
:1044A00000080143A300EA0603478106A303EA06C6
:1044B00003274A05558F232AEA04C9B30945631423
:1044C000A4001945A9BDE30C04E423070A0091BD2B
:1044D0001D452307AA0013F8150013F54500630BCB
:1044E0000800114811C10548A30F0A050545230F0F
:1044F000AA0405BD13F8250063090800094811C185
:104500001548A30F0A050945DDB70D4811C1194823
:10451000A30F0A05230F0A0429B5230C0A008146BC
:104520000D453356D740058A11C603468A01050654
:10453000230CCA008506E396A6FE41B5230E0A02A7
:1045400055BD194763458701A30A8A01E9B5A30A46
:10455000EA00D1B523050A0623020A06EDBDA3052C
:104560000A0615BF9727FE1F9387C78EF04B0111D0
:104570004EC606CE22CC26CA4AC852C4BE8911C62F
:104580007C4A13965700634E06003A8AB6842E89F9
:10459000EF5050252A8419ED83A7490513052004FF
:1045A00091C33145F2406244D2444249B249224A61
:1045B000056182800347E500854701453D8BE303A4
:1045C000F7FE03470406418B41CB8D476304F90096
:1045D0004945C9BFFD47E3ED97FE231E04008D4703
:1045E0006316F90CC5CC8357C4011727FE1F035768
:1045F000078E1D45B3869700E346D7FA0347C400EC
:1046000015C783560402130700026391E6020347AD
:1046100034068D466319D70A1307900F130550040B
:10462000E362F7F88357E401E36EF7F68D471D4523
:10463000E31AF9F69305800C0545EFD02EF0835769
:10464000C4061205232444038507BD8BC98F231696
:10465000F406231E940089A81377D90FE30FF7F609
:1046600011476315E904784893167700E3C206F60C
:104670000347C400E31EF7F48357C401B1DBA9F874
:104680009305800C0545EFD06EEB8357C4061205E9
:104690008507BD8BC98F2316F40639A07C483707E0
:1046A00000FF7D17F98F7CC80145EDBD9307D9FF49
:1046B00093F7F70F0547E378F7F299D88347C400DB
:1046C000E393E7F2F9BD8546E312D7F61307D02E40
:1046D000B1B79717FE1F9387E777F04B01114EC6CE
:1046E00006CE22CC26CA4AC852C4BE8911C67C4A0C
:1046F00013965700634E06003A8AB6842E89EF500F
:10470000700E2A8419ED83A749051305200491C36F
:104710003145F2406244D2444249B249224A0561DD
:1047200082800347E500854701453D8BE303F7FEA3
:1047300003470406418B55CF8D476304F900494573
:10474000C9BFFD47E3ED97FE231F04008D47631C9F
:10475000F90EF5C08357E4011717FE1F035727779B
:104760001D45B3869700E346D7FA0347C40015C733
:1047700083560402130700026391E60203473406DE
:104780008D466310D70E8356C4011307900F13058F
:104790005004E360D7F8E36EF7F68D471D45E31A42
:1047A000F9F65C548DC783476406898B8DC308581E
:1047B00019CD8347A50081CFEF90F0550C581946CD
:1047C00013056403B10597C0FD1FE780C0FF930583
:1047D000800C0545EFD08ED68357C40612052326DC
:1047E00044038507BD8BC98F2316F406231F94004D
:1047F00089A81377D90FE309F7F411476315E90482
:10480000784893166700E3CC06F20347C400E31828
:10481000F7F28357E40185D79DF09305800C054599
:10482000EFD0CED18357C40612058507BD8BC98F43
:104830002316F40639A07C48370700FE7D17F98F50
:104840007CC80145F9B59307D9FF93F7F70F0547E2
:10485000E372F7F0E38504EE8347C400E39CE7EEE0
:1048600045BD8546E31BD7F28356C4011307D02EFE
:1048700039BF5D71A6C29714FE1F9384A45D03A87F
:10488000440586C6A2C4CAC04EDE52DC56DA5AD8E7
:104890005ED662D466D26AD06ECE630808028327E1
:1048A000480513945700635204023145B64026442C
:1048B00096440649F259625AD25A425BB25B225C74
:1048C000925C025DF24D616182803AC632C4937798
:1048D0001500B68989C7639105104945C1BF91E9A3
:1048E000A04C19E00145D9B72285EF50F0130040E4
:1048F000CDBFE30908FE4285EF501013E5B77849B4
:10490000B70700037D8F55F30347F505630487015F
:104910006315970103D7EA0149DB03C75A03630113
:10492000270903C7EA0063192701131714004E97DC
:1049300003570700E3E3EDFAB8547D141374F40F42
:1049400045CB93161A00B69903D70900B2479305D1
:10495000800C2397EA063E9A03470A0005452398F0
:104960000A06A384EA06EFD06EBD03D7CA06120575
:10497000264405073D8B498F2396EA0603A3840648
:1049800003C50B00B64096440649F259625AD25A02
:10499000425BB25B225C925C025DF24D616102831C
:1049A000138B8A05194681455A8597C0FD1FE780FC
:1049B00020EF631925011946EA855A8597C0FD1F26
:1049C000E78060E0194681455A8597C0FD1FE78062
:1049D00020EDE31825F511B7FD1513F4F50F094C7B
:1049E000954C0549171DFE1F130DAD55930D00087D
:1049F0009307F00FE303F4EEA247228AB38B8700FC
:104A000003C50B00EF50005EAA8AE31A05EEFC48CE
:104A100013052004E39B07E851BD9717FE1F9387FA
:104A20006743FC4B95C3FC4B13975700635E07002D
:104A3000B1473E858280B147F2406244D244424948
:104A4000B2493E8505618280011122CC26CA4AC83E
:104A50004EC606CEB6893289AE84EF50A0582A845D
:104A60009307200471D9C947E36899FC1547E3759A
:104A700097FC03470506137737035DFF8347E5057A
:104A8000DDFB7C49918BC5FBEF20506079479D474A
:104A9000E374A7FA8347340609476391E70683570F
:104AA00044081307D02E6373F7021307C00293075D
:104AB0005004E37327F9794793075004E37E27F7FF
:104AC000414793075004636B2701BDB71307301F9D
:104AD000E363F7FE1307900FE364F7FE7C48834619
:104AE0000406CA9493E727008584B3E9D9007CC8FB
:104AF000231394082300340781473DBFE5F3035790
:104B000044089307D02EE3FBE7FC19475DBF9717D6
:104B1000FE1F93872734FC4B81CBFC4B1397570028
:104B20006354070031458280011122CC26CA4AC84D
:104B30004EC606CEB6893289AE84EF50A04A2A848A
:104B400013052004630904107C48898BB9CB834783
:104B5000340609476395E70C835744081307D02EA2
:104B60006379F702035764089307C00213055004E2
:104B700063F3E70E03576408F9471305500463FC19
:104B8000E70C03576408C1471305500463EBE700C3
:104B9000D9A01307301FE36FF7FC1307900FE362F0
:104BA000F7FE93F7D40F0547639EE70A0325840AAF
:104BB00019C597D0FD1FE780A0A62324040A23125D
:104BC0000408630909067C48918BB5EF8D47639310
:104BD000F408930550104A8597D0FD1FE780E097B1
:104BE0002324A40A25C97C4893F7074091CF930555
:104BF000800C0545EFD08E948357A40812058507D5
:104C0000BD8BC98F2315F4080325840A4A86CE85F7
:104C100097C0FD1FE78020BB231224091DA0D1F3FC
:104C2000035744089307D02EE3FDE7F603576408C3
:104C3000994799BF8D474945639FF4007C48F99B8C
:104C40007CC8014509A89387D4FF93F7F70F054760
:104C5000E37EF7F63145F2406244D2444249B2491C
:104C600005618280E31109F691474945E38DF4F42B
:104C7000DDB79717FE1F9387E71DF84B411126C23A
:104C80004AC006C622C4AA843E8909CF7C4B13972A
:104C90005700635907003145B2402244924402490B
:104CA000410182802E85EF50E0332A8413052004D1
:104CB00065D413F714007C4845CF13F7170061FF44
:104CC000034704061377370379F78988D9CC03277C
:104CD000C90D454593E70740418B5DDFC1657CC841
:104CE000FD150145EFD0CE872314A408EFC03FD0B7
:104CF000B70500012326A408FD150145EFD08E88D5
:104D00009304040A15462328A4089715FE1F9385CB
:104D1000C524268597C0FD1FE780E0AAA685130558
:104D200000FB97C0FD1FE78060412685EF80A03A19
:104D30007C480347C400A300A408DD9B93E7470019
:104D40007CC88547631FF7009305800C0545EFC0BD
:104D5000FEFE8357C40612058507BD8BC98F231637
:104D6000F406EF809066014505BF93F7F7BFBDB726
:104D70000345D407CD9B7CC89307F00FE303F5FEF2
:104D8000EFC03EB1F9BF1717FE1F1307A70C7C5FDA
:104D9000411106C622C426C24AC099C703A8C7014A
:104DA00013141801634004080327070825CF36842D
:104DB000B2842E8909ED81EB4945B24022449244E8
:104DC000024941018280EFC04F9A0145FDB78546F7
:104DD000E314D5FEB9E30297AA8731C91147A306A8
:104DE0000504231BE500231CE50083C6B700054727
:104DF000E384E6FC95C8239C9702239D870201C4A7
:104E00001E04E3DB84FA238927012244B240924442
:104E1000024903A3870641010283D84F9316170165
:104E2000E3D506FC314551BF23AC0702E9BF0D4570
:104E300069B7011106CE2EC632C436C23AC0EF5051
:104E4000601A3DCD83284505AA87314513F808200F
:104E500063150806B2451718FE1F03483804454578
:104E6000636DB80403C8C70A22463358C840137894
:104E70001800630408041715FE1F1305A5FD032879
:104E8000850D45451317C8006359070202471718D7
:104E9000FE1F0348A8006362E80292462387C70A00
:104EA000A386B70AA387D70A11E2014793E808103F
:104EB0002388E70A23AA17050145F240056182808D
:104EC00013052004DDBF011106CE2EC6EF50801160
:104ED0001307200401CD7C49314793F6270099C67A
:104EE000B24589C993E707207CC90147F2403A855A
:104EF0000561828093F7F7DFC5BF011126CA4AC852
:104F00004EC606CE22CC2E89B289B684EF70304CC4
:104F10004DC1639D09008547238DF1AC0145F240E9
:104F20006244D2444249B2490561828003C7A1ADBF
:104F300085472A846315F700238D01AC0949416533
:104F4000130545F5EF70904A39C58347A500231531
:104F5000F5008327841185EF232CA410232EA410A1
:104F6000930710F8F914231635012304250144C1D1
:104F700023200500A304F5008347940285450145DD
:104F8000B395F500C205C181EFC04ED341BF832761
:104F9000C41188C3E1B79717FE1F9387A7BF9C5B17
:104FA0001D45B5DF956505459385555582971D458A
:104FB000BDB70945ADB76F90AFF96F90EFFD6F903A
:104FC000BF826F901F886F90FF8D6F90BF9A6F9018
:104FD000FF916F909F9582806F90DF9D034301004A
:104FE0001AC06F906F8D6F90CF996F908F9F6F9059
:104FF000AFA56F90AFAB6F906FB16F904FB503538C
:105000000100035E4100834E81001AC072C276C463
:105010006F90EFB96F902FCC6F906FD16F90EFDAE8
:105020006F90AFDE6F900FE26F904FE76F90CFED14
:105030008280828023AEA1AC828013070503835750
:105040000500110593C7F7FF231EF5FE8347E5FF13
:1050500093C7F7FF230FF5FEE313E5FE8280994720
:105060003305F50201110A86C14506CE1305050276
:105070001375E50FEFC01EFA11E50345C100F240BC
:10508000056182800145E5BF411122C426C24AC0A4
:1050900006C681440144138941AE83C791AE63695A
:1050A000F400B240224426850249924441018280A4
:1050B000832709001315440019469305F00F3E9508
:1050C00097B0FD1FE780C07D01E5850493F4F40FE0
:1050D00005041374F40FD1B7938741B1884305C118
:1050E000411106C6EFC0CE8423AA01B0938791AECA
:1050F00083C70700B2402381F1AE410182809387CC
:1051000091AE83C707002381F1AE82805971A6D288
:1051100086D6A2D4CAD083C721AEAA84639EA70034
:10512000854503C5A1AEEFC00EBC894503C5A1AE40
:10513000EFC06EBBEFF05FFA1949338924035000CA
:10514000C1451379F90F130409021374F40F228572
:10515000EFC05EEC09C901442285B650265496542E
:1051600006596561828019469305F00F480097B093
:10517000FD1FE780E07265F1480041469305F00F9E
:1051800097B0FD1FE780A067480871469305F00FB0
:1051900097B0FD1FE780A06608181306000393056B
:1051A000F00F97B0FD1FE78080655000C145228554
:1051B000EFD00E952A84130519025008F145137596
:1051C000F50FEFD0EE93498C130529025008F145F5
:1051D0001375E50FEFD0CE921374F40F498C1305BD
:1051E00039025008C1451375F50FEFD06E91137455
:1051F000F40F498C130549025008C1451375E50F9A
:10520000EFD00E901374F40F498C13055902500817
:1052100091451375F50FEFD0AE8E1374F40F498CD2
:10522000138504071018930500031375F50FEFD0CD
:105230002E8D1374F40F498C03C581851374F40FFC
:10524000EFD06E8611BF411122C406C6014501444C
:1052500083C791AE6373F40009C5B2402244410193
:10526000828022850504EFF07FEA1374F40FCDB736
:10527000411122C426C206C64AC00144EF907F9C59
:10528000938441AE83C791AE6368F400B240224478
:105290009244024941018280884013194400194612
:1052A0009305F00F4A9597B0FD1FE780605F19E501
:1052B0008C40CA9503C5F500EF90FF980504137460
:1052C000F40FC9B7397122DC26DA4ED606DE4AD889
:1052D0000144EF905F9A938441AE994983C791AEA0
:1052E0006369F400F2506254D2544259B2592161B8
:1052F000828088401319440019469305F00F4A959F
:1053000097B0FD1FE780C05905E9330534030A86CD
:10531000C145130535021375F50FEFC0BECF100858
:10532000C1450945EFC01ECF8C4014080A86CA95B6
:1053300003C5F500EF90FF9305041374F40F79BFD4
:10534000011106CEEFF05FD40547A9476373A700AC
:1053500089471306F10085451545A307F100EF00C5
:105360001FF9F24005618280011122CC26CA4EC687
:1053700006CE4AC80144938441AE994983C791AE91
:105380006366F402EFF05FD083C711AE99C3EFF00C
:105390003FEE83C701AE99C3EFF0DFF26244F24003
:1053A000D2444249B24905616FF09FF93305340395
:1053B000904013194400C1454A9613050502137520
:1053C000E50FEFC03EC505C9884019469305F00FAB
:1053D0004A9597B0FD1FE7808042884019469305A3
:1053E000F00F4A95190597B0FD1FE78040419C409A
:1053F0003E992316090005041374F40F41B70355B1
:10540000250083C5A1AE6F10BF91397122DC19440C
:105410003384850226DA4AD806DEA147AA84328977
:105420001374F40F639AF604130424027146814541
:1054300048081374F40F3AC697B0FD1FE780203C6C
:105440005008F1452285EFC0FEBC0DE18347E10223
:10545000A5463247E51793F7F70F63E9F600BA86DA
:105460005008937519002685EFD07EDFF250625404
:10547000D2544259216182801304140245BF7971CC
:1054800022D426D24AD0AE842A893284814513069A
:1054900000020A8506D697B0FD1FE7804036938745
:1054A000D18583C7070023102101230EF100835704
:1054B00081015DC4138721B003470700F99B414672
:1054C0002302E100138741B0034707009715FE1F31
:1054D0009385059313056100A302E10003C731B072
:1054E00093761700D58FF59B93762700D58FED9B8C
:1054F00093764700D58F9316470093F6061093F7DF
:10550000F7EFD58F9316470093F6062093F7F7DF52
:10551000D58F12071377074093F7F7BFD98F231C56
:10552000F10097B0FD1FE780002A83C711B013F781
:10553000170001CB99C40357810113672700231C6F
:10554000E10003476101A2850A85D98F230BF10091
:10555000EFD01EC3B250225492540259456182804A
:10556000138761AF03470700F99B41462302E1001F
:10557000138781AF034707009715FE1F9385458763
:1055800013056100A302E10003C771AF9376170012
:10559000D58FF59B93762700D58FED9B93764700AB
:1055A000D58F9316470093F6061093F7F7EFD58F34
:1055B0009316470093F6062093F7F7DFD58F12076F
:1055C0001377074093F7F7BFD98F231CF10097B0EB
:1055D000FD1FE780401F83C751AF91BF411122C417
:1055E00026C24AC006C6AA840144138941AE83C7B5
:1055F00091AE636AF4003E842285B2402244924414
:10560000024941018280832709001315440019468D
:10561000A6853E9597B0FD1FE780E02371FD050448
:105620001374F40FE9B75D71A2C4138441B11C4037
:10563000CAC04EDE86C6A6C252DC2A89AE89A1EB5C
:1056400019E10545D9A0F5DDEFF05FF92381A1AEA1
:1056500083C791AE636DF5028144138A41AE0DA0FC
:1056600083270A001395440019469305F00F3E95D1
:1056700097B0FD1FE780C02209E9850493F4F40F79
:1056800083C791AEE3EEF4FCBE84238191AE138A0E
:1056900021AE03C521AE83C791AED284E373F5FA80
:1056A0001C40A5EF99473305F5024A86C14513050D
:1056B00005021375E50FEFC0BEC413060003930582
:1056C000F00F0A8597B0FD1FE780601303450A00BD
:1056D0000A8693050003130505071375F50FEFC040
:1056E0003EC2138741AE084383C721AE92073E9561
:1056F0004146CA8597B0FD1FE780E00C23AA31B16F
:1057000003C58185EFC03EBA0145B64026449644A4
:105710000649F259625A616182809047814719CEE9
:1057200099473305F502F145130515021375F50F79
:10573000EFC01EBD1C4023A4070085471840104B36
:105740000DC203C504009947F1453305F502130561
:1057500025021375E50FEFC0BEBA1C4023A8070051
:1057600085471840504B0DC203C504009947C145F9
:105770003305F502130535021375F50FEFC05EB85A
:105780001C4023AA07008547184050471DCE03C57B
:1057900004001949C1453305250313054502137556
:1057A000E50FEFC0FEB503C504001C40914533056D
:1057B0002503D0474106130555021375F50FEFC0B9
:1057C0003EB41C4023A6070025BF9DFB83C711AE36
:1057D00099C3EFF0FFA983C701AE99C3EFF09FAE65
:1057E000EFF01FB6B9BD011122CC06CE26CA83C781
:1057F00091AE09446378F50295C599473305F502E2
:10580000AE840A86C145130505021375E50FEFC086
:105810007E802A8401E919468A85268597B0FD1F76
:10582000E78060FA2285F2406244D24405618280BA
:10583000011122CC06CE2A842EC632C4EF50AF9876
:1058400005C90347C500A1472246B245631FF700BB
:105850009387C1B19C4389CF03A34700630A030028
:1058600022856244F24005610283938701B2DDB76D
:10587000F240624405618280011122CC1944330454
:10588000850226CA0A86AE84C14506CE13040402E8
:105890001374F40F2285EFC0EEF701C98144F24082
:1058A00062442685D2440561828019469305F00F33
:1058B0000A8597B0FD1FE780A0FE6DF10357C10078
:1058C0009377D70F89C49377F70F93E72700C20721
:1058D000C1838544E305F7FC0A86C145228523166A
:1058E000F100EFC0FEA103C58185EFC0DE9B45BF7F
:1058F0005D71A2C42A8419453305A402A6C2CAC098
:10590000B2842E890A86C14586C613050502137521
:10591000E50FEFC02EF001C90145B640264496447C
:1059200006496161828019469305F00F0A8597B098
:10593000FD1FE780E0F66DF1130404071374F40F04
:105940001008930500032285EFC0CEEC19C1054570
:10595000E9B70808EFF06FEE6314090413060003BB
:105960008145080897B0FD1FE78080F36DF11306AD
:1059700000038145080897B0FD1FE78040E8854790
:1059800008082386F1B0EFF04FEB100893050003F1
:105990002285EFC0FE9603C58185EFC0DE9045BF2E
:1059A0001C089000BE8683D50600368763812503D8
:1059B0009106E39AC6FE0145ADD083D607003E8727
:1059C00089C69107E31BF6FE81BF23902701834719
:1059D0002700E38E97F623019700D5F023100700E8
:1059E00079BF1705FE1F0345C51B0111FD57930520
:1059F000200412052385F1AE06CE22CC26CA4AC861
:105A00004EC6A38401AE23A201AE97C0FD1FE7805E
:105A1000C0B423A2A1AE15C59709FE1F93898917AB
:105A200083C7E9000144938441AEA384F1AE83C7E8
:105A300091AE6361F40C83A78900638C070E238009
:105A400001B0938791AE83C7070005444146814565
:105A50001705FE1F1305C53A2381F1AE238F8184FC
:105A600023AA01B0238101B0238201B097B0FD1FAA
:105A7000E780E0D893047007414681451705FE1F73
:105A800013050537A38191B0A38D8184A38001B054
:105A900023A401B0A38A01AE238B01AE238C01AEF7
:105AA00097B0FD1FE780A0D5A38B91AE23AE01AECA
:105AB000238A01AE9547A38CF184C147A38EF1845C
:105AC000238601B08947238DF184F240238C8184A1
:105AD000A38F8184238E8184624423A001B223AEEC
:105AE00001B0A38001AE238401AED2444249B24941
:105AF0000561828088401319440019469305F00F10
:105B00004A9597B0FD1FE78080CF884019469305DE
:105B1000F00F4A95190597B0FD1FE78040CE9C40D5
:105B200005041374F40FCA97239607002387070010
:105B3000FDBD930700F82380F1B021B71971A2DCF5
:105B4000A6DACAD886DECED61304000281441389B1
:105B500041AE83C791AE63E3F40203C58185EFC014
:105B60008EF4938791AE83C70700F6506654238165
:105B7000F1AED6544659B659096182800325090011
:105B80009399440019469305F00F4E9597B0FD1F69
:105B9000E780E0C60325090019469305F00F4E95EE
:105BA000190597B0FD1FE78080C58327090041468E
:105BB0009305F00FCE972396070023870700480030
:105BC00097B0FD1FE780A0C371469305F00F48080A
:105BD00097B0FD1FE780A0C2130600039305F00FE6
:105BE000081897B0FD1FE78080C15000C14522858D
:105BF000EFC00EF1130514005008F1451375F50FB1
:105C0000EFC00EF0130524005008F1451375F50F91
:105C1000EFC00EEF130534005008C1451375F50FA2
:105C2000EFC00EEE130544005008C1451375F50F83
:105C3000EFC00EED13055400500891451375F50F94
:105C4000EFC00EEC138504071018930500031375BD
:105C5000F50F85041904EFC0AEEA93F4F40F137442
:105C6000F40FC5BD930705C04111C20722C406C683
:105C7000C183130720022E846361F70E17B700005B
:105C80001307C71B8A07BA979C43BA9782879387E3
:105C9000E18583C707002300F4002DA083C711B05E
:105CA00089870DA8938721B0EDB7938741B0D5B709
:105CB00041469705FE1F9385A514228597B0FD1FC9
:105CC000E78060B08147B24022443E854101828036
:105CD00083C711B0858BC1B7938731B05DBF938700
:105CE00081B09C431CC0F9BF9387B1855DB783C762
:105CF00051AF7DB7938761AF69BF938781AF51BFC4
:105D000041469705FE1F9385A50E45BF83C751AF3A
:105D1000D1B7938771AFB5BF9387C1AFD9B7938719
:105D200041AF85BF93879185ADB79387D18595B7EF
:105D3000938711AEB9BF938701AEA1BFEFF0CFB487
:105D40002300A40041B783C7C185B1B783C711B091
:105D50008D8749B783C751AFE5BF13072004894733
:105D6000E363A7F6EFD04EDA2310A400A1BF011120
:105D700006CE22CC26CA4AC84EC6EFD09EA435ED28
:105D800003C781AE85472A84630CF702938441AE32
:105D9000854983C791AE6371F40498401319440098
:105DA0004A978347E700639937012285EFF00FB6E2
:105DB0009C40CA972387070005041374F40FD1BFD2
:105DC000EFF06FC8238401AE938741AE9C4303C7B5
:105DD00091AEB907631CE400EFC06EFF6244F2406D
:105DE000D2444249B24905616FF00FD805042380BF
:105DF00007001374F40FC107F1BFF2406244D244AC
:105E00004249B24905618280797126D24AD006D6CC
:105E100022D44ECE89472E89B2846308F506636F7B
:105E2000F5008D476301F50C03C491AE2285B25095
:105E3000225492540259F249456182802E85EFF036
:105E4000EFF983C791AE2A84E372F5FEE5D01946D7
:105E5000CA85268597B0FD1FE780E096C1BF83A75E
:105E600009001315440019463E95CA85190597B0D7
:105E7000FD1FE780409E31ED05041374F40F83C7C6
:105E800091AEE36EF4FC3E8455B70144938941AE74
:105E9000FDB705041374F40F83C791AEE375F4FEE8
:105EA000330534030A86C145130535021375F50F12
:105EB000EFC04E9679FD41469305F00F0A8597B0E5
:105EC000FD1FE780E09D71F5CA850A85EFD0AECB56
:105ED00069F183C791AEE37BF4F4A9D8A685228546
:105EE000EFF07F90A1B7014499497DB7797126D22F
:105EF00006D622D4AA8402CC231E0100EF40BFACF8
:105F000005CD03C7B18589476308F702930565008E
:105F10002A84034555003008EFF01FEF83C791AE88
:105F20006371F5022AC6EFF08F93B2452A860547C2
:105F3000A1462685EFF06FCDB250225492544561B0
:105F4000828083C7B18591E795452685EFD0DE84B1
:105F5000E5B70547E392E7FE8345540001462685F1
:105F6000EFF0EFD1D1BF4111C1674AC006C622C4CC
:105F700026C2FD172E896309F506EF40DFA42A84A7
:105F8000D14421CD93056500034555000146D54414
:105F9000EFF09FE783C791AE6376F500CA85EFF017
:105FA000BF8D8144630B09022285EFF04FC535A0F8
:105FB000CA852285EFF05F8C11C1814405041374FA
:105FC000F40F83C791AEE365F4FE6308090017F58B
:105FD000FFFF13050543EF40FFC6B240224426856C
:105FE00002499244410182800144D544D9BF011144
:105FF000C1674AC84EC606CE22CC26CAFD172E89D6
:10600000B289630EF504EF401F9CD14429C193056A
:106010006500034555000146D544EFF0FFDE83C718
:1060200091AE6376F5024E86CA85EFF07F8C81448F
:1060300039A84E86CA852285EFF09F8B11C1814415
:1060400005041374F40F83C791AEE364F4FEF240C9
:10605000624426854249D244B249056182800144A6
:10606000D544D5B7411122C41384A1AE83450400A1
:1060700023A0A1B2614506C6EFD0CEFD03450400C2
:106080002244B24041016F205F811387E18583473D
:10609000070083C511B093E707F82300F7006FD01E
:1060A0006EE45971A6D2B2845000A2D4D2CC86D666
:1060B000CAD0CECE2A84368A02C223140100EFF061
:1060C000BFD483C791AE6377F50E2A89EFE03FF91D
:1060D0009147AA896319FA0C03C7E1857917133729
:1060E000170091461944330489024E86CA852685D5
:1060F000EFF0AFB151468145680097A0FD1FE780E2
:10610000007070001374F40F13054402C145137539
:10611000E50FEFB03EF005E941469305F00F68004A
:1061200097A0FD1FE780C07719ED13055402700892
:1061300091451375F50FEFB0FEED700093F5190062
:106140002685EFD0CEDE1305090710109305000356
:106150001375F50FEFB01EEC15E10810EFE0FFED41
:106160000010130901058355040091C5034624005E
:106170002685EF100FAB1104E31789FE93F9290070
:106180006387090083C5A1AE2685EF007FB99147DB
:106190006314FA0403C7E1858947631FF702268564
:1061A000EFF0BFEE15A803C7B185791713371700B5
:1061B000D2860DBFA147E31CFAFC03C7B18589470E
:1061C000631CF7000146A2852685EFF04FAB014620
:1061D00081452685EFF0CFE5B650265496540659F2
:1061E000F649664A014565618280011106CE2AC6DC
:1061F000EFF02FFF3245F2402385A1AE05616FF02D
:10620000AF961D7186CEA2CCA6CACAC8CEC6D2C4CD
:10621000EF807FA683C7F18589CB0144138941AE06
:10622000194A83C791AE636AF400F6406644D644C7
:106230004649B649264A25618280032509009319FB
:10624000440019469305F00F4E9597A0FD1FE78077
:10625000206531E9B30444035010F14593F4F40F81
:10626000138514021375F50FEFB0DEDA0DED034759
:10627000F1039307F00F6318F702138534025000FF
:10628000C1451375F50FEFB0FED85008C14509455B
:10629000EFB05ED88325090054085000CE9503C5A1
:1062A000F500EF801F9D05041374F40F9DBF930745
:1062B00005C05D71C207A6C2CAC086C6A2C44EDEB2
:1062C00052DCC183130720022A89B284636EF74E21
:1062D00017B70000130747BF8A07BA979C43BA97BE
:1062E000828785476384F500614409A883470600D7
:1062F0000947E36BF7FE238FF18401442285B64002
:10630000264496440649F259625A61618280854763
:10631000E39CF5FC03470600E3E8E5FC83C711B006
:1063200011C793E74700A380F1B0C1BFED9BE5BF64
:106330008547E39BF5FA834706001147E366F7FAC2
:106340002381F1B05DBF8547E390F5FA83470600EE
:10635000E3ECF5F82382F1B04DB7C147E396F5F8C9
:106360004146A6851705FE1F130585A997A0FD1FA9
:10637000E780604559B78547E398F5F6034706007F
:10638000E3E4E5F683C711B001C793E7170061BFE7
:10639000F99B51BF8547E399F5F483470600A38134
:1063A000F1B0A1BF9147E391F5F41842B7470F0050
:1063B0009387F723E3EAE7F223A4E1B03DBF8547E3
:1063C000E394F5F2834706000947E36FF7F0A38DE6
:1063D000F18425B78547E399F5F003470600E3E527
:1063E000E5F083C751AF11C793E74700A38AF1AE29
:1063F00029B7ED9BE5BF8547E398F5EE8347060097
:106400001147E363F7EE238BF1AEC5BD8547E39DEE
:10641000F5EC83470600E3E9F5EC238CF1AEF1BD22
:10642000C147E393F5EC4146A6851705FE1F13050A
:10643000259C2DBF8547E399F5EA03470600E3E570
:10644000E5EA83C751AF01C793E7170045B7F99B4A
:1064500071BF8547E39AF5E883470600A38BF1AE49
:1064600069BD9147E392F5E81842B7470F0093875B
:10647000F723E3EBE7E623AEE1AE41B5E39605E6AD
:10648000EFD02EB401E9EFE01FDCEFC04E94EFE057
:10649000BFEDA5B585472384F1AE85B59D47E3954E
:1064A000F5E4938514001946680097A0FD1FE78066
:1064B000803103C5040050086C00EFF0FF9483C7DF
:1064C00091AEAA840944E37BF5E24808EF406FD817
:1064D00009E52685EFE09FC34DBF938741AE9C43FE
:1064E00092045944BE9485472387F40001BD9D471B
:1064F0006391F50A194693851400680097A0FD1F63
:10650000E780602C03C5040001466C00EFF0DF8FCC
:1065100083C791AE6377F5049944B304950250089C
:10652000F1459384140293F4F40F2685EFB09EAEE8
:106530002A8415E51307A04185476304E900930702
:10654000F00F5008F1452685A307F102EFB05EDB9E
:1065500003C58185EFB03ED5EFF0BFCA45B309440E
:10656000E5BF83C701B00944E38A07D81307A041F8
:1065700083C731AF631BE90093E71700A389F1AE2E
:106580001D46A6851385C1AED5B3F99BA389F1AE8F
:10659000ADB38547E39AF5D41307A04183C731AF64
:1065A0006315E50093E72700D5B7F59BC5B7A38F23
:1065B0000184EFF01FC591B38547A38FF184014497
:1065C00019499309F00F7D5A83C791AEE373F4FE26
:1065D000B30424035008F1459384140293F4F40F98
:1065E0002685EFB03EA305E18347F102638D3701B5
:1065F0005008F1452685A3074103EFB07ED003C5BF
:106600008185EFB05ECA05041374F40F75BF85472A
:10661000E39CF5CC83470600E3E8F5CC238AF1AE92
:10662000E9B98547E392F5CC834706002547E36D3A
:10663000F7CAA38CF184D1B18547E397F5CA034724
:106640000600A546930797FF93F7F70FE3EEF6C80A
:10665000A38EE1845DB18547E398F5C883470600C2
:1066600003C711AE0144A380F1AEE31907C8E39755
:10667000B7C8EFE07FCF59B18547E397F5C68347A9
:10668000060003C701AE2380F1AE09E76394B700AB
:10669000EFE09FCD03C501AEEF802FDEB9B985478E
:1066A000E394F5C4834706000D47E36FF7C2238DDB
:1066B000F184A1B18547E399F5C283470600238C95
:1066C000F18425B90545EFB01EBE05B98547E39DA8
:1066D000F5C083470600238EF18405B1930740027D
:1066E000E394F5C003C51400014693852400EFF040
:1066F000AFF183C791AEE379F5BE19443304850247
:1067000003C70400A1471374F40F631FF7021304B7
:1067100024021374F40F5008F1452285EFB09E8FC8
:10672000E31405BC9385840048086D4697A0FD1FBF
:10673000E78060095008F1452285EFB07EBC03C5B3
:106740008185EFB05EB64DB613041402D9B717F7C2
:10675000FD1F03572745930740046D44E3F0E7BA54
:106760008547E393F5B883470600E3EFF5B681CF9D
:10677000938781B19C435544E38207B883C711B026
:1067800093E787004DB683C711B093F7770F61BECB
:1067900017F7FD1F03570741930740046D44E3FFBC
:1067A000E7B48547E392F5B483470600E3EEF5B21C
:1067B000F9DB938781B19C435544E38107B483C7D8
:1067C00051AF93E787001DB1930720040944E3E725
:1067D00027B3E39585B283D504004A85EFD08E8731
:1067E0002A8429BE797106D622D426D24AD083477C
:1067F00025005147E91793F7F70F636BF70217A7C7
:106800000000130727758A07BA979C432A84BA9712
:1068100082878354A5000346C5008346D50026859C
:1068200032C636C4EF402F9AAA87A246324619E1F3
:10683000854425A203C7C700A14713053400631A86
:10684000F7029387C1B19C43A68589C79C4399C32E
:106850008297F9BF9387C1AF8843EFC0FEAC69D977
:106860009307E00FE306F5FC85452685EFC0DEF2D1
:10687000C1B7938701B29C43A68599C39C43E9FBAA
:10688000938781B0D1BF8355A5002E852EC4EF40DC
:106890008F93AA8751DD03C7C700A14713053400B2
:1068A0001306C4009306C401A245631AF700938738
:1068B000C1B19C43B5DF9C47A5DF829795BF938705
:1068C00001B2C5BF83471500D5EF83476500858BAF
:1068D000D5CB938741B19C430149D5E781454146DA
:1068E000080897A0FD1FE78080F14C48B5CD83C70D
:1068F00065011946C105A30FF100080897A0FD1F07
:10690000E78060EC834764000357C1018987858B6A
:10691000D98F231EF100EFE02FF783C791AE63906C
:10692000A70283C7C18599C3EFF04FA197F7FD1F59
:10693000938747269C5B81C7854521458297EFE079
:10694000AFF4A2850808EFE01FCEAA84554905EDF3
:10695000894503C5A1AEEFA07EB6B250225426856C
:106960000259925445618280035544008544EF40AA
:106970008F8565D583475500194693056500A30F9C
:10698000F100A5BF014903461400035544008545A5
:10699000EFE01FEAE30E09E84A868D4503554400FF
:1069A000EFE01FE971B5034715009947631AF70235
:1069B00003554500EF402F81AA841DC183C7A185DF
:1069C00009476389E7020D476380E702054763993A
:1069D000E70083455500035544000146EFE03FAA18
:1069E0000346140089455DBF0146814513050041FA
:1069F000EFF0FF8B8355440003C504001546EFC03C
:106A00009EDCF9BF93054500034535000146EFF0D4
:106A1000AFBF83C791AEE37DF5E099473305F5023B
:106A20001306C4009145130555021375F50FEFB019
:106A30003E8D03C58185EFB01E87DDBB83C741AFA7
:106A40000355450081C783C591850DB583C7E18591
:106A500099E3954521BDEF301FF7AA84E30A05DCD1
:106A60008347A400858B85CB03455500854763F498
:106A7000A7028357C40093F7072091EF100893856E
:106A80006400EFF06FB883C791AE6396A7008D45A1
:106A900003554400E1BB83C554000355440013066D
:106AA0008400EFE0DF9D01468145CDBD03554500E3
:106AB000EFF0CFC3B5BB03554500EFF04FAB83C735
:106AC000E18593F7F707238FF1849DB3797193974D
:106AD000050122D406D626D24AD04ECEC1872E84B6
:106AE00063DE070803C5A1AEEFA0AEEBAA8431C5F3
:106AF000834705001307100B638BE7041307000D92
:106B00006387E7021307000B6396E702034745001C
:106B1000F9476317F700035525008145EFF0AFC42F
:106B200083C5440013858400EFF05EDD21A0EFF003
:106B30007FCB01C52685EFA0AEDFA164A18CB2504A
:106B40002254268502599254F24945618280834736
:106B50004500EDF303568500835565000355250078
:106B6000238601B0EFF0AFC883C7C1B0E1D703C53A
:106B70008185238601B0EFB00EF36DBF93F725003A
:106B800085C381450145EFE01FAA9344240083C7D4
:106B9000A1AE854511E189453E85EFA03E9245B7FE
:106BA00093F715006384070C138941B1832709000B
:106BB000938401B183D947009C4099EFC165138745
:106BC00041B2894617A600001306C677FD15054594
:106BD000EF003FAD23A8A1B08C40134414009DE901
:106BE000832709000146854503D547009314040116
:106BF000C180EFE0FFC38327090001468D4503D51F
:106C00004700EFE0FFC203C58185EFB0CEE9EFE0BA
:106C1000AFCC35B79308F00F094881471307E1005F
:106C2000740003D641B24E85EF00FFFD11ED03461F
:106C3000D1008347C10022065D8E19C69C404E8557
:106C400083D5A700EFF0AFBA8840C165814603D66F
:106C500041B2FD15EF001FEF9314040123A8A1B06A
:106C6000C1803DDD854503C5A1AE05BF93F7450055
:106C70008144E38607EC93C44500D1B50347250062
:106C8000F14763E4E72A17A600001306E6319316DE
:106C90002700B2969C42411122C406C626C2B29772
:106CA0002A84828783471500C5E7414697F5FD1F73
:106CB0009385051717F5FD1F1305851597A0FD1F73
:106CC000E78060B93DE517F6FD1F13066614C14560
:106CD0000945EFB0EEE217F6FD1F13066616C14533
:106CE0000D45EFB0EEE103C58185EFB0CEDB930536
:106CF0003400138541B4194697A0FD1FE780A0AC6E
:106D00008547854503C531B423A8F1B4EFA00EFB38
:106D1000938701B58843938781B29C43ADC703A392
:106D2000070063020306A2852244B2409244410157
:106D30000283414697F5FD1F9385850F17F5FD1FCB
:106D40001305051097A0FD1FE780E0B02DDD45B7C6
:106D5000994723A8F1B46DBF034715008347350059
:106D600039E309476396E702938701B59C43814560
:106D7000014593F7F7F093E7070223A8F1B4EFE09A
:106D80007EADA300A400B24022449244410182801F
:106D90000547814501456395E700EFE09E9BD5B728
:106DA000EFE01E8BF9BF0947E38FE7FC938701B53E
:106DB000884341991365650023A8A1B4A9BF8347FF
:106DC0001500938401B5BDE38D476315F70483C7B0
:106DD00021B4139787016187635B070093F7F70777
:106DE000894503C531B42381F1B4EFA02EED9C4059
:106DF000914613F7F7006318D700C19B93E757003C
:106E000023A8F1B485A08946E30FD7F6C19B93E789
:106E10002700FDB79840A38B01B29546937707FFF3
:106E20003D8B6319D70493E74700D9BF9C40C19BB2
:106E300093E76700F1B7138701B51C43834615003C
:106E4000BA84C19B95E293E7470023A8F1B40356A7
:106E5000A50093054500034535009146EFF06FA46A
:106E6000A38B01B2884045BD13071003E392E6FCF3
:106E7000A38B01B293E7370061B7EFF0BF9693871A
:106E800001B59C43154793F6F700C19B13E5370006
:106E9000E394E6F213E5270005B7938601B59C421B
:106EA00003461500B68493F7F7F031E2CD46631B35
:106EB000D70293E7070123A8F1B483C7A1B31397BF
:106EC00087016187635B070093F7F707914503C567
:106ED00031B4238DF1B2EFA06EDE9C403705000186
:106EE0005D8D15BD93E7070223A8F1B4FDB793E7C5
:106EF0000703DDBF938601B59C427D761306F60F2E
:106F0000F18F0346150019EE6D46631AC70093E72B
:106F1000071023A8F1B49C4237050002D1B793E7CC
:106F20000720C5BF93E70730EDB782800347050010
:106F3000930610096307D7009307000D6305F70454
:106F400082808346150039476391E60483564500E5
:106F5000056713075740639AE60218459307F00741
:106F6000830537006383F502938781B29C4391CFF9
:106F700003A34700630B0300834727000345170063
:106F8000A2075D8D02836FF07FCF828001119397FE
:106F9000050126CA06CE22CCC187AE8463D5070C74
:106FA00003C531B4EFA0EE9F2A8409C983C7B1B3EA
:106FB00089EFEFF0BFF72285EFA08E972165258D31
:106FC000F2406244D2440561828083470500130782
:106FD000000D639EE7048347250081E7EFF01FF56E
:106FE00009A81547639DE7000347C500A147E39241
:106FF000E7FCA28503C5C1B2EFA02EA1C1B721470E
:10700000E38EE7FC99466395D70083477500C5B7C3
:107010001D47E390E7FA03554500EF30DF9A41DD65
:107020000347C500A1472285E315F7F8D9B7130731
:10703000200AE380E7F813071009E391E7FA034712
:107040001500B947E31CF7F8035745008567938798
:107050005740E315F7F81845834727000345170005
:10706000A2075D8D5DBF9397150163DE0700138650
:10707000C1B491451145EFB0AEA803C58185EFB00D
:107080008EA211652DBF93F71500D9CB83C771B3BD
:10709000B9CFEF309FC097F7FD1F83C717B18D8B16
:1070A000636AF5048D472302F1009387E1B283C739
:1070B00007004C0003C531B42306F100938791B358
:1070C00083C70700A306F100EFE0EEA30DC193878D
:1070D00001B5884341991365650023A8A1B493873E
:1070E00081B29C4389C79C4399C38145829713C54C
:1070F0001400F9B5938781B383C7070019469385B8
:1071000001B32302F100938761B383C7070013051E
:107110006100A302F1009790FD1FE780C06A71B77C
:1071200093F7250085CF83C721B4858B8DC703C511
:1071300031B4EFE06ECC05C1938701B58843137578
:10714000F5F023A8A1B4938781B29C4389C79C43DF
:1071500099C38145829713C524009DB593F74500D7
:107160000145E38F07E483C7A1B39DC703C531B4CD
:10717000EFE0AECB15C1938701B58843FD779387C8
:10718000F70F7D8D23A8A1B4938781B29C4389C753
:107190009C4399C38145829713C5440015B5797105
:1071A00022D426D206D6AA842EC6328436C43AC247
:1071B0003EC0EF305F8139C50358E500B2458247D4
:1071C0001247A246636DB800636B040103560501C4
:1071D0006317D6000356250161456300E602231CB0
:1071E000B1003E862C082685231D8100231ED10078
:1071F000231FE100EF30CFEC0145B25022549254EE
:10720000456182805145D5BF011106CE97F7FD1F1C
:10721000A38CA7B691C52E8532C6EFE0BFE43246F7
:10722000938701B59C4385EB19C223A4C1B2F240F8
:1072300003C6D1B283C5A1B403C531B49387C1B429
:1072400017F7FD1F1307C7BF97F6FD1F938646BCB0
:1072500005616FF0EE9DF24045450561828097F72C
:10726000FD1F83C797948D8B81EB614582806145BB
:10727000B240224441018280411122C406C603C4A7
:1072800031B49307F00FE314F4FE17050000130563
:1072900025D0EFA04EFFA381A1B4E30A85FC23A46F
:1072A00001B223A801B491472385F1B4EFC00E8D3C
:1072B0004146814517F5FD1F130585B59790FD1FC4
:1072C000E780E0534146814517F5FD1F130545B79B
:1072D0009790FD1FE780A05223A601B4238C01B232
:1072E000238B01B29D4717F6FD1F130666B2C145F9
:1072F00009452387F1B2A38C01B2EFA0BED117F6E6
:10730000FD1F1306E6B3C1450D45EFA0BED04146B3
:1073100097F5FD1F9385C5AF17F5FD1F130545B004
:107320009790FD1FE780204A414697F5FD1F938502
:1073300025B117F5FD1F1305A5AF9790FD1FE78039
:1073400080481386C1B491451145EFA0BECC0145DC
:1073500005B7FD57A381F1B417F7FD1F130787A2E7
:10736000A302F7002303F700238501B40547A38B8D
:10737000E1B223A601B41947239FE1B205671307C1
:1073800007C8239EE1B22386F1B29D47A38601B2CE
:10739000A38D01B2A380F1B42380F1B419468145D5
:1073A000138501B31793FD1F67006345930705D04D
:1073B0004111C20722C406C6C1835D472E84636B98
:1073C000F70C17A70000130767C58A07BA979C43F5
:1073D000BA97828783C7A1B42300F40035A0414641
:1073E00097F5FD1F9385C5A222859790FD1FE78025
:1073F000803D19A8414697F5FD1F938565A4EDB71B
:107400009387C1B49C439CC18147B24022443E85CE
:10741000410182801946938541B4F9B783C771B39E
:1074200065BF2E85EFE06ECFC5B72E85EFE04ED15C
:10743000E1BF83C781B34DB783C761B371BF19463D
:10744000938501B355B783C7E1B279B783C791B3C9
:1074500061B7938701B59C4341B783C7D1B2ADBF34
:1074600083D7E1B32310F40045B783D7C1B3DDBFA1
:1074700083C711B495B783C701B4B9BF2E85EFE0B8
:107480006ECF59B783C721B493F7F707B1B783C756
:10749000A1B399B7130720048947E368A7F6EFB0B3
:1074A000BEE62310A4008DB79307F5CFC207AE86C2
:1074B000C183D9452A8763E6F52817A80000130879
:1074C000E8BB8A07C2979C43411106C6C297B285A2
:1074D000368582874147E147639EE602414617F5BC
:1074E000FD1F1305E5929790FD1FE780C02D15A0A5
:1074F0004147E1476390E602414617F5FD1F13053A
:107500002594D5B71147E1476396E6001C4223A6B0
:10751000F1B48147B2403E85410182800547E14791
:10752000E39AE6FE0347060083C771B3A38BE1B27B
:1075300095C3814765F3138701B5184389463D8B91
:107540006305D7009546E317D7FC03C531B4EFD0E8
:10755000DEF2C1B781475DDF138701B518436306CB
:10756000A7003D8B7517E367E5FA854503C531B480
:10757000EF90DEF479BF9307C01C63E0D71C630E65
:10758000061AB24041016FE0AE8C9307C01C63E65F
:10759000D71A6304061AB24041016FE08E9B05477B
:1075A000E147E399E6F603470600A946E3E4E6F679
:1075B000238CE1B2B9BF0547E147E39DE6F40347F9
:1075C00006008D46E3E8E6F4238BE1B299B719474C
:1075D000E147E391E6F41946138501B329B705475E
:1075E000E147E399E6F2034706009D46E3E4E6F24D
:1075F0002387E1B239BF0547E147E39DE6F0034742
:1076000006008D46E3E8E6F0A38CE1B219B7054722
:10761000E147E391E6F083470600A386F1B2D5BDCA
:107620000947E147E398E6EE0356060005671307AE
:10763000A7C79306A6FFC206C182E36DD7EC239FBE
:10764000C1B2C1BD0947E147E396E6EC0356060027
:1076500005671307A7C79306A6FFC206C182E36B9F
:10766000D7EA239EC1B275B58345060003C601B4AF
:10767000A380B1B40145EF70CFE061BD03460600C1
:1076800083C511B42380C1B4F5B79307C01C63E66A
:10769000D70A45C6B24041016FE0CE9B0547E1479E
:1076A000E39AE6E68347060003C721B4058B2381EE
:1076B000F1B493F6170011C7E39D06E4EFD03EF650
:1076C00089BDE38806E4138701B518438945398BE2
:1076D000E31E07E893E707F82381F1B41DBD0547D2
:1076E000E147E399E6E28347060003C7A1B3238D90
:1076F000F1B211C7E39F07E0EFD0DEF419BDE38AD2
:1077000007E0138701B518431377070F19C3914595
:10771000B1BD93E707F8238DF1B2E5BB93072004D1
:1077200063EFE70089458947E396B6DEB2408355AB
:1077300006003A8541016FC0EE91E147E1BB894700
:10774000D1BB9307200463E9A70089458947639665
:10775000B60083550600C5B789473E8582806F70A5
:107760000FCD011106CE2AC6EF30EFA509C9B245EB
:10777000F240034505004D4605616FC0CE84F240DE
:107780004945056182806F700FD0411106C6EF80B8
:10779000402B1725FFFF1305C5D6EFA0CEAEEF1087
:1077A000FFC117C5FEFF13056516EFA0CEADEFC0F4
:1077B0002E9117F5FEFF13050519EFA0CEACEFF0E3
:1077C000AE951745FFFF1305A563EFA0CEABEF40C5
:1077D0008FF717F5FFFF1305A52FEFA0CEAAEFE057
:1077E000DFA01715FFFF13058528EFA0CEA9EF1026
:1077F0008FA4B24041016FF09FA69387C1B5138754
:1078000041B59C43184301456313F700828083D63A
:10781000670081E683D6470036959C43F5B797E726
:10782000FD1F938727378C4317E7FD1F0357C73684
:1078300041111386052223AEC1B4938785FFBA9701
:10784000056523AAF1B406C61D0593563700637477
:10785000E500930600203307D60023ACE1B423A053
:10786000E522E1162312D600231306001CC3998FCC
:10787000E1172312F70023130700EFF01FF8B240BF
:1078800097E7FD1F2399A734410182809387C1B5F3
:10789000138741B59C43144301456393F6008280EE
:1078A00003D7670011E703D747006373E5003A8504
:1078B0009C43E5B79387C1B5938641B59C439042FD
:1078C0002A87B305B5406314F6003A8529A8938644
:1078D00087009C43E369D7FEE377F7FE2E85E3E458
:1078E000D5FEE3F2F5FE828083C705002300F50094
:1078F00083D72500A300F50083D72500A1832301AA
:10790000F50083C74500A301F5001145828023A23D
:1079100001B623A001B6828029C1411126C206C644
:1079200022C4AA8401458DC52E842285414697959F
:1079300000009385657A9790FD1FE780C0E883C7B4
:10794000040005452306F40083C71400A306F400D1
:10795000B24022449244410182800145828001115B
:1079600022CC26CA06CE0947AA8432846383E50462
:1079700041468147639BC500638FE6006397B6006D
:107980001DA841478147638FE600F2406244D2441C
:107990003E85056182808A852285EFF0FFF74146AA
:1079A0008A8521A88A85EFF03FF741468A8522859E
:1079B00031A0E398B6FC2E86A28526859790FD1F00
:1079C000E78060E9AA87D1B723A2A1B6828001111E
:1079D00022CC0354650006CE26CA4AC84EC641C012
:1079E00083298500AE842A8803C9090081471317BB
:1079F0008901618763550702B147054563FA87042A
:107A00005114420403552800418033878900A2861F
:107A10004E868545EF408FA9B337A00085077D14BA
:107A200013556900420405891379F90341802380C5
:107A3000F400A380A4002381240123928400014741
:107A400019C01387190098C409476383E7000145EB
:107A5000F2406244D2444249B24905618280054500
:107A6000C5BFC167F917630AF502D94763F7B702C3
:107A7000011122CC2EC606CE2A84EF101F81B245FA
:107A80006368B50022856244F24005616F300F994A
:107A9000F240624405450561828005458280C167E8
:107AA000F9176314F5006F104FFE411106C6EF3051
:107AB000EF8511E15D45B2404101828039714ED6BA
:107AC00056D25AD006DE22DC26DA4AD852D4AA8A06
:107AD0002E8BB28949EF36C6EFF07FFC9145EF104F
:107AE0005F8BAA844D492DC9B246054A23803401D3
:107AF0000544630A0B00B68513851400029B050537
:107B0000131405014180E20993D9894163D3090225
:107B1000C1455685EF308F8D654905E93386840070
:107B2000A2852685EF30BFE92A8905E131044204A8
:107B3000418091472C085685231CF10026CE231D39
:107B40008100EF203F962A8901C963070A00268534
:107B500097A0FD1FE780C0ACF25062544A85D25412
:107B60004259B259225A925A025B21618280BA84E8
:107B7000014AADBF011122CC26CA4AC84EC606CE64
:107B80002A893284B689EFF07FF3AA8405E19387CE
:107B900041B69C4381CF05476317E40003C4090045
:107BA00005041374F40FA2854A858297F24062445B
:107BB00026854249D244B24905618280AE8601479A
:107BC000054697050000938565D26FF0BFFA83D70D
:107BD00005002300F50083D70500A183A300F5006D
:107BE0000945828083C7250005472300F50003D59A
:107BF00005006397E7000A0505054205418182807B
:107C0000C9473305F502CDBF03D505000A05420576
:107C10004181828083D725002300F50003D505002C
:107C200083D725003305F502050542054181828091
:107C300003D50500828003D50500828003D50500A9
:107C4000828083D725002300F50003D5050083D764
:107C500025003305F502050542054181828083D761
:107C600005002300F50083D70500A183A300F500DC
:107C700083D725002301F50083D72500A183A30125
:107C8000F50003D54500110542054181828083D767
:107C900005002300F50083D70500A183A300F500AC
:107CA00003D5250009054205418182808947114598
:107CB000639BF60083471600834606000145A20732
:107CC000D58F2310F700828003D70500D947AE86F1
:107CD00063FAE70001470D4697050000938565EFBD
:107CE0006FF05FE90945828011456393A6028347DF
:107CF0001600834606000145A207D58F2310F70022
:107D00008347360083462600A207D58F2311F7004C
:107D1000828083C725000547FD1793F7F70F63613E
:107D2000F70483D705008DCF011122CC2A84C841E6
:107D300006CE15C12EC68945EFF0DFB72A8722850A
:107D40006244B246F2401546970500009385C5E9A6
:107D500005616FF03FE2F2406244094505618280AF
:107D6000094582809547114563F9D706411122C420
:107D700026C24AC006C683471600BA8403470600D7
:107D8000A2073284D98F2390F4008347360003473B
:107D9000260093054400A207D98F2391F400894758
:107DA0002382F40009461385540036899790FD1FFD
:107DB000E78060A19307A9FF2394F4009947631B10
:107DC000F90023A60400B24022449244024901452E
:107DD000410182801904C0C4FDB7828083D70500A9
:107DE0008DCF011122CC2A84C84106CE15C12EC6E2
:107DF0008545EFF03FAC2A8722856244B246F240C7
:107E00001D4697050000938565E005616FF09FD6DC
:107E1000F2406244094505618280094582809947A4
:107E20006395F6048947411106C62302F70083478C
:107E3000160083460600B285A207D58F2310F700EF
:107E4000834736008346260003464700A207D58FA6
:107E5000130557002311F70091059790FD1FE78048
:107E60008096B240014541018280D147114563941B
:107E7000F600C1474DBF828083D705008DCF011129
:107E800022CC2A84C84106CE15C12EC68945EFF002
:107E90007FA22A8722856244B246F2402546970592
:107EA0000000938565D705616FF0DFCCF240624436
:107EB0000945056182800945828089471145639B98
:107EC000F60083471600834606000145A207D58FBA
:107ED0002310F7008280011122CC2A84C84106CEEB
:107EE000AE86014719C52EC68545EFF0BF9CB24648
:107EF0002A8722856244F2402D469705000093852B
:107F000065D305616FF01FC711456393A6028347D0
:107F10001600834606000145A207D58F2310F700FF
:107F20008347360083462600A207D58F2311F7002A
:107F30008280011122CC2A84C84106CEAE8611C5AA
:107F40002EC68545EFF01F97B2462A8722856244E8
:107F5000F240354697050000938525CE05616FF008
:107F60007FC193F71600114589EB89476387F600B7
:107F700085822312D70010C301458280011122CCD3
:107F80002A84C84106CE15C12EC68545EFF09F92C2
:107F90002A8722856244B246F2403D46970500009A
:107FA000938505CA05616FF0FFBCF2406244094544
:107FB0000561828083D705008DCF011122CC2A84F0
:107FC000C84106CE15C12EC68945EFF0BF8E2A875F
:107FD00022856244B246F2404546970500009385EB
:107FE00085C605616FF01FB9F2406244094505611D
:107FF000828009458280854763FCD7022304A7005D
:10800000A304B7008347160083450600A207CD8F5F
:108010002310F7009387E6FF2311F7008947638653
:10802000F600090650C30145828023220700E5BF00
:1080300011458280014781464D4681456FF09FB3CF
:108040008D47114563FBD702834716008345060021
:10805000A207CD8F2310F700834736008345260003
:10806000A207CD8F2311F7009387C6FF2312F700D5
:108070006386A600110610C70145828023240700ED
:10808000E5BF011122CC2A84884506CEAE8611C5F3
:108090002EC69545EFF01F82B2462A87228562449C
:1080A000F2405D46970500009385A5BB05616FF022
:1080B0007FAC854711456397F6008347060001456D
:1080C0002300F700828001478146654681456FF0B5
:1080D0007FAA011122CC2A84C84106CEAE86014770
:1080E00019C52EC68D45EFF0EFFCB2462A872285D2
:1080F0006244F2406D4697050000938585B905619D
:108100006FF0DF9B011122CC2A84C84106CEAE86D7
:10811000014719C52EC68D45EFF0CFF9B2462A8723
:1081200022856244F240754697050000938565B646
:1081300005616FF0BF988147179800001308C8FACF
:108140001306F00F3307F800834607001397060164
:1081500041836364E5006393C600828083D6050093
:108160006365D7002390E5008280850793F7F70FBA
:10817000D1BF41119397050122C406C626C2C1870B
:108180002E8463D50702EF90CE81AA8409CD834760
:108190000500054793C707086364F700EF60E00A2E
:1081A0002685EF80FEF82165218D29A893F715001B
:1081B00099CF97E7FD1F9387E7C9FC5791C3829733
:1081C00013451400B240224492444101828093F747
:1081D000250099CB97E7FD1F9387C7C7BC5B91C369
:1081E000829713452400F9BF93F7850081CF97E765
:1081F000FD1F938727C6FC5FBC5B91C38297134525
:108200008400C9B793F7450081CF97E7FD1F938797
:1082100067C4FC5FFC5791C38297134544005DB768
:1082200093F7050291CF97E7FD1F9387A7C283A716
:10823000070983A7070991C382971345040259B719
:1082400093F7050191CF97E7FD1F9387A7C083A7F9
:10825000070983A7C70891C38297134504019DB7F7
:10826000939725010145E3DF07F497E6FD1F83C6D9
:10827000D6BE17E6FD1F034646BE97E5FD1F83C524
:10828000B5BD17E5FD1F034525BDEFB06FA6096518
:1082900021BF411122C417E4FD1F1304A4BB130620
:1082A0008012814526C2AA84228506C623A601B66D
:1082B0009780FD1FE780A0540145EF205012014533
:1082C000EF20F01997E7FD1FA3859790B707D70711
:1082D000B50717E7FD1F2329F7B8B7A70D0D93873B
:1082E000372117E7FD1F2323F7B8B7A7D7079387D1
:1082F000372117E7FD1F232DF7B6E977938737213D
:1083000017E7FD1F2318F7B67D4781472320E40EAA
:108310000327040D2322F40EB7872D049387F79FBC
:108320005D8F8327440D97E6FD1F23ADE6BE97E6DC
:10833000FD1F23ADE6BE93E7E73917E7FD1F2329AD
:10834000F7BE97E6FD1F23A1F6BE97E7FD1F83C783
:10835000478517E7FD1FA30DF7BA17E7FD1FA30D0C
:10836000F7BAF977FD1717E7FD1F2318F7BE17E7D0
:10837000FD1F2315F7BEFD4717E7FD1F2301F7BEBD
:1083800097E7FD1FA38407B085679387F7F017E78A
:10839000FD1F231EF7AE17E7FD1F231BF7AEEF905F
:1083A0009E9597E7FD1FA388A7AA9307C01C17E710
:1083B000FD1F231EF7B0854717E7FD1FA30BF7AC82
:1083C00097D7FD1F83D7477DA98317E7FD1FA30517
:1083D000F7B08D4717E7FD1F231FF7AA97E7FD1F8B
:1083E00023AC07AAB71707069387074417E7FD1FB3
:1083F0002326F7AA97D7FD1F9387C77983D707014D
:108400001307B00F6374F7009307B00F13960701BB
:1084100017E7FD1F2315F7A617E7FD1F2313F7A680
:108420008347C40341829306E600918BC5C393172B
:1084300066009387073DC207C18317E7FD1F23111D
:10844000F7A40347D403118B49C71317660013071A
:10845000073D4207418397E5FD1F2395E5A2ED45C2
:1084600032876373B6006D4717E6FD1F2315E6A03C
:10847000130680143E8763F4C700130780148E062A
:1084800097E7FD1F239AE79E97E7FD1F2398E79E36
:1084900097E7FD1F2393D79E9307C01C17E7FD1F87
:1084A000231AF79EB70716009387079017E7FD1F5B
:1084B000232CF79CEF904FEEEF40901AEF80BFC84F
:1084C0002244B240924441016F60C0259397360028
:1084D0009DB713973600B5BF411106C622C426C208
:1084E00017E7FD1F0347E79A97E7FD1F83C7779AB2
:1084F0006369F70001442285B2402244924441015D
:108500008280AA84930510241305800B9790FD1F89
:10851000E780A0042A8479DD1306800B81459780CB
:10852000FD1FE780C02D81E4C1572304F40097E7C5
:10853000FD1F93872792B84F3DE717E7FD1F2325BF
:10854000879617E7FD1F2323879617E7FD1F232133
:10855000879623200400054797E6FD1F238BE692AC
:108560000547A304E400130700F9A305E40017E797
:10857000FD1F1307E781544B184F17D5FD1F034507
:10858000A56274C438C87D57230BE40083C7A704D1
:10859000A30EE4062304A4062306F40AEF809FDB5F
:1085A000A30AA40089BFF84F00C317E7FD1F2321CA
:1085B00087902320040003C7E703050771BF8347A3
:1085C000E501411122C406C69907A308F5007C45C0
:1085D00011472308E5002380E7007C450347150188
:1085E0002A84A380E70083475503858B91E70347DF
:1085F000450389476319F70078448347070093E7E9
:1086000007042300F700684493056403194609052D
:108610009780FD1FE780201B68440356E4014C54FB
:1086200021059780FD1FE780001A930730F9A30505
:10863000F400B24022444101828041114AC017E94E
:10864000FD1F130929818327490B06C622C426C2B0
:1086500099E3054505AAAA84EF90EF918327490B7A
:108660008297EF40C0562A846DD5DC50AC48232455
:10867000F50803C7B4009307A009631BF7108547EB
:108680002300F51483C734062303F514A303F5145C
:1086900083C7F50003C705010148A2074207BA973F
:1086A00003C7E5001546F905BA9703C735FF13055B
:1086B00084136207BA97232CF40883C755FF03C7B6
:1086C00065FFA2074207BA9703C745FFBA97232E53
:1086D000F40883C775FFA30BF40283C795FF03C794
:1086E00085FFA207D98F231CF40283C7B5FF03C7F8
:1086F000A5FFA207D98F231DF40283C7D5FF03C7A7
:10870000C5FFA207D98F231EF40283C7F5FF03C755
:10871000E5FF232E0413A207D98F231FF4028147FC
:10872000232CF4129780FD1FE780E009B8488347A7
:108730003702FD8BA30AF40203473702ED1793F7C4
:10874000F70F15832308E4022D476368F702835768
:10875000A40305679306A7C7E917C207C18363EEA1
:10876000F6008356C4039307301F63E8D70083578E
:10877000E403130707C8637EF70203558400EF4044
:1087800020650145B2402244924402494101828061
:108790008327890D13971701E35C07EEFC4403C799
:1087A000070083C70500F98F9583858B2300F51497
:1087B000C5B58327890B228582978327090E035528
:1087C0008400294693F7072091E3054693050008A6
:1087D000EF5050418327890D139717016359070004
:1087E00003558400514693050008EF50B03F83279E
:1087F0004905FC4B13974700E35D07E403C584007C
:10880000A38B0400494693050008EF50B03D91B595
:10881000411122C406C626C24AC097D7FD1F83C78E
:1088200077632A848DEB0347040185476318F70EAD
:108830008347D40303475404858B631FF70C194601
:10884000930564041305E4039780FD1FE780A000EF
:10885000B334A000A1A883475504DDC78347B504FE
:108860001307000493F7070C6390E70A085931C512
:1088700013096404CA851305A5029790FD1FE780BC
:1088800040468547AA84631AF5020858894723029F
:10889000F404834735001946CA8593E72700A302ED
:1088A000F40451059780FD1FE780E0F1B2402244B7
:1088B000268502499244410182800347040185478D
:1088C0006304F70483470406918B9DEF8347C40339
:1088D00085EF130544049790FD1FE780804C08D86E
:1088E00005C589472302F4048347350019469305DB
:1088F000640493E72700A302F40451059780FD1F49
:10890000E78060EC85445DB78347C403898B81DFD2
:108910001C5883C7170081FB814449BF8347040665
:10892000918B99F78347D40013F717000DC3834643
:1089300034010D47639DE60068402C442244B24058
:108940009244024941011783FD1F6700832D898BE3
:10895000D5DB034734019547E316F7FAF1BF411120
:1089600097D7FD1F2384075622C4930710F906C624
:10897000A305F500938781B680430DC0854517D5C3
:10898000FD1F03451525EF805EF69307102733057D
:10899000F50222832244B24041010283B2402244C4
:1089A000410182808347A50199C70347A50063144D
:1089B000F7006FF0DFFA0347950111CF8346A5005A
:1089C0006382E6022305E500894517D5FD1F0345AF
:1089D00055206F80BEAEF1DF0347A50079FB23056C
:1089E000F500DDB7F9D7E5BF2C49314783C715003E
:1089F00093F7F7032309F5006386E7009307000860
:108A00003E85828083C705000D47BD8BA309F50015
:108A1000E396E7FE41114AC01309650322C41946D3
:108A20002A84A1054A8506C626C29780FD1FE780D5
:108A300080E29147630F05222C4819461305640410
:108A400083C7050089059987858BA302F404978065
:108A5000FD1FE78040D72285EFF09FDBA147630A27
:108A600005201305200483044401EFA0FE8962055C
:108A700061859307000863CEA41E64449D472308C4
:108A8000F4002380F40085472381F400A381F400DF
:108A9000CA851946138544009780FD1FE780A0D240
:108AA00083C7240003C734000149990793F7F70FE0
:108AB000136787002381F400A381E4007844BA9708
:108AC0000357C406A381E70083C724007844834684
:108AD00014063E978357C4069206A183BD8BD58F9B
:108AE0002302F70003C7240009071377F70F238138
:108AF000E4008356E401E1C283470406795993F701
:108B0000070491C375593309E9401379F90F637468
:108B1000D90A83463406751989471379F90F639189
:108B2000F6168347B406639607169167938707295D
:108B3000F9469387771BB3C7D70217D6FD1F0346A5
:108B4000E6381366060197D5FD1F2381C5381386C5
:108B500081AC104285650CC6B386D702860634D236
:108B600083C6340093E60601A381D400744403460F
:108B700024063697A301C70083C62400784436979D
:108B80002302F70003C724007444A187BA96034761
:108B900034061607D98FA382F60083C724008D07F9
:108BA0002381F4005C54CA973CDC8357E401B3870B
:108BB00027412319F4068347040693F7070485C762
:108BC00003C734007C4483C6240013670704A381D1
:108BD000E40003475401B697A381E70083C724004C
:108BE00085072381F40003C524000356E4014C5497
:108BF0009307350068443E954DC26360C90A97806B
:108C0000FD1FE78040BC0349E40103C724009377BC
:108C1000F70385073E99A30824012381E4008347D5
:108C20005403858B91E70347440389476319F70091
:108C300078448347070093E707042300F7007C4448
:108C400083451401A380B700930790F9A305F400AE
:108C5000034534068347B4065D8DEF80CFFC0146A3
:108C600081450D459780FD1FE780C03DEF80BFB077
:108C70008147B2402244924402493E8541018280AC
:108C8000054693078042E385C6EA85679387878414
:108C900045B585679387E71B61BD4A869780FD1FB1
:108CA000E78060B29DB72C491307200283C71500E7
:108CB00093F7F7032309F5006396E71A011122CC15
:108CC00006CE26CA4AC84EC683C7050015472A8461
:108CD000BD8BA309F500639CE7021946A1051305A6
:108CE00065039780FD1FE78000B79147630A05146D
:108CF0002C4819461305640483C705008905998724
:108D0000858BA302F4049780FD1FE780C0AB22850A
:108D1000EFF01FB0A147630505128346340617D94B
:108D2000FD1F130929EF054797D9FD1F83D909EFC7
:108D300083270900637ED710829737460F00AA84E5
:108D40001306062481461305007D3385A90281455B
:108D5000EF60F074B307950033B5A7002E953E87FA
:108D60008326490019E163E4D7003387D740644480
:108D7000A1472308F40058D02380F40085472381BD
:108D8000F400A381F400194693056403138544009D
:108D90009780FD1FE78020A383C7240099072381C4
:108DA000F40083C7340093E72700A381F4008347CE
:108DB000540481CB78448347070093E707F82300E6
:108DC000F7001946930564041385A4009780FD1FDE
:108DD000E780609F83C72400990793F7F70F13F785
:108DE000F7030507A308E4002381F4008347540335
:108DF000858B91E70347440389476319F70078445B
:108E00008347070093E707042300F7007C4483456A
:108E10001401A380B7009307A0F9A305F40003454C
:108E200034068347B4065D8DEF80EFDF0146814550
:108E30000D459780FD1FE780E020EF80DF9381479D
:108E4000F2406244D2444249B2493E850561828083
:108E5000829737460F00AA8413060624814613051D
:108E6000803EE5B5930700083E85828041114AC0E7
:108E7000138981AC8327090022C41307000A06C6A0
:108E800026C22A84F8D30945EF805F969386C1AB4A
:108E90009042B7050082FD155C56F19B93E71700E1
:108EA0005CD6032709005C4393E717005CC3834744
:108EB000840693F7F703139797015C56ED8FD98FCC
:108EC0005CD637170040930770052300F70493071B
:108ED00080FA2300F70403068406B54763D0C7165B
:108EE0008357270293E707012311F7029C423706B5
:108EF000330098431377F7E798C398431377F7E75E
:108F00001367071098C3138701AD18431447D18E18
:108F100014C7832609001306A00DB0CA5457F59A4A
:108F200054D7034724069376F7079843137707F837
:108F3000558F98C337C7898E130767ED98C7375782
:108F40005500644413075755D8C39D472308F400C0
:108F50002380F40085472381F400A147A381F40016
:108F60007C440357C4062382E70083C72400784467
:108F7000834614063E978357C4069206A183BD8B91
:108F8000D58F2302F70003C524009307E00F0905DE
:108F90001375F50F2381A40003562407898F63CF2F
:108FA000C7047C442C5C0D053E959780FD1FE7802F
:108FB000808103C72400834724079376F70385073E
:108FC000B697A308F4002381E40083475403858BFC
:108FD00091E70347440389476319F70078448347BF
:108FE000070093E707042300F7007C4403471401BC
:108FF000A380E700930780F9A305F4008327090005
:1090000078448145171500001305C539B8DBEF809A
:109010005E9597D7FD1FA38E07D6834534068347F9
:10902000B406034614012244B24092440249DD8D45
:10903000014541011783FD1F6700C30083572702C5
:10904000C207C183BD9BC207C18379BD397152D4A8
:10905000138A81AC83260A0022DC26DA06DE4AD88F
:109060004ED69307000AFCD29387C1AB9C43B70549
:1090700033002A84D857719B13671700D8D79843B9
:109080001377F7E798C398431377F7E71367071049
:1090900098C3138701AD184310474D8E10C71306B0
:1090A000A00DB0CA5057759A50D7034725061376BE
:1090B000F7079843137707F8518F98C3DC420D47A1
:1090C00093E71700DCC264459D472308F5008546F9
:1090D0002380F400A38104002381D4008347F50595
:1090E0006385E70019476396E7528547A381F4003B
:1090F000194693056403138544009770FD1FE780AC
:10910000806C83C7240099072381F4000347F4058A
:1091100099476316F70483C734001385A40093E7C7
:109120002700A381F40083475403898B6385071EBE
:109130000C5883C725016380071E1946D105977017
:10914000FD1FE780406878448347070093E707F8EE
:109150002300F70083C7240099072381F40083C705
:10916000340003C7240093E78700A381F4007C4404
:10917000BA970357C406A381E70083C72400784445
:10918000834614063E978357C4069206A183BD8B7F
:10919000D58F2302F70003C7240009071377F70FC1
:1091A0002381E4008356C4016386061A83470406BC
:1091B000795993F7070491C375597C483309E940FD
:1091C0001379F90F918B81C739191379F90F8149F7
:1091D0006374D90A83473406751989461379F90FE0
:1091E000639DD7148347B4066392071691699389E8
:1091F0000929F9479389791BB3C9F90297D6FD1F4D
:1092000083C6C6CC93E6060117D6FD1F2300D6CC35
:1092100083260A00056690C6B387F9028607BCD28A
:1092200083C7340093E70701A381F4007C4483469D
:1092300024063E97A301D70003C724007C4493D69D
:109240008940BA972382370183C7240078443E9728
:10925000834734069607D58FA302F70083C72400FF
:109260008D072381F4001C54CA973CDC8357C4014A
:10927000B38727412319F4067C48914613F7C700AA
:10928000630BD700B1466316D726834614060347FF
:10929000F4076390E626A18BE1C79387019F9C4367
:1092A00083298409829717D7FD1F1307A79663E6C2
:1092B000A90AB7470F003385A94093870724B33520
:1092C000F5020356870081463305F502EF60301D35
:1092D000AA89B7074B00138749ED9387B7C763EA9D
:1092E000E7204946814568009770FD1FE7802051BF
:1092F000B7C70300938737FC63CD3713BD09F94720
:10930000B3C9F902B2477977F98FCE0993D93901F8
:10931000B3E93701B9A28347D40381CB78448347AB
:10932000070093E707F82300F70019469305E403C5
:109330009770FD1FE780204931BD85469309804223
:10934000E389D7EA85699389898465B585699389B5
:10935000E91B45B58149014905B75C43BE9991BFF9
:1093600083C7340083453406C18BA1CB79460947B6
:10937000B389C902835724076395E5020347B406FE
:1093800099078E0709CB9387770D13961700B2992B
:10939000938949293DBF9387A70493963700B699CF
:1093A000C5BF05476397E500BD0713972700BA9926
:1093B000C5B7B9078E07BE99E1BF03C7240083571D
:1093C000C401BA970947639EE5040347B406D90769
:1093D0008E0721C79387770D860717D7FD1F034791
:1093E000F7AE1367170097D6FD1FA381E6AE0327DC
:1093F0000A00A1669389875214C793875754F94688
:10940000B3C7D702B387D70286077CD78347140632
:109410002300B408A30FF4066DBD9387A7048E073D
:109420006DBF05476395E500FD078A077DB7F9071E
:10943000FDB7B7872500138747ED6346370313074A
:10944000C01293896909B3C9E902B24789661387D3
:10945000F6FFD58F33F7E900F979B3F93701B3E9AE
:10946000E9004EC619A863C037178357C100697752
:10947000F98F1167D98F2316F10083576408684468
:109480006C00139707018357C100D98F3EC683270D
:10949000040A0327C4083EC88327440A131687001A
:1094A000618393F6F70197D7FD1F83C7D79A9D8BEA
:1094B0009607D58FD18F3ECA832704094946A20754
:1094C0005D8F835784083ACC231EF10083C72400A4
:1094D0008D073E959770FD1FE780E02E83C734000F
:1094E00093E70702A381F40083C72400C9072381FF
:1094F000F4008347040693F7070485C703C73400C5
:109500007C4483C6240013670704A381E400034757
:109510005401B697A381E70083C724008507238100
:10952000F4000356C40161E2014983C62400834765
:10953000E40513F7F60305073A999A07D58FA308B0
:1095400024012381F40083475403858B91E703476B
:10955000440389476319F70078448347070093E77A
:1095600007042300F7007C440347140181451715C5
:109570000000130525E3A380E700930760F9A30526
:10958000F400784483270A00B8DBEF808EBD97D7BC
:10959000FD1FA380078097C7FD1F238D077E83458E
:1095A00034068347B406034614010145DD8D9780D8
:1095B000FD1FE78020A9F2506254D2544259B2599B
:1095C000225A21618280B787DAFF93876709BE99A3
:1095D0008347D10093F7F7F993E70706A306F10055
:1095E0009307C01231BB03C524000C549307350008
:1095F00068443E956369C9009770FD1FE780A01C11
:109600000349C4011DB74A869770FD1FE780A01B60
:1096100029BF1387E7FF1377D70F6311071EA381B5
:10962000D400930565031946138544009770FD1F08
:10963000E780601983C7240003C7340097D9FD1F52
:1096400093894981990793F7F70F1367870023815F
:10965000F400A381E40078440149BA970357C40693
:10966000A381E70083C724007844834614063E970D
:109670008357C4069206A183BD8BD58F2302F700C2
:1096800083C624009147890693F6F60F2381D40000
:109690000347F4056310F70C83470406795993F7E1
:1096A000070491C375598357C4013309D94013790D
:1096B000F90F6371F90A034734067519894713795D
:1096C000F90F6318F7108347B406639D071091677D
:1096D0009387072979479387771BB3C7E70203C6A8
:1096E00089071366060197C5FD1F2381C57E0326E2
:1096F0000A0085650CC63387E702060738D203C720
:10970000340013670701A381E4007844034624066C
:10971000BA96A381C60083C62400784436972302F4
:10972000F70003C724007444A187BA9603473406A0
:109730001607D98FA382F60083C724008D072381E3
:10974000F4001C54CA973CDC8357C401B3872741FB
:109750002319F4068347040693F7070485C783C7D4
:10976000340003C7240093E70704A381F4007C447A
:10977000BA9703475401A381E70083C724008507F4
:109780002381F4000347F40591476317F706035656
:10979000C4013DC203C524000C549307350068443E
:1097A0003E956365C9049770FD1FE780C0010349BA
:1097B000C4010347F4059147631AF72883C7890753
:1097C00093F7070F93E7570017C7FD1F2300F770A4
:1097D000A9BB054693078042E30EC7EE85679387D2
:1097E0008784CDBD85679387E71BEDB54A86977063
:1097F000FD1FE78040FD75BF014965BF93F7B70FB7
:109800000547E393E7D2A381F40093056503194666
:10981000138544009770FD1FE780E0FA83C724009A
:1098200099072381F40083C7340093E72700A381BD
:10983000F4008347D40381CB78448347070093E740
:1098400007F82300F700834754031385A400898B8E
:109850006387071A0C5883C725016382071A1946C4
:10986000D1059770FD1FE78000F678448347070015
:1098700093E707F82300F70083C7240003C73400E9
:1098800097C9FD1F9389095D990793F7F70F136730
:1098900087002381F400A381E40078440149BA974A
:1098A0000357C406A381E70083C724007844834696
:1098B00014063E978357C4069206A183BD8BD58FAD
:1098C0002302F70083C624008547890693F6F60F26
:1098D0002381D4000347F4056310F70C8347040683
:1098E000795993F7070491C375598357C401330914
:1098F000D9401379F90F6371F90A034734067519D2
:1099000089471379F90F631EF7108347B4066393F1
:10991000071291679387072979479387771BB3C706
:10992000E70203C689071366060197C5FD1F238F4B
:10993000C55803260A0085650CC63387E70206076B
:1099400038D203C7340013670701A381E4007844C9
:1099500003462406BA96A381C60083C62400784431
:1099600036972302F70003C724007444A187BA96F0
:10997000034734061607D98FA382F60083C7240055
:109980008D072381F4001C54CA973CDC8357C40123
:10999000B38727412319F4068347040693F7070486
:1099A00085C783C7340003C7240093E70704A38156
:1099B000F4007C44BA9703475401A381E70083C7AE
:1099C000240085072381F4000347F4058547631DC0
:1099D000F7060356C4012DCA03C524000C5493078F
:1099E000350068443E95636BC9049770FD1FE7809E
:1099F00080DD0349C4010347F405854775BB8347F0
:109A0000D40381CB78448347070093E707F823000A
:109A1000F70019469305E4039770FD1FE780A0DA6D
:109A2000A1BD054693078042E308C7EE856793878B
:109A30008784DDB585679387E71BF9BD4A869770F4
:109A4000FD1FE78040D845BF014975B783C7890727
:109A500093F7070F93E7670085BB011156C297CABA
:109A6000FD1F938A2A3F83A74A0A06CE22CC26CA24
:109A70004AC84EC652C4639F07502A840945EF70F6
:109A8000FFD6138981AC032609009307000A938946
:109A9000C1AB7CD283A70900B7053300568AD857DB
:109AA000719B13671700D8D798431377F7E798C3CC
:109AB00098431377F7E71367071098C3138701AD2F
:109AC00018431447CD8E14C79306A00D34CA5457BB
:109AD000F59A54D70347A4009376F7079843137772
:109AE00007F8558F98C38347E4007844BD8B23085B
:109AF000F4002300F7001D476444639CE73C85475E
:109B0000A38104002381F4000347F4058D45631FFE
:109B1000B7288357C401639207187C481147B18B5B
:109B2000638DE71631476398E700034714068347C0
:109B3000F4076304F7168547A381F40019469305DB
:109B40006403138544009770FD1FE780C0C783C777
:109B50002400990793F7F70F2381F40003470406C5
:109B60001377070415C303C7340013670704A381E1
:109B7000E4007844BA9703475401A381E70083C700
:109B8000240085072381F40097C7FD1F2380073435
:109B900083C624008347E40513F7F60305079A07F5
:109BA000D58FA308E4002381F400930740F9A305AF
:109BB000F40083475403858B91E7034744038947A7
:109BC0006319F70078448347070093E707042300ED
:109BD000F7007C4403471401B7060082FD16A380FA
:109BE000E700032709005C4393E717005CC3834742
:109BF000840603A6090093F7F703139797015C56B1
:109C0000F58FD98F5CD63717004093077005230076
:109C1000F704930780FA2300F70483068406B54708
:109C200063D2D7368357270293E707012311F70240
:109C300003A70900B7C7898E938767ED1CC7B7577D
:109C40005500938757555CC38347A4068344440655
:109C50008145170500001305E574DD8C894717C79A
:109C6000FD1FA30AF71297C7FD1FA38407128327BE
:109C700009007844B8DBEF70DECE0346140162447D
:109C8000F2404249B249224A924AA685D24401454D
:109C900005611773FD1F6700E33AA147A381F40034
:109CA0008357C4062382F4008357C406034714066F
:109CB0007444A1831207BD8BD98FA382F60083C69B
:109CC00024000547890693F6F60F2381D4008347C5
:109CD0008A07032609006313F706034744068947EA
:109CE0006316F71E0347A406938766008E07630B6F
:109CF000071C9387770D8607231AF40683574407BA
:109D000003478401F9459387070AB387E7020945AA
:109D100017C8FD1F230CA81A056508C6938707FB03
:109D2000C207C18393877716B3C7B702139707019A
:109D3000B387B702418386073CD21DA03852F9474A
:109D400005833357F7023C526C528583FD8BAE97E7
:109D50007CD28D4717C6FD1F230AF61642074183A2
:109D600083C7340093E70701A381F4007C44BE96C7
:109D70008347240693E70704A381F60083C62400E3
:109D80007C44B6972382E70083C624007C44218369
:109D90007D8BB697834634069606558FA382E700DF
:109DA00083C724008D072381F400DDB3994663192E
:109DB000D70A0357C4014DE7A381F400138544007B
:109DC0001946930564039770FD1FE780C09F83C702
:109DD00024001385A40099072381F40083C734006D
:109DE00093E72700A381F40083475403898BB9C705
:109DF0000C5883C72501B9C31946D1059770FD1FBB
:109E0000E780609C78448347070093E707F82300C6
:109E1000F70083C72400990793F7F70F2381F40015
:109E20000347040613770704E30007D683C634000C
:109E3000784493E60604A381D4002DBB8347D40362
:109E400081CB78448347070093E707F82300F700A6
:109E500019469305E4039770FD1FE780C09655BF30
:109E6000A147A381F4008357C4062382F4008357DB
:109E7000C406034714067444A1831207BD8BD98F0F
:109E8000A382F60083C624000547890693F6F60FE1
:109E90002381D40083C78A0703260900E30FF7E272
:109EA0003852F94705833357F7023C52685285838D
:109EB000FD8BAA977CD297C7FD1F2389B700420765
:109EC000418379BD9387A7048E073DB59387E6004C
:109ED000E5BF0547639CE708B147A308F400834743
:109EE0005403898BADC30C5883C72501A9CF1946EC
:109EF000D105138584009770FD1FE780C08C7844DE
:109F00008347070093E707F82300F70068441946E2
:109F10009305640309059770FD1FE780C08A8327B6
:109F20008A0D13971701635D07008347E400B98B1F
:109F300081EB78448347070093E707022300F7008B
:109F4000930720F9ADB18347D40399C783C70400B1
:109F500093E707F82380F400684419469305E40367
:109F600021059770FD1FE78000864DB70356C40199
:109F70000C54138584009307660093F7F703A30836
:109F8000F400C5B783572702C207C183BD9BC20730
:109F9000C18369B9F2406244D2444249B249224A7B
:109FA000924A05618280411197C7FD1F938787EA16
:109FB00022C4A05306C605478346C4006390E60248
:109FC00083C7870711476315F7002285EFE03F99A4
:109FD00022852244B24041016FF03FA8B2402244A2
:109FE0004101828097C7FD1F9387C7E6BC4F99E365
:109FF0003E85828003C78700E30CA7FE9C43C5BF54
:10A00000011106CE22CC26CA4AC84EC6EFF09FFDEB
:10A0100011E98144F240624426854249D244B24962
:10A0200005618280834755032A8489EF194697C5C5
:10A03000FD1F9385A5F0130564039760FD1FE7805E
:10A040008078B5A80547639EE70097C7FD1F83C7C3
:10A0500087E0C944E1D3194697C5FD1F938565EE96
:10A06000D9BF1C59A1EB8347C503230A050291EB15
:10A07000034754038547230AF4028947E317F7FC93
:10A0800075B71305C5039780FD1FE78040CC08D83E
:10A0900015C1EF4020420C5883C7A50081CF8947E6
:10A0A000230AF4021946B105130564039760FD1FE6
:10A0B000E7806071034744038947E31BF7FA97C7BA
:10A0C000FD1F83C737D99DCB8347C40385CB834707
:10A0D0003404130700041305C40393F7070C6397B4
:10A0E000E7109780FD1FE780C0CB08D81C5899C7A0
:10A0F00083C7270181C78947230EF4028344C40024
:10A1000089F885470349E4002306F400A304F4001A
:10A1100017C7FD1F034797A997C7FD1F238C07D2B9
:10A1200093170701231BE4069376F9001947C183AF
:10A13000637AD706834644060947938947006394A8
:10A14000E6009389C7038356C4018345340617C7C5
:10A15000FD1F034787C41305A00F9307E70B231BBD
:10A160003407138726000946B3D6A6020E0717C583
:10A17000FD1F0355A5AA6390C5081307A7040E0782
:10A180003E979397A600BA9737460F00130606240A
:10A190008146B3A5A7023305F502EF5050304E9526
:10A1A000231BA4068357E40623180406B1CB0345FA
:10A1B00064019307F00F6307F500EF708EEDFD5714
:10A1C000230BF4000356E406930664011206A285ED
:10A1D0001715000013050597EF700ED8854517C5B4
:10A1E000FD1F0345159FEF706EAD2DB59780FD1FC8
:10A1F000E780E0B5DDBD6D073E979397960061B7A8
:10A200008547E31DF9FC034564019307F00F6307DD
:10A21000F500EF700EE8FD57230BF400056693067A
:10A2200064011306068065B7411106C622C42A845C
:10A23000EF706FD4228523060400A3050400A30455
:10A240000400EFE0CFF1854517C5FD1F0345759864
:10A25000EF708EDF894517C5FD1F03459597EF7099
:10A26000AEDE034564019307F00F6307F500EF705E
:10A270004EE2FD57230BF400B2402244410182809C
:10A280002C49411106C622C426C24AC083C7150004
:10A290007D4793F7F7032309F500E91793F7F70FC5
:10A2A000637BF70093040008B240224426850249EC
:10A2B00092444101828083C70500BD8BA309F5004C
:10A2C000F51793F7D70FF9FF2A841946A10513054F
:10A2D00065039760FD1FE7800058914471D52C48B5
:10A2E00085472302F40483C7050019468905998729
:10A2F000858BA302F404130564049760FD1FE780B7
:10A30000804C2285EFE0CFD085472A89E31CF5F801
:10A31000034734019547631EF702EF00906B97C720
:10A32000FD1F83C797888D8B6375F50283470401F2
:10A33000E36AF9F69387019F9C438144829748D052
:10A340002285EFE08FAFE31125F72285EFF0DFEDF7
:10A35000A1BF8347040181C71947E395E7F41305BB
:10A36000200483044401EF803EFA62056185E3CB5B
:10A37000A4F22285EFE0AFA48347A4060345440678
:10A380008345140181445D8DEF70EF89014681455D
:10A390000D459770FD1FE780E0CAEF70CFBD29B76C
:10A3A000397126DA97C4FD1F9384C4AA22DCA05019
:10A3B0004AD84ED652D456D25AD05ECE62CC66CA55
:10A3C00006DE314B977A0000938A8AD3914B17C9E6
:10A3D000FD1F1309E99B938981AC0D4C97BCFD1FB0
:10A3E000938C4C7B130A44018347B4009387E706A0
:10A3F00093F7F70F6367FB188A07D6979C43D697A6
:10A4000082870146930550020145EF70AF9613060F
:10A410005002814505459770FD1FE780A0C2834724
:10A420003900858BD1C3284881465286814597C71C
:10A43000FD1FA38007969770FD1FE780C0B601E55A
:10A440002285EFF0FFE30347B40093073009E30DE3
:10A45000F7F8EF704FB22285EFE0CFD4F25062549C
:10A46000D2544259B259225A925A025BF24B624C70
:10A47000D24C2161828083472900858B95C397C781
:10A48000FD1F238807908347040105476375F70084
:10A490001947E390E7FC9307B0F9A305F400A9B7C7
:10A4A00083A70900FC53A9F397C7FD1F2384078ED8
:10A4B0004DB783472900858B6387073C97C7FD1FEE
:10A4C0002389078C9384C1ADEF70EFAA9C409DCB8C
:10A4D000DC438DCB89472302F100834754041305E5
:10A4E00061001946A302F100834744019305640407
:10A4F0002306F1009760FD1FE780E02C9C40480098
:10A50000DC4382978347740689CF8345540403450F
:10A51000840013066404EFA03FB183477406898B5F
:10A520009DFB2285EFE0AFC315BF8347B40603450B
:10A5300034060146930550025D8DEF70AF830146EE
:10A54000814505459770FD1FE780C0AF83473900FF
:10A55000858B638F0732284881465286814597C78D
:10A56000FD1FA38807829770FD1FE780C0A301E548
:10A570002285EFE04FF30347B4009307A009E305FA
:10A58000F7E6EF704F9F71BF8347B406034534066B
:10A590000146930550025D8DEF60DFFD0146814568
:10A5A00005459770FD1FE780E0A983473900858B3B
:10A5B0006380072E284881465286814597B7FD1F44
:10A5C000A389077C9770FD1FE780E09D01E5228548
:10A5D000EFE08FC10347B400930790094DB783475D
:10A5E0002900858B6381072A97B7FD1F2383077A8C
:10A5F000EF706F9883C7840709476307F70083C725
:10A6000084070D476315F70283A609000357440723
:10A61000BC521307C712858363FBE700930750F909
:10A62000A305F400BC528583E39007DCDDBD03473E
:10A6300094018347A4011DCF8346A4006302D72859
:10A640006387F6002305E4002285EFF00FC18347FE
:10A65000790093F7F70FE39907D883C78407094771
:10A660006307F70083C784070D47E31CF7EA9307E6
:10A6700050F925B5E9DF0347A40071FB2305F40079
:10A68000E1B783C78407E39EFBFE2285EFE01F9CB2
:10A69000A1BB83472900858B6387071E97B7FD1FE2
:10A6A0002389076E83C78407C18B85C7EF70AF8C82
:10A6B00083C7840793F70702E5DF83C784072285F2
:10A6C00093F7F70C17C7FD1F2302F780EFE00FFA8F
:10A6D00021BB83C79407858B91C7EF70CF89930700
:10A6E000E0F965BB83C784071547BD8B639CE70012
:10A6F000EF00302E83C77C018D8BE374F5E8930760
:10A70000D0F961BB83C784071947BD8BE39BE7E69C
:10A710009307C0F959B383472900858BE38607CC9B
:10A7200097B7FD1F2387076683C78407C18B89CB33
:10A73000EF706F8483C7840793F70702E5DFB5BF27
:10A7400083C79407858BD1FB83C784071547BD8BCF
:10A75000E387E7FA83C784071947BD8BE38AE7FAE3
:10A76000EF706F81E5B9FC58230E8407228582972C
:10A770000347B40093077009E308F7C6C5B18347E0
:10A780003900858B95C7EF601FFF9387C1AB984356
:10A790007C53ED9B7CD397B7FD1F23800760371751
:10A7A000004083578701C607C583231CF70095BB6C
:10A7B00083A70900FC53E39907C2EF60DFFB93878F
:10A7C000C1AB98437C53ED9B7CD397B7FD1F238689
:10A7D000075C3717004083578701C607C583231CD2
:10A7E000F70097B7FD1F2387075A25BB834729002A
:10A7F000858BD1CB97B7FD1F238D075883C784075F
:10A80000C18B9DC383C7840793F70702E5DF2285C9
:10A81000EFE0CFE583C7840793F7F70C17B7FD1F69
:10A820002306F76AEF603FF52285EFE04F939384AC
:10A83000C1AD9C409DCBDC438DCB89472302F10009
:10A8400083475404130561001946A302F1008347AE
:10A850004401930564042306F1009760FD1FE7801F
:10A8600080F69C404800DC43829783477406858BC2
:10A87000E38607BE8345540403458400130664043D
:10A88000EFA08FFAE1BE83A70900FC53E39E07B453
:10A8900097B7FD1F23800750EDB197B7FD1F83C702
:10A8A000474F858BF5D797B7FD1F2384074EEF6081
:10A8B0009FEC2285EFD07FD82285EFF0FF9679BEFE
:10A8C000E38707D865BB411197B7FD1F938787586A
:10A8D00022C4E04B06C626C2630804248346C40093
:10A8E00005476393E62497B6FD1F83C6D64A1547EE
:10A8F000638BE60017B7FD1F1307874903477700EF
:10A900008D46639DE6002244B240924417B5FD1F78
:10A910000345352C854541016F605EBA83C707004A
:10A920008356040217B7FD1F23268758850793F720
:10A93000F70F17B7FD1F230FF750130700643347B6
:10A94000D70263C8E700EF70EEC597B7FD1F2383FA
:10A9500007500347E4009D476317F70483479406B5
:10A9600085CF8356040763E6F60283458400930788
:10A970003004A30BF4001305300493F6F60F0146E0
:10A98000EFA04FEA22852244B240924441016FF089
:10A99000BF8985062318D406930530020545EF705C
:10A9A000EEB92301A406854717B7FD1F2300F75210
:10A9B000034784018D476319F70AEF60BE9D0D8937
:10A9C00001ED930770022305F40093075002A30CD6
:10A9D000F4009307600231A885476310F5089307D8
:10A9E00060022305F40093075002A30CF4009307C0
:10A9F0007002230DF4000347E400854797B4FD1F60
:10AA000083C4341D6318F70E03560402854526855A
:10AA1000EF601EC283475403898BEDC78347C4038D
:10AA2000F5C30C58E5C183C7A500E9CF8947230AC0
:10AA3000F4021946B105130564039760FD1FE78012
:10AA400080D80347C407894763E2E70C2285224484
:10AA5000B240924441016FF04F80930750022305AA
:10AA6000F40093077002A5B789468347F400631981
:10AA7000D70213F7170011CF130750022305E40084
:10AA8000898B81CF93076002A30CF400230D04008F
:10AA90009DB7930760022305F40093077002EDB79A
:10AAA0009DC313F7170001CB930750022305F40051
:10AAB000A30C0400E1BF898B81C793076002FDB737
:10AAC00093077002E5B7834794011307400263655B
:10AAD000F7009307500201A8850793F7F70F1307B4
:10AAE0007002E368F7FEA30CF4008347940123058A
:10AAF000F40069BFB9450545EF704EA40356040242
:10AB00002A9629B78547230AF40225BF9387019F18
:10AB10009C4383248409829763EDA40083576407D0
:10AB20003385A440E374F5F2B240224492444101DB
:10AB3000828097B7FD1F9387E70DDC43BE94F9BF72
:10AB4000011122CCFD5706CE230BF5008357E506F5
:10AB50002A849DC783460507834585009307C00364
:10AB6000A30BF50001461305C003EFA0AFCB0945C9
:10AB7000EF60DFC722856244F24005616FF0CFEAE3
:10AB80008347E5000547BD8B6386E70083470506DD
:10AB9000918BF1DF97B7FD1F9387C72B83A7070E14
:10ABA00093F7072085C302C402C202C0814801484E
:10ABB000814701478146054681451305C003EFA043
:10ABC0000FC475B702C081480148814701478146DB
:10ABD000054681451305C003EFA04FC049BF23A41C
:10ABE000A1B68280411106C697B7FD1F83C777FEC5
:10ABF00089EB17D5FFFF13050558EF60DEE8EFD0AE
:10AC00004FE997E7FFFF9387678D17B7FD1F232550
:10AC1000F72A97F7FFFF9387E73E17B7FD1F232F0C
:10AC2000F728B24097070000938727CA17B7FD1F80
:10AC30002328F72897F7FFFF9387273717B7FD1FBC
:10AC40002322F7284101828011C98327050A93E74F
:10AC500007082320F50AFD572303F502828023A865
:10AC6000A1B6828097B7FD1F9387C71EBC4B9C5728
:10AC700099E33E85828003D78701E30CA7FE938783
:10AC80008705FDB7011122CC06CE2A840345650253
:10AC90009307F00F2E866309F5002EC6EF607EBF86
:10ACA0003246FD572303F4028347A402035784046A
:10ACB0009306640293E707062305F402835704040E
:10ACC000A285F240BA972313F404624417050000EA
:10ACD0001305C5F705616F603EA8011122CC06CEB1
:10ACE0002A84034575029307F00F2E866309F50049
:10ACF0002EC6EF601EBA3246FD57A303F402930638
:10AD00007402A2856244F240171500001305A5EBFA
:10AD100005616F607EA4011122CC06CE2A84034512
:10AD200085029307F00F2E866309F5002EC6EF60AB
:10AD30005EB63246FD572304F40293068402A285D0
:10AD40006244F24017150000130585EA05616F6043
:10AD5000BEA003467514ED4797B5FD1F83D5A51119
:10AD600097B6FD1F83D6E61117B7FD1F035787114E
:10AD70002310F51C231EF51A231CB51A231AD51A05
:10AD8000231BE51A8947630BF60693078014834853
:10AD900065142311F51C094817B6FD1F1306860B11
:10ADA0006392080703568602231DC51A056613061B
:10ADB00006A9231FC51A6D482E866373B8006D4619
:10ADC000931506012314C51C6D48C1813686637333
:10ADD000D8006D462312C51C8356E51B0356A51BE0
:10ADE0006373D600B2862315D51CBA8663F3E700D9
:10ADF000BE862313D51C2307B504828085679387FD
:10AE000007A971B703566602231DC51A13068014DD
:10AE10004DB70347651489468357A51C631ED702A7
:10AE200083568514938787E899C6B3C7E70293874B
:10AE300057FD214731A02147B3C7E702938757FD4C
:10AE4000B3C7E7020357851CC207C18363F3E7005A
:10AE50003E872307E504828085466316D7009387E3
:10AE6000C7FB1147F1BF938707FBE1B78357451B2A
:10AE70000357051C411106C663F3E7003E8793188C
:10AE800007018357251C0357651B93D8080163737B
:10AE9000F700BA87139807018356C51B8357851B94
:10AEA0001358080163F3D700BE860357A51B8357C9
:10AEB000E51B13930601135303016373F700BA876D
:10AEC00083467514C2070947C183639AE600056685
:10AED000130606A942876370C802328729A8032790
:10AEE00005109316470163CC060005661306868499
:10AEF0004287E36406FF13180701135808018346CD
:10AF000065140947639EE6060357A5039306204E82
:10AF10003307D70293F6F80F9A061386F63C93860A
:10AF2000C64F634406019306C812158F63D3E7002A
:10AF30003E87420705664183130606A9BA876373F5
:10AF4000C700B287C207C1830356451C13F7F80F29
:10AF50009376F30F6316E6040356651C6312060529
:10AF60000356851C631ED6020356A51C631AF602FF
:10AF7000230E0506EFF0FFE90945B240410182804A
:10AF80000327051093164701E3C006FC0566130668
:10AF90008684BE856373F600B2859397050165B715
:10AFA0000546230EC5062312E51C2313051D231495
:10AFB000D51C2315F51CEFF0DFE501457DBF0357D8
:10AFC000A51B8357E51B411106C66373F700BA87BB
:10AFD000034665141397070189464183631BD60610
:10AFE0008566938606A96373D700B6871397070112
:10AFF00041838357A51C6387E70085472315E51C1C
:10B00000230EF5060357651B8357251C6373F70052
:10B01000BA8703467514139707018946418363175E
:10B02000D6048566938606A96373D700B6871397FF
:10B03000070141838357651C6387E7008547231316
:10B04000E51C230EF506EFF0DFDCB24001454101BF
:10B050008280856713868784E37DE6F88326051062
:10B0600093870780F58FD1F7328761B7856713869D
:10B070008784E371E6FC8326051093870780F58FAC
:10B08000D5FB328745BF0357A50495470356E50313
:10B09000B307F7028356A50393D537406355B6002F
:10B0A000118F93173700B3C7D702C207C183231488
:10B0B000F5048280832745110D469306F00F03C7E0
:10B0C00007000D8BA306E5006314C70083C62700A5
:10B0D000A30BD50003C70700418B2309E50083C7F5
:10B0E0001700230BF50082808347C500CD9B230604
:10B0F000F5008280832745110347C50083C70700F9
:10B10000935637408987B58F858B99C7134787003A
:10B110002306E5000145828005458280832745118D
:10B120000347C50083C70700935627408D87B58F17
:10B13000858B99E7134747002306E5000145828088
:10B14000054582808327450E85072322F50E91E76A
:10B150008327850E85072324F50E8327850E93F715
:10B16000070891C785472322F50E2324050E834740
:10B17000A50293F7070491CF83570504035785046D
:10B18000BA972313F5048327450A93F7F7BF2322C1
:10B19000F50A82808327C50E85072326F50E91E7E1
:10B1A0008327050F85072328F50E8327050F93F7BF
:10B1B000070891C785472326F50E2328050E8347E8
:10B1C000A50213F7070409C793E707022305F50251
:10B1D000828097B7FD1F9387E7C783A7870901453B
:10B1E000054791E3828083C6B7006393E6000505B7
:10B1F0009C43C5BF411122C491452A84014506C61E
:10B20000EF60DEB3231BA40417B7FD1F035787CFDE
:10B21000854763F1E7060355A41C8357641C374632
:10B220000F0013060624AA979387172717B5FD1F4B
:10B230000355C59EB3A5A70281463305F502EF402D
:10B240001026835704040357E405835584050546F7
:10B250001D8F3307B702832704091383F5FF130EED
:10B2600080023E9797B7FD1F9387C7BE83A88709C3
:10B2700063666600B2402244410182803308C603FF
:10B28000C687FD563A9881E7231BC404E5B76314CB
:10B29000F4001C40F5DB83AEC7086398BE0083A6AC
:10B2A0000709B306D840B3F6B60263E4A6009C4390
:10B2B000D9BF090675BF17B7FD1F0357A7C4854738
:10B2C00063F1E70A411122C48357651C2A840355A0
:10B2D000A51C37460F0013060624AA979387172745
:10B2E00017B5FD1F03558593B3A5A702814606C672
:10B2F0003305F502EF40B01A0346540597B7FD1F1A
:10B30000938747B583A887097D1685461303800276
:10B3100063E6C600B2402244410182803387660260
:10B3200083270409FD553E97C68781E7231BD40474
:10B33000D5B76314F4001C40F5DB03AEC70803283F
:10B34000C408631A0E0103A80709B305E840636443
:10B350000701B305074163E4A5009C43F9B78506DF
:10B3600045BF828017B7FD1F0357C7B9854763F5EF
:10B37000E70E411197B7FD1F9387C7AD22C403A401
:10B38000870906C626C2A28789EB09EC230E0500B1
:10B39000B240224492444101828003C7D7016DFB31
:10B3A0009C43DDB76314A40000406DD08347B40014
:10B3B000D5E30327C4088327C508630DF7080347AF
:10B3C000C50193070008AA84631DF7048357A403EB
:10B3D000194693050008231AF506231BF506835723
:10B3E000C403231DF5048357E403231EF50403550A
:10B3F0008500EF20307F8547A38EF40083C7C4010A
:10B4000093F7F707238EF400130584062244B24015
:10B41000924431469305F00F41011753FD1F670019
:10B42000033E8357A503194693050008231AF40623
:10B43000231BF4068357C503231DF4048357E50338
:10B4400003558400231EF404EF20D0798947A30E0E
:10B45000F4005DBF004015BF230E0500828041113E
:10B4600026C206C622C417B7FD1F0357A7A98547E2
:10B47000AA8463F8E71A83278510898B6383071AE8
:10B4800097B7FD1F9387079D83A78709BE85ADEDFD
:10B4900003D6841C01447D581306260205862D061A
:10B4A0007D55A5EB630E04108347B4000357A40336
:10B4B000D5EB8947231CE404A30AF40403570406CC
:10B4C000835704042285BA97C1071D8B998F231FC8
:10B4D000F4048357C403231DF4048357E403231E99
:10B4E000F404EFF03FD18327440A93E717002322A7
:10B4F000F40A8547230AF4008D47A30EF400B240F6
:10B50000224492444101828003C7D5016DFB8C41E6
:10B51000BDBF98436394970051D7BA8783A60709A4
:10B5200003A7040963E2E6023387E64083A6C40862
:10B5300063F4E6003377D7026376A7003A85637336
:10B54000C700BE859C43B1BF158F83A6C70863F4AF
:10B55000E6003377D702E37707FF3A88E374C7FE44
:10B560003E84CDB783D7A403B3F7E702C9FB9D465A
:10B57000994763F5E600935717008D070567231A6F
:10B58000F406130707C88A076353F700BA87231B1B
:10B59000F4068357C4030355840013065002231D89
:10B5A000F4048357E40393050008231EF404C947F9
:10B5B000A30EF4002244B240924441016F209062F5
:10B5C000ADC103D7A40383D7A503B3F7E702B1EB5B
:10B5D0008387C40163D707049D46994763F5E60056
:10B5E000935717008D070567239AF406130707C8BA
:10B5F0008A076353F700BA87239BF40683D7C403F3
:10B6000003D5840013065002239DF40483D7E4037A
:10B6100093050008239EF404CD47A38EF400EF2089
:10B62000705C238E0400E1BD97A7FD1F83C7475FB1
:10B63000AA85A5E723AA01B697B7FD1F23AC078A01
:10B640008357650817A6FD1F0356465D03270509A6
:10B65000B387C70237460F009306F6231306062466
:10B66000B697B3D7C70217A6FD1F034636543E96BA
:10B67000636EC7003306C74003A7C50893869502CB
:10B68000171500001305E53D6F50BED597A7FD1FA8
:10B6900093874758DC433E97F1BF8280938701B779
:10B6A0009843011126CA06CE22CC4AC84EC6AA84A7
:10B6B00051C7BE8917B7FD1F0357C7848547631F4E
:10B6C000F70603D4640897A7FD1F83D727550325E2
:10B6D00005093304F402B7470F001387F723938754
:10B6E000072417A9FD1F1309E9523A943354F402B1
:10B6F000636F85069387019F9C433304854082973F
:10B70000636BA406B307A44017A4FD1F0344144AA7
:10B71000058083A9090001456371F40237450F00D4
:10B720003384874013050524B335A40203568900EA
:10B7300081463305A402EF4080568299930700FBAF
:10B740002387F40097A7FD1F83C7874D95EF83C715
:10B75000940262448545F240D2444249B249B395CD
:10B76000F500C205C181014505616F503ED58327B3
:10B7700049003E9541B7330785408147E35607F8B6
:10B78000832749003E94BDBFF2406244D2444249FF
:10B79000B24905618280411106C6EF10404319C9C4
:10B7A00083278511014581E7B240410182809C4396
:10B7B0000505D5BF7D55CDBF97A7FD1F9387876929
:10B7C00083A7470A411122C426C206C62A84AE8432
:10B7D0006396A70097A7FD1F23A007728327041273
:10B7E00081CB03558400014693050008EF20903F6C
:10B7F0008357440481CB035584004D4693051008BC
:10B80000EF20503E03558400154693051008EF20A5
:10B81000703DB240230A9404230504002308040069
:10B82000224492440145410182808347A5006388F8
:10B83000073883570508411122C406C626C285076A
:10B840002310F5088347F500230C05002A8413F71D
:10B85000270005E703570504954763E4E700014522
:10B8600001A89305E003EFF03FF5A305A402094505
:10B87000B240224492444101828013F7070239CF3B
:10B8800093F7F7FDA307F5008327050A0347B500E3
:10B89000A305050293E747002320F50A8547631FA8
:10B8A000F7028357A5031306204E03274509B387E4
:10B8B000C70297A6FD1F83C6662F93860605B3D7DA
:10B8C000E702034775033307C702B697C207C18370
:10B8D0002312F5088607BA972311F5088347140148
:10B8E000858BF5CB8357E40503570404639CE72855
:10B8F0008357C4038355C405034584022310F4060B
:10B9000083475405231FB4029205A30BF402835707
:10B910006405F915231CF4028357A405231EF402C1
:10B92000EF505EBF8346B40023100408835784039E
:10B9300017A7FD1F0357872E6395061EB387E702DF
:10B940001307003217A6FD1F1306C62C504293871B
:10B950000719B3D7E70203270409D1073E97BA8630
:10B960006364F7006364C700B306C7408357840568
:10B970002328D408231DF4028347D40181C72285DC
:10B98000EFF07F938357A40317A7FD1F03570729E1
:10B9900093060032B387E7022311040233D6D7029D
:10B9A000B3F7D7029306204E2326C408B387D702E5
:10B9B000B3C7E7022310F402835704042312F402EE
:10B9C0008347F40093E70702A307F40083471401B9
:10B9D000F99BA308F40083471401898BB9C7035767
:10B9E000E41283570404B306F7401396060163403C
:10B9F000061A631CF7028147014893048413232C21
:10BA0000F412232E041315469305841226859750AD
:10BA1000FD1FE78040DB2685EF10E06B83471401B4
:10BA2000A306A412F59BA308F4008347140113F79F
:10BA3000070125CB8356C414035704043386E6401C
:10BA40009315060163C50514639DE604BD9BA30819
:10BA5000F4008347A41481CB13F727006303071472
:10BA600085472303F4148347B41481CB13F72700CD
:10BA7000630007148547A303F4142285EFF02FD445
:10BA80008347C40799C78327040A93E70710232035
:10BA9000F40A8327040AA305040293E7072023205E
:10BAA000F40A8347140113F7070221C317A7FD1FE8
:10BAB0001307473A384B130680058346470018574B
:10BAC000B386C60236978356C701035704043387EB
:10BAD000E64013160701634A06000357C4146316B1
:10BAE000D70093F7F7FDA308F4008347A40293F768
:10BAF0000704E38607D60357640483570404E3105E
:10BB0000F7D6034704019307A0046315F7008547A0
:10BB10002308F4008327440A93E707402322F40A0A
:10BB20003DBB8346441783558405A18A99CE0356AD
:10BB30000404835664170355A403918EB386A602AA
:10BB4000B3C6B602B296231BD41695CBB307F70241
:10BB50001307003217A6FD1F1306C60B504293872A
:10BB60000719B3D7E702032704093E97BA8663642F
:10BB7000F7006364C700B306C7402328D408231D19
:10BB8000B40209B5998F13970701E35607E49305AB
:10BB900080022285EFF05FC2A305A4021305800294
:10BBA000C1B9918B99C389476DBD2303041465BD49
:10BBB000918B99C38947C1B5A30304147DBD054585
:10BBC000828005C541119305200222C406C62A843D
:10BBD000EFF09FBEFD57A305A40223080400A303B2
:10BBE000F402B24022444101828082800DC9411199
:10BBF00022C406C68347F5002A849305E003898B97
:10BC000091C3A145EFF05FBBFD57A305A402230834
:10BC100004002304F402B240224441018280828065
:10BC20008327050A797122D406D626D24AD04ECE71
:10BC300052CC56CA2A846387073613F7270019CBDC
:10BC4000F59B2320F50A0355850019469305000846
:10BC5000EF2040798327040A13F747004DC3ED9B7B
:10BC60002320F40A8347A40293F7070491CB832788
:10BC7000440A228593E707402322F40AEFF0AFC07D
:10BC80000347B40085470346440183562406631ADC
:10BC9000F76C8357A4031307204EB387E7020327EB
:10BCA0004409B3D7E70217A7FD1F034727F013077F
:10BCB0000705BA97C207C1830347B4022312F408E9
:10BCC00086072311F4089307000819C3930700049B
:10BCD000230EF40019E68347A40293E71700230517
:10BCE000F40281EA035584000D4693050008EF2015
:10BCF000606F23110406230A0400A30E04008327A7
:10BD0000040A13F787000DC303558400DD9B23202D
:10BD1000F40A154693050008EF20C06C8347A4027F
:10BD200093E747002305F4028327040A13F707016A
:10BD300039C7BD9B2320F40A8347D40403558400EC
:10BD4000214689C7A30604041306000393051008BF
:10BD5000EF2040698347C40489CF83278410C18BB7
:10BD600089CB8355A40422859205C205C181EFE0E9
:10BD70007FF18347A40293E717002305F40283278A
:10BD8000040A13F7070415CB0347F40493F7F7FBF2
:10BD90002320F40AA14763FBE7008347B40099E737
:10BDA0008327440A93E707012322F40A03558400FA
:10BDB000314693051008EF20E0628327040A13F749
:10BDC000070245CB8346B40093F7F7FD2320F40A1E
:10BDD0000327C4108327841099EA1377070801CB3F
:10BDE0000327440A37064000518F2322E40A93F7C1
:10BDF00007026383075AADE28357641B0357641C31
:10BE00006304F7028346741409476391E658056793
:10BE1000130707A9637AF7008327440A0567130706
:10BE20000780D98F2322F40A8357A41B0357A41C2D
:10BE30006304F702834664140947639CE65405676C
:10BE4000130707A9637AF7008327440A05671307D6
:10BE50000780D98F2322F40A0355840011469305E5
:10BE60000008EF2020588347A40293E7170023051A
:10BE7000F4028327040A13F7071005C7035584004B
:10BE800093F7F7EF2320F40A230E04061D469305CB
:10BE90000008EF2020558347A40293E717002305ED
:10BEA000F4028327040A13F7070809CF0355840017
:10BEB00093F7F7F72320F40A13067005930510088B
:10BEC000EF2040528327040A13F7072031C393F76A
:10BED000F7DF2320F40A83476414230F0400A2979A
:10BEE00003856716A301A414EF508FCD2301A4147A
:10BEF0002285EFE01FF203558400314693050008C8
:10BF0000EF20404E8347A40293E717002305F40275
:10BF10008327040A139727016357070079777D1752
:10BF2000F98F2320F40A8327040A13970701635A21
:10BF300007048345040317A5FD1F0345D5F1EF5002
:10BF40009ED78357A4031307204E232AA408B38740
:10BF5000E70261777D17B3D7A70217A5FD1F034539
:10BF6000E5C413050505AA972312F4088347A40224
:10BF700093E717002305F4028327040AF98F23208F
:10BF8000F40A8327040A858B91CF8347A402834553
:10BF90004405228593E717002305F402EFF0DF81C3
:10BFA000A305A4028307141685C703074403994613
:10BFB0003306F74063D9C63E8327440AB70610000C
:10BFC000D58F2322F40AED57A302F416A300E4163A
:10BFD0008347A41613F7270045C3830644030307CA
:10BFE000241663DCE6000327440A37061000518F4D
:10BFF0002322E40A1147A302E41603073416635C04
:10C00000D7000327440A37061000518F2322E40A81
:10C010007157A302E416030704161306F007630C16
:10C02000C7020346D4160345E416158F62076187DD
:10C03000B306A6406355D73893F6070163910638D7
:10C0400093F7F7F893E707012305F41683570417CE
:10C0500085072319F4168357241799CFFD17C207B4
:10C06000C1832319F41689EB0355840013060002DB
:10C0700093050008EF2000378347A400B9C3832746
:10C08000041299CF8347A40181EF03558400014630
:10C0900093050008EF20003501E58547230DF400E6
:10C0A0008357440499CF8347140381EF03558400D9
:10C0B0004D4693051008EF20E03201E58547A308BF
:10C0C000F4028347441713F7070169CBBD9B230A8A
:10C0D000F4168327440A898BF1E303470401D5470B
:10C0E000630EF70A83471401898BCDEB81448149A4
:10C0F00001498D4A130A500213978401618793778F
:10C100003700098722970347D7178607B397FA00A6
:10C110007D8F638BE700268605458145EF307035BE
:10C12000B3E9A9003369B9008504E39744FD032509
:10C1300084138325C413337535012AC4B3F525014F
:10C1400028002EC6EF0030798347541363E0A7021E
:10C15000034544037D578547591562052C006185C9
:10C160003AC43EC69750FD1FE78040FD0327841365
:10C17000A2476317F7000327C413B2476300F7020F
:10C1800015462C00130584129740FD1FE780A0631D
:10C190008327440A93E727002322F40A834644179F
:10C1A000A54713F796006316F70403570404835753
:10C1B00064176360F704B307F74013960701634AF7
:10C1C0000602834754171306000A0507B387C70200
:10C1D0000356A403DD9A230AD416B3C7C702BA973D
:10C1E000231BF4168327440A37078000D98F2322A4
:10C1F000F40A8347A402E1CB918B91CF034604015B
:10C20000C165938505A02285EFE03FAD8347A40279
:10C21000ED9B2305F4028347A402858B8DC3034560
:10C2200074029307F00F6307F500EF508EE6FD5799
:10C23000A303F4028347A402F99B2305F402834776
:10C24000A402898B91CF8355E403034584029205B0
:10C25000F915EF502EAC8347A402F59B2305F40299
:10C260008347A402A18B85C38355E4030D46228531
:10C270009205F915C205C181EFE03FA68347A402EC
:10C28000DD9B2305F4028347A40213F7070101CFC6
:10C290000345640293F7F7F82305F402EF506EDFCD
:10C2A000FD572303F4028347A40213F7070201CFCB
:10C2B0008355A4040345640293F7F7FD2305F402B4
:10C2C0009205EF502EA58347C40193F7070C89CB45
:10C2D0000347B400854722856313F712EFF02F98C8
:10C2E00083570404B5C713074006B3F7E702ADE36D
:10C2F0009387C1B69C43898BA1C797A4FD1F9384E4
:10C300006489985815CF97A7FD1F83D7A7B5C20793
:10C3100097A5FD1F83D525B5DD8D254502979C5832
:10C3200097A5FD1F83D5E5B3294582979C588315B2
:10C3300024032D4582979C588305440331458297F9
:10C3400097A7FD1F239F07B097A7FD1F23AC07B03A
:10C35000B250225492540259F249624AD24A45617B
:10C36000828093070004230EF40019E68347A40299
:10C3700093E717002305F402E39F06960355840014
:10C380000D4693050008EF20E005B5B213078014B1
:10C3900051B4130780147DB48327440A7D771307B3
:10C3A000F77FF98F45BC998FE3D4F6C28327440AFF
:10C3B000B7061000D58F2322F40A954731B1834682
:10C3C000B4168345C4163388B600635BE80013F8DF
:10C3D00007046317080093F7F7F893E70704ADB174
:10C3E0002A96E34AC7C68D8EE3C7E6C613F707024F
:10C3F000E31307C693F7F7F893E70702B1B1EFE04D
:10C400007FF6F9BD011197A7FD1F9387A7A422CC42
:10C4100003A4070A26CA97A7FD1F83D72780835442
:10C420006408032504094AC8B384F402B7470F001F
:10C430001387F7239387072406CE4EC652C456C2ED
:10C440001799FD1F1309097DBA94B3D4F402636FE1
:10C4500095029389019F83A70900B30495408297B1
:10C4600063EAA402898C63CB040283570404A30FFC
:10C47000040085072310F40483470414639507120E
:10C4800022859750FD1FE780C0541DA283274900D5
:10C490003E95C1B783274900BE94E9B783A7090039
:10C4A000829703278408636AE50A198D8357E4039A
:10C4B0001797FD1F035787768E07B387E702130789
:10C4C000003293870719B3D7E70263EDA708374A0D
:10C4D0000F00930AFA23130A0A24835704048507DA
:10C4E0002310F4048347041491E722859750FD1F1D
:10C4F000E780204E2285EFF04FB3631A052683268E
:10C5000004098327C40803274900B6973E8563E4DE
:10C51000D70063E4E7003385E7408347F4018354A1
:10C5200064082328A4088507A30FF4009797FD1F2C
:10C5300083D7C76EB384F402D694B3D44403636C38
:10C540009504B304954083A70900829763E9A40486
:10C550003385A440E34305F809BF83274900998F39
:10C560003E95A9B7A1452285EFF00FA5A305A4022A
:10C570009797FD1F9387076203A307036309031EB1
:10C580006244F240D2444249B249224A924A894521
:10C59000154505610283B3049740AA946DB78327BC
:10C5A0004900BE9475B722859750FD1FE780C04CA7
:10C5B0002285EFF08FA7631C051A8357640817952F
:10C5C000FD1F0355A565B7460F00B387A702138665
:10C5D000F6239386062403270409230B0402032A67
:10C5E0004900B297B3D7D702636CF718B307F74087
:10C5F0008326C4082324F408814AB387E600BE8456
:10C6000063E4D70063E44701B384474183570402DE
:10C6100023289408B1CB83560404035744023746B9
:10C620000F002312D4023387E640B387E702035793
:10C6300024021306062481468145BA97C207C183A6
:10C640003385A7022311F402EF30606511CD2695E2
:10C65000B3349500AE94AA8763949A00636445014D
:10C66000B30745412328F40883A709008297AA84C9
:10C6700083A709008297E30D95FE83A70900832411
:10C680008408829763E3A4103385A440630C0510EB
:10C69000835764089799FD1F83D94958B7440F0001
:10C6A000B38737031387F42393840424BA97B3D74B
:10C6B00097021797FD1F0347774FBA9763E4A70EBA
:10C6C000B3359502035924024E86814633059502FF
:10C6D000EF30E05C330AA9003305390337460F0019
:10C6E0001306062481468145EF30605B05C1B337F0
:10C6F00095024E868146B385B4023385A402BE9569
:10C70000EF30E0593305A9402311A4023545EF501D
:10C71000EF8D9797FD1F23AF877C8346B4000547B5
:10C720009797FD1F83C7C74F6395E606130700FD64
:10C730002307E40099E78145938781B78843EF5049
:10C740004EA2938681AC904295471797FD1FA30494
:10C75000F7645846F977FD17F98F5CC60F10000093
:10C760009C428966060A94C723A24707D8C7F240AD
:10C770006244D2444249B249224A924A05618280C7
:10C78000B3064701B387F640A5B583274900BE9499
:10C79000E5BD130710FC2307E400C5F78145938727
:10C7A00041AB69BF9797FD1F23A607749797FD1F9D
:10C7B00083C70747CDFF8347940285456244F24013
:10C7C000D2444249B249224A924AB395F500C20581
:10C7D000C181014505616F407ECE011122CC4AC85E
:10C7E0004EC606CE26CA52C456C25AC00347B5002A
:10C7F00085472A842E8983290509631DF71E8357DF
:10C800000508035BC503979AFD1F83DA2A41179A2F
:10C81000FD1F130A2A4063F7671B834605016393D4
:10C82000E61A03278511631F07180327450A631BB0
:10C8300007188346F5001D476396E6180355A503C0
:10C84000330BFB409307204E3305650383244409D3
:10C8500037460F008146130606243305F5029797E5
:10C86000FD1F83C7A734B3549502B3B5AA02BE9483
:10C87000C204C180231394083385AA02EF302042FA
:10C88000B307350133B5A7002E953E8783264A00AE
:10C8900019E163E4D7003387D740B3845403B74624
:10C8A0000F009387F623938606242320E900A6979A
:10C8B000B3D7D702DA976361F7101D8F2320E90001
:10C8C0009389019F83A7090083240900829763E667
:10C8D000A4123385A4406355050C83A709008297F1
:10C8E000032709006362E512198D8357E403179744
:10C8F000FD1F0357A7328E07B387E70213070032E5
:10C9000093870719B3D7E70263E8A710374A0F00E8
:10C91000130BFA23979AFD1F938ACA2F130A0A242E
:10C920008357040485072310F4048347041491E714
:10C9300022859750FD1FE780C0092285EFE0FFEEBA
:10C9400065E9832604098327C40803A74A00B6972C
:10C950003E8563E4D70063E4E7003385E74083471F
:10C96000F401835464082328A4088507A30FF40066
:10C970009797FD1F83D7872AB384F402DA94B3D440
:10C9800044036366950CB304954083A709002320F4
:10C990009900829763E1A40C3385A440E34205F833
:10C9A0009797FD1F83C7972063E5A7089797FD1FFB
:10C9B00023A287540145B5A883264A00B387F640D1
:10C9C0003E97EDBD8354640837470F009307F72364
:10C9D000B3845403BE9493070724B3D7F40263E7E8
:10C9E000F900B387F9402320F900D9BD03274A0095
:10C9F000BA99C5BF23A03501E1B59797FD1F93876D
:10CA00006721DC43BE94F1B59797FD1F938787207C
:10CA1000DC43998F3E95D1BDA1452285EFE0DFD95A
:10CA2000A305A4029797FD1F9387C7169C5B81EF10
:10CA30007D55F2406244D2444249B249224A924A68
:10CA4000024B05618280894515458297D5B7B304AD
:10CA50009740AA941DBF83A74A00BE9435BF25C145
:10CA600001116C0022CC06CE2A84EFF01FD729C515
:10CA7000FD576308F5029796FD1F9386A611D452C1
:10CA800032479797FD1F83C7771291C28583636EE4
:10CA9000F700B307F7403EC6B24503459402EF40A6
:10CAA0005EB3F2406244056182809796FD1F9386D3
:10CAB0006616D4423697F1BFEFF0DF94DDB782807F
:10CAC000411122C406C62A8483278411CDEF83270F
:10CAD0000412E1EF0325041109C59750FD1FE780FB
:10CAE00020B4034574029307F00F6304F500EF4090
:10CAF0005EDA034564029307F00F6304F500EF402C
:10CB00005ED9034584029307F00F6304F500EF40FC
:10CB10005ED8034594029307F00F6307F500EF40DA
:10CB20005ED7FD57A304F40203558400552497975C
:10CB3000FD1F83D7273DA1E723AA01B69797FD1FC5
:10CB40009387470DDC431797FD1F232BF73A9797E1
:10CB5000FD1F938727049C479DC39797FD1F9387CD
:10CB60002707885309CD9750FD1FE78060AB979743
:10CB7000FD1F23AF07069797FD1F23AD0706B240A1
:10CB8000224441018280C84309C59750FD1FE780B8
:10CB900020A98327841103D7A700136707F02395E3
:10CBA000E7009C43232CF41005B7C84309C59750F0
:10CBB000FD1FE780E0A68327041203D7A7001367B1
:10CBC00007F02395E7009C432320F41209B79797B9
:10CBD000FD1F9387272883A7870999E33E858280D5
:10CBE00003D78700E30CA7FE9C43C5BF9797FD1FA3
:10CBF0009387472683A7870A1797FD1F034777FA6E
:10CC00004166050781467D1683D5A7006389A50087
:10CC10006387C5008506C107E3E8E6FE81473E85D8
:10CC200082809797FD1F9387E72283A7870AC9EF22
:10CC3000411122C41794FD1F0354A42413041402A9
:10CC400015844AC016041799FD1F034999F5050973
:10CC5000420426C2418093144900330594004205E2
:10CC600041819305402406C69750FD1FE780E08E62
:10CC700005C59797FD1F23A3A7289796FD1F83C679
:10CC800056F233079500B306D9408147130640F5A5
:10CC9000930520F563E82701B240224492440249FB
:10CCA0004101828063FDD70058C12315B50022974A
:10CCB0008507C207A3040500C1834105E1BF231511
:10CCC000C50023220500EDB782804111930530266F
:10CCD0001305001D06C622C426C29750FD1FE7801B
:10CCE000C0871306001D81452A849740FD1FE780F9
:10CCF00000B1014515C89794FD1F9384A41583A620
:10CD0000840995CA3687854703568700630EF60661
:10CD100018437DFB2314F400A9EB22859750FD1FD7
:10CD2000E780009003558400B240224492444101C0
:10CD300082803687D1BF85472314F4001797FD1FE3
:10CD40002326871A1797FD1F2324871A1797FD1F7D
:10CD5000231AF71AEFF0FFEC83A7C40923A00700FA
:10CD6000230504002307040075BF83A7C40980C3FB
:10CD70009797FD1F23AE871683D7040B8507179758
:10CD8000FD1F2311F718C9BF138717009317070159
:10CD900013160701C183E35E06F88147A5BF979785
:10CDA000FD1F9387270B03A5870A11CD411106C6E6
:10CDB0009750FD1FE780C086B2409797FD1F23AFB5
:10CDC0000712410182809797FD1F23A907128280D5
:10CDD000411122C41794FD1F1304C407832684093C
:10CDE00006C60147B687A5C703D687006317A60600
:10CDF00015EF98429796FD1F23AAE60E3E859750A1
:10CE0000FD1FE780E0818327C40923A007009797CF
:10CE1000FD1F83D7270F9DE7EFF07FF89797FD1F42
:10CE200023A6070CB2402244410182808326C40914
:10CE30006397F6009796FD1F23ACE60AC1B79443AB
:10CE400014C36DBFFD171797FD1F231DF70A979792
:10CE5000FD1F83D7270BF9F7C1B73E879C4361B706
:10CE6000714681451795FD1F130545081743FD1FA2
:10CE70006700E3988327C50803568508797193D620
:10CE80000701BD8EC206C182358E13577640935777
:10CE90005640898B058B5D8F93573640918B5D8F04
:10CEA00093571640A18B5D8F93171600C18B5D8F32
:10CEB0009317360093F707025D8F9317560093552B
:10CEC000860093F707041E065D8F1376F60F518FC9
:10CED00093D7554013D63540118A898BD18F13D6FD
:10CEE0007540D18F13D61540218AD18F1396150026
:10CEF000418AD18F1396350013760602D18F13968F
:10CF00005500137606049E05D18F93F5F50FCD8F4E
:10CF1000A20745465D8F3307C70222D42A8426D252
:10CF200052CC56CA032A040A832A440A5AC806D68F
:10CF300036974207418393577740135557400989E5
:10CF4000858BC98F135537401189C98F13551740E9
:10CF50002189C98F131517004189C98F131537000F
:10CF600013750502C98F1315570093558700137564
:10CF700005041E07C98F1377F70FD98F13D53540D6
:10CF800013D755401189098B498F13D57540498FA7
:10CF900013D515402189498F139515004189498F73
:10CFA0001395350013750502498F139555001375B8
:10CFB00005049E05498F93F5F50F4D8F2207D98FF4
:10CFC000B387C7024AD04ECE5EC662C4B697C207C8
:10CFD000C18313D7774013D557400989058B498FF3
:10CFE00013D537401189498F13D517402189498FAF
:10CFF000139517004189498F139537001375050262
:10D00000498F1395570093D58700137505049E0724
:10D01000498F93F7F70FD98F13D5354013D7554064
:10D020001189098B498F13D57540498F13D5154048
:10D030002189498F139515004189498F1395350032
:10D0400013750502498F13955500137505049E0548
:10D05000498F93F5F50F4D8F2207D98FB387C702FC
:10D06000130650025285D685B697BD8E939406015D
:10D07000C18033F6C402137BF60FEF20D03C058944
:10D080001DE98347140801498149B3849702130CB1
:10D090005002C1804A865285D685EF20D03A058954
:10D0A000937BF90F11C563863403850993F9F90F52
:10D0B0000509E31189FF230F6407B25022549254EB
:10D0C0000259F249624AD24A424BB24B224C456164
:10D0D00082805E8BCDB783471500034725008346CA
:10D0E0004500A2074207BA9703470500FD8A054895
:10D0F000BA97034735009305000201456207BA97C6
:10D1000001473316E8007D8E01C605051375F50F3E
:10D110000507E318B7FE8147214633D7F640058B54
:10D1200001C705051375F50F8507E398C7FE8280D3
:10D13000011152C656C4032A8513832AC51322CC73
:10D1400026CA4AC806CE2A84A30B0512A3060512D6
:10D1500081441309500226865285D685EF20B02ED1
:10D16000058911C58347D4128507A306F4128504E7
:10D17000E39324FFF2406244D2444249324AA24A35
:10D18000056182801797FD1F0347F7C09547630B22
:10D19000F7009797FD1F9387A7BF83C777000D47B9
:10D1A000631FF7009797FD1F83C717BF639B071087
:10D1B000930770101797FD1F2310F7BE828041114F
:10D1C0009797FD1F938707C90D4522C426C203A464
:10D1D000070906C64AC0EF406FE19387C1AB94438D
:10D1E00037C7898E130767ED98C637575500130761
:10D1F0005755D8C20347A4039306F00FBE846307B4
:10D20000D700FD57A30CE402230DF4020345940359
:10D2100089476306F5008547A30CF402014513898D
:10D2200081AC032709000146930550025C4393E754
:10D2300017005CC3930720FB2303F4009D47179757
:10D24000FD1FA30AF7B49797FD1F238307B4979791
:10D25000FD1F238107B4EF40EFB103260900979724
:10D26000FD1FA38907B29797FD1FA38307B28547C8
:10D270001CC29C40B705330098431377F7E798C367
:10D2800098431377F7E71367071098C3138701AD27
:10D2900018431447CD8E14C79306900D34CA5457C3
:10D2A000F59A54D7034754009376F70798431377BA
:10D2B00007F8558F98C3B240224492440249410175
:10D2C00082808280411126C29794FD1F93844490EE
:10D2D00022C42A8403C53400C14506C6EF40CED619
:10D2E00003C5340093050002EF400ED69797FD1F4B
:10D2F000A38307AA2302040023130400B24022449C
:10D3000092444101828041119797FD1F938787B412
:10D3100022C406C61797FD1F034717A803A40709D1
:10D320009797FD1F9387C7A601CF9796FD1F83C6CA
:10D33000A6A60D476396E6001797FD1FA30E07A448
:10D3400003C77700A1466387E60003C777009946C5
:10D35000639DE60083C777001797FD1F230EF7A292
:10D3600085471797FD1FA309F7A2EF40CFC022857D
:10D37000EFF05FF513063002930500080145EF104A
:10D380006006034504049307F00F6307F500EF40C0
:10D390004ED0FD572300F404B24022444101828064
:10D3A0005D71CAC0138981AC83260900A2C452DC16
:10D3B00056DA86C6A6C24EDE5AD85ED662D466D289
:10D3C0006AD06ECE9307000A138AC1ABFCD28327C2
:10D3D0000A00938A01ADB7053300D8572A84719BA0
:10D3E00013671700D8D798431377F7E798C3984384
:10D3F0001377F7E71367071098C303A70A001047CE
:10D400004D8E10C71306A00DB0CA5057759A50D74D
:10D410000347E5071376F7079843137707F8518F0B
:10D4200098C3D842370600827D16799BD8C203473D
:10D4300085061377F70393169701D857718F558F89
:10D44000D8D737170040930770052300F7049307D8
:10D4500080FA2300F70483068506B54763DAD72EE2
:10D460008357270293E707012311F70283270A0056
:10D470000327C40893053002054598C7032704090C
:10D48000D8C39797FD1FA3860790EF403E8B644457
:10D490009D472308F400230FA4062380F40085474A
:10D4A000A38104002381F4007C4893F707209DCBDF
:10D4B0009147A381F4008347E40A8346D40A784461
:10D4C0009A07D58F2302F70083C72400814685077A
:10D4D0002381F4000346040B8345D40A0345E40A80
:10D4E000EF400F9A7C4893F70740B1C303C734005D
:10D4F0007C4483C6240013678700A381E40003579C
:10D50000A408B697A381E70083C724007844834624
:10D51000F4073E978357A4089206A183BD8BD58F4D
:10D520002302F70083C7240089072381F40003C680
:10D530002400035744089307D00F918F9799FD1F3C
:10D540009389499163D2E722034704088947630915
:10D55000F7208546930780426305D7008567938748
:10D56000878479479387771BB3C7E70283C6890708
:10D5700093E606019795FD1F238AD594832609001B
:10D5800085658CC63387E7020607B8D283C63400A8
:10D5900093E60601A381D40078448346E4073297DA
:10D5A000A301D70083C62400784436972302F700EE
:10D5B00003C724007444A187BA96034704081607DA
:10D5C000D98FA382F60083C724008D072381F4003E
:10D5D0008347040693F7070485C703C734007C44D8
:10D5E00083C6240013670704A381E40003475401A2
:10D5F000B697A381E70083C7240085072381F40041
:10D600008347C4070547C11793F7F70F6366F7060B
:10D6100003CB240015469795FD1F9385059493072A
:10D620003B00032BC4043E9BA1472300FB00930750
:10D630008002A300FB0013052B009730FD1FE7803D
:10D6400080180347C407C1476319F712835784083A
:10D65000A1072311F408C547230EF40683472408C5
:10D66000A303FB0083572408A1832304FB0083C783
:10D670002400A5072381F40003564408014B31C25E
:10D6800003C7240068448325840A930737003E9526
:10D6900083C73400C18B638C070E795B330BEB407F
:10D6A000137BFB0F5A869730FD1FE780C01183273D
:10D6B000840ADA973CDC83574408B387674123190F
:10D6C000F40603C72400814517D5FFFF130585CD58
:10D6D0009377F70385073E9B137BFB0FA308640139
:10D6E0002381E4007C44856B9164A38067019307E8
:10D6F00070F97844A305F40083270900B70C3300C0
:10D70000130DA00DB8DBEF40CEA5034614018345F1
:10D71000040801451D4B9740FD1FE780A0929384AC
:10D720000429EF404F85938D8B8483C78907C18B74
:10D73000B5E7B640264496440649F259625AD25A91
:10D74000425BB25B225C925C025DF24D6161828061
:10D7500083572702C207C183BD9BC207C18329B378
:10D76000916793870729F5BB83C7890793F7F70E5E
:10D770001787FD1F230CF774A1BD03578408835737
:10D780002408998F0947E34BF7ECC947F1B5973067
:10D79000FD1FE7804003034B440825B783C7890773
:10D7A00093F70702E5DF83C789070326090093F78C
:10D7B000F70C1787FD1F230BF7709307000A7CD225
:10D7C00083270A00D857719B13671700D8D798434F
:10D7D0001377F7E798C398431377F7E713670710B2
:10D7E00098C303A70A001447B3E6960114C7232879
:10D7F000A6055457F59A54D70347E4079376F707DD
:10D800009843137707F8558F98C3032CC404230853
:10D810006401054723006C01A3010C002301EC0007
:10D8200078481377074005CF2147A301EC007844DF
:10D830008356A4082302D70003472C0074440346F0
:10D84000F407BA960357A408120621833D8B518F23
:10D850002382E60003472C0009072301EC008345DF
:10D860002C00835624071307E00F0D8F6355D7084C
:10D8700083460408094626876388C60005461307C1
:10D8800080426383C6006E87F9461307771B3347D0
:10D89000D70203C68907136606019787FD1F2387F2
:10D8A000C7620326090023247601B306D702860641
:10D8B00034D203463C0013660601A301CC00744435
:10D8C0000346E407AE96A381C60003462C007444C9
:10D8D000B2962382E60083462C0070442187369658
:10D8E000834604089606558FA302E60003472C00E2
:10D8F0000D072301EC0003562407014721C203480A
:10D900002C0083463C00684413073800C18A3A95CE
:10D910002C5CB5C67957330707411377F70F3A8662
:10D920003AC69730FD1FE78000EA345C3247BA966A
:10D9300034DC83562407998E2319D40603462C0021
:10D9400001459376F603850636971377F70FA308FC
:10D95000E4002301CC007C44A380E70003461401CB
:10D9600083450408930770F9A305F4009787FD1F0A
:10D97000A38107429730FD1FE780C06C7DB39730CD
:10D98000FD1FE78040E403472407231904067DB701
:10D990008347C507638A0722411122C406C626C2EF
:10D9A0004AC049472A84639CE702035725088357E6
:10D9B00085086316F7029304050A15469785FD1F2F
:10D9C0009385A55926859730FD1FE780C0DF268502
:10D9D000EFF06FF09147A300A408230EF406228510
:10D9E000EFF04FC90945EF307FE00347C4078D478B
:10D9F0006314F70A9147230EF4067C481787FD1F2E
:10DA00001307474593E787007CC883479707898BAF
:10DA1000EDDF8347970793F7C70F1787FD1FA3070E
:10DA2000F74A9387019F9C4382970357640897871F
:10DA3000FD1F83D7A71E232AA4083307F7029307E5
:10DA40000032130707193357F7029787FD1F938793
:10DA5000671CDC43B306E500368663E4A60063E496
:10DA6000F6003386F640232CC4089786FD1F83C634
:10DA7000F6136360D602158E9306D407A2851705A8
:10DA80000000130525F1EF30DE952285EFF05F9160
:10DA9000B5A8958F3E96CDB71389019F83270900BE
:10DAA0008297AA84832709008297E38DA4FE8327A7
:10DAB000090083248409829763E5A4063385A44082
:10DAC0009787FD1F83C7970E9784FD1F83D4041586
:10DAD00063E3A70031ED835764081307003217860C
:10DAE000FD1F13062613B387970250429387071929
:10DAF000B3D7E702032784093E97BA866364F70029
:10DB00006364C700B306C740232CD4088357840836
:10DB1000B240924485072314F4082244024941018B
:10DB200082809787FD1F9387E70EDC43BE9479B709
:10DB30009787FD1F83C7973993E717001787FD1F46
:10DB4000A306F73837470F0013070724B335E5025C
:10DB5000938781AC03A90700A16726862324F900D7
:10DB600081463305E502EF20801306052326A9062A
:10DB70001787FD1F1307072E83479707898BEDDF54
:10DB8000834797071786FD1F1306C608504293F771
:10DB9000C70F1787FD1FA30BF732835764081307BE
:10DBA0000032B387970293870719B3D7E702032799
:10DBB00084093E97BA866364F7006364C700B306BE
:10DBC000C740232CD408D1B58280970700009387E3
:10DBD00067DC1787FD1F2329F72E8280014582808D
:10DBE000411106C6EFE0BFFEB24013351500060531
:10DBF000410182806FF0DFFE411106C6EFE03FFD7C
:10DC00000DC10357C5058356A50503566507835502
:10DC1000450703558500EF700FBE0145B240410135
:10DC200082800945E5BF011106CE22CCEFE03FFA24
:10DC300059C10346B50005472A849787FD1F93877E
:10DC400067216316E604B853094515CF034604035C
:10DC5000834657048358E4030358C4038357A4033B
:10DC6000835584000345B4021307670432C0054698
:10DC7000EF70CFB68347F400A3050402014593E794
:10DC80001700A307F400F24062440561828003A7F5
:10DC9000070909456DDB834657078358E40303589A
:10DCA000C4038357A403835584000345B4021307B8
:10DCB000670702C075BF0945F9B7011122CC06CE2E
:10DCC0002A84EFE0DFF02DCD8347B5020347A51589
:10DCD00023138100A302F10083479515A304E100FB
:10DCE0002304F100A9E38347D5150307F51523069F
:10DCF000F100830735142305F100631DF700894700
:10DD0000A305F1004800EF70CFB20145F240624434
:10DD1000056182800307E5156314F7008547CDB7D9
:10DD2000A3050100C5B7834705162305F100834706
:10DD3000B515A305F100834755162306F100D9B7A1
:10DD40000945E9B7011122CC06CE2A84EFE03FE86D
:10DD500029CD83070516A3048100218023058100B6
:10DD60001307F007638FE70203474503998FA30565
:10DD7000F1008347A51613F7070101C72306010029
:10DD800039A093F7070281CF85472306F1002800C9
:10DD9000EF700FAA0145F240624405618280894715
:10DDA000EDB7FD57A305F100D1BF0945EDB741110E
:10DDB00006C6EFE0DFE119C9834505140355850068
:10DDC000EF70CFA60145B240410182800945E5BF11
:10DDD0009375F50F01112E8506CE22CC2EC6EFC00D
:10DDE0006FA00DC12A8483460507B245034575011E
:10DDF0000546EF702FA30145A30B0400F2406244D7
:10DE0000056182800945DDBF411106C6EF704FA153
:10DE1000B24001454101828041119787FD1F9387E0
:10DE2000670322C4E05F06C6094511C80355A40B69
:10DE3000EF70CF9E9307F00F231DF40A0145B24007
:10DE40002244410182809787FD1F9387A700FC5FD2
:10DE500099CB41111385870B06C6EF70EF9BB2403B
:10DE600001454101828009458280411106C622C4D4
:10DE7000EFE0FFD50DC983467514034665142A8467
:10DE8000835585000345B5028506050693F6F60F12
:10DE90001376F60FEF700F980145A3050402B24008
:10DEA0002244410182800945DDBF397106DE22DC52
:10DEB00026DA4AD8EFE0BFD1630A05168346B500DB
:10DEC00005472A849787FD1F9387C7F86391E60C5F
:10DED000A4530945D9C483C744041946898BC1CBCF
:10DEE0008C5883C7A500C1C7B10528089730FD1F0E
:10DEF000E780608D83C75404138964041946898BB5
:10DF0000B5CFCA8508109730FD1FE780C08B8C58AD
:10DF10001946910528109730FD1FE780C08A834776
:10DF200004038358A40383C654040346B4008355F2
:10DF300084000345B4023EC48357E403130801027E
:10DF400038103EC28357C4033EC03C08EF702F8B8D
:10DF50008347F400A3050402014593E71700A307D4
:10DF6000F400F2506254D2544259216182808145BA
:10DF700028089730FD1FE7808088ADBF81450810D5
:10DF80009730FD1FE780A0871946CA8561B783A433
:10DF900007090945F9D483C744061946898BB5C3D7
:10DFA0009385640628089730FD1FE780C08183C7EA
:10DFB0004407138964071946898BB9CBCA850810B1
:10DFC0009730FD1FE780208083A54408194628105C
:10DFD00091059720FD1FE780007F83A7440883C732
:10DFE000370093E72700A38AF4068358A40383C667
:10DFF00054070346B400835584000345B40202C4A9
:10E0000025BF814528089720FD1FE780407F45B741
:10E01000081081459720FD1FE780607E1946CA855C
:10E0200028109720FD1FE780007AC1B7094515BF6A
:10E03000411106C6EFE0BFB90DC10357651C8356F9
:10E04000451C0356A51C8355851C03558500EF60B0
:10E05000DFFA0145B240410182800945E5BF411127
:10E0600006C622C4EFE0BFB60DC92A840357C50512
:10E070008356A50503566507835545070355850057
:10E08000EF603FF783471401014593E74700A3087A
:10E09000F400B2402244410182800945DDBF4111B4
:10E0A00006C6EFE0DFB20DC1834785190346751937
:10E0B0009305F51803558500A2075D8EEF603FF3C9
:10E0C0000145B240410182800945E5BF411106C6C4
:10E0D00022C4EFE0DFAF0DC12A841306051083557B
:10E0E00085000345B502EF605FF00145A30504021A
:10E0F000B2402244410182800945DDBF411106C67C
:10E1000022C4EFE0DFAC05CD0347B50285472A8482
:10E110006314F700A30505020345B4020357C405C1
:10E120008356A4050356840583558400EF60BFEB36
:10E130000145A3050402B240224441018280094501
:10E14000DDBF01111375F50F06CEEFB0BFE939C978
:10E150009787FD1F938707D083A7070E93F70720A4
:10E160009DC302C402C202C08148014881470147E1
:10E170008146054681451305C003EF605FE8014510
:10E18000F240056182808346D5031307E50302C090
:10E19000814801488147054681451305C003EF606A
:10E1A000FFE3F1BF0945E9BF9787FD1F938787CA42
:10E1B00003A70709094529CB83A7070E011106CE3E
:10E1C00093F707208DC302C402C202C081480148F0
:10E1D00081470147814601468145EF605FE2F24099
:10E1E000014505618280835807020358A7018357C0
:10E1F000070583465707014602C013076707814595
:10E200000945EF60BFDDE1BF8280014582800145A5
:10E2100082800145828001458280014582800145DE
:10E2200082800145828001458280014582800145CE
:10E2300082800145828001458280014582800145BE
:10E2400082800145828001458280411106C622C438
:10E2500003470500930700086315F70203471500FD
:10E2600093065002854763E4E606973700009387DC
:10E2700067EC0A073E971C430355250082978147A8
:10E28000B9A09306100885476313D7040347150008
:10E29000CD466308D70E63E3E602A146630DD708B7
:10E2A000B146630DD70A95466313D702035525007F
:10E2B000EFE0FF912A8415E9894711A8930600032E
:10E2C000630FD70E63EAE600E946630FD70CB2404E
:10E2D00022443E854101828093077005630FF70E4B
:10E2E000930717F0B337F000DDB78327851195C783
:10E2F000035645040506420641829C431307160057
:10E30000420741839DE72312C40401CA8355840058
:10E310000545EF609FCB231204040345B402034676
:10E32000440583558400EF601FC92285EFE04FF953
:10E33000B9B73A86D9B703552500EFE05F892A843B
:10E3400025DD0346C504835585000345B5023336F4
:10E35000C000EF609FC6A305040215B70355250052
:10E36000EFE0FF862A8429D9035725058356050542
:10E370000346F504835585000345B502EF603FC4AD
:10E38000D9BF03552500EFE09F842A8415D5035695
:10E39000450401CA835585000545EF601FC323125C
:10E3A0000404A3080402E1BD03552500EFE03F8209
:10E3B000E30405F00345B502EF607FC1C9B503551D
:10E3C0002500EFE0DF802A84E30805EE8355850011
:10E3D0000345B502EF60FFBFBDBF03552500EF60E9
:10E3E0009FBF71BD011122CC2A84114506CE2EC6D5
:10E3F00032C4EF20BED61DC1B2452246231185008E
:10E400002300B500A300C5006244F240AA85177539
:10E41000FD1F0345157C05616F203EDFF24062441D
:10E42000114505618280411106C622C4EFE02FFA32
:10E4300041C183270512230D05002A84A5C3034784
:10E44000F500058B19EB0355840001469305000880
:10E45000EFF05FF939C5014581A8D44303C6C70071
:10E4600083C58700035585008906EF60FFB605E583
:10E470008327041203D7A700A3840700136707F0BC
:10E480002395E7009C432320F4128357240481C77B
:10E49000FD172311F40483270412D5F72311040474
:10E4A0005DBF8547230DF400B240224441018280C4
:10E4B0000945DDBF9787FD1F9387C79983A7870C01
:10E4C00091E382806384A700DC5FDDBF411122C439
:10E4D00006C68347A5002A8491C79305C500690530
:10E4E000EF10C0598347240191CB930544011305D4
:10E4F000A4022244B24041016F104058B24022446D
:10E5000041018280AA862E86AA8517050000130580
:10E51000C5006F306EA49787FD1F9387A79303A74D
:10E52000870C411126C206C622C4BE8411E7B24040
:10E5300022449244410182806304A700585FFDB7E2
:10E540008347A5002A8491C79305C5006905EF108C
:10E55000E0528347240199C7930544011305A4029F
:10E56000EF10C05122852244CC58B2409244410160
:10E570006FF05FF901114AC81789FD1F1309898DD2
:10E5800022CC0324890C26CA4EC652C456C206CEDB
:10E59000AA84014A93094500854A631D040E930528
:10E5A0002025130500049730FD1FE78000FB2A8417
:10E5B0001D4561C883C7340019469385440013057F
:10E5C0004400A301F4009720FD1FE780C01F938A39
:10E5D000A4014146814556859720FD1FE780402CC8
:10E5E00079ED9309A401D68541464E859720FD1FFC
:10E5F000E780402985472305F400834734009305CD
:10E60000C4004E8593E72700A305F400EF100047F0
:10E610009384A4024146814526859720FD1FE7800B
:10E6200020284DE19307A402A6853E854146BE847D
:10E630009720FD1FE780002585472309F4008347C5
:10E64000340093054401268593E72700A309F400CD
:10E65000EF10C042A3000400832549032285EFF098
:10E660007FEA63140A069787FD1F23A9878A232E52
:10E6700004028347490C014585071787FD1F230DB9
:10E68000F788F2406244D2444249B249224A924A4F
:10E69000056182800347340083C734006305F700B7
:10E6A000228A405CDDBD4146CE851305440097209B
:10E6B000FD1FE780401AE31555FF4945D9B72305EB
:10E6C0000400B9B72309040071B7232E8A0245B7A5
:10E6D00041119777FD1F9387E77722C403A4870C26
:10E6E00026C206C64AC0FD5419ECB24022449787A0
:10E6F000FD1F23A507829787FD1F238F0780924464
:10E7000002494101828003450400EF308E980329BD
:10E71000C4032300940022859730FD1FE78040F05A
:10E720004A84D9B79777FD1F9387C7722382070C56
:10E7300023A4070C6F10403E411126C206C622C416
:10E74000EFE0AFD8AA843DC5EFE06FC82A84630A22
:10E750000512930710112315F500930700FB2307FB
:10E76000F50085472308F5009777FD1F83D787437A
:10E77000A5073E85C207C183130740106374F700E5
:10E7800013054010131705014183930700046374B8
:10E79000F7001305000442059305302541819730A9
:10E7A000FD1FE78080DB2328A41019E903558400AE
:10E7B000EFE00FE2B240224426859244410182807C
:10E7C0009777FD1F9387C75C9C4F22852313041402
:10E7D000232AF4109777FD1F9387C76703A6870D39
:10E7E00083A6C70D03D7A70383C7A704232CC40E92
:10E7F000232ED40EA307F414FD572310F40423137F
:10E80000F4022314F4028347E4022324C4102326D1
:10E81000D41093E707FC2307F4028567938787BB2F
:10E820002315F4042312E414EFC01F8C1775FD1F89
:10E83000034585372301A414EF20DFB1D147A30698
:10E84000F41693078002A305F4169307006F231FA5
:10E85000F4149307F0072300F416F5779387A7EBDA
:10E860002311F416A301A4142303A416A303A416CE
:10E870002304A416A304A4169777FD1F2390075E14
:10E8800015BF854405BF411122C42A848345040372
:10E890001775FD1F0345355CA307A40206C626C2F3
:10E8A000EF306EC18357A4031778FD1F0358083754
:10E8B000930600323307F8029774FD1F83C4042FB8
:10E8C000232AA4083356D7023377D7029306204E63
:10E8D0002326C40837460F0013060624B387D70241
:10E8E000B3D7A7023307D702BE9483578403938418
:10E8F000C417C2048507C180231294083347070355
:10E90000B387D7022310E4028146858FB3B507038E
:10E9100033850703EF10A038832784089776FD1FFF
:10E920009386462FD442AA9733B5A7002E9501E5CA
:10E930003E8763E4D7003387D74083477403232897
:10E94000E4081307204EB387E70286042285BE94AD
:10E9500023119408EFC0EFBF2285EFC0CFF283559B
:10E96000E40322859205F915C205C181EFC0AFBA53
:10E970002285EFE0EFFB9777FD1F23AF8756938744
:10E98000C1B69C43898B85C39774FD1F93848420F3
:10E990009C5891CB83258409354582979C588325C3
:10E9A000C4093945829722852244B2409244977720
:10E9B000FD1F2398074A9777FD1F23A5074A4101AA
:10E9C0006FC09FC60357050889468357450863F300
:10E9D000E6000947B397E7002313F5086F308EBCB4
:10E9E000011122CC26CA4AC806CE4EC652C483475D
:10E9F00065032A84138981AC8507230BF5028347BD
:10EA000035019384C1AB639C075A8347C500130744
:10EA10000004A309E50003471501BD9B93E73700F8
:10EA20002306F50093178701A30D0500E18763D93D
:10EA300007001377F707A308E500EF20EFBC39A81C
:10EA40008327850A93F62700BDC6F59B2324F50A84
:10EA500083270510918BA9CFEF00AFD90347B401ED
:10EA600085476310F706832784110347C400DC43FE
:10EA70002380E7008327841103475401DC43A380EC
:10EA8000E70003278411832709005843B8DB9C4023
:10EA9000B70680009843558F98C3D857719BD8D735
:10EAA000F2406244D2444249B249224A056182801E
:10EAB000EF00CFD165B793F617008DC6F99B2324DD
:10EAC000F50A832704110347C4002380E700832746
:10EAD000041103475401A380E7008327090003279B
:10EAE00004116DB783490501054A6398491DF9C7AB
:10EAF00013F7070119C7BD9B2324F50AEF00FF8E0A
:10EB0000B1BF13F7070201CB93F7F7FD2324F50AF2
:10EB1000EF007FA2A1B713F7070401CB93F7F7FB30
:10EB20002324F50AEF006FD215BF13F7070809CBAE
:10EB300093F7F7F72324F50A2285EF10BFA339BF17
:10EB400013F7072009CB93F7F7DF2324F50A228573
:10EB5000EF00EFD921B713F7074001CB93F7F7BFC9
:10EB60002324F50AEF00BFB9D5BD13974701635CB5
:10EB700007007D771307F77FF98F2324F50A228595
:10EB8000EF004FE7E1BD13973701635A07007D7728
:10EB90007D17F98F2324F50AEF00AFE8C1B513976D
:10EBA0002701635A070079777D17F98F2324F50A27
:10EBB000EF008FF765B52324050A21B78327450A9F
:10EBC000638E071A93F6070481CA93F7F7FB232293
:10EBD000F50AEF004FB759B593F6071081CA93F7BE
:10EBE000F7EF2322F50AEF005F858DBD93F607202E
:10EBF00099CA4D8B631F070E93F7F7DF2322F50A9F
:10EC0000EF00BF88A1BD93F6074081CA93F7F7BF15
:10EC10002322F50AEF008FC091B59396470163DB7D
:10EC200006007D771307F77FF98F2322F50AEF108F
:10EC30005F872DB59396370163DC06004D8B55EB4E
:10EC40007D777D17F98F2322F50AEF00AFC139B523
:10EC500013971701635A070071777D17F98F2322E5
:10EC6000F50AEF00EFD1DDBB1397E700635A070009
:10EC700001777D17F98F2322F50AEF00EFD4F9BB56
:10EC80001397B700635B07003707F0FF7D17F98F15
:10EC90002322F50AEF002FE1D1B313978700635BBE
:10ECA0000700370780FF7D17F98F2322F50AEF0051
:10ECB0009F926DB32322050A29B5638C090293063E
:10ECC000600463EF36071307500463F9E914130770
:10ECD000A002638AE91C636737039307100263800D
:10ECE000F91A63EA3701ED476387F914F547638A38
:10ECF000F914228599B393075002638FF91C930787
:10ED00007002F5B7130760036389E914636B370179
:10ED10009307E0026384F91E93071003E380F9DE92
:10ED2000C9BF13070004638CE908930710046387C5
:10ED3000F90A93078003E39EF9FAEF20EF8C19AAF2
:10ED40009307A0056387F91E63E137059307500514
:10ED50006385F90263EB37019307B0046388F91CFC
:10ED600093071005E38AF9DC69B793076005E38030
:10ED7000F9DE93078005E39EF9F622859730FD1FA3
:10ED8000E7808097E30C05CCADB79307B00663ED41
:10ED900037019307A00663FBF92093076006E39A07
:10EDA000F9F4EF00DF9599A093076007E389F9DC98
:10EDB00093076008E39FF9F2EF000FD705A81397B8
:10EDC0004701E35807F27D771307F77FF98F232474
:10EDD000F50AEF002FC22308340149B18347B50279
:10EDE0008DC705476398E700EF00EFF485472308D8
:10EDF000F400ADB183270510918BD5C3BD47230621
:10EE0000F4022285EF00EF9ED5B7EF10FFFF8327B6
:10EE1000040A93E727002320F40AC9BFEF10DFFE9E
:10EE20008327040A230844012311040693E74700BB
:10EE30002320F40A25B1EF002F85D947230AF404D3
:10EE400031B92285EF105FFC8327040A93E717008E
:10EE50002320F40A2308040011B19730FD1FE78036
:10EE6000A089E30D05BE8547A306F4042285EF00C3
:10EE70006F8B8347C404F99B2306F404C5B683272C
:10EE80008510858B81C7EF00CFD0C9BEE947A305A8
:10EE9000F50283270510918B99C38D478DB7228585
:10EEA000EF00CF92A1B7EF004F818347D40491CBFD
:10EEB00041469305C40A1305C40C9720FD1FE78043
:10EEC00080908347C4042326040E2328040E93E76E
:10EED00017002306F40459B683270510918B81CFC0
:10EEE0008D472306F502EF00CF9083471401DD9B89
:10EEF000A308F400E5BDEF006F8DC5BF8347C504CF
:10EF00002322050E2324050E93E727002306F5048C
:10EF1000EFF0DEFC83471401A3050402DD9BA30888
:10EF2000F4008327040A93E70701F5B5EF00EF919A
:10EF300075BD8347A51499CB83466514331ADA004F
:10EF40006306FA0013670701A308E5000347B4143A
:10EF500011CF834674148547B397D7006388E700C1
:10EF60008347140193E70701A308F4008347E401F2
:10EF700099CF83471401C18B99EB8327040A93E748
:10EF800007202320F40A2285EF101FE885B58307A8
:10EF90001416F5DB83274410898BF5D78327440AA1
:10EFA00037071000D98F2322F40AF1BFEF10DFE5F5
:10EFB0008327040A056713070780D98FA9BD9777B0
:10EFC000FD1F83D727EA85071777FD1F231CF7E866
:10EFD00071B483474517858B638207108347651398
:10EFE00093D63700AA9683C5061313F7770033D656
:10EFF000E540058A69CE397122DC06DE26DA4AD878
:10F000004ED652D456D25AD05ECE62CC66CA2A842C
:10F01000034545037D57FD47591562052C00618561
:10F020003AC43EC69720FD1FE78040110326841393
:10F0300022478326C413B247718FF58F6314E6000D
:10F040006387F6062800EFE00F89894763F1A7067A
:10F05000294681451305D4179710FD1FE780207AB4
:10F06000224AB24A81490D4C854C930B500293942D
:10F070008901E1844E865285D68513DB2440EF005A
:10F08000903C8D88229B058986040309DB170DCDF2
:10F09000B3949C00B3649900A30E9B168509E39872
:10F0A00079FD8347441793E78700230AF416F2504B
:10F0B0006254D2544259B259225A925A025BF24BCC
:10F0C000624CD24C21618280B3149C00E1B7854729
:10F0D000B397E700CD8F2388F61282808280797102
:10F0E0004ECE9779FD1F9389E9D622D403A4090A4D
:10F0F00052CC56CA5AC8797AA16A370B008226D2F6
:10F100004AD006D65EC662C466C21779FD1F1309CF
:10F1100029C8938481AC7D1AFD1A7D1B8347E400C6
:10F120001307000D639FE7209C4098430D8B05C398
:10F13000B84B619BB8CB98431367870098C39C4337
:10F140008D83858B89C70100010001000100973084
:10F15000FD1FE78040878347C404858B89C7A2854C
:10F160000545EF208F8B83472414938BC1AB83A677
:10F170000B0093F7F70313979701DC56B3F767017A
:10F18000D98FDCD637170040930770052300F704AA
:10F19000930780FA2300F70483462414B54763FBE2
:10F1A000D7108357270293E707012311F70203A71C
:10F1B0000B008327840994401CC78327C4095CC3C0
:10F1C000DC4293E71700DCC25C57F19B93E7170022
:10F1D0005CD78355441C95470356641C9105034531
:10F1E00074141777FD1FA308F7BAC205930710FD23
:10F1F0002307F400C181930700FC1777FD1F230943
:10F20000F7B8EF202FB703467414854683572408B8
:10F21000035764086318D60A060793875703BA97FB
:10F220009840544733F6460150C70100010098400A
:10F230000966860710C7130600F89775FD1F238B14
:10F24000C5B47CD354C79777FD1FA38507B49040FE
:10F250009777FD1FA38E07B285471CC28346C4045F
:10F26000138701AD83A70B00858A1843CDCA944349
:10F27000B705330093F6F6E794C3944393F6F6E7A5
:10F2800093E6061094C31447CD8E14C79306900FCF
:10F2900034CA5457F59A54D7034764139376F70743
:10F2A0009843137707F8558F98C39720FD1FE78081
:10F2B000E0CBADB583572702C207C183BD9BC20710
:10F2C000C183E5B58945060794406318B602D04668
:10F2D000B3754601CCC6010001009440896593874F
:10F2E00097188CC6930500F81775FD1F2304B5AA5F
:10F2F000BA978607FCD2D0C6B9B7D046B3754601D7
:10F30000CCC60100010094408965938797048CC6A0
:10F31000930500F81775FD1F230EB5A6D1BF9443C2
:10F32000B705330093F6F6E794C3944393F6F6E7F4
:10F3300093E6061094C31447CD8E14C79306900D20
:10F3400081BF1307100D639BE75883470900858B26
:10F350006382074C83470900E207E18763D4070A09
:10F360008347F40093F7070285C78357A403130765
:10F37000204EB387E70203274409B3D7E702177784
:10F38000FD1F0347A78213070705BA972312F40846
:10F390009387C1AB9C439776FD1F9386A68783AC6A
:10F3A00046009843032C0901894631830D8B832B3A
:10F3B000C408835744081775FD1F03552586631D30
:10F3C000D71693879718B3A5A70237460F001306E1
:10F3D000062481463305F502EF00700C3385AB40FF
:10F3E000B30785013E8763E4A70063E49701338791
:10F3F0009741835764082328E40823100408858371
:10F400002313F4088345C4040325441193062403FD
:10F410001306440385899720FD1FE780C0B89777BE
:10F42000FD1F238AA79603C7690483474403998F66
:10F43000230AF4028327441183C7070013F7070C3C
:10F4400019E38D8B91E785471777FD1F2305F79407
:10F4500083476900858B6397072C8347A40293E752
:10F4600027002305F40283470900E207E18763D3FD
:10F4700007028347641313D7370093F67700229768
:10F480008547B397D7008346071393C7F7FFF58FD8
:10F490002308F7128347F400898BDDCF2285EFB074
:10F4A0007FC55DE98347F400A309040093E74700A3
:10F4B000A307F400832784118DCF0347B40115CB34
:10F4C00003C79700058B15E703D7A700C843136749
:10F4D00007F02395E7009720FD1FE780601483570E
:10F4E000440485072312F404832784119C43232CAE
:10F4F000F4108347540181CB8347C404898B81C7AF
:10F500002285EFB03FC483470401130720026398AC
:10F51000E7028327040AA305040293E78700232058
:10F52000F40A8347140193E78700A308F4009307C4
:10F5300040022308F4000DA09387970469B51307D0
:10F540000006639AE70C85472308F4008347A4026A
:10F5500093E717002305F40283476900898B6384CE
:10F5600007108347C404858B638F070E834794017C
:10F570008507A30CF4008347F40013F7270029E75D
:10F5800093E72700A307F400930700F8230EF40085
:10F590008357A4031307204EB387E70203274409C8
:10F5A000B3D7E7021767FD1F034747601307070537
:10F5B000BA97C207C1832312F40886072311F408FF
:10F5C0009777FD1F23AA079222859767FD1F238146
:10F5D000077CEFF0EFC0034564148947834554016D
:10F5E000631FF51403458414910513652500EF107E
:10F5F0009FE3834754016386071E8347C404898BB6
:10F600006381071EA2850145EF105FB9630B0512E8
:10F61000EF206F966DA413077006639CE702938733
:10F62000C1AB98437C53ED9B7CD39767FD1F23862A
:10F6300007763717004083578701B3F7FA00231C7A
:10F64000F7008347C40093F7F7FD2306F4008547CE
:10F65000CDB57147E392E7F08327040A93E71700DB
:10F660002320F40AD5BD2285EFB05FABE31505F08A
:10F67000A30C04002285EFB0FFA383471401A18BE4
:10F6800085CF834764018DCB83477401094793F786
:10F69000B70F6383E7029307D003230AF4049307A9
:10F6A00070022308F4008347C404858BE38507ECCC
:10F6B0002285EFB03FAEC1B50347D4008D47631735
:10F6C000F70483477401130780026373F7028347CB
:10F6D00074011D476388E702A306F4028327840AA6
:10F6E000228593E717002324F40AEFF05E8119A81E
:10F6F0008A07171700001307A768BA979C4322854B
:10F70000829771F583476401D9FFB5B583476401DA
:10F71000E38307E622859720FD1FE780A010E31C06
:10F7200005E4CDB7834784018507230CF40083D714
:10F73000E90085071767FD1F2315F7722DBD910599
:10F740007DB59387C1AB9843B70633001C4393F74D
:10F75000F7E71CC31C4393F7F7E793E707101CC3B5
:10F76000938701AD98431C47D58F1CC79C40130756
:10F77000A00FB8CB9387C1AB9C43B70680009843DA
:10F78000558F98C3D857719BD8D7930720FD23076F
:10F79000F40083270412E38A07B00347F400058BC3
:10F7A000E30507B0D44303C6C70083C587000355EC
:10F7B00084008906EF505F82E31905AE83270412A7
:10F7C00003D7A700136707F02395E7009C43232086
:10F7D000F41283572404E38A07ACFD172311F404C1
:10F7E000E9B49387C1AB9843B70633001C4393F742
:10F7F000F7E71CC31C4393F7F7E793E707101CC315
:10F80000938701AD98431C47D58F1CC79C401307B5
:10F81000A00D85B79C40FC53E39207909767FD1FAE
:10F82000238A0756EF103FF5834709002285E20738
:10F83000E18763DA071EEFF0EF9883D7290122856D
:10F8400085071767FD1F2310F762EFF08FF88357C6
:10F850000404B5C713074006B3F7E702ADE3938787
:10F86000C1B69C43898BA1C79764FD1F93848432E2
:10F87000985815CF9767FD1F83D7C75EC207976556
:10F88000FD1F83D5455EDD8D254502979C58976504
:10F89000FD1F83D5055D294582979C588315240358
:10F8A0002D4582979C58830544033145829797677D
:10F8B000FD1F2398075A9767FD1F23A5075A228526
:10F8C0002254B25092540259F249624AD24A424BEF
:10F8D000B24B224C924C45616FB05FDC1307200D98
:10F8E000E398E7D283471900858B638107149767F4
:10F8F000FD1FA38F07488327040A13972701634A34
:10F90000070E22859720FD1FE78080FF8547631241
:10F91000F50E8355441C0356641C0345741491056D
:10F92000C205C181EF101FC58347C404938BC1ABCF
:10F93000138C01AD858BBDCBA2850545EF10FF8DE6
:10F9400003A70B00B70633001C4393F7F7E71CC36C
:10F950001C4393F7F7E793E707101CC303270C003A
:10F960001C47D58F1CC79C401307900FB8CB93073B
:10F9700010FD2307F4009C40D44733F74601D8C755
:10F980000F1000009C40096798C7130700F817661E
:10F99000FD1F2301E64003A60B00184231830D8BA7
:10F9A0000DEF13076019F8D3D4C701B203A70B00FA
:10F9B000B70633001C4393F7F7E71CC31C4393F7C8
:10F9C000F7E793E707101CC303270C001C47D58FEC
:10F9D0001CC79C401307900D51BF18420946318344
:10F9E0000D8B6315C7001307E04375BF1307E01BBA
:10F9F0005DBFEF105FD8834794018DC793F7070F62
:10FA000081CB9305D0032285EFB01FDBA305A402B1
:10FA10009767FD1F938707189C5B89C7954513055A
:10FA2000500882972285EFC0AF9F51BD9C40FC5388
:10FA3000639607EE9767FD1F238E0734EF10BFD341
:10FA4000D5B7411106C6EFB0EF999767FD1F9387B1
:10FA5000674017F7FFFF130767CE23AAE70AB240F4
:10FA600017F7FFFF130767E223ACE70A97F7FFFFDB
:10FA70009387276723ACF1B641018280397122DC7C
:10FA80003704400026DA4ED6AE84AA899305E4FFF7
:10FA9000054506DE4AD8EF20EEAE498C1317040167
:10FAA000418321839317840013590401D98F2316AE
:10FAB00001001379F90F10088A854E852317F1008C
:10FAC000A306210102C002C202C402C802CA02CCBB
:10FAD00002CEEF106FE88347E1010347D101A38114
:10FAE0008400A2074207BA970347F10121802382CD
:10FAF0008400BA97F25062542380F40013D7870031
:10FB0000C183A3822401A380E4002381F40042592D
:10FB1000D254B25921618280011119469765FD1FA7
:10FB20009385E5081765FD1F1305454106CE22CCD8
:10FB300026CA4AC891644EC69710FD1FE780A0C828
:10FB40009385F4FF0145EF20AEA12A84FD550145C0
:10FB5000EF204EA3A287FD147D5933F79700B366BB
:10FB6000E500F9C6631425016304970C1767FD1FB0
:10FB7000230EF73CA18393E707FC91694164176763
:10FB8000FD1F2323A73C1767FD1FA301F73CFD19A9
:10FB90001769FD1F1309092C7D14CE850145EF203F
:10FBA0002E9CAA84FD550145EF20CE9DB36795009C
:10FBB000EDD7FD576314F500E38134FF9767FD1F10
:10FBC0002397A738935705011767FD1F2302F738BE
:10FBD000935785011767FD1FA30CF7369767FD1F25
:10FBE00023899736A18093F4F4039767FD1FA382BE
:10FBF00097368317890E42054185618DE18F631227
:10FC0000F5020317C90F8317A90E618FE18F631ADD
:10FC1000F7000317E90F8317C90E618FE18FE30E19
:10FC2000F7F6F2406244D2444249B249056182800B
:10FC3000A6850145EF20CE922A84FD550145EF208F
:10FC40006E94A28719BF11CE93070002918F635B58
:10FC5000F0003355C500B397F50033D6C5005D8D70
:10FC6000B2858280130506FE014633D5A500B28514
:10FC7000CDBF11CE93070002918F635BF000B39567
:10FC8000C500B357F5003316C500DD8D328582807F
:10FC9000930506FE0146B315B5003285CDBFB68784
:10FCA000B2882A832E88639D061463F9C50A4167CA
:10FCB000636EE61AB70700016363F6349356860154
:10FCC000E1471717000013076750369703470700EF
:10FCD000BA97130700021D8F19CB3398E500B3576D
:10FCE000F500B318E60033E807013313E50013D637
:10FCF00008013355C80293960801C1829357030146
:10FD00003377C802B385A60242073368F700637AE7
:10FD1000B80046989307F5FF636418016367B8302D
:10FD20003E853308B8403357C802420313530301DA
:10FD30003378C802B386E602420833686800637B02
:10FD4000D80046989307F7FF636518017917636336
:10FD5000D8003E874205598D8145828001E60547DE
:10FD6000B358C702416763EAE80EB707000163ECC6
:10FD7000F82893D68801E1471717000013070745B5
:10FD8000369783460700BE9693070002958FE5EBF2
:10FD9000939E08013387154113DF080193DE0E019E
:10FDA0008545935703013355E7033377E703B306DC
:10FDB000D5034207D98F63FAD700C6971307F5FF1B
:10FDC00063E4170163E6D7263A85958F33D7E703B7
:10FDD000420313530301B3F7E703B30ED703C2077C
:10FDE000B3E7670063FBD701C6979306F7FF63E5A8
:10FDF0001701791763E3D70136874205598D828051
:10FE000063E2D504C16763E2F604B707000163E467
:10FE1000F61E13D786016148971700009387073BAA
:10FE2000BA9703C70700130E00024297330EEE4045
:10FE3000631A0E0C63EDB61C3335C500134515006F
:10FE4000814582808145014582809307F00F63F3ED
:10FE5000D71C13D786002148C1B71307F00FC686F9
:10FE6000E37C17F193D68800A14739B71307F00F49
:10FE7000B286E378C7E493568600A14799B5B39854
:10FE8000F80033D6D50013DF0801335EE60333975D
:10FE9000F500B356D500558F939E080193DE0E01F1
:10FEA0003313F50093550701B376E603B387CE030A
:10FEB000C206CD8E63FBF600C6961306FEFF63E412
:10FEC000161763F2F616791EC6969D8E33D6E60394
:10FED00093170701C183B3F6E6033385CE02139768
:10FEE00006015D8F637BA70046979307F6FF636863
:10FEF00017136376A7127916469793150E01098F8B
:10FF0000D18D45B5B357E600B396C601DD8E33D328
:10FF1000E50013DF0601B357E303939E060193DE6A
:10FF20000E013398C5013357E50033680701935834
:10FF300008013316C6013373E303B385FE0242039F
:10FF4000B368130163FBB800B6981387F7FF63EA41
:10FF5000D80C63F8B80CF917B698B388B84033D703
:10FF6000E803420813580801B3F8E8033383EE02AC
:10FF7000C208B3E5080163FB6500B6951308F7FFF7
:10FF800063EDD50863FB65087917B695C207416F25
:10FF9000D98F1307FFFFB3F6E70093D80701718FDE
:10FFA0004182B38EE602B3856540B386C60213D89C
:10FFB0000E013387E802BA96C2963386C80263F30D
:10FFC000E6007A9693D80601469663E2C5026385F9
:10FFD000C5003E858145828041677D17F98EC20646
:10FFE000B3FEEE003315C501F696E374D5FE138516
:10FFF000F7FF8145828013D70601414831BD9356F2
:020000040003F7
:100000000601C1477DB993D60801C147B5B3814503
:10001000054582803687014801B5428785BF3E8607
:10002000E9BDBA871DBF328E4DB579154698D5B951
:100030007915C69759BBB68732882A832E872E8EAC
:100040006393061463F1C50A41676378E61A1307E0
:10005000F00FB2866375C70093568600A147171745
:1000600000001307A71636970347070093080002FE
:10007000BA97B388F840638C0800B3951501B3575D
:10008000F5003318160133EEB7003313150113567C
:100090000801B357CE02131508014181935603019D
:1000A000337ECE02B307F502420E3367DE0063787B
:1000B000F7004297636507016373F70042971D8F4E
:1000C000B356C70293170301C1833377C7023305C1
:1000D000D5024207D98F63ECA7083385A740335573
:1000E00015018145828001E605473358C702416703
:1000F000636CE80EB70700016365F82A9356880120
:10010000E147171700001307670C369703470700EE
:1001100093080002BA97B388F840639A081E131E2A
:100120000801B385054113560801135E0E011357EC
:100130000301B3D6C502B3F5C502B386C603C20533
:100140004D8F6377D700429763640701636AD726B0
:10015000158F3355C7024203135303013377C70288
:100160003305C5034207B367670063F8A700C2976A
:1001700063E5070163F3A700C2973385A7403355B2
:100180001501814582802A88E3EED5F4C16763E5D5
:10019000F604B707000163E2F62013D38601E148B5
:1001A00097170000938787029A9703CE07001303DF
:1001B0000002469E3303C3416319030463E4B6009F
:1001C0006369C5003308C540958D33370501338712
:1001D000E5404285BA8582809307F00F63FBD71C08
:1001E00013D38600A1486DBF1307F00FC286E37AD0
:1001F00007F193568800A14729B7B7070001636646
:10020000F61A93568601E14799BDB357C601B396D6
:100210006600DD8EB3D8C50113D70601B3DEE80250
:10022000139F0601B357C501135F0F01B395650016
:10023000DD8D13D805013316660033156500B3F85C
:10024000E802B307DF03C20833E80801637BF80064
:1002500036989388FEFF6363D8166371F816F91E0B
:1002600036983308F840B357E802C205C1813378A5
:10027000E802330FFF02131708014D8F637BE7017C
:1002800036979385F7FF6369D7126377E713F917FA
:100290003697C20EC162B3EEFE001388F2FFB3F8C8
:1002A0000E019355060193DE0E0133780601B38FDC
:1002B00008033307E74133880E0393D70F01B38850
:1002C000B802C298C697B38EBE0263F30701969E2A
:1002D00041687D1893D50701B3F70701C207B3FF43
:1002E0000F01F695FE976362B70A630EB708B3076E
:1002F000F5403335F500B305B740898D339EC50110
:1003000033D567003365AE00B3D5650082803318FE
:10031000180133D7F50013560801B356C702131E50
:100320000801B357F500135E0E01B3951501DD8D7D
:1003300093DE0501331315013377C702B307DE02DD
:1003400093160701B3E6D60163F8F600C29663E59B
:10035000060163F3F600C2969D8E33D7C6029397CB
:100360000501C183B3F6C6023307EE029395060179
:10037000DD8D63F8E500C29563E5050163F3E500F3
:10038000C295998D6DB3E374F5F63386C740B3B764
:10039000C700B6979D8DB28799BF13D30601C14898
:1003A00001B593560801C147A9BB93560601C14741
:1003B0007DB136838148EDB3AE87E1BDC68E55B5BC
:1003C000429779B301476314E60001458280B30781
:1003D000E5000507B386E50083C7070083C6F6FF7F
:1003E000E383D7FE3385D7408280B3C7A5008D8BCA
:1003F0003307C50081E78D4763EEC700AA876370A6
:10040000E50A83C6050085078505A38FD7FEE3EAC5
:10041000E7FE828093763500AA8791CA83C60500DD
:1004200085078505A38FD7FE93F63700FDB7937632
:10043000C7FF138606FE63F0C70683A3050083A2E9
:10044000450083AF850003AFC50083AE050103AE51
:10045000450103A3850183A8C5019385450223A017
:10046000770003A8C5FF23A2570023A4F70123A602
:10047000E70123A8D70123AAC70123AC670023AE55
:1004800017019387470223AE07FF75B79041910785
:10049000910523AEC7FEE3EBD7FEE3E4E7F68280E7
:1004A00063F3A504B386C500637FD5029345F6FFC9
:1004B0008147FD176393F50082803387F600034878
:1004C00007003387C7002A9723000701DDB733876A
:1004D000F500834607003307F50085072300D700A2
:1004E000E317F6FE82808147E5BF93F5F50F83475A
:1004F000050091C76393B70082800505CDBF91C108
:1005000001458280AA87850703C7F7FF6DFF338502
:10051000A7407D1582800347050083C7050001E7DA
:1005200091C301458280814701A8834715001307C5
:100530001500E5DB81473A853387F500034707005F
:1005400075D3B306F50083C60600E390E6FE850783
:100550002A87D5B7F401FA00960064004B003200F8
:100560001E00140043483538785F424C455F4C49C3
:10057000425F56322E31000053706C697441430063
:100580007361632F76310000EA5E00000A5F0000AD
:100590000E5F00001A5F0000225F00002A5F00006B
:1005A000325F0000665F0000B65F0000F65F00008B
:1005B0000460000026600000326000003E60000021
:1005C0004E6000005E6000006E6000007E60000013
:1005D0008E6000009E600000AE600000D27D0000D2
:1005E000007E00001C7E0000DE7F0000DE7F000039
:1005F000DE7F0000DE7F0000DE7F0000DE7F000087
:10060000DE7F00003C7E00005A7E0000727E00000B
:100610008A7E0000B07E0000D27E0000DE7F0000F7
:10062000DE7F0000F47E00001E7F00005E7F000081
:10063000A28000001C81000052820000688200003D
:100640007082000036810000588100008A8100001D
:10065000BC810000EE810000168200003E82000096
:1006600052820000688200007082000078820000E0
:10067000828200008C82000096820000B682000018
:10068000C8820000D2820000DC82000075617274B2
:1006900033207278000000000100FFFFFFFFFFFF22
:1006A000FFFFFFFFFFFFFFFFFFFFFFFFFFFF07064B
:1006B000FFFFFFFFFFFFFFFFFFFF02040503000036
:1006C000D0B00000D4B0000034B10000D8B00000B9
:1006D000DCB00000AEAC0000AEAC0000FAB0000030
:1006E00094B00000FEB5000022B60000B4B60000D1
:1006F000C8B60000DEB60000AEAC0000AEAC000034
:10070000AEAC0000F6B6000020B70000E0B7000075
:1007100062B800007AB8000088B8000078B900001C
:1007200080AA000042BA000080AA0000B0BA00000F
:100730001CC10000E4BB00000CBC000046BC000073
:1007400074BC000080AA0000A4BC00004CBD0000E6
:10075000FABD0000B4BE000048BF000080AA00003F
:1007600080AA0000C0C0000088130000102700000D
:10077000204E0000409C000060EA0000C0D4010050
:1007800080A90300495056345636000049500000F5
:100790002F6400002F6D2F64000000002F6D2F7557
:1007A000000000002F7500004F4B00004552524FD3
:1007B000520000002B434D45204552524F523A0003
:1007C0002B434D53204552524F523A002B4D485423
:1007D00054504352454154453A0000002B4D485473
:1007E00054505552433A2022657272222C00000068
:1007F0002B4D485454505552433A2022726563762B
:10080000222C00002B4D48545450524541443A008C
:100810002B4D5154545552433A2022636F6E6E2231
:100820002C302C002B4D5154545552433A202274F5
:10083000696D656F7574222C302C00002B4D51545E
:10084000545552433A202273756261636B222C30F7
:100850002C0000002B4D5154545552433A20227025
:10086000756261636B222C302C0000002B435049D1
:100870004E3A000052454144590000002B43455276
:1008800045473A002B4353513A0000002B43455350
:10089000513A00002B43434C4B3A00004154453041
:1008A0000D0A000041542B434744434F4E543D3101
:1008B0002C220000222C2200220D0A0041542B4D34
:1008C000485454504352454154453D2200000000D5
:1008D0006361636865640000656E636F64696E6779
:1008E0000000000041542B4D4854545048454144A9
:1008F00045523D002C302C302C2252616E67653AF7
:100900002062797465733D0041542B4D4854545016
:10091000524551554553543D000000002C312C30B8
:100920002C22000041542B4D485454505245414410
:100930003D0000002C312C0041542B4D48545450A4
:1009400044455354524F593D0000000041540D0A94
:100950000000000041542B4350494E3F0D0A000057
:1009600041542B43434C4B3F0D0A000041542B4351
:10097000455245473F0D0A0041542B4D51545443B5
:1009800046473D226B656570616C697665222C3047
:100990002C00000041542B4D5154544346473D22F6
:1009A000636C65616E222C302C00000041542B4D8D
:1009B000515454434F4E4E3D302C2200222C2222C3
:1009C0002C22220D0A00000041542B4D5154545347
:1009D00055423D302C22000041542B4D515454506F
:1009E00055423D302C2200002C302C302C000000D1
:1009F00041542B434553510D0A0000002F000000C5
:100A0000687474703A2F2F0041542B4D4854545041
:100A10004346473D220000007075626C69736800B0
:100A20003031323334353637383941424344454624
:100A3000000000002B4D5154545552433A00000021
:100A400088184818F2178317F716481675157D147D
:100A500061132512CF10690FFC0D920C340BE909BC
:100A6000B6089F07A406C50502055704C30344033F
:100A7000D50277028AD700008CD600003ED800004D
:100A8000A6D80000F2D8000050D70000424C452004
:100A9000616476206461746100000000303132339B
:100AA000343536373839414243444546000000006A
:100AB000636861723220727800000000C8E00000B4
:100AC000EEE0000060E10000CCE1000006E2000082
:100AD00034E2000046E200000003020500030501C5
:100AE000040602041F1C1F1E1F1E1F1F1E1F1E1F89
:100AF000A4EE0000AEEE0000E6EE0000FEEE000008
:100B00000AEF000016EF00005EEF000098EF000013
:100B1000C4EF0000CAEF0000D0EF00004EF200006A
:100B200064F20000F0F20000FAF200000AF30000A4
:100B3000F0F20000F0F20000FE0065787065726966
:100B40006D656E74616C00004669726D77617265E7
:100B5000205265766973696F6E00000048617264A7
:100B600077617265205265766973696F6E00000067
:100B70004D616E756661637475726572204E616D4C
:100B8000650000004D6F64656C204E756D62657286
:100B90000000000053657269616C204E756D6265DE
:100BA00072000000536F667477617265205265763B
:100BB0006973696F6E000000860C0100AE0C0100C5
:100BC000D60C0100EE0C0100080D01002A0D0100F9
:100BD000520D01007A0D0100920D0100AC0D0100D3
:100BE0003457FEFFA857FEFF1C58FEFF1C58FEFF9F
:100BF000B857FEFF1C58FEFFD057FEFFF257FEFF0E
:100C00001C58FEFF0C58FEFF6058FEFF8058FEFF88
:100C1000FC58FEFF9258FEFFFC58FEFFFC58FEFFFA
:100C2000FC58FEFFB458FEFFFC58FEFFFC58FEFFC8
:100C3000FC58FEFFD858FEFFAC7C02007C6A010025
:100C4000E87C0200FE770100647D0200CA770100A3
:100C50001E7E020096770100BA7E02001483010016
:100C6000087F020014830100627F02006682010097
:100C70001E7E020036770100F67F0200827A0100B4
:100C80000000000000000000408002000E7B010018
:100C9000B2800200006B0100A6AAFEFFA6AAFEFF1A
:100CA000CCAAFEFFE4AAFEFFECAAFEFFF4AAFEFF18
:100CB000FCAAFEFF04ABFEFF0CABFEFF14ABFEFF75
:100CC0001CABFEFF54ABFEFF5CABFEFF24ABFEFF94
:100CD00001010201020101020102040406010401F2
:100CE00001010101040402010400000001010201EC
:100CF00002010102010104040601040101010101D4
:100D0000040102010100000032B8FEFF3EB8FEFF00
:100D100080B8FEFFA6B9FEFFB0B9FEFFF4B9FEFF32
:100D200036BAFEFF74BAFEFFACBAFEFF44B9FEFF4E
:100D3000E0BAFEFF6ABBFEFF8CC7FEFF68C7FEFF7E
:100D40008CCAFEFFE8CAFEFFF0CDFEFF0ACCFEFF14
:100D500050CCFEFF94CCFEFFCCCCFEFF10CDFEFFAE
:100D600068C7FEFF54CDFEFFCACDFEFF00000000A5
:100D7000000000000000000000000087DEF7010016
:100D80001C0A0200B4F801007E0A0200D8F8010033
:100D900078F90100A6F90100EAF9010088090200CA
:100DA000F808020016FB010042FB0100B4FB010041
:100DB0005AFC0100680802007A0702008806020057
:100DC0006AED01000CFD010060FD0100920D0200C2
:100DD0002A0D020092FD01003AFF01008E00020080
:100DE0001801020044010200E80D0200EC0D0200AF
:100DF000DA0102001C020200F00D0200F40D0200F4
:100E0000F80D0200FC0D0200EA0B0200660202006F
:100E100044030200000E0200040E0200F003020070
:100E20004E06020043483538785F424C455F4C49D6
:100E3000425F56322E313300564EFFFF644EFFFFA5
:100E40006C4EFFFF724EFFFF784EFFFF984EFFFF84
:100E5000A04EFFFFA64EFFFFB04EFFFFB64EFFFFB6
:100E6000BC4EFFFFC24EFFFFC84EFFFFD44EFFFF38
:100E7000DA4EFFFFE04EFFFF224FFFFFE64EFFFF7F
:100E8000EC4EFFFFF24EFFFFF84EFFFF044FFFFF57
:100E9000224FFFFF224FFFFF224FFFFF224FFFFF96
:100EA000224FFFFF224FFFFF224FFFFF224FFFFF86
:100EB0000E4FFFFFFE4EFFFF224FFFFF144FFFFFBD
:100EC0001C4FFFFF1E54FFFF4A54FFFF6C54FFFFEF
:100ED0008254FFFF9654FFFFB254FFFFD054FFFF30
:100EE000E054FFFFFA54FFFF1055FFFF3255FFFF9C
:100EF0004855FFFF5C55FFFF7055FFFF8E55FFFF04
:100F00009E55FFFFB855FFFF4A57FFFF5E57FFFF93
:100F10007457FFFF9257FFFF0459FFFFDA57FFFF97
:100F2000D855FFFFF057FFFF0058FFFF2A56FFFF7D
:100F30002A56FFFFEA56FFFFF456FFFF0858FFFF4F
:100F4000B457FFFF1858FFFF8A58FFFFCC58FFFF28
:100F5000665BFFFFE058FFFFE058FFFFB45AFFFF5A
:100F60007459FFFFC258FFFF5C5BFFFFE058FFFFB3
:100F7000565AFFFFEC5AFFFFE058FFFFE058FFFF13
:100F8000E058FFFFE058FFFFE058FFFFE058FFFF89
:100F9000E058FFFFE058FFFFE058FFFFE058FFFF79
:100FA0003659FFFF005DFFFFE25DFFFFB45DFFFF0D
:100FB0001A5EFFFF1A5EFFFF925EFFFFD65EFFFF25
:100FC000E25DFFFFE25DFFFFE25DFFFFE25DFFFF2D
:100FD000E25DFFFFE25DFFFFE25DFFFFE25DFFFF1D
:100FE000E25DFFFFE25DFFFFE25DFFFFE25DFFFF0D
:100FF000F65EFFFFF65EFFFFE25DFFFFE25DFFFFD3
:10100000E25DFFFFE25DFFFFE25DFFFFE25DFFFFEC
:10101000505FFFFF505FFFFFBC63FFFFC663FFFF32
:10102000DC63FFFFE863FFFFFC63FFFF0464FFFF77
:101030000A64FFFF1264FFFF1A64FFFF2064FFFFD2
:101040002664FFFF2E64FFFF3464FFFF3A64FFFF56
:101050004264FFFF7C64FFFF7C64FFFF4864FFFF86
:101060005264FFFF5864FFFF5E64FFFF6464FFFF8C
:101070006C64FFFF7664FFFF5C64FFFF7864FFFF32
:101080008C64FFFFA466FFFFA464FFFFFE64FFFF04
:101090001265FFFF2665FFFF3E65FFFF5665FFFFF8
:1010A0006665FFFF7E65FFFFA466FFFF9665FFFF95
:1010B000A466FFFFA466FFFFA865FFFFCC65FFFFE6
:1010C000F065FFFF0466FFFF1266FFFF2466FFFF67
:1010D0006666FFFFFB349B5F80000080001000000D
:1010E00000000000070B0D1113171D1F25292B2FC2
:1010F000353B3D4347494F535961FF007A93FFFF0A
:10110000B693FFFFE294FFFF8695FFFF9695FFFFE2
:101110008296FFFF1A96FFFFF096FFFF9E97FFFF54
:101120000693FFFF8C94FFFF2E94FFFF6A96FFFF4C
:1011300026E4020026DC0200DCDB0200FCE0020008
:10114000CCE002009EE002005EE0020030E002001F
:1011500012E2020016E20200AADE02001AE2020017
:101160006ADE02001EE2020046DE020022E2020007
:1011700018DE020008DE0200D0DD020026E20200D6
:10118000AEDD02002AE202002EE2020032E202009C
:1011900036E20200E0DB0200F4DB02003AE2020089
:1011A0003EE2020042E2020046E202000AE20200DF
:1011B00044DD0200BADC02000EE20200A8E10200F7
:1011C00042E10200F8DB0200000102020303030314
:1011D00004040404040404040505050505050505C7
:1011E00005050505050505050606060606060606A7
:1011F000060606060606060606060606060606068F
:101200000606060606060606070707070707070776
:10121000070707070707070707070707070707075E
:10122000070707070707070707070707070707074E
:10123000070707070707070707070707070707073E
:101240000707070707070707080808080808080826
:10125000080808080808080808080808080808080E
:1012600008080808080808080808080808080808FE
:1012700008080808080808080808080808080808EE
:1012800008080808080808080808080808080808DE
:1012900008080808080808080808080808080808CE
:1012A00008080808080808080808080808080808BE
:1012B00008080808080808080808080808080808AE
:1012C00008080808080808082B43434C4B3A00005C
:1012D000E0FE000002000000D0120300E1FE00006A
:1012E0002A2A0000262A0000272A0000292A0000B6
:1012F000242A0000502A0000252A00000A180000B5
:1013000002000000FC120300282A0000232A00002B
:10131000E0FF00000200000010130300E1FF0000E6
:10132000E2FF0000E3FF000002000000481303009A
:10133000012A0000A62A000001290000032800005D
:1013400002290000002A0000001800000118000017
:10135000042A00000028000001280000052A0000DF
:10136000411122C426C21754FD1F1304A48A9754A6
:10137000FD1F9384E485944858409387019F06C6D7
:101380009C43639FE60682975440B74736FE938797
:1013900007C8B6973387A7003A856364F70063648C
:1013A000D7003305D7409754FD1F9384649E9C4C0F
:1013B00091CB938701AD94433707CDFF7D179C46B2
:1013C000F98F9CC611E148409747FD1F9387877CA2
:1013D000DC53829719E59C4C99CFEF00DF82EFF048
:1013E0007EEC9C4C89CB938701AD9843B7063300C4
:1013F0001C47D58F1CC7B2402244924441018280D1
:10140000829798489747FD1F83C7177A54401D8FCE
:10141000B307A7003E8563E4E700E3E6D7F833852A
:10142000D74051B753706C6974414300000000000D
:10143000000000004000000000000000000000006C
:10144000000000000000000001000000000000009B
:10145000000000000000000000000000000001008B
:10146000000000000000000000000000000000007C
:1014700000800000000000000000000000000000EC
:101480000000000034D10000F6CE0000F8CE0000CD
:1014900053706C69744143000000000000000000BC
:1014A000000000000000000001020304050000002D
:1014B00000000000889911112300000000000000C6
:1014C000000000000000000000000000000000001C
:1014D000000000000000000000000000000000000C
:1014E00000000000000000000000000000000000FC
:1014F00000000000000000000000000000000000EC
:1015000000000000000000000000000000000000DB
:1015100000000000000000000000000000000000CB
:1015200000000000000000000000000002000000B9
:101530005413030001000000D41203000200000055
:101540003C13030001000000F3260020020000000D
:10155000DC120300030000009228002002000000BB
:1015600038130300010000009023002092F80000CF
:10157000FAF70000000000004F5441204368616EFC
:101580006E656C00020000005413030001000000AF
:1015900000130300020000003C13030001000000E0
:1015A00006270020020000000C13030001000000C9
:1015B0009C280020020000003C13030001000000F2
:1015C000F826002002000000F012030001000000D5
:1015D000840B0300020000003C1303000100000024
:1015E0000427002002000000F812030001000000A0
:1015F000940B0300020000003C13030001000000F4
:10160000F526002002000000E412030001000000A3
:10161000480B0300020000003C130300010000001F
:10162000F626002002000000E8120300010000007E
:101630005C0B0300020000003C13030001000000EB
:10164000052700200200000008130300010000002D
:10165000A40B0300020000003C1303000100000083
:10166000F726002002000000EC1203000100000039
:10167000700B0300020000003C1303000100000097
:10168000F426002002000000E01203000100000028
:10169000380B0300020000003C13030001000000AF
:1016A0000327002002000000F412030001000000E4
:1016B000FC26002068F90000000000000000000087
:1016C0000200000054130300010000001413030083
:1016D000020000003C130300010000000727002067
:1016E000020000001C13030003000000285A002021
:1016F000020000003813030001000000B4250020A0
:10170000020000004013030003000000A428002092
:10171000020000003C130300010000000827002025
:10172000020000002013030002000000A05A002065
:10173000020000003813030001000000C82500204B
:10174000020000004013030003000000A82800204E
:10175000020000003C1303000100000009270020E4
:10176000020000002413030000000000185B0020AA
:10177000020000004013030003000000AC2800201A
:10178000020000003813030001000000DC250020E7
:10179000E4FB000016FB00000000000043686172DB
:1017A00061637465726973746963203100000000BD
:1017B000436861726163746572697374696320322E
:1017C000000000004368617261637465726973743C
:1017D000696320330000000002000000541303007E
:1017E0000100000028130300020000003C13030066
:1017F0000100000013270020020000004413030032
:101800000100000000000000020000003C13030083
:101810000100000010270020020000003013030028
:101820000100000030290020020000003C130300EA
:1018300001000000142700200200000050130300E4
:101840000100000018270020020000003C130300E4
:1018500001000000122700200200000034130300E2
:101860000100000011270020DA5E01003060010055
:1018700000000000020000005413030001000000FB
:1018800024270020020000003C1303000100000098
:101890002F270020020000005C130300000000005E
:1018A00000000000020000004013030003000000DD
:1018B00000000000000000008E6C0100000000002D
:1018C00030CF000062D6000078D50000FF0078001D
:1018D000020A0000FFFFFFFFFFFFFF0E02020202ED
:1018E0000200000001D70700001001020202021AE4
:1018F00018100000C3812F01020102020200000043
:101900005000A0000000E803FFFF000002000000FC
:101910004C1303000100FF20010502010110010129
:081920000201000000000000BC
:020000040006F4
:10D000006F00101D000000000000000090000020D4
:10D0100092000020A9BDF9F3940000200000000058
:10D020000000000096000020980000200000000092
:10D03000000000009A000020000000009C0000207A
:10D04000000000009E000020A0000020A2000020A0
:10D05000A4000020A6000020A8000020AA000020B4
:10D06000AC000020AE000020B0000020B200002084
:10D07000B4000020B6000020B8000020BA00002054
:10D08000BC000020BE000020C0000020C200002024
:10D09000C400002001A001A001A001A001A001A0E6
:10D0A00001A001A001A001A001A001A001A001A078
:10D0B00001A001A001A001A001A001A001A001A068
:10D0C00001A001A001A001A001A073270080B71753
:10D0D0000020218B9387479D01CB7327008098C345
:10D0E00098435D9B731007800F10000037170040B6
:10D0F000930670052300D704930680FA2300D70413
:10D100000F1000008346B70493F6F60DA305D7046D
:10D1100023000704732600809443A18AD18E739064
:10D12000068023A007000F1000009376050263809D
:10D1300006180347A700118B3DE373270080218B5E
:10D1400001CB7327008098C398435D9B73100780C1
:10D150000F10000037170040930670052300D70416
:10D16000930680FA2300D7040F1000008346A7001F
:10D1700093E646002305D70023000704F32600802A
:10D180009843218B558F7310078023A007000F1041
:10D1900000001307004B010001007D176DFF73278E
:10D1A0000080218B01CB7327008098C398435D9B3F
:10D1B000731007800F1000003717004093067005AA
:10D1C0002300D704930680FA2300D7040F10000031
:10D1D0007D892314A7000100010001000100230044
:10D1E0000704F32600809843218B558F7310078026
:10D1F00023A007000F10000073270080218B01CBB4
:10D200007327008098C398435D9B731007800F10AD
:10D21000000037170040930670052300D7049306DB
:10D2200080FA2300D7040F1000000F100000B7266B
:10D23000004013061005A383C68023000704F326CD
:10D2400000809843218B558F7310078023A007001F
:10D250000F10000073270080218B01CB7327008003
:10D2600098C398435D9B731007800F100000371719
:10D270000040930670052300D704930680FA23002C
:10D28000D7040F1000008346B70493E60608A305F1
:10D29000D70423000704F32600809843218B558F81
:10D2A0007310078023A007000F1000008280937680
:10D2B0000504638706140347A700418B3DE37327EA
:10D2C0000080218B01CB7327008098C398435D9B1E
:10D2D000731007800F100000371700409306700589
:10D2E0002300D704930680FA2300D7040F10000010
:10D2F0008346A70093E606012305D7002300070411
:10D30000F32600809843218B558F7310078023A04C
:10D3100007000F1000001307007D010001007D17BA
:10D320006DFF73270080218B01CB7327008098C38A
:10D3300098435D9B731007800F1000003717004063
:10D34000930670052300D704930680FA2300D704C0
:10D350000F1000009376F50193E606042314D7001E
:10D36000010001000100010023000704F3260080F2
:10D370009843218B558F7310078023A007000F104F
:10D38000000013076004631FE50273270080218BF0
:10D3900001CB7327008098C398435D9B731007806F
:10D3A0000F10000037170040930670052300D704C4
:10D3B000930680FA2300D7040F100000B726004020
:10D3C000094695BD73270080218B01CB7327008010
:10D3D00098C398435D9B731007800F1000003717A8
:10D3E0000040930670052300D704930680FA2300BB
:10D3F000D7040F100000B72600401306200525BDF6
:10D4000073270080218B01CB7327008098C398433A
:10D410005D9B731007800F100000371700409306C4
:10D4200070052300D704930680FA2300D7040F1059
:10D4300000008356870093E6060C2314D700F5BB43
:10D440004111814601468145114506C6212C7327AD
:10D450000080B7170020218B9387479D01CB73274E
:10D46000008098C398435D9B731007800F100000E5
:10D4700037170040930670052300D704930680FAFF
:10D480002300D7040F1000008346670493E61600BC
:10D490002303D70423000704F32600809843218B3D
:10D4A000558F7310078023A007000F100000B240B3
:10D4B00041018280814601468145114565227327DD
:10D4C0000080B7170020218B9387479D01CB7327DE
:10D4D000008098C398435D9B731007800F10000075
:10D4E00037170040930670052300D704930680FA8F
:10D4F0002300D7040F100000FD562316D702230087
:10D500000704F32600809843218B558F7310078002
:10D5100023A007000F10000073270080218B01CB90
:10D520007327008098C398435D9B731007800F108A
:10D53000000037170040930670052300D7049306B8
:10D5400080FA2300D7040F1000008346670493E697
:10D5500016002303D70423000704F3260080984312
:10D56000218B558F7310078023A007000F10000038
:10D5700001A0BD473305F50201007D1575FD8280D0
:10D58000411122C426C206C6AA840144631794002E
:10D59000B240224492444101828005041305803E3A
:10D5A0004204C13F4180DDB72303048015472303B4
:10D5B000E48001002302A480828083076480E3CE9C
:10D5C00007FE23030480828083076480E3CE07FE86
:10D5D00003454480828083076480E3CE07FE2302F4
:10D5E000A4808280411126C44AC24EC006C6137769
:10D5F000F50BAD47AA892E8995446306F7001945B6
:10D600006537653F8D444E854537FD59FD14639858
:10D610003401B240A244124982494101828013552B
:10D6200009011375F50F453F2209CDB7011126CC2D
:10D6300006CEB704080051371545BD377137693735
:10D640002AC6A53F32459377150089EB136515006F
:10D650001375F50FF240E24405618280FD14E9FC88
:10D660000145CDBF397126DC4ADA4ED852D656D4A0
:10D670005AD25ED006DE62CE66CCB7E700E07D57B8
:10D6800083AA070022C603AA470023A0E71823A203
:10D69000E718B7170040130770052380E704130746
:10D6A00080FA2380E70483C74704930B75FFB68491
:10D6B000E20793FBFB0F8546AA892E8B328937241C
:10D6C0000040E187015763FA76016308D500894677
:10D6D000130700026313D5000157D98F93F7F70F93
:10D6E000B71C00402382FC0411472303E480130588
:10D6F000F00F5D3D094CD135636D7C11B705070016
:10D70000DA9537870700795563F2E504B38795000A
:10D71000636EF702370B0800A94733EB6501639985
:10D72000F90689E48144513D26850DA0DA85094535
:10D73000553D05090345F9FFFD14050B693D81C4FD
:10D740009377FB0FFDF7DD3569FD7D55B717004079
:10D75000130770052380E704130780FA2380E7048A
:10D7600003C74704418B2382E704F250B7E700E088
:10D7700023A0571123A24711E25432445259C259EF
:10D78000325AA25A125B825B724CE24C2161828057
:10D79000A5476395F90685691309F00FB30699004B
:10D7A000B3742B01B6941349F9FFB3749900856BD8
:10D7B00033796901416B9387F9FFB3F7270199E347
:10D7C00063FC340193D94900C147E3E637FF99BFB1
:10D7D0000569C1697D19D9B71305800D6388690191
:10D7E000130500026384790113051008CA85DD3B27
:10D7F000353D21DD4E99B3843441D9B7DA852D45C5
:10D80000D533CA94E30099F205097D3BA30FA9FE25
:10D81000D5BF9387F9FF93F7F70F6361FC0C83C7BC
:10D820001C0413073008631FF70437070800636BF5
:10D83000EB04B3079B00B706100063F5D704334B26
:10D84000EB0089476393F9068980D549E38C04ECA2
:10D85000DA850945413B11090327C9FF9147232078
:10D86000E48003076480E34E07FE23033481FD1741
:10D87000EDFBFD14110B81C49377FB0FE9FF7D33A2
:10D8800071F5E1B5B717004003C75704B7070800A3
:10D890001377070219E3B78707007955E378FBEAA6
:10D8A00033079B00E3FFE7F855B58547E382F9F2BC
:10D8B000DA852D45053B9389F4FFE38504E629339A
:10D8C00093F7390091EB832604800327090093071F
:10D8D0004900E39AE6E43E89CE84F1BFB5476396FA
:10D8E000F9001305900BC93135BDB1471305B00AD6
:10D8F000E38BF9FE99476391F904B7050800B36516
:10D90000BB002D45C53181448D4BA14975396396C6
:10D910007401832704802320F9008504E39834FFF1
:10D920008327048013172B01635507002312F90086
:10D93000D5BB2322F900FDB39D476399F9028145C8
:10D940001305B0044531BD442320090023220900FA
:10D95000FD599D3993F77400CA9703C70700FD145A
:10D96000398D2380A700E39634FF6DBBA1476392F6
:10D97000F9046D398144630D0B008D479304C00396
:10D980006308FB009304000563048B0193044004C7
:10D990001375C507E30895D8194539313939054557
:10D9A000213126850D3909453D314931E31C05D624
:10D9B00069BB91476399F90013056006F536F53E9A
:10D9C000130590090DB7E38F09D4F154A9BB0000EA
:10D9D0009741F91F9381018017A1F91F13018162FB
:10D9E00017F5FFFF130545629725F91F938585619C
:10D9F0001736F91F1306C6FD63FAC500832205001A
:10DA000023A0550011059105E3EAC5FE17050000A6
:10DA10001305C54D9735F91F938585FB1736F91FFB
:10DA2000130646FB63FAC5008322050023A05500B8
:10DA300011059105E3EAC5FE1735F91F130585F9B0
:10DA4000938581A56377B500232005001105E36D5B
:10DA5000B5FEFD42739002BC8D4273904280B722A6
:10DA6000000093828288739002309722F91F93827C
:10DA7000625993E232007390523037170040930797
:10DA800070052300F704930780FA2300F7040F10B2
:10DA900000003C47B70600FAE116F58FB70600060E
:10DAA0009506D58F3CC7970200009382421C739065
:10DAB000123473002030B786B8ED014793860632E2
:10DAC00093170701C18363E3C7008280B387E50032
:10DAD00083C707003D8DA14713581500058911C163
:10DAE0003685FD1793F7F70F3345A800F5F70507BF
:10DAF000C1BF011122CC4AC84EC652C456C25AC038
:10DB000006CE26CAAA8AAE897D590144130B00109D
:10DB1000636E3401F24062441345F9FFD244424936
:10DB2000B249224A924A024B05618280B3878940FA
:10DB3000930400106365FB0093940701C1803305D3
:10DB4000540126869385018BF1244A852686938588
:10DB5000018B95372A89269465BF938781809443EA
:10DB6000374754311307F71401456399E60483C618
:10DB7000470005476394E60483C657001547636F63
:10DB8000D70203876700634B0702D44B3747030074
:10DB90006366D702411122C41306400A03A4470A50
:10DBA000938581807D5506C639371345F5FF018D74
:10DBB000B24022441335150041018280828037171C
:10DBC00000208327079D011122CC4EC606CE26CA0F
:10DBD0004AC89D669309079D1D646394D70013840A
:10DBE00007109384019B9C441306400A9385019B74
:10DBF00085077D559CC4C1351345F5FF23A2A40AB2
:10DC0000930600100146A28525459730F91FE7804D
:10DC100060A509C90145F2406244D2444249B24973
:10DC2000056182809306800A1386019BA28529459F
:10DC30009730F91FE78000A371FD13898180930657
:10DC4000800A13868180A2852D459730F91FE780D1
:10DC500060A169F119375DDD032789009C44E31B4E
:10DC6000F7FA23A0890005457DB779711305800473
:10DC700006D622D426D24AD04ECE52CC56CA5AC844
:10DC80005EC69720F91FE78040449306800A1386FA
:10DC900081809D652D459730F91FE780A09C8144C8
:10DCA0000DE1653DAA8411CD1306800A938581801C
:10DCB0001385019BB52AB71700201D6723A8E79C91
:10DCC00085449D659306800A13868180938505109F
:10DCD0002D45138981809730F91FE780A09845E58D
:10DCE000AD3D55C189C81387019B8327890018471B
:10DCF000998F6350F0021306800A93858180138503
:10DD0000019B3D229D67371700209387071023282A
:10DD1000F79C9387019B03C7570095471384019B8A
:10DD20006314F7064C48B74703001387F5FF637A7F
:10DD3000F70637750300753B1C4C6314F506444821
:10DD40008567FD17BE94FD77FD8C01498569636089
:10DD500099048144930A0010377B0300856B4C487B
:10DD600063EDB404056571331C4C631CF5021C485B
:10DD7000A3020400230304005CC4232E0400232018
:10DD80000402353D11A0D1F48567829701A04E9918
:10DD900085660146CA8505459730F91FE780808C66
:10DDA0005DD54C4837750300A9331C4C630FF5044F
:10DDB000A302040023030400E9B7858D13090010B2
:10DDC00063E6BA0013990501135909014A86938540
:10DDD000018B338564013D28338A7401CA8613861A
:10DDE000018BD28509459730F91FE780A08755F947
:10DDF000CA861386018BD2850D459730F91FE780BF
:10DE0000608645F19384041099BF9720F91FE7803D
:10DE100020639DBF0D06719A81473307F500639318
:10DE2000C700828014433387F500910714C3F5B708
:10DE3000B3C7A5008D8B3307C50081E78D4763EE1F
:10DE4000C700AA876370E50A83C6050085078505B4
:10DE5000A38FD7FEE3EAE7FE828093763500AA8798
:10DE600091CA83C6050085078505A38FD7FE93F663
:10DE70003700FDB79376C7FF138606FE63F0C7062B
:10DE800083A3050083A2450083AF850003AFC500CF
:10DE900083AE050103AE450103A3850183A8C50137
:10DEA0009385450223A0770003A8C5FF23A257004E
:10DEB00023A4F70123A6E70123A8D70123AAC701BA
:10DEC00023AC670023AE17019387470223AE07FFF9
:10DED00075B790419107910523AEC7FEE3EBD7FEDE
:08DEE000E3E4E7F68280000094
:00000001FF
