:020000040000FA
:040000006FD00600B7
:101000006F2000240000000000000000900000207D
:1010100092000020A9BDF9F3940000200000000018
:101020000000000096000020980000200000000052
:10103000000000009A000020000000009C0000203A
:101040000000000082020020A0000020A20000207A
:10105000A4000020A6000020A8000020AA00002074
:10106000AC000020AE000020B0000020B200002044
:101070004E010020C6000020B8000020BA00002069
:10108000BC000020BE000020C0000020DC000020CA
:10109000C400002001A001A001A001A001A001A0A6
:1010A00001A001A001A001A001A001A001A001A038
:1010B00001A001A001A001A001A001A001A001A028
:1010C00001A001A001A001A001A0B71700401307D3
:1010D00000032388E702054723A6E186730020303A
:1010E00037470040834747C09146BD8B638FD70089
:1010F00063E7F60009476389E704730020309946E7
:10110000638AD7003147E39AE7FE3746004013056C
:10111000F00F0DA0834757C0CDB7034786C01377A4
:10112000F70F638DA6001388160023800701B6977A
:101130002381E70083C641C4938741C40347A6C007
:101140001377F70F79FB55BF978000E0E780603A8F
:101150006DB7138701EC03472705938701EC19EF5F
:10116000971001E0E780A0EEB7E700E0370700083E
:1011700023A0E7180F10000073002030B73600409E
:1011800003C7464011463D8B6304C702636CE6000B
:101190008947E313F7FE89450145971001E0E78091
:1011A00060E8D9BF1946630DC700B146E316D7FC06
:1011B0004166B73800409386C1137D169D4E89A0C5
:1011C00083C7564055BFC84B9385419403C705005C
:1011D000050503C88840C8CB138551940345050015
:1011E00005071377F70F1378F80F6311A70203D7DA
:1011F00007016305C70005072398E7002384D70389
:1012000003C7A8401377F70F5DFFBDB703C50500FF
:101210003695230005012380E500DDB7411122C486
:1012200026C24AC006C601441309703EEF00A07CE6
:101230004145977000E0E780007097E000E0E780AC
:101240002060EF00407B97E000E0E7802064EF0043
:10125000807A97E000E0E780606F09E883A7419813
:10126000637CF90097A000E0E780803A97A000E057
:10127000E780807605445DBF13050002977000E0AB
:10128000E780606B65B73727004083476700858B31
:10129000B1C305462303C700138741991C43850743
:1012A0001CC3138741981443A90614C313F71700EE
:1012B00019E32385C198294733F7E70201E78546FB
:1012C0002384D19813074006B3F7E70281E7054767
:1012D000A384E198730020304111B7170040985F54
:1012E0003AC6945F3247E39CE6FE32454101828074
:1012F00073270080218B9387C19D01CB73270080CA
:1013000098C398435D9B731007800F100000371738
:101310000040930670052300D704930680FA23004B
:10132000D7040F1000008346B70493F6F60DA3050B
:10133000D70423000704732600809443A18AD18E2A
:101340007390068023A007000F100000937605021B
:10135000638006180347A700118B3DE373270080C5
:10136000218B01CB7327008098C398435D9B73103A
:1013700007800F1000003717004093067005230008
:10138000D704930680FA2300D7040F100000834689
:10139000A70093E646002305D70023000704F326A1
:1013A00000809843218B558F7310078023A007007E
:1013B0000F1000001307004B010001007D176DFFA7
:1013C00073270080218B01CB7327008098C398433B
:1013D0005D9B731007800F100000371700409306C5
:1013E00070052300D704930680FA2300D7040F105A
:1013F00000007D892314A700010001000100010005
:1014000023000704F32600809843218B558F731027
:10141000078023A007000F10000073270080218B96
:1014200001CB7327008098C398435D9B731007809E
:101430000F10000037170040930670052300D704F3
:10144000930680FA2300D7040F1000000F1000004D
:10145000B726004013061005A383C68023000704A7
:10146000F32600809843218B558F7310078023A0AB
:1014700007000F10000073270080218B01CB73271A
:10148000008098C398435D9B731007800F10000085
:1014900037170040930670052300D704930680FA9F
:1014A0002300D7040F1000008346B70493E6060814
:1014B000A305D70423000704F32600809843218B5B
:1014C000558F7310078023A007000F100000828043
:1014D00093760504638706140347A700418B3DE319
:1014E00073270080218B01CB7327008098C398431A
:1014F0005D9B731007800F100000371700409306A4
:1015000070052300D704930680FA2300D7040F1038
:1015100000008346A70093E606012305D7002300B9
:101520000704F32600809843218B558F73100780A2
:1015300023A007000F1000001307007D0100010029
:101540007D176DFF73270080218B01CB73270080EF
:1015500098C398435D9B731007800F1000003717E6
:101560000040930670052300D704930680FA2300F9
:10157000D7040F1000009376F50193E606042314B8
:10158000D700010001000100010023000704F32639
:1015900000809843218B558F7310078023A007008C
:1015A0000F10000013076004631FE502732700801B
:1015B000218B01CB7327008098C398435D9B7310E8
:1015C00007800F10000037170040930670052300B6
:1015D000D704930680FA2300D7040F100000B72623
:1015E0000040094695BD73270080218B01CB7327EE
:1015F000008098C398435D9B731007800F10000014
:1016000037170040930670052300D704930680FA2D
:101610002300D7040F100000B72600401306200552
:1016200025BD73270080218B01CB7327008098C3D1
:1016300098435D9B731007800F1000003717004020
:10164000930670052300D704930680FA2300D7047D
:101650000F1000008356870093E6060C2314D70072
:10166000F5BB4111814601468145114506C6EF1083
:10167000900673270080218B9387C19D01CB732730
:10168000008098C398435D9B731007800F10000083
:1016900037170040930670052300D704930680FA9D
:1016A0002300D7040F1000008346670493E616005A
:1016B0002303D70423000704F32600809843218BDB
:1016C000558F7310078023A007000F100000B24051
:1016D000410182808146014681451145EF10A07F7E
:1016E00073270080218B9387C19D01CB73270080D6
:1016F00098C398435D9B731007800F100000371745
:101700000040930670052300D704930680FA230057
:10171000D7040F100000FD562316D702230007043C
:10172000F32600809843218B558F7310078023A0E8
:1017300007000F10000073270080218B01CB732757
:10174000008098C398435D9B731007800F100000C2
:1017500037170040930670052300D704930680FADC
:101760002300D7040F1000008346670493E6160099
:101770002303D70423000704F32600809843218B1A
:10178000558F7310078023A007000F10000001A0E1
:10179000BD473305F50201007D1575FD82804111BD
:1017A00022C426C206C6AA84014463179400B2402C
:1017B000224492444101828005041305803E420484
:1017C000C13F4180DDB719CD91CD09CE8147338727
:1017D000F500834607003307F50085072300D7008F
:1017E000E317F6FE828019C991C909CA910583A73A
:1017F000C5FF11057D16232EF5FEC5BF828001C9E8
:1018000019C62A960505A30FB5FEE31DA6FE828024
:1018100081473307F5000307070019E33E858280FF
:101820008507C5BF01112E8626CAAA841315060195
:101830009305F004418122CC06CE32C6EF00F05170
:101840002A8401C53246A685BD3F2285F240624406
:10185000D24405618280854715C18DC105C281478B
:10186000B306F5003387F50083C60600034707007B
:101870006398E6008507E315F6FE85473E8582807E
:101880008147EDBF9307F6FFBE952A966313C50007
:101890008280FD1583C715000505A30FF5FEFDB772
:1018A000AA87014581CF09CE3E96850703C7F7FF7A
:1018B0006317B700E39BC7FE054582808280014520
:1018C000828079719387819F22D4804306D626D265
:1018D0004AD04ECE52CC56CA5AC85EC65DCCB7C4AA
:1018E000C901014B9389019F9384F437175A000073
:1018F000130A8A2A975A0000938ACA2D17590000A2
:10190000130989318357240085E35C44631B0B0072
:1019100023ACF19E832BC4002285EF0070505E84BF
:10192000B9A82326FB00FDB783A7090082971C44B2
:101930003307F5406376F500032749001D8F2A978A
:1019400063E0E4089757000023AE0728835524007E
:1019500003450400971001E0E780E0B35C40584481
:10196000A1CB0C4403264900AE97BE8663E4B700C2
:1019700063E4C700B386C74014C4228B3A8459F08D
:1019800097570000938707259C4B09476370F7061C
:10199000F917175700002327F724B2502254925406
:1019A0000259F249624AD24A424BB24B45618280A7
:1019B00063150B0023ACE19EB1BF2326EB0099BF5A
:1019C00003274A0209CF63EFA7003385A74083A707
:1019D0000A016376F5009757000023A5A720228B04
:1019E000404471BF03274900BA97C5B79757000015
:1019F00023AA071E5DB7411122C417540000130427
:101A0000E41F1C4006C626C24AC091C7829797575A
:101A1000000023A5071E9757000083C7F737858B63
:101A2000975400009384043795C397570000A3850B
:101A3000073683C774001547637AF700052B83C701
:101A40007400F5178A07A2979C4382971C4491C3A0
:101A500082971389419E0327090017560000034609
:101A600076179757000083C7E71693961700BA9624
:101A700083D60600C5CE9757000083C7A71563E13C
:101A8000C70C97570000238707141C406395071263
:101A90009757000083C7973091CF83C7740093F79F
:101AA000F70F89EB97570000A38A072E971002E0E3
:101AB000E780C0BF9387019F9C43638E070E9757B3
:101AC000000093876715DC4317570000232CF7109D
:101AD000CD3B975700009387270CDC53E9CF17576E
:101AE00000001307270F184B9757000083C7170CE8
:101AF0006363F70C83C774001547636EF70A975743
:101B0000000083C7A72D918BDDE7032609009756B8
:101B1000000083C6360C63C6D70A2244B240924402
:101B200002494101171303E06700C381850793F75A
:101B3000F70F97560000238FF608E3E4C7F225BF9E
:101B400086073E9783550700231007002396019EC2
:101B50009387C19F9C43175500000345A5071317A2
:101B60002500BA979C43829783D7C19E17570000E0
:101B70000347470693C7F7FF7D8D93171700032789
:101B800009003E97835707005D8D2310A7009757E4
:101B9000000083C7270491C7850717570000230B50
:101BA000F702175700000347E7029757000083C763
:101BB0007702E378F7ECB2402244924402494101B3
:101BC0008280139717003297035707006DF7850738
:101BD00099B7AD6737C70040BD072326F7200F1020
:101BE0000000975700009387E7FEC84F832787269A
:101BF000BD66BD0693C7F7FF99836A052326D720E4
:101C00005D8D82804111B7170040985F3AC6945F9E
:101C10003247E39CE6FE3245410182801305F00F16
:101C200082800111975700009387072322CC03A4D9
:101C3000070C26CA06CE2AC42EC6854419E40145DF
:101C4000F2406244D2440561828083479100034799
:101C50001400858B6304F7000044CDB71946930543
:101C6000A10013052400C53EE31895FE0545C9BF34
:101C7000138781AB1C439306001094C3010001003D
:101C8000010001001C4323A0070083461500034800
:101C90002500A2064208C29603480500C2960348E2
:101CA00035006208C29694D7834655000348650004
:101CB000A2064208C29603484500C2960348750032
:101CC0006208C296D4D7834695000348A500A206B1
:101CD0004208C29603488500C2960348B5006208D0
:101CE000C29694DB8346D5000348E500A20642086D
:101CF000C2960348C5000345F500C2966205AA9640
:101D0000D4DB83C6150003C52500A2064205AA96AA
:101D100003C50500AA9603C535006205AA9694CFAF
:101D200083C6550003C56500A2064205AA9603C5F1
:101D30004500AA9603C575006205AA96D4CF83C64E
:101D4000950003C5A500A2064205AA9603C5850015
:101D5000AA9603C5B5006205AA9694D383C6D5009A
:101D600003C5E500A2064205AA9603C5C50083C5C2
:101D7000F500AA96E205AE96D4D3D443F59AD4C31F
:101D8000D44393E61600D4C3944393E6160094C359
:101D9000BA879443D842058B59E3984E01452300F6
:101DA000E6009843184F2183A300E6009843184F9C
:101DB00041832301E6009843184F6183A301E600A5
:101DC0009C43D84F2302E600D84F2183A302E600AC
:101DD000D84F41832303E600D84F6183A303E60075
:101DE00098532304E60098532183A304E6009853F4
:101DF00041832305E60098536183A305E600D85389
:101E00002306E600D8532183A306E600D853418376
:101E10002307E600DC53E183A307F600828001007C
:101E20008DBF1387C1AB1443411122C49C5E4AC0CD
:101E300006C6998326C2858B3A84138981ABD1C7A4
:101E40009C5E975400009384E4F493F7F7F99CDECA
:101E500017570000034767F493070008631BF70058
:101E6000832709009C4393F70704175700002306B4
:101E7000F7F283C7040093F707048DC39387019F8C
:101E80009C4382979757000023AEA7F083C70400B6
:101E900093F7F70B17570000230EF7EE83C74400A4
:101EA00093F707049DE3854717570000A306F7EE55
:101EB000938781AC9C43096798C7130700FC97562A
:101EC0000000238BE6ECD844F8D31C40985F1183C4
:101ED000058B09CB985F3D9B98DF0547975600001F
:101EE000238CE6EA985F1D83058B11CB985F1377EF
:101EF000F7F798DF854717570000230FF7E8832788
:101F00000900D8430583058B19C7D843759BD8C3EF
:101F1000D843799BD8C3B24022449244024941013C
:101F20008280397106DE16DC1ADA1ED82AD62ED443
:101F300032D236D03ACE3ECC42CA46C872C676C4F9
:101F40007AC27EC0F93DF250E2525253C25332552A
:101F5000A255125682567247E2475248C248324E44
:101F6000A24E124F824F216173002030938781ACC3
:101F70009443975700009387E7E103C70700058B59
:101F800011CB97570000238907E097570000A385DE
:101F900007E0828003C71700058B65F7F85271FFD1
:101FA00083C75700DDB71388C1AB032708001C5F48
:101FB0009583858BD1E709C61C5BBD832300F600A2
:101FC00085CA83270800985B4607935767016356C5
:101FD000070093E707C0C207C18303970600C20743
:101FE000C18709C7BA970947B3C7E7022390F6002C
:101FF00085CD834715008DCB9756000083C6E6D963
:1020000093F606041387970089478DCA3A950347CC
:102010000500854699471376F7066311D6026207D5
:102020006187B947634C0700832708009C5FED83F5
:102030008D8B17570000A304F7D681473E85828019
:102040008547EDBF411122C406C6138481AC1840F8
:102050002DE9AE877453FDFE3E85B285975700008B
:10206000238B07D2970002E0E78080399387C1ABCA
:102070009C43B70680009843558F98C3D857719BEF
:10208000D8D797570000A38907D097570000A3839C
:1020900007D01C40094798C3144017570000130786
:1020A00067CF83472700858B89EB83473700858B74
:1020B000D9C397570000238107CEB2402244410183
:1020C00082808D47631EF5009387C1AB9C43B706A2
:1020D00080009843558F98C3D857719BD8D76DBF50
:1020E0008547E31BF5FA5447F977FD17F58F5CC771
:1020F0000F1000001C40096798C7130700F8175617
:102100000000230BE6C81387C1AB1043184231838C
:102110000D8B11E713076019F8D3D4C7B5BF184268
:10212000094631830D8B6315C7001307E043EDB7F4
:102130001307E01BD5B7FC52ADF741B75D71A2C4E0
:10214000A6C22A84130680022800AE8493051008D4
:1021500086C6CAC04EDE52DCEFF06FEA3545970006
:1021600002E0E78040661383C1AB832703009376C8
:10217000F41F138E01AD23A40700984B938E81ACFE
:10218000370FFCFF1367F70398CBF84F130510F8D0
:10219000B7020400137707E0558FF8CF9843F57620
:1021A000FD16758F98C39843B706330093038025B7
:1021B0001377F7E798C3984311497D1F1377F7E723
:1021C0001367071098C303270E008549930F8002F9
:1021D0001C47D58F1CC783A70E001307900D340032
:1021E000B8CB014793553700A69583C705001376F2
:1021F0007700B3D7C740858BE1C3832703008328CB
:102200000E00239C07042390070603A8C802137836
:10221000D8FF23A6080383A807001378F70793F8CD
:1022200008F833E8080123A0070103A84702336830
:10223000580023A2070383A80E00014823A27806B2
:1022400003DA07066307480303A80703038A0600A7
:102250001358F80062081358884163580A0103A80C
:1022600007031358F8002380060103D807061378E4
:10227000F80F03AA480663060A0003DA8705E37F1E
:1022800049FB03A847023378E80123A207038387A9
:102290000600635CF40003C805003396C9001346CA
:1022A000F6FF337606012380C5003E8663D3A70080
:1022B0002A8613158601618505071377F70F8506B2
:1022C000E312F7F3B640264496440649F259625A9F
:1022D00061618280938681AC9C42D84713161701B6
:1022E00063550602984713161701635006027D577F
:1022F000B8D7175700001307E78D584F0507175633
:1023000000002327E68E116798C798470D83058B39
:102310001DCB17570000034707A813671700175670
:102320000000230AE6A6130700F81756000023054D
:10233000E6A6214798C71387C1AB10435856719B37
:102340001367170058D69847058B0DC7175700001D
:10235000034757A41367170017560000A30CE6A203
:10236000054798C71387C1AB10435856719B136735
:10237000170058D698470983058B09E798470583C6
:10238000058B21CF9847175600001306A6A013858A
:10239000C1AB0983058B63030710184118433183D0
:1023A0000D8B75EBAC4B184E93F5050203471700E8
:1023B000CDCD79EF13077006D8CF0347060013671A
:1023C0001700175600002307E69C114798C71841CD
:1023D0005C57F19B93E717005CD79C429847931694
:1023E000370163D606029756000083C666AEC18ADF
:1023F00017570000130747A6C5CE03478707136783
:102400000702975600002385E6AC056798C79847F2
:102410009316270163D10602175700000347C79799
:1024200062076187635707000547975600002385B9
:10243000E696096798C798479316070163D6060280
:102440009756000083C6D6A8858A17570000130741
:10245000A7A0ADCE03479707136727009756000044
:10246000A388E6A6216798C7828029D7854563158A
:10247000B7001307B00689B789456315B70013077E
:10248000F0061DBF8D456315B700130730072DB744
:102490001307500715B71307600739BF0347360006
:1024A0001367170017560000A307E68E094739BFC8
:1024B000834687070946BD8A6388C60003478707A6
:1024C0008D463D8BE313D7F4114725BF834697070D
:1024D000918AC9DA034797071367870041B73971B3
:1024E00006DE16DC1ADA1ED82AD62ED432D236D020
:1024F0003ACE3ECC42CA46C872C676C47AC27EC0C4
:10250000D13BF250E2525253C2533255A2551256A9
:1025100082567247E2475248C248324EA24E124F8C
:10252000824F216173002030938781AC9843856787
:10253000938707777CD3938701AD9C4383A60709D4
:10254000139656006358060083A607091396660083
:10255000634406007453FDF2828061C1AA8701457D
:10256000DDCD8D07C207C183F19BC207C18313076D
:102570004003636BF7021387C1B50843138741B566
:1025800014436396A602174700001307E760185B21
:10259000014551C74111C20706C60545DD8D0297A9
:1025A000B240014541018280138781B5F9B70357D5
:1025B000650035E303574500636FF704B306F74042
:1025C0002146637CD60203280500938687001D8F71
:1025D000AA96611717460000035626602392E6006C
:1025E00023A006012393060014C12312F50013074C
:1025F00086FF974600002392E65E2313B5009745B9
:10260000000083D5855DB387F5401747000023168A
:10261000F75C210582800841ADB701458280828048
:1026200009CD9387C1B503A30700938741B583A85C
:10263000070081469A8763E31701828003A8070099
:102640006369F50A6367A80A13878700E367E5FEF5
:1026500003D66700216705076317E60003C701A9D2
:1026600005072388E1A8974500009385A55603D662
:10267000470003D765002393070032974207418341
:1026800017450000231BE55463886702138581B555
:1026900008416303F50203D5660019ED83D74600B0
:1026A00023A0060121073E9621062392C6009747E4
:1026B00000002394E752B6879843E30017F9938606
:1026C00081B59442E30BD7F683566700BDF683D6F7
:1026D0004700035647001843A106B2962392D7003D
:1026E00098C383D76500A107174700002317F74E4B
:1026F0008280BE86C28781B70327851163020712D5
:10270000411122C406C68347C5008345E5042A84D7
:1027100093F7C70F2306F500834697000356C700BB
:1027200013958601618563F2C508635B0506034561
:10273000870093F6F607A304D700054693E6270023
:102740006314C50093E617002306D4005C43890791
:102750005CC3A30AB400032504112E864C4309056B
:10276000EFF06F868327841103465401D44303D7C7
:10277000C700B296118FD4C32396E7008947A30DF3
:10278000F400034764039747000083C70742637858
:10279000F7048347C40093E707012306F40081A0F0
:1027A00093E717002306F4006DB79376F60F635D89
:1027B000050203458700854513E627006314B5002D
:1027C00013E617002306C400A30AD400A3040700DD
:1027D0008547A30DF400832784119C43DDF3B240A9
:1027E000224401454101828093E717002306F4004B
:1027F000A30AD400A3040700032504114C430905D0
:10280000EFE07FFC8327841103465401D44303D7B0
:10281000C700B296118FD4C32396E7008D4755BFEA
:10282000054582809387C1B69C43411122C406C6E8
:10283000858B2A84C5EF4165130525F597B002E025
:10284000E780603845C58347A5002315F500832739
:102850000412BDE72320A4122322A41285472311CA
:10286000F404232005008347640154412316F50036
:102870000347D4002304E5000547A304E5001747F8
:10288000000013072751184F1385170215811C43A9
:102890007D151375F50F9CC25C43DCC21C479CC6BA
:1028A0005C47DCC61C4B9CCA5C4BDCCA1C4F9CCEF4
:1028B0005C4FDCCE19CD9386060213070702C1BF19
:1028C0008327441288C3835724042322A412850734
:1028D00079B79747000083D7A758850717470000A7
:1028E0002310F758B2402244410182808347C4003C
:1028F00023090400054593C747002306F400DDB70C
:102900008347850193F7E70FC5EF83479501CDEB2B
:10291000034625018346C50009CA83456503174759
:1029200000000347972863E7E50013F7060151CB42
:10293000014709C6C18A0357651C81C68356A51C79
:10294000369741C31307C712174500000355452D9D
:10295000B335A70237460F004111130606248146FE
:1029600022C426C206C67D543305A70297E002E0C2
:10297000E78080309747000083C79723B384A70080
:10298000974700009387474D03A7870983270709C7
:1029900063F387003E84184375FB9387019F9C4334
:1029A000829781476364A400B307A440B2402244E5
:1029B000B3B7970093C7170092443E8541018280C8
:1029C00081473E858280938781AC98437C53FDFF8D
:1029D0008280797126D206D622D44AD04ECE52CCED
:1029E00056CA5AC85EC68347550303447513AA8462
:1029F0003E941374F40F9307400263F687001304A8
:102A0000B4FD1374F40F03AA841383AAC413A38B15
:102A1000841222865285D68597E002E0E780402026
:102A2000058915E503CBD41201498149337B640341
:102A3000930B50024A865285D68597E002E0E780E4
:102A4000201E058915C5639169031374F90F238B43
:102A50008412B250225492540259F249624AD24A24
:102A6000424BB24B456182808509E20993D9894185
:102A70000509E31179FDE1BF8327850903560504A4
:102A8000797193D60701BD8EC206C182358E135768
:102A9000764093575640898B058B5D8F9357364010
:102AA000918B5D8F93571640A18B5D8F9317160006
:102AB000C18B5D8F9317360093F707025D8F9317D5
:102AC00056009355860093F707041E065D8F137614
:102AD000F60F518F93D7554013D63540118A898B05
:102AE000D18F13D67540D18F13D61540218AD18F3F
:102AF00013961500418AD18F13963500137606027E
:102B0000D18F13965500137606049E05D18F93F549
:102B1000F50FCD8FA20745465D8F3307C70222D43C
:102B20002A8426D252CC56CA032A8413832AC41379
:102B30005AC806D6369742074183935777401355B4
:102B400057400989858BC98F135537401189C98F23
:102B5000135517402189C98F131517004189C98F53
:102B60001315370013750502C98F131557009355B8
:102B70008700137505041E07C98F1377F70FD98FC8
:102B800013D5354013D755401189098B498F13D57B
:102B90007540498F13D515402189498F139515002C
:102BA0004189498F1395350013750502498F139597
:102BB0005500137505049E05498F93F5F50F4D8F4C
:102BC0002207D98FB387C7024AD04ECE5EC662C4F1
:102BD000B697C207C18313D7774013D557400989E9
:102BE000058B498F13D537401189498F13D517406D
:102BF0002189498F139517004189498F1395370013
:102C000013750502498F1395570093D587001375E7
:102C100005049E07498F93F7F70FD98F13D53540D9
:102C200013D755401189098B498F13D57540498FAA
:102C300013D515402189498F139515004189498F76
:102C40001395350013750502498F139555001375BB
:102C500005049E05498F93F5F50F4D8F2207D98FF7
:102C6000B387C702130650025285D685B697BD8E2C
:102C700093940601C18033F6C402137BF60F97E0EC
:102C800002E0E780E0F905890DED8347D4120149A0
:102C90008149B3849702130C5002C1804A86528541
:102CA000D68597E002E0E780A0F70589937BF90FCE
:102CB00011C563863403850993F9F90F0509E31FEC
:102CC00089FD230B6413B250225492540259F249E5
:102CD000624AD24A424BB24B224C456182805E8BA3
:102CE000CDB7797122D406D683C735002E8423163A
:102CF0000100A307F10083C74500100802C02307A5
:102D0000F10083C755008A8502C2A306F10002C400
:102D100002C802CA02CC02CEEFE09FF50347F101E0
:102D20008347040001456310F7020347E10183472D
:102D3000140001456319F7000345D10183472400BE
:102D40001D8D13351500B25022544561828001114A
:102D5000974700009387471022CC03A4870C26CA0C
:102D60004AC84EC606CEAA8413092500854915C057
:102D700083C7140003473400858B6304F700405C6D
:102D8000FDB71946930544004A85EFE0DFACE31830
:102D900035FF2285F2406244D2444249B24905617E
:102DA00082804111974700009387070B22C403A438
:102DB000870C26C24AC006C693042500054901E8CF
:102DC0002285B24022449244024941018280A68574
:102DD0001305A4023937E30525FF405CCDB7411147
:102DE000974700009387470722C403A4870C26C295
:102DF0004AC006C693042500054901E82285B24071
:102E000022449244024941018280A6851305A4010F
:102E1000C93DE30525FF405CCDB72303048015477A
:102E20002303E48001002302A4808280830764805E
:102E3000E3CE07FE23030480828083076480E3CE11
:102E400007FE03454480828083076480E3CE07FE4B
:102E50002302A4808280411126C44AC24EC006C605
:102E60001377F50BAD47AA892E8995446306F700C1
:102E700019456537653F8D444E854537FD59FD142D
:102E800063983401B240A2441249824941018280D0
:102E9000135509011375F50F453F2209CDB70111EF
:102EA00026CC06CEB704080051371545BD3771371B
:102EB00069372AC6A53F32459377150089EB13651C
:102EC00015001375F50FF240E24405618280FD1490
:102ED000E9FC0145CDBF397126DC4ADA4ED852D61D
:102EE00056D45AD25ED006DE62CE66CCB7E700E09A
:102EF0007D5783AA070022C603AA470023A0E7182C
:102F000023A2E718B7170040130770052380E704D2
:102F1000130780FA2380E70483C74704930B75FFE8
:102F2000B684E20793FBFB0F8546AA892E8B328974
:102F300037240040E187015763FA76016308D50022
:102F40008946130700026313D5000157D98F93F701
:102F5000F70FB71C00402382FC0411472303E480D1
:102F60001305F00F5D3D094CD135636D7C11B7053C
:102F70000700DA9537870700795563F2E504B387D0
:102F80009500636EF702370B0800A94733EB650124
:102F90006399F90689E48144513D26850DA0DA85BF
:102FA0000945553D05090345F9FFFD14050B693D2C
:102FB00081C49377FB0FFDF7DD3569FD7D55B717AC
:102FC0000040130770052380E704130780FA23806D
:102FD000E70403C74704418B2382E704F250B7E7B5
:102FE00000E023A0571123A24711E2543244525962
:102FF000C259325AA25A125B825B724CE24C216176
:103000008280A5476395F90685691309F00FB30619
:103010009900B3742B01B6941349F9FFB374990066
:10302000856B33796901416B9387F9FFB3F727010A
:1030300099E363FC340193D94900C147E3E637FFC4
:1030400099BF0569C1697D19D9B71305800D6388DA
:103050006901130500026384790113051008CA850C
:10306000DD3B353D21DD4E99B3843441D9B7DA8556
:103070002D45D533CA94E30099F205097D3BA30F92
:10308000A9FED5BF9387F9FF93F7F70F6361FC0C97
:1030900083C71C0413073008631FF70437070800B1
:1030A000636BEB04B3079B00B706100063F5D7040E
:1030B000334BEB0089476393F9068980D549E38C4C
:1030C00004ECDA850945413B11090327C9FF914703
:1030D0002320E48003076480E34E07FE230334814A
:1030E000FD17EDFBFD14110B81C49377FB0FE9FF76
:1030F0007D3371F5E1B5B717004003C75704B70733
:1031000008001377070219E3B78707007955E378BA
:10311000FBEA33079B00E3FFE7F855B58547E382F9
:10312000F9F2DA852D45053B9389F4FFE38504E642
:10313000293393F7390091EB832604800327090094
:1031400093074900E39AE6E43E89CE84F1BFB54790
:103150006396F9001305900BC93135BDB1471305CE
:10316000B00AE38BF9FE99476391F904B7050800AB
:10317000B365BB002D45C53181448D4BA1497539DF
:1031800063967401832704802320F9008504E39863
:1031900034FF8327048013172B0163550700231284
:1031A000F900D5BB2322F900FDB39D476399F902CD
:1031B00081451305B0044531BD4423200900232275
:1031C0000900FD599D3993F77400CA9703C707009A
:1031D000FD14398D2380A700E39634FF6DBBA14712
:1031E0006392F9046D398144630D0B008D4793049C
:1031F000C0036308FB009304000563048B01930480
:1032000040041375C507E30895D819453931393994
:103210000545213126850D3909453D314931E31CEC
:1032200005D669BB91476399F90013056006F53629
:10323000F53E130590090DB7E38F09D4F154A9BBEE
:1032400097010020938181C917510020130181DB70
:1032500017E5FFFF130545DB97D5FF1F938585DA3B
:1032600017F6FF1F1306C6FD63FAC500832205008B
:1032700023A0550011059105E3EAC5FE17E50200FC
:103280001305451897F5FF1F938585FB13868186E7
:1032900063FAC5008322050023A05500110591059E
:1032A000E3EAC5FE1385818697350020938505CD19
:1032B0006377B500232005001105E36DB5FEFD42DF
:1032C000739002BC8D4273904280B72200009382BB
:1032D00082887390023097D2FF1F9382A2D293E22A
:1032E0003200739052303717004093077005230067
:1032F000F704930780FA2300F7040F1000003C47FF
:10330000B70600FAE116F58FB70600069506D58FC9
:103310003CC797B2000093824285739012347300C9
:1033200020303D432A876373C3029377F700BDEFD4
:10333000ADE5937606FF3D8ABA960CC34CC30CC725
:103340004CC74107E36BD7FE11E28280B306C3404E
:103350008A069702000096966780A6002307B700AA
:10336000A306B7002306B700A305B7002305B700DF
:10337000A304B7002304B700A303B7002303B700D7
:10338000A302B7002302B700A301B7002301B700CF
:10339000A300B7002300B700828093F5F50F939642
:1033A0008500D58D93960501D58D61B7939627003D
:1033B0009702000096968682E78086FA9680C1176B
:1033C0001D8F3E96E374C3F8A5B73367B500FD5370
:1033D0000D8B79E7B7877F7F9387F7F7104194418B
:1033E000B372F6003363F600BE92B3E262006397F5
:1033F000720C6318D6065041D441B372F6003363A1
:10340000F600BE92B3E262006398720A631BD604B0
:1034100010459445B372F6003363F600BE92B3E2F2
:1034200062006391720A631ED6025045D445B3729E
:10343000F6003363F600BE92B3E26200639A72084C
:103440006311D60210499449B372F6003363F60053
:10345000BE92B3E26200639372085105D105E30F97
:10346000D6F61317060193970601631CF70013574E
:10347000060193D706013305F7409375F50F91E9DF
:1034800082804183C1833305F7409375F50F91E145
:1034900082801377F70F93F7F70F3305F740828099
:1034A0000346050083C60500050585056313D600A0
:1034B00065FA3305D640828011059105E312D6FEE8
:1034C000014582802105A105E31CD6FC01458280CF
:1034D0003105B105E316D6FC014582804105C105E1
:1034E000E310D6FC0145828011456FC0305B41116D
:1034F00093962500AA852D4506C697F0FF1FE78005
:10350000809DB240014541018280411126C29394C1
:10351000250022C44AC02A843289A686AA8501468B
:10352000254506C697F0FF1FE780E09AA6864A86E3
:10353000A285294597F0FF1FE780E099B240224419
:1035400092440249014541018280011122CC06CEFC
:103550003714004026CA4AC84EC652C48344740574
:10356000034AB4058349840503499405EFC0D0118B
:103570008347A40593F4F40F137AFA0F93E7170027
:10358000230DF40493F9F90F1379F90FB7170040DD
:1035900003C7A705058B6DFF03D5C705A38D470599
:1035A000238C3705A38C2705A38B9704F240624434
:1035B000D2444249B249224A05618280411193971F
:1035C000050122C406C6C1872E8463DD0700EFD043
:1035D000703A19C1EFD0F0322165218DB2402244FA
:1035E0004101828093F7150013C51500E5FB939701
:1035F000250163D00702EFE0214AFD3503C581862E
:1036000037F60200130606E08965EFD0907F096562
:10361000E9B7939715010145E3D207FC03C58186FD
:10362000130600649165EFD0D07D11657DB7B705B5
:103630000300371503001D71494693858553130513
:1036400005E086CE97D0FF1FE780E02011E101A0C2
:10365000B7F600E0795798CAFD57DCCA0567B7E7A7
:1036600000E023A0E7101306F00290C223A0E718A1
:103670000F1000001306C0038145480897D0FF1FB4
:10368000E780E017B7470020938787053ECA896720
:1036900093870780231CF100B5472304F102A1673B
:1036A000938707E03ECEB7070105938707103ED00A
:1036B0009307B00F2312F10285472303F102B737B6
:1036C00000009387E74EBEC4B73700009387A7502A
:1036D000BEC68567938717D02315F102B71701007F
:1036E0009387E7E83EDAB73700009387A7543EDEBA
:1036F000B7F50700B73700009387874E8146700003
:10370000E1051945BEC097E0FF1FE780C07C58085F
:103710008147994670003E960346060085070507D7
:10372000A30CC700E398D7FED24791C70357810186
:1037300085676373F70001A04808EFE0603511C1A9
:1037400001A0F6402561828041113735000022C476
:103750001305C55B06C613848186EFE0E02F2300C6
:10376000A4001928034504002244B2401306003285
:10377000896541016FD0F068411106C6732700804A
:10378000218B11CB7327008023AEE19C03A7C19D41
:103790005D9B731007800F100000371700409306E1
:1037A00070052300D704930680FA2300D7040F1076
:1037B00000008346F70293F6A60FA307D702230063
:1037C0000704F326008003A7C19D218B558F73103A
:1037D000078023AE019C0F10000073270080218B0F
:1037E00011CB7327008023AEE19C03A7C19D5D9B95
:1037F000731007800F100000371700409306700504
:103800002300D704930680FA2300D7040F1000008A
:103810008346F70293E62600A307D7022300070496
:10382000F326008003A7C19D218B558F731007805D
:1038300023AE019C0F1000000545EFC060696D319B
:103840001305407E81470147814605468545EFC007
:10385000A06EB240014541016FE000582388018607
:10386000B74700209387875403C7C7B01367870003
:103870002386E7B0828003C50187828083A74187C2
:1038800083A601981387418781CB63E7F600B3874E
:10389000F6402546637BF60C797106D622D426D2F3
:1038A0004AD04ECE52CC8145414514C3EFD0603949
:1038B00089450145EFC0005BEFC0E051131A0501D7
:1038C000B71700404165135A0A01238C0704D149F8
:1038D00001441309F5FF8144EFC0805D5295420514
:1038E0004181AA8763739500A68793940701C180DD
:1038F000AA876373A900CA87FD19C2091399070132
:1039000093D90901135909012A94E39709FC3385D6
:103910002401098C49453355A4029305E100420571
:103920004181EF80F05DB7470020138701879387BF
:1039300087540DE12300070003C7C7B01367870052
:10394000B25022542386E7B092540259F249624A97
:10395000456182808356E1002398D7AE85462300D7
:10396000D70003C7C7B05D9BE1BF8280B786B8EDC3
:1039700001479386063293170701C18363E3C700AB
:103980008280B387E50083C707003D8DA1471358A8
:103990001500058911C13685FD1793F7F70F3345DB
:1039A000A800F5F70507C1BF411122C4AA852A84E2
:1039B00031467D5506C65D3F930504011306C00AD6
:1039C0007537B24022441345F5FF41018280011151
:1039D0002306A1006C0011467D5506CEA30601000A
:1039E0002317010061370566B73500201306A6A02E
:1039F00093851557A53FF2401345F5FF0561828079
:103A0000411122C4AA852A8431467D5506C6B93F94
:103A10009305040113064009913FB2402244134527
:103A2000F5FF41018280411122C4AA852A84130630
:103A300040091385C1B706C6EFC0521803471400EA
:103A4000B7470020938787542384E7B003472400B7
:103A5000A384E7B0034734002385E7B0034744005D
:103A6000A385E7B0B240224441018280835705001C
:103A7000411122C43734002006C613078454231191
:103A8000F700834725001306000A9305C50023129B
:103A9000F700834635008567BA97A382D7B083566F
:103AA0004500130484542393D7B0834665002382D2
:103AB000D7B08346750014D3835685002313D702ED
:103AC0008346A500138547A32302D702EFC0120F38
:103AD000014729469307370A9207A29783C64700F2
:103AE0000507BD9A2382D700E316C7FEB2402244E1
:103AF0004101828041111306C00A814506C622C4D5
:103B00002A84EFF01F82B73700209387875403D7AA
:103B100027008565BE952310E40003D747001306F0
:103B2000000A938545A32301E40003C7150D13057F
:103B3000C400A301E40003D7250D2312E40003C74A
:103B4000050D2303E4009853A303E40003D76702A1
:103B50002314E40083C747022305F400EFC01206D4
:103B6000814729461397470022978346C700850758
:103B7000BD9A2306D700E397C7FEB2402244410115
:103B80008280411122C406C6328426C20146B38710
:103B9000C6008387070093140601C180B1E703576D
:103BA0000400014893071700C207C183B388970038
:103BB000C20893D8080163E315032310F4002A9781
:103BC0002300C70083570400B6853E95EFC0027FEF
:103BD000835704000548BE9423109400B240224449
:103BE0009244428541018280050693170601C183F4
:103BF000E3EFE7F80148DDB703580600636BB80050
:103C0000014582800145B24022449244024941016B
:103C10008280930718004111C20726C206C622C43B
:103C20004AC0C1832310F6002A9803490800931460
:103C30000901C180E3F8E4FC338797004207418320
:103C4000E3E2E5FC3284B305F5004A863685EFC031
:103C5000E276B3062501238006008357040005455C
:103C6000BE942310940045B71971A2DCD6D2DAD0E5
:103C700086DEA6DACAD8CED6D2D4DECEE2CCE6CA6A
:103C8000EAC8AA8A2E84328B23A0050023A205004D
:103C900023A40500B146AA8550002D4597E0FF1FDB
:103CA000E780602315C563110B020145F650665489
:103CB000D6544659B659265A965A065BF64B664C68
:103CC000D64C464D0961828085472300FB00F1BF39
:103CD0001247FD576316F70085472305F400F1B737
:103CE000B757523293873795E311F7FC0347C1006A
:103CF000A947E3ECE7FAAA8431464C007D55056AF2
:103D0000B531AA89130CAAA0930C0004138DCA0024
:103D1000930B9AA0B3079C403E89C207C18363F40A
:103D2000FC0013090004420913590901CA8610084E
:103D3000B3059D002D4597E0FF1FE780C01925F5CD
:103D40004E854A860C081D31CA94AA89E3F49BFC6F
:103D500093056AA191460A86D6952D4597E0FF1FE7
:103D6000E780601729F1824793C9F9FFE39F37F392
:103D70005CC08347C100224705452304F400854702
:103D800018C0A304F4001DB70DCD1387F5FF1377FA
:103D9000F70FB946814763E4E60201479306E00561
:103DA000B307E50083C70700811793F7F70F63EAAE
:103DB000F60005079377F70FE3E4B7FE85473E85E6
:103DC00082808147EDBF1441B7474332938737154F
:103DD000639CF60203564500411122C406C68D4677
:103DE0002A848147631DD6000356A5009306C00AA6
:103DF0006317D600553E5C44898F93B71700B240D5
:103E000022443E854101828081473E85828021C5D2
:103E1000AA950387F5FF814709EF1306E00593058F
:103E200020021308C005B307E5008387070081E778
:103E300085473E85828093F7F70F938607FE93F6BA
:103E4000F60F636AD6006388B7006386070105072B
:103E500042074183C9BF8147E9BF797106D622D4A1
:103E600026D24AD04ECE52CC56CA5AC883C79500E5
:103E7000E1C73289AE842A84AA85B14650002D4517
:103E800097E0FF1FE78020054DE5056A373B0020DE
:103E90009306AAA013061B579305C4002D4597E06F
:103EA000FF1FE780400351E593056AA191460A860A
:103EB000A2952D4597E0FF1FE780E0013DE91247FD
:103EC000B75752329387379501496319F7048349ED
:103ED000C100A94763E43705A24A9C406390FA04F5
:103EE0008247C440639CF40231464C007D55BD3C82
:103EF0001306AAA093051B57953C1345F5FF631FB6
:103F00009500B73700204E8523883757C93423A83A
:103F1000A18823AA518923AC81880549B250225433
:103F20004A8592540259F249624AD24A424B45614B
:103F3000828085472300F9000149CDB7411122C491
:103F40001384C1B71306000981451305440006C652
:103F5000EFF02FBDB717040A938717901CC0954741
:103F60002302F4008547A303F400B7073C009387BE
:103F7000B7751CC4B70778009387C7035CC41305E3
:103F800044072244B240B70503001D4693854555BA
:103F900041016FC0A24241112E86AA857D5506C6F9
:103FA000F132B2401345F5FF4101828018414111C1
:103FB000B757463226C206C622C44AC09387470472
:103FC0008144631AF702034745008547814463141F
:103FD000F702034955002A843105CA85753301CD9E
:103FE00022998307C90081EBF14522856D37444C46
:103FF000898C93B41400B24022442685024992442D
:1040000041018280144137575434130727E5639ADE
:10401000E604411122C406C60346450285462A84A9
:10402000014763EBC60203465502914663E6C602AA
:10403000834665023D46C11693F6F60F636ED600C1
:10404000034675028D4663E9C60093058002A137D9
:104050001854098F13371700B24022443A854101A2
:10406000828001473A858280372500201307C523C7
:10407000B7050300231307002314070023150700C7
:1040800023160700231707001D469385C554130503
:10409000C5236FC0A232372500201305C5238280B7
:1040A000797106D622D426D24AD07D3F130600026B
:1040B0009305F00F0A85EFF0CFA6896593060002FD
:1040C0000A86938505202D4597E0FF1FE780A0E035
:1040D00021ED2A890A85D93DAA84014419C93725C9
:1040E000002041466C001305C523EFC0222D224954
:1040F0008544130600029305F00F0A85EFF06FA2C6
:104100008965930600020A86938505302D4597E060
:10411000FF1FE78040DC09CD19442285B2502254AC
:104120009254025945618280054481440149D1B7C6
:104130000A85AD3D0DC191C4A24733892741635A19
:1041400020013725002041466C001305C523EFC030
:10415000E22661D4D1B769F0E9F021447DBF39711D
:104160004ED656D206DE22DC26DA4AD852D45AD0AF
:10417000AA8AAE891139854715C513060002930531
:10418000F00F0A85EFF0EF990964930600020A86A2
:10419000930504202D4597E0FF1FE780C0D32A89AF
:1041A00009CD9947F2506254D2544259B259225A19
:1041B000925A025B3E85216182800A85C53B2A8A2C
:1041C000130B043009C52249054A130B04201306BA
:1041D00000029305F00F0A85EFF0AF94096493068F
:1041E00000020A86930504302D4597E0FF1FE78003
:1041F00080CE45F90A855D3B11C9A2441304042011
:10420000630C0A00B38724416348F0008967138474
:104210000720CA8463018B0C694681451305610040
:10422000EFF02F90B7574632938747044E863EC033
:10423000D6858547850468002302F100A302310179
:1042400026C4EFC0A217F1450A85B1332ACE9306E2
:1042500000100146A285254597E0FF1FE780A0C713
:1042600029F1930600020A86A285294597E0FF1FDF
:10427000E78060C61DF5130600029305F00F0A855E
:10428000EFF02F8A930600020A86A2852D4597E05B
:10429000FF1FE78040C4E31605F00A85013BA147F4
:1042A000E30205F02247E39FE4EE03475100E31BDE
:1042B00037EF4E86D6856800EFC0E20DA147E313C5
:1042C00005EE3725002041466C001305C523EFC0DD
:1042D000E20E8147C1BD138407303DBFB7370020D0
:1042E0009386875403D6260093878754054529C6AD
:1042F00083D54600130700026360B704056736974D
:10430000834557B0894663E9B602034847B0636501
:1043100005036397D500035767B019CF630EE60016
:1043200098530545636AE50003C547021305E5FA9E
:104330001375F50F1335D50A8280411126C24AC084
:10434000856437390020138604B1130589548145EB
:1043500022C406C6EFE0FFFCB75701BB9387B72A1C
:10436000130489542324F95495472312F400054774
:10437000B38784002382E7B07D572302E402370726
:104380000A051307974023A4E7B011472386E7B037
:10439000E546054723A6E7AE239CD7AE18C4B24036
:1043A000224423A0018823A291880249924441011A
:1043B00082805171CECF9389C18703A7090086D728
:1043C000A2D5A6D3CAD1D2CDD6CBDAC9DEC79947FA
:1043D0006301F708938A018803A90A001544631C46
:1043E000A90CED3D2A846316050E1306C00B81450A
:1043F0004800EFE01FF34808EFF0CFEFB747433234
:10440000938737153EC28D472314F1000509C16714
:10441000138BF7FF935709012316F1004800930708
:10442000C00A138A4188231521012317F100EFF0F8
:10443000AFD783240A00AA8B2AC893B41400B2040D
:1044400085660146A685254597E0FF1FE780A0A861
:1044500019C119448DA09306C00B5000A6852945AB
:1044600097E0FF1FE78020A76DF59306C00B500073
:10447000A6852D4597E0FF1FE780E0A529E94800C4
:10448000EFF07F9429C5B2470357A100B3F7670146
:10449000C207D98F631DF902C247639AFB029305D5
:1044A000C00A480823A02A0123209A00ED3423AC37
:1044B000A18623A009002285BE502E549E540E5979
:1044C000FE496E4ADE4A4E4BBE4B6D6182802144EE
:1044D000DDB70544CDB71571A2CDA6CB1306C00B31
:1044E0009305F00F480086CFCAC923AE0186A38387
:1044F000018ACEC7D2C5D6C3EFE0BFE29306C00B98
:10450000500081452D4597E0FF1FE780C09C2A8918
:104510009384C1871384718A631405104800EFF0F7
:104520009F8A81479306F00F1307C00B50003E96F9
:10453000034606006314D60E8507E399E7FE054A95
:1045400081490DC54808EFF06FD28357C10003576A
:10455000A1009305C00AC207D98F23A0F18848089B
:1045600023A201880D3C23ACA18685491306C00B0C
:104570009305F00F4800EFE0DFDA9306C00B500020
:1045800085652D4597E0FF1FE780E094AA8A41EDFD
:104590004800EFF05F833335A00081479306F00FAA
:1045A0001307C00B50003E9603460600631ED60656
:1045B0008507E399E7FE85473369590141C9138AA5
:1045C0000188638D09008357C1000357A100C2070A
:1045D000D98F03270A00998F6354F00A4808EFF037
:1045E000EFC88357C1000357A1009305C00AC20753
:1045F000D98F2320FA000567480823A2E188EFF04D
:104600009F9923ACA186630B090299479CC08347FD
:10461000040093E727002300F4002DA0014A0DB702
:104620008149014AA1B70145814779B763060A006C
:1046300081C785479CC03DA09547EDBF63870904AE
:1046400023A00400014525A09147C9B7639D090235
:10465000E30E09FC99479CC08347040093E72700B9
:104660002300F400D9391945631309002145FE40A0
:104670006E44DE444E49BE492E4A9E4A2D618280D8
:10468000E30009FC59B7E31209F803A501881533C3
:1046900045FD89479CC08347040093E7170023002A
:1046A000F400F1B73171480006DF22DDEFF08FC46E
:1046B0009305C00A4800EFF01F8E83A78187631817
:1046C000F50203A7C18791476307F7000145FA5038
:1046D0006A5429618280138401880840D93965F9B8
:1046E000184085470545E313F7FEE131CDB703A533
:1046F0000188E5BF03A50188828003A5C187828068
:10470000411106C622C426C22A84053985470145BF
:1047100023AEF18679399384C18709E503A5018821
:10472000493915C191479CC09387718A03C7070017
:104730002A84136727002380E7002285B2402244A1
:104740009244410182808D4711E09D479CC075D401
:104750009387718A03C707000144136717002380FA
:10476000E700E1BF317152D523A0018A238F018870
:104770002383018A9386018A1387E1899387618A5B
:104780004AD94ED756D362CD66CB6AC96EC723923B
:10479000018A06DF22DD26DB5AD15ECF814D014C36
:1047A000014D814C814A02C601498149138A418ADF
:1047B00036C83ACA3ECC1306C0029305F00F281043
:1047C000EFE03FB69305C002B385BA028D679394BC
:1047D0000A019306C00230102D45C180BE9597D0C6
:1047E000FF1FE780406F19C9850423109A0005490F
:1047F000850A93070004E390FAFC39A0A2577D577D
:10480000639BE70C23109A001306C0029305F00F78
:104810002810EFE01FB199659306C0023010938510
:1048200005E02D4597D0FF1FE780E06A631B050E6A
:104830002257FD576308F70E2810EFF0AFFC630E08
:10484000051252478547B2542300F70063860900DA
:10485000B38764416353F0021306C0022C10C808EA
:10486000EFB0D2356254A64B034CC104834DD10442
:10487000034DE104834CF104268BB7340020938769
:1048800084548569BE996146EC08138549ADA2D26E
:10489000EFB0D232B74700204167938484549387A6
:1048A00087546364E4001304F7FF239089B023AABC
:1048B000740123A687AF23AAB7AF239CA7AF23AE6B
:1048C00097AF63030C00814BC24723A8740185494D
:1048D00023A0670191A82810EFF0CFF221C1B257B1
:1048E00063860900338767416356E0021306C002FE
:1048F0002C10C8083ECEEFB0722CF2476254A64B83
:10490000034CC104834DD104034DE104834CF104F5
:104910003E8B8549850423109A00D9BD85473EC644
:10492000D5BF0549E39B09F4B24789CB9387718AC8
:1049300003C70700136717002380E7006302090419
:104940006247854719492300F7009387718A03C797
:104950000700136727002380E700FA506A544A854E
:10496000DA544A59BA592A5A9A5A0A5BFA4B6A4C8B
:10497000DA4C4A4DBA4D2961828085473EC65DB703
:10498000E39D09FC2149D1BF1971A6DA83C4618A6C
:1049900086DEA2DCCAD8CED6D2D499C89944F650C5
:1049A000665426854659D654B659265A09618280DE
:1049B000B7575434938727E53EC43739002083A77F
:1049C000018A1309895405644A948507930544AD07
:1049D000614608083EC602D8EFB0521E832749013F
:1049E0009305800228003ED48327C4AE130AF00347
:1049F0009389018A2306F102832744AFA306F102BB
:104A0000835784AF2307F1028327C4AFA307F102C2
:104A1000EFF06FD883D7418A2AD81384418A637410
:104A2000FA081969930600100146930509E0254527
:104A300097D0FF1FE780204A19C1A1448DB7930684
:104A4000C0023000930509E0294597D0FF1FE78099
:104A5000804865F59306C0025018930509E02D457E
:104A600097D0FF1FE780204769F91306C0024C1852
:104A70002800EFB0521271F14818EFF0AFD855DDB1
:104A80000547238FE18883570400637EFA0085661B
:104A900001468D65254597D0FF1FE780C043E31F82
:104AA00005EE23100400035904009307C002930687
:104AB000C0023309F9028D67300029453E99CA8545
:104AC00097D0FF1FE78020418357040085072310FC
:104AD000F400E31505EC9306C0025018CA852D4575
:104AE00097D0FF1FE780203F29F91306C0024C181A
:104AF0002800EFB0520A31F15257B7575434938718
:104B000027E5E31CF7F27644930580024818EFF09E
:104B10008FC8E314A4F2B2471384E18923A0F900FB
:104B200083470400E38D07E699659306001001466C
:104B3000938505E0254597D0FF1FE780C039E31036
:104B400005E623000400A1BD5D71A2C403C4C189B0
:104B500086C6A6C2CAC04EDE52DC56DA5AD85ED627
:104B600011CC19442285B640264496440649F25990
:104B7000625AD25A425BB25B61618280B7370020D1
:104B800083C40757A94763EA970E2685EFE03FE401
:104B900083A70189AA8A13890189E385A7FCB757EE
:104BA0005232938737953EC483A7418902C8314664
:104BB00085072C007D553EC623089100EFE01FDBE2
:104BC0000566373A00201306A6A093051A572AC295
:104BD000EFE0DFD983A681891345F5FF2AC211676B
:104BE000938B4189138B818999646383E600916477
:104BF00085660146A685254597D0FF1FE780A02D35
:104C00002DF1B1463000A685294597D0FF1FE780DA
:104C1000802C21F985699386A9A013061A579385DC
:104C2000C400294597D0FF1FE780E02A1DF993852E
:104C300069A191465000A695294597D0FF1FE780AE
:104C4000802905F101464C082685EFF0EF8105C962
:104C50003247D2476395E702E24612476391E60284
:104C60008346C10103470101639BE60023205901EC
:104C700023A0FB0023209B00F5B50544E5B52144A6
:104C8000D5B53971130671002C00116506DE26DAE0
:104C90004AD84ED622DCA3030100EFE0FFFC2A89AC
:104CA000130671004C081965EFE01FFC238E018884
:104CB000AA899384C1894DC163070900D24722475D
:104CC000998F635DF008130671004C081965EFF0C9
:104CD000CF980DC10344710045C085472380F4007F
:104CE0009387718A03C7070019441367270023803D
:104CF000E70075A063090900130671002C00116517
:104D0000EFF0AF9561F9056637350020B737002021
:104D10001306A6A081451305155723880756EFE013
:104D20004FE023A8018823AA0188196723ACE188F2
:104D300083477100DDF38347210189C78347E10180
:104D40002144B1EF9387718A03C707002144136799
:104D500017002380E700A1A0E30709FA13067100FA
:104D60002C001165EFF06F8F35F5E38E09F813060F
:104D700071004C08196569B763033903938401898D
:104D800003A90400934719009CC07D3B9387718A57
:104D900019ED03C70700136717002380E70022857A
:104DA000F2506254D2544259B2592161828003C7F1
:104DB000070023A0240113672700C5B76D151375DD
:104DC000F50F9D4763E9A7026D161376F60F0545AB
:104DD00063E4C702A94763E1B702B315B50093F5D1
:104DE000F57799C963EAD7003315D5001375F577C0
:104DF00013351500828005458280411106C622C404
:104E000026C2630C051283470500854463820710A0
:104E100093F7C70F639E070E2A8483464500034617
:104E200035008345250003451500493F75E10347DB
:104E30005400854763EEE70C0347640063EAE70C20
:104E40000347740063E6E40C83479400034784003F
:104E5000A207D98FD5CF8347B4000347A400A20788
:104E6000D98FC517C2070567C183930617E063E1B1
:104E7000F60A8347D4008346C400130767E0A207FD
:104E8000D58FD917C207C1836364F7088347F4003D
:104E90000347E400A207D98F8917C207C18313070C
:104EA000A0236367F7069305000313050401EFE0F1
:104EB0001FF639CDD14513050404EFE05FF529C98C
:104EC0009305000213054405EFE07FF431C193061A
:104ED000440781479305000205451308C005930860
:104EE000B0023307F4000307470713960701418216
:104EF00015E7854411CE030644071307F002630942
:104F0000E600B6978384F7FF938414FD93B41400EE
:104F1000B2402244268592444101828063DFE5004D
:104F20001306E7FD1376F60F6379C50063070701E3
:104F3000630517018507E396B7FA8544D1BF14418D
:104F4000411137574D3226C206C622C4130737F423
:104F50008144639FE602834645000D472A848144CD
:104F60006398E602834655001307100A6392E6022F
:104F70008356A50013074009639CE600EFE05FA895
:104F80005C446397A70013050401853D9334150025
:104F9000B240224426859244410182801571D6C3D5
:104FA00086CFA2CDA6CBCAC9CEC7D2C5DAC15EDF35
:104FB000AA8AA13583C7D189C9EBAA846313050ED8
:104FC000130640099385C1B75685EFB0C23C03A4D0
:104FD00081889389818811E169E483A7C188096781
:104FE000138AC188138907106383E7000969B757DB
:104FF0004D32938737F43EC6E9779387371005041F
:105000002318F100C167138BF7FF935704011306B0
:105010004009D685231AF100680893074009231B2D
:10502000F10002CC23198100EFB042396800EFE0B3
:105030003F9DAA8B2ACC930600100146CA852545C0
:1050400097D0FF1FE78020E919C1994499A89306DA
:10505000400A7000CA85294597D0FF1FE780A0E766
:105060006DF59306400A7000CA852D4597D0FF1F45
:10507000E78060E679F96800D9351DC10347110161
:105080009307100A631EF700D24703572101B3F7B5
:105090006701C207D98F6315F400E247638FFB00F5
:1050A000A144FE406E4426854E49DE44BE492E4A48
:1050B0009E4A0E4BFA5B2D61828083A709005685BC
:1050C00023202A01850723A0F900EFE0DF95D1BF57
:1050D0001571DAC11306400A9305F00F680086CFF8
:1050E000A38E0188A2CDA6CBCAC9CEC7D2C5D6C3CE
:1050F0005EDF62DDEFE0EFA29306400A7000896593
:105100002D4597D0FF1FE78000DD138BD1896313F6
:10511000052E31466C000A85EFB0422A680005353D
:10512000014419C5034411011304F4F513341400A8
:1051300081479306F00F1307400A70003E9603461E
:105140000600631FD60C8507E399E7FE854A0149EF
:1051500005C083574101035721016808C207D98F51
:1051600023A4F188096723A6E1880549EFE0BF8BF6
:105170001306400A9305F00F6800EFE08F9A8965E7
:105180009306400A7000938505102D4597D0FF1FA8
:10519000E78060D46310052668005533814419C543
:1051A000834411019384F4F593B4140013F6F40FBF
:1051B00081479306F00F1307400A6C00BE9583C524
:1051C00005006391D5068507E399E7FE054A9375C7
:1051D000F40FF1C88357410103572101C207D98F4A
:1051E00013878188630709001443B386D740635E41
:1051F000D00A1CC3896793870710680823A6F18823
:10520000EFE07F8215C00145FE406E44DE444E490A
:10521000BE492E4A9E4A0E4BFA5B6A5C2D61828023
:10522000814A35B7014A65B70969B7574D32938945
:105230008188938737F403A709003EC6E9779387EF
:1052400037102318F1000507C1671306400993853D
:10525000C1B72319E100938BF7FF418393074009FE
:105260006808231AE100231BF10002CCEFB00215FD
:105270006800EFE0EFF82A8C2ACC93060010014674
:10528000CA85254597D0FF1FE780E0C40DC9854733
:105290002300FB009387718A03C707001367270069
:1052A0002380E7008DB7630E0906E38EC5F403A9DA
:1052B000C1888967E31AF9F613090910BDB7930687
:1052C000400A7000CA85294597D0FF1FE780A0C01B
:1052D0005DFD9306400A7000CA852D4597D0FF1FDB
:1052E000E78060BF4DF56800993955D1E247E3107A
:1052F000FCFAD24703572101B3F77701C207D98FD0
:1053000023A0F90023A6218919C0E31E0AEE99C043
:10531000E39B0AEE9387718A03C7070013671700A0
:1053200041B7EFE0BFC123A40188896793870710C5
:1053300023A6F1880247B75750329387C7246318D2
:10534000F708A244A1450A85EFE0FFC46391A408D1
:1053500083444100034B51008349610003497100BC
:10536000DA854E86CA862685EFF05FA52DE1938704
:10537000C1B7A380970023816701A38137012382EE
:10538000270129476395E40211476312EB02214785
:10539000639FE900631D99002547A380E700056727
:1053A000130747A02391E70015472382E7001385E1
:1053B000C1B7EFE04FE79387718A03C707001385F2
:1053C000C1B7136717002380E700C93E35BD1385B9
:1053D000C1B7EFE04FE563850A002145E3160AE215
:1053E0009387718A03C7070021451367170023803D
:1053F000E70019BDEFE09FB4EFE01FC71385C1B709
:10540000EFE06FE223A4018889679387071023A642
:10541000F18885472300FB009387718A03C7070043
:105420001945136727002380E700F9BB1385C1B72F
:10543000828003A58188828003C5C1B705898280E7
:1054400003C5C1B70581058982807971D54706D624
:1054500022D426D24AD04ECE2317F10009E90545C1
:10546000B250225492540259F2494561828065DA61
:10547000D147AE84E3F5B7FE8D472300F50093894D
:10548000C1B783C70900328993860901A300F500DB
:1054900083C719001306E1002A842301F50083C79E
:1054A0002900A301F50083C739002302F50083C753
:1054B0004900A302F50083C759002303F50083C701
:1054C0006900A303F50083C779002304F50083D79F
:1054D0008900A304F50083D78900A1832305F50083
:1054E00083D7A900A305F50083D7A900A1832306CC
:1054F000F50083D7C900A306F50083D7C900A183AF
:105500002307F50083D7E900A307F50083D7E90057
:10551000A1832308F50083A7818813D78700A308F8
:10552000F5002309E50013D70701E183A309E5008E
:10553000230AF50013070003EFE0AFE40DD1514754
:10554000938609041306E100A6852285EFE06FE348
:10555000E30705F013070002938649051306E100EF
:10556000A6852285EFE0EFE1E30B05EE13070002CD
:10557000938649071306E100A6852285EFE06FE0D8
:10558000E30F05EC8357E10001452310F900C9BD85
:105590000111D54706CE22CC26CA4AC82317F100EE
:1055A00001E90545F2406244D244424905618280E6
:1055B0006DDAD147E3F7B7FE034705008D47E312E5
:1055C000F7FEB2842E892A84130640099385C1B759
:1055D0002685EFA0B25E8347140015452380F400B2
:1055E00083472400A380F400834734002381F40020
:1055F00083474400A381F400834754002382F400CE
:1056000083476400A382F400834774002383F4007B
:1056100083478400A383F4008347A40003479400D6
:10562000A207D98F2384F400A183A384F4008347C5
:10563000C4000347B400A207D98F2385F400A183D7
:10564000A385F4008347E4000347D400A207D98F61
:105650002386F400A183A386F40083470401034753
:10566000F400A207D98F2387F400A183A387F40055
:10567000834714010347240122075D8F83473401C8
:10568000C2075D8F83474401E207D98F03A7818852
:10569000E31AF7F013070003938604011306E100F1
:1056A000CA852285EFE04FD5E30D05EE514793867D
:1056B00004041306E100CA852285EFE0EFD3E3027C
:1056C00005EE13070002938644051306E100CA8520
:1056D0002285EFE06FD2E30605EC13070002938604
:1056E00044071306E100CA852285EFE0EFD0E30A04
:1056F00005EA8357E100E39627EB2685EFF0EFEF0D
:1057000055B56FF0FF9C317122DD26DB4AD94ED7AB
:1057100006DFAA892E89B2843684EFF02FEA83C788
:10572000D1899DEB1DE1130640099385C1B768003F
:10573000EFA0D2486800A306310123072101A30787
:10574000910023088100EFF07F85FA506A54DA5403
:105750004A59BA59296182801945C5BF41118566E8
:1057600001468965254506C622C497C0FF1FE7800C
:1057700080766310050E856601468D65254597C0C8
:10578000FF1FE78040756316050C1964930600102F
:105790000146930504E0254597C0FF1FE780A073ED
:1057A0004DE9856601469165254597C0FF1FE78055
:1057B000807245E1856601469965254597C0FF1FC2
:1057C000E780607159E5856601468145254597C0AA
:1057D000FF1FE780407035ED8566014685652545EC
:1057E00097C0FF1FE780206F2DE523A0018A239239
:1057F000018A238F01882383018A23A8018823AA91
:10580000018823AC8188238E0188A38E018823A47C
:10581000018889679387071023A6F188EFE00FF2CC
:105820001385C1B7A383018AEFF04FF71DE1372439
:1058300000201305C423EFA0124A9375F50F13053A
:10584000C423EFE0DF9111E52244B24041016FE053
:105850003FEBB240224419454101828003C5718A61
:105860008280C16705668146FD17130616021397ED
:10587000060141836364B7003E8582803307D5000B
:10588000034707002207B98F2147139807018607AE
:10589000C20713580841C18363530800B18F7D17B5
:1058A0001377F70F7DF38506D9B7854755CDCDCD55
:1058B000C5CE011126CA8354650006CE22CC4AC843
:1058C0004EC61307000F6369970899C0184549C76A
:1058D0001389B4004209135909018547636E2607ED
:1058E000930750FA2380F5008947A380F50083478A
:1058F0000500B6892E842381F50083572500A381F6
:10590000F500A1832382F50083474500A382F500BB
:10591000834755002383F50083576500A383F50073
:10592000A1832384F5000356650011C60C451305B9
:105930009400EFA0B22893859400C205C18122850E
:105940000D379305E9FF2E942300A4002181A300C5
:10595000A400239029018147F2406244D244424985
:10596000B2493E85056182803E858280854755C962
:105970004DCA29476377B70A011122CC06CE26CA41
:105980004AC84EC6834605001307500A2A8463920C
:10599000E608834615000947639DE60683498500AE
:1059A00003477500A209B3E9E9001307000F63621A
:1059B00037079384B900C204C180639CB404F9140E
:1059C00093950401C181A2943289613D03C71400FB
:1059D00083C7040022075D8FA147631CE50283474C
:1059E000240025042300F9008347B4FF0347A4FFE4
:1059F000A207D98F2311F9008347C4FF2302F900BE
:105A00008347D4FF2313390123248900A302F9001B
:105A10008147F2406244D2444249B2493E85056121
:105A200082803E85828011C51306001581456FD0A6
:105A30005F8F82800548630E0518638C0518638AA2
:105A4000061863880718914863F5C818797106D657
:105A500022D426D24AD04ECE52CC56CA5AC85EC69E
:105A600062C403C9250041439308F9FF93F8F80F76
:105A70006364130B83CB150063F02B0B6D1693142B
:105A80000601C1801306600F6368960803C605000F
:105A90001373F6036312030813BE1B00135376003F
:105AA000631C6E061982B388784193B81800058A82
:105AB0006394C80683C945003E8A83C73500A2099E
:105AC0003A8BB3E9F90083470500B68A2E8C2A8405
:105AD00089CB835725006396370183474500638B45
:105AE00027012285893785472300F40023113401DB
:105AF000230224011C44B3D77701858BA5EB835780
:105B0000C4009306B00F338797004207418363F2C6
:105B1000E6022285093F0548B250225492540259A8
:105B2000F249624AD24A424BB24B224C428545610D
:105B3000828093991B00A299130524052398F902EA
:105B40003E95268693055C00EFA052078357C4005C
:105B5000A6972316F400239799008547B3977701FA
:105B6000832B8400B3EBFB0023247401144481478E
:105B700033D7F600058B21CF850713F7F70FE369BD
:105B800027FF930BE40081498144130C240503D6BD
:105B90000B00B3079600C207C183E36CFBF683D505
:105BA0002B0233859A008509E295EFA0320183D755
:105BB0000B0093F9F90F890BBE94C204C180E3185E
:105BC00039FD23109A002285B93D0148B1B70D482F
:105BD000A1B7428582808347150003470500A207CD
:105BE0005D8F8347250003453500C207D98F6205C5
:105BF0005D8D828093D785002300B500A300F5005A
:105C000093D70501E1812301F500A301B50082804E
:105C1000411106C6EFF05F8209C9B737002003A71C
:105C200007558D47054563E6E700EF407032333591
:105C3000A000B2404101828037370020930687548C
:105C40008567B69783A6C7AE1336150023A6C7AEE1
:105C500093B61600130787546380A60283D647AE17
:105C600041667D166385C60085062392D7AE83A75D
:105C7000019811C11CCB5CCB8280BD476385F500C8
:105C800085473E8582807971232006002322060005
:105C90002324060006D622D452CC2316060023075E
:105CA000060026D24AD04ECE56CA5AC85EC662C434
:105CB00003491500834705002D0522093369F900C2
:105CC00023102601034C75FF328423018601834A89
:105CD00085FFA30156018344A5FF834795FFA204D6
:105CE000DD8C23129600834BB5FF23037601034B13
:105CF000C5FFA30366018347E5FF0347D5FFA2075E
:105D0000D98F2314F6008349F5FF23053601E135C9
:105D1000935785002306F40093570501A306F4006A
:105D200093578501A305A4002307F4002A8A63037F
:105D300009029307000263EF8701894763EC57016B
:105D4000054763697701636767016393FA0299C046
:105D5000631299028547B250225492540259F24973
:105D6000624AD24A424BB24B224C3E854561828008
:105D7000231204009389E9FA93F9F90F9307C00AF3
:105D8000E3FA37FDEFE01F978147E306AAFC95474A
:105D9000D9B70111238A018A23A6018A280023A8E2
:105DA000018A06CEEFA0306799452800EFF07FAB5F
:105DB000B7776C69938601C1938737059CC2B74753
:105DC000432D93874717DCC29357C500C207C18391
:105DD000A546138701C163E0F60693870703E20730
:105DE000E1872304F70093578500BD8B25469386F2
:105DF00077036364F6009386070393574500A30473
:105E0000D700BD8B2546938677036364F60093869F
:105E100007032305D7003D89A5469307750363E46F
:105E2000A60093070503A305F700F240314723843A
:105E3000E18A056182809387770355B7238A018AB7
:105E400023A6018A23A8018A82809387C18A94436A
:105E5000014591CA03A741980545158F6345070081
:105E600023A00700014582809387018B944301455D
:105E700091CA03A741980545158F6345070023A0E4
:105E8000070001458280411122C406C626C24AC0CD
:105E9000B9472E846311F510A547054963E0B7069D
:105EA000B73400209387845498538547938484544F
:105EB00011496315F70493071010B387F502A697ED
:105EC00083C7970285CF13F4F50F2285EF20B04BDF
:105ED0000D490DC59D4763EC8700B70503000A0413
:105EE0009385C5552E941C4082870545B133130513
:105EF0002003EF10202B0149EF401005B24022444F
:105F00004A8592440249410182800145C5B78567AF
:105F1000BE94854723AAF4AED9BF8567BE94914746
:105F2000D5BF8567BE948947F5B78567BE948D4711
:105F3000D5B78567BE9403D784AFB7470020BD4669
:105F40004117420741839387875463F5E60065470D
:105F5000239CE7AE03D787AFF946E3EAE6F80507E7
:105F6000239CE7AE69B78567BE9403D784AFB74774
:105F70000020BD464117420741839387875463F54C
:105F8000E6006547239CE7AE03D787AFC146E3F041
:105F9000E6F67D17F1B79307F5FF93F7F70F314753
:105FA0002A89636AF71A370703008A071307C75756
:105FB000BA979C4382878547E3E2B7F4B334B000D5
:105FC000938404082685EF20B023630605182685F0
:105FD000EF20F04263030518854733358000E3075F
:105FE000F9F08947631DF90CB74700209387875460
:105FF00023AA87AEEDBD91479384150AE3F4B7FC5D
:106000000549EDBD938705F6C207C18313076009F3
:10601000E368F7FEA944B3F79502FDF3B3D4950204
:106020009384040345B78D4793841505E3FCB7F8C3
:10603000C1BF894793841506E3F6B7F8D1B7854702
:10604000E3E0B7FCB334B00093840407A5BF8547F1
:10605000E3E8B7FAB334B0009384040BA5B78547DF
:10606000E3E0B7FAB334B0009384040CA1BF8547D2
:10607000E3E8B7F8B334B0009384040DA1B78547C3
:10608000E3E0B7F8B334B0009384040E25BF85472E
:10609000E3E8B7F6B334B0009384C40925B7854765
:1060A000E3E0B7F6B334B0009384E40921BF854739
:1060B000E3E8B7F4B334B0009384640921B78D47A3
:1060C000631CF900A945B355B402B7470020938774
:1060D0008754239CB7AE21BD91476319F900B74798
:1060E00000209387875423AE87AE11B5B54763145C
:1060F000F904B74700209387875483D787AF374782
:106100000020BD46C117C207C1831307875463F53A
:10611000F600E547231CF7AE835787AF01C8F94661
:10612000E3E7F6DC8507231CF7AED1B3C146E3F005
:10613000F6DCFD17CDBFAD47E31BF9DA0545EFF0FF
:10614000BFAF114711E00547B74700209387875439
:1061500023AAE7AE69BB114955B30D4945B3517147
:10616000CAD186D7A2D5A6D3CECFD2CDD6CBDAC9C7
:10617000DEC7E2C5E6C3EAC16EDF23100600834432
:106180004500930710042A89E38EF42C2E84B289EB
:1061900063E49712C947638EF44A63E3970895470F
:1061A0006389F43663EA970085476386F42A894752
:1061B000638DF4309144ADA6C1476388F43CC54774
:1061C000E39AF4FEB73700209387875403D727005C
:1061D0002390E50003D747002381E50005673E973C
:1061E000834657B0A381D500835667B02392D5006C
:1061F000034747B02383E5009853A383E50003D703
:1062000067022394E50083C747022385F500EFE08A
:106210006FCEAA851305B400EFF0DF9DBD478DA6B4
:1062200093070003638FF45E63EB9702CD476380AF
:10623000F44493070002E39FF4F6035765008D478B
:10624000631FF72C1C4503C7270083C5170003C530
:1062500007002207D98DEFF01FC3AA84D1A49307AA
:1062600010036386F46E93070004E395F4F48357F8
:1062700065006386072A1445054603C70600E31533
:10628000C70C1147639DE72883C4160093071005C8
:1062900063E7972803C4360083C7260022045D8C79
:1062A000630F0426C167FD17630BF426EF20102E41
:1062B000E31A05068D44ADA493076005E38EF43020
:1062C00063EE970693072005E38EF42863EA9704AC
:1062D00093070005E388F41C93071005E39CF4EC96
:1062E000EFF09FB8E3030528EF60500183475500A6
:1062F000954463970722EF2070298D44630205229D
:10630000EFF0CFC5AA84631D0520238A018A0547C3
:10631000B737002023A8E75423AC01986F0010374B
:1063200093073005E38DF42693075005E394F4E8D2
:106330009305000F2285EFF04F9105B79307900565
:10634000E38EF44A63E5970293077005E384F4341F
:1063500093078005E390F4E6EFF01FB1E307052013
:1063600083576900639D071AEF40803C4DA2930755
:10637000B005E38AF456E3EBF4529307F005E39B90
:10638000F4E2EF60A077AA84EFF01FAEE30F051CE4
:1063900085472300F40083C7540013052400A3009D
:1063A000F40083C5D40083C7C400A205DD8D83C774
:1063B000E400C207CD8F83C5F400E205DD8DEFF068
:1063C0007F8383C5140183C7040113056400A205FC
:1063D000DD8D83C72401C207CD8F83C53401E2055B
:1063E000DD8DEFF03F8183C5540183C74401130560
:1063F000A400A205DD8D83C76401C207CD8F83C5CC
:106400007401E205DD8DEFF0EFFE83C5140283C752
:1064100004021305E400A205DD8D83C72402C20730
:10642000CD8F83C53402E205DD8DEFF0AFFC83C56F
:10643000940183C7840113052401A205DD8D83C760
:10644000A401C207CD8F83C5B401E205DD8DEFF055
:106450006FFAD94735A2B7370020138787541853EE
:10646000938487540DEF13050008EF206059896568
:1064700031C99385F5EF2285EFF0CFF7B707150106
:10648000938727205CC09C502304F400EF20500D1C
:10649000A304A40021812305A400AD47D5A0EF20CB
:1064A000300C137735008D478965631AF7009385A3
:1064B00015AF1375C50361D193E525006DBF9385B5
:1064C00005AFC5BF938505AF7DB7EFD0DFBCAA8A06
:1064D000EFA062002300940083C4818A1379F50F32
:1064E0002686A3009400938501C113052400EF9034
:1064F000F26CB30794008D043305940023812701C7
:106500004A86D685EF90926BCA9423909900814475
:1065100001A883576500A5CB854663F3F602854441
:10652000BE502E5426850E599E54FE496E4ADE4AB0
:106530004E4BBE4B2E4C9E4C0E4DFA5D6D618280D3
:106540001C4583C707001387F7FF1377F70FE3E8AE
:10655000E6FC03A74198896693860671369723A6C1
:10656000E18A0947639BE70003A74198B7761B00C0
:1065700093860674369723A8E18A2300F4008547A2
:106580002390F90069B78547E9B7EF1010573737FF
:106590000020130787548567BA9783A6C7AE03D632
:1065A00007AFA94593B616002300D40083A647AFD2
:1065B00037490020AA84A300D40083D687AF2312D2
:1065C000C40013098954B386B60205452311D400CB
:1065D00083A6C7AF2303D40083D6C7B0A303D400D8
:1065E000A1822304D4001847A304E40083C747B062
:1065F00089C7EFF0EFE1133515002305A4008325CB
:10660000C9AD1305B400EFF0EFDEEFE0AF8EAA8561
:106610001305F400EFF00FDE83C7C4001305A401D7
:10662000A309F40083D70400231AF40083D72400BD
:10663000231BF40083D74400231CF400832549ADB9
:10664000EFF04FDB83D76400231FF40093070002B1
:1066500005BF835565000845138601C2EFF0EFE1E1
:10666000AA84E31F05EA0547238AE18A55BD8355BD
:10667000650008450A86EFF04FE0AA84E31205EAB8
:1066800083C7418B138B418B91CB3D46938501C2D0
:106690000A85EF9052509544E31405E837390020FD
:1066A000930789540347710083C70702130989546C
:1066B0006311F70E0357810083576902631BF70CC0
:1066C0000347A100834749026315F70C8564CA9408
:1066D000035D2900835B490083AC44B0832A09022F
:1066E000035A6902034C4902EFE0CF801306000A07
:1066F000938544A30808EF90724C835701008346AA
:1067000071000346A1002311F90083472100B74D12
:1067100000202320D9022312F900834731002302ED
:10672000C902938D8D54A382F4B083574100239303
:10673000F4B0834761002382F4B0835781002313B0
:10674000F902B1CE814683C7CDB08A060345B100B8
:10675000ED9BD58F2386FDB0B247A2075D8DEFD0AC
:106760005FC5AA843747002031E9EFD0BFF8AA857A
:106770002285EFF02FC891472390F9008547230029
:106780000B002324F9009167938787A923ACF19824
:1067900041BBEF20A05F8D44E30405D805BF9305FE
:1067A00010058546E3E1C5FAFD17C207C166F91673
:1067B000C183B3B7D70093C6170071B793FBFB0F24
:1067C00093FAFA0F2311A9012312790123A29DB193
:1067D000232059032313490323028903814763912B
:1067E0000A0293061005854763EC86017D1A420A6A
:1067F000C167F917135A0A01333AFA0093471A008E
:1068000003CACDB08A071306000A137ABAFF336AA7
:10681000FA0023864DB10C081305C7F7EF90123A22
:1068200001B3B73600200146814793868654A945B7
:106830001307360A120736975843058B01C7850799
:1068400093F7F70F0506E315B6FE2300F400B747EC
:1068500000209387D7F701488544054E894829438E
:106860001307380A13164700369683454600858974
:10687000F1C1330594002300C5014C42814E85814E
:106880009D89A300B50083C5070093F5F507230193
:10689000B5000346460093853400A295398A6314F7
:1068A000160183DE17002390D50193154700B69596
:1068B00083C54500138654002296B989814E63949E
:1068C000150183DE3700931547002310D601B695D6
:1068D00083C54500138674002296B989814E63846E
:1068E000150183DE1700931547002310D601B695D6
:1068F00083C54500138694002296B989954E63841A
:10690000150183DE37002310D60103C6A70083C517
:106910009700120722064D8EA315C5003697034730
:10692000C700B904C204058B133717000507A30677
:10693000E500C1800508C107E31468F2EFD09FDBD2
:106940002694AA852285EFF0EFAA91047DBE835498
:1069500065008D4703298500814A63F897001385F8
:10696000C4FF4A95EFF02FA7AA8AB7450020938568
:1069700085541306000A938545A30808EF90122456
:10698000374A00209147130ACAF763F19710034B67
:106990000900A94763EC670FB947B307FB029507E6
:1069A0006396F40E1385C4FF4A95EFF0CFA2AA8B2D
:1069B000EFD05FD49544639CAB0C1306000A81456D
:1069C0005285EFC01F965287930719000148094E60
:1069D0001303F0598548930E000F130FF005E54F90
:1069E00063110B035685EFD0DF9CAA844DE1EFD0F5
:1069F0007FD0AA852285EFF0EF9F91472390F90081
:106A000005B683C5470083C6370003C66700A205E5
:106A1000D58D83C65700220603C98700558E83C6CD
:106A20007700220983C3A7003369D90083C6970082
:106A3000A20303C5B700B3E3D30083C6C70083CB6B
:106A4000170083C2D700A206C98EC206C18613856D
:106A5000FBFF939406011375F50FC1806368AE02C6
:106A60001385F4FF420541816362A302FD1213F511
:106A7000F20F63EDA80063911B036369B3006367C2
:106A8000C30003C527001375F5071DE185441306F0
:106A9000000A0C08528559B3130509F642054181D5
:106AA000E3E6AEFE1385B3FF42054181E360AFFE2E
:106AB00003C5070013FC7B00060CB33CA000034594
:106AC00007001375050F33659501336585012300B4
:106AD000A70003C527001375F507A300A70063836C
:106AE0001B01CA852311B70063831B011E86231275
:106AF000C7000346870093B512002305D70013761D
:106B0000060C4D8E93D6840005082313070023043A
:106B1000C700A304F701A305D7001378F80F4107B6
:106B2000B9077DBDB7370020938787540567238257
:106B300097022393870223A00702BA9703C7C7B01F
:106B40006D9B2386E7B0E1B20946631BC70005478A
:106B5000E397E79CEF103072E31B059A6FF08FF517
:106B60008D456319B700E39CC79A03C51600EF1063
:106B70007078DDB79145631AB702E392C79A03C5EF
:106B80001600A547E3EDA798130710103307E50299
:106B9000B7370020938787549144BA9783C79702E9
:106BA000E3800798EF10307E45BF9545631AB7061E
:106BB0000547E396E796EF20A01A83A741C48566B0
:106BC000A58393F7F7072300F40083A741C4A183AB
:106BD000858BA300F400B737002093878754BE96B7
:106BE00003C7C6B00983058B2301E40003C7C6B001
:106BF0000583058BA301E40003D767022312E40099
:106C000003C747022303E40083C787022314A400B9
:106C1000A303F40083C701922305F4006FF0FF87FC
:106C20009945631BB7000547E39BE78EEF20E00023
:106C30009944E31E058CEDB09D45631CB700E390BD
:106C4000C78E03C51600A547E3EBA78CEF206005B0
:106C500021B7A146E315D78C0547E392E78CEF20D7
:106C6000A00CDDBD8357650005476395E7D4184543
:106C7000034707006310F7D413050008EF105058BE
:106C8000630A05D213050008EF107077630405E26C
:106C90000145EFE07FFA130520032923EF30D02AC6
:106CA0006FF0FF86EF106065373A002013078A54B3
:106CB0008567BA9783C7C7B0B74400202A8993F77E
:106CC0000702130A8A5493848454054589E7EF0028
:106CD000705A3335A0002300A400EF00F058A30041
:106CE000A40083D7C4B02311F400EF00505823024E
:106CF000A40083278A00A302F400EF009056834784
:106D000014002303A40013058400A303F40083A547
:106D10000198EFE03FEE8325CA001305C400EFE0C1
:106D20007FED83D724B01305A4012318F400835703
:106D300009002319F40083572900231AF40083471C
:106D4000C900230BF4008347D900A30BF400835739
:106D50006900231CF40083A544ADEFE0BFE9F947C7
:106D60006FF01F82EFF04F9001E589446FF04FFB09
:106D7000B74700209387875403C787B02300E400F8
:106D800003C797B0A300E40003C7A7B02301E40042
:106D900083C7B7B0A301F40091476FF06FFEEFF027
:106DA000AF8C61D5035769009147631AF7F68327C3
:106DB000890083C6370003C6270083C5170003C5B3
:106DC0000700EFE05F94AA84631C05F4B737002046
:106DD000054723A8E75445BAEFE04FE52A8A8355D3
:106DE0006900032589001008EFE08FFAAA8463196F
:106DF00005F20347010183470A000549B98F13F7DC
:106E000017001DEB83461A00034711016396E60243
:106E100083462A00034721016390E60283463A0035
:106E200003473101639AE60003494A0003474101E1
:106E30003309E94033392001898B854A99EB1306E0
:106E4000F0089305510113055A00EF90C254B33A6C
:106E5000A0000808EFE08F94AA84631305ECEFE02C
:106E60004FDDAA852285EFE0FFD891472390F900F6
:106E7000630C0900B7370020054723A8E754916742
:106E8000938787A923ACF198638C0AE8EF30D0058B
:106E90006FF00FE9EFE08FD92A89EF30300D8D4781
:106EA0002300F40083470900AA8437390020A30097
:106EB000F40083474502130989542301F4008347F2
:106EC0005502A301F400834765022302F4008347BF
:106ED0007502A302F400834705022303F4008347ED
:106EE0008502A303F400834795022304F40083572B
:106EF0008500A304F400A1832305F4008357A500B3
:106F0000A305F400A1832306F4008357C500A3075B
:106F1000040023080400A306F400A1832307F4005F
:106F20008357E500A308F400A1832309F4008357E5
:106F30000501A309F400A183230AF4000C41130501
:106F40005401EFE03FCBCC4013059401EFE09FCA22
:106F500083278900A30EF400EFE09FCB83A541981F
:106F6000230FA4001305F401EFE0DFC883C7A402D8
:106F700013057402A301F40283C7B4022302F402CE
:106F800083D72401A302F402A1832303F402CC4893
:106F9000EFE05FC68C4C1305B402EFE0BFC5CC4CEC
:106FA0001305F402EFE01FC5EF30D01983476500E9
:106FB0000327890013051008A309F4028D4763F61F
:106FC000E700EF20902A1375F50F230AA40283C768
:106FD0001402A30AF40283D72402231BF402BD4740
:106FE000230CF402EF30807CAA853D461305940300
:106FF000EF90C23C930780046FF08FD8EFE0DFE69C
:10700000E30505D683556900638B05D00325890008
:10701000054783470500639DE706FD1593F5F50FCA
:107020000505EF300079AA84631C05CEEF3090117E
:1070300089472300F40083476500AA84A300F40075
:10704000834775002301F400EF3040728347A502A7
:1070500013056400A301F40083D744002312F40055
:107060008C40EFE03FB9EF3010102315A400EF3053
:10707000B0102316A4009305100E1305F400EF3092
:10708000D0102307A4003D052390A9006FF02FC85E
:1070900089466397D7006394E5C8EF30D00861B79D
:1070A000639F07C68547639CF5C649B7835765004C
:1070B00005476376F7C60845FD1793F7F70F834535
:1070C0000500639EF5C40505EFD06F89AA84631996
:1070D00005C4EF60E0288327890083C707002300E9
:1070E000F400854721BA83576500639A07C2EF60B1
:1070F000002A6FF0CFC1697123229112B28430004F
:1071000023202113232E311123261112232481122F
:107110003689BA8923130100EFE05F8529E503472B
:10712000810085476311F704001013066100A285F2
:107130002800EFF0CF828947230AF1008357A1008E
:10714000A30CA100CE86231BF1008347C1004A8611
:10715000A685230CF10083576100480822CE231D29
:10716000F100EFE08FF48320C11203248112832405
:107170004112032901128329C111556182807D6763
:1071800013078784B357E50285669386867BB387AA
:10719000D702AA973375E5023305D5023355E502C8
:1071A0003E958280854711C9930740061305350631
:1071B0003355F50293170501C183239BF18A828021
:1071C0000547238CE18A82801387618B83570700F0
:1071D000411106C6C20722C426C24AC0C18385EB3C
:1071E000014901449384818B83C7040093F7F70F0F
:1071F000A1CFEFD07F950DCDB7470020938787545F
:1072000003C7C7B0136707022386E7B081A083577F
:107210000700FD17C207C1832310F700F1F3EFD079
:107220006FC82A8405495DFDEFD00FF62A845DBF43
:107230002380040071F0B74700209387875403C769
:10724000C7B01377F7FDC9B7E31609FEB240224471
:107250009244024941018280011106CE22CC26CA05
:107260004AC84EC6EFD02FA7AA8937390020374425
:107270000020EFD08FC89304895413048454638191
:107280000902A1476391F90E6D1513351500EFD072
:107290002FC719C58347C4B093E707022306F4B08C
:1072A000EFD0AFC51307E5FF894763F5E7009947BE
:1072B0006318F5008347C4B093E707022306F4B0D0
:1072C00095679387B72A2314F9540569269985474A
:1072D0002326F9AEE547231CF9AE232A09AE232E57
:1072E00009AE23A8040023AA040023A60400231146
:1072F00009B0EFD02FC7EFD0DF98EFE08FC0EFC01D
:107300003FDAEFE0AFD519C58347C9B093E707026D
:107310002306F9B085479CC49167938787A923AC5E
:10732000F1989C50A1E783C64402130710058547D6
:10733000636DD70083D7640241677917FD17C207D1
:10734000C183B3B7E70093C717000347C4B08A07E8
:107350006D9BD98F2306F4B0F2406244D244424977
:10736000B24905618280EFC05FFD2DB703C784027B
:107370008347C4B0133717000607E59BD9BF15C56F
:107380000147814793160701C18263E7B600138561
:10739000C7FE1375F50F8280B306E50083C60600AD
:1073A0000507B69793F7F70FF1BF0145828005CD2A
:1073B0008546814763FAB602411126C2AE84FD15A7
:1073C000C205C18122C406C62A84553F33079400F2
:1073D0008347F7FFB2402244898F93B71700924446
:1073E0003E854101828081473E858280930700026D
:1073F00063F3A7000145B79704009387073E330561
:10740000F502B7770919938707453E958280930760
:10741000000263E0A702D94763EFA700411106C647
:10742000F137B240B7E72F009387C7FD3E95410182
:1074300082800145E5B7B79704009387073E33057F
:10744000F502B747A2189387C7443E9582808146CC
:10745000A5C9131605014182130796504207856797
:107460004183938787A0814663ECE704A946B3462E
:10747000D502A947B387F602C207C1833307F64096
:1074800042074187635607003387C7404207418759
:1074900093170701C1831307F007B387E702294752
:1074A0009507B3D7E702C207C1836354050093E78A
:1074B000070893F6F60FA206D58F2390F5008546B0
:1074C00036858280014859C5D1C749C6411122C4B9
:1074D00006C62301C5000548218223000501A3003B
:1074E000B500A301C5002302D500A302E50003D720
:1074F0000700C5452A842303E5002183A303E50093
:1075000003C727002304E50003D74700A304E500D1
:1075100021832305E50003D76700A305E500218348
:107520002306E50003D78700A306E5002183230790
:10753000E50083D7A700A307F500A1832308F50082
:10754000EFF0FFE3A308A400B2402244494842857B
:10755000410182804285828081471DC995C94111C0
:1075600022C406C695472301B500A1812300F5007A
:10757000A301B500A300050091452A84EFF03FE088
:107580002302A400B240224495473E8541018280F7
:107590003E858280814721C5B9C131C26381C5045E
:1075A000411122C406C695472300F5002301B5000A
:1075B0008547A1812302C5002182A300F500A30114
:1075C000B500A302C50099452A84EFF05FDB2303D1
:1075D000A400B24022449D473E85410182803E8501
:1075E000828049C5011122CC06CE26CA4AC84EC6A1
:1075F0002A840145ADC725C6BDC29319080193D998
:107600000901138399009308000863EA68041305CD
:1076100050FA2301C4002302D4002182A182230056
:10762000A400A300B400A301C400BE85A302D4003B
:107630002303E400A3030401428613058400C284EB
:10764000EF80326313898400938589002285EFF0EF
:107650001FD32299A5042300A90013F5F40FF240CB
:107660006244D2444249B249056182800145828028
:1076700001485DC9D5C9011106CE22CC26CA4AC827
:107680004EC652C456C25AC003CA0500A14863F28E
:107690004809034305009308500A2A84631B130713
:1076A000AE84D2853E89BA89B68A328BEFF03FD05C
:1076B0002A8825C1834714000148639C6705034657
:1076C00034008347240022065D8E631456058346EA
:1076D000540083474400A206DD8E63863601C167ED
:1076E000FD176398F6028349740001489387990057
:1076F0006391470363060900834764002300F90090
:107700004E86930584002285EF80B256054823807B
:107710003401F2406244D2444249B249224A924A78
:10772000024B4285056182804285828083A7C18B9E
:10773000397122DC4AD806DE26DA95661389C18BB8
:1077400015646394D700138407101387418E1C437C
:10775000B7544C312309A10085071CC33EC683C71B
:10776000018C230AB10093848444C1452800231866
:10777000C10026C4A309F100A30A0100231B0100D4
:10778000EFC07F812ACC930600100146A2852545D3
:1077900097A0FF1FE780207411C90547A384E18EDD
:1077A000F2506254D254425921618280D146300055
:1077B000A285294597A0FF1FE780E07179FDD1469A
:1077C0007008A2852D4597A0FF1FE780C07071F556
:1077D000F247E39497FCB254C1456808EFC0AFFB91
:1077E000E39DA4FA0257B247E319F7FA2320890070
:1077F00045BF411126C22E86AE84D146AA852D45AD
:1078000006C622C497A0FF1FE780E06C11C9054798
:10781000A384E18E0145B24022449244410182801A
:107820009840B7574C31938787440145631BF70055
:107830008048C1452685EFC00FF63305A4401335B7
:1078400015001375F50FC1BF5D71A6C22EC6AA84BF
:107850002C081565A384018E86C6A2C4CAC015640F
:10786000EFF03FF92A896C1013050410EFF07FF850
:107870009387C18B3246630A0908724711C5C25605
:10788000B306D7406354D008034531028345410213
:10789000956694C323A2E18E2380918E094793F7C6
:1078A000B40F6394E7089307F00F6305F50005052F
:1078B0001375F50F2380A18C2685A380B18EEFF080
:1078C000FFE683A64198B64023ACD18C83A64198AD
:1078D000264423AAD18C83A64198964423A8D18C10
:1078E00083A64198064923AED18C83A6419823A450
:1078F000D18C03A7419823A6E18C23A2018C238479
:10790000018EA380018C6161828011C99566425706
:107910000345710383458103938606109DBF1304BD
:10792000041080C381450147B5B7014561B783A7FE
:1079300041981377150019C323ACF18C13772500F8
:1079400019C323AAF18C1377450019C323A8F18C1E
:107950001377850019C323AEF18C1377050119C382
:1079600023A4F18C1375050219C123A6F18C828022
:10797000411183A7419822C403A4818D03A7418D9F
:10798000338487401334541F06C626C23387E7402A
:107990009306401F1344140063F4E60013642400AC
:1079A00083A6018D05671307479CB386D740637490
:1079B000D7001364440083A6C18D05671307479C55
:1079C000B386D7406374D7001364840003A7818C07
:1079D0009306401F3387E74063F4E6001364040115
:1079E00083A6C18C1386118C9384118CB386D740E7
:1079F0001308401F834506001387818E637ED802DB
:107A00001364040223A2018C834707006384870068
:107A10002300870099E92A86A2850145A380818EEB
:107A2000EFF0DFD085472380F40013351400B24017
:107A3000224492444101828071F423000700F5D56D
:107A40001387418C144399E21CC3C5B7958F9D667B
:107A50009386F652E3FBF6FC230006002320070082
:107A6000E9B703C5018C828003C5018E828003C5FE
:107A7000118E828003C5918E8280011122CC06CEA8
:107A800026CA373400408347B4000D47636BF704C0
:107A900093978500A181DD8D936405082316B100BD
:107AA00009466C002685EF00B0058347240093E764
:107AB00027002301F400930750FA2304F400230461
:107AC00094008347C1002304F4008347D1002304BA
:107AD000F4002304A4000545F2406244D244056149
:107AE00082800145D5BF011122CCA307A10006CE9B
:107AF000373400408347B40011470145636DF702F6
:107B000005469305F1001305A00EEF00607F834743
:107B1000240093E727002301F400930750FA23047D
:107B2000F400A9572304F4008347F1002304F40070
:107B30002304A4000545F24062440561828083A6C7
:107B4000818F138701C3A307D70083C60190230742
:107B5000A700938701C32308D70003576700C166B6
:107B6000FD166305D70005072393E70003C7D70079
:107B70009306F00F6301D70405071377F70FA38669
:107B8000E7008D466319D70223860700B747002018
:107B90009387875403C7C7B0C166239107B01367A3
:107BA00007012386E7B003D767AEFD166305D7004C
:107BB00005072393E7AE8280411122C42A842E85D3
:107BC00006C6EFF0DFF723820190A3860190EF90C5
:107BD000A03DC1450145EF90401B8D4513050008B0
:107BE000EF906010371700408327C70CB24093E72F
:107BF00007082326F70C23AC018E23AE8190224484
:107C000041018280411122C406C62A8415E583A75A
:107C1000C1911307F0042E85B387F5406379F7000F
:107C2000B737004083C7B7008545EFF0FFF82285DE
:107C3000B2402244410182800544D5BF01114AC8A7
:107C400006CE22CC26CA4EC652C456C25AC013888B
:107C5000419083470800C9E3B737004083C6B700A7
:107C600099481387C19163E3D80483C6270085052B
:107C700093E626002381D700930650FA2384D70089
:107C80002384A7002380A1902387B190A38601902D
:107C900085472300F80010C3F2406244D2444249B1
:107CA000B249224A924A024B0561828018439306E8
:107CB000F0043307E640E3F1E6FE83C7B7008545ED
:107CC00032856244F240D2444249B249224A924A41
:107CD000024B05616FF05FEEB737004003C75700F6
:107CE000B284798B31E303C6E19013894190938A82
:107CF000E19037370040938581908346A700138831
:107D0000D1908347080093F6F60F9389D1908DEABE
:107D10006315F60A7D16814785461376F60F13879D
:107D200081901305F00FA9A88946238AD19003C733
:107D30002700136727002381E70083C5419111AA1B
:107D40008346870093F6F60F63ECC7008D46238ABF
:107D5000D1908347270093E727002301F700F1BF65
:107D600093881700AE97230018012380D70071B7BE
:107D7000B305F70083C505006383A5008146850729
:107D800093F5F70FE3E6C5FE2300090089C6114706
:107D9000238AE1905DB703C50190938581908D237F
:107DA00083C70A00138A81903E9A0347FAFF93879C
:107DB0008190630BA7221547E1BF83A7C1911307E9
:107DC000F004B387F440E379F7EC23000900194786
:107DD000C1B703C7070083C717002207D98F2397AE
:107DE000F18E7D771307071CF98F0567130747A0EE
:107DF000D98F239AF18E8D471CC023AE919069BD17
:107E000003C7070083C717002207D98F2395F18E78
:107E100093F7F7DC2398F18E9147F9BF03C707006A
:107E200083C717002207D98F2396F18E93F7C7F5E2
:107E300093E717002399F18E95477DBF03C707008D
:107E400083C7170083D6418F2207D98F6385F60039
:107E50009D452685BDB5B54745B703C7070083C710
:107E6000170083D6018F2207D98FE393F6FEB94717
:107E700061B703C7070083C7170083D6218F220786
:107E8000D98FE397F6FCBD4785BF03C7070083C7BB
:107E900017002207D98F2398F190FD17C207416779
:107EA000C18375176374F700A14565B7C147A9B7CA
:107EB00003C7070083C717002207D98F2399F190C2
:107EC000FD17C2074167C1837517E36FF7FCC5470C
:107ED00025B703C7070083C717002207D98F23914F
:107EE000F190FD17C2074167C1837517E36EF7FA7A
:107EF000C94719B703C7070003C517006207420542
:107F0000498F03C53700498F03C5270083D52190CA
:107F10002205598D0521239CA190D547F1BD03C7AA
:107F2000070003C5170042072205498F03C5270034
:107F300083D5019113866191598D9929D947E31D04
:107F400005EA2545EFF0BFBFCD471CC01387047D70
:107F5000230009002380090023AEE18E79BD03C709
:107F6000070003C5170042072205498F03C52700F4
:107F700083D52191138BA191598D1386A1919521C0
:107F8000938A047D138AC18F09ED2945EFF03FBB29
:107F90002300090023800900CD471CC023205A017B
:107FA000A9BD83D6619103D78191938701C32391A2
:107FB000D70083560B002392E70084C72390D70095
:107FC00085462396D700B74700209387875423918F
:107FD000E7B003C7C7B03D9B2386E7B075BFAD458B
:107FE0002685EFF07FBD11BD03A7818FD146138495
:107FF000818F7917E3E5E6FEB70603000A0793864B
:10800000065B369718430287411106C6938701C362
:1080100023A0070023A2070023A4070023A607002C
:1080200023A80700239801902399019023910190A0
:10803000239C0190239B0190239D0190C145014504
:1080400023820190EF8070548D4513050008EF8066
:108050009049371700408327C70CB24093E70708C1
:108060002326F70C23AC018E03A7419823AEE190A1
:1080700041018280011126CA22CC03A4419883A722
:10808000818F06CE4AC84EC65947636EF72437071C
:1080900003008A0713074760BA979C439384818F34
:1080A00082871389C191832709002D47B307F440C4
:1080B000637DF708B719004083A7890CC1450145C6
:1080C00093E7070823A4F90CEF80304C83A7890CB1
:1080D0008545414593E7070823A4F90CEF80B0409C
:1080E0008D4513050008EF801040096513050558FC
:1080F000EF807068B73700401D472381E7006D4768
:10810000A381E70013070004A380E7000547238746
:10811000E70085479CC02320890005A89387C1916B
:108120009843930630063307E44063F0E6020947BC
:1081300098C080C319A81305500EEFF0DF9AA285EE
:10814000EFF05FAC9947631F0516F2406244D244DA
:108150004249B2490561828003A7C19199461389BA
:10816000C1913307E440E3F2E6FE83D5418F83D724
:10817000E18E6394B7009D4771BF0145EFF0FF8F1B
:10818000A285EFF03FA865F9C9B703A7C191994649
:108190001389C1913307E440E3F9E6FA83D5018FEF
:1081A00083D7A18E6394B700A147ADB70545EFF023
:1081B000DF8CA285EFF01FA565F941BF03A7C19130
:1081C00099461389C1913307E440E3F0E6F883D57B
:1081D000218F83D7C18E6394B700A54725BF4D4536
:1081E000EFF0BF89A285EFF0FFA165F9B9BF138950
:1081F000C191832709001947B307F440E377F7F4E7
:108200001305A005EFF03F8EA285EFF0BF9FA947B1
:10821000E31205F01DBF1389C19183270900194797
:10822000B307F440E373F7F21305C00DEFF0BF8B13
:10823000A285EFF03F9DAD47E31E05EC39B793876C
:10824000C1919843A5463307E440E3F0E6F0314797
:10825000C5B52286894501456244F240D24442496F
:10826000B24905616FF09F9D228689450545EDB7AE
:10827000228689454D45CDB72286894513050007DD
:10828000E1BF2286894513052007F9B72286894573
:1082900013053007D1B71305A005EFF0DF84A285E1
:1082A000EFF05F96E30305EACD479CC023AE818ED5
:1082B00023AE819059BD83A7C18FB307F440E3C6B5
:1082C00007E8D1479CC0EDB7228691451305C0024F
:1082D00061B722868D4513054002BDBF22868D45BC
:1082E0001305600295BF22856244F240D2444249A0
:1082F000B249AD4505616FF03F8C138501C38280A3
:10830000130555FA9377F50F0DC20145014791E921
:108310008280B386E50003C506000507AA9793F798
:10832000F70F9376F70FE3E6C6FE93C7F7FF13F553
:10833000F70FF9BF9387F5FFC2074167C183930623
:10834000D7FF63E5F6049357F5413D8D1D8DB38747
:10835000A50233B5A502A945B386F5023385A5026A
:10836000B3B5F502B7070080B697B3B7D700CD46CF
:108370002E95AA9763E7F60081471395070141817F
:1083800082801305F7FFE3EAE7FE82800145F5BF2F
:1083900081460DC21387F5FF4207C1674183F51778
:1083A000814663E9E7009317850063D70700231030
:1083B0000600854636858280B387A5023707800090
:1083C0008146B3B5A5023E97B337F700AE97930544
:1083D000F00FE3E1F5FEA20761835D8F2310E60055
:1083E000C9BF3DC69386F5FFC2064167C1827517B6
:1083F00081476369D7009317850063D7070023106F
:10840000060085473E858280B387A50233B7A50263
:10841000370540013E95B335F500F547BA9563E958
:10842000B7026396F500B707804E6373F5024111FA
:1084300022C4814632843706800206C6EF7052039A
:108440002310A400B240224485473E85410182802A
:1084500081474DBF03C751C483C741930145058B75
:1084600093F7F70F11C703C50193C98F13B5170011
:108470008280B74500401D45938641C49387419350
:1084800083C7070093F7F70F99CF1387819313865C
:108490006193835707000356060063F6C70083C73E
:1084A000B5C06373F500828083570700C207C1839C
:1084B00013861700B697420683C727104182231000
:1084C000C7002384F5C05DBF41118945014506C63B
:1084D000EF80B03E238A0192239B0192B240239CFD
:1084E0000192238D01924101828083C7419393F7CA
:1084F000F70F89E7894501456F80303C411106C679
:1085000022C4EFF01FF783D7819303D7619363E809
:10851000E702B747004083C7B7C093F7F70F85E37B
:1085200003C4A1931374F40FEFF01FFA09E89387C3
:1085300041C403C7170013671700A380E700B240C8
:1085400022444101828059C51387F5FF42074183C8
:108550009306F00F814763E0E60801114AC81387CC
:10856000419306CE22CC26CA4EC603470700138984
:10857000419381471377F70F31E7AE84AA851385BE
:1085800041C413052510B289138441C46385A50035
:108590002686EF70B262239B9192239C0192238DD9
:1085A00031938347140005472300E900F99BA3009A
:1085B000F4002384E192EFF0DFEB89450545EF807D
:1085C000D02F8547F2406244D2444249B2493E85A9
:1085D0000561828081473E858280B737002093877E
:1085E000875405673E970347C7B04111B74600203F
:1085F00006C622C426C24AC0118B938686541DE744
:1086000003C64702130710056362C70283D76702D8
:1086100013D6870013978700FD17518FC207416655
:108620004207C18375164183637AF60083C7C6B0DB
:1086300093E747002386F6B0014499A8AA841385DE
:1086400041C48357050013F9F40F2E8493F70710E4
:108650002310F50023910192930700632311F51075
:108660002312E51023032511014695451305251016
:10867000EFF07FED71D105C49384A4F6854763F9CB
:10868000970003A64198CA851385C192EF00407AEE
:108690002285B2402244924402494101828005442D
:1086A000C5BF83C7419393F7F70FC5E7138741C44D
:1086B00003471700938741C493761700BDE283A553
:1086C000419293864192D1C503A641980D8E634293
:1086D00006081377E70F09466319C70237470020DA
:1086E000130787540346C7B0136646002306C7B076
:1086F00003D7070023A00600137707E013670710CE
:108700002390E7002391019282801146E312C7FE75
:1087100037470020130787540346C7B01366260067
:10872000F1B79387C19283C7470085C783A5419856
:1087300001111306F1001385C19206CEEF002071DE
:1087400011C50345F1008145EFF03FE9F2400561B5
:1087500082808280797122D4938741C483C61700B6
:1087600006D626D24AD04ECE52CC93F71600C5E399
:10877000138441C40347040059CB9387219203D645
:108780000700420741836312E6089304240037057B
:10879000030093E6160023900700A68513050566DF
:1087A00023A20192A300D400EF6010009305F10012
:1087B0001305D030EFE0B13C0347F1009147631B54
:1087C000F700EFD06FEA19C503460400A6850545FA
:1087D000EF40F03C83471400094793F7E70F63939A
:1087E000E70803470400631EF7041C404177F98F34
:1087F0006397E702B74700209387875403C7C7B042
:10880000136747002386E7B019A02390E700B25012
:10881000225492540259F249624A45618280B73724
:108820000020138787548347240083463400A2071F
:10883000D58F2313F7028567BA9703C7C7B06D9B1F
:10884000D1B78D47E318F7FA1840C177F98F37078A
:108850008899E39EE7FA034744009307A00AE318C8
:10886000F7FA49BF1147E394E7FA034704008D473D
:108870006318F7021840C177F98F37078899E39892
:10888000E7F8034744009307A00AE312F7F8B74755
:1088900000209387875403C7C7B0136727009DB78D
:1088A0009306600EE315D7FE03C901922547E360E6
:1088B00027FF130510103305A902B7340020938950
:1088C0008454130700031306500E93053400338AB3
:1088D000A9001305C5022305EA02A305FA024E9575
:1088E000EF70D22D03C789028547A304FA0293874C
:1088F0008454636AE90005091379F90F2947636E07
:108900002701238427030567BA9703C7C7B0759B60
:108910002386E7B0EFE0DF8ADDBD2384E702E5B719
:10892000130700102392E1C423910192238A01923C
:10893000239B0192239C0192238D0192411123A23A
:1089400001921385C19206C623840192E129930501
:1089500000080545EF806043371700408327870CE8
:10896000B70620008545D58F2324F70C3705100066
:10897000EF8060378D4537052000EF80C036EF80EF
:10898000807095450545EF804073B240B7E700E041
:10899000114723A2E71041018280B7370020938757
:1089A0008754985321EF05673E970347C7B0118B53
:1089B00031E783C64702130710056361D70483D7E5
:1089C000670241677517FD17C207C1836368F70225
:1089D000411122C406C62A84EFF0DFA719C9138506
:1089E000C192492922852244B240854541016FF058
:1089F000DFBEB240224401454101828001458280B0
:108A0000411122C43734002013048454185006C680
:108A100015EF8567A29703C7C7B08147118B05E3A0
:108A20008346440213071005636BD7008357640223
:108A300041677917FD17C207C183B3B7E70093F702
:108A4000F70FB24022443E8541018280854681472E
:108A5000E319D7FE452E1375F50F25478147E360CF
:108A6000A7FE930710103305F5022A94834794025A
:108A7000B337F000E9B7411106C622C4EFF09F9D5D
:108A800021CD1385C192FD26B747002093878754D7
:108A900003C7C7B0138441C46D9B2386E7B02391FD
:108AA00001928357040005468D4593F7071093E71D
:108AB00007202310F4009D67938707032311F41008
:108AC00013052410930700FA2302F410EFF0BFA758
:108AD00001E98547A300F400B240224441018280AD
:108AE00083A7419819671307871ABA9723A2F192AF
:108AF0000545DDB7A54763F9A7000145828001451B
:108B0000B240224441018280411122C406C62A8417
:108B1000EFF05F946DD51385C192A92EB747002061
:108B20009387875403C7C7B005468D45759B238639
:108B3000E7B023808192138441C42391019283572B
:108B400004001305241093F7071093E70740231040
:108B5000F4008967938707032311F4109307000536
:108B60002302F410EFF03F9E09E58547A300F400CF
:108B700041BF83A7419819671307871ABA9723A2A1
:108B8000F1920545B5BFA54763FBA700014582806B
:108B90000145B24022449244024941018280411180
:108BA00022C4130410103304850226C2B7340020F7
:108BB000938484544AC006C633898400834799024B
:108BC000E1DBEFF03F8969D51385C19265248347C6
:108BD0009902DDDF938741C403D707001305A40280
:108BE0000146137707102390E7009305700E269532
:108BF00023910192EFF03F953335A00059BF411109
:108C000022C406C62A84EFF0BFDF05C5B7370020AF
:108C100083A78756228591E72244B24041016FF035
:108C2000DFD7CD222244B2401375F50F41016FF01A
:108C30009FF5B240224441018280138741C403471B
:108C40001700411122C426C29376E70F06C6137798
:108C5000A70F0946138441C4630EC7009147638B75
:108C6000F6001385C1923924B2402244924405454E
:108C700041018280EFF05F851385C192E52A930759
:108C800000102310F4002391019223A20192B74710
:108C900000209387875403C7C7B0659B2386E7B03E
:108CA000E1B7A54763FAA700014582800145B240BC
:108CB0002244924441018280411122C406C626C248
:108CC0002A84EFF02FF97DD11385C1926522130517
:108CD00010103305A4023734002093048454130683
:108CE00010108145130595022695EFA08FE3130719
:108CF000845423840402014681468147130484542A
:108D0000A94503459702850793F7F70F19C1BE865A
:108D1000054613071710E396B7FE19C22304D402C1
:108D2000EFE00FCA054561B7411106C6EFF08FF2BB
:108D30000DC51385C1923D2A0566373500201306FF
:108D4000A6A0814513051557EFA0AFDDB73700206A
:108D500023880756EFE0CFC60545B2404101828027
:108D6000B737002093878754014701450546A94638
:108D700083C5970291C5B315E6004D8D420541812B
:108D8000050793871710E315D7FE8280411106C6A9
:108D9000EFF04FEC09C51385C192E9280545B240B3
:108DA00041018280011126CA06CE22CCAA842EC699
:108DB000EFF04FEA0DC91385C1926D28138441C4A9
:108DC00083570400B245054693F7071093E7076001
:108DD0002310F400268523910192EFF0CFF609E9E4
:108DE0008547A300F400F2406244D24405618280CA
:108DF00083A741980567130787BBBA9723A2F1920F
:108E00000545D5B7130505F89307500263EAA70097
:108E1000B70703009387C766AA9703850700828078
:108E20007D55828009C5214681456FA08FCF828004
:108E300009CD91C98347450089EB1306460B2302F0
:108E4000B50010C185452E8582808145EDBF8147E3
:108E500011CD09CE8347450091CB1841998D63C947
:108E600005002300F6002302050085473E85828029
:108E70008147EDBF09C5230205002320050082803C
:108E8000B72700209386C72401479387C72411483A
:108E900083A80600639BA804D146B306D702BE96FA
:108EA00003C846006315B80094466384C604D146DF
:108EB0003307D702BA9703A741982382B70090C718
:108EC00023880700D8C789E9B717004003A7C70C54
:108ED000598D23A6A70C828009EEB717004003A77F
:108EE000870C598D23A4A70C82800507D106E311B6
:108EF00007FB82802E86AA85130500046FF05FF8B9
:108F00002E86AA8505456FF0BFF72E86AA85416596
:108F10006FF01FF72E86AA8521656FF07FF683A676
:108F20004198B72700209387C72413850705371674
:108F3000004003C7470019CF8C4789CDD8473387F6
:108F4000E6406369B700D4C70327860C8C432D8F96
:108F50002324E60CD107E39EA7FC8280B7470020BC
:108F60009387875483C7C7B00145858BA9EF41110B
:108F700022C43744002026C24AC006C613048454C3
:108F800093044006371900408327490C1397370193
:108F90006353070289E88347C4B0014593E717008C
:108FA0002306F4B019A813054006FD149770FF1F9F
:108FB000E780007ED1BF0545F9DCB24022449244EF
:108FC0000249410182808280411122C4371400404D
:108FD0008327840A06C68D4593E727002324F40AD5
:108FE0002D45EF701046EF70F05BB747004021470A
:108FF000A381E74085450565EF70F04E8D45372527
:109000000200EF70504E8327840C37070200B240F5
:10901000D98F2324F40C8327840C0967D98F232448
:10902000F40C224441018280411122C437140040D3
:109030000327C40C26C2B704020006C6458F2326A8
:10904000E40C51459770FF1FE78060758327840CFF
:10905000B240C58F2324F40C2244924441016FF0A6
:10906000FFEFB74700209387875483C7C7B0858B2E
:1090700095EF411122C4371400408327C40A06C665
:109080001305000C93E787002326F40AEF70F053D2
:109090000145EF7090538327840AB24093E787001D
:1090A0002324F40A224441016FF05FEB828011C255
:1090B000D1C1011122CC26CA4EC606CE4AC8B284FE
:1090C000AE892A84EFF09FE939CD37170040832716
:1090D000C70A1375F40F014993E787002326F70A9F
:1090E000EF70B04E93170901C18363E697023717FB
:1090F00000408327870A93E787002324F70A930712
:1091000040086302F4026244F240D2444249B24948
:1091100005616FF0BFE4B387290103C507000509A6
:10912000EF70B04AC1B7F2406244D2444249B249FA
:10913000056182808280411122C426C24AC006C6CF
:109140002A892E84B28419C6ADCD9305F00F2285ED
:10915000EFA02F9DEFF09FE02DC53717004083272C
:10916000C70A1375F90F014993E787002326F70A09
:10917000EF70B0450145EF70504593170901C18369
:1091800063E99702371700408327870A93E7870030
:109190002324F70AEFF09FDC0DE585C422852244E5
:1091A000B2400249268692449305F00F41016FA018
:1091B0004F97EF70D043B30724012380A700050920
:1091C0006DBFB2402244924402494101828011C2E3
:1091D000D1C1411122C426C24AC006C632842E899A
:1091E000AA84EFF0BFD72DC1371700408327C70AE5
:1091F000354593E787002326F70AEF70103D13D516
:109200008400EF70903C13F5F40FEF70103C814434
:1092100093970401C18363E18702371700408327D6
:10922000870A2244B2409244024993E787002324EC
:10923000F70A41016FF09FD2B307990003C50700F9
:109240008504EF709038E9B7B24022449244024955
:109250004101828082800111A307B1000546930578
:10926000F10006CEEFF0BFF6F240056182804111B9
:1092700022C426C24AC006C62A892E84B28419C6D0
:10928000C1C59305F00F2285EFA0AF89EFF01FCD88
:1092900025CD371700408327C70A754593E7870018
:1092A0002326F70AEF70703213558900EF70F03102
:1092B0001375F90FEF7070310145EF7010310149EE
:1092C00093170901C18363E9970237170040832789
:1092D000870A93E787002324F70AEFF03FC80DE5DC
:1092E00085C422852244B2400249268692449305D1
:1092F000F00F41016FA0EF82EF70702FB3072401D0
:109300002380A70005096DBFB24022449244024960
:109310004101828001119305F100054606CEEFF070
:109320001FF5F2400345F1000561828011C2BDCDF9
:10933000411122C426C24AC006C632842E89AA849C
:10934000EFF0DFC131CD371700408327C70A394519
:10935000420493E787002326F70AEF70102726853B
:10936000EF70B0268144418093970401C18363E18B
:109370008702371700408327870A2244B24092446D
:10938000024993E787002324F70A41016FF01FBDCC
:10939000B307990003C507008504EF701023E9B7F0
:1093A000B2402244924402494101828082800111EC
:1093B00022CC26CA4AC806CE4EC62A892E84B2843A
:1093C00019C6C1C59305F00F2285EF909FF5EFF008
:1093D000FFB825CD371700408327C70A79459399F1
:1093E000040193E787002326F70AEF70101E4A85D1
:1093F000EF70B01D0145EF70501D014993D909016F
:1094000093170901C18363EA3703371700408327A5
:10941000870A93E787002324F70AEFF03FB415E5A6
:109420008DC422856244F2404249B2492686D24424
:109430009305F00F05616F90DFEEEF70501BB307DF
:1094400024012380A700050965BFF2406244D2448D
:109450004249B2490561828001112AC66C00054665
:109460001305000806CEEFF09FC4F240056182802C
:10947000011122CC4AC82A842E8909466C004D4528
:1094800026CA06CEEFF03FCB83A4C1938547639BEA
:10949000F40213054070EFF0FFE71D811375F50F1F
:1094A0006312950213052070EFF0DFE62300A4009D
:1094B0008347D100F24062442300F900D24442497C
:1094C000056182808347C1002300F400D5B72E8652
:1094D000AA8501456FF09FE5797122D42E8426D2AA
:1094E0009305F101AA84228532C606D6A30F010096
:1094F000EFF01FF883470400324605456369F60024
:109500000345F1013E86A685EFF07FEA0145B250A2
:10951000225492544561828001119357050123061C
:10952000F1002307A100935785006C000D46130539
:10953000300806CEA306F100EFF07FB7F2400561D8
:109540008280011106CE32C6EFF07FF83246F2403B
:10955000328505616FF05FFC011193570501230609
:10956000F1002307A100935785006C000D461305F9
:10957000200806CEA306F100EFF07FB3F2400561AC
:1095800082800111A307A1009305F1000546130590
:10959000F00906CEEFF0BFB1F24005618280011103
:1095A000A307A1009305F10005461305000A06CEA6
:1095B000EFF0FFAFF2400561828001112AC66C0016
:1095C00005461305600906CEEFF07FAEF240056157
:1095D00082800111B7F7A43506CE9387079063F018
:1095E000A702FD779387179E2316F1006C000946AA
:1095F00013058009EFF0BFABF24005618280B70729
:10960000AA329387078863F6A700F9779387778D47
:10961000E1BFB747E52D9387074863F6A700F177C9
:109620009387175CD1B7B7176B1B938707B063F6A7
:10963000A700E1779387571745BFB7075519938759
:1096400007C463F6A7009D679387B7F671BFB76736
:10965000840C9387F787E3FBA7F8916793877713C9
:1096600061B701112306A100A306B1002307C100C1
:109670006C0011461305500906CEA307D100EFF088
:109680001FA3F2400561828003A7018693870186AC
:109690000111DC433AC40D89A304A1002C0021462A
:1096A000214506CE3EC6EFF09FA0F24005618280C4
:1096B00001116C004945094606CEEFF0DFA783474C
:1096C000C1000345D100F240A2075D8D0561828093
:1096D0000111A307A1009305F10005461305D00968
:1096E00006CEEFF0DF9CF24005618280011106CECC
:1096F00022CC2A84EFF0FFED2285EFD05FA89357AC
:1097000085012306F10093570501A306F100931785
:1097100085004205418121815D8D2317A1006C00E8
:10972000114613056008EFF09F98F240624405610E
:10973000828001112AC623AEA1926C000546130552
:10974000A00806CEEFF0BF96F240056182800111BD
:1097500026CA06CE22CCB547AE8463DDA704D9471E
:109760002A8463CDA70441476357A7044D478D451D
:109770006354A70495450D456314F4009D451145B8
:1097800085460146EFF0FFED05659305800313055F
:10979000758EEFF05FAC6C0009461305E0082306F8
:1097A0008100A3069100EFF09F90F2406244D24402
:1097B00005618280394489450945D9B759447DBF3F
:1097C0005C41011106CE2306F1001C456C001146D8
:1097D000A306F1005C452307F1008347050113054B
:1097E000B008A307F100EFF09F8CF2400561828082
:1097F00083574500011106CE13978700A183D98FA7
:109800002314F1001C452C0019462305F100834761
:10981000C500A305F1001C492306F1005C491305AE
:10982000C008A306F100EFF09F88F2400561828036
:1098300001112306A100A306B10009466C0013051F
:10984000F00806CEEFF0BF86F2400561828001117C
:109850009305F1001305000C054606CEA307010091
:10986000EFF07F8DF2400345F10005618280011128
:1098700022CC0D462A846C00514506CEEFF0BF8BFA
:109880008347C100B307F04085872306F400834770
:10989000D100139787016187634007028983A3067C
:1098A000F4008347E100F240B307F04085872307C7
:1098B000F400624405618280938707F08987C5B709
:1098C00093178500218101115D8D2316A1006C0085
:1098D0000946094506CEEFF08FFDF2400561828012
:1098E000397126DAB74400209384845483C7C4B006
:1098F00006DE36C6F99B2386F4B022DC4AD84ED663
:1099000052D4AA892E8A56D2B28AEFF0EFEBEFF04A
:10991000AFF1EFF00FF50145EFF01FB40545EFF0A3
:10992000DFC9854705469305F1011305F029A30F0B
:10993000F100EFF0DF89A14705469305F10113051A
:10994000002AA30FF100EFF09F8805469307C0FAA5
:109950009305F1011305102AA30FF100EFF03F87E3
:1099600081450145EFF0DFEC91450145EFF03FDE29
:109970000545EFF0FFD50145EFF01FAE0145EFF0D3
:109980005FC00145EFF0BFC1B246138481E41947BF
:1099900085472312E40001457D575CD41CDC1CC8BC
:1099A00054D82306E40023285403230E040223245E
:1099B0000400232A0400EFF03FAA0545EFF07FD70B
:1099C0001305C402EFF0DFDF138581E4EFF05FE2FF
:1099D00013158A0191456185EFF07FD74E85EFF031
:1099E000FFD0EFF0DFE67D151375F50F9307D00F6D
:1099F00063F2A70283C7C4B0054593E71700238627
:109A0000F4B0F2506254D2544259B259225A925A86
:109A1000216182800145F5B7B747002093878754BD
:109A200083C7C7B0858BA9E321C19DCD411126C253
:109A3000AA8441657D1506C622C42E84EFF05FE836
:109A40000545EFF07FC4938781E4138581E4238685
:109A50008700EFF0FFD9A2852244B24026859244C8
:109A6000014641016FF0FFAD828003850194828041
:109A70000111B737002022CC938787540564A29741
:109A800083C7C7B006CE2316010023070100858BCC
:109A90008DE741657D15EFF0BFE20945EFF0DFBED0
:109AA000930760F91305C48A05466C002306F1008C
:109AB000EFF0EFF10145EFF03FAAF240624405619B
:109AC0008280C9C5797126D206D622D44AD0B7443D
:109AD0000020238005009384845483C7C4B0858B01
:109AE000A1EB39C52E842A89EFF09FBCC167FD1711
:109AF0006300F50493772500A1CB13060008A28527
:109B00004A85EFF07F9D83C7C4B0858B5D8D13754B
:109B1000F50F11C523000400EFF09FF511A86800B0
:109B2000EFF0FFD483C7C4B0858B89CB230004003A
:109B3000B250225492540259456182808347810178
:109B4000D1072380F194C9BF65D5F9B7828001C5DB
:109B50000CC123020500828001C908413385A5405C
:109B60001345F5FF7D8182800145828015CD034735
:109B7000450001451DCB9307F7FF05656D1793F76A
:109B8000F70F1377F70F1305853881EBBD679387C0
:109B900007A663FCA7003E858280E389E7FEFD17E8
:109BA000060593F7F70FD5B7014582800DC941111E
:109BB00006C622C426C2834745001307F00F6385FB
:109BC000E70085072302F500AE842A84EFF01FFA30
:109BD000269508C0B240224492444101828082808E
:109BE00001C50CC1230205008280138701EC834666
:109BF00067070547938701EC639AE6001547238BB7
:109C0000E70603A74198B457158FB8DB0547238AA9
:109C1000E7048280938701ECA38207022393070263
:109C200023930704A38607042397070423880704C4
:109C3000A38B0704238C070423A007048280938747
:109C400001EC83D6070403D727046392E602930648
:109C5000F5FFC206C1821306F00B01476367D60009
:109C6000239107042390A70405473A858280014782
:109C7000EDBF938701EC373600401D459386C12325
:109C800003D7270483D507046374B7028345B6401E
:109C90006373B5008280930517003697034707006A
:109CA0002391B7042304E640984F050798CFC9BF16
:109CB00023A007048280938701EC05472393E704E0
:109CC00003A741982382A702BA95CCD782809387B5
:109CD00001EC05472383E70403A741983A95C8D7C9
:109CE000828008418280411122C426C206C637E420
:109CF00000E0B7040008232094180F1000009D45D1
:109D00000145EF70A031EF70003423209428938731
:109D100001EC2389070423850702A388070423A0F5
:109D200007042392070423820194A3820194371726
:109D300000408327870A2244B240924493E70720D9
:109D40002324F70A81451305003041016F60706FCD
:109D5000411106C6EFF07FE9EFF0FFF8EFF09FEB5F
:109D6000371700408327C70CB70640008D45D58FB5
:109D70002326F70C37054000EF60F076138701ECDF
:109D800003578700C166FD16938701EC6305D70072
:109D900005072394E70003A741981307E715D8D7D1
:109DA00005472382E702B24041018280938701EC9C
:109DB000B05703A74198238BA706118FB8DB03C7C1
:109DC000370535462382E7026314C7006FF0BFF101
:109DD00003A7419898DB8280011122CC06CE13079D
:109DE00055FF8947138401EC63F6E7001377B5FF4D
:109DF000631AF70A834794050947636AF7008507E2
:109E000093F7F70FA30CF4040D476396E7002AC6F7
:109E1000EFF07FED3245A30304022304A402894737
:109E2000631BF5008357240141677D176385E700B5
:109E300085072319F400834794021307F00F638505
:109E4000E7008507A304F402834794021947FD172E
:109E500093F7F70F636CF704370703001307C77313
:109E60008A07BA979843B79704009386F73D93877C
:109E7000073E63E9E60083D721949306803EB3F75B
:109E8000D702BA9703A7419823030404F240BA9774
:109E90001CD885472304F404B5472302F402624426
:109EA000056182808D47A30CF40495B7B797040031
:109EB0009387073EC1BF938701ECA38E07042383DA
:109EC00007046FF07FF1011122CC4EC652C406CEBA
:109ED00026CA4AC82A8AAE89EF2050420344650048
:109EE0009D4763F8870693044502B71503002A8946
:109EF0001D469385C59D2685EF60E249814729E18E
:109F00009305F0021305B9024204EF60225B418021
:109F1000228711C5B3049540139704014183231090
:109F2000EA00AA8709E5B71703009387879D23A056
:109F3000F9008547636487009337150093F7F70F9F
:109F4000F2406244D2444249B249224A3E85056108
:109F500082808147F5B7411122C4138401EC834705
:109F6000240506C6B5E32382019437170040A308F1
:109F70000404A38201948327870A231204048545DD
:109F800093E707202324F70A13050010EF60704BB6
:109F90008D4513050020EF60D04AEF70E00499452D
:109FA0000145EF70A00785450545EF702007B7E72D
:109FB00000E03707000823A0E72885462309D404DA
:109FC0002305D40223A0E710B2402244410182803D
:109FD000938701EC03C7C70411C703C6B7048545BF
:109FE0006F40907E014681456F40D04D6D712324B6
:109FF00081102322911023202111CEDF232611105E
:10A00000AA8911441389C1F39384C1F39305C00253
:10A010004A85EF60A24A19ED01458320C11003244F
:10A0200081108324411003290110FE59516182805F
:10A030003A89E9BF7D141374F40F130715006DF806
:10A04000A5462946637AA90083470900938707FD3F
:10A0500093F7F70F63FEF6069307F4FFC207C18379
:10A060009306F00EE3EAF6FAB3853401998DC20542
:10A07000C18193171400E391F5FA9306000F0A8645
:10A080003A85EF20A05F42054181E317A4F893844D
:10A0900001EC83D7240603D70406B3868700E34D7B
:10A0A000D7F6E85022868A853E95EF20503D2DF563
:10A0B00083D7240605453E94420483D70406418095
:10A0C00023918406E39B87F4A147A38EF404B1B7E0
:10A0D0003304C40205093E9442044180A5B74111EE
:10A0E00022C426C22A84AE84B70503009385457D29
:10A0F0001385C1F306C6EF60223F31CD93072500DB
:10A10000014693050002A5482943416E1308C00289
:10A11000038707006308B7020145014783C60700AC
:10A12000938606FD93F6F60F63F0D80219C5937671
:10A13000F60F6314D4022390E400B2402244924408
:10A14000410182808507E9B7330767028507054526
:10A150003697E365C7FD0145CDB70387070085073F
:10A16000E30DB7FE0506E30507FBF5B71306F00B95
:10A170001387C1238386050099E2054582808357B2
:10A180000500636BF6001388170023100501BA97CA
:10A1900085052380D700F9BF014582804111540015
:10A1A000368681472947A54833F8E502850793F7A6
:10A1B000F70F130808032300060133D8E50263F6FE
:10A1C000B8000506C285E391E7FEB6979308F00B49
:10A1D0001386C123035705008385F7FF63EFE8006B
:10A1E000130817002310050132972300B700FD174D
:10A1F000E392F6FE0545410182800145EDBF011164
:10A200004AC82E89B715030026CA9385459EAA849D
:10A210001305E10022CC06CE328423170100EFF0B3
:10A22000FFF401E90145F2406244D244424905612C
:10A230008280A6851305E100EFF05FF365D5B705D1
:10A2400003009385457D1305E100EFF03FF279D9D6
:10A2500083C5E1F11305E100EFF05FF461D5B704C8
:10A2600003009385047C1305E100EFF03FF05DD916
:10A27000CA851305E100EFF07FF24DD59307F00F8B
:10A280006317F402B7150300938545871305E100B2
:10A29000EFF0DFED41D90355E100EFF05F9A59D1BE
:10A2A0000565130585BBEFF09FA20545ADBF9385FE
:10A2B000047C1305E100EFF07FEB2DD5A28513059B
:10A2C000E100EFF0BFED5DFDB1BF411106C622C454
:10A2D00001461307000CB307C5008387070013145A
:10A2E0000601418085E79307F4FFC207C183130786
:10A2F000E00B6360F702AA851385C123EF60020CAF
:10A3000022852244B24041016FF07F930506E31499
:10A31000E6FCB2402244014541018280411122C441
:10A3200026C206C62A84AE84EFB04F909305450737
:10A330002285EFF0BFE319E50145B2402244924483
:10A3400041018280035704009307F00BE3E6E7FE28
:10A35000930717002310F4009387C123BA979385BE
:10A3600081E81307F00222852380E700EFF01FE069
:10A3700061D5A6852285EFF07FDF3335A00075BF5C
:10A3800001114AC856C206CEAE8A22CC26CA4EC693
:10A3900052C42A89EFB08F899305450781479306F8
:10A3A00000023307F50003074707139407014180B4
:10A3B00059E38147A1463387FA00030707009399C1
:10A3C000070193D9090135EF130A0401B387490145
:10A3D00003474900C207C18381446313F70403297B
:10A3E000090022864A85EF50127BAA8425E1B30733
:10A3F0008900038707009307F0026313F702130530
:10A4000014003D46938581E84A95EF50D27809E9DA
:10A410004E86D68533054901EF50F2779334150007
:10A42000F240624413F5F40F4249D244B249224A41
:10A43000924A056182808507E395D7F613040002EE
:10A440008DBF8507E399D7F6A149BDBF8144C9BF38
:10A45000397106DE22DC26DA4AD8AA842EC6EF201D
:10A46000E0698347D5000346C50083480501A2077C
:10A47000D18F0346E50003484501834605024206A5
:10A48000D18F0346F500034795010343D5016206CA
:10A490005D8E8347150122072203A207B3E7170148
:10A4A00083482501034E5500B245C208B3E7F800C2
:10A4B00083483501138481E9E208B3E8F800834753
:10A4C0005501A207B3E70701034865014208B367D6
:10A4D000F8000348750162083368F80083471502E5
:10A4E000A207D58F83462502C206D58F8346350243
:10A4F000E206DD8E834785015D8F8347A501C20794
:10A500005D8F8347B501E207D98F0347C5013363E8
:10A51000E3000347E5014207336367000347F501A2
:10A52000370508001305751C08C06145A30CC1015F
:10A53000231294002313A400230CB100230DC100A7
:10A5400093558600A30DB100935506016182A30EB9
:10A55000C10013D68800A30FC10013D60801230041
:10A56000C10213568800A301C10213560801230239
:10A57000C10213D686002303D102A303C1026207DE
:10A5800013D60601E18233676700A304D10293D694
:10A5900087003183230EB100230F11012301010332
:10A5A00093D88801135888012304C1022305F102BE
:10A5B000A305D1022C0893D607016146E183130558
:10A5C0008400A306F1022317E102A3001103A302F2
:10A5D00001032306D102EF50725E138581E99305D2
:10A5E0000002EFB00FA8938701EC13072002238E1F
:10A5F000E7040547238DE7042310A402F2506254B8
:10A60000D254425921618280011122CC1306C00725
:10A610008145138501EC06CEEF80BFD02800EF60A6
:10A62000805F1167938681E8130737152390E60052
:10A63000130730042381E600138681E881461387DF
:10A6400081E8254599483C00B69783C7070093D514
:10A650004700138875036364B50013880503BD8B39
:10A66000A3010601938577036364F50093850703CF
:10A670002302B60085060906E39716FD99452800D2
:10A68000A3070700EFB0EF9D856793878738337581
:10A69000F502138401EC230B04062391A194B787E0
:10A6A0000080938717181CD023820194A382019401
:10A6B000EFA01FD919E523020402F24062440561AC
:10A6C0008280371700408327870CB70640008145FA
:10A6D000D58F2324F70C37054000EF60C060EFF002
:10A6E0008FE0EFF0EFE6D1BF411122C4138401ECFB
:10A6F00006C6EFF08FCF23050404230604042304C9
:10A700000404EFA0FFD305E1EFF0CFD0EFF0AFDD11
:10A71000814537054000EF60005DB240230204022E
:10A720002244410182802244B24041016FF04FE255
:10A73000411106C6EFA0DFD009C5B24041016FF05C
:10A740002FE1B2404101828005472384E1F08280FD
:10A75000411106C6EFA0DFCE814709C583C771EE60
:10A76000B337F000B2403E8541018280938701EC0F
:10A7700003C7270503C64702938601EC2385E7023A
:10A7800003C76704A385E70235478147631CE600DA
:10A7900003A74198905A118F6356070083A74198E9
:10A7A000B307F640DCCE138501EC8280138581E887
:10A7B000828019E9054582800545F2406244D24411
:10A7C0004249B249056182809387E5FF93F7F70F0D
:10A7D0001307E003E360F7FE011126CA4AC806CE5C
:10A7E00022CC4EC6AE842A89EFA09FC519E115453B
:10A7F000E9B7EF20A0308347550099C30D4575BFD9
:10A80000938701EC03C767078547138401ECE307CF
:10A81000F7FE83570404FDF3834744029D461387E4
:10A82000D7FF1377F70F63F8E60E31476385E70E1E
:10A830003547E395E7FC83472405E1CF83470900CB
:10A840001307100493F7F70DE398E7F68347190011
:10A850001307400593F7F70DE390E7F601479306DA
:10A86000E005B307E90083C70700811793F7F70FE7
:10A87000E3E4F6F405079377F70FE3E497FE8347E5
:10A8800044021547638DE70831476393E700A94702
:10A89000A309F40483C7419493F7F70F9389C12365
:10A8A0002686CA851385C123A382F194232204043A
:10A8B00023180404EF509230B38799003547890478
:10A8C0002380E70026852947A380E700EFF02FB714
:10A8D00015D583A74198A30A9404230B04043CD400
:10A8E0001C4C2316F4065C482317F40683574407D0
:10A8F0008507C207C18395C7231AF4068547232815
:10A900000406231BF406230C0406230A0404014551
:10A910006DB5EFF04FE4834724058DF3C9BD914732
:10A9200085BF8547D1BF83C761F30545639BA700FA
:10A930004111154506C6EFF06FC7B2400145410110
:10A9400082808280938701EC03C767078547138560
:10A9500001EC6317F70083A741983855998F3CD9CC
:10A96000130505078280938701EC884F83D7C706BC
:10A970001D8D420541818280938701ECC84B83D7AE
:10A98000E7061D8D420541818280411126C29387D1
:10A9900001EC06C622C403C48707938401EC63F369
:10A9A00085002E841374F40F19C511C42286938573
:10A9B000C123EF50B22003C7640785476304F70043
:10A9C000238AF4042285B2402244924441018280C9
:10A9D0002D7123263111232E1110232C8110DEDF3F
:10A9E000E6DB232A9110232821112324411123225D
:10A9F000511123206111E2DDEAD9EED703A4419879
:10AA0000EFA0DFA2AA8B13050002EFC05FF2EFA058
:10AA10003FA3938C01EC0DED83C74C0299C3EFF07B
:10AA2000BFCC8320C1110324811183244111032948
:10AA300001118329C110032A8110832A4110032B9D
:10AA40000110FE5B6E5CDE5C4E5DBE5D156182805A
:10AA500003C72C0529C7EFF0CFA19387C1133EC6CA
:10AA6000B70703009387876B370D0300130C100C97
:10AA7000938AC1F33EC8130D8D759386519403C616
:10AA8000060003C741941377F70F6308C7007D1CC6
:10AA9000420C135C0C0163170C06EFF08F9D83C60C
:10AAA0006C070547E394E64A03C78C071DEF03C70D
:10AAB0006C0563ECE60283D60C0485EA05071306F1
:10AAC000C02B3307C70283A68C06B306D440338756
:10AAD000E640634C070003C55C05EFF04F9611C5D7
:10AAE00003C76C050507238BEC047D7783A78C06D1
:10AAF000130787C73A941D8CE34504F21145EFF024
:10AB0000EFAA05B703C70600B2473E970347070001
:10AB100003C60600620705061376F60F2380C600FB
:10AB200061871306E00383C60C056319C70683C556
:10AB30004C022D466384C5006F10E05BADE203C795
:10AB4000BC0523920C04A3880C0405C383C5CC0563
:10AB50009306000C1386C123138581E9EF10302D75
:10AB600019ED1945EFF04FA709BF8800EFF04FC668
:10AB7000AA859306000C1386C1238800C5B7EFF0A1
:10AB80000F8C65D105472388EC0403A7419889669B
:10AB900093860671369723A6EC02C5B581CA83D683
:10ABA0004C0489E693060002E309D7ECB546E306B8
:10ABB000D7EC294683C61C05E318C734C1EE03DB76
:10ABC0004C0463090B08B3866A012380060083C620
:10ABD0006C07854D6392B60D03C68C0793168601EC
:10ABE000E186635BD00093061600238CDC06938617
:10ABF000C123B2962380E60083CD8C071309000899
:10AC00005A8A3309B9414209135909016373690129
:10AC10004A8A420A135A0A01630D0A001385C123A6
:10AC200052869385C1F36E956E9AEF502279238CEC
:10AC30004C07637569010547A38BEC06B705030054
:10AC40009385C5771385C1F3EF802FF809E909458E
:10AC5000EFF0CF9523920C04A3880C0439BDB705FF
:10AC60000300938505781385C1F3EF800FF61DC1AE
:10AC7000B7050300938585781385C1F3EF50D2069D
:10AC800011E9B7050300938545791385C1F3EF50AA
:10AC9000B20569D10D456DBF1018DA85568503C917
:10ACA0004C02EF1040642A8A6310B529370903006B
:10ACB000930589760818EFF0AFEC6301051A930548
:10ACC00089760818EFF0CFEB51D58355C103625553
:10ACD0009306000A9000EF10701A2547E37CA7F650
:10ACE000834601041307700CE396E6F6834D1104C6
:10ACF000E3924DF7034B710403476104220B336B5E
:10AD0000EB0013076009E36767F51307AB00E31374
:10AD1000E5F49C0093058B003386B700834616004C
:10AD2000034606000348410403475104A206C20536
:10AD3000D18EC1813E8536CA03492104035A41049C
:10AD400042CE3ACCEFA0FFB1D246E395A6F06247DF
:10AD50007248131587001947336505016305E90A31
:10AD60006369270515476302E906914D370704001B
:10AD7000230421031307771C138981E9A304B1037A
:10AD80002320E90009472313E90003578102231216
:10AD90004901A9452314E900138581E9EFA07FAC9F
:10ADA0003147238EEC0405472315A900238DEC04BD
:10ADB00055B51D47630AE9082147E318E9FAE31787
:10ADC0000BFA8145EFF0CFE871B53147E37067FBCF
:10ADD000034741054D1BE31B67F9A8003ACCEFE0A0
:10ADE0005FF02A8BE800EFE0DFEF2ACA8808EFE087
:10ADF0005FEF6247D2452A86930651055A85EF10C8
:10AE0000B050AA8DA5B71147E312EBF6A800EFE00A
:10AE10005FED2A8BEF10904E834615010347050125
:10AE2000A206D98E034725014207D98E0347350173
:10AE30006207558FE31CEBF2EF20E004AA8D1DF5AD
:10AE40000547A38FEC041DB7E3120BF2EF2060055A
:10AE5000AA8DE31D05F0A38E0C0409BFB7050300FE
:10AE6000938545760818EFF0AFD1E30505DE8355ED
:10AE7000C1036255C9469000EF1050004947630F67
:10AE8000E50003D7EC00C166FD166305D700050792
:10AE90002397EC0021472384EC026DBB8346010419
:10AEA0003547E390E6FE03471104E31C47FD0347E3
:10AEB0003104834621042207558F61F7034751046B
:10AEC00003464104B736002083D6A6542207518F8B
:10AED000E399E6FAC9458800EFC06FCD5DD105461C
:10AEE000C9458800EF30B06A1307F00FE30BE5F8AF
:10AEF00015E103D7CC00C166FD166305D700050731
:10AF00002396EC000547A384AC042385EC0423843A
:10AF1000EC0489B303D7EC00C166FD16E304D7FE49
:10AF200005072397EC00F9BF7957E305E5F603CA57
:10AF3000DC0563060A1AB70503009385057A568572
:10AF4000EF50825A0DC99305A0035685EF50025762
:10AF500093060002E30005D0050503070500E30D95
:10AF6000D7FE130707FD1377F70F8D46E3E4E6CE10
:10AF7000238FEC04C5B1B70503009385057B568587
:10AF8000EF50825605C18C00054523100104EFF0F7
:10AF90000F950357010429456303B7013D45EFE0D1
:10AFA0009FF14DB9B70503009385457C5685EF5059
:10AFB000A2530DCD2C100545EFF06F9265D18C009A
:10AFC0000D45EFF0CF9179D9835681021307E00C3C
:10AFD000E396E6FC83D60C0603570104E390E6FCF7
:10AFE00023830C041D47A38EEC04ADB1B705030009
:10AFF0009385857D1385C1F3EF50024F01C95A85B2
:10B00000EFE0DFFEE31805C4414551BFB70503007B
:10B01000938505781385C1F3EF802FBB11C9B70560
:10B020000300938585781385C1F3EF50E24B09C97E
:10B030002547E315EAF623830C04A38E0C0419B903
:10B04000B70503009385C5771385C1F3EF80EFB78C
:10B05000E31205C07D1A23830C04137AFA0F2147EB
:10B06000E36A47BF37070300130747690A0A3A9A9A
:10B0700003270A0002870947BDB70D47ADB715473B
:10B080009DB71947A38EEC0405472383EC0403A75F
:10B090004198BD66938606A6369723A6EC025DBE50
:10B0A00003A74C0603D92C063A99EF1030258346A6
:10B0B000550103474501A206D98E034765014207A2
:10B0C000D98E034775016207558F6368E900EF1059
:10B0D00030472547E30905F005BF114729B7B705F4
:10B0E00003009385457E5685EF50024035C97D5754
:10B0F0008C0005452310E104EFE07FFE03570104B7
:10B100000DCD05EF2147E317E9B403C77C0493662F
:10B1100027000D8BA383DC04136727008D46E31BF8
:10B12000D7B203A7419823830C04238C0C0423A8D3
:10B13000EC0225472382EC0231BE8546631AD70212
:10B14000130710102393EC0403A74198916693868C
:10B1500086A93697A3830C0223A6EC022147D9BF08
:10B16000B70503009385857F5685EF50E23709C503
:10B170001945EFE07FC6F9BCB7150300938505813B
:10B180005685EF50623631C98C000945EFE03FF536
:10B1900065D10357010469FF03C78C0523830C04A1
:10B1A00019E70547238CEC0403A741984DAE83A60D
:10B1B00041980547A383EC022384EC0423A0DC0020
:10B1C00003D7219483A6419823940C02A38C0C04EA
:10B1D000369723A8EC022947B1BFB7150300938522
:10B1E00085821385C1F3EF5022303DC12D47E31313
:10B1F000E9A603C70C05E30F07A403D7AC00C1669B
:10B20000FD166305D70005072395EC0003C7BC05B1
:10B210001DC703C7FC05239D0C0423830C0445DFD5
:10B220000145A38F0C04EF50504329459750FF1F51
:10B23000E780E0569750FF1FE780A04221BC03A79C
:10B24000419823860C0423A2EC0023830C0461B7ED
:10B25000B7150300938505841385C1F3EF50C22809
:10B2600009CDB7150300938585841385C1F3EF508D
:10B27000A22701C50547A382EC02B71503009385F9
:10B2800005851385C1F3EF50222641C59305A00320
:10B290001385C1F3EF5082229306150013060002B6
:10B2A00009ED23830C02130769FF1377F70F894613
:10B2B00063E1E606154575BD850603870600E30DC7
:10B2C000C7FE130707FD1377F70F2546E36BE6FC70
:10B2D000850693050002038606006301B60E9305FA
:10B2E000C0026310B602850613060002038706003B
:10B2F0006308C70C130707FD1377F70FA546E3E2B2
:10B30000E6FA1377B70F7D17133717002383EC0284
:10B3100059DBB7150300938585851385C1F3EF507D
:10B32000A21C39C59305A0031385C1F3EF50021980
:10B3300021C1050513070002830605006384E608A2
:10B3400001472546A94583460500938606FD93F6E9
:10B35000F60F637BD6067D46930610F86368E60019
:10B3600006071307F7F893168701E1862380DC02AE
:10B37000B7150300938505861385C1F3EF50C216F8
:10B38000630C050E9305A0031385C1F3EF50021360
:10B3900082C082C282C46DC105058C000146130EB5
:10B3A0000002A54E294F954F9302C002194303078F
:10B3B00005008148631AC7030505D5BF850621BF6F
:10B3C00085062DB705058DBF3307B70205053697EE
:10B3D000420741838DBF03D7050005058548330724
:10B3E000E70336972390E50003080500130708FDDF
:10B3F0009376F70FE3F1DEFE638008086305F6013C
:10B400000505631B580605061376F60F8905E3103C
:10B4100066FA035701049306F003130610F863E776
:10B42000E600130717F9131687016186138701ECED
:10B430002300C7020357810493052002938601EC81
:10B44000617663EAE50015463307C7021307D7F3B1
:10B450001316070141860357A1042391C6029305E1
:10B460001006130610F863E7E500130747071316E5
:10B4700087016186A380C602B71503009385858680
:10B480001385C1F3EF50420659C59000DA85138544
:10B49000C1F3EF00107D41C18646034761044C10A3
:10B4A00036D48356410428102307E1022316D10223
:10B4B000EF3020092DC103158104130740383307ED
:10B4C000E5021255634507046367E504198D3737B4
:10B4D0004F9C13070730B7364F1C2A979386860771
:10B4E00063EBE602EF30A01FEF30402AA387AC04E5
:10B4F0001DC1EF30002A23A0A19803A74198B79659
:10B50000490193860670369723AEEC0229A0930674
:10B51000F7FFE3FDA6FAB7050300938505781385C9
:10B52000C1F3EF709FEA11C9B705030093858578D1
:10B530001385C1F3EF40527B39C911471145E30A26
:10B54000E9C299466311D90283C6DC040547E39337
:10B55000E6D603A7419823830C041307873E23A84C
:10B56000EC026FF02FEFB146631CD90083C6DC04F8
:10B570000947E39CE6CC03A7419823ACEC02F1B168
:10B5800065191379F90F0D45E36527BFD5B6B705E2
:10B5900003009385C5771385C1F3EF701FE3631B29
:10B5A00005EA21476313E90203C77C049366170089
:10B5B0000D8BA383DC04136717008D46E303D7B616
:10B5C00005472383EC046FF0EFE825476318E90093
:10B5D000130710102393EC046FF0CFE77519238342
:10B5E0000C041379F90F636727E7C2470A093E99EC
:10B5F00003270900028737150300130505872387F2
:10B600000C04EFE09FCC630705E48565938585BB5B
:10B610001145EFE04FEA6FF0EFE303C75C0211E77B
:10B6200003A741981307077D1DBFEF903FE0B715B3
:10B6300003002A8993858587880023100104EFE0A1
:10B64000FFB219E1054535B6834659000547EA853D
:10B650006386E600B7050300938505768800EFE072
:10B66000FFB06DD1B7150300938585888800EFE0A2
:10B67000FFAF69D9930509048800EFE03FAF79D1A6
:10B68000B71503009385C5888800EFE03FAE5DD90C
:10B6900003550104EFE0AFDA55D58565938585BB89
:10B6A000154585BF03A7419823AAEC0203A741983B
:10B6B00023A8EC021947BDBC03C76C029306803E69
:10B6C00019E39306007D03A74198369749BD03C748
:10B6D0007C0509E70547A38BEC04F9B403A741985F
:10B6E00023A8EC02A5BC03C70C05630507D6CDB59E
:10B6F00003C7DC0489461377B70FE31ED7AC03A753
:10B70000419823ACEC02C1BC639906B683D64C04C5
:10B710009305F01F1386160063F3C5020547A3883F
:10B72000EC0403D70C01C166FD166305D7000507BD
:10B730002398EC001D472384EC026FF00FB4D696DB
:10B740002392CC042380E6006FF02FB389CE03C789
:10B750004C0511EB717783A68C0613078756229749
:10B76000158F634007AC03C7DC056309073203C6C6
:10B770006C0419CA83A6CC02158C634704003D45AE
:10B78000EFE06FF36FF0EFA983D60C04639B06A87C
:10B79000631906A87D171377F70FA14663E3E6A8A0
:10B7A000B70603000A079386066E3697184302878A
:10B7B000EF10C0342A848C00281023180102EFE017
:10B7C0008FF055DDB7150300938505890818EFE064
:10B7D000FF9955D583578102130544021306F00BD8
:10B7E0009386C1238DE7B71503009385C588081894
:10B7F000EFE0DF9749D503550103EFE04FC441D196
:10B800001165130585A9EFE08FCC6FF08FA1035769
:10B810000103E366E6F683050500FD17130817002C
:10B82000C2073697C183231801032300B70005051B
:10B8300055BF371503001306F00F85451305458ADC
:10B84000EFE0FF9B631F059C1DBF371503000546F6
:10B8500081451305C58AEDB7EF10402A2310010476
:10B8600023910C0603471502034405028345350264
:10B870002207418F03442502E2054204418F33E44D
:10B88000E50023A28C068346550103474501A20625
:10B89000D98E034765014207D98E034775016207B8
:10B8A000558FB30487400567637397008564B715A8
:10B8B00003009385858B880023909C06EFE01F8B07
:10B8C000E30F05EA83C5EC058800EFE03F8DE30850
:10B8D00005EAB71503009385858C8800EFE01F8982
:10B8E000E30F05E8A2858800EFE05F8BE30905E838
:10B8F000035701049307F00BE3E3E7E8930717000E
:10B900002310F1049387C1239305F4FFBA97A695FA
:10B910001307D00288002380E700EFE03F88E300B0
:10B9200005E6B71503009385C5888800EFE01F84FE
:10B93000E30705E403550104EFE06FB0E30105E41C
:10B940000565130585BBC1B5EF10401BAA848C00AB
:10B95000281023180102EFE00FD7E30205E20647A3
:10B960009306F002030607006316D60003071700CC
:10B97000054401CB03C4640003578102198C4204BF
:10B980004180B71503009385C58D0818EFE00FFEC1
:10B99000E30705DE83C5EC050818EFE03F80E30010
:10B9A00005DEB71503009385058F0818EFE00FFC3F
:10B9B000E30705DC86471306F00B3E944204418002
:10B9C0009386C12313970701418363158702B71537
:10B9D00003009385C5880818EFE04FF9E30105DA05
:10B9E00003550103EFE0AFA5E30B05D83D65130553
:10B9F00005A611BD03570103E363E6D885078385D8
:10BA0000F7FF1305170036972318A1022300B7008C
:10BA100055BF03D40C0683D42C0623100104E30085
:10BA200094D6B71503009385858F8800EFE00FF457
:10BA3000E30705D483C5EC058800EFE02FF6E300AB
:10BA400005D4B7150300938585908800EFE00FF2C9
:10BA5000E30705D2058CA285420441809307000FBD
:10BA600063F487009305000FC205C1818800EFE0F1
:10BA7000EFF2E30605D0B71503009385458775B54A
:10BA8000B71503009385C590880023100104EFE0EB
:10BA9000EFEDE30605CE83C5EC05C9BF83C64C02B6
:10BAA00029476398E60603C7AC0525E7EF100005B4
:10BAB0000347550085466313D702EF10001419E1C0
:10BAC0006FE03FF641472AC62384EC02EF10603D49
:10BAD000B2450145EFE0DF976FE0BFF40946631818
:10BAE000C700A38EDC04238F0C046FE09FF38D4608
:10BAF0006311D702EF10002BAA8561DD1307A5FFA4
:10BB00001377D70F19C36FE0DFF141472384EC02AD
:10BB1000C9B703C76C043DCB83A6CC02B306D4409F
:10BB200063C6060603C74C028D46631ED70083C654
:10BB3000EC046368D70423830C041304840C23A847
:10BB40008C026FE01FEE9946631CD70083C6DC04AD
:10BB500005476398E60223830C041304843EC5B7AB
:10BB6000B1466310D70283C6DC0409476394E6003C
:10BB700023AC8C0223830C0429472382EC026FE060
:10BB80005FEA0945EFE04FA56FE0BFE983D60C04FB
:10BB900099C26FE01FE983C64C0235466374D60034
:10BBA0006FE03FE8370603008A0613064670B29638
:10BBB0009442828603A7CC023307E4406354070013
:10BBC0006FE03FE6814537054000EF50C011056743
:10BBD000130707773A9423A88C02094779BF03A774
:10BBE0000C03198C635404006FE0BFE3EFE0AFB6C1
:10BBF0003715030013050592EFE02FED054719E116
:10BC00006FE03FE285652387EC04938585BB0D4596
:10BC1000EFE06F8A6FE0FFE019C36FE09FE003A7DA
:10BC20000C03198C635404006FE0BFDF3715030069
:10BC300013050592EFE06FE919E16FE09FDE03C79E
:10BC4000EC040507C1B719C36FE0BFDD83A70C0380
:10BC50001D8C635404006FE0DFDC3715030013050F
:10BC60008592EFE08FE619E16FE0BFDB8565938594
:10BC700085BB114571BF83C6FB0083C5EB0003A6DE
:10BC80004C03A206CD8E9305803EB386B6023306E2
:10BC9000C4401545E378D6EE19C36FE09FD803A7DB
:10BCA0000C033307E440635407006FE09FD703C7DA
:10BCB0006C0231CB03C7FC0409EF83C6EC040947CF
:10BCC000637DD700372709001307077C229723AE2F
:10BCD000EC0223A88C021D474DB537150300130550
:10BCE0004593EFE08FDE19E16FE0BFD30547A386F0
:10BCF000EC0403C7EC0405072387EC0485659385F2
:10BD000085BB194531B73715030013050594EFE0DE
:10BD1000CFDB19E16FE0FFD0A3860C04C5B78386A3
:10BD20000B0199EE05472384EC02379704001307B3
:10BD3000073E3A94A38C0C0423A88C02354735BDEA
:10BD400019C36FE01FCE03A70C03198C63540400C2
:10BD50006FE03FCD23100104EF904FED83C77C05CA
:10BD60002A84A9EBB71503009385C5948800EFE0FA
:10BD7000EFBF6306052A8347B4008345A400A207EA
:10BD8000DD8D8800EFE08FC1630B0528B715030038
:10BD9000938545878800EFE06FBD63020528035552
:10BDA0000104EFD0DFE9630C05268565938585BB2B
:10BDB0001D45B9BDB7150300938585968800EFE052
:10BDC000EFBA630E05248345740065BF19C36FE0A5
:10BDD0005FC583A70C031D8C635404006FE07FC410
:10BDE000EF90CFE4830745052A849304450599E342
:10BDF000938481E8B7150300938585988800231004
:10BE00000104EFE0AFB6630C052093050401880040
:10BE1000EFE0CFB563050520B70503009385457DA9
:10BE20008800EFE0AFB4630C051E834794008345A0
:10BE300084008800A207DD8DEFE04FB66301051E88
:10BE4000B71503009385458F8800EFE02FB2630894
:10BE5000051CA6858800EFE06FB16302051CB715CD
:10BE60000300938585998800EFE04FB06309051AB8
:10BE700003550104EFD0BFDC6303051A9165938578
:10BE800085A9214571B319C36FE0BFB903A70C039E
:10BE9000198C635404006FE0DFB8B7150300938575
:10BEA000459A880023100104EFE04FAC63090516A2
:10BEB00003C78C0531CFB7050300938585768800CD
:10BEC000EFE0CFC5630D0514B70503009385457DED
:10BED0008800EFE0AFA96304051483C58C058800D2
:10BEE000EFE0CFAB630D0512B715030093854587CF
:10BEF0008800EFE0AFA76304051203550104EFD0FB
:10BF00001FD4630E05109165938585A9254509B356
:10BF1000B7050300938545765DB783C6AC0595EA02
:10BF200003C78C0419C703A70C033307E44063520B
:10BF3000070203C7DB0083C5CB0003A64C00220722
:10BF40004D8F9305803E3307B7023306C440636FBD
:10BF5000E60C23180102A38DDC04DDC203C4CC056A
:10BF6000B71503009385459B0818EFE02FA045C93E
:10BF700003C7BC055DE7B7050300938585770818FF
:10BF8000EFE0CFB949CDB70503009385457D08188B
:10BF9000EFE0CF9D49C503C7BC05854509E7EF9094
:10BFA000EFC8834565000818EFE04F9F2DC9B7150E
:10BFB00003009385459C0818EFE04F9B2DC1931516
:10BFC0001400C205C1810818EFE04F9D29C9B715BB
:10BFD0000300938545870818EFE04F9929C1035561
:10BFE0000103EFD0DFC505CD03C7BC0519E32384EA
:10BFF0000C04856523880C04938585382D4509B983
:10C0000003C7AC04880023850C042386EC0403C713
:10C010009C04A385EC04EFD0BFFB2A8431F10545D5
:10C0200095B6B70503009385057791BF03A7CC03A9
:10C030003307E440634807023715030013054593AF
:10C04000EFE0AFA805C10547A386EC043727090038
:10C050001307077C3A9423AE8C028565938585BBD4
:10C0600031457DB603A78C03198C3D671307F7A5EF
:10C07000636487006FE0FF9A371503001305C59CC2
:10C08000EFE0AFA419E16FE0DF991947A386EC0454
:10C09000E9B703A70C033307E440635407006FE0DC
:10C0A0005F9803C79C0519E7379704001307073EFD
:10C0B0003A9471B48546631CD70003C72C0519E375
:10C0C000EFD07FE9A38B0C04238C0C0419B18946B3
:10C0D000631FD70003C72C0519E3EFD0DFE723AABE
:10C0E0008C0223A88C0223830C02194779B4EFD069
:10C0F0003FC66FE01F9399E26FE0BFAB6FE03FAACE
:10C1000037078000DD464D07637DB5008347050096
:10C11000DD1793F7F70F63E6F600B357F700858B4B
:10C1200091E382800505CDB701114AC82A890841EB
:10C1300022CC26CA4EC652C4AE89328A06CEEFF051
:10C140003FFC37A7991981440144A54613079799E5
:10C150001546A945637A350183470500938707FD96
:10C1600093F7F70F63F3F60281C8CE85EFF05FF91E
:10C170002320A90023208A00F240624426854249F8
:10C18000D244B249224A05618280636C87006314FD
:10C19000E4006368F6003304B402050585443E9468
:10C1A00055BF8144D1BF011122CC2A84084126CA3F
:10C1B00006CEAE8432C6EFF0BFF46371950203077A
:10C1C00005003246AA8701456315C70085071CC0D4
:10C1D0000545F2406244D244056182800145D5BFE5
:10C1E000011122CC2A84084126CA06CEAE8432C66A
:10C1F00036C4EFF0FFF063729506830505009307E0
:10C2000020020147639DF502A24632460505AA8732
:10C21000930520021308C005FD4863809704038737
:10C2200007006314B702B385A7404168014763F86C
:10C23000050108C22390B60085071CC00547F240DF
:10C240006244D2443A85056182806308070113770E
:10C25000F70F63F4E8008507C9B70147CDB714416C
:10C2600001471388260063EE050383C70600A5482F
:10C270000147938507FD93F5F50F63E4B80283C684
:10C280001600938506FD93F5F50F63ECB80029477A
:10C29000B387E702C1160547B6972300F6002320AF
:10C2A00005013A8582801377F50F930707FD93F711
:10C2B000F70FA5461395870163F5F6029307F7FB81
:10C2C00093F7F70F9546130597FC63FBF60093076A
:10C2D000F7F993F7F70F7D5563E6F600130597FA24
:10C2E00062056185828011E97D5582807D55B2505D
:10C2F000225492540259456182807DD6A147E3F5CC
:10C30000B7FE797122D406D626D24AD03304B500BE
:10C31000B5462947636B8500B307A440C207C183B4
:10C320002147636CF7000145D9B78307F4FF6384A5
:10C33000D700E393E7FE7D14F1BFB7150300328900
:10C34000938505A12546AA84EF40E20469FD138583
:10C3500094002AC634001008A2856800EFF05FE858
:10C3600051D5035781009D47E31FF7FA4245B715A2
:10C3700003001D469385459FEF40E2014DF51306EE
:10C38000C002A2856800EFF01FE22DD15008A285FF
:10C390006800EFF07FD939D9D247A9FB1306C00254
:10C3A000A2856800EFF03FE031D15008A285680017
:10C3B000EFF09FD705DD1306C002A2856800EFF0FD
:10C3C0009FDE0DD59306A1004A86A2856800EFF096
:10C3D0003FE1E30D05F00357A1009307F00FE3E7FA
:10C3E000E7F01306C002A2856800EFF0DFDBE30F81
:10C3F00005EE3008A2856800EFF01FD3E30805EED4
:10C400001306C002A2856800EFF0FFD9E30005EE35
:10C410007008A2856800EFF03FD1E30905EC130630
:10C42000C002A2856800EFF01FD8E30105EC324599
:10C43000A285EFF0FFCC8357A100098C2316890059
:10C440002302F900F24742042324A9004180E31F9C
:10C45000F4E86247E36CF7E80545E38AE7E87955D5
:10C4600079B56304051C6302061C994763FFB71A7C
:10C47000797122D42E84B715030026D29385452ADC
:10C48000B28419464AD006D64ECE2A892AC6EF3043
:10C490009270631405184A94A28513056900EFF0A1
:10C4A0003FC6637C8516930715003EC6030705004B
:10C4B000930720026313F7161306A100A2856800F4
:10C4C000EFF0FFD9630B05141306F002A285680094
:10C4D000EFF07FCD6303051413862400A285680066
:10C4E000EFF0FFD7630B05121306F002A285680078
:10C4F000EFF07FCB6303051213863400A28568003A
:10C50000EFF0FFD5630B05101306C002A28568008B
:10C51000EFF07FC96303051013864400A28568000D
:10C52000EFF0FFD3630B050E1306A003A28568008E
:10C53000EFF07FC77DC113865400A2856800EFF03D
:10C540001FD261CD1306A003A2856800EFF0BFC51E
:10C5500069C513866400A2856800EFF05FD055CDF1
:10C560003247637C870A83470700938757FD93F719
:10C57000D70FC5E7930717003EC6030707009307C9
:10C58000B00285496303F700FD591306B100A28587
:10C590006800EFF0DFCC51C10349B10093070006FA
:10C5A00063ED2707B24763FA8706138517002AC68B
:10C5B00003870700930720026311F706A285EFF0B7
:10C5C0003FB4631CA404330939038347A1002D47FA
:10C5D0009387077D2390F40083C72400FD172394DD
:10C5E000240193F7F70F636AF70283C73400794792
:10C5F000FD1793F7F70F6362F70203C74400DD47A7
:10C6000063EDE70003C754009307B00363E7E70057
:10C6100003C76400054563F3E7000145B2502254A7
:10C6200092540259F2494561828001458280AA876D
:10C630000145B1C339C2B1C11395150063EEA6021D
:10C64000B7160300BE959386C69F6393B70082809A
:10C6500003C70700090685071183369703470700BC
:10C66000230FE6FE03C7F7FF3D8B3697034707000E
:10C67000A30FE6FED9BF82800145828001ED01450E
:10C6800082800145F2406244D2444249B249224A82
:10C69000056182806DD6E5D593F71500EDF30111A4
:10C6A00026CA06CE22CC4AC84EC652C493D4150020
:10C6B000E3E996FC9307F01FE3E5B7FCB2892A840F
:10C6C000014993170901C18363E5970013F5F40F3E
:10C6D00055BF03050400EFF01FBD2A8A03051400AF
:10C6E000EFF07FBCE34F0AF80904E34C05F8120AA7
:10C6F000B3872901336545012380A7000509D1B718
:10C70000B5C9930695D8C2068567C182938717611C
:10C71000014763E9D704371603001306C6A165482D
:10C720008357060063E2A70483562600636ED50292
:10C73000B386D740898FC207C18313052003B3870F
:10C74000A702C206C18213D61600B297B3D7D7028A
:10C75000930620033307D702130707E7BA972390FE
:10C76000F50005473A85828005071377F70F09061C
:10C77000E31807FB0147FDB709C5514681456F60C6
:10C780005FBA82802A88014563050804B9C231C2B4
:10C790006371F70463EFE50263FDF50233F7D50239
:10C7A0000DEB8D8F33D7D7026365C702B386C60200
:10C7B0008DC263E0D702AE9685472320B8002322BE
:10C7C000D8002324B8002326B8002308F800054524
:10C7D0008280828009CD8346050105476399E60082
:10C7E00089C509472308E50082806FF0FFF8828041
:10C7F000AA87014595CB0DCA03C70701854679175E
:10C800001377F70F63E2E6029847631FB70094437C
:10C81000636CD700DC436379F7003385E740333539
:10C82000C500134515008280828005C119CE83475B
:10C8300005010547F91793F7F70F6368F7001C45E3
:10C84000AE971CC58D472308F5008280AA87014555
:10C8500095CB0DCA03C70701854675171377F70FE8
:10C8600063E2E602D847631FB7009443636CD700C6
:10C870009C476379F7003385E7403335C50013459E
:10C8800015008280828005C51DC2834705010547CA
:10C89000F51793F7F70F636CF7005C451845BE95E5
:10C8A0004CC595476383E50091472308F5008280D6
:10C8B000814719CD8346050115478147639AE600F4
:10C8C0001845144163F6E6005C45998F93B717004D
:10C8D0003E8582801441374754311307F714639E15
:10C8E000E60403464500854601476319D60403461E
:10C8F0005500954663E4C6048306650063C00604DC
:10C90000544937460300636BD602105163E8C602F0
:10C91000504D63E5C602411122C40324450A930524
:10C92000400A06C6EF702FE73305A440B240224408
:10C93000133715003A854101828001473A8582808C
:10C9400083A781945571A6C34EDF86C7A2C5CAC10D
:10C950009D66938981949D646394D70093840710A6
:10C96000B74754311384C12F9387F7141CC08547F0
:10C970002302F4001C449305400A1385C12F850748
:10C980001CC4EF704FE12322A40A93060010014655
:10C99000A68525459750FF1FE780E05309C9194533
:10C9A000BE402E449E440E49FA5969618280930626
:10C9B000800A1386C12FA68529459750FF1FE7805F
:10C9C000805171FD9306800A3000A6852D45975051
:10C9D000FF1FE780405061F52800EFF0BFEF61D105
:10C9E00042471C44E31DF7FA23A0990001454DBFBF
:10C9F000317126DB1306800A81451385C12F06DFBE
:10CA000022DD4AD9EF60FF919306800A30009D65D0
:10CA10002D459750FF1FE780004C35C501499D65A6
:10CA20009306800A3000938505102D459750FF1F0F
:10CA3000E780604A1384C12F3DE52800EFF09FE9AD
:10CA40003DC1630709001844C247998F635EF00037
:10CA50001306800A2C001385C12FEF3032169D6714
:10CA60009387071023A4F194034754008947631167
:10CA7000F70683476400BDEBA302040023200402F1
:10CA8000232E0400A1A02800EFF0DFE441D9130613
:10CA9000800A2C001385C12FEF3052121D6723A48A
:10CAA000E1940549ADBFE31109FC1306800A8145F5
:10CAB0001385C12FEF60FF86B717020093870750D9
:10CAC0005CC49D679387071023A4F194EFF05FE7A0
:10CAD0001850FA5023AAE1946A5423A801947D5770
:10CAE00023A6E194DA544A592961828018505C489F
:10CAF000E310F7FE8D47A302F400C9BF1385C12FD1
:10CB00008280377503008280011122CC1384C12FEB
:10CB10008347540006CE26CA4AC84EC652C456C2DF
:10CB20005AC0ADEFC1CA93178701E1876354F0087B
:10CB30009387F5FF3748030063FE07075C4485448D
:10CB400063FFA70493074402328BAE892A8A130637
:10CB500000083E8581453A89B68AEF608FFC4A8697
:10CB6000D685EF30B2052303240123284401232A6C
:10CB70003401232C6401A3029400232E04002320FB
:10CB800004026244F240D2444249B249224A924AE3
:10CB9000024B23AA019405616FF09FDA8D44F240A5
:10CBA000624426854249D244B249224A924A024B03
:10CBB000056182808544E5B79387C12F03C757007D
:10CBC0000DEBD8476379A7021387F5FFB74603003B
:10CBD0006373D70209472383070088CBCCCB90CF60
:10CBE000CCCF23A00702A382E70023AA01946FF011
:10CBF0003FD50D45828005458280411126C206C67B
:10CC000022C44AC01387C12F8346570085476390CB
:10CC1000F6061389C12F8325C9018327490133846F
:10CC2000B7401DCCB7770300BE9585660146054524
:10CC30009750FF1FE780202A99471DE905679384D5
:10CC4000C12FA287637387008567D84CBA97232EBC
:10CC5000F9002244B2409244024941016FF05FCE94
:10CC60008947A302F700185323AAE194DDB795473B
:10CC7000B2402244924402493E8541018280011122
:10CC800026CA9387C12F06CE22CC4AC84EC652C4AC
:10CC900056C203C7570089476310F70AD1CD9307DF
:10CCA000F6FFC207C1831307F00E6367F708938A84
:10CCB000419583A70A006391A7083309F600636FC3
:10CCC000F9069384C12FD84805456361270337745B
:10CCD00003003E94B2892E8AB28609452E86A2852B
:10CCE0009750FF1FE780201F19C91945F240624481
:10CCF000D2444249B249224A924A05618280CE8694
:10CD00005286A2850D459750FF1FE780C01C71FD1C
:10CD100023A02A019317490181C7DC48E39827FD26
:10CD2000624423A02403F240D2444249B249224A39
:10CD3000924A05616FF0DFC015454DBF05457DB7CF
:10CD40009387C12F83C6570009476391E602D44BEE
:10CD500003A74195639CE6000D47A382E70023A843
:10CD600001947D5723A6E1946FF09FBD1545828005
:10CD70009387C12F83C6570009476393E602D84BB8
:10CD8000411106C698D323AAE194EFF07FBB09E5D1
:10CD9000B24041016FF0DFFAB24019454101828093
:10CDA00015458280011106CE22CC26CA4AC84EC63D
:10CDB00052C49387C12F03CA57000D476313EA0C6F
:10CDC00083A60195D84B938401951384C19463F095
:10CDD000E608158F130900046366E90013190701BB
:10CDE00013590901377503004A869385413A3695F0
:10CDF000EF30B0601C403786B8ED81469389413AE8
:10CE000013060632139706014183636027031CC093
:10CE10009C403E9923A02401F24062445285D244B2
:10CE20004249B249224A056182803387D9000347CB
:10CE30000700B98F214793D51700858B91C3B2871F
:10CE40007D171377F70FAD8F7DF7850665BF184007
:10CE5000944F1347F7FF630AD700A3820700238389
:10CE60000700214AEFF0DFAD45BF1147A382E7007D
:10CE70006244F240D2444249B249224A05616FF00D
:10CE80003FAC154A51BF9387C12F83C65700114746
:10CE90006397E6001547A382E7006FF07FAA154568
:10CEA00082809387C12F83C657001547638CE600A5
:10CEB000A38207002383070023AE070023A00702F5
:10CEC0006FF01FA81545828082809387819703D7D2
:10CED00007006318A7002391B7002392C70023938C
:10CEE000D70082808347150003470500A2075D8FA6
:10CEF0008347250003453500C207D98F62055D8D44
:10CF000082808280397106DE22DC4AD84ED652D425
:10CF100026DAEF704F982A8AEF30E25B9379F50FAB
:10CF20000A85EF30504F99450A85EF809F93D94786
:10CF30002A89594463E4370113F4F90F37070603CC
:10CF40009387013F1307271098C379770907239226
:10CF5000E70022867D57D28528002383E700EF3043
:10CF6000E245C5479384013F63E737091C10A29748
:10CF70001307D0022384E7FE130714001C109356F6
:10CF8000C9001377F70F3E97C206B71703009387C0
:10CF900087A7C182BE9683C6060010102304D7FE61
:10CFA0001307240014101377F70F36979356890050
:10CFB000BD8ABE9683C606002304D7FE93063400BE
:10CFC00093F6F60FB296135649003D8A3E960346F5
:10CFD00006001379F900CA971307440083C70700B6
:10CFE0002384C6FE1377F70F1410150436971374B5
:10CFF000F40F2304F7FE3729002055468145130519
:10D00000892AEF600FB2D5491305892A1376F40FE8
:10D0100063F3890055462C00EF30423A9307140021
:10D02000A383F4002286A5472C0013859400238453
:10D03000F400EF30A23813059400F2506254D25439
:10D040004259B259225A1375F50F2161828041115C
:10D0500022C426C21314450006C6856401456366D2
:10D060009400EFF01FAA058C2295B240224492440E
:10D0700041018280011185471306F10085451305A2
:10D08000503006CEA307F100EFA0213FF24005612A
:10D090008280411122C406C61384C1800345040066
:10D0A000416793878197791798C323A20700894521
:10D0B000EF40A076034504009145EF40007603451C
:10D0C000040093050002EF404075034504009305FA
:10D0D0000008EF4080741385C150EF80DF94EF802B
:10D0E000FFD51385C165EFF02FE91384519783476E
:10D0F000040089C7EFF0FFDA230004002244B240A5
:10D1000041016FF03FF73D898D476306F50A91476E
:10D110006302F50289476310F50C03C725009947A0
:10D12000631BF70A03D7450083D781976315F70A76
:10D130006FF03FF603C725009547631EF7089387F6
:10D14000819783D607004167791703D5A5006384CB
:10D15000E6006FA0215E03D7E500411106C622C498
:10D160002391E70003D705011384C1802392E700D0
:10D1700003D725012390A700034504002393E7006C
:10D18000130600645D4789452397E180EF406047BF
:10D1900003450400096613060690A145EF4060466A
:10D1A000034504002244B2400566130606C89145B3
:10D1B00041016F40004583C7250011476394E70094
:10D1C0006FF05FEB1947E38FE7F415476395E700CE
:10D1D00083C71500F5F78280797137E5000022D406
:10D1E0001305A59406D626D24AD04ECE1384C1800C
:10D1F000EF4090062300A4001385C150EF80BF824A
:10D20000EF803FB91385C165EFF00FD7EFF09FCFE7
:10D21000AA8499472315F10013860181B1478D45F2
:10D2200013057030C2042316F100C180A30401006D
:10D23000EFA0A1241386013FA68513056030EFA05F
:10D24000C1231306A100894513051031EFA0E12287
:10D250007000894513052031EFA0212205491306EE
:10D260009100854513055030A3042101EFA0E12072
:10D270003715030026869385013F130585A6EF1019
:10D28000B052930500050D45EF60E0599305000588
:10D290001145EF60405985457945EF60C0587000F1
:10D2A000914513057040A3032101A304210102C687
:10D2B0002304010023050100EF80917C1306710017
:10D2C000854513050040EF80B17B3000854513058F
:10D2D0001040EF80F17A1306A10085451305204028
:10D2E000EF80117A13069100854513055040EF80B9
:10D2F00031797D55EF90200E7D55EFB06054EF20D1
:10D30000207D7D55EF2010187D55EF20605D37267C
:10D3100000201306862AD5450145EF80707A4167C3
:10D3200093878197791798C323A20700138581807B
:10D33000EF20101C372500201305856DEF20405C81
:10D3400013858195EF70314C034504008545EF400E
:10D350000014B250225492540259F249456182801D
:10D36000411106C6EFF01FBA931505011386013F60
:10D37000C18113056030EFA04110B2403726002074
:10D380001306862AD545014541016F80707303C598
:10D39000C1801306003C930500046F40802603D72C
:10D3A000E1807917635EE604011122CC1384819732
:10D3B00026CAAA84035504004AC801472E8981461B
:10D3C000ED4506CE2315C100EF90A0382AC61DC139
:10D3D0000356A100CA859730FF1FE780C03E035562
:10D3E00004003000A685EF20D01709C5ED452800C0
:10D3F000EF90E04DF2406244D244424905618280A0
:10D40000828083D7E1806971232481122320211334
:10D410002326111223229112232E3111232C411184
:10D42000232A5111232861112326711123248111EC
:10D43000232291112320A11121472A893D44637E93
:10D44000F700E1173E84C207C1831307600F6374BE
:10D45000F7001304600F42044180B3048900FD14F7
:10D46000B3D484029147814913FBF40F63FB270176
:10D470009387014183C9470083C73700A209B3E9F5
:10D48000F90093DB8900014D814A228C93F4F40F5B
:10D49000938C014113F7FA0F636C67038320C11269
:10D4A0000324811283244112032901128329C1110B
:10D4B000032A8111832A4111032B0111832BC110EF
:10D4C000032C8110832C4110032D011055618280A3
:10D4D000628A637389004A8A420A93371700850A71
:10D4E000135A0A019E079306000463835401814680
:10D4F000D58F5286B385AC01130591002302F1004C
:10D50000A302E10023036101A3033101230471019C
:10D510009730FF1FE780202B13065A0042064182F6
:10D520004C000145EFF0BFE763F79A0019459730CB
:10D53000FF1FE780C026229D33098940420D420922
:10D54000135D0D0113590901B1B7797122D426D2A7
:10D5500006D64AD04ECEAE84328419C98547630DB3
:10D56000F506B250225492540259F2494561828024
:10D57000914763FEC7048387050063C5070083C71F
:10D58000C150B1C77C001307B00F938601412286BA
:10D59000A6851385C1502316010023170100EF80D3
:10D5A0006FC98D47E30FF5FA1DE18355C1001307DD
:10D5B000E1009306B00F1386014113850141EF90FE
:10D5C0009FB311E50355E100EFF0BFE359BF1385A9
:10D5D000C150EF804FC571B7EF801F8959D19307B4
:10D5E000F4FFC207C18313077007E36CF7F6371522
:10D5F0000300A68522861305C5A8EF10F01AA285A0
:10D600002685EFB02FFAB1BF2E86AA8501456F207F
:10D61000003001112306A1008945680006CEA3064B
:10D620000100EFF07FFEF240056182801305E00FFC
:10D630006FF03FFE5D71A2C486C6A6C2CAC04EDEB0
:10D640002E8432C2EF805F8219C911C812461307B7
:10D65000600F9307F6FF93F7F70F6375F700EFF08E
:10D66000FFFC45A283470400130710086399E704F1
:10D670009947E316F6FE834724009384C1969CC025
:10D680000345340022055D8D88C0EFF05F9C0346A2
:10D6900054008347440088C022065D8E23A4C196AF
:10D6A00023A0A19623A20196238A019683C75197AE
:10D6B000639F07101385C165EFF00F8CE9A813F77E
:10D6C000D70F930600086312D7040D47E379C7F814
:10D6D0000347140011071377F70FE312E6F81387D7
:10D6E000D7071377F70F854663E4E600E319D6F60C
:10D6F00093C707081547E364F7F6371703008A074F
:10D70000130707A5BA979C43828713075008E3982D
:10D71000E7FCB947E315F6F403471400B147E310FB
:10D72000F7F413052400EFF0EFFBAA84130564005F
:10D73000EFF04FFB2AC21305A400EFF0AFFA9245B9
:10D740002A862685EFF04FC739E505471385C16561
:10D75000A38AE196EFF04F82014581A08347140030
:10D76000938401979CC0834724001389C19623208A
:10D77000F9000345340022055D8D2320A900EFF058
:10D780001F8D03D60400AA852320A9001385C16537
:10D79000EFF00F8611E51305F00FEFF09FE795A06E
:10D7A0008325090083D604001306440009459740E9
:10D7B000FF1FE780407283D504001374F50F133602
:10D7C00014001385C165EFF04F862285F9B732C684
:10D7D0002AC4EFF00FB32AC2EFF0AFB2A24512474E
:10D7E0003246B7670300AA9785661385C165EFE0E7
:10D7F0007FF993050002E30F05EA03C5C180EF300E
:10D800001049B640264496440649F2596161828027
:10D8100083471400938401979CC083472400138995
:10D82000C1962320F9000345340022055D8D232095
:10D83000A900EFF0DF8103D60400AA852320A90008
:10D840001385C165EFF08F8039D594408325090099
:10D85000130644000D459740FF1FE780C06783D53E
:10D8600004001374F50F133614001385C165EFF02F
:10D870008F81238A819691BF1384C1651385C16509
:10D88000EFF00F83E30905F00044EFF08FA7AA84BF
:10D89000EFF0CFA68347550103474501A2075D8FEF
:10D8A0008347650103457501C207D98F62055D8D08
:10D8B0002695E312A4EEEFF0AFCBE31E05EC930543
:10D8C000000825BF02CE8947230EF10093070036DA
:10D8D000231FF100E17702D002D29387073105447C
:10D8E0002311F10202D402D6A3028102EFF00FA1AC
:10D8F0008347C5002303F102EFF04FA00347D50093
:10D900008347C50022075D8F8347E500C2075D8F0F
:10D910008347F500E207D98FA183A303F102EFF05B
:10D92000EF9D8347E5002304F102EFF02F9D83472D
:10D93000F500D1456808A304F10223058102EFF048
:10D94000BFCCC1B501456F3040510111939705011E
:10D9500022CC06CE26CA4AC84EC6C1872E8463D3BF
:10D96000070403C5C180EF30F0001DC10347050067
:10D970009307000B631CF700034745009307F0076C
:10D980006316F700035785002397E180EF30607737
:10D99000A164A18CF240624426854249D244B24936
:10D9A0000561828093F7150091CF03C5C1803726AA
:10D9B00000201306C6299385413EEF90110293443F
:10D9C0001400C9BF93F7250095CB03C5C18013068A
:10D9D00000648945EF30F042B72500201387C52C3D
:10D9E0008347070015469385C52C85070945230005
:10D9F000F70093442400EFF09F9A69BF93F78500E6
:10DA000099CF83C7C18003D581971307803E814694
:10DA100031469945EF90C17593448400A5BF93F7B3
:10DA2000050181CF03D58197014789460946814584
:10DA3000EF90915293440401B1BF93F7450085C321
:10DA400003D5819793444400EF90914E03C5C18064
:10DA50000566130606C89145EF30B03A25BF93F727
:10DA60000502BDC7138941968327090083A5019646
:10DA7000B20785660146BE9505459740FF1FE780C2
:10DA800080459379F50F93440402638B0900138555
:10DA9000C1658145EFE01FD44E85EFF09FB7DDBD36
:10DAA0008327090003A7819685072320F90063E9EE
:10DAB000E7001385C1658545EFE0DFD10145F1BF82
:10DAC00003C5C1800D4693050002EF309033D9B5F0
:10DAD00093F70508B1C7EFF0EFAC8D47631CF50075
:10DAE00005469305000803C5C180EF30903193448B
:10DAF00004084DB59384519709EDEFF0CFB811E9C3
:10DB000023800400EFF0FFB01306000A9305000421
:10DB1000D9BF1305F00F23800400EFF09FAFC1BF02
:10DB200093F705048144E38707E6EFF0BFE19344F0
:10DB300004049730FF1FE780C0B2A9BD411137260A
:10DB4000002006C61307062C834707001306062C81
:10DB50009545850701452300F700EF20401AB240A4
:10DB600015454101828041111305800406C622C477
:10DB700026C2371400404AC09720FF1FE780407735
:10DB800083444404EF00F0402A8937250900130537
:10DB9000057CEF30003D3727004083472700616553
:10DBA0001305150493E717002301F7004167B7E752
:10DBB00000E023A0E7108327C40C8D459D88C98F02
:10DBC0002326F40CEF302012EFA09FD5EF503FA694
:10DBD000EF509FB7CA852685EF007036EF00703B87
:10DBE00023A0A19837440020EF905137EFF0CFDE0B
:10DBF00013048454EF904FE6EFE09FDFEFF04FF611
:10DC0000EF50DFC5EFA04FC08355C4B02685EF901D
:10DC1000BFC3EF70BFC4058919C9EF703FC409893C
:10DC200019E58347C4B093F7F7FD2306F4B0EF007E
:10DC300070299720FF1FE780605E05C9411126C249
:10DC400013064004AE84814522C406C62A84EF50E0
:10DC50004FED2147A68763739700A147A300F40403
:10DC6000B24022449244410182808280FD570DC11E
:10DC700085C103470504814711056394E700FD57FB
:10DC800001A82105835685FF6396B600E207E18768
:10DC90003E858280850793F7F70FC5B719E17D555B
:10DCA000828001114AC806CE22CC26CA4EC652C472
:10DCB00056C22E89B5CD834A15042A84638A0A0682
:10DCC0003A8AB684B289EFF07FFA635E05000345B5
:10DCD0000404637955079307150062052300F404D3
:10DCE000618563410506931735003E9485472312ED
:10DCF000240104C023033401A303F4001DA803A8D6
:10DD0000060083C576003388044199C1637A0A010D
:10DD10006344050063760701139587016185428797
:10DD2000850793F7F70FA106E31BF6FCE35D05FA01
:10DD30007D55F2406244D2444249B249224A924A55
:10DD40000561828003460404A286814701477D5510
:10DD5000E1BFAA8715C103470504014563FFE5003C
:10DD60008E05AE9703C7770011C798430545198EF6
:10DD700063F5C600A38307000145828083A5418126
:10DD80007D5683A7019893864181638AC50063E825
:10DD9000B7005567130707182E9763E9E702556721
:10DDA0001307071833F6E7027D55918F3746002099
:10DDB000130686546399A500832506AE63E5F50036
:10DDC0003E9763E4E500231506AE9CC282800111F4
:10DDD00022CC9307E1002A8478009306A10030004A
:10DDE00093056100480006CEEF00101E11ED930769
:10DDF000407E2312F10085472313F1002314F10024
:10DE000023150100231601008355610089468357BD
:10DE1000A1000357C1000356410063E5B6007D161B
:10DE200042064182B7160300938646ABAE96035571
:10DE3000810083C6F6FFAA96B29613552600AA96CD
:10DE4000130500193355A602AA961305400633564A
:10DE5000A6020145918E1D46B3F6C6020346140084
:10DE6000B356D640858A9DCA0356640011C6FD1577
:10DE70003356B640058A1DC21306C003B387C702D6
:10DE8000C165FD1503562400BA9703574400C20725
:10DE9000C1836319B700918F13B51700F240624434
:10DEA000056182806DDB6378E6000145E3E8C7FE2B
:10DEB00033B5E700E5B763F4C700B3B6E7003685CE
:10DEC000F1BF011122CC373400201307845456C20D
:10DED0008567834A8500BA9752C403AAC7AE4EC667
:10DEE00093C9FAFF26CA4AC8B744002006CE13F9E0
:10DEF00019001304845493848454630E49035C48CA
:10DF00009DCB03A701988346A5001D8F8347B500CD
:10DF1000A207D58F9306C003B387D702637DF700AE
:10DF20008144F240624426854249D244B249224AA1
:10DF3000924A056182801C50B1CB0547E392E7FE0F
:10DF400083478402E37EF9FC93071010B307F902BC
:10DF5000A29783C79702E9D74A85EFA0DFC269D1AC
:10DF600093F9190023A634AF9377FA0F93FA1A00A6
:10DF7000638D370583D744AE41677D176385E7001E
:10DF800085072392F4AE639F0A0281A0832985004E
:10DF900093F9190013850908EFA03FA051D193C749
:10DFA000190023A6F4AE1377FA0F6380E70283D734
:10DFB00044AE41677D176385E70085072392F4AE81
:10DFC0006385090083A701981CC88544E30B49F5C4
:10DFD00083A70198130520035CC8EF90AF9C91B70D
:10DFE0005D71A6C2B734002013878454856752DC64
:10DFF00086C6A2C4CAC04EDE56DA5AD85ED662D4ED
:10E0000066D26AD06ECEBA9783C747B0374A00202F
:10E0100093848454858B130A8A54B9E7856A371C24
:10E020000300C16C2689814B138D4AA3130C8CA964
:10E03000938DDAA3138B6AA3F51C13843B0A931701
:10E040004400A69703C7470093761700CDC2DC4370
:10E050009946B309A90185839D079D8B63E9F6085D
:10E060008A07E2979C438287EF700FBD09C59844E9
:10E070008D4763E5E700EFC0AFED4DD1B6402644D4
:10E0800096440649F259625AD25A425BB25B225C0C
:10E09000925C025DF24D616182801204C52D26946E
:10E0A0006304051A4E85EFF09FD2630F051883476E
:10E0B0004400C18B8DEF4E85EFF0BFE00DC93DAA46
:10E0C000EF506FFB0DC593174400A69703C7470099
:10E0D00083160AAF418B15C3B30769013307590192
:10E0E00083970700031787A3998F63DBD706850BF8
:10E0F000A9474109E393FBF451B7330769010317BB
:10E100000700E356D7FE4E8536C43EC6EFF07FDBF0
:10E11000A24601C9B24703C747001367070123821C
:10E12000E70093174400A69783C74700C18BE1D34C
:10E1300065B7EF504FF445DD93174400A69703C72A
:10E14000470083160AAF418B19CFB3076901330724
:10E15000590183970700031787A3BA97E3C9F6F815
:10E16000120426943DA23307690103170700E3D088
:10E17000E6F84E8536C43EC6EFF0BFD4A24601C9CC
:10E18000B24703C74700136707012382E7009317CD
:10E190004400A69783C74700C18BB1DB7DB7EFA0D2
:10E1A000CF958347C500A1D7B307690103D6070000
:10E1B000B307590103572AB083D6A7A3B337E600A4
:10E1C00081CA81476366C700B3B7E60093C71700EB
:10E1D00099DF12042694E1BDB307690183D60700D5
:10E1E0008327CAADE3F5F6F0418BE31207F04E85C5
:10E1F000EFF03FCDE30D05EE120426948347440073
:10E2000093E7070151A8B307690183D70700832665
:10E210004AADE3FED7ECC9BFEF50EFE5E30905ECEB
:10E22000B523E30605EC4E85EFF07FBAE30105EC7C
:10E23000B307B90183C70700A94603170AAFB3871D
:10E24000D702E3C8E7F865B583474400C18BE38094
:10E2500007EAB307590183D787A3FD17C207C18314
:10E26000E3E7FCE88347C4004E8513C7F7FF058B3F
:10E27000F99BD98F2306F400EFF0BFC48347C40095
:10E2800013C7F7FF058BF99BD98F2306F400E30032
:10E2900005E683474400BD9B2302F40089BD373661
:10E2A0000020014713068654A9459307370A9207B1
:10E2B000B29783C647000507BD9A2382D700E316AD
:10E2C000B7FE828001114EC606CE22CC26CA4AC8AD
:10E2D000AA896D2919C1EFF07FAAB747002093875B
:10E2E000875403D7A7AE374400209307005A13047E
:10E2F000845463F4E7002315F4AE8327C4AEA9EB7E
:10E30000035784AE9306C0038327C4AD4E97B3561C
:10E31000D7020356A4AE9305005A1305005A918DF7
:10E32000B697232EF4AC63F6B600B29613950601A9
:10E3300041819306C0033377D7022315A4AE23147B
:10E34000E4AE416763E4E7009307F7FF2310F4B0FE
:10E35000EF90BFFA8347C500A1CF835424B0A9C86A
:10E3600033893403832784AD37F63600130606E875
:10E370008146B3B434033E99B337F9004A85BE945D
:10E38000A685EF10F20E37F63600AA89130606E8C6
:10E3900081464A85A685EF103247232CA4AC03257D
:10E3A00044AD9347F5FF63F73703FD57232AF4ACD9
:10E3B000F12E11C9832704AE03A7019899C3637F87
:10E3C000F7002320E4AEF2406244D2444249B2490D
:10E3D000056182804E95232AA4ACD9BF8566B30718
:10E3E000F7409386F6E0E3F0F6FE2320E4AE6244C5
:10E3F000F240D2444249B249014505616F809FDA3B
:10E400009377350099EF130740063377E502854788
:10E4100019E7930700193375F502933715003E8508
:10E4200082808147EDBF41119387F5FF22C406C664
:10E4300093F7F70F2D4701446362F702B717030004
:10E44000938707ACAE9703C4F7FF89476398F5003D
:10E45000EFF01FFB01C505041374F40F2285B240D1
:10E46000224441018280F9C937070080134787D7CA
:10E4700081476366A70C011122CC5564130404186C
:10E480004AC83359850226CA4EC606CEAE849309C1
:10E49000207B337485024E85EFF09FF6B337A000E2
:10E4A0009387D7166369F9008509C2093309F940D2
:10E4B00093D90901CDB7B716030085472D4693863A
:10E4C00006AC89451387F7FF1377F70F6361E606FC
:10E4D0003387F6000347F7FF6396B70001C50507CA
:10E4E0001377F70F6376E9040565130505E12381CA
:10E4F000F400B357A4020509A38124012390340139
:10E500003374A4021305C0032382F400B357A4029A
:10E510003374A402A382F40085473E8523838400DC
:10E52000F2406244D2444249B249056182800147C7
:10E5300085073309E94093F7F70F69B781473E85AF
:10E5400082808147630F0510638D051079715EC667
:10E55000835B050006D622D41387EB84420726D2BC
:10E560004AD04ECE52CC56CA5AC862C44183930692
:10E57000400463E2E60C034C2500AD461307FCFFA4
:10E580001377F70F63E9E60A834445005D47636448
:10E59000970A034A55001307B003636E470983497E
:10E5A0006500636A3709834A350063860A082E8945
:10E5B0005E85E285EFF03FE78147636E5507130400
:10E5C000D01633848B023707F5FF9387FBFF1307C1
:10E5D0009755054B3A9413D727003A94130700191F
:10E5E00033D7E7023A9413074006B3D7E7021D8CEE
:10E5F00063106C07FD1A196756941307771181474A
:10E60000636B87028567938707E1B387F4029304FE
:10E61000C003D56A938A0A18330A9A023304540352
:10E62000D297CE973E94B707008093C797D7232001
:10E630008900B337F400B250225492540259F2497F
:10E64000624AD24A424BB24B224C3E85456182809F
:10E65000DA855E85EFF03FDD050B2A94137BFB0F17
:10E6600041BF3E858280797122D4930761012A845B
:10E6700058089306210110089305E100680006D6AA
:10E68000EF10102C8357C100A2852808231CF1002D
:10E690008357E100230DF10083570101A30DF10021
:10E6A00083572101230EF10083574101A30EF1008E
:10E6B00083576101230FF100EFF0BFE8B2502254FD
:10E6C00045618280411106C6B7170040A381070447
:10E6D000EF205003B240054541016F20E07BB73782
:10E6E0004F9C9387073037374F1CAA97130787072C
:10E6F0006366F70401112C0022CC06CE2A84EFF0C9
:10E700009FD61DC14800EFF01FF619CD92476361F7
:10E71000F402B307F44063C9070023A8F19823A0CB
:10E72000819805472386E198F24062440561828022
:10E73000818FE3CB07FEB307F040C5B7828041115C
:10E7400022C426C206C685441384C1986307950275
:10E75000B7374F9C9387073037374F1CAE97130757
:10E760008707636CF7002E85EFF07FF72300940096
:10E77000B240224492444101828037C55569130555
:10E780000590EFF0DFF523000400DDB703C5C19865
:10E7900082800111680006CEEFF0FFEC11E503A5C1
:10E7A0000198F2400561828003A50199B247634850
:10E7B00005001347F5FFE364F7FE3E95DDB7330729
:10E7C000A040E3FCE7FEE1BF797122D426D206D651
:10E7D0002E84AA8432C636C43AC23EC0EFF07FFB14
:10E7E0002C08EFF05FC821C582471247A246324687
:10E7F00089C4835581012390B40009C48345A101D4
:10E800002310B40009C68345B1012310B60089C6A0
:10E810000346C1012390C60009C78346D1012310D6
:10E82000D700054589C70347E1012390E700B250AF
:10E8300022549254456182809387A19803C70700B0
:10E840001377F70F1DCF411106C623800700EF6035
:10E85000BFBE11C9EF00407FEF90DF81B240054598
:10E8600041016F90CF8CB73700209387875405679D
:10E870003E978346C7B0F99A2306D7B0054798C795
:10E88000E1BF82809387819803C707001377F70F52
:10E890004DCB411106C622C423800700EF909FEBA9
:10E8A000EF903FE00945EF908F8837340020130741
:10E8B00084548567BA9703D5C7B013048454EF9086
:10E8C0002F8B09C5B7170040A3810704EFA02FE5E0
:10E8D000EF70AFD731C981450145EFA0AFE3814566
:10E8E0000145EFA0EFE1930540060545EFA0EFE1FC
:10E8F00018448D4763F1E70203A781998347E40138
:10E900009306803E9305C012B387D702D146B3D792
:10E91000D7026365F7008565938585BB2244B240C5
:10E92000054541016FA00FDD9305803E0545EFA031
:10E930006FDE9305401F0545EFA08FDC9305800C2B
:10E940006DB782809387919803C707001377F70FFD
:10E9500025CF011106CE22CC23800700EFF07FE304
:10E9600023A0A198EF805F863145EF805FFCEF40E8
:10E97000FFF0EFF0EFE60545EFF0DF9483C7C198B5
:10E980001384B19899E723000400F24062440561C2
:10E9900082809307E10078009306A1003000930580
:10E9A00061004800EFF05FE279DD03470400835720
:10E9B000810001E72300F400C9BFE308F7FCEFF092
:10E9C0001F8E83578100FDB7828083471500034760
:10E9D0000500A2075D8F8347250003453500C20768
:10E9E000D98F62055D8D828023AA019A239C019AAA
:10E9F0002396019AA387019A2387019A828003C7ED
:10EA0000019B9387019B05071377F70F11C723809D
:10EA1000E70003C5070082800547D5BF411106C640
:10EA2000EFA01FC993771520054599E703D5819B72
:10EA30001335250313451500B240410182802E860F
:10EA400021C1B73700209387875403D72700630974
:10EA5000A70283A6419803C7E7018567938787BB11
:10EA60003307F702B7C70200938707F26373F70013
:10EA70003E87AA85376500201305858D6FF00FA2AC
:10EA80007D558280411122C437340020930784547D
:10EA900003C5470026C206C6EF805F9503C7E1990C
:10EAA000930784548546374400209384E1991304E6
:10EAB00084546315D7028346C4B0858A85E2944F97
:10EAC000639EA60003C6F199834684B06318D600FE
:10EAD00003C6D199834694B0630ED600834694B0A2
:10EAE000034684B0D94588CFEFA09FDF11C92380AA
:10EAF00004000147B240224492443A854101828099
:10EB0000034784B085472380F400A38FE19803472F
:10EB100094B0A38EE19883A541981385019AEFB034
:10EB20002F8C0547C1BF411122C4373400204AC091
:10EB3000130984540345490026C206C6EF803F8D61
:10EB400083C6E1999307845409473744002093848E
:10EB5000E199130484546397E6020347C4B0058B1C
:10EB600015E303278901631FA70083C6F1990347B3
:10EB7000A4B06399E60003C6D1998346B4B00547B3
:10EB8000630ED6008346B4B00346A4B0D94588CFFF
:10EB9000EFA01FD519C9238004000147B2402244C9
:10EBA000924402493A85410182800347A4B08947D3
:10EBB0002380F400A38FE1980347B4B0A38EE198BB
:10EBC00083A541981385019AEFB08F810547F9B766
:10EBD000B737002003D6A754357106CF32C42AC6F2
:10EBE000EFF0FFE132482246B7670020C1662A876E
:10EBF00093878785FD1685450808EF809F9E01E96C
:10EC0000EFA01FE7EFF05FDEFA400D6182801D4745
:10EC1000AA8523AAE19A0808239C019AEFA0DFDFC6
:10EC2000E5B7C94763EAA700014582800145B240C4
:10EC30002244924441018280411122C42E84AA853B
:10EC40003765002026C2930485851305858506C691
:10EC5000EF80EFF561DD03C704009D47E318F7FC83
:10EC600003C5940083C78400420422055D8D4205DC
:10EC700041854184018D1335150055BF411126C2D0
:10EC8000B764002022C4138484858947A300A400AC
:10EC90002311B40013858485914506C62300F40032
:10ECA000EF80EFED2302A4002244194723AAE19A42
:10ECB000B240138584859244239C019A9545410175
:10ECC0006FA09FD57971B737002022D41384875461
:10ECD00026D24AD04ECE52CC56CA5AC8835A2400A5
:10ECE00006D62A89AE89328AEF902FE18567A297EE
:10ECF000AA8403D587AF039B07AF3744002093074F
:10ED000005FFC207C1834147130484546377F706A4
:10ED1000231201002C005A85EF806FF319E12314B0
:10ED200001008327C4AE03C7C40093B717002303B1
:10ED3000F100834744AFA2072315F1008347C4AF16
:10ED4000A2072316F100814719C383D72400231794
:10ED5000F100EFA09FD15C005287AA865686CE852F
:10ED60004A85EF802FF6B250225492540259F2494C
:10ED7000624AD24A424B45618280A9473305F50277
:10ED80004C0042054185EF808FEC59D161B709ED08
:10ED90001305F00F82801305F00FF2406244D24455
:10EDA0004249B249056182809547E3F3B7FE0111FC
:10EDB00022CC26CA4EC606CE4AC8AA84B2892E8460
:10EDC000EF80EFDE69D903C70400B547E315F7FC10
:10EDD0003739002083C634001306895483C72400C2
:10EDE0000356C601139786005D8F13098954630685
:10EDF000E600E38209FAD58FD9FF83C7540083C6A2
:10EE0000440003572900A207D58FE316F7F883C7FC
:10EE1000140005476390E704C947E31EF4F603C4F2
:10EE2000840083C7740083C9640022045D8C138549
:10EE30009400EFF09FB9AD1993F7F90F1547AA8425
:10EE4000636EF702371703008A071307C7ACBA9738
:10EE50009C4382870D47E390E7F4D947E31DF4F222
:10EE600003C4C40083C7B40083C9A40022045D8C1A
:10EE70001385D4007DBF9304100811C4094531BF28
:10EE80009304000865FC2685EF909FB765D9268519
:10EE9000EF90FFD62DCD93F7F90F1147E360F7FE02
:10EEA00037170300130747AE8A07BA979843B74747
:10EEB000002093878754028771F0930705FF3D4731
:10EEC000E36EF7FA1314050141809304050365BF4F
:10EED00091479304140AE3F887FA4DB78D479304DA
:10EEE0001405E3F287FA59BF51F8C1671307F5FF1C
:10EEF000F517E3E5E7F883270902C9F30347490259
:10EF000093071005E3ECE7F6EF905FE819E105459C
:10EF100069B58567231399023E998347C9B01305E4
:10EF20002003ED9B2306F9B0EF80CFA70145B5B5CF
:10EF300003A7C7AE11CF03D747AEC166FD16630561
:10EF4000D70005072392E7AE03A70198232AE9001B
:10EF500023A607AE83A701982328F90013052003F1
:10EF6000EF804FA4EFB04FFED1B783A6C7AE0547E1
:10EF7000638FE60003D747AEC166FD166305D70071
:10EF800005072392E7AE03A70198232AE900054766
:10EF900023A6E7AEE1B7239C87AEC9B723AA87AE05
:10EFA00075BF23AE87AE5DBF828011CD411122C4F3
:10EFB00006C63304B500EF808FBC2300A400B24026
:10EFC00022444101828082802DCD411106C68548B0
:10EFD000AA872E873288639D150309E6B240410156
:10EFE0006FF05FCEB736002083D6A65409462300C3
:10EFF000C500A380B7002301D500A182A381D7005B
:10F000009145EFF09FFA9546B240368541018280E6
:10F010000D468146E39AC5FEB736002083D6A65436
:10F0200013F6F60FA182630A080089452300B50094
:10F03000A380E7002381C700D1B723001501214732
:10F04000C5BF8146368582805571CAC113878199B3
:10F050001C43A2C5A6C34EDF52DD56DB85073734FD
:10F06000002086C75AD95ED762D566D31CC3130762
:10F0700084548356270003D7A19AB7440020A30FD6
:10F0800001001389819913048454938AA19A138AE5
:10F090008181938484549389A181639EE600035700
:10F0A000440083570A006318F70003C754B083C7AE
:10F0B00009006300F706EFF03F93376500209145A4
:10F0C0001305858DEFE07FB7238E019883572400C9
:10F0D0001385019A2390FA00835744002310FA0005
:10F0E00083C754B02380F900238F019883A54198EA
:10F0F000EFA0FFA585471CC483C6819A1307A028EB
:10F100009387819A91E201472320E90005472380F4
:10F11000E70083C7C4B0858BADC3EFF0FF8C238FAE
:10F12000019883A5419885471CC41385019AEFA0D7
:10F13000BFA205C503C754B08947631DF702EFF0AE
:10F140009F9E133515009307A028630C053683A5F1
:10F1500041981385019AEFA07FA5BE402E449E449E
:10F160000E49FA596A5ADA5A4A5BBA5B2A5C9A5CC7
:10F1700069618280EFF01F91E9B703C754B08547FA
:10F18000138A419B6307F70083270A0099C3EFF0B6
:10F19000BF8583270A00A5E31C440547639EE72239
:10F1A00083552400C54793066009B387F5020327FA
:10F1B0000900B3F7D7029387471FE360F7FA03C745
:10F1C00054B08947B7690020631FF71E03D664B0A7
:10F1D00013858985EF800FBCA30FA100EFF0BF94CA
:10F1E0008345F10113858985EFA01F8389471CC4DE
:10F1F000232009009DB79386819B03D70600FD1746
:10F200009384819B05072390E60019476368F71AEA
:10F21000371703008A07130787AFBA979C43828783
:10F22000EFF0CFFF1DD9EFA0BF8489472320FA005C
:10F23000239004001DB7B7690020138589859305C5
:10F24000F101EFA01F880345F1012DC51389C19A73
:10F2500083550900EFF0FF9C31CD835A0900EFA0E0
:10F26000DF809375F50F5685EFF06FFD0356240090
:10F270008356090032C636C4EFF06FF80348F10137
:10F28000A24632462A879387898585450810EF80F4
:10F290004FB501E9EFF03F89EFA08FFDEFF0CFF41C
:10F2A0006DBD2AC4EFF03F88A2450810EFA0CFF64D
:10F2B0008D47ADBF03D704009307900FE3FFE7E846
:10F2C000D1BFEFF0AFF5E30A05E8F9B7EFF00FF5BE
:10F2D000E30505E8EFA0CFF9954789BF376900201E
:10F2E0009305F10113058985EFA0AFFD8347F10177
:10F2F00093098985D1CB03D7C19A835624001C106A
:10F3000009469305F10113058985EF806FB6938A4D
:10F31000C19A3DC90347010283C7E19A6316F70604
:10F320008345F10113058985EF806F8831CD03474F
:10F33000F1018D47014463F6E70203C70900B947AD
:10F3400063E9E700916793876702B3D7E700858B8E
:10F3500099E3014439A003C4390083C7290022047A
:10F360005D8C83D70A0063918702EFA00FF093753D
:10F37000F50F2285EFF0AFEC8345F1011305898588
:10F38000EFA08FE999475DB503D7040093071003F9
:10F39000E3F5E7DC03C7F19A83D7C19A8946914523
:10F3A0002380D900A380E9002391F9001305898502
:10F3B000EF70FFFC2382A9009545C9B7EFF0CFE2BB
:10F3C000EFA00FEB59BB13858985EF80EF98A30F52
:10F3D000A100EFF02FEB29B5894A63965703EFA000
:10F3E0002FAD9377150089C7EFA08FE88D4701B542
:10F3F0001375052019E50327090093072003E3FE91
:10F40000E7D48547EDB30D476395E70EB769002054
:10F410009305F10113858985EFA0AFEA8347F101D8
:10F420009DC383C754B0639057030357240083D60A
:10F4300064B09387C19905469305F10113858985C9
:10F44000EF800FA335DD0345F10151C5835524003D
:10F45000EFF02FFD49C19389898583C7F90037678C
:10F4600000209306B0031307878563EFF604930724
:10F47000C00383C654B0230FF4008947639CF60091
:10F480008346E4019307900563E6D7009307A00540
:10F49000230FF4008347770003476700A207D98F43
:10F4A000231EF400EFF02FE8EFA08FDC91471CC47F
:10F4B0008347E4011307803EB387E7025147B3D780
:10F4C000E7022320F90051B99306400BE3F3F6FA63
:10F4D000930740FB79BF83C654B009479307A00F39
:10F4E0006384E6009307400603270900E367F7C635
:10F4F00009BF1147639AE72AB76900209305F10114
:10F5000013858985EFA0EFDB8347F101638B072625
:10F5100083C754B0639157030357240083D664B064
:10F520009387C19905469305F10113858985EF807D
:10F530002F94E30705E88345F10113858985376B2F
:10F540000020EF70DFE6938A8985130B8B85E30932
:10F5500005E683CC54B0854703CC0A0083CB1A0060
:10F560006392FC088345F101994763FDB70695470F
:10F57000631AFC0613858985EF707FE325C583C771
:10F580001A006391970783C75A0083C64A0003573E
:10F590002400A207D58FE395E7E203C43A0003C72E
:10F5A0002A002204598CE30D04E0E30BF4E0EFA001
:10F5B000CFCB9375F50F2285EFF06FC8E34205E0DE
:10F5C000A28508102396819AEF701FF9EFF08FCB78
:10F5D00095450810EFA04FC485472320FA00239CCF
:10F5E000019AA5BE8345F1018D4763FCB7008347AF
:10F5F0003B0003472B00A207D98F0357C401E391B7
:10F60000E7DCAD476311FC04A14763F4B7021305BF
:10F610004B00EFF08FBB03A701989306370063E61A
:10F62000A6009306350063F6E60023A0A198EFF04C
:10F630000F8B03C754B08547E314F7D80345F10196
:10F64000EFF00FD919BEBD476319FC0003C754B0D2
:10F650008547E317F7D62E85E5B7B5476311FC124A
:10F66000954763FEB710834A5B0083474B00A20AAD
:10F67000B3EAFA00835724006398570793F7DB0F28
:10F68000054701466396E70413858985EFF02FF05F
:10F690002A86DE8513858985EFF01F9303C754B052
:10F6A0008947631DF70203C7C1998356240003D617
:10F6B00064B02A888945938789850810EF707FF2A6
:10F6C000AA85081099ED83A701985CC4954705B6F3
:10F6D000DE8513858985EFF0EFDEC9B7AA8513852E
:10F6E0008985EFA06FB3C5B703C754B08547E31949
:10F6F000F7CCB7640020D6851385848DEFE00FD753
:10F70000E34005CC8346E40103A6419885679387CF
:10F7100087BBB386F602B7C70200938707F263F38D
:10F72000F600BE869375F50F1385848DEFE06FE2CA
:10F7300011E5D6855E85EFF06FD405B40348F1017D
:10F740002396519B42C4A387719BEFF04FAB224895
:10F75000035624002387A19A2A87854593878985A4
:10F76000D6860810EF70FFE7AA8561D59147232060
:10F77000FA000810239C019AEFA00FAAF9BAEFA093
:10F780002FAF8347E4010567130787BBB387E70201
:10F79000514783260900B3D7E702E3E0F69C85478B
:10F7A0001CC49307C05D31BB1547E398E79AEF90FF
:10F7B0003FF0058919E50327090093072003E3FEBD
:10F7C000E79891471CC423200900DDBE411122C4E3
:10F7D00026C206C603C7050089471384C19B85441A
:10F7E0006312F704D841A944834717000347070071
:10F7F000A207D98FC207C187130710EE6394E702EF
:10F800009307700FB54463EFD700376700202300DC
:10F81000D40081471307079393950701C18163E9DA
:10F82000D50281440346040011CE83A7019C99CBE5
:10F83000DC4389CBB765002093850593014582970A
:10F8400023000400B2402244268592444101828074
:10F85000B305F60003C50500B305F700850723804F
:10F86000A5005DBF03C7050089476317F706D841A8
:10F870008347170003470700A207D98FC207C18734
:10F88000130710EE6396E704411122C41384B19B61
:10F8900032850346040006C62390060011E6B240F6
:10F8A0002244014541018280B76500202390C600B3
:10F8B0009385C5919710FF1FE780E0F083A7019C17
:10F8C00023000400E9DF9C43F9DB01458297C1BFB7
:10F8D00023900600294582802390060005458280FA
:10F8E000058909CDB72600203725002093864638A4
:10F8F00041469145130545346F80D06C01458280A7
:10F9000009C523A0A19C01458280454582805147BD
:10F910006362C7023765002041111305C59106C611
:10F92000A38DC19A9710FF1FE780E0E9B24001451F
:10F93000410182801305E00F8280CC41411106C64F
:10F94000328503C6150083C5050022064D8E42068A
:10F950008D654186138875A2630C060F6348C80441
:10F96000138845A26306060B634AC800938535A237
:10F970006309B60623900600294679A0138855A28C
:10F980006308060B938565A2E316B6FEC1451D46C6
:10F9900063ECE5064546198E63F3C7003E86B7154E
:10F9A00003002390C600938545B289A8138895A2C9
:10F9B0006300060F634E060B1388A5A2630A060FA9
:10F9C000938505A5E318B6FA99451D4663EEE50251
:10F9D000198E63F3C7003E862390C600938541824B
:10F9E00031A89D451D4663E1E5022146198E63F36A
:10F9F000C7003E862390C6009385419CBA95971018
:10FA0000FF1FE78040DC0146B24032854101828021
:10FA1000AD451D46E3EAE5FE3146198E63F3C700A6
:10FA20003E86B71503002390C600938505B6F9B747
:10FA3000B1451D46E3EAE5FC3546198E63F3C70080
:10FA40003E86B71503002390C600938505B77DB7A2
:10FA5000C1451D46E3EAE5FA4546198E63F3C70042
:10FA60003E86B71503002390C600938585B379B70A
:10FA7000C1451D46E3EAE5F84546198E63F3C70024
:10FA80003E86B71503002390C600938505B8BDB721
:10FA9000C1451D46E3EAE5F64546198E63F3C70006
:10FAA0003E86B71503002390C6009385C5B4B9B749
:10FAB000B5451D46E3EAE5F43946198E63F3C70000
:10FAC0003E86B71503002390C600938545B13DB728
:10FAD000B7260020372500209386C64C4146CD45E9
:10FAE0001305C5396F80104E83C7850093F7070251
:10FAF000E1E303CE050009432E888547631B6E0AA8
:10FB000003A34500411122C426C206C68347130041
:10FB1000034303003284A207B3E767004163130E77
:10FB200013FEB6846381C7030913638A67040D68F3
:10FB30001308289063870707A947B24022449244DC
:10FB40003E8541018280AD476DFB13078007B547B5
:10FB5000E365D7FE0325C80013068007A28597102A
:10FB6000FF1FE78040C6014503A7819D814771D7EC
:10FB7000184361D72686A285029781477DBFAD478E
:10FB80004DFF13078007B547E369D7FA0325C8007F
:10FB900013068007A2859710FF1FE780C0C20545A6
:10FBA000E1B72244B2409244854741016F7040055D
:10FBB000A1473E8582802D4525EF03C70500894773
:10FBC0006314F706D8418347170003470700A207CD
:10FBD000D98FC207C18705576394E704411122C436
:10FBE00026C24AC006C632893684AE84EFD01FF5DD
:10FBF000930780072A8663F4A70013068007231063
:10FC0000C400CC4442064A8541829710FF1FE7801A
:10FC100080BBB240224492440249014541018280A6
:10FC200023900600294582802390060005458280A6
:10FC30008280C167F9176306F504411122C406C624
:10FC400085472A846394F50222859385C19CEF80C1
:10FC5000504222859385019DEF80B0412285224448
:10FC6000B2409385419D41016F80B04089476396C2
:10FC7000F5008545EFA0B07461D9B240224441013E
:10FC800082808280411126C2C16422C49385C19CB6
:10FC90002A841385F4FF06C6EF80B03D9385019D4D
:10FCA0001385F4FFEF80F03C9385419D1385F4FFAD
:10FCB000EF80303C37050100130525C30588EFA010
:10FCC00050670DC02244B2409244B7260020372529
:10FCD00000209386865A4146B5451305854D41015E
:10FCE0006F80502EB24022449244014541018280EF
:10FCF00009C523ACA19C0145828045458280411104
:10FD000006C60547AE87B2856305E50201C9094706
:10FD1000630DE5020945B24041018280376500204C
:10FD20003E86130585A29710FF1FE780C0A90145F5
:10FD3000DDB7130780076145E39FE7FC37650020C7
:10FD400013068007130505AAF9BF1307800761454D
:10FD5000E393E7FC3765002013068007130585B1A0
:10FD6000D9B7411122C426C206C68547AA84328467
:10FD70006387F50491C989476389F504B240224439
:10FD800092444945410182809385C19CEF60106295
:10FD90008947058965D513974700B72700209387C2
:10FDA000874DBA9783D7A700A285B2402310F400ED
:10FDB000224426859244014641016F70103C938590
:10FDC000019DEF60B05E9947E9B79385419DEF6073
:10FDD000F05DA9477DBFB7170040854603C887057A
:10FDE00083C89705238CD70403C797051378F80FAA
:10FDF00093F8F80F13678700A38CE70403C79705F0
:10FE00001377B70FA38CE704238DD704371700406F
:10FE10008347A7051306A705858BFDFB05654147AD
:10FE2000B7150040054E1303F5FF2300C6018346B6
:10FE30000600858AEDFE83D6C5057D17420793C669
:10FE4000F6FFB3F666004183B69765F3A107918389
:10FE5000130505801D8DA38C15054205238C050512
:10FE600041858280B717004003C777051A059205C0
:10FE70004D8D1377E70F13653500A38BE7041375DA
:10FE8000F50FA38CA7048280B717004003C777053E
:10FE90001377E70FA38BE704130700F8A38DE7049C
:10FEA0003D47238CE70413075003A38CE7048280AB
:10FEB0000547B7170040238DE704371700408347F5
:10FEC000A705858BEDFF0355C7055205518182803B
:10FED000B717004083C7E7020D8993F7C70FC98F93
:10FEE000F3260080A18A91CAF326008023AED19C1C
:10FEF00083A6C19DDD9A739006800F100000B7168F
:10FF00000040130670052380C604130680FA238080
:10FF1000C6040F1000002387F60223800604F32690
:10FF2000008083A7C19DA18BD58F7390078023AEDE
:10FF3000019C0F100000828041112A83014E930E14
:10FF4000407E130F0019930F400663E76E14930869
:10FF5000001913034006B3781503854E0D4FA14FCA
:10FF6000337365020D891335150063E1BE1613085E
:10FF7000F6FF794672984208135808013307C70202
:10FF800013D61700BE0732976146B3F6C6021306B2
:10FF90008070B386C6023697A166F58F42075D8FE3
:10FFA000B716004083C7F60293F70708A307F100CE
:10FFB0000346F10083C7F60293F70708E394C7FEF0
:10FFC0008347F100B716004093F7F70F638A0714D1
:10FFD000F3260080A18A639B06140F100000B71659
:10FFE0000040130670052380C604130680FA2380A0
:10FFF000C6040F10000023AA060303C616031366E7
:020000040001F9
:100000000608A388C602238006047326008083A600
:10001000C19DA18AD18E7390068023AE019C0F10E2
:1000200000001166B71500407D16D459C85DA98E31
:10003000F18EE5FEF3260080A18A91CAF3260080A6
:1000400023AED19C83A6C19DDD9A739006800F10CC
:100050000000B7160040130670052380C60413067F
:1000600080FA2380C6040F100000D8DA03C71603F5
:1000700013670704A388E60223800604F3260080A2
:1000800003A7C19D218B558F7310078023AE019C60
:100090000F100000410182807D133368E303930851
:1000A000E016630E08003368F3039308D016630864
:1000B00008009378330093B818009388D816330853
:1000C0001E01131E0801135E0E0141B56393E50383
:1000D0000548638608000148630303002A88710805
:1000E0007298FD15131E0801C205135E0E01C18131
:1000F000ADBD13F8150063F4BF007908D5B7133808
:100100001800E5BF83C7F60293F70708A307F100BD
:100110000346F10083C7F60293F70708E394C7FE8E
:100120008347F10093F7F70FF1DF5DB5F326008009
:1001300023AED19C83A6C19DDD9A7390068071BDCC
:10014000B718004003A8C80303D3A80383D88803C3
:100150004111060393D8F8004A08B30E130193081F
:10016000407E22C626C44AC2135828012310150116
:10017000930F00199302D01693034006130FC01675
:1001800003530500B378F30363800810B378730258
:10019000638108109378330013BE1800130EDE1627
:1001A0006350C8092390050005449944F94FF5426E
:1001B000130900199303400683D80500138F180014
:1001C0006394880A03530500337E2303630C0E08EF
:1001D000B378730263860800937833006384080859
:1001E000F148635C18052390E5010508231006011A
:1001F0000566130606E1B3D5CE023244A244124985
:1002000033F6CE022390B6009306C0033356D602CF
:10021000B3F6DE022310C7002390D700410182808D
:1002200093B818009388D81633081841420805037C
:100230001358080123106500A1B78548630B0E0011
:10024000337E7302814863060E009378330093B8BF
:100250001800F10833081841420813580801239088
:10026000E50199BFF548B5BF13F3180063F8140111
:1002700063180300E3D902F7F948E9BFE31C03FE62
:10028000E3D30FF7FD48F9B7E3DE02F19308E01678
:1002900061BFE3590FF19308D01679B75971E2C4E1
:1002A00086D6A2D4A6D2CAD0CECED2CCD6CADAC8EE
:1002B000DEC6E6C2EAC06EDE2A8C02D6EF00D0357A
:1002C000F3270080A18B91CBF327008023AEF19C14
:1002D00083A7C19DDD9B739007800F100000B717A7
:1002E0000040930670052380D704930680FA23808C
:1002F000D7040F10000083C6F70293F6760FA3878A
:10030000D70283C6F70293E68600A387D70223802D
:100310000704F326008083A7C19DA18BD58F73901E
:10032000078023AE019C0F100000F3270080A18BF3
:1003300091CBF327008023AEF19C83A7C19DDD9B69
:10034000739007800F100000B717004093067005E8
:100350002380D704930680FA2380D7040F1000006F
:1003600083C6E70293F6C60F2387D70283C6E70248
:1003700093E616002387D70223800704F326008024
:1003800083A7C19DA18BD58F7390078023AE019C5D
:100390000F100000930680C1B346D5029169938780
:1003A00009E8130650023D69B7440F009384042402
:1003B000056B014A814A13047005FD19B347F50224
:1003C000B386C6023EC2930709A61309803E33C70F
:1003D000F602B34625033AC4054933198901135976
:1003E00039403386C6023345950293040BFAB39421
:1003F0008401011B3347F6021306A0043309D90216
:100400003AC63386C60293066055B30495021305B7
:1004100000103309D9023347F602B3C4A4023AC824
:10042000B347F90213973400371900403ACC9304CC
:1004300009043ECAF3250080A18991C9F3250080F3
:1004400023AEB19C83A5C19DDD99739005800F10EB
:100450000000930770052380F400930580FA238041
:10046000B4000F1000008345390593F5850FA309EB
:10047000B9048345390593E51500A309B904238020
:1004800004007325008083A5C19DA189C98D739047
:10049000058023AE019C0F100000930B80FA916C35
:1004A000F3250080A18991C9F325008023AEB19C7A
:1004B00083A5C19DDD99739005800F1000009307FF
:1004C00070052380F400238074010F100000834521
:1004D0003905E17793E50502A309B90483550905B8
:1004E000B3E595012318B90483550905DD8DC205CF
:1004F000C1812318B904238004007325008083A5DB
:10050000C19DA189C98D7390058023AE019C0F10F8
:1005100000008345390593F5050263870516834579
:100520003905A189EDDD6810EF003013F325008057
:10053000A18991C9F325008023AEB19C83A5C19DFB
:10054000DD99739005800F100000238084002380C4
:1005500074010F10000083453905E17793F5F50D1F
:10056000A309B9048345390593E50502A309B90434
:1005700083550905B3E595012318B9048355090589
:10058000DD8DC205C1812318B904238004007325C1
:10059000008083A5C19DA189C98D7390058023AE7C
:1005A000019C0F1000008345390593F5050263890E
:1005B000051083453905A189EDFD9700FF1FE780F0
:1005C000A0D1AA852ECE9700FF1FE780E0D0F2458C
:1005D000E30AB5FE835509053255B3E595012318A5
:1005E000B904EF00900983453905A189EDDD035574
:1005F000090583452905924733F5A900B385B9025A
:100600002E951D8DA24763D5A700B2476346F50E10
:10061000894563E5550FC247850A9315150093FA7E
:10062000FA0FB3C5F5026351A03C85050945B3C572
:10063000A50273250080218911C97325008023AE8E
:10064000A19C03A5C19D5D99731005800F1000004A
:1006500023808400238074010F1000000355C90219
:10066000AA95C205C1812316B9022380040073250F
:10067000008083A5C19DA189C98D7390058023AE9B
:10068000019C0F10000029BDF3250080A18991C9AC
:10069000F325008023AEB19C83A5C19DDD997390A5
:1006A00005800F10000023808400238074010F1048
:1006B00000008345390593E50502A309B90425BD6A
:1006C000F3250080A18991C9F325008023AEB19C58
:1006D00083A5C19DDD99739005800F1000002380D4
:1006E0008400238074010F1000008345390593E5D1
:1006F0000502A309B90451BDE38F0AF0F325008078
:10070000A18991C9F325008023AEB19C83A5C19D29
:10071000DD99739005800F100000930580FA238007
:1007200084002380B4000F10000083453905137541
:10073000FC0F93F5850FA309B90483453905C98DCD
:10074000A309B904238004007328008083A5C19DF8
:10075000A189B3E505017390058023AE019C0F10BC
:100760000000130880FA834539059D896390852927
:10077000F3250080A18991C9F325008023AEB19CA7
:1007800083A5C19DDD99739005800F10000093052E
:1007900080FA238084002380B4000F10000083457A
:1007A0003905116593F5F50DA309B904834539059C
:1007B00093E50502A309B90483550905C98D2318DA
:1007C000B904835509052165C98D2318B90423800F
:1007D00004007325008083A5C19DA189C98D7390F4
:1007E000058023AE019C0F100000130580FA83459D
:1007F000390593F505026385052483453905A189EB
:10080000EDDD6810992DF3250080A18991C9F325AC
:10081000008023AEB19C83A5C19DDD9973900580B6
:100820000F100000930580FA238084002380B40019
:100830000F10000083453905116593F5F50DA309E7
:10084000B9048345390593E50502A309B904835525
:100850000905C98D2318B904835509052165C98D7A
:100860002318B904238004007325008083A5C19D4B
:10087000A189C98D7390058023AE019C0F100000E3
:10088000130580FA8345390593F505026385052034
:1008900083453905A189EDFD9700FF1FE780C0A3BF
:1008A000AA8B9700FF1FE78020A3E30C75FF8355F9
:1008B00009051165C98D32552318B9047D2B83456F
:1008C0003905A189EDDDF3250080A18991C9F325C2
:1008D000008023AEB19C83A5C19DDD9973900580F6
:1008E0000F100000930580FA238084002380B40059
:1008F0000F1000008345390593F5F50DA309B904E0
:10090000238004007325008083A5C19DA189C98D22
:100910007390058023AE019C0F100000035509055C
:1009200083452905E24733F5A900B385B9022E9521
:100930001D8D9305800CB305B502D247B3C5F502F2
:100940006356A01A85050945B3C5A5026352B01ABE
:100950000355C9021308F00F15812E95635BA82477
:10096000894563F5451FF3270080A18B91CBF327C1
:10097000008023AEF19C83A7C19DDD9B739007800F
:100980000F10000037170040930770052300F7048D
:10099000930780FA2300F7040F1000008356C70264
:1009A00089678117D58FC207C1832316F7022300F9
:1009B00007047327008083A7C19DA18BD98F7390F3
:1009C000078023AE019C0F100000B65026549654A9
:1009D0000659F649664AD64A464BB64B264C964CC3
:1009E000064DF25D65618280FD1589B1F3250080B9
:1009F000A18991C9F325008023AEB19C83A5C19D37
:100A0000DD99739005800F100000238084002380FF
:100A100004010F10000083453905C98DA309B904ED
:100A200023800400F328008083A5C19DA189B3E53C
:100A300015017390058023AE019C0F10000025B3B3
:100A4000F3250080A18991C9F325008023AEB19CD4
:100A500083A5C19DDD99739005800F100000238050
:100A600084002380A4000F1000008345390593E51E
:100A70000502A309B904238004007328008083A51C
:100A8000C19DA189B3E505017390058023AE019C4A
:100A90000F100000A9BBF3250080A18991C9F3259F
:100AA000008023AEB19C83A5C19DDD997390058024
:100AB0000F100000238084002380A4000F1000008A
:100AC0008345390593E50502A309B9042380040091
:100AD0007328008083A5C19DA189B3E505017390AA
:100AE000058023AE019C0F10000069BBFD15A1BD60
:100AF000E9C10355C9023308B0401581635B050B9A
:100B0000894563F54505F3270080A18B91CBF32739
:100B1000008023AEF19C83A7C19DDD9B739007806D
:100B20000F100000B7170040130770052380E7047B
:100B3000130780FA2380E7040F10000003D7C702D1
:100B40007D8B2396E70223800704A5B5F32500805B
:100B5000A18991C9F325008023AEB19C83A5C19DD5
:100B6000DD99739005800F100000930580FA2380B3
:100B700084002380B4000F1000008355C90293F550
:100B8000F50FB3E56501C205C1812316B9022380C3
:100B900004007325008083A5C19DA189C98D739030
:100BA000058023AE019C0F100000050A137AFA0F8E
:100BB00051B0F3270080A18B91CBF327008023AEA7
:100BC000F19C83A7C19DDD9B739007800F100000EF
:100BD000B7170040130770052380E704130780FA56
:100BE0002380E7040F10000003D7C7029605BA95CB
:100BF000C205C1812396B702B9B70D06719A814724
:100C00003307F5006393C700828014433387F500F0
:100C1000910714C3F5B74111B7F5070022C42A861E
:100C20002A848146E105194506C69710FF1FE78013
:100C3000802AB24023030400A3030400224441019C
:100C40008280914763EDB702B7170300938747B9D6
:100C50008A05BE959C418287B717004003A7470BC2
:100C60001345F5FF698F23AAE70A03A7070B698FCE
:100C700023A8E70A03A7070A798D23A0A70A828081
:100C8000B717004083A6470B1347F5FFF98E23AA39
:100C9000D70A83A6070B558D23A8A70A83A6070AA0
:100CA000758F23A0E70A8280B717004003A7470B80
:100CB000498F23AAE70A03A7070B1345F5FF45BF92
:100CC000B717004083A6470B1347F5FF758F23AA7C
:100CD000E70A03A7070A598D4DB7B717004003A7C6
:100CE000470B498FEDB7914763EDB702B717030084
:100CF000938787BA8A05BE959C418287B7170040C3
:100D000003A7470D1345F5FF698F23AAE70C03A737
:100D1000070D698F23A8E70C03A7070C798D23A083
:100D2000A70C8280B717004083A6470D1347F5FF35
:100D3000F98E23AAD70C83A6070D558D23A8A70CDF
:100D400083A6070C758F23A0E70C8280B71700409D
:100D500003A7470D498F23AAE70C03A7070D1345E7
:100D6000F5FF45BFB717004083A6470D1347F5FFB2
:100D7000758F23AAE70C03A7070C598D4DB7B7173A
:100D8000004003A7470D498FEDB7B717004003D7C1
:100D9000870109C5D98D239CB700828093C5F5FFD3
:100DA000F98DD5BFB74700401147A381E7400947F8
:100DB0002380E740130700062380E74003C717405E
:100DC00013670701A380E7408280B747004003C74D
:100DD00007401377F70E2380E7402382A740374769
:100DE00000408347674093F70704E5DF8280B747F9
:100DF000004003C70740136707012380E7407D5782
:100E00002382E740374700408347674093F7070452
:100E1000E5DF034547408280B717004003D58700D0
:100E2000420541819377050491EB9377F50137559E
:100E3000E801130505803345F50282809377050CA0
:100E4000130700046397E7009377F50137459C1C6F
:100E5000CDB72165130505D0828037E700E01C433C
:100E60005443A183E206D58F1CC1FD572320F718F8
:100E70002322F7180F100000828013178500B7E7B0
:100E800000E023A0E710618123A2A7108280B7F7BA
:100E900000E08847CC478280B717004083C76704CB
:100EA00093F7F70F93E6270019E193F6D70F73270F
:100EB0000080218B9387C19D01CB7327008098C34D
:100EC00098435D9B731007800F1000003717004098
:100ED000130670052300C704130680FA2300C70415
:100EE0000F1000002303D70423000704F32600801B
:100EF0009843218B558F7310078023A007000F1094
:100F00000000828073270080218B9387C19D01CBD5
:100F10007327008098C398435D9B731007800F1060
:100F2000000037170040930670052300D70493068E
:100F300080FA2300D7040F1000008346670493E66D
:100F400006012303D70423000704F32600809843F7
:100F5000218B558F7310078023A007000F1000000E
:100F60008280B7270040C8C709472380E7001147A0
:100F70002380E7008280411122C406C62A84EFF054
:100F8000BFE92947B307E502B2408D83B3D7870293
:100F900022449507B3D7E70237370040C207C18321
:100FA0002316F70041018280B7370040130700F88D
:100FB000A380E7008280411122C406C62A84EFF094
:100FC000BFE52947B307E502B2408D83B3D7870257
:100FD00022449507B3D7E70237370040C207C183E1
:100FE0002316F740410182807165411113050520E8
:100FF00006C6EFF05FFCB7370040130770F8238197
:10100000E7400D47A381E74013070004A380E740B2
:1010100005472387E740B24041018280B73700404F
:1010200003C7174019C9D98DA380B74003C707402C
:10103000136787002380E740828093C5F5FFF98D11
:10104000A380B7408280B7370040130700F8A38021
:10105000E7408280411122C406C62A84EFF0DFDB1C
:101060002947B307E502B2408D83B3D787022244F4
:101070009507B3D7E70237470040C207C18323165D
:10108000F7C041018280396541111305051006C67C
:10109000EFF05FFCB7470040130770F82381E7C00B
:1010A0000D47A381E7C013070004A380E7C00547ED
:1010B0002387E7C0B24041018280B747004003C7A1
:1010C00017C019C9D98DA380B7C003C707C013675C
:1010D00087002380E7C0828093C5F5FFF98DA38048
:1010E000B7C0828023AC05FE1C4191E701000100DE
:1010F0000CC18280BA8703A787FF6DFF23ACB7FEC0
:1011000082801DC18346E5FF1307F00F9147639E60
:10111000E600411106C69700FF1FE7806050B2400D
:1011200081473E854101828095473E85828001E965
:10113000014582800145B24022444101828095658B
:101140004111938505D022C4C98D2A842105C20589
:101150004205C181418106C69700FF1FE780E03F3D
:1011600071D9FD5723200500231285002303F500C4
:101170002105D1B71387019E1C43411122C426C209
:101180004AC006C601440149BA8489E7A1657125B0
:101190000DC401A803C7E7FF6318A7021DC8A16516
:1011A000FD249840832784FF6317E40223A0F19E67
:1011B000FD57232C04FE230FF4FE2285B240224467
:1011C000924402494101828011E03E8983A787FF52
:1011D0006DBF3E84E5BF232CF9FED9BFB9CD4111C7
:1011E00022C406C62A849757FF1F83C7779E2E8581
:1011F0006375F400894763E98700EFF09FF00D45C0
:10120000B24022444101828083A785FF99E703C74A
:10121000E5FF9307F00F6306F700EFF09FEE15452B
:10122000C5B7238F85FE1385019EEFF0BFEB2285A6
:101230002244B240A165410199AC1545828023A0AA
:10124000019E82809387819F9C4399E33E858280A3
:1012500003D727006316B70003C70700E308A7FEFC
:10126000DC47E5B7BDCD797122D406D626D24AD067
:101270004ECE01444147B3D78540858BB1CF12058F
:10128000314722953305E5029387819E03A9070024
:101290008544B3948400C204C180BE892A9903277F
:1012A000090011C7032549002EC60297B2453147F0
:1012B0003304E40283A709003E941C4489E72320F9
:1012C000090023220900B2502254A58D02599254DC
:1012D000F2492E85456182800504E31EE4F88144CD
:1012E000DDB72E85828041111397050122C406C601
:1012F00026C24AC041872E8463500702EFF09FE761
:1013000019C1EFF01FE0A1673D8C2285B240224455
:101310009244024941018280EDD9AA8701474146A2
:10132000B356E440858A9DCA9207BA97B146B387FF
:10133000D7029386819E03A906008544B394E400F6
:10134000C204C1803E998327090003254900829782
:101350002320090023220900258C45BF0507E3113E
:10136000C7FC8144D5BF9757FF1F9387A7829C5323
:10137000411122C406C61384418399C782971C4039
:101380003E9523AAA18229A09387019F9C43FDF744
:101390000840B74703009387D73F3305F502B7A747
:1013A0002600938737ECB24022443E9523AAA182BF
:1013B0004101828079C99387019F9C43797122D42E
:1013C00026D24AD04ECE52CC56CA5AC806D65EC68F
:1013D0003A8AB689328BAE8A2A8982979387819E10
:1013E0009843BE840144B146C147B30BD4023306CF
:1013F0007701104251E6C165938505F0414597009C
:10140000FF1FE78080151DE59747FF1F93878778AB
:101410009C5B2D4589C71145814582972D45B2506A
:10142000225492540259F249624AD24A424BB24B78
:10143000456182809387819F98431DEF23ACA19ED5
:10144000230005009C40054733178700232605002D
:10145000232465012311E50023224501DE9723A003
:10146000270123A2570123A447010145E38909FA73
:10147000238089006DB73E875C47F5FF48C7C9B731
:101480000504E314F4F6214559BF094582809747C6
:10149000FF1F83C7F773637FF5001387419E931780
:1014A000150008433E9583570500DD8D2310B500D8
:1014B000014582800D4582809747FF1F83C7577182
:1014C0006371F5021387419E93171500084393C576
:1014D000F5FF3E9583570500FD8D2310B5000145AE
:1014E00082800D458280130705FF1377F70FFD47B4
:1014F00063E7E70AB146B306D5029387819E984316
:1015000089473697184349CF011122CC4EC605446E
:10151000935945003D893315A400131405014180FA
:1015200026CA4E85AE84A2854AC806CEEFF09FD16A
:101530002A89814729CDA2854E85EFF0FFF7938751
:10154000019F9C4382979747FF1F83D7276D33875F
:1015500097022A84814613060064B3B797021305E5
:101560000732B335E500BE95EFE08170B307850023
:101570009746FF1F9386066A3E87D44263E4A7001E
:1015800063E4D7003387D7402324E9008147F24042
:101590006244D2444249B2493E850561828089470E
:1015A0003E858280011126CA06CE22CC4AC84EC68C
:1015B000BD47894463EFA70231473307E5029387AC
:1015C000819E9C438944BA979C4385C70544331444
:1015D000A400420441802E890145A285EFF09FC6F8
:1015E000AA89814419C5A2850145EFF0FFEC23A427
:1015F0002901F240624426854249D244B24905613C
:1016000082809747FF1F83C7B75C6364F50001457D
:10161000828001119387019F56C283AA070006CEDC
:1016200022CC26CA4AC84EC652C4638E0A0A174A3A
:10163000FF1F130A2A5E83244A00B74736FE9387AA
:1016400007C8AE899745FF1F83D5455DBE94B38714
:10165000C5022A8432898146B3B5C5021385073293
:10166000B337F50013060064BE95EFE0616063ECEC
:10167000A406829A9745FF1F83D5455AB387250351
:10168000AA84130600648146B3B525031385073287
:10169000B337F500BE95EFE0A15DB3079500BE84BA
:1016A00003274A0063E4A70063E4E700B384E7404C
:1016B000CE852285EFF01FB901C504C505452DA0D3
:1016C000936504F0C205C18141459700FF1FE78083
:1016D000C0E805E59747FF1F9387C74B9C5B81C711
:1016E000A285114582970145F2406244D2444249A5
:1016F000B249224A924A056182809387819F9C4326
:101700008DE323ACA19E85472326050004C5231144
:10171000350123008500A300F5002322050079BFD1
:10172000BA87D84775FFC8C7F9BF51C9797122D4A4
:1017300026D24AD04ECE52CC56CA5EC662C466C2CB
:1017400006D65AC83689328AAE89AA844144314CB9
:10175000938A819E854C930B0003330B840303A76C
:101760000A005A971C43B9E79375F400B395BC007F
:1017700013554440C2055286C1811375F50FEFF031
:101780005FE80DC983A70A000145DA9784C323A245
:1017900037016304090023008900B2502254925497
:1017A0000259F249624AD24A424BB24B224C924C05
:1017B000456182800504E31274FB2145F9BF0945A8
:1017C0008280411122C426C24AC006C62A842E89BC
:1017D000B284EFF01FE3CA852285EFF0BFA605CDE6
:1017E0009745FF1F83D58543B38795022A84130647
:1017F00000648146B3B5950213850732B337F5000F
:10180000BE95EFE0E14648C00145B2402244924413
:101810000249410182802145CDBF411122C426C227
:101820004AC006C62A892E84EFF0DFA1AA8419C116
:1018300023110500A2854A85EFF01FC89747FF1FB7
:1018400083C707396397270183D7C19E5D8C239691
:10185000819E014591E01945B240224492440249DB
:10186000410182809307F00263E7A7044111B14769
:1018700022C43304F50226C29384819E9C4006C68E
:10188000A2979843894715C39377F5008545B3958B
:10189000F500C205C1811181EFF03FF89C40A2978D
:1018A00023A0070023A207008147B24022449244AC
:1018B0003E854101828089473E858280411106C66E
:1018C00022C4EFF03F9811E50145B24022444101A6
:1018D00082809387019F9C43004582979747FF1F13
:1018E000938747336368A402D843B74636FE93868E
:1018F00006C83305A4403697E378E5FC1307006477
:10190000B335E50203D6870081463305E502EFE0F3
:10191000213665BFD8433A94C1BF411106C623AAF8
:10192000A19E0295B2409747FF1F23AFA72A01450A
:1019300041018280994763E9B7008A059747FF1FF5
:101940009387872BBE9588C182804111714681455E
:101950001745FF1F1305452A06C623AC019E23AA7F
:10196000019E23A8019E97F0FE1FE78040E9130621
:10197000800281451745FF1F1305852597F0FE1F3F
:10198000E780E0E7EF50D1669747FF1F83C7F72155
:1019900013D527008D8B3E958D473305F502854580
:1019A00039051375F50F9747FF1F2384A722994721
:1019B0003305F502130505249700FF1FE780E0B902
:1019C00023A4A19E59C599471746FF1F03466620C9
:1019D0003306F60281451306062497F0FE1FE780C2
:1019E00000E29387819E9C439387072423AEF19E58
:1019F0001747FF1F0347E71D0A07BA9723A2F19E67
:101A0000EFF0FF830D239387C19F94439747FF1FF8
:101A100083C7171C13972700369717060000130675
:101A2000A68410C3138717001377F70F0A0736979A
:101A3000170600001306668B10C31387370089074B
:101A400093F7F70F8A079745FF1FA383E518B6970B
:101A500090C3B240410182809747FF1F83C7571749
:101A60001747FF1F0347E71663F1E7021387C19F7C
:101A70001843938617001746FF1FA30BD61493969F
:101A80002700369708C33E8582809307F00FE5BF95
:101A90001C416389071641777D8FB706002089476F
:101AA0006313D71603574500630F0714411122C46F
:101AB00019462A849305F00F690506C697F0FE1FA4
:101AC000E78000DE05478D476309E5121C4481CBA2
:101AD0005858994763030712185C630007121306EE
:101AE000C00381451745FF1F1305C50A97F0FE1F68
:101AF000E780E0D01306C003A2851745FF1F13053A
:101B0000650997F0FE1FE78000CC1747FF1F0357BA
:101B100027099747FF1F9387E70719E71307001067
:101B20009746FF1F239EE6061747FF1F03476707D9
:101B300011E705479746FF1F2385E6061747FF1F56
:101B40000357470611E76D479746FF1F239CE6049E
:101B50001747FF1F0347F70411E715479746FF1F75
:101B6000A381E6041747FF1F0347E70311E7054773
:101B70009746FF1F2389E6021747FF1F0347B70257
:101B800019E703C7F7009746FF1FA38EE600174724
:101B9000FF1F0347670111E735479746FF1F23855E
:101BA000E6001747FF1F0347770019E71307800276
:101BB0009746FF1FA38CE6FE1747FF1F0347D7FE7C
:101BC00019E71307D0029746FF1FA38FE6FC0347D0
:101BD000840119E71307C0039746FF1F2388E6FC1B
:101BE0009C5791C782979747FF1F2397A7FEFD57E2
:101BF000A381F1B4EFF07FD58147B24022443E8506
:101C00004101828089473E85828001114EC69749F5
:101C1000FF1F9389290083A7090006CE22CC26CA7C
:101C20004AC852C4829713090064B335250303DA06
:101C300089008146528633052503EFE0610397470B
:101C4000FF1F9387E7F8804FAA840145630694023B
:101C500033858440636E940003A549005286814613
:101C6000B335A9023305A902EFE08100018D269565
:101C70009747FF1F23AA97F6F2406244D244424995
:101C8000B249224A05618280011122CC0A852E8444
:101C9000414697F501009385658906CEEFE0017214
:101CA000180806043A94035504FF9747FF1F83D78B
:101CB00007F7F2406244AA9737450F001305052441
:101CC0003355F502056182809747FF1F83D727F5BB
:101CD00051471D45637CF702794719456378F70240
:101CE0001307200315456373F7021307B00411456A
:101CF000637EF700130740060D456379F70013076D
:101D0000600909456374F70013B5B70F82800111AC
:101D100022CC06CE2A842EC6EFF0EFE4B245F24084
:101D2000818D33A5A502229562441375F50F0561D7
:101D30008280011122CC06CE2A842EC6EFF0AFE2BB
:101D4000B245F240818D33A5A50222956244420539
:101D5000418105618280011122CC06CE2A842EC6E3
:101D6000EFF06FE0B245F240818D33B5A5022295C8
:101D70006244056182809747FF1F9387A7E19857C8
:101D800039CB411122C426C206C6BE84029717472A
:101D9000FF1F035767E42A8415CBBA876373A70034
:101DA000AA87C207C183BA866373E400A286C2060B
:101DB000C182958F5147635BF700DC5491C38297D2
:101DC000EFF0904D9747FF1F239887E0B2402244E1
:101DD00092444101828082809747FF1F938787DB6F
:101DE000DC57011106CEAA8581C72AC68297B24563
:101DF000D1C19C410545A5CFDC41B5CB83D785003A
:101E0000BDC783D7A500A5C783C7C500ADE34146BD
:101E10001745FF1F130505E097F0FE1FE780A09A06
:101E20009747FF1F938707DF9C4323A8F19E97479F
:101E3000FF1F83C7B7D78DE7930780021745FF1FA2
:101E40000355C5DD3305F50237460F00130606249A
:101E500081468145EFD0D1619747FF1FA388A7D462
:101E6000170500001305A5DAEFF03FAB0145F2407E
:101E7000056182809747FF1F83C727D31397870188
:101E80006187635407049747FF1F23A107D697F77D
:101E9000FE1F938707D41747FF1F232DF7D67D57C3
:101EA0009747FF1F23AAE7D6B7873200938727A15A
:101EB0009746FF1F23A4F6D69747FF1F238207D616
:101EC000B7C7004023A4E726A1BF13F7170005CF2B
:101ED000B7872003938707D01747FF1F2320F7D426
:101EE000B707C0A81747FF1F2328F7D297F7FE1F91
:101EF000938747D11747FF1F232EF7D09747FF1F20
:101F0000238007D231BF61779746FF1F2398E6D021
:101F100081CB930700321747FF1F2312F7D0C9B7B1
:101F200093072003CDBF011122CC1744FF1F1304D8
:101F300064C6084406CE26CA4AC801E90545F240EF
:101F40006244D2444249056182805C58E5DB185CFA
:101F500075D77000854582971844B247E300F7FEB5
:101F60009305E0041745FF1F035585C397F0FE1F37
:101F7000E780A05E1747FF1F232CA7C661D1174635
:101F8000FF1F0356E6C19305F00F97F0FE1FE78091
:101F9000008781441749FF1F130989C39747FF1F13
:101FA00083C727C00326090263C1F402328597F074
:101FB000FE1FE780E06601459747FF1F23AA07C27F
:101FC0009747FF1F23A807C29DBF9745FF1F83D5D3
:101FD00025BDB38795020844185C898185043E9528
:101FE00008C2029765BF011156C2974AFF1F938A24
:101FF0006ABA83A78A0022CC4AC84EC606CE26CA31
:1020000052C45AC0AA892E8432896385072203A745
:102010004A03630707147D476366A7149744FF1FAD
:10202000938404BB03AA040263170A0A9565938587
:1020300015E01745FF1F0355A5B697F0FE1FE78073
:10204000C0519747FF1F23A5A7BA2A86630A051028
:1020500083A74A0303A58A009745FF1F83D545B48C
:102060008981829783A78A0003AA04021747FF1F6A
:102070002322F7B88947639CF908C1476312F40E1D
:102080009745FF1F83D5C5B1938505FC9147B3C51F
:10209000F5028A05D29503C705009307A005631DC5
:1020A000F70A83C715006399370B4A852286910585
:1020B00097E0FE1FE78020719C505285639347157F
:1020C0000145F2406244D2444249B249224A924A0E
:1020D000024B05618280D850E38EE7F895659385C1
:1020E00025E01745FF1F0355A5AB97F0FE1FE780BE
:1020F000C0462A8A35C52A8683A74A0303A58A00D3
:102100009745FF1F83D5C5A989818297A5B78D47BC
:10211000639DF900C1476315F4049745FF1F83D5FC
:1021200025A8938545FDF199B5B79147639AF900C4
:10213000631834039745FF1F83D585A6A115E5B71E
:10214000C147639FF900A14763EC87009745FF1FD4
:1021500083D505A5C115C1BF9C5052856397470D16
:10216000294585B71307F006568B6361A70A130A42
:1021700005FE1947334AEA021747FF1F035747A2D4
:10218000974AFF1F938ACAA4330AEA023E9A83A79A
:102190004A026395470183A40A029DE49305E00483
:1021A0001745FF1F0355C59F97F0FE1FE780E03AD4
:1021B000AA845DD583274B039745FF1F83D5459E92
:1021C0002A8689815285829791451307A0058981C6
:1021D00093972500A69783C607006393E60483C6FA
:1021E0001700639C360385058A052286A6954A85D5
:1021F00097E0FE1FE780205D83A70A02E38297EC49
:10220000268597F0FE1FE780A0415DBD1307E0071C
:10221000E368A7F4130A05F985B783D5270045BFFE
:1022200083A70A02E38E97F2268597F0FE1FE780C8
:10223000203F3DB79747FF1F938787998C538DD1D8
:1022400091479306A0058983139727002E9703468D
:102250000700E317D6F003461700631C3601850715
:102260008A072286BE954A8597E0FE1FE780A05523
:1022700081BD83572700C1BF9747FF1F9387879171
:10228000984739C79C5FA9C705476313E504411107
:1022900022C41744FF1F1304A493105006C60DC692
:1022A00048509745FF1F83D5A58F89818297085095
:1022B00097F0FE1FE780C0369747FF1F23AA0792BB
:1022C0009747FF1F23A80792B24022444101828012
:1022D000828001111747FF1F1307C78B4EC6832942
:1022E000870022CC26CA4AC806CE52C456C2AA8447
:1022F0002E843289638A09201C5FBA8A99EB2945AA
:10230000F2406244D2444249B249224A924A0561AB
:1023100082805C5BEDD7FD4763E9A70E9749FF1FFD
:102320009389098B83A70902B1CB03A58A0083A7F0
:1023300049026395A70689476393F408C147E310F0
:10234000F4FC1745FF1F0355A5859147130505FCB0
:102350003345F5029317250003A509022286CA8595
:102360003E959307A0052300F500A30095001105F5
:1023700097E0FE1FE7802045014559B79305E0042B
:102380001745FF1F0355C58197F0FE1FE780E01C2E
:102390009747FF1F23AEA78449F995B783A74A0340
:1023A00003A609029735FF1F83D5857F8981829710
:1023B00083A78A001747FF1F232EF782ADBF8D47E3
:1023C000639EF400C147E31CF4F21735FF1F035569
:1023D000257D130545FD9377C5FFBDBF9147639AE2
:1023E000F400E31E94F01735FF1F0355657B21159C
:1023F000DDB7C147E395F4F0A147E3E287F0173575
:10240000FF1F0355E5794115F9B79307F00663EA15
:10241000A706930705FE1947B3C7E7021737FF1F43
:1024200003570778173AFF1F130A8A7AB387E70220
:10243000BE9983270A02A9CF83274A02639A3707E6
:1024400003250A0291461308A005FD5593D72600DF
:10245000C207C183139727002A9703460700631D0D
:102460000607834817000356270063959806B306AE
:10247000D64063CF860485078A072286CA853E95A3
:10248000C5BD9307E007E3ECA7E6930705F979B725
:102490009305E0041735FF1F0355857097F0FE1F65
:1024A000E780A00B9737FF1F23A4A77451F581BDC8
:1024B00083A74A0303260A029735FF1F83D5456E7B
:1024C00089814E8582979737FF1F23A537738DBF6C
:1024D000A300B700B2869DBFB38586001736FF1FE5
:1024E0000356066C9105130606FCE3FAC5E01306D5
:1024F00034001376C60F1106B29623000701A3001D
:1025000097002311D70085BF9737FF1F9387476C2C
:102510009453BE89A1C203A5090291461308A005E0
:10252000FD5593D72600C207C183139727002A972A
:102530000346070063160605834817000356270065
:1025400063989800B306D640E3D786F2A300B7009D
:10255000B286C1BF8357C7001735FF1F03456564A7
:102560009305E0043305F5024205418197F0FE1F13
:10257000E780A0FE9737FF1F23ACA76649FD41B354
:102580001736FF1F0356C6619735FF1F83C5656168
:10259000B385C502338686001106E3E2C5D681BF46
:1025A00001458280011106CE2EC6EF80804F01C901
:1025B000B245F2400355250005616FC02062F2402C
:1025C000494505618280A38401A2238401A223A836
:1025D00001A023AA01A023AC01A023AE01A023A641
:1025E00001A023A401A09737FF1F9387A763370695
:1025F00084033707B40090D337C6070098C3130687
:1026000006B83747A000D8C3D0D3370710004166BB
:102610009306070AB70550009308060194C723A440
:10262000170393860501930816F8D4C723A617034A
:10263000B706D007B7087F00130807051385060102
:10264000410723A81703B0C3930816009386060515
:1026500013861500D8CBF8C323A8070188CF23AE73
:10266000070023AA170323AC070223AE070223A403
:102670000704F0C7B4CB23AA0704ACCF23AE0705E9
:10268000B8D33707A000F8D71307000AB8DB130741
:10269000C01CF8DB37071400B8DF0547F8DF130765
:1026A00010F8E8D323A4070623A0070823A2E7080D
:1026B0008280011126CAAA84214522CC06CE2E840E
:1026C00032C636C43AC2EFE09FA61DC9A2461247E1
:1026D0003246930700FD2300F5009947A3009500BB
:1026E0002301F5002303D500A303E5002312C50051
:1026F000AA8522856244F240D24405616FE01FAE94
:10270000F2406244D2440561828023A8A1A0828065
:1027100023AAA1A0828023ACA1A0828023AEA1A085
:102720008280011122CC4AC806CE26CA2A890144D9
:10273000B30489006368B400F2406244D244424961
:10274000056182802EC6EFE01FC293170501C18389
:10275000A183B2452380F4009307140093F7F70F89
:10276000850463F9B700CA9709042380A70013748E
:10277000F40F7DBF3E847DBFC1671735FF1F035532
:102780004553FD176304F50241111736FF1F034639
:10279000665F938501A206C6EF80A00FB240FD5789
:1027A0001737FF1F2317F75041018280828009C924
:1027B00025151375F50F1335850E13451500828009
:1027C0000145828023900500D1C6797122D426D29A
:1027D0004ECE52CC5AC806D64AD056CA5EC63684A9
:1027E000328AAE892A8B814463F44407B30794008C
:1027F00083C70700138914004209939A070193DAEB
:102800000A011359090163850A04CA976342FA044D
:10281000B307240183CB07005E85EFF05FF90DC994
:102820009387FAFF2390F90063906B031305190057
:102830002295B250225492540259F249624AD24A25
:10284000424BB24B45618280D694C204C18069BFBD
:102850000145C5B701458280411126C2AE8422C41C
:102860009737FF1F23AEC7449737FF1F23A8B744EE
:102870009737FF1F23A2A7442A8441469305F00FF0
:1028800026854AC006C6054997E0FE1FE78040013D
:10289000631225059737FF1F93874741884BC14532
:1028A000EFF03FE841469305F00F228597E0FE1FC9
:1028B000E78000FF85446319950222449737FF1F84
:1028C0009387C73EB24092440249C847C14541017F
:1028D0006FF03FE541468145268597E0FE1FE78082
:1028E00020FCE31125FD7DB741468145228597E017
:1028F000FE1FE780E0FAE30295FCB24022449244D6
:10290000024941018280411122C426C22E84AA8438
:102910001306000281451735FF1F1305253906C62A
:1029200097E0FE1FE780A0ED9737FF1FA381973840
:102930009737FF1F238A8744EFC0402C854719C172
:1029400081474945B24022441737FF1F2300F7361D
:10295000924441018280814781CD19C98547631B1B
:10296000F50083C7550093E707FCA382F500854770
:102970003E85828089476317F50083C7550093F72A
:10298000F703E5B70D478547E314E5FE03C7550098
:102990001377F70313670704A382E500D1BF8147CC
:1029A0008DC105C103C755009306000C85471377F9
:1029B000070C6308D700930600048D476303D70014
:1029C00089473E858280411122C4005D06C626C229
:1029D0001DC8AA84085009C597F0FE1FE78040C4AF
:1029E000485009C597F0FE1FE78080C3085409C509
:1029F00097F0FE1FE780C0C2228597F0FE1FE78098
:102A000020C223AC0402B24022449244410182809D
:102A100009ED9737FF1F83C787291735FF1F130558
:102A2000652A81CB138501A082801735FF1F13050E
:102A3000652982801735FF1F0345652782809737F8
:102A4000FF1F9387A726C84782809737FF1F93876A
:102A5000E725884B82809737FF1F93872725DC4B1C
:102A6000884382809737FF1F93874724D84B1C43A6
:102A700085071CC31735FF1F034575239307F00F08
:102A80006305F50091656FE09FA08280011122CC63
:102A900006CE2E8432C6EF8000119147B245631FE7
:102AA000F5009387C1A19C438DC303A30700630E68
:102AB000030022856244F24005610283938741A1AD
:102AC0009C4381C703A34700DDB7F240624405453C
:102AD00005618280011122CC2A840355450006CE6F
:102AE00026CA4AC84EC6EF70306B3DC52A8983445A
:102AF00005008349C500EFF01FED4A85EF80A0482F
:102B000003554400EF80600583C781A2B1CB639970
:102B1000970483C591A22685EFF0DFA819E12384ED
:102B200001A203554400EF8000089147631FF500A0
:102B3000035744009737FF1F83D7A7176317F70082
:102B4000FD571737FF1F2316F716F2406244D24491
:102B50004249B2490561828081499304F00F6DB703
:102B60009307F00FE38FF4FA8346640003564400A2
:102B7000034524004E87A685EFF0BFB35DB779719A
:102B80005EC6AA8B2E8552CC56CA5AC806D622D407
:102B900026D24AD04ECEAE8A328B368AEF70D05FC4
:102BA00065C5045D2A89EDC09C50614599C3130534
:102BB00040039C5481C751054205418163050A00C9
:102BC000710542054181DC5081C75D0542054181A7
:102BD000EFE0EFD52A844DC96146814597E0FE1F9D
:102BE000E780E0C19739FF1F83C9C90663940900D4
:102BF00083490900930700FD2300F400A947A300BF
:102C000074012301F400230364018C502312540146
:102C10001305840191C908C47146930A440397E0DF
:102C2000FE1FE78040BA56858C5491C948C451466E
:102C3000930A450197E0FE1FE780E0B85685630CD4
:102C40000A0008C87146D285930AC50197E0FE1FA5
:102C5000E78060B75685CC5099C548C85D4697E077
:102C6000FE1FE78040B6A2854E85EFE02FD72254A5
:102C7000B2509254F249624AD24A424BB24B4A8510
:102C8000025945616FF03FD4B25022549254025918
:102C9000F249624AD24A424BB24B456182800111ED
:102CA0004EC6AA892E854AC806CE22CC26CA2E89AF
:102CB000EF70904E21C99734FF1F83C4A4F999E0A7
:102CC000834405001945EFE08FC62A8405CD814570
:102CD000194697E0FE1FE78080B2930700FD2300AE
:102CE000F400B947A30034012301F40023122401A6
:102CF000A2856244F2404249B2492685D244056128
:102D00006FE0CFCDF2406244D2444249B2490561FE
:102D1000828039715ECEAA8B2E8526DA4ED652D4A9
:102D200056D25AD006DE22DC4AD8AE84328BB68A1E
:102D30003A8ABE8942C6EF70304621CD2A89414584
:102D4000EFE0EFBE2A8431C54146814597E0FE1F82
:102D5000E780E0AA1735FF1F0345C5EF19E10345DA
:102D60000900930700FD2300F400BD472301F40090
:102D7000B247A30074012312940023046401A30446
:102D8000540123054401A30534015CC4A285EFE08E
:102D9000EFC4F2506254D2544259B259225A925A54
:102DA000025BF24B21618280797126D2AA84394577
:102DB0004AD04ECE06D622D42EC6B2893689EFE04E
:102DC0000FB721C1B2459307000D2310F500B1479D
:102DD0002A842312B5002301F500CE851905194672
:102DE00097E0FE1FE780209E23062401A28522543F
:102DF000B2500259F24913F5F40F925445616FE055
:102E0000EFBDB250225492540259F249456182807A
:102E10001737FF1F0347B7E99307F00F630DF70656
:102E2000411126C2AA84394522C406C64AC0EFE031
:102E30000FB02A8439C9930700FD2300F500A300D1
:102E40009500230105009735FF1F9385A5E70D0524
:102E5000194697E0FE1FE78000971739FF1F1309F7
:102E6000E9E483578900A2851735FF1F034535E440
:102E70002315F400834719002306F4002244B240CE
:102E80009244024941016FE06FB5B240224492443E
:102E9000024941018280828001115AC02A8B31454A
:102EA00026CA4EC652C456C206CE22CC4AC8AE84EA
:102EB000B28A368ABA89EFE08FA735CD2A84268573
:102EC000EF70902D11C50347C500A1476314F704A7
:102ED0001739FF1F0349B9DD930700FD2300F400F4
:102EE0009D47A30064012301F400231294002313DF
:102EF00054012314440123153401A2856244F24095
:102F0000D244B249224A924A024B4A85424905615B
:102F10006FE0CFAC1739FF1F034919E7E31E0BFA27
:102F2000938781B29C439C47C5DBCE865286D6856B
:102F30002685829755B7F2406244D2444249B2494D
:102F4000224A924A024B05618280011122CC2A84D6
:102F5000214506CE2EC6EFE08F9D21C1B2459307D5
:102F600000FD2300F500C5472301F50083C73500A8
:102F7000A301F50083D745002312F50083C7650040
:102F80002303F50083C77500AA85A303F5002285F6
:102F90006244F24005616FE06FA4F2406244056153
:102FA0008280397162CC2A8C594526DA4AD84ED6AD
:102FB00052D456D25AD05ECE06DE22DCAE8432C661
:102FC00036C4BA8B3E8BC28A468A835901040349B0
:102FD0004104EFE0CF9525C93246930700FDA24694
:102FE0002300F5009547A301C500A3008501230137
:102FF000F5002A8419461105A9C2B68597D0FE1F8F
:10300000E780607C23066401230A240123157401F0
:10301000231754012318440123193401A285625453
:10302000F2504259B259225A925A025BF24B624C08
:103030002685D25421616FE06F9A814597D0FE1F9B
:10304000E780E07BC1B7F2506254D2544259B25982
:10305000225A925A025BF24B624C2161828097376E
:10306000FF1F83C7C7C48DCB4111AA85194613859D
:1030700001A006C697D0FE1FE780E074938501A0EB
:103080001735FF1F0345A5C2EFF0FF8CB240138533
:1030900001A041016FB05037014582801737FF1FF3
:1030A0000347F7C09307F00F6305F708411126C2E5
:1030B000AA84294522C406C6EFE06F872A8429C165
:1030C000930700FD2300F500A1472301F500A300AD
:1030D00095009737FF1F938767BD83C727009385A8
:1030E00001A01105A30FF5FE194697D0FE1FE7803A
:1030F000806DA2851735FF1F034575BBEFE00F8E6E
:103100001737FF1F0347A7BA8D47631FF700938741
:1031100081A19C4391CB03A3870063070300224452
:10312000B240924441010283B240224492444101A0
:1031300082801737FF1F034787B78D47631AF70051
:10314000938781A19C4389C703A38700E31D03FCE8
:103150008280797122D406D626D24AD04ECE52CC65
:10316000094455CD2A89035505002E8A5144EF7034
:10317000B002AA844DC59737FF1F83C7E7C0FD176C
:1031800093F7F70F05474944637BF7080347C500EA
:10319000A1476314F70063140A089C5C4544C1E32B
:1031A0009165938545711305C00297E0FE1FE78086
:1031B000C03A88DCAA894D443DC11306C00281454E
:1031C00097D0FE1FE780A0638357090093864900CC
:1031D00036852391F90071469305490036C697D08C
:1031E000FE1FE780405E89472380F90003C5C400C5
:1031F000B2460356090061159735FF1F83C585B890
:1032000013351500EF80901B2A8463060A00D285CF
:103210002685EF80200601C42685EFF0CFFA2285AF
:10322000B250225492540259F249624A4561828056
:103230009737FF1F83C747B5FD1793F7F70F05476C
:10324000637AF708894741CA011122CC26CA4AC8C5
:103250004EC652C406CEAA89368AB2842E89EF7031
:10326000A0732A84D14739C9485509C597E0FE1F84
:10327000E780003BF145268597D0FE1FE780805A06
:1032800048D4CD4705CD8346C40021478147639F7D
:10329000E600630D0A000347A501035605019306E6
:1032A0002501AA854E85EF806004AA870347440064
:1032B000630F0900136767002302E400F2406244D1
:1032C000D2444249B249224A3E8505618280136751
:1032D0004700DDB7C9473E8582809307200463EB32
:1032E000A7009737FF1F9387E79306053E95035581
:1032F0000500828041657D158280011122CC2A84DF
:103300002E8526CA06CEAE84EF7000691DCDB74764
:103310000F009387F723094563E4870281450A85F7
:10332000414697D0FE1FE780804DA685231081007F
:103330000A85418023018100A3010100EF80A07371
:10334000F2406244D244056182804945D5BF973737
:10335000FF1F238AA7A282806F807000797152CCF0
:103360002A8A328522D426D24AD04ECE56CA5AC88C
:103370005EC606D662C4AE8BB28A368BBA843E89EC
:10338000C2894684EF70406115C92A8C63140A0211
:1033900013774B008347450015CF93E7270123029E
:1033A000FC008DEC631C0902639A090205E8ED9BA1
:1033B0002302FC00832B8C0363910B08B250225430
:1033C00092540259F249624AD24A424BB24B224CC1
:1033D00045618280F59B93E70701D1B793E74700EA
:1033E0002302FC0001CC1C484146A2852324FC0298
:1033F00013058C0197D0FE1FE780E03C63930B021E
:10340000D5D80325CC0209C597E0FE1FE7804021EF
:10341000F145268597D0FE1FE780C0402326AC02E9
:1034200051BFE30909F80325CC0209C597E0FE1F47
:10343000E780001FF1454A85F1BF9DC483A70B02B9
:1034400099EB916593853571714597E0FE1FE78093
:10345000C01023A0AB0203A50B0219C57146A685B7
:1034600097D0FE1FE78020366388090283A74B02AE
:1034700099EB9165938525715D4597E0FE1FE78087
:10348000C00D23A2AB0203A54B0219C55D46CE8534
:1034900097D0FE1FE78020331DC483A78B0299EBD2
:1034A000916593851571514597E0FE1FE780E00A0D
:1034B00023A4AB0203A58B0219C55146A28597D060
:1034C000FE1FE78040302254B2509254F249B24B72
:1034D000224CCA865A860259424BD6855285D24A18
:1034E000624A45616FF0AFE9011126CA52C406CEA7
:1034F00022CC4AC84EC62A8AAE84EF70E04925C560
:10350000AA893945EFD0BFC22A8431CD1729FF1FC0
:10351000034949746314090003C909009307000DA6
:103520002310F400AD472301F400938569001305CF
:103530003400194697D0FE1FE780E02893F7140067
:10354000858085882306F400A30694002315440192
:10355000A2856244F240D244B249224A4A85424995
:1035600005616FD0BFC7F2406244D2444249B249BC
:10357000224A0561828001114EC652C456C206CE4F
:1035800022CC26CA4AC8AA8A2E8AB289EF70C040C5
:103590002DCD2A891305C002EFD07FB92A8435C505
:1035A0009724FF1F83C4046B99E0834409009307A9
:1035B000000D2310F400E9472301F400930569008E
:1035C00013053400194697D0FE1FE780C01FD2852F
:1035D000231554011305C400414697D0FE1FE78010
:1035E000801ECE851305C401414697D0FE1FE7809B
:1035F000801DA2856244F2404249B249224A924A61
:103600002685D24405616FD07FBDF2406244D2442A
:103610004249B249224A924A05618280938781A039
:10362000884301CD411106C697E0FE1FE78040FFA9
:10363000B24023A401A0410182808280011106CE04
:1036400022CC26CA4AC82EC6EF70003539CDB24505
:103650001729FF1F03490960AA840CD563140900C8
:10366000034905004145EFD09FAC2A841DCD930747
:10367000000D2310F500A5472301F50083C7540072
:10368000938564001105A30FF5FE194697D0FE1F20
:10369000E78060139C54A285F2405CC46244D2442B
:1036A0004A85424905616FD07FB3F2406244D244FB
:1036B0004249056182801D71A2CC86CE2A842EC625
:1036C000EF70802D05CD8346C5001147AA87494577
:1036D0006392E6029C5FB24599C383C567012308E4
:1036E000B100979600009386E64910088945228527
:1036F000EF70102FF6406644256182805145DDBF92
:103700009727FF1F83C74768FD1793F7F70F0547F4
:10371000637AF704894721CA411122C426C24AC0EC
:1037200006C6B2842E89EF7020272A84D14705C5AA
:10373000630809008347450093E727002302F5004B
:103740004146A6851305840197D0FE1FE780A00798
:103750009C481CD48147B2402244924402493E8591
:1037600041018280C9473E858280797122D406D684
:103770002A842EC6EF70402201CDB2452285230E49
:10378000B1006C08EF70902BB250225445618280DA
:103790005145DDBF6F702036C1671387E7FF639423
:1037A000E502938741A19C4391EB494582804945BD
:1037B000B2402244924402494101828003A307009F
:1037C000E30503FE0283411122C426C24AC006C695
:1037D000FD172A892E84B2846395F502938741A14F
:1037E0009C4391CB9C4381CB829711E5238421A3F9
:1037F000A38491A275BFA6854A85EFE0BFDA4DF993
:10380000F5B72E85EF7040195DD1834705000D4552
:10381000E39027FB22852244B2400249A6859244C8
:1038200041016FB0A03B9307200463E2A70641115A
:10383000C16722C406C626C2FD172A8409456382D1
:10384000F502C547AE846313F4022E85EFB0404005
:103850001725FF1F1305053D06042A942310940025
:103860000145B24022449244410182809307A00363
:103870006316F4002E85EFB0E036D9BF9307B0038E
:10388000E318F4FC13F5F50FEFB00036D1B7094596
:103890008280011106CE2AC6EFE0FFD2EF20C010D1
:1038A000EF10E060EF30112832459727FF1F938714
:1038B000E73F130700F02391E700238207007D57BD
:1038C0009727FF1F9387074C2381E7002380A700DA
:1038D000F240954505616F50102459719397050189
:1038E000CAD086D6A2D4A6D2CECED2CCD6CADAC878
:1038F000DEC6E2C4E6C2EAC06EDEC1872E8963D1AD
:10390000075A1725FF1F0345E547EFD0BF86896497
:10391000416A856A797B2A84938BD4007D1AA50A33
:10392000130CABFF1DE021653345A900B6502654AA
:1039300096540659F649664AD64A464BB64B264C2B
:10394000964C064DF25D6561828083470400130743
:10395000200A639DE700035524009729FF1F83C9B0
:1039600019352286D285EFF06F9259A213071009FC
:103970009729FF1F83C929416398E71883471400DB
:1039800015476390E7022285EFF0CF942285EFD0B0
:103990004FF71725FF1F0345E53EEFD0AFFD2A8403
:1039A00051B73947639BE71803554400631B55051E
:1039B0000C4483CC0500639D0C00850591C9194614
:1039C0001725FF1F1305053097D0FE1FE780A0DFE6
:1039D0001727FF1F0347872D85476317F712638A51
:1039E0000C009727FF1F2383072C6685EFF04FC23B
:1039F00071BF89471727FF1F230AF72AEFB08020DE
:103A000071B793872400631AF506832C8400638DB5
:103A10000C0E83C70C008DE383C72C0003C71C006A
:103A2000A207D98F1727FF1F2316F72883C73C004B
:103A30001727FF1FA30CF7261727FF1F034707278A
:103A400089476313F70C83C70C0081CB9727FF1FAF
:103A5000238E072403C50C0051BF8D479725FF1FF8
:103A600083C5D5241725FF1F0355C5241727FF1F1E
:103A7000230EF722EF50300DF1BF938754006318E7
:103A8000F5001C4403C50700EFF04FE101B7B30791
:103A90008501C207C18311476372F7049307ABFC2A
:103AA000AA97139707014183F14763F1E7029387D0
:103AB000B4006312F504938701A19C43E38807ECEB
:103AC0009C43A285E38407EC82971DA0B7070018EA
:103AD0009387F770B3D7E700858BB9CB938781A124
:103AE0009C43E38507EA9C43E38207EA22858297A9
:103AF000E31E05E811A89387C4006310F5021C4477
:103B000083C70700E38407E89307F00FE380F9E831
:103B1000A2854E85EFD08FECADBD9387E40063198D
:103B2000F500938741A19C43E38207E6DC4351BF44
:103B300093871404E301F5F8C1BF3D476397E70499
:103B400003554400E30F75FD93879401E30BF5FCE7
:103B500093873401E31AF5FA9727FF1F83D7671578
:103B6000639E4701938741A19C43E38107E2DC43C5
:103B7000E38E07E0A28513853401B9B79387C1A10D
:103B80009C43E38507E09C43E5B71307E003E39D0F
:103B9000E7F68347240005476397E70E83476400F1
:103BA000938D81A0F1E383A70D00D5CB83CC0700D3
:103BB000A14903457400130D8400EA85EFE03FDE60
:103BC00083474401A303A400835804010358E4007D
:103BD000035744002A86034534003EC2835724011C
:103BE000EA86E6853EC0CE87EFF0AFBB8347340060
:103BF00095E7DD47835804010358E40083467400C9
:103C0000835544003EC2835724016A8705463EC05F
:103C10006685CE87EF70600FA301A40083A70D0017
:103C200081C71145EFF09F9F03C581A2E30005D630
:103C300083C591A2EFE01F97E30A05D483463400C1
:103C400093071003638AF600035644004E8783C52A
:103C500081A23685EFE0FFA5238401A205BB972C46
:103C6000FF1F83CCDC04A9B7938781A19C43972CC9
:103C7000FF1F83CCDC0391498DDFDC439DDB814555
:103C8000014582973DB729476391E70C834764005C
:103C9000138D81A0C1E783270D00A5CF83CC07003A
:103CA000A149034574009306840093772500D1C78A
:103CB00013761500930D4401834704028358C40111
:103CC0000358A40103574400034534003EC2835700
:103CD000E401E6853EC0CE87EFF0AFAC8347340009
:103CE00095E7DD478358C4010358A4018346740057
:103CF000835544003EC28357E4016E8705463EC0AB
:103D00006685CE87EF706000A301A40083270D00B5
:103D100001BF972CFF1F83CC9CF959B7938781A1D2
:103D20009C43972CFF1F83CC9CF89149BDDBDC435F
:103D3000ADDB814501458297ADB7B68536CEEFE064
:103D40001FC6F2462A86B68D85BF0947639DE700E8
:103D5000938701A19C43E38B07C2DC43E38807C23E
:103D60002285829725B12D476399E700938701A1AA
:103D70009C43E38D07C09C47D5B70D476397E70089
:103D800022868D4503554400F9BE19476395E70621
:103D90009305610213051031EF30615E2C1013059D
:103DA0002031EF30C15D0356640083578102035513
:103DB000440063E8C700835684000357610263F739
:103DC000E60093050002EFA0B067C9B66374E60091
:103DD0002313E40063F4D7002314F4000357C40052
:103DE0008356A4000356840083556400014881472C
:103DF000EFA0D06461BE1D47E388E7D031476395EB
:103E0000E7002286B145BDBF35476399E700938738
:103E100001A19C43E38C07B6DC4789B73947639619
:103E2000E7002285EF00D00395B63D476399E70090
:103E3000938701A19C43E38B07B49C4B05B7414793
:103E40006396E7002285EF00900C89B6454763969C
:103E5000E7000145EF00701B15BE4947639EE70070
:103E6000938781A19C43E38107CADC43E38E07C8A3
:103E700081450545829749B94D47639DE700938782
:103E800081A19C43E38207C8DC43E38F07C6A28578
:103E90000945CDB76147E399E7C62286E145DDB51F
:103EA00093F7150081CF938701A19C4389C7DC4319
:103EB00099C301458297134519008DBC93F72500DE
:103EC00089CF938781A19C4391C7DC4381C78145FA
:103ED000054582971345290091BC93F7450001459C
:103EE000E38607A49387C1A09C4399CF85471727F2
:103EF000FF1F230FF7DA938781A19C4391C7DC430F
:103F000081C78145054582979727FF1F938707DA69
:103F1000C8472C10EF7090222810EFF04F9497278D
:103F2000FF1F83D747D281CF130600643386C702B1
:103F300091451725FF1F0345E5E4EFD08FEC1345AE
:103F40004900EDB2011122CC2A84554506CE26CA7D
:103F5000EFF0AFB8AA8413054002EFF00FB82AC6FD
:103F600013055002EFF06FB7AA86228562443246ED
:103F7000F240B3359000D24405616FA010547971BE
:103F800022D406D68D472E84631FF50003D7A500E3
:103F900083D6850003D665000345340083D54500EC
:103FA000EFE09FEF09A889671387D7006310E50446
:103FB00003C5250019E58547B25022543E85456169
:103FC0008280938781A09443FDD603C6360083C5C3
:103FD0000600814802C202C001488147014791069C
:103FE000EFE03FFC0545EFF06FE3F1B71387E70023
:103FF000E303E5FC13873701631AE50003C52500D9
:104000005DD9014781460146814559BFE507E30473
:10401000F5FAB1476319F5001725FF1F034535C9A8
:10402000EFE0BFF249BF41677D178147E316E5F82E
:1040300003C75500C947E310F7F883D6E50003D658
:10404000C5000355840083D5A500EFA0104841C9E1
:104050005D45EFF08FA83335A000231CA1008345F8
:104060004400035524003008EF6010048357810199
:10407000B9F36C0813051031EF3061309305E1019D
:1040800013052031EF30A12F8357C101035784005E
:104090006374F7002314F4008357E1010357A4006D
:1040A00063F4E7002315F400835784000357A4004A
:1040B0006374F7002315F40003552400EFA0B04506
:1040C0000357E4008356C4000356A40083558400BC
:1040D0000355240001488147EFA05034E9BD8547CE
:1040E000231CF100ADBF1727FF1F034717CA930713
:1040F000F00F6309F70859C5411122C426C206C64C
:10410000AA840345A5004105EFD06F822A8435C5F6
:104110009307000D2310F500D9472301F50083D73D
:1041200044002312F50083C764002303F50083C70E
:104130007400A303F50083C784002304F50083C73C
:104140009400A304F50003C6A4002305C5001DC206
:10415000CC44410548C497C0FE1FE780C066A285D5
:104160002244B24092441725FF1F034515C2410166
:104170006FD0CF8623260500DDB7B240224492449B
:10418000410182808280C1671387E7FF639DE5005C
:10419000938781A09C4395C383C707000D47639C09
:1041A000A7006FA0F026FD1749476396F500938797
:1041B00081A09C43FDF73A8582804947EDBF797124
:1041C00022D406D626D24AD04ECE52CC56CA5AC88F
:1041D0000347050085472A84630AF70403468500E0
:1041E000930695009305E1000545EFE0AFDD8147BB
:1041F00019C1834705008346040011476380E60424
:10420000138781A318438D46034717006308D7021D
:1042100095C70DC719ED0145B25022549254025969
:10422000F249624AD24A424B456182808147014548
:10423000D9B785466318D7028D8BF1DF034514008B
:10424000130A2400D285EFE08FF5A300A4001389A0
:10425000C1A383270900AA8A81499304F00F99EB2F
:1042600005455DBF8946E318D7FA858BF9B78509FF
:1042700093F9F90F83C741A363FDF90203250900F0
:10428000139B49005A9583470500E38297FE8347B5
:104290001500E39E57FD1946D285090597C0FE1FFC
:1042A000E780605B69D58324090003470400DA9442
:1042B00085EC834604009147E38FF6F483270900D9
:1042C000B9DB03C641A301479305F00FE305E6F40C
:1042D000BE84C10703C507FF630EB50A0507137740
:1042E000F70FEDB788C4F5A09147631AF706C844E5
:1042F00005C583478400034605006304F6060347AB
:1043000004009147631DF706C84419C597D0FE1FE6
:10431000E780003123A6040003458400916593855E
:10432000E571050597D0FE1FE780202305C50347EB
:1043300004009147631EF704C8C4834784009305B3
:1043400094000505A30FF5FE0346840097C0FE1FE9
:10435000E7806047034584003335A00075BD88447D
:1043600041BF93059400050597C0FE1FE780A04E4E
:104370008547E316F5F85545EFE03FF6BDA88844BC
:1043800041DD97D0FE1FE780A02923A4040069B770
:1043900088C465B72380D40083471400D285138571
:1043A0002400A380F400194697C0FE1FE780A041B7
:1043B0000345840091659385F571050597D0FE1F2F
:1043C000E780A01905C5034704009147E31CF7F0F7
:1043D000C8C483478400930594000505A30FF5FE28
:1043E0000346840097C0FE1FE780E03D83478400BA
:1043F000E39807E6034504007D151335150029BD34
:10440000797122D426D24ECE52CC06D64AD056CA84
:104410005AC82A849309250003451500CE85938444
:1044200081A3EFE0CFD7A300A4009C400D472A8AC8
:1044300083C71700639BE7001389C1A38327090083
:10444000814A63910718054535A0FDD7144C0346F2
:1044500074019305E1000545EFE0CFB61DC9984012
:1044600085468347050003471700631FD7008D8BE0
:10447000E1F70145B250225492540259F249624A7E
:10448000D24A424B456182808946858BE316D7FA32
:10449000C5B78347040011476385E7002D47E39ABA
:1044A000E7FC9384C1A39C40E9D7814A01491DA838
:1044B0008840139B4A00834704005A950347050030
:1044C0006311F70283471500639D47011946CE85A6
:1044D000090597C0FE1FE780003801C503A9040045
:1044E0005A99850A93970A0103C741A3C183E3E15F
:1044F000E7FCE31309F4B5BF93944A0026950347FC
:10450000050083470400631EF70A83471500639A7A
:10451000470B1946CE85090597C0FE1FE780A033DB
:104520004DC1832709001147BE948347040063856A
:10453000E7002D47639DE70203AAC4008347740187
:1045400003460A006308F602528597D0FE1FE780F3
:10455000200D0345740191659385E571050597D09C
:10456000FE1FE78080FF15E5E39F04ECADA003AAE2
:104570008400E9B70C4C13051A0097C0FE1FE780B2
:10458000802D8547E312F5FC5545EFE01FD569DD29
:10459000CDB58347040011476385E7002D4763903D
:1045A000E702C8C4834774010505A30FF5FE03465F
:1045B00074010C4C97C0FE1FE780E02075B788C4DB
:1045C000D5B7850A93970A0103C741A3C183032581
:1045D0000900E3E3E7F283C641A30327090081470B
:1045E0001306F00F11A8BA844107834507FF638AB9
:1045F000C5008507C207C183E3E7D7FEA9B588C414
:1046000099A083470400CE85138524002380F400FD
:10461000834714001946A380F40097C0FE1FE7806B
:10462000801A0345740191659385F571050597D04E
:10463000FE1FE78080F2E30805E00347040091478E
:10464000E31FF7FAC8C4834774010505A30FF5FEFD
:10465000034674010C4C97C0FE1FE780C016E5B3FB
:104660001717FF1F034777729307F00F6300F70ACE
:1046700051CD411126C2AA84514522C406C64AC062
:10468000EFC0FFAA2A842DCD9307000D2310F5005B
:10469000D5472301F50083C7340013898400CA85F8
:1046A000A301F50083D744002312F50083C76400FB
:1046B0002303F50003C57400EFE06FAEA303A4006D
:1046C000CA8513058400194697C0FE1FE780A00F16
:1046D00083C7E400A2851715FF1F0345156B230749
:1046E000F40083D704012318F40083C724012309AD
:1046F000F4002244B2409244024941016FC01FAE0F
:10470000B2402244924402494101828082801717BC
:10471000FF1F034797679307F00F6304F70431C146
:10472000411122C42A84194506C6EFC05FA0AA859C
:104730000DC59307000D2310F500DD472301F5009B
:10474000835744002244B2402312F5001715FF1F7F
:104750000345B56341016FC07FA8B24022444101C7
:1047600082808280011122CC1384C1A31C4006CE1A
:1047700026CA4AC84EC652C499CF2E8AAA84014975
:10478000084063129902630C0A0497D0FE1FE78069
:1047900020E923AE01A2F2406244D2444249B24928
:1047A000224A0561828093194900B3073501884781
:1047B00009C997D0FE1FE780A0E61C40CE9723A42E
:1047C00007001C40CE97C84709C997D0FE1FE78055
:1047D00020E51C40BE9923A60900050955B745DD13
:1047E00013964400814597C0FE1FE78040011440A6
:1047F00081477D5613F7F70FE37F97F8139747002C
:1048000036972300C7008507F5B7011152C4138AF4
:1048100081A383270A0006CE22CC26CA4AC84EC6E8
:1048200056C25AC0D1CF2A89014419ED9387C1A33A
:10483000944399CA03C641A32A8481479305F00F84
:1048400013F7F70F6368C708131534002105EFC08D
:104850001F8EAA8401E92145EFC07F8DAA8421C55E
:1048600001444D49930700FD2380F4008547A38050
:1048700024012381F400A381840045C813898400A6
:1048800023A224018149938AC1A3130BF00F83C78C
:1048900041A363F3F90039E883270A00A68503C51D
:1048A0000700EFC0BF93814503C541A3EFF09FEB25
:1048B00003250A0097D0FE1FE78080D623AC01A213
:1048C000F2406244D2444249B249224A924A024BDF
:1048D00005618280139747003697034707006305F9
:1048E000B70005041374F40F850799BF83A70A0066
:1048F00093954900BE9583C7050063846703230031
:10490000F90083C71500130529007D14A300F900E1
:10491000194689051374F40F97C0FE1FE780A0EABB
:104920002109850993F9F90F9DB723A20400ADB7BA
:10493000938781A39C43B9C7411122C406C62A8428
:104940001DE10945EFE07F992A8601C985451715C4
:10495000FF1F03452543EFC0DFCA0545EFF08FDE9B
:104960002A84054501CC85451715FF1F0345854160
:10497000EFC0BFEA2285EFF05FE90545B24022446F
:10498000410182800145828089679386B700631761
:10499000D5009C4503C507006FF09FF99386C700BB
:1049A0006318D5009C45854603C5070019C9EDB7B6
:1049B00093861704E30FD5FC938727048146E3030E
:1049C000F5FE36858280797106D622D426D24AD069
:1049D0004ECE52CC56CA5AC85EC679C983473500F6
:1049E000AA8985C7404115C05945EFE01F8F931A2A
:1049F000850193DA8A410149138A81A3130B000DC3
:104A0000B54B83C73900636DF900B25022549254FC
:104A10000259F249624AD24A424BB24B4561828006
:104A20008307840263CD570783270A00ADCB228515
:104A3000EFF0EFF82DC5034584005105EFC02FEFCF
:104A4000AA8431CD23106501230175018347040039
:104A5000194693052400A301F50083078402150578
:104A60002303F50083471400A30FF5FE97C0FE1F34
:104A7000E78060D5034684002386C4001DC61385E5
:104A8000440188C89305940097C0FE1FE780A0D317
:104A900083270A00A68503C50700EFC02FF4050988
:104AA000130494021379F90FA9BF23A80400CDB70A
:104AB000938781A39C43B1DBEFF03FD52254B250E2
:104AC00092540259F249624AD24A424BB24B0145D2
:104AD00045616FF02FC7797106D622D426D24AD00D
:104AE0004ECE52CC56CA5AC85EC671C183473500F5
:104AF000AA8985C7444195C05945EFE00FFE931A36
:104B0000850193DA8A410149138A81A3130B00FDC1
:104B1000C14B83C73900636DF900B25022549254DF
:104B20000259F249624AD24A424BB24B45618280F5
:104B30008387F40063C8570783270A00A5C7514538
:104B4000EFC0EFDE2A8439CD23006501A300050004
:104B50002301750183C70400194693852400A3012E
:104B6000F5008387F4001505A306F50083C714003C
:104B7000A30FF5FE97C0FE1FE780E0C483C7840043
:104B8000938594001305C400A305F400194697C04B
:104B9000FE1FE78040C383270A00A28503C50700E4
:104BA000EFC0CFE30509C1041379F90F9DB79387CF
:104BB00081A39C43BDD3EFF05FC52254B250925401
:104BC0000259F249624AD24A424BB24B0145456111
:104BD0006FF04FB75D7186C6A2C4A6C2CAC04EDED2
:104BE00052DC56DA5AD85ED662D466D26AD06ECE1D
:104BF000630C0526834735002A898DCB40411DC4AF
:104C00005945EFE08FED93178501E1873EC681445A
:104C1000938981A3130A000DC94B054CB54C130DA4
:104C200000FDC14D8347390063E1F402B6402644DC
:104C300096440649F259625AD25A425BB25B225CF0
:104C4000925C025DF24D616182808307C40032474D
:104C500063C6E71683A7090063820716034B0400A7
:104C600093770B01CDCFCD47631EFB0623000400D5
:104C70002285EFF0EFF86303051483470400114722
:104C80006363F7146399870D5145EFC04FCAAA8A31
:104C9000630605122300A501A30005002301B50149
:104CA00003470400194693052400A301E500030708
:104CB000C4001505A306E50003471400A30FE5FE95
:104CC00097C0FE1FE78020B00347040119469305F3
:104CD0001401A385EA001385CA0097C0FE1FE78070
:104CE00080AEF1A0D5476318FB0085472300F40090
:104CF000A30B0400B5BFF547E309FBFEC9476316E4
:104D0000FB0089472300F400A5B7C1476314FB00EB
:104D10008D47CDBFED47E31DFBF49147E5B7937792
:104D20008B0099C3AD47F9BF93761B0093774B0077
:104D300091C699C395475DBFA147E9B793762B000C
:104D400091C699C3A5475DB799476DBF99C3A94758
:104D500055BF9D4745BF034574015105EFC02FBDA9
:104D6000AA8A29CD23104501230195010347040098
:104D7000194693052400A301E5000307C4001505A7
:104D80002303E50003471400A30FE5FE97C0FE1FB1
:104D9000E78060A3034674012386CA0019C6138501
:104DA0004A0123A8AA000C4C0DBF23A80A0003A7A0
:104DB0000900D68503450700EFC04FC28504710482
:104DC00093F4F40F85B50345740113050502EFC094
:104DD0000FB6AA8A65D523104501230175018346C4
:104DE000040013770B061946558FA301E50003470E
:104DF0001400930524001505A30FE5FE97C0FE1FC0
:104E0000E780609C03478400194693051401A3853D
:104E1000EA000347940013853A012386EA0003471A
:104E2000A400A386EA000347B4002387EA0003072F
:104E3000C400A387EA000357E4002398EA0003476D
:104E400004012389EA0097C0FE1FE780C09703464C
:104E50007401A38CCA0011C613850A0223AEAA00EE
:104E600099B723AE0A00A1B7938781A39C43E38F30
:104E700007DAEFF09F992644B64096440649F25966
:104E8000625AD25A425BB25B225C925C025DF24D86
:104E9000014561616FF00F8B9717FF1F83C7C7EE46
:104EA000A18B1385C1A291E301456FD07F86238A30
:104EB00001A2FD571717FF1FA309F7EC23AE01A2AC
:104EC00023AC01A29717FF1F938747E01707000045
:104ED0001307C7AB98C317070000130707AFD8C362
:104EE00017070000130767BF98C7170700001307CD
:104EF000A7CED8C717F7FFFF1307271F98CB9387B5
:104F0000C1A217F7FFFF1307472898C317F7FFFF42
:104F100013072707D8C38280411122C485452A84FC
:104F200003C541A306C6EFF0FF839717FF1F83C792
:104F3000A7E5A98BB5CB1715FF1F130525D9238A24
:104F400081A2EFD08FFC1384C1A31C4091C74D45B3
:104F5000B24022444101828003C541A319E10145C9
:104F6000C5BF91659385B571120597C0FE1FE78097
:104F7000C05E23AEA1A261DD03C641A31206814536
:104F800097C0FE1FE780A087104083C641A38147DA
:104F9000FD5513F7F70FE374D7FC139747003297CB
:104FA0002300B7008507F5B70145238A01A2EFD09A
:104FB000CFF575B79387C1A0884301CD411106C6CF
:104FC00097C0FE1FE780C065B24023A601A0410143
:104FD0008280828001111305700306CEEFE0EFAFEF
:104FE0002AC613058003EFE04FAF2AC413059003D0
:104FF000EFE0AFAE2246B245F240AA860545056114
:105000006F90F04A5D711305D00386C6A2C4A6C294
:10501000CAC0EFE08FAC2A841305C003EFE0EFAB0A
:10502000AA841305E003EFE04FAB2A891305F003D0
:10503000EFE0AFAA8A871377F50F9376F90F13F68F
:10504000F40F9375F40F0545EF907047B640264472
:105050009644064961618280757122C51384C1A09E
:105060001C4006C726C34AC1CEDED2DCD6DADAD867
:10507000DED6E2D405456388070E9305F1051305D6
:10508000F041EF00513B9305F1051305F041EF00AE
:10509000913A8346F1051717FF1F034747C1B337FE
:1050A000E00091C289071840BEC60345370093054A
:1050B0004700EFD05F8A1840AAC40D4583452700FA
:1050C000AEC2EFE08FA1AAC01145EFE00FA10040F2
:1050D0002ADE65450347A400034CB4003ADCEFE048
:1050E000CF9FAA846945EFE04F9F2A897145EFE081
:1050F000CF9EAA896D45EFE04F9E2A8A7545EFE065
:10510000CF9DAA8A7945EFE04F9D2A8B13050004B5
:10511000EFE0AF9CAA8B13051004EFE00F9CE204B4
:105120002648B6476257F256064696451375F50F60
:1051300093FBFB0F137BFB0F93FAFA0F137AFA0F13
:1051400093F9F90F1379F90FE1842AD05ECE5ACC86
:1051500056CA52C84EC64AC426C262C0930844000A
:105160000545EF90B02FBA402A449A440A49F659AF
:10517000665AD65A465BB65B265C4961828001114D
:1051800022CC06CE8D472E846316F50603C7350064
:10519000E94703D545006318F7009717FF1F83D72A
:1051A00047B16385A706EF50207F09C58357640088
:1051B0002317F5000357A4008356840003566400A8
:1051C0008355440003453400EFD01FCD03574400FE
:1051D0009717FF1F83D7E7AD6308F7008547F240B5
:1051E00062443E8505618280FD571717FF1F231219
:1051F000F7ACEDB78967CD07631DF50083C72500C0
:1052000031476385E7004547E39AE7FCEFD0CFD607
:10521000F1B7B1476319F5001715FF1F0345D5B660
:10522000EFD0BFD265BF41677D178147E319E5FA2B
:1052300083C655004947E394E6FA83C54500035504
:105240002400300023140100EF50E06041BF411101
:1052500022C406C626C283C701A41307E00F2E840A
:105260006383E7041307F00F6387E7021145EFB08C
:105270001FEC15C1930700FD2300F50089472301AA
:10528000F5008547A3008500A301F500AA8503C5A5
:1052900001A4EFB0BFF4F9572380F1A4B240224437
:1052A000924441018280AA841145EFB05FE87DD528
:1052B000930700FD2300F5008947A3008500230123
:1052C000F500A30195002244B2409244AA8503C58B
:1052D00011A441016FB09FF079714AD01389C1A028
:1052E0008327090022D406D626D24ECE52CC45447E
:1052F000C5EF9717FF1F83C727A9958B4944CDC7D3
:10530000AE899165A380A1A4AA8493857571314566
:1053100097C0FE1FE780602423A6A1A04D4449C585
:1053200023009500A30005002946CE85090597B006
:10533000FE1FE780404983270900914603C72700E5
:1053400063EEE6083DEB4D472381E70003C72700E6
:10535000136707012381E700930571001305F041EE
:10536000EF00710D83477100F9EB1717FF1F03471B
:1053700007948D476315F70CEFD06FEC2C00EF60AE
:10538000E05B2800EFD0BFCD4545EFD01FF50144CD
:1053900001CD130600643306C50291451715FF1FA2
:1053A0000345459EEFC0EFA52285B250225492548A
:1053B0000259F249624A4561828085466314D700EA
:1053C000754759B789466314D7004947B5BF8D461D
:1053D0006314D70041478DBF5547BDB795464A8AEC
:1053E000630ED70099466316D70009472381E7006B
:1053F00031A01D466314C702238107006545EFD025
:10540000DFED9307F007E309F5F403270A0083476C
:10541000270093E707042301F7003DBF21466314EB
:10542000C7000547E1B725466315C7002381D700AC
:10543000F1B7A9460544E319D7F6114745BFEFF088
:10544000BFC12A8435D1EFF0FFB6B9BF011126CA1A
:105450009384C1A09C4022CC06CE4944A9C783C7EF
:1054600007000D446391A70489451715FF1F0345E5
:105470006591EFC08FBA91451715FF1F03458590C1
:10548000239201A4EFC06FB99C4001478146A380DD
:1054900087001306F100854785450145A307F10004
:1054A000EF90B0002A842285F2406244D244056124
:1054B0008280011106CE22CC26CA8547631AF506E2
:1054C00083D741A4B1CB1707FF1F0347677E29E7A6
:1054D0001307B003636DF70289451715FF1F0345D6
:1054E000658AEFC08FB39307006403D641A43306E7
:1054F000F60289451715FF1F0345C588EFC06F9059
:10550000239201A4F2406244D244056182809387D1
:1055100047FC2392F1A4FDB79387C1A09C43FDD320
:105520006244F240D24403C5070005616FF01FF2E8
:105530009384C1A09C40F9D79717FF1F83C7C784E6
:10554000918BE9D389476313F5062D452EC6EFB03D
:105550001FBE2A8445D9B245930700FD2300F500FC
:10556000E547A30005002301F50083C735001505B5
:105570001946230FF5FE83C745009505A30FF5FED9
:1055800097B0FE1FE78020241705FF1F0345D57F36
:105590009307F00F6315F5009C4003C50700A28533
:1055A0006244F240D24405616FB05FC3894517057C
:1055B000FF1F0345257DEFC04FA66244F240D24451
:1055C000239201A405616FF0FF9E9707FF1F83C719
:1055D000A77B958B91CB938701A59C4381CB854776
:1055E0002383F1A46FF01F9F49458280414582804B
:1055F000238301A4854501456F90E06B9707FF1F4A
:1056000083C78778958B91C785472381F1A46FF075
:105610007F9F49458280238101A4814505456F9084
:10562000406A9307C01C63FCA700094582800945B6
:10563000F2406244D2444249B249056182805DC56C
:10564000011122CC2A8421054EC64205AE899165FE
:105650009385657141814AC806CE26CA97C0FE1F50
:10566000E780A0EF2A8961D59384C1A4884009C549
:1056700097C0FE1FE780C0FA130589002320A90008
:105680002286814523A621A597B0FE1FE78020171B
:105690009C402286CE85884397B0FE1FE780A012EB
:1056A0009C40239287009387C1A09C4385CF970796
:1056B000FF1F83C7676D958B85CB9387C1A49C43E0
:1056C00099CF984383D647006244F240D24442497E
:1056D000B24905468D45054505616F90805C0147DF
:1056E0008146DDB70145A9B7494599B79387C1A060
:1056F0009C438DC79707FF1F83C70769958B8DC391
:105700009387C1A49C4381CB984383D64700054629
:105710008D450545D9B701478146D5BF01458280F2
:10572000494582809307C01C63FCA700094582801D
:105730000945F2406244D2444249B249056182803F
:105740005DC5011122CC2A8421054EC64205AE89D1
:1057500091659385557141814AC806CE26CA97C086
:10576000FE1FE78080DF2A8961D5938441A58840A8
:1057700009C597C0FE1FE780A0EA13058900232012
:10578000A9002286814523AA21A597B0FE1FE780A4
:1057900000079C402286CE85884397B0FE1FE78095
:1057A00080029C40239287009387C1A09C4385CFB1
:1057B0009707FF1F83C7475D958B85CB938741A5CF
:1057C0009C4399CF984383D647006244F240D24429
:1057D0004249B24905468D45054505616F90A04C8B
:1057E00001478146DDB70145A9B7494599B7938778
:1057F000C1A09C438DC79707FF1F83C7E758958BB0
:105800008DC3938741A59C4381CB984383D64700A2
:1058100005468D450545D9B701478146D5BF0145A8
:105820008280494582809307C01C63F4A700094524
:105830008280797122D44ECE06D626D24AD0AE8945
:105840002A8431CD21059165420593857571418189
:1058500097C0FE1FE78060D02A89094563010908C7
:10586000938401A5884009C597C0FE1FE78040DBEF
:10587000130589002320A9002286814523A821A59C
:1058800097B0FE1FE780A0F79C402286CE85884314
:1058900097B0FE1FE78020F39C40239287009387F8
:1058A000C1A09C43014585CF9707FF1F83C7C74D04
:1058B000958B49458DC76C001305D030EF10312C06
:1058C000B247014593F7070F99CB938701A59C43F6
:1058D0008D450545944303D64700EF90803DB25077
:1058E000225492540259F249456182809387C1A49F
:1058F0009C4391CF03D647008C43411106C697B015
:10590000FE1FE78040ECB24001454101828009451D
:1059100082809387C1A49C4385C7938741A5984300
:10592000894705C3035647000C43411106C697B08B
:10593000FE1FE78040E9B24081473E8541018280F9
:1059400089473E8582809387C1A49C4385C79387FE
:1059500001A59843894705C3035647000C434111ED
:1059600006C697B0FE1FE78000E6B24081473E853D
:105970004101828089473E8582809707FF1F83C748
:10598000A740918B99CF4111138581A406C6EFC022
:10599000FFD8B240FD571707FF1F231CF730410106
:1059A000828001456FC09FD7FD57A380F1A4F957AE
:1059B0002380F1A4238301A4238101A4239201A4C1
:1059C00023A601A423AA01A423A801A49707FF1FCB
:1059D00093870731170700001307472198C317075C
:1059E0000000130747ADD8C317F7FFFF130707677A
:1059F00098C717F7FFFF1307275ED8C717F7FFFFF2
:105A00001307876098CB97F7FFFF9387877723A4C7
:105A1000F1A48280411126C29384C1A09C4006C695
:105A200022C485CF2A840D45EFB06FF0AA8519CD29
:105A3000930700FD2300F5008D47A3008500230197
:105A4000F5009C4003C50700EFB04FF919C422448C
:105A5000B240924441016FF0EFD5B24022449244EB
:105A60004101828079714ECE9389C1A083A709003C
:105A700026D206D622D44AD052CC8144A1C783C4B0
:105A8000170085472A896388F4049707FF1F83C797
:105A90002722854485EB0D45EFB06FE9AA8505C146
:105AA000930700FD2300F5009147A3002501230182
:105AB000F50083A7090003C50700EFB02FF2EFF050
:105AC0006FCF8544B2502254268502599254F24930
:105AD000624A456182809387C1A49C434E8A85E3D4
:105AE0000145EFD08FFF2A8601CA89451705FF1FA0
:105AF00003454529EFB0FFB083270A00B1A09443C6
:105B000003D647009305E1000545EFC0BFCB69D937
:105B100083470500858BE9D70545EFD00FFC930738
:105B2000B0032A8463F3A7045D66130606708945F3
:105B30001705FF1F03450525130444FCEFB07FC87C
:105B4000239281A483A709000947A380E700970750
:105B5000FF1F83C7E71591C79707FF1F238A071405
:105B600095B74A85EFF01FEBB1BF1306006433060B
:105B7000C5029DBF411122C42A840D4506C6EFB05F
:105B80000FDB15C1930700FD2300F500CD47A300EF
:105B900085002301F5002244B240AA8503C511A463
:105BA00041016FB0AFE3B240224441018280411114
:105BB00022C42A840D4506C6EFB06FD715C19307DE
:105BC00000FD2300F500ED47A30085002301F5004B
:105BD0002244B240AA8503C511A441016FB00FE071
:105BE000B240224441018280035745000111896679
:105BF00006CE22CC26CA13866600AA876317C70082
:105C00009C47014583C5070009A813868600631ACF
:105C1000C7009C47054583C50700EFF04FE30545E6
:105C20003DA8138696006313C7021387C1A01843CB
:105C3000014515C79C4703C50700631B050C854735
:105C4000A300F7000545EF80707CD1BF1386A60046
:105C5000631CC7009C4703C50700EFF0BFE0F2409C
:105C60006244D2440561828013866603E30AC7F862
:105C700013867603E30FC7F813868603631DC708F0
:105C80001C451307E00F83C4070083C701A4638E7C
:105C9000E7021307F00F6386E7021145EFB02FC943
:105CA000AA8505C1930700FD2300F5008947A300DD
:105CB00095002301F500A301050003C501A4EFB081
:105CC000EFD1F9572380F1A499BF9387C1A09843DE
:105CD0003E84014549D785EC85447D4523059100E7
:105CE000EFD0AFDF2316A10013050002EFD0EFDEE7
:105CF0001C40A305A1001307B100A3809700740006
:105D00001306A10085450545EF80307A09BF268539
:105D1000EFF05FD029B713869603E30DC7F2138621
:105D2000E6036317C7001C45094583C50700F5B5A1
:105D30009386F603631DD7021C4503C507003DE9A2
:105D40006C001305D030EF108163B247414793F7E1
:105D5000070FE386E7EC9305B10013056031EF1000
:105D600001620345B1008545EF80F0744DBD896641
:105D7000138606046313C7041C4503C4070083C7C6
:105D800061A4228585EB0D45EFB06FBAAA85E308C3
:105D900005E8930700FD2300F500D1472301F50036
:105DA000A30085009387C1A09C4303C50700EFB003
:105DB000EFC2B5B5EFF01FDC9DB513861605631B6A
:105DC000C7001C4503C5070021E585450545EF8053
:105DD000506FB1B5938626050145E312D7E89C477D
:105DE00003C4070083C721A422859DE30D45EFB0BE
:105DF0000FB4AA85E30505E2930700FD2300F50033
:105E0000F147A30085002301F50003C511A445B7A0
:105E1000EFF0FFD929B541119707FF1F83C7C7F6D8
:105E200006C6958B99CB1705FF1F130565EBEFC0D1
:105E30009F8E4D45B240410182800145EFC0BF8D2C
:105E40000145CDBF03C70500937625009377D70F93
:105E500099C293672700131885011358884113F7D7
:105E6000F7076354080013E70708937685009377D4
:105E7000770F99C2936787001377050293F6F70DA2
:105E800019C393E607022380D50063450800937782
:105E9000A50281CB8347060093E7C7002300F600E5
:105EA00082807DFD83470600CD9BCDBF2D456319C4
:105EB000071403C5050009476310E51401114EC618
:105EC000BE89DC4122CC26CA4AC806CE03C71700C9
:105ED00083C70700B68422075D8F42078D6641871E
:105EE000938736A032842E896301F70E63C0E702E0
:105EF000938716A06309F70A63C1E70E938606A08D
:105F0000630CD7062390040005454DA8938766AA25
:105F10006305F70C938786B8630BF70C938646A04E
:105F2000E312D7FEDC45DDC721472390E40003D709
:105F300007002300E60003D707002183A300E60043
:105F400003D727002301E60003D727002183A301FD
:105F5000E60003D747002302E60003D7470021836A
:105F6000A302E60003D767002303E60083D7670098
:105F7000A183A303F60091A0C84597B0FE1FE78058
:105F80002089420541814E86637335012A8623901C
:105F9000C400420641828325C900228597B0FE1FB6
:105FA000E780608219A8DC4583D707002390A4000E
:105FB0002300F600A183A300F6000145F2406244ED
:105FC000D2444249B2490561828099472390F40046
:105FD0001946D1B723900400CDB785472390F4002C
:105FE0008327C90083C707002300F400F9B7E147FE
:105FF0002390F400614645B7239006000545828052
:10600000828083C805008947639BF814DC4179715D
:1060100022D406D626D24AD04ECE52CC03C8170080
:1060200083C707002E8422083368F80042088D6772
:1060300013580841138327A0630468102A8A3A89F9
:10604000B684B285634C0301138707A0630AE80294
:10605000938717A0630BF808854711A8138737A00B
:10606000630CE80A138767AA8D47E317E8FEB2506E
:10607000225492540259F249624A3E854561828017
:10608000484432C697A0FE1FE780807842054181D0
:106090009D47E36E25FDB309990083C7A1A5B245CD
:1060A00063D43701B547E1B748442686C2094A950B
:1060B00097A0FE1FE7802071484403C6A1A593D98D
:1060C000090105063306364181454E9597A0FE1F0E
:1060D000E780E0729387C1A59C4399E3814741BF64
:1060E0009C438145E5DF528535A0AD47E31109F8B2
:1060F000E39A16FB83471600834606005844A2071E
:10610000D58F2310F7009387C1A59C43E1DB9C4307
:106110008545E9D78297D9B7AD47E31A09F499477E
:10612000E392F6F84844194697A0FE1FE780A0695D
:106130009387C1A59C43DDD39C43CDD38D4565B7E3
:10614000AD4715F78547E39FF6F40347060093072D
:106150000008E3EEE6F0DC452380E70041B7854721
:106160003E85828023AE01A4A38D01A4238D01A4CA
:10617000B707A00093850184938707059CC1B707E3
:10618000E803DCC117B601001306C61A97C7FE1F45
:10619000938747460947938EB183D0C317B6010052
:1061A0001306861685462380EE00138E818393881E
:1061B000C183D0C723AED70117B601001306061658
:1061C000138381A51388A1831385918397BE010052
:1061D000938E4E152300EE002380E8002380E70015
:1061E0002388E7002380E7022388E70223AEC70362
:1061F0002380E7042300E8002384D70023950700C9
:10620000D0CB238CD700239D070023A2D703238460
:10621000D7022395070223A60702D0DB238CD702DF
:10622000239D0702231003002300D50017BE0100A1
:10623000130E0E0E23A2C7052388E70423AE17050D
:106240002380E7062388E7062380E70897B8010044
:106250009388080E17B701001307C70B23A2E7089E
:106260002384D70417070000130787C42395070466
:1062700023A66704F0CB238CD704239D070423A215
:1062800017072384D70623950706ECD7F0DB238C6A
:10629000D706239D070623AE07072384D708239537
:1062A000070823A6A70897C7FE1F9387A73D98C393
:1062B00017070000130727D5D8C323A4070082803F
:1062C000A54763E8A71017B701001307678F0A05F2
:1062D0003A951C41011122CC26CA06CE4AC8BA976B
:1062E000B2842E8482879307800F63F9B7006145DB
:1062F000F2406244D24442490561828097C7FE1F42
:106300009387472FC8573E8919C597B0FE1FE7806E
:106310002031238D01A41306140091659385057126
:10632000328532C697B0FE1FE780202317C7FE1FB5
:106330002328A72E4DDD3246814597A0FE1FE7801A
:10634000004C0325C9022286A68597A0FE1FE78080
:106350008047238D81A4014561BF8947E399F5F802
:1063600083570600239CF1A4FDB7A147E391F5F8FC
:106370002146A6851385018497A0FE1FE780A044CF
:10638000D9BF8547E395F5F697C7FE1F9387872604
:10639000D04F97C5FE1F9385652803C50400EFF015
:1063A0007FAA55BF8547E394F5F497C7FE1F9387EF
:1063B0006724D05F97C5FE1F93854528F9BF8547A1
:1063C000E397F5F283470600A38CF18269B709458C
:1063D00005B70945828083C7B1A595E38547A38D9D
:1063E000F1A4058909CD97C6FE1F9386A6294146CB
:1063F000A54517C5FE1F1305E51F6F20A03C0145ED
:10640000828001111388F5FF06CE22CC26CA4AC825
:106410004EC652C41378F80FAD4563EE050BBA892A
:106420000A0817A701001307277C3A983E8A83279A
:1064300008003689B284BA9782878545EFC0AFCC11
:106440002A8419E1EFF03F9D2285F2406244D24454
:106450004249B249224A056182808945EFC0AFCAEC
:106460002A847DF12685EFE03FABF9BF9145EFC06F
:106470008FC92A8471F95286CE854A85EFC0CFBD77
:10648000EFF07F99EFF06FCFEF50302775BFA14548
:10649000EFC06FC72A844DF95286CE854A85EFC07A
:1064A000AFBB2685EFE05FA7EFE01F9FEF50102303
:1064B00061BFB145EFC02FC52A8459F55286CE85FC
:1064C0004A85EFC06FB92685EFE01FA5EFE0DF9C9E
:1064D000EF50D02075B7094485BFBD47638CF506E2
:1064E00063E9B702A5476387F50663EDB7009947EF
:1064F000638CF5049D47638FF5049547638CF50421
:1065000001458280B5476387F50463E1B704AD4771
:10651000F5B7DD47638EF50263EAB700C947638BC1
:10652000F502D9476386F502C547C9BFF5476383BE
:10653000F50263E4B700ED47D1B793072005638BFD
:10654000F5009307200D5DBF484582800841828099
:1065500008458280484182809307F00F630EF5065C
:10656000011126CAAA841305000222CC4AC84EC6CD
:1065700052C456C206CE3A89B689B28A2E8AEFA094
:106580001FBB2A844D4515C8930700FB2300F40068
:10659000A300540123114401230234011305840094
:1065A000614663050902CA8597A0FE1FE780A02106
:1065B000A2852685EFA09FC20145F2406244D244E5
:1065C0004249B249224A924A05618280814597A098
:1065D000FE1FE780C022E9BF09458280011122CC5D
:1065E00006CE2A842306B100A306C100EF40C03ABC
:1065F0000DC10347C500A1476311F7027800930658
:10660000E0070146A28517F5FE1F03450578EFF068
:10661000BFF4F24062440561828078009306E0078F
:106620000146A28517F5FE1F03451576CDB79307E2
:1066300000643306F6026FB04F8F05C903470500AB
:1066400085469307270093F7F70F63F0F602411191
:1066500022C42A843A8506C6EFB0CFA0FD57230096
:10666000F400B24022444101828082800357050039
:106670009307000B6313F702834745004947639C68
:10668000E7000347150185476399E7000355250097
:1066900085456F20103D6D47C5BF8280011122CC1A
:1066A00006CE2A842EC632C436C2EF40E02E0DCD6F
:1066B0008346C500A14712472246B245639EF600B5
:1066C000B28617F5FE1F0345456C2E86A2856244EF
:1066D000F24005616FF05FE8B28617F5FE1F0345D3
:1066E000B56A2E86A285E5B7F2406244054505618C
:1066F000828023A2A1A68280011122CC26CA06CEC6
:106700002A84AE84EF404029A6852285EF1081328D
:106710001DE5228523169100EF4000280DC1034797
:10672000C500A1476312F70217F5FE1F0345E56593
:1067300078009306F0070146A285EFF0FFE1F240F2
:106740006244D2440561828017F5FE1F0345D5637C
:10675000C5B7011126CA06CEB68422CCDD4663E257
:10676000B608D94663FED50AA5466381D50A63EE0D
:10677000B6049546638CD50899466387D50A0544C7
:1067800041687D18631606093AC6EF10612E33067C
:106790008540324742064182420441803305C400AD
:1067A0004205BA85418132C6EF20D03BAA8749C154
:1067B00081C432462390C400B30580406244F24055
:1067C000D2443E8505616F10010CC5466380D50437
:1067D000C9460D44E395D5FAC167FD17E31EF6FAE5
:1067E00065B7F5466380D50463E4B600ED46D5B7DA
:1067F000930620056388D5029306200DE391D5F812
:10680000C167FD170D446319F600BDBF09448DBF74
:106810009306200DE392D5F8310642064182ADBFC2
:1068200015445DBF0D444DBFC167FD171D447DB7C5
:10683000F2406244D2440561828079714ECEAE89C5
:10684000C16526D20147AA84894617B601001306FE
:10685000E6AEFD15054522D406D64AD0EF0090617C
:10686000054431CD2A891307300281461146F5458A
:106870002685EFF01FEE2AC6554431C18357A90083
:10688000CE8601462314F10091472315F100854778
:106890002300F500B2472C002685A380070032476D
:1068A000FD572301F7003247A301F700EF005052D4
:1068B0002A8411C5324597B0FE1FE78060D6228535
:1068C000B250225492540259F249456182804111DA
:1068D00006C6EFF09FC019C5B240410117B3FE1FB5
:1068E000670003D4B24041018280011106CE2AC65E
:1068F000EF00117F3245914523A001A623A201A6F6
:1069000097F7FE1FA380A748EF20F020F240056113
:106910006F10F07F93970501C18763D807127971D3
:1069200017F5FE1F0345154622D44AD006D626D2B7
:106930002E89EFA03F842A8449CD034705009307A1
:10694000000A6315F70885474C08A305F100EF100E
:106950002105AA8405ED8347610171476374F70837
:10696000138717FE1377F70F9306000263F3E60809
:10697000858BC5C7938701A69C43994481CB03555A
:1069800024001306B1004C088297AA848347B10003
:1069900099C7084409C597B0FE1FE78060C895E015
:1069A0005247B7070001938707F07D8FB7071200A2
:1069B00093870710630CF70003476101ED476317E6
:1069C000F700035524008545EF20B0092285EFA08C
:1069D0004FF3B250225421653345A9009254025915
:1069E000456182803707301405073357F700058B60
:1069F00041D3138741A6184351DB0347510159F78F
:106A00002306F10099472308F100035524006C0088
:106A100023170100EF10A11795BF938741A69C4350
:106A20009DC3035524001306B1004C08829739DD3D
:106A3000AA8483475101B9FB834761012308910070
:106A40002306F100D9B79944EDB70145828001458D
:106A5000828097F6FE1F83C67633814763E5D700B1
:106A600001473A8582802E87910503D6C5FFE30A48
:106A7000A6FE8507E5B70DCD8347250005478907A5
:106A800093F7F70F6376F702411122C406C62A84F2
:106A900083550500034535000147F9465D46EFF093
:106AA000BFABF9572311F400B24022444101828068
:106AB000828017F7FE1F0347772D8147FD5663E35A
:106AC000E70082802310D50023010500850711050A
:106AD000FDB7014582809385718593070002854645
:106AE0002380F500FD57238BF184A384F184238454
:106AF000F184239AD184239401A623A801A623A07C
:106B000001A823AA01A61386C18497B70100938721
:106B1000E7815CC2238501A697C7FE1F938747B70D
:106B200009472300E6002380E7002388E70023804D
:106B3000E7022388E70217A701001307677ED8DB67
:106B40000D47238CE7021387C1A618432384D7007F
:106B5000D0C7238CD70017A501001305A57D17A664
:106B600001001306A67B97A601009386267DC8C365
:106B700023950700D0CB239D0700CCCFD4D323840B
:106B800007022395070223A60702239D0702D8DFE9
:106B900097C7FE1F9387C7B3170700001307870C1B
:106BA00023A00700D8C323A407008280411106C692
:106BB000EFF03FEA11C503452500B2404101828054
:106BC0000145E5BF411122C426C24AC006C6AA84B7
:106BD0002E893284EFF0FFE711E94165CA857D1502
:106BE000EFF03FE7C54711C523109500230185004D
:106BF0008147B2402244924402493E85410182804D
:106C000029E78948354763931605011106CE22CC42
:106C100026CA034716000346060093C7F7FF22075C
:106C2000598EF18F32C68DE7C4452A84A685EFF0D0
:106C3000FFF732460147630FA60022856244F24007
:106C4000A685D24405616FF0FFF72D473A85828013
:106C500013070008F2406244D2443A8505618280FD
:106C600083C8050009486395080303A845008347C6
:106C7000180003480800A207B3E70701C2070D6820
:106C8000C187130828906395070189476FF05FF764
:106C90000545828003C791849307F00F630AF704C8
:106CA00041114AC02A89294522C426C206C6328417
:106CB000AE84EFA0CFC71DC59307100B2310F500BE
:106CC00023020500231485002244231125012313E8
:106CD0009500B24092440249AA8503C591844101BE
:106CE0006FA0CFCFB240224492440249410182803A
:106CF000828041119387C1A626C2AE848C4322C4F0
:106D000006C62A84EFF09FEA098909C92285224430
:106D1000B240A685924441016FF03FB2B240224496
:106D20009244054541018280411122C426C24AC0D5
:106D300006C6AA84130445001309850B8357040073
:106D40009DC3084409C597B0FE1FE780608D22856A
:106D50003146814597A0FE1FE78060AA3104231ABF
:106D600004FEE31D24FDB2402244FD572390F400AD
:106D70000249924441018280938781A7984317F684
:106D8000FE1F0346B60081476315F600814636852F
:106D90008280BA861307870B835587F4E389A5FEA3
:106DA000850793F7F70FCDB7938701A89C4399C741
:106DB00003D74700E31CA7FE8847828001458280F5
:106DC000411106C6EFF05FFE09C50845B24041011A
:106DD00082800145E5BF011126CA9384450022CC7B
:106DE0004EC606CE4AC852C456C25AC026878149EA
:106DF0000144814681473D450356070055CED9E2FF
:106E00000354470083572700B286A297C207C18365
:106E100085093107E392A9FE25C82E8991659385DE
:106E20004570228597A0FE1FE78020732A8B29CD0D
:106E3000814A014A8C4485C503D6440033054B0181
:106E400097A0FE1FE780209883D7440088443E9A8D
:106E5000420A135A0A0197A0FE1FE780607C6389EB
:106E60000A0031468145268597A0FE1FE7802099BC
:106E7000850AB104E3E03AFD232669012314890061
:106E8000054521A0630DD6000145F2406244D2447D
:106E90004249B249224A924A024B05618280035616
:106EA0002700E313F6FE035647003294B2974204DC
:106EB000C2074180C183A9BF0545E37835FDA9BF5D
:106EC000938741A79C4399E30145828098470357E4
:106ED000A700E319A7FE138547008280411106C66B
:106EE000EFF01FFE11C503550500B240410182803D
:106EF0000145E5BF411106C6EFF09FFC11C50345F2
:106F00002500B240410182804145E5BF411122C4C4
:106F10002A842E8506C6EFF0FFFDAA850546228548
:106F2000EF30902A95476305F500BD476313F500E0
:106F30002145B240224441018280411122C42A8469
:106F4000090506C6EFF06FEFFD57A301F400B2404C
:106F50002244410182809387C1A79C4317F7FE1FFB
:106F60000347D7E22A86050781463E8583D7070077
:106F70006388C700850693076500E3E8E6FE0145E0
:106F80008280411122C4416406C626C29307E4FFF1
:106F9000630EF500AA8485E1EFF0FFFB01E913051C
:106FA000F4FFEFF05FFB19C123109500B2402244BB
:106FB00092444101828085476394F504EFF0BFF964
:106FC0002A846DD5FD572310F5008347240013074D
:106FD000F00F6384E7021307E00F638AE7000345BD
:106FE00034000147F9465146A685EFF0EFD62285D9
:106FF000EFF0BFF4FD572301F400230204007DB736
:107000008947E395F5FA8545EF30703B45F12685D4
:10701000EFF07FF42A8455F951BF5D71A6C24EDEB0
:1070200086C6A2C4CAC052DC56DA5AD8AE8483C51A
:107030002500F947AA896396F504EFF0DFF12A8469
:1070400009ED01442285B640264496440649F2598A
:10705000625AD25A425B61618280834725000547AC
:10706000890793F7F70FE37EF7FC034535000147E7
:10707000F9460146CE85EFF02FCE2285EFF0FFEBEB
:10708000C9B783AA0400B7070001938707F0370741
:107090001200B3F7FA0013070710328A0149638A16
:1070A000E7022EC6EFF03FEB2A89B2451DC1034629
:1070B000450005C293178601E187E3C407F84E85B2
:1070C000EFF0CFD18347490093E707F82302F90097
:1070D0008DBF03C761859307F00F1944E304F7F6EA
:1070E000E147E3E1B7F693D71500FD178E0717A721
:1070F0000100130767B2BA9703A80700E30408F476
:1071000003AB4700E3000BF4C20A93DA0A0163857C
:107110000A00C947E398F5F283D64400904483C53A
:10712000140003C50400380802982A8401FD2C08C5
:107130004E85029B2A8421C983C71400E39407F07B
:1071400083C72400230AA10039472308F10063996B
:10715000E70262478347170003470700A207D98F5A
:107160000C084E852319F100EF007122E30B05ECAA
:1071700014080546D9454E85EFF04FD22A84D9B57B
:1071800083578101F1BF83C624009147E38BF6EA60
:1071900038080146CE8503C56185EFF0EFBB2A8430
:1071A000E31205EA83C524002808EFF00FB319C1E4
:1071B00023000A009840B7070001938707F07D8FEE
:1071C000B707120093870710E30DF7E6E30B09E614
:1071D00083C724002302F900B5B5011106CE2EC6DF
:1071E000EFF07FD701CD83474500B24513871700E5
:1071F0006396E50093F707F82302F500F240056176
:107200008280938741A7984319E3014615A81C473C
:1072100003D8A700636B050183584700B3860801B4
:107220006355D5008146639416011843F1BF3E862D
:10723000C10703D3A7FF6317A30099C123900501DA
:10724000328582808506C206C182F1BF397152D46F
:107250002E8A4ED69305E101AA89528522DC4AD8AE
:1072600056D206DE26DA328936C63AC4BE8AEFF036
:107270005FF9054435C5AA840355E1013944EFF0AF
:10728000BFB239CD03284500630C08042247B2463B
:10729000D6874A86A6854E8502982A8431E19307CF
:1072A000E00F638FFA0203C704008947631AF702ED
:1072B000D8408347170003470700A207D98FC207AA
:1072C0000D67C18713072790639CE7008347190068
:1072D00003460900D285A2075D8E4E85EFF09F9B85
:1072E0002285F2506254D2544259B259225A925ACB
:1072F00021618280797122D4035425004ECEAA895F
:10730000228556CA06D626D24AD052CC5AC85EC664
:1073100062C4AE8AEFF05FA601E92285EF00D15783
:10732000594429E90144B9A003C789008547AA84C3
:107330000144631AF702AA8513858900EFF0BFA9FB
:1073400029CD03D7640083D68400D04483D544007C
:1073500003D52900E147EFF07FEFD9472A8463186E
:10736000F50223A604002685EFF01F9C49C0D947EB
:10737000E30AF4FA2285B250225492540259F24997
:10738000624AD24A424BB24B224C4561828061DD57
:1073900083D744002390FA00F9B713894400014AC7
:1073A000B94B594C3D4B83550900D5DDE147630688
:1073B0007A010357C90011C3D947035729008356DF
:1073C00049000326890003D52900EFF03FE82A840D
:1073D0006319850123240900050A3109E3156AFDB3
:1073E00059B77DD9835709002390FA00F5B703D523
:1073F00029002DB701112317C1009307E00F1306D1
:10740000E1000147894606CEEFF05FE4F2400561F6
:107410008280797122D42A840355850026D2AE84D5
:107420009305210106D64AD0EFF0BFDD6308050EB3
:10743000834785002AC693F707028DCF03552101A4
:10744000EFF01F98AA87B24501ED835784003945B4
:107450002390F400B2502254925402594561828024
:10746000035524004946829711C583578400239011
:10747000F400CDB7035924004A85EFF0FF8F11EDDA
:1074800041657D15EFF05F8F19E583578400254531
:107490002390F400C1B7231025011307450081474D
:1074A000BD46035607002DE63147B387E7021309AF
:1074B00084003146CA8591073E959790FE1FE7806C
:1074C00080303146CA8548089790FE1FE780A02F7C
:1074D0000356C4000355240041478146DD45EFF0C3
:1074E0004FA72ACE19E58357840045452390F40021
:1074F00095B70C480356C4009790FE1FE780A02C58
:10750000035524004C08EF00F13429D5594599B7AB
:1075100085073107E397D7F8254581BF0545B1B702
:10752000797122D42A840355850026D2AE8493052E
:10753000E1014AD006D63289EFF0BFCC51C583476E
:10754000850093F70702A9E7034714019307200575
:1075500019E3834744008356A400504483558400B4
:10756000035524000147EFF07FCEAA8721E9834726
:10757000140199E703552400EF00F128D94711E1E0
:107580008147B2502254925402593E85456182800F
:107590002AC60355E101EFF0BF82AA8705C9B245AB
:1075A0000355240049468297AA8759DD0357840072
:1075B0002390E4000347140161F7E1B75947E3174B
:1075C000E5FE230009006DBF8547CDB7B947F9BF78
:1075D000397122DC4AD84ED652D406DE26DAAA8980
:1075E0002E8A32C63689EFF01F97094415C58347A6
:1075F00025001307E00FAA845D44638FE70013079B
:10760000F00F5944639AE700324605E2D2854E8571
:10761000EF00712C2A8415CD2285F2506254D25489
:107620004259B259225A2161828003550A009305BA
:10763000E101231F0100EFF0DFBC0355E101EFF092
:107640007F8BAA8505464E85EF3000382A845DDDA4
:10765000E1B79307F00FE301F9FC93862400794624
:10766000A68517F5FFFF13054541EFE05FFCA381F9
:1076700024015DB73971938741A726DA844352D438
:107680005AD05ECE62CC06DE22DC4AD84ED656D226
:1076900066CA2A8BAE8B328C368A99E08149B9A0B2
:1076A000804483DC44000149835AA4006314990197
:1076B0008440E5B78357A400A28963F867010509F0
:1076C0004209135909014104D5B7E3EAFBFE630CF3
:1076D0000A00834504004840D28662863AC6EF001D
:1076E0002125324769DD19C323105701F250625436
:1076F0004E85D2544259B259225A925A025BF24BE9
:10770000624CD24C2161828003D7050083D62500CC
:10771000854763E9E60439C7411183C6450026C29F
:107720009384550022C426862E8417A501001305D4
:1077300065C0894506C6EF00A11FC14711CD83462C
:107740004400835524000355040001472686EFF0CA
:107750007FF2814711E1A947B240224492443E851D
:10776000410182803E8582802E860355060083D5A6
:107770002500854763E2A50205C183464600411105
:107780000147150606C6EFF0FFEE814711E1A94754
:10779000B2403E85410182803E8582802E8603551F
:1077A000060083D52500854763E2A50205C183460F
:1077B000460041110147150606C6EFF0BFEB8147B1
:1077C00011E1A947B2403E85410182803E85828019
:1077D00039714ED683D7250083D9050006DE22DC19
:1077E00026DA4AD852D456D25AD05ECE62CC66CA75
:1077F0006AC863E037198547638E0914416BAE8A06
:107800002A8A2314010002C6014401497D1B894BC9
:10781000054CC94C054D83D52A00014781460146D8
:107820004E8523130100EFF0FFE4AA8463000512E4
:1078300009EC13072002930661005A86954552858C
:10784000EFE03FF12A84630805120357810083C7E4
:10785000040045C70347A100630CA70741476385A0
:10786000E7022C005285EF00E14709CD34001546B0
:10787000D9455285EFE09FE211C5324597A0FE1F22
:10788000E78000DA8147F9A083D7A40041461305B9
:1078900024002300F40083D7A400A183A300F400F4
:1078A000CC409790FE1FE78000F249048357810087
:1078B0008507C207C1832314F10063F9270983D721
:1078C000A400638567098509C20993D90901A1B795
:1078D000E39977F983D7A400094613052400230010
:1078E000F40083D7A400A183A300F400CC409790B8
:1078F000FE1FE78040ED110455BF22C60359610009
:1079000003C7A40013052400638277033359990346
:10791000230571012300E40083D7A4004146A1831D
:10792000A300F400CC401379F90FA5BF2305810112
:107930002300E40083D7A400135929001379F90F19
:10794000A183A300F4000946CC4055B783578100BA
:1079500089FBA947F2506254D2544259B259225A73
:10796000925A025BF24B624CD24C424D3E852161F1
:1079700082808547C5B7C547F1BF03C7E1A88547E2
:1079800063F3E706011122CC26CA4AC806CE2A8430
:107990003289AE84EFF02FDC01C90347250093073D
:1079A000E00F5D456308F700631C0900A68522858A
:1079B000EF00416FF2406244D24442490561828047
:1079C00003D504009305E10023170100EFF07F8346
:1079D0000355E100EFF00FD2AA8505462285EF207E
:1079E000B07E69D5C1BF5945828013F7050201C732
:1079F000B2856FF0AFD1411126C24AC006C622C47B
:107A000013F98500AA84631709001397850161871C
:107A1000635D070232853684EFF0CFCDAA85054637
:107A20006313090001462685EF20107A01E901451C
:107A3000B24022449244024941018280834794002B
:107A4000E5DB83478400E5F7E5B793F72500E5F329
:107A50000D45F9BF7971AE8622D42A8403D506007C
:107A60009305E10106D636C6EFF0AFF909CD83459F
:107A70008500B2460356E1012285EFF01FF7B250B0
:107A80002254456182800545DDBF13F7050201C719
:107A9000B2856FF0AFC7411122C426C206C693F467
:107AA00085002A8491E4139785016187635007025A
:107AB0003285EFF02FC4AA85054691E00146228564
:107AC0002244B240924441016F20107093F7250088
:107AD000014591E30D45B240224492444101828028
:107AE0007971AE8622D42A8403D506009305E1017C
:107AF00036C606D6EFF0EFF0B24601CD83458500DD
:107B00000356E1012285EFF05FF8B250225445613F
:107B100082800545DDBF797126D2AA840355A50070
:107B2000C16722D44AD04ECE06D623170100FD17D6
:107B30003284B6890149630DF500050583C604004A
:107B4000D04042051307E1004181EFF0BFB22A891E
:107B500083C60400D0408945179501001305857D33
:107B6000EFF0105D1DC503D4A4002285EFF00FB720
:107B700009C57D142A94420441806384090023903E
:107B80008900B25022544A8592540259F249456103
:107B9000828083C60400D0408945179501001305F3
:107BA000A579EFF0F05861F183C60400D040894513
:107BB0001795010013058576EFF0905719C9E30674
:107BC00009FA8357E100E39287FA0354A9007D1470
:107BD0005DB703D4A40055B7397122DC26DA4AD840
:107BE0004ED652D456D25AD062CC06DE5ECEBE8974
:107BF00083C785002A8AAE84C18B328C36843A8949
:107C0000C28A468B9DE783CB04008947638BFB04C4
:107C10006285EFF06F991DC183280500638008021B
:107C20005A88D6874E87CA862286A685528582982C
:107C300039A03285EFF0CF98AA8711ED3945F2507F
:107C40006254D2544259B259225A925A025BF24BB0
:107C5000624C216182802946A6855285829745D54E
:107C6000F9BFD8408347170003470700A207D98F01
:107C7000C2070D67C187930607906384D72263CE3E
:107C8000F60693062780638ED70C63C1F6021307AE
:107C90000780E3CFE7F62D45E39309FADC4403C6FA
:107CA0000700CC432310C900228569A2130737803F
:107CB000E390E7F62D45E39409F885472310F90092
:107CC000DC44814583C707002300F40003D5A400EA
:107CD000050542054181EFF0CFD2835709006317B4
:107CE000051291072310F900114681451305140070
:107CF0009790FE1FE780A0B029A293062790638388
:107D0000D71863CED71293063790638CD718130712
:107D10004790E39FE7EE2D45E39309F2DC441D47CE
:107D20002310E90003C707002300E40003C717007E
:107D3000A300E40003D727002301E40003D72700B2
:107D40002183A301E40003C747002302E40003D713
:107D50006700A302E40083D76700A1832303F40034
:107D60004DA02D45E39D09ECDC446C0083C9170050
:107D700003C70700A209B3E9E90011472310E9008E
:107D800083C707004E852300F400DC4483C7170037
:107D9000A300F400EFF0EFC6AA8435C50356C10076
:107DA000C1659306E100FD158329C500EFF0BFD63C
:107DB00019ED83C60400D0408945179501001305CD
:107DC000A557EFF0F03601E5FD572317F10003C783
:107DD000090089476310F70283A549000946130586
:107DE00044009790FE1FE780009E83570900890793
:107DF0002310F9008357E1002301F400A183A301BC
:107E0000F40001452DBD23173101EDB703470500EF
:107E10008907BA972310F9008357A500A300F4003F
:107E20008357A500A1832301F400034605004C41BC
:107E3000130534009790FE1FE780E098D9B7C84437
:107E40009790FE1FE780C09C93170501C1832A8786
:107E50001D45E3E637DF6399F90023100900CC44A0
:107E600003560900CE9589B54207B3863A0141838E
:107E700063C7E600B38737412310F900CDB723105D
:107E80005901F1BF2D45E39C09DACC445285EFE05E
:107E9000FFD1231079012300A4002181A300A400B5
:107EA0008DB72D45E39D09D8DC442310790183C7A4
:107EB00007002300F400DC4483C71700A300F4008C
:107EC00089B75D71CAC02A89035525004EDE52DC90
:107ED00056DA5AD85ED662D466D26AD06ECE86C6DC
:107EE000A2C4A6C22E8BEFF0B038130CF5FF931D81
:107EF0000C01C16BAA8A814917EAFE1F130A8ADFA7
:107F000093DD0D01938C01A7138D81A6FD1B835773
:107F1000C90063F8F90097E7FE1F83D7A7DD63CE9A
:107F200087010355290097E5FE1F9385A5DCEF0027
:107F30000102AA841DCDD9442DA883278900139757
:107F400019009305E100BA9703C4170083C707001F
:107F500022045D8C2285EFF0CFAAAA851DE92310AB
:107F60008B0003254A00854409C59790FE1FE780D2
:107F7000206BB6402644268506499644F259625A3B
:107F8000D25A425BB25B225C925C025DF24D61614F
:107F900082808348490083A60C000356E100035504
:107FA00029006E8881476A87EFF01FC3AA8411C534
:107FB00023108B0003254A0045BF83274A0095E321
:107FC00003552900514781465E86BD45EFE06FF8B5
:107FD00097E7FE1F23A2A7D209E523108B00C54413
:107FE00049BF97E7FE1F83D7E7D003D781A63E9707
:107FF0006347570113C7F7FF56972394E1A603255C
:108000004A0083A50C0003D681A63E959780FE1FEB
:10801000E780607B83570A0003570D008509C2097A
:10802000BA9717E7FE1F2317F7CC93D90901C5B5F7
:10803000397122DC2A840355250006DE26DA4AD867
:108040004ED652D45AD05ECE62CC66CAAE8B56D2D1
:10805000EFF010222A8A8346C4008355A4000355FA
:10806000840078001306D400930CBAFF651AEFF071
:108070006FE0420A416B2A898144135A0A01138C2A
:1080800001A797E9FE1F9389E9C67D1B63020904D6
:1080900063D094058348440083260C000356C10036
:1080A0000355240052888147138781A6CA85EFF0C3
:1080B000BFB215C5814A0356C1008355A4004A8545
:1080C0009306E100EFF03FA52A89639D0A065DFD56
:1080D000E5E08357840029452390FB0081A00356E7
:1080E000040183D781A6E317F6FC83250C004848DA
:1080F0009780FE1FE780207655DD83A74900A1E326
:1081000003552400454781465A869D45EFE06FE4BC
:108110001DE18357840045452390FB00F2506254D3
:10812000D2544259B259225A925A025BF24B624CD3
:10813000D24C2161828097E7FE1F23AFA7BA835AF2
:10814000A90095BF83A74900A6972380570193876D
:1081500014001397070183A74900418393DA8A002B
:10816000BA97238057011387240083A64900938779
:108170003400420791044183C207C204C183C18015
:10818000369711CD8356E1002300D70003A749009D
:10819000BA970357E10021832380E700C5BDFD5650
:1081A0002300D70003A74900BA972380D7000DB753
:1081B00003552400898097E5FE1F9385A5B397E7B3
:1081C000FE1F239997B2EFF0903E29D95945B9B7D0
:1081D000411122C406C693F705012A84328585C35E
:1081E000EFE05FD1AA8505462285EF20E07D954727
:1081F0006305F500BD47631DF502214515A893F7FA
:10820000450099CBEFE01FCF0546AA852285224481
:10821000B24041016F20407B93F7050489C7EFE02E
:108220007FCD0146DDB713F51500133515000605A2
:10823000B24022444101828079714AD04ECE52CC64
:1082400006D622D426D22A8AAE89014983D749008C
:108250006364F9000145A1A083A709001314190064
:10826000930414003387970003470700A29703C5C0
:10827000070022079305E100598DEFE09FF805E91B
:1082800083A7090005453E94034704002380E700C7
:1082900083A70900BE9403C70400A380E700B2507F
:1082A000225492540259F249624A456182808345C0
:1082B00085000356E1005285EFF09FF105C183A7C9
:1082C00009003E94034704002380E70083A70900C8
:1082D000BE9403C70400A380E700D1B70509420993
:1082E00013590901A5B7011122CC2A8403D5050031
:1082F0009305E10006CEEFE0DFF001CD8345850078
:108300000356E1002285EFF0BFECF24062440561C4
:1083100082800545DDBF397126DAAA840355250020
:1083200006DE22DC4ED652D456D25AD05ECE62CC75
:1083300066CA6AC82E8A4AD8EFF08073AA8A83C6B2
:10834000C40083D5A40003D58400138CAAFF780051
:108350001386D400EFF00FB2420CC16CAA8901441D
:10836000135C0C01138B81A6938B01A7FD1CED1AE6
:1083700017EDFE1F130D0D98638D09180356C100EC
:1083800083C5890003D52400EFF09FE42A89631D8B
:10839000051683C8440083A60B000356C10003D50D
:1083A000240062888147138781A6CE85EFF0DF82A3
:1083B0002A89631B051439C003D781A6110797E7E3
:1083C000FE1F83D747936395E700A29763C05709C1
:1083D00097E7FE1F83D727923354F40203D5240076
:1083E00097E5FE1F9385059197E7FE1F23948790DD
:1083F000EFF070392A890DC559491DA003D5240015
:10840000494781466686C545EFE0AFB497E7FE1F52
:1084100023A4A78E0DE583D7A90045492310FA00B0
:10842000F25062544A85D2544259B259225A925A51
:10843000025BF24B624CD24C424D216182808357E9
:108440000B00910717E7FE1F2317F78A83274D00BC
:1084500003D7A9009306E100A2972380E7009307C2
:1084600014001397070183274D0041834E85BA9767
:1084700003D7A90021832380E7000356C10083D5D9
:10848000A400EFF04FE983264D00130724000356A4
:10849000E1004207418336972300C70003274D00C0
:1084A00093073400C207C183BA970357E100AA8932
:1084B000110421832380E70003254D0042044180FD
:1084C00003D681A683A50B002295639509029780A8
:1084D000FE1FE780402F83570B003E9442044180EB
:1084E000E31804EE83D784002310FA00E31A09F29C
:1084F00029493DB79780FE1FE780E02C83570B008A
:108500003E94420441808DBD83D7A9002310FA0018
:10851000C1BF0149F1B75D71A6C2CAC0AA8403599F
:10852000850003552500A2C44EDE56DA5AD85ED621
:1085300062D466D26AD086C652DC6ECE2E8BEFF045
:108540002053930BD5FF7115931905010144138D29
:10855000D40093D90901138C81A6938C01A797DAD3
:10856000FE1F938A2A796358741583C6C40083D585
:10857000A4001307E1006A864A85EFF0AF8FAA8D49
:10858000630B05120359A500834585000356E100DE
:1085900003D52400EFF0DFC36314051283C8440041
:1085A00083A60C000356E10003D524004E888147C2
:1085B000138781A6EE85EFF02FE2631305101DCC23
:1085C00083D781A617D7FE1F0357E7728907630E6B
:1085D000F70697D7FE1F83D707723354F40203D5EB
:1085E000240097D5FE1F9385E57097D7FE1F239330
:1085F0008770EFF0900505C5594515A003D52400F7
:1086000041664D4781467D16A545EFE08F9497D78B
:10861000FE1F23A3A76E1DE123102B014545B64085
:10862000264496440649F259625AD25A425BB25BDA
:10863000225C925C025DF24D6161828083570C0086
:10864000890717D7FE1F2318F76A83D781A6A29739
:1086500063D3770783A74A0003D7AD00130A24002A
:10866000A2972380E70005049317040103A44A009E
:10867000C183420A3E9483D7AD0083A50C00135AF0
:108680000A01A1832300F40003A54A0003D681A6B2
:1086900052959780FE1FE780001303540C00C167BA
:1086A000FD17529442044180E30FF9EA050942099B
:1086B000135909014DBD294509FC23102B0185B72C
:1086C0006DDC01BF8357050081E789473E858280C5
:1086D000411126C2444122C406C683C60400D040CC
:1086E0002A848945179501001305C5C4EFF040247D
:1086F00019C9834724002547E51793F7F70F6376D9
:10870000F702E14729A883C60400D04089451795A0
:108710000100130565C2EFF0A02161FD8947B24059
:10872000224492443E854101828083D6418585471B
:10873000FDD6035704003697C166E3C2E6FE916595
:108740009385257031459790FE1FE78000E1AA844C
:10875000CD4771D5314681459780FE1FE780200ABD
:108760008357040083D5418501460147B386E50060
:10877000C206C1826369F702AE97C207C18319C2FC
:10878000239AF18423A004002146A2851385440086
:108790009780FE1FE7802003938741A79C4391EFBA
:1087A00023AA91A631A850401315470005072A9621
:1087B0002315D60005465DBFBA87984375FF84C36D
:1087C0008147B1BF011106CE22CC26CA4AC809E9A9
:1087D0008944F240624426854249D2440561828040
:1087E0002AC62A84280036892314B1002305C10033
:1087F000EFF05FEDAA8471FDE30D09FC8357A4003F
:10880000E1DB91659385557031459790FE1FE780B8
:10881000C0D40DC58357A4002320050023242501BF
:108820002312F500938701A89C4389E723A0A1A800
:108830004DB7BA87984375FF88C361BFCD4451BF18
:1088400083C7A1A695E385472385F1A6058909CDB0
:1088500097A6FE1F9386C6E74146914517A5FE1FC2
:10886000130505E36FF01FF601458280A384A18400
:108870008280C167FD176315F5002E856FE06FA339
:10888000411106C6EFE0EF9C11C5FD572310F5001E
:1088900023010500B2404101828001114AC806CE81
:1088A00022CC26CA85472A896393F5044A85EFE0DE
:1088B000AFCC39E9C1649385F4FF1307E100894621
:1088C000179601001306C6A50545EFE0BFDA2A8416
:1088D000FD140DC44C444A85EFF0BFF90356E10086
:1088E00022858146A685EFF00FA32A84DDB789474C
:1088F0006396F5008545EF20802C4DD9F240624407
:10890000D244424905618280EFE00FC265B7411150
:1089100006C623AC01A623AE01A623A601A617D541
:10892000FE1F0345B54641CD9307200C3305F502E4
:108930009165938515701905420541819790FE1F39
:10894000E780A0C123ACA1A69307200C17D6FE1F79
:108950000346D6433306F602814519069780FE1F6B
:10896000E780E0E9938781A79C4317D7FE1F034761
:10897000F74181459386870B7D5563E8E5069306AD
:10898000800BB306D7020146FD550507B69723AE07
:10899000F1A6BE862390B600A381B6002381B6005F
:1089A0002382060005069906E366E6FEF956239043
:1089B000D70099463307D702BA9723A6F1A617E541
:1089C000FFFF1305C565EFD0DFD217F5FFFF1305D5
:1089D0000581EFE0907C17E5FFFF1305C55AEF20F6
:1089E0004015B2400145410182802394A6F41386CC
:1089F000C6F423100600232406003106E31BD6FE2E
:108A000085059386860B95BF411122C42A8406C62C
:108A1000EFD04FF5EFE02F8C238481849387C1A69C
:108A20008843EFE00F89238B81842244B2401705ED
:108A300000001305C5E641016F20A00F93970501C3
:108A4000C18763D00736797103C5818422D452CCA3
:108A500006D626D24AD04ECE2E8AEF80AFF12A8497
:108A600021C9034705009307000B6310F7048547EE
:108A7000A304F100938701A79C4323150100A1E7FC
:108A8000EF00C07D9165938535709790FE1FE7805C
:108A9000C0AC23A8A1A605E98347910099C78345E7
:108AA000440013058400EFD09FE22285EF806FE53C
:108AB000B250225421653345AA0092540259F2491A
:108AC000624A456182806146814517D5FE1F1305C4
:108AD00065229780FE1FE78080D2034944008947C2
:108AE00097D9FE1F93890921631DF906EF000077CE
:108AF00097D7FE1F2390A72003552400CE85EFF0C3
:108B0000C0190357240097D7FE1F83D7A71E83568B
:108B1000840011ED63E4F6002314F400835584000F
:108B20003A85EFD07FBD2285EFD05FB4B5B763E45F
:108B3000F6002314F40083578400D9450D4697D6D8
:108B4000FE1F2399F61A97D6FE1F9386A61A3A851A
:108B5000EFD0DFB48D4561D917D5FE1F13058519F8
:108B6000E1A09947631CF9029305A1002285EFF06B
:108B70002FCCAA844DD9D947639BF40E0509035520
:108B800024001379F90FD94597D6FE1F93868616D0
:108B90004A86EFD0BFB0CA8559D57DBFA1476318BB
:108BA000F9009305A1002285EFF0FF96D9B7A947F8
:108BB000631FF906035584006C00EFE08FE4AA847C
:108BC000630705160355240041669306E1005547E7
:108BD0007D16AD45EFD0FFB797D7FE1F23AEA71088
:108BE000AA8649C1834844000358E1000356C100E6
:108BF00003552400A68581474E87EFE0FFFDAA8438
:108C00006316051003552400CE85EFF0E029E30C30
:108C100005F003552400CE862D46D945EFD01FA878
:108C2000E30305F0AD454E85EFD07FCAEDBDB147FA
:108C30006315F910035584006C00EFE08FDCAA8403
:108C40006307050E0355240041669306E10059476A
:108C50007D16B545EFD0FFAF97D7FE1F23AEA7080F
:108C6000AA863DE183578400C5442315F1000347DC
:108C70001400D147E309F7EA834744000355240071
:108C800097D5FE1F9385050717D7FE1F2304F70608
:108C90008357A10017D7FE1F231FF70497D7FE1F86
:108CA000238C9704EFE0B06EE30F05E60355240034
:108CB00097D6FE1F938606040546D945EFD01F9E22
:108CC000E30305E6854549BD834844000358E100B8
:108CD0008357A4000356C10003552400A6854E8780
:108CE000EFE09FEFAA841DE103552400CE85EFF04D
:108CF0006021E30A05E203552400D945CE863546B6
:108D0000EFD0DF99B545E30005E2B9B5D9476393E4
:108D1000F400814403A549009790FE1FE78040902E
:108D2000E38304E0835784002315F10089B7835758
:108D3000840085442315F1001DBFB9476318F9006D
:108D40009305A1002285EFF0CF9725B5C1476318A1
:108D5000F9009305A1002285EFF0EFDB19BDC947AB
:108D6000631AF900130691009305A1002285EFE034
:108D70002FFB01B5D947631DF9009305A10022859A
:108D8000EFE02FE9AA84E31805DEA304010061BB2C
:108D9000E147E31AF9D89305A1002285EFE08FD5CA
:108DA000C9BB01458280F9CA011152C42E8A85458A
:108DB00022CC4EC656C206CE26CA4AC8AA8AB68950
:108DC0003284EF10D05FD14715C183C7C1A883C6D5
:108DD000D1A8814419E0B684BE86138741A8184300
:108DE00093974400BA9763EDD400D547F2406244AC
:108DF000D2444249B249224A924A3E850561828064
:108E00003E89C10703D727FF09C7850493F4F40FF0
:108E1000D9BF39CC9565938525C01305000297808D
:108E2000FE1FE78080732326A90061D1130600028C
:108E30008145938404049780FE1FE780409C2311A2
:108E40009900230009002313590115C4138741A970
:108E50008347940010432304F900118C8327C90031
:108E600011841180238E870023A029018147BDBF73
:108E700023260900F9B723044901FDB785473E853C
:108E80008280938741A8984383C5C1A88147639591
:108E9000F50081463685828003562700BA8619C2BE
:108EA000E30AA6FE850793F7F70F4107CDB793872F
:108EB00041A8984303C6C1A881476315F6008146BF
:108EC0003685828083552700BA8689C58345470049
:108ED000E388A5FE850793F7F70F4107F9BF93874E
:108EE00041A9984383C5F1A881476395F500814660
:108EF0003685828003560700BA8619C2E30AA6FEA9
:108F0000850793F7F70F4107CDB7938741A89C4397
:108F100003C8D1A801476315E800814636858280E1
:108F200003D62700BE8619CA03D667006318A600B9
:108F3000D04709C603562600E302B6FE050713779D
:108F4000F70FC107C9BF411122C4404526C206C65A
:108F5000AA8415C0484409C59780FE1FE780406C6D
:108F6000484809C59780FE1FE780806B228597805F
:108F7000FE1FE780E06A2685414681459780FE1FF7
:108F8000E780E087B2402244FD57A384F400924476
:108F900041018280011122CC2A840355250006CE8E
:108FA0002EC6EF10700C324622858145EF00106905
:108FB00022856244F24005616FF0FFF80DC503574A
:108FC0002500411122C406C62A8411CBDD45EF00DD
:108FD000D06A22852244B24041016FF0DFF6B240F0
:108FE0002244410182808280411126C2314793048C
:108FF000C5FF3387E40297D7FE1F938727D106C6A4
:1090000022C43E978356A7006397B602484305C51E
:109010003E849307F00F6306F60083470500639CC8
:10902000C7009780FE1FE780A05FB147B387F402B7
:10903000A29723A20700B2402244924441018280B9
:10904000411122C42E8426C24946AA848145228524
:1090500006C69770FE1FE780807AB9CC83C7C4012B
:1090600013974700938741A99C43BA9703D70700FA
:109070002310E40003D7270083D767002311E400FF
:109080001387A1A8035707002312E40003D70400A5
:109090002313E40003D724002314E40003D744007F
:1090A0002315E40003D764002316E40003D78400EB
:1090B0002318F4002317E400B240224492444101F3
:1090C0008280938741A903A80700938741A8904312
:1090D00083C5C1A8014781476394E5003E8582802E
:1090E0008346060081CE544691CA83C6C6019206C5
:1090F000C2966315D500850793F7F70F0507137719
:10910000F70F4106D1BF130600643386C5029306EC
:109110009500AA8517050000130585EA6F80EFE02A
:10912000411122C406C62A8403459500EF808FF3BF
:10913000FD57A304F400B240224441018280011192
:1091400022CC4AC84EC652C456C206CE26CA2A8966
:10915000AE890144138A41A89D4A83C7D1A863629E
:10916000F40463970902938941A8130AF00F83C797
:10917000C1A86366F4061144A14422850504420493
:109180001306F00FCA854180EFF01FE6E31794FE47
:10919000F2406244D2444249B249224A924A0561AD
:1091A000828083270A0093144400BE9483C704007E
:1091B0009DC383D76400639027036396590103D549
:1091C0002400EF10606A26854E868145EF00104727
:1091D0002685EFF05FD705041374F40FBDBF83A796
:1091E000090093144400BE9483C704009DC383C741
:1091F00094006380470383D76400639C270126851E
:10920000EFF01FF22685D145EF0030472685EFF0BD
:109210009FD305041374F40F99BF41677917630B4B
:10922000E502411122C406C685472A846399F500E8
:1092300022852244B240814541016FF05FF08947A9
:109240006396F5008545EF1090177DD1B24022441A
:109250004101828082809D456FF07FEE03D5A1A8F9
:109260008280011106CE2317A1002316B10003C787
:1092700081A885476318F70070009305E100054554
:10928000EF50D016F24005618280A947631CF604B6
:1092900083C7150003C70500A207D98F2310F50067
:1092A00083C7350003C72500A207D98F2311F50016
:1092B00083C7550003C74500A207D98F2312F500C5
:1092C00083C7750003C76500A207D98F2313F50074
:1092D00083C7950003C78500A207D98F2314F50023
:1092E000014582800545828091476314F60283C759
:1092F000150003C70500A207D98F2310F50083C707
:10930000350003C72500A207D98F2311F5000145B9
:109310008280054582809387C5FF93960701C182AD
:109320000D476360D70231473387E70297D7FE1FA7
:109330009387C79DBA972381A7002390B700014563
:1093400082800945828013074020AA876374A700A2
:1093500093074020F1172395F1A82387B1A823880C
:10936000B1A882801905956542054111938535C0E4
:10937000418106C69780FE1FE780201E11C5B240BE
:10938000E95541016FE02050B240410182802386BF
:1093900001A8238701A8A38701A8A38601A8238485
:1093A00001A885470111A384F1A806CE2AC622CCC4
:1093B000238F01A8239501A823A201A8EF10C05371
:1093C0003245130600038145238CA1A817D5FE1F43
:1093D0001305C5939770FE1FE780604203C5C1A9BE
:1093E00005CD9565938545C012059780FE1FE780E2
:1093F000C01623AAA1A80DC19387C1A983C71700CE
:1094000003C6C1A98145A386F1A8A387C1A81206F6
:109410009770FE1FE780A03E9387D1A883C70700FF
:1094200017D5FE1F0345859695653E951375F50F77
:109430002386A1A8938555C012059780FE1FE7805B
:10944000C01123A2A1A841C103C6C1A8120681452B
:109450009770FE1FE780A03A938741A8984383C680
:10946000C1A8814725077D566398F604EF10C06BAD
:10947000B1473305F5029565938565C04205418185
:109480009780FE1FE780600D23A0A1AA2A8401CD4A
:10949000EF10806931463306C502814522859770F9
:1094A000FE1FE780C0356244F24017050000130537
:1094B00005D705616F10E06785072300C70093F7A4
:1094C000F70F410755B7238601A8A38601A879BFE6
:1094D00041119397050126C206C622C4C187AE84F6
:1094E00063DA070803C581A9EF70DFC82A8429C998
:1094F00003470500930700096311F70403471500AC
:10950000CD476317F7060345250097C5FE1F83C5A2
:10951000556983C7E1A893066400014601472E8878
:109520006317E50219C22387F1A883C7E1A891C791
:10953000854503C581A9EF709FF52285EF707FBC3B
:109540002165258DB240224492444101828003C6A8
:109550000600B29713F6F70F9377F80F6374B6000F
:109560009377F60F05071377F70F890605464DBF6A
:109570000125E1B793F715000145E9D7EF00106C1D
:1095800009C983C7E1A891C7854503C581A9EF70C3
:109590001FF013C514007DB785462A8763FBC604F8
:1095A00083C7150003C60500A207D18F2310F5005D
:1095B000639CD70083C7350083C62500A207D58FDB
:1095C0002311F50001458280894601456394D70245
:1095D00083C7350083C62500A207D58F2311F70066
:1095E00083C7550083C64500A207D58F2312F70015
:1095F00082800545828091476314F60283C7150077
:1096000003C70500A207D98F2310F50083C73500D3
:1096100003C72500A207D98F2311F50001458280D9
:109620000545828091476314F60283C7150003C77E
:109630000500A207D98F2310F50083C7350003C7A3
:109640002500A207D98F2311F50001458280054529
:109650008280A1476314F60483C7150003C7050081
:10966000A207D98F2310F50083C7350003C7250053
:10967000A207D98F2311F50083C7550003C7450002
:10968000A207D98F2312F50083C7750003C76500B1
:10969000A207D98F2313F5000145828005458280FA
:1096A0008947631CF60083C7150003C70500A2079E
:1096B000D98F2310F50001458280054582808357AC
:1096C000260079714ECE06D622D426D24AD0130770
:1096D000F007AE896372F70209473AC42316F10016
:1096E000300093F5F50FEF100017B250225492544A
:1096F0000259F2494561828003574600D9462A89BA
:10970000328463F8E6008357660063F4F6006379F9
:10971000F70023140100300093F5F90F4A85E1B7F3
:109720000355060002C4EFF08FFBAA8459C1EFF085
:109730005F9983C784006369F5001146A246CE8510
:109740004A85EF10E00655B7340026869305F00FE2
:109750004A85EFF04FE575F1A24703578400DC47D7
:109760002390E700035724002391E70003574400A8
:109770002392E700035764002393E70003D74400D4
:109780002394E700DC4485CB93F4F90F2286A68569
:109790004A858297C167FD172A86E311F5FA2245AB
:1097A0009947F9452300F50023029500EFF0BF9596
:1097B0002DBF094661B7014651B7A947631CF6049E
:1097C00083C7150003C70500A207D98F2310F50032
:1097D00083C7350003C72500A207D98F2311F500E1
:1097E00083C7550003C74500A207D98F2312F50090
:1097F00083C7750003C76500A207D98F2313F5003F
:1098000083C7950003C78500A207D98F2314F500ED
:10981000014582800545828083C705002300F5004D
:1098200083C71500A300F50083C7350003C72500D3
:10983000A207D98F2311F50082802322050003C7D8
:10984000450089476304F7000545828083D665009B
:109850000D47E37BD7FE9C45011106CE22CC26CADC
:109860004AC84EC683C4170003C60700A204D18CA1
:10987000138644006311D60403C4370083C727004E
:10988000AE8922045D8C9307C4FFC207C1832A8975
:10989000636FF70003A58900231199002310890045
:1098A000F155EFD0507E2322A900014531A0228539
:1098B000EFF02FDD65F10545F2406244D2444249A4
:1098C000B24905618280397122DC2E84834704000D
:1098D0004AD806DE26DA4ED619472A89B285639A17
:1098E000E706034624002800EFF0FFD0AA8415E91C
:1098F00003558100EFF0EFD8AA898345140015C9FC
:109900002E8617170000130767E834009D454A8527
:10991000EF00903E4E85094681450D234E85EFF0C0
:109920008FE2F250625426854259D254B2592161D5
:10993000828089472310F100835781000A86231112
:10994000F1008357A1002312F1004A85EF00B070A7
:10995000C9BF4947639DE702035624002800EFF082
:109960005FCFAA845DFD97C7FE1F83D7E73A99E3CF
:10997000814445BF03471400834604003C00014670
:10998000CA8517C5FE1F03454539352E59BF5147B6
:109990006390E702035624002800EFF01F8FAA848B
:1099A00049F18345140030004A85EFF05FD195BF3F
:1099B0005947639FE704035624002800EFF0DF9225
:1099C000AA8425F1835581004A85EFF00FD41DC587
:1099D00058458356A10083570700B697C207C18335
:1099E0002310F700D1D75C47C1D783C7E1A8C9D3FB
:1099F000854503C581A9EF709FA925B789473EC05A
:109A0000835781000A86834514002312F10035BF75
:109A1000834514000A8623100100EF00D06389BF3C
:109A20005D71A6C256DA86C6A2C4CAC04EDE52DC3A
:109A3000AA8A03C51500AE8432C6EFF04FC7B245FF
:109A400001ED8144B6402644268506499644F259E4
:109A5000625AD25A616182802302050023110500F7
:109A600083C9040085472A84639AF90003C6240049
:109A70002808EFF07FB2AA8405492DA09D47639482
:109A8000F904034705008D47E31DF7FA03C62400D8
:109A900028080549EFF01FB9AA8409E50546814564
:109AA0002285692E2285EFF0AFE7034584003C084C
:109AB0000147CE862686D6853924E30509F8228516
:109AC000EFF06FC841B7CD47639DF900034705002C
:109AD0009147E318F7F603C624002808EFF05FBCAF
:109AE00059BFD547E39FF9F4034A05008947E31AB4
:109AF000FAF403C6240028080549EFF01FCCAA8415
:109B000055F183570102BDE3035781011306F003AA
:109B10005C44930607FCC206C182636CD600035600
:109B2000A101D94663F7C6008356C101D94563EF49
:109B3000D500035524002391E7000549EF00D052DA
:109B400003560102D2852285612CA9BF8355E1010C
:109B50002391E7002392C7002390B7002393D700F7
:109B600085472300F400014A0149D9BF014AC9BF12
:109B70007971AA8522D426D203542500AA84280804
:109B800006D6EFF09FCBF24599E535E9854522856C
:109B9000EFF02FEDC1A0835781011547639BE706C6
:109BA0000357A1018D4763FCE7046800EFF0DFC6AF
:109BB0000357E100DD4763FCE7008345D100B707A9
:109BC00017008507100822853EC8EF00D04883574C
:109BD000E1000357A10191076305F7002285EFF02B
:109BE0008FE78347C10072466C00858B1106228582
:109BF00091CFEFF0FFE201C52285EFF0CFE5884479
:109C000051D59780FE1FE780A0A149B7EFF0BFCBE9
:109C1000DDB711476389E7001387A7FF4207418338
:109C2000854663EEE6023147F117B387E70217C7AF
:109C3000FE1F1307A70DBA9703D7070069D303C503
:109C400027003008A2850D205DF903578101914757
:109C5000E31EF7F2B25022549254456182802C08E0
:109C60002285B92649FDFDB701114AC82A89314527
:109C700026CA06CE22CC2EC6B284EF704FCB31C19D
:109C8000B2459307000A2310F5002311B5002A847A
:109C9000214611058DC0A6859770FE1FE780A0B2F2
:109CA000A2854A85EF708FD30145F2406244D244C9
:109CB00042490561828081459770FE1FE78020B48C
:109CC000C5B70545DDB7797126D2AA841305000210
:109CD00006D622D42ECE32CC36CA3AC83EC6EF7053
:109CE0000FC531C96246F2454247D246B2472A847F
:109CF000130520FA2300A400A300C4002311B4001C
:109D00002302E400A302D40013058400614691CF2E
:109D1000BE859770FE1FE78000ABA2852254B2502B
:109D20002685925445616F706FCB81459770FE1FF9
:109D3000E780E0ACDDB7B250225492544561828096
:109D40005845797122D406D62A84AE8641C38357FA
:109D50002700231DF10093072006639FF5049387D6
:109D6000A1A803D60700835767006373F600B28784
:109D700013F6F70F83552701834707018D8F93F75C
:109D8000F70F81E5890793F7F70FB297FD17B3C770
:109D9000C702231EF1008357240083556400034546
:109DA0008400231CF10001473C080146EFF0BFF19D
:109DB000B2502254456182800347C701938741A96D
:109DC0009C431207BA9783D76700E1B72EC619469E
:109DD000814528089770FE1FE78060A2B24665BFE4
:109DE000797122D406D626D22A848DC181470147B3
:109DF000930600062E868355640003458400EFF029
:109E00009FECB2502254925445618280B284280063
:109E100059469770FE1FE780809E2314910089E8C1
:109E20008357240048446C002315F100EFF04FA144
:109E30003C00014793060006014675BF797106D6BE
:109E4000814799ED8357250058452316C1002314F7
:109E5000F1003C0011C7835727002315F1003C0097
:109E60002E8683556500034585000147930600064D
:109E7000EFF07FE5B25045618280411122C406C6F1
:109E80008347050011472A846395E7022E86835590
:109E900065000345850081470147CD46EFF0BFE2ED
:109EA0004946835564002244B240154541016FF094
:109EB000AF9313F7B70F89466317D7000146EFF04A
:109EC0003FF25146F9BF0D476398E7002244B24084
:109ED000014641016FF09FF6B24022444101828069
:109EE00083D705003147F1173387E70297C7FE1F75
:109EF0009387C7E1BA97D84319EBD8412395A700B8
:109F00000145D8C303D725002394E7008280594533
:109F10008280797122D4404526D24AD006D6AA84BE
:109F20002E8925C0484419C59770FE1FE780406FF1
:109F3000232604008357040083D5640003C58400EE
:109F40002315F1008357240001479306400623168A
:109F5000F100835784004A862317F1001C483EC84D
:109F600083D724002314F1003C00EFF0DFD5A30ECB
:109F7000240123280400B25022549254025945610E
:109F800082802800314681459770FE1FE780208738
:109F900083D7240083D5640003C584002314F10013
:109FA00001473C00930640064A86EFF0DFD1E1B757
:109FB000797152CC2A8A03D5050026D206D622D43E
:109FC0004AD04ECE56CAAE84EFE0BFEB19E18547CA
:109FD000BDA84045AA8965DC83576500E39947FF22
:109FE00083578400638707128346C401938A41A97B
:109FF00003A70A009206FD173697C20703576700AA
:10A00000C1832314F4006316F70093053006EFF0C4
:10A010003FD35C48A5EFC8400349150083470500BE
:10A0200022093369F90083D7240013072900631A32
:10A03000F702F955EFD03005C8C02391240103C5BC
:10A0400089002686D285EFF03FC2814721E1B250D8
:10A05000225492540259F249624AD24A3E854561DD
:10A0600082809565938515C04A859770FE1FE780AD
:10A07000C04E48C8C840231C2401F955EFD0B00099
:10A0800083D72400C8C0F9172391F400484859C564
:10A0900003D624008356A401835784013308D600D5
:10A0A00063C007090347C40183A70A009545120747
:10A0B000BA9783D7270063CF0705CC4036959760C2
:10A0C000FE1FE78040700357A40183D72400BA978E
:10A0D000C20703578401C183231DF400E399E7EE0F
:10A0E00003D7290003C5890030002314E100584834
:10A0F000D2852315F1003AC6EFF01FB711C54848C5
:10A100009770FE1FE780C051232A0400232C04000F
:10A110007DBD99454E85EFE0FFE755BDA545DDBF07
:10A120009145CDBF03D7250079CB83D6A1A8ED47B4
:10A1300063E8E60C011122CC2E8426CAAA8448408A
:10A14000914506CEEFD0207483572400AA862300C1
:10A15000F50083572400A183A300F5008357040072
:10A160002301F50083570400A183A301F5000356E2
:10A170002400C167F9171106420641826394F40472
:10A180002AC4314532C6EF609FFAAA85CD470DC576
:10A19000930700F93246A2462300F500F957231130
:10A1A000F50089472302F5002313C50014C503C534
:10A1B00081A9EF70AF828147F2406244D2443E856C
:10A1C0000561828081452685EF40F02FAA8701E94D
:10A1D00003C7E1A875D37D172387E1A8F1BF09471D
:10A1E0006302E5021D476301E50249476300E5029A
:10A1F0007D47E313E5FC03C7E1A88147E1BFED47D5
:10A200003E858280D1474DBF91477DB789476DB765
:10A21000011122CC4AC831441309C5FF3304890215
:10A2200097C7FE1F938787AE06CE26CA3E94584036
:10A2300031C783C6E1A8BE84854795CA2314A1000F
:10A24000835784000355A4002C003AC62315F1005F
:10A25000EFF05FED11C548409770FE1FE780403C6E
:10A26000B147B307F902A69723A207008547F2403A
:10A270006244D24442493E85056182808147C5BF20
:10A28000797126D244451387A1A84AD083D76400A8
:10A290000359070052CC06D622D44ECE56CA2A8A7B
:10A2A00063F327013E8903D72401420913590901A9
:10A2B00083D7040141CB998F4A8463D52701139436
:10A2C0000701418089452285EFF0CF89AA89CD4ACF
:10A2D00025C183D724002AC6231581002314F10049
:10A2E00083D7240185E383D7040193092500230044
:10A2F000F50083D70401A183A300F500637624054C
:10A3000003D4040183D72401CC4422864E85BE9514
:10A310009760FE1FE780204B03556A002C00EFF08A
:10A320007FE0AA8A15C54E859770FE1FE780402FF3
:10A33000B2502254568592540259F249624AD24A86
:10A340004561828089078DBF7914420441805DBFD9
:10A3500003D7240183D704003A94FD17C2074204AF
:10A3600003D70401C18341802390F4002399840022
:10A370006377E400D5FFFD57A38EF40055BF8145F8
:10A380005285EFF01FB96DB701114EC683C9E1A91F
:10A3900022CC52C456C25AC006CE26CA4AC84E84DF
:10A3A000138A41A8854A130BF00F83270A009314E0
:10A3B0004400BE9403C9040063175907DC44A5C7D1
:10A3C000D84735C303D7070039C383C7E1A889CF6E
:10A3D0002685EFF0FFEAAA8515E5050483C7D1A815
:10A3E000635FF400238F81A8F24062444A85D2441F
:10A3F0004249B249224A924A024B05618280238F28
:10A4000001A8DDB72685EFF0DFB00149F1BF83C7B2
:10A41000D701639A6701930520062685EFF05F92C6
:10A42000DC44A38E070005041374F40F83C7D1A87E
:10A430006363F4000144E31A34F7C1BF41111545C9
:10A4400006C6EFF0FFDC09C50545B2404101828038
:10A450001945EFF0FFDB6DF91145EFF07FDB6DF58E
:10A460001D45EFF0FFDA6DF183C7D1A8F9DFB240E7
:10A4700041016FF07FF183D705000D47F117C20747
:10A48000C1836361F706DC41B1CF411122C42E8440
:10A49000854526C206C6AA841D2739C5268581257D
:10A4A000C167F917638FF40009ED8357240091CB3E
:10A4B000835604001947639FE60203D7A1A863FBF4
:10A4C000E70283C7E1A8A285268599C72244B24046
:10A4D000924441016FF01FC52244B24092444101B1
:10A4E0006FF01FA0094582805145B240224492443A
:10A4F000410182806D45D5BF397126DA4ED6AA84D6
:10A50000AE895D4589454AD806DE22DC328936C6E9
:10A510003AC4EFE03FE525C522472A84014511C72B
:10A52000B24613054400B685029793578500230071
:10A530003401A30024012301A400A301F4001105A8
:10A540009547231DA100231CF10022CE83C7E1A85B
:10A550002C08268595C3EFF0FFBCAA8411C522857F
:10A560009770FE1FE780C00BF25062542685425957
:10A57000D254B25921618280EFF09F96F9BFCD4449
:10A58000E5B7797126D24AD052CC56CA06D6BA8AD5
:10A5900022D44ECE19472E89B284368A639BE506B3
:10A5A000035526000944EFE0DF8D2AC63DC95C450E
:10A5B0008359650083D727002390F400B2471547DD
:10A5C0002380570103C691A82391E70013071600C3
:10A5D0001377F70FA384E1A82382C70001E705479B
:10A5E000A384E1A85147631AE90015472391E400C9
:10A5F000DC4703D784002394E7005287A686CA85E8
:10A600004E85EFF07FEF2A84324515C4EFE0BF930B
:10A6100009A842867400BE85AA89EFE0CFF82A8493
:10A6200051DD2285B250225492540259F249624AB5
:10A63000D24A45618280F945EFE0FFACDDB783D7B0
:10A6400005002300F50083D70500A183A300F500D2
:10A6500083D725002301F50083D72500A183A3011B
:10A66000F5001145828083D705002300F50083D7CC
:10A670000500A183A300F50083D725002301F50081
:10A6800083D72500A183A301F50083D745002302CA
:10A69000F50083D74500A183A302F50083D76500A9
:10A6A0002303F50083D76500A183A303F5002145AB
:10A6B000828083D705002300F50083D70500A1839E
:10A6C000A300F5000945828083D705002300F5002B
:10A6D00083D70500A183A300F50083D725002301BC
:10A6E000F50083D72500A183A301F50083D745009A
:10A6F0002302F50083D74500A183A302F50083D789
:10A7000065002303F50083D76500A183A303F5004B
:10A7100083D785002304F50083D78500A183A30494
:10A72000F5002945828003D705008546AA872300C6
:10A73000E50003D705002183A300E50003D705004A
:10A74000631DD70003D725002301E50003D72500AB
:10A750002183A301E5001145828009456315A70205
:10A7600003D7250019452381E70003D7250021835E
:10A77000A381E70003D745002382E70003D7450004
:10A780002183A382E700828083D705002300F500A0
:10A7900083D70500A183A300F50083D725002301FB
:10A7A000F50083D72500A183A301F5001145828020
:10A7B000797126D24AD04ECEB2842A89AE892946F2
:10A7C0008145480022D406D636849760FE1FE78074
:10A7D00000032316910085EC835724002312F10017
:10A7E0009387A1A883D707002314F1005C4485C395
:10A7F00083C6C701138741A91843920683D78700F0
:10A800003697035727002315F1002313E1004A85EB
:10A8100017070000130787EB540013F6F90FD5450F
:10A82000EFF09FCD2A8911C19DE085472300F400F8
:10A8300023020400014681452285EFF06FDAB25011
:10A8400022544A8592540259F249456182802285F8
:10A85000EFE06FEFEDB7B286170700001307E7ECE4
:10A860002E8685456FF05FC901112317A100416550
:10A87000700001489307F00F0D479706000093867C
:10A8800046DC99457D1506CEEFF0BFCFF24005615D
:10A890008280B28701482E86114797060000938672
:10A8A000C6DCC9456FF0FFCDB2861707000013075D
:10A8B00087E02E86CD456FF03FC4011122CC26CA19
:10A8C0004AC84EC606CE2A89AE8917B4FE1F1304A5
:10A8D000E44697B4FE1F938464491C4081C7CE852B
:10A8E0004A8582971104E31A94FEF2406244D244EE
:10A8F0004249B2490561828017B5FE1F0345F52A1A
:10A9000093773500098117B7FE1FA301F748AA976F
:10A9100017B7FE1F230CF746BDCF1305C0033385C1
:10A92000A702A5654111850506C69770FE1FE78041
:10A93000C0C223A2A1AA9307C00317B6FE1F0346F5
:10A94000E6443306F60281459760FE1FE78020EB60
:10A95000938741AA9C4397B6FE1F83C626430147AF
:10A9600089077D56634FD700B24013060003814527
:10A9700017B5FE1F1305853C41011763FE1F6700D5
:10A9800003E82390C7002381070023A507020507DA
:10A990009387C703C1BF8280938741AA984317B6A4
:10A9A000FE1F0346A63E81476315F60081463685A5
:10A9B0008280BA861307C703835567FCE389A5FE27
:10A9C000850793F7F70FCDB7011122CC2EC632C4FD
:10A9D00006CE2A84EFF05FFC2246B24511E9C1673A
:10A9E000F9176303F4005145F24062440561828027
:10A9F00054558347450095C213F727014145631419
:10AA0000A700154575F2C18B3D45F9DF83C7A60147
:10AA10000145E3FBB7FC3145C1BFC18B0145E9F7F7
:10AA20001545D9B7797126D2C16422D44AD04ECE09
:10AA300052CC56CA06D62A890144938941AA130AE0
:10AA4000C003FD14854A97B7FE1F83C7273463648C
:10AA5000F400014535A8B307440303A70900BA97DA
:10AA600003D727006316970005041374F40FE1BFA2
:10AA700003C55700300093856700EFB000361946D4
:10AA8000CA8528009760FE1FE780E0DCE31E55FDC5
:10AA9000B250225492540259F249624AD24A456154
:10AAA0008280938741AAC166984397B5FE1F83C5EC
:10AAB000E52D8147FD166395F500014632858280BC
:10AAC000035827003A866306D80003480700E307C7
:10AAD000A8FE850793F7F70F1307C703E9BF4111D6
:10AAE00006C6EFF07FEB11C503554501B2404101A9
:10AAF00082800145E5BF938741AA984397B6FE1F20
:10AB000083C6C6288147110701456393F6008280FA
:10AB10000346070001C605051375F50F850793F772
:10AB2000F70F1307C703D5B717B5FE1F0345052653
:10AB3000828017B7FE1F130767208147BA86314608
:10AB40000C4391E58A07B69788C301458280850743
:10AB50001107E397C7FE4D458280411106C622C406
:10AB6000EFF09FE31DCD2A84035525008545EFF0C6
:10AB7000DFD4485409C59770FE1FE78060AA22857C
:10AB80001306C00381459760FE1FE78040C7FD574D
:10AB90002311F400230204000145B2402244410184
:10ABA00082800945DDBF411106C6EFF0FFDE11C509
:10ABB0000345C500B240410182800145E5BFC16740
:10ABC000F9176304F502411122C406C62E84EFF082
:10ABD000BFDCAA87014591C703C54700698C33359F
:10ABE0008000B240224441018280054582800111EB
:10ABF00006CE2EC6EFF05FDA854711C9035745012F
:10AC0000B24585476305B700231AB5008147F24076
:10AC10003E850561828031C901114AC8416922CC53
:10AC200026CA4EC652C406CE0144AA84938941AABC
:10AC3000130AC0037D1997B7FE1F83C72715634A00
:10AC4000F400F2406244D2444249B249224A0561CA
:10AC500082803305440383A709003E95835725006E
:10AC60006383270182940504F9B78280938741AA00
:10AC70009C43C16617B6FE1F03464611890701456E
:10AC80000147FD1691456313E600828003D8070053
:10AC90006309D80003C8A7006315B800050513753C
:10ACA000F50F05071377F70F9387C703E9BF93875E
:10ACB00041AA944317B6FE1F0346460D014791066D
:10ACC00081476310E602858393C7F7FFC207C183FC
:10ACD00005456364E50285473395A7004205418138
:10ACE000828083C5060081C583D5C602CD8F050746
:10ACF0001377F70F9386C603E9B793F61700E1FEC3
:10AD0000050585831375F50FE9B7797156CAAA8AC7
:10AD10002E8526D24AD04ECE52CC5AC85EC662C4C8
:10AD200006D622D4AE84328B368CBA8B3E8AC28948
:10AD30004689EFF07FC649E141657D15EFF0DFC53B
:10AD40002A84554531CC1946DE8513056400A302DB
:10AD500084019760FE1FE78000A78357010323113A
:10AD60009400230264012319F40083574103230054
:10AD7000540123260402231AF40023064401231756
:10AD8000340123182401EFF09FF22318A402232A90
:10AD900004022685232C04028145EFF01FB20145F1
:10ADA000B250225492540259F249624AD24A424B5A
:10ADB000B24B224C456182804545DDB7938741AA5D
:10ADC000984397B6FE1F83C666FC81476395F600DD
:10ADD00041657D1582803A861307C703835547FF77
:10ADE0006395A500035526008280850793F7F70F2A
:10ADF000F1BF938741AA9443416617B8FE1F0348E9
:10AE0000E8F801477D16954811436314E8000145B1
:10AE1000828083D7260036856380C704CC5A8DCDC7
:10AE200083C7350083C5250089CD938597FD93F5AC
:10AE3000F50FE37FB3FC9387D7FA93F7D70F89EF2A
:10AE400082809385F7FD93F5F50FE3F3B8FC9387C4
:10AE5000D7FA93F7D70FCDDF05071377F70F938650
:10AE6000C60365B7938741AA4166984397B5FE1F0D
:10AE700083C5C5F181477D1625486394F5000145DA
:10AE80008280835627003A85638CC600545B89CA4A
:10AE900083C636009386E6FD93F6F60FE372D8FE7E
:10AEA000850793F7F70F1307C703C1BF011122CC22
:10AEB0002A84494506CEEF804FC215C12AC6228595
:10AEC000EFF09FAD09CD6244324683550503F24051
:10AED00017B5FE1F034535EB05616F608FF2F24039
:10AEE00062440561828039714ED652D4AE892A8A75
:10AEF00093053005414526DA4AD856D206DE22DCD3
:10AF000032C63689BA8A9760FE1FE7800065CD4455
:10AF100031C92A8489446382090432468145231A4F
:10AF2000C10041469760FE1FE780608D5686CE8542
:10AF300022859760FE1FE78000892146630E090283
:10AF4000CA8528089760FE1FE780E087A286500820
:10AF50002C085285EF30104DAA8422859760FE1F81
:10AF6000E780006CF250625426854259D254B2599F
:10AF7000225A925A21618280814528089760FE1FDB
:10AF8000E780E087E1B7411122C4405926C206C6D6
:10AF9000AA8429CC085409C59760FE1FE780406841
:10AFA000285809C59760FE1FE7808067685809C563
:10AFB0009760FE1FE780C066285C09C59760FE1F8A
:10AFC000E7800066685C09C59760FE1FE780406502
:10AFD0000325040809C59760FE1FE7806064228589
:10AFE0009760FE1FE780C06323AA0402224483D532
:10AFF0000403B240924417B5FE1F0345D5D8410162
:10B000006F60BF81411126C206C622C4AE84EFF034
:10B01000BF9821C54C592A84A9C183A8C50703A894
:10B020008507FC59B85983C6650003D6050083C55A
:10B0300025002685EF808FB22285EFF0DFF4EFF058
:10B040007FE201CD2244B240924417B5FE1F034572
:10B0500095D3854541016F608FC3B240224492442D
:10B0600041018280011122CC06CE2A842EC6EFF047
:10B07000BF925C5991CF83D70700B245639A87008E
:10B0800085476397F5006244F24005616FF0BFEFBA
:10B09000F240624405618280411106C622C426C284
:10B0A000EFF03FD529C14059AA8415CC834724002D
:10B0B00085CB9387C1AA9C4389C7DC4399C322856A
:10B0C0008297034734009307F002631EF70022447F
:10B0D00003D52400B2409244814541016FF09FF2B4
:10B0E000938701ABC9BFB2402244924441018280A0
:10B0F000411126C24AC006C622C4AA842E89EFF096
:10B10000BF8931C1405945CC835704006399970AE0
:10B1100083473400130710026399E708834724002C
:10B12000D1C37C540327040883D7470105E713F7ED
:10B1300017000DC3185403574700058B01CF930721
:10B140002002A301F400B240224492440249054582
:10B150004101828013F7270009CB18540357470099
:10B16000098B01C793074002E9BF918B89CB1C541F
:10B1700083D74700918B81C793076002D9B7938724
:10B18000C1AA9C43E9D3DC43DDDF228582970347D4
:10B1900034009307F0028145E317F7FA2685EFF0B4
:10B1A0007FE655B7938701ABE9BF1307A002639809
:10B1B000E7006304090013092003CA85C5B7631CAF
:10B1C00009002685EFF04FFD19C58347450093E739
:10B1D00007012302F500A6854A85EF705FACA5B78D
:10B1E000797126D29947231DB100AA842E858D45F9
:10B1F00022D406D632C636C4231CF100EFE08F9667
:10B200002ACE4D441DC13246A246AA853285829679
:10B210002A8419E52C082685EFF0EFA52A8411C5AC
:10B2200072459760FE1FE780A03F2685EFF01FC89C
:10B230002285B2502254925445618280411122C429
:10B240002E862E849726000093862692894506C670
:10B2500026C24AC02A89EFF0BFF883450400AA84B9
:10B260004A85EFF03FDAB2402244268502499244F3
:10B2700041018280938701AB9C4395CB9C4385CB56
:10B280001D71A2CC86CE984110082A843AC8D841B4
:10B2900085453ACA829701C92306A10003552400B7
:10B2A0006C00EFF0BFF9F640664425618280828031
:10B2B000AE8715C5785505C7834607002380D5009E
:10B2C00083461700A380D500834627012381D5003C
:10B2D00083468701584BA381D500D8C1828041465F
:10B2E00081453E851753FE1F670063519387C1AAAE
:10B2F0009C4391C703A387006303030002830945AE
:10B300008280138781B118431DC75843AA8705451A
:10B310000DC703A50708411106C6930605021306CB
:10B32000050C93050506130505040297B240137535
:10B33000F50F410182800545828082804DC93571BB
:10B3400022CD2A840355050026CB4AC94EC756C3D1
:10B3500006CF52C55AC1DEDEB68AB2892E89EFF019
:10B36000AFE3AA8439C50C182285EFF07FF4834738
:10B370002400138A6400A9CBEF70CFEB2A8B014520
:10B3800083CB5400EF70CFE8AA840C100818EF109C
:10B39000405F08542C10EF10605FD288268A56C098
:10B3A0005E88D2875A8714103010CE854A85EF20E8
:10B3B0001019FA406A44DA444A49BA492A4A9A4A70
:10B3C0000A4BF65B0D618280EF70CFE6AA8B0145D8
:10B3D00003CB5400EF70CFE32ACE08540C10EF10CB
:10B3E000405A2C100818EF10605AF2484DBF828066
:10B3F000C14709CD1455C14791CA785501CB83C7C0
:10B400003600BD4663F4F600834787013E8582809F
:10B4100089476309051063870510411106C622C4D8
:10B4200026C2834715002E842380F500834725001C
:10B43000A380F500834735002381F500834745004D
:10B44000A381F50083475500858B9396870083D7AA
:10B45000450093F7F7EFD58F2392F500834655000B
:10B4600093F7F7DFA20693F60620DD8E2392D50030
:10B470000347550093F6F6BF220713770740558F11
:10B480002392E50083475500FD769386F67F8D87EE
:10B49000858B758FAE07D98F2392F50083466500A3
:10B4A000F99B858ADD8E2392D5000347650093774B
:10B4B000270013F7D6FF5D8F2392E50083476500D1
:10B4C00093F647009377B7FFD58F2392F500034794
:10B4D0006500DD9B4D45218BD98F2392F500EF70E0
:10B4E000DFDFAA845145EF705FDF0347340093F438
:10B4F000F40FC947636297021375F50F636EE50099
:10B50000834604001147E1476368D700834614006F
:10B5100005476363D7008147B240224492443E8589
:10B52000410182803E85828015C1AA8709458DC16F
:10B5300041112E8541469385170006C69750FE1F80
:10B54000E7806028B2400145410182800945828040
:10B55000828089471DC595C5411106C60347150060
:10B56000AE8719462380E500930525001385170053
:10B570009750FE1FE7802025B24081473E8541015C
:10B5800082803E85828015C1AA8709458DC14111FF
:10B590002E8541469385170006C69750FE1FE7800B
:10B5A0008022B2400145410182800945828082802B
:10B5B00089471DC995C9411106C603472500834621
:10B5C0001500AE872207558F2390E500214693058D
:10B5D0003500138527009750FE1FE780C01EB2403C
:10B5E00081473E85410182803E85828015C1AA87C0
:10B5F00009458DC141112E8541469385170006C628
:10B600009750FE1FE780201CB24001454101828017
:10B61000094582808280894719C991C9034715006D
:10B62000BD46E14763E5E6002380E50081473E85AE
:10B63000828015C1AA8709458DC141112E854146D9
:10B640009385170006C69750FE1FE780C017B240CB
:10B6500001454101828009458280828015C1AA8707
:10B6600009458DC141112E8541469385170006C6B7
:10B670009750FE1FE7802015B240014541018280AE
:10B680000945828082801DC1AA87094595C1411163
:10B690002E85130600049385170006C69750FE1FDB
:10B6A000E7806012B24001454101828009458280F5
:10B6B000828015C1AA8709458DC141112E85414659
:10B6C0009385170006C69750FE1FE780C00FB24053
:10B6D0000145410182800945828082801D71A2CC92
:10B6E0002A84084586CEA6CA2306010083440500A5
:10B6F00035479387F4FF93F7F70F636AF70C1757F3
:10B700000100130767578A07BA979C43BA97828745
:10B710000C08EFF0FFCFC9476312F50299472306E3
:10B72000F100035524006C00EFF05FB1F640664471
:10B73000D644256182800C08EFF05FEB29C983476E
:10B74000C100E5F303552400EFF04FF6C5B70C0830
:10B75000EFF03FEEE5B70C08EFF0FFEBC5B70C08D4
:10B76000EFF09FDCE1BF0C08EFF09FE4C1BF0C08D5
:10B77000EFF07FE1E1B70C08EFF0BFDDC1B70C08D7
:10B78000EFF0DFED65BF834715002308F100035597
:10B790002400EFF06FA0A14705C10347C500631A5D
:10B7A000F7029387C1AA98439D4719C7184309C751
:10B7B0001008A6850297AA872306F10049B70C084E
:10B7C000EFF07FECA5BF0C08EFF0BFEE85BF9D4703
:10B7D000B9B7938701ABC1BF011122CC06CE26CAEF
:10B7E0004AC84EC603470500930720092A846317F9
:10B7F000F7128347150039476391E70A83564500DE
:10B800000967610781476393E610938981AA03A5BD
:10B810000900CE84630C050E0C4403C90500631EA9
:10B8200009008347050085052146A9CB29059750C6
:10B83000FE1FE78040F99C40B9CF4945EF503F8F4C
:10B840002A840DC5930710FC2300F500A3002501F1
:10B850008C400905414689059750FE1FE780A0F6F8
:10B860009C40A28503C51700EF505F978840976002
:10B87000FE1FE780E0DA23A401AA31A8090597504A
:10B88000FE1FE78040F4EF30A03905494DF583A74E
:10B89000090023802701854795A81307E003639DCE
:10B8A000E708034725009547631EF7020355450047
:10B8B000EFF06FAF9147E310F5FE938701AB9C4328
:10B8C000F9DB03A38700E30803FC0356E4000355F8
:10B8D0004400930564006244F240D2444249B249B4
:10B8E00005610283A147631EF70083456400035589
:10B8F00044006244F240D2444249B24905616FF0CB
:10B900002FFF930600038147E301D7FEF240624414
:10B91000D2444249B2493E85056182809306000ABD
:10B920008147E315D7FEEFF07FDB08442DD5976004
:10B93000FE1FE780E0CE85B78147C9BF011126CA47
:10B9400006CE22CC89441DCD95CDAA842E846800D4
:10B950008D45EF601FDD8347E1002685228693F742
:10B96000F70393E707046C002307F100EF2020346E
:10B97000AA8409E90D466C00130534009750FE1F98
:10B98000E78060E4F24062442685D244056182800B
:10B990005D714EDE86C6A2C4A6C2CAC052DC56DAAB
:10B9A0005AD85ED6894945CD5DCA138B4500420BF6
:10B9B000135B0B01AE8A2A8A930530055A85B2843F
:10B9C0009760FE1FE78060B92A84CD4949C9EF70AE
:10B9D0008F882A895686D285935A8900135A09017D
:10B9E000937BF90F1305440093FAFA0F137AFA0FB9
:10B9F000135989019750FE1FE780C0E8A301740125
:10BA000023015401A300440123002401EF70EF83BC
:10BA1000AA85414608089750FE1FE780A0E6214707
:10BA200034005A86A2850808EF20004FAA891DE13C
:10BA300021462C0023807401A380540123814401FA
:10BA4000A3812401138544009750FE1FE78080E303
:10BA5000EF704F8122859760FE1FE78060BCB64083
:10BA600026444E8596440649F259625AD25A425BA0
:10BA7000B25B6161828001114AC82A892E8506CE97
:10BA800022CC26CA2EC6EFE03FF171C5405971C4E1
:10BA9000834754000947B24593F6B70F6387E60022
:10BAA00011471305E00F6392E70883570400094527
:10BAB000639DB706930484004146CA852685975046
:10BAC000FE1FE78040D04146CA8513058401975088
:10BAD000FE1FE78040CF0347340085469307F7FEFB
:10BAE00093F7F70F63E9F6041306C4033285C145E3
:10BAF00032C6EF601FC332469306C402A685228574
:10BB0000EFF0DF838347240089CB22856244F24033
:10BB1000D244424905616F10400E03473400C947C3
:10BB2000E305F7FEA301F4000145F2406244D2446C
:10BB3000424905618280930710050145E317F7FE2E
:10BB400083472400FDD322856244F240D244424917
:10BB500005616F1000110945C9BF4945F9B729CDE5
:10BB6000011126CA06CE22CCAA840945A9C10D46D8
:10BB700028002E848D059750FE1FE780C0C48347A0
:10BB8000A10070002C0093F7F70393E707042685C4
:10BB90002305F100EF20A01119E90D46A2856800E8
:10BBA0009750FE1FE78020CB7D153335A000F24073
:10BBB0006244D2440561828009458280011152C4E9
:10BBC0002A8A32854EC656C25AC006CE22CC26CA12
:10BBD0004AC82E8BB28AB689EFE01FDC09ED894492
:10BBE000F240624426854249D244B249224A924AEE
:10BBF000024B056182805C592A89C544F5F34D45A5
:10BC0000EF70AFED1374F50F5145EF700FEDE38852
:10BC100009FC83C78901E3E487FC1375F50FE36032
:10BC2000F5FC93053005130540089760FE1FE7807B
:10BC3000C092232AA9022A84CD445DD1130640086C
:10BC400081459750FE1FE78080BBA30104002301BC
:10BC500044012302640123105401232634072324C2
:10BC60000402A30204008144E30C0AF62285EF00DB
:10BC7000D072AA8435D54A85EFF0EFB095B7397107
:10BC800022DC06DE26DA4AD84ED652D456D25AD014
:10BC90005ECE62CC66CA0944630B061063090710C6
:10BCA000AA8B3A89368BB28A2E8CEFE0FFCE2A8A95
:10BCB0005144630E050E9305300541459760FE1F04
:10BCC000E780A089AA894D447DC183441900834738
:10BCD0002900A204C207BE9483470900BE9483478B
:10BCE0003900E207BE9483278A0263E697007D57F6
:10BCF00009446399E70A63070C0083474A00054437
:10BD0000898BCDC3930C4B00214681450A85C20C1B
:10BD10009750FE1FE780A0AE93DC0C019305300521
:10BD200066859760FE1FE78040832A8C4D443DC99D
:10BD30005A86D68511059750FE1FE780A0B411469C
:10BD4000CA8562859750FE1FE780C0B341469305C0
:10BD50008A014E859750FE1FE780C0B221478A8630
:10BD60006686E2854E85EF20201B2A841DE521464C
:10BD70008A8528009750FE1FE780C0B021469305B2
:10BD8000490028009750FE1FE780E0AC8547631EFE
:10BD9000F502A6855E85EF707F8A62859760FE1F3B
:10BDA000E78000884E859760FE1FE78060872285C8
:10BDB000F2506254D2544259B259225A925A025BFA
:10BDC000F24B624CD24C216182800544F9B7797103
:10BDD0009397050122D406D626D24AD04ECEC187EB
:10BDE0002E8463D5070417A5FE1F0345D5F9EF5030
:10BDF0006FB82AC605C1EFF03F9EB24509E917A505
:10BE0000FE1F034545F89307F00F631EF5002E85CE
:10BE1000EF502FAF2165218DB25022549254025918
:10BE2000F24945618280EF506FBBEDB793F7150083
:10BE300091C7EFF06FA613451400F9BFA1E10145CA
:10BE4000E1BF850493F4F40FEFE01FCEE3F9A4FE05
:10BE5000339599001319050113590901B37724018A
:10BE6000EDD34A85EFE09FF5C167FD176305F50047
:10BE7000DD45EFF02F993345240179BF854485498D
:10BE8000E1B723A401AA23A601AA23A801AA97A780
:10BE9000FE1F9387A7ED170700001307676198C37C
:10BEA000170700001307A731D8C317F7FFFF1307C1
:10BEB000C70398C797A7FE1F938707EC17170000C3
:10BEC0001307675798C3171700001307870ED8C3C7
:10BED000171700001307C73B98C7828097A7FE1F5C
:10BEE00083C787EAA18B17A7FE1F130727E891E3F3
:10BEF000014723A6E1AA0145828097A7FE1F83C7B9
:10BF0000A7E8918B17A7FE1F130707E791E30147E7
:10BF100023A8E1AA01458280011106CE2AC6EFF0CE
:10BF20005FF63245994597A7FE1FA38EA7E4EFD091
:10BF30008FBEF24017F5FFFF1305051305616FE093
:10BF40005FBF1C5581C7A1473E858280011122CC6D
:10BF500026CA2A84AE84130500049305300506CE54
:10BF60009750FE1FE780605F08D463050510130635
:10BF70000004A6859750FE1FE780E084785483472D
:10BF8000270193F68700638E0610145483C626009B
:10BF9000A18A6388061083270408E9EF930530051A
:10BFA000130500109750FE1FE780205B2320A40894
:10BFB0008D4771C1A3020400785483C714008346DF
:10BFC000170081EF81EE83C72400918BDDEB83475F
:10BFD0002701918BDDE7854711A889C62147A30278
:10BFE000E40099C78347540093E70701A302F400D4
:10BFF0006C5483C72501858B91CF1C54054783C79B
:10C0000027008D8B6398E7008347640093E7170050
:10C010002303F4008327040899C78347640093E748
:10C0200087002303F4008347540005476398E70C17
:10C03000930484004146814526859740FE1FE78092
:10C04000007C41468145130584019740FE1FE7802F
:10C05000007B1306C4033285C14532C6EF606FEC26
:10C06000832704083246BDC72285EF00903F93071F
:10C07000000525CDA147F2406244D2443E850561CA
:10C08000828083C704008346070015473387E70291
:10C0900097570100938787C3BA97B69783C707005E
:10C0A000B1B783C6140091C68346170099C2E14711
:10C0B00035BF83C62400D58F918B91DF83C70400E1
:10C0C0008346070015473387E70297570100938798
:10C0D00027BED9B722859306C402A685EFF00FA626
:10C0E0002285EF00903159F5C14703550400A301A3
:10C0F000F4008145EF704FBF8147B5BF13F787014B
:10C1000049C3C18B930484004146A9CB8905268588
:10C110009740FE1FE780206B41468145130584014F
:10C120009740FE1FE780A06D834764001306C40399
:10C13000328593E747002303F400C14532C6EF6020
:10C140004FDE8327040832468DC32285EF0070310D
:10C150009307200505F1A301F40079BF81452685E9
:10C160009740FE1FE780A06945BF9306C402A685DD
:10C170002285EFF0AF9C2285EF003028CD4761DDAE
:10C18000D5BD094785456388E70093F7D70F114769
:10C190006397E700894503550400EF70EFB48347C8
:10C1A000640093E747002303F4008327040881C752
:10C1B000930710054DB7C54779BF834725006382B4
:10C1C0000726797122D406D626D24AD08347350075
:10C1D000130750052A84639EE7060349750013067A
:10C1E000C503C14593573900AA97328583C4870098
:10C1F00032C6EF600FD3938781B19C43A9C79C4798
:10C20000B9C30325040893767900B3D6D4403246E7
:10C21000858A93050504180893E6060813050508A2
:10C2200082971375F50F05E141460C081305C4020A
:10C230009740FE1FE78020592285EF00101C9307CE
:10C240006005A301F400B250225492540259456192
:10C250008280130710026395E7021C550327050827
:10C2600083D7470069EB13F7071071C77855035759
:10C2700047011377071061C393077002A301F4000D
:10C280008347340013077002639FE70C3C5885E333
:10C290009305300571459750FE1FE780002C28D884
:10C2A00019C5714681459740FE1FE78040552458C7
:10C2B000B9C883C7A40191E72285EFF06F93238D5E
:10C2C000A4002858814541469740FE1FE78020532F
:10C2D00028583D478345A5019387F5FF93F7F70F4E
:10C2E0006364F700EF60EFC3EF50EF873C58A14560
:10C2F0002398A70013852701EF60AFC22C58035580
:10C300000400EF00D0409307800203550400A3010E
:10C31000F400EFE06FE8414611C58357E50013D6FE
:10C3200017003E960606854517A5FE1F0345B5A5D1
:10C33000EF502FAD09BF13F7072011CB78540357E7
:10C3400047011377072001C79307900205BF93F7B2
:10C3500007409DD77C5483D7470193F707408DD37F
:10C360009307B00221BF13078002639BE7023C588A
:10C3700089CB83D507010355040013862701EF00FD
:10C38000903E1C5483D7470013F707202DC37854E1
:10C39000035747011377072039CB93079002B5B7AE
:10C3A00013079002639CE700EF606FE9AA850355CD
:10C3B0000400EF00503A9307A00281BF1307A002C8
:10C3C0006393E704EF600FE7AA858547014563841F
:10C3D000F500814505452EC6EF608FE32A86B245FC
:10C3E00003550400EF00B0331C5483D7470093F784
:10C3F00007408DC77C5483D7470193F7074099CFF7
:10C400009307B00219B71307B0026399E700EF6012
:10C41000CFE3AA8503550400EF0070389307F002BC
:10C420000DB58280411122C4405926C206C67C54F3
:10C43000AA8483D7470113F7071019C71854035765
:10C440004700137707101DE313F7072019C7185487
:10C45000035747001377072011EB93F707408DCF61
:10C460001C5483D7470093F707409DC793071002DA
:10C47000A301F4002285EFF05FD403473400930753
:10C48000F0026310F702224403D52400B240924424
:10C49000814541016FE01FB79307F002A301F4004B
:10C4A000DDB7B2402244924441018280397122DCDE
:10C4B000405926DA4AD84ED606DEAA89AE84328999
:10C4C0006300043E03552500835704006384A700DE
:10C4D000A14429A08347240091EB9D44F25062546B
:10C4E00026854259D254B259216182809387E5FF53
:10C4F00093F7F70F2D47E362F7FE17470100130785
:10C50000A77E8A07BA979C43BA978287B28522850D
:10C51000EFF03FA3AA84D9B74146CA851305C404E6
:10C520009740FE1FE780202A22851127AA8411C187
:10C53000A14483473400130740056397E70093073E
:10C540009005A301F40059BF130760056395E70048
:10C550009307A005FDB7D147EDB79309C4054E85F4
:10C560004146CA859740FE1FE780E0250325040861
:10C570004DC983473400130790056399E70022856E
:10C5800089279307E005A301F40051A81307A0052C
:10C590006393E7088347740013D7370022978346D5
:10C5A00087009D8BB3D6F640938781B19C43858AE3
:10C5B00093E606F893F6F60F81DF9C4791DB93052F
:10C5C000050818084E861305050482979374F50F25
:10C5D000E39004F041460C081305C4049740FE1F85
:10C5E000E7806027834774004D47850793F7F70F6F
:10C5F000A303F4006377F7002285E1259307E005A4
:10C6000089B785451795FE1F0345F577EF403FE84D
:10C61000930750053DB71307C005E382E7F6814451
:10C6200075BD130984004E86CA8522851408EFE083
:10C63000FFD041469305C40408089740FE1FE780D9
:10C640008021E30D05E88A861306C403CE854A855A
:10C65000EF10300315E12285EFE09FD99797FE1F79
:10C660009387C7702A879C4703550400814601467B
:10C670008A858297AA8411C1A14493072002D1B56B
:10C6800083450600EFE01F9859BF03473400930726
:10C690002002E314F7E47C5889EB930530057145DB
:10C6A0009750FE1FE78060EB68D86858E30705E203
:10C6B0004146CA859740FE1FE780E01064582285F6
:10C6C000EFE01FD3238DA400930730026DBD034715
:10C6D000340093073002E312F7E0835706006858EE
:10C6E0002146930529002318F50049059740FE1FB0
:10C6F000E780600D7C5483D7470113F7270035CBC3
:10C70000185403574700098B2DC793074002A5BD56
:10C710000347340093074002E311F7DC3C5C81EBF4
:10C7200085455D459750FE1FE78020E328DC285CA7
:10C73000E30705EE834709004146CA85230BF50050
:10C740009740FE1FE7802008930750022DBD034746
:10C75000340093075002E312F7D8285C194693057A
:10C76000190041059740FE1FE780E0057C5483D700
:10C770004701918B9DCF1C5483D74700918B95CB5C
:10C780009307600209B57C5C89EB93053005514540
:10C790009750FE1FE78060DC68DC685CE30A05D226
:10C7A0004146CA859740FE1FE780E0017C5C7D57CB
:10C7B00098CB4E85EFF01FC79DB5032504081306DF
:10C7C0000004CA85130505049740FE1FE780A0FFFB
:10C7D0002285EFE01FB383473400130700056395FC
:10C7E000E7009307400545B313071005639CE70076
:10C7F00085451795FE1F03451559EF405FC99307FF
:10C80000500551B313072005E39BE7E0938781B1FF
:10C810009C43E38F07CA9C47E38C07CA832504081F
:10C8200093048400180893850508814626862E8582
:10C830008297035504001008A685EF60DFD39307A5
:10C84000B00591B3034734009307E005E317F7C839
:10C850008325040841464A859740FE1FE780A0FFD4
:10C86000AD44E30D05C6032504084146CA8597403B
:10C87000FE1FE78040F52285EFE09FB79797FE1FE8
:10C880009387C74E2A879C472C580355040081463E
:10C8900001468297AA8411C1A1449307100255B1A1
:10C8A000AD47E39EF5D68346060083552500130663
:10C8B000650003450500EF602FCF95B3894761C23E
:10C8C000DDCD2300A60083C70500A300F60083C7C3
:10C8D00015002301F60083C72500A301F60083C7D6
:10C8E0003500A30206002302F60083D74500A1838A
:10C8F000858BA302F60003D745001377072009C7ED
:10C9000093E72700A302F60083D7450093F707407B
:10C9100099C78347560093E74700A302F60083D7E1
:10C92000450013974701635807008347560093E774
:10C930008700A302F6002303060083C74500858B0A
:10C940002303F60003D74500098B09C793E72700A7
:10C950002303F60083D74500918B99C78347660070
:10C9600093E747002303F60003D745008147218B57
:10C9700019C703476600136787002303E6003E8557
:10C9800082802E86AA8505456FF05FF32E86AA85E4
:10C9900009456FF0BFF289478DC505C5411106C62F
:10C9A000AE870D47AA852380E7001385170041460F
:10C9B0009740FE1FE78020E1B24081473E8541015C
:10C9C00082803E85828089478DC505C5411106C696
:10C9D000AE871147AA852380E700138517004146DB
:10C9E0009740FE1FE78020DEB24081473E8541012F
:10C9F00082803E85828089478DC505C5411106C666
:10CA0000AE871947AA852380E700138517004146A2
:10CA10009740FE1FE78020DBB24081473E85410101
:10CA200082803E85828089479DCD15CD411106C605
:10CA30001D472380E50003570500AE872146A380EC
:10CA4000E5000357050021832381E50093052500B8
:10CA5000138537009740FE1FE780E0D6B24081473C
:10CA60003E85410182803E85828089478DC505C50E
:10CA7000411106C6AE872147AA852380E7001385AA
:10CA8000170041469740FE1FE780E0D3B240814740
:10CA90003E85410182803E858280894795C90DC9C6
:10CAA000411106C625472380E50003470500AE87F0
:10CAB0001946A380E50093051500138527009740CC
:10CAC000FE1FE78040D0B24081473E854101828011
:10CAD0003E85828089478DC505C5411106C6AE8752
:10CAE0002947AA852380E700138517004146974010
:10CAF000FE1FE78040CDB24081473E8541018280E4
:10CB00003E858280894795C50DC5411106C6AE8711
:10CB10003147AA852380E700138517001306000418
:10CB20009740FE1FE78020CAB24081473E85410101
:10CB300082803E85828089478DC505C5411106C624
:10CB4000AE873547AA852380E70013851700414645
:10CB50009740FE1FE78020C7B24081473E854101D4
:10CB600082803E858280894791C909C99547238083
:10CB7000F50083470500A380F50081473E8582804C
:10CB8000894791C909C9AD472380F500834705004E
:10CB9000A380F50081473E85828015C55D718A8539
:10CBA00086C6A2C42A84EFE0AFF0035504000A86CB
:10CBB00097060000938626DD9D45EFE06FE2B640C4
:10CBC0002644616182800545828015C55D718A8534
:10CBD00086C6A2C42A84EFE0AFED035504000A869E
:10CBE000970600009386C6DA9D45EFE06FDFB640FA
:10CBF000264461618280054582805D71A2C49305EF
:10CC0000C5022A8441460A8586C69740FE1FE780F2
:10CC100080BB035504000A86970600009386E6D77A
:10CC2000C545EFE0EFDBB6402644616182805D716F
:10CC3000A2C49305C5032A8441460A8586C6974047
:10CC4000FE1FE78040B8035504000A8697060000DF
:10CC50009386A6D7C545EFE0AFD8B64026446161BC
:10CC60008280938781B19C43B1CB9C435D71A2C408
:10CC700086C62A841305E00F95CF03250408930583
:10CC8000050C130505088297832504081306000484
:10CC90000A85938505089740FE1FE780C0B20355BB
:10CCA000040097060000938626E60A869305100482
:10CCB000EFE00FD3B6402644616182801305E00F98
:10CCC0008280317122DD2A840355050026DB06DFD0
:10CCD0004AD94ED752D556D35AD15ECF62CDEFD076
:10CCE000BFCB3C58AA8489EB93053005714597501A
:10CCF000FE1FE780808628D82858CD470DC9714689
:10CD000081459740FE1FE78080AF032904072285F5
:10CD1000EFE00FEE230DA90083472400138981B1B2
:10CD2000638A07128327090085E39307E00FFA500F
:10CD30006A54DA544A59BA592A5A9A5A0A5BFA4B2F
:10CD40006A4C3E852961828083AB0701E38F0BFC2F
:10CD5000032B0408EF501FCE2A8C0145EF505FCB08
:10CD600083C754003858130B0B029309C403130AEA
:10CD7000C405938A64003AC0B337F0002A87930849
:10CD800001045688B33680015286CE855A85829B2F
:10CD90001C5403C727002307E10203C71700A3069B
:10CDA000E10283C707002306F10283270900B5DFEC
:10CDB00003AB4701E30B0BF683C75400B337F00016
:10CDC0003ECEEF503FC7AA8B0145EF507FC40327EB
:10CDD0000408F2472AC03AC2B33870015688781066
:10CDE000930684004E86D2858800029B7C5403C73C
:10CDF00027012305E10203C71700A304E10283C74B
:10CE000007002304F1028327090003A94701EF501B
:10CE10007FC22A8B0145EF50BFBF83C854009C08D6
:10CE20002A883EC2B3381001B33760013810930628
:10CE300084015286CE8556C08800029903550400AD
:10CE400097060000938666CF9008C545EFE04FB97E
:10CE5000AA87F1BD83C6540083270900032B040869
:10CE6000B336D00083AB070136CEEF50BFBC2A8C5F
:10CE70000145EF50FFB93C58F246130B0B02130A61
:10CE8000C4059309C403938A64002A8893080104A3
:10CE90004E86D2853EC05687B33780015A85829B25
:10CEA0001C54130B010303C727002307E10203C728
:10CEB0001700A306E10283C707002306F1028327B8
:10CEC000090083AB470183C75400B337F0003ECE5F
:10CED000EF505FB62A8C0145EF509FB3F2472AC04E
:10CEE000B338800156887810930684004E86D28528
:10CEF0005AC28800829B8325040841465A85974080
:10CF0000FE1FE7804095AD47E31205EE0DB52E8676
:10CF100097060000938666AEC5456FE06FAC5D7105
:10CF2000B287A2C42300B1002A84BE851305110074
:10CF3000194686C69740FE1FE780E0880A8622854C
:10CF4000970600009386A6B5A145EFE06FA9B6400D
:10CF50002644616182802E8697060000938626B162
:10CF6000C5456FE0EFA75D71B287A2C42310B10081
:10CF70002A84BE8513052100214686C69740FE1FE0
:10CF8000E78060840A862285970600009386E6A9DA
:10CF9000AD45EFE0EFA4B6402644616182802E8665
:10CFA00097060000938646B3C5456FE06FA379717D
:10CFB00022D406D626D283473500130730052A84AB
:10CFC0006383E708130750056395E7089307A005F7
:10CFD000A301F50083477500C14513D737002A9791
:10CFE000834687009D8B1305C503B3D6F640858A1B
:10CFF00093E606F893F6F60F36C6EF508FF2B24678
:10D00000938781B19C439DCB9C478DCB032504081E
:10D0100018081306C4039305050413050508829731
:10D020001375F50F01ED1305C40241460C08973046
:10D03000FE1FE78040792285EFF03FBCB2502254BA
:10D0400092544561828093079005A301F5008146C3
:10D0500045BF130710026396E7027C5503270508B6
:10D0600083D747016314070E13F717006300070EF9
:10D07000185503574700058B71CB93072002A30176
:10D08000F4008347340013072002639BE70E3C58EB
:10D0900089EB9305300571459740FE1FE780E04B13
:10D0A00028D82458BDCC2285EFE08FB4238DA4006E
:10D0B0002858814541469730FE1FE7804074285824
:10D0C0003D478345A5019387F5FF93F7F70F636B02
:10D0D000F70283C701B0D5C34146814508089730A0
:10D0E000FE1FE780C07119469795FE1F938585BD89
:10D0F00008089730FE1FE780006D30580C082E8519
:10D10000EF40A002EF402FA63C58A1452398A7006E
:10D1100013852701EF50EFE02C5803550400EFF082
:10D120001FDF9307300203550400A301F400EFD082
:10D13000BF86414619C10356E50006068545179589
:10D14000FE1F034555C4EF40CFCBCDBD13F72700DD
:10D1500009CB185403574700098B01C793074002B6
:10D1600039BF918BE38F07F01C5483D74700918B15
:10D17000E38907F09307600219B7EF508FDA59B7C8
:10D1800013073002639AE7023C5889CB83D5070125
:10D190000355040013862701EFF0FFDC7C5483D78E
:10D1A000470113F7270021CF185403574700098B75
:10D1B00039C79307400285BF13074002639CE7000D
:10D1C000EF50FF87AA8503550400EFF0DFD89307DF
:10D1D000500291BF130750026390E704EF509F8500
:10D1E0000DE9814505452EC6EF509F822A86B2453E
:10D1F00003550400EFF0BFD27C5483D74701918BD5
:10D200009DC71C5483D74700918B95C39307600239
:10D2100019BF85450145C1BF130760026399E70047
:10D22000EF50BF82AA8503550400EFF05FD77C540E
:10D230000327040883D7470119EF13F7071001CF1D
:10D240001854035747001377071011C7930770024C
:10D25000A301F400E5B313F7072011CB18540357CB
:10D2600047001377072001C793079002D5B793F7BC
:10D27000074091CB1C5483D7470093F7074081C7E1
:10D280009307B002F1B79307F002D9B7397122DCE6
:10D2900026DA4ED652D406DE4AD8AE89328AAA841D
:10D2A000EFD08FEF4059414681450A859730FE1FE8
:10D2B000E780E05425C80359040063159906034725
:10D2C000340093071002631FF7028327040899CFE5
:10D2D0002C58A9C94A85EF10F0150545F250625443
:10D2E000D2544259B259225A216182808A86130649
:10D2F000C4059305C40313058400EF0090381DE1B5
:10D300008A85C9BF2C5899CD83D70501639C4701F5
:10D310002146C9054E859730FE1FE780C05319C1CD
:10D320002C584DBF2685EFD02FE72A8405455DD4C4
:10D330004C54B9C583D70501639447052146C905F7
:10D340004E859730FE1FE78000518547631AF5022E
:10D3500083C7F18591C74C5483C7B5016396A70C69
:10D36000BD452685EF10D0079797FE1F93878782CC
:10D370009C5B0145A5D71D45894582970145B9BFED
:10D38000938731AF03C707009799FE1F9389898060
:10D390003E89058B15CF0347540083C7C1AE63197F
:10D3A000F70219469385D1AE130564009730FE1F2E
:10D3B000E780604A8547631DF50083A7090381C79D
:10D3C00091451D458297BD452685EF10700131B707
:10D3D00003C701B083A7090331CB03470900098BB9
:10D3E00009CB81C795451D4582972685EF10D0044E
:10D3F000EDB581C78D451D45829741468145080899
:10D400009730FE1FE780A03F19469795FE1F938532
:10D41000658B08089730FE1FE780E03A0C082E85E0
:10D420000A86EF3090508A85268575B58545C5FFFB
:10D430006DBF797122D440594AD04ECE52CC06D617
:10D4400026D2AA892E8A3289630C046A03552500E4
:10D4500083570400638CA700A144B2502254268550
:10D4600002599254F249624A456182808344240001
:10D4700099C09D44DDB79387F5FF93F7F70F3147C8
:10D48000E369F7FE17470100130707898A07BA9770
:10D490009C43BA9782871C54E1F39305300513052A
:10D4A00000049740FE1FE780400B08D455D5034782
:10D4B0000900914763F4E7008D4445B7034719001D
:10D4C0008547E3EBE7FE13060004CA859730FE1F8D
:10D4D000E780602F0C547054A3020400D4415C4ACE
:10D4E000858AFD8E83574601F99BD58F231AF60056
:10D4F000D841544AF59B0583058B8582F98E8606B3
:10D50000DD8E231AD600DC41584AED9A8983858B3B
:10D5100009837D8F0A07558F231AE600D4415C4AA0
:10D520005D9B8D82858A8D83F58F8E07D98F231A17
:10D53000F600D841544A93F7F7EF2183058BA18277
:10D54000F98EA206DD8E231AD600DC41584AA58347
:10D55000858B25837D8F9317970013F7F6DF5D8FFB
:10D56000231AE600D4415C4AA982858AA983F58FF3
:10D570009396A7009377F7BFD58F231AF600D4416F
:10D58000584AAD82858A2D83758FFD769386F67F06
:10D590002E07F58FD98F231AF6008347260103251E
:10D5A0000408A18B6387071083C72500A18B6382C2
:10D5B0000710E31305EA93053005130500109740A3
:10D5C000FE1FE78080F92320A408E30705EE7C54C2
:10D5D000A30204000347190083C6170089EA45C364
:10D5E0008347540093E70701A302F40029A0A14751
:10D5F000A302F40075F72285EFF02FDD6C5483C78A
:10D600002501858B81CF1C5483C727008D8B99C73B
:10D610008347640093E717002303F400832704087B
:10D6200099C78347640093E787002303F400834787
:10D63000540005476393E70C414681451305840078
:10D640009730FE1FE780A01B4146814513058401EA
:10D650009730FE1FE780A01AC1451305C403EF50A1
:10D660004F8C032704089307000511E3C1470355B6
:10D670000400A301F4008145EF501FE7F9BB03C785
:10D680002701118B19E703472900118B19E38547FF
:10D69000A1BF83C707008346090015473387E70208
:10D6A0009737010093878762BA97B69783C70700B9
:10D6B00025BF19C59740FE1FE78080F62320040888
:10D6C0007C5403C7170011C70347190019C3E1476A
:10D6D00021BF03C72701118B09E703472900118BDD
:10D6E0005DD783C707001547834609003387E702E4
:10D6F000973701009387C75B45BF13F7870131CF89
:10D70000C18B130584004146A9C389059730FE1FCC
:10D71000E780600B41468145130584019730FE1F69
:10D72000E780E00D83476400C1451305C40393E718
:10D7300047002303F400EF40DFFE8327040881CF76
:10D7400093072005A301F40009BB81459730FE1F14
:10D75000E780E00AC1B7CD47F5B709478945638639
:10D76000E70011476398E700854503550400EF5033
:10D77000BFD721A01947E389E7FE8347640093E7F9
:10D7800047002303F4008327040881C7930710058B
:10D7900055BFC54745BF4146CA851305C4049730E8
:10D7A000FE1FE78040028347340013076005639C37
:10D7B000E70085451785FE1F0345F55CEF303FCD3B
:10D7C0009307500541B745476383E7029306C402B8
:10D7D0001306C403930584002285EFD03FB622854B
:10D7E000EFF0AFC1AA8411C1A144D147A1BFC9477D
:10D7F00091BF9309C4054E854146CA859730FE1FE7
:10D80000E78060FC0325040871C9834734001307CF
:10D8100090056398E7002285EFF06FC19307E0055C
:10D8200015B71307A005639DE706938781B19C4355
:10D83000E38107C403A88700E30D08C2834774008F
:10D84000930505084E8613D7370022978346870035
:10D850009D8B0A87B3D6F640858A93E606081305A2
:10D860000504029841468A851305C4049730FE1FBB
:10D87000E78060FE11E1D2842285EFF04FBB834741
:10D880007400CD461307E005850793F7F70FA30350
:10D89000F40063E4F60013076005A301E40075BE1D
:10D8A0001307C005E39BE7BA938781B19C43E382EA
:10D8B00007BC9C47E38F07BA93050508130984004A
:10D8C0000A8781464A862E858297035504000A8678
:10D8D000CA85EF505FCA9307B005ADB58A864E86FC
:10D8E000930584002285EFD07FA541469305C404AB
:10D8F0000A859730FE1FE78000F68547D284E31E35
:10D90000F5B42285EFF0AFB2AA84E31705B493070C
:10D9100010020DBD0347340093077002E31BF7B4F8
:10D920007C5889EB9305300571459740FE1FE780D1
:10D93000C0C268D86858E30E05B2CA854146973020
:10D94000FE1FE78040E8032944072285EFD05FAA45
:10D95000230DA90093078002F5B303473400930712
:10D960008002E318F7B083570600685821469305F4
:10D9700029002318F50049059730FE1FE780A0E431
:10D980007C5483D7470113F7072025CF185403573A
:10D9900047001377072035C79307900265B3034705
:10D9A000340093079002E316F7AC3C5C89EB9305D7
:10D9B00030055D459740FE1FE78020BA28DC285CD3
:10D9C000E30905AA4146CA859730FE1FE780A0DF1C
:10D9D0009307A00285BB034734009307A002E31A14
:10D9E000F7A883470600285C194693051900230B06
:10D9F000F50041059730FE1FE780E0DC7C5483D7BB
:10DA0000470193F70740B1C71C5483D7470093F7EA
:10DA10000740A1C39307B00235B30347340093070F
:10DA2000B002E318F7A47C5C89EB930530055145FF
:10DA30009740FE1FE78060B268DC685CE30E05A0DB
:10DA40004146CA859730FE1FE780E0D77C5C7D5752
:10DA500098CB03D529008145EFD0CFDAFDBA034733
:10DA600034009307F004E3F9E79E03250408E30577
:10DA7000059E13060004CA85130505049730FE1F92
:10DA8000E78060D42285EFF0CF9DAA842285EFD075
:10DA90005F878347340013070005639FE70003D6C1
:10DAA000E90085451785FE1F0345F52D0606EF3075
:10DAB0005FB59307300579B1130710056395E7004B
:10DAC0009307600541B113072005E398E798930792
:10DAD000C0058DB9034734009307E005E31EF796B0
:10DAE000032504084146CA859730FE1FE780A0CD74
:10DAF0002285EFF00F9DAA8419BD83450600A9BFBA
:10DB000085478144E39BF59403284600834736000C
:10DB1000034726008346160083552500034606006A
:10DB20000145EF500F9F15BA8147C1463307F500F5
:10DB3000B388F5000347070083C808003308F600E0
:10DB40008507334717012300E800E391D7FE828061
:10DB50000147BD471308F00F3306F5008346060062
:10DB6000B388F500FD178606558F2380E80003472C
:10DB7000060093F7F70F1D83E39007FF828081472C
:10DB8000930800F8414893F6F70F3387F50063FCDC
:10DB9000C600B306F50083C606002300D70085073C
:10DBA000E39307FF82806395C60023001701C5BF7A
:10DBB00023000700EDB701114AC856C22E89AA8A70
:10DBC00093053005414506CE22CC26CA4EC652C426
:10DBD000328A9740FE1FE7804098AA84930530055B
:10DBE00041459740FE1FE78040972A84CD49A5C450
:10DBF00031CD414681459730FE1FE78040C02686E3
:10DC0000A2855685EF306052AA8929E183870400F6
:10DC100063D30706A2852685EFF09FF34A869735E2
:10DC200001009385A5122285EFF01FF083070900FC
:10DC300063D80704A2854A85EFF09FF15286973595
:10DC400001009385A5102285EFF01FEE26859740F1
:10DC5000FE1FE780E09C11C422859740FE1FE780ED
:10DC6000209CF24062444E85D2444249B249224A45
:10DC7000924A05618280CA852685EFF07FED7DB7E7
:10DC8000D2854A85EFF0DFECD1B781474146B30634
:10DC9000F5003387F5000347070003C80600850732
:10DCA000334707012380E600E393C7FE828001111A
:10DCB00026CA4EC6AE84AA89930530051305000313
:10DCC0004AC806CE22CC32899740FE1FE780E08802
:10DCD0002DC51306000381452A849730FE1FE78077
:10DCE00000B24146CE8522859730FE1FE78080B97D
:10DCF000A6850D461305D4019730FE1FE78080B836
:10DD000013060402930504012285EF300042AA8421
:10DD10000D469305D4024A859730FE1FE78080B6F2
:10DD200022859740FE1FE780A08FF240624426853F
:10DD30004249D244B24905618280CD44FDB75D714C
:10DD40004EDE62D4AE892A8C93053005130500039C
:10DD5000A6C2CAC052DC56DA5AD85ED686C6A2C45B
:10DD6000B28B368BBA84BE8A4289468A9730FE1FB0
:10DD7000E780A07E630505101306000381452A8411
:10DD80009730FE1FE780A0A74146E28522859730A5
:10DD9000FE1FE78020AF414681450A859730FE1F70
:10DDA000E780E0A51D46DE850A859730FE1FE780E7
:10DDB00060AD1D46DA85130571009730FE1FE780C0
:10DDC00060AC33392001B3349000414681450808E6
:10DDD00023072101A30791009730FE1FE78020A2AF
:10DDE0001946D68548089730FE1FE780A0A9194636
:10DDF000D2851305A1019730FE1FE780A0A89304E8
:10DE000004014146CE8526859730FE1FE78080A716
:10DE10008A852685EFF07FE7930904024E86A68562
:10DE20002285EF3080302A890DE94146CE8526854E
:10DE30009730FE1FE78020990C082685EFF0FFE45D
:10DE40004E86A6852285EF30402E2A8946454146DA
:10DE5000CE859730FE1FE780E0A222859730FE1F17
:10DE6000E780007CB64026444A8596440649F2592C
:10DE7000625AD25A425BB25B225C616182804D4938
:10DE8000D5B7011126CA52C4AA842E8A13050003ED
:10DE9000930530054AC84EC606CE22CC3289B689D3
:10DEA0009730FE1FE780606B35C52A84A685414602
:10DEB0009730FE1FE780009D930404012146D28520
:10DEC00026859730FE1FE780E09BCA852146130513
:10DED00084019730FE1FE780E09A13090402A685AB
:10DEE0004A862285EF306024AA844146CA854E8541
:10DEF0009730FE1FE780009922859730FE1FE7804C
:10DF00002072F240624426854249D244B249224AF4
:10DF100005618280CD44F5B739715AD05ECE2A8B27
:10DF2000AE8B41459305300506DE26DA52D456D233
:10DF300062CC66CA6AC8368C328DBA8C22DC4AD86A
:10DF40004ED69730FE1FE7804061AA8A93053005C0
:10DF500041459730FE1FE78040602A8ACD44638E9A
:10DF60000A0859C52A86D6855A85EFF0DFC4AA84E7
:10DF700041E19305300541459730FE1FE780E05DA4
:10DF80002A899305300541459730FE1FE780E05C04
:10DF9000AA89630A090E6306050E1304FD001184A5
:10DFA0001376FD0049C07D144204418035EE1315FF
:10DFB00044004E86D6855E95EFF01FB741468145F9
:10DFC0004A859730FE1FE7808083014D93170D012E
:10DFD000C18363F48708BDC04A859730FE1FE78080
:10DFE0002064638709004E859730FE1FE7804063F9
:10DFF00056859730FE1FE780A06263070A005285AE
:10E000009730FE1FE780C061F25062542685425966
:10E01000D254B259225A925A025BF24B624CD24C01
:10E02000424D216182800144131544008A855E952A
:10E03000EFF0FFB44E86D2850A85BDBF93154D0023
:10E040000A86DE954A85EFF03FAE4A868A855A8574
:10E05000EF30A00DAA84050D95BFBDFC0A86CE85C4
:10E060004A85EFF07FAC4A868A855A85EF30E00B0F
:10E07000AA846686CA8562859720FE1FE780A07401
:10E08000A1BFCD4491BFCD44A9BF397162CC2A8CC8
:10E09000594526DA4AD84ED652D456D25AD05ECEF8
:10E0A00006DE22DCAE8B328BB68A3AC63E8AC28945
:10E0B000468983440104EF308F8749C19167938774
:10E0C00017E92310F50085472301F5002A8432471C
:10E0D0002105630C0C0493071003A301F4001946F7
:10E0E00081459720FE1FE780807123036401A3030D
:10E0F0005401230A940023127401231744012318A6
:10E10000340123192401A2856254F250D254425999
:10E11000B259225A925A025BF24B624C1785FE1F8B
:10E12000034545C621616F306F8BA301040019467A
:10E13000BA859720FE1FE780006945BFF250625400
:10E14000D2544259B259225A925A025BF24B624C53
:10E1500021618280011122CC2A84314506CE2EC64F
:10E1600032C436C23AC0EF209FFC29C19167938721
:10E1700017E92310F5008D472301F500A301850061
:10E18000B2452246924602476244F2402312B5004D
:10E190002313C5002314D5002315E500AA85178590
:10E1A000FE1F034525BE05616F304F83F240624478
:10E1B0000561828001114AC82A89394526CA06CEDE
:10E1C00022CC2EC6B284EF209FF631C1B2459167B2
:10E1D000938727E92310F5009147A3012501231216
:10E1E000B5002A842301F500A6851905214697204C
:10E1F000FE1FE780405DA2856244F240D24442495E
:10E200001785FE1F034505B805616F203FFDF240ED
:10E210006244D24442490561828001114AC82A8978
:10E22000414526CA06CE22CC2EC6B284EF203FF04E
:10E2300029C19167B245938727E92310F5009547D7
:10E240002A84231225012301F50021461905972070
:10E25000FE1FE7804057A285231794006244F240D6
:10E26000D24442491785FE1F0345F5B105616F2071
:10E27000FFF6F2406244D2444249056182800111B6
:10E2800022CC2A84394506CE2EC632C436C23AC0C4
:10E29000EF20FFE929C19167938717E92310F50063
:10E2A00099472301F500B2452246924602472312C0
:10E2B00085006244F2402313B5002314C5002315E2
:10E2C000D5002316E500AA851785FE1F034585ABFB
:10E2D00005616F20BFF0F240624405618280797170
:10E2E00022D406D62A842EC632C436C23AC0EFC023
:10E2F000AFEA1DC1B245224692460247231CB10037
:10E30000231DC1002C081306F00F2285231ED10007
:10E31000231FE100EFC0EFD7B25022544561828045
:10E32000011122CC2A84394506CE2EC632C436C20B
:10E330003AC0EF20DFDF29C19167938717E92310E7
:10E34000F5009D472301F500B2452246924602475B
:10E35000231285006244F2402313B5002314C50044
:10E360002315D5002316E500AA851785FE1F034552
:10E3700065A105616F209FE6F240624405618280DD
:10E380005D712AC613052002CAC04EDE52DC56DA81
:10E390005AD85ED662D466D26AD086C6A2C4A6C255
:10E3A0006ECE2E8CB28B368B3AC43E8DC28CC68A12
:10E3B000035A01058359410503498105EF203FD7E1
:10E3C00069C591663243938616E9A9472A842310CA
:10E3D000D5002301F500930DE400210593044401C9
:10E3E0002247630D030693071003A301F4001946A7
:10E3F00081459720FE1FE7808040194681456E8544
:10E400009720FE1FE780A03F19468145268597206B
:10E41000FE1FE780C03E23037401A30364012300B1
:10E42000240323128401231D5401231E4401231FAE
:10E430003401A2852644B64096440649F259625AF0
:10E44000D25A425BB25B225C925C025DF24D178550
:10E45000FE1F0345259361616F205FD8BA85A30134
:10E46000040019469720FE1FE780E035EA856E8597
:10E4700019469720FE1FE78000351946E685268558
:10E480009720FE1FE780203479B7B6402644964493
:10E490000649F259625AD25A425BB25B225C925CE4
:10E4A000025DF24D61618280011122CC2A842145F6
:10E4B00006CE2EC632C436C2EF207FC715CD224607
:10E4C00092469167938717E92310F500B14723011E
:10E4D000F500A3018500B2452303C500A303D500C1
:10E4E0006244F2402312B500AA851785FE1F03453A
:10E4F000658905616F209FCEF2406244056182808C
:10E50000411126C2AA84514506C622C4EF203FC24B
:10E5100049C19167938717E92310F500B947230193
:10E52000F50083C714002A8493856400A301F500D5
:10E5300083C7340003C724002105A207D98F231EF7
:10E54000F5FE83C744001946230FF5FE83C7540028
:10E55000A30FF5FE9720FE1FE780E02683C7C400C7
:10E56000A2851785FE1F0345E5812307F40083C7B5
:10E57000E40003C7D400A207D98F2318F40083C78F
:10E58000F4002309F4002244B240924441016F2078
:10E59000FFC4B2402244924441018280411122C40E
:10E5A0002A84194506C6EF209FB80DC59167938749
:10E5B00017E92310F500C1472301F5002312850058
:10E5C0002244B240AA851775FE1F0345A57B410171
:10E5D0006F20DFC0B24022444101828041110D45CD
:10E5E00006C6EF20DFB40DC5930710F92300F50030
:10E5F0009307E003A300F500C5472301F500B240EF
:10E60000AA851775FE1F0345E57741016F201FBDE1
:10E61000B24041018280011122CC2A84294506CED4
:10E620002EC632C436C2EF209FB015CDB2459246F9
:10E630009167938717E92310F500C9472302B500B6
:10E640002301F500A30185002304D500224662447E
:10E65000F2402313C500AA851775FE1F0345857276
:10E6600005616F20BFB7F2406244056182800111ED
:10E670004AC82A892D4526CA06CE22CC2EC6B28487
:10E68000EF20FFAA29C5B245930710F92300F50032
:10E690009307E003A300F500CD47A3012501230262
:10E6A000B5002A842301F500A68515051946972093
:10E6B000FE1FE7804011A2856244F240D2444249E5
:10E6C0001775FE1F0345056C05616F203FB1F240D1
:10E6D0006244D244424905618280011122CC2A84DD
:10E6E000214506CE2EC6EF209FA405C9B2459167ED
:10E6F000938717E92310F500D1472303B5002301C1
:10E70000F500231285006244F240AA851775FE1FAA
:10E710000345456705616F207FACF24062440561A7
:10E720008280011122CC2A84214506CE2EC632C415
:10E73000EF20FF9F1DC52246930710592310F500B7
:10E7400023018500B2452303C5006244F240231231
:10E75000B500AA851775FE1F0345C56205616F20C8
:10E76000FFA7F240624405618280011122CC2A8415
:10E77000214506CE2EC632C4EF207F9B1DC92246FE
:10E780009167938727E92310F500A1472301F5003E
:10E79000B24523038500A303C5006244F24023125F
:10E7A000B500AA851775FE1F0345F55D05616F204D
:10E7B000FFA2F240624405618280011122CC2A84CA
:10E7C000314506CE2EC632C436C23AC0EF203F963F
:10E7D00015CD22468567938717C92310F5002301BD
:10E7E0008500B2452303C500924602476244F240C9
:10E7F0002312B5002314D5002315E500AA8517754B
:10E80000FE1F0345255805616F205F9DF24062445D
:10E8100005618280011126CAAE844AC82A891385FF
:10E82000C40006CE22CC32C6EF207F901DCD856776
:10E83000B245938717E923019500231225012A8405
:10E840002310F500310508C426869720FE1FE780B7
:10E8500080F7A2856244F240D24442491775FE1FF8
:10E860000345455205616F207F97F2406244D244D0
:10E87000424905618280011122CC2A84194506CEC5
:10E880002EC6EF20DF8A05C98567938717F9231005
:10E89000F500854723018500A301F500B2456244D8
:10E8A000F2402312B500AA851775FE1F0345854D5A
:10E8B00005616F20BF92F240624405618280411180
:10E8C00022C42A840D4506C6EF207F8605C593071E
:10E8D00010F92300F500E947A300F50023018500A6
:10E8E0002244B240AA851775FE1F0345A549410180
:10E8F0006F20DF8EB240224441018280011122CC80
:10E900002A84214506CE2EC6EF207F820DC991674D
:10E91000938727E92310F500930700032301F500EF
:10E92000B245230385006244F2402312B500AA8554
:10E930001775FE1F0345354505616F203F8AF2407C
:10E940006244056182800111214506CE2EC632C483
:10E95000EF20EFFD15C58567938707392310F50074
:10E96000B245224685472301F500F2402312B50047
:10E970002313C500AA8503C581A905616F201F86E1
:10E98000F24005618280397122DC1304F5FF4AD818
:10E9900052D456D25ECE420406DE26DA4ED65AD085
:10E9A000894B2A8A3289B68A418063917515938B87
:10E9B00001A983C701A95E8B89448DCF83C9160045
:10E9C00083C706009144A209B3E9F9009777FE1FB7
:10E9D00083D7471DF51763DFF9009307C6FF639BD5
:10E9E000F90831452EC6EF208FF42A84B24519ED7F
:10E9F0009304F00FF250625426854259D254B25912
:10EA0000225A925A025BF24B2161828042091359C9
:10EA100009012302B50023132501930700F9150905
:10EA2000A1652310F5002311450185054A8597301E
:10EA3000FE1FE78080B208C405C983C70B00938519
:10EA4000EAFF13562900FD172388F1A89720FE1F1F
:10EA5000E78060D91C44A28503C581A989071CC42D
:10EA6000EF20CFF7814479B722859730FE1FE780EA
:10EA700020BBBDBF9307D6FFE3CCF9F6B147330403
:10EA8000F402938401AA9C40A29703C7A70019C768
:10EA9000884309C59730FE1FE78080B81385490079
:10EAA000A16542058505418103AA04009730FE1F38
:10EAB000E780A0AA9C40229A2320AA00A29788431C
:10EAC00005D905472385E70083470B004A86D6858D
:10EAD000FD172388F1A89720FE1FE780C0CE9C4039
:10EAE0003E942313240123123401ADBF8547E391E3
:10EAF000F5F0B1473304F402138B01AA83270B000E
:10EB0000DA89A29703D76700884355C783D74700A0
:10EB1000B306C700910763C0D70A3A95D6859720F8
:10EB2000FE1FE78040CA03270B00814422978357CA
:10EB30006700CA97C207C1832313F7000357470032
:10EB40001107E399E7EA3145EF206FDEAA8515CD7D
:10EB5000930700F92310F50083270B0023027501AA
:10EB600023114501A29703D767009C432313E500B7
:10EB70001CC503C581A9EF206FE683270B003E94D7
:10EB80002313040023050400B5B583270B00A297C7
:10EB9000884311C99730FE1FE78080A883270B00A8
:10EBA000A29723A0070083A709003E942313040023
:10EBB0002305040045BD11C99730FE1FE78040A61C
:10EBC00083A70900A29723A0070083A70900854413
:10EBD0003E94231304002305040029BD6F40C02C7C
:10EBE0006F40002E6F40A0776F400031411106C684
:10EBF000EF40402DB2400145410182806F406032BC
:10EC00006F4080346F40C0376F40E0396F40E03B69
:10EC10006F40E03D6F40C03F6F40C0416F40C04318
:10EC20006F4060458347160003460600A2075D8ECD
:10EC30006F40A0466F40E0476F40A04A6F40604D74
:10EC40006F4040506F4020536F4040556F406057B9
:10EC50006F4080596F40A05B6F40C05D411122C67C
:10EC60000344C10226C48344010303430101030E8C
:10EC70004101834E8101034FC101834F0102834251
:10EC800041028343810222D6324426D8A2441ED4B4
:10EC900016D27ED07ACE76CC72CA1AC841016F40A5
:10ECA00080716F40205B6F40405D6F40605F6F40E0
:10ECB00080616F40A0636F40C0656F40E0676F4048
:10ECC000C06A6F40E06C6F6060201307A5FF4207C9
:10ECD00085672A8841831385A7C7636CE50213877C
:10ECE00007C801456368B70263E605031307301FD1
:10ECF0006362C702138766FF42074183938767C732
:10ED000063EAE70005063306B6028E063325D60011
:10ED1000828001458280411126C206C622C4AA848F
:10ED2000EFD0106819C52A842685EFC0F02323246C
:10ED3000A418B24022449244410182808346650176
:10ED40000D47AA876384E6000545828003274511A5
:10ED500003464700A305C502034737006316D702E1
:10ED60000347B50075F303470501930600026307E7
:10ED7000D7009306300201456317D70013076002DE
:10ED80002388E70001458280BD466310D702034710
:10ED900005019306000401451377B70FE315D7FE6D
:10EDA000130750042388E7008280B946631AD7000E
:10EDB0008346050113070003E398E6F80547C9B742
:10EDC000D1466317D7008346050113070005EDB749
:10EDD000D9466318D7028346050113075005E3950A
:10EDE000E6F60327050A136707202320E50A0547EF
:10EDF0002308E50003C71701136707F8A388E70096
:10EE000051B7E946631BD700834605011307500637
:10EE1000E39CE6F21307A006A5B7FD46631BD700E7
:10EE2000834605011307A007E390E6F2130710F8E5
:10EE300081BF93063002E319D7F08346050113071B
:10EE40005008E393E6F005472308E5000347A502D1
:10EE5000136717002305E50271BF832705110947D2
:10EE6000A30AE50095C32381E70003474505A38175
:10EE7000E7008347A50293E787002305F502F147E2
:10EE80002308F500014582801D4582808547A30A3D
:10EE9000F5008327051191CB15472381E7009307E0
:10EEA000B0022308F5000145828005458280854730
:10EEB000A30AF5008327051191CB19472381E700A9
:10EEC0009307D0022308F500014582800545828022
:10EED0008947A30AF5008327051181CF1D472381A8
:10EEE000E700832705110347D5020145A381E70009
:10EEF0008280054582808547A30AF5008327051196
:10EF000091CB2D472381E700930770032308F50079
:10EF100001458280054582809947A30AF500832731
:10EF2000051131472381E7001777FE1F130787F28A
:10EF300083564701A381D7009776FE1F83C6E6F26A
:10EF40002382D7009776FE1F83D626F2A182A38262
:10EF5000D700834687012383D70003479701A38304
:10EF6000E7008347E50213F7070409CF9307A003DF
:10EF70002308F5008347E50293F7F7072307F50217
:10EF800001458280858BFDD78327050AA3050502ED
:10EF90002307050293E707042320F50AE1BF894709
:10EFA000A30AF5008327051181CF35472381E700A8
:10EFB000832705110347B5020145A381E70082803D
:10EFC000054582808D47A30AF5008327051191CF5F
:10EFD00045472381E7000347C502A381E7000347B4
:10EFE000B50201452382E70082800545828085477E
:10EFF000A30AF5008327051185C349472381E7004C
:10F000009307A0042308F5008347A50293E7470070
:10F010002305F50201458280054582808547A30AC4
:10F02000F5008327051191C74D472381E70001456E
:10F03000828005458280032705118D47A30AF500CC
:10F04000D9472301F70083464514A301D70083471E
:10F050005514918A2302F7000357A51CB1C69306E5
:10F06000F034814763FDE600930787E80357851472
:10F0700015CB8587938757FD8D87C207C1830357BB
:10F08000851C63F3E7003E878347A5022307E50459
:10F0900093E747002305F502930750052308F50081
:10F0A000014582808D87F9B7858B99C7930707FB48
:10F0B0002147B3C7E702D1B79307C7FB1147D5BFB5
:10F0C000032705118D47A30AF500DD472301F7004B
:10F0D00083474514A301F700834655142302D70044
:10F0E0000347B514F98F93F647000357A51CB1C623
:10F0F0009306F034814763FDE600930787E80357E2
:10F10000851415CB8587938757FD8D87C207C183EB
:10F110000357851C63F3E7003E87930780052308A8
:10F12000F5008347A5022307E50493E7470023057D
:10F13000F502014582808D87F9B7858B99C79307C2
:10F1400007FB2147B3C7E702D1B79307C7FB1147B6
:10F15000D5BF832605118D47A30AF500E547238116
:10F16000F60083477514034665140547B317F70087
:10F170003317C700D98FA381F60083471514238264
:10F18000F6008347A50293E747002305F50293079E
:10F1900000062308F500014582808947A30AF5008F
:10F1A0008327051175472381E7001777FE1F130793
:10F1B00067CA03473700A381E70093075007230876
:10F1C000F500014582808947A30AF50083270511D0
:10F1D00079472381E7000347F502A381E7008327EE
:10F1E000050A2167D98F2320F50A85472308F500F2
:10F1F000014582809777FE1F9387C7C5B84B930759
:10F20000800583464700B387F6021457032705118C
:10F21000BE96A547A30AF500930700022301F70055
:10F220000356A51C8357651CB297D05A9387C71203
:10F2300063F3C700B287A301F70013D68700C18329
:10F240002302C700A302F7009C5E2303F70013D636
:10F250008700C183A303C7002304F70083C7C60147
:10F26000A304F70083C7D6012305F7009307C0075F
:10F270002308F500014582808327051111461307F5
:10F280003002A30AC5002381E70003478515118BCF
:10F2900005CF0347A515238207009306F7FF05470F
:10F2A0003317D700A381E70003473514A382E70093
:10F2B0008347A50293E747002305F502930750F81B
:10F2C0002308F5000145828083467514094763923F
:10F2D000E6021777FE1F034757AC09C72147A381F2
:10F2E000E70019A0A381C700034755162382E70052
:10F2F00065BF05473317D700DDB79547A30AF5006B
:10F3000083270511130740022381E700A38107002B
:10F31000030735148306F5156395E6008946A38136
:10F32000D7008306E5156398E60083C6370093E6A9
:10F330001600A381D7008306D5152382D700034684
:10F34000C515A382E7002383C70083478515858BF6
:10F3500081CB99C68327050A4167D98F2320F50AF7
:10F3600001458280411126C28324051106C622C4AC
:10F37000B547A30AF500A9C091472A842381F40068
:10F380009305851A2146138534009710FE1FE780E8
:10F3900080431385B40011469305041B9710FE1F8C
:10F3A000E7806042930720022308F4000145B24041
:10F3B00022449244410182800545D5BF832705112F
:10F3C000A1C7411122C406C62547A30AE50023812F
:10F3D000E7002A84032505119305840F21460D05B6
:10F3E0009710FE1FE780203E8327040AA30504022E
:10F3F000014593E707022320F40A85472308F40018
:10F40000B24022444101828005458280A547A30A7B
:10F41000F50083270511A9C3411122C406C6394747
:10F420002381E7002A84032505119305840F2146D3
:10F430000D059710FE1FE78000398347A4020145A0
:10F4400093E747002305F402930700032308F40021
:10F45000B24022444101828005458280E147A30AEF
:10F46000F50083270511D9CF411122C406C63D47B7
:10F470002381E700034745072A8493058506A38176
:10F48000E7000347550731462382E7000347650736
:10F49000A382E7000357650721832383E70003471F
:10F4A000A505A383E7000357A50521832384E7006F
:10F4B0000347C505A384E7000347D5052385E70077
:10F4C00003574506A385E700034765062386E70043
:10F4D000035765061385E7002183A386E70097108D
:10F4E000FE1FE780402E8347A402014593E74700B3
:10F4F0002305F402930700042308F400B2402244D9
:10F500004101828005458280E147A30AF5008327F7
:10F510000511C9CB411122C406C641472381E7002A
:10F52000034745072A8493058506A381E70003471F
:10F53000550731462382E70003476507A382E700AA
:10F540000357650721832383E7000347A505A383AA
:10F55000E7000357A50521832384E7000347C5057A
:10F56000A384E7000347D5052385E7000357450635
:10F57000A385E700034765062386E7000357650672
:10F580001385E7002183A386E7009710FE1FE7801D
:10F590008023930740042308F400B240224401452D
:10F5A0004101828005458280411106C6AD47A30A0C
:10F5B000F50083270511130790029305D5172381C2
:10F5C000E7001385370029469710FE1FE780A01F2C
:10F5D000B24001454101828083254511411126C277
:10F5E00006C622C483C7450003C735000568A207C5
:10F5F000D98F1387A7FF420741839306A8C7F94411
:10F6000063E2E60C03C7650083C65500130808C80B
:10F610002207558FF9446367E80A6365F70A03C652
:10F62000850083C675002206558E9306301F63EB56
:10F63000C60883C6A50083C89500A206B3E61601D6
:10F640006362D808130816003308F802939836004E
:10F65000635A180783C8B5001398080113580801A6
:10F6600063840800636007078358A5038144639D92
:10F670001701631BF7008358C5036397C8008354C1
:10F68000E503958C93B41400231DC504231AF506D5
:10F69000231BE506231ED5042312050783C7D500C7
:10F6A00003C7C5002A84A207D98F2313F506314664
:10F6B000B905130585069710FE1FE780C010914716
:10F6C000A30EF400B2402244268592444101828078
:10F6D000411122C406C68547A30AF5002A84834542
:10F6E0003515032705110345451585469317650014
:10F6F000CD8F2301F700ED47A301F7008347C40036
:10F700000346241593E707022306F400EF107074F4
:10F71000930770062308F400B240224401454101DA
:10F720008280832745111303000E03C6470003C7D9
:10F7300037002206598E130756FE4207418363673E
:10F74000E30683C6670003C757001168A206D98E77
:10F75000138786EB42074183130888146368E80423
:10F7600003C7870083C87700220733671701930810
:10F7700057FEC20893D80801636A130383C8970031
:10F7800083C7A700A207B3E71701938887EBC208D6
:10F7900093D80801636C1801231EC51A231FD51ABC
:10F7A0002310E51C2311F51C6FB0606905458280AC
:10F7B0008346B5000547AA8705456395E60C83C6D1
:10F7C000670131470545639FE60A03A74711834652
:10F7D0003700A38AD7048346570003464700A20692
:10F7E000D18E239BD7048345770083466700A2050B
:10F7F000D58D239CB70403469700834687002206D5
:10F80000558E239DC7048346B7000345A700A20673
:10F81000C98E239ED7040345C7000347D70022079C
:10F82000498F03D5A703239FE7040147631BB50056
:10F8300083D5C7036397C50003D7E703158F133735
:10F8400017002391E70603C707019306000463042A
:10F85000D702930640046315D70005472388E700C5
:10F8600003C717019546A38ED700136717F8A3881F
:10F87000E7000145828003C7A702136717002385AD
:10F88000E702E1BF8280034765018947631DF700F6
:10F890008327451183C73700230AF504F54723085A
:10F8A000F500014582801D4582808347B5002A8787
:10F8B000D9EB83466501B54705456397F60883464E
:10F8C0000701930700026391F6088327471101455A
:10F8D00083C6570003C64700A2064206B29603C677
:10F8E0006700B29603C637006206B2962320D70C93
:10F8F00083C6970003C68700A2064206B29603C6D7
:10F90000A700B29603C677006206B296232ED70AE6
:10F9100083C6C70003C6D700A2064206B29603C636
:10F92000B70083C7E700B296E207B6972320F70E29
:10F930008347170193E78700A308F7009307300276
:10F940002308F7008280054582808347B5009DE348
:10F95000034765018547631DF700834605011307CB
:10F9600030026397E6009307C0022308F500814741
:10F970003E8582808547EDBF834665010547AA879E
:10F980000545639CE60203C707019306B002631AAC
:10F99000D7001307E0022388E700A385070201458B
:10F9A00082809306D00205456319D7001307E00251
:10F9B000A38507022388E700DDB78280034765013E
:10F9C0008947631EF704E947A305F502832745111C
:10F9D000394783C737006392E7020347050193075E
:10F9E0000003631EF7028327050A93E7070223201B
:10F9F000F50A85472308F500B9A03D476393E70260
:10FA00008327851003470501F59B2324F5109307F1
:10FA100000046316F700930760042308F50001450E
:10FA2000828049476398E702034705019307A004D2
:10FA3000E317F7FE85472308F5008347A50293E700
:10FA400017002305F5028347150193E707F8A3087C
:10FA5000F500F1B751476392E702034705019307A9
:10FA60000005E31EF7FA85472308F5008327050AFA
:10FA700093E707102320F50AF9B75947639DE7007C
:10FA80000347050193075005E31BF7F88327050A91
:10FA900093E70720A9BF6947639FE7000347050174
:10FAA00093075006E31DF7F68327050A056713073A
:10FAB0000780D98F2DBF7147E383E7F67547639CB5
:10FAC000E7000347050193075007E31AF7F483277C
:10FAD000050A2167F9BF13073002E392E7F40347F1
:10FAE000050193075008A9B70347B500854763117F
:10FAF000F70203476501631BF7000347050163171E
:10FB0000F700930760032308F50081473E85828054
:10FB10008547EDBF834665010547AA870545639381
:10FB2000E60603C70701930670036315D70203C7F0
:10FB3000A702238607049376070499C61377F7FB79
:10FB4000136707012385E702130780032388E70073
:10FB5000014582809306500305456315D7021307BC
:10FB600080032388E70003C7A70223860704014513
:10FB70009376070481CA1377F7FB13670701238580
:10FB8000E70282808280034765019947631EF70878
:10FB90000327451183473700A307F5048347570020
:10FBA00083464700A207D58F2318F50483477700C3
:10FBB000834667001307A003A207D58F834605017C
:10FBC0002319F5048347E5026395E604858B99CBF9
:10FBD0008327050AA30505022307050293E7070407
:10FBE0002320F50A8347A50293E717002305F502B2
:10FBF00085472308F5008347150193E707F8A30815
:10FC0000F5008347E50293F7F7FB2307F50201456B
:10FC10008280E207E187E3D007FE8327450A93E766
:10FC200007042322F50AC1BF054582800347650109
:10FC300089476304F7000545828083274511130730
:10FC4000000483C73700A305F5028347050193F637
:10FC5000B70F6397E600930750042308F50025A02B
:10FC6000130750056393E7028327050A93E70720EC
:10FC70002320F50A85472308F5008347150193E7FC
:10FC800007F8A308F5000145828013075006639525
:10FC9000E7009307A006D1B713075008639CE7005D
:10FCA00085472308F5008347A50293E7170023053E
:10FCB000F502E1B70347B5003DFF13070002638675
:10FCC000E700130730026395E7009307600271B7FE
:10FCD0001307A007E391E7F6930710F8BDBF83462B
:10FCE00065010547AA8705456394E60403A78710C5
:10FCF0000545418B15CF03C707016318A7001307FC
:10FD0000B0042388E700014582801306A004631A2B
:10FD1000C70003C7A7022388D700136717002385EE
:10FD2000E70203A7870A1367070423A4E70AE1BFD2
:10FD30008280834665010547AA8705456393E602ED
:10FD400083C607011307A0040545639CE60003C7AB
:10FD5000A7022388A7000145136717002385E70240
:10FD600082808280034765018D47631FF7188347B0
:10FD700015018D8B91EB834605012147938706FC86
:10FD800093F7F70F6361F702D9472306F50293074C
:10FD9000A002A305F5028327850A93E72700232401
:10FDA000F50A014582808347B5000326451163901B
:10FDB0000714930750056398F600D9472306F50208
:10FDC00093073002F9B79767FE1F9387A70883450B
:10FDD000460003C7A70383C7B703834865146D8F25
:10FDE0002305E51403463600F18F0546A305F514F7
:10FDF000331616016314C700230505140348751450
:10FE00008545B39505016394B700A3050514034721
:10FE1000A5148347B5145DCFD9CB93752700B1C125
:10FE200013F627001DCE930720202315F514034752
:10FE3000A5148547B39717016314F700230505142C
:10FE40000347B5148547B39707016314F700A3056B
:10FE5000051485476398F608930760052308F500A5
:10FE600089B71376470001CA13F3470063050300FF
:10FE7000930740405DBF058B19C713F7170001C7F3
:10FE8000930710105DB7094781E5114711E2054757
:10FE90002305E51413F7270009C78947A305F514BF
:10FEA00079B7918B99C39147D5BF8547C5BFB357E4
:10FEB0000741858B81C72305B51495BF937727002C
:10FEC00089C789472305F5149DB7118B91477DFBA1
:10FED0008547CDBFA9DF33D71741058B45DFA30584
:10FEE000C514B1B78327850A93E707104DBD854731
:10FEF0006397F60083474600A305F514B1BF832737
:10FF0000850A93E7072061BD054582808346650128
:10FF10000D47AA8705456394E61483C607011307B6
:10FF200050050545639DE61203C7B7006319071224
:10FF300083C6471403C7571403A6471133F5E600D9
:10FF40008345460019ED6396B60003453600630A03
:10FF5000E50023950714130770052388E700014582
:10FF60008280ED8E2385D7140346360003C86714BC
:10FF7000718F0546A385E714331606016394C60006
:10FF80002385071403C577148545B395A50063142D
:10FF9000B700A385071483C6A71403C7B714C5CA3F
:10FFA00041C793F526009DC91376270005CA13079C
:10FFB00020202395E71483C6A714054733170701AC
:10FFC0006394E6002385071483C6B71405473317E7
:10FFD000A700E392E6F8A3850714B5BF13F6460021
:10FFE00001CA937847006385080013074040D1B7E2
:10FFF000858A99C69376170081C61307101055BFDE
:020000040002F8
:10000000894681E5914611E285462385D71493768A
:10001000270089C60947A385E71471BF118B19C34F
:100020001147D5BF0547C5BF33D7A640058B01C7CC
:100030002385B71449B713F7260009C70947238555
:10004000E71495BF918A1147FDFA0547CDBF25D723
:10005000B3560741858AC5DEA385C714A9BF828030
:100060008346B5000547AA870545639FE60683C614
:100070006701154705456399E60603C7070193061F
:1000800050056306D70093068005631FD70403C796
:10009000A70283A54711136717002385E70203C64C
:1000A00045001147636EC70083C63500636AD700F9
:1000B0001307F6FF1385F6FF718F758D498F11C7F2
:1000C00005472388E7000145828003C7650003C513
:1000D00055002385C7142207498F2396E714A3856B
:1000E000D7141307A005F1BF82808347B50095E3BD
:1000F000834665010D478547639BE600034705017D
:100100006317F700930710062308F50081473E8523
:1001100082808547EDBF0347650189476310F70675
:10012000832745119765FE1F83C565D783C73700B1
:1001300013F6F70113D767009767FE1F83C717D61B
:1001400063EAC7008346E514A18A89C6B3D6E540B1
:10015000858A9DE6E9472306F5028547B397E700C0
:10016000ED8F8D8B794799C3130700028327850A8A
:10017000A305E50293E727002324F50A05458280BD
:10018000230AE51403470501A309C514854763182D
:10019000F700930760062308F50001458280832756
:1001A000850A93E707402324F50AC5BF0347650185
:1001B0008947631CF702832745110347050183C75D
:1001C00037002308F50285476318F7009307600797
:1001D0002308F500014582808327850A05671307F8
:1001E0000780D98F2324F50AF5B705458280834619
:1001F00065010947AA870545639FE60283C6070193
:100200001307500701456398E60203A74711A1664B
:10021000034737002388E70203A7070A558F23A067
:10022000E70A05472388E70003C71701136707F8A4
:10023000A388E70082808280834665011547AA87EC
:1002400005456399E60C83C6070113075008054569
:100250006392E60C03A7471183463700A38DD7149A
:1002600083064700A382D716030657002380C716CC
:10027000034767002382E71603C787159375470076
:10028000B5CD8946A38CD71483A6070AC1656D9B9B
:10029000CD8E23A0D70A238CE71403C7A716937625
:1002A000170085C29306F0076306D6001367270080
:1002B0002385E71603A7070AB7060200558F23A078
:1002C000E70A1767FE1F1307E7B803473700014522
:1002D000A387E70203C74703A380E71605472388E0
:1002E000E70003C7A702136717002385E70203C7C8
:1002F0001701136707F8A388E7008280098B51DF95
:10030000C9DE03A7070AC166A38CA714558F23A0D3
:10031000E70A61B78280834665011547AA870545CC
:100320006390E60A83A64711014503C6360013779A
:10033000060F59E71767FE1F034797B5718F49C32B
:1003400003C7660011482380E716838556000147DE
:10035000A382B716130517003357E640058B937831
:10036000F50F15CF238D171503C74600A38DE7148E
:1003700003C78715937647009DC68946A38CD7147B
:1003800083A6070A41666D9BD18E23A0D70A238CD2
:10039000E71403C747030145A380E71682802A8735
:1003A000E31A05FBD1B7098B6DD7E5D50547A38CBB
:1003B000E71403A7070AC166558F23A0E70AD1BF38
:1003C0008280834665011147AA8705456393E60A43
:1003D00083C5B7000545639EA50883A6471103C8DA
:1003E00036006366050303C74600130510091306AC
:1003F000B7FF1376F60F636CC50003C6560093066D
:10040000B6FF93F6F60F6364D5006371E602794791
:10041000A385E702130780022386E70203A7870A62
:1004200001451367270023A4E70A828083A6C7102B
:10043000014593F6060895CE83C647176317B802A1
:1004400093E61600238AD7169306000AA38AE716B6
:100450003307D70283D6A7033347D70283D60704CF
:1004600085063697239BE7168280D99A238AD7166A
:100470008280828083270511E9C72547A30AE5000A
:1004800051472381E7000347451B8355651B0356EE
:10049000A51BA381E7000347551BA382B700238256
:1004A000E70013D785002383E7000347851BA38359
:1004B000E7000347951BA384C7002384E700135775
:1004C00086002385E7008346751409476386E602A4
:1004D000032705109316470163C0060285669386BD
:1004E00086842E8763F3B600368742074183A38252
:1004F000E70021832383E700834665140947638669
:10050000E602032705109316470163C006028566BD
:1005100093868684328763F3C60036874207418319
:10052000A384E70021832385E7008347A50293E79F
:1005300047002305F502930700052308F500014550
:1005400082800545828083270511E9CB2547A30AD0
:10055000E50055472381E7000347451B8355651B8D
:100560000356A51BA381E7000347551BA382B700D1
:100570002382E70013D785002383E7000347851B09
:10058000A383E7000347951BA384C7002384E700E8
:10059000135786002385E700834675140947638057
:1005A000E6028566938686842E8763F3B6003687D7
:1005B00042074183A382E70021832383E700834628
:1005C000651409476380E6028566938686843287D0
:1005D00063F3C600368742074183A384E700218383
:1005E0002385E7008347C507A305050299C783272D
:1005F000050A93E707102320F50A8327450A139776
:100600004701635807007D771307F77FF98F23228F
:10061000F50A85472308F50001458280054582805B
:1006200003476501AD476318F702411106C68347CA
:10063000451783254511294693E70701230AF51637
:100640008D051305D5179700FE1FE780C017B24030
:10065000014541018280054582808347B500EDE771
:10066000411122C406C603476501E1472A840545B6
:100670006318F70C03470401930700046312F70C97
:100680008325441105659306A5C703C7450083C7A5
:10069000350022075D8F9307A7FFC207C18363EC74
:1006A000F60883C7650083C65500130505C8A20771
:1006B000D58F6362F50863E0E70803C6850083C64B
:1006C00075002206558E9306301F63E6C60683C664
:1006D000A50003C89500A206B3E60601636DD50424
:1006E000130516003305E502139836006345A80488
:1006F00003C8B5001315080141816304080063ECC9
:10070000A702231DC4042312A406231AE406231BF4
:10071000F406231ED40483C7D50003C7C5003146A1
:10072000A207D98F2313F406B90513058406970091
:10073000FE1FE7804009930770042308F400014579
:10074000B24022444101828005458280411126C287
:1007500006C622C403476501E14785446318F704D0
:10076000832785102A848544898BA9C38347B500D4
:1007700063919706EFE05FE683470401A305A402B7
:1007800063979700930710042308F40039A8130710
:1007900000046393E702930710042308F4008347DF
:1007A000A40293E717002305F4028144B2402244D7
:1007B00026859244410182808327040A93E727001B
:1007C0002320F40A8347140193E707F8A308F400F1
:1007D000E9BF834715018D8B99CF9307A002A3052D
:1007E000F402BD472306F4028327840A93E7270017
:1007F0002324F40A5DBF8347050163979700EFE068
:10080000BFDDA305A402BDBF130700026390E7028A
:10081000EFE09FDCA305A402814449F98327440A41
:1008200037070080D98F2322F40A49B71307000441
:10083000E39EE7F6930730025DB7411126C206C674
:1008400022C48347B5008544A5E703476501A54752
:100850008544631FF7048327850FA18BB1CB8325C4
:1008600045112A8421468D05130505109700FE1FAA
:10087000E78060F583270410B73678089386060D65
:10088000DD8E8327441013E707018327840FF58F3C
:100890002324F4108327C40FF98F2326F4108347F1
:1008A0000401639D9700930710032308F40081441B
:1008B000B240224426859244410182808327840AE3
:1008C00093E707012324F40ADDB7411126C206C6C7
:1008D00022C403476501A5478544631AF706034709
:1008E00005019307000385446313F706832545112B
:1008F0002A8421468D05130505109700FE1FE78009
:1009000080EC83270410B73678089386060DDD8EB9
:100910008327441023089400A305040213E707016A
:100920008327840F8144F58F2324F4108327C40F79
:10093000F98F2326F4108327040A93E70702232064
:10094000F40A8347140193E707F8A308F400B240C0
:10095000224426859244410182808347B5000547A1
:100960006395E708411122C406C683466501254701
:100970002A8405456390E606034704016310F706E1
:10098000832544112146130504108D059700FE1F91
:10099000E78060E383270410B73678089386060D56
:1009A000DD8E8327441013E707018327840FF58F1B
:1009B0002324F4108327C40FF98F2326F410930700
:1009C00010032308F40083471401014593E707F857
:1009D000A308F400B2402244410182808327840AA4
:1009E00093E707012324F40AF9BF054582800347F2
:1009F000B5008547631CF704411122C406C626C210
:100A000003476501A1472A840545631CF702832437
:100A10004411130584121546938534009700FE1F78
:100A2000E78060DA83C7940003C784000145A2070A
:100A3000D98F2317F4128347140193E727F8A308EB
:100A4000F400B240224492444101828005458280F4
:100A50000347B50085476310F716834665015D4778
:100A6000639CE614011126CA8324451122CC214639
:100A70002A84938534001305F51806CE9700FE1FCF
:100A8000E78060D483C7C40003C7B400A207D98F2E
:100A9000A30BF418A183230CF418EF00DF8C2AC4F5
:100AA000EF007F8C2AC62C001305841A214697007C
:100AB000FE1FE78040D183C7F40003C7E40013059D
:100AC000041BA2074207BA9703C704012C00114672
:100AD000BA9703C7D4006207BA972324F40C83C7DC
:100AE000340103C72401A2074207BA9703C7440190
:100AF000BA9703C714016207BA972322F40C03477D
:100B0000941A8347A41A4207A207BA970347B41A54
:100B1000BA970347841A6207BA972320F40C034755
:100B2000D41A8347E41A4207A207BA970347F41A74
:100B3000BA970347C41A6207BA97232EF40AA2474A
:100B4000374703001307D73FB387E70237A72600CD
:100B5000130737ECBA973EC49700FE1FE780A0C684
:100B600083C7640103C77401A2074207BA9703C78A
:100B70005401BA9703C784016207BA97232EF40C75
:100B80000347241B8347141B4207A207BA97034756
:100B9000041BBA970347341B6207BA972320F40E4D
:100BA000930710022308F400F24062448147D244C4
:100BB0003E850561828085473E85828003476501C9
:100BC0009147631BF712411126C28324451106C6C3
:100BD00022C403C7340001CB9307F7FFF98F81E7E5
:100BE0009377070F8DC793070002A305F5029307BC
:100BF00030022306F5028327850A93E72700232482
:100C0000F50AB2402244924401454101828083C5E5
:100C100054009306E007814711466397D500F947D2
:100C2000E9B7B687638CC60093861700B357F740C1
:100C3000858B93F5F60FF5D7230DB5148387440004
:100C40002A84B5C3A30EF514030535143387A70012
:100C50001375F50F635AF0008307F41563DAE700A4
:100C6000898FA30EF41429A08307E415E34AF7FE45
:100C70008347D4153E9562056185212F2301A41475
:100C80005D2583473414A301A414B307F540A30ED4
:100C9000F41401278347A415034734142301A41433
:100CA000A297A382E716830744038306241601470D
:100CB00063D5F600958F13F7F70F230EE41483C75F
:100CC000540005472300F416834704016397E700A7
:100CD000930760F82308F4002DB7130750086396B4
:100CE000E700FD57230EF414E5B78327840A09674C
:100CF000D98F2324F40A31B7054582800347650163
:100D0000A547631EF704411122C406C683460501A8
:100D1000130700052A8485476397E602EFE07FA06A
:100D200005E98327040AA305040293E7071023209B
:100D3000F40A8347140193E707F8A308F4008547F2
:100D40002308F4008147B24022443E85410182805D
:100D50008347A40293E717002305F402D9BF854710
:100D60003E85828003476501A5476309F700054575
:100D700082800545B240224441018280832785104C
:100D8000411122C406C693F707022A84FDD3EFE07F
:100D90005F998547E30FF5FC034704016318F700EB
:100DA000930710052308F4000145E9B78327840A57
:100DB00093E707082324F40AC5BF0545828005454B
:100DC00082800545828005458280054582800545F3
:100DD000828005458280054582808347C500A30A3D
:100DE0000500F19B93E717002306F5000325051185
:100DF0001335150082801757FE1F0347D7F9954713
:100E0000630BF7009757FE1F938787F883C7770018
:100E10000D47631FF7009757FE1F83C7F7F7639EC1
:100E20000710930760101757FE1F2317F7F68280ED
:100E3000411126C29757FE1F9387C701938481AC47
:100E400022C4E05F9C404AC006C623A20706096789
:100E500098C719459757FE1F238E07F2EF003016EB
:100E60009387C1AB944337C7898E130767ED98C644
:100E70003757550013075755D8C203472402930626
:100E8000F00F3E896307D700FD57A300E40223015A
:100E9000F4020345140289476303F50001459840B5
:100EA00001469305F00F5C4393E717005CC393077B
:100EB00010FA2305F40099471757FE1FA30DF7EC0E
:100EC0009757FE1F238607EC9757FE1F238407ECD6
:100ED0009D2D938701AD9443DC56F59BDCD683278B
:100EE0000900034794001376F7079843137707F830
:100EF000518F98C31757FE1FA30E07E8904017574E
:100F0000FE1FA30707E8054718C298431377F7E7C2
:100F100098C398431377F7E71367071098C39C4665
:100F200037073300B240D98F22449CC69307900DF7
:100F30003CCA92440249410182808280411106C626
:100F400022C41757FE1F034737E59757FE1F9387A5
:100F500027E401CF9756FE1F83C606E40947639630
:100F6000E6001757FE1FA30907E203C77700A14653
:100F70006387E60003C777009D46639DE60083C74D
:100F800077001757FE1F2309F7E085471757FE1F05
:100F9000A304F7E0EF00407B9757FE1F938787EB92
:100FA000E05F684023150400230404009700FE1F3F
:100FB000E7800067914523100404232204042324BE
:100FC00004041755FE1F0345D5C0EF001F85A1453A
:100FD0001755FE1F0345F5BFEF003F84034514037B
:100FE0009307F00F6307F500EF00DF87FD57A308B5
:100FF000F402034504039307F00F6307F500EF00C5
:101000007F86FD572308F402B240224441018280CA
:10101000011126CA9754FE1F9384C4E322CC03A473
:10102000040C4AC84EC652C456C206CE2A8981490B
:10103000130A2500854A29E8930570253145970054
:10104000FE1FE78080512A8401453DC08347190077
:10105000194693052900A300F4001305240097F016
:10106000FD1FE780407683A7040CA1EF9757FE1F72
:1010700023A287EA2324040083C7C40B85071757DC
:10108000FE1F2307F7E825A0034714008347190034
:101090006305F700A289004479BF1946D28513057C
:1010A000240097F0FD1FE780007BE31555FF054501
:1010B000F2406244D2444249B249224A924A05610E
:1010C0008280E38909FA23A489006DB79757FE1F30
:1010D000938747D803A5070C11E99757FE1F23AB49
:1010E00007E29757FE1F238507E28280411106C65B
:1010F00022C400459700FE1FE7808052228575F8C4
:10110000B24022449757FE1F23A607E09757FE1FC1
:10111000238007E0410182809757FE1F938787D382
:1011200023A0070C238E070A8280011122CC13848E
:1011300081AC184006CE26CA2EC632C43C4BAA84C7
:10114000354593F7F7F73CCB9D2D184026853C4B52
:1011500093E707083CCB2246B2459700FE1FE78085
:1011600020B1F2406244D244014505618280138778
:1011700081AC1443BC4A93F7F7F7BCCA01000100E5
:1011800018431605136505083C4B93E707083CCB4D
:10119000938781AB9C4303A7450E88C398CB03A7D5
:1011A000850E0145D8CB03A7C50B98CF03A7050C27
:1011B000D8CF03A7450C98D303A7850CD8D303A792
:1011C000C50C98D703A7050DD8D703A7450D98DB05
:1011D00003A7850DD8DB03A7C50D98C703A7050E88
:1011E000D8C798431367070498C38280138781ACDC
:1011F0001443BC4A93F7F7F7BCCA01000100184337
:101200001605136505083C4B93E707083CCB93870D
:1012100081AB9C4303A7C50E88C398CB03A7050FDA
:101220000145D8CB03A7C50B98CF03A7050CD8CF92
:1012300003A7450C98D303A7850CD8D303A7C50CE7
:1012400098D703A7050DD8D703A7450D98DB03A7AB
:10125000850DD8DB03A7C50D98C703A7050ED8C712
:1012600098431367070498C3930700F81757FE1FA6
:101270002303F7B282801386C1AB1C42B7068000FD
:10128000B71501809843938585E7558F98C3984398
:10129000B7060010558F98C31307001DD8DB1757EA
:1012A000FE1F0347679093169701CD8ED4D7D4576E
:1012B000B70500821377F703FD15ED8E6607558F8E
:1012C000D8D737170040930770052300F70493071A
:1012D00080FA2300F7049756FE1F83C6E68CB547B5
:1012E00063FBD7028357270293E707012311F70215
:1012F0001842B7070900938737081CD337E700E087
:10130000D147A309F7049707FE1F938787C193E787
:1013100017007CD7828083572702C207C183BD9BF9
:10132000C207C183E1B79307C00363E2A7061307AF
:1013300080029547636BA704714791476367A704D1
:1013400059478D476363A70449478947636FA702DD
:1013500039478547636BA702314781476367A70217
:101360002947FD576363A7022147F557636FA7001D
:101370001947ED57636BA7000D47E1576367A70057
:101380000547C1576373A700D1573E8582809947AF
:10139000EDBFC5576340F50655578947634AE504D5
:1013A000655791476346E50471579D476342E504DD
:1013B0007957A547634EE502AD47634B0502B54734
:1013C00005C90547BD476305E5020947CD476301E8
:1013D000E5020D47DD47630DE5001147F547630959
:1013E000E50015479307D0036314E50093079002C7
:1013F0003E8582808547EDBF938741AC9C4399CB66
:10140000944BD04B9842518F98C294439C4798423A
:10141000D98F9CC29387C1AB138681AC05489C438E
:101420001757FE1F03476797144263120505884349
:1014300075787D183375050188C3C846F977FD179F
:10144000E98FDCC60100010014428967AD059CC626
:10145000930700F81756FE1F230EF6929397250068
:101460009305E709BE958605ECD2C8C682807578DB
:10147000137325009308F8FF630B030803A8070004
:1014800089050D433378180189683368180123A052
:10149000070151781307E70B8E057D18631165046A
:1014A00088433375050111683365050188C3C84653
:1014B000F977FD17E98FDCC6010001001C42930695
:1014C00000F89385750D23A417011756FE1F2303FB
:1014D000D68C8605BA958605ECD3C8C7828088432A
:1014E0003375050188C3C846F977FD17E98FDCC657
:1014F000010001001C42930600F89385A50423A473
:1015000017011756FE1F2307D6888E05E1B78843BB
:101510000568337515013365050188C3C846F97739
:10152000FD17E98FDCC6010001001C428966A90590
:1015300094C7930600F81756FE1F230DD6848E0518
:101540001307E70941BF938741AC9C4389CFD4433C
:1015500003A8870098423367070198C2D447DC4B41
:101560009842D98F9CC29387C1AB83C601AC1377D5
:1015700025009C43858A25CB984375757D15698F19
:101580000965498F98C3370709001307670898D37F
:10159000372730084517D8CB371703001307976153
:1015A00098CF0D671307E78D98D7376700011307AA
:1015B0000731D8D385C637A73F001307F74D9E05DF
:1015C00098CB938545369747FE1F23A9B77C11C654
:1015D00006069747FE1F23A3C77C82803727370064
:1015E0001307F72DE9BF370709001307370898D30A
:1015F0003727100813071790D8CB371703001307A6
:10160000476298CF0D671307E78B98D737670001BC
:1016100013070731D8D385C637A73F001307E72C38
:1016200098CB75779306F7FF984305489505758F16
:10163000631C050198C38E059385C50369B73727D9
:1016400037001307072DE9BF8566558F98C39205AC
:10165000E5B711C937170040835787012168B3E701
:101660000701231CF7008E059747FE1F2387B772DB
:101670009387C1AB22069C43498E4D8EB70510005F
:101680004D8EF0D3F85313674700F8D3984391C6B3
:10169000B7060020558F98C38280B70600E0FD167C
:1016A000758FD5BF411106C61747FE1F0347C76E8A
:1016B000A1476310F7049747FE1F83C7276F858BE9
:1016C0001746FE1F0346B6709746FE1F83C6267058
:1016D000B5C79747FE1F9387676FC84325C18345EA
:1016E00015000905192511C585471747FE1FA305D4
:1016F000F76A1747FE1F0347276A9947631CF700DD
:101700009747FE1F93870775FC5F83C7B70095CB8C
:10171000EFF06FEE1747FE1F034707689D47631200
:10172000F7029747FE1F9387E77283A7070983C7CE
:10173000770081CBB24041016FB0F0218145014576
:1017400055B7B24041018280138781AC1C43B44B32
:10175000E19AB4CB944393E6860094C39C438D8373
:10176000858B89C701000100010001009387C1AB8F
:1017700094439C4293F7F7E793E707089CC293874B
:1017800001AD9043B706CEFFFD161C46F58F1CC673
:101790001C4313070008B8CB938741AC9C4399CBFB
:1017A000D44390479842518F98C2944BDC4B984257
:1017B000D98F9CC29747FE1FA38F075C82809387B7
:1017C00081AC9C439C438D8BF9CB411122C426C232
:1017D00006C61747FE1F0347175C8D47AA841744A8
:1017E000FE1F1304E45A631BF7009747FE1F9387FD
:1017F000E75B9C4B014681454545829719476392BB
:10180000E4049747FE1F83C7375999CB9747FE1FBC
:1018100083C78758639697009747FE1FA38E075686
:101820008347740021476318F70093078010174718
:10183000FE1F2313F7562244B240924441016FF039
:10184000BFF09D47639FF4009747FE1F83C7D7549F
:10185000E1DB1747FE1F034727548D47E312F7FCD0
:1018600065BF83467400630BD7000347740063872A
:10187000E700834774002147E31FF7FA9747FE1FED
:1018800083C79751CDFB834774001747FE1F23057D
:10189000F75085471747FE1FA300F75069BF8280A6
:1018A000011122CC2A8411452EC632C436C206CE7E
:1018B000EFF0FFF09387C1AB9C43B7083300D857D4
:1018C000719B13671700D8D7138781AC08431307A0
:1018D000000A78D198431377F7E798C398431377B2
:1018E000F7E71367071098C3138701AD1843B24594
:1018F00092460328870022463368180123240701F3
:101900001308A00D23280505C9CD4C571364040402
:10191000F5994CD71377F4078043137404F8598C66
:101920003747767180C31307971298C7375755000A
:10193000130757551744FE1F13048445D8C35C484A
:10194000B6853CD99747FE1F238507449747FE1F5E
:10195000A38107445C41F99B5CC19147014517474E
:10196000FE1FA30AF74297F0FD1FE780A06D938743
:1019700041AC984311C7544318479C42D98F9CC22D
:1019800083473400858B91CB9747FE1F83D7074D44
:1019900085071747FE1F2313F74CF2406244056189
:1019A00082804C57F5994CD71377F4078043137412
:1019B00004F8598C37C7898E80C3130767EDB5B714
:1019C000011126CA4AC84EC6C1643709006AB70960
:1019D00000AC22CC52C406CE0544FD141309690E96
:1019E0009389E90C130A000205E49305000F4145B1
:1019F000EF00EFB1B7B7006A4205938767CE5D8D00
:101A0000F2406244D2444249B249224A056182808E
:101A1000A6850145EF00EFB19317850013F7071076
:101A200033E5270119C333E5370181470147E14514
:101A3000B356F50085073356F500858A058A630796
:101A4000D60005071377F70F63E4E504E39247FF39
:101A500081471306F003ED463357F5001377F7037C
:101A600005CB6307C7028507E398D7FE13578500A8
:101A70009377F50F1377F70FE394E7F81357050102
:101A80001377F70FE39EE7F613578501E39AE7F61E
:101A900005041374F40F89BF1747FE1F0347B72FC0
:101AA000A5476303F70C9747FE1F9387672E83C7ED
:101AB00077001147630AF70A938781AB9843B7C74A
:101AC0000040938707306311F70A4111354506C678
:101AD00022C426C24AC0EFF09FCE1389C1ABED28C5
:101AE0009D29EFF04FF983270900F576FD169843FD
:101AF000938401AD138481AC758F98C39843B70666
:101B000033001377F7E798C398431377F7E7136722
:101B1000071098C398401C47D58F1CC71C4013075B
:101B2000D00DB8CB9D25EF104036792B2525032706
:101B300009001C4393F7F7E793E707081CC3944099
:101B40003707CEFF7D179C46B2409244F98F9CC662
:101B50001C40130700082244B8CB9747FE1FA38CF4
:101B600007220249410182808280238001AC23A2A6
:101B700001ACB7C700401387073023ACE1AA138735
:101B8000072023A4E1AC9387071037D70040411109
:101B900023A8E1AC23AEF1AA06C61747FE1F130720
:101BA000271F8547A303F7009747FE1F938787FEEC
:101BB0009C431CCF938707115CCBEFF0FFEDB7E799
:101BC00000E037071000B24023A0E71037072000DD
:101BD00023A0E71041018280938781AC9C431307C7
:101BE000C00893066007D8CBD4CFD8D31306C00360
:101BF000D0D7D8DBD0DFF8C31747FE1F130747192C
:101C0000184FF4C7F8DB41677D1798C73D673D075C
:101C1000D8C737E700E0D5472309F7049707FE1F29
:101C20009387E78B93E717003CD78280938701ADBA
:101C300098431746FE1F130666179387C1AB94435C
:101C40008347160013F8F707D9C588425C4213751D
:101C500005F83365050188C213F5150001C993F530
:101C6000050341456396A506938707834C57416852
:101C7000130808A093E525004CD7B3D50703B70890
:101C800010FEFD18B3F70703FD89139545016C435A
:101C9000B3F51501C98D6CC39305A00F3705FCFF83
:101CA000AA07B3D7B7026C43E98DBA07B983CD8FC2
:101CB0007CC383470600898B99CB9C4293F7F70737
:101CC00013E707049C4293F707F8D98F9CC28280E0
:101CD000938787C161BF5C57F59B5CD79C4293F7A4
:101CE00007F8B3E707019CC2E9B79747FE1F938740
:101CF000671683A7470A85C3054582800545B2500C
:101D0000225492540259F249624AD24A424BB24B8F
:101D1000224C4561828079714AD01749FE1F130910
:101D2000E9088327890006D622D426D24ECE52CC8B
:101D300056CA5AC85EC662C4F1D3138481AC1C4033
:101D400098430D8B05C3B84B619BB8CB9843136781
:101D5000870098C39C438D83858B89C70100010050
:101D600001000100138CC1AB03270C00138A01ADE5
:101D7000368B1C43B7063300B28B93F7F7E71CC3CF
:101D80001C43AE89AA8A93F7F7E793E707101CC3B1
:101D900003270A009744FE1F938444031C47D58FF2
:101DA0001CC71C401307900DB8CB9747FE1F83C775
:101DB000A702918B89EB9745FE1F83C525FF93F7FB
:101DC00005046398071481451745FE1F034515FE5A
:101DD000EFF0DFE51745FE1F034545FD1185014680
:101DE0009745FE1F83C545FE0D89EFF0CFF503270C
:101DF0000A005C4393F7F7EF5CC3010001000100A8
:101E00000100010001000100010003270A005C43FA
:101E100093E707105CC383270C000327890098C74A
:101E20000327C900D8C318408347090093F6170059
:101E30005C43F99BD58F5CC39747FE1FA38977F955
:101E40009747FE1F238567F95C43858BA9CFDC404C
:101E500085E31745FE1F034535F7930590040905F3
:101E600097F0FD1FE780606F9747FE1F23A2A7F63C
:101E7000DC40E38507E81747FE1F034747F523804B
:101E8000E700DC40638E0A08638C0908A3803701F1
:101E9000C8404E86D685090597F0FD1FE780A092C1
:101EA0001C40D840B8DB3545EFF07F9183C7E40094
:101EB00093E747001747FE1F2301F7F2930700043B
:101EC0001747FE1F2306F7EC9747FE1F238407ECF6
:101ED000A1471747FE1FA300F7EC9747FE1F938704
:101EE00067CB9C5791CB13060064C1451745FE1F75
:101EF0000345C5EEEFF0EEF09747FE1FA38C07E811
:101F00009747FE1FA38607E81C400547014598C375
:101F1000FDB393F5050393E51500032549004DBD79
:101F2000A3800700B5BF938701AD944305671307EE
:101F30001710D8C6514701007D1775FF9843232617
:101F40000700514701007D1775FF98438567938708
:101F500017105CC78280411106C6EFF0DFFC938743
:101F600001AD9C43130700483703009098D7B8474A
:101F70007D13370E0020337767003367C701B8C77A
:101F8000B847B70600F9FD16758F37060004518F64
:101F9000B8C7B8473706F9FF7D16419B136797000E
:101FA000B8C7B847B7080080B70E0002718FB8C72E
:101FB000B847370600FF7D1633671701B8C7F847E3
:101FC00045757D1E619B13673700F8C7F847137787
:101FD000F7F813670703F8C7EC4793F5F58F93E518
:101FE0000530ECC7F847718FF8C7F84711663367BB
:101FF000D701F8C703A807051307F5FF7D753378E8
:10200000E8003368C80023A8070503A847057D1525
:10201000137808FF1368C80023AA0705F04B13665E
:102020000608F0CBF04B698EF0CBC85F798D216745
:10203000598DC8DFCC5F37070040F58DB3E5D5017A
:10204000CCDFD05FB70570003376C601598ED0DF84
:10205000D05709674D8ED0D7D057F18ED4D7D457EB
:1020600075767D16F18ED98ED4D7D4573706FDFFFD
:102070007D1637070200F18ED98ED4D7945BC19AB2
:1020800094DB945B93F6F6F094DB945B93F6F68F17
:1020900094DB985BB70600504D8F98DB985B3377E5
:1020A0006700558F98DB985FB70608FFFD16758FA0
:1020B000B7068800558F98DF985FB368170123AC87
:1020C0001703B24041018280138701AD1C43417662
:1020D0007D16B44BF18EB4CB944737062000D18ED9
:1020E00094C7D44793E60601D4C7D447BD9AD4C752
:1020F000010001000100010014430566DC4693E77E
:102100000701DCC6DC42D18FDCC2938781AC9043EF
:10211000930700057CD27C5291C783A7C609A1838F
:10212000858BF5DB01000100010001001C434166C5
:1021300003A7C709B44BD18EB4CB9376F701B84B44
:10214000019B558FB8CB9847B706E0FFFD16758FFA
:1021500098C78280938701AD9C4341777D17B44F28
:102160004166F98EB4CF9447D18E94C7D44793F685
:10217000F6EFD4C7D443758FD8C3D44793E606107F
:10218000D4C7D843518FD8C38280397122DC1384DD
:1021900001AD1C4006DE26DA4AD84ED652D456D2BD
:1021A0005AD05ECE62CC66CA6AC86EC6D843FD7687
:1021B000FD161377F7EFD8C39857758F98D7D85770
:1021C000B70602003D9BD8D79847558F98C7D8438C
:1021D00013670701D8C31387C1AC144337573412B0
:1021E00013078767E38FE648D84381749384F40F1D
:1021F000799BD8C3985FB166938606F0658F558F3B
:1022000098DFD84313671700D8C397F0FD1FE78006
:10221000A0311C4003A707091377F703238AE1AC19
:1022200003A7470929831377F707A38BE1ACD843AA
:10223000B96693860670799BD8C3985F658F558F72
:1022400098DFD84313671700D8C397F0FD1FE780C6
:10225000A02D1C4003A707091377F703238BE1ACDC
:1022600003A7470929831377F707A38CE1ACD84369
:10227000B56693860630799BD8C3985F658F558F76
:1022800098DFD84313671700D8C397F0FD1FE78086
:10229000A02918408327070993F7F703A38AF1AC15
:1022A00083274709A98393F7F707238CF1AC1C40D8
:1022B00003CC51AD83C641AD03A7070AB38686415F
:1022C00013F6F600419B518F23A0E70A1307600223
:1022D0003387E6021306700283A5070A7D7E130E7C
:1022E000FE0F93F5F5F01305400245737D131304BB
:1022F00030023347C702B708F1FFFD181308200268
:10230000930E10027D4FF94FF542F1436D4DD14BC5
:10231000454BBD443949314AAD4AB5493D8B120759
:102320004D8F9305500223A0E70A3387B60283A599
:10233000070AB3F5C5013347C7023D8B22074D8F0E
:1023400023A0E70A3387A60283A5070A370500F111
:102350007D15B3F565003347C7023D8B32074D8FBE
:1023600023A0E70A3387860283A5070A6144B3F5F1
:1023700015013347C7023D8B42074D8F23A0E70A63
:102380003387060383A5070A370810FF7D18B3F5C6
:1023900005013347C7023D8B52074D8F23A0E70A43
:1023A0003387D60383A5070AB70E0010FD1EE98DFB
:1023B0003347C7023D8B62074D8F23A0E70A13976F
:1023C00056003347C7029315C70103A7070A33779F
:1023D000D7014D8F23A0E70A3387E6035D4F3347CC
:1023E000C7029375F70003A7470A419B4D8F23A2AD
:1023F000E70A3387F60383A5470AD94F93F5F5F02B
:102400003347C7023D8B12074D8F23A2E70A33875C
:10241000560283A5470AD542B3F5C5013347C70223
:102420003D8B22074D8F23A2E70A3387760283A5CF
:10243000470ACD43B3F565003347C7023D8B3207EA
:102440004D8F23A2E70A3387A60383A5470A494D88
:10245000B3F515013347C7023D8B42074D8F23A2C9
:10246000E70A69473387E60283A5470AB3F5050102
:102470003347C7023D8B52074D8FE54523A2E70A3C
:102480003387B60283A5470AE98D3347C7023D8BE0
:1024900062074D8F23A2E70A338786020D44334734
:1024A000C7029315C70103A7470A3377D7014D8F9A
:1024B00023A2E70A3387E603254F3347C702937504
:1024C000F70003A7870A419B4D8F23A4E70A3387B0
:1024D000F60383A5870A9D4F93F5F5F03347C702AE
:1024E0003D8B12074D8F23A4E70A3387560283A53D
:1024F000870A9942B3F5C5013347C7023D8B2207CE
:102500004D8F23A4E70A3387760383A5870AB3F5A3
:1025100065003347C7023D8B32074D8F23A4E70A7E
:102520003387760283A5870A9543B3F515013347B0
:10253000C7023D8B42074D8F23A4E70A3387A603CA
:1025400083A5870A294DB3F505013347C7023D8BA3
:1025500052074D8F23A4E70A3387660383A5870AB2
:10256000E98D3347C7023D8B62074D8F9395460037
:10257000B3C5C50223A4E70A03A7870A3377D701A7
:10258000F2054D8FB385960223A4E70A03A7C70A75
:10259000419BB3C5C502BD894D8F23A6E70A33878A
:1025A000260383A5C70A93F5F5F03347C7023D8B91
:1025B00012074D8FB3C5860223A6E70A03A7C70AF1
:1025C0003377C701BD89A2054D8F23A6E70A33875C
:1025D000460383A5C70AB3F565003347C7023D8BA1
:1025E00032074D8F23A6E70A3387560383A5C70A10
:1025F000B3F515013347C7023D8B42074D8F23A624
:10260000E70A3387A60383A5C70AB3F50501334755
:10261000C7023D8B52074D8F23A6E70A3387E60397
:1026200083A5C70AE98D3347C7023D8B62074D8FEB
:1026300093953600B3C5C50223A6E70A03A7C70AC8
:102640003377D701F2054D8FB385F60323A6E70A4A
:1026500003A7070B419BB3C5C502BD894D8F23A8B6
:10266000E70A3387560283A5070B93F5F5F0334746
:10267000C7023D8B12074D8F23A8E70A33877602E6
:1026800083A5070BB3F5C5013347C7023D8B22076E
:102690004D8F23A8E70A139726003347C70283A567
:1026A000070BB3F565003D8B32074D8FB3C536037D
:1026B00023A8E70A03A7070B33771701BD89C205D3
:1026C0004D8F23A8E70A139716003347C70283A547
:1026D000070BB3F505013D8B52074D8FB3C5C602FD
:1026E00023A8E70A03A7070B698FBD89E2054D8F71
:1026F00023A8E70A03A7070B930580023377D701C6
:1027000023A8E70A03C761AD3307EC40B34DB70216
:1027100083AC470B93FC0CFFB34B770393FDFD0099
:10272000B3ECBC0123AA970B83AC470BCD4D93FCB4
:10273000FCF093FBFB00920BB3EB7C0123AA770B1D
:10274000B30B870283AC470BB3FCCC01B3CBBB020A
:1027500093FBFB00A20BB3EB7C01B34CA70323AAB2
:10276000770B83AB470BB3FB6B0093FCFC00B20C05
:10277000B3EB9B0123AA770BA14BB34B770383AC3D
:10278000470BB3FC1C0193FBFB00C20BB3EB7C01BA
:1027900023AA770BB30B570283AC470BB3FC0C0196
:1027A000B3CBBB0293FBFB00D20BB3EB7C0123AAA0
:1027B000770BB30BF70383AC470BB3FCAC00B3CB85
:1027C000BB0293FBFB00E20BB3EB7C01B34C770243
:1027D00023AA770B83AB470BB3FBDB01F20CB3EB04
:1027E0009B01B30CE70323AA770B83AB870B93FB07
:1027F0000BFFB3CCBC02B30A570393FCFC00B3EB52
:102800009B0123AC770B914B83AC870B93FCFCF0C3
:10281000B34B7703330A470393FBFB00920BB3EBF5
:102820007C0123AC770B83AB870BD54CB3FBCB017F
:10283000B3CABA02B309370393FAFA00A20AB3EA99
:102840005B0123AC570B83AA870BD94BB3FA6A0001
:10285000334ABA0233092703137AFA00320A33EAF9
:102860004A0123AC470B03AA870BE14A337A1A01CA
:10287000B3C9B902B304970293F9F900C209B36965
:102880003A0123AC370B83A9870B654AB3F90901D9
:102890003349B902B3C4B4021379F900520933E9D8
:1028A000290123AC270B03A9870BE9493379A90038
:1028B000330B6703BD88E204B36499001319470022
:1028C00023AC970A83A4870BB3F4D4013349B9022C
:1028D000334BBB027209B3E4240123AC970A83A4EF
:1028E000C70BC198137BFB0033EB6401C944B304ED
:1028F000970223AE670B03A9C70B5D4B1379F9F061
:10290000B3C4B402BD889204B364990023AE970A9D
:10291000B304B70303A9C70BF54D3379C901B3C499
:10292000B402BD88A204B364990023AE970A894417
:10293000B344970203A9C70B33796900BD88B20479
:10294000B364990023AE970AB304970303A9C70B96
:10295000F94C33791901B3C4B402BD88C204B3641D
:10296000990023AE970AB304770303A9C70BFD4B65
:1029700033790901B3C4B402BD88D204B3649900A9
:1029800023AE970AB304670303A9C70B130B100206
:102990003379A900B3C4B402BD88E204B3649900DA
:1029A00023AE970AB304570303A9C70B930A200267
:1029B0003379D901B3C4B402F204B364990023AEED
:1029C000970AB304470303A9070C130A30021379CB
:1029D00009FFB3C4B402BD88B364990023A0970C67
:1029E000B304370303A9070C930940021379F9F0E4
:1029F000B3C4B402BD889204B36499006D4923A0A6
:102A0000970CB304270303A9070C3379C901B3C496
:102A1000B402BD88A204B364990023A0970CF144CA
:102A2000B304970203A9070C33796900B3C4B40255
:102A3000BD88B204B364990023A0970CB304B70314
:102A400003A9070C33791901B3C4B402BD88C204C9
:102A5000B364990023A0970CB304970303A9070C50
:102A600033790901B3C4B402BD88D204B3649900B8
:102A700023A0970CB304770303A9070C3379A900AB
:102A8000B3C4B402BD88E204B364990023A0970CD8
:102A900093145700B3C4B4021399C40183A4070C60
:102AA0003306C702B3F4D401B3E4240123A0970C86
:102AB00003A9470C137909FFB3046703B3C4B40235
:102AC000BD88B364990023A2970CB304570303A9EC
:102AD000470C1379F9F0B3C4B402BD889204B3640F
:102AE000990023A2970CB304470303A9470C337939
:102AF000C901B3C4B402BD88A204B364990023A27F
:102B0000970CB304370303A9470C33796900B3C4A6
:102B1000B402BD88B204B36499001309500223A221
:102B2000970CB304270303A9470C33791901B3C4E5
:102B3000B402BD88C204B364990023A2970C930425
:102B40006002B304970203A9470C33790901B3C4A7
:102B5000B4023346B602BD88D204B364990023A2FE
:102B6000970C83A4470CE98C3D8A6206458E23A20C
:102B7000C70C03A6470C9314C7013376D601458EC4
:102B800023A2C70C130690023306C70283A4870C46
:102B9000C1983346B6023D8A458E23A4C70C13065E
:102BA000A0023306C702B345B60203A6870C13760C
:102BB000F6F0BD899205D18D23A4B70C83C581ADF4
:102BC00003C691AD3386C540B304A60303A9870CA1
:102BD0003379C901B3C4E40293E48400BD88A2043C
:102BE000B364990023A4970CB304E60303A9870CEC
:102BF00033796900B3C4E40293E48400BD88B2046D
:102C0000B364990023A4970C93143600B3C4E40270
:102C100003A9870C3379190193E48400BD88C204A9
:102C2000B364990023A4970CB304F60303A9870C9B
:102C300033790901B3C4E40293E48400BD88D2046B
:102C4000B364990023A4970CB304560203A9870C1C
:102C50003379A900B3C4E40293E48400BD88E2049C
:102C6000B364990023A4970CB304760203A9870CDC
:102C70003379D901B3C4E40293E48400F204B36469
:102C8000990023A4970C93142600B3C4E40203A96B
:102C9000C70C137909FF93E48400BD88B3649900DD
:102CA00023A6970CB304860203A9C70C1379F9F085
:102CB000B3C4E40293E48400BD889204B364990031
:102CC00023A6970C93141600B3C4E40203A9C70CFF
:102CD0003379C9013347E60293E48400BD88A20436
:102CE000B364990023A6970C03A6C70C337666003D
:102CF000136787003D8B3207518F23A6E70C03A78C
:102D0000C70C3377170123A6E70C03C771AD0D8FEE
:102D10003346D70293F5F507E2053D8A9314460141
:102D200003A6C70C3304870233760601458E23A61B
:102D3000C70C1316170083A4C70CE98C3346D602C0
:102D40003D8A6206458E23A6C70C03A6C70C3344F2
:102D5000D402B37ED60113162700B30377027204A0
:102D600033E48E0023A6870C3346D602B302570203
:102D7000937EF60003A6070D419A3366D60123A879
:102D8000C70C03A6070DB3C3D3021376F6F0B3C284
:102D9000D20293F3F3009203B363760023A8770C77
:102DA00003A6070D337EC601B30FF70393F2F200BB
:102DB000A202B3625E0023A8570C03A6070D33736B
:102DC000660013163700B3CFDF02330FE70393FF1C
:102DD000FF00B20FB36FF30123A8F70D03A3070D94
:102DE000B37813013346D602330DA7033D8A42065A
:102DF00033E6C80023A8C70C03A6070D33780601E5
:102E0000334FDF02B346DD02137FFF00520F336FF3
:102E1000E80123A8E70D03A7070D798DBD8AE20617
:102E2000C98E23A8D70CD84385663D9BD8C3D84309
:102E3000799BD8C39857558F98D7D857B706008134
:102E4000FD1613670701D8D71377FC0303AC87037C
:102E5000137C0CFC336CEC0023AC8703985F758FFC
:102E6000D98D8CDF6254F250D2544259B259225A51
:102E7000925A025BF24B624CD24C424DB24D2161F0
:102E8000828023A601AC6FF08FC2138701AD14437B
:102E9000DC4293F7F7EFDCC20100010018435C430A
:102EA00093E707105CC38280411106C6EF00E07310
:102EB00093056040EF20400EB24001454101828001
:102EC0006F00607819C591C509C683570600014592
:102ED0009DE301110565C9471306F100130555C3AC
:102EE000854506CEA307F100EF20C00AF240034556
:102EF000F10005618280828001119737FE1F2381D6
:102F0000A7FA05651306F100130595C4854506CE9D
:102F1000A3070100EF200008F2400345F10005611E
:102F2000828001111305910006CEEF004074230446
:102F3000A1000565300025059D45EF20A005F24064
:102F4000034581000561828001119305F10006CEE1
:102F500022CC2A84EF00E0732306A1000565A306B6
:102F600081007000218013055540914523078100A1
:102F7000EF204002F24062440345C10005618280B7
:102F800001111305D10006CEEF00C0722306A10087
:102F90000965700009059145EF10D07FF2400345A7
:102FA000C10005618280011106CEEF000073A30706
:102FB000A10009651306F10015058545EF10907D08
:102FC000F2400345F10005618280011106CEEF0059
:102FD000C07BA307A10009651306F10029058545FB
:102FE000EF10507BF2400345F10005618280011132
:102FF00006CEEF003009A307A10009651306F10012
:1030000039058545EF101079F24001450561828050
:10301000011106CEEF007042A307A1000965130657
:10302000F10041058545EF10F076F2400345F100CF
:1030300005618280011106CEEF005020A307A10098
:1030400009651306F10045058545EF10B074F2409F
:103050000345F10005618280411106C622C4EF00DC
:10306000B0268965CD052A84EF1010732285B24001
:1030700022444101828001111305510006CEEF0068
:1030800010412302A100096550006105A545EF101C
:103090007070F240014505618280411106C6EF0063
:1030A00070428965E505EF10306FB240014541017E
:1030B0008280011106CE22CC2A84EF00D05523064F
:1030C000A1000965A30681007000218069058D4576
:1030D00023078100EF10106CF24062440145056146
:1030E0008280011106CE22CC2A84EF00906523064F
:1030F000A1000965A3068100700021806D058D4542
:1031000023078100EF101069F24062440145056118
:103110008280011106CE22CC2A84EF00207923067A
:10312000A1000965A3068100700021801305050236
:103130008D4523078100EF10F065F24062440145A0
:1031400005618280011106CE22CC2A84EF00100B8B
:103150002306A1000965A3068100700021801305E4
:1031600015028D4523078100EF10D062F2406244C2
:10317000014505618280011106CEEF009061A30731
:10318000A10009651306F100130575028545EF10CE
:103190007060F2400345F10005618280011106CEA6
:1031A000EF00706AA307A10009651306F10013057B
:1031B00095028545EF10105EF2400345F100056170
:1031C0008280011106CEEF00D06CA307A100096533
:1031D0001306F1001305D5028545EF10B05BF240F0
:1031E0000345F10005618280011106CEEF00707089
:1031F000A307A10009651306F1001305E502854543
:10320000EF105059F2400345F10005618280011131
:1032100006CEEF00F072A307A10009651306F100C6
:10322000130515038545EF10F056F2400345F100F4
:1032300005618280411106C622C4EF00F0748965E1
:10324000938525032A84EF1030552285B24022440D
:1032500041018280011106CEEF10E02DA307A100ED
:1032600009651306F100130575038545EF109052AB
:10327000F2400345F10005618280011106CEEF1096
:103280006042A307A10009651306F1001305850339
:103290008545EF103050F2400345F1000561828012
:1032A000011106CEEF10005AA307A100096513060D
:1032B000F100130595038545EF10D04DF24003450D
:1032C000F10005618280011106CEEF102072A30784
:1032D000A10009651306F1001305E5038545EF100C
:1032E000704BF2400345F10005618280011106CE6A
:1032F000EF10007FA307A10009651306F100130575
:10330000F5038545EF101049F2400345F1000561D2
:103310008280011106CEEF10F012A307A10009650B
:103320001306F100130505048545EF10B046F24081
:103330000345F10005618280011106CEEF10D02116
:10334000A307A10009651306F100130525048545AF
:10335000EF105044F2400345F10005618280973739
:10336000FE1F2399A7B201458280011106CEEF10FE
:103370007029A307A10009651306F10013051505BF
:103380008545EF103041F2400345F1000561828030
:10339000011106CEEF105030A307A10009651306F6
:1033A000F100130525058545EF10D03EF240034599
:1033B000F100056182805D711303D1031AD20343CA
:1033C000010786C61AD00343C1061ACE03438106FD
:1033D0001ACC034341061ACA034301061AC8034321
:1033E000C1051AC6034381051AC4030341051AC265
:1033F000034301051AC0EF00B060230EA102096566
:103400007018130565038945EF10D038B6400345A1
:10341000C103616182809737FE1F83D747A499E774
:103420009307F01F1737FE1F231BF7A29737FE1FC6
:1034300083D7E7A2A146014513F707108607C20705
:103440003357D740C183598D13D6574013D7974070
:10345000318F058BFD161375F50FD98FF1FE1737D8
:10346000FE1F231EF79E82809737FE1F83D7479F3C
:1034700081EBE17793C7F7FF1737FE1F2312F79E03
:103480009737FE1F83D7C79DB94601451168194676
:1034900033F707018607C2073357D740C183598DD9
:1034A00013D7E74093D5F700058B2D8FFD161375C5
:1034B000F50FD98FE39EC6FC1737FE1F2312F79A2C
:1034C0008280011126CA4AC84EC656C29737FE1FCF
:1034D0009387078C06CE22CC52C45AC0AE8932895B
:1034E000B68AC44B35C9AD472A8463EEA7021304DC
:1034F000F5FF1374F40F631D0906268A338B9900B8
:1035000063124B071379F9009386FAFF2285238013
:103510002401A380340193F6F60F4E868545EFE033
:103520002FB8014505A0B147630BF5029307600270
:1035300063E5A7001304E5FF6DBF930770024945DB
:10354000E30BF4FAF2406244D2444249B249224ABF
:10355000924A024B056182801304500269BF130432
:10356000600251BFEFF03FEB2301AA00050A49BFFB
:103570008547631CF9004E869305000F13852400D0
:1035800097D0FD1FE780A027B5BF89476316F900D4
:103590004E869305A00ADDB78D47631DF900268A84
:1035A000338B9900E3004BF7EFF01FEC2301AA00E7
:1035B000050ACDBF91476316F9004E869305F00FBB
:1035C00075BF95476315F9004E86814545BF9947FC
:1035D0006315F9004E86BD4555B79D474945E31330
:1035E000F9F64E869305500551BF011106CE93178B
:1035F000450163D40702EF700064894719C9834607
:1036000005001147B1476396E60095472300F50092
:10361000C947F2403E85056182802EC6EF90405832
:10362000C94765D90347A500418B65D7B245834794
:10363000B500230AB50491E7E9472308F50081475F
:10364000C9BFED47DDBF011106CE22CC2EC6EF90DB
:10365000205501CDB2452A84EF802013A305A40292
:103660000145F2406244056182804945DDBF17276C
:10367000FE1F1307277E814799468345870E330631
:10368000F50085072300B6000507E398D7FE01453E
:103690008280011106CE2EC6EF90805011C983079B
:1036A0004503B24501452380F500F2400561828063
:1036B0000945E5BF9727FE1F9387C74D03D707012D
:1036C0002300E50003D707012183A300E50083C79A
:1036D000F7002301F5000145828019E14945828008
:1036E0009727FE1F93870777F84B411122C406C620
:1036F0002A8409C70347C700314525E3F85F09C796
:103700000347B700314531EB83A7070989C783C752
:1037100077003145B9E385471946A2851735FE1F65
:10372000130525821727FE1F2307F77297D0FD1F69
:10373000E7806009834754001307000C93F7070CD8
:103740006391E7021946A2851725FE1F1305C57F61
:1037500097D0FD1FE78020070145B2402244410178
:10376000828081EB1946A2851725FE1F1305257E51
:10377000C5B7130700044945E391E7FE1946A28542
:103780001725FE1F1305057DE1B7411126C29724B9
:10379000FE1F9384246C22C4E04806C611C47C48F2
:1037A00013974700634C070CFC5099E74945B2401A
:1037B000224492444101828009ED1305000FEF601D
:1037C000807F6DD58347C500F5D3EF601023014599
:1037D000F9BF0547E31CE5FC15EC014582972A84F7
:1037E00045C18567938707802310F5029307007012
:1037F0002317F5008D47230CF500A30A050219468F
:103800009725FE1F938585731305650397D0FD1FCC
:10381000E78060FB0347C4008547E309F7F8834767
:10382000E400B98B95C30347E40085476318F702AA
:1038300089472310F402224403A38406B240924431
:103840001305000F41010283EF70D0159727FE1F6B
:1038500083C7B7358D8BE318F5FC89BF8357040206
:1038600011676375F7002310E402F1B793060002B5
:103870003E87E3FAD7FE13070002F5B7314505BFCF
:103880001D4535B79727FE1F9387C75C83A7070998
:10389000314581CF83C7770089CB411106C6EF90B0
:1038A000B023B2400145410182808280011126CAC5
:1038B0004AC84EC652C456C25AC02E89368BBA89DF
:1038C000BE8A06CE22CCB284428AEF90602D1307C6
:1038D000A9FF4207856741839386A7C763EEE61079
:1038E000938707C82A84494563E8970A63E6240B4F
:1038F0001307301F6362670B63E0370B93071B00EE
:10390000B387970213973900860763D7E70849C43E
:103910008347140113F747003DC7ED9BA308F4004C
:103920008347B400231A2407231B9406D5EF0357BB
:103930008406C167FD17630BF70663199906835761
:10394000A403231BE404231CF4049727FE1F83D73E
:10395000675B8D46114763E5F600850713F7F70FA0
:10396000A30AE4042285EF70100683570404A90714
:10397000231FF4048327440A93E717002322F40A41
:10398000C547A30EF400231C5407231D4407231D21
:103990006405231E34050145F2406244D244424985
:1039A000B249224A924A024B0561828083574406FB
:1039B00091CFB3D4F4024A87B3879702C207C18379
:1039C0006373F9003E87231CE40441B7B3059900F3
:1039D00085814A85EFE0EEB5231CA4049305840598
:1039E0002685EF40607295B78327840A93E7070224
:1039F0002324F40AC14771B7494579BF01112EC686
:103A000006CEEF90E019B24509E54945F24005615F
:103A1000828083471501A305B50213F7470075D7C8
:103A2000ED9BA308F500BD472306F5028327850A11
:103A300093E727002324F50A0145C9BF1727FE1F76
:103A4000130747417C4B81CB83C6C70089C683C619
:103A5000D700C947A1E27C5F89CB83C6B70091C676
:103A600083C60701C947858A95E68327070981CB65
:103A700003C7770009C703C7D700C94701EF172756
:103A8000FE1F0347E7489727FE1F83C77748636AEF
:103A9000F7009D473E8582809D47F2403E85056147
:103AA00082800111A304A10019461305A10006CECE
:103AB00097D0FD1FE78020D12800EFD06FD5854734
:103AC000E31CF5FC8147D1BF797126D24AD04ECE96
:103AD00006D622D42E89B28936C63AC43EC242C026
:103AE000EF90000CC94455C99305A9FFC2050566AE
:103AF0002A84C1811305A6C7C9446360B50A1306A9
:103B000006C8636C360963EA2909B2469305301F7B
:103B100063E5D50822476362E6081386160033067C
:103B2000260393153700635AB60603461401B144C1
:103B3000058A25E60326440A1376162039EE9247B5
:103B40000248231EE4040347B400231CF406231A8E
:103B50002407231B3407231D0407231DD404834794
:103B6000D401814459EF95EB83270410898B95CFBD
:103B700031469305F00F1305840697D0FD1FE780AB
:103B800000C88327440A2314040693E7072023224E
:103B9000F40AC947A30EF4008144B250225426858A
:103BA00002599254F2494561828063093905B3850F
:103BB000290185814A85EFE0CE97231CA404930553
:103BC00084054E85EF4040549727FE1F83D78733E7
:103BD0008D46114763E5F600850713F7F70FA30A33
:103BE000E4042285EF70205E83570404A907231F95
:103BF000F4048327440A93E7170051BF231C2405CC
:103C0000E1B7C1FF83278410898B95C7314693059F
:103C1000F00F1305840697D0FD1FE78040BE832771
:103C2000440A2314040693E707202322F40ACD470D
:103C3000A30EF4009DB7E9448DB79727FE1F938725
:103C40006721F84B01CB8346C70089C60347D700DD
:103C500049450DEFF85F09CB8346B70091C603478E
:103C600007014945058B1DE383A7070981CB03C7DE
:103C7000770009C783C7D700494589EB411106C6BC
:103C8000EFD0CFC4B2400145410182808280411112
:103C900022C426C24AC006C62A890144A14493050B
:103CA000F00F0545EFE0AE86B30789002380A7003B
:103CB0000504E31694FEB2402244924402490145B1
:103CC00041018280011122CC4AC806CE26CA2EC6E6
:103CD00032893684EF80D06C630D05128347B500BE
:103CE000AA84B2450945DDEB21461385F41897D027
:103CF000FD1FE78040ADA38B241913598900238C45
:103D000024198347E4000346D4008345F400834626
:103D1000C400A207420603C5C404B297AE97E206E8
:103D200003A7440AB69749C123A6F40A8347A4000F
:103D30008346940013670702A207C206B69783461C
:103D4000B400B69783468400E206B69723A8F40A27
:103D50008347640083465400A207C206B697834691
:103D60007400B69783464400E206B69723AAF40A85
:103D70008347240083461400A207C206B6978346F1
:103D80003400B69783460400E206B69723ACF40AE3
:103D90008547A386F40423A2E40A0145F240624465
:103DA000D24442490561828023A6F40C8347A400D3
:103DB0008346940013678700A207C206B69783461E
:103DC000B400B69783468400E206B69723A8F40CA5
:103DD0008347640083465400A207C206B697834611
:103DE0007400B69783464400E206B69723AAF40C03
:103DF0008347240083461400A207C206B697834671
:103E00003400B69783460400E206B69723ACF40C60
:103E100059B7094561B7011106CE2EC6EF8050583B
:103E2000630F05108346B5000547AA87B2450545CF
:103E30006391E60A83C60701130740020145639AAE
:103E4000E60803C7E50083C6D5002207C2063697F9
:103E500083C6F500369783C6C500E206369783C64B
:103E6000D704BDCA23A6E70A03C7A50083C69500E9
:103E70002207C206369783C6B500369783C68500EB
:103E8000E206369723A8E70A03C7650083C65500F4
:103E90002207C206369783C67500369783C645004B
:103EA000E206369723AAE70A03C7250083C6150052
:103EB0002207C206369783C63500369783C60500AB
:103EC000E206369723ACE70A1307A0022388E7002F
:103ED0000145F2400561828023A6E70C03C7A500D7
:103EE00083C695002207C206369783C6B50036976B
:103EF00083C68500E206369723A8E70C03C7650052
:103F000083C655002207C206369783C675003697CA
:103F100083C64500E206369723AAE70C03C72500AF
:103F200083C615002207C206369783C6350036972A
:103F300083C60500E206369723ACE70C71B705454A
:103F400049BF411106C6EF80B04531C18346B50077
:103F50000547AA8709456399E60283C60701130747
:103F600040026393E6020D472386E7021947A385C3
:103F7000E702130750022388E70003C7A7020145A1
:103F8000136717002385E702B2404101828009458B
:103F9000E5BFAA871728FE1F0348D8EB1725FE1F89
:103FA000130545EB2A8763080802684911C50348D1
:103FB000C500314563180808685F11C50348B5009E
:103FC0003145631108080325070911C50348750029
:103FD0003145631908069728FE1F83C8E8F31728A0
:103FE000FE1F034878F31D4563FE08050327870D70
:103FF00049451377070439C75D71A6C22800B2840A
:10400000194686C6A2C4A303F100368497C0FD1FDB
:10401000E780607BA6851305E102414697C0FD1F3E
:10402000E780607AA2851305E101414697C0FD1F34
:10403000E78060794800EFA00051B64026449644DE
:104040006161828082809726FE1F83C6B6E08DCA9A
:104050001727FE1F130707E0BA87784B09C70347E6
:10406000C700494515E7F85F09C70347B700494549
:1040700005E383A7070989C783C77700494589EB0B
:10408000411106C6EFA0E061B240014541018280C6
:1040900082809727FE1F9387E7DB9726FE1F83C644
:1040A00076DB3E8785C6FC4B89C783C6C700C947F8
:1040B00085EE7C5F89C783C6B700C94795E683272D
:1040C000070989C783C67700C94799EE9727FE1F5E
:1040D000A382A7D88327070E11C993E70760172784
:1040E000FE1F2329F7E481473E85828093F7F79FDF
:1040F000FDB7130700643305E50241119727FE1F42
:10410000938747D522C403A4870C26C24AC006C69B
:10411000BE841309F00F1727FE1F2327A7D601E837
:10412000B240224492440249014541018280034544
:10413000040063052501CC58EFD0EEBA405CC5B74A
:104140009727FE1FA384A7D4937715001727FE1F78
:10415000130747D081EF8347C703ED8F6384B70010
:10416000494582809726FE1F2383F6D29377250048
:10417000014591EB8347D703F18FE393C7FE972760
:10418000FE1FA386C7D08280011106CE2EC632C480
:1041900036C23AC0EF80D02035C1B24502479246C0
:1041A00093F7150099EB22469D4763F6C7004545F6
:1041B000F240056182802302C514898991E59D47FB
:1041C000E3E7D7FEA302D51401CF9727FE1F83D7BD
:1041D00087CC7D8F0D8B8547631FF7002314E51473
:1041E0008547230FF5008327450A0567D98F2322CA
:1041F000F50A014575BF23140514DDB749454DBFC8
:104200005D71A6C29724FE1F9384C4C403A3440512
:10421000CAC04EDE62D466D26AD086C6A2C452DC60
:1042200056DA5AD85ED66ECE030C41058349810515
:1042300003490106834CC106034D010763090302CC
:104240000323430513145300635304023143B64060
:10425000264496440649F259625AD25A425BB25BEE
:10426000225C925C025DF24D1A85616182800D4E86
:104270004943E36EFEFC93FD0501638D0D08054E79
:10428000E397C9FD3AC6468B42C43EC2B68BB28A9A
:104290002E842AC0EF5030522A8A324719E9FC5046
:1042A000054582972A8A1D435DD182473247230400
:1042B000F500930500026391BB028D456310B90AB6
:1042C0000355CA019305900F13035004E3E1A5F8C9
:1042D0000355EA01E3EDA5F69375F40F2300BA0642
:1042E00063810D1C3D8815456312A408130510F861
:1042F0002307AA004543E3EC5BF57D454543E3789E
:1043000055F51165E36575F533865B01058223106C
:10431000CA02B5A093FE35004943E38ACEF393FE6B
:104320008500E3960EF26392C90303C3C4031373BB
:104330004300E30D03F0E30739F50943E31469F49F
:1043400003C3C4031373230039A0E318C9FF03C3D5
:10435000C40313734300E31703F2CDBD8545E31D8A
:10436000B9F60355CA019305D02EB9BF3545631080
:10437000A41285462307DA0089462310DA02A30730
:10438000EA00631507160547230CEA0093F50502BA
:1043900081E59247A30AFA02194681455A8597C0DA
:1043A000FD1FE780E04F63140516A2470547230E63
:1043B000EA02A30EFA021946DA851305EA0397C04A
:1043C000FD1FE780404003470105A306EA001307ED
:1043D000F0076311EC141717FE1F1307A77B0347A1
:1043E0004701D6572380E70003055A01EFC07FFA43
:1043F0002304AA06EFC03FF3D657A30AAA000D472D
:104400002380A7006391E912638D0C0093F61C00D2
:1044100099C603C7C403218B19E3E3893CE3230551
:10442000DA0609472302EA060347C105A302EA06A2
:1044300003470A06418B1DEB1307F9FF1377F70FAC
:1044400089464943E3E5E6E08D466313D90E630DE3
:104450000D0013761D0019C683C6C403A18A99E214
:10446000E3062DDFA305CA06A301EA0603474106BA
:10447000B70600080143A300EA0603478106A30329
:10448000EA0603274A05558F232AEA04C9B30945DA
:104490006314A4001945A9BDE30C04E423070A0032
:1044A00091BD1D452307AA0013F8150013F545001B
:1044B000630B0800114811C10548A30F0A05054503
:1044C000230FAA0405BD13F8250063090800094855
:1044D00011C11548A30F0A050945DDB70D4811C1E3
:1044E0001948A30F0A05230F0A0429B5230C0A0053
:1044F00081460D453356D740058A11C603468A01C9
:104500000506230CCA008506E396A6FE41B5230ED8
:104510000A0255BD194763458701A30A8A01E9B517
:10452000A30AEA00D1B523050A0623020A06EDBD57
:10453000A3050A0615BF9727FE1F9387A791F04B87
:1045400001114EC606CE22CC26CA4AC852C4BE8924
:1045500011C67C4A13965700634E06003A8AB68409
:104560002E89EF5050252A8419ED83A7490513059C
:10457000200491C33145F2406244D2444249B249D9
:10458000224A056182800347E500854701453D8B4E
:10459000E303F7FE03470406418B41CB8D476304D9
:1045A000F9004945C9BFFD47E3ED97FE231E04000E
:1045B0008D476316F90CC5CC8357C4011727FE1F1E
:1045C0000357E7901D45B3869700E346D7FA0347A4
:1045D000C40015C783560402130700026391E60264
:1045E000034734068D466319D70A1307900F130546
:1045F0005004E362F7F88357E401E36EF7F68D4762
:104600001D45E31AF9F69305800C0545EFD02EF011
:104610008357C4061205232444038507BD8BC98F25
:104620002316F406231E940089A81377D90FE30FED
:10463000F7F611476315E904784893167700E3C24B
:1046400006F60347C400E31EF7F48357C401B1DB49
:10465000A9F89305800C0545EFD06EEB8357C4068F
:1046600012058507BD8BC98F2316F40639A07C4837
:10467000370700FF7D17F98F7CC80145EDBD930713
:10468000D9FF93F7F70F0547E378F7F299D88347F7
:10469000C400E393E7F2F9BD8546E312D7F61307AA
:1046A000D02EB1B79717FE1F9387C77AF04B011131
:1046B0004EC606CE22CC26CA4AC852C4BE8911C6EE
:1046C0007C4A13965700634E06003A8AB6842E89B8
:1046D000EF50700E2A8419ED83A7490513052004B5
:1046E00091C33145F2406244D2444249B249224A20
:1046F000056182800347E500854701453D8BE30363
:10470000F7FE03470406418B55CF8D476304F9003C
:104710004945C9BFFD47E3ED97FE231F04008D47C0
:10472000631CF90EF5C08357E4011717FE1F0357EA
:10473000077A1D45B3869700E346D7FA0347C400BE
:1047400015C783560402130700026391E60203476C
:1047500034068D466310D70E8356C4011307900F9D
:1047600013055004E360D7F8E36EF7F68D471D4557
:10477000E31AF9F65C548DC783476406898B8DC3B1
:10478000085819CD8347A50081CFEF90F0550C58FC
:10479000194613056403B10597C0FD1FE780A00209
:1047A0009305800C0545EFD08ED68357C4061205BD
:1047B000232644038507BD8BC98F2316F406231FC8
:1047C000940089A81377D90FE309F7F4114763150B
:1047D000E904784893166700E3CC06F20347C40067
:1047E000E318F7F28357E40185D79DF09305800C19
:1047F0000545EFD0CED18357C40612058507BD8B82
:10480000C98F2316F40639A07C48370700FE7D17B0
:10481000F98F7CC80145F9B59307D9FF93F7F70FD6
:104820000547E372F7F0E38504EE8347C400E39C99
:10483000E7EE45BD8546E31BD7F28356C401130757
:10484000D02E39BF5D71A6C29714FE1F9384846079
:1048500003A8440586C6A2C4CAC04EDE52DC56DA9E
:104860005AD85ED662D466D26AD06ECE6308080289
:104870008327480513945700635204023145B6401C
:10488000264496440649F259625AD25A425BB25BB8
:10489000225C925C025DF24D616182803AC632C454
:1048A00093771500B68989C7639105104945C1BF43
:1048B00091E9A04C19E00145D9B72285EF50F013DA
:1048C0000040CDBFE30908FE4285EF501013E5B765
:1048D0007849B70700037D8F55F30347F505630457
:1048E00087016315970103D7EA0149DB03C75A0320
:1048F0006301270903C7EA0063192701131714008E
:104900004E9703570700E3E3EDFAB8547D14137490
:10491000F40F45CB93161A00B69903D70900B24796
:104920009305800C2397EA063E9A03470A00054543
:1049300023980A06A384EA06EFD06EBD03D7CA0601
:104940001205264405073D8B498F2396EA0603A3EB
:10495000840603C50B00B64096440649F259625AD4
:10496000D25A425BB25B225C925C025DF24D6161A5
:104970000283138B8A05194681455A8597C0FD1F0E
:10498000E78000F2631925011946EA855A8597C028
:10499000FD1FE78040E3194681455A8597C0FD1FFA
:1049A000E78000F0E31825F511B7FD1513F4F50FB6
:1049B000094C954C0549171DFE1F130D8D58930D7D
:1049C00000089307F00FE303F4EEA247228AB38BAB
:1049D000870003C50B00EF50005EAA8AE31A05EEBC
:1049E000FC4813052004E39B07E851BD9717FE1F01
:1049F00093874746FC4B95C3FC4B13975700635E68
:104A00000700B1473E858280B147F2406244D244FC
:104A10004249B2493E8505618280011122CC26CAF5
:104A20004AC84EC606CEB6893289AE84EF50A05829
:104A30002A849307200471D9C947E36899FC154774
:104A4000E37597FC03470506137737035DFF83473C
:104A5000E505DDFB7C49918BC5FBEF205060794774
:104A60009D47E374A7FA8347340609476391E70635
:104A7000835744081307D02E6373F7021307C0024D
:104A800093075004E37327F9794793075004E37EB3
:104A900027F7414793075004636B2701BDB71307FE
:104AA000301FE363F7FE1307900FE364F7FE7C48C3
:104AB00083460406CA9493E727008584B3E9D900A6
:104AC0007CC8231394082300340781473DBFE5F3D6
:104AD000035744089307D02EE3FBE7FC19475DBF5B
:104AE0009717FE1F93870737FC4B81CBFC4B13971F
:104AF00057006354070031458280011122CC26CA39
:104B00004AC84EC606CEB6893289AE84EF50A04A56
:104B10002A8413052004630904107C48898BB9CBCF
:104B20008347340609476395E70C83574408130706
:104B3000D02E6379F702035764089307C002130568
:104B4000500463F3E70E03576408F9471305500454
:104B500063FCE70C03576408C1471305500463EB7B
:104B6000E700D9A01307301FE36FF7FC1307900F7E
:104B7000E362F7FE93F7D40F0547639EE70A032528
:104B8000840A19C597D0FD1FE78080A92324040A51
:104B900023120408630909067C48918BB5EF8D4701
:104BA0006393F408930550104A8597D0FD1FE78062
:104BB000C09A2324A40A25C97C4893F7074091CFC3
:104BC0009305800C0545EFD08E948357A4081205F9
:104BD0008507BD8BC98F2315F4080325840A4A86EF
:104BE000CE8597C0FD1FE78000BE231224091DA0BB
:104BF000D1F3035744089307D02EE3FDE7F603579C
:104C00006408994799BF8D474945639FF4007C48E4
:104C1000F99B7CC8014509A89387D4FF93F7F70F48
:104C20000547E37EF7F63145F2406244D2444249FB
:104C3000B24905618280E31109F691474945E38D48
:104C4000F4F4DDB79717FE1F9387C720F84B411187
:104C500026C24AC006C622C4AA843E8909CF7C4B1C
:104C600013975700635907003145B24022449244DC
:104C70000249410182802E85EF50E0332A841305DA
:104C8000200465D413F714007C4845CF13F71700B0
:104C900061FF034704061377370379F78988D9CC76
:104CA0000327C90D454593E70740418B5DDFC1658B
:104CB0007CC8FD150145EFD0CE872314A408EFC0B2
:104CC0003FD0B70500012326A408FD150145EFD00C
:104CD0008E889304040A15462328A4089715FE1FFE
:104CE0009385A527268597C0FD1FE780C0ADA685C3
:104CF000130500FB97C0FD1FE78040442685EF8029
:104D0000A03A7C480347C400A300A408DD9B93E7B6
:104D100047007CC88547631FF7009305800C054555
:104D2000EFC0FEFE8357C40612058507BD8BC98FF1
:104D30002316F406EF809066014505BF93F7F7BF91
:104D4000BDB70345D407CD9B7CC89307F00FE303A1
:104D5000F5FEEFC03EB1F9BF1717FE1F1307870F0F
:104D60007C5F411106C622C426C24AC099C703A867
:104D7000C70113141801634004080327070825CF4F
:104D80003684B2842E8909ED81EB4945B240224434
:104D90009244024941018280EFC04F9A0145FDB71C
:104DA0008546E314D5FEB9E30297AA8731C91147B6
:104DB000A3060504231BE500231CE50083C6B700FA
:104DC0000547E384E6FC95C8239C9702239D870250
:104DD00001C41E04E3DB84FA238927012244B24084
:104DE0009244024903A3870641010283D84F9316D8
:104DF0001701E3D506FC314551BF23AC0702E9BFDB
:104E00000D4569B7011106CE2EC632C436C23AC06E
:104E1000EF50601A3DCD83284505AA87314513F828
:104E2000082063150806B2451718FE1F0348180727
:104E30004545636DB80403C8C70A22463358C840C5
:104E400013781800630408041715FE1F1305850066
:104E50000328850D45451317C8006359070202470B
:104E60001718FE1F034888036362E80292462387EF
:104E7000C70AA386B70AA387D70A11E2014793E8B6
:104E800008102388E70A23AA17050145F2400561A7
:104E9000828013052004DDBF011106CE2EC6EF501F
:104EA00080111307200401CD7C49314793F6270078
:104EB00099C6B24589C993E707207CC90147F240EA
:104EC0003A850561828093F7F7DFC5BF011126CAD5
:104ED0004AC84EC606CE22CC2E89B289B684EF705F
:104EE000304C4DC1639D09008547238DF1AC0145D0
:104EF000F2406244D2444249B2490561828003C70C
:104F0000A1AD85472A846315F700238D01AC0949BB
:104F10004165130545F5EF70904A39C58347A500F3
:104F20002315F5008327841185EF232CA410232E4D
:104F3000A410930710F8F914231635012304250152
:104F400044C123200500A304F5008347940285454E
:104F50000145B395F500C205C181EFC04ED341BFF5
:104F60008327C41188C3E1B79717FE1F938787C2B1
:104F70009C5B1D45B5DF9565054593855555829725
:104F80001D45BDB70945ADB76F90AFF96F90EFFD07
:104F90006F90BF826F901F886F90FF8D6F90BF9A48
:104FA0006F90FF916F909F9582806F90DF9D03437C
:104FB00001001AC06F906F8D6F90CF996F908F9F87
:104FC0006F90AFA56F90AFAB6F906FB16F904FB513
:104FD00003530100035E4100834E81001AC072C278
:104FE00076C46F90EFB96F902FCC6F906FD16F90A8
:104FF000EFDA6F90AFDE6F900FE26F904FE76F9038
:10500000CFED8280828023AEA1AC8280130705039E
:1050100083570500110593C7F7FF231EF5FE83474D
:10502000E5FF93C7F7FF230FF5FEE313E5FE82804C
:1050300099473305F50201110A86C14506CE1305CD
:1050400005021375E50FEFC01EFA11E50345C10017
:10505000F240056182800145E5BF411122C426C2AC
:105060004AC006C681440144138941AE83C791AE4C
:105070006369F400B240224426850249924441010A
:105080008280832709001315440019469305F00F09
:105090003E9597C0FD1FE780A08001E5850493F44D
:1050A000F40F05041374F40FD1B7938741B188430B
:1050B00005C1411106C6EFC0CE8423AA01B0938773
:1050C00091AE83C70700B2402381F1AE41018280D7
:1050D000938791AE83C707002381F1AE8280597117
:1050E000A6D286D6A2D4CAD083C721AEAA84639E94
:1050F000A700854503C5A1AEEFC00EBC894503C519
:10510000A1AEEFC06EBBEFF05FFA194933892403FB
:105110005000C1451379F90F130409021374F40FF9
:105120002285EFC05EEC09C901442285B6502654A1
:10513000965406596561828019469305F00F480020
:1051400097B0FD1FE780C07565F1480041469305A3
:10515000F00F97B0FD1FE780806A480871469305FD
:10516000F00F97B0FD1FE780806908181306000351
:105170009305F00F97B0FD1FE78060685000C145B0
:105180002285EFD00E952A84130519025008F145A7
:105190001375F50FEFD0EE93498C130529025008D3
:1051A000F1451375E50FEFD0CE921374F40F498CCF
:1051B000130539025008C1451375F50FEFD06E91F4
:1051C0001374F40F498C130549025008C145137537
:1051D000E50FEFD00E901374F40F498C13055902AC
:1051E000500891451375F50FEFD0AE8E1374F40F80
:1051F000498C138504071018930500031375F50FE8
:10520000EFD02E8D1374F40F498C03C58185137470
:10521000F40FEFD06E8611BF411122C406C60145BE
:10522000014483C791AE6373F40009C5B2402244C0
:105230004101828022850504EFF07FEA1374F40FA8
:10524000CDB7411122C426C206C64AC00144EF9020
:105250007F9C938441AE83C791AE6368F400B240F3
:10526000224492440249410182808840131944003B
:1052700019469305F00F4A9597B0FD1FE7804062ED
:1052800019E58C40CA9503C5F500EF90FF98050419
:105290001374F40FC9B7397122DC26DA4ED606DE54
:1052A0004AD80144EF905F9A938441AE994983C7ED
:1052B00091AE6369F400F2506254D2544259B2592B
:1052C0002161828088401319440019469305F00F2C
:1052D0004A9597B0FD1FE780A05C05E933053403CC
:1052E0000A86C145130535021375F50FEFC0BECF11
:1052F0001008C1450945EFC01ECF8C4014080A862E
:10530000CA9503C5F500EF90FF9305041374F40FDD
:1053100079BF011106CEEFF05FD40547A94763734B
:10532000A70089471306F10085451545A307F1003D
:10533000EF001FF9F24005618280011122CC26CADC
:105340004EC606CE4AC80144938441AE994983C7EC
:1053500091AE6366F402EFF05FD083C711AE99C3DC
:10536000EFF03FEE83C701AE99C3EFF0DFF2624486
:10537000F240D2444249B24905616FF09FF93305CA
:105380003403904013194400C1454A9613050502A1
:105390001375E50FEFC03EC505C988401946930552
:1053A000F00F4A9597B0FD1FE78060458840194689
:1053B0009305F00F4A95190597B0FD1FE78020442B
:1053C0009C403E992316090005041374F40F41B75D
:1053D0000355250083C5A1AE6F10BF91397122DC42
:1053E00019443384850226DA4AD806DEA147AA8406
:1053F00032891374F40F639AF6041304240271467D
:10540000814548081374F40F3AC697B0FD1FE78032
:10541000003F5008F1452285EFC0FEBC0DE18347F7
:10542000E102A5463247E51793F7F70F63E9F60067
:10543000BA865008937519002685EFD07EDFF250AA
:105440006254D2544259216182801304140245BF30
:10545000797122D426D24AD0AE842A8932848145F9
:10546000130600020A8506D697B0FD1FE780203993
:105470009387D18583C7070023102101230EF100F4
:10548000835781015DC4138721B003470700F99B4F
:1054900041462302E100138741B0034707009715F7
:1054A000FE1F9385E59513056100A302E10003C784
:1054B00031B093761700D58FF59B93762700D58F63
:1054C000ED9B93764700D58F9316470093F6061011
:1054D00093F7F7EFD58F9316470093F6062093F7CF
:1054E000F7DFD58F12071377074093F7F7BFD98FF0
:1054F000231CF10097B0FD1FE780E02C83C711B09B
:1055000013F7170001CB99C40357810113672700D4
:10551000231CE10003476101A2850A85D98F230B73
:10552000F100EFD01EC3B25022549254025945618B
:105530008280138761AF03470700F99B414623022E
:10554000E100138781AF034707009715FE1F93857E
:10555000258A13056100A302E10003C771AF9376AA
:105560001700D58FF59B93762700D58FED9B93760B
:105570004700D58F9316470093F6061093F7F7EF81
:10558000D58F9316470093F6062093F7F7DFD58F54
:1055900012071377074093F7F7BFD98F231CF10049
:1055A00097B0FD1FE780202283C751AF91BF411103
:1055B00022C426C24AC006C6AA840144138941AE49
:1055C00083C791AE636AF4003E842285B2402244D0
:1055D0009244024941018280832709001315440047
:1055E0001946A6853E9597B0FD1FE780C02671FD40
:1055F00005041374F40FE9B75D71A2C4138441B1BB
:105600001C40CAC04EDE86C6A6C252DC2A89AE89BC
:10561000A1EB19E10545D9A0F5DDEFF05FF9238194
:10562000A1AE83C791AE636DF5028144138A41AE8A
:105630000DA083270A001395440019469305F00F27
:105640003E9597B0FD1FE780A02509E9850493F4F6
:10565000F40F83C791AEE3EEF4FCBE84238191AED8
:10566000138A21AE03C521AE83C791AED284E37302
:10567000F5FA1C40A5EF99473305F5024A86C14566
:10568000130505021375E50FEFC0BEC41306000332
:105690009305F00F0A8597B0FD1FE780401603457C
:1056A0000A000A8693050003130505071375F50F15
:1056B000EFC03EC2138741AE084383C721AE9207B5
:1056C0003E954146CA8597B0FD1FE780C00F23AACB
:1056D00031B103C58185EFC03EBA0145B6402644CD
:1056E00096440649F259625A616182809047814727
:1056F00019CE99473305F502F145130515021375C7
:10570000F50FEFC01EBD1C4023A4070085471840BD
:10571000104B0DC203C504009947F1453305F5024E
:10572000130525021375E50FEFC0BEBA1C4023A870
:10573000070085471840504B0DC203C50400994728
:10574000C1453305F502130535021375F50FEFC09A
:105750005EB81C4023AA07008547184050471DCE5D
:1057600003C504001949C145330525031305450246
:105770001375E50FEFC0FEB503C504001C4091454D
:1057800033052503D0474106130555021375F50F60
:10579000EFC03EB41C4023A6070025BF9DFB83C776
:1057A00011AE99C3EFF0FFA983C701AE99C3EFF023
:1057B0009FAEEFF01FB6B9BD011122CC06CE26CAAE
:1057C00083C791AE09446378F50295C599473305BF
:1057D000F502AE840A86C145130505021375E50F6F
:1057E000EFC07E802A8401E919468A85268597B014
:1057F000FD1FE78040FD2285F2406244D2440561EE
:105800008280011122CC06CE2A842EC632C4EF50EB
:10581000AF9805C90347C500A1472246B245631F9B
:10582000F7009387C1B19C4389CF03A34700630A64
:10583000030022856244F24005610283938701B22E
:10584000DDB7F240624405618280011122CC194427
:105850003304850226CA0A86AE84C14506CE1304E7
:1058600004021374F40F2285EFC0EEF701C98144DE
:10587000F24062442685D244056182801946930530
:10588000F00F0A8597B0FD1FE78080016DF1035787
:10589000C1009377D70F89C49377F70F93E7270059
:1058A000C207C1838544E305F7FC0A86C14522850A
:1058B0002316F100EFC0FEA103C58185EFC0DE9B7A
:1058C00045BF5D71A2C42A8419453305A402A6C24E
:1058D000CAC0B2842E890A86C14586C61305050250
:1058E0001375E50FEFC02EF001C90145B6402644FF
:1058F000964406496161828019469305F00F0A8536
:1059000097B0FD1FE780C0F96DF11304040713740D
:10591000F40F1008930500032285EFC0CEEC19C1E7
:105920000545E9B70808EFF06FEE631409041306A4
:1059300000038145080897B0FD1FE78060F66DF110
:10594000130600038145080897B0FD1FE78020EB90
:10595000854708082386F1B0EFF04FEB1008930558
:1059600000032285EFC0FE9603C58185EFC0DE905F
:1059700045BF1C089000BE8683D50600368763812C
:1059800025039106E39AC6FE0145ADD083D60700F4
:105990003E8789C69107E31BF6FE81BF239027014E
:1059A00083472700E38E97F623019700D5F0231055
:1059B000070079BF1705FE1F0345A51E0111FD57FE
:1059C0009305200412052385F1AE06CE22CC26CA0B
:1059D0004AC84EC6A38401AE23A201AE97C0FD1FE4
:1059E000E780A0B723A2A1AE15C59709FE1F938932
:1059F000691A83C7E9000144938441AEA384F1AEE0
:105A000083C791AE6361F40C83A78900638C070E92
:105A1000238001B0938791AE83C7070005444146B8
:105A200081451705FE1F1305A53D2381F1AE238F88
:105A3000818423AA01B0238101B0238201B097B0F1
:105A4000FD1FE780C0DB93047007414681451705C1
:105A5000FE1F1305E539A38191B0A38D8184A38036
:105A600001B023A401B0A38A01AE238B01AE238C25
:105A700001AE97B0FD1FE78080D8A38B91AE23AE17
:105A800001AE238A01AE9547A38CF184C147A38E52
:105A9000F184238601B08947238DF184F240238C61
:105AA0008184A38F8184238E8184624423A001B2E8
:105AB00023AE01B0A38001AE238401AED24442499B
:105AC000B249056182808840131944001946930544
:105AD000F00F4A9597B0FD1FE78060D288401946C5
:105AE0009305F00F4A95190597B0FD1FE78020D167
:105AF0009C4005041374F40FCA972396070023876C
:105B00000700FDBD930700F82380F1B021B719719C
:105B1000A2DCA6DACAD886DECED6130400028144FF
:105B2000138941AE83C791AE63E3F40203C5818557
:105B3000EFC08EF4938791AE83C70700F65066548A
:105B40002381F1AED6544659B659096182800325A6
:105B500009009399440019469305F00F4E9597B0AC
:105B6000FD1FE780C0C90325090019469305F00F02
:105B70004E95190597B0FD1FE78060C8832709007F
:105B800041469305F00FCE97239607002387070021
:105B9000480097B0FD1FE78080C671469305F00F5F
:105BA000480897B0FD1FE78080C5130600039305E2
:105BB000F00F081897B0FD1FE78060C45000C14582
:105BC0002285EFC00EF1130514005008F14513753E
:105BD000F50FEFC00EF0130524005008F1451375C2
:105BE000F50FEFC00EEF130534005008C1451375D3
:105BF000F50FEFC00EEE130544005008C1451375B4
:105C0000F50FEFC00EED13055400500891451375C4
:105C1000F50FEFC00EEC1385040710189305000371
:105C20001375F50F85041904EFC0AEEA93F4F40F71
:105C30001374F40FC5BD930705C04111C20722C4F8
:105C400006C6C183130720022E846361F70E17B7BF
:105C500000001307671C8A07BA979C43BA9782878C
:105C60009387E18583C707002300F4002DA083C735
:105C700011B089870DA8938721B0EDB7938741B004
:105C8000D5B741469705FE1F93858517228597B0A6
:105C9000FD1FE78040B38147B24022443E85410169
:105CA000828083C711B0858BC1B7938731B05DBF48
:105CB000938781B09C431CC0F9BF9387B1855DB7C2
:105CC00083C751AF7DB7938761AF69BF938781AFBA
:105CD00051BF41469705FE1F9385851145BF83C778
:105CE00051AFD1B7938771AFB5BF9387C1AFD9B764
:105CF000938741AF85BF93879185ADB79387D18552
:105D000095B7938711AEB9BF938701AEA1BFEFF0EE
:105D1000CFB42300A40041B783C7C185B1B783C7FF
:105D200011B08D8749B783C751AFE5BF1307200472
:105D30008947E363A7F6EFD04EDA2310A400A1BF92
:105D4000011106CE22CC26CA4AC84EC6EFD09EA468
:105D500035ED03C781AE85472A84630CF70293842F
:105D600041AE854983C791AE6371F404984013191D
:105D700044004A978347E700639937012285EFF093
:105D80000FB69C40CA972387070005041374F40FCD
:105D9000D1BFEFF06FC8238401AE938741AE9C431F
:105DA00003C791AEB907631CE400EFC06EFF624405
:105DB000F240D2444249B24905616FF00FD8050460
:105DC000238007001374F40FC107F1BFF24062444F
:105DD000D2444249B24905618280797126D24AD0C3
:105DE00006D622D44ECE89472E89B2846308F506A2
:105DF000636FF5008D476301F50C03C491AE2285F6
:105E0000B250225492540259F249456182802E8543
:105E1000EFF0EFF983C791AE2A84E372F5FEE5D087
:105E20001946CA85268597B0FD1FE780C099C1BF76
:105E300083A709001315440019463E95CA85190524
:105E400097B0FD1FE78020A131ED05041374F40F16
:105E500083C791AEE36EF4FC3E8455B70144938949
:105E600041AEFDB705041374F40F83C791AEE3751B
:105E7000F4FE330534030A86C14513053502137554
:105E8000F50FEFC04E9679FD41469305F00F0A8558
:105E900097B0FD1FE780C0A071F5CA850A85EFD0D5
:105EA000AECB69F183C791AEE37BF4F4A9D8A685A4
:105EB0002285EFF07F90A1B7014499497DB77971B0
:105EC00026D206D622D4AA8402CC231E0100EF409B
:105ED000BFAC05CD03C7B18589476308F7029305B9
:105EE00065002A84034555003008EFF01FEF83C793
:105EF00091AE6371F5022AC6EFF08F93B2452A8600
:105F00000547A1462685EFF06FCDB250225492543A
:105F10004561828083C7B18591E795452685EFD09D
:105F2000DE84E5B70547E392E7FE8345540001466A
:105F30002685EFF0EFD1D1BF4111C1674AC006C637
:105F400022C426C2FD172E896309F506EF40DFA49F
:105F50002A84D14421CD93056500034555000146AF
:105F6000D544EFF09FE783C791AE6376F500CA850D
:105F7000EFF0BF8D8144630B09022285EFF04FC51E
:105F800035A0CA852285EFF05F8C11C181440504DC
:105F90001374F40F83C791AEE365F4FE6308090040
:105FA00017F5FFFF13050543EF40FFC6B24022443B
:105FB000268502499244410182800144D544D9BFDB
:105FC0000111C1674AC84EC606CE22CC26CAFD17AB
:105FD0002E89B289630EF504EF401F9CD14429C17C
:105FE00093056500034555000146D544EFF0FFDEFB
:105FF00083C791AE6376F5024E86CA85EFF07F8C3B
:10600000814439A84E86CA852285EFF09F8B11C145
:10601000814405041374F40F83C791AEE364F4FE66
:10602000F240624426854249D244B24905618280E9
:106030000144D544D5B7411122C41384A1AE834590
:10604000040023A0A1B2614506C6EFD0CEFD0345F2
:1060500004002244B24041016F205F811387E18533
:106060008347070083C511B093E707F82300F700C3
:106070006FD06EE45971A6D2B2845000A2D4D2CCB3
:1060800086D6CAD0CECE2A84368A02C22314010014
:10609000EFF0BFD483C791AE6377F50E2A89EFE0A6
:1060A0003FF99147AA896319FA0C03C7E18579176B
:1060B0001337170091461944330489024E86CA8566
:1060C0002685EFF0AFB151468145680097A0FD1FCE
:1060D000E780E07270001374F40F13054402C145A9
:1060E0001375E50FEFB03EF005E941469305F00F5B
:1060F000680097A0FD1FE780A07A19ED13055402F0
:10610000700891451375F50FEFB0FEED700093F533
:1061100019002685EFD0CEDE130509071010930570
:1061200000031375F50FEFB01EEC15E10810EFE05A
:10613000FFED0010130901058355040091C50346C6
:1061400024002685EF100FAB1104E31789FE93F9A5
:1061500029006387090083C5A1AE2685EF007FB9BA
:1061600091476314FA0403C7E1858947631FF70267
:106170002685EFF0BFEE15A803C7B1857917133751
:106180001700D2860DBFA147E31CFAFC03C7B185F7
:106190008947631CF7000146A2852685EFF04FABC7
:1061A000014681452685EFF0CFE5B650265496543A
:1061B0000659F649664A014565618280011106CE9D
:1061C0002AC6EFF02FFF3245F2402385A1AE0561CC
:1061D0006FF0AF961D7186CEA2CCA6CACAC8CEC635
:1061E000D2C4EF807FA683C7F18589CB0144138990
:1061F00041AE194A83C791AE636AF400F640664423
:10620000D6444649B649264A2561828003250900BD
:106210009319440019469305F00F4E9597A0FD1F62
:10622000E780006831E9B30444035010F14593F46A
:10623000F40F138514021375F50FEFB0DEDA0DEDD0
:106240000347F1039307F00F6318F7021385340235
:106250005000C1451375F50FEFB0FED85008C14589
:106260000945EFB05ED88325090054085000CE954B
:1062700003C5F500EF801F9D05041374F40F9DBF47
:10628000930705C05D71C207A6C2CAC086C6A2C474
:106290004EDE52DCC183130720022A89B284636E6A
:1062A000F74E17B700001307E7BF8A07BA979C435A
:1062B000BA97828785476384F500614409A88347BC
:1062C00006000947E36BF7FE238FF1840144228522
:1062D000B640264496440649F259625A616182806A
:1062E0008547E39CF5FC03470600E3E8E5FC83C72C
:1062F00011B011C793E74700A380F1B0C1BFED9B78
:10630000E5BF8547E39BF5FA834706001147E3663F
:10631000F7FA2381F1B05DBF8547E390F5FA834733
:106320000600E3ECF5F82382F1B04DB7C147E396E0
:10633000F5F84146A6851705FE1F130565AC97A025
:10634000FD1FE780404859B78547E398F5F60347B6
:106350000600E3E4E5F683C711B001C793E7170031
:1063600061BFF99B51BF8547E399F5F48347060068
:10637000A381F1B0A1BF9147E391F5F41842B7476B
:106380000F009387F723E3EAE7F223A4E1B03DBFD0
:106390008547E394F5F2834706000947E36FF7F07A
:1063A000A38DF18425B78547E399F5F003470600EF
:1063B000E3E5E5F083C751AF11C793E74700A38A30
:1063C000F1AE29B7ED9BE5BF8547E398F5EE83472E
:1063D00006001147E363F7EE238BF1AEC5BD854799
:1063E000E39DF5EC83470600E3E9F5EC238CF1AE81
:1063F000F1BDC147E393F5EC4146A6851705FE1FA5
:106400001305059F2DBF8547E399F5EA034706006D
:10641000E3E5E5EA83C751AF01C793E7170045B746
:10642000F99B71BF8547E39AF5E883470600A38B84
:10643000F1AE69BD9147E392F5E81842B7470F0006
:106440009387F723E3EBE7E623AEE1AE41B5E396AE
:1064500005E6EFD02EB401E9EFE01FDCEFC04E946B
:10646000EFE0BFEDA5B585472384F1AE85B59D4727
:10647000E395F5E4938514001946680097A0FD1F85
:10648000E780603403C5040050086C00EFF0FF940F
:1064900083C791AEAA840944E37BF5E24808EF4044
:1064A0006FD809E52685EFE09FC34DBF938741AEC6
:1064B0009C4392045944BE9485472387F40001BD50
:1064C0009D476391F50A194693851400680097A0CB
:1064D000FD1FE780402F03C5040001466C00EFF06C
:1064E000DF8F83C791AE6377F5049944B3049502B7
:1064F0005008F1459384140293F4F40F2685EFB00D
:106500009EAE2A8415E51307A04185476304E90080
:106510009307F00F5008F1452685A307F102EFB06D
:106520005EDB03C58185EFB03ED5EFF0BFCA45B352
:106530000944E5BF83C701B00944E38A07D81307BC
:10654000A04183C731AF631BE90093E71700A3891C
:10655000F1AE1D46A6851385C1AED5B3F99BA389BF
:10656000F1AEADB38547E39AF5D41307A04183C7D5
:1065700031AF6315E50093E72700D5B7F59BC5B7A5
:10658000A38F0184EFF01FC591B38547A38FF184DA
:10659000014419499309F00F7D5A83C791AEE37303
:1065A000F4FEB30424035008F1459384140293F4D9
:1065B000F40F2685EFB03EA305E18347F102638D1A
:1065C00037015008F1452685A3074103EFB07ED07F
:1065D00003C58185EFB05ECA05041374F40F75BF5F
:1065E0008547E39CF5CC83470600E3E8F5CC238A96
:1065F000F1AEE9B98547E392F5CC8347060025471C
:10660000E36DF7CAA38CF184D1B18547E397F5CA4E
:1066100003470600A546930797FF93F7F70FE3EEAE
:10662000F6C8A38EE1845DB18547E398F5C883473A
:10663000060003C711AE0144A380F1AEE31907C8F9
:10664000E397B7C8EFE07FCF59B18547E397F5C629
:106650008347060003C701AE2380F1AE09E76394C8
:10666000B700EFE09FCD03C501AEEF802FDEB9B9D3
:106670008547E394F5C4834706000D47E36FF7C2EF
:10668000238DF184A1B18547E399F5C283470600C4
:10669000238CF18425B90545EFB01EBE05B98547A9
:1066A000E39DF5C083470600238EF18405B193076F
:1066B0004002E394F5C003C514000146938524000D
:1066C000EFF0AFF183C791AEE379F5BE194433041F
:1066D000850203C70400A1471374F40F631FF70278
:1066E000130424021374F40F5008F1452285EFB00F
:1066F0009E8FE31405BC9385840048086D4697A0DF
:10670000FD1FE780400C5008F1452285EFB07EBCAC
:1067100003C58185EFB05EB64DB613041402D9B738
:1067200017F7FD1F03570748930740046D44E3F034
:10673000E7BA8547E393F5B883470600E3EFF5B67C
:1067400081CF938781B19C435544E38207B883C7C7
:1067500011B093E787004DB683C711B093F7770F59
:1067600061BE17F7FD1F0357E743930740046D44CD
:10677000E3FFE7B48547E392F5B483470600E3EE11
:10678000F5B2F9DB938781B19C435544E38107B4AB
:1067900083C751AF93E787001DB1930720040944D5
:1067A000E3E727B3E39585B283D504004A85EFD0AC
:1067B0008E872A8429BE797106D622D426D24AD061
:1067C000834725005147E91793F7F70F636BF702EB
:1067D00017A700001307C7758A07BA979C432A8436
:1067E000BA9782878354A5000346C5008346D50027
:1067F000268532C636C4EF402F9AAA87A246324673
:1068000019E1854425A203C7C700A1471305340039
:10681000631AF7029387C1B19C43A68589C79C433D
:1068200099C38297F9BF9387C1AF8843EFC0FEAC8D
:1068300069D99307E00FE306F5FC85452685EFC08F
:10684000DEF2C1B7938701B29C43A68599C39C43EE
:10685000E9FB938781B0D1BF8355A5002E852EC457
:10686000EF408F93AA8751DD03C7C700A1471305E7
:1068700034001306C4009306C401A245631AF7004E
:106880009387C1B19C43B5DF9C47A5DF829795BF35
:10689000938701B2C5BF83471500D5EF83476500D5
:1068A000858BD5CB938741B19C430149D5E7814581
:1068B0004146080897A0FD1FE78060F44C48B5CD1D
:1068C00083C765011946C105A30FF100080897A009
:1068D000FD1FE78040EF834764000357C1018987AC
:1068E000858BD98F231EF100EFE02FF783C791AE80
:1068F0006390A70283C7C18599C3EFF04FA197F7B3
:10690000FD1F938727299C5B81C785452145829779
:10691000EFE0AFF4A2850808EFE01FCEAA84554946
:1069200005ED894503C5A1AEEFA07EB6B250225455
:10693000268502599254456182800355440085445E
:10694000EF408F8565D5834755001946930565004F
:10695000A30FF100A5BF01490346140003554400ED
:106960008545EFE01FEAE30E09E84A868D450355A9
:106970004400EFE01FE971B5034715009947631A1A
:10698000F70203554500EF402F81AA841DC183C73C
:10699000A18509476389E7020D476380E702054740
:1069A0006399E70083455500035544000146EFE035
:1069B0003FAA0346140089455DBF01468145130582
:1069C0000041EFF0FF8B8355440003C504001546DA
:1069D000EFC09EDCF9BF9305450003453500014635
:1069E000EFF0AFBF83C791AEE37DF5E09947330584
:1069F000F5021306C4009145130555021375F50FF2
:106A0000EFB03E8D03C58185EFB01E87DDBB83C728
:106A100041AF0355450081C783C591850DB583C737
:106A2000E18599E3954521BDEF301FF7AA84E30A7C
:106A300005DC8347A400858B85CB0345550085473E
:106A400063F4A7028357C40093F7072091EF10085F
:106A500093856400EFF06FB883C791AE6396A7008B
:106A60008D4503554400E1BB83C5540003554400E4
:106A700013068400EFE0DF9D01468145CDBD03553F
:106A80004500EFF0CFC3B5BB03554500EFF04FAB6A
:106A900083C7E18593F7F707238FF1849DB379715D
:106AA0009397050122D406D626D24AD04ECEC1876E
:106AB0002E8463DE070803C5A1AEEFA0AEEBAA8467
:106AC00031C5834705001307100B638BE7041307D9
:106AD000000D6387E7021307000B6396E702034785
:106AE0004500F9476317F700035525008145EFF08E
:106AF000AFC483C5440013858400EFF05EDD21A0A0
:106B0000EFF07FCB01C52685EFA0AEDFA164A18C9D
:106B1000B2502254268502599254F249456182802E
:106B200083474500EDF30356850083556500035503
:106B30002500238601B0EFF0AFC883C7C1B0E1D70D
:106B400003C58185238601B0EFB00EF36DBF93F7C7
:106B5000250085C381450145EFE01FAA9344240029
:106B600083C7A1AE854511E189453E85EFA03E92E0
:106B700045B793F715006384070C138941B1832748
:106B80000900938401B183D947009C4099EFC16506
:106B9000138741B2894617A6000013066678FD15D3
:106BA0000545EF003FAD23A8A1B08C40134414006D
:106BB0009DE9832709000146854503D547009314C5
:106BC0000401C180EFE0FFC38327090001468D4522
:106BD00003D54700EFE0FFC203C58185EFB0CEE9E2
:106BE000EFE0AFCC35B79308F00F094881471307A2
:106BF000E100740003D641B24E85EF00FFFD11EDB8
:106C00000346D1008347C10022065D8E19C69C4011
:106C10004E8583D5A700EFF0AFBA8840C1658146A5
:106C200003D641B2FD15EF001FEF9314040123A812
:106C3000A1B0C1803DDD854503C5A1AE05BF93F779
:106C400045008144E38607EC93C44500D1B5034772
:106C50002500F14763E4E72A17A6000013068632F1
:106C600093162700B2969C42411122C406C626C242
:106C7000B2972A84828783471500C5E7414697F576
:106C8000FD1F9385E51917F5FD1F1305651897A0DE
:106C9000FD1FE78040BC3DE517F6FD1F13064617B4
:106CA000C1450945EFB0EEE217F6FD1F1306461980
:106CB000C1450D45EFB0EEE103C58185EFB0CEDBF8
:106CC00093053400138541B4194697A0FD1FE78052
:106CD00080AF8547854503C531B423A8F1B4EFA043
:106CE0000EFB938701B58843938781B29C43ADC760
:106CF00003A3070063020306A2852244B240924424
:106D000041010283414697F5FD1F9385651217F5F2
:106D1000FD1F1305E51297A0FD1FE780C0B32DDD11
:106D200045B7994723A8F1B46DBF034715008347C2
:106D3000350039E309476396E702938701B59C4321
:106D40008145014593F7F7F093E7070223A8F1B4D3
:106D5000EFE07EADA300A400B24022449244410182
:106D600082800547814501456395E700EFE09E9BE2
:106D7000D5B7EFE01E8BF9BF0947E38FE7FC938798
:106D800001B5884341991365650023A8A1B4A9BF43
:106D900083471500938401B5BDE38D476315F70460
:106DA00083C721B4139787016187635B070093F75B
:106DB000F707894503C531B42381F1B4EFA02EED67
:106DC0009C40914613F7F7006318D700C19B93E7E7
:106DD000570023A8F1B485A08946E30FD7F6C19BDD
:106DE00093E72700FDB79840A38B01B295469377B0
:106DF00007FF3D8B6319D70493E74700D9BF9C4039
:106E0000C19B93E76700F1B7138701B51C43834625
:106E10001500BA84C19B95E293E7470023A8F1B41B
:106E20000356A50093054500034535009146EFF054
:106E30006FA4A38B01B2884045BD13071003E392F2
:106E4000E6FCA38B01B293E7370061B7EFF0BF9682
:106E5000938701B59C43154793F6F700C19B13E553
:106E60003700E394E6F213E5270005B7938601B5F2
:106E70009C4203461500B68493F7F7F031E2CD4605
:106E8000631BD70293E7070123A8F1B483C7A1B31B
:106E9000139787016187635B070093F7F7079145B5
:106EA00003C531B4238DF1B2EFA06EDE9C403705EF
:106EB00000015D8D15BD93E7070223A8F1B4FDB76E
:106EC00093E70703DDBF938601B59C427D761306E9
:106ED000F60FF18F0346150019EE6D46631AC700D1
:106EE00093E7071023A8F1B49C4237050002D1B7FD
:106EF00093E70720C5BF93E70730EDB782800347CC
:106F00000500930610096307D7009307000D63057A
:106F1000F70482808346150039476391E60483565F
:106F20004500056713075740639AE6021845930723
:106F3000F007830537006383F502938781B29C4392
:106F400091CF03A34700630B03008347270003454A
:106F50001700A2075D8D02836FF07FCF8280011141
:106F60009397050126CA06CE22CCC187AE8463D58D
:106F7000070C03C531B4EFA0EE9F2A8409C983C76B
:106F8000B1B389EFEFF0BFF72285EFA08E972165AF
:106F9000258DF2406244D24405618280834705001A
:106FA0001307000D639EE7048347250081E7EFF098
:106FB0001FF509A81547639DE7000347C500A147D2
:106FC000E392E7FCA28503C5C1B2EFA02EA1C1B731
:106FD0002147E38EE7FC99466395D7008347750008
:106FE000C5B71D47E390E7FA03554500EF30DF9A38
:106FF00041DD0347C500A1472285E315F7F8D9B75E
:107000001307200AE380E7F813071009E391E7FA72
:1070100003471500B947E31CF7F803574500856798
:1070200093875740E315F7F8184583472700034532
:107030001700A2075D8D5DBF9397150163DE070002
:107040001386C1B491451145EFB0AEA803C5818543
:10705000EFB08EA211652DBF93F71500D9CB83C772
:1070600071B3B9CFEF309FC097F7FD1F83C7F7B358
:107070008D8B636AF5048D472302F1009387E1B29B
:1070800083C707004C0003C531B42306F100938782
:1070900091B383C70700A306F100EFE0EEA30DC193
:1070A000938701B5884341991365650023A8A1B46E
:1070B000938781B29C4389C79C4399C3814582973A
:1070C00013C51400F9B5938781B383C70700194628
:1070D000938501B32302F100938761B383C707004F
:1070E00013056100A302F1009790FD1FE780A06DDA
:1070F00071B793F7250085CF83C721B4858B8DC7E2
:1071000003C531B4EFE06ECC05C1938701B5884368
:107110001375F5F023A8A1B4938781B29C4389C766
:107120009C4399C38145829713C524009DB593F76D
:1071300045000145E38F07E483C7A1B39DC703C59D
:1071400031B4EFE0AECB15C1938701B58843FD772D
:107150009387F70F7D8D23A8A1B4938781B29C43B9
:1071600089C79C4399C38145829713C5440015B5CF
:10717000797122D426D206D6AA842EC6328436C489
:107180003AC23EC0EF305F8139C50358E500B245D1
:1071900082471247A246636DB800636B0401035631
:1071A00005016317D6000356250161456300E60219
:1071B000231CB1003E862C082685231D8100231E3A
:1071C000D100231FE100EF30CFEC0145B250225433
:1071D0009254456182805145D5BF011106CE97F783
:1071E000FD1FA383A7BA91C52E8532C6EFE0BFE489
:1071F0003246938701B59C4385EB19C223A4C1B2E3
:10720000F24003C6D1B283C5A1B403C531B493879C
:10721000C1B417F7FD1F1307A7C297F6FD1F93868A
:1072200026BF05616FF0EE9DF24045450561828005
:1072300097F7FD1F83C777978D8B81EB6145828020
:107240006145B240224441018280411122C406C6F8
:1072500003C431B49307F00FE314F4FE17050000E4
:10726000130525D0EFA04EFFA381A1B4E30A85FC4E
:1072700023A401B223A801B491472385F1B4EFC040
:107280000E8D4146814517F5FD1F130565B8979092
:10729000FD1FE780C0564146814517F5FD1F1305C8
:1072A00025BA9790FD1FE780805523A601B4238C53
:1072B00001B2238B01B29D4717F6FD1F130646B599
:1072C000C14509452387F1B2A38C01B2EFA0BED11D
:1072D00017F6FD1F1306C6B6C1450D45EFA0BED07B
:1072E000414697F5FD1F9385A5B217F5FD1F1305C0
:1072F00025B39790FD1FE780004D414697F5FD1F90
:10730000938505B417F5FD1F130585B29790FD1FF2
:10731000E780604B1386C1B491451145EFA0BECC08
:10732000014505B7FD57A381F1B417F7FD1F1307FA
:1073300067A5A302F7002303F700238501B40547DF
:10734000A38BE1B223A601B41947239FE1B20567DD
:10735000130707C8239EE1B22386F1B29D47A38697
:1073600001B2A38D01B2A380F1B42380F1B4194618
:107370008145138501B31793FD1F670043489307A9
:1073800005D04111C20722C406C6C1835D472E84C1
:10739000636BF70C17A70000130707C68A07BA9795
:1073A0009C43BA97828783C7A1B42300F40035A019
:1073B000414697F5FD1F9385A5A522859790FD1F52
:1073C000E780604019A8414697F5FD1F938545A7C2
:1073D000EDB79387C1B49C439CC18147B24022441E
:1073E0003E85410182801946938541B4F9B783C730
:1073F00071B365BF2E85EFE06ECFC5B72E85EFE088
:107400004ED1E1BF83C781B34DB783C761B371BFAD
:107410001946938501B355B783C7E1B279B783C7DE
:1074200091B361B7938701B59C4341B783C7D1B28C
:10743000ADBF83D7E1B32310F40045B783D7C1B301
:10744000DDBF83C711B495B783C701B4B9BF2E851B
:10745000EFE06ECF59B783C721B493F7F707B1B701
:1074600083C7A1B399B7130720048947E368A7F638
:10747000EFB0BEE62310A4008DB79307F5CFC20787
:10748000AE86C183D9452A8763E6F52817A8000090
:10749000130888BC8A07C2979C43411106C6C2974D
:1074A000B285368582874147E147639EE6024146C1
:1074B00017F5FD1F1305C5959790FD1FE780A030B8
:1074C00015A04147E1476390E602414617F5FD1FCD
:1074D00013050597D5B71147E1476396E6001C42AF
:1074E00023A6F1B48147B2403E8541018280054721
:1074F000E147E39AE6FE0347060083C771B3A38B17
:10750000E1B295C3814765F3138701B518438946F6
:107510003D8B6305D7009546E317D7FC03C531B40F
:10752000EFD0DEF2C1B781475DDF138701B51843A5
:107530006306A7003D8B7517E367E5FA854503C52C
:1075400031B4EF90DEF479BF9307C01C63E0D71C21
:10755000630E061AB24041016FE0AE8C9307C01C67
:1075600063E6D71A6304061AB24041016FE08E9BAE
:107570000547E147E399E6F603470600A946E3E439
:10758000E6F6238CE1B2B9BF0547E147E39DE6F497
:10759000034706008D46E3E8E6F4238BE1B299B792
:1075A0001947E147E391E6F41946138501B329B77A
:1075B0000547E147E399E6F2034706009D46E3E409
:1075C000E6F22387E1B239BF0547E147E39DE6F0E4
:1075D000034706008D46E3E8E6F0A38CE1B219B755
:1075E0000547E147E391E6F083470600A386F1B241
:1075F000D5BD0947E147E398E6EE03560600056767
:107600001307A7C79306A6FFC206C182E36DD7EC96
:10761000239FC1B2C1BD0947E147E396E6EC03569B
:10762000060005671307A7C79306A6FFC206C18217
:10763000E36BD7EA239EC1B275B58345060003C646
:1076400001B4A380B1B40145EF70CFE061BD034642
:10765000060083C511B42380C1B4F5B79307C01CDD
:1076600063E6D70A45C6B24041016FE0CE9B0547AD
:10767000E147E39AE6E68347060003C721B4058B9A
:107680002381F1B493F6170011C7E39D06E4EFD010
:107690003EF689BDE38806E4138701B518438945A2
:1076A000398BE31E07E893E707F82381F1B41DBD8A
:1076B0000547E147E399E6E28347060003C7A1B324
:1076C000238DF1B211C7E39F07E0EFD0DEF419BDBF
:1076D000E38A07E0138701B518431377070F19C32F
:1076E0009145B1BD93E707F8238DF1B2E5BB930750
:1076F000200463EFE70089458947E396B6DEB24090
:10770000835506003A8541016FC0EE91E147E1BB28
:107710008947D1BB9307200463E9A70089458947BE
:107720006396B60083550600C5B789473E858280BB
:107730006F700FCD011106CE2AC6EF30EFA509C933
:10774000B245F240034505004D4605616FC0CE8449
:10775000F2404945056182806F700FD0411106C625
:10776000EF80402B1725FFFF1305C5D6EFA0CEAE47
:10777000EF10FFC117C5FEFF13056516EFA0CEADD4
:10778000EFC02E9117F5FEFF13050519EFA0CEAC43
:10779000EFF0AE951745FFFF1305A563EFA0CEAB45
:1077A000EF408FF717F5FFFF1305A52FEFA0CEAA27
:1077B000EFE0DFA01715FFFF13058528EFA0CEA986
:1077C000EF108FA4B24041016FF09FA69387C1B51F
:1077D000138741B59C43184301456313F70082802A
:1077E00083D6670081E683D6470036959C43F5B77C
:1077F00097E7FD1F9387073A8C4317E7FD1F035751
:10780000A73941111386052223AEC1B4938785FFA2
:10781000BA97056523AAF1B406C61D05935637002D
:107820006374E500930600203307D60023ACE1B46F
:1078300023A0E522E1162312D600231306001CC361
:10784000998FE1172312F70023130700EFF01FF8B9
:10785000B24097E7FD1F2390A738410182809387AC
:10786000C1B5138741B59C43144301456393F600AA
:10787000828003D7670011E703D747006373E500F1
:107880003A859C43E5B79387C1B5938641B59C4340
:1078900090422A87B305B5406314F6003A8529A8BB
:1078A000938687009C43E369D7FEE377F7FE2E8536
:1078B000E3E4D5FEE3F2F5FE828083C705002300F2
:1078C000F50083D72500A300F50083D72500A18309
:1078D0002301F50083C74500A301F500114582800F
:1078E00023A201B623A001B6828029C1411126C27C
:1078F00006C622C4AA8401458DC52E842285414630
:10790000979500009385057B9790FD1FE780A0EB7E
:1079100083C7040005452306F40083C71400A306AB
:10792000F400B240224492444101828001458280A9
:10793000011122CC26CA06CE0947AA843284638369
:10794000E50441468147639BC500638FE60063976A
:10795000B6001DA841478147638FE600F2406244AC
:10796000D2443E85056182808A852285EFF0FFF74B
:1079700041468A8521A88A85EFF03FF741468A85EE
:10798000228531A0E398B6FC2E86A28526859790A5
:10799000FD1FE78040ECAA87D1B723A2A1B6828061
:1079A000011122CC0354650006CE26CA4AC84EC631
:1079B00041C083298500AE842A8803C90900814714
:1079C00013178901618763550702B147054563FABB
:1079D00087045114420403552800418033878900ED
:1079E000A2864E868545EF408FA9B337A000850754
:1079F0007D1413556900420405891379F903418008
:107A00002380F400A380A400238124012392840016
:107A1000014719C01387190098C409476383E70019
:107A20000145F2406244D2444249B2490561828034
:107A30000545C5BFC167F917630AF502D94763F762
:107A4000B702011122CC2EC606CE2A84EF101F8168
:107A5000B2456368B50022856244F24005616F302B
:107A60000F99F24062440545056182800545828098
:107A7000C167F9176314F5006F104FFE411106C678
:107A8000EF30EF8511E15D45B240410182803971EF
:107A90004ED656D25AD006DE22DC26DA4AD852D446
:107AA000AA8A2E8BB28949EF36C6EFF07FFC91454A
:107AB000EF105F8BAA844D492DC9B246054A238039
:107AC00034010544630A0B00B68513851400029B3C
:107AD0000505131405014180E20993D9894163D357
:107AE0000902C1455685EF308F8D654905E933861A
:107AF0008400A2852685EF30BFE92A8905E131049B
:107B00004204418091472C085685231CF10026CE63
:107B1000231D8100EF203F962A8901C963070A00CF
:107B2000268597A0FD1FE780A0AFF25062544A85DA
:107B3000D2544259B259225A925A025B2161828030
:107B4000BA84014AADBF011122CC26CA4AC84EC62A
:107B500006CE2A893284B689EFF07FF3AA8405E144
:107B6000938741B69C4381CF05476317E40003C464
:107B7000090005041374F40FA2854A858297F24028
:107B8000624426854249D244B24905618280AE866C
:107B90000147054697050000938565D26FF0BFFA4F
:107BA00083D705002300F50083D70500A183A30038
:107BB000F5000945828083C7250005472300F500AD
:107BC00003D505006397E7000A05050542054181D5
:107BD0008280C9473305F502CDBF03D505000A05EC
:107BE00042054181828083D725002300F50003D51B
:107BF000050083D725003305F502050542054181BF
:107C0000828003D50500828003D50500828003D5DC
:107C10000500828083D725002300F50003D50500E9
:107C200083D725003305F502050542054181828091
:107C300083D705002300F50083D70500A183A300A7
:107C4000F50083D725002301F50083D72500A18304
:107C5000A301F50003D5450011054205418182804D
:107C600083D705002300F50083D70500A183A30077
:107C7000F50003D525000905420541818280894729
:107C80001145639BF60083471600834606000145B5
:107C9000A207D58F2310F700828003D70500D947AC
:107CA000AE8663FAE70001470D469705000093850D
:107CB00065EF6FF05FE90945828011456393A60285
:107CC00083471600834606000145A207D58F23107F
:107CD000F7008347360083462600A207D58F23117D
:107CE000F700828083C725000547FD1793F7F70F3C
:107CF0006361F70483D705008DCF011122CC2A845C
:107D0000C84106CE15C12EC68945EFF0DFB72A87D8
:107D100022856244B246F2401546970500009385DD
:107D2000C5E905616FF03FE2F24062440945056133
:107D30008280094582809547114563F9D706411134
:107D400022C426C24AC006C683471600BA84034727
:107D50000600A2073284D98F2390F40083473600AF
:107D60000347260093054400A207D98F2391F4000E
:107D700089472382F4000946138554003689979079
:107D8000FD1FE78040A49307A9FF2394F4009947BF
:107D9000631BF90023A60400B24022449244024926
:107DA0000145410182801904C0C4FDB7828083D798
:107DB00005008DCF011122CC2A84C84106CE15C101
:107DC0002EC68545EFF03FAC2A8722856244B24635
:107DD000F2401D4697050000938565E005616FF050
:107DE0009FD6F24062440945056182800945828040
:107DF00099476395F6048947411106C62302F700A7
:107E00008347160083460600B285A207D58F23104C
:107E1000F700834736008346260003464700A20743
:107E2000D58F130557002311F70091059790FD1F7B
:107E3000E7806099B240014541018280D1471145F8
:107E40006394F600C1474DBF828083D705008DCF74
:107E5000011122CC2A84C84106CE15C12EC68945FF
:107E6000EFF07FA22A8722856244B246F24025467F
:107E700097050000938565D705616FF0DFCCF24070
:107E80006244094505618280094582808947114520
:107E9000639BF60083471600834606000145A20750
:107EA000D58F2310F7008280011122CC2A84C8418B
:107EB00006CEAE86014719C52EC68545EFF0BF9C9C
:107EC000B2462A8722856244F2402D46970500007B
:107ED000938565D305616FF01FC711456393A602B3
:107EE00083471600834606000145A207D58F23105D
:107EF000F7008347360083462600A207D58F23115B
:107F0000F7008280011122CC2A84C84106CEAE86B9
:107F100011C52EC68545EFF01F97B2462A872285E8
:107F20006244F240354697050000938525CE0561F1
:107F30006FF07FC193F71600114589EB894763877E
:107F4000F60085822312D70010C3014582800111FB
:107F500022CC2A84C84106CE15C12EC68545EFF035
:107F60009F922A8722856244B246F2403D46970599
:107F70000000938505CA05616FF0FFBCF2406244C2
:107F800009450561828083D705008DCF011122CC80
:107F90002A84C84106CE15C12EC68945EFF0BF8E92
:107FA0002A8722856244B246F24045469705000082
:107FB000938585C605616FF01FB9F240624409459B
:107FC0000561828009458280854763FCD7022304CE
:107FD000A700A304B7008347160083450600A20745
:107FE000CD8F2310F7009387E6FF2311F700894711
:107FF0006386F600090650C30145828023220700EC
:10800000E5BF11458280014781464D4681456FF0AD
:108010009FB38D47114563FBD70283471600834505
:108020000600A207CD8F2310F70083473600834553
:108030002600A207CD8F2311F7009387C6FF2312D6
:10804000F7006386A600110610C70145828023242D
:108050000700E5BF011122CC2A84884506CEAE86F2
:1080600011C52EC69545EFF01F82B2462A8722859C
:108070006244F2405D46970500009385A5BB05610B
:108080006FF07FAC854711456397F6008347060084
:1080900001452300F70082800147814665468145FE
:1080A0006FF07FAA011122CC2A84C84106CEAE8689
:1080B000014719C52EC68D45EFF0EFFCB2462A8761
:1080C00022856244F2406D4697050000938585B98C
:1080D00005616FF0DF9B011122CC2A84C84106CED6
:1080E000AE86014719C52EC68D45EFF0CFF9B246D1
:1080F0002A8722856244F2407546970500009385E1
:1081000065B605616FF0BF988147179800001308A6
:1081100068FB1306F00F3307F80083460700139738
:10812000060141836364E5006393C600828083D6C1
:1081300005006365D7002390E5008280850793F7EB
:10814000F70FD1BF41119397050122C406C626C27D
:10815000C1872E8463D50702EF90CE81AA8409CD12
:1081600083470500054793C707086364F700EF607E
:10817000E00A2685EF80FEF82165218D29A893F776
:10818000150099CF97E7FD1F9387C7CCFC5791C384
:10819000829713451400B2402244924441018280E8
:1081A00093F7250099CB97E7FD1F9387A7CABC5B80
:1081B00091C3829713452400F9BF93F7850081CFBF
:1081C00097E7FD1F938707C9FC5FBC5B91C382974C
:1081D00013458400C9B793F7450081CF97E7FD1F8A
:1081E000938747C7FC5FFC5791C3829713454400B0
:1081F0005DB793F7050291CF97E7FD1F938787C57A
:1082000083A7070983A7070991C38297134504022F
:1082100059B793F7050191CF97E7FD1F938787C360
:1082200083A7070983A7C70891C382971345040151
:108230009DB7939725010145E3DF07F497E6FD1FFE
:1082400083C6B6C117E6FD1F034626C197E5FD1F8D
:1082500083C595C017E5FD1F034505C0EFB06FA6A8
:10826000096521BF411122C417E4FD1F130484BE18
:1082700013068012814526C2AA84228506C623A63B
:1082800001B69780FD1FE78080570145EF2050120F
:108290000145EF20F01997E7FD1FA38C9792B707D0
:1082A000D707B50717E7FD1F2320F7BCB7A70D0DAC
:1082B0009387372117E7FD1F232AF7BAB7A7D707F8
:1082C0009387372117E7FD1F2324F7BAE9779387B0
:1082D000372117E7FD1F231FF7B87D47814723206C
:1082E000E40E0327040D2322F40EB7872D04938791
:1082F000F79F5D8F8327440D97E6FD1F23A4E6C2F9
:1083000097E6FD1F23A4E6C293E7E73917E7FD1FB1
:108310002320F7C297E6FD1F23A8F6C097E7FD1FAD
:1083200083C7278817E7FD1FA304F7BE17E7FD1FC4
:10833000A304F7BEF977FD1717E7FD1F231FF7C04A
:1083400017E7FD1F231CF7C0FD4717E7FD1F230894
:10835000F7C097E7FD1FA38B07B285679387F7F0F8
:1083600017E7FD1F2315F7B217E7FD1F2312F7B21A
:10837000EF909E9597E7FD1FA38FA7AC9307C01CB6
:1083800017E7FD1F2315F7B4854717E7FD1FA30265
:10839000F7B097E7FD1F83D72780A98317E7FD1F55
:1083A000A30CF7B28D4717E7FD1F2316F7AE97E72B
:1083B000FD1F23A307AEB71707069387074417E7E8
:1083C000FD1F232DF7AC97D7FD1F9387A77C83D77D
:1083D00007011307B00F6374F7009307B00F1396EC
:1083E000070117E7FD1F231CF7A817E7FD1F231A36
:1083F000F7A88347C40341829306E600918BC5C367
:10840000931766009387073DC207C18317E7FD1FD7
:108410002318F7A60347D403118B49C71317660027
:108420001307073D4207418397E5FD1F239CE5A401
:10843000ED4532876373B6006D4717E6FD1F231CB9
:10844000E6A2130680143E8763F4C7001307801466
:108450008E0697E7FD1F2391E7A297E7FD1F239F55
:10846000E7A097E7FD1F239AD7A09307C01C17E743
:10847000FD1F2311F7A2B70716009387079017E790
:10848000FD1F2323F7A0EF904FEEEF40901AEF80EF
:10849000BFC82244B240924441016F60C025939707
:1084A00036009DB713973600B5BF411106C622C4EA
:1084B00026C217E7FD1F0347C79D97E7FD1F83C728
:1084C000579D6369F70001442285B24022449244DB
:1084D00041018280AA84930510241305800B979094
:1084E000FD1FE78080072A8479DD1306800B814514
:1084F0009780FD1FE780A03081E4C1572304F4007A
:1085000097E7FD1F93870795B84F3DE717E7FD1FD6
:10851000232C879817E7FD1F232A879817E7FD1F4D
:108520002328879823200400054797E6FD1F238210
:10853000E6960547A304E400130700F9A305E40049
:1085400017E7FD1F1307C784544B184F17D5FD1F9E
:108550000345856574C438C87D57230BE40083C781
:10856000A704A30EE4062304A4062306F40AEF805E
:108570009FDBA30AA40089BFF84F00C317E7FD1FC4
:10858000232887922320040003C7E703050771BF50
:108590008347E501411122C406C69907A308F500E7
:1085A0007C4511472308E5002380E7007C4503470D
:1085B00015012A84A380E70083475503858B91E743
:1085C0000347450389476319F70078448347070049
:1085D00093E707042300F7006844930564031946F2
:1085E00009059780FD1FE780001E68440356E401DB
:1085F0004C5421059780FD1FE780E01C930730F95C
:10860000A305F400B24022444101828041114AC0D6
:1086100017E9FD1F130909848327490B06C622C4E5
:1086200026C299E3054505AAAA84EF90EF91832716
:10863000490B8297EF40C0562A846DD5DC50AC4878
:108640002324F50803C7B4009307A009631BF710A0
:1086500085472300F51483C734062303F514A303C9
:10866000F51483C7F50003C705010148A2074207B7
:10867000BA9703C7E5001546F905BA9703C735FF52
:10868000130584136207BA97232CF40883C755FF98
:1086900003C765FFA2074207BA9703C745FFBA970A
:1086A000232EF40883C775FFA30BF40283C795FF3D
:1086B00003C785FFA207D98F231CF40283C7B5FF28
:1086C00003C7A5FFA207D98F231DF40283C7D5FFD7
:1086D00003C7C5FFA207D98F231EF40283C7F5FF86
:1086E00003C7E5FF232E0413A207D98F231FF4022B
:1086F0008147232CF4129780FD1FE780C00CB848F7
:1087000083473702FD8BA30AF40203473702ED17B4
:1087100093F7F70F15832308E4022D476368F702E8
:108720008357A40305679306A7C7E917C207C18348
:1087300063EEF6008356C4039307301F63E8D70047
:108740008357E403130707C8637EF70203558400C9
:10875000EF4020650145B240224492440249410164
:1087600082808327890D13971701E35C07EEFC4491
:1087700003C7070083C70500F98F9583858B230006
:10878000F514C5B58327890B228582978327090EA7
:1087900003558400294693F7072091E30546930586
:1087A0000008EF5050418327890D13971701635933
:1087B000070003558400514693050008EF50B03F71
:1087C00083274905FC4B13974700E35D07E403C586
:1087D0008400A38B0400494693050008EF50B03D88
:1087E00091B5411122C406C626C24AC097D7FD1FC3
:1087F00083C757662A848DEB0347040185476318B6
:10880000F70E8347D40303475404858B631FF70C8B
:108810001946930564041305E4039780FD1FE78060
:108820008003B334A000A1A883475504DDC7834764
:10883000B5041307000493F7070C6390E70A08597F
:1088400031C513096404CA851305A5029790FD1F5D
:10885000E78020498547AA84631AF50208588947AA
:108860002302F404834735001946CA8593E727009D
:10887000A302F40451059780FD1FE780C0F4B240C5
:108880002244268502499244410182800347040123
:1088900085476304F70483470406918B9DEF834764
:1088A000C40385EF130544049790FD1FE780604FD4
:1088B00008D805C589472302F404834735001946C3
:1088C0009305640493E72700A302F40451059780FD
:1088D000FD1FE78040EF85445DB78347C403898B64
:1088E00081DF1C5883C7170081FB814449BF834740
:1088F0000406918B99F78347D40013F717000DC333
:10890000834634010D47639DE60068402C442244B1
:10891000B2409244024941011783FD1F6700633052
:10892000898BD5DB034734019547E316F7FAF1BF8E
:10893000411197D7FD1F238B075822C4930710F9C5
:1089400006C6A305F500938781B680430DC0854513
:1089500017D5FD1F0345F527EF805EF69307102717
:108960003305F50222832244B24041010283B24022
:108970002244410182808347A50199C70347A5008E
:108980006314F7006FF0DFFA0347950111CF8346B8
:10899000A5006382E6022305E500894517D5FD1F82
:1089A000034535236F80BEAEF1DF0347A50079FB99
:1089B0002305F500DDB7F9D7E5BF2C49314783C75B
:1089C000150093F7F7032309F5006386E700930783
:1089D00000083E85828083C705000D47BD8BA30933
:1089E000F500E396E7FE41114AC01309650322C46E
:1089F00019462A84A1054A8506C626C29780FD1F0E
:108A0000E78060E59147630F05222C48194613055E
:108A1000640483C7050089059987858BA302F40444
:108A20009780FD1FE78020DA2285EFF09FDBA147CA
:108A3000630A05201305200483044401EFA0FE8986
:108A4000620561859307000863CEA41E64449D47B8
:108A50002308F4002380F40085472381F400A381D8
:108A6000F400CA851946138544009780FD1FE780EE
:108A700080D583C7240003C734000149990793F7C1
:108A8000F70F136787002381F400A381E400784483
:108A9000BA970357C406A381E70083C7240078442C
:108AA000834614063E978357C4069206A183BD8B66
:108AB000D58F2302F70003C7240009071377F70FA8
:108AC0002381E4008356E401E1C283470406795917
:108AD00093F7070491C375593309E9401379F90FE6
:108AE0006374D90A83463406751989471379F90FD7
:108AF0006391F6168347B4066396071691679387CA
:108B00000729F9469387771BB3C7D70217D6FD1FEE
:108B10000346C63B1366060197D5FD1F2388C53A59
:108B2000138681AC104285650CC6B386D7028606D3
:108B300034D283C6340093E60601A381D400744482
:108B4000034624063697A301C70083C62400784451
:108B500036972302F70003C724007444A187BA960E
:108B6000034734061607D98FA382F60083C7240073
:108B70008D072381F4005C54CA973CDC8357E401E1
:108B8000B38727412319F4068347040693F70704A4
:108B900085C703C734007C4483C6240013670704D9
:108BA000A381E40003475401B697A381E70083C77C
:108BB000240085072381F40003C524000356E40143
:108BC0004C549307350068443E954DC26360C90A12
:108BD0009780FD1FE78020BF0349E40103C72400FD
:108BE0009377F70385073E99A30824012381E400C6
:108BF00083475403858B91E70347440389476319EF
:108C0000F70078448347070093E707042300F70041
:108C10007C4483451401A380B700930790F9A30512
:108C2000F400034534068347B4065D8DEF80CFFC26
:108C3000014681450D459780FD1FE780A040EF80EC
:108C4000BFB08147B2402244924402493E8541016F
:108C50008280054693078042E385C6EA856793874D
:108C6000878445B585679387E71B61BD4A869780F2
:108C7000FD1FE78040B59DB72C491307200283C72D
:108C8000150093F7F7032309F5006396E71A01111E
:108C900022CC06CE26CA4AC84EC683C70500154751
:108CA0002A84BD8BA309F500639CE7021946A10540
:108CB000130565039780FD1FE780E0B99147630ABC
:108CC00005142C4819461305640483C7050089055B
:108CD0009987858BA302F4049780FD1FE780A0AEDF
:108CE0002285EFF01FB0A1476305051283463406C5
:108CF00017D9FD1F130909F2054797D9FD1F83D91D
:108D0000E9F183270900637ED710829737460F0069
:108D1000AA841306062481461305007D3385A90223
:108D20008145EF60F074B307950033B5A7002E9529
:108D30003E878326490019E163E4D7003387D74093
:108D40006444A1472308F40058D02380F4008547E9
:108D50002381F400A381F40019469305640313856D
:108D600044009780FD1FE78000A683C72400990771
:108D70002381F40083C7340093E72700A381F40024
:108D80008347540481CB78448347070093E707F86F
:108D90002300F7001946930564041385A400978007
:108DA000FD1FE78040A283C72400990793F7F70FC0
:108DB00013F7F7030507A308E4002381F4008347B2
:108DC0005403858B91E70347440389476319F700F0
:108DD00078448347070093E707042300F7007C44A7
:108DE00083451401A380B7009307A0F9A305F400FD
:108DF000034534068347B4065D8DEF80EFDF0146FF
:108E000081450D459780FD1FE780C023EF80DF93EC
:108E10008147F2406244D2444249B2493E850561ED
:108E20008280829737460F00AA8413060624814663
:108E30001305803EE5B5930700083E858280411109
:108E40004AC0138981AC8327090022C41307000A92
:108E500006C626C22A84F8D30945EF805F9693861A
:108E6000C1AB9042B7050082FD155C56F19B93E7BC
:108E700017005CD6032709005C4393E717005CC327
:108E80008347840693F7F703139797015C56ED8F9A
:108E9000D98F5CD637170040930770052300F7047D
:108EA000930780FA2300F70403068406B54763D0CE
:108EB000C7168357270293E707012311F7029C4245
:108EC0003706330098431377F7E798C3984313772F
:108ED000F7E71367071098C3138701AD18431447CA
:108EE000D18E14C7832609001306A00DB0CA5457AB
:108EF000F59A54D7034724069376F70798431377D8
:108F000007F8558F98C337C7898E130767ED98C741
:108F100037575500644413075755D8C39D47230856
:108F2000F4002380F40085472381F400A147A38146
:108F3000F4007C440357C4062382E70083C724005F
:108F40007844834614063E978357C4069206A1834D
:108F5000BD8BD58F2302F70003C524009307E00FD4
:108F600009051375F50F2381A40003562407898F83
:108F700063CFC7047C442C5C0D053E959780FD1F94
:108F8000E780608403C72400834724079376F703B0
:108F90008507B697A308F4002381E40083475403B0
:108FA000858B91E70347440389476319F7007844A9
:108FB0008347070093E707042300F7007C44034737
:108FC0001401A380E700930780F9A305F400832729
:108FD000090078448145171500001305C539B8DB31
:108FE000EF805E9597D7FD1FA38507DA834534068A
:108FF0008347B406034614012244B2409244024916
:10900000DD8D014541011783FD1F6700A3038357D1
:109010002702C207C183BD9BC207C18379BD3971D5
:1090200052D4138A81AC83260A0022DC26DA06DEBB
:109030004AD84ED69307000AFCD29387C1AB9C4313
:10904000B70533002A84D857719B13671700D8D708
:1090500098431377F7E798C398431377F7E71367B5
:10906000071098C3138701AD184310474D8E10C7E2
:109070001306A00DB0CA5057759A50D7034725065E
:109080001376F7079843137707F8518F98C3DC429C
:109090000D4793E71700DCC264459D472308F500A0
:1090A00085462380F400A38104002381D4008347F4
:1090B000F5056385E70019476396E7528547A38165
:1090C000F400194693056403138544009770FD1F4F
:1090D000E780606F83C7240099072381F40003476A
:1090E000F40599476316F70483C734001385A40079
:1090F00093E72700A381F40083475403898B63859A
:10910000071E0C5883C725016380071E1946D10529
:109110009770FD1FE780206B78448347070093E733
:1091200007F82300F70083C7240099072381F40080
:1091300083C7340003C7240093E78700A381F400AA
:109140007C44BA970357C406A381E70083C7240071
:109150007844834614063E978357C4069206A1833B
:10916000BD8BD58F2302F70003C7240009071377AF
:10917000F70F2381E4008356C4016386061A8347F0
:109180000406795993F7070491C375597C4833094C
:10919000E9401379F90F918B81C739191379F90FC8
:1091A00081496374D90A834734067519894613794E
:1091B000F90F639DD7148347B4066392071691692C
:1091C00093890929F9479389791BB3C9F90297D67D
:1091D000FD1F83C6A6CF93E6060117D6FD1F230702
:1091E000D6CE83260A00056690C6B387F9028607A5
:1091F000BCD283C7340093E70701A381F4007C4409
:10920000834624063E97A301D70003C724007C446D
:1092100093D68940BA972382370183C724007844C4
:109220003E97834734069607D58FA302F70083C77E
:1092300024008D072381F4001C54CA973CDC83571B
:10924000C401B38727412319F4067C48914613F7DC
:10925000C700630BD700B1466316D72683461406B2
:109260000347F4076390E626A18BE1C79387019F2C
:109270009C4383298409829717D7FD1F1307879979
:1092800063E6A90AB7470F003385A94093870724EF
:10929000B335F5020356870081463305F502EF60CA
:1092A000301DAA89B7074B00138749ED9387B7C7CD
:1092B00063EAE7204946814568009770FD1FE78013
:1092C0000054B7C70300938737FC63CD3713BD093C
:1092D000F947B3C9F902B2477977F98FCE0993D923
:1092E0003901B3E93701B9A28347D40381CB78446C
:1092F0008347070093E707F82300F7001946930513
:10930000E4039770FD1FE780004C31BD854693094B
:109310008042E389D7EA85699389898465B585693F
:109320009389E91B45B58149014905B75C43BE995D
:1093300091BF83C7340083453406C18BA1CB7946E6
:109340000947B389C902835724076395E502034798
:10935000B40699078E0709CB9387770D13961700EC
:10936000B299938949293DBF9387A7049396370003
:10937000B699C5BF05476397E500BD07139727005A
:10938000BA99C5B7B9078E07BE99E1BF03C72400D4
:109390008357C401BA970947639EE5040347B4069F
:1093A000D9078E0721C79387770D860717D7FD1F2B
:1093B0000347D7B11367170097D6FD1FA388E6B000
:1093C00003270A00A1669389875214C793875754CD
:1093D000F946B3C7D702B387D70286077CD783473E
:1093E00014062300B408A30FF4066DBD9387A704E9
:1093F0008E076DBF05476395E500FD078A077DB7BA
:10940000F907FDB7B7872500138747ED6346370394
:109410001307C01293896909B3C9E902B247896683
:109420001387F6FFD58F33F7E900F979B3F93701E0
:10943000B3E9E9004EC619A863C037178357C100C6
:109440006977F98F1167D98F2316F1008357640864
:1094500068446C00139707018357C100D98F3EC63B
:109460008327040A0327C4083EC88327440A131627
:109470008700618393F6F70197D7FD1F83C7B79DD8
:109480009D8B9607D58FD18F3ECA83270409494605
:10949000A2075D8F835784083ACC231EF10083C74F
:1094A00024008D073E959770FD1FE780C03183C76C
:1094B000340093E70702A381F40083C72400C9079F
:1094C0002381F4008347040693F7070485C703C785
:1094D00034007C4483C6240013670704A381E4009E
:1094E00003475401B697A381E70083C7240085078B
:1094F0002381F4000356C40161E2014983C62400BC
:109500008347E40513F7F60305073A999A07D58FC1
:10951000A30824012381F40083475403858B91E73A
:109520000347440389476319F700784483470700DA
:1095300093E707042300F7007C44034714018145A7
:1095400017150000130525E3A380E700930760F9D2
:10955000A305F400784483270A00B8DBEF808EBDB2
:1095600097D7FD1FA387078297D7FD1F2384078204
:10957000834534068347B406034614010145DD8D57
:109580009780FD1FE78000ACF2506254D2544259DC
:10959000B259225A21618280B787DAFF938767091F
:1095A000BE998347D10093F7F7F993E70706A3061F
:1095B000F1009307C01231BB03C524000C5493077C
:1095C000350068443E956369C9009770FD1FE780C8
:1095D000801F0349C4011DB74A869770FD1FE780AD
:1095E000801E29BF1387E7FF1377D70F6311071E6C
:1095F000A381D40093056503194613854400977031
:10960000FD1FE780401C83C7240003C7340097D99F
:10961000FD1F93892984990793F7F70F1367870034
:109620002381F400A381E40078440149BA970357E9
:10963000C406A381E70083C7240078448346140648
:109640003E978357C4069206A183BD8BD58F230214
:10965000F70083C624009147890693F6F60F23810D
:10966000D4000347F4056310F70C834704067959C7
:1096700093F7070491C375598357C4013309D9403F
:109680001379F90F6371F90A03473406751989478D
:109690001379F90F6318F7108347B406639D071019
:1096A00091679387072979479387771BB3C7E702A9
:1096B00003C689071366060197D5FD1F2388C58059
:1096C00003260A0085650CC63387E702060738D2F1
:1096D00003C7340013670701A381E40078440346FD
:1096E0002406BA96A381C60083C624007844369720
:1096F0002302F70003C724007444A187BA960347E6
:1097000034061607D98FA382F60083C724008D077D
:109710002381F4001C54CA973CDC8357C401B387EF
:1097200027412319F4068347040693F7070485C7E6
:1097300083C7340003C7240093E70704A381F40020
:109740007C44BA9703475401A381E70083C72400F0
:1097500085072381F4000347F40591476317F70653
:109760000356C4013DC203C524000C5493073500C1
:1097700068443E956365C9049770FD1FE780A004A7
:109780000349C4010347F4059147631AF72883C7C7
:10979000890793F7070F93E7570017C7FD1F2307A4
:1097A000F772A9BB054693078042E30EC7EE8567B3
:1097B00093878784CDBD85679387E71BEDB54A8680
:1097C0009770FD1FE780200075BF014965BF93F7C3
:1097D000B70F0547E393E7D2A381F4009305650330
:1097E0001946138544009770FD1FE780C0FD83C7AD
:1097F000240099072381F40083C7340093E72700EE
:10980000A381F4008347D40381CB784483470700C6
:1098100093E707F82300F700834754031385A40058
:10982000898B6387071A0C5883C725016382071A3F
:109830001946D1059770FD1FE780E0F8784483470B
:10984000070093E707F82300F70083C7240003C746
:10985000340097C9FD1F9389E95F990793F7F70FC4
:10986000136787002381F400A381E4007844014951
:10987000BA970357C406A381E70083C7240078443E
:10988000834614063E978357C4069206A183BD8B78
:10989000D58F2302F70083C624008547890693F6F7
:1098A000F60F2381D4000347F4056310F70C8347B8
:1098B0000406795993F7070491C375598357C40176
:1098C0003309D9401379F90F6371F90A0347340654
:1098D000751989471379F90F631EF7108347B4068A
:1098E0006393071291679387072979479387771BBB
:1098F000B3C7E70203C689071366060197C5FD1FB4
:109900002386C55C03260A0085650CC63387E702FB
:10991000060738D203C7340013670701A381E400A8
:10992000784403462406BA96A381C60083C6240061
:10993000784436972302F70003C724007444A187B4
:10994000BA96034734061607D98FA382F60083C759
:1099500024008D072381F4001C54CA973CDC8357F4
:10996000C401B38727412319F4068347040693F7FC
:10997000070485C783C7340003C7240093E707049F
:10998000A381F4007C44BA9703475401A381E70004
:1099900083C7240085072381F4000347F405854726
:1099A000631DF7060356C4012DCA03C524000C54D9
:1099B0009307350068443E95636BC9049770FD1F9B
:1099C000E78060E00349C4010347F405854775BBA0
:1099D0008347D40381CB78448347070093E707F894
:1099E0002300F70019469305E4039770FD1FE780F5
:1099F00080DDA1BD054693078042E308C7EE856779
:109A000093878784DDB585679387E71BF9BD4A8611
:109A10009770FD1FE78020DB45BF014975B783C7FD
:109A2000890793F7070F93E7670085BB011156C2BB
:109A300097CAFD1F938A0A4283A74A0A06CE22CC00
:109A400026CA4AC84EC652C4639F07502A84094595
:109A5000EF70FFD6138981AC032609009307000A33
:109A60009389C1AB7CD283A70900B7053300568A1E
:109A7000D857719B13671700D8D798431377F7E728
:109A800098C398431377F7E71367071098C31387B2
:109A900001AD18431447CD8E14C79306A00D34CAE8
:109AA0005457F59A54D70347A4009376F707984381
:109AB000137707F8558F98C38347E4007844BD8B2C
:109AC0002308F4002300F7001D476444639CE73C2F
:109AD0008547A38104002381F4000347F4058D45E5
:109AE000631FB7288357C401639207187C48114746
:109AF000B18B638DE71631476398E700034714067F
:109B00008347F4076304F7168547A381F4001946D9
:109B100093056403138544009770FD1FE780A0CA76
:109B200083C72400990793F7F70F2381F4000347B5
:109B300004061377070415C303C73400136707042B
:109B4000A381E4007844BA9703475401A381E70056
:109B500083C7240085072381F40097C7FD1F23874F
:109B6000073683C624008347E40513F7F603050789
:109B70009A07D58FA308E4002381F400930740F9E6
:109B8000A305F40083475403858B91E703474403FF
:109B900089476319F70078448347070093E7070470
:109BA0002300F7007C4403471401B7060082FD162A
:109BB000A380E700032709005C4393E717005CC319
:109BC0008347840603A6090093F7F70313979701C9
:109BD0005C56F58FD98F5CD6371700409307700518
:109BE0002300F704930780FA2300F7048306840612
:109BF000B54763D2D7368357270293E7070123116E
:109C0000F70203A70900B7C7898E938767ED1CC7C2
:109C1000B7575500938757555CC38347A4068344C1
:109C200044068145170500001305E574DD8C89475E
:109C300017C7FD1FA301F71697C7FD1FA38B0714B6
:109C4000832709007844B8DBEF70DECE03461401A9
:109C50006244F2404249B249224A924AA685D2441D
:109C6000014505611773FD1F6700C33DA147A3812F
:109C7000F4008357C4062382F4008357C4060347C5
:109C800014067444A1831207BD8BD98FA382F600FA
:109C900083C624000547890693F6F60F2381D40076
:109CA00083478A07032609006313F7060347440620
:109CB00089476316F71E0347A406938766008E073D
:109CC000630B071C9387770D8607231AF4068357C7
:109CD000440703478401F9459387070AB387E702DE
:109CE000094517C8FD1F2303A81E056508C69387ED
:109CF00007FBC207C18393877716B3C7B7021397D1
:109D00000701B387B702418386073CD21DA03852B2
:109D1000F94705833357F7023C526C528583FD8B1C
:109D2000AE977CD28D4717C6FD1F2301F61A420756
:109D3000418383C7340093E70701A381F4007C4487
:109D4000BE968347240693E70704A381F60083C6E3
:109D500024007C44B6972382E70083C624007C4419
:109D600021837D8BB697834634069606558FA38252
:109D7000E70083C724008D072381F400DDB39946F3
:109D80006319D70A0357C4014DE7A381F400138573
:109D900044001946930564039770FD1FE780A0A255
:109DA00083C724001385A40099072381F40083C787
:109DB000340093E72700A381F40083475403898B81
:109DC000B9C70C5883C72501B9C31946D105977087
:109DD000FD1FE780409F78448347070093E707F81B
:109DE0002300F70083C72400990793F7F70F238117
:109DF000F4000347040613770704E30007D683C67D
:109E00003400784493E60604A381D4002DBB834735
:109E1000D40381CB78448347070093E707F82300F6
:109E2000F70019469305E4039770FD1FE780A0999A
:109E300055BFA147A381F4008357C4062382F400D1
:109E40008357C406034714067444A1831207BD8BCD
:109E5000D98FA382F60083C624000547890693F6AE
:109E6000F60F2381D40083C78A0703260900E30F76
:109E7000F7E23852F94705833357F7023C526852EC
:109E80008583FD8BAA977CD297C7FD1F2380B704DB
:109E90004207418379BD9387A7048E073DB5938719
:109EA000E600E5BF0547639CE708B147A308F40057
:109EB00083475403898BADC30C5883C72501A9CFB1
:109EC0001946D105138584009770FD1FE780A08F88
:109ED00078448347070093E707F82300F7006844B6
:109EE00019469305640309059770FD1FE780A08D4F
:109EF00083278A0D13971701635D07008347E400EA
:109F0000B98B81EB78448347070093E7070223006E
:109F1000F700930720F9ADB18347D40399C783C7EE
:109F2000040093E707F82380F4006844194693057A
:109F3000E40321059770FD1FE780E0884DB70356C5
:109F4000C4010C54138584009307660093F7F7034C
:109F5000A308F400C5B783572702C207C183BD9B7E
:109F6000C207C18369B9F2406244D2444249B2494E
:109F7000224A924A05618280411197C7FD1F93874B
:109F800067ED22C4A05306C605478346C40063900C
:109F9000E60283C7870711476315F7002285EFE0C4
:109FA0003F9922852244B24041016FF03FA8B24060
:109FB00022444101828097C7FD1F9387A7E9BC4FC8
:109FC00099E33E85828003C78700E30CA7FE9C438C
:109FD000C5BF011106CE22CC26CA4AC84EC6EFF034
:109FE0009FFD11E98144F240624426854249D244F2
:109FF000B24905618280834755032A8489EF194657
:10A0000097C5FD1F938585F3130564039760FD1FB6
:10A01000E780607BB5A80547639EE70097C7FD1FF3
:10A0200083C767E3C944E1D3194697C5FD1F9385EC
:10A0300045F1D9BF1C59A1EB8347C503230A05028B
:10A0400091EB034754038547230AF4028947E3173A
:10A05000F7FC75B71305C5039780FD1FE78020CF78
:10A0600008D815C1EF4020420C5883C7A50081CF06
:10A070008947230AF4021946B10513056403976062
:10A08000FD1FE7804074034744038947E31BF7FA49
:10A0900097C7FD1F83C717DC9DCB8347C40385CBC0
:10A0A00083473404130700041305C40393F7070C14
:10A0B0006397E7109780FD1FE780A0CE08D81C5853
:10A0C00099C783C7270181C78947230EF4028344B8
:10A0D000C40089F885470349E4002306F400A3047B
:10A0E000F40017C7FD1F034777AC97C7FD1F2383F5
:10A0F00007D693170701231BE4069376F900194747
:10A10000C183637AD706834644060947938947008B
:10A110006394E6009389C7038356C40183453406DC
:10A1200017C7FD1F034767C71305A00F9307E70B6A
:10A13000231B3407138726000946B3D6A6020E0751
:10A1400017C5FD1F035585AD6390C5081307A70408
:10A150000E073E979397A600BA9737460F0013064F
:10A1600006248146B3A5A7023305F502EF5050300F
:10A170004E95231BA4068357E40623180406B1CB8F
:10A18000034564019307F00F6307F500EF708EED50
:10A19000FD57230BF4000356E406930664011206F0
:10A1A000A2851715000013050597EF700ED8854599
:10A1B00017C5FD1F0345F5A1EF706EAD2DB5978056
:10A1C000FD1FE780C0B8DDBD6D073E9793979600F1
:10A1D00061B78547E31DF9FC034564019307F00F60
:10A1E0006307F500EF700EE8FD57230BF4000566DA
:10A1F000930664011306068065B7411106C622C4A2
:10A200002A84EF706FD4228523060400A30504007E
:10A21000A3040400EFE0CFF1854517C5FD1F0345FA
:10A22000559BEF708EDF894517C5FD1F0345759A55
:10A23000EF70AEDE034564019307F00F6307F5008E
:10A24000EF704EE2FD57230BF400B240224441016F
:10A2500082802C49411106C622C426C24AC083C747
:10A2600015007D4793F7F7032309F500E91793F7E6
:10A27000F70F637BF70093040008B2402244268561
:10A28000024992444101828083C70500BD8BA30926
:10A29000F500F51793F7D70FF9FF2A841946A105A2
:10A2A000130565039760FD1FE780E05A914471D55F
:10A2B0002C4885472302F40483C705001946890505
:10A2C0009987858BA302F404130564049760FD1F2E
:10A2D000E780604F2285EFE0CFD085472A89E31CD5
:10A2E000F5F8034734019547631EF702EF00906BC2
:10A2F00097C7FD1F83C7778B8D8B6375F5028347E7
:10A300000401E36AF9F69387019F9C438144829795
:10A3100048D02285EFE08FAFE31125F72285EFF0DB
:10A32000DFEDA1BF8347040181C71947E395E7F437
:10A330001305200483044401EF803EFA6205618521
:10A34000E3CBA4F22285EFE0AFA48347A406034544
:10A3500044068345140181445D8DEF70EF89014609
:10A3600081450D459770FD1FE780C0CDEF70CFBDD3
:10A3700029B7397126DA97C4FD1F9384A4AD22DC76
:10A38000A0504AD84ED652D456D25AD05ECE62CCC5
:10A3900066CA06DE314B977A0000938A2AD4914B25
:10A3A00017C9FD1F1309C99E938981AC0D4C97BC39
:10A3B000FD1F938C2C7E130A44018347B4009387BE
:10A3C000E70693F7F70F6367FB188A07D6979C4356
:10A3D000D69782870146930550020145EF70AF96EC
:10A3E00013065002814505459770FD1FE78080C523
:10A3F00083473900858BD1C32848814652868145E1
:10A4000097C7FD1FA38707989770FD1FE780A0B926
:10A4100001E52285EFF0FFE30347B400930730091D
:10A42000E30DF7F8EF704FB22285EFE0CFD4F25092
:10A430006254D2544259B259225A925A025BF24B98
:10A44000624CD24C2161828083472900858B95C361
:10A4500097C7FD1F238F0792834704010547637544
:10A46000F7001947E390E7FC9307B0F9A305F40060
:10A47000A9B783A70900FC53A9F397C7FD1F238B36
:10A4800007904DB783472900858B6387073C97C7A3
:10A49000FD1F238007909384C1ADEF70EFAA9C400D
:10A4A0009DCBDC438DCB89472302F10083475404C5
:10A4B000130561001946A302F10083474401930587
:10A4C00064042306F1009760FD1FE780C02F9C40C5
:10A4D0004800DC4382978347740689CF8345540440
:10A4E0000345840013066404EFA03FB1834774065C
:10A4F000898B9DFB2285EFE0AFC315BF8347B40670
:10A50000034534060146930550025D8DEF70AF831D
:10A510000146814505459770FD1FE780A0B283473E
:10A520003900858B638F07322848814652868145E2
:10A5300097C7FD1FA38F07849770FD1FE780A0A614
:10A5400001E52285EFE04FF30347B4009307A0092C
:10A55000E305F7E6EF704F9F71BF8347B4060345ED
:10A5600034060146930550025D8DEF60DFFD014624
:10A57000814505459770FD1FE780C0AC83473900D2
:10A58000858B6380072E284881465286814597C770
:10A59000FD1FA38007809770FD1FE780C0A001E525
:10A5A0002285EFE08FC10347B400930790094DB7B0
:10A5B00083472900858B6381072A97B7FD1F238A6C
:10A5C000077CEF706F9883C7840709476307F7001C
:10A5D00083C784070D476315F70283A60900035755
:10A5E0004407BC521307C712858363FBE700930738
:10A5F00050F9A305F400BC528583E39007DCDDBD70
:10A60000034794018347A4011DCF8346A40063023E
:10A61000D7286387F6002305E4002285EFF00FC1F9
:10A620008347790093F7F70FE39907D883C7840727
:10A6300009476307F70083C784070D47E31CF7EA60
:10A64000930750F925B5E9DF0347A40071FB230503
:10A65000F400E1B783C78407E39EFBFE2285EFE0A9
:10A660001F9CA1BB83472900858B6387071E97B773
:10A67000FD1F2380077283C78407C18B85C7EF70D6
:10A68000AF8C83C7840793F70702E5DF83C784078E
:10A69000228593F7F70C17C7FD1F2309F782EFE018
:10A6A0000FFA21BB83C79407858B91C7EF70CF89C1
:10A6B0009307E0F965BB83C784071547BD8B639C8F
:10A6C000E700EF00302E83C77C018D8BE374F5E843
:10A6D0009307D0F961BB83C784071947BD8BE39B00
:10A6E000E7E69307C0F959B383472900858BE386D2
:10A6F00007CC97B7FD1F238E076883C78407C18BDC
:10A7000089CBEF706F8483C7840793F70702E5DF77
:10A71000B5BF83C79407858BD1FB83C784071547D3
:10A72000BD8BE387E7FA83C784071947BD8BE38AAC
:10A73000E7FAEF706F81E5B9FC58230E8407228594
:10A7400082970347B40093077009E308F7C6C5B1C1
:10A7500083473900858B95C7EF601FFF9387C1AB97
:10A7600098437C53ED9B7CD397B7FD1F23870762EB
:10A770003717004083578701C607C583231CF7009E
:10A7800095BB83A70900FC53E39907C2EF60DFFB89
:10A790009387C1AB98437C53ED9B7CD397B7FD1F48
:10A7A000238D075E3717004083578701C607C5838F
:10A7B000231CF70097B7FD1F238E075C25BB83473B
:10A7C0002900858BD1CB97B7FD1F2384075C83C7F6
:10A7D0008407C18B9DC383C7840793F70702E5DF16
:10A7E0002285EFE0CFE583C7840793F7F70C17B70F
:10A7F000FD1F230DF76CEF603FF52285EFE04F93CF
:10A800009384C1AD9C409DCBDC438DCB8947230213
:10A81000F10083475404130561001946A302F100B7
:10A8200083474401930564042306F1009760FD1FEC
:10A83000E78060F99C404800DC43829783477406B8
:10A84000858BE38607BE83455404034584001306C5
:10A850006404EFA08FFAE1BE83A70900FC53E39ED6
:10A8600007B497B7FD1F23870752EDB197B7FD1FB8
:10A8700083C72752858BF5D797B7FD1F238B0750CA
:10A88000EF609FEC2285EFD07FD82285EFF0FF9616
:10A8900079BEE38707D865BB411197B7FD1F938742
:10A8A000675B22C4E04B06C626C2630804248346C5
:10A8B000C40005476393E62497B6FD1F83C6B64DD3
:10A8C0001547638BE60017B7FD1F1307674C034757
:10A8D00077008D46639DE6002244B240924417B54E
:10A8E000FD1F0345152F854541016F605EBA83C783
:10A8F00007008356040217B7FD1F232D875A8507CB
:10A9000093F7F70F17B7FD1F2306F75413070064DB
:10A910003347D70263C8E700EF70EEC597B7FD1F56
:10A92000238A07520347E4009D476317F7048347D0
:10A93000940685CF8356040763E6F60283458400B8
:10A9400093073004A30BF4001305300493F6F60FBD
:10A950000146EFA04FEA22852244B24092444101D1
:10A960006FF0BF8985062318D4069305300205458C
:10A97000EF70EEB92301A406854717B7FD1F230723
:10A98000F754034784018D476319F70AEF60BE9DB2
:10A990000D8901ED930770022305F400930750021F
:10A9A000A30CF4009307600231A885476310F508F3
:10A9B000930760022305F40093075002A30CF400F0
:10A9C00093077002230DF4000347E400854797B412
:10A9D000FD1F83C414206318F70E03560402854537
:10A9E0002685EF601EC283475403898BEDC78347DA
:10A9F000C403F5C30C58E5C183C7A500E9CF894757
:10AA0000230AF4021946B105130564039760FD1F7C
:10AA1000E78060DB0347C407894763E2E70C2285D0
:10AA20002244B240924441016FF04F80930750029C
:10AA30002305F40093077002A5B789468347F40005
:10AA40006319D70213F7170011CF1307500223051C
:10AA5000E400898B81CF93076002A30CF400230DDF
:10AA600004009DB7930760022305F400930770026A
:10AA7000EDB79DC313F7170001CB930750022305D1
:10AA8000F400A30C0400E1BF898B81C79307600227
:10AA9000FDB793077002E5B783479401130740029F
:10AAA0006365F7009307500201A8850793F7F70F36
:10AAB00013077002E368F7FEA30CF40083479401C8
:10AAC0002305F40069BFB9450545EF704EA4035650
:10AAD00004022A9629B78547230AF40225BF9387E3
:10AAE000019F9C4383248409829763EDA4008357CC
:10AAF00064073385A440E374F5F2B24022449244E3
:10AB00004101828097B7FD1F9387C710DC43BE9435
:10AB1000F9BF011122CCFD5706CE230BF500835758
:10AB2000E5062A849DC7834605078345850093076C
:10AB3000C003A30BF50001461305C003EFA0AFCB84
:10AB40000945EF60DFC722856244F24005616FF07E
:10AB5000CFEA8347E5000547BD8B6386E70083475F
:10AB60000506918BF1DF97B7FD1F9387A72E83A76B
:10AB7000070E93F7072085C302C402C202C08148B2
:10AB80000148814701478146054681451305C003B9
:10AB9000EFA00FC475B702C0814801488147014743
:10ABA0008146054681451305C003EFA04FC049BF4C
:10ABB00023A4A1B68280411106C697B7FD1F83C7A3
:10ABC000570189EB17D5FFFF13050558EF60DEE845
:10ABD000EFD04FE997E7FFFF9387678D17B7FD1F0A
:10ABE000232CF72C97F7FFFF9387E73E17B7FD1F3E
:10ABF0002326F72CB24097070000938727CA17B780
:10AC0000FD1F232FF72A97F7FFFF9387273717B7E3
:10AC1000FD1F2329F72A4101828011C98327050AD4
:10AC200093E707082320F50AFD572303F5028280E6
:10AC300023A8A1B6828097B7FD1F9387A721BC4B9D
:10AC40009C5799E33E85828003D78701E30CA7FEDA
:10AC500093878705FDB7011122CC06CE2A840345D0
:10AC600065029307F00F2E866309F5002EC6EF608C
:10AC70007EBF3246FD572303F4028347A4020357E5
:10AC800084049306640293E707062305F4028357BE
:10AC90000404A285F240BA972313F4046244170512
:10ACA00000001305C5F705616F603EA8011122CCB5
:10ACB00006CE2A84034575029307F00F2E8663099A
:10ACC000F5002EC6EF601EBA3246FD57A303F4020C
:10ACD00093067402A2856244F24017150000130522
:10ACE000A5EB05616F607EA4011122CC06CE2A84FB
:10ACF000034585029307F00F2E866309F5002EC6E3
:10AD0000EF605EB63246FD572304F40293068402D8
:10AD1000A2856244F24017150000130585EA05611B
:10AD20006F60BEA003467514ED4797B5FD1F83D530
:10AD3000851497B6FD1F83D6C61417B7FD1F03579A
:10AD400067142310F51C231EF51A231CB51A231AA9
:10AD5000D51A231BE51A8947630BF606930780145F
:10AD6000834865142311F51C094817B6FD1F130607
:10AD7000660E6392080703568602231DC51A0566F0
:10AD8000130606A9231FC51A6D482E866373B800E3
:10AD90006D46931506012314C51C6D48C181368686
:10ADA0006373D8006D462312C51C8356E51B0356FA
:10ADB000A51B6373D600B2862315D51CBA8663F330
:10ADC000E700BE862313D51C2307B5048280856760
:10ADD000938707A971B703566602231DC51A130688
:10ADE00080144DB70347651489468357A51C631E1D
:10ADF000D70283568514938787E899C6B3C7E702BD
:10AE0000938757FD214731A02147B3C7E7029387B6
:10AE100057FDB3C7E7020357851CC207C18363F31D
:10AE2000E7003E872307E504828085466316D70046
:10AE30009387C7FB1147F1BF938707FBE1B78357A0
:10AE4000451B0357051C411106C663F3E7003E8707
:10AE5000931807018357251C0357651B93D80801D6
:10AE60006373F700BA87139807018356C51B83578E
:10AE7000851B1358080163F3D700BE860357A51B33
:10AE80008357E51B13930601135303016373F70004
:10AE9000BA8783467514C2070947C183639AE600DF
:10AEA0000566130606A942876370C802328729A87F
:10AEB000032705109316470163CC060005661306A9
:10AEC00086844287E36406FF1318070113580801BC
:10AED000834665140947639EE6060357A503930658
:10AEE000204E3307D70293F6F80F9A061386F63CE6
:10AEF0009386C64F634406019306C812158F63D329
:10AF0000E7003E87420705664183130606A9BA8714
:10AF10006373C700B287C207C1830356451C13F78A
:10AF2000F80F9376F30F6316E6040356651C63125D
:10AF300006050356851C631ED6020356A51C631A1C
:10AF4000F602230E0506EFF0FFE90945B240410184
:10AF500082800327051093164701E3C006FC0566AF
:10AF600013068684BE856373F600B2859397050148
:10AF700065B70546230EC5062312E51C2313051DE0
:10AF80002314D51C2315F51CEFF0DFE501457DBF2B
:10AF90000357A51B8357E51B411106C66373F700D2
:10AFA000BA87034665141397070189464183631BDB
:10AFB000D6068566938606A96373D700B68713976E
:10AFC000070141838357A51C6387E7008547231545
:10AFD000E51C230EF5060357651B8357251C637379
:10AFE000F700BA8703467514139707018946418312
:10AFF0006317D6048566938606A96373D700B68760
:10B000001397070141838357651C6387E7008547D2
:10B010002313E51C230EF506EFF0DFDCB2400145FB
:10B0200041018280856713868784E37DE6F8832665
:10B03000051093870780F58FD1F7328761B7856751
:10B0400013868784E371E6FC8326051093870780C7
:10B05000F58FD5FB328745BF0357A50495470356A7
:10B06000E503B307F7028356A50393D5374063552D
:10B07000B600118F93173700B3C7D702C207C18339
:10B080002314F5048280832745110D469306F00FA3
:10B0900003C707000D8BA306E5006314C70083C632
:10B0A0002700A30BD50003C70700418B2309E50048
:10B0B00083C71700230BF50082808347C500CD9B13
:10B0C0002306F5008280832745110347C50083C707
:10B0D0000700935637408987B58F858B99C71347EB
:10B0E00087002306E500014582800545828083278D
:10B0F00045110347C50083C70700935627408D8736
:10B10000B58F858B99E7134747002306E500014576
:10B110008280054582808327450E85072322F50E10
:10B1200091E78327850E85072324F50E8327850E57
:10B1300093F7070891C785472322F50E2324050EB0
:10B140008347A50293F7070491CF8357050403575C
:10B150008504BA972313F5048327450A93F7F7BFAD
:10B160002322F50A82808327C50E85072326F50E44
:10B1700091E78327050F85072328F50E8327050F01
:10B1800093F7070891C785472326F50E2328050E58
:10B190008347A50213F7070409C793E707022305AE
:10B1A000F502828097B7FD1F9387C7CA83A78709D7
:10B1B0000145054791E3828083C6B7006393E600AB
:10B1C00005059C43C5BF411122C491452A84014510
:10B1D00006C6EF60DEB3231BA40417B7FD1F035799
:10B1E00067D2854763F1E7060355A41C8357641CA7
:10B1F00037460F0013060624AA979387172717B51B
:10B20000FD1F0355A5A1B3A5A70281463305F5028D
:10B21000EF401026835704040357E4058355840543
:10B2200005461D8F3307B702832704091383F5FFF3
:10B23000130E80023E9797B7FD1F9387A7C183A87F
:10B24000870963666600B240224441018280330868
:10B25000C603C687FD563A9881E7231BC404E5B7A9
:10B260006314F4001C40F5DB83AEC7086398BE008E
:10B2700083A60709B306D840B3F6B60263E4A60076
:10B280009C43D9BF090675BF17B7FD1F035787C772
:10B29000854763F1E70A411122C48357651C2A845C
:10B2A0000355A51C37460F0013060624AA9793875B
:10B2B000172717B5FD1F03556596B3A5A70281464D
:10B2C00006C63305F502EF40B01A0346540597B79A
:10B2D000FD1F938727B883A887097D16854613032A
:10B2E000800263E6C600B240224441018280338777
:10B2F000660283270409FD553E97C68781E7231B15
:10B30000D404D5B76314F4001C40F5DB03AEC708C2
:10B310000328C408631A0E0103A80709B305E8400F
:10B3200063640701B305074163E4A5009C43F9B7D3
:10B33000850645BF828017B7FD1F0357A7BC854709
:10B3400063F5E70E411197B7FD1F9387A7B022C49D
:10B3500003A4870906C626C2A28789EB09EC230E3F
:10B360000500B240224492444101828003C7D701C4
:10B370006DFB9C43DDB76314A40000406DD0834790
:10B38000B400D5E30327C4088327C508630DF70875
:10B390000347C50193070008AA84631DF704835778
:10B3A000A403194693050008231AF506231BF50686
:10B3B0008357C403231DF5048357E403231EF504B8
:10B3C00003558500EF20307F8547A38EF40083C7A7
:10B3D000C40193F7F707238EF40013058406224473
:10B3E000B240924431469305F00F41011753FD1FBF
:10B3F0006700E3408357A503194693050008231A05
:10B40000F406231BF4068357C503231DF404835756
:10B41000E50303558400231EF404EF20D079894707
:10B42000A30EF4005DBF004015BF230E050082800F
:10B43000411126C206C622C417B7FD1F035787ACA9
:10B440008547AA8463F8E71A83278510898B63836D
:10B45000071A97B7FD1F9387E79F83A78709BE85C4
:10B46000ADED03D6841C01447D58130626020586E3
:10B470002D067D55A5EB630E04108347B4000357DA
:10B48000A403D5EB8947231CE404A30AF40403575F
:10B490000406835704042285BA97C1071D8B998F30
:10B4A000231FF4048357C403231DF4048357E403C8
:10B4B000231EF404EFF03FD18327440A93E71700DB
:10B4C0002322F40A8547230AF4008D47A30EF400D3
:10B4D000B240224492444101828003C7D5016DFBF2
:10B4E0008C41BDBF98436394970051D7BA8783A618
:10B4F000070903A7040963E2E6023387E64083A64F
:10B50000C40863F4E6003377D7026376A7003A8570
:10B510006373C700BE859C43B1BF158F83A6C70860
:10B5200063F4E6003377D702E37707FF3A88E374E2
:10B53000C7FE3E84CDB783D7A403B3F7E702C9FBA8
:10B540009D46994763F5E600935717008D070567F9
:10B55000231AF406130707C88A076353F700BA874C
:10B56000231BF4068357C4030355840013065002BB
:10B57000231DF4048357E40393050008231EF404F9
:10B58000C947A30EF4002244B240924441016F2007
:10B590009062ADC103D7A40383D7A503B3F7E70235
:10B5A000B1EB8387C40163D707049D46994763F5D0
:10B5B000E600935717008D070567239AF4061307D3
:10B5C00007C88A076353F700BA87239BF40683D71B
:10B5D000C40303D5840013065002239DF40483D7CB
:10B5E000E40393050008239EF404CD47A38EF400E2
:10B5F000EF20705C238E0400E1BD97A7FD1F83C779
:10B600002762AA85A5E723AA01B697B7FD1F23A342
:10B61000078E8357650817A6FD1F0356266003276C
:10B620000509B387C70237460F009306F6231306B2
:10B630000624B697B3D7C70217A6FD1F03461657B1
:10B640003E96636EC7003306C74003A7C5089386BE
:10B650009502171500001305E53D6F50BED597A75D
:10B66000FD1F9387275BDC433E97F1BF8280938762
:10B6700001B79843011126CA06CE22CC4AC84EC64D
:10B68000AA8451C7BE8917B7FD1F0357A7878547EF
:10B69000631FF70603D4640897A7FD1F83D70758D5
:10B6A000032505093304F402B7470F001387F72376
:10B6B0009387072417A9FD1F1309C9553A943354DA
:10B6C000F402636F85069387019F9C433304854092
:10B6D0008297636BA406B307A44017A4FD1F03441D
:10B6E000F44C058083A9090001456371F4023745D4
:10B6F0000F003384874013050524B335A402035695
:10B70000890081463305A402EF4080568299930751
:10B7100000FB2387F40097A7FD1F83C7675095EFB1
:10B7200083C7940262448545F240D2444249B249FB
:10B73000B395F500C205C181014505616F503ED545
:10B74000832749003E9541B7330785408147E3563B
:10B7500007F8832749003E94BDBFF2406244D244BB
:10B760004249B24905618280411106C6EF1040434B
:10B7700019C983278511014581E7B24041018280C3
:10B780009C430505D5BF7D55CDBF97A7FD1F93876A
:10B79000676C83A7470A411122C426C206C62A84C1
:10B7A000AE846396A70097A7FD1F23A7077483277E
:10B7B000041281CB03558400014693050008EF2055
:10B7C000903F8357440481CB035584004D46930535
:10B7D0001008EF20503E03558400154693051008CD
:10B7E000EF20703DB240230A94042305040023088F
:10B7F0000400224492440145410182808347A50010
:10B800006388073883570508411122C406C626C23B
:10B8100085072310F5088347F500230C05002A84CB
:10B8200013F7270005E703570504954763E4E7008E
:10B83000014501A89305E003EFF03FF5A305A4023D
:10B840000945B240224492444101828013F7070225
:10B8500039CF93F7F7FDA307F5008327050A0347C0
:10B86000B500A305050293E747002320F50A8547A5
:10B87000631FF7028357A5031306204E03274509CC
:10B88000B387C70297A6FD1F83C646329386060577
:10B89000B3D7E702034775033307C702B697C2075A
:10B8A000C1832312F5088607BA972311F508834749
:10B8B0001401858BF5CB8357E40503570404639C7F
:10B8C000E7288357C4038355C40503458402231026
:10B8D000F40683475405231FB4029205A30BF40218
:10B8E00083576405F915231CF4028357A405231E0E
:10B8F000F402EF505EBF8346B40023100408835760
:10B90000840317A7FD1F035767316395061EB3878E
:10B91000E7021307003217A6FD1F1306A62F504299
:10B9200093870719B3D7E70203270409D1073E9786
:10B93000BA866364F7006364C700B306C7408357E1
:10B9400084052328D408231DF4028347D40181C72A
:10B950002285EFF07F938357A40317A7FD1F03579A
:10B96000E72B93060032B387E7022311040233D694
:10B97000D702B3F7D7029306204E2326C408B38715
:10B98000D702B3C7E7022310F4028357040423123B
:10B99000F4028347F40093E70702A307F400834708
:10B9A0001401F99BA308F40083471401898BB9C7DC
:10B9B0000357E41283570404B306F74013960601B5
:10B9C0006340061A631CF7028147014893048413FD
:10B9D000232CF412232E0413154693058412268576
:10B9E0009750FD1FE78020DE2685EF10E06B834730
:10B9F0001401A306A412F59BA308F40083471401C5
:10BA000013F7070125CB8356C41403570404338668
:10BA1000E6409315060163C50514639DE604BD9BCE
:10BA2000A308F4008347A41481CB13F72700630312
:10BA3000071485472303F4148347B41481CB13F709
:10BA40002700630007148547A303F4142285EFF051
:10BA50002FD48347C40799C78327040A93E70710A5
:10BA60002320F40A8327040AA305040293E707208E
:10BA70002320F40A8347140113F7070221C317A7F1
:10BA8000FD1F1307273D384B1306800583464700EB
:10BA90001857B386C60236978356C7010357040466
:10BAA0003387E64013160701634A06000357C414A0
:10BAB0006316D70093F7F7FDA308F4008347A402A9
:10BAC00093F70704E38607D60357640483570404F7
:10BAD000E310F7D6034704019307A0046315F700AA
:10BAE00085472308F4008327440A93E7074023226D
:10BAF000F40A3DBB8346441783558405A18A99CE39
:10BB000003560404835664170355A403918EB38629
:10BB1000A602B3C6B602B296231BD41695CBB307C2
:10BB2000F7021307003217A6FD1F1306A60E504298
:10BB300093870719B3D7E702032704093E97BA860C
:10BB40006364F7006364C700B306C7402328D408C2
:10BB5000231DB40209B5998F13970701E35607E433
:10BB6000930580022285EFF05FC2A305A4021305AE
:10BB70008002C1B9918B99C389476DBD2303041419
:10BB800065BD918B99C38947C1B5A30304147DBDDD
:10BB90000545828005C541119305200222C406C6D1
:10BBA0002A84EFF09FBEFD57A305A40223080400DA
:10BBB000A303F402B24022444101828082800DC975
:10BBC000411122C406C68347F5002A849305E00389
:10BBD000898B91C3A145EFF05FBBFD57A305A4027C
:10BBE000230804002304F402B2402244410182806D
:10BBF00082808327050A797122D406D626D24AD0BC
:10BC00004ECE52CC56CA2A846387073613F72700D4
:10BC100019CBF59B2320F50A03558500194693059A
:10BC20000008EF2040798327040A13F747004DC32B
:10BC3000ED9B2320F40A8347A40293F7070491CBDA
:10BC40008327440A228593E707402322F40AEFF072
:10BC5000AFC00347B400854703464401835624061A
:10BC6000631AF76C8357A4031307204EB387E702C8
:10BC700003274409B3D7E70217A7FD1F034707F3BC
:10BC800013070705BA97C207C1830347B4022312FB
:10BC9000F40886072311F4089307000819C39307D3
:10BCA0000004230EF40019E68347A40293E717006B
:10BCB0002305F40281EA035584000D46930500082C
:10BCC000EF20606F23110406230A0400A30E040072
:10BCD0008327040A13F787000DC303558400DD9BF7
:10BCE0002320F40A154693050008EF20C06C834713
:10BCF000A40293E747002305F4028327040A13F7FD
:10BD0000070139C7BD9B2320F40A8347D404035598
:10BD10008400214689C7A306040413060003930583
:10BD20001008EF2040698347C40489CF832784101B
:10BD3000C18B89CB8355A40422859205C205C1819C
:10BD4000EFE07FF18347A40293E717002305F40295
:10BD50008327040A13F7070415CB0347F40493F76A
:10BD6000F7FB2320F40AA14763FBE7008347B400F5
:10BD700099E78327440A93E707012322F40A03552E
:10BD80008400314693051008EF20E0628327040AFF
:10BD900013F7070245CB8346B40093F7F7FD232042
:10BDA000F40A0327C4108327841099EA137707083D
:10BDB00001CB0327440A37064000518F2322E40AAF
:10BDC00093F707026383075AADE28357641B035757
:10BDD000641C6304F7028346741409476391E658B0
:10BDE0000567130707A9637AF7008327440A0567E5
:10BDF00013070780D98F2322F40A8357A41B035704
:10BE0000A41C6304F702834664140947639CE65448
:10BE10000567130707A9637AF7008327440A0567B4
:10BE200013070780D98F2322F40A03558400114693
:10BE300093050008EF2020588347A40293E71700DA
:10BE40002305F4028327040A13F7071005C70355D7
:10BE5000840093F7F7EF2320F40A230E04061D460F
:10BE600093050008EF2020558347A40293E71700AD
:10BE70002305F4028327040A13F7070809CF0355A3
:10BE8000840093F7F7F72320F40A1306700593054F
:10BE90001008EF2040528327040A13F7072031C30C
:10BEA00093F7F7DF2320F40A83476414230F040079
:10BEB000A29703856716A301A414EF508FCD230129
:10BEC000A4142285EFE01FF2035584003146930548
:10BED0000008EF20404E8347A40293E71700230594
:10BEE000F4028327040A1397270163570700797721
:10BEF0007D17F98F2320F40A8327040A139707017B
:10BF0000635A07048345040317A5FD1F0345B5F4D1
:10BF1000EF509ED78357A4031307204E232AA4086B
:10BF2000B387E70261777D17B3D7A70217A5FD1F77
:10BF30000345C5C713050505AA972312F4088347CF
:10BF4000A40293E717002305F4028327040AF98F5C
:10BF50002320F40A8327040A858B91CF8347A40208
:10BF600083454405228593E717002305F402EFF08B
:10BF7000DF81A305A4028307141685C703074403C2
:10BF800099463306F74063D9C63E8327440AB7066D
:10BF90001000D58F2322F40AED57A302F416A30054
:10BFA000E4168347A41613F7270045C3830644030A
:10BFB0000307241663DCE6000327440A3706100053
:10BFC000518F2322E40A1147A302E4160307341613
:10BFD000635CD7000327440A37061000518F2322E1
:10BFE000E40A7157A302E416030704161306F007C8
:10BFF000630CC7020346D4160345E416158F620787
:10C000006187B306A6406355D73893F6070163915D
:10C01000063893F7F7F893E707012305F4168357DB
:10C02000041785072319F4168357241799CFFD1792
:10C03000C207C1832319F41689EB03558400130644
:10C04000000293050008EF2000378347A400B9C31E
:10C050008327041299CF8347A40181EF03558400FD
:10C06000014693050008EF20003501E58547230DC3
:10C07000F4008357440499CF8347140381EF035599
:10C0800084004D4693051008EF20E03201E5854716
:10C09000A308F4028347441713F7070169CBBD9B3C
:10C0A000230AF4168327440A898BF1E3034704012A
:10C0B000D547630EF70A83471401898BCDEB814482
:10C0C000814901498D4A130A5002139784016187FF
:10C0D00093773700098722970347D7178607B397C7
:10C0E000FA007D8F638BE700268605458145EF309A
:10C0F0007035B3E9A9003369B9008504E39744FDBD
:10C10000032584138325C413337535012AC4B3F57D
:10C11000250128002EC6EF0030798347541363E0D1
:10C12000A702034544037D578547591562052C0036
:10C1300061853AC43EC69750FD1FE7802000032763
:10C140008413A2476317F7000327C413B2476300A1
:10C15000F70215462C00130584129740FD1FE78057
:10C1600080668327440A93E727002322F40A834644
:10C170004417A54713F796006316F7040357040402
:10C18000835764176360F704B307F74013960701FA
:10C19000634A0602834754171306000A0507B3874C
:10C1A000C7020356A403DD9A230AD416B3C7C702F5
:10C1B000BA97231BF4168327440A37078000D98FC8
:10C1C0002322F40A8347A402E1CB918B91CF03464B
:10C1D0000401C165938505A02285EFE03FAD83474B
:10C1E000A402ED9B2305F4028347A402858B8DC333
:10C1F000034574029307F00F6307F500EF508EE6D6
:10C20000FD57A303F4028347A402F99B2305F4021C
:10C210008347A402898B91CF8355E40303458402AD
:10C220009205F915EF502EAC8347A402F59B230528
:10C23000F4028347A402A18B85C38355E4030D4612
:10C2400022859205F915C205C181EFE03FA683471B
:10C25000A402DD9B2305F4028347A40213F7070120
:10C2600001CF0345640293F7F7F82305F402EF507A
:10C270006EDFFD572303F4028347A40213F707027E
:10C2800001CF8355A4040345640293F7F7FD23050A
:10C29000F4029205EF502EA58347C40193F7070CD3
:10C2A00089CB0347B400854722856313F712EFF06B
:10C2B0002F9883570404B5C713074006B3F7E70266
:10C2C000ADE39387C1B69C43898BA1C797A4FD1F9B
:10C2D0009384448C985815CF97A7FD1F83D787B8B0
:10C2E000C20797A5FD1F83D505B8DD8D25450297AB
:10C2F0009C5897A5FD1F83D5C5B6294582979C58A4
:10C30000831524032D4582979C58830544033145AA
:10C31000829797A7FD1F239607B497A7FD1F23A316
:10C3200007B4B250225492540259F249624AD24A96
:10C330004561828093070004230EF40019E68347C9
:10C34000A40293E717002305F402E39F0696035522
:10C3500084000D4693050008EF20E005B5B21307F1
:10C36000801451B4130780147DB48327440A7D7769
:10C370001307F77FF98F45BC998FE3D4F6C2832763
:10C38000440AB7061000D58F2322F40A954731B12D
:10C390008346B4168345C4163388B600635BE80051
:10C3A00013F807046317080093F7F7F893E70704F7
:10C3B000ADB12A96E34AC7C68D8EE3C7E6C613F72A
:10C3C0000702E31307C693F7F7F893E70702B1B143
:10C3D000EFE07FF6F9BD011197A7FD1F938787A7AF
:10C3E00022CC03A4070A26CA97A7FD1F83D7078379
:10C3F00083546408032504094AC8B384F402B74788
:10C400000F001387F7239387072406CE4EC652C426
:10C4100056C21799FD1F1309E97FBA94B3D4F402E9
:10C42000636F95029389019F83A70900B304954028
:10C43000829763EAA402898C63CB040283570404C5
:10C44000A30F040085072310F404834704146395A5
:10C45000071222859750FD1FE780A0571DA2832752
:10C4600049003E95C1B783274900BE94E9B783A729
:10C470000900829703278408636AE50A198D8357A8
:10C48000E4031797FD1F035767798E07B387E70209
:10C490001307003293870719B3D7E70263EDA708A4
:10C4A000374A0F00930AFA23130A0A248357040415
:10C4B00085072310F4048347041491E722859750DD
:10C4C000FD1FE78000512285EFF04FB3631A052668
:10C4D000832604098327C40803274900B6973E85AD
:10C4E00063E4D70063E4E7003385E7408347F40162
:10C4F000835464082328A4088507A30FF4009797A2
:10C50000FD1F83D7A771B384F402D694B3D4440338
:10C51000636C9504B304954083A70900829763E98F
:10C52000A4043385A440E34305F809BF83274900E9
:10C53000998F3E95A9B7A1452285EFF00FA5A305D8
:10C54000A4029797FD1F9387E76403A3070363097A
:10C55000031E6244F240D2444249B249224A924AFE
:10C560008945154505610283B3049740AA946DB7C8
:10C5700083274900BE9475B722859750FD1FE78039
:10C58000A04F2285EFF08FA7631C051A835764081C
:10C590001795FD1F03558568B7460F00B387A7029F
:10C5A0001386F6239386062403270409230B04022B
:10C5B000032A4900B297B3D7D702636CF718B307C1
:10C5C000F7408326C4082324F408814AB387E60091
:10C5D000BE8463E4D70063E44701B38447418357D3
:10C5E000040223289408B1CB835604040357440261
:10C5F00037460F002312D4023387E640B387E702A1
:10C60000035724021306062481468145BA97C207C0
:10C61000C1833385A7022311F402EF30606511CD89
:10C620002695B3349500AE94AA8763949A00636408
:10C630004501B30745412328F40883A709008297E1
:10C64000AA8483A709008297E30D95FE83A70900BA
:10C6500083248408829763E3A4103385A440630C89
:10C660000510835764089799FD1F83D9295BB74448
:10C670000F00B38737031387F42393840424BA97F6
:10C68000B3D797021797FD1F03475752BA9763E432
:10C69000A70EB3359502035924024E868146330511
:10C6A0009502EF30E05C330AA900330539033746C1
:10C6B0000F001306062481468145EF30605B05C1FB
:10C6C000B33795024E868146B385B4023385A40202
:10C6D000BE95EF30E0593305A9402311A40235453A
:10C6E000EF50EF8D97A7FD1F23A687808346B400E8
:10C6F00005479797FD1F83C7A7526395E606130763
:10C7000000FD2307E40099E78145938781B78843BB
:10C71000EF504EA2938681AC904295471797FD1F2C
:10C72000A30BF7665846F977FD17F98F5CC60F1013
:10C7300000009C428966060A94C723A24707D8C70F
:10C74000F2406244D2444249B249224A924A0561C7
:10C750008280B3064701B387F640A5B58327490019
:10C76000BE94E5BD130710FC2307E400C5F781451F
:10C77000938741AB69BF9797FD1F23AD07769797C6
:10C78000FD1F83C7E749CDFF834794028545624477
:10C79000F240D2444249B249224A924AB395F50046
:10C7A000C205C181014505616F407ECE011122CCD9
:10C7B0004AC84EC606CE26CA52C456C25AC00347FD
:10C7C000B50085472A842E8983290509631DF71E34
:10C7D00083570508035BC503979AFD1F83DA0A4454
:10C7E000179AFD1F130A0A4363F7671B8346050167
:10C7F0006393E61A03278511631F07180327450A69
:10C80000631B07188346F5001D476396E61803551A
:10C81000A503330BFB409307204E330565038324A8
:10C82000440937460F008146130606243305F502F6
:10C830009797FD1F83C78737B3549502B3B5AA02F4
:10C84000BE94C204C180231394083385AA02EF303A
:10C850002042B307350133B5A7002E953E878326C6
:10C860004A0019E163E4D7003387D740B384540307
:10C87000B7460F009387F623938606242320E9000A
:10C88000A697B3D7D702DA976361F7101D8F2320DD
:10C89000E9009389019F83A70900832409008297F7
:10C8A00063E6A4123385A4406355050C83A70900F1
:10C8B0008297032709006362E512198D8357E40309
:10C8C0001797FD1F035787358E07B387E7021307B6
:10C8D000003293870719B3D7E70263E8A710374AF6
:10C8E0000F00130BFA23979AFD1F938AAA32130A9B
:10C8F0000A248357040485072310F404834704148F
:10C9000091E722859750FD1FE780A00C2285EFE07C
:10C91000FFEE65E9832604098327C40803A74A00BC
:10C92000B6973E8563E4D70063E4E7003385E740CC
:10C930008347F401835464082328A4088507A30FC0
:10C94000F4009797FD1F83D7672DB384F402DA9420
:10C95000B3D444036366950CB304954083A70900E0
:10C9600023209900829763E1A40C3385A440E3421D
:10C9700005F89797FD1F83C7772363E5A708979767
:10C98000FD1F23A987560145B5A883264A00B38712
:10C99000F6403E97EDBD8354640837470F00930778
:10C9A000F723B3845403BE9493070724B3D7F40248
:10C9B00063E7F900B387F9402320F900D9BD0327C5
:10C9C0004A00BA99C5BF23A03501E1B59797FD1F6D
:10C9D00093874724DC43BE94F1B59797FD1F938757
:10C9E0006723DC43998F3E95D1BDA1452285EFE0B9
:10C9F000DFD9A305A4029797FD1F9387A7199C5B16
:10CA000081EF7D55F2406244D2444249B249224A04
:10CA1000924A024B05618280894515458297D5B7B8
:10CA2000B3049740AA941DBF83A74A00BE9435BFA4
:10CA300025C101116C0022CC06CE2A84EFF01FD74D
:10CA400029C5FD576308F5029796FD1F9386861446
:10CA5000D45232479797FD1F83C7571591C28583DC
:10CA6000636EF700B307F7403EC6B2450345940234
:10CA7000EF405EB3F2406244056182809796FD1FED
:10CA800093864619D4423697F1BFEFF0DF94DDB7B5
:10CA90008280411122C406C62A8483278411CDEFE7
:10CAA00083270412E1EF0325041109C59750FD1FE8
:10CAB000E78000B7034574029307F00F6304F500A5
:10CAC000EF405EDA034564029307F00F6304F5005C
:10CAD000EF405ED9034584029307F00F6304F5002D
:10CAE000EF405ED8034594029307F00F6307F5000B
:10CAF000EF405ED7FD57A304F4020355840055248C
:10CB00009797FD1F83D70740A1E723AA01B6979700
:10CB1000FD1F93872710DC431797FD1F2322F73E45
:10CB20009797FD1F938707079C479DC39797FD1F06
:10CB30009387070A885309CD9750FD1FE78040AEC1
:10CB40009797FD1F23A6070A9797FD1F23A4070A9F
:10CB5000B240224441018280C84309C59750FD1F5D
:10CB6000E78000AC8327841103D7A700136707F081
:10CB70002395E7009C43232CF41005B7C84309C54F
:10CB80009750FD1FE780C0A98327041203D7A70091
:10CB9000136707F02395E7009C432320F41209B79D
:10CBA0009797FD1F9387072B83A7870999E33E85F6
:10CBB000828003D78700E30CA7FE9C43C5BF9797ED
:10CBC000FD1F9387272983A7870A1797FD1F034710
:10CBD00057FD4166050781467D1683D5A700638909
:10CBE000A5006387C5008506C107E3E8E6FE814727
:10CBF0003E8582809797FD1F9387C72583A7870A65
:10CC0000C9EF411122C41794FD1F03548427130454
:10CC1000140215844AC016041799FD1F034979F8B8
:10CC20000509420426C2418093144900330594004B
:10CC3000420541819305402406C69750FD1FE780B9
:10CC4000C09105C59797FD1F23AAA72A9796FD1F98
:10CC500083C636F533079500B306D94081471306DE
:10CC600040F5930520F563E82701B2402244924441
:10CC700002494101828063FDD70058C12315B500E8
:10CC800022978507C207A3040500C1834105E1BFC0
:10CC90002315C50023220500EDB7828041119305BD
:10CCA00030261305001D06C622C426C29750FD1F5C
:10CCB000E780A08A1306001D81452A849740FD1F46
:10CCC000E780E0B3014515C89794FD1F938484184D
:10CCD00083A6840995CA3687854703568700630E65
:10CCE000F60618437DFB2314F400A9EB2285975028
:10CCF000FD1FE780E09203558400B2402244924435
:10CD0000410182803687D1BF85472314F4001797ED
:10CD1000FD1F232D871C1797FD1F232B871C17979B
:10CD2000FD1F2311F71EEFF0FFEC83A7C40923A01A
:10CD30000700230504002307040075BF83A7C40967
:10CD400080C39797FD1F23A5871A83D7040B8507F8
:10CD50001797FD1F2318F71AC9BF138717009317DA
:10CD6000070113160701C183E35E06F88147A5BFDB
:10CD70009797FD1F9387070E03A5870A11CD4111D1
:10CD800006C69750FD1FE780A089B2409797FD1F08
:10CD900023A60716410182809797FD1F23A007163F
:10CDA0008280411122C41794FD1F1304A40A832614
:10CDB000840906C60147B687A5C703D6870063174F
:10CDC000A60615EF98429796FD1F23A1E6123E8511
:10CDD0009750FD1FE780C0848327C40923A0070064
:10CDE0009797FD1F83D707129DE7EFF07FF897977E
:10CDF000FD1F23AD070EB2402244410182808326ED
:10CE0000C4096397F6009796FD1F23A3E60EC1B7EA
:10CE1000944314C36DBFFD171797FD1F2314F70E1E
:10CE20009797FD1F83D7070EF9F7C1B73E879C433D
:10CE300061B7714681451795FD1F1305250B1743F3
:10CE4000FD1F6700C39B8327C508035685087971BA
:10CE500093D60701BD8EC206C182358E1357764028
:10CE600093575640898B058B5D8F93573640918B36
:10CE70005D8F93571640A18B5D8F93171600C18B62
:10CE80005D8F9317360093F707025D8F9317560057
:10CE90009355860093F707041E065D8F1376F60FF1
:10CEA000518F93D7554013D63540118A898BD18F36
:10CEB00013D67540D18F13D61540218AD18F139682
:10CEC0001500418AD18F1396350013760602D18F53
:10CED00013965500137606049E05D18F93F5F50F32
:10CEE000CD8FA20745465D8F3307C70222D42A841F
:10CEF00026D252CC56CA032A040A832A440A5AC8A4
:10CF000006D63697420741839357774013555740CB
:10CF10000989858BC98F135537401189C98F1355DE
:10CF200017402189C98F131517004189C98F13151F
:10CF3000370013750502C98F1315570093558700E5
:10CF4000137505041E07C98F1377F70FD98F13D5F3
:10CF5000354013D755401189098B498F13D575403A
:10CF6000498F13D515402189498F139515004189A3
:10CF7000498F1395350013750502498F1395550098
:10CF8000137505049E05498F93F5F50F4D8F220704
:10CF9000D98FB387C7024AD04ECE5EC662C4B69759
:10CFA000C207C18313D7774013D557400989058B32
:10CFB000498F13D537401189498F13D517402189DF
:10CFC000498F139517004189498F139537001375C1
:10CFD0000502498F1395570093D5870013750504F3
:10CFE0009E07498F93F7F70FD98F13D5354013D785
:10CFF00055401189098B498F13D57540498F13D539
:10D0000015402189498F139515004189498F139542
:10D01000350013750502498F1395550013750504E6
:10D020009E05498F93F5F50F4D8F2207D98FB38752
:10D03000C702130650025285D685B697BD8E9394CB
:10D040000601C18033F6C402137BF60FEF20D03CFB
:10D0500005891DE98347140801498149B384970272
:10D06000130C5002C1804A865285D685EF20D03AF3
:10D070000589937BF90F11C563863403850993F9FC
:10D08000F90F0509E31189FF230F6407B2502254F9
:10D0900092540259F249624AD24A424BB24B224C54
:10D0A000456182805E8BCDB783471500034725001D
:10D0B00083464500A2074207BA9703470500FD8A49
:10D0C0000548BA97034735009305000201456207FA
:10D0D000BA9701473316E8007D8E01C60505137522
:10D0E000F50F0507E318B7FE8147214633D7F64011
:10D0F000058B01C705051375F50F8507E398C7FE76
:10D100008280011152C656C4032A8513832AC5138F
:10D1100022CC26CA4AC806CE2A84A30B0512A3062F
:10D12000051281441309500226865285D685EF20C8
:10D13000B02E058911C58347D4128507A306F412C2
:10D140008504E39324FFF2406244D2444249324AC8
:10D15000A24A056182801797FD1F0347D7C39547F1
:10D16000630BF7009797FD1F938787C283C77700EC
:10D170000D47631FF7009797FD1F83C7F7C1639B98
:10D180000710930770101797FD1F2317F7C08280B1
:10D1900041119797FD1F9387E7CB0D4522C426C207
:10D1A00003A4070906C64AC0EF406FE19387C1ABED
:10D1B000944337C7898E130767ED98C637575500D4
:10D1C00013075755D8C20347A4039306F00FBE8434
:10D1D0006307D700FD57A30CE402230DF4020345B7
:10D1E000940389476306F5008547A30CF4020145C3
:10D1F000138981AC032709000146930550025C4363
:10D2000093E717005CC3930720FB2303F4009D47BB
:10D210001797FD1FA301F7B89797FD1F238A07B63D
:10D220009797FD1F238807B6EF40EFB1032609004B
:10D230009797FD1FA38007B69797FD1FA38A07B492
:10D2400085471CC29C40B705330098431377F7E726
:10D2500098C398431377F7E71367071098C31387AA
:10D2600001AD18431447CD8E14C79306900D34CAF0
:10D270005457F59A54D7034754009376F7079843C9
:10D28000137707F8558F98C3B2402244924402495D
:10D29000410182808280411126C29794FD1F9384B0
:10D2A000249322C42A8403C53400C14506C6EF4036
:10D2B000CED603C5340093050002EF400ED69797F3
:10D2C000FD1FA38A07AC2302040023130400B2400D
:10D2D000224492444101828041119797FD1F938718
:10D2E00067B722C406C61797FD1F0347F7AA03A412
:10D2F00007099797FD1F9387A7A901CF9796FD1F51
:10D3000083C686A90D476396E6001797FD1FA30500
:10D3100007A803C77700A1466387E60003C7770025
:10D320009946639DE60083C777001797FD1F230585
:10D33000F7A685471797FD1FA300F7A6EF40CFC0BC
:10D340002285EFF05FF513063002930500080145D2
:10D35000EF106006034504049307F00F6307F50020
:10D36000EF404ED0FD572300F404B2402244410167
:10D3700082805D71CAC0138981AC83260900A2C472
:10D3800052DC56DA86C6A6C24EDE5AD85ED662D4C3
:10D3900066D26AD06ECE9307000A138AC1ABFCD264
:10D3A00083270A00938A01ADB7053300D8572A8432
:10D3B000719B13671700D8D798431377F7E798C383
:10D3C00098431377F7E71367071098C303A70A007A
:10D3D00010474D8E10C71306A00DB0CA5057759A4E
:10D3E00050D70347E5071376F7079843137707F8F5
:10D3F000518F98C3D842370600827D16799BD8C2D8
:10D40000034785061377F70393169701D857718F53
:10D41000558FD8D737170040930770052300F704BE
:10D42000930780FA2300F70483068506B54763DA7D
:10D43000D72E8357270293E707012311F70283278B
:10D440000A000327C40893053002054598C703273F
:10D450000409D8C39797FD1FA38D0792EF403E8B19
:10D4600064449D472308F400230FA4062380F4009E
:10D470008547A38104002381F4007C4893F70720AB
:10D480009DCB9147A381F4008347E40A8346D40AE5
:10D4900078449A07D58F2302F70083C7240081467A
:10D4A00085072381F4000346040B8345D40A034512
:10D4B000E40AEF400F9A7C4893F70740B1C303C7D3
:10D4C00034007C4483C6240013678700A381E400F2
:10D4D0000357A408B697A381E70083C724007844C4
:10D4E0008346F4073E978357A4089206A183BD8B19
:10D4F000D58F2302F70083C7240089072381F40016
:10D5000003C62400035744089307D00F918F9799BF
:10D51000FD1F9389299463D2E722034704088947B2
:10D520006309F7208546930780426305D700856726
:10D530009387878479479387771BB3C7E70283C6AE
:10D54000890793E606019795FD1F2381D5988326C9
:10D55000090085658CC63387E7020607B8D283C603
:10D56000340093E60601A381D40078448346E4079F
:10D570003297A301D70083C624007844369723024C
:10D58000F70003C724007444A187BA960347040830
:10D590001607D98FA382F60083C724008D07238145
:10D5A000F4008347040693F7070485C703C73400D4
:10D5B0007C4483C6240013670704A381E400034767
:10D5C0005401B697A381E70083C724008507238110
:10D5D000F4008347C4070547C11793F7F70F636645
:10D5E000F70603CB240015469795FD1F9385E59616
:10D5F00093073B00032BC4043E9BA1472300FB0081
:10D6000093078002A300FB0013052B009730FD1F3A
:10D61000E780601B0347C407C1476319F7128357AC
:10D620008408A1072311F408C547230EF406834795
:10D630002408A303FB0083572408A1832304FB00D1
:10D6400083C72400A5072381F40003564408014B37
:10D6500031C203C7240068448325840A9307370036
:10D660003E9583C73400C18B638C070E795B330B07
:10D67000EB40137BFB0F5A869730FD1FE780A01409
:10D680008327840ADA973CDC83574408B3876741D1
:10D690002319F40603C72400814517D5FFFF13059E
:10D6A00085CD9377F70385073E9B137BFB0FA3087C
:10D6B00064012381E4007C44856B9164A38067014D
:10D6C000930770F97844A305F40083270900B70C89
:10D6D0003300130DA00DB8DBEF40CEA503461401B7
:10D6E0008345040801451D4B9740FD1FE780809549
:10D6F00093840429EF404F85938D8B8483C78907DA
:10D70000C18BB5E7B640264496440649F259625AA1
:10D71000D25A425BB25B225C925C025DF24D616167
:10D72000828083572702C207C183BD9BC207C18382
:10D7300029B3916793870729F5BB83C7890793F7B7
:10D74000F70E1787FD1F2303F778A1BD0357840841
:10D7500083572408998F0947E34BF7ECC947F1B584
:10D760009730FD1FE7802006034B440825B783C789
:10D77000890793F70702E5DF83C7890703260900B6
:10D7800093F7F70C1787FD1F2302F7749307000A1E
:10D790007CD283270A00D857719B13671700D8D70C
:10D7A00098431377F7E798C398431377F7E713671E
:10D7B000071098C303A70A001447B3E6960114C7DD
:10D7C0002328A6055457F59A54D70347E4079376C0
:10D7D000F7079843137707F8558F98C3032CC404B1
:10D7E00023086401054723006C01A3010C002301F9
:10D7F000EC0078481377074005CF2147A301EC00E0
:10D8000078448356A4082302D70003472C007444AD
:10D810000346F407BA960357A408120621833D8BEA
:10D82000518F2382E60003472C0009072301EC00F7
:10D8300083452C00835624071307E00F0D8F635593
:10D84000D70883460408094626876388C60005462C
:10D85000130780426383C6006E87F9461307771B60
:10D860003347D70203C68907136606019787FD1F52
:10D87000238EC7640326090023247601B306D7024A
:10D88000860634D203463C0013660601A301CC0091
:10D8900074440346E407AE96A381C60003462C00F9
:10D8A0007444B2962382E60083462C00704421879C
:10D8B0003696834604089606558FA302E600034772
:10D8C0002C000D072301EC0003562407014721C259
:10D8D00003482C0083463C00684413073800C18A83
:10D8E0003A952C5CB5C67957330707411377F70F84
:10D8F0003A863AC69730FD1FE780E0EC345C324749
:10D90000BA9634DC83562407998E2319D40603462D
:10D910002C0001459376F603850636971377F70FAB
:10D92000A308E4002301CC007C44A380E700034665
:10D93000140183450408930770F9A305F400978741
:10D94000FD1FA38807449730FD1FE780A06F7DB3BC
:10D950009730FD1FE78020E70347240723190406BB
:10D960007DB78347C507638A0722411122C406C6D3
:10D9700026C24AC049472A84639CE7020357250808
:10D98000835785086316F7029304050A15469785A1
:10D99000FD1F9385855C26859730FD1FE780A0E2FB
:10D9A0002685EFF06FF09147A300A408230EF4063C
:10D9B0002285EFF04FC90945EF307FE00347C407E8
:10D9C0008D476314F70A9147230EF4067C481787A6
:10D9D000FD1F1307274893E787007CC883479707F5
:10D9E000898BEDDF8347970793F7C70F1787FD1FD5
:10D9F000A30EF74C9387019F9C43829703576408BB
:10DA00009787FD1F83D78721232AA4083307F702AE
:10DA100093070032130707193357F7029787FD1F43
:10DA20009387471FDC43B306E500368663E4A60010
:10DA300063E4F6003386F640232CC4089786FD1F66
:10DA400083C6D6166360D602158E9306D407A285C8
:10DA500017050000130525F1EF30DE952285EFF064
:10DA60005F91B5A8958F3E96CDB71389019F832707
:10DA700009008297AA84832709008297E38DA4FE78
:10DA80008327090083248409829763E5A4063385EC
:10DA9000A4409787FD1F83C777119784FD1F83D408
:10DAA000E41763E3A70031ED8357640813070032DE
:10DAB0001786FD1F13060616B387970250429387F9
:10DAC0000719B3D7E702032784093E97BA86636430
:10DAD000F7006364C700B306C740232CD4088357FC
:10DAE0008408B240924485072314F4082244024972
:10DAF000410182809787FD1F9387C711DC43BE9445
:10DB000079B79787FD1F83C7773C93E7170017877F
:10DB1000FD1FA30DF73A37470F0013070724B3354E
:10DB2000E502938781AC03A90700A1672686232419
:10DB3000F90081463305E502EF2080130605232610
:10DB4000A9061787FD1F1307E73083479707898BBF
:10DB5000EDDF834797071786FD1F1306A60B50427C
:10DB600093F7C70F1787FD1FA302F7368357640883
:10DB700013070032B387970293870719B3D7E702D9
:10DB8000032784093E97BA866364F7006364C7007D
:10DB9000B306C740232CD408D1B582809707000074
:10DBA000938767DC1787FD1F2320F73282800145AA
:10DBB0008280411106C6EFE0BFFEB240133515006A
:10DBC0000605410182806FF0DFFE411106C6EFE0DD
:10DBD0003FFD0DC10357C5058356A50503566507CF
:10DBE0008355450703558500EF700FBE0145B240D0
:10DBF000410182800945E5BF011106CE22CCEFE04C
:10DC00003FFA59C10346B50005472A849787FD1F8F
:10DC1000938747246316E604B853094515CF034696
:10DC20000403834657048358E4030358C40383570B
:10DC3000A403835584000345B4021307670432C06C
:10DC40000546EF70CFB68347F400A30504020145F3
:10DC500093E71700A307F400F24062440561828055
:10DC600003A7070909456DDB834657078358E4037B
:10DC70000358C4038357A403835584000345B402A7
:10DC80001307670702C075BF0945F9B7011122CC18
:10DC900006CE2A84EFE0DFF02DCD8347B50203479F
:10DCA000A51523138100A302F10083479515A30452
:10DCB000E1002304F100A9E38347D5150307F51517
:10DCC0002306F100830735142305F100631DF700D7
:10DCD0008947A305F1004800EF70CFB20145F2403B
:10DCE0006244056182800307E5156314F7008547E8
:10DCF000CDB7A3050100C5B7834705162305F1007D
:10DD00008347B515A305F100834755162306F10097
:10DD1000D9B70945E9B7011122CC06CE2A84EFE034
:10DD20003FE829CD83070516A30481002180230540
:10DD300081001307F007638FE70203474503998FBC
:10DD4000A305F1008347A51613F7070101C72306B2
:10DD5000010039A093F7070281CF85472306F10020
:10DD60002800EF700FAA0145F240624405618280ED
:10DD70008947EDB7FD57A305F100D1BF0945EDB7C0
:10DD8000411106C6EFE0DFE119C9834505140355CB
:10DD90008500EF70CFA60145B24041018280094560
:10DDA000E5BF9375F50F01112E8506CE22CC2EC648
:10DDB000EFC06FA00DC12A8483460507B245034515
:10DDC00075010546EF702FA30145A30B0400F24037
:10DDD0006244056182800945DDBF411106C6EF70CE
:10DDE0004FA1B24001454101828041119787FD1F3B
:10DDF0009387470622C4E05F06C6094511C803554C
:10DE0000A40BEF70CF9E9307F00F231DF40A01457A
:10DE1000B2402244410182809787FD1F9387870388
:10DE2000FC5F99CB41111385870B06C6EF70EF9B02
:10DE3000B24001454101828009458280411106C6F8
:10DE400022C4EFE0FFD50DC983467514034665145F
:10DE50002A84835585000345B5028506050693F699
:10DE6000F60F1376F60FEF700F980145A305040225
:10DE7000B2402244410182800945DDBF397106DE8E
:10DE800022DC26DA4AD8EFE0BFD1630A05168346C2
:10DE9000B50005472A849787FD1F9387A7FB6391E9
:10DEA000E60CA4530945D9C483C744041946898B99
:10DEB000C1CB8C5883C7A500C1C7B10528089730CE
:10DEC000FD1FE780409083C75404138964041946FA
:10DED000898BB5CFCA8508109730FD1FE780A08ECB
:10DEE0008C581946910528109730FD1FE780A08DAA
:10DEF000834704038358A40383C654040346B40031
:10DF0000835584000345B4023EC48357E4031308D9
:10DF1000010238103EC28357C4033EC03C08EF7074
:10DF20002F8B8347F400A3050402014593E71700F4
:10DF3000A307F400F2506254D25442592161828006
:10DF4000814528089730FD1FE780608BADBF814574
:10DF500008109730FD1FE780808A1946CA8561B78F
:10DF600083A407090945F9D483C744061946898B58
:10DF7000B5C39385640628089730FD1FE780A08409
:10DF800083C74407138964071946898BB9CBCA85AF
:10DF900008109730FD1FE780008383A544081946C9
:10DFA000281091059730FD1FE780E08183A7440882
:10DFB00083C7370093E72700A38AF4068358A40396
:10DFC00083C654070346B400835584000345B40256
:10DFD00002C425BF814528089730FD1FE7802082B5
:10DFE00045B7081081459730FD1FE78040811946ED
:10DFF000CA8528109720FD1FE780E07CC1B709453E
:10E0000015BF411106C6EFE0BFB90DC10357651C2E
:10E010008356451C0356A51C8355851C0355850056
:10E02000EF60DFFA0145B240410182800945E5BF5A
:10E03000411106C622C4EFE0BFB60DC92A840357BA
:10E04000C5058356A5050356650783554507035542
:10E050008500EF603FF783471401014593E74700D0
:10E06000A308F400B2402244410182800945DDBF8B
:10E07000411106C6EFE0DFB20DC1834785190346A3
:10E0800075199305F51803558500A2075D8EEF609D
:10E090003FF30145B240410182800945E5BF41118E
:10E0A00006C622C4EFE0DFAF0DC12A8413060510B7
:10E0B000835585000345B502EF605FF00145A30578
:10E0C0000402B2402244410182800945DDBF411172
:10E0D00006C622C4EFE0DFAC05CD0347B502854795
:10E0E0002A846314F700A30505020345B40203570D
:10E0F000C4058356A4050356840583558400EF6048
:10E10000BFEB0145A3050402B240224441018280D5
:10E110000945DDBF01111375F50F06CEEFB0BFE95C
:10E1200039C99787FD1F9387E7D283A7070E93F717
:10E1300007209DC302C402C202C081480148814732
:10E1400001478146054681451305C003EF605FE83E
:10E150000145F240056182808346D5031307E5033C
:10E1600002C0814801488147054681451305C00327
:10E17000EF60FFE3F1BF0945E9BF9787FD1F938774
:10E1800067CD03A70709094529CB83A7070E01110E
:10E1900006CE93F707208DC302C402C202C0814895
:10E1A000014881470147814601468145EF605FE2B2
:10E1B000F240014505618280835807020358A70198
:10E1C0008357070583465707014602C013076707B1
:10E1D00081450945EF60BFDDE1BF82800145828056
:10E1E000014582800145828001458280014582800F
:10E1F00001458280014582800145828001458280FF
:10E2000001458280014582800145828001458280EE
:10E21000014582800145828001458280411106C608
:10E2200022C403470500930700086315F70203475C
:10E23000150093065002854763E4E6069737000011
:10E24000938707ED0A073E971C43035525008297E5
:10E250008147B9A09306100885476313D704034785
:10E260001500CD466308D70E63E3E602A146630DB1
:10E27000D708B146630DD70A95466313D7020355F5
:10E280002500EFE0FF912A8415E9894711A893063C
:10E290000003630FD70E63EAE600E946630FD70C6D
:10E2A000B24022443E854101828093077005630F8E
:10E2B000F70E930717F0B337F000DDB7832785110A
:10E2C00095C7035645040506420641829C43130741
:10E2D0001600420741839DE72312C40401CA8355F7
:10E2E00084000545EF609FCB231204040345B4026C
:10E2F0000346440583558400EF601FC92285EFE083
:10E300004FF9B9B73A86D9B703552500EFE05F89D1
:10E310002A8425DD0346C504835585000345B502DF
:10E320003336C000EF609FC6A305040215B703553E
:10E330002500EFE0FF862A8429D903572505835657
:10E3400005050346F504835585000345B502EF60D6
:10E350003FC4D9BF03552500EFE09F842A8415D51B
:10E360000356450401CA835585000545EF601FC368
:10E3700023120404A3080402E1BD03552500EFE0C5
:10E380003F82E30405F00345B502EF607FC1C9B5E4
:10E3900003552500EFE0DF802A84E30805EE83556E
:10E3A00085000345B502EF60FFBFBDBF03552500E3
:10E3B000EF609FBF71BD011122CC2A84114506CEAA
:10E3C0002EC632C4EF20BED61DC1B245224623114F
:10E3D00085002300B500A300C5006244F240AA8571
:10E3E0001775FD1F0345F57E05616F203EDFF24086
:10E3F0006244114505618280411106C622C4EFE0E6
:10E400002FFA41C183270512230D05002A84A5C3D5
:10E410000347F500058B19EB03558400014693056E
:10E420000008EFF05FF939C5014581A8D44303C660
:10E43000C70083C58700035585008906EF60FFB6D6
:10E4400005E58327041203D7A700A38407001367F9
:10E4500007F02395E7009C432320F41283572404FC
:10E4600081C7FD172311F40483270412D5F7231164
:10E4700004045DBF8547230DF400B24022444101EE
:10E4800082800945DDBF9787FD1F9387A79C83A7DF
:10E49000870C91E382806384A700DC5FDDBF4111BC
:10E4A00022C406C68347A5002A8491C79305C500E8
:10E4B0006905EF10C0598347240191CB93054401AE
:10E4C0001305A4022244B24041016F104058B240EB
:10E4D000224441018280AA862E86AA851705000063
:10E4E0001305C5006F306EA49787FD1F938787962D
:10E4F00003A7870C411126C206C622C4BE8411E7B9
:10E50000B24022449244410182806304A700585FD4
:10E51000FDB78347A5002A8491C79305C500690507
:10E52000EF10E0528347240199C793054401130576
:10E53000A402EF10C05122852244CC58B24092442C
:10E5400041016FF05FF901114AC81789FD1F1309D6
:10E55000699022CC0324890C26CA4EC652C456C2E6
:10E5600006CEAA84014A93094500854A631D040E1C
:10E5700093052025130500049730FD1FE780E0FD7B
:10E580002A841D4561C883C7340019469385440019
:10E5900013054400A301F4009720FD1FE780A0228B
:10E5A000938AA4014146814556859720FD1FE78047
:10E5B000202F79ED9309A401D68541464E859720F9
:10E5C000FD1FE780202C85472305F4008347340096
:10E5D0009305C4004E8593E72700A305F400EF10D0
:10E5E00000479384A4024146814526859720FD1F5C
:10E5F000E780002B4DE19307A402A6853E854146A6
:10E60000BE849720FD1FE780E02785472309F4009B
:10E610008347340093054401268593E72700A30927
:10E62000F400EF10C042A3000400832549032285B3
:10E63000EFF07FEA63140A069787FD1F23A0878EF9
:10E64000232E04028347490C014585071787FD1FC8
:10E650002304F78CF2406244D2444249B249224A30
:10E66000924A056182800347340083C73400630502
:10E67000F700228A405CDDBD4146CE85130544008B
:10E680009720FD1FE780201DE31555FF4945D9B7A9
:10E6900023050400B9B72309040071B7232E8A02A9
:10E6A00045B741119777FD1F9387C77A22C403A40A
:10E6B000870C26C206C64AC0FD5419ECB24022445B
:10E6C0009787FD1F23AC07849787FD1F2386078448
:10E6D000924402494101828003450400EF308E9844
:10E6E0000329C4032300940022859730FD1FE7808F
:10E6F00020F34A84D9B79777FD1F9387A7752382A4
:10E70000070C23A4070C6F10403E411126C206C619
:10E7100022C4EFE0AFD8AA843DC5EFE06FC82A84D9
:10E72000630A0512930710112315F500930700FBE8
:10E730002307F50085472308F5009777FD1F83D74A
:10E740006746A5073E85C207C1831307401063745F
:10E75000F7001305401013170501418393070004C8
:10E760006374F700130500044205930530254181C9
:10E770009730FD1FE78060DE2328A41019E90355B8
:10E780008400EFE00FE2B24022442685924441012A
:10E7900082809777FD1F9387A75F9C4F2285231365
:10E7A0000414232AF4109777FD1F9387A76A03A602
:10E7B000870D83A6C70D03D7A70383C7A704232C00
:10E7C000C40E232ED40EA307F414FD572310F40413
:10E7D0002313F4022314F4028347E4022324C41015
:10E7E0002326D41093E707FC2307F4028567938759
:10E7F00087BB2315F4042312E414EFC01F8C177594
:10E80000FD1F0345653A2301A414EF20DFB1D14772
:10E81000A306F41693078002A305F4169307006F6E
:10E82000231FF4149307F0072300F416F57793875A
:10E83000A7EB2311F416A301A4142303A416A30326
:10E84000A4162304A416A304A4169777FD1F2397E8
:10E85000076015BF854405BF411122C42A84834542
:10E8600004031775FD1F0345155FA307A40206C621
:10E8700026C2EF306EC18357A4031778FD1F0358DB
:10E88000E839930600323307F8029774FD1F83C4FA
:10E89000E431232AA4083356D7023377D7029306EC
:10E8A000204E2326C40837460F0013060624B387DC
:10E8B000D702B3D7A7023307D702BE948357840386
:10E8C0009384C417C2048507C18023129408334778
:10E8D0000703B387D7022310E4028146858FB3B5BF
:10E8E000070333850703EF10A03883278408977642
:10E8F000FD1F93862632D442AA9733B5A7002E95E2
:10E9000001E53E8763E4D7003387D740834774032C
:10E910002328E4081307204EB387E70286042285E4
:10E92000BE9423119408EFC0EFBF2285EFC0CFF251
:10E930008355E40322859205F915C205C181EFC014
:10E94000AFBA2285EFE0EFFB9777FD1F23A6875A2A
:10E950009387C1B69C43898B85C39774FD1F9384AD
:10E9600064239C5891CB83258409354582979C5814
:10E970008325C4093945829722852244B2409244B6
:10E980009777FD1F239F074C9777FD1F23AC074CFC
:10E9900041016FC09FC60357050889468357450844
:10E9A00063F3E6000947B397E7002313F5086F30D8
:10E9B0008EBC011122CC26CA4AC806CE4EC652C40D
:10E9C000834765032A84138981AC8507230BF502ED
:10E9D000834735019384C1AB639C075A8347C500C5
:10E9E00013070004A309E50003471501BD9B93E746
:10E9F00037002306F50093178701A30D0500E18773
:10EA000063D907001377F707A308E500EF20EFBCF1
:10EA100039A88327850A93F62700BDC6F59B2324D2
:10EA2000F50A83270510918BA9CFEF00AFD90347D3
:10EA3000B40185476310F706832784110347C40098
:10EA4000DC432380E7008327841103475401DC4320
:10EA5000A380E70003278411832709005843B8DB0C
:10EA60009C40B70680009843558F98C3D857719B38
:10EA7000D8D7F2406244D2444249B249224A0561A1
:10EA80008280EF00CFD165B793F617008DC6F99B52
:10EA90002324F50A832704110347C4002380E700D9
:10EAA0008327041103475401A380E700832709004B
:10EAB000032704116DB783490501054A6398491D71
:10EAC000F9C713F7070119C7BD9B2324F50AEF0007
:10EAD000FF8EB1BF13F7070201CB93F7F7FD232495
:10EAE000F50AEF007FA2A1B713F7070401CB93F754
:10EAF000F7FB2324F50AEF006FD215BF13F70708C1
:10EB000009CB93F7F7F72324F50A2285EF10BFA36B
:10EB100039BF13F7072009CB93F7F7DF2324F50A52
:10EB20002285EF00EFD921B713F7074001CB93F708
:10EB3000F7BF2324F50AEF00BFB9D5BD13974701EE
:10EB4000635C07007D771307F77FF98F2324F50AAD
:10EB50002285EF004FE7E1BD13973701635A0700A5
:10EB60007D777D17F98F2324F50AEF00AFE8C1B553
:10EB700013972701635A070079777D17F98F2324AC
:10EB8000F50AEF008FF765B52324050A21B783271F
:10EB9000450A638E071A93F6070481CA93F7F7FBB9
:10EBA0002322F50AEF004FB759B593F6071081CA33
:10EBB00093F7F7EF2322F50AEF005F858DBD93F6FB
:10EBC000072099CA4D8B631F070E93F7F7DF2322A7
:10EBD000F50AEF00BF88A1BD93F6074081CA93F7FD
:10EBE000F7BF2322F50AEF008FC091B59396470136
:10EBF00063DB06007D771307F77FF98F2322F50A81
:10EC0000EF105F872DB59396370163DC06004D8BBF
:10EC100055EB7D777D17F98F2322F50AEF00AFC101
:10EC200039B513971701635A070071777D17F98F6C
:10EC30002322F50AEF00EFD1DDBB1397E700635AFB
:10EC4000070001777D17F98F2322F50AEF00EFD433
:10EC5000F9BB1397B700635B07003707F0FF7D1719
:10EC6000F98F2322F50AEF002FE1D1B31397870024
:10EC7000635B0700370780FF7D17F98F2322F50AB2
:10EC8000EF009F926DB32322050A29B5638C090218
:10EC90009306600463EF36071307500463F9E91421
:10ECA0001307A002638AE91C636737039307100206
:10ECB0006380F91A63EA3701ED476387F914F54772
:10ECC000638AF914228599B393075002638FF91C64
:10ECD00093077002F5B7130760036389E914636B48
:10ECE00037019307E0026384F91E93071003E38062
:10ECF000F9DEC9BF13070004638CE9089307100409
:10ED00006387F90A93078003E39EF9FAEF20EF8CFB
:10ED100019AA9307A0056387F91E63E137059307D6
:10ED200050056385F90263EB37019307B0046388EC
:10ED3000F91C93071005E38AF9DC69B793076005AE
:10ED4000E380F9DE93078005E39EF9F6228597308C
:10ED5000FD1FE780609AE30C05CCADB79307B006C2
:10ED600063ED37019307A00663FBF9209307600664
:10ED7000E39AF9F4EF00DF9599A093076007E38920
:10ED8000F9DC93076008E39FF9F2EF000FD705A8BD
:10ED900013974701E35807F27D771307F77FF98F41
:10EDA0002324F50AEF002FC22308340149B1834719
:10EDB000B5028DC705476398E700EF00EFF485477C
:10EDC0002308F400ADB183270510918BD5C3BD474F
:10EDD0002306F4022285EF00EF9ED5B7EF10FFFF68
:10EDE0008327040A93E727002320F40AC9BFEF1002
:10EDF000DFFE8327040A230844012311040693E756
:10EE000047002320F40A25B1EF002F85D947230AB4
:10EE1000F40431B92285EF105FFC8327040A93E7DD
:10EE200017002320F40A2308040011B19730FD1FB6
:10EE3000E780808CE30D05BE8547A306F404228598
:10EE4000EF006F8B8347C404F99B2306F404C5B617
:10EE500083278510858B81C7EF00CFD0C9BEE947D6
:10EE6000A305F50283270510918B99C38D478DB7B4
:10EE70002285EF00CF92A1B7EF004F818347D404E2
:10EE800091CB41469305C40A1305C40C9720FD1F7E
:10EE9000E78060938347C4042326040E2328040ECE
:10EEA00093E717002306F40459B683270510918BC6
:10EEB00081CF8D472306F502EF00CF9083471401E1
:10EEC000DD9BA308F400E5BDEF006F8DC5BF834750
:10EED000C5042322050E2324050E93E727002306ED
:10EEE000F504EFF0DEFC83471401A3050402DD9B6B
:10EEF000A308F4008327040A93E70701F5B5EF00A0
:10EF0000EF9175BD8347A51499CB83466514331AD9
:10EF1000DA006306FA0013670701A308E500034758
:10EF2000B41411CF834674148547B397D700638810
:10EF3000E7008347140193E70701A308F400834720
:10EF4000E40199CF83471401C18B99EB8327040A0D
:10EF500093E707202320F40A2285EF101FE885B5E8
:10EF600083071416F5DB83274410898BF5D7832795
:10EF7000440A37071000D98F2322F40AF1BFEF109B
:10EF8000DFE58327040A056713070780D98FA9BD2A
:10EF90009777FD1F83D707ED85071777FD1F23138D
:10EFA000F7EC71B483474517858B6382071083475D
:10EFB000651393D63700AA9683C5061313F7770017
:10EFC00033D6E540058A69CE397122DC06DE26DAC1
:10EFD0004AD84ED652D456D25AD05ECE62CC66CAE9
:10EFE0002A84034545037D57FD47591562052C00CA
:10EFF00061853AC43EC69720FD1FE7802014032692
:10F00000841322478326C413B247718FF58F63148C
:10F01000E6006387F6062800EFE00F89894763F171
:10F02000A706294681451305D4179710FD1FE780D1
:10F03000007D224AB24A81490D4C854C930B500207
:10F0400093948901E1844E865285D68513DB244052
:10F05000EF00903C8D88229B058986040309DB170D
:10F060000DCDB3949C00B3649900A30E9B16850943
:10F07000E39879FD8347441793E78700230AF41642
:10F08000F2506254D2544259B259225A925A025BF7
:10F09000F24B624CD24C21618280B3149C00E1B7E8
:10F0A0008547B397E700CD8F2388F6128280828050
:10F0B00079714ECE9779FD1F9389C9D922D403A4C3
:10F0C000090A52CC56CA5AC8797AA16A370B00820B
:10F0D00026D24AD006D65EC662C466C21779FD1F24
:10F0E000130909CB938481AC7D1AFD1A7D1B8347DC
:10F0F000E4001307000D639FE7209C4098430D8BAD
:10F1000005C3B84B619BB8CB98431367870098C37E
:10F110009C438D83858B89C701000100010001009C
:10F120009730FD1FE780208A8347C404858B89C7F9
:10F13000A2850545EF208F8B83472414938BC1ABA9
:10F1400083A60B0093F7F70313979701DC56B3F7E9
:10F150006701D98FDCD6371700409307700523006D
:10F16000F704930780FA2300F70483462414B54775
:10F1700063FBD7108357270293E707012311F70298
:10F1800003A70B008327840994401CC78327C40965
:10F190005CC3DC4293E71700DCC25C57F19B93E74A
:10F1A00017005CD78355441C95470356641C910592
:10F1B000034574141777FD1FA30FF7BCC20593070F
:10F1C00010FD2307F400C181930700FC1777FD1F92
:10F1D0002300F7BCEF202FB70346741485468357EE
:10F1E0002408035764086318D60A06079387570351
:10F1F000BA979840544733F6460150C701000100C2
:10F2000098400966860710C7130600F89775FD1F1A
:10F210002382C5B87CD354C79777FD1FA38C07B64C
:10F2200090409777FD1FA38507B685471CC283468C
:10F23000C404138701AD83A70B00858A1843CDCA88
:10F240009443B705330093F6F6E794C3944393F6DB
:10F25000F6E793E6061094C31447CD8E14C79306C1
:10F26000900F34CA5457F59A54D7034764139376D2
:10F27000F7079843137707F8558F98C39720FD1F1A
:10F28000E780C0CEADB583572702C207C183BD9BBF
:10F29000C207C183E5B58945060794406318B602E5
:10F2A000D046B3754601CCC6010001009440896583
:10F2B000938797188CC6930500F81775FD1F230BCD
:10F2C000B5ACBA978607FCD2D0C6B9B7D046B375ED
:10F2D0004601CCC6010001009440896593879704DC
:10F2E0008CC6930500F81775FD1F2305B5AAD1BF7D
:10F2F0009443B705330093F6F6E794C3944393F62B
:10F30000F6E793E6061094C31447CD8E14C7930610
:10F31000900D81BF1307100D639BE75883470900C9
:10F32000858B6382074C83470900E207E18763D43A
:10F33000070A8347F40093F7070285C78357A4039E
:10F340001307204EB387E70203274409B3D7E70228
:10F350001777FD1F0347878513070705BA97231201
:10F36000F4089387C1AB9C439776FD1F9386868AEA
:10F3700083AC46009843032C0901894631830D8BE9
:10F38000832BC408835744081775FD1F035505894F
:10F39000631DD71693879718B3A5A70237460F00AA
:10F3A0001306062481463305F502EF00700C338501
:10F3B000AB40B30785013E8763E4A70063E4970190
:10F3C00033879741835764082328E40823100408EF
:10F3D00085832313F4088345C4040325441193064D
:10F3E00024031306440385899720FD1FE780A0BBF3
:10F3F0009777FD1F2381A79A03C7690483474403B6
:10F40000998F230AF4028327441183C7070013F757
:10F41000070C19E38D8B91E785471777FD1F230CA8
:10F42000F79683476900858B6397072C8347A4026F
:10F4300093E727002305F40283470900E207E187E9
:10F4400063D307028347641313D7370093F677001B
:10F4500022978547B397D7008346071393C7F7FFD3
:10F46000F58F2308F7128347F400898BDDCF2285BF
:10F47000EFB07FC55DE98347F400A309040093E77B
:10F480004700A307F400832784118DCF0347B401FD
:10F4900015CB03C79700058B15E703D7A700C84313
:10F4A000136707F02395E7009720FD1FE7804017BB
:10F4B0008357440485072312F404832784119C4353
:10F4C000232CF4108347540181CB8347C404898BD8
:10F4D00081C72285EFB03FC4834704011307200290
:10F4E0006398E7028327040AA305040293E78700D1
:10F4F0002320F40A8347140193E78700A308F4004C
:10F50000930740022308F4000DA09387970469B580
:10F5100013070006639AE70C85472308F400834726
:10F52000A40293E717002305F40283476900898B3F
:10F53000638407108347C404858B638F070E83475A
:10F5400094018507A30CF4008347F40013F7270008
:10F5500029E793E72700A307F400930700F8230E99
:10F56000F4008357A4031307204EB387E702032751
:10F570004409B3D7E7021767FD1F03472763130743
:10F580000705BA97C207C1832312F408860723111F
:10F59000F4089777FD1F23A1079622859767FD1F23
:10F5A0002388077EEFF0EFC0034564148947834545
:10F5B0005401631FF5140345841491051365250058
:10F5C000EF109FE3834754016386071E8347C404FB
:10F5D000898B6381071EA2850145EF105FB9630B1C
:10F5E0000512EF206F966DA413077006639CE70267
:10F5F0009387C1AB98437C53ED9B7CD39767FD1FEA
:10F60000238D07783717004083578701B3F7FA0037
:10F61000231CF7008347C40093F7F7FD2306F4008B
:10F620008547CDB57147E392E7F08327040A93E756
:10F6300017002320F40AD5BD2285EFB05FABE31598
:10F6400005F0A30C04002285EFB0FFA3834714014B
:10F65000A18B85CF834764018DCB83477401094714
:10F6600093F7B70F6383E7029307D003230AF404E9
:10F67000930770022308F4008347C404858BE38555
:10F6800007EC2285EFB03FAEC1B50347D4008D47EC
:10F690006317F70483477401130780026373F7024B
:10F6A000834774011D476388E702A306F40283279A
:10F6B000840A228593E717002324F40AEFF05E8181
:10F6C00019A88A071717000013074769BA979C43C0
:10F6D0002285829771F583476401D9FFB5B58347C9
:10F6E0006401E38307E622859720FD1FE7808013EE
:10F6F000E31C05E4CDB7834784018507230CF400A0
:10F7000083D7E90085071767FD1F231CF7742DBDFC
:10F7100091057DB59387C1AB9843B70633001C4371
:10F7200093F7F7E71CC31C4393F7F7E793E707103A
:10F730001CC3938701AD98431C47D58F1CC79C40C1
:10F740001307A00FB8CB9387C1AB9C43B7068000CB
:10F750009843558F98C3D857719BD8D7930720FDEE
:10F760002307F40083270412E38A07B00347F40059
:10F77000058BE30507B0D44303C6C70083C58700E4
:10F78000035584008906EF505F82E31905AE832795
:10F79000041203D7A700136707F02395E7009C43E3
:10F7A0002320F41283572404E38A07ACFD172311A6
:10F7B000F404E9B49387C1AB9843B70633001C4304
:10F7C00093F7F7E71CC31C4393F7F7E793E707109A
:10F7D0001CC3938701AD98431C47D58F1CC79C4021
:10F7E0001307A00D85B79C40FC53E39207909767E1
:10F7F000FD1F2381075AEF103FF58347090022853B
:10F80000E207E18763DA071EEFF0EF9883D729015B
:10F81000228585071767FD1F2317F764EFF08FF820
:10F8200083570404B5C713074006B3F7E702ADE3F7
:10F830009387C1B69C43898BA1C79764FD1F9384AE
:10F840006435985815CF9767FD1F83D7A761C20706
:10F850009765FD1F83D52561DD8D254502979C5851
:10F860009765FD1F83D5E55F294582979C588315D1
:10F8700024032D4582979C58830544033145829784
:10F880009767FD1F239F075C9767FD1F23AC075CED
:10F8900022852254B25092540259F249624AD24A05
:10F8A000424BB24B224C924C45616FB05FDC130768
:10F8B000200DE398E7D283471900858B63810714F5
:10F8C0009767FD1FA386074C8327040A1397270118
:10F8D000634A070E22859720FD1FE7806002854757
:10F8E0006312F50E8355441C0356641C03457414BF
:10F8F0009105C205C181EF101FC58347C404938BD6
:10F90000C1AB138C01AD858BBDCBA2850545EF1036
:10F91000FF8D03A70B00B70633001C4393F7F7E7EF
:10F920001CC31C4393F7F7E793E707101CC3032797
:10F930000C001C47D58F1CC79C401307900FB8CBF9
:10F94000930710FD2307F4009C40D44733F746018A
:10F95000D8C70F1000009C40096798C7130700F82C
:10F960001766FD1F2308E64203A60B0018423183E9
:10F970000D8B0DEF13076019F8D3D4C701B203A79D
:10F980000B00B70633001C4393F7F7E71CC31C4377
:10F9900093F7F7E793E707101CC303270C001C47F6
:10F9A000D58F1CC79C401307900D51BF18420946C4
:10F9B00031830D8B6315C7001307E04375BF130731
:10F9C000E01B5DBFEF105FD8834794018DC793F7AD
:10F9D000070F81CB9305D0032285EFB01FDBA30572
:10F9E000A4029767FD1F9387E71A9C5B89C795451B
:10F9F0001305500882972285EFC0AF9F51BD9C40F0
:10FA0000FC53639607EE9767FD1F23850738EF10B9
:10FA1000BFD3D5B7411106C6EFB0EF999767FD1F69
:10FA20009387474317F7FFFF130767CE23AAE70A19
:10FA3000B24017F7FFFF130767E223ACE70A97F717
:10FA4000FFFF9387276723ACF1B6410182803971AC
:10FA500022DC3704400026DA4ED6AE84AA8993050C
:10FA6000E4FF054506DE4AD8EF20EEAE498C1317B9
:10FA70000401418321839317840013590401D98F12
:10FA8000231601001379F90F10088A854E85231774
:10FA9000F100A306210102C002C202C402C802CAC8
:10FAA00002CC02CEEF106FE88347E1010347D1019A
:10FAB000A3818400A2074207BA970347F10121807E
:10FAC00023828400BA97F25062542380F40013D743
:10FAD0008700C183A3822401A380E4002381F40072
:10FAE0004259D254B2592161828001111946976559
:10FAF000FD1F9385C50B1765FD1F1305254406CE15
:10FB000022CC26CA4AC891644EC69710FD1FE780D2
:10FB100080CB9385F4FF0145EF20AEA12A84FD55EB
:10FB20000145EF204EA3A287FD147D5933F79700BE
:10FB3000B366E500F9C6631425016304970C1767E3
:10FB4000FD1F2305F740A18393E707FC91694164FA
:10FB50001767FD1F232AA73E1767FD1FA308F73E5F
:10FB6000FD191769FD1F1309E92E7D14CE85014586
:10FB7000EF202E9CAA84FD550145EF20CE9DB36752
:10FB80009500EDD7FD576314F500E38134FF9767C7
:10FB9000FD1F239EA73A935705011767FD1F2309F1
:10FBA000F73A935785011767FD1FA303F73A976745
:10FBB000FD1F2380973AA18093F4F4039767FD1FFC
:10FBC000A38997388317890E42054185618DE18F9E
:10FBD0006312F5020317C90F8317A90E618FE18F16
:10FBE000631AF7000317E90F8317C90E618FE18FBE
:10FBF000E30EF7F6F2406244D2444249B24905614D
:10FC00008280A6850145EF20CE922A84FD550145CC
:10FC1000EF206E94A28719BF11CE93070002918F37
:10FC2000635BF0003355C500B397F50033D6C500CC
:10FC30005D8DB2858280130506FE014633D5A50091
:10FC4000B285CDBF11CE93070002918F635BF000A8
:10FC5000B395C500B357F5003316C500DD8D328569
:10FC60008280930506FE0146B315B5003285CDBFEF
:10FC7000B687B2882A832E88639D061463F9C50A65
:10FC80004167636EE61AB70700016363F634935663
:10FC90008601E147171700001307075136970347FE
:10FCA0000700BA97130700021D8F19CB3398E500A0
:10FCB000B357F500B318E60033E807013313E50046
:10FCC00013D608013355C80293960801C182935791
:10FCD00003013377C802B385A60242073368F700F1
:10FCE000637AB80046989307F5FF63641801636769
:10FCF000B8303E853308B8403357C8024203135327
:10FD000003013378C802B386E6024208336868000C
:10FD1000637BD80046989307F7FF6365180179174E
:10FD20006363D8003E874205598D8145828001E694
:10FD30000547B358C702416763EAE80EB7070001F9
:10FD400063ECF82893D68801E147171700001307E2
:10FD5000A745369783460700BE9693070002958F06
:10FD6000E5EB939E08013387154113DF080193DE0D
:10FD70000E018545935703013355E7033377E703B6
:10FD8000B306D5034207D98F63FAD700C697130786
:10FD9000F5FF63E4170163E6D7263A85958F33D7DD
:10FDA000E703420313530301B3F7E703B30ED7038B
:10FDB000C207B3E7670063FBD701C6979306F7FF57
:10FDC00063E51701791763E3D70136874205598D3B
:10FDD000828063E2D504C16763E2F604B7070001DD
:10FDE00063E4F61E13D786016148971700009387D6
:10FDF000A73BBA9703C70700130E00024297330EC2
:10FE0000EE40631A0E0C63EDB61C3335C500134586
:10FE10001500814582808145014582809307F00F5E
:10FE200063F3D71C13D786002148C1B71307F00F1F
:10FE3000C686E37C17F193D68800A14739B713072C
:10FE4000F00FB286E378C7E493568600A14799B5D0
:10FE5000B398F80033D6D50013DF0801335EE6030C
:10FE60003397F500B356D500558F939E080193DE66
:10FE70000E013313F50093550701B376E603B387FC
:10FE8000CE03C206CD8E63FBF600C6961306FEFFB8
:10FE900063E4161763F2F616791EC6969D8E33D666
:10FEA000E60393170701C183B3F6E6033385CE0259
:10FEB000139706015D8F637BA70046979307F6FFB4
:10FEC000636817136376A7127916469793150E0188
:10FED000098FD18D45B5B357E600B396C601DD8EC7
:10FEE00033D3E50013DF0601B357E303939E060106
:10FEF00093DE0E013398C5013357E50033680701DF
:10FF0000935808013316C6013373E303B385FE0229
:10FF10004203B368130163FBB800B6981387F7FF79
:10FF200063EAD80C63F8B80CF917B698B388B840F0
:10FF300033D7E803420813580801B3F8E8033383C2
:10FF4000EE02C208B3E5080163FB6500B69513082D
:10FF5000F7FF63EDD50863FB65087917B695C2070F
:10FF6000416FD98F1307FFFFB3F6E70093D807015E
:10FF7000718F4182B38EE602B3856540B386C602B7
:10FF800013D80E013387E802BA96C2963386C802A8
:10FF900063F3E6007A9693D80601469663E2C502BB
:10FFA0006385C5003E858145828041677D17F98E56
:10FFB000C206B3FEEE003315C501F696E374D5FE16
:10FFC0001385F7FF8145828013D70601414831BD73
:10FFD00093560601C1477DB993D60801C147B5B311
:10FFE0008145054582803687014801B5428785BF36
:10FFF0003E86E9BDBA871DBF328E4DB5791546984C
:020000040003F7
:10000000D5B97915C69759BBB68732882A832E870A
:100010002E8E6393061463F1C50A41676378E61A6E
:100020001307F00FB2866375C70093568600A14789
:100030001717000013074717369703470700930861
:100040000002BA97B388F840638C0800B395150195
:10005000B357F5003318160133EEB700331315010B
:1000600013560801B357CE02131508014181935668
:100070000301337ECE02B307F502420E3367DE0082
:100080006378F7004297636507016373F70042974F
:100090001D8FB356C70293170301C1833377C7027D
:1000A0003305D5024207D98F63ECA7083385A740F3
:1000B000335515018145828001E605473358C70253
:1000C0004167636CE80EB70700016365F82A935631
:1000D0008801E147171700001307070D36970347FC
:1000E000070093080002BA97B388F840639A081E85
:1000F000131E0801B385054113560801135E0E0156
:1001000013570301B3D6C502B3F5C502B386C603C0
:10011000C2054D8F6377D700429763640701636A16
:10012000D726158F3355C702420313530301337784
:10013000C7023305C5034207B367670063F8A7002A
:10014000C29763E5070163F3A700C2973385A74011
:1001500033551501814582802A88E3EED5F4C167C5
:1001600063E5F604B707000163E2F62013D38601C6
:10017000E14897170000938727039A9703CE07005B
:1001800013030002469E3303C3416319030463E46F
:10019000B6006369C5003308C540958D3337050146
:1001A0003387E5404285BA8582809307F00F63FB71
:1001B000D71C13D38600A1486DBF1307F00FC2866A
:1001C000E37A07F193568800A14729B7B7070001E2
:1001D0006366F61A93568601E14799BDB357C60187
:1001E000B3966600DD8EB3D8C50113D70601B3DE22
:1001F000E802139F0601B357C501135F0F01B395C2
:100200006500DD8D13D805013316660033156500D2
:10021000B3F8E802B307DF03C20833E80801637BE1
:10022000F80036989388FEFF6363D8166371F8165A
:10023000F91E36983308F840B357E802C205C18169
:100240003378E802330FFF02131708014D8F637BE9
:10025000E70136979385F7FF6369D7126377E71352
:10026000F9173697C20EC162B3EEFE001388F2FF93
:10027000B3F80E019355060193DE0E0133780601A3
:10028000B38F08033307E74133880E0393D70F0179
:10029000B388B802C298C697B38EBE0263F3070153
:1002A000969E41687D1893D50701B3F70701C207F1
:1002B000B3FF0F01F695FE976362B70A630EB708A6
:1002C000B307F5403335F500B305B740898D339E4C
:1002D000C50133D567003365AE00B3D565008280B4
:1002E0003318180133D7F50013560801B356C70267
:1002F000131E0801B357F500135E0E01B3951501E7
:10030000DD8D93DE0501331315013377C702B30783
:10031000DE0293160701B3E6D60163F8F600C29633
:1003200063E5060163F3F600C2969D8E33D7C602DD
:1003300093970501C183B3F6C6023307EE02939586
:100340000601DD8D63F8E500C29563E5050163F301
:10035000E500C295998D6DB3E374F5F63386C74019
:10036000B3B7C700B6979D8DB28799BF13D3060167
:10037000C14801B593560801C147A9BB9356060170
:10038000C1477DB136838148EDB3AE87E1BDC68EEE
:1003900055B5429779B301476314E6000145828061
:1003A000B307E5000507B386E50083C7070083C6EA
:1003B000F6FFE383D7FE3385D7408280B3C7A5001D
:1003C0008D8B3307C50081E78D4763EEC700AA8791
:1003D0006370E50A83C6050085078505A38FD7FEF0
:1003E000E3EAE7FE828093763500AA8791CA83C646
:1003F000050085078505A38FD7FE93F63700FDB767
:100400009376C7FF138606FE63F0C70683A3050035
:1004100083A2450083AF850003AFC50083AE05010D
:1004200003AE450103A3850183A8C5019385450259
:1004300023A0770003A8C5FF23A2570023A4F70138
:1004400023A6E70123A8D70123AAC70123AC67008D
:1004500023AE17019387470223AE07FF75B790417C
:100460009107910523AEC7FEE3EBD7FEE3E4E7F681
:10047000828063F3A504B386C500637FD5029345EC
:10048000F6FF8147FD176393F50082803387F600FE
:10049000034807003387C7002A9723000701DDB709
:1004A0003387F500834607003307F50085072300EF
:1004B000D700E317F6FE82808147E5BF93F5F50F7D
:1004C0008347050091C76393B70082800505CDBFC0
:1004D00091C101458280AA87850703C7F7FF6DFF99
:1004E0003385A7407D1582800347050083C705003B
:1004F00001E791C301458280814701A88347150028
:1005000013071500E5DB81473A853387F50003477C
:10051000070075D3B306F50083C60600E390E6FE38
:1005200085072A87D5B70000F401FA009600640019
:100530004B0032001E00140043483538785F424CAF
:10054000455F4C49425F56322E31000053706C6952
:10055000744143007361632F76310000EA5E00004E
:100560000A5F00000E5F00001A5F0000225F0000BB
:100570002A5F0000325F0000665F0000B65F000087
:10058000F65F00000460000026600000326000009A
:100590003E6000004E6000005E6000006E60000083
:1005A0007E6000008E6000009E600000AE60000073
:1005B000D27D0000007E00001C7E0000DE7F000077
:1005C000DE7F0000DE7F0000DE7F0000DE7F0000B7
:1005D000DE7F0000DE7F00003C7E00005A7E0000CF
:1005E000727E00008A7E0000B07E0000D27E000095
:1005F000DE7F0000DE7F0000F47E00001E7F000032
:100600005E7F0000A28000001C810000528200007A
:10061000688200007082000036810000588100006E
:100620008A810000BC810000EE810000168200007B
:100630003E8200005282000068820000708200004A
:1006400078820000828200008C8200009682000086
:10065000B6820000C8820000D2820000DC82000066
:100660007561727433207278000000000100FFFF92
:10067000FFFFFFFFFFFFFFFFFFFFFFFFFFFFFFFF8A
:10068000FFFF0706FFFFFFFFFFFFFFFFFFFF020463
:100690000503000076B000007AB00000DAB0000078
:1006A0007EB0000082B0000054AC000054AC0000EA
:1006B000A0B000003AB00000F6B500001AB6000085
:1006C000A4B60000B8B60000CEB6000054AC0000DE
:1006D00054AC000054AC0000E6B60000F0B60000D8
:1006E000B0B7000032B800004AB8000058B80000A7
:1006F00048B9000022AA000012BA000022AA000095
:1007000080BA0000EEC00000B4BB0000DEBB0000F9
:1007100018BC000046BC000022AA000076BC000005
:100720001EBD0000CCBD000086BE00001ABF000048
:1007300022AA000022AA000092C000008813000034
:1007400010270000204E0000409C000060EA0000DE
:10075000C0D4010080A90300495056345636000029
:10076000495000002F6400002F6D2F64000000002E
:100770002F6D2F75000000002F7500004F4B0000FB
:100780004552524F520000002B434D4520455252D6
:100790004F523A002B434D53204552524F523A008C
:1007A0002B4D485454504352454154453A000000A3
:1007B0002B4D485454505552433A202265727222B0
:1007C0002C0000002B4D485454505552433A2022DF
:1007D00072656376222C00002B4D485454505245CC
:1007E00041443A002B4D5154545552433A20226310
:1007F0006F6E6E222C302C002B4D515454555243A9
:100800003A202274696D656F7574222C302C0000BB
:100810002B4D5154545552433A20227375626163F3
:100820006B222C302C0000002B4D51545455524358
:100830003A202270756261636B222C302C0000001C
:100840002B4350494E3A00005245414459000000A4
:100850002B43455245473A002B4353513A00000081
:100860002B434553513A00002B43434C4B3A000075
:10087000415445300D0A000041542B434744434F37
:100880004E543D312C220000222C2200220D0A0061
:1008900041542B4D485454504352454154453D22F8
:1008A000000000006361636865640000656E636F4B
:1008B00064696E670000000041542B4D4854545049
:1008C0004845414445523D002C302C302C22526189
:1008D0006E67653A2062797465733D0041542B4D13
:1008E00048545450524551554553543D0000000062
:1008F0002C312C302C22000041542B4D48545450A4
:10090000524541443D0000002C312C0041542B4DF8
:100910004854545044455354524F593D0000000030
:1009200041540D0A0000000041542B4350494E3FF2
:100930000D0A000041542B43434C4B3F0D0A00006D
:1009400041542B43455245473F0D0A0041542B4D1E
:100950005154544346473D226B656570616C69761E
:1009600065222C302C00000041542B4D515454432F
:1009700046473D22636C65616E5F73657373696F93
:100980006E222C302C00000041542B4D5154544306
:100990004F4E4E3D302C2200222C22222C22220DA2
:1009A0000A00000041542B4D5154545355423D30E0
:1009B0002C22000041542B4D5154545055423D308F
:1009C0002C2200002C302C302C00000041542B43F2
:1009D0004553510D0A0000002F0000006874747028
:1009E0003A2F2F0041542B4D485454504346473D15
:1009F000220000007075626C697368003031323318
:100A0000343536373839414243444546000000000A
:100A10002B4D5154545552433A0000008818481841
:100A2000F2178317F716481675157D1461132512F2
:100A3000CF10690FFC0D920C340BE909B6089F0723
:100A4000A406C50502055704C3034403D502770273
:100A50005CD700005ED6000010D8000078D80000F7
:100A6000C4D8000022D70000424C452061647620A3
:100A70006461746100000000303132333435363740
:100A800038394142434445460000000063686172C2
:100A900032207278000000009AE00000C0E0000000
:100AA00032E100009EE10000D8E1000006E2000013
:100AB00018E2000000030205000305010406020419
:100AC0001F1C1F1E1F1E1F1F1E1F1E1F76EE000055
:100AD00080EE0000B8EE0000D0EE0000DCEE00007A
:100AE000E8EE000030EF00006AEF000096EF000033
:100AF0009CEF0000A2EF000020F2000036F20000A0
:100B0000C2F20000CCF20000DCF20000C2F20000F1
:100B1000C2F20000FE006578706572696D656E74E2
:100B2000616C00004669726D77617265205265766E
:100B30006973696F6E000000486172647761726565
:100B4000205265766973696F6E0000004D616E75A5
:100B50006661637475726572204E616D6500000098
:100B60004D6F64656C204E756D626572000000000B
:100B700053657269616C204E756D6265720000008C
:100B8000536F667477617265205265766973696F19
:100B90006E000000580C0100800C0100A80C010040
:100BA000C00C0100DA0C0100FC0C0100240D010056
:100BB0004C0D0100640D01007E0D01002A57FEFF5F
:100BC0009E57FEFF1258FEFF1258FEFFAE57FEFF63
:100BD0001258FEFFC657FEFFE857FEFF1258FEFFF1
:100BE0000258FEFF5658FEFF7658FEFFF258FEFFF1
:100BF0008858FEFFF258FEFFF258FEFFF258FEFF43
:100C0000AA58FEFFF258FEFFF258FEFFF258FEFF10
:100C1000CE58FEFF7E7C02004E6A0100BA7C0200C4
:100C2000D0770100367D02009C770100F07D020044
:100C3000687701008C7E0200E6820100DA7E020005
:100C4000E6820100347F020038820100F07D02005C
:100C500008770100C87F0200547A010000000000FC
:100C60000000000012800200E07A0100848002008F
:100C7000D26A01009CAAFEFF9CAAFEFFC2AAFEFF48
:100C8000DAAAFEFFE2AAFEFFEAAAFEFFF2AAFEFF30
:100C9000FAAAFEFF02ABFEFF0AABFEFF12ABFEFF9D
:100CA0004AABFEFF52ABFEFF1AABFEFF0101020191
:100CB0000201010201020404060104010101010113
:100CC000040402010400000001010201020101020A
:100CD00001010404060104010101010104010201F2
:100CE0000100000028B8FEFF34B8FEFF76B8FEFF12
:100CF0009CB9FEFFA6B9FEFFEAB9FEFF2CBAFEFFC3
:100D00006ABAFEFFA2BAFEFF3AB9FEFFD6BAFEFFEC
:100D100060BBFEFF82C7FEFF5EC7FEFF82CAFEFF0A
:100D2000DECAFEFFE6CDFEFF00CCFEFF46CCFEFF96
:100D30008ACCFEFFC2CCFEFF06CDFEFF5EC7FEFFE3
:100D40004ACDFEFFC0CDFEFF000000000000000005
:100D50000000000000000087B0F70100EE0902006B
:100D600086F80100500A0200AAF801004AF90100C1
:100D700078F90100BCF901005A090200CA08020012
:100D8000E8FA010014FB010086FB01002CFC0100C5
:100D90003A0802004C0702005A0602003CED01002E
:100DA000DEFC010032FD0100640D0200FC0C0200BB
:100DB00064FD01000CFF010060000200EA00020077
:100DC00016010200BA0D0200BE0D0200AC010200C5
:100DD000EE010200C20D0200C60D0200CA0D0200A3
:100DE000CE0D0200BC0B0200380202001603020006
:100DF000D20D0200D60D0200C2030200200602003E
:100E000043483538785F424C455F4C49425F563223
:100E10002E3133004C4EFFFF5A4EFFFF624EFFFF54
:100E2000684EFFFF6E4EFFFF8E4EFFFF964EFFFF98
:100E30009C4EFFFFA64EFFFFAC4EFFFFB24EFFFFE2
:100E4000B84EFFFFBE4EFFFFCA4EFFFFD04EFFFF62
:100E5000D64EFFFF184FFFFFDC4EFFFFE24EFFFFB5
:100E6000E84EFFFFEE4EFFFFFA4EFFFF184FFFFF69
:100E7000184FFFFF184FFFFF184FFFFF184FFFFFDE
:100E8000184FFFFF184FFFFF184FFFFF044FFFFFE2
:100E9000F44EFFFF184FFFFF0A4FFFFF124FFFFFF7
:100EA0001454FFFF4054FFFF6254FFFF7854FFFFCC
:100EB0008C54FFFFA854FFFFC654FFFFD654FFFF1A
:100EC000F054FFFF0655FFFF2855FFFF3E55FFFF7B
:100ED0005255FFFF6655FFFF8455FFFF9455FFFFF6
:100EE000AE55FFFF4057FFFF5457FFFF6A57FFFF04
:100EF0008857FFFFFA58FFFFD057FFFFCE55FFFF7F
:100F0000E657FFFFF657FFFF2056FFFF2056FFFF73
:100F1000E056FFFFEA56FFFFFE57FFFFAA57FFFF0D
:100F20000E58FFFF8058FFFFC258FFFF5C5BFFFFBA
:100F3000D658FFFFD658FFFFAA5AFFFF6A59FFFF96
:100F4000B858FFFF525BFFFFD658FFFF4C5AFFFF18
:100F5000E25AFFFFD658FFFFD658FFFFD658FFFFD3
:100F6000D658FFFFD658FFFFD658FFFFD658FFFFD1
:100F7000D658FFFFD658FFFFD658FFFF2C59FFFF6A
:100F8000F65CFFFFD85DFFFFAA5DFFFF105EFFFF6D
:100F9000105EFFFF885EFFFFCC5EFFFFD85DFFFFA6
:100FA000D85DFFFFD85DFFFFD85DFFFFD85DFFFF75
:100FB000D85DFFFFD85DFFFFD85DFFFFD85DFFFF65
:100FC000D85DFFFFD85DFFFFD85DFFFFEC5EFFFF40
:100FD000EC5EFFFFD85DFFFFD85DFFFFD85DFFFF30
:100FE000D85DFFFFD85DFFFFD85DFFFF465FFFFFC5
:100FF000465FFFFFB263FFFFBC63FFFFD263FFFFEB
:10100000DE63FFFFF263FFFFFA63FFFF0064FFFF91
:101010000864FFFF1064FFFF1664FFFF1C64FFFFFE
:101020002464FFFF2A64FFFF3064FFFF3864FFFF82
:101030007264FFFF7264FFFF3E64FFFF4864FFFFBE
:101040004E64FFFF5464FFFF5A64FFFF6264FFFFBA
:101050006C64FFFF5264FFFF6E64FFFF8264FFFF5A
:101060009A66FFFF9A64FFFFF464FFFF0865FFFFC5
:101070001C65FFFF3465FFFF4C65FFFF5C65FFFFEC
:101080007465FFFF9A66FFFF8C65FFFF9A66FFFF9E
:101090009A66FFFF9E65FFFFC265FFFFE665FFFFE3
:1010A000FA65FFFF0866FFFF1A66FFFF5C66FFFF39
:1010B000FB349B5F800000800010000000000000F7
:1010C000070B0D1113171D1F25292B2F353B3D43F2
:1010D00047494F535961FF007093FFFFAC93FFFFE7
:1010E000D894FFFF7C95FFFF8C95FFFF7896FFFF5C
:1010F0001096FFFFE696FFFF9497FFFFFC92FFFF1D
:101100008294FFFF2494FFFF6096FFFFF8E3020044
:10111000F8DB0200AEDB0200CEE002009EE002003F
:1011200070E0020030E0020002E00200E4E10200B0
:10113000E8E102007CDE0200ECE102003CDE02009D
:10114000F0E1020018DE0200F4E10200EADD020034
:10115000DADD0200A2DD0200F8E1020080DD02001B
:10116000FCE1020000E2020004E2020008E20200E8
:10117000B2DB0200C6DB02000CE2020010E2020059
:1011800014E2020018E20200DCE1020016DD0200B7
:101190008CDC0200E0E102007AE1020014E10200CE
:1011A000CADB020000010202030303030404040477
:1011B00004040404050505050505050505050505E3
:1011C00005050505060606060606060606060606C3
:1011D00006060606060606060606060606060606AF
:1011E0000606060607070707070707070707070793
:1011F000070707070707070707070707070707077F
:10120000070707070707070707070707070707076E
:10121000070707070707070707070707070707075E
:101220000707070708080808080808080808080842
:10123000080808080808080808080808080808082E
:10124000080808080808080808080808080808081E
:10125000080808080808080808080808080808080E
:1012600008080808080808080808080808080808FE
:1012700008080808080808080808080808080808EE
:1012800008080808080808080808080808080808DE
:1012900008080808080808080808080808080808CE
:1012A000080808082B43434C4B3A0000E0FE0000BE
:1012B00002000000AC120300E1FE00002A2A000038
:1012C000262A0000272A0000292A0000242A0000DC
:1012D000502A0000252A00000A1800000200000021
:1012E000D8120300282A0000232A0000E0FF000093
:1012F00002000000EC120300E1FF0000E2FF00002A
:10130000E3FF00000200000024130300012A000094
:10131000A62A00000129000003280000022900007D
:10132000002A00000018000001180000042A000034
:101330000028000001280000052A0000411122C4F5
:1013400026C21754FD1F1304E48C9754FD1F938489
:101350002488944858409387019F06C69C43639F06
:10136000E60682975440B74736FE938707C8B6977C
:101370003387A7003A856364F7006364D7003305B9
:10138000D7409754FD1F9384A4A09C4C91CB938786
:1013900001AD94433707CDFF7D179C46F98F9CC65E
:1013A00011E148409747FD1F9387C77EDC53829722
:1013B00019E59C4C99CFEF003F82EFF0DEEB9C4C9F
:1013C00089CB938701AD9843B70633001C47D58F6F
:1013D0001CC7B240224492444101828082979848BF
:1013E0009747FD1F83C7577C54401D8FB307A70045
:1013F0003E8563E4E700E3E6D7F83385D74051B78D
:1014000053706C697441430000000000000000004C
:10141000400000000000000000000000000000008C
:1014200000000000010000000000000000000000BB
:1014300000000000000000000000010000000000AB
:10144000000000000000000000000000008000001C
:10145000000000000000000000000000000000008C
:1014600006D10000C8CE0000CACE000053706C69DF
:101470007441430000000000000000000000000074
:10148000000000000102030405000000000000004D
:1014900088991111230000000000000000000000E6
:1014A000000000000000000000000000000000003C
:1014B000000000000000000000000000000000002C
:1014C000000000000000000000000000000000001C
:1014D000000000000000000000000000000000000C
:1014E00000000000000000000000000000000000FC
:1014F00000000000000000000000000000000000EC
:101500000000000000000000020000003013030093
:1015100001000000B01203000200000018130300D5
:1015200001000000F326002002000000B8120300B2
:1015300003000000922800200200000014130300A2
:10154000010000009023002064F80000CCF70000A8
:10155000000000004F5441204368616E6E656C00CE
:10156000020000003013030001000000DC12030041
:1015700002000000181303000100000006270020ED
:1015800002000000E8120300010000009C28002077
:10159000020000001813030001000000F8260020DC
:1015A00002000000CC12030001000000600B0300E9
:1015B00002000000181303000100000004270020AF
:1015C00002000000D412030001000000700B0300B1
:1015D000020000001813030001000000F52600209F
:1015E00002000000C012030001000000240B0300F1
:1015F000020000001813030001000000F62600207E
:1016000002000000C412030001000000380B0300B8
:10161000020000001813030001000000052700204D
:1016200002000000E412030001000000800B030030
:10163000020000001813030001000000F72600203C
:1016400002000000C8120300010000004C0B030060
:10165000020000001813030001000000F42600201F
:1016600002000000BC12030001000000140B030084
:1016700002000000181303000100000003270020EF
:1016800002000000D012030001000000FC26002030
:101690003AF9000000000000000000000200000015
:1016A0003013030001000000F012030002000000EC
:1016B00018130300010000000727002002000000AB
:1016C000F812030003000000285A00200200000066
:1016D0001413030001000000B425002002000000E4
:1016E0001C13030003000000A428002002000000D7
:1016F000181303000100000008270020020000006A
:10170000FC12030002000000A05A002002000000AA
:101710001413030001000000C8250020020000008F
:101720001C13030003000000A82800200200000092
:101730001813030001000000092700200200000028
:101740000013030000000000185B002002000000EE
:101750001C13030003000000AC280020020000005E
:101760001413030001000000DC250020B6FB00007C
:10177000E8FA00000000000043686172616374656C
:1017800072697374696320310000000043686172FC
:1017900061637465726973746963203200000000CC
:1017A000436861726163746572697374696320333D
:1017B00000000000020000003013030001000000E0
:1017C00004130300020000001813030001000000CE
:1017D0001327002002000000201303000100000076
:1017E00000000000020000001813030001000000C8
:1017F00010270020020000000C130300010000006D
:10180000302900200200000018130300010000002E
:1018100014270020020000002C1303000100000028
:101820001827002002000000181303000100000028
:101830001227002002000000101303000100000026
:1018400011270020AC5E01000260010000000000D2
:1018500002000000301303000100000024270020D4
:101860000200000018130300010000002F270020D1
:101870000200000038130300000000000000000018
:10188000020000001C130300030000000000000021
:1018900000000000606C01000000000002CF0000AA
:1018A00034D600004AD50000FF007800020A00008C
:1018B000FFFFFFFFFFFFFF0E020202020200000017
:1018C00001D70700001001020202021A18100000DE
:1018D000C3812F0102010202020000005000A0009B
:1018E0000000E803FFFF00000200000028130300CF
:1018F0000100FF20010502010110010102010000A9
:0419000000000000E3
:020000040006F4
:10D000006F00101D000000000000000090000020D4
:10D0100092000020A9BDF9F3940000200000000058
:10D020000000000096000020980000200000000092
:10D03000000000009A000020000000009C0000207A
:10D04000000000009E000020A0000020A2000020A0
:10D05000A4000020A6000020A8000020AA000020B4
:10D06000AC000020AE000020B0000020B200002084
:10D07000B4000020B6000020B8000020BA00002054
:10D08000BC000020BE000020C0000020C200002024
:10D09000C400002001A001A001A001A001A001A0E6
:10D0A00001A001A001A001A001A001A001A001A078
:10D0B00001A001A001A001A001A001A001A001A068
:10D0C00001A001A001A001A001A073270080B71753
:10D0D0000020218B9387479D01CB7327008098C345
:10D0E00098435D9B731007800F10000037170040B6
:10D0F000930670052300D704930680FA2300D70413
:10D100000F1000008346B70493F6F60DA305D7046D
:10D1100023000704732600809443A18AD18E739064
:10D12000068023A007000F1000009376050263809D
:10D1300006180347A700118B3DE373270080218B5E
:10D1400001CB7327008098C398435D9B73100780C1
:10D150000F10000037170040930670052300D70416
:10D16000930680FA2300D7040F1000008346A7001F
:10D1700093E646002305D70023000704F32600802A
:10D180009843218B558F7310078023A007000F1041
:10D1900000001307004B010001007D176DFF73278E
:10D1A0000080218B01CB7327008098C398435D9B3F
:10D1B000731007800F1000003717004093067005AA
:10D1C0002300D704930680FA2300D7040F10000031
:10D1D0007D892314A7000100010001000100230044
:10D1E0000704F32600809843218B558F7310078026
:10D1F00023A007000F10000073270080218B01CBB4
:10D200007327008098C398435D9B731007800F10AD
:10D21000000037170040930670052300D7049306DB
:10D2200080FA2300D7040F1000000F100000B7266B
:10D23000004013061005A383C68023000704F326CD
:10D2400000809843218B558F7310078023A007001F
:10D250000F10000073270080218B01CB7327008003
:10D2600098C398435D9B731007800F100000371719
:10D270000040930670052300D704930680FA23002C
:10D28000D7040F1000008346B70493E60608A305F1
:10D29000D70423000704F32600809843218B558F81
:10D2A0007310078023A007000F1000008280937680
:10D2B0000504638706140347A700418B3DE37327EA
:10D2C0000080218B01CB7327008098C398435D9B1E
:10D2D000731007800F100000371700409306700589
:10D2E0002300D704930680FA2300D7040F10000010
:10D2F0008346A70093E606012305D7002300070411
:10D30000F32600809843218B558F7310078023A04C
:10D3100007000F1000001307007D010001007D17BA
:10D320006DFF73270080218B01CB7327008098C38A
:10D3300098435D9B731007800F1000003717004063
:10D34000930670052300D704930680FA2300D704C0
:10D350000F1000009376F50193E606042314D7001E
:10D36000010001000100010023000704F3260080F2
:10D370009843218B558F7310078023A007000F104F
:10D38000000013076004631FE50273270080218BF0
:10D3900001CB7327008098C398435D9B731007806F
:10D3A0000F10000037170040930670052300D704C4
:10D3B000930680FA2300D7040F100000B726004020
:10D3C000094695BD73270080218B01CB7327008010
:10D3D00098C398435D9B731007800F1000003717A8
:10D3E0000040930670052300D704930680FA2300BB
:10D3F000D7040F100000B72600401306200525BDF6
:10D4000073270080218B01CB7327008098C398433A
:10D410005D9B731007800F100000371700409306C4
:10D4200070052300D704930680FA2300D7040F1059
:10D4300000008356870093E6060C2314D700F5BB43
:10D440004111814601468145114506C6212C7327AD
:10D450000080B7170020218B9387479D01CB73274E
:10D46000008098C398435D9B731007800F100000E5
:10D4700037170040930670052300D704930680FAFF
:10D480002300D7040F1000008346670493E61600BC
:10D490002303D70423000704F32600809843218B3D
:10D4A000558F7310078023A007000F100000B240B3
:10D4B00041018280814601468145114565227327DD
:10D4C0000080B7170020218B9387479D01CB7327DE
:10D4D000008098C398435D9B731007800F10000075
:10D4E00037170040930670052300D704930680FA8F
:10D4F0002300D7040F100000FD562316D702230087
:10D500000704F32600809843218B558F7310078002
:10D5100023A007000F10000073270080218B01CB90
:10D520007327008098C398435D9B731007800F108A
:10D53000000037170040930670052300D7049306B8
:10D5400080FA2300D7040F1000008346670493E697
:10D5500016002303D70423000704F3260080984312
:10D56000218B558F7310078023A007000F10000038
:10D5700001A0BD473305F50201007D1575FD8280D0
:10D58000411122C426C206C6AA840144631794002E
:10D59000B240224492444101828005041305803E3A
:10D5A0004204C13F4180DDB72303048015472303B4
:10D5B000E48001002302A480828083076480E3CE9C
:10D5C00007FE23030480828083076480E3CE07FE86
:10D5D00003454480828083076480E3CE07FE2302F4
:10D5E000A4808280411126C44AC24EC006C6137769
:10D5F000F50BAD47AA892E8995446306F7001945B6
:10D600006537653F8D444E854537FD59FD14639858
:10D610003401B240A244124982494101828013552B
:10D6200009011375F50F453F2209CDB7011126CC2D
:10D6300006CEB704080051371545BD377137693735
:10D640002AC6A53F32459377150089EB136515006F
:10D650001375F50FF240E24405618280FD14E9FC88
:10D660000145CDBF397126DC4ADA4ED852D656D4A0
:10D670005AD25ED006DE62CE66CCB7E700E07D57B8
:10D6800083AA070022C603AA470023A0E71823A203
:10D69000E718B7170040130770052380E704130746
:10D6A00080FA2380E70483C74704930B75FFB68491
:10D6B000E20793FBFB0F8546AA892E8B328937241C
:10D6C0000040E187015763FA76016308D500894677
:10D6D000130700026313D5000157D98F93F7F70F93
:10D6E000B71C00402382FC0411472303E480130588
:10D6F000F00F5D3D094CD135636D7C11B705070016
:10D70000DA9537870700795563F2E504B38795000A
:10D71000636EF702370B0800A94733EB6501639985
:10D72000F90689E48144513D26850DA0DA85094535
:10D73000553D05090345F9FFFD14050B693D81C4FD
:10D740009377FB0FFDF7DD3569FD7D55B717004079
:10D75000130770052380E704130780FA2380E7048A
:10D7600003C74704418B2382E704F250B7E700E088
:10D7700023A0571123A24711E25432445259C259EF
:10D78000325AA25A125B825B724CE24C2161828057
:10D79000A5476395F90685691309F00FB30699004B
:10D7A000B3742B01B6941349F9FFB3749900856BD8
:10D7B00033796901416B9387F9FFB3F7270199E347
:10D7C00063FC340193D94900C147E3E637FF99BFB1
:10D7D0000569C1697D19D9B71305800D6388690191
:10D7E000130500026384790113051008CA85DD3B27
:10D7F000353D21DD4E99B3843441D9B7DA852D45C5
:10D80000D533CA94E30099F205097D3BA30FA9FE25
:10D81000D5BF9387F9FF93F7F70F6361FC0C83C7BC
:10D820001C0413073008631FF70437070800636BF5
:10D83000EB04B3079B00B706100063F5D704334B26
:10D84000EB0089476393F9068980D549E38C04ECA2
:10D85000DA850945413B11090327C9FF9147232078
:10D86000E48003076480E34E07FE23033481FD1741
:10D87000EDFBFD14110B81C49377FB0FE9FF7D33A2
:10D8800071F5E1B5B717004003C75704B7070800A3
:10D890001377070219E3B78707007955E378FBEAA6
:10D8A00033079B00E3FFE7F855B58547E382F9F2BC
:10D8B000DA852D45053B9389F4FFE38504E629339A
:10D8C00093F7390091EB832604800327090093071F
:10D8D0004900E39AE6E43E89CE84F1BFB5476396FA
:10D8E000F9001305900BC93135BDB1471305B00AD6
:10D8F000E38BF9FE99476391F904B7050800B36516
:10D90000BB002D45C53181448D4BA14975396396C6
:10D910007401832704802320F9008504E39834FFF1
:10D920008327048013172B01635507002312F90086
:10D93000D5BB2322F900FDB39D476399F9028145C8
:10D940001305B0044531BD442320090023220900FA
:10D95000FD599D3993F77400CA9703C70700FD145A
:10D96000398D2380A700E39634FF6DBBA1476392F6
:10D97000F9046D398144630D0B008D479304C00396
:10D980006308FB009304000563048B0193044004C7
:10D990001375C507E30895D8194539313939054557
:10D9A000213126850D3909453D314931E31C05D624
:10D9B00069BB91476399F90013056006F536F53E9A
:10D9C000130590090DB7E38F09D4F154A9BB0000EA
:10D9D0009741F91F9381018017A1F91F13018162FB
:10D9E00017F5FFFF130545629725F91F938585619C
:10D9F0001736F91F1306C6FD63FAC500832205001A
:10DA000023A0550011059105E3EAC5FE17050000A6
:10DA10001305C54D9735F91F938585FB1736F91FFB
:10DA2000130646FB63FAC5008322050023A05500B8
:10DA300011059105E3EAC5FE1735F91F130585F9B0
:10DA4000938581A56377B500232005001105E36D5B
:10DA5000B5FEFD42739002BC8D4273904280B722A6
:10DA6000000093828288739002309722F91F93827C
:10DA7000625993E232007390523037170040930797
:10DA800070052300F704930780FA2300F7040F10B2
:10DA900000003C47B70600FAE116F58FB70600060E
:10DAA0009506D58F3CC7970200009382421C739065
:10DAB000123473002030B786B8ED014793860632E2
:10DAC00093170701C18363E3C7008280B387E50032
:10DAD00083C707003D8DA14713581500058911C163
:10DAE0003685FD1793F7F70F3345A800F5F70507BF
:10DAF000C1BF011122CC4AC84EC652C456C25AC038
:10DB000006CE26CAAA8AAE897D590144130B00109D
:10DB1000636E3401F24062441345F9FFD244424936
:10DB2000B249224A924A024B05618280B3878940FA
:10DB3000930400106365FB0093940701C1803305D3
:10DB4000540126869385018BF1244A852686938588
:10DB5000018B95372A89269465BF938781809443EA
:10DB6000374754311307F71401456399E60483C618
:10DB7000470005476394E60483C657001547636F63
:10DB8000D70203876700634B0702D44B3747030074
:10DB90006366D702411122C41306400A03A4470A50
:10DBA000938581807D5506C639371345F5FF018D74
:10DBB000B24022441335150041018280828037171C
:10DBC00000208327079D011122CC4EC606CE26CA0F
:10DBD0004AC89D669309079D1D646394D70013840A
:10DBE00007109384019B9C441306400A9385019B74
:10DBF00085077D559CC4C1351345F5FF23A2A40AB2
:10DC0000930600100146A28525459730F91FE7804D
:10DC100060A509C90145F2406244D2444249B24973
:10DC2000056182809306800A1386019BA28529459F
:10DC30009730F91FE78000A371FD13898180930657
:10DC4000800A13868180A2852D459730F91FE780D1
:10DC500060A169F119375DDD032789009C44E31B4E
:10DC6000F7FA23A0890005457DB779711305800473
:10DC700006D622D426D24AD04ECE52CC56CA5AC844
:10DC80005EC69720F91FE78040449306800A1386FA
:10DC900081809D652D459730F91FE780A09C8144C8
:10DCA0000DE1653DAA8411CD1306800A938581801C
:10DCB0001385019BB52AB71700201D6723A8E79C91
:10DCC00085449D659306800A13868180938505109F
:10DCD0002D45138981809730F91FE780A09845E58D
:10DCE000AD3D55C189C81387019B8327890018471B
:10DCF000998F6350F0021306800A93858180138503
:10DD0000019B3D229D67371700209387071023282A
:10DD1000F79C9387019B03C7570095471384019B8A
:10DD20006314F7064C48B74703001387F5FF637A7F
:10DD3000F70637750300753B1C4C6314F506444821
:10DD40008567FD17BE94FD77FD8C01498569636089
:10DD500099048144930A0010377B0300856B4C487B
:10DD600063EDB404056571331C4C631CF5021C485B
:10DD7000A3020400230304005CC4232E0400232018
:10DD80000402353D11A0D1F48567829701A04E9918
:10DD900085660146CA8505459730F91FE780808C66
:10DDA0005DD54C4837750300A9331C4C630FF5044F
:10DDB000A302040023030400E9B7858D13090010B2
:10DDC00063E6BA0013990501135909014A86938540
:10DDD000018B338564013D28338A7401CA8613861A
:10DDE000018BD28509459730F91FE780A08755F947
:10DDF000CA861386018BD2850D459730F91FE780BF
:10DE0000608645F19384041099BF9720F91FE7803D
:10DE100020639DBF0D06719A81473307F500639318
:10DE2000C700828014433387F500910714C3F5B708
:10DE3000B3C7A5008D8B3307C50081E78D4763EE1F
:10DE4000C700AA876370E50A83C6050085078505B4
:10DE5000A38FD7FEE3EAE7FE828093763500AA8798
:10DE600091CA83C6050085078505A38FD7FE93F663
:10DE70003700FDB79376C7FF138606FE63F0C7062B
:10DE800083A3050083A2450083AF850003AFC500CF
:10DE900083AE050103AE450103A3850183A8C50137
:10DEA0009385450223A0770003A8C5FF23A257004E
:10DEB00023A4F70123A6E70123A8D70123AAC701BA
:10DEC00023AC670023AE17019387470223AE07FFF9
:10DED00075B790419107910523AEC7FEE3EBD7FEDE
:08DEE000E3E4E7F68280000094
:00000001FF
