:020000040000FA
:040000006FD00600B7
:101000006F20C020000000000000000090000020C1
:1010100092000020A9BDF9F3940000200000000018
:101020000000000096000020980000200000000052
:10103000000000009A000020000000009C0000203A
:101040000000000064020020A0000020A200002098
:10105000A4000020A6000020A8000020AA00002074
:10106000AC000020AE000020B0000020B200002044
:101070004E010020C6000020B8000020BA00002069
:10108000BC000020BE000020C0000020DC000020CA
:10109000C400002001A001A001A001A001A001A0A6
:1010A00001A001A001A001A001A001A001A001A038
:1010B00001A001A001A001A001A001A001A001A028
:1010C00001A001A001A001A001A0B71700401307D3
:1010D00000032388E702054723A6E186730020303A
:1010E00037470040834747C09146BD8B638FD70089
:1010F00063E7F60009476389E704730020309946E7
:10110000638AD7003147E39AE7FE3746004013056C
:10111000F00F0DA0834757C0CDB7034786C01377A4
:10112000F70F638DA6001388160023800701B6977A
:101130002381E70083C681C1938781C10347A6C08D
:101140001377F70F79FB55BF978000E0E780C00762
:101150006DB7138741F803472705938741F819EFC7
:10116000971001E0E78060A0B7E700E037070008CC
:1011700023A0E7180F10000073002030B73600409E
:1011800003C7464011463D8B6304C702636CE6000B
:101190008947E313F7FE89450145971001E0E78091
:1011A000209AD9BF1946630DC700B146E316D7FC94
:1011B0004166B7380040938681307D169D4E89A0E8
:1011C00083C7564055BFC84B9385E19203D70500AE
:1011D000050503C88840C8CB138501930355050056
:1011E00005071377F73F1378F80F6311A70203D7AA
:1011F00007016305C70005072398E7002384D70389
:1012000003C7A8401377F70F5DFFBDB703D50500EF
:101210003695230005012390E500DDB7411122C476
:1012200026C24AC006C601441309703E512F97F0EA
:1012300000E0E780E0BB692797F000E0E780A0BF0F
:10124000412797F000E0E78000C209E883A7819773
:10125000E37EF9FC97A000E0E780401497A000E04F
:10126000E780204E0544D9B7372700408347670001
:10127000858BB1C305462303C700138781981C43A0
:1012800085071CC3138781971443A90614C313F75A
:10129000170019E3238FC196294733F7E70201E7C7
:1012A0008546238ED19613074006B3F7E70281E700
:1012B0000547A38EE1967300203073270080218BB1
:1012C0009387019D01CB7327008098C398435D9B52
:1012D000731007800F100000371700409306700549
:1012E0002300D704930680FA2300D7040F100000D0
:1012F0008346B70493F6F60DA305D704230007042D
:10130000732600809443A18AD18E7390068023A017
:1013100007000F100000937605026380061803474C
:10132000A700118B3DE373270080218B01CB73272E
:10133000008098C398435D9B731007800F100000D6
:1013400037170040930670052300D704930680FAF0
:101350002300D7040F1000008346A70093E6460041
:101360002305D70023000704F32600809843218B30
:10137000558F7310078023A007000F10000013077C
:10138000004B010001007D176DFF73270080218B4A
:1013900001CB7327008098C398435D9B731007802F
:1013A0000F10000037170040930670052300D70484
:1013B000930680FA2300D7040F1000007D892314C0
:1013C000A700010001000100010023000704F3262B
:1013D00000809843218B558F7310078023A007004E
:1013E0000F10000073270080218B01CB7327008032
:1013F00098C398435D9B731007800F100000371748
:101400000040930670052300D704930680FA23005A
:10141000D7040F1000000F100000B726004013067D
:101420001005A383C68023000704F3260080984399
:10143000218B558F7310078023A007000F10000029
:1014400073270080218B01CB7327008098C39843BA
:101450005D9B731007800F10000037170040930644
:1014600070052300D704930680FA2300D7040F10D9
:1014700000008346B70493E60608A305D7042300BB
:101480000704F32600809843218B558F7310078043
:1014900023A007000F100000828093760504638765
:1014A00006140347A700418B3DE373270080218B7F
:1014B00001CB7327008098C398435D9B731007800E
:1014C0000F10000037170040930670052300D70463
:1014D000930680FA2300D7040F1000008346A7006C
:1014E00093E606012305D70023000704F3260080B6
:1014F0009843218B558F7310078023A007000F108E
:1015000000001307007D010001007D176DFF7327A8
:101510000080218B01CB7327008098C398435D9B8B
:10152000731007800F1000003717004093067005F6
:101530002300D704930680FA2300D7040F1000007D
:101540009376F50193E606042314D7000100010009
:101550000100010023000704F32600809843218B3B
:10156000558F7310078023A007000F10000013078A
:101570006004631FE50273270080218B01CB732772
:10158000008098C398435D9B731007800F10000084
:1015900037170040930670052300D704930680FA9E
:1015A0002300D7040F100000B7260040094695BD60
:1015B00073270080218B01CB7327008098C3984349
:1015C0005D9B731007800F100000371700409306D3
:1015D00070052300D704930680FA2300D7040F1068
:1015E0000000B72600401306200525BD73270080A4
:1015F000218B01CB7327008098C398435D9B7310A8
:1016000007800F1000003717004093067005230075
:10161000D704930680FA2300D7040F1000008356E6
:10162000870093E6060C2314D700F5BB41118146D1
:1016300001468145114506C6EF10900673270080CC
:10164000218B9387019D01CB7327008098C398431A
:101650005D9B731007800F10000037170040930642
:1016600070052300D704930680FA2300D7040F10D7
:1016700000008346670493E616002303D704230083
:101680000704F32600809843218B558F7310078041
:1016900023A007000F100000B24041018280814664
:1016A000014681451145EF10A07F73270080218BF3
:1016B0009387019D01CB7327008098C398435D9B5E
:1016C000731007800F100000371700409306700555
:1016D0002300D704930680FA2300D7040F100000DC
:1016E000FD562316D70223000704F32600809843F3
:1016F000218B558F7310078023A007000F10000067
:1017000073270080218B01CB7327008098C39843F7
:101710005D9B731007800F10000037170040930681
:1017200070052300D704930680FA2300D7040F1016
:1017300000008346670493E616002303D7042300C2
:101740000704F32600809843218B558F7310078080
:1017500023A007000F10000001A0BD473305F502CC
:1017600001007D1575FD8280411122C426C206C686
:10177000AA84014463179400B24022449244410178
:10178000828005041305803E4204C13F4180DDB7DD
:1017900019CD91CD09CE81473387F50083460700E7
:1017A0003307F50085072300D700E317F6FE828094
:1017B00019C991C909CA910583A7C5FF11057D16ED
:1017C000232EF5FEC5BF828001C919C62A960505DC
:1017D000A30FB5FEE31DA6FE828081473307F50007
:1017E0000307070019E33E8582808507C5BF011105
:1017F0002E8626CAAA84131506019305F00441819A
:1018000022CC06CE32C6EF00F0512A8401C5324602
:10181000A685BD3F2285F2406244D24405618280A4
:10182000854715C18DC105C28147B306F5003387D1
:10183000F50083C60600034707006398E6008507A6
:10184000E315F6FE85473E8582808147EDBF93070D
:10185000F6FFBE952A966313C5008280FD1583C7E7
:1018600015000505A30FF5FEFDB7AA87014581CF39
:1018700009CE3E96850703C7F7FF6317B700E39BC2
:10188000C7FE0545828082800145828079719387F9
:10189000C19E22D4804306D626D24AD04ECE52CC08
:1018A00056CA5AC85EC65DCCB7C4C901014B9389FC
:1018B000419E9384F437176A0000130A2A82976ABC
:1018C0000000938A6A8517690000130929898357E4
:1018D000240085E35C44631B0B0023A6F19E832B4D
:1018E000C4002285EF0070505E84B9A82326FB0057
:1018F000FDB783A7090082971C443307F540637640
:10190000F500032749001D8F2A9763E0E4089767D5
:10191000000023AB07808355240003450400970093
:1019200001E0E78000695C405844A1CB0C440326E9
:101930004900AE97BE8663E4B70063E4C700B38690
:10194000C74014C4228B3A8459F0975700009387FC
:10195000A77C9C4B09476370F706F91717570000DF
:101960002324F77CB250225492540259F249624A1D
:10197000D24A424BB24B4561828063150B0023A6CD
:10198000E19EB1BF2326EB0099BF03274A0209CF8E
:1019900063EFA7003385A74083A70A016376F500AC
:1019A0009757000023A2A778228B404471BF0327DA
:1019B0004900BA97C5B79757000023A707765DB7C8
:1019C000411122C417540000130484771C4006C63A
:1019D00026C24AC091C782979757000023A2077674
:1019E0009767000083C7978F858B97640000938467
:1019F000A48E95C397670000A382078E83C77400E7
:101A00001547637AF700052B83C77400F5178A071B
:101A1000A2979C4382971C4491C382971389819D0E
:101A200003270900175600000346166F975700005A
:101A300083C7876E93961700BA9683D60600C5CEE5
:101A40009757000083C7476D63E1C70C97570000A5
:101A50002384076C1C40639507129767000083C7B7
:101A6000378891CF83C7740093F7F70F89EB976797
:101A70000000A3870786970002E0E780E074938761
:101A8000419E9C43638E070E975700009387076D16
:101A9000DC43175700002329F768CD3B9757000018
:101AA0009387C763DC53E9CF175700001307C76656
:101AB000184B9757000083C7B7636363F70C83C75E
:101AC00074001547636EF70A9767000083C7478560
:101AD000918BDDE7032609009756000083C6D66385
:101AE00063C6D70A2244B240924402494101170317
:101AF00003E06700633A850793F7F70F97560000F6
:101B0000238CF660E3E4C7F225BF86073E97835532
:101B10000700231007002390019E9387019F9C4399
:101B2000175500000345455F13172500BA979C43DE
:101B3000829783D7019E175700000347E75D93C73D
:101B4000F7FF7D8D93171700032709003E978357F2
:101B500007005D8D2310A7009757000083C7C75B60
:101B600091C78507175700002308F75A1757000039
:101B70000347875A9757000083C7175AE378F7EC53
:101B8000B2402244924402494101828013971700D7
:101B90003297035707006DF7850799B7AD6737C7C9
:101BA0000040BD072326F7200F10000097570000C4
:101BB00093878756C84F83278726BD66BD0693C780
:101BC000F7FF99836A052326D7205D8D8280411116
:101BD000B7170040985F3AC6945F3247E39CE6FE31
:101BE0003245410182801305F00F82800111975721
:101BF00000009387677A22CC03A4070C26CA06CE7E
:101C00002AC42EC6854419E40145F2406244D244F8
:101C1000056182808347910003471400858B63042C
:101C2000F7000044CDB719469305A1001305240021
:101C3000C53EE31895FE0545C9BF1387C1AA1C43DD
:101C40009306001094C301000100010001001C4331
:101C500023A007008346150003482500A20642087A
:101C6000C29603480500C296034835006208C29632
:101C700094D78346550003486500A2064208C296E1
:101C800003484500C296034875006208C296D4D73F
:101C9000834695000348A500A2064208C296034861
:101CA0008500C2960348B5006208C29694DB83465D
:101CB000D5000348E500A2064208C2960348C500C5
:101CC0000345F500C2966205AA96D4DB83C61500CB
:101CD00003C52500A2064205AA9603C50500AA96DB
:101CE00003C535006205AA9694CF83C6550003C587
:101CF0006500A2064205AA9603C54500AA9603C53B
:101D000075006205AA96D4CF83C6950003C5A500C9
:101D1000A2064205AA9603C58500AA9603C5B5008A
:101D20006205AA9694D383C6D50003C5E500A20632
:101D30004205AA9603C5C50083C5F500AA96E2052B
:101D4000AE96D4D3D443F59AD4C3D44393E61600C5
:101D5000D4C3944393E6160094C3BA879443D842FD
:101D6000058B59E3984E01452300E6009843184F30
:101D70002183A300E6009843184F41832301E60026
:101D80009843184F6183A301E6009C43D84F230278
:101D9000E600D84F2183A302E600D84F41832303F6
:101DA000E600D84F6183A303E60098532304E600BE
:101DB00098532183A304E600985341832305E6004A
:101DC00098536183A305E600D8532306E600D85351
:101DD0002183A306E600D85341832307E600DC53A2
:101DE000E183A307F600828001008DBF138701AB5A
:101DF0001443411122C49C5E4AC006C6998326C280
:101E0000858B3A841389C1AAD1C79C5E9754000080
:101E10009384844C93F7F7F99CDE1757000003472F
:101E2000074C93070008631BF700832709009C43B6
:101E300093F70704175700002303F74A83C70400EA
:101E400093F707048DC39387419E9C4382979757CE
:101E5000000023ABA74883C7040093F7F70B17577D
:101E60000000230BF74683C7440093F707049DE364
:101E7000854717570000A303F7469387C1AB9C43E0
:101E8000096798C7130700FC975600002388E644AB
:101E9000D844F8D31C40985F1183058B09CB985F19
:101EA0003D9B98DF0547975600002389E642985FDF
:101EB0001D83058B11CB985F1377F7F798DF854764
:101EC00017570000230CF74083270900D8430583E8
:101ED000058B19C7D843759BD8C3D843799BD8C302
:101EE000B24022449244024941018280397106DEA7
:101EF00016DC1ADA1ED82AD62ED432D236D03ACEF2
:101F00003ECC42CA46C872C676C47AC27EC0F93D8B
:101F1000F250E2525253C2533255A25512568256D3
:101F20007247E2475248C248324EA24E124F824F89
:101F30002161730020309387C1AB94439757000011
:101F40009387873903C70700058B11CB975700008C
:101F50002386073897570000A3820738828003C77B
:101F60001700058B65F7F85271FF83C75700DDB77F
:101F7000138801AB032708001C5F9583858BD1E78D
:101F800009C61C5BBD832300F60085CA83270800B1
:101F9000985B4607935767016356070093E707C0AE
:101FA000C207C18303970600C207C18709C7BA9752
:101FB0000947B3C7E7022390F60085CD8347150094
:101FC0008DCB9756000083C6863193F6060413879F
:101FD000970089478DCA3A9503470500854699477A
:101FE0001376F7066311D60262076187B947634C1F
:101FF0000700832708009C5FED838D8B1757000037
:10200000A301F72E81473E8582808547EDBF4111B0
:1020100022C406C61384C1AB18402DE9AE877453A1
:10202000FDFE3E85B285975700002388072A97005A
:1020300002E0E780A0EE938701AB9C43B7068000E7
:102040009843558F98C3D857719BD8D7975700009E
:10205000A386072897570000A38007281C4009473C
:1020600098C314401757000013070727834727001A
:10207000858B89EB83473700858BD9C39757000041
:10208000238E0724B2402244410182808D47631E83
:10209000F500938701AB9C43B70680009843558FAA
:1020A00098C3D857719BD8D76DBF8547E31BF5FA06
:1020B0005447F977FD17F58F5CC70F1000001C40DF
:1020C000096798C7130700F8175600002308E62091
:1020D000138701AB1043184231830D8B11E71307AF
:1020E0006019F8D3D4C7B5BF1842094631830D8BA8
:1020F0006315C7001307E043EDB71307E01BD5B71F
:10210000FC52ADF741B75D71A2C4A6C22A84130682
:1021100080022800AE849305100886C6CAC04EDE31
:1021200052DCEFF06FEA3545970002E0E780601B74
:10213000138301AB832703009376F41F138E41AC06
:1021400023A40700984B938EC1AB370FFCFF136796
:10215000F70398CBF84F130510F8B7020400137774
:1021600007E0558FF8CF9843F576FD16758F98C325
:102170009843B7063300930380251377F7E798C396
:10218000984311497D1F1377F7E71367071098C32A
:1021900003270E008549930F80021C47D58F1CC76B
:1021A00083A70E001307900D3400B8CB0147935559
:1021B0003700A69583C7050013767700B3D7C740CD
:1021C000858BE1C38327030083280E00239C07042B
:1021D0002390070603A8C8021378D8FF23A6080394
:1021E00083A807001378F70793F808F833E8080185
:1021F00023A0070103A847023368580023A207035E
:1022000083A80E00014823A2780603DA07066307B5
:10221000480303A80703038A06001358F80062085E
:102220001358884163580A0103A807031358F8009C
:102230002380060103D807061378F80F03AA48067F
:1022400063060A0003DA8705E37F49FB03A8470218
:102250003378E80123A2070383870600635CF40058
:1022600003C805003396C9001346F6FF337606010E
:102270002380C5003E8663D3A7002A8613158601F6
:10228000618505071377F70F8506E312F7F3B6406C
:10229000264496440649F259625A616182809386C7
:1022A000C1AB9C42D84713161701635506029847E5
:1022B00013161701635006027D57B8D71757000051
:1022C000130787E5584F0507175600002324E6E655
:1022D000116798C798470D83058B1DCB17570000D2
:1022E0000347A7FF13671700175600002307E6FEF2
:1022F000130700F8175600002302E6FE214798C78F
:10230000138701AB10435856719B1367170058D6BB
:102310009847058B0DC7175700000347F7FB136756
:10232000170017560000A309E6FA054798C7138758
:1023300001AB10435856719B1367170058D6984746
:102340000983058B09E798470583058B21CF9847BB
:1023500017560000130646F8138501AB0983058B59
:10236000630307101841184331830D8B75EBAC4B99
:10237000184E93F5050203471700CDCD79EF1307EB
:102380007006D8CF034706001367170017560000E2
:102390002304E6F4114798C718415C57F19B93E773
:1023A00017005CD79C4298479316370163D6060204
:1023B0009756000083C6C605C18A17570000130749
:1023C000A7FDC5CE0347870713670702975600008E
:1023D0002380E604056798C798479316270163D1C1
:1023E000060217570000034767EF620761876357CC
:1023F00007000547975600002382E6EE096798C755
:1024000098479316070163D606029756000083C6C5
:102410003600858A17570000130707F8ADCE03472B
:1024200097071367270097560000A383E6FE2167EE
:1024300098C7828029D785456315B7001307B00672
:1024400089B789456315B7001307F0061DBF8D4591
:102450006315B700130730072DB71307500715B7DB
:102460001307600739BF0347360013671700175675
:102470000000A304E6E6094739BF834687070946FB
:10248000BD8A6388C600034787078D463D8BE313EB
:10249000D7F4114725BF83469707918AC9DA0347C6
:1024A00097071367870041B7397106DE16DC1ADA21
:1024B0001ED82AD62ED432D236D03ACE3ECC42CAFC
:1024C00046C872C676C47AC27EC0D13BF250E25290
:1024D0005253C2533255A255125682567247E247A2
:1024E0005248C248324EA24E124F824F21617300B1
:1024F00020309387C1AB98438567938707777CD358
:10250000938741AC9C4383A60709139656006358F2
:10251000060083A6070913966600634406007453F9
:10252000FDF2828061C1AA870145DDCD8D07C2071A
:10253000C183F19BC207C18313074003636BF7029A
:10254000138701B50843138781B414436396A60229
:1025500017570000130787B8185B014551C7411191
:10256000C20706C60545DD8D0297B240014541010F
:1025700082801387C1B4F9B70357650035E3035769
:102580004500636FF704B306F7402146637CD6022B
:1025900003280500938687001D8FAA96611717569A
:1025A00000000356C6B72392E60023A0060123933A
:1025B000060014C12312F500130786FF975600008A
:1025C000239FE6B42313B5009755000083D525B5A6
:1025D000B387F540175700002313F7B42105828015
:1025E0000841ADB701458280828009CD938701B54E
:1025F00003A30700938781B483A8070081469A87C5
:1026000063E31701828003A807006369F50A636723
:10261000A80A13878700E367E5FE03D667002167F2
:1026200005076317E60003C741A805072382E1A851
:1026300097550000938545AE03D6470003D7650044
:102640002393070032974207418317550000231850
:10265000E5AC638867021385C1B408416303F502E2
:1026600003D5660019ED83D7460023A00601210794
:102670003E9621062392C600975700002391E7AAB1
:10268000B6879843E30017F99386C1B49442E30BED
:10269000D7F683566700BDF683D64700035647003A
:1026A0001843A106B2962392D70098C383D765003A
:1026B000A107175700002314F7A68280BE86C287A1
:1026C00081B70327851163020712411122C406C690
:1026D0008347C5008345E5042A8493F7C70F230683
:1026E000F500834697000356C70013958601618560
:1026F00063F2C508635B05060345870093F6F6079A
:10270000A304D700054693E627006314C50093E6AB
:1027100017002306D4005C4389075CC3A30AB400F6
:10272000032504112E864C430905EFF06F8683279D
:10273000841103465401D44303D7C700B296118FC6
:10274000D4C32396E7008947A30DF400034764032D
:102750009757000083C7A7996378F7048347C4009D
:1027600093E707012306F40081A093E717002306EF
:10277000F4006DB79376F60F635D0502034587009D
:10278000854513E627006314B50013E617002306FA
:10279000C400A30AD400A30407008547A30DF400D6
:1027A000832784119C43DDF3B2402244014541015B
:1027B000828093E717002306F400A30AD400A30441
:1027C0000700032504114C430905EFE07FFC832734
:1027D000841103465401D44303D7C700B296118F26
:1027E000D4C32396E7008D4755BF05458280938764
:1027F00001B69C43411122C406C6858B2A84C5EFCD
:102800004165130525F597B002E0E78080ED45C5E9
:102810008347A5002315F50083270412BDE7232075
:10282000A4122322A41285472311F40423200500B7
:102830008347640154412316F5000347D400230461
:10284000E5000547A304E500175700001307C7A8D4
:10285000184F1385170215811C437D151375F50F4D
:102860009CC25C43DCC21C479CC65C47DCC61C4B5C
:102870009CCA5C4BDCCA1C4F9CCE5C4FDCCE19CD95
:102880009386060213070702C1BF8327441288C339
:10289000835724042322A412850779B79757000091
:1028A00083D707B0850717570000231BF7AEB24048
:1028B0002244410182808347C40023090400054566
:1028C00093C747002306F400DDB78347850193F7DC
:1028D000E70FC5EF83479501CDEB034625018346FE
:1028E000C50009CA834565031757000003473780B1
:1028F00063E7E50013F7060151CB014709C6C18A1A
:102900000357651C81C68356A51C369741C3130720
:10291000C712175500000355E584B335A7023746A3
:102920000F00411113060624814622C426C206C6A2
:102930007D543305A70297E002E0E780A0E59747C2
:10294000000083C7377BB384A700975700009387A5
:10295000A7A403A787098327070963F387003E8499
:10296000184375FB9387419E9C438297814763641C
:10297000A400B307A440B2402244B3B7970093C762
:10298000170092443E854101828081473E858280C6
:102990009387C1AB98437C53FDFF8280797126D227
:1029A00006D622D44AD04ECE52CC56CA5AC85EC69B
:1029B0008347550303447513AA843E941374F40F9C
:1029C0009307400263F687001304B4FD1374F40FF9
:1029D00003AA841383AAC413A38B8412228652856C
:1029E000D68597E002E0E78060D5058915E503CB41
:1029F000D41201498149337B6403930B50024A8608
:102A00005285D68597E002E0E78040D3058915C559
:102A1000639169031374F90F238B8412B25022540B
:102A200092540259F249624AD24A424BB24B456132
:102A300082808509E20993D989410509E31179FD6D
:102A4000E1BF8327850903560504797193D60701F1
:102A5000BD8EC206C182358E1357764093575640BD
:102A6000898B058B5D8F93573640918B5D8F935784
:102A70001640A18B5D8F93171600C18B5D8F931746
:102A8000360093F707025D8F931756009355860023
:102A900093F707041E065D8F1376F60F518F93D7B9
:102AA000554013D63540118A898BD18F13D6754086
:102AB000D18F13D61540218AD18F13961500418AE4
:102AC000D18F1396350013760602D18F13965500D9
:102AD000137606049E05D18F93F5F50FCD8FA207CF
:102AE00045465D8F3307C70222D42A8426D252CCB2
:102AF00056CA032A8413832AC4135AC806D63697A3
:102B00004207418393577740135557400989858B76
:102B1000C98F135537401189C98F13551740218923
:102B2000C98F131517004189C98F13153700137505
:102B30000502C98F131557009355870013750504B7
:102B40001E07C98F1377F70FD98F13D5354013D7C9
:102B500055401189098B498F13D57540498F13D57D
:102B600015402189498F139515004189498F139587
:102B7000350013750502498F13955500137505042B
:102B80009E05498F93F5F50F4D8F2207D98FB38797
:102B9000C7024AD04ECE5EC662C4B697C207C18392
:102BA00013D7774013D557400989058B498F13D523
:102BB00037401189498F13D517402189498F1395C3
:102BC00017004189498F1395370013750502498F06
:102BD0001395570093D58700137505049E07498FF9
:102BE00093F7F70FD98F13D5354013D75540118977
:102BF000098B498F13D57540498F13D5154021890D
:102C0000498F139515004189498F13953500137528
:102C10000502498F13955500137505049E05498FCC
:102C200093F5F50F4D8F2207D98FB387C70213068F
:102C300050025285D685B697BD8E93940601C18009
:102C400033F6C402137BF60F97E002E0E78000AF93
:102C500005890DED8347D41201498149B384970258
:102C6000130C5002C1804A865285D68597E002E057
:102C7000E780C0AC0589937BF90F11C563863403E7
:102C8000850993F9F90F0509E31F89FD230B6413E7
:102C9000B250225492540259F249624AD24A424BEB
:102CA000B24B224C456182805E8BCDB7797122D4C4
:102CB00006D683C735002E8423160100A307F10032
:102CC00083C74500100802C02307F10083C75500E1
:102CD0008A8502C2A306F10002C402C802CA02CC5D
:102CE00002CEEFE09FF50347F10183470400014561
:102CF0006310F7020347E10183471400014563199C
:102D0000F7000345D101834724001D8D13351500BD
:102D1000B250225445618280011197470000938789
:102D2000A76722CC03A4870C26CA4AC84EC606CE83
:102D3000AA8413092500854915C083C714000347D9
:102D40003400858B6304F700405CFDB7194693059A
:102D500044004A85EFE0DFACE31835FF2285F240FE
:102D60006244D2444249B249056182804111974789
:102D700000009387676222C403A4870C26C24AC05E
:102D800006C693042500054901E82285B240224485
:102D90009244024941018280A6851305A402393775
:102DA000E30525FF405CCDB74111974700009387AD
:102DB000A75E22C403A4870C26C24AC006C6930499
:102DC0002500054901E82285B24022449244024987
:102DD00041018280A6851305A401C93DE30525FFB5
:102DE000405CCDB72303048015472303E480010032
:102DF0002302A480828083076480E3CE07FE23033E
:102E00000480828083076480E3CE07FE034544800C
:102E1000828083076480E3CE07FE2302A480828041
:102E2000411126C44AC24EC006C61377F50BAD4702
:102E3000AA892E8995446306F70019456537653FD1
:102E40008D444E854537FD59FD1463983401B240D9
:102E5000A244124982494101828013550901137528
:102E6000F50F453F2209CDB7011126CC06CEB70498
:102E7000080051371545BD37713769372AC6A53F58
:102E800032459377150089EB136515001375F50F1F
:102E9000F240E24405618280FD14E9FC0145CDBFAA
:102EA000397126DC4ADA4ED852D656D45AD25ED080
:102EB00006DE62CE66CCB7E700E07D5783AA070046
:102EC00022C603AA470023A0E71823A2E718B717D2
:102ED0000040130770052380E704130780FA23805E
:102EE000E70483C74704930B75FFB684E20793FB9F
:102EF000FB0F8546AA892E8B328937240040E18753
:102F0000015763FA76016308D5008946130700026A
:102F10006313D5000157D98F93F7F70FB71C004003
:102F20002382FC0411472303E4801305F00F5D3D69
:102F3000094CD135636D7C11B7050700DA953787E9
:102F40000700795563F2E504B3879500636EF702D5
:102F5000370B0800A94733EB65016399F90689E44B
:102F60008144513D26850DA0DA850945553D050969
:102F70000345F9FFFD14050B693D81C49377FB0FF1
:102F8000FDF7DD3569FD7D55B71700401307700566
:102F90002380E704130780FA2380E70403C747046C
:102FA000418B2382E704F250B7E700E023A05711DA
:102FB00023A24711E25432445259C259325AA25AFA
:102FC000125B825B724CE24C21618280A547639563
:102FD000F90685691309F00FB3069900B3742B0144
:102FE000B6941349F9FFB3749900856B337969017D
:102FF000416B9387F9FFB3F7270199E363FC340131
:1030000093D94900C147E3E637FF99BF0569C16914
:103010007D19D9B71305800D638869011305000276
:103020006384790113051008CA85DD3B353D21DD38
:103030004E99B3843441D9B7DA852D45D533CA9436
:10304000E30099F205097D3BA30FA9FED5BF938745
:10305000F9FF93F7F70F6361FC0C83C71C04130798
:103060003008631FF70437070800636BEB04B307EE
:103070009B00B706100063F5D704334BEB0089477C
:103080006393F9068980D549E38C04ECDA85094518
:10309000413B11090327C9FF91472320E48003071F
:1030A0006480E34E07FE23033481FD17EDFBFD141E
:1030B000110B81C49377FB0FE9FF7D3371F5E1B507
:1030C000B717004003C75704B70708001377070274
:1030D00019E3B78707007955E378FBEA33079B00CC
:1030E000E3FFE7F855B58547E382F9F2DA852D4528
:1030F000053B9389F4FFE38504E6293393F7390010
:1031000091EB832604800327090093074900E39A83
:10311000E6E43E89CE84F1BFB5476396F900130516
:10312000900BC93135BDB1471305B00AE38BF9FEE9
:1031300099476391F904B7050800B365BB002D45B5
:10314000C53181448D4BA14975396396740183273C
:1031500004802320F9008504E39834FF832704804A
:1031600013172B01635507002312F900D5BB232247
:10317000F900FDB39D476399F90281451305B00439
:103180004531BD442320090023220900FD599D3902
:1031900093F77400CA9703C70700FD14398D238085
:1031A000A700E39634FF6DBBA1476392F9046D3924
:1031B0008144630D0B008D479304C0036308FB003B
:1031C0009304000563048B01930440041375C50741
:1031D000E30895D819453931393905452131268516
:1031E0000D3909453D314931E31C05D669BB91478D
:1031F0006399F90013056006F536F53E130590094D
:103200000DB7E38F09D4F154A9BB0000970100204A
:103210009381C1C3175100201301C1DE17E5FFFFE1
:10322000130585DE97D5FF1F9385C5DD17F6FF1FB4
:103230001306C6FD63FAC5008322050023A05500CE
:1032400011059105E3EAC5FE17E502001305C5D097
:1032500097F5FF1F938585FB1386818663FAC5006A
:103260008322050023A0550011059105E3EAC5FE60
:103270001385818697350020938545246377B500B3
:10328000232005001105E36DB5FEFD42739002BCDD
:103290008D4273904280B72200009382828873909F
:1032A000023097D2FF1F9382E2D593E232007390EF
:1032B000523037170040930770052300F704930737
:1032C00080FA2300F7040F1000003C47B70600FA0D
:1032D000E116F58FB70600069506D58F3CC797B265
:1032E00000009382C2D673901234730020303D43A5
:1032F0002A876373C3029377F700BDEFADE593763A
:1033000006FF3D8ABA960CC34CC30CC74CC7410795
:10331000E36BD7FE11E28280B306C3408A069702B0
:10332000000096966780A6002307B700A306B700A3
:103330002306B700A305B7002305B700A304B70011
:103340002304B700A303B7002303B700A302B70009
:103350002302B700A301B7002301B700A300B70001
:103360002300B700828093F5F50F93968500D58DE5
:1033700093960501D58D61B79396270097020000BB
:1033800096968682E78086FA9680C1171D8F3E96B4
:10339000E374C3F8A5B73367B500FD530D8B79E728
:1033A000B7877F7F9387F7F710419441B372F60098
:1033B0003363F600BE92B3E262006397720C631847
:1033C000D6065041D441B372F6003363F600BE9284
:1033D000B3E262006398720A631BD60410459445F9
:1033E000B372F6003363F600BE92B3E262006391FB
:1033F000720A631ED6025045D445B372F600336399
:10340000F600BE92B3E26200639A72086311D602BC
:1034100010499449B372F6003363F600BE92B3E2EA
:103420006200639372085105D105E30FD6F61317B6
:10343000060193970601631CF7001357060193D703
:1034400006013305F7409375F50F91E982804183BA
:10345000C1833305F7409375F50F91E182801377AF
:10346000F70F93F7F70F3305F74082800346050007
:1034700083C60500050585056313D60065FA330587
:10348000D640828011059105E312D6FE0145828067
:103490002105A105E31CD6FC014582803105B1055B
:1034A000E316D6FC014582804105C105E310D6FC38
:1034B00001458280011122CC06CE3714004026CA75
:1034C0004AC84EC652C483447405034AB4058349AE
:1034D000840503499405EFC0506D8347A40593F418
:1034E000F40F137AFA0F93E71700230DF40493F9FE
:1034F000F90F1379F90FB717004003C7A705058B1C
:103500006DFF03D5C705A38D4705238C3705A38C15
:103510002705A38B9704F2406244D2444249B24942
:10352000224A0561828041119397050122C406C693
:10353000C1872E8463DD0700EFD0807519C1EFD0FD
:10354000006E2165218DB24022444101828093F7B3
:10355000150013C51500E5FB9397250163D20708F5
:10356000EFE04105B717004083C7E70293F7C70FA5
:1035700093E71700F3260080A18A91CAF326008002
:1035800023A8D19C83A6019DDD9A739006800F101D
:103590000000B7160040130670052380C60413060A
:1035A00080FA2380C6040F1000002387F6022380D0
:1035B0000604F326008083A7019DA18BD58F73900D
:1035C000078023A8019C0F10000003C5818637F6F1
:1035D0000200130606E08965EFD0703409659DB7D7
:1035E000939715010145E3D007F603C581861306BD
:1035F00000649165EFD0B0321165A9B7B70503003B
:10360000371503001D7149469385450513054595FA
:1036100086CE97D0FF1FE780A02011E101A0B7F66A
:1036200000E0795798CAFD57DCCA0567B7E700E0A4
:1036300023A0E7101306F00290C223A0E7180F1092
:1036400000001306C0038145480897D0FF1FE7809C
:10365000A017B74700209387C7593ECA8967938749
:103660000780231CF1009307B00F2312F102954746
:10367000A301F10285472303F102A305F102B71765
:1036800001009387A79A3EDAB7F50700B737000025
:1036900035479387474B81467000E1051945230460
:1036A000E1023EDE97E0FF1FE780807F58088147F8
:1036B000994670003E960346060085070507A30C51
:1036C000C700E398D7FED24791C7035781018567AA
:1036D0006373F70001A04808EFD0506D11C101A03D
:1036E000F6402561828041113735000022C4130560
:1036F000655206C613848186EFD0D0672300A400EC
:103700001928034504002244B2401306003289659B
:1037100041016FD0D020411106C6F3270080A18B54
:1037200091CBF327008023A8F19C83A7019DDD9B0B
:10373000739007800F100000B717004093067005C4
:103740002380D704930680FA2380D7040F1000004B
:1037500083C6F70293E67600A387D7022380070487
:10376000F326008083A7019DA18BD58F73900780DE
:1037700023A8019C0F1000001305407E81470147DC
:10378000814605468545EFC0D046B240014541011E
:103790006FE04016B717004003A5470C218105894B
:1037A000828083470500214793C7F7FF93F7F70F00
:1037B00093968701E186860793F7F70F63C70602A2
:1037C0007D171377F70F6DF7034515003D8DA14762
:1037D00013178501618706051375F50F634A070006
:1037E000FD1793F7F70FEDF7828093C71703C9BF53
:1037F00013451503F5B78545130500106FD0A001DB
:103800008545130500206FD000013717004083273E
:10381000C70C8D451305001093E707102326F70CFE
:103820006FC0707F371700408327C70C8D45130585
:10383000002093E707202326F70C6FC0D07D1145A9
:1038400017D3FF1F670063F1411106C67D3FC53FD7
:10385000453FF5374D37B2404101D5B7011152C44C
:1038600081452A8A414506CE22CC26CA4AC84EC680
:1038700056C2EFC0107089450145EFC0D030EFC08F
:10388000B027931A0501B7170040416593DA0A0182
:10389000238C0704D14901441309F5FF8144EFC08B
:1038A0005033569542054181AA8763739500A687D8
:1038B00093940701C180AA876373A900CA87FD1981
:1038C000C2091399070193D90901135909012A94CF
:1038D000E39709FC33852401098C49453355A4023B
:1038E0006244F240D2444249B249924AD285224AC5
:1038F0000561420541816F90A02B411106C622C48B
:10390000DD3DFD3D2D3FB717004083A7470C93F7E2
:10391000072091E70145B2402244410182809D3D4C
:10392000254419C5DD35213FF53D113F0545E5B776
:10393000953509E97D141374F40FED350937C93550
:10394000FD3D7DF41137B93571FDE9B7011122CC88
:1039500026CA4AC806CEAA84214437190040939744
:103960008401E18763D407047935D13D513DC13DE0
:103970008327490C93F7072085CF7D1486041374A1
:10398000F40F4D3593F4F40F79F8B5354D3D8D3D79
:103990007D350935133515002AC669354D35324553
:1039A000F2406244D244424905618280B93D75BF0C
:1039B0000145FDB723880186238C0186238E01866D
:1039C00041112399018606C6239D01862D350D3DA3
:1039D000B75700209387C7A803C7C7B0B240136783
:1039E00087002386E7B04101828003C5018782807A
:1039F00003C58187828003D52187828003D5A18773
:103A00008280797106D622D426D24AD04ECE52CCAC
:103A10001387C18783460700638E061683A6018835
:103A200083A78197958FA54663FBF61A23000700AD
:103A300003A7019723AAE186C935630C050E130578
:103A40009008293781446305050E154A9949653365
:103A50002149014406041374F40F5D33CD331D3B3B
:103A600019C1136414007D191379F90F653BC13B2B
:103A7000E31209FE638C440F493B5933C9335D336C
:103A80007D3B953B3C00A697238087008504E3900F
:103A900034FD5D3B280031338347A100639BA708B9
:103AA0001305B100FD398347D1006394A70803478C
:103AB0008100834791008345C10022075D8F9307F2
:103AC000606D3307F702A1671386F7FFC16793861E
:103AD000F7FF8347B100A207CD8F9305204EB38730
:103AE000B70232973347D702B297B3C7D70213074B
:103AF000E7E342079306803E4187938747FC63D400
:103B0000F6009307803E63D3070081472399F1862F
:103B1000B75700209387C7A885462398E7AE238828
:103B2000D1869D46238CD18603C7C7B05D9B85A0F7
:103B3000213B9387A18703D70700C166FD16630564
:103B4000D70005072390E7002800093B15C103575C
:103B50008100B75700209387C7A885462398E7AE12
:103B60002388D18623990186E5466DBF693131B737
:103B700023880186414723990186238CE186B75724
:103B800000209387C7A803C7C7B0136787002386A1
:103B9000E7B0B1A09384C18703A74187138441870D
:103BA00009CB83A7019763E6E700998F25476378E0
:103BB000F702A1330DCD13058008493B014911C51A
:103BC0001305D00F61333339A000BD3963010902F9
:103BD00085472380F40003A7819723A0E188B25092
:103BE000225492540259F249624A4561828083A765
:103BF00001971CC03DBFB786B8ED014793860632DA
:103C000093170701C18363E3C7008280B387E50090
:103C100083C707003D8DA14713581500058911C1C1
:103C20003685FD1793F7F70F3345A800F5F705071D
:103C3000C1BF411122C4AA852A8431467D5506C6DA
:103C40005D3F930504011306C00A7537B240224454
:103C50001345F5FF4101828001112306A1006C008C
:103C600011467D5506CEA3060100231701006137DA
:103C70000566B74500201306A6A0938555ABA53F62
:103C8000F2401345F5FF05618280411122C4AA85E7
:103C90002A8431467D5506C6B93F930504011306B3
:103CA0004009913FB24022441345F5FF4101828013
:103CB000411122C4AA852A8413064009138501B73D
:103CC00006C6EFC0622103471400B7570020938750
:103CD000C7A82384E7B003472400A384E7B00347C1
:103CE00034002385E7B003474400A385E7B0B24022
:103CF0002244410182801971A2DCD6D2DAD086DE5C
:103D0000A6DACAD8CED6D2D4DECEE2CCE6CAEAC88B
:103D1000AA8A2E84328B23A0050023A2050023A4A7
:103D20000500B146AA8550002D4597E0FF1FE780AA
:103D3000201715C563110B020145F6506654D65481
:103D40004659B659265A965A065BF64B664CD64CDF
:103D5000464D0961828085472300FB00F1BF124771
:103D6000FD576316F70085472305F400F1B7B757F1
:103D7000523293873795E311F7FC0347C100A947F7
:103D8000E3ECE7FAAA8431464C007D55056AA53577
:103D9000AA89130CAAA0930C0004138DCA00930BDC
:103DA0009AA0B3079C403E89C207C18363F4FC001C
:103DB00013090004420913590901CA861008B30502
:103DC0009D002D4597E0FF1FE780800D25F54E856E
:103DD0004A860C080D35CA94AA89E3F49BFC930526
:103DE0006AA191460A86D6952D4597E0FF1FE78088
:103DF000200B29F1824793C9F9FFE39F37F35CC099
:103E00008347C100224705452304F400854718C0B5
:103E1000A304F4001DB783570500411122C43744A1
:103E2000002006C61307C4A82311F7008347250006
:103E30001306000A9305C5002312F70083463500D8
:103E40008567BA97A382D7B0835645001304C4A8E8
:103E50002393D7B0834665002382D7B0834675008D
:103E600014D3835685002313D7028346A5001385F8
:103E700047A32302D702EFC0220601472946930732
:103E8000370A9207A29783C647000507BD9A238287
:103E9000D700E316C7FEB24022444101828041119F
:103EA0001306C00A814506C622C42A84EFF02FC437
:103EB000B74700209387C7A803D727008565BE951D
:103EC0002310E40003D747001306000A938545A397
:103ED0002301E40003C7150D1305C400A301E4008A
:103EE00003D7250D2312E40003C7050D2303E400C7
:103EF0009853A303E40003D767022314E40083C7A5
:103F000047022305F400EFB0327D8147294613971D
:103F1000470022978346C7008507BD9A2306D7002E
:103F2000E397C7FEB240224441018280411122C47E
:103F300006C6328426C20146B387C60083870700BF
:103F400093140601C180B1E70357040001489307A9
:103F50001700C207C183B3889700C20893D808012D
:103F600063E315032310F4002A972300C700835747
:103F70000400B6853E95EFB03276835704000548BD
:103F8000BE9423109400B2402244924442854101E1
:103F90008280050693170601C183E3EFE7F8014825
:103FA000DDB703580600636BB80001458280014508
:103FB000B240224492440249410182809307180092
:103FC0004111C20726C206C622C44AC0C1832310BB
:103FD000F6002A980349080093140901C180E3F808
:103FE000E4FC3387970042074183E3E2E5FC328437
:103FF000B305F5004A863685EFB0126EB30625018B
:1040000023800600835704000545BE9423109400C6
:1040100045B71441B747433293873715639CF6027F
:1040200003564500411122C406C68D462A848147A5
:10403000631DD6000356A5009306C00A6317D60079
:10404000CD3E5C44898F93B71700B24022443E8531
:104050004101828081473E858280AA958387F5FF52
:104060009DEF01471306E005930520021308C005E4
:10407000B307E5008387070099E30545828093F73E
:10408000F70F938607FE93F6F60F636AD6006388F0
:10409000B70063860701050742074183D1BF014589
:1040A0008280797106D622D426D24AD04ECE52CC06
:1040B00056CA5AC883C79500E1C73289AE842A849C
:1040C000AA85B14650002D4597E0FF1FE78040DDEF
:1040D0004DE5056A374B00209306AAA013065BAB9B
:1040E0009305C4002D4597E0FF1FE78060DB51E595
:1040F00093056AA191460A86A2952D4597E0FF1F78
:10410000E78000DA3DE91247B75752329387379577
:1041100001496319F7048349C100A94763E43705DE
:10412000A24A9C406390FA048247C440639CF40214
:1041300031464C007D55C1341306AAA093055BABF4
:104140005D3C1345F5FF631F9500B74700204E8582
:10415000238A37AB113623AEA18823A0518B23A22B
:10416000818A0549B25022544A8592540259F24933
:10417000624AD24A424B4561828085472300F9005A
:104180000149CDB7411122C4138401B713060009B8
:1041900081451305440006C6EFF06F95B717040A72
:1041A000938717901CC095472302F4008547A3030B
:1041B000F400B7073C009387B7751CC4B7077800B5
:1041C0009387C7035CC4130544072244B240B70574
:1041D00003001D469385C50641016FB0F24F4111A2
:1041E0002E86AA857D5506C6EFF0FFA0B240134586
:1041F000F5FF41018280144137575434130727E5F6
:10420000639AE604411122C406C603464502854668
:104210002A84014763EBC60203465502914663E6D2
:10422000C602834665023D46C11693F6F60F636EDD
:10423000D600034675028D4663E9C60093058002E9
:10424000793F1854098F13371700B24022443A853A
:104250004101828001473A858280B74700209386DA
:10426000C7A803D626009387C7A8054529C683D5C6
:104270004600130700026360B7040567369783455D
:1042800057B0894663E9B602034847B06365050342
:104290006397D500035767B019CF630EE6009853B4
:1042A0000545636AE50003C547021305E5FA137582
:1042B000F50F1335D50A8280411126C24AC08564A4
:1042C00037490020138604B11305C9A8814522C4CB
:1042D00006C6EFF0CF81B75701BB9387B72A130407
:1042E000C9A82326F9A895472312F4000547B387E8
:1042F00084002382E7B07D572302E40237070A05D2
:104300001307974023A4E7B011472386E7B0E5469B
:10431000054723A6E7AE239CD7AE18C4B24022447B
:1043200023A6018823A891880249924441018280F2
:104330005171CECF9389818803A7090086D7A2D572
:10434000A6D3CAD1D2CDD6CBDAC9DEC7994763008E
:10435000F708938AC18803A90A001544631AA90CB7
:10436000ED3D2A846314050E1306C00B81454800F9
:10437000EFE0FFF748082536B747433293873715F4
:104380003EC28D472314F1000509C167138BF7FF67
:10439000935709012316F10048009307C00A138AB6
:1043A0000189231521012317F100EFF09F88832451
:1043B0000A00AA8B2AC893B41400B2048566014689
:1043C000A685254597E0FF1FE78080AD19C11944F8
:1043D00085A09306C00B5000A685294597E0FF1FD6
:1043E000E78000AC6DF59306C00B5000A6852D4507
:1043F00097E0FF1FE780C0AA21E94800193929C5C5
:10440000B2470357A100B3F76701C207D98F631DF5
:10441000F902C247639AFB029305C00A480823A029
:104420002A0123209A00653B23A2A18823A009002A
:104430002285BE502E549E540E59FE496E4ADE4AC5
:104440004E4BBE4B6D6182802144DDB70544CDB734
:104450001571A2CDA6CB1306C00B9305F00F480033
:1044600086CFCAC923A40188A389018ACEC7D2C531
:10447000D6C3EFE0DFE79306C00B500081452D4522
:1044800097E0FF1FE780C0A12A8993848188138465
:10449000318B631105104800AD3E81479306F00F44
:1044A0001307C00B50003E96034606006312D60E5B
:1044B0008507E399E7FE054A81490DC54808EFF0F5
:1044C0009F958357C1000357A1009305C00AC207F7
:1044D000D98F23A6F188480823A80188093323A28D
:1044E000A18885491306C00B9305F00F4800EFE043
:1044F0001FE09306C00B500085652D4597E0FF1F18
:10450000E780009AAA8A51E9480021363335A00095
:1045100081479306F00F1307C00B50003E960346E9
:104520000600631DD6068507E399E7FE85473369D4
:10453000590159C5138AC188638D09008357C10089
:104540000357A100C207D98F03270A00998F63532D
:10455000F00A4808EFF03F8C8357C1000357A100D1
:104560009305C00AC207D98F2320FA0005674808BF
:1045700023A8E188AD3123A2A188630B09029947E2
:104580009CC08347040093E727002300F4002DA07C
:10459000014A1DB78149014AB1B70145814741BF71
:1045A00063060A0081C785479CC03DA09547EDBFC3
:1045B0006387090423A00400014525A09147C9B7DA
:1045C000639D0902E30E09FC99479CC083470400E0
:1045D00093E727002300F400C53119456313090050
:1045E0002145FE406E44DE444E49BE492E4A9E4A55
:1045F0002D618280E30009FC59B7E31209F803A595
:10460000C1883D3345FD89479CC08347040093E73B
:1046100017002300F400F1B73171480006DF22DDF6
:10462000EFF0FF879305C00A4800553E83A74188F5
:104630006318F50203A7818891476307F7000145D6
:10464000FA506A54296182801384C1880840CD31B0
:1046500065F9184085470545E313F7FED139CDB715
:1046600003A5C188E5BF03A5C188828003A5818811
:104670008280411106C622C426C22A843539854764
:10468000014523A4F1886D319384818809E503A550
:10469000C188793915C191479CC09387318B03C775
:1046A00007002A84136727002380E7002285B24091
:1046B00022449244410182808D4711E09D479CC075
:1046C00075D49387318B03C7070001441367170024
:1046D0002380E700E1BF317152D523A6018A2385EB
:1046E000018A2389018A9386C18A1387A18A9387C5
:1046F000218B4AD94ED756D362CD66CB6AC96EC7D5
:104700002398018A06DF22DD26DB5AD15ECF814D58
:10471000014C014D814C814A02C601498149138AED
:10472000018B36C83ACA3ECC1306C0029305F00F7F
:104730002810EFE0DFBB9305C002B385BA028D6796
:1047400093940A019306C00230102D45C180BE9596
:1047500097D0FF1FE780C07419C9850423109A0001
:104760000549850A93070004E390FAFC39A0A25793
:104770007D57639BE70C23109A001306C002930534
:10478000F00F2810EFE0BFB699659306C002301015
:10479000938505E02D4597D0FF1FE7806070631B70
:1047A000050E2257FD576308F70E2810EFF0BFA43F
:1047B000630E051252478547B2542300F700638603
:1047C0000900B38764416353F0021306C0022C1042
:1047D000C808EFB062706254A64B034CC104834D0D
:1047E000D104034DE104834CF104268BB74400202F
:1047F0009387C4A88569BE996146EC08138549ADC5
:10480000A2D2EFB0626DB757002041679384C4A86D
:104810009387C7A86364E4001304F7FF239089B06B
:1048200023AA740123A687AF23AAB7AF239CA7AFFF
:1048300023AE97AF63030C00814BC24723A87401DA
:10484000854923A0670191A82810EFF0DF9A21C1C4
:10485000B25763860900338767416356E002130647
:10486000C0022C10C8083ECEEFB00267F247625477
:10487000A64B034CC104834DD104034DE104834C8A
:10488000F1043E8B8549850423109A00D9BD8547E4
:104890003EC6D5BF0549E39B09F4B24789CB938750
:1048A000318B03C70700136717002380E7006302FB
:1048B00009046247854719492300F7009387318B24
:1048C00003C70700136727002380E700FA506A54E4
:1048D0004A85DA544A59BA592A5A9A5A0A5BFA4B03
:1048E0006A4CDA4C4A4DBA4D2961828085473EC6F2
:1048F0005DB7E39D09FC2149D1BF1971A6DA83C4D4
:10490000218B86DEA2DCCAD8CED6D2D499C89944EF
:10491000F650665426854659D654B659265A09612A
:104920008280B7575434938727E53EC43749002027
:1049300083A7C18A1309C9A805644A94850793050A
:1049400044AD614608083EC602D8EFB0E25883275E
:1049500049019305800228003ED48327C4AE130A80
:10496000F0039389C18A2306F102832744AFA3068B
:10497000F102835784AF2307F1028327C4AFA30753
:10498000F102EFF0DF8583D7018B2AD81384018BE6
:104990006374FA081969930600100146930509E04B
:1049A000254597D0FF1FE780A04F19C1A1448DB7BF
:1049B0009306C0023000930509E0294597D0FF1FF8
:1049C000E780004E65F59306C0025018930509E094
:1049D0002D4597D0FF1FE780A04C69F91306C00250
:1049E0004C182800EFB0E24C71F14818EFF0BF808E
:1049F00055DD05472385E18A83570400637EFA006D
:104A0000856601468D65254597D0FF1FE7804049A3
:104A1000E31F05EE23100400035904009307C002AE
:104A20009306C0023309F9028D67300029453E998B
:104A3000CA8597D0FF1FE780A046835704008507EB
:104A40002310F400E31505EC9306C0025018CA8544
:104A50002D4597D0FF1FE780A04429F91306C00217
:104A60004C182800EFB0E24431F15257B757543494
:104A7000938727E5E31CF7F27644930580024818F4
:104A8000EFF0EFF5E314A4F2B2471384A18A23A058
:104A9000F90083470400E38D07E69965930600104B
:104AA0000146938505E0254597D0FF1FE780403FED
:104AB000E31005E623000400A1BD5D71A2C403C498
:104AC000818A86C6A6C2CAC04EDE52DC56DA5AD8E1
:104AD0005ED611CC19442285B64026449644064938
:104AE000F259625AD25A425BB25B61618280B74727
:104AF000002083C447ABA94763EA970E2685EFF0F1
:104B0000AF9583A7C189AA8A1389C189E385A7FCC8
:104B1000B7575232938737953EC483A7018A02C89C
:104B2000314685072C007D553EC623089100EFF0E5
:104B30008F8C0566374A00201306A6A093055AAB52
:104B40002AC2EFF04F8B83A6418A1345F5FF2AC294
:104B50001167938B018A138B418A99646383E60002
:104B6000916485660146A685254597D0FF1FE7809D
:104B700020332DF1B1463000A685294597D0FF1F7F
:104B8000E780003221F985699386A9A013065AAB04
:104B90009385C400294597D0FF1FE78060301DF939
:104BA000938569A191465000A695294597D0FF1F8E
:104BB000E780002F05F101464C082685EFF0AF9302
:104BC00005C93247D2476395E702E246124763912F
:104BD000E6028346C10103470101639BE6002320EF
:104BE000590123A0FB0023209B00F5B50544E5B542
:104BF0002144D5B53971130671002C00116506DE0C
:104C000026DA4AD84ED622DCA3030100EFF0AF8E9D
:104C10002A89130671004C081965EFF0CF8D2384A3
:104C2000018AAA899384818A4DC163070900D2470A
:104C30002247998F635DF008130671004C081965CF
:104C4000EFF02FC60DC10344710045C08547238096
:104C5000F4009387318B03C70700194413672700BB
:104C60002380E70075A063090900130671002C007A
:104C70001165EFF00FC361F9056637450020B747AE
:104C800000201306A6A08145130555AB238A07AA69
:104C9000EFE0EFE523AE018823A0018A196723A284
:104CA000E18A83477100DDF38347210189C7834788
:104CB000E1012144B1EF9387318B03C70700214401
:104CC000136717002380E700A1A0E30709FA130682
:104CD00071002C001165EFF0CFBC35F5E38E09F8BB
:104CE000130671004C08196569B76303390393848F
:104CF000C18903A90400934719009CC07D3B938799
:104D0000318B19ED03C70700136717002380E700F5
:104D10002285F2506254D2544259B25921618280A4
:104D200003C7070023A0240113672700C5B72DC5BB
:104D3000B705030041110D469385850622C406C6BA
:104D40002A84EFB00217814739E10307F40021E319
:104D50008D471D46A5456545BD46639CC700034775
:104D600074001307F7FB1377F70F637EE5008147A5
:104D700039A83307F40003470700130707FD13772B
:104D8000F70FE3E6E5FE8507E399D7FC8547B240D8
:104D900022443E854101828081473E8582806D1597
:104DA0001375F50F9D4763E9A7026D161376F60F8D
:104DB000054563E4C702A94763E1B702B315B5002F
:104DC00093F5F57799C963EAD7003315D5001375C4
:104DD000F57713351500828005458280011106CED6
:104DE00022CC26CA4AC84EC66307051403490500EB
:104DF0000544630B09109377C90F63970710834627
:104E000045000346350083452500AA840345150067
:104E100079372A846311051203C75400854763EC70
:104E2000E71003C7640063E8E71003C7740063E496
:104E3000E71083C7940003C78400A207D98F638C4F
:104E4000070E83C7B40003C7A400A207D98FC517F4
:104E5000C2070567C183930617E063EEF60C83C7AC
:104E6000D40083C6C400130767E0A207D58FD91703
:104E7000C207C1836361F70C83C7F40003C7E40072
:104E8000A207D98F8917C207C1831307A0236364C0
:104E9000F70A9305000313850401EFF00F9C41CD41
:104EA000D14513850404EFF04F9B51C59389440508
:104EB000930500024E85EFF04F9A35CD9386440757
:104EC00081479305000205451308C0059308B00209
:104ED0003387F400030747071396070141820DEF5C
:104EE00039CA038644071307F0026306E604B6973F
:104EF0008387F7FF6381E7041379290063060900BC
:104F00004E853535133415002285F2406244D24473
:104F10004249B2490561828063DFE5001306E7FD7F
:104F20001376F60F6379C500630707016305170160
:104F30008507E39FB7F80544C1BF144141113757B6
:104F40004D3226C206C622C4130737F48144639F3C
:104F5000E602834645000D472A8481446398E602B1
:104F6000834655001307100A6392E6028356A50094
:104F700013074009639CE600EFE03FD15C44639770
:104F8000A70013050401993D93341500B240224453
:104F900026859244410182801571D6C386CFA2CD69
:104FA000A6CBCAC9CEC7D2C5DAC15EDFAA8A3D3553
:104FB00083C7918AC9EBAA846313050E13064009BF
:104FC000938501B75685EFA0D26E03A441899389DA
:104FD000418911E169E483A781890967138A81897D
:104FE000138907106383E7000969B7574D32938728
:104FF00037F43EC6E9779387371005042318F1008C
:10500000C167138BF7FF9357040113064009D68538
:10501000231AF100680893074009231BF10002CC12
:1050200023198100EFA0526B6800EFE01FC6AA8B26
:105030002ACC930600100146CA85254597D0FF1F4C
:10504000E78000E619C1994499A89306400A7000C8
:10505000CA85294597D0FF1FE78080E46DF5930648
:10506000400A7000CA852D4597D0FF1FE78040E3B6
:1050700079F96800D9351DC1034711019307100A5A
:10508000631EF700D24703572101B3F76701C20738
:10509000D98F6315F400E247638FFB00A144FE4003
:1050A0006E4426854E49DE44BE492E4A9E4A0E4B2A
:1050B000FA5B2D61828083A70900568523202A018F
:1050C000850723A0F900EFE0BFBED1BF1571DAC19B
:1050D0001306400A9305F00F680086CFA384018A67
:1050E000A2CDA6CBCAC9CEC7D2C5D6C35EDF62DD0C
:1050F000EFE0EF9F9306400A700089652D4597D039
:10510000FF1FE780E0D9138B918A6315052E314686
:105110006C000A85EFA0525C68000535014419C592
:10512000034411011304F4F513341400814793066A
:10513000F00F1307400A70003E9603460600631FF7
:10514000D60C8507E399E7FE854A014905C08357D8
:105150004101035721016808C207D98F23AAF188AA
:10516000096723ACE1880549EFE09FB41306400AC4
:105170009305F00F6800EFE08F9789659306400A6A
:105180007000938505102D4597D0FF1FE78040D113
:105190006312052668005533814419C58344110103
:1051A0009384F4F593B4140013F6F40F8147930637
:1051B000F00F1307400A6C00BE9583C5050063918C
:1051C000D5068507E399E7FE054A9375F40FF1C804
:1051D0008357410103572101C207D98F13874189A2
:1051E000630709001443B386D740635ED00A1CC32B
:1051F000896793870710680823ACF188EFE05FABFD
:1052000015C00145FE406E44DE444E49BE492E4A5B
:105210009E4A0E4BFA5B6A5C2D618280814A35B7EB
:10522000014A65B70969B7574D3293894189938718
:1052300037F403A709003EC6E97793873710231890
:10524000F1000507C16713064009938501B72319CB
:10525000E100938BF7FF4183930740096808231A05
:10526000E100231BF10002CCEFA012476800EFE041
:10527000DFA12A8C2ACC930600100146CA85254559
:1052800097D0FF1FE780C0C10DC985472300FB00F1
:105290009387318B03C70700136727002380E7003C
:1052A0008DB7630F0906E38EC5F403A98189896769
:1052B000E31AF9F613090910BDB79306400A700006
:1052C000CA85294597D0FF1FE78080BD5DFD930605
:1052D000400A7000CA852D4597D0FF1FE78040BC6B
:1052E0004DF56800EFF07FC54DD1E247E31FFCF8B4
:1052F000D24703572101B3F77701C207D98F23A003
:10530000F90023AC218919C0E31D0AEE99C0E39A84
:105310000AEE9387318B03C7070013671700BDBFE1
:10532000EFE05FE623AA018889679387071023AC23
:10533000F1880247B75750329387C7246319F7089B
:10534000A244A1450A85EFE09FE96392A408834443
:105350004100034B51008349610003497100DA8524
:105360004E86CA862685EFF09FA335E1938701B765
:10537000A380970023816701A3813701238227013E
:1053800029476395E40211476312EB022147639FAB
:10539000E900631D99002547A380E700056713070F
:1053A00047A02391E70015472382E700138501B743
:1053B000EFE01F909387318B03C70700138501B778
:1053C000136717002380E700EFF01FBD25BD13858D
:1053D00001B7EFE0FF8D63850A002145E3140AE27F
:1053E0009387318B03C7070021451367170023807C
:1053F000E70009BDEFE01FD9138501B7EFE05F8B30
:1054000023AA018889679387071023ACF188854711
:105410002300FB009387318B03C7070019451367EF
:1054200027002380E700F9BB138501B7828003A51D
:105430004189828003C501B70589828003C501B710
:105440000581058982807971D54706D622D426D276
:105450004AD04ECE2317F10009E90545B250225437
:1054600092540259F2494561828065DAD147AE848F
:10547000E3F5B7FE8D472300F500938901B783C795
:105480000900328993860901A300F50083C719003A
:105490001306E1002A842301F50083C72900A30134
:1054A000F50083C739002302F50083C74900A30232
:1054B000F50083C759002303F50083C76900A303E0
:1054C000F50083C779002304F50083D78900A3047E
:1054D000F50083D78900A1832305F50083D7A900B0
:1054E000A305F50083D7A900A1832306F50083D780
:1054F000C900A306F50083D7C900A1832307F500DF
:1055000083D7E900A307F50083D7E900A183230827
:10551000F50083A7418913D78700A308F500230965
:10552000E50013D70701E183A309E500230AF5008D
:1055300013070003EFE09F9F0DD1514793860904A5
:105540001306E100A6852285EFE05F9EE30705F0E4
:1055500013070002938649051306E100A6852285FC
:10556000EFE0DF9CE30B05EE13070002938649078B
:105570001306E100A6852285EFE05F9BE30F05ECB3
:105580008357E10001452310F900C9BD0111D5473A
:1055900006CE22CC26CA4AC82317F10001E90545E8
:1055A000F2406244D2444249056182806DDAD147BB
:1055B000E3F7B7FE034705008D47E312F7FEB28419
:1055C0002E892A8413064009938501B72685EFA00A
:1055D000B2108347140015452380F400834724004C
:1055E000A380F400834734002381F4008347440000
:1055F000A381F400834754002382F40083476400AE
:10560000A382F400834774002383F400834784005B
:10561000A383F4008347A40003479400A207D98F13
:105620002384F400A183A384F4008347C4000347C8
:10563000B400A207D98F2385F400A183A385F400C9
:105640008347E4000347D400A207D98F2386F400E0
:10565000A183A386F400834704010347F400A20753
:10566000D98F2387F400A183A387F4008347140113
:105670000347240122075D8F83473401C2075D8FF2
:1056800083474401E207D98F03A74189E31AF7F062
:1056900013070003938604011306E100CA852285DF
:1056A000EFE03F90E30D05EE5147938604041306A7
:1056B000E100CA852285EFE0DF8EE30205EE1307E5
:1056C0000002938644051306E100CA852285EFE0B7
:1056D0005F8DE30605EC130700029386440713066B
:1056E000E100CA852285EFE0DF8BE30A05EA8357F4
:1056F000E100E39627EB2685EFF04FEE55B56FF00E
:10570000FF9C317122DD26DB4AD94ED706DFAA89FC
:105710002E89B2843684EFF08FE883C7918A9DEB9F
:105720001DE113064009938501B76800EFA0C27A16
:105730006800A306310123072101A3079100230874
:105740008100EFF07F85FA506A54DA544A59BA5909
:10575000296182801945C5BF01114AC8138501B767
:105760001305450522CC06CE26CA02C002C202C4D9
:1057700002C6EFF0CFDB138441BC11C54146A285C0
:105780000A85EFA06275856601468965254597C043
:10579000FF1FE780E0706319050C856601468D6583
:1057A000254597C0FF1FE780A06F5DED99649306C4
:1057B00000100146938504E0254597C0FF1FE78050
:1057C000206E5DE1856601469165254597C0FF1F06
:1057D000E780006D51E9856601469965254597C0CA
:1057E000FF1FE780E06B49E185660146814525455D
:1057F00097C0FF1FE780C06A25E985660146856579
:10580000254597C0FF1FE780A06939ED23A6018ACF
:105810002398018A2385018A2389018A23AE01887E
:1058200023A0018A23A2918A2384018AA384018A66
:1058300023AA018889679387071023ACF188EFE0DA
:105840007F9441468A852285EFA00269138501B7BE
:10585000A389018AEFF04FF401E96244F240D24497
:10586000424905616FE0FFE0F2406244D2444249A0
:1058700019450561828003C5318B8280C167056649
:105880008146FD17130616021397060141836364D0
:10589000B7003E8582803307D50003470700220703
:1058A000B98F2147139807018607C207135808418B
:1058B000C18363530800B18F7D171377F70F7DF312
:1058C0008506D9B7854755CDCDCDC5CE011126CAA0
:1058D0008354650006CE22CC4AC84EC61307000F7B
:1058E0006369970899C0184549C71389B4004209EC
:1058F000135909018547636E2607930750FA2380E1
:10590000F5008947A380F50083470500B6892E84FA
:105910002381F50083572500A381F500A18323820D
:10592000F50083474500A382F50083475500238394
:10593000F50083576500A383F500A1832384F50058
:105940000356650011C60C4513059400EFA0C2581C
:1059500093859400C205C18122850D379305E9FF27
:105960002E942300A4002181A300A40023902901E8
:105970008147F2406244D2444249B2493E850561C2
:1059800082803E858280854755C94DCA2947637705
:10599000B70A011122CC06CE26CA4AC84EC6834693
:1059A00005001307500A2A846392E608834615000F
:1059B0000947639DE6068349850003477500A209F0
:1059C000B3E9E9001307000F636237079384B90056
:1059D000C204C180639CB404F91493950401C1818D
:1059E000A2943289613D03C7140083C704002207D3
:1059F0005D8FA147631CE502834724002504230033
:105A0000F9008347B4FF0347A4FFA207D98F2311EE
:105A1000F9008347C4FF2302F9008347D4FF23130F
:105A2000390123248900A302F9008147F24062442E
:105A3000D2444249B2493E85056182803E858280DA
:105A400011C51306001581456FD07F8A82800548F5
:105A5000630E0518638C0518638A06186388071897
:105A6000914863F5C818797106D622D426D24AD057
:105A70004ECE52CC56CA5AC85EC662C403C925006F
:105A800041439308F9FF93F8F80F6364130B83CB3A
:105A9000150063F02B0B6D1693140601C1801306DD
:105AA000600F6368960803C605001373F60363125C
:105AB000030813BE1B0013537600631C6E06198285
:105AC000B388784193B81800058A6394C80683C9DF
:105AD00045003E8A83C73500A2093A8BB3E9F90035
:105AE00083470500B68A2E8C2A8489CB83572500EC
:105AF0006396370183474500638B270122858937E9
:105B000085472300F40023113401230224011C449F
:105B1000B3D77701858BA5EB8357C4009306B00FED
:105B2000338797004207418363F2E6022285093FEB
:105B30000548B250225492540259F249624AD24A5C
:105B4000424BB24B224C42854561828093991B00A7
:105B5000A299130524052398F9023E9526869305FC
:105B60005C00EFA062378357C400A6972316F400A9
:105B7000239799008547B3977701832B8400B3EB74
:105B8000FB00232474011444814733D7F600058BAE
:105B900021CF850713F7F70FE36927FF930BE40085
:105BA00081498144130C240503D60B00B3079600EA
:105BB000C207C183E36CFBF683D52B0233859A00C1
:105BC0008509E295EFA0423183D70B0093F9F90FD5
:105BD000890BBE94C204C180E31839FD23109A00DA
:105BE0002285B93D0148B1B70D48A1B742858280F1
:105BF00093D785002300B500A300F50093D70501D6
:105C0000E1812301F500A301B50082803747002020
:105C10009306C7A88567B69783A6C7AE1336150047
:105C200023A6C7AE93B616001307C7A86380A602C3
:105C300083D647AE41667D166385C60085062392EE
:105C4000D7AE83A7019711C11CCB5CCB8280BD4727
:105C50006384F50005458280232006002322060088
:105C6000231406002305060003471500834705009B
:105C700022075D8F2310E60003482500230106015B
:105C800083453500A301B600834755008346450090
:105C9000A207D58F2312F600034365002303660095
:105CA00083487500A303160183469500034E8500C3
:105CB000A206B3E6C6012314D6000345A5002305BA
:105CC000A60049DB93060002E3E606F98946E3E312
:105CD000B6F80548E36068F8E36E18F7639CD500F2
:105CE000B5DBE309F7F61305E5FA1375F50F133580
:105CF000D50A828023120600FDB723AA018A82807A
:105D000023AA018A82809387418B9443014591CADB
:105D100003A781970545158F6345070023A007005A
:105D200001458280411122C406C626C24AC0B94735
:105D30002E846311F510A547054963E0B706B74403
:105D400000209387C4A8985385479384C4A8114919
:105D50006315F70493071010B387F502A69783C75E
:105D6000970285CF13F4F50F2285EF2090250D497A
:105D70000DC59D4763EC8700B70503000A049385B2
:105D800045072E941C40828705454935130520039D
:105D9000EF10C0280149EF406071B24022444A85AB
:105DA00092440249410182800145C5B78567BE948E
:105DB000854723AAF4AED9BF8567BE949147D5BF66
:105DC0008567BE948947F5B78567BE948D47D5B77B
:105DD0008567BE9403D784AFB7570020BD464117EF
:105DE000420741839387C7A863F5E6006547239C74
:105DF000E7AE03D787AFF946E3EAE6F80507239C49
:105E0000E7AE69B78567BE9403D784AFB757002064
:105E1000BD464117420741839387C7A863F5E60053
:105E20006547239CE7AE03D787AFC146E3F0E6F6AC
:105E30007D17F1B79307F5FF93F7F70F31472A89DD
:105E4000636AF71A370703008A0713074709BA97E7
:105E50009C4382878547E3E2B7F4B334B000938470
:105E600004082685EF20407E630605182685EF206E
:105E7000701C63030518854733358000E307F9F08C
:105E80008947631DF90CB75700209387C7A823AA39
:105E900087AEEDBD91479384150AE3F4B7FC05493D
:105EA000EDBD938705F6C207C18313076009E36858
:105EB000F7FEA944B3F79502FDF3B3D4950293849A
:105EC000040345B78D4793841505E3FCB7F8C1BFBC
:105ED000894793841506E3F6B7F8D1B78547E3E021
:105EE000B7FCB334B00093840407A5BF8547E3E84B
:105EF000B7FAB334B0009384040BA5B78547E3E049
:105F0000B7FAB334B0009384040CA1BF8547E3E82B
:105F1000B7F8B334B0009384040DA1B78547E3E02C
:105F2000B7F8B334B0009384040E25BF8547E3E887
:105F3000B7F6B334B0009384C40925B78547E3E0CE
:105F4000B7F6B334B0009384E40921BF8547E3E892
:105F5000B7F4B334B0009384640921B78D47631C50
:105F6000F900A945B355B402B75700209387C7A8D5
:105F7000239CB7AE21BD91476319F900B7570020A4
:105F80009387C7A823AE87AE11B5B5476314F9044C
:105F9000B75700209387C7A883D787AF375700200C
:105FA000BD46C117C207C1831307C7A863F5F60032
:105FB000E547231CF7AE835787AF01C8F946E3E7EF
:105FC000F6DC8507231CF7AED1B3C146E3F0F6DC5F
:105FD000FD17CDBFAD47E31BF9DA0545EFF01FC351
:105FE000114711E00547B75700209387C7A823AA98
:105FF000E7AE69BB114955B30D4945B31171CAD913
:1060000086DFA2DDA6DBCED7D2D5D6D3DAD1DECFDE
:10601000E2CDE6CBEAC9EEC7231006008347450070
:10602000130710042A89E385E7402E84B28963644C
:10603000F71249476381E75C6363F7081547638F8D
:10604000E748636AF70005476386E73C0947638DC5
:10605000E7429144A5A141476381E74C4547E39A54
:10606000E7FEB74700209387C7A803D727002390F0
:10607000E50003D747002381E50005673E97834687
:1060800057B0A381D500835667B02392D50003474C
:1060900047B02383E5009853A383E50003D7670245
:1060A0002394E50083C747022385F500EFE0AFDBCB
:1060B000AA851305B400EFF0BFB3BD4791A913073C
:1060C0000003638FE76C636BF7024D47638DE75204
:1060D00013070002E39FE7F6035765008D478544E9
:1060E000631EF73C1C4503C7270083C5170003C583
:1060F00007002207D98DEFF0FFC221A31307100379
:106100006388E77E13070004E395E7F4835765008F
:1061100085446385073A144503C70600E317971EB5
:106120001147639DE73803C916009307100563E71D
:10613000273903C4360083C7260022045D8C630F11
:106140000436C167FD17630BF436EF20B005E31C7E
:1061500005188D44A5A613075005E38CE742636D2F
:10616000F70613072005E385E73C6364F70413078C
:106170000005E38FE72E13071005E39CE7ECEF60C3
:106180007060834755009544639A0732EF20900171
:106190008D4463050532EFF02FDCAA8463100532CD
:1061A000B7470020054723AAE7A823A601986F0058
:1061B000704A13073005E384E73A13074005E39A72
:1061C000E7E8835765008544639A072EEF80807A5D
:1061D0006305052E6F00902213078005E380E748D2
:1061E0006369F71813076005E38CE73A1307700536
:1061F000E391E7E6EFF04FA32A89EF40602D8D474A
:106200002300F40083470900AA8437490020A30033
:10621000F400834745022301F40083475502A3019C
:10622000F400834765022302F40083477502A3024A
:10623000F400834705022303F40083478502A30388
:10624000F400834795022304F40083578500A304D8
:10625000F400A1832305F4008357A500A305F400EF
:10626000A1832306F4008357C500A3070400230875
:106270000400A306F400A1832307F4008357E5007C
:10628000A308F400A1832309F40083570501A3099F
:10629000F400A183230AF4000C4113055401EFF02C
:1062A0003F95CC4013059401EFF09F949307C9A844
:1062B0009C471309C9A8A30EF400EFF0AF9719C5C6
:1062C000032789008D47054563E6E700EF40801E00
:1062D0003335A00083A58197230FA4001305F40193
:1062E000EFF01F9183C7A40213057402A301F40207
:1062F00083C7B4022302F40283D72401A302F40269
:10630000A1832303F402CC48EFF09F8E8C4C13053D
:10631000B402EFF0FF8DCC4C1305F402EFF05F8D6B
:10632000EF40A03883476500032789001305100854
:10633000A309F4028D4763F6E700EF30A03C137524
:10634000F50F230AA40283C71402A30AF40283D719
:106350002402231BF402BD47230CF402EF40401B30
:10636000AA853D4613059403EF90123793078004E6
:1063700045A21307B005E38CE7301307F005E3816E
:10638000E73213079005E396E7CC83556500854413
:10639000638605120845054783470500E399E72C06
:1063A000FD1593F5F50F0505EF40E016AA84631778
:1063B0000510EF40802F89472300F40083476500D4
:1063C000AA84A300F400834775002301F400EF4082
:1063D00020108347A50213056400A301F40083D7AE
:1063E00044002312F4008C40EFF09F80EF40402ED9
:1063F0002315A400EF40E02E2316A4009305100EF1
:106400001305F400EF40002F2307A4003D0523905F
:10641000A90065A0B74700201387C7A81853938425
:10642000C7A80DEF13050008EF200022896531C9C8
:106430009385F5EF2285EFF0AFFBB707161393872F
:1064400027205CC09C502304F400EF20E052A304FA
:10645000A40021812305A400AD475DA8EF20C05111
:10646000137735008D478965631AF700938515AF5B
:106470001375C50361D193E525006DBF938505AF05
:10648000C5BF938505AF7DB7EFE01FFA93054505BE
:106490002E852EC6EFE0BF89AA84B24511C1BD4446
:1064A0008947A300940026862300F40013052400E6
:1064B000EF9092228904239099008144FE506E54FB
:1064C00026854E59DE54BE592E5A9E5A0E5BFE4BFF
:1064D0006E4CDE4C4E4DBE4D11618280835765007F
:1064E0009DCB8544E3ECF4FC1C4583C70700138770
:1064F000F7FF1377F70FE3E3E4FC03A781978966BF
:106500009386067136972300F40023AAE18A854713
:106510002390F9005DB78547CDB7EF10D020B7477E
:1065200000209387C7A88564BE9403A7C4AE83D612
:1065300004AF2946133717002300E40003A744AF34
:106540002A89A300E40003D784AF2312D4003307C1
:10655000C7022311E40003A7C4AF2303E40003D759
:10656000C4B0A303E40021832304E4009C47A304F4
:10657000F40083C744B0A30504002316040093B7B6
:1065800017002305F40023070400EFE0CF8DAA8550
:106590001305F400EFF0CFE58347C9001305A4010C
:1065A000A309F40083570900231AF4008357290034
:1065B000231BF40083574900231CF40083A544AD3A
:1065C000EFF00FE383576900231FF400EFD04FC2B1
:1065D0002300A402EFD02FC2A300A4022181230133
:1065E000A402EFD0AFC1A301A40221812302A4021F
:1065F0009307500231BF8355650008455008EFF0FE
:106600000FE5AA8465BD8355650008455008EFF085
:106610000FE4AA84E31405EA374900209307C9A8C8
:106620000347B10183C707021309C9A86312F70E14
:106630000357C10183576902631CF70C0347E1014B
:10664000834749026316F70C8564CA9483C644B035
:106650001306000A938544A3081036C6035D29007B
:10666000035B490083AC44B0832A0902035A6902E0
:10667000034C4902EF905206835741018345A10123
:106680000347B1012311F900834761010346E1018A
:10669000B75D00202312F900834771012382B4B053
:1066A0002320E902A382F4B0835781012302C902A7
:1066B000938DCDA82393F4B08357C101B74B00202D
:1066C000B2462313F90239CB014783C7CDB00A077D
:1066D000ED9BD98F2386FDB06384B600EF80A018B0
:1066E000EFD07FF8EFD0DFC4AA8421E9EFD0BFF765
:1066F000AA852285EFF0CFCF91472390F9008547F7
:106700002324F9009167938787A923A6F1987DB385
:10671000EF2040298D44E30305DA3DB7130510054A
:106720000547E364C5FAFD17C20741677917C183BE
:10673000B3B7E70013C7170049BF137BFB0F93FAEA
:10674000FA0F2311A9012312690123A29DB123206D
:1067500059032313490323028903814763910A02E2
:10676000130710058547636C87017D1A420AC167CC
:10677000F917135A0A01333AFA0093471A0003CA69
:10678000CDB08A071306000A137ABAFF336AFA00FB
:1067900023864DB10C1013850B4CEF90E27339BB7F
:1067A000374600208146814801471306C6A80545A3
:1067B000A9459387360A9207B297DC4313F817006E
:1067C000630B08008583990705079D8B1377F70FE7
:1067D0006363F50085488506E39DB6FCB747002056
:1067E0002300E4009387174C014885440943854EF4
:1067F000130F500A93C81800294E1305380A1317AF
:10680000450032978346470013F716005DCFB98ADB
:10681000639A660C03C7D7006317E70183C6C700F6
:1068200005476374D300C6860547B30F94009315DC
:1068300045002380DF01B295CC41814285819D894D
:10684000A380BF0083C5070093F5F5072381BF0030
:1068500093853400A29519C383D217002390550065
:1068600093855400A295814219C383D237002390A7
:10687000550093857400A2952DCBC206C18223904A
:10688000D50093869400A296954519E383D53700E9
:106890002390B60083C6A70083C59700A206CD8EBD
:1068A000A395DF0009C783C6B700094791EA13170C
:1068B000450032970347C700058B133717000507BC
:1068C000B904C204A386EF00C1800508C107E3161E
:1068D000C8F3EFD05FD92694AA852285EFF04FB197
:1068E0009104D1BE0147814689B783D6170041BFC5
:1068F000B75500209385C5A81306000A938545A3C4
:106900000810EF90625D83576900374A00201147F5
:10691000130A0A4C637BF710032989002947834433
:1069200009006364971039473387E4021507639EB3
:10693000E70E374500201306000A81451305054C74
:10694000EFC0FF9A930719005287814E8943930243
:10695000F05905451309000F930AF005654B930B99
:1069600050FA6392D403EFD01FD0EFD07F9CAA845B
:1069700055EDEFD05FCFAA852285EFF06FA7914745
:106980002390F90025BE83C8470083C6370003C89B
:106990006700A208B3E8D80083C65700220803C6E0
:1069A00077003368D80083C6870003CEA70083C56D
:1069B000C700A206D18E03C69700220EA205336E31
:1069C000CE0003C6B700C206C186D18D03C617002C
:1069D000C205C1851303F6FF139C0601939F0501B1
:1069E0001373F30F135C0C0193DF0F0103CFD70078
:1069F00063ED63021383FFFF42031353030163E656
:106A00006202930CFFFF13F3FC0F636065026314D3
:106A1000A60263EC120163EA020163E8830103C387
:106A200027001373F3076316030285441306000A55
:106A30000C1052859DB313030CF64203135303014C
:106A4000E36569FE1303BEFF420313530301E3EE44
:106A50006AFC03C30700137D7600060DB33D60009A
:106A6000034307001373030F3363B3013363A301BD
:106A70002300670003C327001373F307A300670015
:106A80006303A600E288231117016303A60072883E
:106A90002312070185486304A60093B81C0003482D
:106AA000870093DF8F002305B7001378080C336845
:106AB000180123040701A3046701A305F701814519
:106AC0006315A600791F93351F002306B7006316D0
:106AD000A600A306D70023077701850E93FEFE0FBD
:106AE0004107B907BDBDB74700209387C7A8056711
:106AF000238227032393870223A00702BA9703C7A1
:106B0000C7B06D9B2386E7B04DBA0946631CC7002A
:106B100005478544E394E79AEF10703AE31F059820
:106B20006FF02FE38D45631AB7008544E398C7984B
:106B300003C51600EF103040D5B79145631BB7026F
:106B40008544E39DC79603C51600A547E3E8A796CD
:106B5000130710103307E502B74700209387C7A833
:106B60009144BA9783C79702E38A0794EF10704560
:106B700075B79545631AB7068544E3919794EF106E
:106B8000B05F83A781C18566A58393F7F7072300CC
:106B9000F40083A781C1A183858BA300F400B747CC
:106BA00000209387C7A8BE9603C7C6B00983058B8C
:106BB0002301E40003C7C6B00583058BA301E400ED
:106BC00003D767022312E40003C747022303E4004C
:106BD00083C787022314A400A303F40083C7C190D2
:106BE0002305F4006FF05F879945631BB700854468
:106BF000E396978CEF10D047E311058C99447DB84C
:106C00009D45631DB7008544E39AC78A03C51600F6
:106C1000A547E3E5A78AEF10104B09B7A1468544C5
:106C2000E31ED7880547E39BE788EF10D051FDB5F9
:106C3000835765000547639EE7C018450347070073
:106C40006319F7C013050008EF101020630305C097
:106C500013050008EF10103E630D05CE0145EFE06F
:106C6000FFFA130520035D2EEF3050046FF0FF8410
:106C7000EF10602B374A00201307CAA88567BA9720
:106C800083C7C7B0B75400202A8993F70702130AB5
:106C9000CAA89384C4A8054589E7EF00501333358B
:106CA000A0002300A400EF00F011A300A40083D7EC
:106CB000C4B02311F400EF0050112302A400832775
:106CC0008A00A302F400EF00900F8347140023030F
:106CD000A40013058400A303F40083A50197EFE04B
:106CE0003FF18325CA001305C400EFE07FF083D78E
:106CF00024B01305A4012318F400835709002319B5
:106D0000F40083572900231AF4008347C900230B9A
:106D1000F4008347D900A30BF40083576900231CB8
:106D2000F40083A544ADEFE0BFECF9476FF04FFEF0
:106D3000B75700209387C7A803C787B02380E50013
:106D400003C797B0A380E50003C7A7B02381E50080
:106D500083C7B7B0A381F50091476FF06FFB03576E
:106D6000650091478544631BF7F41C4583C63700D3
:106D700003C6270083C5170003C50700EFE07F980F
:106D8000AA84631D05F2B7470020054723AAE7A898
:106D900095BA9305000F2285EFE0EFEA6FF07F864A
:106DA000EFE08FE82A8A83556900032589001010D7
:106DB000EFE0CFFDAA84631305F003470102834788
:106DC0000A000549B98F13F717001DEB83461A0017
:106DD000034711026396E60283462A000347210215
:106DE0006390E60283463A0003473102639AE60065
:106DF00003494A00034741023309E940333920017E
:106E0000898B854A99EB1306F00893055102130507
:106E10005A00EF90020AB33AA0000810EFE0CF97B3
:106E2000AA84631D05E8EFE08FE0AA852285EFE0E4
:106E30003FDC91472390F900630C0900B74700201D
:106E4000054723AAE7A89167938787A923A6F19806
:106E500063860AE6EF30805F6FF04FE68357650088
:106E60008544639D07E4EF30E0626FF00FE509476A
:106E700085446398E700639395E4EF3030016FF049
:106E8000EFD2639D07E2639B95E26FF08FD2835749
:106E900065008544639407E2EF60301E6FF0EFE118
:106EA000EF60400E85472300F40083475500AA8415
:106EB000A300F4008345D5008347C500A205DD8DFE
:106EC0008347E500C207CD8F8345F50013052400F5
:106ED000E205DD8DEFE0DFD183C5140183C7040136
:106EE00013056400A205DD8D83C72401C207CD8F81
:106EF00083C53401E205DD8DEFE09FCF83C55401EA
:106F000083C744011305A400A205DD8D83C7640176
:106F1000C207CD8F83C57401E205DD8DEFE05FCD43
:106F200083C5140283C704021305E400A205DD8DA6
:106F300083C72402C207CD8F83C53402E205DD8DED
:106F4000EFE01FCB83C5940183C78401130524019F
:106F5000A205DD8D83C7A401C207CD8F83C5B4010F
:106F6000E205DD8DEFE0DFC8D9476FF06FDA6971B8
:106F700023229112B284300023202113232E3111B9
:106F800023261112232481123689BA892313010082
:106F9000EFE07F9F29E50347810085476311F704F0
:106FA000001013066100A2852800EFF02F858947A5
:106FB000230AF1008357A100A30CA100CE86231B56
:106FC000F1008347C1004A86A685230CF100835750
:106FD0006100480822CE231DF100EFE0BF8E832020
:106FE000C11203248112832441120329011283292F
:106FF000C111556182807D6713078784B357E5020D
:1070000085669386867BB387D702AA973375E50298
:107010003305D5023355E5023E9582809387818BF7
:10702000054711CD13074006130535063355E50214
:107030008D462A87420541816373D5000D47239011
:10704000E70082800547238DE18A82801387818B48
:1070500083570700411106C6C20722C426C2C18356
:107060009DEB814401449387A18B03C707001377ED
:10707000F70F39C323800700EFD03FA411E139C0D7
:10708000B75700209387C7A803C7C7B01367070285
:107090002386E7B01DA083570700FD17C207C183F1
:1070A0002310F700DDFFEFD02FD72A84854445FD5C
:1070B000EFD0BF842A8445BFF9F0B2402244924405
:1070C00041018280B75700209387C7A803C7C7B084
:1070D0001377F7FD75BF011106CE22CC26CA4AC828
:1070E0004EC6EFD0EFB6AA893749002037540020AA
:1070F000EFD0CFD79304C9A81304C4A863810902B1
:10710000A147639FF90C6D1513351500EFD06FD6AD
:1071100019C58347C4B093E707022306F4B0EFD044
:10712000EFD41307E5FF894763F5E7009947631834
:10713000F5008347C4B093E707022306F4B09567D0
:107140009387B72A2316F9A8056926998547232628
:10715000F9AEE547231CF9AE232A09AE232E09AE6A
:1071600023A8040023AA040023A60400231109B0C5
:10717000EFD06FD6EFD01FA8EFE06FD8EFE0AFEF02
:1071800019C58347C9B093E707022306F9B08547BD
:107190009CC49167938787A923A6F1989C50A1E787
:1071A00083C64402130710058547636DD70083D754
:1071B000640241677917FD17C207C183B3B7E700BF
:1071C00093C717000347C4B08A076D9BD98F230666
:1071D000F4B0F2406244D2444249B249056182802F
:1071E000EFD08F8D3DB703C784028347C4B01337F8
:1071F00017000607E59BD9BF15C5014781479316C0
:107200000701C18263E7B6001385C7FE1375F50F4A
:107210008280B306E50083C606000507B69793F79C
:10722000F70FF1BF014582800DCD8546814763FB95
:10723000B602411126C2AE84FD15C205C18122C429
:1072400006C62A84EFF05FFB330794008347F7FFFD
:10725000B2402244898F93B7170092443E85410182
:10726000828081473E8582809307000263F3A700F6
:107270000145B79704009387073E3305F502B777BA
:107280000919938707453E9582809307000263E1C1
:10729000A702D94763E0A702411106C6EFF0DFFC61
:1072A000B240B7E72F009387C7FD3E95410182802A
:1072B0000145DDB7B79704009387073E3305F50214
:1072C000B747A2189387C7443E9582808146A5C9D7
:1072D00013160501418213079650420785674183C3
:1072E000938787A0814663ECE704A946B346D5029D
:1072F000A947B387F602C207C1833307F6404207A6
:107300004187635607003387C74042074187931779
:107310000701C1831307F007B387E70229479507E1
:10732000B3D7E702C207C1836354050093E7070898
:1073300093F6F60FA206D58F2390F5008546368585
:107340008280014859C5D1C749C6411122C406C629
:107350002301C5000548218223000501A300B500D3
:10736000A301C5002302D500A302E50003D707004F
:10737000C5452A842303E5002183A303E50003C751
:1073800027002304E50003D74700A304E500218379
:107390002305E50003D76700A305E5002183230645
:1073A000E50003D78700A306E50021832307E50056
:1073B00083D7A700A307F500A1832308F500EFF00A
:1073C000BFE3A308A400B2402244494842854101DA
:1073D00082804285828081471DC995C9411122C49E
:1073E00006C695472301B500A1812300F500A3013E
:1073F000B500A300050091452A84EFF0FFDF2302CA
:10740000A400B240224495473E85410182803E85DA
:107410008280814721C5B9C131C26381C504411150
:1074200022C406C695472300F5002301B500854711
:10743000A1812302C5002182A300F500A301B500AC
:10744000A302C50099452A84EFF01FDB2303A400A3
:10745000B24022449D473E85410182803E85828024
:1074600049C5011122CC06CE26CA4AC84EC62A8476
:107470000145ADC725C6BDC29319080193D90901BD
:10748000138399009308000863EA6804130550FA0F
:107490002301C4002302D4002182A1822300A4007E
:1074A000A300B400A301C400BE85A302D40023033B
:1074B000E400A3030401428613058400C284EF8024
:1074C000122D13898400938589002285EFF0DFD285
:1074D0002299A5042300A90013F5F40FF240624499
:1074E000D2444249B2490561828001458280014807
:1074F0005DC9D5C9011106CE22CC26CA4AC84EC6DE
:1075000052C456C25AC003CA0500A14863F24809D2
:10751000034305009308500A2A84631B1307AE84B3
:10752000D2853E89BA89B68A328BEFF0FFCF2A889E
:1075300025C1834714000148639C67050346340056
:107540008347240022065D8E63145605834654004B
:1075500083474400A206DD8E63863601C167FD17AE
:107560006398F602834974000148938799006391F8
:10757000470363060900834764002300F9004E8631
:10758000930584002285EF809220054823803401F2
:10759000F2406244D2444249B249224A924A024BE2
:1075A00042850561828042858280A38DA18A137500
:1075B000B50F791513351500238EA18A828003C576
:1075C000C18B828003C5B18B8280014582800145D9
:1075D0008280011122CC06CE26CA37340040834770
:1075E000B4000D47636BF70493978500A181DD8D8F
:1075F000936405082316B10009466C002685EF0048
:10760000D0178347240093E727002301F400930752
:1076100050FA2304F400230494008347C100230498
:10762000F4008347D1002304F4002304A40005459B
:10763000F2406244D244056182800145D5BF011108
:1076400022CCA307A10006CE373400408347B40004
:1076500011470145636DF70205469305F1001305D7
:10766000A00EEF0090118347240093E72700230129
:10767000F400930750FA2304F400A9572304F400FC
:107680008347F1002304F4002304A4000545F240DD
:1076900062440561828083A6C18D138741C0A30720
:1076A000D70083C6418E2307A700938741C02308D4
:1076B000D70003576700C166FD166305D7000507AD
:1076C0002393E70003C7D7009306F00F6301D704A5
:1076D00005071377F70FA386E7008D466319D702D6
:1076E00023860700B75700209387C7A803C7C7B0F2
:1076F000C166239107B0136707012386E7B003D75C
:1077000067AEFD166305D70005072393E7AE8280B9
:10771000411122C42A842E8506C6EFF0DFF72389A3
:10772000018EA38C018EEF90E039C1450145EF90A9
:10773000C0188D4513050008EF90E00D3717004085
:107740008327C70CB24093E707082326F70C23AE24
:10775000018C23A48190224441018280411122C4E2
:1077600006C62A8415E583A781901307F0042E85A9
:10777000B387F5406379F700B737004083C7B70098
:107780008545EFF0FFF82285B24022444101828016
:107790000544D5BF01114AC806CE22CC26CA4EC622
:1077A00052C456C21388218F83470800BDEFB737F4
:1077B000004083C6B70099481387819063E2D804DC
:1077C00083C62700850593E626002381D70093060C
:1077D00050FA2384D7002384A7002382A18E238D0F
:1077E000B18EA38C018E85472300F80010C3F240B0
:1077F0006244D2444249B249224A924A0561828097
:1078000018439306F0043307E640E3F2E6FE83C72D
:10781000B700854532856244F240D2444249B249BC
:10782000224A924A05616FF0BFEEB737004003C7A6
:107830005700B284798B31E303C6A18F1389218F5E
:10784000938AA18F373700409385418F8346A700E5
:107850001388918F8347080093F6F60F9389918FD1
:107860008DEA6316F60A7D16814785461376F60F74
:107870001387418F1305F00FA9A889462380D19063
:1078800003C72700136727002381E70083C5019002
:1078900029AA8346870093F6F60F63ECC7008D464E
:1078A0002380D1908347270093E727002301F70027
:1078B000F1BF93881700AE97230018012380D700EB
:1078C00071B7B305F70083C505006383A500814642
:1078D000850793F5F70FE3E6C5FE2300090089C687
:1078E00011472380E1905DB703C5418E9385418F99
:1078F000EF00A06883C70A00138A418F3E9A0347AE
:10790000FAFF9387418F6309A72C1547D9BF83A737
:1079100081901307F004B387F440E37AF7EC230077
:10792000090019477DBF03C7070083C71700220757
:10793000D98F2391F18C7D771307071CF98F056789
:10794000130747A0D98F2394F18C8D471CC023A423
:10795000919071BD03C7070083C717002207D98F15
:10796000239FF18A93F7F7DC93E717002392F18CBA
:107970009147E9BF03C7070083C717002207D98FC4
:107980002390F18C93F7C7B593E717002393F18CFD
:1079900095476DBF03C7070083C7170083D6818C47
:1079A0002207D98F6385F6009D452685ADB5B5477D
:1079B00071BF03C7070083C7170083D6418C220716
:1079C000D98FE393F6FEB94751B703C7070083C7C2
:1079D000170083D6618C2207D98FE397F6FCBD4749
:1079E000B5B703C7070083C717002207D98F239CA9
:1079F000F18C99E3A14555BFC14789BF03C7070073
:107A000083C717002207D98F239EF18EFD17C20767
:107A10004167C1837517E36FF7FCC54705BF03C70F
:107A2000070083C717002207D98F239FF18EFD1708
:107A3000C2074167C1837517E36EF7FAC94739B7C3
:107A400003C7070083C717002207D98F2398F18E39
:107A5000FD17C2074167C1837517E36DF7F8CD477E
:107A6000F5B503C7070083C717002207D98F2396F0
:107A7000F18CC9D3D147D9BD03C7070003C517008F
:107A800062074205498F03C53700498F03C52700A8
:107A900083D5018F2205598D192B2392A190DD47A3
:107AA00075B503C7070003C5170042072205498FB4
:107AB00003C5270083D5C18F13862190598DB1232B
:107AC000E147E31505E82545EFF0FFBCD5471CC0AD
:107AD0001387047D230009002380090023A0E18E81
:107AE000BDB503C7070003C5170042072205498F2C
:107AF00003C5270083D5E18F138A6190598D1386C2
:107B00006190A92B19E12945C1B783D6219003D7EC
:107B10004190938741C02391D70083560A00239256
:107B2000E70084C72390D70085462396D700B75730
:107B300000209387C7A82391E7B003C7C7B03D9B38
:107B40002386E7B0E54719B51387A18C8346070064
:107B500085C2230007008146014723A8D18C23AAB0
:107B6000E18CD5471CC09387047D23A0F18EC5B35B
:107B700003C5070003C7170083C727004205220774
:107B8000598D5D8D79DD03D6818D83D5C18C93862A
:107B9000018D352B9386818E9842D4429387818EB6
:107BA0001348F7FF13C6F6FF6366B6006399C50076
:107BB0006377A8007D56FD5690C3D4C35DB72A975E
:107BC0003335A700B6952E9598C3C8C359BFAD45A8
:107BD0002685EFF0FFB3A5BB03A7C18DDD46138457
:107BE000C18D7917E3E5E6FEB70603000A07938621
:107BF000860C369718430287411106C6938741C009
:107C000023A0070023A2070023A4070023A6070040
:107C100023A80700239E018E239F018E2398018EA7
:107C20002396018C01478146239C018C23AAE18C79
:107C300023A8D18C23A6E18E23A4D18E2385018C89
:107C4000239201902391019023930190C145014516
:107C50002389018EEF8070468D4513050008EF8063
:107C6000903B371700408327C70CB24093E70708C3
:107C70002326F70C23AE018C03A7819723A4E19060
:107C800041018280011126CA22CC03A4819783A7D7
:107C9000C18D06CE4AC84EC66547636CF7263707C6
:107CA00003008A0713078712BA979C439384C18DF8
:107CB000828713898190832709002D47B307F440F9
:107CC000637DF708B719004083A7890CC1450145BA
:107CD00093E7070823A4F90CEF80303E83A7890CB3
:107CE0008545414593E7070823A4F90CEF80B0329E
:107CF0008D4513050008EF801032096513050558FE
:107D0000EF803059B73700401D472381E7006D47AA
:107D1000A381E70013070004A380E700054723873A
:107D2000E70085479CC02320890005A893878190A0
:107D30009843930630063307E44063F0E6020947B0
:107D400098C080C319A81305500EEFF05F8FA2856D
:107D5000EFF0DFA0994763180518F2406244D2445F
:107D60004249B2490561828003A7819099461389EF
:107D700081903307E440E3F2E6FE83D5818C83D71C
:107D8000218C6394B7009D4771BF0145EFF07F845C
:107D9000A285EFF0BF9C65F9C9B703A7819099460A
:107DA000138981903307E440E3F9E6FA83D5418CE7
:107DB00083D7E18B6394B700A147ADB70545EFF0DA
:107DC0005F81A285EFF09F9965F941BF03A781907C
:107DD0009946138981903307E440E3F0E6F883D5B0
:107DE000618C83D7018C6394B700A54725BF4D45AF
:107DF000EFF02FFEA285EFF07F9665F9B9BF1389EA
:107E00008190832709001947B307F440E377F7F41B
:107E10001305A005EFF0BF82A285EFF03F94A947BC
:107E2000E31205F01DBF13898190832709001947CC
:107E3000B307F440E373F7F21305C00DEFF03F8092
:107E4000A285EFF0BF91AD47E31E05EC39B79387EC
:107E500081909843A5463307E440E3F0E6F03147CC
:107E6000C5B52286894501456244F240D244424963
:107E7000B24905616FF01F92228689450545EDB72D
:107E8000228689454D45CDB7228689450945E9BFFA
:107E90002286894513050007C1BF2286894513053F
:107EA0002007D9B7228689451305300775BF22867A
:107EB0008945130560074DBF1305A005EFF02FF8A6
:107EC000A285EFF0BF89E30A05E8D5479CC023A04F
:107ED000818E23A4819051B583A7018EB307F4400E
:107EE000E3CD07E6D9479CC0EDB72286914513053F
:107EF000C0029DBF22868D4513054002B5B722867C
:107F00008D45130560028DB722868D4513058002CD
:107F1000A1BF22856244F240D2444249B249AD45F4
:107F200005616FF0EFFE138541C082809387818EDB
:107F3000814601478843CC4394C3D8C3828081469D
:107F4000014723A4D18E23A6E18E23A8D18C23AA96
:107F5000E18C05472385E18C9387C18D9443554778
:107F6000639CE6002389018EA38C018E654798C32C
:107F700003A7819723A4E1908280130555FA937794
:107F8000F50F0DC20145014791E98280B386E500F6
:107F900003C506000507AA9793F7F70F9376F70F27
:107FA000E3E6C6FE93C7F7FF13F5F70FF9BF938714
:107FB000F5FFC2074167C1839306D7FF63E5F60467
:107FC0009357F5413D8D1D8DB387A50233B5A502AD
:107FD000A945B386F5023385A502B3B5F502B70707
:107FE0000080B697B3B7D700CD462E95AA9763E722
:107FF000F600814713950701418182801305F7FF41
:10800000E3EAE7FE82800145F5BF81460DC2138792
:10801000F5FF4207C1674183F517814663E9E70031
:108020009317850063D70700231006008546368521
:108030008280B387A502370780008146B3B5A502C9
:108040003E97B337F700AE979305F00FE3E1F5FEE7
:10805000A20761835D8F2310E600C9BF3DC69386EA
:10806000F5FFC2064167C182751781476369D70072
:108070009317850063D707002310060085473E85C8
:108080008280B387A50233B7A502370540013E952C
:10809000B335F500F547BA9563E9B7026396F50085
:1080A000B707804E6373F502411122C481463284C2
:1080B0003706800206C6EF70626D2310A400B2403E
:1080C000224485473E854101828081474DBFA5C23C
:1080D00039CDB1CD29CE3386C5022205218137277E
:1080E00002001307175503A84600B305C50233362F
:1080F000C50213753600B387E5020982B3B5E50200
:108100003305E5022E958C424295BE95B3B7F50036
:108110008CC2B305E6023E95937735000981DCC237
:108120003336E6022E95B335B500B295828001450F
:108130008145828083C75191014593F7F70F81E70D
:1081400003C591C105898280B74500401D459386CE
:1081500081C19387519183C7070093F7F70F99CF98
:108160001387819113866191835707000356060098
:1081700063F6C70083C7B5C06373F5008280835779
:108180000700C207C18313861700B697420683C74C
:10819000271041822310C7002384F5C05DBF411121
:1081A0008945014506C6EF801023A38A0190239BD1
:1081B0000190B240239C0190238D01904101828067
:1081C00083C7519193F7F70F89E7894501456F8080
:1081D0009020411106C622C4EFF01FF783D781918A
:1081E00003D7619163E8E702B747004083C7B7C090
:1081F00093F7F70F85E303C4A1911374F40FEFF025
:108200001FFA09E8938781C103C717001367170096
:10821000A380E700B24022444101828049C913870C
:10822000F5FF420741839306F00F814763E2E608BA
:1082300001114AC81387519106CE22CC26CA4EC6D8
:10824000034707001389519181471377F70F21EBFB
:10825000AE84AA85138581C113052510B2891384C4
:1082600081C16385A5002686EF701247239B9190FC
:10827000239C0190238D31918347140005472300EF
:10828000E900F99BA300F400238AE190EF00607CF1
:10829000EFF09FEB89450545EF80F0138547F240ED
:1082A0006244D2444249B2493E8505618280814799
:1082B0003E85828083C7519193F7F70FB9EF1387FB
:1082C00081C103471700938781C193761700B1E6F8
:1082D00083A5019193860191A9C103A681970D8E73
:1082E000634D06021377E70F09466319C702375734
:1082F00000201307C7A80346C7B01366460023062D
:10830000C7B003D7070023A00600137707E0136761
:1083100007102390E7002397019082801146E31213
:10832000C7FE375700201307C7A80346C7B0136618
:108330002600F1B7797122D4938781C183C61700D3
:1083400006D626D24AD04ECE52CC93F71600C9EFAD
:10835000138481C10347040041CB9387E19003D686
:10836000070042074183631FE60693042400370594
:10837000030093E6160023900700A6851305051950
:1083800023A80190A300D400EF7020149305F100FE
:108390001305D030EFE071300347F10091476318C7
:1083A000F70003460400A6850545EF50004E8347BD
:1083B0001400094793F7E70F6393E70803470400A6
:1083C000631EF7041C404177F98F6397E702B757A4
:1083D00000209387C7A803C7C7B013674700238649
:1083E000E7B019A02390E700B250225492540259EA
:1083F000F249624A45618280B74700201387C7A8C7
:108400008347240083463400A207D58F2313F70245
:108410008567BA9703C7C7B06D9BD1B78D47E3187F
:10842000F7FA1840C177F98F37078899E39EE7FA82
:10843000034744009307A00AE318F7FA49BF11471E
:10844000E394E7FA034704008D476318F7021840E6
:10845000C177F98F37078899E398E7F80347440015
:108460009307A00AE312F7F8B75700209387C7A82D
:1084700003C7C7B0136727009DB79306600EE315C7
:10848000D7FE03C9C1902547E36027FF13051010ED
:108490003305A902B74400209389C4A81307000339
:1084A0001306500E93053400338AA9001305C50244
:1084B0002305EA02A305FA024E95EF70F22103C7E5
:1084C00089028547A304FA029387C4A8636AE90076
:1084D00005091379F90F2947636E270123842703C0
:1084E0000567BA9703C7C7B0759B2386E7B0EFE06F
:1084F0007FB5DDBD2384E702E5B713070010239C99
:10850000E1C023970190A38A0190239B0190239CB3
:108510000190238D0190411123A80190930500083B
:10852000054506C6238A0190EF80203937170040A1
:108530008327870CB70620008545D58F2324F70CA9
:1085400037051000EF80202D8D4537052000EF8086
:10855000802CEF80006595450545EF80C067B240EF
:10856000B7E700E0114723A2E71041018280011123
:1085700022CC374400201304C4A81C5006CE26CABF
:108580004AC84EC652C456C299CB0145F240624415
:10859000D2444249B249224A924A056182808569A1
:1085A000A29983C7C9B0B75400209384C4A8918B03
:1085B000E9FF83474402930A1005E3E8FAFC835776
:1085C000640241697519FD17C207C183E36FF9FAA7
:1085D0002A8AEFF03FB655D983C7C9B0918B9DE386
:1085E0008347440263E0FA028357640213978700CB
:1085F00093D68700FD17558FC2074207C183418379
:108600006379F90083C7C4B093E747002386F4B0C9
:10861000ADBF938781C183D607002392E71001463F
:1086200093F606102390D7002397019093060063DA
:108630002391D71095451385271023834711EFF019
:10864000FFBD3335A00099B7411122C43744002043
:108650001304C4A8185006C615EF8567A29703C770
:10866000C7B08147118B05E3834644021307100509
:10867000636BD7008357640241677917FD17C20700
:10868000C183B3B7E70093F7F70FB24022443E85AA
:108690004101828085468147E319D7FE952E1375E7
:1086A000F50F25478147E360A7FE930710103305B8
:1086B000F5022A9483479402B337F000E9B74111D9
:1086C00006C622C4EFF01FA729C9B7570020938719
:1086D000C7A803C7C7B0138481C16D9B2386E7B0C9
:1086E000239701908357040005468D4593F70710A3
:1086F00093E707202310F4009D6793870703231156
:10870000F41013052410930700FA2302F410EFF07D
:10871000FFB001E98547A300F400B24022444101C3
:10872000828083A7819719671307871ABA9723A8AE
:10873000F1900545DDB7A54763F9A70001458280A3
:108740000145B240224441018280411122C406C643
:108750002A84EFF03F9E6DD5B75700209387C7A8B6
:1087600003C7C7B005468D45759B2386E7B02386B2
:108770008190138481C123970190835704001305CE
:10878000241093F7071093E707402310F40089673C
:10879000938707032311F410930700052302F410B5
:1087A000EFF0DFA709E58547A300F40059BF83A7D1
:1087B000819719671307871ABA9723A8F19005457F
:1087C00049B7A54763FBA700014582800145B24038
:1087D00022449244024941018280411122C413047F
:1087E00010103304850226C2B74400209384C4A825
:1087F0004AC006C63389840083479902E1DBEFF063
:108800007F9369D583479902F1D3938781C103D7B9
:1088100007001305A4020146137707102390E70011
:108820009305700E269523970190EFF03F9F333507
:10883000A00071BF411122C406C62A84EFF0DFE018
:1088400005C5B747002083A7C7AA228591E7224420
:10885000B24041016FF0BFD1652A2244B240137586
:10886000F50F41016FF0FFF5B240224441018280D3
:10887000138781C103471700411122C49376E70F84
:1088800006C61377A70F0946138481C16305C70085
:1088900091476395F602EFF09F9093070010231025
:1088A000F4002397019023A80190B75700209387E5
:1088B000C7A803C7C7B0659B2386E7B0B240224470
:1088C000054541018280A54763FAA70001458280E2
:1088D0000145B2402244924441018280411122C4A8
:1088E00006C626C22A84EFF0FF847DD1130510103E
:1088F0003305A402374400209304C4A813061010C3
:108900008145130595022695EFA07F9E1307C4A805
:10891000238404020146814681471304C4A8A94563
:1089200003459702850793F7F70F19C1BE860546E1
:1089300013071710E396B7FE19C22304D402EFE021
:108940006FF0054579B7411106C6EFF0AFFE15C1CE
:108950000566374500201306A6A08145130555ABD3
:10896000EFA0FF98B7470020238A07AAEFE08FED1A
:108970000545B24041018280B74700209387C7A8D0
:10898000014701450546A94683C5970291C5B31520
:10899000E6004D8D42054181050793871710E315C9
:1089A000D7FE8280411106C6EFF0CFF8B2403335D2
:1089B000A00041018280011126CA06CE22CCAA84E1
:1089C0002EC6EFF02FF715C5138481C1835704001D
:1089D000B245054693F7071093E707602310F400AC
:1089E000268523970190EFF07F8309E98547A3004F
:1089F000F400F2406244D2440561828083A78197EB
:108A00000567130787BBBA9723A8F1900545D5B72B
:108A1000130505F89307500263EAA700B7070300A0
:108A20009387C719AA970385070082807D558280A6
:108A300089C9B717004003A7C70C498F23A6E70CC5
:108A40008280B716004083A7860CC98F23A4F60C3A
:108A5000828083A6819783A7819723AED190938745
:108A6000071923A0F1928280397106DE22DC26DA12
:108A70004AD84ED652D456D25AD05ECE62CCEF10DF
:108A80003025AA84EFC01F9B2A89EFC03F9B2A8410
:108A900063190914B33AA000014A09C403CA740255
:108AA000333A400183A7819783AB01929305F1008C
:108AB0001305D030B38BFB40A3070100EFE0E13D8D
:108AC000EFD06FA4AA89628B39C93714004083277D
:108AD000840C11670545D98F2324F40C8327840C5B
:108AE0004167D98F2324F40C83A58197930740060F
:108AF000B3D5F5028589EFF0BFF38327840C93E7A4
:108B000007042324F40CF2506254D2544259B2594F
:108B1000225A925A025BF24B624C2161828083A5F9
:108B200081976359700B83A7C1919D8D9307400670
:108B3000B3D5F50293C5F5FF85891165EFF05FEFB9
:108B40008145638C0A00854563190A0083A58197D6
:108B50009307401FB3D5F50285894165EFF05FEDBE
:108B60008347F1000547BD8BA307F100F11793F789
:108B7000F70F636AF70083A9819793074006B3D97B
:108B8000F90293F91900CE850545EFF07FEAB75752
:108B900000209387C7A803A7C7B08545137787032D
:108BA0000DE76306090083C7C7B0858B99EF814540
:108BB00009CC83C784020D47854593F6B70F6386BA
:108BC000E600938527FF93B5150013050004EFF029
:108BD0003FE615BF9307007DB3F5F50293B5450653
:108BE000A9BFB747002003A747A98D47854A054A73
:108BF000E3EAE7EA55B5B75700209387C7A883C7CC
:108C0000C7B00145858BA9EF411122C4375400201C
:108C100026C24AC006C61304C4A8930440063719E6
:108C200000408327490C139737016353070289E8F3
:108C30008347C4B0014593E717002306F4B019A891
:108C400013054006FD149780FF1FE78000B1D1BFD8
:108C50000545F9DCB2402244924402494101828038
:108C60008280411122C4371400408327840A06C63B
:108C70008D4593E727002324F40A2D45EF70702FCC
:108C8000EF705045B74700402147A381E740854535
:108C90000565EF7050388D4537250200EF70B0370D
:108CA0008327840C37070200B240D98F2324F40CA9
:108CB0008327840C0967D98F2324F40C22444101B3
:108CC0008280411122C4371400400327C40C26C2FD
:108CD000B704020006C6458F2326E40C5145978051
:108CE000FF1FE78060A88327840CB240C58F232430
:108CF000F40C2244924441016FF0FFEFB75700207B
:108D00009387C7A883C7C7B0858B95EF411122C44D
:108D1000371400408327C40A06C61305000C93E7E6
:108D200087002326F40AEF70503D0145EF70F03CB8
:108D30008327840AB24093E787002324F40A22445D
:108D400041016FF05FEB828011C2D1C1011122CCD1
:108D500026CA4EC606CE4AC8B284AE892A84EFF02F
:108D60009FE939CD371700408327C70A1375F40FE1
:108D7000014993E787002326F70AEF70103893170D
:108D80000901C18363E69702371700408327870AEA
:108D900093E787002324F70A930740086302F4024D
:108DA0006244F240D2444249B24905616FF0BFE4E7
:108DB000B387290103C507000509EF701034C1B757
:108DC000F2406244D2444249B249056182808280C5
:108DD000411122C426C24AC006C62A892E84B28402
:108DE00019C6ADCD9305F00F2285EFA04FD0EFF05F
:108DF0009FE02DC5371700408327C70A1375F90F69
:108E0000014993E787002326F70AEF70102F0145E9
:108E1000EF70B02E93170901C18363E997023717EA
:108E200000408327870A93E787002324F70AEFF09F
:108E30009FDC0DE585C422852244B2400249268686
:108E400092449305F00F41016FA06FCAEF70302D6F
:108E5000B30724012380A70005096DBFB240224457
:108E6000924402494101828011C2D1C1411122C400
:108E700026C24AC006C632842E89AA84EFF0BFD724
:108E80002DC1371700408327C70A354593E7870070
:108E90002326F70AEF70702613D58400EF70F025B3
:108EA00013F5F40FEF707025814493970401C1838B
:108EB00063E18702371700408327870A2244B240C4
:108EC0009244024993E787002324F70A41016FF097
:108ED0009FD2B307990003C507008504EF70F02106
:108EE000E9B7B24022449244024941018280828023
:108EF0000111A307B10005469305F10006CEEFF07E
:108F0000BFF6F24005618280411122C426C24AC0E8
:108F100006C62A892E84B28419C6C1C59305F00FEE
:108F20002285EFA0CFBCEFF01FCD25CD3717004035
:108F30008327C70A754593E787002326F70AEF7052
:108F4000D01B13558900EF70501B1375F90FEF708C
:108F5000D01A0145EF70701A014993170901C183B6
:108F600063E99702371700408327870A93E7870052
:108F70002324F70AEFF03FC80DE585C4228522447B
:108F8000B2400249268692449305F00F41016FA03A
:108F90000FB6EF70D018B30724012380A70005098E
:108FA0006DBFB240224492440249410182800111C6
:108FB0009305F100054606CEEFF01FF5F24003459C
:108FC000F1000561828011C2BDCD411122C426C2CB
:108FD0004AC006C632842E89AA84EFF0DFC131CDA3
:108FE000371700408327C70A3945420493E78700B3
:108FF0002326F70AEF7070102685EF701010814459
:10900000418093970401C18363E1870237170040D1
:109010008327870A2244B2409244024993E787009B
:109020002324F70A41016FF01FBDB307990003C560
:1090300007008504EF70700CE9B7B24022449244F7
:109040000249410182808280011122CC26CA4AC88D
:1090500006CE4EC62A892E84B28419C6C1C5930590
:10906000F00F2285EFA0AFA8EFF0FFB825CD37179E
:1090700000408327C70A79459399040193E7870045
:109080002326F70AEF7070074A85EF701007014535
:10909000EF70B006014993D9090193170901C18303
:1090A00063EA3703371700408327870A93E787006F
:1090B0002324F70AEFF03FB415E58DC422856244FE
:1090C000F2404249B2492686D2449305F00F056129
:1090D0006FA0EFA1EF70B004B30724012380A700B5
:1090E000050965BFF2406244D2444249B249056174
:1090F000828001112AC66C0005461305000806CEC1
:10910000EFF09FC4F24005618280011122CC4AC871
:109110002A842E8909466C004D4526CA06CEEFF0FA
:109120003FCB83A441928547639BF40213054070B3
:10913000EFF0FFE71D811375F50F6312950213051C
:109140002070EFF0DFE62300A4008347D100F24057
:1091500062442300F900D24442490561828083477A
:10916000C1002300F400D5B72E86AA8501456FF013
:109170009FE5797122D42E8426D29305F101AA8429
:10918000228532C606D6A30F0100EFF01FF88347F1
:109190000400324605456369F6000345F1013E8649
:1091A000A685EFF07FEA0145B25022549254456102
:1091B00082800111935705012306F1002307A100C6
:1091C000935785006C000D461305300806CEA306A4
:1091D000F100EFF07FB7F24005618280011106CE09
:1091E00032C6EFF07FF83246F240328505616FF00B
:1091F0005FFC0111935705012306F1002307A1002D
:10920000935785006C000D461305200806CEA30673
:10921000F100EFF07FB3F240056182800111A307F6
:10922000A1009305F10005461305F00906CEEFF005
:10923000BFB1F240056182800111A307A10093052F
:10924000F10005461305000A06CEEFF0FFAFF2402D
:109250000561828001112AC66C000546130560096C
:1092600006CEEFF07FAEF240056182800111B7F7C4
:10927000A43506CE9387079063F0A702FD77938706
:10928000179E2316F1006C00094613058009EFF0C4
:10929000BFABF24005618280B707AA329387078887
:1092A00063F6A700F9779387778DE1BFB747E52D80
:1092B0009387074863F6A700F1779387175CD1B7C8
:1092C000B7176B1B938707B063F6A700E177938707
:1092D000571745BFB7075519938707C463F6A7000B
:1092E0009D679387B7F671BFB767840C9387F7873D
:1092F000E3FBA7F891679387771361B70111230602
:10930000A100A306B1002307C1006C00114613059C
:10931000500906CEA307D100EFF01FA3F24005616C
:10932000828003A70186938701860111DC433AC43A
:109330000D89A304A1002C002146214506CE3EC67E
:10934000EFF09FA0F2400561828001116C00494559
:10935000094606CEEFF0DFA78347C1000345D100E1
:10936000F240A2075D8D056182800111A307A10073
:109370009305F10005461305D00906CEEFF0DF9CFA
:10938000F24005618280011106CE22CC2A84EFF0E2
:10939000FFED2285EFD03FC6935785012306F100EC
:1093A00093570501A306F1009317850042054181FB
:1093B00021815D8D2317A1006C0011461305600803
:1093C000EFF09F98F24062440561828001112AC645
:1093D00023A2A1926C0005461305A00806CEEFF06B
:1093E000BF96F24005618280011126CA06CE22CCCA
:1093F000B547AE8463DDA704D9472A8463CDA704AB
:1094000041476357A7044D478D456354A7049545CD
:109410000D456314F4009D45114585460146EFF066
:10942000FFED0565930580031305758EEFF05FACC6
:109430006C0009461305E00823068100A30691008D
:10944000EFF09F90F2406244D2440561828039443B
:1094500089450945D9B759447DBF5C41011106CE04
:109460002306F1001C456C001146A306F1005C4583
:109470002307F100834705011305B008A307F10096
:10948000EFF09F8CF2400561828083574500011107
:1094900006CE13978700A183D98F2314F1001C45B2
:1094A0002C0019462305F1008347C500A305F100F0
:1094B0001C492306F1005C491305C008A306F1000E
:1094C000EFF09F88F2400561828001112306A10020
:1094D000A306B10009466C001305F00806CEEFF0B4
:1094E000BF86F2400561828001119305F1001305EA
:1094F000000C054606CEA3070100EFF07F8DF24079
:109500000345F10005618280011122CC0D462A84B9
:109510006C00514506CEEFF0BF8B8347C100B30707
:10952000F04085872306F4008347D1001397870115
:109530006187634007028983A306F4008347E10043
:10954000F240B307F04085872307F40062440561C9
:109550008280938707F08987C5B79317850021819B
:1095600001115D8D2316A1006C000946094506CE48
:10957000EFF08FFDF24005618280397126DAB75431
:1095800000209384C4A883C7C4B006DE36C6F99B06
:109590002386F4B022DC4AD84ED652D4AA892E8A29
:1095A00056D2B28AEFF0EFEBEFF0AFF1EFF00FF53C
:1095B0000145EFF01FB40545EFF0DFC985470546CB
:1095C0009305F1011305F029A30FF100EFF0DF89F6
:1095D000A14705469305F1011305002AA30FF100E9
:1095E000EFF09F8805469307C0FA9305F101130534
:1095F000102AA30FF100EFF03F8781450145EFF0FE
:10960000DFEC91450145EFF03FDE0545EFF0FFD57A
:109610000145EFF01FAE0145EFF05FC00145EFF0EF
:10962000BFC1B2461384C1E1194785472312E40044
:1096300001457D575CD41CDC1CC854D82306E400CB
:1096400023285403230E040223240400232A0400A5
:10965000EFF03FAA0545EFF07FD71305C402EFF006
:10966000DFDF1385C1E1EFF05FE213158A01914559
:109670006185EFF07FD74E85EFF0FFD0EFF0DFE6AA
:109680007D151375F50F9307D00F63F2A70283C7FB
:10969000C4B0054593E717002386F4B0F250625436
:1096A000D2544259B259225A925A216182800145BC
:1096B000F5B7B75700209387C7A883C7C7B0858B76
:1096C000A9E321C19DCD411126C2AA8441657D1522
:1096D00006C622C42E84EFF05FE80545EFF07FC494
:1096E0009387C1E11385C1E123868700EFF0FFD99D
:1096F000A2852244B24026859244014641016FF082
:10970000FFAD82800385819282800111B7470020DE
:1097100022CC9387C7A80564A29783C7C7B006CE9B
:109720002316010023070100858B8DE741657D1518
:10973000EFF0BFE20945EFF0DFBE930760F91305D4
:10974000C48A05466C002306F100EFF0EFF10145F5
:10975000EFF03FAAF240624405618280C9C5797189
:1097600026D206D622D44AD0B75400202380050042
:109770009384C4A883C7C4B0858BA1EB39C52E845C
:109780002A89EFF09FBCC167FD176300F50493774A
:109790002500A1CB13060008A2854A85EFF07F9D26
:1097A00083C7C4B0858B5D8D1375F50F11C523007C
:1097B0000400EFF09FF511A86800EFF0FFD483C715
:1097C000C4B0858B89CB23000400B250225492543C
:1097D00002594561828083478101D1072384F19238
:1097E000C9BF65D5F9B7828001C50CC12302050048
:1097F000828001C908413385A5401345F5FF7D816D
:1098000082800145828015CD0347450001451DCB6F
:109810009307F7FF05656D1793F7F70F1377F70FAA
:109820001305853881EBBD67938707A663FCA70006
:109830003E858280E389E7FEFD17060593F7F70F63
:10984000D5B7014582800DC9411106C622C426C282
:10985000834745001307F00F6385E7008507230260
:10986000F500AE842A84EFF01FFA269508C0B240B6
:109870002244924441018280828001C50CC12302AE
:109880000500828081471397070141836378B70001
:109890008507B306F5008386F6FFF5F63A858280E4
:1098A000138741F88346E7080547938741F8639C8F
:1098B000E60015472387E70803A7819783A60708D3
:1098C000158F23A4E7080547238AE704828023969F
:1098D0000192238C0100938741F823840170A382B5
:1098E00007022393070223930704A38D0704239EF3
:1098F000070423840102A38607042397070423880F
:109900000704A38B070423A0070423A607062398B4
:109910000706A38F070423A007068280938741F8D8
:1099200083D6070403D727046392E6029306F5FF64
:10993000C206C1821306F00B01476367D60023916C
:1099400007042390A70405473A8582800147EDBFAD
:10995000938741F8373600401D459386017203D73F
:10996000270483D507046374B7028345B640637345
:10997000B5008280930517003697034707002391AF
:10998000B7042304E640984F050798CFC9BF23A02A
:1099900007048280938741F805472393E70403A7D0
:1099A00081972382A702BA95CCD78280938741F80A
:1099B00005472383E70403A781973A95C8D7828098
:1099C00008418280011122CC4EC652C406CE26CA5E
:1099D0004AC82A8A1384C192EFF0DFEA03570400D1
:1099E0001376F50F9306000C93071700B305F600E6
:1099F000814963E8B6022A8993940701138581049B
:109A0000C1802A97231094002300C700854911CAFA
:109A10001379F90F2695D285CA94EF60E24B231093
:109A20009400F24062444E85D2444249B249224AEF
:109A30000561828041119305000C26C206C622C42E
:109A4000AA84EFF03FE49307F5FFC207C183130731
:109A5000E00B6360F7022A842A86A68513850172CB
:109A6000EF60824722852244B240924441016FF068
:109A7000FFEAB240224492440145410182804111F3
:109A800022C426C206C637E400E0B704000823203B
:109A900094180F1000009D450145EF70E009EF702C
:109AA000400C23209428938741F8238907042385B9
:109AB0000702A388070423A007042392070423971F
:109AC000019223980192371700408327870A224486
:109AD000B240924493E707202324F70A81451305F7
:109AE000003041016F60F048411106C6EFF05FDBC6
:109AF000EFF0FFF8EFF0BFDD371700408327C70C0A
:109B00008D451305000293E707022326F70CEF604B
:109B10009050138741F803578700C166FD1693875D
:109B200041F86305D70005072394E70003A7819751
:109B300013078725D8D705472382E702B2404101A2
:109B40008280938741F803A6070803A7819723879C
:109B5000A708118F23A4E70803C7370535462382DA
:109B6000E7026314C7006FF09FF103A7819798DBAA
:109B70008280011122CC06CE1377B5FF894713846A
:109B800041F86319F70A83478405636AF70085077C
:109B900093F7F70F230CF4040D476396E7002AC6EA
:109BA000EFF0FFED3245A30304022304A40289472A
:109BB000631BF5008357240141677D176385E70028
:109BC00085072319F400834794021307F00F638578
:109BD000E7008507A304F402834794021947FD17A1
:109BE00093F7F70F636CF704370703001307472653
:109BF0008A07BA979843B79704009386F73D9387EF
:109C0000073E63E9E60083D7A1929306803EB3F74F
:109C1000D702BA9703A7819723030404F240BA97A7
:109C20001CD885472304F404B5472302F402624498
:109C3000056182808D47230CF40495B7B797040023
:109C40009387073EC1BF011122CC4EC652C406CE37
:109C500026CA4AC82A8AAE89EF30C032034465005A
:109C60009D4763F8870693044502B70503002A89D8
:109C70001D469385C5552685EF60A223814729E1BE
:109C80009305F0021305B9024204EF60E23441800B
:109C9000228711C5B3049540139704014183231013
:109CA000EA00AA8709E5B70703009387875523A031
:109CB000F9008547636487009337150093F7F70F22
:109CC000F2406244D2444249B249224A3E8505618B
:109CD00082808147F5B7411122C4138441F883473C
:109CE000240506C6B5E32397019237170040A30861
:109CF0000404239801928327870A231204048545CC
:109D000093E707202324F70A13050010EF6070265D
:109D10008D4513050020EF60D025EF60B05E9945BA
:109D20000145EF60706185450545EF60F060B7E77C
:109D300000E03707000823A0E72885462309D4045C
:109D40002305D40223A0E710B240224441018280BF
:109D5000938741F803C7C70401CB03C7B70409EBD6
:109D6000014685456F506078014681456F50C04679
:109D7000411122C406C6130720102310E5003747FF
:109D800000201307C7A88356270095452A8423017E
:109D9000D500035727002183A301E50083C7B7043B
:109DA0002302F500EFD04FC5A302A400B240224425
:109DB000194541018280138741F80357A700C16606
:109DC000FD16938741F86305D70005072395E70043
:109DD00003C7A70505CF03C76706A38C0704238D18
:109DE00007042383070405CF411106C601452383D9
:109DF0000706EF60903929459770FF1FE780C096EE
:109E0000B24041011773FF1F6700438203C7C705B4
:109E100019CBA38D0704238E070423830704294746
:109E20002382E702828003A7819723860704D8C391
:109E3000EDB7011106CE22CC26CA4AC84EC62A89E1
:109E400052C4EFB06FDE93044507930500022685E8
:109E5000EFF05FA3B70903002A84A1451385895653
:109E6000EFF05FA2B307A400C10703474900C20790
:109E7000C1836311F70603290900A6852A8A228671
:109E80004A85EF600203AA8431E5B307890003879E
:109E900007009307F0026315F702130514003D460F
:109EA0009385C1E54A95EF60C20019E913050401E5
:109EB0005286938589564A95EF50B27F93341500A8
:109EC000F240624413F5F40F4249D244B249224AA7
:109ED000056182808144EDB7797126D252CCAE847F
:109EE0002A8AAA85138581104AD04ECE06D622D45E
:109EF00032C6B6893A89EF60E2103DC9324693070F
:109F000019002A8401456366F6069305000252850E
:109F1000EFF05F9722959306A003130700028307D3
:109F200005006380D706F59B638DE7048147A5484C
:109F30003307F5000308070093F6F70FB385F40025
:109F4000130608FD1376F60F63E4C80063ED2603DD
:109F50002380050063EC360183470700254705454C
:109F6000938707FD93F7F70F6365F70023800400DD
:109F70000145B250225492540259F249624A456155
:109F80008280050569BF23800501850755B741110A
:109F900022C426C22A84AE84B705030093854556A1
:109FA0001385811006C6EF60E20531CD93072500C9
:109FB000014693050002A5482943416E1308C002DB
:109FC000038707006308B7020145014783C60700FE
:109FD000938606FD93F6F60F63F0D80219C59376C3
:109FE000F60F6314D4022390E400B240224492445A
:109FF000410182808507E9B7330767028507054578
:10A000003697E365C7FD0145CDB703870700850790
:10A01000E30DB7FE0506E30507FBF5B71306F00BE6
:10A02000138701728386050099E205458280835774
:10A030000500636BF6001388170023100501BA971B
:10A0400085052380D700F9BF014582804111540066
:10A05000368681472947A54833F8E502850793F7F7
:10A06000F70F130808032300060133D8E50263F64F
:10A07000B8000506C285E391E7FEB6979308F00B9A
:10A0800013860172035705008385F7FF63EFE8002D
:10A09000130817002310050132972300B700FD179E
:10A0A000E392F6FE0545410182800145EDBF411175
:10A0B00022C426C206C62A84AE84EFB0EFB693054A
:10A0C00045072285EFF09FF519E50145B24022448E
:10A0D000924441018280035704009307F00BE3E6AA
:10A0E000E7FE930717002310F40093870172BA97D5
:10A0F0009385C1E51307F00222852380E700EFF086
:10A10000FFF161D5A6852285EFF05FF13335A00020
:10A1100075BF397106DE22DC26DA4AD8AA842EC63B
:10A12000EF2050668347D5000346C50083480501EC
:10A13000A207D18F0346E500034845018346050287
:10A140004206D18F0346F500034795010343D5012D
:10A1500062065D8E8347150122072203A207B3E73B
:10A16000170183482501034E5500B245C208B3E7E5
:10A17000F800834835011384C1F5E208B3E8F8001C
:10A1800083475501A207B3E7070103486501420869
:10A19000B367F8000348750162083368F800834725
:10A1A0001502A207D58F83462502C206D58F8346A6
:10A1B0003502E206DD8E834785015D8F8347A50169
:10A1C000C2075D8F8347B501E207D98F0347C501F9
:10A1D0003363E3000347E501420733636700034746
:10A1E000F501370508001305751C08C06145A30C6F
:10A1F000C101231294002313A400230CB100230DEA
:10A20000C10093558600A30DB100935506016182EC
:10A21000A30EC10013D68800A30FC10013D60801F6
:10A220002300C10213568800A301C102135608017E
:10A230002302C10213D686002303D102A303C10265
:10A24000620713D60601E18233676700A304D102D7
:10A2500093D687003183230EB100230F1101230110
:10A26000010393D88801135888012304C1022305F0
:10A27000F102A305D1022C0893D607016146E183C0
:10A2800013058400A306F1022317E102A3001103C2
:10A29000A30201032306D102EF5012441385C1F536
:10A2A00093050002EFB08FDD938741F8130720027A
:10A2B000238FE7040547A38CE7042310A402F25080
:10A2C0006254D254425921618280011122CC26CAA3
:10A2D0002EC6AA8406CEEF20F04A83D6E192938759
:10A2E00041F8C20603C6F70503475500C18223980B
:10A2F000D19223830704A38007062391070623A690
:10A3000007062398070623920704238497029D4695
:10A31000B245631AD6002147A38FE704F240624496
:10A32000D24405618280A1466315D600A38F07043D
:10A33000F5B78947138441F86311F704834744064E
:10A34000636DF702850793F7F70F2302F4060546BE
:10A350009306007D6387C700639DE700856693864B
:10A36000863883A78197BE9674DC9D47A30FF404BB
:10A3700075B7896693860671EDB785477D17A30289
:10A38000F4061377F70F8947E3E1E7FE0145EFF0A5
:10A390005FD8E1BF411113064009814522C41384EF
:10A3A00041F8138541F806C626C24AC0EF803FF443
:10A3B000EF20503D034715028347050222075D8FBA
:10A3C000834725021389C1E5C2075D8F83473502A4
:10A3D000E207D98F3CDCEFB02F85930545053D465C
:10A3E0001385C1E5EF50522FBD451385C1E5A30785
:10A3F0000900EFB0AFC88567938787383375F502DA
:10A40000230704082395A192B78700809387171824
:10A410001CD02397019223980192EFB02F8209E973
:10A4200023020402B2402244924402494101828044
:10A43000814513050002EF60003EEFF04FE4224437
:10A44000B2409244024941016FF00FEA411122C427
:10A45000138441F806C6EFF0AFC4230504042306B5
:10A46000040423040404EFA07FFD05E1EFF02FC6F0
:10A47000EFF0EFE0814513050002EF60C039B24014
:10A48000230204022244410182802244B24041015D
:10A490006FF08FE5411106C6EFA05FFA09C5B24023
:10A4A00041016FF06FE4B24041018280054723868D
:10A4B000E1FC8280411106C6EFA05FF8814709C523
:10A4C00083C7B1FAB337F000B2403E8541018280C4
:10A4D000938741F803C7270503C64702938641F8CF
:10A4E0002385E70203C76704A385E7023547814751
:10A4F000631CE60003A78197905A118F63560700EB
:10A5000083A78197B307F640DCCE138541F882809C
:10A510001385C1E5828019E9054582800545F24031
:10A520006244D2444249B249056182809387E5FF83
:10A5300093F7F70F1307E003E360F7FE011126CA54
:10A540004AC806CE22CC4EC6AE842A89EFA01FEFA1
:10A5500019E11545E9B7EF20F0228347550099C36B
:10A560000D4575BF938741F803C7E70885471384F6
:10A5700041F8E307F7FE83570404FDF383474402E1
:10A580009D461387D7FF1377F70F63F9E60E314720
:10A590006386E70E3547E395E7FC83472405E9CF5B
:10A5A000834709001307100493F7F70DE398E7F6C4
:10A5B000834719001307400593F7F70DE390E7F67B
:10A5C00001479306E005B307E90083C70700811739
:10A5D00093F7F70FE3E4F6F405079377F70FE3E457
:10A5E00097FE834744021547638EE708314763931C
:10A5F000E700A947A309F40483D7E192C207C18306
:10A60000938901722686CA85138501722398F19277
:10A610002322040423180404EF50120CB38799007A
:10A62000354789042380E70026852947A380E70072
:10A63000EFF0CFAE15D583A78197A30A9404230B1F
:10A6400004042320F4081C4C2312F4085C48231350
:10A65000F4088357C4088507C207C18395C723162A
:10A66000F4088547232404082317F4082308040862
:10A67000230A0404014565B5EFF0EFE5834724059F
:10A6800085F3C1BD9147BDB78547D1BF83C72101C0
:10A690000545639BA7004111154506C6EFF06FCA3B
:10A6A000B2400145410182808280938741F803C70F
:10A6B000E7088547138541F86319F70083A7819759
:10A6C00003270508998F2324F50813058508828040
:10A6D000938741F8884F83D747081D8D42054181F4
:10A6E0008280938741F8C84B83D767081D8D420548
:10A6F00041818280411126C2938741F806C622C457
:10A7000003C40709938441F863F385002E8413740E
:10A71000F40F19C511C4228693850172EF50C27BD4
:10A7200003C7E40885476304F700238AF4042285FD
:10A73000B24022449244410182806D71D2DD2326D1
:10A74000111023248110DAD9EAD123229110232079
:10A750002111CEDFD6DBDED7E2D5E6D3EECF03A4E0
:10A760008197EFA07FCC2A8BEFA05FCD138D41F8AE
:10A770000DE983474D0299C3EFF05FCD8320C110EF
:10A78000032481108324411003290110FE596E5ABD
:10A79000DE5A4E5BBE5B2E5C9E5C0E5DFE4D5161D3
:10A7A000828003472D050DCFEFF08F9A930B100C8D
:10A7B000938C8130938A8110138C8102938601934C
:10A7C00003D6060003D7E192420741836308C7001E
:10A7D000FD1BC20B93DB0B0163990B06EFF04F9748
:10A7E0008346ED0805476384E6006F106021034748
:10A7F0000D091DEF03476D0563ECE60283560D045A
:10A8000085EA05071306C02B3307C70283260D0808
:10A81000B306D4403387E640634C070003455D052B
:10A82000EFF0CF8F11C503476D050507230BED042E
:10A830007D7783270D08130787C73A941D8CE34F54
:10A8400004F21145EFF0EFAF15BF03D706008349BF
:10A850001D0666970345070003D706001375F50F1D
:10A8600005071377F73F131685012390E600054788
:10A8700061866390E91635476305E6002947631D45
:10A88000E60003574D041DDB29476317E600994591
:10A890004145EFF09FA31DB703574D049306F01FEA
:10A8A0001309170063F526019D451D45DDB7931576
:10A8B00009015697C1812300C7002312BD04130765
:10A8C000C002938D8110E31BE6EE83462D061147EF
:10A8D000850693F8F60F23011D07E391E8EE034781
:10A8E0003D0625E30358CD0646C242C02D47E3701E
:10A8F000B7FAB70503002D469385C5281385811047
:10A90000EF50225B49F5024892486E991387BD00CB
:10A9100093050002254EA94E416F1303C002E37850
:10A9200027F7830607006388B60201460145834680
:10A930000700938606FD93F6F60F6370DE021DE6B0
:10A94000B9B783568D060357AD06998E1398060145
:10A950001358080151BF0507D9B73305D5033695FC
:10A96000E377E5F305074E86E36327FD9386F8FF5B
:10A9700093F8F60F63950804E37B27F103060700BD
:10A98000930617001307C002E313E6F0131705013F
:10A990004183E31ED9EE9306F7FFC206C182130678
:10A9A000F00EE366D6EEE364E8EE2317ED06231817
:10A9B0000D060947A300ED0623120D0401B5E37847
:10A9C00027ED030607000507E30BB6FEE30966F46F
:10A9D0007DBD09476395E90683560D071307F00E01
:10A9E000E367D7EA1387C1E6369713861600420657
:10A9F0002300A7000357ED0641822318CD06E31F6D
:10AA0000E6DA03473D0609EB0357CD063306C74098
:10AA10002316CD060D4779BF0355AD0603274D0715
:10AA20009385C1E63A95EF20806DE31205E6035762
:10AA3000AD068356ED0636972315ED06E1BF930666
:10AA4000E00303470D056315D60883454D02AD4667
:10AA50006384D5006F1030352DEF0347CD052312E9
:10AA60000D04A3080D0405C383C5C1929306000C11
:10AA70001386017213858104EF2060061DE91945D4
:10AA8000EFF02F8F25BB0347AD0511CB9306000CCC
:10AA9000138601728345ED051385C1F5F1BF0818D2
:10AAA000EFF00FABAA859306000C1386017208180D
:10AAB000E1B7EFE0BFE661D505472308ED0403A742
:10AAC000819789669386067136972326ED02FDB13C
:10AAD00001CB03574D0409E713070002E300E6CE5C
:10AAE0003547E30DE6CCA94603471D056304D600B0
:10AAF0006F00B06C51EF835D4D04638B0D0883468E
:10AB0000ED083387BA012300070005476394E60C7C
:10AB100083460D09139786016187635BE000138705
:10AB200016002308ED081387017236972300C7002B
:10AB300003470D0913090008EE893309E94042096A
:10AB4000135909016373B901CA89C20993D909016B
:10AB5000638F0900138501724E863A9593858110A3
:10AB60003AC0EF5062370247BA9923083D0963752E
:10AB7000B9010547A307ED08B705030093858529AB
:10AB800013858110EF803F8109E90945EFE07FFBE4
:10AB900023120D04A3080D0415B1B7050300938516
:10ABA000C52913858110EF800FFF1DC1B705030074
:10ABB0009385452A13858110EF50C24411E9B705EA
:10ABC00003009385052B13858110EF50A24369D1B3
:10ABD0000D456DBF1010EE85568503494D02EF10EF
:10ABE000903B0547AA896311E5300810EFF06FA488
:10ABF000630905220357C10263F5E922A256130631
:10AC00003004038706001377F7FD631CC720838693
:10AC10001600130770036396E6200810EFF06FA18B
:10AC200025D98355C10222559306000A1018EF104A
:10AC3000F06F2547E37EA7F4834601031307700CEA
:10AC4000E398E6F4834D11030547E393EDF40347DE
:10AC50007103034861032207336807011307600982
:10AC6000E36807F31307A800E314E5F293058800EF
:10AC70001C183386B7008346160003460600834837
:10AC8000410303475103A206C205D18EC1813E850F
:10AC900036C0034921038359410346C63AC442C220
:10ACA000EFA0DFBD8246E395A6EE2247B248994663
:10ACB00013158700336515011248630ED90C63E93B
:10ACC000260515476302E906914D37070400230C5A
:10ACD00021011307771C1389C1F5A30CB1012320AF
:10ACE000E90009472313E9000357810123123901C1
:10ACF000A9452314E9001385C1F5EFA03FB83147FA
:10AD0000230FED0405472315A900A30CED0449B555
:10AD10001D476305E90C2147E318E9FAE31708FA30
:10AD20008145EFF00FBFADB53147E37007FB034737
:10AD300041044D18E31B07F928183AC2EFE05FC839
:10AD4000AA8D6818EFE0DFC72AC08800EFE05FC770
:10AD5000124782452A86930651046E85EF20A02370
:10AD6000AA8D25F523120D06232E0D06EF20802136
:10AD70008346150203470502A206D98E0347250222
:10AD80004207D98E0347350223040D026207558F0F
:10AD9000232CED061DBF1147E319E8F22818EFE058
:10ADA0003FC22AC0EF20001E83461501034705015C
:10ADB0000246A206D98E034725014207D98E0347D2
:10ADC00035016207558FE312E6F0EF20E05FAA8DB0
:10ADD000E31D05EE05472303ED06C5BDE31708EEA9
:10ADE000EF204060AA8DE31205EE0347FD05231214
:10ADF0000D06232E0D06232C0D0623040D02E3065B
:10AE000007EC1D4723030D04A3000D0623110D06B7
:10AE100023260D0623180D0623120D04A30FED049F
:10AE20006DB50810EFF0EF80E30405D68355C1023D
:10AE30002255C9461018EF10704F4947630FE500BF
:10AE40000357ED00C166FD166305D70005072317FC
:10AE5000ED0021472304ED0225BB8346010335475E
:10AE6000E390E6FE834611030547E39BE6FC0347B8
:10AE70003103834621032207558F79F3034751039A
:10AE800003464103B746002083D6E6A82207518F28
:10AE9000E398E6FAC9450818EFC00FB955D1054641
:10AEA000C9450818EF40E03F1307F00FE30AE5F843
:10AEB00015E10357CD00C166FD166305D7000507F0
:10AEC0002316ED000547A304AD042305ED04230478
:10AED000ED047DB90357ED00C166FD16E304D7FE0E
:10AEE00005072317ED00F9BFF956E304D5F68349AA
:10AEF000FD056386092E938699FF93F6F60F636C22
:10AF0000D702B7050300938585295685EF80AFC822
:10AF10001DC1B70503009385C5295685EF80AFC7CE
:10AF200019C9B70503009385452A13858110EF5091
:10AF3000620DE30F05C4B70503009385C52B138588
:10AF40008110EF50220C15C99305A00313858110C1
:10AF5000EF50820893060002E30C05C205050307C3
:10AF60000500E30DD7FE130707FD1377F70F8D4696
:10AF7000E3E0E6C22300ED0621B9B705030093859F
:10AF8000C52C13858110EF50E20761C1B70503009E
:10AF90009385852D13858110EF50C20615C10C18BD
:10AFA000054523180102EFE09FFE83560103054784
:10AFB00029456383E6003D459945EFF00FB1C9BED1
:10AFC000B70503009385052E13858110EF5082038A
:10AFD0002DCD0C180945231C010023180102EFE0B8
:10AFE0001FFBAA894C080D45EFE07FFA2A8911E979
:10AFF0006389090003570103054923180102231A35
:10B00000E1002C080545EFE09FF819CD630E09001B
:10B01000835681011307E00C6398E60083568D0682
:10B02000035741016385E60095453D4579B70357D0
:10B03000010323030D042316ED0613371700A301A4
:10B04000ED061947A30FED04A1B619476396E90E63
:10B0500003491D060D476311E90EB70503009385EB
:10B06000852913858110EF800FB3E31305B20347E1
:10B070003D06A3000D0623030D0401EB0357CD0687
:10B0800069F30547A301ED066DBF0357AD0683566F
:10B090008D06E368D7FA83294D0723020D06232E78
:10B0A0000D06BA9923040D02EF10D06D83465501A9
:10B0B00003474501A206D98E034765014207D98E91
:10B0C000034775016207558F63EAE900EF20201BF3
:10B0D00019E11D4785BF99454145C5B5EF10906AF7
:10B0E0008346150203470502A206D98E03472502AF
:10B0F0004207D98E034735026207558F83268D0795
:10B1000063F9E602EF101068834615020347050253
:10B110008145A206D98E034725024207D98E0347EF
:10B12000350201456207558F232CED06EFE07FFEC7
:10B130004DB7A30F2D05A9BCB70503009385C529FD
:10B1400013858110EF802FA511C9B70503009385E2
:10B15000452A13858110EF40F26A15C11D47639699
:10B16000E90023030D042147F1BD21476397E9005E
:10B1700023030D04A30F0D0421BC91457DB5B70534
:10B1800003009385852913858110EF80CFA0E311FB
:10B1900005A0FD1923030D0493F9F90F1D47E36979
:10B1A000379F370703001307471C8A09BA9903A77B
:10B1B00009000287094779B50D4769B5114759B5A7
:10B1C0001547A30FED0405472303ED0403A781975B
:10B1D000BD66938606A636972326ED0255BAB705B7
:10B1E00003009385852E5685EF40D26151C17D576E
:10B1F0000C1805452318E102EFE07FD9035701033E
:10B200000DC905EB2147E315E99803477D049366D3
:10B2100027000D8BA303DD04136727008D46E31978
:10B22000D79603A7819723030D042328ED02254712
:10B230001DA085466314D702130710102313ED04D5
:10B2400003A781979166938686A936972326ED02F8
:10B25000A3030D0221472302ED021DBA894663159F
:10B26000D7001D47E306E9921945EFE09F900DB224
:10B27000B70503009385C52F5685EF40B2586DF58D
:10B28000B7050300938545315685EF40B2576306F5
:10B29000050E0C180945EFE09FCF79D583560103C1
:10B2A0000947E363D7FC0547A303ED0203A7819792
:10B2B0002320ED0031472396E19241679389810471
:10B2C0001307771C23A0E900371702001307376123
:10B2D000370503002392090023A4E900B1451305B3
:10B2E000C53223030D0423140D02230C0D04EFE0DB
:10B2F0006FED1389C1920DE5231009000357090072
:10B3000083A681973337E000A30DED04054723049E
:10B31000ED0403D7A19236972328ED02294725BFD4
:10B32000BD4513858101EFE0EFE979D5D945138556
:10B330008170EFE02FE969D1C1456285EFE08FE8C8
:10B3400045DD8355090013858104138785FF239309
:10B35000E900EFA0AFD203570900B386E9002380CC
:10B36000A60093062700050742074183BA99218169
:10B370002310D9002380A90051B7B7050300938596
:10B38000453313858110EF40F24701CD2D47E3117E
:10B39000E98003470D05630D07FEEFE0DFA16FF0C5
:10B3A0002FFFB70503009385C53413858110EF4047
:10B3B000724509CDB7050300938545351385811086
:10B3C000EF40524401C50547A302ED021147631443
:10B3D000E9068346DD0505476396E602B7050300E7
:10B3E0009385C53513858110EF40D24129C53705B6
:10B3F00003003D47BD46414693858101130545360F
:10B40000EFE09FAD8346DD0509476396E602B70589
:10B4100003009385C53613858110EF40B23E01CD00
:10B42000370503005947CD465D4693858170130566
:10B430004537EFE07FAAB70503009385C53713852D
:10B440008110EF40323C05CD93052002EF40D23809
:10B450001DC53768FF0305050146130E2002794319
:10B46000E5480508930EF0058305050089C563844A
:10B47000C5016375C3043307CC0023000700B7057B
:10B4800003009385453813858110EF40B23761C5BD
:10B490009305A00313858110EF4012349306150025
:10B4A0001306000229ED23030D02130769FF13772A
:10B4B000F70F894663E1E60A154545BB13F7F50F1B
:10B4C0009376F7FD9386F6FB93F6F60F050563F981
:10B4D000D80001171377F70F63FDE800E396D5F95D
:10B4E0003307CC00930616002300B70013F6F60FBF
:10B4F000A5BF3357E800058B65F7BDB78506038701
:10B500000600E30DC7FE130707FD1377F70F254667
:10B51000E36BE6F8850693050002038606006302E6
:10B52000B60E9305C0026310B6028506130600022C
:10B53000038706006309C70C130707FD1377F70F8E
:10B54000A546E3E2E6F61377B70F7D17133717002A
:10B550002303ED0239DBB70503009385C538138556
:10B560008110EF40322A39C59305A003138581105D
:10B57000EF40922621C1050513070002830605004E
:10B580006385E60801472546A9458346050093865D
:10B5900006FD93F6F60F637CD6067D46930610F8FB
:10B5A0006368E60006071307F7F893168701E1863C
:10B5B0002300DD02B705030093854539138581100B
:10B5C000EF405224630C050E9305A00313858110F0
:10B5D000EF40922002D802DA02DC6DC10505930823
:10B5E00001030148130E0002A54E294F954F930207
:10B5F000C0021943030705008145631AC703050507
:10B60000D5BF850619BF850625B7050585BF330754
:10B61000B702050536974207418385BF03D7080067
:10B62000050585453307E70336972390E8000306B1
:10B630000500130706FD9376F70FE3F1DEFEBDCD9F
:10B640006305F8010505631B560605081378F80F16
:10B650008908E31168FA035701039306F003130600
:10B6600010F863E7E600130717F9131687016186E0
:10B67000138741F82300C702035781039305200273
:10B68000938641F8617663EAE50015463307C70201
:10B690001307D7F31316070141860357A10323911C
:10B6A000C60293051006130610F863E7E5001307BA
:10B6B0004707131687016186A380C602B7050300FA
:10B6C0009385C53913858110EF40D21359C51018E1
:10B6D000EE8513858110EF10C02341C1C256034788
:10B6E00061034C0836CC835641032808230FE10040
:10B6F000231ED100EF30E03F2DC103158103130756
:10B7000040383307E5025245634507046367E504A3
:10B71000198D37374F9C13070730B7364F1C2A97C0
:10B720009386860763EBE602EF306056EF300061E8
:10B73000A307AD041DC1EF30C06023A8A19603A7E5
:10B740008197B7964901938606703697232EED02AE
:10B7500029A09306F7FFE3FDA6FAB705030093853A
:10B76000C52913858110EF701FC3938941F811C952
:10B77000B70503009385452A13858110EF40920891
:10B780004DCD11476315E9020347DD0519CF894601
:10B7900063E5E6000507A30EED0403A781972303E5
:10B7A0000D042328ED026FF0AFBE11457DBC994614
:10B7B000631AD9028346DD0405466399C60003A7D0
:10B7C000819723030D041307873EE1BF0D46E395E0
:10B7D000C6CEA30EED04A3060D0423030D0403A798
:10B7E0008197C1B7B146631FD9008346DD0409477D
:10B7F0006396E60003A78197232CED0223830904B7
:10B80000294719AA9D466313D90203C77905E31D89
:10B8100007A40547A38BE90403A7819723830904A1
:10B820001307470623A8E9026FF08FB6651913794D
:10B83000F90FE37B27A30D450DBCB70503009385E6
:10B84000852913858110EF701FB5631305B4214757
:10B850006318E90203477D04936617000D8BA30369
:10B86000DD04136717008D466317D70023030D040B
:10B8700003A781975DBA05472303ED046FF04FB12D
:10B8800025476318E900130710102393E9046FF0AC
:10B890002FB07519238309041379F90F636A27AF51
:10B8A000370703001307471E0A093A9903270900BF
:10B8B0000287370503001305453A23870904EFE0A3
:10B8C0006F97630705AC8565938585BB1145EFE0F0
:10B8D0006F8C6FF0EFAB03C7D90519EF83C6590220
:10B8E00091E603A781971307077D2DBF8546A38E99
:10B8F000D90403A781973DB7894663EBE6A80507FE
:10B90000A38EE904FDB783A6819703A7819723AA95
:10B91000D90223A8E90219472382E9026FF04FA751
:10B9200083C6D9040D476397E6001147A38EE90447
:10B93000A386090403C769029306803E19E39306B0
:10B94000007D03A781973697F1BD03C7790585452B
:10B9500063E0E50205071377F70FA38BE9041306ED
:10B96000800C6303B700014603A7819732975DBD42
:10B9700003A7819723A8E902214779BF03C70905D7
:10B98000630807A003C7A90583C6C905558FE31C33
:10B9900007EEEF907FA9834665000547E385E6EE55
:10B9A000EDBA03C7D90489461377B70FE31AD7E472
:10B9B00003A7819723ACE902A1B519C36FE01FE08B
:10B9C00003574D049305F01F9306170063F3D50248
:10B9D0000547A308ED0403570D01C166FD16630575
:10B9E000D70005072318ED001D472304ED026FE083
:10B9F000FFDC56972312DD042300C7006FE01FDC35
:10BA000099CE03474D0501EF717783260D08130783
:10BA100087562297158F635407006FE03FD6034780
:10BA2000FD056305073C03466D0401CE8326CD0268
:10BA3000158C634804009D453D45EFE01F896FE08C
:10BA4000FFD383560D0499C26FE05FD319C26FE034
:10BA5000FFD27D171377F70F9D4663F4E6006FE082
:10BA6000FFD1B70603000A079386C620369718430E
:10BA70000287EF1020512A840C1828082310010295
:10BA8000EFE06F9C4DD9B70503009385C53A0810C8
:10BA9000EFE0CFD84DD1835781011305440213063F
:10BAA000F00B938601728DE7B705030093858540FF
:10BAB0000810EFE0AFD641D103550102EFD01FE6E9
:10BAC0003DD91165130585A9EFD05FEE6FE01FCB5F
:10BAD00003570102E361E6F683050500FD1713082D
:10BAE0001700C2073697C183231001032300B70054
:10BAF000050555BFB70503009385053C08182318B5
:10BB00000102EFE0AFD105D983450D060818EFE03B
:10BB1000EFD3E30205F2B70503009385853D0818CE
:10BB2000EFE0CFCFE30905F003550103EFD01FDFAE
:10BB3000E30305F00565130585BB79B7EF10804475
:10BB4000AA842318010223150D0623160D06A3014E
:10BB50000D06EF10E043232AAD0603C7540183C549
:10BB600044012A8422074D8F83C56401C2054D8F8D
:10BB700083C57401E205D98DB384A540056763735D
:10BB800097008564B70503009385453E0818231484
:10BB90009D06EFE0AFC8E30005EA83450D060818EF
:10BBA000EFE0CFCAE30905E8B70503009385453FF9
:10BBB0000818EFE0AFC6E30005E8A2850818EFE03B
:10BBC000EFC8E30A05E6035701039307F00BE3E42C
:10BBD000E7E6930717002318F10293870172930594
:10BBE000F4FFBA97A6951307D00208182380E70040
:10BBF000EFE0CFC5E30105E4B70503009385854079
:10BC000039BFEF102038AA840C182808231001022D
:10BC1000EFE06F83E30105E242579306F00203066B
:10BC200007006316D60003071700054401CB03C4C1
:10BC3000640003578101198C42044180B705030059
:10BC40009385C5400810EFE06FBDE30605DE834530
:10BC50000D060810EFE08FBFE30F05DCB70503000A
:10BC6000938505420810EFE06FBBE30605DCC25781
:10BC70001306F00B3E9442044180938601721397A1
:10BC80000701418363158702B7050300938585404B
:10BC90000810EFE0AFB8E30005DA03550102EFD07A
:10BCA000FFC7E30A05D83D65130505A631BD035757
:10BCB0000102E362E6D885078385F7FF13051700C5
:10BCC00036972310A1022300B70055BF03473D0656
:10BCD00071E78359CD0623180102E38E09D4B70515
:10BCE0000300938585420818EFE04FB3E30505D4C0
:10BCF00083450D060818EFE06FB5E30E05D2035734
:10BD000001031309F00BE368E9D283453D06138470
:10BD10000172930617009304C00222970818231893
:10BD2000D10223009700EFE06FB2E30605D003577E
:10BD30000103E362E9D0930617003A942318D10275
:10BD4000230094001307000FCE8563743701930519
:10BD5000000FC205C1810818EFE04FAFE30D05CC1D
:10BD6000B70503009385853A0818EFE02FABE3048D
:10BD700005CC03550103EFD07FBAE30E05CA054792
:10BD80000565A300ED0623010D0623170D062318F4
:10BD90000D0623120D04130585383DB303578D0698
:10BDA0008356AD06158F9319070193D9090125B75D
:10BDB000B705030023180102938585430818EFE0B7
:10BDC000EFA5E30A05C683450D060818EFE00FA8A6
:10BDD000E30305C6B70503009385853A89B3B70524
:10BDE00003002318010293858544C9BF83464D0291
:10BDF00029476392E60803479D0535EFEF10801849
:10BE00008344550005496395240303475D0625E7F0
:10BE1000EF106026AA8519E16FE05F964147230481
:10BE2000ED02A3029D060145EFE0AFAE6FE01F9566
:10BE30000947639CE406EF10E0140347650005CF53
:10BE400003475D060DEB0327CD073307E44063444A
:10BE50000702EF10003CAA8519E5A30F2D0523006A
:10BE60000D066FE0BF91414701452304ED02A30297
:10BE70002D07EFE00FAA03476D0461CB8326CD02A7
:10BE8000B306D44063C3060C03474D0291466315C5
:10BE9000D7040347DD054DC7894663E5E60005077E
:10BEA000A30EED0423030D0499A00D47E395E4FCD4
:10BEB000EF10400D034765005DDFEF108042AA855B
:10BEC0003DD11307A5FF1377D70F19C36FE01F8B61
:10BED00041472304ED0281BF0D46631EC700834620
:10BEE000ED04636FD70423030D041304840C23288B
:10BEF0008D026FE0BF8899456313B7020347DD04E5
:10BF000085456317B70023030D041304843EC5B7AA
:10BF10006318C702A30EDD04A3060D0461B7B14682
:10BF20006310D7028346DD0409476394E600232C9F
:10BF30008D0223030D0429472302ED026FE01F84C5
:10BF40000945EFD01FC36FE07F8383560D0499C26C
:10BF50006FE0DF8283464D0235466374D6006FE0A2
:10BF6000FF81370603008A061306C622B296944262
:10BF700082860327CD023307E440635407006FE055
:10BF8000EFFF814513050002EF40F0080D6713072E
:10BF900007EE3A9423288D02094779BF03270D0342
:10BFA000198C635404006FE06FFDEFD0DFD23705CA
:10BFB000030013058545EFD0FFA7054719E16FE0A2
:10BFC000EFFB85652307ED04938585BB0D45EFD019
:10BFD0007F9C6FE0AFFA19C36FE04FFA03270D03A0
:10BFE000198C635404006FE06FF9370503001305E3
:10BFF0008545EFD03FA419E16FE04FF80347ED040A
:10C000000507C1B719C36FE06FF703270D03198C3C
:10C01000635404006FE08FF60347DD0509EF370531
:10C02000030013050546EFD0FFA011C58565938574
:10C0300085BB114569BF8346DD0505476399E60069
:10C04000370503001305C546EFD0DF9E65F1834633
:10C05000DD0509476399E6003705030013058547A9
:10C06000EFD05F9D61F50347DD05894763E4E70095
:10C070006FE0CFF0EF904FBBB70503002A849385A4
:10C080004548081823180102EFD05FF963080544FA
:10C09000034754008547630FF704B70503009385F2
:10C0A00085280818EFD09FF7630A0542B7050300FB
:10C0B000938545490818EFD07FF663010542930543
:10C0C00004040818EFD09FF5630A0540B705030084
:10C0D000938585400818EFD07FF463010540035530
:10C0E0000103EFD0BF83630B053E8565938585BB58
:10C0F0001545F1BDB7050300938505285DB7834657
:10C10000FB008345EB0003264D03A206CD8E93056D
:10C11000803EB386B6023306C4401545E373D6E2CB
:10C1200019C36FE0AFE503270D033307E440635401
:10C1300007006FE0AFE403476D0225CF0347FD041E
:10C1400011E70346ED04894663F3C6048344DD0525
:10C150008D466392D4023705030013058549EFD05D
:10C160007F8D19E16FE08FE1A3069D0485659385BE
:10C1700085BB1945A9BD01EB372709001307077CCB
:10C180002297232EED0223288D021D4775B3370514
:10C1900003001305454AEFD0FF8919E16FE00FDE78
:10C1A0000547A306ED040347ED0405072307ED0447
:10C1B00075BF370503001305054BEFD0BF8719E1A5
:10C1C0006FE0CFDBA3060D0455B783060B0199EE94
:10C1D00005472304ED02379704001307073E3A94FE
:10C1E000230C0D0423288D023547B9B319C36FE022
:10C1F000EFD803270D03198C635404006FE00FD8A8
:10C2000023180102EF904FA283477D052A848DE712
:10C21000B70503009385C54B0818EFD03FE0630FC7
:10C22000052A03550103EFD06FEF6309052A8565E1
:10C23000938585BB1D4561BB0547639BE702B70539
:10C2400003009385C54C0818EFD05FDD630805280F
:10C250008347B4008345A400A207DD8D0818EFD002
:10C26000FFDE630D0526B70503009385853A6DB79C
:10C27000B70503009385854E0818EFD03FDA630FAA
:10C28000052483457400D9BF19C36FE02FCF8327DE
:10C290000D031D8C635404006FE04FCEEF90CF98D8
:10C2A000B70503002A849385055008182318010256
:10C2B000EFD0DFD663040522930504010818EFD000
:10C2C000FFD5630D0520B705030093854556081873
:10C2D000EFD0DFD4630405208347940083458400B6
:10C2E0000818A207DD8DEFD07FD66309051EB705BC
:10C2F0000300938545420818EFD05FD26300051E06
:10C300009385C1E50818EFD07FD16309051CB705F7
:10C310000300938505510818EFD05FD06300051C1A
:10C3200003550103EFD08FDF630A051A91659385EA
:10C3300085A9214569B919C36FE04FC483270D034F
:10C340001D8C635404006FE06FC3B7050300938531
:10C35000C551081823180102EFD05FCC63000518FF
:10C36000B7050300938585560818EFD05FD463079F
:10C370000516B70503009385C5520818EFD01FCAEC
:10C38000630E0514B70503009385853A0818EFD0AE
:10C39000FFC86305051403550103EFD02FD8630FC1
:10C3A00005129165938585A9254515B183469D059F
:10C3B0009DEE0346BD0503478D04518F09CB03272E
:10C3C0000D033307E44063540702631B0610034761
:10C3D000DB008345CB0003264D0022074D8F9305DC
:10C3E000803E3307B7023306C440636BE60E23106A
:10C3F0000102230DDD04014789E60347BD053337FC
:10C40000E000230EED04D5C60344ED05B705030097
:10C41000938505530810EFD07FC069C1B7050300AD
:10C42000938505540810EFD09FC84DC9B705030088
:10C43000938545560810EFD07FBE4DC10347AD052B
:10C440008346CD058545558F09E7EF80FFFD834580
:10C4500065000810EFD09FBF51C1B7050300938559
:10C4600045540810EFD09FBB35C993151400C20581
:10C47000C1810810EFD09FBD35C1B705030093857A
:10C48000853A0810EFD09FB931C903550102EFD0AA
:10C49000EFC829C50347AD058346CD05558F19E380
:10C4A00023040D04856523080D04938585382D45E7
:10C4B00039BE01C703D4C19291BF0347AD04081828
:10C4C00023050D042306ED0403479D04A305ED0495
:10C4D000EFD01F881314050141800DF8054595B470
:10C4E0000327CD033307E440634807023705030001
:10C4F0001305454AEFD00FD405C10547A306ED0447
:10C50000372709001307077C3A94232E8D0285658F
:10C51000938585BB314565BC03278D03198C3D6729
:10C520001307F7A5636487006FE04FA53705030085
:10C530001305C554EFD00FD019E16FE02FA41947B0
:10C54000A306ED04E9B703270D033307E440635462
:10C5500007006FE0AFA203478D0519E73797040086
:10C560001307073E3A9461B28546631AD700034722
:10C570002D0519E3EFD02FF6A30B0D0429B1894641
:10C58000631FD70003472D0519E3EFD0CFF4232A0B
:10C590008D0223288D0223030D02194771BAEFD0B3
:10C5A000AFD46FE0AF9D19E36FE0EFD36FE06FD2D0
:10C5B00037078000DD464D07637DB50083470500E2
:10C5C000DD1793F7F70F63E6F600B357F700858B97
:10C5D00091E382800505CDB701114AC82A89084137
:10C5E00022CC26CA4EC652C4AE89328A06CEEFF09D
:10C5F0003FFC37A7991981440144A5461307979931
:10C600001546A945637A350183470500938707FDE1
:10C6100093F7F70F63F3F60281C8CE85EFF05FF969
:10C620002320A90023208A00F24062442685424943
:10C63000D244B249224A05618280636C8700631448
:10C64000E4006368F6003304B402050585443E94B3
:10C6500055BF8144D1BF011122CC2A84084126CA8A
:10C6600006CEAE8432C6EFF0BFF4637195020307C5
:10C6700005003246AA8701456315C70085071CC01F
:10C680000545F2406244D244056182800145D5BF30
:10C69000011122CC2A84084126CA06CEAE8432C6B5
:10C6A00036C4EFF0FFF0637295068305050093072B
:10C6B00020020147639DF502A24632460505AA877E
:10C6C000930520021308C005FD4863809704038783
:10C6D00007006314B702B385A7404168014763F8B8
:10C6E000050108C22390B60085071CC00547F2402B
:10C6F0006244D2443A85056182806308070113775A
:10C70000F70F63F4E8008507C9B70147CDB71441B7
:10C7100001471388260063EE050383C70600A5487A
:10C720000147938507FD93F5F50F63E4B80283C6CF
:10C730001600938506FD93F5F50F63ECB8002947C5
:10C74000B387E702C1160547B6972300F6002320FA
:10C7500005013A8582801377F50F930707FD93F75C
:10C76000F70FA5461395870163F5F6029307F7FBCC
:10C7700093F7F70F9546130597FC63FBF6009307B5
:10C78000F7F993F7F70F7D5563E6F600130597FA6F
:10C7900062056185828011E97D5582807D55B250A8
:10C7A000225492540259456182807DD6A147E3F517
:10C7B000B7FE797122D406D626D24AD03304B5000A
:10C7C000B5462947636B8500B307A440C207C18300
:10C7D0002147636CF7000145D9B78307F4FF6384F1
:10C7E000D700E393E7FE7D14F1BFB705030032895C
:10C7F000938585582546AA84EF30A26B69FD138581
:10C8000094002AC634001008A2856800EFF05FE8A3
:10C8100051D5035781009D47E31FF7FA4245B705FD
:10C8200003001D469385C556EF30A2684DF51306EB
:10C83000C002A2856800EFF01FE22DD15008A2854A
:10C840006800EFF07FD939D9D247A9FB1306C0029F
:10C85000A2856800EFF03FE031D15008A285680062
:10C86000EFF09FD705DD1306C002A2856800EFF048
:10C870009FDE0DD59306A1004A86A2856800EFF0E1
:10C880003FE1E30D05F00357A1009307F00FE3E745
:10C89000E7F01306C002A2856800EFF0DFDBE30FCC
:10C8A00005EE3008A2856800EFF01FD3E30805EE1F
:10C8B0001306C002A2856800EFF0FFD9E30005EE81
:10C8C0007008A2856800EFF03FD1E30905EC13067C
:10C8D000C002A2856800EFF01FD8E30105EC3245E5
:10C8E000A285EFF0FFCC8357A100098C23168900A5
:10C8F0002302F900F24742042324A9004180E31FE8
:10C90000F4E86247E36CF7E80545E38AE7E8795520
:10C9100079B56304051C6302061C994763FFB71AC7
:10C92000797122D42E84B715030026D2938585DF32
:10C93000B28419464AD006D64ECE2A892AC6EF308E
:10C940004257631405184A94A28513056900EFF055
:10C950003FC6637C8516930715003EC60307050096
:10C96000930720026313F7161306A100A28568003F
:10C97000EFF0FFD9630B05141306F002A2856800DF
:10C98000EFF07FCD6303051413862400A2856800B1
:10C99000EFF0FFD7630B05121306F002A2856800C3
:10C9A000EFF07FCB6303051213863400A285680085
:10C9B000EFF0FFD5630B05101306C002A2856800D7
:10C9C000EFF07FC96303051013864400A285680059
:10C9D000EFF0FFD3630B050E1306A003A2856800DA
:10C9E000EFF07FC77DC113865400A2856800EFF089
:10C9F0001FD261CD1306A003A2856800EFF0BFC56A
:10CA000069C513866400A2856800EFF05FD055CD3C
:10CA10003247637C870A83470700938757FD93F764
:10CA2000D70FC5E7930717003EC603070700930714
:10CA3000B00285496303F700FD591306B100A285D2
:10CA40006800EFF0DFCC51C10349B1009307000645
:10CA500063ED2707B24763FA8706138517002AC6D6
:10CA600003870700930720026311F706A285EFF002
:10CA70003FB4631CA404330939038347A1002D4745
:10CA80009387077D2390F40083C72400FD17239428
:10CA9000240193F7F70F636AF70283C734007947DD
:10CAA000FD1793F7F70F6362F70203C74400DD47F2
:10CAB00063EDE70003C754009307B00363E7E700A3
:10CAC00003C76400054563F3E7000145B2502254F3
:10CAD00092540259F2494561828001458280AA87B9
:10CAE0000145B1C339C2B1C11395150063EEA60269
:10CAF000B7060300BE95938646576393B7008280BE
:10CB000003C7070009068507118336970347070007
:10CB1000230FE6FE03C7F7FF3D8B36970347070059
:10CB2000A30FE6FED9BF82800145828001ED014559
:10CB300082800145F2406244D2444249B249224ACD
:10CB4000056182806DD6E5D593F71500EDF30111EF
:10CB500026CA06CE22CC4AC84EC652C493D415006B
:10CB6000E3E996FC9307F01FE3E5B7FCB2892A845A
:10CB7000014993170901C18363E5970013F5F40F89
:10CB800055BF03050400EFF01FBD2A8A03051400FA
:10CB9000EFF07FBCE34F0AF80904E34C05F8120AF2
:10CBA000B3872901336545012380A7000509D1B763
:10CBB000B5C9930695D8C2068567C1829387176168
:10CBC000014763E9D7043706030013064659654851
:10CBD0008357060063E2A70483562600636ED502DE
:10CBE000B386D740898FC207C18313052003B3875B
:10CBF000A702C206C18213D61600B297B3D7D702D6
:10CC0000930620033307D702130707E7BA97239049
:10CC1000F50005473A85828005071377F70F090667
:10CC2000E31807FB0147FDB709C5414681456F6021
:10CC30000FEC82802A88014563030804A9C221C23F
:10CC4000637FF70263EDE50263FBF50233F7D5027C
:10CC50001DE78D8F33D7D7026363C702B386C60241
:10CC600099CE63EED700AE9685472320B8002322E5
:10CC7000D8002324B8002306F8000545828082806E
:10CC800009CD8346C50005476399E60089C5094774
:10CC90002306E50082806FF03FF98280AA87014574
:10CCA00095CB0DCA03C7C700854679171377F70FD1
:10CCB00063E2E6029847631FB7009443636CD700B2
:10CCC000DC436379F7003385E7403335C50013450E
:10CCD00015008280828005C119CE8347C5000547B3
:10CCE000F91793F7F70F6368F7001C45AE971CC55B
:10CCF0008D472306F5008280814719C98346C50008
:10CD00000D4781476396E6001C450841B337F5009F
:10CD10003E8582801441374754311307F714639ED0
:10CD2000E60403464500854601476319D6040346D9
:10CD30005500954663E4C6048306650063C0060497
:10CD4000544937460300636BD602105163E8C602AC
:10CD5000504D63E5C602411122C40324450A9305E0
:10CD6000400A06C6EF70AFC73305A440B240224464
:10CD7000133715003A854101828001473A85828048
:10CD800083A741935571A6C34EDF86C7A2C5CAC10A
:10CD90009D66938941939D646394D70093840710A3
:10CDA000B74754311384017E9387F7141CC085471D
:10CDB0002302F4001C449305400A1385017E850775
:10CDC0001CC4EF70CFC12322A40A930600100146B1
:10CDD000A68525459750FF1FE780800C09C9194596
:10CDE000BE402E449E440E49FA59696182809306E2
:10CDF000800A1386017EA68529459750FF1FE7808C
:10CE0000200A71FD9306800A3000A6852D459750B3
:10CE1000FF1FE780E00861F52800EFF0BFEF61D168
:10CE200042471C44E31DF7FA23A0990001454DBF7A
:10CE3000317126DB1306800A81451385017E06DFEA
:10CE400022DD4AD9EF60AFCA9306800A30009D65A3
:10CE50002D459750FF1FE780A00461C501499D65DE
:10CE60009306800A3000938505102D459750FF1FCB
:10CE7000E78000031384017E69E52800EFF09FE955
:10CE800069C1630709001844C247998F635EF000C7
:10CE90001306800A2C001385017EEF30E2039D67A4
:10CEA0009387071023AAF1925844B717020093877B
:10CEB00037616306F702034754005CC419CF9546F7
:10CEC000630DD700184863EAE700A30204002303B8
:10CED0000400232E040023200402EFF07FEA185000
:10CEE000FD5623A2E19423A0019423AED1920346E0
:10CEF000540093878193238007008946631DD600E1
:10CF000083466400ADE6A302040023200402232E1E
:10CF10000400EFF0FFE6FA506A54DA544A592961E6
:10CF200082802800EFF01FDF15D91306800A2C003D
:10CF30001385017EEF20527A1D6723AAE1920549ED
:10CF400039BFE31309F61306800A81451385017E74
:10CF5000EF60EFB9B7170200938737615CC49D6734
:10CF60009387071023AAF192EFF09FE135BF544851
:10CF70006316D7008D47A302F40061BF05472380E5
:10CF8000E70051BF1385017E8280377503008280E0
:10CF900003A541948280E9CE93178701E187635905
:10CFA000F00C9387F5FF3748030063F3070D011179
:10CFB00022CC1384017E8347540026CA4AC84EC639
:10CFC00052C456C206CEBA84B689328A2E89AA8A3B
:10CFD000B9C7FD1713F7F70F85468D4763E7E602DC
:10CFE00018486314A70258486311B702184C631E0F
:10CFF000C70003466400631A9600CE8513054402F9
:10D00000EF20326B8D4711E18147F2406244D244F8
:10D010004249B249224A924A3E850561828093077D
:10D0200044023E85130600088145EF604FAC26861A
:10D03000CE85EF20726A854723039400232854018C
:10D04000232A2401232C4401A302F400232E0400EC
:10D0500023200402624423A20194F240D2444249B4
:10D06000B249224A924A238C019205616FF05FD146
:10D0700085473E858280411126C206C622C44AC029
:10D080001387017E8346570085476392F60613890E
:10D09000017E8325C901832749013384B7401DCC14
:10D0A000B7770300BE958566014605459750FF1F7B
:10D0B000E78000DF99470DED05679384017EA28725
:10D0C000637387008567D84CBA97232EF9002244F2
:10D0D000B2409244024941016FF09FCA8947A302BE
:10D0E000F700185323A2E194238C0192CDB7954702
:10D0F000B2402244924402493E85410182807971C6
:10D1000026D21387017E06D622D44AD04ECE52CCE8
:10D1100056CA5AC85EC68346570009476397E60E4B
:10D12000EDC59307F6FFC207C1831307F00EB2895E
:10D13000636DF70C83A74194938A41946397A70C7E
:10D14000330AA6006365AA0C9384017ED8488547FC
:10D15000636A4705130936001379C9FF373B00207E
:10D1600042092A841359090113050B71930B0B71A2
:10D17000EF20925663FA2901330639419305F00FE7
:10D1800033853B01EF60AF96377503002A94CA865A
:10D1900013060B71A28509459750FF1FE78040D009
:10D1A00011CD9947B250225492540259F249624A21
:10D1B000D24A424BB24B3E8545618280CA861306F5
:10D1C0000B71A2850D459750FF1FE78060CD71F967
:10D1D000DC4823A04A01638C470183C76400F9D36C
:10D1E0009850916681473307EA40E36DD7FA22549D
:10D1F00023A04403B25092540259F249624AD24ADF
:10D20000424BB24B45616FF0BFB7954761BF854751
:10D2100051BF411122C49387017E06C626C283C630
:10D220005700094795476396E6041384017E18501A
:10D2300083A64194938441946315D70083C7819357
:10D240008DCB544895476376D7029316470195E2F4
:10D25000B775030085660146BA9505459750FF1FCF
:10D26000E78000C4994711E51C509CC0238C0192B3
:10D270008147B240224492443E8541018280938797
:10D28000017E83C6570009476391E602D44B03A78A
:10D290004194639CE6000D47A382E70023A001941C
:10D2A0007D5723AEE1926FF0BFAD15458280938725
:10D2B000017E83C6570009476393E602D84B4111AC
:10D2C00006C698D323A2E194EFF09FAB09E5B240E4
:10D2D00041016FF0DFFAB2401945410182801545E6
:10D2E0008280011106CE22CC26CA4AC84EC652C43C
:10D2F0009387017E03CA57000D476315EA0C83A686
:10D300000194D84B938401941384C19363F2E6088B
:10D31000158F130900046366E900131907011359F7
:10D320000901B7390020377503004A869385096DD6
:10D330003695EF3040421C403786B8ED81469389E0
:10D34000096D1306063213970601418363602703B4
:10D350001CC09C403E9923A02401F24062445285A7
:10D36000D2444249B249224A056182803387D900BA
:10D3700003470700B98F214793D51700858B91C3C9
:10D38000B2877D171377F70FAD8F7DF7850665BFE1
:10D390001840944F1347F7FF638AE600A382070003
:10D3A00023830700214AEFF0BF9D45BF1147A382A9
:10D3B000E7006244F240D2444249B249224A056140
:10D3C0006FF01F9C154A51BF9387017E83C657009B
:10D3D00011476397E6001547A382E7006FF05F9A55
:10D3E000154582809387017E83C657001547638E5B
:10D3F000E600A38207002383070023AE070023A0D3
:10D400000702238C01926FF0BF97154582800111AE
:10D4100022CC26CA1387017E06CE83475700AA84F2
:10D420001384017E8DEF9387F5FF37470300054591
:10D4300063F7E704894704C8A302F4002303040048
:10D440004CC810CC4CCC23200402624423A201948B
:10D45000F240D244238C019205616FF07F92034722
:10D46000670032C62EC419EB15476389E700EFF059
:10D470007FF7A245324645D9194511A00D45F24026
:10D480006244D2440561828082809387819603D76B
:10D4900007006318A7002391B7002392C7002393C6
:10D4A000D70082808347150003470500A2075D8FE0
:10D4B0008347250003453500C207D98F62055D8D7E
:10D4C00082808280011122CC06CE26CA4AC84EC66E
:10D4D00052C456C2EF705FF5130445052285EF7004
:10D4E0001F8509E5370403001304045F2285EF203C
:10D4F0005230D947AA8963F3A700D9493749002098
:10D5000037070603930709811307271098C3797714
:10D510000907372A00202392E70055467D578145A9
:10D5200013054A2193F4F90F2383E700D54AEF50FE
:10D530001FDC13054A2113F6F40F1309098163F365
:10D540009A005546A285EF20321993871400A30351
:10D55000F9004E86A547A285130599002304F9001A
:10D56000EF209217F2406244138594004249D2445E
:10D57000B249224A924A1375F50F05618280011162
:10D5800085471306F10085451305503006CEA307E5
:10D59000F100EF905120F24005618280411122C4D8
:10D5A00006C61384C18003450400416793878196B2
:10D5B000791798C323A207008945EF30D057034558
:10D5C00004009145EF3030570345040093050002F5
:10D5D000EF3070560345040093050008EF30B05556
:10D5E000374500201305C592EF808FC5EF804FF1BE
:10D5F000374500201305C5A7EFF00FE313844196CC
:10D600008347040089C7EFF0FFDD230004002244B4
:10D61000B24041016FF0BFF63D898D476306F50AC0
:10D6200091476302F50289476310F50C03C7250093
:10D630009947631BF70A03D7450083D78196631583
:10D64000F70A6FF0BFF503C725009547631EF7087B
:10D650009387819683D607004167791703D5A50084
:10D660006384E6006F90D13E03D7E500411106C602
:10D6700022C42391E70003D705011384C1802392BC
:10D68000E70003D725012390A70003450400239357
:10D69000E700130600645D4789452397E180EF307A
:10D6A000102803450400096613060690A145EF30D3
:10D6B0001027034504002244B2400566130606C83D
:10D6C000914541016F30B02583C725001147639410
:10D6D000E7006FF0DFEA1947E38FE7F4154763953A
:10D6E000E70083C71500F5F78280011137E50000D8
:10D6F00022CC130545E106CE26CA4AC81384C18050
:10D70000EF3050672300A400374500201305C59271
:10D71000EF800FB3EF806FDE374500201305C5A7FC
:10D72000EFF08FD0EFF01FDAAA8499472316F100AB
:10D7300013860181B1478D4513057030C20423174C
:10D74000F100C18037490020A3050100EF90B1042A
:10D7500013060981A68513056030EF90D103700090
:10D76000894513051031EF9011031306E100894537
:10D7700013052031EF90310285471306B10085452E
:10D7800013055030A305F100EF90F10037050300B9
:10D790002686930509811305055EEF101053930546
:10D7A00000050D45EF50F039930500051145EF5088
:10D7B000503985457945EF50D038700085451305BF
:10D7C00000402306010023070100EF80215D1306BE
:10D7D000E100854513055040EF80415C7D55EF80A9
:10D7E00040717D55EFA09037EF20B0007D55EF20C0
:10D7F000901B7D55EF20E060372600201306462160
:10D80000D5450145EF80805D416793878196791703
:10D8100098C323A2070013858180EF20901F37252E
:10D82000002013058564EF20C05F13858194EF709D
:10D83000412F034504008545EF302077F2406244D4
:10D84000D244424905618280411106C6EFF09FC76C
:10D85000931505013746002013060681C181130583
:10D860006030EF904173B240372600201306462106
:10D87000D545014541016F80605603C5C18013063F
:10D88000003C930500046F30900903D7E1807917BD
:10D89000635EE604011122CC1384819626CAAA8411
:10D8A000035504004AC801472E898146ED4506CE3E
:10D8B0002315C100EF80B01B2AC61DC10356A1006D
:10D8C000CA859730FF1FE780A0EC035504003000A5
:10D8D000A685EF20301B09C5ED452800EF80F0300C
:10D8E000F2406244D244424905618280828083D7FB
:10D8F000E180697123248112232021132326111230
:10D9000023229112232E3111232C4111232A51114C
:10D9100023286111232671112324811123229111BF
:10D920002320A11121472A893D44637EF700E11796
:10D930003E84C207C1831307600F6374F7001304AA
:10D94000600F42044180B3048900FD14B3D4840203
:10D950009147814913FBF40F63FD2701B74700206E
:10D960009387078383C9470083C73700A209B3E9B8
:10D97000F900B74C002093DB8900014D814A228CCD
:10D9800093F4F40F938C0C8313F7FA0F636C670313
:10D990008320C1120324811283244112032901121E
:10D9A0008329C111032A8111832A4111032B0111FB
:10D9B000832BC110032C8110832C4110032D0110E7
:10D9C00055618280628A637389004A8A420A93376A
:10D9D0001700850A135A0A019E0793060004638301
:10D9E00054018146D58F5286B385AC011305910051
:10D9F0002302F100A302E10023036101A30331012B
:10DA0000230471019730FF1FE78080D813065A0066
:10DA1000420641824C000145EFF03FE763F79A0070
:10DA200019459730FF1FE78020D4229D3309894094
:10DA3000420D4209135D0D0113590901B1B7797106
:10DA400022D44AD006D626D24ECE2E89328419C987
:10DA500085476301F508B250225492540259F249A5
:10DA6000456182809147B744002063F0C7068387F1
:10DA7000050063C5070083C7C492A1CBB749002046
:10DA80007C001307B00F938609832286CA8513850D
:10DA9000C4922316010023170100EF705FFB8D472E
:10DAA000E30BF5FA1DE18355C1001307E10093066E
:10DAB000B00F1386098313850983EF904FCB11E5CF
:10DAC0000355E100EFF0BFE279B71385C492EF7020
:10DAD0003FF751B79307F6FFC207C18313077007DB
:10DAE000E36BF7F6370503001305855FEF10F01DB4
:10DAF000A2854A85EFA03FECB9BF2E86AA850145D5
:10DB00006F20003301112306A1008945680006CE6D
:10DB1000A3060100EFF07FFEF2400561828013054D
:10DB2000E00F6FF03FFE5D7186C6A2C4A6C2CAC0F8
:10DB30004EDE52DC89C99307F6FF93F7F70F130700
:10DB4000600F6375F700EFF09FFDD1AA83C7050052
:10DB5000130710082E846395E7069947E315F6FE30
:10DB600083C525001387C1950CC3834434008569A0
:10DB70001389C195A204CD8C04C39204814563E846
:10DB80003401EFF08FC0B3843441B385A400034661
:10DB90005400834744002320B90022065D8E23AC45
:10DBA000C19423A8B19423AA019483C74196374412
:10DBB0000020639C07121305C4A7EFF0EF86D5A8D9
:10DBC00013F7D70F930600086312D7040D47E37CC1
:10DBD000C7F603C7150011071377F70FE315E6F62D
:10DBE0001387D7071377F70F854663E4E600E31C36
:10DBF000D6F493C707081547E367F7F43707030020
:10DC00008A071307875CBA979C43828713075008DB
:10DC1000E398E7FCB947E318F6F203C71500B147EC
:10DC2000E313F7F213052400EFF0DF87AA8413054E
:10DC30006400EFF03F872AC21305A400EFF09F862F
:10DC400092452A862685EFF08FFC25E53745002092
:10DC500005471305C5A72382E196EFE0FFFC0145C8
:10DC600051A08347140023A0F19603452400938715
:10DC7000C195056A88C3834434001389019693894A
:10DC8000C195A204C98C84C39204814563E8440110
:10DC9000EFF0AFAFB3844441B385A400035609004D
:10DCA000B74400201385C4A723A0B900EFE01FFFED
:10DCB00001E51305F00F3DA083A90900EFF0EFACDB
:10DCC00003560900930544003385A940EFF02FC3A4
:10DCD000835509002A84133615001385C4A7EFE085
:10DCE0009FFF2285EFF01FE21DA82EC632C4EFF081
:10DCF000CFA92AC2EFF06FA9B24512472246B767F3
:10DD00000300AA9785661305C4A7EFE0BFF2930549
:10DD10000002E30205EA03C5C180EF300029B640E6
:10DD2000264496440649F259625A6161828003C5CD
:10DD30004196133515003305A0401375F50F5DB7F7
:10DD4000374500201304C5A71305C5A7EFE0DFFA88
:10DD50002DD10044EFF06FA3AA84EFF0AFA2834768
:10DD6000550103474501A2075D8F834765010345C0
:10DD70007501C207D98F62055D8D2695E31BA4F25C
:10DD8000EFF0EFD2E31705F29305000869B702CE72
:10DD90008947230EF10093070036231FF100E17736
:10DDA00002D002D29387073105442311F10202D435
:10DDB00002D6A3028102EFF0EF9C8347C500230344
:10DDC000F102EFF02F9C0347D5008347C5002207DF
:10DDD0005D8F8347E500C2075D8F8347F500E2074B
:10DDE000D98FA183A303F102EFF0CF998347E50018
:10DDF0002304F102EFF00F998347F500D14568083D
:10DE0000A304F10223058102EFF03FCF09BF0145D2
:10DE10006F20B03701119397050122CC06CE26CA98
:10DE20004AC84EC6C1872E8463D3070403C5C18088
:10DE3000EF2010661DC1034705009307000B631C0C
:10DE4000F700034745009307F0076316F7000357F1
:10DE500085002397E180EF20905CA164A18CF240C3
:10DE6000624426854249D244B2490561828093F7D3
:10DE7000150085C303C5C18037260020B7450020A3
:10DE80001306862093854580EF80F1669344140045
:10DE9000F9B793F7250095CB03C5C180130600643D
:10DEA0008945EF30C027B725002013878523834796
:10DEB0000700154693858523850709452300F7004C
:10DEC00093442400EFF07F9C59BF93F7850099CFCE
:10DED00083C7C18003D581961307803E81463146B2
:10DEE0009945EF80B15A9344840095BF93F705019B
:10DEF00081CF03D581960147894609468145EF9038
:10DF0000613793440401A1BF93F7450085C303D54E
:10DF1000819693444400EF90613303C5C180056648
:10DF2000130606C89145EF30801F15BF93F7050211
:10DF3000BDCB138941958327090083A50195B207BD
:10DF400085660146BE9505459740FF1FE78040F571
:10DF50009379F50F93440402638D0900374500203F
:10DF60001305C5A78145EFE0BFD14E85EFF09FB9FE
:10DF7000FDB58327090003A7819585072320F900B4
:10DF800063EBE700374500201305C5A78545EFE0A3
:10DF90003FCF0145E1BF03C5C1800D469305000297
:10DFA000EF30E0176DBD93F70508A9CFEFE09FFDB7
:10DFB0000347550091476315F700834765008DC3FC
:10DFC000EFF02FB28D47AA846312F5020546930540
:10DFD000000803C5C180EF3080149344040841B5A4
:10DFE00023820196EFF04FBEAA8421A023820196DE
:10DFF00075D92685EFF01FB1EDF01306000A9305E1
:10E000000004C1BF93F705048144E38A07E4EFF0FD
:10E010001FE0934404049720FF1FE780206181B52F
:10E0200041113726002006C61307C6228347070082
:10E030001306C6229545850701452300F700EF200A
:10E04000201EB24015454101828041111305800414
:10E0500006C622C426C2371400404AC09720FF1FBC
:10E06000E780A02583444404EF00B04D2A8937257A
:10E0700009001305057CEF209020372700408347D7
:10E08000270051651305150493E717002301F700D6
:10E090004167B7E700E023A0E7108327840C8D4594
:10E0A0009D88C98F2324F40CEF20E076EFA0EFC405
:10E0B000EF50CFD4EF502FE3CA852685EF003043D1
:10E0C000EF00304823A8A19637540020EF90C11AE2
:10E0D000EFF0AFE11304C4A8EF80FFFFEFE05FD5DE
:10E0E000EFF08FF6EF501F8DEF901FB18355C4B046
:10E0F0002685EF908FCBEF700FF8058919C9EF7067
:10E100008FF7098919E58347C4B093F7F7FD230614
:10E11000F4B0EF0030369720FF1FE780201005C9CC
:10E12000411126C213064004AE84814522C406C6AE
:10E130002A84EF50CF9B2147A68763739700A1479E
:10E14000A300F404B24022449244410182808280C0
:10E15000FD570DC185C1034705048147110563942F
:10E16000E700FD5701A82105835685FF6396B60099
:10E17000E207E1873E858280850793F7F70FC5B7F1
:10E1800019E17D55828001114AC806CE22CC26CAEB
:10E190004EC652C456C22E89B5CD834A15042A8470
:10E1A000638A0A063A8AB684B289EFF07FFA635E20
:10E1B00005000345040463795507930715006205BC
:10E1C0002300F404618563410506931735003E94EE
:10E1D00085472312240104C023033401A303F40060
:10E1E0001DA803A8060083C576003388044199C1A1
:10E1F000637A0A016344050063760701139587017A
:10E2000061854287850793F7F70FA106E31BF6FCAC
:10E21000E35D05FA7D55F2406244D2444249B24979
:10E22000224A924A0561828003460404A2868147FD
:10E2300001477D55E1BFAA8715C103470504014584
:10E2400063FFE5008E05AE9703C7770011C79843BB
:10E250000545198E63F5C600A3830700014582803A
:10E26000011122CC06CE2A84EF00502D11E5014584
:10E27000F2406244056182809307E10078009306D2
:10E28000A1003000930561004800EF00F02E11ED71
:10E290009307407E2312F10085472313F1002314D6
:10E2A000F100231501002316010003556100894781
:10E2B0000356A1000357C1008356410063E5A70040
:10E2C000FD16C206C182B707030093874760AA976D
:10E2D0008355810083C7F7FF1D43AE97B69793D54B
:10E2E0002600AE9793050019B3D5B602AE979305F5
:10E2F0004006B3D6B602958FB3F767029306C00304
:10E30000B306D602035624009398070193D8080158
:10E310003697835644004207418363F0C602138850
:10E32000F6FF4208C16513580801F51563E70501BA
:10E330006375D7009907B3F8670283471400B3D712
:10E340001741858B8DD78355640091C57D15B3D555
:10E35000A540858989DD0545E30CD6F0C165FD152D
:10E360006396B600118F1335170019B7E5DE637891
:10E37000D6000145E36EC7EE3335D700D5BD6374D3
:10E38000C700B337D7003E85E5B5011122CC37442D
:10E3900000201307C4A856C28567834A8500BA9730
:10E3A00052C403AAC7AE4EC693C9FAFF26CA4AC8CA
:10E3B000B754002006CE13F919001304C4A893849F
:10E3C000C4A8630E49035C489DCB03A7019783460D
:10E3D000A5001D8F8347B500A207D58F9306C00304
:10E3E000B387D702637DF7008144F24062442685FB
:10E3F0004249D244B249224A924A056182801C5065
:10E40000B1CB0547E392E7FE83478402E37EF9FC44
:10E4100093071010B307F902A29783C79702E9D7B1
:10E420004A85EFA00FBA69D193F9190023A634AF3A
:10E430009377FA0F93FA1A00638D370583D744AEAA
:10E4400041677D176385E70085072392F4AE639FDC
:10E450000A0281A08329850093F919001385090810
:10E46000EFA0EF9051D193C7190023A6F4AE137714
:10E47000FA0F6380E70283D744AE41677D17638557
:10E48000E70085072392F4AE6385090083A701970F
:10E490001CC88544E30B49F583A7019713052003A6
:10E4A0005CC8EF80BFB791B7B74700209386C7A875
:10E4B0000567BA9683C646B06396063A5D714EDE2E
:10E4C000B7590020A2C4A6C2CAC052DC1384C7A890
:10E4D0001389C7A8130307A486C656DA5AD85ED68E
:10E4E00062D466D26AD06ECE9389C9A89387C7A832
:10E4F00001468144014A814509489148130747A3D1
:10E5000029459306360A9206A29683C6460013FE54
:10E510001600630F0E0013FEE600631E0E07B3869F
:10E52000670083C60600854581E699E0B384E7006D
:10E530000506C107E317A6FCA5E513875197938746
:10E540004197230007002380070063020A2C056A15
:10E55000130C4AA3130B6AA3814A894C130A8AA39A
:10E560000D4D93843A0A93974400B38B870003C7F9
:10E570004B00058B19CB03A74B00B30D8901058315
:10E580001D8B630297196308A71F850AA9474109D4
:10E59000E399FAFCADACB18AE39C16F9054A49BF90
:10E5A000EF00C07963050526056B130B4BA3814A69
:10E5B000814B8D4C229B294C93873A0A9207A29754
:10E5C00083D74700BD8B6399970113954A005A95ED
:10E5D000EFF01FC911C1AA8B850AE39F8AFD83C78B
:10E5E0005197938A51976389071E83C74197638F19
:10E5F000072263850B1E014C856B938B4BA3014B4C
:10E60000094D914DA29BA94C93043B0A9204A294FC
:10E6100083C7440013F717001DC313F7E700631AFD
:10E62000A70D13154B005E95EFF09FC30589931757
:10E63000450003C544003D995D8D2382A400050B70
:10E64000E3149BFD85472380FA00238AF196F5BDEC
:10E65000014B856B938C4BA30D47A29CA94D930452
:10E660003B0A93974400A29783D74700BD8B639DD5
:10E67000E706131C4B00330D9C016A85EFF05FBE6B
:10E680000D473DC1229CE29B03C72BA49307500A70
:10E690006317F70083C71BA409476374F700934708
:10E6A0001A00B1C783A6C9AEFD173337F000054C79
:10E6B000E384E6F49204A29403C7C40093B717005E
:10E6C00003ABC400799BD98F2386F4006A85EFF0F1
:10E6D000DFCB83C7C400137B1B00F99BB3E7670143
:10E6E0002386F40011F925A2050BE31ABBF7054CAC
:10E6F00021B7E3060CF413F7C700E312B7F5BD9B8F
:10E700002382F4002DBFEF504FAEE30005E803C7AE
:10E710004B00839609AF418B05C7B30769013307E7
:10E7200049018397070003170700998FE3CFD7E4C8
:10E730009204A29483C74400BD9B2382F400B1B528
:10E740003307690103170700E351D7E46E8536C626
:10E75000EFF0BFC3B24619C503C74B0013670701EB
:10E760002382EB0093974400A29783C74700C18B95
:10E77000E38D07E05DB7EF504FA7E30805E003C75F
:10E780004B00839609AF418B09CFB307690133076B
:10E7900049018397070003170700BA97E3DAF6F8F1
:10E7A000EDB33307690103170700E3D0E6DE6E859A
:10E7B00036C6EFF09FBDB24619C503C74B001367BD
:10E7C00007012382EB0093974400A29783C7470079
:10E7D000C18BE38C07DA55BFE39C0BE6B9C803A7EE
:10E7E000C9AE85476307F7049C44268513F91700D3
:10E7F00083C78400F99B2384F400EFF01FB983C71B
:10E800008400F99BB3E727012384F4001DE1B6409F
:10E81000264496440649F259625AD25A425BB25B88
:10E82000225C925C025DF24D61618280014BE39259
:10E830000BE2814629469387360A9207A297D8436E
:10E84000720775876357E00003C747003D9B23822B
:10E85000E7008506E391C6FE85472380FA00238AF8
:10E86000019675B782803746002001471306C6A877
:10E87000A9459307370A9207B29783C64700050751
:10E88000BD9A2382D700E316B7FEA38A0196238A96
:10E8900001968280011106CE22CC26CA4AC84EC6F5
:10E8A00052C456C2EF908FE8B367B500ADC3B754FA
:10E8B00000209384C4A803A484AD37F63600130661
:10E8C00006E83309A400333489002E9481464A8532
:10E8D000A285EF00B26B37F636002A8AAE8913069E
:10E8E00006E881464A85A285EF10C22323ACA4AC7A
:10E8F00003A544AD9347F5FF6394090063F547050D
:10E90000B75700207D579387C7A823AAE7AC3D21BE
:10E9100015C1375700201307C7A8832707AE83A662
:10E92000019799C363F5F602B75700209387C7A8EC
:10E9300023A0D7AEF2406244D2444249B249224AAF
:10E94000924A05618280529523AAA4ACC9B7B387C5
:10E95000F64013067025E37FF6FC6244F240D24491
:10E960004249B249224A924A2320D7AE0145056165
:10E970006F80CFEA011122CC3754002006CE130459
:10E98000C4A8EF90CFDB232A04AC232C04AC7D2653
:10E9900009C583A701972320F4AEEF501FF609E5C0
:10E9A0002AC6EFB0BFB03245F240624405618280B2
:10E9B0009377350099EF130740063377E5028547D3
:10E9C00019E7930700193375F502933715003E8553
:10E9D00082808147EDBF41119387F5FF22C406C6AF
:10E9E00093F7F70F2D4701446362F702B70703005F
:10E9F00093870761AE9703C4F7FF89476398F500D3
:10EA0000EFF01FFB01C505041374F40F2285B2401B
:10EA1000224441018280F9C937070080134787D714
:10EA200081476366A70C011122CC556413040418B6
:10EA30004AC83359850226CA4EC606CEAE8493090B
:10EA4000207B337485024E85EFF09FF6B337A0002C
:10EA50009387D7166369F9008509C2093309F9401C
:10EA600093D90901CDB7B706030085472D46938694
:10EA7000066189451387F7FF1377F70F6361E60691
:10EA80003387F6000347F7FF6396B70001C5050714
:10EA90001377F70F6376E9040565130505E1238114
:10EAA000F400B357A4020509A38124012390340183
:10EAB0003374A4021305C0032382F400B357A402E5
:10EAC0003374A402A382F40085473E852383840027
:10EAD000F2406244D2444249B24905618280014712
:10EAE00085073309E94093F7F70F69B781473E85FA
:10EAF00082808147630F0510638D051079715EC6B2
:10EB0000835B050006D622D41387EB84420726D206
:10EB10004AD04ECE52CC56CA5AC862C441839306DC
:10EB2000400463E2E60C034C2500AD461307FCFFEE
:10EB30001377F70F63E9E60A834445005D47636492
:10EB4000970A034A55001307B003636E47098349C8
:10EB50006500636A3709834A350063860A082E898F
:10EB60005E85E285EFF03FE78147636E550713044A
:10EB7000D01633848B023707F5FF9387FBFF13070B
:10EB80009755054B3A9413D727003A941307001969
:10EB900033D7E7023A9413074006B3D7E7021D8C38
:10EBA00063106C07FD1A1967569413077711814794
:10EBB000636B87028567938707E1B387F402930449
:10EBC000C003D56A938A0A18330A9A02330454039D
:10EBD000D297CE973E94B707008093C797D723204C
:10EBE0008900B337F400B250225492540259F249CA
:10EBF000624AD24A424BB24B224C3E8545618280EA
:10EC0000DA855E85EFF03FDD050B2A94137BFB0F61
:10EC100041BF3E858280797122D4930761012A84A5
:10EC200058089306210110089305E100680006D6F4
:10EC3000EF10B01C8357C100A2852808231CF100E7
:10EC40008357E100230DF10083570101A30DF1006B
:10EC500083572101230EF10083574101A30EF100D8
:10EC600083576101230FF100EFF0BFE8B250225447
:10EC700045618280411106C6B7170040A381070491
:10EC8000EF10105AB240054541016F10B052B7372E
:10EC90004F9C9387073037374F1CAA971307870776
:10ECA0006366F70401112C0022CC06CE2A84EFF013
:10ECB0009FD61DC14800EFF01FF619CD9247636142
:10ECC000F402B307F44063C9070023A2F19823A814
:10ECD000819605472380E198F24062440561828075
:10ECE000818FE3CB07FEB307F040C5B782804111A7
:10ECF00022C426C206C68544138401986307950280
:10ED0000B7374F9C9387073037374F1CAE971307A1
:10ED10008707636CF7002E85EFF07FF723009400E0
:10ED2000B240224492444101828037C5556913059F
:10ED30000590EFF0DFF523000400DDB703C501986F
:10ED400082800111680006CEEFF0FFEC11E503A50B
:10ED50000197F2400561828003A54198B24763485C
:10ED600005001347F5FFE364F7FE3E95DDB7330773
:10ED7000A040E3FCE7FEE1BF797122D426D206D69B
:10ED80002E84AA8432C636C43AC23EC0EFF07FFB5E
:10ED90002C08EFF05FC821C582471247A2463246D1
:10EDA00089C4835581012390B40009C48345A1011E
:10EDB0002310B40009C68345B1012310B60089C6EB
:10EDC0000346C1012390C60009C78346D101231021
:10EDD000D700054589C70347E1012390E700B250FA
:10EDE00022549254456182809387E19703C70700BC
:10EDF0001377F70F05CF411106C623800700EF6098
:10EE00006FE319C5EF006076B24041016F809FE764
:10EE1000B74700209387C7A805673E978346C7B0CA
:10EE2000F99A2306D7B0054798C7F9BF8280938720
:10EE3000C19703C707001377F70F0DC3411106C62B
:10EE400023800700EF900FCFEF90CFC6B717004099
:10EE5000A3810704B24041016F901FC18280938754
:10EE6000D19703C707001377F70F2DCB011106CEFB
:10EE700022CC23800700EFF0DFEC23A8A196EF80DF
:10EE8000EF9CEF401FB8EFF02FE20545EFF09FA099
:10EE900083C701981384F19799E723000400F24097
:10EEA0006244056182809307E10078009306A10027
:10EEB0003000930561004800EFF01FEC79DD034757
:10EEC00004008357810001E72300F400C9BFE30871
:10EED000F7FCEFF05F9983578100FDB7828083478D
:10EEE000150003470500A2075D8F834725000345F2
:10EEF0003500C207D98F62055D8D828023A4019AF7
:10EF00002396019A2390019AA381019A2381019A61
:10EF1000828003C7419A9387419A05071377F70FB9
:10EF200011C72380E70003C5070082800547D5BFCE
:10EF3000411106C6EFA06FC193771520054599E7EB
:10EF400003D5C19A1335250313451500B24041017D
:10EF500082802E8621C1B74700209387C7A803D798
:10EF600027006309A70283A6819703C7E701856786
:10EF7000938787BB3307F702B7C70200938707F26F
:10EF80006373F7003E87AA85376500201305C5E146
:10EF90006FF00F9F7D558280411122C437440020BD
:10EFA0009307C4A803C5470026C206C6EF80CFABAF
:10EFB00003C721999307C4A885463754002093843A
:10EFC00021991304C4A86315D7028346C4B0858A67
:10EFD00085E2944F639EA60003C63199834684B0B0
:10EFE0006318D60003C61199834694B0630ED60009
:10EFF000834694B0034684B0D94588CFEFA0EFD7BD
:10F0000011C9238004000147B240224492443A854A
:10F0100041018280034784B085472380F400A3899F
:10F02000E198034794B0A388E19883A5819713855D
:10F030004199EFA09F840547C1BF411122C43744C5
:10F0400000204AC01309C4A80345490026C206C6C9
:10F05000EF80AFA383C621999307C4A8094737540B
:10F060000020938421991304C4A86397E602034700
:10F07000C4B0058B15E303278901631FA70083C66E
:10F0800031990347A4B06399E60003C611998346FA
:10F09000B4B00547630ED6008346B4B00346A4B0AF
:10F0A000D94588CFEFA06FCD19C92380040001474F
:10F0B000B2402244924402493A854101828003478A
:10F0C000A4B089472380F400A389E1980347B4B032
:10F0D000A388E19883A5819713854199EFA0EFF963
:10F0E0000547F9B7B747002003D6E7A8357106CF23
:10F0F00032C42AC6EFF0FFE132482246B76700204B
:10F10000C1662A879387C7D9FD1685450808EF8011
:10F110002FB501E9EFA06FDFEFF05FDEFA400D6180
:10F1200082801D47AA8523A4E19A08082396019AA4
:10F13000EFA02FD8E5B7C94763EAA7000145828051
:10F140000145B2402244924441018280411122C4CF
:10F150002E84AA853765002026C29304C5D91305DD
:10F16000C5D906C6EF804F8C61DD03C704009D47FB
:10F17000E318F7FC03C5940083C78400420422050A
:10F180005D8D420541854184018D1335150055BFC4
:10F19000411126C2B764002022C41384C4D9894710
:10F1A000A300A4002311B4001385C4D9914506C659
:10F1B0002300F400EF804F842302A4002244194767
:10F1C00023A4E19AB2401385C4D992442396019AAC
:10F1D000954541016FA0EFCD7971B747002022D44A
:10F1E0001384C7A826D24AD04ECE52CC56CA5AC88B
:10F1F000835A240006D62A89AE89328AEF80BFD28C
:10F200008567A297AA8403D587AF039B07AF3754BE
:10F210000020930705FFC207C18341471304C4A818
:10F220006377F706231201002C005A85EF800F8ABE
:10F2300019E1231401008327C4AE03C7C40093B7A8
:10F2400017002303F100834744AFA2072315F10001
:10F250008347C4AFA2072316F100814719C383D7A0
:10F2600024002317F100EFA0EFC95C005287AA86A3
:10F270005686CE854A85EF80CF8CB2502254925468
:10F280000259F249624AD24A424B45618280A947FB
:10F290003305F5024C0042054185EF802F8359D19B
:10F2A00061B709ED1305F00F82801305F00FF240EE
:10F2B0006244D2444249B249056182809547E3F3F2
:10F2C000B7FE011122CC26CA4EC606CE4AC8AA8471
:10F2D000B2892E84EF705FF569D903C70400B54782
:10F2E000E315F7FC3749002083C634001306C9A88C
:10F2F00083C724000356C601139786005D8F130948
:10F30000C9A86306E600E38209FAD58FD9FF83C74F
:10F31000540083C6440003572900A207D58FE31683
:10F32000F7F883C7140005476390E704C947E31E55
:10F33000F4F603C4840083C7740083C96400220404
:10F340005D8C13859400EFF09FB9AD1993F7F90F19
:10F350001947AA84636EF702370703008A07130769
:10F36000C761BA979C4382870D47E390E7F4D9477A
:10F37000E31DF4F203C4C40083C7B40083C9A4002E
:10F3800022045D8C1385D4007DBF9304100811C442
:10F39000094531BF9304000865FC2685EF90CFAA8C
:10F3A00065D92685EF900FC92DCD93F7F90F114739
:10F3B000E360F7FE37070300130787638A07BA97EE
:10F3C0009843B75700209387C7A8028771F0930727
:10F3D00005FF3D47E36EF7FA1314050141809304DE
:10F3E000050365BF91479304140AE3F887FA4DB704
:10F3F0008D4793041405E3F287FA59BF51F8C167AA
:10F400001307F5FFF517E3E5E7F883270902C9F3CA
:10F410000347490293071005E3ECE7F6EF908FD816
:10F4200019E1054569B58567231399023E9983471C
:10F43000C9B013052003ED9B2306F9B0EF701FBE82
:10F440000145B5B531F429F5EFF0CFD23335A00041
:10F45000B9BD03A7C7AE11CF03D747AEC166FD162E
:10F460006305D70005072392E7AE03A70197232A78
:10F47000E90023A607AE83A701972328F900130507
:10F480002003EF70BFB9EFB06F825DBF83A6C7AE38
:10F490000547638FE60003D747AEC166FD166305D7
:10F4A000D70005072392E7AE03A70197232AE900B7
:10F4B000054723A6E7AEE1B7239C87AEC9B723AAC9
:10F4C00087AE75BF23AE87AE5DBF828011CD41117F
:10F4D00022C406C63304B500EF701FD22300A40077
:10F4E000B24022444101828082802DCD411106C666
:10F4F0008548AA872E873288639D150309E6B240A6
:10F5000041016FF07FCDB746002083D6E6A80946BB
:10F510002300C500A380B7002301D500A182A381E9
:10F52000D7009145EFF09FFA9546B24036854101EC
:10F5300082800D468146E39AC5FEB746002083D6F9
:10F54000E6A813F6F60FA182630A08008945230096
:10F55000B500A380E7002381C700D1B723001501C0
:10F560002147C5BF8146368582805571CAC1138740
:10F57000C1981C43A2C5A6C34EDF52DD56DB8507EA
:10F580003744002086C75AD95ED762D566D31CC3DC
:10F590001307C4A88356270003D7E199B754002066
:10F5A000A30F01001389C1981304C4A8938AE19999
:10F5B000138A41819384C4A893896181639EE60084
:10F5C0000357440083570A006318F70003C754B079
:10F5D00083C709006300F706EFF05F9237650020EC
:10F5E00091451305C5E1EFE09FB323880198835748
:10F5F0002400138541992390FA0083574400231077
:10F60000FA0083C754B02380F9002389019883A5A9
:10F610008197EFA06F9D85471CC483C6C1991307CE
:10F62000A0289387C19991E201472320E90005476B
:10F630002380E70083C7C4B0858BADC3EFF01F8C78
:10F640002389019883A5819785471CC41385419917
:10F65000EFA02F9A05C503C754B08947631DF70271
:10F66000EFF0BF9D133515009307A028630C0536F6
:10F6700083A5819713854199EFA0EF9CBE402E444E
:10F680009E440E49FA596A5ADA5A4A5BBA5B2A5CB6
:10F690009A5C69618280EFF03F90E9B703C754B08C
:10F6A0008547138A819A6307F70083270A0099C365
:10F6B000EFF0DF8483270A00A5E31C440547639E1F
:10F6C000E72283552400C54793066009B387F502F6
:10F6D00003270900B3F7D7029387471FE360F7FAC0
:10F6E00003C754B08947B7690020631FF71E03D6CC
:10F6F00064B01385C9D9EF70DFD1A30FA100EFF07B
:10F70000DF938345F1011385C9D9EF909FFA8947AB
:10F710001CC4232009009DB79386C19A03D7060015
:10F72000FD179384C19A05072390E6001947636883
:10F73000F71A370703008A071307C764BA979C4371
:10F740008287EFF0EFFE1DD9EF903FFC8947232021
:10F75000FA00239004001DB7B76900201385C9D9AA
:10F760009305F101EF909FFF0345F1012DC513892A
:10F77000019A83550900EFF01F9C31CD835A09008F
:10F78000EF905FF89375F50F5685EFF08FFC0356F9
:10F7900024008356090032C636C4EFF08FF70348C1
:10F7A000F101A24632462A879387C9D985450810B8
:10F7B000EF701FCB01E9EFF05F88EF901FF5EFF0DE
:10F7C000EFF36DBD2AC4EFF05F87A2450810EF90FC
:10F7D0005FEE8D47ADBF03D704009307900FE3FFA3
:10F7E000E7E8D1BFEFF0CFF4E30A05E8F9B7EFF0AF
:10F7F0002FF4E30505E8EF905FF1954789BF37697E
:10F8000000209305F1011305C9D9EF903FF5834717
:10F81000F1019309C9D9D1CB03D7019A83562400AA
:10F820001C1009469305F1011305C9D9EF703FCCAF
:10F83000938A019A3DC90347010283C7219A63163F
:10F84000F7068345F1011305C9D9EF70FF9D31CD4E
:10F850000347F1018D47014463F6E70203C709003E
:10F86000B94763E9E700916793876702B3D7E70079
:10F87000858B99E3014439A003C4390083C729006B
:10F8800022045D8C83D70A0063918702EF909FE783
:10F890009375F50F2285EFF0CFEB8345F10113054A
:10F8A000C9D9EF901FE199475DB503D704009307CD
:10F8B0001003E3F5E7DC03C7319A83D7019A894641
:10F8C00091452380D900A380E9002391F900130515
:10F8D000C9D9EF707F922382A9009545C9B7EFF08F
:10F8E000EFE1EF909FE259BB1385C9D9EF70BFAE2E
:10F8F000A30FA100EFF04FEA29B5894A6396570399
:10F90000EF90BFA49377150089C7EF901FE08D4754
:10F9100001B51375052019E5032709009307200396
:10F92000E3FEE7D48547EDB30D476395E70EB7696E
:10F9300000209305F1011385C9D9EF903FE2834779
:10F94000F1019DC383C754B063905703035724004C
:10F9500083D664B09387019905469305F101138519
:10F96000C9D9EF70DFB835DD0345F10151C58355C5
:10F970002400EFF04FFC49C19389C9D983C7F9002E
:10F98000376700209306B0031307C7D963EFF60467
:10F990009307C00383C654B0230FF4008947639CC8
:10F9A000F6008346E4019307900563E6D7009307CA
:10F9B000A005230FF4008347770003476700A207E1
:10F9C000D98F231EF400EFF04FE7EF901FD491473B
:10F9D0001CC48347E4011307803EB387E702514705
:10F9E000B3D7E7022320F90051B99306400BE3F3A4
:10F9F000F6FA930740FB79BF83C654B009479307D3
:10FA0000A00F6384E6009307400603270900E3671D
:10FA1000F7C609BF1147639AE72AB7690020930523
:10FA2000F1011385C9D9EF907FD38347F101638B2F
:10FA3000072683C754B0639157030357240083D626
:10FA400064B09387019905469305F1011385C9D9DF
:10FA5000EF70FFA9E30705E88345F1011385C9D9D4
:10FA6000376B0020EF704FFC938AC9D9130BCBD9A9
:10FA7000E30905E683CC54B0854703CC0A0083CB69
:10FA80001A006392FC088345F101994763FDB706AC
:10FA90009547631AFC061385C9D9EF70EFF825C5A1
:10FAA00083C71A006391970783C75A0083C64A0029
:10FAB00003572400A207D58FE395E7E203C43A0079
:10FAC00003C72A002204598CE30D04E0E30BF4E0A1
:10FAD000EF905FC39375F50F2285EFF08FC7E34278
:10FAE00005E0A28508102390819AEF70DF8EEFF079
:10FAF000AFCA95450810EF90DFBB85472320FA0079
:10FB00002396019AA5BE8345F1018D4763FCB7009A
:10FB100083473B0003472B00A207D98F0357C4013B
:10FB2000E391E7DCAD476311FC04A14763F4B7023E
:10FB300013054B00EFF0AFBA03A701979306370008
:10FB400063E6A6009306350063F6E60023A8A196B7
:10FB5000EFF0EF9303C754B08547E314F7D803459C
:10FB6000F101EFF02FD819BEBD476319FC0003C7A0
:10FB700054B08547E317F7D62E85E5B7B54763112F
:10FB8000FC12954763FEB710834A5B0083474B0026
:10FB9000A20AB3EAFA00835724006398570793F741
:10FBA000DB0F054701466396E7041385C9D9EFF0DB
:10FBB0004FEF2A86DE851385C9D9EFF01F9303C75F
:10FBC00054B08947631DF70203C701998356240087
:10FBD00003D664B02A8889459387C9D90810EF7085
:10FBE0003F88AA85081099ED83A701975CC49547C3
:10FBF00005B6DE851385C9D9EFF00FDEC9B7AA8532
:10FC00001385C9D9EF90FFAAC5B703C754B085477C
:10FC1000E319F7CCB7640020D6851385C4E1EFE083
:10FC20002FD3E34005CC8346E40103A68197856783
:10FC3000938787BBB386F602B7C70200938707F2A4
:10FC400063F3F600BE869375F50F1385C4E1EFE00C
:10FC50008FDE11E5D6855E85EFF08FD305B40348BE
:10FC6000F1012390519B42C4A381719BEFF06FAAD5
:10FC70002248035624002381A19A2A878545938729
:10FC8000C9D9D6860810EF70AFFDAA8561D5914716
:10FC90002320FA0008102396019AEF909FA1F9BA49
:10FCA000EF90BFA68347E4010567130787BBB387BF
:10FCB000E702514783260900B3D7E702E3E0F69C49
:10FCC00085471CC49307C05D31BB1547E398E79A8D
:10FCD000EF90AFE7058919E5032709009307200393
:10FCE000E3FEE79891471CC423200900DDBE4111C3
:10FCF00022C426C206C603C7050089471384019B98
:10FD000085446312F704D841A94483471700034789
:10FD10000700A207D98FC207C187130710EE6394AB
:10FD2000E7029307700FB54463EFD70037670020F1
:10FD30002300D4008147130747E793950701C1814A
:10FD400063E9D50281440346040011CE83A7419B99
:10FD500099CBDC4389CBB7650020938545E7014506
:10FD6000829723000400B240224426859244410138
:10FD70008280B305F60003C50500B305F7008507CB
:10FD80002380A5005DBF03C7050089476317F706F9
:10FD9000D8418347170003470700A207D98FC2073E
:10FDA000C187130710EE6396E704411122C4138440
:10FDB000F19A32850346040006C62390060011E638
:10FDC000B2402244014541018280B7650020239062
:10FDD000C600938505E69710FF1FE780609B83A709
:10FDE000419B23000400E9DF9C43F9DB0145829736
:10FDF000C1BF239006002945828023900600054557
:10FE00008280058909CDB7260020372500209386FA
:10FE1000062F414691451305052B6F80604C014527
:10FE2000828009C523AAA19A014582804545828026
:10FE300051476362C702376500204111130505E68B
:10FE400006C6A387C19A9710FF1FE7806094B2404F
:10FE50000145410182801305E00F8280CC414111B0
:10FE600006C6328503C6150083C5050022064D8EE1
:10FE700042068D654186138875A2630C060F6348A0
:10FE8000C804138845A26306060B634AC80093851D
:10FE900035A26309B60623900600294679A0138887
:10FEA00055A26308060B938565A2E316B6FEC1450D
:10FEB0001D4663ECE5064546198E63F3C7003E8692
:10FEC000B70503002390C6009385856789A813882A
:10FED00095A26300060F634E060B1388A5A2630A62
:10FEE000060F938505A5E318B6FA99451D4663EEFE
:10FEF000E502198E63F3C7003E862390C600938502
:10FF0000018231A89D451D4663E1E5022146198E17
:10FF100063F3C7003E862390C6009385819BBA9504
:10FF20009710FF1FE780C0860146B240328541012D
:10FF30008280AD451D46E3EAE5FE3146198E63F346
:10FF4000C7003E86B70503002390C6009385456B26
:10FF5000F9B7B1451D46E3EAE5FC3546198E63F372
:10FF6000C7003E86B70503002390C6009385456C05
:10FF70007DB7C1451D46E3EAE5FA4546198E63F3B0
:10FF8000C7003E86B70503002390C6009385C56869
:10FF900079B7C1451D46E3EAE5F84546198E63F396
:10FFA000C7003E86B70503002390C6009385456DC4
:10FFB000BDB7C1451D46E3EAE5F64546198E63F334
:10FFC000C7003E86B70503002390C6009385056AE7
:10FFD000B9B7B5451D46E3EAE5F43946198E63F332
:10FFE000C7003E86B70503002390C600938585664B
:10FFF0003DB7B7260020372500209386864341462B
:020000040001F9
:10000000CD45130585306F80A02D83C7850093F7FC
:100010000702E1E303CE050009432E888547631BF1
:100020006E0A03A34500411122C426C206C68347B7
:100030001300034303003284A207B3E76700416360
:10004000130E13FEB6846381C7030913638A670422
:100050000D681308289063870707A947B240224418
:1000600092443E8541018280AD476DFB13078007B6
:10007000B547E365D7FE0325C80013068007A285B0
:100080009700FF1FE780C070014503A7C19C81470F
:1000900071D7184361D72686A285029781477DBF15
:1000A000AD474DFF13078007B547E369D7FA03252E
:1000B000C80013068007A2859700FF1FE780406DE8
:1000C0000545E1B72244B2409244854741016F6043
:1000D000E064A1473E8582802D4525EF03C70500DA
:1000E00089476314F706D841834717000347070081
:1000F000A207D98FC207C18705576394E70441114E
:1001000022C426C24AC006C632893684AE84EFD0E5
:100110003FF1930780072A8663F4A7001306800740
:100120002310C400CC4442064A8541829700FF1F39
:10013000E7800066B24022449244024901454101F1
:100140008280239006002945828023900600054581
:1001500082808280C167F9176306F504411122C4C9
:1001600006C685472A846394F50222859385019CFF
:10017000EF80E02122859385419CEF8040212285FC
:100180002244B2409385819C41016F804020894781
:100190006396F5008545EFA0405461D9B2402244F2
:1001A000410182808280411126C2C16422C49385AC
:1001B000019C2A841385F4FF06C6EF80401D9385B9
:1001C000419C1385F4FFEF80801C9385819C1385EF
:1001D000F4FFEF80C01B37050100130545150588A6
:1001E000EFA0E0460DC02244B2409244B726002062
:1001F00037250020938646514146B54513054544B1
:1002000041016F80E00DB24022449244014541011A
:10021000828009C523A6A19C014582804545828034
:10022000411106C60547AE87B2856305E50201C9DF
:100230000947630DE5020945B240410182803765F7
:1002400000203E861305C5F69700FF1FE780405447
:100250000145DDB7130780076145E39FE7FC37657C
:10026000002013068007130545FEF9BF130780071A
:100270006145E393E7FC376500201306800713050B
:10028000C505D9B7411122C426C206C68547AA842E
:1002900032846387F50491C989476389F504B240C4
:1002A000224492444945410182809385019CEF603C
:1002B000A0418947058965D513974700B7270020D6
:1002C00093874744BA9783D7A700A285B2402310EB
:1002D000F400224426859244014641016F70A01B20
:1002E0009385419CEF60403E9947E9B79385819C97
:1002F000EF60803DA9477DBFB7170040854603C822
:10030000870583C89705238CD70403C797051378FF
:10031000F80F93F8F80F13678700A38CE70403C75F
:1003200097051377B70FA38CE704238DD7043717EE
:1003300000408347A7051306A705858BFDFB0565D0
:100340004147B7150040054E1303F5FF2300C601D2
:1003500083460600858AEDFE83D6C5057D174207D4
:1003600093C6F6FFB3F666004183B69765F3A1071F
:100370009183130505801D8DA38C15054205238CE3
:10038000050541858280B717004003C777051A0528
:1003900092054D8D1377E70F13653500A38BE704A6
:1003A0001375F50FA38CA7048280B717004003C70D
:1003B00077051377E70FA38BE704130700F8A38DE6
:1003C000E7043D47238CE70413075003A38CE7049D
:1003D00082800547B7170040238DE7043717004098
:1003E0008347A705858BEDFF0355C705520551814E
:1003F000828041112A83014E930E407E130F001913
:10040000930F400663E76E14930800191303400628
:10041000B3781503854E0D4FA14F337365020D89D7
:100420001335150063E1BE161308F6FF794672987E
:100430004208135808013307C70213D61700BE0736
:1004400032976146B3F6C60213068070B386C602C1
:100450003697A166F58F42075D8FB716004083C7B8
:10046000F60293F70708A307F1000346F10083C7DC
:10047000F60293F70708E394C7FE8347F100B71627
:10048000004093F7F70F638A0714F3260080A18AD0
:10049000639B06140F100000B7160040130670058A
:1004A0002380C604130680FA2380C6040F100000C0
:1004B00023AA060303C6160313660608A388C6020A
:1004C000238006047326008083A6019DA18AD18E15
:1004D0007390068023A8019C0F1000001166B715C9
:1004E00000407D16D459C85DA98EF18EE5FEF32635
:1004F0000080A18A91CAF326008023A8D19C83A6FC
:10050000019DDD9A739006800F100000B716004021
:10051000130670052380C604130680FA2380C604E0
:100520000F100000D8DA03C7160313670704A38867
:10053000E60223800604F326008003A7019D218B99
:10054000558F7310078023A8019C0F1000004101F4
:1005500082807D133368E3039308E016630E08007E
:100560003368F3039308D0166308080093783300C8
:1005700093B818009388D81633081E01131E08017B
:10058000135E0E0141B56393E503054863860800D9
:100590000148630303002A8871087298FD15131E31
:1005A0000801C205135E0E01C181ADBD13F815002F
:1005B00063F4BF007908D5B713381800E5BF83C7C7
:1005C000F60293F70708A307F1000346F10083C77B
:1005D000F60293F70708E394C7FE8347F10093F709
:1005E000F70FF1DF5DB5F326008023A8D19C83A629
:1005F000019DDD9A7390068071BDB718004003A875
:10060000C80303D3A80383D888034111060393D8F2
:10061000F8004A08B30E13019308407E22C626C490
:100620004AC21358280123101501930F0019930291
:10063000D01693034006130FC01603530500B3787A
:10064000F30363800810B378730263810810937812
:10065000330013BE1800130EDE166350C809239032
:10066000050005449944F94FF54213090019930315
:10067000400683D80500138F18006394880A03533B
:100680000500337E2303630C0E08B3787302638680
:1006900008009378330063840808F148635C180508
:1006A0002390E5010508231006010566130606E1FF
:1006B000B3D5CE023244A244124933F6CE0223907F
:1006C000B6009306C0033356D602B3F6DE022310FB
:1006D000C7002390D7004101828093B81800938807
:1006E000D81633081841420805031358080123108F
:1006F0006500A1B78548630B0E00337E7302814805
:1007000063060E009378330093B81800F10833089D
:1007100018414208135808012390E50199BFF54894
:10072000B5BF13F3180063F8140163180300E3D98D
:1007300002F7F948E9BFE31C03FEE3D30FF7FD48D6
:10074000F9B7E3DE02F19308E01661BFE3590FF158
:100750009308D01679B70D06719A81473307F500D3
:100760006393C700828014433387F500910714C355
:10077000F5B7914763EDB702B70703009387876E1C
:100780008A05BE959C418287B717004003A7470B97
:100790001345F5FF698F23AAE70A03A7070B698FA3
:1007A00023A8E70A03A7070A798D23A0A70A828056
:1007B000B717004083A6470B1347F5FFF98E23AA0E
:1007C000D70A83A6070B558D23A8A70A83A6070A75
:1007D000758F23A0E70A8280B717004003A7470B55
:1007E000498F23AAE70A03A7070B1345F5FF45BF67
:1007F000B717004083A6470B1347F5FF758F23AA51
:10080000E70A03A7070A598D4DB7B717004003A79A
:10081000470B498FEDB7914763EDB702B707030068
:100820009387C76F8A05BE959C418287B7170040A2
:1008300003A7470D1345F5FF698F23AAE70C03A70C
:10084000070D698F23A8E70C03A7070C798D23A058
:10085000A70C8280B717004083A6470D1347F5FF0A
:10086000F98E23AAD70C83A6070D558D23A8A70CB4
:1008700083A6070C758F23A0E70C8280B717004072
:1008800003A7470D498F23AAE70C03A7070D1345BC
:10089000F5FF45BFB717004083A6470D1347F5FF87
:1008A000758F23AAE70C03A7070C598D4DB7B7170F
:1008B000004003A7470D498FEDB7B717004003D796
:1008C000870109C5D98D239CB700828093C5F5FFA8
:1008D000F98DD5BFB74700401147A381E7400947CD
:1008E0002380E740130700062380E74003C7174033
:1008F00013670701A380E7408280B747004003C722
:1009000007401377F70E2380E7402382A74037473D
:1009100000408347674093F70704E5DF8280B747CD
:10092000004003C70740136707012380E7407D5756
:100930002382E740374700408347674093F7070427
:10094000E5DF034547408280B717004003D58700A5
:10095000420541819377050491EB9377F501375573
:10096000E801130505803345F50282809377050C75
:10097000130700046397E7009377F50137459C1C44
:10098000CDB72165130505D0828037E700E01C4311
:100990005443A183E206D58F1CC1FD572320F718CD
:1009A0002322F7180F1000008280B7F700E0884775
:1009B000CC478280B717004083C7670493F7F70FCF
:1009C00093E6270019E193F6D70F73270080218B58
:1009D0009387019D01CB7327008098C398435D9B4B
:1009E000731007800F1000003717004013067005C2
:1009F0002300C704130680FA2300C7040F10000069
:100A00002303D70423000704F32600809843218B97
:100A1000558F7310078023A007000F1000008280FD
:100A200073270080218B9387019D01CB7327008062
:100A300098C398435D9B731007800F100000371711
:100A40000040930670052300D704930680FA230024
:100A5000D7040F1000008346670493E606012303C2
:100A6000D70423000704F32600809843218B558F79
:100A70007310078023A007000F1000008280B727A3
:100A80000040C8C709472380E70011472380E700DB
:100A90008280411122C406C62A84EFF0FFEA29476A
:100AA000B307E502B2408D83B3D78702224495078E
:100AB000B3D7E70237370040C207C1832316F700D8
:100AC00041018280B7370040130700F8A380E70098
:100AD0008280411122C406C62A84EFF0FFE629472E
:100AE000B307E502B2408D83B3D78702224495074E
:100AF000B3D7E70237370040C207C1832316F74058
:100B000041018280716541111305052006C6EFF091
:100B10005FFCB7370040130770F82381E7400D47AB
:100B2000A381E74013070004A380E740054723871C
:100B3000E740B24041018280B737004003C7174009
:100B400019C9D98DA380B74003C707401367870031
:100B50002380E740828093C5F5FFF98DA380B740DD
:100B60008280B7370040130700F8A380E7408280F7
:100B7000411122C406C62A84EFF01FDD2947B307BE
:100B8000E502B2408D83B3D7870222449507B3D7DD
:100B9000E70237470040C207C1832316F7C041016F
:100BA0008280396541111305051006C6EFF05FFC20
:100BB000B7470040130770F82381E7C00D47A381B2
:100BC000E7C013070004A380E7C005472387E7C0F9
:100BD000B24041018280B747004003C717C019C91E
:100BE000D98DA380B7C003C707C0136787002380D0
:100BF000E7C0828093C5F5FFF98DA380B7C08280DE
:100C000023AC05FE1C4191E7010001000CC182806C
:100C1000BA8703A787FF6DFF23ACB7FE82801DC193
:100C20008346E5FF1307F00F9147639EE6004111ED
:100C300006C69710FF1FE780409BB24081473E8564
:100C40004101828095473E85828001E9014582808D
:100C50000145B2402244410182809565411193854E
:100C600005D022C4C98D2A842105C2054205C1814F
:100C7000418106C69710FF1FE780C08A71D9FD57D2
:100C800023200500231285002303F5002105D1B799
:100C90001387419D1C43411122C426C24AC006C687
:100CA00001440149BA8489E7A16571250DC401A8F1
:100CB00003C7E7FF6318A7021DC8A165FD2498407C
:100CC000832784FF6317E40223AAF19CFD57232C9A
:100CD00004FE230FF4FE2285B240224492440249CE
:100CE0004101828011E03E8983A787FF6DBF3E846A
:100CF000E5BF232CF9FED9BFB9CD411122C406C6E8
:100D00002A849757FF1F83C7F7402E856375F40029
:100D1000894763E98700EFF09FF00D45B240224418
:100D20004101828083A785FF99E703C7E5FF930709
:100D3000F00F6306F700EFF09FEE1545C5B7238F60
:100D400085FE1385419DEFF0BFEB22852244B24022
:100D5000A165410199AC1545828023AA019C82803E
:100D60009387C19E9C4399E33E85828003D72700E9
:100D70006316B70003C70700E308A7FEDC47E5B723
:100D8000BDCD797122D406D626D24AD04ECE0144AA
:100D90004147B3D78540858BB1CF120531472295A6
:100DA0003305E5029387C19D03A907008544B394E9
:100DB0008400C204C180BE892A990327090011C793
:100DC000032549002EC60297B24531473304E40299
:100DD00083A709003E941C4489E7232009002322AD
:100DE0000900B2502254A58D02599254F2492E8521
:100DF000456182800504E31EE4F88144DDB72E8559
:100E0000828041111397050122C406C626C24AC03A
:100E100041872E8463500702EFF09FE719C1EFF07E
:100E20001FE0A1673D8C2285B240224492440249D2
:100E300041018280EDD9AA8701474146B356E4407B
:100E4000858A9DCA9207BA97B146B387D70293861F
:100E5000C19D03A906008544B394E400C204C18087
:100E60003E99832709000325490082972320090022
:100E700023220900258C45BF0507E311C7FC8144E7
:100E8000D5BF9757FF1F938727259C53411122C435
:100E900006C61384018399C782971C403E9523A8F8
:100EA000A18229A09387419E9C43FDF70840B74744
:100EB00003009387D73F3305F502B7A72600938732
:100EC00037ECB24022443E9523A8A18241018280A2
:100ED00079C99387419E9C43797122D426D24AD006
:100EE0004ECE52CC56CA5AC806D65EC63A8AB68983
:100EF000328BAE8A2A8982979387C19D9843BE849C
:100F00000144B146C147B30BD40233067701104206
:100F100051E6C165938505F041459700FF1FE780C5
:100F200060601DE59757FF1F9387071B9C5B2D454E
:100F300089C71145814582972D45B250225492545C
:100F40000259F249624AD24A424BB24B4561828011
:100F50009387C19E98431DEF23A6A19E2300050001
:100F60009C4005473317870023260500232465018D
:100F70002311E50023224501DE9723A0270123A2A8
:100F8000570123A447010145E38909FA2380890019
:100F90006DB73E875C47F5FF48C7C9B70504E31442
:100FA000F4F6214559BF094582809757FF1F83C733
:100FB0007716637FF5001387819D9317150008430B
:100FC0003E9583570500DD8D2310B50001458280D5
:100FD0000D4582809757FF1F83C7D7136371F502B2
:100FE0001387819D93171500084393C5F5FF3E9520
:100FF00083570500FD8D2310B500014582800D4506
:101000008280130705FF1377F70FFD4763E7E70AB1
:10101000B146B306D5029387C19D98438947369759
:10102000184349CF011122CC4EC6054493594500BF
:101030003D893315A40013140501418026CA4E854D
:10104000AE84A2854AC806CEEFF09FD12A89814797
:1010500029CDA2854E85EFF0FFF79387419E9C43F3
:1010600082979757FF1F83D7A70F338797022A844A
:10107000814613060064B3B7970213050732B335F0
:10108000E500BE95EFE08170B30785009756FF1F1E
:101090009386860C3E87D44263E4A70063E4D700BE
:1010A0003387D7402324E9008147F2406244D24489
:1010B0004249B2493E850561828089473E858280EA
:1010C000011126CA06CE22CC4AC84EC6BD47894465
:1010D00063EFA70231473307E5029387C19D9C4325
:1010E0008944BA979C4385C705443314A40042043D
:1010F00041802E890145A285EFF09FC6AA898144CF
:1011000019C5A2850145EFF0FFEC23A42901F240A7
:10111000624426854249D244B2490561828097578C
:10112000FF1F83C737FF6364F5000145828001110B
:101130009387419E56C283AA070006CE22CC26CAB8
:101140004AC84EC652C4638E0A0A175AFF1F130AB2
:10115000AA0083244A00B74736FE938707C8AE89A2
:101160009755FF1F83D5C5FFBE94B387C5022A8458
:1011700032898146B3B5C50213850732B337F5000E
:1011800013060064BE95EFE0616063ECA406829AEA
:101190009755FF1F83D5C5FCB3872503AA84130683
:1011A00000648146B3B5250313850732B337F500D4
:1011B000BE95EFE0A15DB3079500BE8403274A000A
:1011C00063E4A70063E4E700B384E740CE852285AB
:1011D000EFF01FB901C504C505452DA0936504F0C6
:1011E000C205C18141459700FF1FE780A03305E597
:1011F0009757FF1F938747EE9C5B81C7A2851145D8
:1012000082970145F2406244D2444249B249224A9F
:10121000924A056182809387C19E9C438DE323A6F9
:10122000A19E85472326050004C52311350123000F
:101230008500A300F5002322050079BFBA87D847AF
:1012400075FFC8C7F9BF51C9797122D426D24AD0D7
:101250004ECE52CC56CA5EC662C466C206D65AC8C4
:101260003689328AAE89AA844144314C938AC19D21
:10127000854C930B0003330B840303A70A005A9792
:101280001C43B9E79375F400B395BC001355444073
:10129000C2055286C1811375F50FEFF05FE80DC9E5
:1012A00083A70A000145DA9784C323A237016304A8
:1012B000090023008900B250225492540259F24985
:1012C000624AD24A424BB24B224C924C45618280D8
:1012D0000504E31274FB2145F9BF094582804111E1
:1012E00022C426C24AC006C62A842E89B284EFF0E0
:1012F0001FE3CA852285EFF0BFA605CD9755FF1FD6
:1013000083D505E6B38795022A84130600648146D7
:10131000B3B5950213850732B337F500BE95EFE0FC
:10132000E14648C00145B24022449244024941018D
:1013300082802145CDBF411122C426C24AC006C6C3
:101340002A892E84EFF0DFA1AA8419C12311050098
:10135000A2854A85EFF01FC89757FF1F83C787DB19
:101360006397270183D7019E5D8C2390819E014561
:1013700091E01945B24022449244024941018280E1
:101380009307F00263E7A7044111B14722C4330475
:10139000F50226C29384C19D9C4006C6A29798433D
:1013A000894715C39377F5008545B395F500C205C8
:1013B000C1811181EFF03FF89C40A29723A0070064
:1013C00023A207008147B240224492443E85410156
:1013D000828089473E858280411106C622C4EFF093
:1013E0003F9811E50145B240224441018280938734
:1013F000419E9C43004582979757FF1F9387C7D50F
:101400006368A402D843B74636FE938606C8330500
:10141000A4403697E378E5FC13070064B335E50292
:1014200003D6870081463305E502EFE0213665BF2C
:10143000D8433A94C1BF411106C623A4A19E029588
:10144000B2409757FF1F23A3A7CE014541018280D9
:10145000994763E9B7008A059757FF1F938707CE1F
:10146000BE9588C182804111714681451755FF1F85
:101470001305C5CC06C623A6019E23A4019E23A264
:10148000019E97F0FE1FE7802034130680028145FD
:101490001755FF1F130505C897F0FE1FE780C032E0
:1014A000EF50D1669757FF1F83C777C413D5270026
:1014B0008D8B3E958D473305F502854539051375AE
:1014C000F50F9757FF1F2388A7C499473305F502E7
:1014D000130505249700FF1FE780C00423AEA19CDD
:1014E00059C599471756FF1F0346E6C23306F60251
:1014F00081451306062497F0FE1FE780E02C9387B2
:10150000C19D9C439387072423A8F19E1757FF1F73
:10151000034767C00A07BA9723ACF19CEFF0FF833B
:101520000D239387019F94439757FF1F83C797BE4F
:10153000139727003697170600001306A68410C3DA
:10154000138717001377F70F0A073697170600005F
:101550001306668B10C313873700890793F7F70FBD
:101560008A079755FF1FA387E5BAB69790C3B24085
:10157000410182809757FF1F83C7D7B91757FF1FB5
:10158000034767B963F1E7021387019F1843938606
:1015900017001756FF1FA30FD6B69396270036974E
:1015A00008C33E8582809307F00FE5BF1C41638925
:1015B000071641777D8FB706002089476313D7163A
:1015C00003574500630F0714411122C419462A84AA
:1015D0009305F00F690506C697F0FE1FE780E02827
:1015E00005478D476309E5121C4481CB585899473C
:1015F00063030712185C630007121306C0038145DA
:101600001755FF1F130545AD97F0FE1FE780C01B60
:101610001306C003A2851755FF1F1305E5AB97F00E
:10162000FE1FE780E0161757FF1F0357A7AB97571A
:10163000FF1F938767AA19E7130700109756FF1F2C
:101640002392E6AA1757FF1F0347E7A911E70547AB
:101650009756FF1F2389E6A81757FF1F0357C7A8F0
:1016600011E76D479756FF1F2390E6A81757FF1FF6
:10167000034777A711E715479756FF1FA385E6A6EF
:101680001757FF1F034767A611E705479756FF1F28
:10169000238DE6A41757FF1F034737A519E703C794
:1016A000F7009756FF1FA382E6A41757FF1F0347B3
:1016B000E7A311E735479756FF1F2389E6A217577F
:1016C000FF1F0347F7A219E7130780029756FF1F72
:1016D000A380E6A21757FF1F034757A119E7130777
:1016E000D0029756FF1FA383E6A00347840119E7A2
:1016F0001307C0039756FF1F238CE69E9C5791C784
:1017000082979757FF1F239BA7A0FD57A38BF1B28A
:10171000EFF07FD58147B24022443E85410182806F
:1017200089473E85828001114EC69759FF1F9389D4
:10173000A9A283A7090006CE22CC26CA4AC852C451
:10174000829713090064B335250303DA89008146C3
:10175000528633052503EFE061039757FF1F9387F8
:10176000679B804FAA8401456306940233858440B9
:10177000636E940003A5490052868146B335A902E1
:101780003305A902EFE08100018D26959757FF1FD1
:1017900023AE9798F2406244D2444249B249224A69
:1017A00005618280011122CC0A852E84414697F57D
:1017B00001009385658906CEEFE0017218080604E2
:1017C0003A94035504FF9757FF1F83D78799F24038
:1017D0006244AA9737450F00130505243355F502D7
:1017E000056182809757FF1F83D7A79751471D45F3
:1017F000637CF702794719456378F70213072003E2
:1018000015456373F7021307B0041145637EF700B3
:10181000130740060D456379F70013076009094572
:101820006374F70013B5B70F8280011122CC06CE86
:101830002A842EC6EFF0EFE4B245F240818D33A545
:10184000A502229562441375F50F0561828001118E
:1018500022CC06CE2A842EC6EFF0AFE2B245F2408B
:10186000818D33A5A502229562444205418105611F
:101870008280011122CC06CE2A842EC6EFF06FE0C2
:10188000B245F240818D33B5A502229562440561CF
:1018900082809757FF1F93872784985739CB411130
:1018A00022C426C206C6BE8402971757FF1F0357DD
:1018B000E7862A8415CBBA876373A700AA87C20775
:1018C000C183BA866373E400A286C206C182958F83
:1018D0005147635BF700DC5491C38297EFF0904D62
:1018E0009757FF1F239C8782B240224492444101B4
:1018F000828082809747FF1F9387077EDC57011104
:1019000006CEAA8581C72AC68297B245D1C19C411D
:101910000545A5CFDC41B5CB83D78500BDC783D7AF
:10192000A500A5C783C7C500ADE341461755FF1FF6
:101930001305858297F0FE1FE78080E59757FF1F0C
:10194000938787819C4323A2F19E9747FF1F83C7FC
:10195000377A8DE7930780021755FF1F035545809F
:101960003305F50237460F001306062481468145EC
:10197000EFD0D1619747FF1FA38CA7761705000012
:101980001305A5DAEFF03FAB0145F2400561828017
:101990009747FF1F83C7A775139787016187635414
:1019A00007049747FF1F23A5077897F7FE1F938724
:1019B000E71E1747FF1F2321F77A7D579747FF1F21
:1019C00023AEE778B7873200938727A19746FF1F9A
:1019D00023A8F6789747FF1F23860778B7C70040EC
:1019E00023A4E726A1BF13F7170005CFB78720036D
:1019F000938707D01747FF1F2324F776B707C0A8A0
:101A00001747FF1F232CF77497F7FE1F9387271C98
:101A10001747FF1F2322F7749747FF1F238407747C
:101A200031BF61779746FF1F239CE67281CB9307F6
:101A300000321747FF1F2316F772C9B79307200319
:101A4000CDBF011122CC1744FF1F1304E4680844E2
:101A500006CE26CA4AC801E90545F2406244D2448E
:101A60004249056182805C58E5DB185C75D77000DF
:101A7000854582971844B247E300F7FE9305E004DA
:101A80001745FF1F035505669700FF1FE78080A9D4
:101A90001747FF1F2320A76A61D11746FF1F035670
:101AA00066649305F00F97F0FE1FE780E0D1814454
:101AB0001749FF1F130909669747FF1F83C7A762CE
:101AC0000326090263C1F40232859700FF1FE780F5
:101AD000C0B101459747FF1F23AE07649747FF1F1B
:101AE00023AC07649DBF9745FF1F83D5A55FB387D0
:101AF00095020844185C898185043E9508C20297C6
:101B000065BF011156C2974AFF1F938AEA5C83A7FB
:101B10008A0022CC4AC84EC606CE26CA52C45AC033
:101B2000AA892E8432896385072203A74A036307A3
:101B300007147D476366A7149744FF1F9384845D51
:101B400003AA040263170A0A9565938515E01745F1
:101B5000FF1F035525599700FF1FE780A09C97475B
:101B6000FF1F23A9A75C2A86630A051083A74A03DF
:101B700003A58A009745FF1F83D5C55689818297A3
:101B800083A78A0003AA04021747FF1F2326F75AD8
:101B90008947639CF908C1476312F40E9745FF1FFC
:101BA00083D54554938505FC9147B3C5F5028A0555
:101BB000D29503C705009307A005631DF70A83C7E5
:101BC00015006399370B4A852286910597F0FE1F11
:101BD000E78000BC9C505285639347150145F24055
:101BE0006244D2444249B249224A924A024B0561B8
:101BF0008280D850E38EE7F89565938525E01745F8
:101C0000FF1F0355254E9700FF1FE780A0912A8AEA
:101C100035C52A8683A74A0303A58A009745FF1F77
:101C200083D5454C89818297A5B78D47639DF9007F
:101C3000C1476315F4049745FF1F83D5A54A9385D3
:101C400045FDF199B5B79147639AF90063183403DC
:101C50009745FF1F83D50549A115E5B7C147639F88
:101C6000F900A14763EC87009745FF1F83D585479F
:101C7000C115C1BF9C5052856397470D294585B753
:101C80001307F006568B6361A70A130A05FE19476E
:101C9000334AEA021747FF1F0357C744974AFF1FFB
:101CA000938A4A47330AEA023E9A83A74A02639517
:101CB000470183A40A029DE49305E0041745FF1F32
:101CC000035545429700FF1FE780C085AA845DD574
:101CD00083274B039745FF1F83D5C5402A868981FB
:101CE0005285829791451307A00589819397250016
:101CF000A69783C607006393E60483C61700639C18
:101D0000360385058A052286A6954A8597F0FE1F2B
:101D1000E78000A883A70A02E38297EC2685970054
:101D2000FF1FE780808C5DBD1307E007E368A7F421
:101D3000130A05F985B783D5270045BF83A70A0293
:101D4000E38E97F226859700FF1FE780008A3DB754
:101D50009747FF1F9387073C8C538DD1914793067C
:101D6000A0058983139727002E9703460700E317E2
:101D7000D6F003461700631C360185078A072286C2
:101D8000BE954A8597F0FE1FE78080A081BD8357EE
:101D90002700C1BF9747FF1F93870734984739C76C
:101DA0009C5FA9C705476313E504411122C417448A
:101DB000FF1F13042436105006C60DC64850974521
:101DC000FF1F83D525328981829708509700FF1F16
:101DD000E780A0819747FF1F23AE07349747FF1F77
:101DE00023AC0734B2402244410182808280011139
:101DF0001747FF1F1307472E4EC68329870022CCA3
:101E000026CA4AC806CE52C456C2AA842E84328933
:101E1000638A09201C5FBA8A99EB2945F240624423
:101E2000D2444249B249224A924A056182805C5BAF
:101E3000EDD7FD4763E9A70E9749FF1F9389892DC9
:101E400083A70902B1CB03A58A0083A74902639542
:101E5000A70689476393F408C147E310F4FC1745CC
:101E6000FF1F035525289147130505FC3345F5024F
:101E70009317250003A509022286CA853E9593077C
:101E8000A0052300F500A3009500110597F0FE1FA3
:101E9000E7800090014559B79305E0041745FF1FFF
:101EA0000355452497F0FE1FE780C0679747FF1F43
:101EB00023A2A72849F995B783A74A0303A60902D5
:101EC0009745FF1F83D505228981829783A78A00C2
:101ED0001747FF1F2322F726ADBF8D47639EF400EF
:101EE000C147E31CF4F21745FF1F0355A51F130557
:101EF00045FD9377C5FFBDBF9147639AF400E31E8C
:101F000094F01745FF1F0355E51D2115DDB7C147A7
:101F1000E395F4F0A147E3E287F01745FF1F03556F
:101F2000651C4115F9B79307F00663EAA706930706
:101F300005FE1947B3C7E7021747FF1F0357871A64
:101F4000174AFF1F130A0A1DB387E702BE998327AA
:101F50000A02A9CF83274A02639A370703250A0298
:101F600091461308A005FD5593D72600C207C183EB
:101F7000139727002A9703460700631D0607834827
:101F800017000356270063959806B306D64063CF23
:101F9000860485078A072286CA853E95C5BD9307B4
:101FA000E007E3ECA7E6930705F979B79305E004AA
:101FB0001745FF1F0355051397F0FE1FE780805656
:101FC0009747FF1F23A8A71651F581BD83A74A0392
:101FD00003260A029745FF1F83D5C51089814E85C8
:101FE00082979747FF1F23A937158DBFA300B7001E
:101FF000B2869DBFB38586001746FF1F0356860E27
:102000009105130606FCE3FAC5E0130634001376C7
:10201000C60F1106B29623000701A30097002311F3
:10202000D70085BF9747FF1F9387C70E9453BE897C
:10203000A1C203A5090291461308A005FD5593D737
:102040002600C207C183139727002A97034607007B
:102050006316060583481700035627006398980007
:10206000B306D640E3D786F2A300B700B286C1BF5D
:102070008357C7001745FF1F0345E5069305E00496
:102080003305F5024205418197F0FE1FE780804944
:102090009747FF1F23A0A70A49FD41B31746FF1F1B
:1020A000035646049745FF1F83C5E503B385C50264
:1020B000338686001106E3E2C5D681BF01458280E2
:1020C000011106CE2EC6EF80804F01C9B245F24005
:1020D0000355250005616FC02062F2404945056146
:1020E0008280A38E01A0238E01A023A201A023A49D
:1020F00001A023A601A023A801A023A001A023AE34
:10210000019E9747FF1F93872706370684033707EB
:10211000B40090D337C6070098C3130606B83747F4
:10212000A000D8C3D0D33707100041669306070A32
:10213000B70550009308060194C723A4170393869C
:102140000501930816F8D4C723A61703B706D007CE
:10215000B7087F001308070513850601410723A868
:102160001703B0C39308160093860605138615005F
:10217000D8CBF8C323A8070188CF23AE070023AA32
:10218000170323AC070223AE070223A40704F0C7FA
:10219000B4CB23AA0704ACCF23AE0705B8D33707C7
:1021A000A000F8D71307000AB8DB1307C01CF8DB40
:1021B00037071400B8DF0547F8DF130710F8E8D336
:1021C00023A4070623A0070823A2E70882800111A1
:1021D00026CAAA84214522CC06CE2E8432C636C415
:1021E0003AC2EFE09FA61DC9A246124732469307A6
:1021F00000FD2300F5009947A30095002301F50099
:102200002303D500A303E5002312C500AA85228578
:102210006244F240D24405616FE01FAEF240624476
:10222000D2440561828023A2A1A0828023A4A1A020
:10223000828023A6A1A0828023A8A1A08280011170
:1022400022CC4AC806CE26CA2A890144B304890092
:102250006368B400F2406244D2444249056182801E
:102260002EC6EFE01FC293170501C183A183B245BB
:102270002380F4009307140093F7F70F850463F9A4
:10228000B700CA9709042380A7001374F40F7DBF19
:102290003E847DBFC1671745FF1F0355C5F5FD1778
:1022A0006304F50241111746FF1F0346E6019385BB
:1022B00041A106C6EF80A00FB240FD571747FF1F90
:1022C000231BF7F241018280828009C9251513750D
:1022D000F50F1335850E1345150082800145828068
:1022E00023900500D1C6797122D426D24ECE52CC8D
:1022F0005AC806D64AD056CA5EC63684328AAE89D5
:102300002A8B814463F44407B307940083C7070012
:10231000138914004209939A070193DA0A011359A9
:10232000090163850A04CA976342FA04B3072401CA
:1023300083CB07005E85EFF05FF90DC99387FAFF45
:102340002390F90063906B03130519002295B25096
:10235000225492540259F249624AD24A424BB24B39
:1023600045618280D694C204C18069BF0145C5B76A
:1023700001458280411126C2AE8422C49747FF1FC7
:1023800023A2C7E89747FF1F23ACB7E69747FF1F75
:1023900023A6A7E62A8441469305F00F26854AC066
:1023A00006C6054997E0FE1FE780204C631225050D
:1023B0009747FF1F9387C7E3884BC145EFF03FE87E
:1023C00041469305F00F228597E0FE1FE780E04924
:1023D00085446319950222449747FF1F938747E17D
:1023E000B24092440249C847C14541016FF03FE500
:1023F00041468145268597E0FE1FE7800047E311AF
:1024000025FD7DB741468145228597E0FE1FE78087
:10241000C045E30295FCB240224492440249410186
:102420008280411122C426C22E84AA84130600028F
:1024300081451745FF1F1305A5DB06C697E0FE1F64
:10244000E78080389747FF1FA38597DA9747FF1FDC
:10245000238E87E6EFC0402C854719C18147494547
:10246000B24022441747FF1F2304F7D8924441018A
:102470008280814781CD19C98547631BF50083C7D9
:10248000550093E707FCA382F50085473E858280CF
:1024900089476317F50083C7550093F7F703E5B73E
:1024A0000D478547E314E5FE03C755001377F7038F
:1024B00013670704A382E500D1BF81478DC105C121
:1024C00003C755009306000C85471377070C630874
:1024D000D700930600048D476303D70089473E85E4
:1024E0008280411122C4005D06C626C21DC8AA848E
:1024F000085009C597F0FE1FE780200F485009C516
:1025000097F0FE1FE780600E085409C597F0FE1F84
:10251000E780A00D228597F0FE1FE780000D23AC19
:102520000402B240224492444101828009ED97475F
:10253000FF1F83C707CC1745FF1F1305E5CC81CBD1
:102540001385419F82801745FF1F1305E5CB8280CD
:102550001745FF1F0345E5C982809747FF1F9387F3
:1025600027C9C84782809747FF1F938767C8884B52
:1025700082809747FF1F9387A7C7DC4B88438280E1
:102580009747FF1F9387C7C6D84B1C4385071CC3BB
:102590001745FF1F0345F5C59307F00F6305F500C9
:1025A00091656FE09FA08280011122CC06CE2E841F
:1025B00032C6EF8000119147B245631FF500938743
:1025C00001A19C438DC303A30700630E0300228572
:1025D0006244F24005610283938781A09C4381C7D6
:1025E00003A34700DDB7F2406244054505618280E0
:1025F000011122CC2A840355450006CE26CA4AC8BA
:102600004EC6EF70306B3DC52A898344050083496F
:10261000C500EFF01FED4A85EF80A0480355440048
:10262000EF80600583C7C1A1B1CB6399970483C5CF
:10263000D1A12685EFF0DFA819E1238E01A0035573
:102640004400EF8000089147631FF50003574400E2
:102650009747FF1F83D727BA6317F700FD57174720
:10266000FF1F231AF7B8F2406244D2444249B249EC
:102670000561828081499304F00F6DB79307F00FD5
:10268000E38FF4FA834664000356440003452400B4
:102690004E87A685EFF0BFB35DB779715EC6AA8B92
:1026A0002E8552CC56CA5AC806D622D426D24AD033
:1026B0004ECEAE8A328B368AEF70D05F65C5045D30
:1026C0002A89EDC09C50614599C3130540039C5471
:1026D00081C751054205418163050A007105420524
:1026E0004181DC5081C75D0542054181EFE0EFD5B6
:1026F0002A844DC96146814597E0FE1FE780C00CE2
:102700009749FF1F83C949A96394090083490900B8
:10271000930700FD2300F400A947A30074012301DF
:10272000F400230364018C50231254011305840127
:1027300091C908C47146930A440397E0FE1FE780DD
:10274000200556858C5491C948C45146930A4501C9
:1027500097E0FE1FE780C0035685630C0A0008C897
:102760007146D285930AC50197E0FE1FE7804002BB
:102770005685CC5099C548C85D4697E0FE1FE78056
:102780002001A2854E85EFE02FD72254B2509254FB
:10279000F249624AD24A424BB24B4A8502594561DC
:1027A0006FF03FD4B250225492540259F249624A17
:1027B000D24A424BB24B4561828001114EC6AA8972
:1027C0002E854AC806CE22CC26CA2E89EF70904E9E
:1027D00021C99744FF1F83C4249C99E083440500CA
:1027E0001945EFE08FC62A8405CD8145194697E04B
:1027F000FE1FE78060FD930700FD2300F400B9474A
:10280000A30034012301F40023122401A2856244B1
:10281000F2404249B2492685D24405616FE0CFCDEE
:10282000F2406244D2444249B24905618280397122
:102830005ECEAA8B2E8526DA4ED652D456D25AD0E8
:1028400006DE22DC4AD8AE84328BB68A3A8ABE894A
:1028500042C6EF70304621CD2A894145EFE0EFBEF8
:102860002A8431C54146814597E0FE1FE780C0F5C7
:102870001745FF1F0345459219E1034509009307DA
:1028800000FD2300F400BD472301F400B247A3007C
:1028900074012312940023046401A304540123054A
:1028A0004401A30534015CC4A285EFE0EFC4F250FB
:1028B0006254D2544259B259225A925A025BF24B94
:1028C00021618280797126D2AA8439454AD04ECEC0
:1028D00006D622D42EC6B2893689EFE00FB721C1C1
:1028E000B2459307000D2310F500B1472A84231247
:1028F000B5002301F500CE851905194697E0FE1FA6
:10290000E78000E923062401A2852254B25002592F
:10291000F24913F5F40F925445616FE0EFBDB250E8
:10292000225492540259F249456182801747FF1F91
:102930000347378C9307F00F630DF706411126C24A
:10294000AA84394522C406C64AC0EFE00FB02A84E3
:1029500039C9930700FD2300F500A300950023016A
:1029600005009745FF1F9385258A0D05194697E0B9
:10297000FE1FE780E0E11749FF1F130969878357AE
:102980008900A2851745FF1F0345B5862315F4006E
:10299000834719002306F4002244B24092440249BE
:1029A00041016FE06FB5B2402244924402494101B7
:1029B0008280828001115AC02A8B314526CA4EC6B8
:1029C00052C456C206CE22CC4AC8AE84B28A368AD7
:1029D000BA89EFE08FA735CD2A842685EF70902D38
:1029E00011C50347C500A1476314F7041749FF1F2A
:1029F00003493980930700FD2300F4009D47A3009D
:102A000064012301F40023129400231354012314BE
:102A1000440123153401A2856244F240D244B249F4
:102A2000224A924A024B4A85424905616FE0CFAC87
:102A30001749FF1F03499989E31E0BFA9387C1B118
:102A40009C439C47C5DBCE865286D68526858297D9
:102A500055B7F2406244D2444249B249224A924AAE
:102A6000024B05618280011122CC2A84214506CEC9
:102A70002EC6EFE08F9D21C1B245930700FD2300D4
:102A8000F500C5472301F50083C73500A301F50014
:102A900083D745002312F50083C765002303F500A3
:102AA00083C77500AA85A303F50022856244F2401E
:102AB00005616FE06FA4F240624405618280397164
:102AC00062CC2A8C594526DA4AD84ED652D456D2F0
:102AD0005AD05ECE06DE22DCAE8432C636C4BA8B55
:102AE0003E8BC28A468A8359010403494104EFE0C0
:102AF000CF9525C93246930700FDA2462300F50075
:102B00009547A301C500A30085012301F5002A8490
:102B100019461105A9C2B68597E0FE1FE78040C798
:102B200023066401230A2401231574012317540189
:102B30002318440123193401A2856254F2504259EA
:102B4000B259225A925A025BF24B624C2685D254F9
:102B500021616FE06F9A814597E0FE1FE780C0C654
:102B6000C1B7F2506254D2544259B259225A925AC1
:102B7000025BF24B624C216182809737FF1F83C753
:102B800047678DCB4111AA8519461385419F06C61B
:102B900097E0FE1FE780C0BF9385419F1735FF1F59
:102BA00003452565EFF0FF8CB2401385419F41013D
:102BB0006FB05037014582801737FF1F0347776397
:102BC0009307F00F6305F708411126C2AA8429452F
:102BD00022C406C6EFE06F872A8429C1930700FD4F
:102BE0002300F500A1472301F500A30095009737C6
:102BF000FF1F9387E75F83C727009385419F1105D8
:102C0000A30FF5FE194697E0FE1FE78060B8A28586
:102C10001735FF1F0345F55DEFE00F8E1737FF1FD8
:102C20000347275D8D47631FF7009387C1A09C432F
:102C300091CB03A38700630703002244B240924470
:102C400041010283B24022449244410182801737FD
:102C5000FF1F0347075A8D47631AF7009387C1A0E8
:102C60009C4389C703A38700E31D03FC828079711D
:102C700022D406D626D24AD04ECE52CC094455CDC7
:102C80002A89035505002E8A5144EF70B002AA84A8
:102C90004DC59737FF1F83C76763FD1793F7F70F7E
:102CA00005474944637BF7080347C500A147631400
:102CB000F70063140A089C5C4544C1E39165938561
:102CC00045711305C00297F0FE1FE780A08588DCE0
:102CD000AA894D443DC11306C002814597E0FE1FFD
:102CE000E78080AE8357090093864900368523919B
:102CF000F90071469305490036C697E0FE1FE7804C
:102D000020A989472380F90003C5C400B2460356B1
:102D1000090061159735FF1F83C5055B1335150045
:102D2000EF80901B2A8463060A00D2852685EF80F7
:102D3000200601C42685EFF0CFFA2285B250225436
:102D400092540259F249624A456182809737FF1FC7
:102D500083C7C757FD1793F7F70F0547637AF7083F
:102D6000894741CA011122CC26CA4AC84EC652C45C
:102D700006CEAA89368AB2842E89EF70A0732A847F
:102D8000D14739C9485509C597F0FE1FE780E0854E
:102D9000F145268597E0FE1FE78060A548D4CD4722
:102DA00005CD8346C40021478147639FE600630D3C
:102DB0000A000347A5010356050193062501AA85CC
:102DC0004E85EF806004AA8703474400630F090023
:102DD000136767002302E400F2406244D244424990
:102DE000B249224A3E850561828013674700DDB7FC
:102DF000C9473E8582809307200463EBA70097377D
:102E0000FF1F9387673606053E95035505008280B0
:102E100041657D158280011122CC2A842E8526CA27
:102E200006CEAE84EF7000691DCDB7470F009387C3
:102E3000F723094563E4870281450A85414697E007
:102E4000FE1FE7806098A685231081000A854180D7
:102E500023018100A3010100EF80A073F2406244CE
:102E6000D244056182804945D5BF9737FF1F238E25
:102E7000A74482806F807000797152CC2A8A328593
:102E800022D426D24AD04ECE56CA5AC85EC606D6DC
:102E900062C4AE8BB28A368BBA843E89C2894684BC
:102EA000EF70406115C92A8C63140A0213774B0036
:102EB0008347450015CF93E727012302FC008DECE3
:102EC000631C0902639A090205E8ED9B2302FC00DA
:102ED000832B8C0363910B08B250225492540259F5
:102EE000F249624AD24A424BB24B224C456182803F
:102EF000F59B93E70701D1B793E747002302FC0056
:102F000001CC1C484146A2852324FC0213058C01F8
:102F100097E0FE1FE780C08763930B02D5D8032597
:102F2000CC0209C597E0FE1FE780206CF14526859D
:102F300097E0FE1FE780A08B2326AC0251BFE30978
:102F400009F80325CC0209C597E0FE1FE780E06978
:102F5000F1454A85F1BF9DC483A70B0299EB9165AA
:102F600093853571714597E0FE1FE780A05B23A034
:102F7000AB0203A50B0219C57146A68597E0FE1F9B
:102F8000E78000816388090283A74B0299EB916572
:102F9000938525715D4597E0FE1FE780A05823A229
:102FA000AB0203A54B0219C55D46CE8597D0FE1F27
:102FB000E780007E1DC483A78B0299EB9165938502
:102FC0001571514597E0FE1FE780C05523A4AB0261
:102FD00003A58B0219C55146A28597D0FE1FE78035
:102FE000207B2254B2509254F249B24B224CCA86F2
:102FF0005A860259424BD6855285D24A624A456169
:103000006FF0AFE9011126CA52C406CE22CC4AC8DD
:103010004EC62A8AAE84EF70E04925C5AA89394593
:10302000EFD0BFC22A8431CD1739FF1F0349C9161B
:103030006314090003C909009307000D2310F4006D
:10304000AD472301F4009385690013053400194648
:1030500097D0FE1FE780C07393F7140085808588A2
:103060002306F400A306940023154401A2856244BC
:10307000F240D244B249224A4A85424905616FD0A2
:10308000BFC7F2406244D2444249B249224A056174
:10309000828001114EC652C456C206CE22CC26CA28
:1030A0004AC8AA8A2E8AB289EF70C0402DCD2A89DB
:1030B0001305C002EFD07FB92A8435C59734FF1FAE
:1030C00083C4840D99E0834409009307000D231005
:1030D000F400E9472301F400930569001305340067
:1030E000194697D0FE1FE780A06AD28523155401A8
:1030F0001305C400414697D0FE1FE7806069CE8566
:103100001305C401414697D0FE1FE7806068A28581
:103110006244F2404249B249224A924A2685D24448
:1031200005616FD07FBDF2406244D2444249B2494A
:10313000224A924A056182809387C19F884301CDCC
:10314000411106C697E0FE1FE780204AB24023AE39
:10315000019E410182808280011106CE22CC26CAC6
:103160004AC82EC6EF70003539CDB2451739FF1F5A
:1031700003498902AA840CD5631409000349050098
:103180004145EFD09FAC2A841DCD9307000D23103D
:10319000F500A5472301F50083C75400938564001B
:1031A0001105A30FF5FE194697D0FE1FE780405E7C
:1031B0009C54A285F2405CC46244D2444A85424990
:1031C00005616FD07FB3F2406244D2444249056149
:1031D00082801D71A2CC86CE2A842EC6EF70802DEF
:1031E00005CD8346C5001147AA8749456392E6028B
:1031F0009C5FB24599C383C567012308B1009796C8
:1032000000009386E649100889452285EF70102F4B
:10321000F6406644256182805145DDBF9737FF1F28
:1032200083C7C70AFD1793F7F70F0547637AF704BB
:10323000894721CA411122C426C24AC006C6B284A7
:103240002E89EF7020272A84D14705C5630809001D
:103250008347450093E727002302F5004146A685F2
:103260001305840197D0FE1FE78080529C481CD430
:103270008147B2402244924402493E854101828006
:10328000C9473E858280797122D406D62A842EC60B
:10329000EF70402201CDB2452285230EB1006C08AB
:1032A000EF70902BB2502254456182805145DDBFB2
:1032B0006F702036C1671387E7FF6394E502938739
:1032C00081A09C4391EB494582804945B24022440C
:1032D000924402494101828003A30700E30503FEF3
:1032E0000283411122C426C24AC006C6FD172A899C
:1032F0002E84B2846395F502938781A09C4391CB81
:103300009C4381CB829711E5238E21A1A38E91A0AE
:1033100075BFA6854A85EFE0BFDA4DF9F5B72E8572
:10332000EF7040195DD1834705000D45E39027FB01
:1033300022852244B2400249A685924441016FB0E1
:10334000A03B9307200463E2A7064111C16722C492
:1033500006C626C2FD172A8409456382F502C547C1
:10336000AE846313F4022E85EFB040401735FF1F83
:10337000130585DF06042A94231094000145B2400A
:1033800022449244410182809307A0036316F40013
:103390002E85EFB0E036D9BF9307B003E318F4FCF5
:1033A00013F5F50FEFB00036D1B709458280011152
:1033B00006CE2AC6EFE0FFD2EF20C010EF10E0608B
:1033C000EF30112832459737FF1F938767E21307C5
:1033D00000F02391E700238207007D579737FF1FF6
:1033E000938787EE2381E7002380A700F24095456D
:1033F00005616F501024597193970501CAD086D684
:10340000A2D4A6D2CECED2CCD6CADAC8DEC6E2C408
:10341000E6C2EAC06EDEC1872E8963D1075A17352E
:10342000FF1F034565EAEFD0BF868964416A856A5C
:10343000797B2A84938BD4007D1AA50A130CABFFE9
:103440001DE021653345A900B6502654965406590F
:10345000F649664AD64A464BB64B264C964C064D24
:10346000F25D65618280834704001307200A639D33
:10347000E700035524009739FF1F83C999D7228697
:10348000D285EFF06F9259A2130710099739FF1FE9
:1034900083C9A9E36398E71883471400154763902D
:1034A000E7022285EFF0CF942285EFD04FF7173552
:1034B000FF1F034565E1EFD0AFFD2A8451B73947BF
:1034C000639BE71803554400631B55050C4483CCEC
:1034D0000500639D0C00850591C919461735FF1F2E
:1034E000130585D297D0FE1FE780802A1737FF1F6C
:1034F000034707D085476317F712638A0C00973795
:10350000FF1F238707CE6685EFF04FC271BF894743
:103510001737FF1F230EF7CCEFB0802071B79387CA
:103520002400631AF506832C8400638D0C0E83C778
:103530000C008DE383C72C0003C71C00A207D98FA2
:103540001737FF1F231AF7CA83C73C001737FF1F1F
:10355000A300F7CA1737FF1F034787C989476313BB
:10356000F70C83C70C0081CB9737FF1F238207C856
:1035700003C50C0051BF8D479735FF1F83C555C745
:103580001735FF1F035545C71737FF1F2302F7C61F
:10359000EF50300DF1BF938754006318F5001C44C1
:1035A00003C50700EFF04FE101B7B3078501C2077C
:1035B000C18311476372F7049307ABFCAA97139773
:1035C00007014183F14763F1E7029387B400631277
:1035D000F504938741A09C43E38807EC9C43A285B4
:1035E000E38407EC82971DA0B70700189387F77054
:1035F000B3D7E700858BB9CB9387C1A09C43E38504
:1036000007EA9C43E38207EA22858297E31E05E8E6
:1036100011A89387C4006310F5021C4483C70700F8
:10362000E38407E89307F00FE380F9E8A2854E856D
:10363000EFD08FECADBD9387E4006319F50093875D
:1036400081A09C43E38207E6DC4351BF93871404C7
:10365000E301F5F8C1BF3D476397E7040355440014
:10366000E30F75FD93879401E30BF5FC9387340119
:10367000E31AF5FA9737FF1F83D7E7B7639E470131
:10368000938781A09C43E38107E2DC43E38E07E05C
:10369000A28513853401B9B7938701A19C43E385C3
:1036A00007E09C43E5B71307E003E39DE7F6834794
:1036B000240005476397E70E83476400938DC19FFD
:1036C000F1E383A70D00D5CB83CC0700A1490345C7
:1036D0007400130D8400EA85EFE03FDE8347440168
:1036E000A303A400835804010358E40003574400D3
:1036F0002A86034534003EC283572401EA86E685C4
:103700003EC0CE87EFF0AFBB8347340095E7DD477F
:10371000835804010358E400834674008355440031
:103720003EC2835724016A8705463EC06685CE8720
:10373000EF70600FA301A40083A70D0081C711459E
:10374000EFF09F9F03C5C1A1E30005D683C5D1A1BA
:10375000EFE01F97E30A05D4834634009307100374
:10376000638AF600035644004E8783C5C1A136859F
:10377000EFE0FFA5238E01A005BB973CFF1F83CC84
:103780005CA7A9B79387C1A09C43973CFF1F83CC3C
:103790005CA691498DDFDC439DDB81450145829725
:1037A0003DB729476391E70C83476400138DC19FA0
:1037B000C1E783270D00A5CF83CC0700A1490345AE
:1037C00074009306840093772500D1C71376150003
:1037D000930D4401834704028358C4010358A40194
:1037E00003574400034534003EC28357E401E68595
:1037F0003EC0CE87EFF0AFAC8347340095E7DD479E
:103800008358C4010358A4018346740083554400BF
:103810003EC28357E4016E8705463EC06685CE876B
:10382000EF706000A301A40083270D0001BF973C47
:10383000FF1F83CC1C9C59B79387C1A09C43973C26
:10384000FF1F83CC1C9B9149BDDBDC43ADDB814575
:1038500001458297ADB7B68536CEEFE01FC6F2467A
:103860002A86B68D85BF0947639DE700938741A0EF
:103870009C43E38B07C2DC43E38807C2228582971F
:1038800025B12D476399E700938741A09C43E38DC1
:1038900007C09C47D5B70D476397E70022868D4543
:1038A00003554400F9BE19476395E7069305610285
:1038B00013051031EF30615E2C1013052031EF300D
:1038C000C15D03566400835781020355440063E8D9
:1038D000C700835684000357610263F7E60093052F
:1038E0000002EFA0B067C9B66374E6002313E400DA
:1038F00063F4D7002314F4000357C4008356A400D4
:10390000035684008355640001488147EFA0D064CA
:1039100061BE1D47E388E7D031476395E700228603
:10392000B145BDBF35476399E700938741A09C43EC
:10393000E38C07B6DC4789B739476396E7002285F1
:10394000EF00D00395B63D476399E700938741A008
:103950009C43E38B07B49C4B05B741476396E70054
:103960002285EF00900C89B645476396E700014534
:10397000EF00701B15BE4947639EE7009387C1A007
:103980009C43E38107CADC43E38E07C881450545B4
:10399000829749B94D47639DE7009387C1A09C4337
:1039A000E38207C8DC43E38F07C6A2850945CDB78C
:1039B0006147E399E7C62286E145DDB593F7150037
:1039C00081CF938741A09C4389C7DC4399C30145BC
:1039D0008297134519008DBC93F7250089CF9387F3
:1039E000C1A09C4391C7DC4381C7814505458297AF
:1039F0001345290091BC93F745000145E38607A4D0
:103A0000938701A09C4399CF85471727FF1F230366
:103A1000F77E9387C1A09C4391C7DC4381C7814552
:103A2000054582979727FF1F9387877CC8472C10EF
:103A3000EF7090222810EFF04F949727FF1F83D745
:103A4000C77481CF130600643386C70291451735CA
:103A5000FF1F03456587EFD08FEC13454900EDB29A
:103A6000011122CC2A84554506CE26CAEFF0AFB804
:103A7000AA8413054002EFF00FB82AC613055002BE
:103A8000EFF06FB7AA86228562443246F240B33522
:103A90009000D24405616FA01054797122D406D6EB
:103AA0008D472E84631FF50003D7A50083D68500BC
:103AB00003D665000345340083D54500EFE09FEF52
:103AC00009A889671387D7006310E50403C525009B
:103AD00019E58547B25022543E854561828093871F
:103AE000C19F9443FDD603C6360083C506008148B6
:103AF00002C202C00148814701479106EFE03FFC46
:103B00000545EFF06FE3F1B71387E700E303E5FC4A
:103B100013873701631AE50003C525005DD9014706
:103B200081460146814559BFE507E304F5FAB147EF
:103B30006319F5001725FF1F0345B56BEFE0BFF2D2
:103B400049BF41677D178147E316E5F803C7550074
:103B5000C947E310F7F883D6E50003D6C50003553F
:103B6000840083D5A500EFA0104841C95D45EFF062
:103B70008FA83335A000231CA100834544000355C2
:103B800024003008EF60100483578101B9F36C08FA
:103B900013051031EF3061309305E1011305203139
:103BA000EF30A12F8357C101035784006374F700DE
:103BB0002314F4008357E1010357A40063F4E700E2
:103BC0002315F400835784000357A4006374F7009F
:103BD0002315F40003552400EFA0B0450357E4007B
:103BE0008356C4000356A400835584000355240063
:103BF00001488147EFA05034E9BD8547231CF100FF
:103C0000ADBF1727FF1F0347976C9307F00F63099A
:103C1000F70859C5411122C426C206C6AA84034525
:103C2000A5004105EFD06F822A8435C59307000DAA
:103C30002310F500D9472301F50083D74400231250
:103C4000F50083C764002303F50083C77400A30352
:103C5000F50083C784002304F50083C79400A30400
:103C6000F50003C6A4002305C5001DC2CC444105D0
:103C700048C497D0FE1FE780A0B1A2852244B2407D
:103C800092441725FF1F0345956441016FD0CF86ED
:103C900023260500DDB7B2402244924441018280D0
:103CA0008280C1671387E7FF639DE5009387C19F0B
:103CB0009C4395C383C707000D47639CA7006FA073
:103CC000F026FD1749476396F5009387C19F9C43F3
:103CD000FDF73A8582804947EDBF797122D406D637
:103CE00026D24AD04ECE52CC56CA5AC803470500F7
:103CF00085472A84630AF7040346850093069500E6
:103D00009305E1000545EFE0AFDD814719C1834729
:103D100005008346040011476380E6041387C1A2AF
:103D200018438D46034717006308D70295C70DC790
:103D300019ED0145B250225492540259F249624A97
:103D4000D24A424B4561828081470145D9B78546B9
:103D50006318D7028D8BF1DF03451400130A24008A
:103D6000D285EFE08FF5A300A400138901A3832778
:103D70000900AA8A81499304F00F99EB05455DBFBC
:103D80008946E318D7FA858BF9B7850993F9F90FB6
:103D900083C781A263FDF90203250900139B490033
:103DA0005A9583470500E38297FE83471500E39EFB
:103DB00057FD1946D285090597D0FE1FE78040A61A
:103DC00069D58324090003470400DA9485EC83460F
:103DD00004009147E38FF6F483270900B9DB03C69B
:103DE00081A201479305F00FE305E6F4BE84C10705
:103DF00003C507FF630EB50A05071377F70FEDB785
:103E000088C4F5A09147631AF706C84405C58347DF
:103E10008400034605006304F60603470400914747
:103E2000631DF706C84419C597D0FE1FE780E07BE5
:103E300023A604000345840091659385E57105057B
:103E400097D0FE1FE780006E05C503470400914729
:103E5000631EF704C8C483478400930594000505D6
:103E6000A30FF5FE0346840097D0FE1FE780409223
:103E7000034584003335A00075BD884441BF9305D8
:103E80009400050597D0FE1FE78080998547E316CB
:103E9000F5F85545EFE03FF6BDA8884441DD97D0E1
:103EA000FE1FE780807423A4040069B788C465B747
:103EB0002380D40083471400D28513852400A38077
:103EC000F400194697D0FE1FE780808C03458400DC
:103ED00091659385F571050597D0FE1FE780806495
:103EE00005C5034704009147E31CF7F0C8C48347A6
:103EF0008400930594000505A30FF5FE0346840096
:103F000097D0FE1FE780C08883478400E39807E6C8
:103F1000034504007D151335150029BD797122D4A0
:103F200026D24ECE52CC06D64AD056CA5AC82A8479
:103F30009309250003451500CE859384C1A2EFE0C7
:103F4000CFD7A300A4009C400D472A8A83C717003F
:103F5000639BE700138901A383270900814A6391CA
:103F60000718054535A0FDD7144C03467401930589
:103F7000E1000545EFE0CFB61DC99840854683476F
:103F8000050003471700631FD7008D8BE1F701453C
:103F9000B250225492540259F249624AD24A424BD8
:103FA000456182808946858BE316D7FAC5B783477A
:103FB000040011476385E7002D47E39AE7FC9384EB
:103FC00001A39C40E9D7814A01491DA88840139B61
:103FD0004A00834704005A95034705006311F7021E
:103FE00083471500639D47011946CE85090597D083
:103FF000FE1FE780E08201C503A904005A99850AE3
:1040000093970A0103C781A2C183E3E1E7FCE313AD
:1040100009F4B5BF93944A002695034705008347EA
:104020000400631EF70A83471500639A470B19467D
:10403000CE85090597C0FE1FE780807E4DC183278E
:1040400009001147BE94834704006385E7002D47AC
:10405000639DE70203AAC4008347740103460A0074
:104060006308F602528597D0FE1FE780005803458B
:10407000740191659385E571050597D0FE1FE78072
:10408000604A15E5E39F04ECADA003AA8400E9B7FC
:104090000C4C13051A0097C0FE1FE7806078854717
:1040A000E312F5FC5545EFE01FD569DDCDB583473B
:1040B000040011476385E7002D476390E702C8C4F9
:1040C000834774010505A30FF5FE034674010C4CEC
:1040D00097C0FE1FE780C06B75B788C4D5B7850A47
:1040E00093970A0103C781A2C18303250900E3E373
:1040F000E7F283C681A20327090081471306F00F68
:1041000011A8BA844107834507FF638AC500850764
:10411000C207C183E3E7D7FEA9B588C499A0834746
:104120000400CE85138524002380F4008347140007
:104130001946A380F40097C0FE1FE7806065034521
:10414000740191659385F571050597D0FE1FE78091
:10415000603DE30805E0034704009147E31FF7FAD9
:10416000C8C4834774010505A30FF5FE0346740117
:104170000C4C97C0FE1FE780A061E5B31727FF1F17
:104180000347F7149307F00F6300F70A51CD41116D
:1041900026C2AA84514522C406C64AC0EFC0FFAA5F
:1041A0002A842DCD9307000D2310F500D547230158
:1041B000F50083C7340013898400CA85A301F50084
:1041C00083D744002312F50083C764002303F5005E
:1041D00003C57400EFE06FAEA303A400CA85130506
:1041E0008400194697C0FE1FE780805A83C7E40009
:1041F000A2851725FF1F0345950D2307F40083D7DC
:1042000004012318F40083C724012309F400224485
:10421000B2409244024941016FC01FAEB2402244F5
:10422000924402494101828082801727FF1F034781
:10423000170A9307F00F6304F70431C1411122C438
:104240002A84194506C6EFC05FA0AA850DC593074D
:10425000000D2310F500DD472301F50083574400CE
:104260002244B2402312F5001725FF1F03453506EF
:1042700041016FC07FA8B240224441018280828008
:10428000011122CC138401A31C4006CE26CA4AC8C1
:104290004EC652C499CF2E8AAA840149084063129F
:1042A0009902630C0A0497D0FE1FE780003423A80C
:1042B00001A2F2406244D2444249B249224A056115
:1042C000828093194900B3073501884709C997D0FF
:1042D000FE1FE78080311C40CE9723A407001C40BE
:1042E000CE97C84709C997D0FE1FE78000301C4011
:1042F000BE9923A60900050955B745DD139644006C
:10430000814597C0FE1FE780204C144081477D56B1
:1043100013F7F70FE37F97F81397470036972300BB
:10432000C7008507F5B7011152C4138AC1A28327BC
:104330000A0006CE22CC26CA4AC84EC656C25AC069
:10434000D1CF2A89014419ED938701A3944399CAD7
:1043500003C681A22A8481479305F00F13F7F70F54
:104360006368C708131534002105EFC01F8EAA84A7
:1043700001E92145EFC07F8DAA8421C501444D4943
:10438000930700FD2380F4008547A3802401238147
:10439000F400A381840045C81389840023A224016A
:1043A0008149938A01A3130BF00F83C781A263F3A2
:1043B000F90039E883270A00A68503C50700EFC086
:1043C000BF93814503C581A2EFF09FEB03250A004F
:1043D00097D0FE1FE780602123A601A2F24062442D
:1043E000D2444249B249224A924A024B0561828034
:1043F000139747003697034707006305B700050486
:104400001374F40F850799BF83A70A009395490099
:10441000BE9583C70500638467032300F90083C743
:104420001500130529007D14A300F900194689051C
:104430001374F40F97C0FE1FE780803521098509AA
:1044400093F9F90F9DB723A20400ADB79387C1A2DA
:104450009C43B9C7411122C406C62A841DE10945FF
:10446000EFE07F992A8601C985451725FF1F03457F
:10447000A5E5EFC0DFCA0545EFF08FDE2A840545CC
:1044800001CC85451725FF1F034505E4EFC0BFEAB2
:104490002285EFF05FE90545B24022444101828068
:1044A0000145828089679386B7006317D5009C45D4
:1044B00003C507006FF09FF99386C7006318D50006
:1044C0009C45854603C5070019C9EDB793861704B7
:1044D000E30FD5FC938727048146E303F5FE368579
:1044E0008280797106D622D426D24AD04ECE52CCC2
:1044F00056CA5AC85EC679C983473500AA8985C796
:10450000404115C05945EFE01F8F931A850193DA9A
:104510008A410149138AC1A2130B000DB54B83C711
:104520003900636DF900B250225492540259F24995
:10453000624AD24A424BB24B456182808307840271
:1045400063CD570783270A00ADCB2285EFF0EFF844
:104550002DC5034584005105EFC02FEFAA8431CD4E
:104560002310650123017501834704001946930553
:104570002400A301F5008307840215052303F50039
:1045800083471400A30FF5FE97C0FE1FE78040206D
:10459000034684002386C4001DC61385440188C8D1
:1045A0009305940097C0FE1FE780801E83270A00B2
:1045B000A68503C50700EFC02FF405091304940274
:1045C0001379F90FA9BF23A80400CDB79387C1A21F
:1045D0009C43B1DBEFF03FD52254B25092540259C4
:1045E000F249624AD24A424BB24B014545616FF0F3
:1045F0002FC7797106D622D426D24AD04ECE52CCBD
:1046000056CA5AC85EC671C183473500AA8985C794
:10461000444195C05945EFE00FFE931A850193DAA6
:104620008A410149138AC1A2130B00FDC14B83C704
:104630003900636DF900B250225492540259F24984
:10464000624AD24A424BB24B456182808387F40072
:1046500063C8570783270A00A5C75145EFC0EFDE9F
:104660002A8439CD23006501A300050023017501CB
:1046700083C70400194693852400A301F5008387AE
:10468000F4001505A306F50083C71400A30FF5FE7B
:1046900097C0FE1FE780C00F83C7840093859400F6
:1046A0001305C400A305F400194697C0FE1FE78058
:1046B000200E83270A00A28503C50700EFC0CFE3C1
:1046C0000509C1041379F90F9DB79387C1A29C43D3
:1046D000BDD3EFF05FC52254B25092540259F24953
:1046E000624AD24A424BB24B014545616FF04FB727
:1046F0005D7186C6A2C4A6C2CAC04EDE52DC56DABE
:104700005AD85ED662D466D26AD06ECE630C0526C5
:10471000834735002A898DCB40411DC45945EFE0C0
:104720008FED93178501E1873EC681449389C1A22D
:10473000130A000DC94B054CB54C130D00FDC14DBE
:104740008347390063E1F402B640264496440649A3
:10475000F259625AD25A425BB25B225C925C025DB1
:10476000F24D616182808307C400324763C6E71659
:1047700083A7090063820716034B040093770B019C
:10478000CDCFCD47631EFB06230004002285EFF04A
:10479000EFF8630305148347040011476363F714BC
:1047A0006399870D5145EFC04FCAAA8A6306051267
:1047B0002300A501A30005002301B5010347040060
:1047C000194693052400A301E5000307C40015055D
:1047D000A306E50003471400A30FE5FE97C0FE1FE4
:1047E000E78000FB03470401194693051401A385E4
:1047F000EA001385CA0097C0FE1FE78060F9F1A0A8
:10480000D5476318FB0085472300F400A30B040081
:10481000B5BFF547E309FBFEC9476316FB008947AF
:104820002300F400A5B7C1476314FB008D47CDBF3B
:10483000ED47E31DFBF49147E5B793778B0099C3F0
:10484000AD47F9BF93761B0093774B0091C699C390
:1048500095475DBFA147E9B793762B0091C699C3F1
:10486000A5475DB799476DBF99C3A94755BF9D47F8
:1048700045BF034574015105EFC02FBDAA8A29CD5C
:1048800023104501230195010347040019469305B0
:104890002400A301E5000307C40015052303E50078
:1048A00003471400A30FE5FE97C0FE1FE78040EE0C
:1048B000034674012386CA0019C613854A0123A83A
:1048C000AA000C4C0DBF23A80A0003A70900D68537
:1048D00003450700EFC04FC28504710493F4F40F41
:1048E00085B50345740113050502EFC00FB6AA8A0A
:1048F00065D5231045012301750183460400137714
:104900000B061946558FA301E500034714009305D4
:1049100024001505A30FE5FE97C0FE1FE78040E7C2
:1049200003478400194693051401A385EA00034751
:10493000940013853A012386EA000347A400A38666
:10494000EA000347B4002387EA000307C400A387F3
:10495000EA000357E4002398EA000347040123898F
:10496000EA0097C0FE1FE780A0E203467401A38C13
:10497000CA0011C613850A0223AEAA0099B723AE56
:104980000A00A1B79387C1A29C43E38F07DAEFF037
:104990009F992644B64096440649F259625AD25A23
:1049A000425BB25B225C925C025DF24D014561614B
:1049B0006FF00F8B9727FF1F83C74791A18B13853C
:1049C00001A291E301456FD07F86238401A2FD57A8
:1049D0001727FF1FA30DF78E23A801A223A601A26C
:1049E0009727FF1F9387C782170700001307C7ABDE
:1049F00098C317070000130707AFD8C317070000B5
:104A0000130767BF98C7170700001307A7CED8C7BB
:104A100017F7FFFF1307271F98CB938701A217F7FC
:104A2000FFFF1307472898C317F7FFFF1307270750
:104A3000D8C38280411122C485452A8403C581A23E
:104A400006C6EFF0FF839727FF1F83C72788A98B30
:104A5000B5CB1715FF1F1305A57B238481A2EFD0CB
:104A60008FFC138401A31C4091C74D45B2402244E2
:104A70004101828003C581A219E10145C5BF91654D
:104A80009385B571120597D0FE1FE780A0A923A8D2
:104A9000A1A261DD03C681A21206814597C0FE1F57
:104AA000E78080D2104083C681A28147FD5513F76D
:104AB000F70FE374D7FC1397470032972300B70032
:104AC0008507F5B70145238401A2EFD0CFF575B76F
:104AD000938701A0884301CD411106C697D0FE1FE0
:104AE000E780A0B0B24023A001A041018280828073
:104AF00001111305700306CEEFE0EFAF2AC61305D0
:104B00008003EFE04FAF2AC413059003EFE0AFAE90
:104B10002246B245F240AA86054505616F90F04AEB
:104B20005D711305D00386C6A2C4A6C2CAC0EFE059
:104B30008FAC2A841305C003EFE0EFABAA84130502
:104B4000E003EFE04FAB2A891305F003EFE0AFAAD3
:104B50008A871377F50F9376F90F13F6F40F937591
:104B6000F40F0545EF907047B64026449644064939
:104B700061618280757122C5138401A01C4006C743
:104B800026C34AC1CEDED2DCD6DADAD8DED6E2D40B
:104B900005456388070E9305F1051305F041EF0005
:104BA000513B9305F1051305F041EF00913A83461F
:104BB000F1051717FF1F0347C763B337E00091C222
:104BC00089071840BEC60345370093054700EFD05C
:104BD0005F8A1840AAC40D4583452700AEC2EFE0A6
:104BE0008FA1AAC01145EFE00FA100402ADE654564
:104BF0000347A400034CB4003ADCEFE0CF9FAA8443
:104C00006945EFE04F9F2A897145EFE0CF9EAA8961
:104C10006D45EFE04F9E2A8A7545EFE0CF9DAA8A49
:104C20007945EFE04F9D2A8B13050004EFE0AF9C20
:104C3000AA8B13051004EFE00F9CE2042648B64748
:104C40006257F256064696451375F50F93FBFB0F18
:104C5000137BFB0F93FAFA0F137AFA0F93F9F90FFC
:104C60001379F90FE1842AD05ECE5ACC56CA52C8C5
:104C70004EC64AC426C262C0930844000545EF9060
:104C8000B02FBA402A449A440A49F659665AD65A6D
:104C9000465BB65B265C49618280011122CC06CE60
:104CA0008D472E846316F50603C73500E94703D503
:104CB00045006318F7009717FF1F83D7C753638515
:104CC000A706EF50207F09C5835764002317F5001E
:104CD0000357A400835684000356640083554400A0
:104CE00003453400EFD01FCD035744009717FF1F33
:104CF00083D767506308F7008547F24062443E85DA
:104D000005618280FD571717FF1F2316F74EEDB779
:104D10008967CD07631DF50083C72500314763858B
:104D2000E7004547E39AE7FCEFD0CFD6F1B7B147AC
:104D30006319F5001715FF1F03455559EFD0BFD272
:104D400065BF41677D178147E319E5FA83C65500C2
:104D50004947E394E6FA83C5450003552400300033
:104D600023140100EF50E06041BF411122C406C688
:104D700026C283C741A31307E00F2E846383E70491
:104D80001307F00F6387E7021145EFB01FEC15C161
:104D9000930700FD2300F50089472301F5008547AF
:104DA000A3008500A301F500AA8503C541A3EFB0C8
:104DB000BFF4F957238AF1A2B24022449244410140
:104DC0008280AA841145EFB05FE87DD5930700FD8E
:104DD0002300F5008947A30085002301F500A30106
:104DE00095002244B2409244AA8503C551A34101D3
:104DF0006FB09FF079714AD0138901A08327090011
:104E000022D406D626D24ECE52CC4544C5EF9717B3
:104E1000FF1F83C7A74B958B4944CDC7AE899165CA
:104E2000A38AA1A2AA8493857571314597C0FE1FFC
:104E3000E780406F23A0A1A04D4449C52300950001
:104E4000A30005002946CE85090597C0FE1FE7800F
:104E5000209483270900914603C7270063EEE608E4
:104E60003DEB4D472381E70003C727001367070188
:104E70002381E700930571001305F041EF00710DE8
:104E800083477100F9EB1717FF1F034787368D47DC
:104E90006315F70CEFD06FEC2C00EF60E05B28009F
:104EA000EFD0BFCD4545EFD01FF5014401CD13062E
:104EB00000643306C50291451715FF1F0345C54021
:104EC000EFC0EFA52285B250225492540259F24904
:104ED000624A4561828085466314D700754759B799
:104EE00089466314D7004947B5BF8D466314D70080
:104EF00041478DBF5547BDB795464A8A630ED700D7
:104F000099466316D70009472381E70031A01D4663
:104F10006314C702238107006545EFD0DFED9307D7
:104F2000F007E309F5F403270A008347270093E716
:104F300007042301F7003DBF21466314C70005475E
:104F4000E1B725466315C7002381D700F1B7A9460D
:104F50000544E319D7F6114745BFEFF0BFC12A84D6
:104F600035D1EFF0FFB6B9BF011126CA938401A075
:104F70009C4022CC06CE4944A9C783C707000D44F4
:104F80006391A70489451715FF1F0345E533EFC05B
:104F90008FBA91451715FF1F03450533239C01A2C6
:104FA000EFC06FB99C4001478146A380870013067C
:104FB000F100854785450145A307F100EF90B0005A
:104FC0002A842285F2406244D24405618280011124
:104FD00006CE22CC26CA8547631AF50683D781A35D
:104FE000B1CB1717FF1F0347E72029E71307B003CB
:104FF000636DF70289451715FF1F0345E52CEFC0C8
:105000008FB39307006403D681A33306F602894564
:105010001715FF1F0345452BEFC06F90239C01A27E
:10502000F2406244D24405618280938747FC239C0E
:10503000F1A2FDB7938701A09C43FDD36244F240E7
:10504000D24403C5070005616FF01FF2938401A0ED
:105050009C40F9D79717FF1F83C74727918BE9D348
:1050600089476313F5062D452EC6EFB01FBE2A846F
:1050700045D9B245930700FD2300F500E547A3009D
:1050800005002301F50083C7350015051946230FD8
:10509000F5FE83C745009505A30FF5FE97B0FE1FEB
:1050A000E780006F1715FF1F034555229307F00F88
:1050B0006315F5009C4003C50700A2856244F240D9
:1050C000D24405616FB05FC389451715FF1F0345C3
:1050D000A51FEFC04FA66244F240D244239C01A218
:1050E00005616FF0FF9E9717FF1F83C7271E958BE3
:1050F00091CB938741A49C4381CB8547238DF1A21B
:105100006FF01F9F4945828041458280238D01A217
:10511000854501456F90E06B9717FF1F83C7071BFD
:10512000958B91C78547238BF1A26FF07F9F4945EF
:105130008280238B01A2814505456F90406A9307C9
:10514000C01C63FCA700094582800945F240624407
:10515000D2444249B249056182805DC5011122CC29
:105160002A8421054EC64205AE89916593856571F5
:1051700041814AC806CE26CA97C0FE1FE780803A02
:105180002A8961D5938401A4884009C597C0FE1F70
:10519000E780A045130589002320A90022868145C8
:1051A00023A021A597B0FE1FE78000629C402286C5
:1051B000CE85884397B0FE1FE780805D9C40239298
:1051C0008700938701A09C4385CF9717FF1F83C754
:1051D000E70F958B85CB938701A49C4399CF984388
:1051E00083D647006244F240D2444249B249054660
:1051F0008D45054505616F90805C01478146DDB7AF
:105200000145A9B7494599B7938701A09C438DC72C
:105210009717FF1F83C7870B958B8DC3938701A4B7
:105220009C4381CB984383D6470005468D45054571
:10523000D9B701478146D5BF014582804945828063
:105240009307C01C63FCA700094582800945F24012
:105250006244D2444249B249056182805DC5011170
:1052600022CC2A8421054EC64205AE8991659385DC
:10527000557141814AC806CE26CA97C0FE1FE780F5
:10528000602A2A8961D5938481A4884009C597C082
:10529000FE1FE7808035130589002320A9002286A0
:1052A000814523A421A597B0FE1FE780E0519C40D3
:1052B0002286CE85884397B0FE1FE780604D9C40D4
:1052C00023928700938701A09C4385CF9717FF1FE8
:1052D00083C7C7FF958B85CB938781A49C4399CFC8
:1052E000984383D647006244F240D2444249B249CF
:1052F00005468D45054505616F90A04C01478146E7
:10530000DDB70145A9B7494599B7938701A09C43EB
:105310008DC79717FF1F83C767FB958B8DC3938737
:1053200081A49C4381CB984383D6470005468D4595
:105330000545D9B701478146D5BF0145828049451A
:1053400082809307C01C63F4A700094582807971AD
:1053500022D44ECE06D626D24AD0AE892A8431CD6A
:1053600021059165420593857571418197C0FE1FA6
:10537000E780401B2A89094563010908938441A4F9
:10538000884009C597C0FE1FE780202613058900C5
:105390002320A9002286814523A221A597B0FE1FC4
:1053A000E78080429C402286CE85884397B0FE1FCE
:1053B000E780003E9C4023928700938701A09C4396
:1053C000014585CF9717FF1F83C747F0958B494548
:1053D0008DC76C001305D030EF10312CB24701455A
:1053E00093F7070F99CB938741A49C438D450545BF
:1053F000944303D64700EF90803DB250225492541C
:105400000259F24945618280938701A49C4391CF60
:1054100003D647008C43411106C697B0FE1FE780B4
:105420002037B2400145410182800945828093873F
:1054300001A49C4385C7938781A49843894705C3EA
:10544000035647000C43411106C697B0FE1FE78084
:105450002034B24081473E854101828089473E85A4
:105460008280938701A49C4385C7938741A4984376
:10547000894705C3035647000C43411106C697B040
:10548000FE1FE780E030B24081473E8541018280C7
:1054900089473E8582809717FF1F83C727E3918B3B
:1054A00099CF41111385C1A306C6EFC0FFD8B24002
:1054B000FD571717FF1F2310F7D4410182800145C4
:1054C0006FC09FD7FD57A38AF1A2F957238AF1A293
:1054D000238D01A2238B01A2239C01A223A001A45E
:1054E00023A401A423A201A49717FF1F938787D3A6
:1054F000170700001307472198C317070000130779
:1055000047ADD8C317F7FFFF1307076798C717F70B
:10551000FFFF1307275ED8C717F7FFFF1307876042
:1055200098CB97F7FFFF9387877723AEF1A282800E
:10553000411126C2938401A09C4006C622C485CF97
:105540002A840D45EFB06FF0AA8519CD930700FDB1
:105550002300F5008D47A30085002301F5009C4042
:1055600003C50700EFB04FF919C42244B24092447A
:1055700041016FF0EFD5B240224492444101828054
:1055800079714ECE938901A083A7090026D206D651
:1055900022D44AD052CC8144A1C783C41700854786
:1055A0002A896388F4049717FF1F83C7A7C485441B
:1055B00085EB0D45EFB06FE9AA8505C1930700FDA6
:1055C0002300F5009147A30025012301F50083A7DF
:1055D000090003C50700EFB02FF2EFF06FCF85444D
:1055E000B2502254268502599254F249624A4561CA
:1055F0008280938701A49C434E8A85E30145EFD0C6
:105600008FFF2A8601CA89451715FF1F0345C5CBA1
:10561000EFB0FFB083270A00B1A0944303D6470040
:105620009305E1000545EFC0BFCB69D9834705006D
:10563000858BE9D70545EFD00FFC9307B0032A848B
:1056400063F3A7045D661306067089451715FF1FEF
:10565000034585C7130444FCEFB07FC8239C81A297
:1056600083A709000947A380E7009717FF1F83C797
:1056700067B891C79717FF1F238E07B695B74A855E
:10568000EFF01FEBB1BF130600643306C5029DBFE8
:10569000411122C42A840D4506C6EFB00FDB15C1A7
:1056A000930700FD2300F500CD47A30085002301EB
:1056B000F5002244B240AA8503C551A341016FB051
:1056C000AFE3B240224441018280411122C42A84C6
:1056D0000D4506C6EFB06FD715C1930700FD230037
:1056E000F500ED47A30085002301F5002244B240F8
:1056F000AA8503C551A341016FB00FE0B240224417
:1057000041018280035745000111896606CE22CCF3
:1057100026CA13866600AA876317C7009C470145FF
:1057200083C5070009A813868600631AC7009C4733
:10573000054583C50700EFF04FE305453DA81386F7
:1057400096006313C702138701A01843014515C7CC
:105750009C4703C50700631B050C8547A300F700A2
:105760000545EF80707CD1BF1386A600631CC7007F
:105770009C4703C50700EFF0BFE0F2406244D2440B
:105780000561828013866603E30AC7F813867603F1
:10579000E30FC7F813868603631DC7081C4513076C
:1057A000E00F83C4070083C741A3638EE70213079A
:1057B000F00F6386E7021145EFB02FC9AA8505C136
:1057C000930700FD2300F5008947A30095002301FE
:1057D000F500A301050003C541A3EFB0EFD1F957D0
:1057E000238AF1A299BF938701A098433E84014583
:1057F00049D785EC85447D4523059100EFD0AFDF87
:105800002316A10013050002EFD0EFDE1C40A30514
:10581000A1001307B100A380970074001306A10034
:1058200085450545EF80307A09BF2685EFF05FD0CA
:1058300029B713869603E30DC7F21386E6036317B1
:10584000C7001C45094583C50700F5B59386F603D7
:10585000631DD7021C4503C507003DE96C00130515
:10586000D030EF108163B247414793F7070FE386CB
:10587000E7EC9305B10013056031EF1001620345B9
:10588000B1008545EF80F0744DBD8966138606042E
:105890006313C7041C4503C4070083C7A1A3228563
:1058A00085EB0D45EFB06FBAAA85E30805E89307CD
:1058B00000FD2300F500D1472301F500A30085007A
:1058C000938701A09C4303C50700EFB0EFC2B5B5B5
:1058D000EFF01FDC9DB513861605631BC7001C4542
:1058E00003C5070021E585450545EF80506FB1B53B
:1058F000938626050145E312D7E89C4703C40700B9
:1059000083C761A322859DE30D45EFB00FB4AA853F
:10591000E30505E2930700FD2300F500F147A3002E
:1059200085002301F50003C551A345B7EFF0FFD96A
:1059300029B541119717FF1F83C7479906C6958B55
:1059400099CB1715FF1F1305E58DEFC09F8E4D45B1
:10595000B240410182800145EFC0BF8D0145CDBFFE
:1059600003C70500937625009377D70F99C29367F5
:105970002700131885011358884113F7F70763545C
:10598000080013E70708937685009377770F99C28D
:10599000936787001377050293F6F70D19C393E613
:1059A00007022380D500634508009377A50281CBC9
:1059B0008347060093E7C7002300F60082807DFD41
:1059C00083470600CD9BCDBF2D456319071403C542
:1059D000050009476310E51401114EC6BE89DC417C
:1059E00022CC26CA4AC806CE03C7170083C70700C1
:1059F000B68422075D8F42078D664187938736A064
:105A000032842E896301F70E63C0E702938716A0E4
:105A10006309F70A63C1E70E938606A0630CD706F5
:105A20002390040005454DA8938766AA6305F70CEB
:105A3000938786B8630BF70C938646A0E312D7FED4
:105A4000DC45DDC721472390E40003D7070023008E
:105A5000E60003D707002183A300E60003D7270051
:105A60002301E60003D727002183A301E60003D723
:105A700047002302E60003D747002183A302E60084
:105A800003D767002303E60083D76700A183A3033E
:105A9000F60091A0C84597B0FE1FE78000D44205EC
:105AA00041814E86637335012A862390C4004206E5
:105AB00041828325C900228597B0FE1FE78040CD33
:105AC00019A8DC4583D707002390A4002300F60023
:105AD000A183A300F6000145F2406244D24442494A
:105AE000B2490561828099472390F4001946D1B7E5
:105AF00023900400CDB785472390F4008327C90085
:105B000083C707002300F400F9B7E1472390F400AE
:105B1000614645B72390060005458280828083C890
:105B200005008947639BF814DC41797122D406D6BD
:105B300026D24AD04ECE52CC03C8170083C70700E6
:105B40002E8422083368F80042088D6713580841F4
:105B5000138327A0630468102A8A3A89B684B28521
:105B6000634C0301138707A0630AE802938717A019
:105B7000630BF808854711A8138737A0630CE80A60
:105B8000138767AA8D47E317E8FEB2502254925458
:105B90000259F249624A3E8545618280484432C6D4
:105BA00097B0FE1FE78060C3420541819D47E36EC9
:105BB00025FDB309990083C7E1A4B24563D4370139
:105BC000B547E1B748442686C2094A9597B0FE1FFB
:105BD000E78000BC484403C6E1A493D90901050647
:105BE0003306364181454E9597B0FE1FE780C0BD14
:105BF000938701A59C4399E3814741BF9C4381451D
:105C0000E5DF528535A0AD47E31109F8E39A16FBAD
:105C100083471600834606005844A207D58F2310F9
:105C2000F700938701A59C43E1DB9C438545E9D7B9
:105C30008297D9B7AD47E31A09F49947E392F6F88A
:105C40004844194697B0FE1FE78080B4938701A5AA
:105C50009C43DDD39C43CDD38D4565B7AD4715F748
:105C60008547E39FF6F40347060093070008E3EE39
:105C7000E6F0DC452380E70041B785473E8582801A
:105C800023A801A4A38701A4238701A4B707A00028
:105C90009385C183938707059CC1B707E803DCC1DF
:105CA00017B601001306461E97D7FE1F9387478B32
:105CB0000947938E7183D0C317B601001306061AE5
:105CC00085462380EE00138E418393888183D0C75D
:105CD00023AED70117B60100130686191383C1A49A
:105CE000138861831385518397BE0100938ECE186C
:105CF0002300EE002380E8002380E7002388E700EC
:105D00002380E7022388E70223AEC7032380E7044A
:105D10002300E8002384D70023950700D0CB238CF1
:105D2000D700239D070023A2D7032384D7022395FE
:105D3000070223A60702D0DB238CD702239D07028C
:105D4000231003002300D50017BE0100130E8E118F
:105D500023A2C7052388E70423AE17052380E7069F
:105D60002388E7062380E70897B801009388881105
:105D700017B701001307470F23A2E7082384D704AE
:105D800017070000130787C42395070423A6670499
:105D9000F0CB238CD704239D070423A21707238469
:105DA000D70623950706ECD7F0DB238CD706239D77
:105DB000070623AE07072384D7082395070823A6E1
:105DC000A70897D7FE1F9387A78298C317070000DD
:105DD000130727D5D8C323A407008280A54763E80B
:105DE000A71017B701001307E7920A053A951C415F
:105DF000011122CC26CA06CE4AC8BA97B2842E8494
:105E000082879307800F63F9B7006145F2406244CF
:105E1000D24442490561828097C7FE1F9387477429
:105E2000C8573E8919C597B0FE1FE780007C2387BD
:105E300001A413061400916593850571328532C65D
:105E400097B0FE1FE780006E17C7FE1F2320A774C0
:105E50004DDD3246814597B0FE1FE780E096032571
:105E6000C9022286A68597B0FE1FE780609223872D
:105E700081A4014561BF8947E399F5F8835706007E
:105E80002396F1A4FDB7A147E391F5F82146A68535
:105E90001385C18397B0FE1FE780808FD9BF8547E8
:105EA000E395F5F697C7FE1F9387876BD04F97C58D
:105EB000FE1F9385656D03C50400EFF07FAA55BFF3
:105EC0008547E394F5F497C7FE1F93876769D05F12
:105ED00097C5FE1F9385456DF9BF8547E397F5F29A
:105EE00083470600A38AF18269B7094505B70945CA
:105EF000828083C7F1A495E38547A387F1A4058930
:105F000009CD97C6FE1F9386A66E4146A54517C5C7
:105F1000FE1F1305E5646F20A03C0145828001113E
:105F20001388F5FF06CE22CC26CA4AC84EC652C4F4
:105F30001378F80FAD4563EE050BBA890A0817A769
:105F400001001307A77F3A983E8A83270800368905
:105F5000B284BA9782878545EFC0AFCC2A8419E115
:105F6000EFF03F9D2285F2406244D2444249B2495B
:105F7000224A056182808945EFC0AFCA2A847DF13B
:105F80002685EFE03FABF9BF9145EFC08FC92A846A
:105F900071F95286CE854A85EFC0CFBDEFF07F996B
:105FA000EFF06FCFEF50302775BFA145EFC06FC73F
:105FB0002A844DF95286CE854A85EFC0AFBB26852F
:105FC000EFE05FA7EFE01F9FEF50102361BFB145E7
:105FD000EFC02FC52A8459F55286CE854A85EFC079
:105FE0006FB92685EFE01FA5EFE0DF9CEF50D020D2
:105FF00075B7094485BFBD47638CF50663E9B702F1
:10600000A5476387F50663EDB7009947638CF504F0
:106010009D47638FF5049547638CF50401458280A5
:10602000B5476387F50463E1B704AD47F5B7DD47CE
:10603000638EF50263EAB700C947638BF502D9475F
:106040006386F502C547C9BFF5476383F50263E47C
:10605000B700ED47D1B793072005638BF500930791
:10606000200D5DBF484582800841828008458280BE
:10607000484182809307F00F630EF506011126CA8E
:10608000AA841305000222CC4AC84EC652C456C286
:1060900006CE3A89B689B28A2E8AEFA01FBB2A841F
:1060A0004D4515C8930700FB2300F400A3005401DD
:1060B0002311440123023401130584006146630562
:1060C0000902CA8597A0FE1FE780806CA2852685FD
:1060D000EFA09FC20145F2406244D2444249B24916
:1060E000224A924A05618280814597A0FE1FE7807F
:1060F000A06DE9BF09458280011122CC06CE2A8419
:106100002306B100A306C100EF40C03A0DC103470A
:10611000C500A1476311F70278009306E007014626
:10612000A2851705FF1F0345851AEFF0BFF4F24063
:1061300062440561828078009306E0070146A285EB
:106140001705FF1F03459518CDB793070064330665
:10615000F6026FB04F8F05C90347050085469307C8
:10616000270093F7F70F63F0F602411122C42A8447
:106170003A8506C6EFB0CFA0FD572300F400B24029
:106180002244410182808280035705009307000B5F
:106190006313F702834745004947639CE7000347C1
:1061A000150185476399E7000355250085456F2054
:1061B000103D6D47C5BF8280011122CC06CE2A84D6
:1061C0002EC632C436C2EF40E02E0DCD8346C50048
:1061D000A14712472246B245639EF600B2861705D4
:1061E000FF1F0345C50E2E86A2856244F24005615D
:1061F0006FF05FE8B2861705FF1F0345350D2E8649
:10620000A285E5B7F240624405450561828023AC72
:10621000A1A48280011122CC26CA06CE2A84AE8493
:10622000EF404029A6852285EF1081321DE52285A9
:1062300023169100EF4000280DC10347C500A14778
:106240006312F7021705FF1F0345650878009306E0
:10625000F0070146A285EFF0FFE1F2406244D2442C
:10626000056182801705FF1F03455506C5B701115B
:1062700026CA06CEB68422CCDD4663E2B608D946ED
:1062800063FED50AA5466381D50A63EEB60495463A
:10629000638CD50899466387D50A054441687D1803
:1062A000631606093AC6EF10612E33068540324761
:1062B00042064182420441803305C4004205BA854A
:1062C000418132C6EF20D03BAA8749C181C4324602
:1062D0002390C400B30580406244F240D2443E851E
:1062E00005616F10010CC5466380D504C9460D4495
:1062F000E395D5FAC167FD17E31EF6FA65B7F546D3
:106300006380D50463E4B600ED46D5B79306200557
:106310006388D5029306200DE391D5F8C167FD1778
:106320000D446319F600BDBF09448DBF9306200DCF
:10633000E392D5F8310642064182ADBF15445DBFF8
:106340000D444DBFC167FD171D447DB7F240624447
:10635000D2440561828079714ECEAE89C16526D264
:106360000147AA84894617B60100130666B2FD15D7
:10637000054522D406D64AD0EF009061054431CDC0
:106380002A891307300281461146F5452685EFF02C
:106390001FEE2AC6554431C18357A900CE86014657
:1063A0002314F10091472315F10085472300F500E0
:1063B000B2472C002685A38007003247FD572301F2
:1063C000F7003247A301F700EF0050522A8411C5AD
:1063D000324597B0FE1FE78040212285B2502254FB
:1063E00092540259F24945618280411106C6EFF08C
:1063F0009FC019C5B240410117B3FE1F6700E31EDD
:10640000B24041018280011106CE2AC6EF00117F01
:106410003245914523AA01A423AC01A49707FF1F8D
:10642000A384A7EAEF20F020F24005616F10F07F0F
:1064300093970501C18763D8071279711705FF1F6C
:10644000034595E822D44AD006D626D22E89EFA05D
:106450003F842A8449CD034705009307000A63154A
:10646000F70885474C08A305F100EF102105AA8421
:1064700005ED8347610171476374F708138717FEC1
:106480001377F70F9306000263F3E608858BC5C701
:10649000938741A59C43994481CB0355240013065F
:1064A000B1004C088297AA848347B10099C7084479
:1064B00009C597B0FE1FE780401395E05247B70724
:1064C0000001938707F07D8FB707120093870710AD
:1064D000630CF70003476101ED476317F7000355AD
:1064E00024008545EF20B0092285EFA04FF3B2507C
:1064F000225421653345A900925402594561828096
:106500003707301405073357F700058B41D313873E
:1065100081A5184351DB0347510159F72306F100C8
:1065200099472308F100035524006C00231701004C
:10653000EF10A11795BF938781A59C439DC3035579
:1065400024001306B1004C08829739DDAA848347E2
:106550005101B9FB83476101230891002306F10033
:10656000D9B79944EDB701458280014582809706ED
:10657000FF1F83C6F6D5814763E5D70001473A85FB
:1065800082802E87910503D6C5FFE30AA6FE850704
:10659000E5B70DCD834725000547890793F7F70F2A
:1065A0006376F702411122C406C62A84835505008A
:1065B000034535000147F9465D46EFF0BFABF9579B
:1065C0002311F400B24022444101828082801707E7
:1065D000FF1F0347F7CF8147FD5663E3E700828043
:1065E0002310D5002301050085071105FDB70145DE
:1065F0008280938531859307000285462380F500CC
:10660000FD572389F184A382F1842382F1842398A6
:10661000D184239E01A423A201A623AA01A623A418
:1066200001A61386818497B70100938767855CC2B2
:10663000238F01A497C7FE1F938747FC09472300B8
:10664000E6002380E7002388E7002380E702238811
:10665000E70217B701001307E781D8DB0D47238C4A
:10666000E702138701A618432384D700D0C7238CE1
:10667000D70017B501001305258117A601001306E1
:10668000267F97B601009386A680C8C3239507008E
:10669000D0CB239D0700CCCFD4D3238407022395EE
:1066A000070223A60702239D0702D8DF97C7FE1F14
:1066B0009387C7F8170700001307870C23A007006C
:1066C000D8C323A407008280411106C6EFF03FEA39
:1066D00011C503452500B240410182800145E5BF57
:1066E000411122C426C24AC006C6AA842E89328419
:1066F000EFF0FFE711E94165CA857D15EFF03FE74F
:10670000C54711C523109500230185008147B2407C
:106710002244924402493E854101828029E789480A
:10672000354763931605011106CE22CC26CA0347CE
:1067300016000346060093C7F7FF2207598EF18F14
:1067400032C68DE7C4452A84A685EFF0FFF73246AE
:106750000147630FA60022856244F240A685D24419
:1067600005616FF0FFF72D473A8582801307000817
:10677000F2406244D2443A850561828083C80500B4
:1067800009486395080303A8450083471800034898
:106790000800A207B3E70701C2070D68C187130805
:1067A00028906395070189476FF05FF70545828060
:1067B00003C751849307F00F630AF70441114AC0DD
:1067C0002A89294522C426C206C63284AE84EFA097
:1067D000CFC71DC59307100B2310F500230205003A
:1067E0002314850022442311250123139500B24070
:1067F00092440249AA8503C5518441016FA0CFCFBD
:10680000B240224492440249410182808280411177
:10681000938701A626C2AE848C4322C406C62A846E
:10682000EFF09FEA098909C922852244B240A68572
:10683000924441016FF03FB2B24022449244054578
:1068400041018280411122C426C24AC006C6AA84E0
:10685000130445001309850B835704009DC30844A6
:1068600009C597B0FE1FE78040D822853146814593
:1068700097A0FE1FE78040F53104231A04FEE31DB4
:1068800024FDB2402244FD572390F4000249924473
:10689000410182809387C1A698431706FF1F0346D4
:1068A00036A381476315F600814636858280BA8615
:1068B0001307870B835587F4E389A5FE850793F7B4
:1068C000F70FCDB7938741A79C4399C703D74700DC
:1068D000E31CA7FE8847828001458280411106C6DD
:1068E000EFF05FFE09C50845B240410182800145D5
:1068F000E5BF011126CA9384450022CC4EC606CEC0
:106900004AC852C456C25AC02687814901448146AA
:1069100081473D450356070055CED9E20354470051
:1069200083572700B286A297C207C1838509310722
:10693000E392A9FE25C82E8991659385457022852D
:1069400097B0FE1FE78000BE2A8B29CD814A014AFD
:106950008C4485C503D6440033054B0197A0FE1F28
:10696000E78000E383D7440088443E9A420A135AE2
:106970000A0197B0FE1FE78040C763890A003146CD
:106980008145268597A0FE1FE78000E4850AB104B3
:10699000E3E03AFD2326690123148900054521A07F
:1069A000630DD6000145F2406244D2444249B249E7
:1069B000224A924A024B0561828003562700E31364
:1069C000F6FE035647003294B2974204C207418054
:1069D000C183A9BF0545E37835FDA9BF938781A68B
:1069E0009C4399E30145828098470357A700E31928
:1069F000A7FE138547008280411106C6EFF01FFEF7
:106A000011C503550500B240410182800145E5BF33
:106A1000411106C6EFF09FFC11C503452500B240A9
:106A2000410182804145E5BF411122C42A842E855F
:106A300006C6EFF0FFFDAA8505462285EF30902AB5
:106A400095476305F500BD476313F5002145B24046
:106A5000224441018280411122C42A84090506C6CC
:106A6000EFF06FEFFD57A301F400B2402244410163
:106A70008280938701A79C431707FF1F0347578511
:106A80002A86050781463E8583D707006388C700AD
:106A9000850693076500E3E8E6FE01458280411123
:106AA00022C4416406C626C29307E4FF630EF500C4
:106AB000AA8485E1EFF0FFFB01E91305F4FFEFF095
:106AC0005FFB19C123109500B2402244924441015A
:106AD000828085476394F504EFF0BFF92A846DD571
:106AE000FD572310F500834724001307F00F63843C
:106AF000E7021307E00F638AE7000345340001470C
:106B0000F9465146A685EFF0EFD62285EFF0BFF4A7
:106B1000FD572301F400230204007DB78947E39564
:106B2000F5FA8545EF30703B45F12685EFF07FF4AF
:106B30002A8455F951BF5D71A6C24EDE86C6A2C435
:106B4000CAC052DC56DA5AD8AE8483C52500F9474C
:106B5000AA896396F504EFF0DFF12A8409ED014478
:106B60002285B640264496440649F259625AD25AC2
:106B7000425B61618280834725000547890793F75F
:106B8000F70FE37EF7FC034535000147F946014660
:106B9000CE85EFF02FCE2285EFF0FFEBC9B783AAA9
:106BA0000400B7070001938707F037071200B3F717
:106BB000FA0013070710328A0149638AE7022EC6DA
:106BC000EFF03FEB2A89B2451DC10346450005C2DF
:106BD00093178601E187E3C407F84E85EFF0CFD124
:106BE0008347490093E707F82302F9008DBF03C7E5
:106BF00021859307F00F1944E304F7F6E147E3E139
:106C0000B7F693D71500FD178E0717A701001307D6
:106C1000E7B5BA9703A80700E30408F403AB4700FD
:106C2000E3000BF4C20A93DA0A0163850A00C9473C
:106C3000E398F5F283D64400904483C5140003C55D
:106C40000400380802982A8401FD2C084E85029B16
:106C50002A8421C983C71400E39407F083C7240062
:106C6000230AA10039472308F1006399E70262472C
:106C70008347170003470700A207D98F0C084E85EA
:106C80002319F100EF007122E30B05EC140805460F
:106C9000D9454E85EFF04FD22A84D9B5835781016B
:106CA000F1BF83C624009147E38BF6EA380801461A
:106CB000CE8503C52185EFF0EFBB2A84E31205EAF8
:106CC00083C524002808EFF00FB319C123000A0080
:106CD0009840B7070001938707F07D8FB707120030
:106CE00093870710E30DF7E6E30B09E683C724005B
:106CF0002302F900B5B5011106CE2EC6EFF07FD7FD
:106D000001CD83474500B245138717006396E50020
:106D100093F707F82302F500F2400561828093871C
:106D200081A6984319E3014615A81C4703D8A7007C
:106D3000636B050183584700B38608016355D5008E
:106D40008146639416011843F1BF3E86C10703D301
:106D5000A7FF6317A30099C12390050132858280A4
:106D60008506C206C182F1BF397152D42E8A4ED631
:106D70009305E101AA89528522DC4AD856D206DE63
:106D800026DA328936C63AC4BE8AEFF05FF9054486
:106D900035C5AA840355E1013944EFF0BFB239CDBE
:106DA00003284500630C08042247B246D6874A866A
:106DB000A6854E8502982A8431E19307E00F638F00
:106DC000FA0203C704008947631AF702D8408347D1
:106DD000170003470700A207D98FC2070D67C187B5
:106DE00013072790639CE7008347190003460900B7
:106DF000D285A2075D8E4E85EFF09F9B2285F250D3
:106E00006254D2544259B259225A925A2161828014
:106E1000797122D4035425004ECEAA89228556CA00
:106E200006D626D24AD052CC5AC85EC662C4AE8AB2
:106E3000EFF05FA601E92285EF00D157594429E917
:106E40000144B9A003C789008547AA840144631A95
:106E5000F702AA8513858900EFF0BFA929CD03D7D2
:106E6000640083D68400D04483D5440003D5290030
:106E7000E147EFF07FEFD9472A846318F50223A694
:106E800004002685EFF01F9C49C0D947E30AF4FAB5
:106E90002285B250225492540259F249624AD24A8F
:106EA000424BB24B224C4561828061DD83D7440066
:106EB0002390FA00F9B713894400014AB94B594CA1
:106EC0003D4B83550900D5DDE14763067A01035741
:106ED000C90011C3D9470357290083564900032627
:106EE000890003D52900EFF03FE82A846319850162
:106EF00023240900050A3109E3156AFD59B77DD934
:106F0000835709002390FA00F5B703D529002DB760
:106F100001112317C1009307E00F1306E100014799
:106F2000894606CEEFF05FE4F24005618280797118
:106F300022D42A840355850026D2AE8493052101EC
:106F400006D64AD0EFF0BFDD6308050E8347850003
:106F50002AC693F707028DCF03552101EFF01F9842
:106F6000AA87B24501ED8357840039452390F40088
:106F7000B250225492540259456182800355240034
:106F80004946829711C5835784002390F400CDB7FA
:106F9000035924004A85EFF0FF8F11ED41657D15FF
:106FA000EFF05F8F19E58357840025452390F400A7
:106FB000C1B723102501130745008147BD4603567D
:106FC00007002DE63147B387E702130984003146F5
:106FD000CA8591073E959790FE1FE780607B3146FA
:106FE000CA8548089790FE1FE780807A0356C40040
:106FF0000355240041478146DD45EFF04FA72ACED7
:1070000019E58357840045452390F40095B70C4853
:107010000356C4009790FE1FE78080770355240035
:107020004C08EF00F13429D5594599B78507310748
:10703000E397D7F8254581BF0545B1B7797122D4CB
:107040002A840355850026D2AE849305E1014AD0F7
:1070500006D63289EFF0BFCC51C58347850093F740
:107060000702A9E7034714019307200519E38347A3
:1070700044008356A40050448355840003552400E3
:107080000147EFF07FCEAA8721E98347140199E7F2
:1070900003552400EF00F128D94711E18147B25090
:1070A0002254925402593E85456182802AC6035576
:1070B000E101EFF0BF82AA8705C9B245035524005C
:1070C00049468297AA8759DD035784002390E4003C
:1070D0000347140161F7E1B75947E317E5FE2300C1
:1070E00009006DBF8547CDB7B947F9BF397122DCBB
:1070F0004AD84ED652D406DE26DAAA892E8A32C65D
:107100003689EFF01F97094415C5834725001307FB
:10711000E00FAA845D44638FE7001307F00F594422
:10712000639AE700324605E2D2854E85EF00712C66
:107130002A8415CD2285F2506254D2544259B25954
:10714000225A2161828003550A009305E101231F21
:107150000100EFF0DFBC0355E101EFF07F8BAA8562
:1071600005464E85EF3000382A845DDDE1B7930790
:10717000F00FE301F9FC938624007946A68517F504
:10718000FFFF13054541EFE05FFCA38124015DB7DC
:107190003971938781A626DA844352D45AD05ECEC1
:1071A00062CC06DE22DC4AD84ED656D266CA2A8B7C
:1071B000AE8B328C368A99E08149B9A0804483DC59
:1071C00044000149835AA400631499018440E5B73F
:1071D0008357A400A28963F867010509420913597E
:1071E00009014104D5B7E3EAFBFE630C0A008345BD
:1071F00004004840D28662863AC6EF002125324715
:1072000069DD19C323105701F25062544E85D254E0
:107210004259B259225A925A025BF24B624CD24CFA
:107220002161828003D7050083D62500854763E965
:10723000E60439C7411183C6450026C29384550030
:1072400022C426862E8417A501001305E5C38945AF
:1072500006C6EF00A11FC14711CD834644008355E8
:1072600024000355040001472686EFF07FF2814792
:1072700011E1A947B240224492443E8541018280F7
:107280003E8582802E860355060083D525008547DE
:1072900063E2A50205C18346460041110147150678
:1072A00006C6EFF0FFEE814711E1A947B2403E85E7
:1072B000410182803E8582802E860355060083D55B
:1072C0002500854763E2A50205C1834646004111BA
:1072D0000147150606C6EFF0BFEB814711E1A9474C
:1072E000B2403E85410182803E85828039714ED612
:1072F00083D7250083D9050006DE22DC26DA4AD8AA
:1073000052D456D25AD05ECE62CC66CA6AC863E006
:1073100037198547638E0914416BAE8A2A8A231474
:10732000010002C6014401497D1B894B054CC94C33
:10733000054D83D52A000147814601464E8523131A
:107340000100EFF0FFE4AA846300051209EC1307C3
:107350002002930661005A8695455285EFE03FF181
:107360002A84630805120357810083C7040045C7B8
:107370000347A100630CA70741476385E7022C0080
:107380005285EF00E14709CD34001546D9455285B5
:10739000EFE09FE211C5324597A0FE1FE780E02491
:1073A0008147F9A083D7A400414613052400230098
:1073B000F40083D7A400A183A300F400CC409790ED
:1073C000FE1FE780E03C4904835781008507C20720
:1073D000C1832314F10063F9270983D7A4006385CF
:1073E00067098509C20993D90901A1B7E39977F91A
:1073F00083D7A4000946130524002300F40083D793
:10740000A400A183A300F400CC409790FE1FE78066
:107410002038110455BF22C60359610003C7A400D8
:1074200013052400638277033359990323057101FF
:107430002300E40083D7A4004146A183A300F40005
:10744000CC401379F90FA5BF230581012300E40087
:1074500083D7A400135929001379F90FA183A3003E
:10746000F4000946CC4055B78357810089FBA947F2
:10747000F2506254D2544259B259225A925A025B83
:10748000F24B624CD24C424D3E8521618280854751
:10749000C5B7C547F1BF03C721A8854763F3E70612
:1074A000011122CC26CA4AC806CE2A843289AE846B
:1074B000EFF02FDC01C9034725009307E00F5D457E
:1074C0006308F700631C0900A6852285EF00416F61
:1074D000F2406244D24442490561828003D50400EF
:1074E0009305E10023170100EFF07F830355E100CE
:1074F000EFF00FD2AA8505462285EF20B07E69D530
:10750000C1BF5945828013F7050201C7B2856FF0EC
:10751000AFD1411126C24AC006C622C413F9850064
:10752000AA8463170900139785016187635D0702C9
:1075300032853684EFF0CFCDAA8505466313090066
:1075400001462685EF20107A01E90145B240224428
:10755000924402494101828083479400E5DB8347DE
:107560008400E5F7E5B793F72500E5F30D45F9BF8E
:107570007971AE8622D42A8403D506009305E101F1
:1075800006D636C6EFF0AFF909CD83458500B24681
:107590000356E1012285EFF01FF7B25022544561F6
:1075A00082800545DDBF13F7050201C7B2856FF084
:1075B000AFC7411122C426C206C693F485002A84AF
:1075C00091E4139785016187635007023285EFF0DC
:1075D0002FC4AA85054691E0014622852244B24087
:1075E000924441016F20107093F72500014591E30B
:1075F0000D45B24022449244410182807971AE86A9
:1076000022D42A8403D506009305E10136C606D6A6
:10761000EFF0EFF0B24601CD834585000356E1015E
:107620002285EFF05FF8B250225445618280054513
:10763000DDBF797126D2AA840355A500C16722D483
:107640004AD04ECE06D623170100FD173284B689E4
:107650000149630DF500050583C60400D0404205CD
:107660001307E1004181EFF0BFB22A8983C604000D
:10767000D040894517A5010013050581EFF0105D85
:107680001DC503D4A4002285EFF00FB709C57D14F2
:107690002A94420441806384090023908900B250F7
:1076A00022544A8592540259F2494561828083C628
:1076B0000400D0408945179501001305257DEFF0A2
:1076C000F05861F183C60400D04089451795010048
:1076D0001305057AEFF0905719C9E30609FA8357A5
:1076E000E100E39287FA0354A9007D145DB703D447
:1076F000A40055B7397122DC26DA4AD84ED652D4C6
:1077000056D25AD062CC06DE5ECEBE8983C78500D3
:107710002A8AAE84C18B328C36843A89C28A468BDF
:107720009DE783CB04008947638BFB046285EFF000
:107730006F991DC183280500638008025A88D68787
:107740004E87CA862286A6855285829839A03285C0
:10775000EFF0CF98AA8711ED3945F2506254D25418
:107760004259B259225A925A025BF24B624C216141
:1077700082802946A6855285829745D5F9BFD84093
:107780008347170003470700A207D98FC2070D6779
:10779000C187930607906384D72263CEF6069306CB
:1077A0002780638ED70C63C1F60213070780E3CFEF
:1077B000E7F62D45E39309FADC4403C60700CC4302
:1077C0002310C900228569A213073780E390E7F6EA
:1077D0002D45E39409F885472310F900DC448145E1
:1077E00083C707002300F40003D5A4000505420564
:1077F0004181EFF0CFD2835709006317051291073B
:107800002310F90011468145130514009790FE1FBF
:10781000E78080FB29A2930627906383D71863CE65
:10782000D71293063790638CD71813074790E39FBE
:10783000E7EE2D45E39309F2DC441D472310E900F0
:1078400003C707002300E40003C71700A300E400F8
:1078500003D727002301E40003D727002183A301D6
:10786000E40003C747002302E40003D76700A30234
:10787000E40083D76700A1832303F4004DA02D45C6
:10788000E39D09ECDC446C0083C9170003C70700C3
:10789000A209B3E9E90011472310E90083C70700F3
:1078A0004E852300F400DC4483C71700A300F400D6
:1078B000EFF0EFC6AA8435C50356C100C165930633
:1078C000E100FD158329C500EFF0BFD619ED83C691
:1078D0000400D0408945179501001305255BEFF0A2
:1078E000F03601E5FD572317F10003C7090089476A
:1078F0006310F70283A549000946130544009790D9
:10790000FE1FE780E0E88357090089072310F9008C
:107910008357E1002301F400A183A301F400014592
:107920002DBD23173101EDB7034705008907BA972D
:107930002310F9008357A500A300F4008357A50086
:10794000A1832301F400034605004C4113053400D4
:107950009790FE1FE780C0E3D9B7C8449790FE1FF9
:10796000E780A0E793170501C1832A871D45E3E659
:1079700037DF6399F90023100900CC44035609004E
:10798000CE9589B54207B3863A01418363C7E600C5
:10799000B38737412310F900CDB723105901F1BF48
:1079A0002D45E39C09DACC445285EFE0FFD123104A
:1079B00079012300A4002181A300A4008DB72D45E7
:1079C000E39D09D8DC442310790183C70700230015
:1079D000F400DC4483C71700A300F40089B75D718D
:1079E000CAC02A89035525004EDE52DC56DA5AD821
:1079F0005ED662D466D26AD06ECE86C6A2C4A6C255
:107A00002E8BEFF0B038130CF5FF931D0C01C16BFA
:107A1000AA8A814917FAFE1F130A0A8293DD0D0113
:107A2000938C41A6138DC1A5FD1B8357C90063F834
:107A3000F90097F7FE1F83D7278063CE8701035590
:107A4000290097E5FE1F9385257FEF000102AA8498
:107A50001DCDD9442DA883278900139719009305BC
:107A6000E100BA9703C4170083C7070022045D8CA6
:107A70002285EFF0CFAAAA851DE923108B000325EC
:107A80004A00854409C597A0FE1FE78000B6B640AE
:107A90002644268506499644F259625AD25A425BD8
:107AA000B25B225C925C025DF24D61618280834830
:107AB000490083A60C000356E100035529006E8897
:107AC00081476A87EFF01FC3AA8411C523108B007A
:107AD00003254A0045BF83274A0095E30355290043
:107AE000514781465E86BD45EFE06FF897E7FE1F80
:107AF00023A6A77409E523108B00C54449BF97E767
:107B0000FE1F83D7677303D7C1A53E97634757010D
:107B100013C7F7FF5697239EE1A403254A0083A5C8
:107B20000C0003D6C1A53E959790FE1FE78040C686
:107B300083570A0003570D008509C209BA9717E752
:107B4000FE1F231BF76E93D90901C5B5397122DCDD
:107B50002A840355250006DE26DA4AD84ED652D4AA
:107B60005AD05ECE62CC66CAAE8B56D2EFF01022EF
:107B70002A8A8346C4008355A400035584007800F4
:107B80001306D400930CBAFF651AEFF06FE0420AB7
:107B9000416B2A898144135A0A01138C41A697E943
:107BA000FE1F938969697D1B6302090463D09405F4
:107BB0008348440083260C000356C100035524006B
:107BC000528881471387C1A5CA85EFF0BFB215C59A
:107BD000814A0356C1008355A4004A859306E100FB
:107BE000EFF03FA52A89639D0A065DFDE5E0835716
:107BF000840029452390FB0081A00356040183D70C
:107C0000C1A5E317F6FC83250C0048489790FE1F9A
:107C1000E78000C155DD83A74900A1E30355240097
:107C2000454781465A869D45EFE06FE41DE1835745
:107C3000840045452390FB00F2506254D2544259CF
:107C4000B259225A925A025BF24B624CD24C2161D9
:107C5000828097E7FE1F23A3A75E835AA90095BFE2
:107C600083A74900A6972380570193871400139791
:107C7000070183A74900418393DA8A00BA972380DA
:107C800057011387240083A64900938734004207D5
:107C900091044183C207C204C183C180369711CDCC
:107CA0008356E1002300D70003A74900BA97035782
:107CB000E10021832380E700C5BDFD562300D700E6
:107CC00003A74900BA972380D7000DB703552400B6
:107CD000898097E5FE1F9385255697E7FE1F239D14
:107CE0009754EFF0903E29D95945B9B7411122C4B4
:107CF00006C693F705012A84328585C3EFE05FD17C
:107D0000AA8505462285EF20E07D95476305F500AD
:107D1000BD47631DF502214515A893F7450099CB92
:107D2000EFE01FCF0546AA8522852244B2404101DB
:107D30006F20407B93F7050489C7EFE07FCD0146B4
:107D4000DDB713F51500133515000605B2402244C2
:107D50004101828079714AD04ECE52CC06D622D4CF
:107D600026D22A8AAE89014983D749006364F90083
:107D70000145A1A083A7090013141900930414005E
:107D80003387970003470700A29703C50700220720
:107D90009305E100598DEFE09FF805E983A70900FD
:107DA00005453E94034704002380E70083A70900AC
:107DB000BE9403C70400A380E700B250225492543B
:107DC0000259F249624A4561828083458500035623
:107DD000E1005285EFF09FF105C183A709003E94B1
:107DE000034704002380E70083A70900BE9403C76C
:107DF0000400A380E700D1B705094209135909011E
:107E0000A5B7011122CC2A8403D505009305E10012
:107E100006CEEFE0DFF001CD834585000356E1009B
:107E20002285EFF0BFECF240624405618280054597
:107E3000DDBF397126DAAA840355250006DE22DC6F
:107E40004ED652D456D25AD05ECE62CC66CA6AC8DA
:107E50002E8A4AD8EFF08073AA8A83C6C40083D5DD
:107E6000A40003D58400138CAAFF78001386D400E5
:107E7000EFF00FB2420CC16CAA890144135C0C01F3
:107E8000138BC1A5938B41A6FD1CED1A17EDFE1FA8
:107E9000130D8D3A638D09180356C10083C58900FF
:107EA00003D52400EFF09FE42A89631D051683C8DB
:107EB000440083A60B000356C10003D5240062884A
:107EC00081471387C1A5CE85EFF0DF822A89631B26
:107ED000051439C003D7C1A5110797E7FE1F83D743
:107EE000C7356395E700A29763C0570997E7FE1F60
:107EF00083D7A7343354F40203D5240097E5FE1F3B
:107F00009385853397E7FE1F23988732EFF070390A
:107F10002A890DC559491DA003D52400494781462A
:107F20006686C545EFE0AFB497E7FE1F23A8A730EC
:107F30000DE583D7A90045492310FA00F250625499
:107F40004A85D2544259B259225A925A025BF24B94
:107F5000624CD24C424D2161828083570B009107C5
:107F600017E7FE1F231BF72C83274D0003D7A9001B
:107F70009306E100A2972380E7009307140013976C
:107F8000070183274D0041834E85BA9703D7A90087
:107F900021832380E7000356C10083D5A400EFF0BE
:107FA0004FE983264D00130724000356E1004207E2
:107FB000418336972300C70003274D009307340001
:107FC000C207C183BA970357E100AA89110421832C
:107FD0002380E70003254D004204418003D6C1A55C
:107FE00083A50B002295639509029780FE1FE78009
:107FF000207A83570B003E9442044180E31804EE3C
:1080000083D784002310FA00E31A09F229493DB707
:108010009780FE1FE780C07783570B003E94420491
:1080200041808DBD83D7A9002310FA00C1BF01494B
:10803000F1B75D71A6C2CAC0AA8403598500035571
:108040002500A2C44EDE56DA5AD85ED662D466D275
:108050006AD086C652DC6ECE2E8BEFF02053930B87
:10806000D5FF7115931905010144138DD40093D9DF
:108070000901138CC1A5938C41A697EAFE1F938A30
:10808000AA1B6358741583C6C40083D5A4001307C4
:10809000E1006A864A85EFF0AF8FAA8D630B051267
:1080A0000359A500834585000356E10003D524004C
:1080B000EFF0DFC36314051283C8440083A60C00ED
:1080C0000356E10003D524004E8881471387C1A5DC
:1080D000EE85EFF02FE2631305101DCC83D7C1A509
:1080E00017E7FE1F035767158907630EF70697E723
:1080F000FE1F83D787143354F40203D5240097E579
:10810000FE1F9385651397E7FE1F23978712EFF0F5
:10811000900505C5594515A003D5240041664D4776
:1081200081467D16A545EFE08F9497E7FE1F23A7B4
:10813000A7101DE123102B014545B6402644964467
:108140000649F259625AD25A425BB25B225C925C97
:10815000025DF24D6161828083570C00890717E749
:10816000FE1F231CF70C83D7C1A5A29763D3770703
:1081700083A74A0003D7AD00130A2400A2972380E7
:10818000E70005049317040103A44A00C183420ACF
:108190003E9483D7AD0083A50C00135A0A01A18336
:1081A0002300F40003A54A0003D6C1A55295978089
:1081B000FE1FE780E05D03540C00C167FD17529479
:1081C00042044180E30FF9EA050942091359090104
:1081D0004DBD294509FC23102B0185B76DDC01BF7E
:1081E0008357050081E789473E858280411126C279
:1081F000444122C406C683C60400D0402A8489456F
:1082000017950100130545C8EFF0402419C98347AD
:1082100024002547E51793F7F70F6376F702E14748
:1082200029A883C60400D04089451795010013058D
:10823000E5C5EFF0A02161FD8947B2402244924498
:108240003E854101828083D601858547FDD603574F
:1082500004003697C166E3C2E6FE916593852570FA
:1082600031459790FE1FE780E02BAA84CD4771D55A
:10827000314681459780FE1FE780005583570400F3
:1082800083D5018501460147B386E500C206C18258
:108290006369F702AE97C207C18319C22398F184BC
:1082A00023A004002146A285138544009780FE1F69
:1082B000E780004E938781A69C4391EF23A491A66B
:1082C00031A850401315470005072A962315D600FC
:1082D00005465DBFBA87984375FF84C38147B1BF28
:1082E000011106CE22CC26CA4AC809E98944F240C7
:1082F000624426854249D244056182802AC62A8486
:10830000280036892314B1002305C100EFF05FED8A
:10831000AA8471FDE30D09FC8357A400E1DB91659C
:108320009385557031459790FE1FE780A01F0DC5BE
:108330008357A40023200500232425012312F500E0
:10834000938741A79C4389E723AAA1A64DB7BA8783
:10835000984375FF88C361BFCD4451BF83C7E1A572
:1083600095E38547238FF1A4058909CD97A6FE1FC4
:108370009386C62C4146914517A5FE1F1305052877
:108380006FF01FF601458280A382A1848280C167BD
:10839000FD176315F5002E856FE06FA3411106C62A
:1083A000EFE0EF9C11C5FD572310F50023010500F8
:1083B000B2404101828001114AC806CE22CC26CAB1
:1083C00085472A896393F5044A85EFE0AFCC39E904
:1083D000C1649385F4FF1307E100894617960100F5
:1083E000130646A90545EFE0BFDA2A84FD140DC443
:1083F0004C444A85EFF0BFF90356E10022858146DF
:10840000A685EFF00FA32A84DDB789476396F500B0
:108410008545EF20802C4DD9F2406244D244424938
:1084200005618280EFE00FC265B7411106C623A641
:1084300001A623A801A623A001A617E5FE1F034558
:1084400035E941CD9307200C3305F50291659385FD
:1084500015701905420541819790FE1FE780800C39
:1084600023A6A1A69307200C17E6FE1F034656E697
:108470003306F602814519069780FE1FE780C03457
:108480009387C1A69C4317E7FE1F034777E4814506
:108490009386870B7D5563E8E5069306800BB3064C
:1084A000D7020146FD550507B69723A8F1A6BE865B
:1084B0002390B600A381B6002381B6002382060074
:1084C00005069906E366E6FEF9562390D70099461D
:1084D0003307D702BA9723A0F1A617E5FFFF1305CC
:1084E000C565EFD0DFD217F5FFFF13050581EFE07B
:1084F000907C17E5FFFF1305C55AEF204015B240E9
:108500000145410182802394A6F41386C6F423100A
:108510000600232406003106E31BD6FE850593865C
:10852000860B95BF411122C42A8406C6EFD04FF5B1
:10853000EFE02F8C23828184938701A68843EFE0AC
:108540000F89238981842244B24017050000130556
:10855000C5E641016F20A00F93970501C18763D045
:108560000736797103C5418422D452CC06D626D26F
:108570004AD04ECE2E8AEF80AFF12A8421C903471C
:1085800005009307000B6310F7048547A304F1006F
:10859000938741A69C4323150100A1E7EF00C07D0E
:1085A0009165938535709790FE1FE780A0F723A211
:1085B000A1A605E98347910099C7834544001305A7
:1085C0008400EFD09FE22285EF806FE5B250225405
:1085D00021653345AA0092540259F249624A456125
:1085E00082806146814517E5FE1F1305E5C497802B
:1085F000FE1FE780601D03494400894797E9FE1F7D
:10860000938989C3631DF906EF00007797E7FE1F82
:108610002394A7C203552400CE85EFF0C019035759
:10862000240097E7FE1F83D727C18356840011EDEE
:1086300063E4F6002314F400835584003A85EFD0F8
:108640007FBD2285EFD05FB4B5B763E4F600231495
:10865000F40083578400D9450D4697E6FE1F239DFD
:10866000F6BC97E6FE1F938626BD3A85EFD0DFB4B1
:108670008D4561D917E5FE1F130505BCE1A099479B
:10868000631CF9029305A1002285EFF02FCCAA8488
:108690004DD9D947639BF40E05090355240013797E
:1086A000F90FD94597E6FE1F938606B94A86EFD0A3
:1086B000BFB0CA8559D57DBFA1476318F90093059E
:1086C000A1002285EFF0FF96D9B7A947631FF906ED
:1086D000035584006C00EFE08FE4AA84630705165D
:1086E0000355240041669306E10055477D16AD45CC
:1086F000EFD0FFB797E7FE1F23A2A7B4AA8649C110
:10870000834844000358E1000356C1000355240088
:10871000A68581474E87EFE0FFFDAA84631605100A
:1087200003552400CE85EFF0E029E30C05F0035556
:108730002400CE862D46D945EFD01FA8E30305F0CF
:10874000AD454E85EFD07FCAEDBDB1476315F91039
:10875000035584006C00EFE08FDCAA846307050EEC
:108760000355240041669306E10059477D16B5453F
:10877000EFD0FFAF97E7FE1F23A2A7ACAA863DE18B
:1087800083578400C5442315F10003471400D147E3
:10879000E309F7EA834744000355240097E5FE1FE9
:1087A000938585A917E7FE1F2308F7A88357A10023
:1087B00017E7FE1F2313F7A897E7FE1F238097A84C
:1087C000EFE0B06EE30F05E60355240097E6FE1FC9
:1087D000938686A60546D945EFD01F9EE30305E69E
:1087E000854549BD834844000358E1008357A400F0
:1087F0000356C10003552400A6854E87EFE09FEF86
:10880000AA841DE103552400CE85EFF06021E30A20
:1088100005E203552400D945CE863546EFD0DF99D1
:10882000B545E30005E2B9B5D9476393F400814447
:1088300003A549009790FE1FE78020DBE38304E057
:10884000835784002315F10089B78357840085443A
:108850002315F1001DBFB9476318F9009305A10066
:108860002285EFF0CF9725B5C1476318F90093052E
:10887000A1002285EFF0EFDB19BDC947631AF900AB
:10888000130691009305A1002285EFE02FFB01B5AF
:10889000D947631DF9009305A1002285EFE02FE978
:1088A000AA84E31805DEA304010061BBE147E31AD3
:1088B000F9D89305A1002285EFE08FD5C9BB01450A
:1088C0008280F9CA011152C42E8A854522CC4EC637
:1088D00056C206CE26CA4AC8AA8AB6893284EF1082
:1088E000D05FD14715C183C701A883C611A88144B1
:1088F00019E0B684BE86138781A718439397440076
:10890000BA9763EDD400D547F2406244D24442495D
:10891000B249224A924A3E85056182803E89C1075A
:1089200003D727FF09C7850493F4F40FD9BF39CCC7
:108930009565938525C0130500029790FE1FE7807B
:1089400060BE2326A90061D11306000281459384ED
:1089500004049780FE1FE78020E72311990023007D
:1089600009002313590115C4138781A88347940074
:1089700010432304F900118C8327C900118411804E
:10898000238E870023A029018147BDBF232609002C
:10899000F9B723044901FDB785473E858280938757
:1089A00081A7984383C501A881476395F500814657
:1089B0003685828003562700BA8619C2E30AA6FECE
:1089C000850793F7F70F4107CDB7938781A79843A2
:1089D00003C601A881476315F6008146368582806B
:1089E00083552700BA8689C583454700E388A5FEDD
:1089F000850793F7F70F4107F9BF938781A898433D
:108A000083C531A881476395F5008146368582800C
:108A100003560700BA8619C2E30AA6FE850793F734
:108A2000F70F4107CDB7938781A79C4303C811A8CF
:108A300001476315E80081463685828003D627000A
:108A4000BE8619CA03D667006318A600D04709C6B8
:108A500003562600E302B6FE05071377F70FC1079A
:108A6000C9BF411122C4404526C206C6AA8415C00A
:108A7000484409C59790FE1FE78020B7484809C5BC
:108A80009790FE1FE78060B622859790FE1FE780D3
:108A9000C0B52685414681459780FE1FE780C0D23C
:108AA000B2402244FD57A384F400924441018280E5
:108AB000011122CC2A840355250006CE2EC6EF10C4
:108AC000700C324622858145EF0010692285624490
:108AD000F24005616FF0FFF80DC503572500411105
:108AE00022C406C62A8411CBDD45EF00D06A228558
:108AF0002244B24041016FF0DFF6B240224441010E
:108B000082808280411126C231479304C5FF33879A
:108B1000E40297D7FE1F9387A77306C622C43E9729
:108B20008356A7006397B602484305C53E84930762
:108B3000F00F6306F60083470500639CC70097901B
:108B4000FE1FE78080AAB147B387F402A29723A251
:108B50000700B2402244924441018280411122C464
:108B60002E8426C24946AA848145228506C697805E
:108B7000FE1FE78060C5B9CC83C7C40113974700C7
:108B8000938781A89C43BA9703D707002310E4007A
:108B900003D7270083D767002311E4001387E1A7D9
:108BA000035707002312E40003D704002313E40053
:108BB00003D724002314E40003D744002315E40062
:108BC00003D764002316E40003D784002318F400BD
:108BD0002317E400B24022449244410182809387EB
:108BE00081A803A80700938781A7904383C501A8A4
:108BF000014781476394E5003E85828083460600F5
:108C000081CE544691CA83C6C6019206C2966315A8
:108C1000D500850793F7F70F05071377F70F410680
:108C2000D1BF130600643386C50293069500AA855A
:108C300017050000130585EA6F80EFE0411122C49B
:108C400006C62A8403459500EF808FF3FD57A304E1
:108C5000F400B240224441018280011122CC4AC872
:108C60004EC652C456C206CE26CA2A89AE890144CF
:108C7000138A81A79D4A83C711A86362F40463978E
:108C80000902938981A7130AF00F83C701A86366BD
:108C9000F4061144A1442285050442041306F00F92
:108CA000CA854180EFF01FE6E31794FEF24062446C
:108CB000D2444249B249224A924A056182808327BE
:108CC0000A0093144400BE9483C704009DC383D755
:108CD0006400639027036396590103D52400EF10C5
:108CE000606A26854E868145EF0010472685EFF0A5
:108CF0005FD705041374F40FBDBF83A70900931455
:108D00004400BE9483C704009DC383C7940063805E
:108D1000470383D76400639C27012685EFF01FF289
:108D20002685D145EF0030472685EFF09FD3050417
:108D30001374F40F99BF41677917630BE502411172
:108D400022C406C685472A846399F50022852244F9
:108D5000B240814541016FF05FF089476396F500AD
:108D60008545EF1090177DD1B240224441018280A9
:108D700082809D456FF07FEE03D5E1A782800111CF
:108D800006CE2317A1002316B10003C7C1A785474C
:108D90006318F70070009305E1000545EF50D01609
:108DA000F24005618280A947631CF60483C7150061
:108DB00003C70500A207D98F2310F50083C735002C
:108DC00003C72500A207D98F2311F50083C75500DB
:108DD00003C74500A207D98F2312F50083C775008A
:108DE00003C76500A207D98F2313F50083C7950039
:108DF00003C78500A207D98F2314F500014582809F
:108E00000545828091476314F60283C7150003C7A6
:108E10000500A207D98F2310F50083C7350003C7CB
:108E20002500A207D98F2311F50001458280054551
:108E300082809387C5FF93960701C1820D476360C7
:108E4000D70231473387E70297D7FE1F9387474002
:108E5000BA972381A7002390B70001458280094576
:108E6000828013074020AA876374A70093074020DD
:108E7000F117239FF1A62381B1A82382B1A8828094
:108E80001905956542054111938535C0418106C696
:108E90009780FE1FE780006911C5B240E955410186
:108EA0006FE02050B24041018280238001A82381DD
:108EB00001A8A38101A8A38001A8238E01A685474C
:108EC0000111A38EF1A606CE2AC622CC238901A8C1
:108ED000239F01A623AC01A6EF10C0533245130611
:108EE000000381452386A1A817D5FE1F130545362B
:108EF0009780FE1FE780408D03C501A905CD9565CC
:108F0000938545C012059780FE1FE780A06123A4CA
:108F1000A1A80DC1938701A983C7170003C601A9A2
:108F20008145A380F1A8A381C1A812069780FE1FE6
:108F3000E7808089938711A883C7070017D5FE1F94
:108F40000345053995653E951375F50F2380A1A856
:108F5000938555C012059780FE1FE780A05C23AC67
:108F6000A1A641C103C601A8120681459780FE1F34
:108F7000E7808085938781A7984383C601A88147AE
:108F800025077D566398F604EF10C06BB147330593
:108F9000F5029565938565C0420541819780FE1F66
:108FA000E780405823AAA1A82A8401CDEF10806948
:108FB00031463306C502814522859780FE1FE78032
:108FC000A0806244F24017050000130505D7056133
:108FD0006F10E06785072300C70093F7F70F41077D
:108FE00055B7238001A8A38001A879BF41119397A9
:108FF000050126C206C622C4C187AE8463DA07080B
:1090000003C5C1A8EF70DFC82A8429C9034705003A
:10901000930700096311F70403471500CD47631751
:10902000F7060345250097D5FE1F83C5D50B83C7DB
:1090300021A893066400014601472E886317E502C4
:1090400019C22381F1A883C721A891C7854503C50B
:10905000C1A8EF709FF52285EF707FBC2165258D3B
:10906000B240224492444101828003C60600B29776
:1090700013F6F70F9377F80F6374B6009377F60F34
:1090800005071377F70F890605464DBF0125E1B7A0
:1090900093F715000145E9D7EF00106C09C983C7A4
:1090A00021A891C7854503C5C1A8EF701FF013C55E
:1090B00014007DB785462A8763FBC60483C7150065
:1090C00003C60500A207D18F2310F500639CD700CB
:1090D00083C7350083C62500A207D58F2311F5006D
:1090E00001458280894601456394D70283C73500D4
:1090F00083C62500A207D58F2311F70083C755002B
:1091000083C64500A207D58F2312F700828005454C
:10911000828091476314F60283C7150003C70500D8
:10912000A207D98F2310F50083C7350003C7250098
:10913000A207D98F2311F500014582800545828061
:1091400091476314F60283C7150003C70500A20701
:10915000D98F2310F50083C7350003C72500A20768
:10916000D98F2311F5000145828005458280A147F2
:109170006314F60483C7150003C70500A207D98F3F
:109180002310F50083C7350003C72500A207D98F38
:109190002311F50083C7550003C74500A207D98FE7
:1091A0002312F50083C7750003C76500A207D98F96
:1091B0002313F50001458280054582808947631CA1
:1091C000F60083C7150003C70500A207D98F231037
:1091D000F50001458280054582808357260079711C
:1091E0004ECE06D622D426D24AD01307F007AE8937
:1091F0006372F70209473AC42316F100300093F571
:10920000F50FEF100017B250225492540259F24950
:109210004561828003574600D9462A89328463F823
:10922000E6008357660063F4F6006379F7002314C1
:109230000100300093F5F90F4A85E1B703550600A8
:1092400002C4EFF08FFBAA8459C1EFF05F9983C786
:1092500084006369F5001146A246CE854A85EF1069
:10926000E00655B7340026869305F00F4A85EFF0E7
:109270004FE575F1A24703578400DC472390E700D0
:10928000035724002391E700035744002392E7008B
:10929000035764002393E70003D744002394E700B7
:1092A000DC4485CB93F4F90F2286A6854A85829704
:1092B000C167FD172A86E311F5FA22459947F9455A
:1092C0002300F50023029500EFF0BF952DBF09465E
:1092D00061B7014651B7A947631CF60483C715005F
:1092E00003C70500A207D98F2310F50083C73500F7
:1092F00003C72500A207D98F2311F50083C75500A6
:1093000003C74500A207D98F2312F50083C7750054
:1093100003C76500A207D98F2313F50083C7950003
:1093200003C78500A207D98F2314F5000145828069
:109330000545828083C705002300F50083C715001B
:10934000A300F50083C7350003C72500A207D98F06
:109350002311F50082802322050003C745008947B9
:109360006304F7000545828083D665000D47E37BE3
:10937000D7FE9C45011106CE22CC26CA4AC84EC64D
:1093800083C4170003C60700A204D18C13864400CF
:109390006311D60403C4370083C72700AE892204B3
:1093A0005D8C9307C4FFC207C1832A89636FF700EE
:1093B00003A589002311990023108900F155EFD0EE
:1093C000507E2322A900014531A02285EFF02FDD38
:1093D00065F10545F2406244D2444249B249056113
:1093E0008280397122DC2E84834704004AD806DE4D
:1093F00026DA4ED619472A89B285639AE7060346CC
:1094000024002800EFF0FFD0AA8415E9035581005D
:10941000EFF0EFD8AA898345140015C92E861717D7
:109420000000130767E834009D454A85EF00903E31
:109430004E85094681450D234E85EFF08FE2F250AF
:10944000625426854259D254B2592161828089479B
:109450002310F100835781000A862311F1008357FE
:10946000A1002312F1004A85EF00B070C9BF49473F
:10947000639DE702035624002800EFF05FCFAA8423
:109480005DFD97D7FE1F83D767DD99E3814445BF14
:1094900003471400834604003C000146CA8517D5E3
:1094A000FE1F0345C5DB352E59BF51476390E702C8
:1094B000035624002800EFF01F8FAA8449F183454A
:1094C000140030004A85EFF05FD195BF5947639F84
:1094D000E704035624002800EFF0DF92AA8425F168
:1094E000835581004A85EFF00FD41DC5584583563A
:1094F000A10083570700B697C207C1832310F70066
:10950000D1D75C47C1D783C721A8C9D3854503C537
:10951000C1A8EF709FA925B789473EC08357810036
:109520000A86834514002312F10035BF83451400D9
:109530000A8623100100EF00D06389BF5D71A6C2C7
:1095400056DA86C6A2C4CAC04EDE52DCAA8A03C559
:109550001500AE8432C6EFF04FC7B24501ED81442D
:10956000B6402644268506499644F259625AD25A94
:1095700061618280230205002311050083C9040074
:1095800085472A84639AF90003C624002808EFF06F
:109590007FB2AA8405492DA09D476394F90403472F
:1095A00005008D47E31DF7FA03C624002808054986
:1095B000EFF01FB9AA8409E5054681452285692E89
:1095C0002285EFF0AFE7034584003C080147CE86D3
:1095D0002686D6853924E30509F82285EFF06FC881
:1095E00041B7CD47639DF900034705009147E31854
:1095F000F7F603C624002808EFF05FBC59BFD54733
:10960000E39FF9F4034A05008947E31AFAF403C615
:10961000240028080549EFF01FCCAA8455F1835790
:109620000102BDE3035781011306F0035C44930676
:1096300007FCC206C182636CD6000356A101D9465D
:1096400063F7C6008356C101D94563EFD5000355C2
:1096500024002391E7000549EF00D0520356010290
:10966000D2852285612CA9BF8355E1012391E700B2
:109670002392C7002390B7002393D7008547230088
:10968000F400014A0149D9BF014AC9BF7971AA85CD
:1096900022D426D203542500AA84280806D6EFF047
:1096A0009FCBF24599E535E985452285EFF02FED11
:1096B000C1A0835781011547639BE7060357A101AA
:1096C0008D4763FCE7046800EFF0DFC60357E10055
:1096D000DD4763FCE7008345D100B7071700850726
:1096E000100822853EC8EF00D0488357E100035799
:1096F000A10191076305F7002285EFF08FE783470B
:10970000C10072466C00858B1106228591CFEFF067
:10971000FFE201C52285EFF0CFE5884451D597805F
:10972000FE1FE78080EC49B7EFF0BFCBDDB71147F4
:109730006389E7001387A7FF42074183854663EEED
:10974000E6023147F117B387E70217D7FE1F130769
:1097500027B0BA9703D7070069D303C5270030089D
:10976000A2850D205DF9035781019147E31EF7F2B1
:10977000B25022549254456182802C082285B92629
:1097800049FDFDB701114AC82A89314526CA06CECE
:1097900022CC2EC6B284EF704FCB31C1B2459307B5
:1097A000000A2310F5002311B5002A842146110573
:1097B0008DC0A6859770FE1FE78080FDA2854A8533
:1097C000EF708FD30145F2406244D24442490561B3
:1097D000828081459770FE1FE78000FFC5B7054571
:1097E000DDB7797126D2AA841305000206D622D4E9
:1097F0002ECE32CC36CA3AC83EC6EF700FC531C93C
:109800006246F2454247D246B2472A84130520FAFF
:109810002300A400A300C4002311B4002302E40029
:10982000A302D40013058400614691CFBE859770D2
:10983000FE1FE780E0F5A2852254B250268592549F
:1098400045616F706FCB81459770FE1FE780C0F751
:10985000DDB7B250225492544561828058457971E7
:1098600022D406D62A84AE8641C383572700231DFF
:10987000F10093072006639FF5049387E1A703D6C1
:109880000700835767006373F600B28713F6F70F7C
:1098900083552701834707018D8F93F7F70F81E5E4
:1098A000890793F7F70FB297FD17B3C7C702231EB7
:1098B000F100835724008355640003458400231C72
:1098C000F10001473C080146EFF0BFF1B2502254CD
:1098D000456182800347C701938781A89C43120793
:1098E000BA9783D76700E1B72EC619468145280885
:1098F0009770FE1FE78040EDB24665BF797122D4B4
:1099000006D626D22A848DC18147014793060006D8
:109910002E868355640003458400EFF09FECB2501F
:109920002254925445618280B2842800594697702F
:10993000FE1FE78060E92314910089E88357240023
:1099400048446C002315F100EFF04FA13C000147A3
:1099500093060006014675BF797106D6814799EDD9
:109960008357250058452316C1002314F1003C00FD
:1099700011C7835727002315F1003C002E8683551D
:10998000650003458500014793060006EFF07FE57B
:10999000B25045618280411122C406C6834705004A
:1099A00011472A846395E7022E8683556500034597
:1099B000850081470147CD46EFF0BFE24946835518
:1099C00064002244B240154541016FF0AF9313F794
:1099D000B70F89466317D7000146EFF03FF25146B3
:1099E000F9BF0D476398E7002244B24001464101A8
:1099F0006FF09FF6B24022444101828083D7050078
:109A00003147F1173387E70297D7FE1F93874784C3
:109A1000BA97D84319EBD8412395A7000145D8C37D
:109A200003D725002394E70082805945828079710D
:109A300022D4404526D24AD006D6AA842E8925C0F3
:109A4000484419C59780FE1FE78020BA23260400EA
:109A50008357040083D5640003C584002315F100F7
:109A6000835724000147930640062316F1008357CD
:109A700084004A862317F1001C483EC883D724007F
:109A80002314F1003C00EFF0DFD5A30E24012328BE
:109A90000400B25022549254025945618280280039
:109AA000314681459770FE1FE78000D283D724009E
:109AB00083D5640003C584002314F10001473C00F2
:109AC000930640064A86EFF0DFD1E1B7797152CCB8
:109AD0002A8A03D5050026D206D622D44AD04ECEF5
:109AE00056CAAE84EFE0BFEB19E18547BDA84045FB
:109AF000AA8965DC83576500E39947FF8357840093
:109B0000638707128346C401938A81A803A70A00CA
:109B10009206FD173697C20703576700C1832314C7
:109B2000F4006316F70093053006EFF03FD35C486E
:109B3000A5EFC84003491500834705002209336992
:109B4000F90083D7240013072900631AF702F95597
:109B5000EFD03005C8C02391240103C589002686B3
:109B6000D285EFF03FC2814721E1B2502254925496
:109B70000259F249624AD24A3E8545618280956522
:109B8000938515C04A859780FE1FE780A09948C835
:109B9000C840231C2401F955EFD0B00083D724001E
:109BA000C8C0F9172391F400484859C503D62400CA
:109BB0008356A401835784013308D60063C0070984
:109BC0000347C40183A70A0095451207BA9783D7B4
:109BD000270063CF0705CC4036959770FE1FE780BE
:109BE00020BB0357A40183D72400BA97C2070357A9
:109BF0008401C183231DF400E399E7EE03D7290014
:109C000003C5890030002314E1005848D28523158C
:109C1000F1003AC6EFF01FB711C548489780FE1F04
:109C2000E780A09C232A0400232C04007DBD9945D5
:109C30004E85EFE0FFE755BDA545DDBF9145CDBFA2
:109C400003D7250079CB83D6E1A7ED4763E8E60C7F
:109C5000011122CC2E8426CAAA844840914506CE02
:109C6000EFD0207483572400AA862300F500835781
:109C70002400A183A300F500835704002301F5000D
:109C800083570400A183A301F50003562400C16794
:109C9000F9171106420641826394F4042AC431453F
:109CA00032C6EF609FFAAA85CD470DC5930700F92C
:109CB0003246A2462300F500F9572311F5008947E3
:109CC0002302F5002313C50014C503C5C1A8EF7016
:109CD000AF828147F2406244D2443E850561828072
:109CE00081452685EF40F02FAA8701E903C721A807
:109CF00075D37D172381E1A8F1BF09476302E5020F
:109D00001D476301E50249476300E5027D47E31310
:109D1000E5FC03C721A88147E1BFED473E8582806E
:109D2000D1474DBF91477DB789476DB7011122CC0F
:109D30004AC831441309C5FF3304890297C7FE1F7F
:109D40009387075106CE26CA3E94584031C783C632
:109D500021A8BE84854795CA2314A1008357840097
:109D60000355A4002C003AC62315F100EFF05FED77
:109D700011C548409780FE1FE7802087B147B30791
:109D8000F902A69723A207008547F2406244D24415
:109D900042493E85056182808147C5BF797126D2DF
:109DA00044451387E1A74AD083D7640003590700CD
:109DB00052CC06D622D44ECE56CA2A8A63F3270145
:109DC0003E8903D7240142091359090183D70401AD
:109DD00041CB998F4A8463D52701139407014180B1
:109DE00089452285EFF0CF89AA89CD4A25C183D73D
:109DF00024002AC6231581002314F10083D72401EF
:109E000085E383D70401930925002300F50083D758
:109E10000401A183A300F5006376240503D40401A3
:109E200083D72401CC4422864E85BE959770FE1FB1
:109E3000E780009603556A002C00EFF07FE0AA8AC5
:109E400015C54E859770FE1FE780207AB2502254C8
:109E5000568592540259F249624AD24A456182803B
:109E600089078DBF7914420441805DBF03D7240167
:109E700083D704003A94FD17C207420403D70401B4
:109E8000C18341802390F400239984006377E40028
:109E9000D5FFFD57A38EF40055BF81455285EFF0E5
:109EA0001FB96DB701114EC683C921A922CC52C476
:109EB00056C25AC006CE26CA4AC84E84138A81A703
:109EC000854A130BF00F83270A0093144400BE94B5
:109ED00003C9040063175907DC44A5C7D84735C335
:109EE00003D7070039C383C721A889CF2685EFF0A0
:109EF000FFEAAA8515E5050483C711A8635FF4008E
:109F0000238981A8F24062444A85D2444249B24939
:109F1000224A924A024B05618280238901A8DDB75B
:109F20002685EFF0DFB00149F1BF83C7D701639AFF
:109F30006701930520062685EFF05F92DC44A38E2F
:109F4000070005041374F40F83C711A86363F400BA
:109F50000144E31A34F7C1BF4111154506C6EFF0BD
:109F6000FFDC09C50545B240410182801945EFF08B
:109F7000FFDB6DF91145EFF07FDB6DF51D45EFF06F
:109F8000FFDA6DF183C711A8F9DFB24041016FF02C
:109F90007FF183D705000D47F117C207C1836361C5
:109FA000F706DC41B1CF411122C42E84854526C27B
:109FB00006C6AA841D2739C526858125C167F917DC
:109FC000638FF40009ED8357240091CB835604007E
:109FD0001947639FE60203D7E1A763FBE70283C744
:109FE00021A8A285268599C72244B2409244410106
:109FF0006FF01FC52244B240924441016FF01FA090
:10A00000094582805145B2402244924441018280F8
:10A010006D45D5BF397126DA4ED6AA84AE895D4525
:10A0200089454AD806DE22DC328936C63AC4EFE0DA
:10A030003FE525C522472A84014511C7B2461305CD
:10A040004400B68502979357850023003401A3008E
:10A0500024012301A400A301F40011059547231D49
:10A06000A100231CF10022CE83C721A82C0826853D
:10A0700095C3EFF0FFBCAA8411C522859770FE1F1F
:10A08000E780A056F250625426854259D254B25904
:10A0900021618280EFF09F96F9BFCD44E5B77971D9
:10A0A00026D24AD052CC56CA06D6BA8A22D44ECE2E
:10A0B00019472E89B284368A639BE506035526002C
:10A0C0000944EFE0DF8D2AC63DC95C458359650030
:10A0D00083D727002390F400B24715472380570108
:10A0E00003C6D1A72391E700130716001377F70FD4
:10A0F000A38EE1A62382C70001E70547A38EE1A650
:10A100005147631AE90015472391E400DC4703D760
:10A1100084002394E7005287A686CA854E85EFF017
:10A120007FEF2A84324515C4EFE0BF9309A8428629
:10A130007400BE85AA89EFE0CFF82A8451DD22851C
:10A14000B250225492540259F249624AD24A4561AD
:10A150008280F945EFE0FFACDDB783D7050023002F
:10A16000F50083D70500A183A300F50083D7250060
:10A170002301F50083D72500A183A301F500114534
:10A18000828083D705002300F50083D70500A183D3
:10A19000A300F50083D725002301F50083D7250010
:10A1A000A183A301F50083D745002302F50083D7DF
:10A1B0004500A183A302F50083D765002303F500C2
:10A1C00083D76500A183A303F5002145828083D74F
:10A1D00005002300F50083D70500A183A300F50047
:10A1E0000945828083D705002300F50083D7050049
:10A1F000A183A300F50083D725002301F50083D7B1
:10A200002500A183A301F50083D745002302F500B3
:10A2100083D74500A183A302F50083D765002303FC
:10A22000F50083D76500A183A303F50083D78500DC
:10A230002304F50083D78500A183A304F5002945F5
:10A24000828003D705008546AA872300E50003D74F
:10A2500005002183A300E50003D70500631DD70097
:10A2600003D725002301E50003D725002183A3019F
:10A27000E5001145828009456315A70203D7250033
:10A2800019452381E70003D725002183A381E70037
:10A2900003D745002382E70003D745002183A3822B
:10A2A000E700828083D705002300F50083D70500EF
:10A2B000A183A300F50083D725002301F50083D7F0
:10A2C0002500A183A301F50011458280797126D272
:10A2D0004AD04ECEB2842A89AE89294681454800AB
:10A2E00022D406D636849760FE1FE780E04D231601
:10A2F000910085EC835724002312F1009387E1A796
:10A3000083D707002314F1005C4485C383C6C701CB
:10A31000138781A81843920683D78700369703577F
:10A3200027002315F1002313E1004A8517070000D9
:10A33000130787EB540013F6F90FD545EFF09FCDC7
:10A340002A8911C19DE085472300F40023020400FF
:10A35000014681452285EFF06FDAB25022544A85DA
:10A3600092540259F249456182802285EFE06FEFF5
:10A37000EDB7B286170700001307E7EC2E86854578
:10A380006FF05FC901112317A100416570000148FA
:10A390009307F00F0D4797060000938646DC99451A
:10A3A0007D1506CEEFF0BFCFF24005618280B28707
:10A3B00001482E861147970600009386C6DCC945E2
:10A3C0006FF0FFCDB28617070000130787E02E86D7
:10A3D000CD456FF03FC4011122CC26CA4AC84EC6F3
:10A3E00006CE2A89AE8917C4FE1F130464E997C4F8
:10A3F000FE1F9384E4EB1C4081C7CE854A8582977B
:10A400001104E31A94FEF2406244D2444249B24934
:10A410000561828017C5FE1F034575CD9377350012
:10A42000098117C7FE1FA305F7EAAA9717C7FE1FE2
:10A430002300F7EABDCF1305C0033385A702A56546
:10A440004111850506C69770FE1FE780A00D23AC5D
:10A45000A1A89307C00317C6FE1F034666E733068D
:10A46000F60281459760FE1FE7800036938781A939
:10A470009C4397C6FE1F83C6A6E5014789077D5604
:10A48000634FD700B24013060003814517C5FE1F76
:10A49000130505DF41011763FE1F6700E3322390B8
:10A4A000C7002381070023A5070205079387C70379
:10A4B000C1BF8280938781A9984317C6FE1F0346B8
:10A4C00026E181476315F600814636858280BA868B
:10A4D0001307C703835567FCE389A5FE850793F738
:10A4E000F70FCDB7011122CC2EC632C406CE2A8476
:10A4F000EFF05FFC2246B24511E9C167F91763032B
:10A50000F4005145F240624405618280545583470E
:10A51000450095C213F7270141456314A70015456F
:10A5200075F2C18B3D45F9DF83C7A6010145E3FB09
:10A53000B7FC3145C1BFC18B0145E9F71545D9B716
:10A54000797126D2C16422D44AD04ECE52CC56CA9A
:10A5500006D62A890144938981A9130AC003FD14F0
:10A56000854A97C7FE1F83C7A7D66364F4000145D9
:10A5700035A8B307440303A70900BA9703D72700F8
:10A580006316970005041374F40FE1BF03C5570069
:10A59000300093856700EFB000361946CA85280061
:10A5A0009760FE1FE780C027E31E55FDB25022547E
:10A5B00092540259F249624AD24A45618280938795
:10A5C00081A9C166984397C5FE1F83C565D08147A1
:10A5D000FD166395F50001463285828003582700F9
:10A5E0003A866306D80003480700E307A8FE8507FC
:10A5F00093F7F70F1307C703E9BF411106C6EFF042
:10A600007FEB11C503554501B240410182800145F0
:10A61000E5BF938781A9984397C6FE1F83C646CBA3
:10A620008147110701456393F600828003460700C6
:10A6300001C605051375F50F850793F7F70F130787
:10A64000C703D5B717C5FE1F034585C8828017C746
:10A65000FE1F1307E7C28147BA8631460C4391E5D6
:10A660008A07B69788C30145828085071107E3975B
:10A67000C7FE4D458280411106C622C4EFF09FE31C
:10A680001DCD2A84035525008545EFF0DFD44854BD
:10A6900009C59770FE1FE78040F522851306C003A9
:10A6A00081459760FE1FE7802012FD572311F400BB
:10A6B000230204000145B240224441018280094541
:10A6C000DDBF411106C6EFF0FFDE11C50345C50031
:10A6D000B240410182800145E5BFC167F9176304BB
:10A6E000F502411122C406C62E84EFF0BFDCAA8712
:10A6F000014591C703C54700698C33358000B240DE
:10A7000022444101828005458280011106CE2EC679
:10A71000EFF05FDA854711C903574501B245854718
:10A720006305B700231AB5008147F2403E850561F5
:10A73000828031C901114AC8416922CC26CA4EC65D
:10A7400052C406CE0144AA84938981A9130AC00386
:10A750007D1997C7FE1F83C7A7B7634AF400F2406D
:10A760006244D2444249B249224A0561828033059B
:10A77000440383A709003E9583572500638327017F
:10A7800082940504F9B78280938781A99C43C166AE
:10A7900017C6FE1F0346C6B3890701450147FD16CC
:10A7A00091456313E600828003D807006309D8004F
:10A7B00003C8A7006315B80005051375F50F050755
:10A7C0001377F70F9387C703E9BF938781A9944352
:10A7D00017C6FE1F0346C6AF0147910681476310A7
:10A7E000E602858393C7F7FFC207C183054563640B
:10A7F000E50285473395A70042054181828083C5E4
:10A80000060081C583D5C602CD8F05071377F70FE4
:10A810009386C603E9B793F61700E1FE0505858325
:10A820001375F50FE9B7797156CAAA8A2E8526D213
:10A830004AD04ECE52CC5AC85EC662C406D622D486
:10A84000AE84328B368CBA8B3E8AC2894689EFF051
:10A850007FC649E141657D15EFF0DFC52A84554586
:10A8600031CC1946DE8513056400A302840197608C
:10A87000FE1FE780E0F183570103231194002302B8
:10A8800064012319F4008357410323005401232654
:10A890000402231AF4002306440123173401231869
:10A8A0002401EFF09FF22318A402232A0402268534
:10A8B000232C04028145EFF01FB20145B25022540F
:10A8C00092540259F249624AD24A424BB24B224C4C
:10A8D000456182804545DDB7938781A9984397C636
:10A8E000FE1F83C6E69E81476395F60041657D1590
:10A8F00082803A861307C703835547FF6395A500F7
:10A90000035526008280850793F7F70FF1BF9387E1
:10A9100081A99443416617C8FE1F0348689B0147FD
:10A920007D16954811436314E8000145828083D762
:10A93000260036856380C704CC5A8DCD83C7350089
:10A9400083C5250089CD938597FD93F5F50FE37FAA
:10A95000B3FC9387D7FA93F7D70F89EF828093855B
:10A96000F7FD93F5F50FE3F3B8FC9387D7FA93F768
:10A97000D70FCDDF05071377F70F9386C60365B7AB
:10A98000938781A94166984397C5FE1F83C5459467
:10A9900081477D1625486394F500014582808356E2
:10A9A00027003A85638CC600545B89CA83C636008B
:10A9B0009386E6FD93F6F60FE372D8FE850793F7CC
:10A9C000F70F1307C703C1BF011122CC2A844945E1
:10A9D00006CEEF804FC215C12AC62285EFF09FAD8B
:10A9E00009CD6244324683550503F24017C5FE1F68
:10A9F0000345B58D05616F608FF2F24062440561D9
:10AA0000828039714ED652D4AE892A8A9305300598
:10AA1000414526DA4AD856D206DE22DC32C63689CD
:10AA2000BA8A9770FE1FE780E0AFCD4431C92A840F
:10AA300089446382090432468145231AC100414694
:10AA40009760FE1FE78040D85686CE8522859760A6
:10AA5000FE1FE780E0D32146630E0902CA8528085D
:10AA60009760FE1FE780C0D2A28650082C0852854E
:10AA7000EF30104DAA8422859770FE1FE780E0B664
:10AA8000F250625426854259D254B259225A925AEF
:10AA900021618280814528089760FE1FE780C0D22F
:10AAA000E1B7411122C4405926C206C6AA8429CC66
:10AAB000085409C59770FE1FE78020B3285809C5C0
:10AAC0009770FE1FE78060B2685809C59770FE1F37
:10AAD000E780A0B1285C09C59770FE1FE780E0B051
:10AAE000685C09C59770FE1FE78020B00325040845
:10AAF00009C59770FE1FE78040AF22859770FE1F43
:10AB0000E780A0AE23AA0402224483D50403B24006
:10AB1000924417B5FE1F0345557B41016F60BF810D
:10AB2000411126C206C622C4AE84EFF0BF9821C5EB
:10AB30004C592A84A9C183A8C50703A88507FC59D5
:10AB4000B85983C6650003D6050083C52500268550
:10AB5000EF808FB22285EFF0DFF4EFF07FE201CDDE
:10AB60002244B240924417B5FE1F03451576854531
:10AB700041016F608FC3B240224492444101828000
:10AB8000011122CC06CE2A842EC6EFF0BF925C596A
:10AB900091CF83D70700B245639A870085476397B3
:10ABA000F5006244F24005616FF0BFEFF24062448D
:10ABB00005618280411106C622C426C2EFF03FD54E
:10ABC00029C14059AA8415CC8347240085CB93879B
:10ABD00001AA9C4389C7DC4399C322858297034716
:10ABE00034009307F002631EF700224403D52400CB
:10ABF000B2409244814541016FF09FF2938741AA90
:10AC0000C9BFB2402244924441018280411126C210
:10AC10004AC006C622C4AA842E89EFF0BF8931C17A
:10AC2000405945CC835704006399970A8347340001
:10AC3000130710026399E70883472400D1C37C54AB
:10AC40000327040883D7470105E713F717000DC34F
:10AC5000185403574700058B01CF93072002A30127
:10AC6000F400B240224492440249054541018280E9
:10AC700013F7270009CB185403574700098B01C766
:10AC800093074002E9BF918B89CB1C5483D74700BF
:10AC9000918B81C793076002D9B7938701AA9C4320
:10ACA000E9D3DC43DDDF2285829703473400930735
:10ACB000F0028145E317F7FA2685EFF07FE655B7F6
:10ACC000938741AAE9BF1307A0026398E7006304D2
:10ACD000090013092003CA85C5B7631C090026852E
:10ACE000EFF04FFD19C58347450093E707012302A5
:10ACF000F500A6854A85EF705FACA5B7797126D2BD
:10AD00009947231DB100AA842E858D4522D406D6ED
:10AD100032C636C4231CF100EFE08F962ACE4D4494
:10AD20001DC13246A246AA85328582962A8419E53B
:10AD30002C082685EFF0EFA52A8411C5724597707F
:10AD4000FE1FE780808A2685EFF01FC82285B2505B
:10AD50002254925445618280411122C42E862E8451
:10AD60009726000093862692894506C626C24AC0C9
:10AD70002A89EFF0BFF883450400AA844A85EFF0E2
:10AD80003FDAB24022442685024992444101828042
:10AD9000938741AA9C4395CB9C4385CB1D71A2CC44
:10ADA00086CE984110082A843AC8D84185453ACAC7
:10ADB000829701C92306A100035524006C00EFF01F
:10ADC000BFF9F6406644256182808280AE8715C552
:10ADD000785505C7834607002380D50083461700B2
:10ADE000A380D500834627012381D50083468701B0
:10ADF000584BA381D500D8C18280414681453E850C
:10AE00001763FE1F6700439C938701AA9C4391C769
:10AE100003A387006303030002830945828013872D
:10AE2000C1B018431DC75843AA8705450DC703A5E0
:10AE30000708411106C6930605021306050C930583
:10AE40000506130505040297B2401375F50F41017D
:10AE500082800545828082804DC9357122CD2A8449
:10AE60000355050026CB4AC94EC756C306CF52C567
:10AE70005AC1DEDEB68AB2892E89EFF0AFE3AA842A
:10AE800039C50C182285EFF07FF483472400138A1C
:10AE90006400A9CBEF70CFEB2A8B014583CB540024
:10AEA000EF70CFE8AA840C100818EF10405F085428
:10AEB0002C10EF10605FD288268A56C05E88D28739
:10AEC0005A8714103010CE854A85EF201019FA40A9
:10AED0006A44DA444A49BA492A4A9A4A0A4BF65B12
:10AEE0000D618280EF70CFE6AA8B014503CB540041
:10AEF000EF70CFE32ACE08540C10EF10405A2C10FC
:10AF00000818EF10605AF2484DBF8280C14709CD42
:10AF10001455C14791CA785501CB83C73600BD4649
:10AF200063F4F600834787013E8582808947630981
:10AF3000051063870510411106C622C426C2834747
:10AF400015002E842380F50083472500A380F5009B
:10AF5000834735002381F50083474500A381F50031
:10AF600083475500858B9396870083D7450093F7D9
:10AF7000F7EFD58F2392F5008346550093F7F7DF5F
:10AF8000A20693F60620DD8E2392D50003475500D6
:10AF900093F6F6BF220713770740558F2392E500FB
:10AFA00083475500FD769386F67F8D87858B758F59
:10AFB000AE07D98F2392F50083466500F99B858AF9
:10AFC000DD8E2392D500034765009377270013F7A2
:10AFD000D6FF5D8F2392E5008347650093F6470017
:10AFE0009377B7FFD58F2392F50003476500DD9B6C
:10AFF0004D45218BD98F2392F500EF70DFDFAA84B6
:10B000005145EF705FDF0347340093F4F40FC947F5
:10B01000636297021375F50F636EE50083460400C3
:10B020001147E1476368D70083461400054763630F
:10B03000D7008147B240224492443E85410182803C
:10B040003E85828015C1AA8709458DC141112E8593
:10B0500041469385170006C69750FE1FE780407350
:10B06000B240014541018280094582808280894742
:10B070001DC595C5411106C603471500AE87194683
:10B080002380E50093052500138517009750FE1FC8
:10B09000E7800070B24081473E85410182803E8555
:10B0A000828015C1AA8709458DC141112E8541466F
:10B0B0009385170006C69750FE1FE780606DB2406B
:10B0C00001454101828009458280828089471DC9EE
:10B0D00095C9411106C60347250083461500AE8772
:10B0E0002207558F2390E5002146930535001385EF
:10B0F00027009750FE1FE780A069B24081473E8538
:10B10000410182803E85828015C1AA8709458DC193
:10B1100041112E8541469385170006C69750FE1FA4
:10B12000E7800067B2400145410182800945828085
:10B130008280894719C991C903471500BD46E14777
:10B1400063E5E6002380E50081473E85828015C1E6
:10B15000AA8709458DC141112E8541469385170067
:10B1600006C69750FE1FE780A062B240014541012C
:10B17000828009458280828015C1AA8709458DC1D8
:10B1800041112E8541469385170006C69750FE1F34
:10B19000E7800060B240014541018280094582801C
:10B1A00082801DC1AA87094595C141112E851306CC
:10B1B00000049385170006C69750FE1FE780405D88
:10B1C000B24001454101828009458280828015C1DB
:10B1D000AA8709458DC141112E85414693851700E7
:10B1E00006C69750FE1FE780A05AB24001454101B4
:10B1F00082800945828082801D71A2CC2A84084504
:10B2000086CEA6CA230601008344050035479387EE
:10B21000F4FF93F7F70F636AF70C17570100130752
:10B22000E75A8A07BA979C43BA9782870C08EFF0CF
:10B23000FFCFC9476312F50299472306F100035572
:10B2400024006C00EFF05FB1F6406644D6442561FF
:10B2500082800C08EFF05FEB29C98347C100E5F35A
:10B2600003552400EFF04FF6C5B70C08EFF03FEEA2
:10B27000E5B70C08EFF0FFEBC5B70C08EFF09FDC6B
:10B28000E1BF0C08EFF09FE4C1BF0C08EFF07FE1D5
:10B29000E1B70C08EFF0BFDDC1B70C08EFF0DFED50
:10B2A00065BF834715002308F10003552400EFF024
:10B2B0006FA0A14705C10347C500631AF702938732
:10B2C00001AA98439D4719C7184309C71008A685C6
:10B2D0000297AA872306F10049B70C08EFF07FEC2C
:10B2E000A5BF0C08EFF0BFEE85BF9D47B9B79387A8
:10B2F00041AAC1BF011122CC06CE26CA4AC84EC6F9
:10B3000003470500930720092A846317F712834730
:10B31000150039476391E70A8356450009676107BD
:10B3200081476393E6109389C1A903A50900CE84E0
:10B33000630C050E0C4403C90500631E0900834716
:10B34000050085052146A9CB29059750FE1FE780FA
:10B3500020449C40B9CF4945EF503F8F2A840DC50A
:10B36000930710FC2300F500A30025018C4009057C
:10B37000414689059750FE1FE78080419C40A28589
:10B3800003C51700EF505F9788409760FE1FE78066
:10B39000C02523AE01A831A809059750FE1FE780FC
:10B3A000203FEF30A03905494DF583A709002380E0
:10B3B0002701854795A81307E003639DE708034726
:10B3C00025009547631EF70203554500EFF06FAF68
:10B3D0009147E310F5FE938741AA9C43F9DB03A351
:10B3E0008700E30803FC0356E4000355440093057B
:10B3F00064006244F240D2444249B249056102838A
:10B40000A147631EF700834564000355440062446E
:10B41000F240D2444249B24905616FF02FFF9306D2
:10B4200000038147E301D7FEF2406244D24442491F
:10B43000B2493E85056182809306000A8147E31583
:10B44000D7FEEFF07FDB08442DD59760FE1FE78025
:10B45000C01985B78147C9BF011126CA06CE22CCC3
:10B4600089441DCD95CDAA842E8468008D45EF605A
:10B470001FDD8347E1002685228693F7F70393E7D4
:10B4800007046C002307F100EF202034AA8409E9A7
:10B490000D466C00130534009750FE1FE780402FC7
:10B4A000F24062442685D244056182805D714EDEA1
:10B4B00086C6A2C4A6C2CAC052DC56DA5AD85ED624
:10B4C000894945CD5DCA138B4500420B135B0B01C7
:10B4D000AE8A2A8A930530055A85B2849760FE1F8A
:10B4E000E78040042A84CD4949C9EF708F882A89B2
:10B4F0005686D285935A8900135A0901937BF90F16
:10B500001305440093FAFA0F137AFA0F13598901BD
:10B510009750FE1FE780A033A3017401230154015B
:10B52000A300440123002401EF70EF83AA85414664
:10B5300008089750FE1FE7808031214734005A8663
:10B54000A2850808EF20004FAA891DE121462C00A2
:10B5500023807401A380540123814401A381240129
:10B56000138544009750FE1FE780602EEF704F81D7
:10B5700022859760FE1FE7804007B64026444E852F
:10B5800096440649F259625AD25A425BB25B6161F3
:10B59000828001114AC82A892E8506CE22CC26CA6D
:10B5A0002EC6EFE03FF171C5405971C48347540086
:10B5B0000947B24593F6B70F6387E60011471305B5
:10B5C000E00F6392E708835704000945639DB706BF
:10B5D000930484004146CA8526859750FE1FE78064
:10B5E000201B4146CA85130584019750FE1FE78042
:10B5F000201A0347340085469307F7FE93F7F70FA9
:10B6000063E9F6041306C4033285C14532C6EF6010
:10B610001FC332469306C402A6852285EFF0DF835E
:10B620008347240089CB22856244F240D2444249B8
:10B6300005616F10400E03473400C947E305F7FE6C
:10B64000A301F4000145F2406244D244424905613D
:10B650008280930710050145E317F7FE8347240016
:10B66000FDD322856244F240D244424905616F1005
:10B6700000110945C9BF4945F9B729CD011126CAAD
:10B6800006CE22CCAA840945A9C10D4628002E84E5
:10B690008D059750FE1FE780A00F8347A100700023
:10B6A0002C0093F7F70393E7070426852305F100A1
:10B6B000EF20A01119E90D46A28568009750FE1FE2
:10B6C000E78000167D153335A000F2406244D24475
:10B6D0000561828009458280011152C42A8A32851F
:10B6E0004EC656C25AC006CE22CC26CA4AC82E8B97
:10B6F000B28AB689EFE01FDC09ED8944F24062446A
:10B7000026854249D244B249224A924A024B0561F7
:10B7100082805C592A89C544F5F34D45EF70AFED41
:10B720001374F50F5145EF700FEDE38809FC83C7E3
:10B730008901E3E487FC1375F50FE360F5FC9305DD
:10B740003005130540089760FE1FE780A0DD232A1F
:10B75000A9022A84CD445DD1130640088145975043
:10B76000FE1FE7806006A3010400230144012302B9
:10B770006401231054012326340723240402A30266
:10B7800004008144E30C0AF62285EF00D072AA84FB
:10B7900035D54A85EFF0EFB095B7397122DC06DE7A
:10B7A00026DA4AD84ED652D456D25AD05ECE62CC81
:10B7B00066CA0944630B061063090710AA8B3A890D
:10B7C000368BB28A2E8CEFE0FFCE2A8A5144630E6C
:10B7D000050E9305300541459760FE1FE78080D434
:10B7E000AA894D447DC18344190083472900A204DE
:10B7F000C207BE9483470900BE9483473900E2071D
:10B80000BE9483278A0263E697007D5709446399B3
:10B81000E70A63070C0083474A000544898BCDC3C0
:10B82000930C4B00214681450A85C20C9750FE1FA0
:10B83000E78080F993DC0C019305300566859760FD
:10B84000FE1FE78020CE2A8C4D443DC95A86D685FE
:10B8500011059750FE1FE78080FF1146CA8562855B
:10B860009750FE1FE780A0FE414693058A014E8552
:10B870009750FE1FE780A0FD21478A866686E285F5
:10B880004E85EF20201B2A841DE521468A8528004D
:10B890009750FE1FE780A0FB214693054900280032
:10B8A0009750FE1FE780C0F78547631EF502A68507
:10B8B0005E85EF707F8A62859760FE1FE780E0D229
:10B8C0004E859760FE1FE78040D22285F250625479
:10B8D000D2544259B259225A925A025BF24B624CEC
:10B8E000D24C216182800544F9B7797193970501A3
:10B8F00022D406D626D24AD04ECEC1872E8463D516
:10B90000070417B5FE1F0345559CEF506FB82AC6B4
:10B9100005C1EFF03F9EB24509E917B5FE1F03458B
:10B92000C59A9307F00F631EF5002E85EF502FAFD9
:10B930002165218DB250225492540259F249456139
:10B940008280EF506FBBEDB793F7150091C7EFF012
:10B950006FA613451400F9BFA1E10145E1BF8504BD
:10B9600093F4F40FEFE01FCEE3F9A4FE33959900B2
:10B970001319050113590901B3772401EDD34A8541
:10B98000EFE09FF5C167FD176305F500DD45EFF0BA
:10B990002F993345240179BF85448549E1B723AE0A
:10B9A00001A823A001AA23A201AA97B7FE1F93878B
:10B9B0002790170700001307676198C31707000057
:10B9C0001307A731D8C317F7FFFF1307C70398C79B
:10B9D00097B7FE1F9387878E1717000013076757C7
:10B9E00098C3171700001307870ED8C31717000056
:10B9F0001307C73B98C7828097B7FE1F83C7078D81
:10BA0000A18B17B7FE1F1307A78A91E3014723A055
:10BA1000E1AA0145828097B7FE1F83C7278B918BD0
:10BA200017B7FE1F1307878991E3014723A2E1AAF5
:10BA300001458280011106CE2AC6EFF05FF632453D
:10BA4000994597B7FE1FA382A788EFD08FBEF2401B
:10BA500017F5FFFF1305051305616FE05FBF1C5568
:10BA600081C7A1473E858280011122CC26CA2A8443
:10BA7000AE84130500049305300506CE9760FE1FC3
:10BA8000E78040AA08D46305051013060004A685C4
:10BA90009750FE1FE780C0CF78548347270193F665
:10BAA0008700638E0610145483C62600A18A63881B
:10BAB000061083270408E9EF9305300513050010ED
:10BAC0009760FE1FE78000A62320A4088D4771C160
:10BAD000A3020400785483C714008346170081EF43
:10BAE00081EE83C72400918BDDEB83472701918B87
:10BAF000DDE7854711A889C62147A302E40099C75D
:10BB00008347540093E70701A302F4006C5483C7F2
:10BB10002501858B91CF1C54054783C727008D8B4A
:10BB20006398E7008347640093E717002303F4005A
:10BB30008327040899C78347640093E7870023039A
:10BB4000F4008347540005476398E70C930484008E
:10BB50004146814526859750FE1FE780E0C6414655
:10BB60008145130584019750FE1FE780E0C5130649
:10BB7000C4033285C14532C6EF606FEC83270408E9
:10BB80003246BDC72285EF00903F9307000525CDC3
:10BB9000A147F2406244D2443E850561828083C75A
:10BBA00004008346070015473387E70297570100D3
:10BBB000938707C7BA97B69783C70700B1B783C6FD
:10BBC000140091C68346170099C2E14735BF83C66A
:10BBD0002400D58F918B91DF83C704008346070033
:10BBE00015473387E702975701009387A7C1D9B755
:10BBF00022859306C402A685EFF00FA62285EF00EA
:10BC0000903159F5C14703550400A301F400814563
:10BC1000EF704FBF8147B5BF13F7870149C3C18B91
:10BC2000930484004146A9CB890526859750FE1FC1
:10BC3000E78000B641468145130584019750FE1FF9
:10BC4000E78080B8834764001306C403328593E716
:10BC500047002303F400C14532C6EF604FDE83275F
:10BC6000040832468DC32285EF007031930720050A
:10BC700005F1A301F40079BF814526859750FE1F89
:10BC8000E78080B445BF9306C402A6852285EFF005
:10BC9000AF9C2285EF003028CD4761DDD5BD094737
:10BCA00085456388E70093F7D70F11476397E7004F
:10BCB000894503550400EF70EFB48347640093E7B0
:10BCC00047002303F4008327040881C79307100566
:10BCD0004DB7C54779BF8347250063820726797131
:10BCE00022D406D626D24AD0834735001307500502
:10BCF0002A84639EE706034975001306C503C14500
:10BD000093573900AA97328583C4870032C6EF6003
:10BD10000FD39387C1B09C43A9C79C47B9C30325E0
:10BD2000040893767900B3D6D4403246858A9305C9
:10BD30000504180893E6060813050508829713758D
:10BD4000F50F05E141460C081305C4029750FE1F8C
:10BD5000E78000A42285EF00101C93076005A30173
:10BD6000F400B25022549254025945618280130764
:10BD700010026395E7021C550327050883D7470087
:10BD800069EB13F7071071C778550357470113770D
:10BD9000071061C393077002A301F40083473400C6
:10BDA00013077002639FE70C3C5885E39305300549
:10BDB00071459750FE1FE780E07628D819C5714677
:10BDC00081459750FE1FE78020A02458B9C883C73B
:10BDD000A40191E72285EFF06F93238DA4002858EA
:10BDE000814541469750FE1FE780009E28583D47F9
:10BDF0008345A5019387F5FF93F7F70F6364F70079
:10BE0000EF60EFC3EF50EF873C58A1452398A700A0
:10BE100013852701EF60AFC22C5803550400EF00D3
:10BE2000D0409307800203550400A301F400EFE023
:10BE30006FE8414611C58357E50013D617003E96BB
:10BE40000606854517A5FE1F03453548EF502FAD63
:10BE500009BF13F7072011CB785403574701137715
:10BE6000072001C79307900205BF93F707409DD7AE
:10BE70007C5483D7470193F707408DD39307B002D3
:10BE800021BF13078002639BE7023C5889CB83D50F
:10BE900007010355040013862701EF00903E1C5450
:10BEA00083D7470013F707202DC378540357470162
:10BEB0001377072039CB93079002B5B71307900289
:10BEC000639CE700EF606FE9AA8503550400EF006B
:10BED000503A9307A00281BF1307A0026393E704BF
:10BEE000EF600FE7AA85854701456384F50081452A
:10BEF00005452EC6EF608FE32A86B2450355040040
:10BF0000EF00B0331C5483D7470093F707408DC729
:10BF10007C5483D7470193F7074099CF9307B0022A
:10BF200019B71307B0026399E700EF60CFE3AA8562
:10BF300003550400EF0070389307F0020DB58280BE
:10BF4000411122C4405926C206C67C54AA8483D714
:10BF5000470113F7071019C7185403574700137701
:10BF600007101DE313F7072019C71854035747009C
:10BF70001377072011EB93F707408DCF1C5483D71D
:10BF8000470093F707409DC793071002A301F400F1
:10BF90002285EFF05FD4034734009307F00263106B
:10BFA000F702224403D52400B24092448145410166
:10BFB0006FE01FB79307F002A301F400DDB7B240B2
:10BFC0002244924441018280397122DC405926DAB0
:10BFD0004AD84ED606DEAA89AE8432896300043E72
:10BFE00003552500835704006384A700A14429A0BA
:10BFF0008347240091EB9D44F250625426854259B8
:10C00000D254B259216182809387E5FF93F7F70FED
:10C010002D47E362F7FE17570100130727828A07AF
:10C02000BA979C43BA978287B2852285EFF03FA3E7
:10C03000AA84D9B74146CA851305C4049740FE1F98
:10C04000E780007522851127AA8411C1A144834786
:10C050003400130740056397E70093079005A30199
:10C06000F40059BF130760056395E7009307A00527
:10C07000FDB7D147EDB79309C4054E854146CA8542
:10C080009740FE1FE780C070032504084DC9834711
:10C090003400130790056399E700228589279307E9
:10C0A000E005A301F40051A81307A0056393E70876
:10C0B0008347740013D737002297834687009D8BF0
:10C0C000B3D6F6409387C1B09C43858A93E606F8C1
:10C0D00093F6F60F81DF9C4791DB9305050818085E
:10C0E0004E861305050482979374F50FE39004F0D0
:10C0F00041460C081305C4049740FE1FE7804072B8
:10C10000834774004D47850793F7F70FA303F400A7
:10C110006377F7002285E1259307E00589B7854518
:10C1200017A5FE1F0345751AEF403FE8930750051A
:10C130003DB71307C005E382E7F6814475BD1309D7
:10C1400084004E86CA8522851408EFE0FFD0414660
:10C150009305C40408089740FE1FE780606CE30D58
:10C1600005E88A861306C403CE854A85EF1030039E
:10C1700015E12285EFE09FD997A7FE1F938747130C
:10C180002A879C4703550400814601468A85829789
:10C19000AA8411C1A14493072002D1B583450600AA
:10C1A000EFE01F9859BF0347340093072002E314C0
:10C1B000F7E47C5889EB9305300571459750FE1FD5
:10C1C000E780403668D86858E30705E24146CA85EB
:10C1D0009740FE1FE780C05B64582285EFE01FD3C5
:10C1E000238DA400930730026DBD034734009307ED
:10C1F0003002E312F7E083570600685821469305A2
:10C2000029002318F50049059740FE1FE780405894
:10C210007C5483D7470113F7270035CB18540357B5
:10C220004700098B2DC793074002A5BD0347340083
:10C2300093074002E311F7DC3C5C81EB85455D45EB
:10C240009750FE1FE780002E28DC285CE30705EEF0
:10C25000834709004146CA85230BF5009740FE1F1E
:10C26000E7800053930750022DBD03473400930726
:10C270005002E312F7D8285C1946930519004105CE
:10C280009740FE1FE780C0507C5483D74701918BB5
:10C290009DCF1C5483D74700918B95CB93076002A9
:10C2A00009B57C5C89EB9305300551459750FE1F1D
:10C2B000E780402768DC685CE30A05D24146CA850E
:10C2C0009740FE1FE780C04C7C5C7D5798CB4E8525
:10C2D000EFF01FC79DB50325040813060004CA85A7
:10C2E000130505049740FE1FE780804A2285EFE092
:10C2F0001FB383473400130700056395E7009307D6
:10C30000400545B313071005639CE700854517A555
:10C31000FE1F034595FBEF405FC99307500551B3DE
:10C3200013072005E39BE7E09387C1B09C43E38FAD
:10C3300007CA9C47E38C07CA83250408930484003A
:10C34000180893850508814626862E858297035511
:10C3500004001008A685EF60DFD39307B00591B302
:10C36000034734009307E005E317F7C88325040863
:10C3700041464A859740FE1FE780804AAD44E30D61
:10C3800005C6032504084146CA859740FE1FE7807D
:10C3900020402285EFE09FB797A7FE1F938747F1C4
:10C3A0002A879C472C5803550400814601468297F2
:10C3B000AA8411C1A1449307100255B1AD47E39E71
:10C3C000F5D6834606008355250013066500034510
:10C3D0000500EF602FCF95B3894761C2DDCD230003
:10C3E000A60083C70500A300F60083C7150023013C
:10C3F000F60083C72500A301F60083C73500A3021A
:10C4000006002302F60083D74500A183858BA30293
:10C41000F60003D745001377072009C793E72700E5
:10C42000A302F60083D7450093F7074099C78347D7
:10C43000560093E74700A302F60083D74500139701
:10C440004701635807008347560093E78700A3021C
:10C45000F6002303060083C74500858B2303F600FF
:10C4600003D74500098B09C793E727002303F6008C
:10C4700083D74500918B99C78347660093E74700B0
:10C480002303F60003D745008147218B19C70347D3
:10C490006600136787002303E6003E8582802E86B0
:10C4A000AA8505456FF05FF32E86AA8509456FF0D2
:10C4B000BFF289478DC505C5411106C6AE870D4738
:10C4C000AA852380E7001385170041469740FE1F89
:10C4D000E780002CB24081473E85410182803E8545
:10C4E000828089478DC505C5411106C6AE871147B3
:10C4F000AA852380E7001385170041469740FE1F59
:10C50000E7800029B24081473E85410182803E8517
:10C51000828089478DC505C5411106C6AE8719477A
:10C52000AA852380E7001385170041469740FE1F28
:10C53000E7800026B24081473E85410182803E85EA
:10C54000828089479DCD15CD411106C61D472380A8
:10C55000E50003570500AE872146A380E500035799
:10C56000050021832381E50093052500138537000D
:10C570009740FE1FE780C021B24081473E854101C0
:10C5800082803E85828089478DC505C5411106C6DA
:10C59000AE872147AA852380E7001385170041460F
:10C5A0009740FE1FE780C01EB24081473E85410193
:10C5B00082803E858280894795C90DC9411106C692
:10C5C00025472380E50003470500AE871946A38071
:10C5D000E50093051500138527009740FE1FE780AF
:10C5E000201BB24081473E85410182803E8582808A
:10C5F00089478DC505C5411106C6AE872947AA855D
:10C600002380E7001385170041469740FE1FE7800F
:10C610002018B24081473E85410182803E8582805C
:10C62000894795C50DC5411106C6AE873147AA8514
:10C630002380E70013851700130600049740FE1FB0
:10C64000E7800015B24081473E85410182803E85EA
:10C65000828089478DC505C5411106C6AE8735471D
:10C66000AA852380E7001385170041469740FE1FE7
:10C67000E7800012B24081473E85410182803E85BD
:10C680008280894791C909C995472380F50083476E
:10C690000500A380F50081473E858280894791C9C6
:10C6A00009C9AD472380F50083470500A380F50045
:10C6B00081473E85828015C55D718A8586C6A2C484
:10C6C0002A84EFE0AFF0035504000A8697060000C5
:10C6D000938626DD9D45EFE06FE2B640264461611A
:10C6E00082800545828015C55D718A8586C6A2C493
:10C6F0002A84EFE0AFED035504000A869706000098
:10C700009386C6DA9D45EFE06FDFB640264461614F
:10C710008280054582805D71A2C49305C5022A848A
:10C7200041460A8586C69740FE1FE780600603558E
:10C7300004000A86970600009386E6D7C545EFE019
:10C74000EFDBB6402644616182805D71A2C493052F
:10C75000C5032A8441460A8586C69740FE1FE780A6
:10C760002003035504000A86970600009386A6D787
:10C77000C545EFE0AFD8B64026446161828093871B
:10C78000C1B09C43B1CB9C435D71A2C486C62A84D0
:10C790001305E00F95CF032504089305050C130539
:10C7A0000508829783250408130600040A859385EB
:10C7B00005089740FE1FE780A0FD0355040097067B
:10C7C0000000938626E60A8693051004EFE00FD357
:10C7D000B6402644616182801305E00F828031718A
:10C7E00022DD2A840355050026DB06DF4AD94ED711
:10C7F00052D556D35AD15ECF62CDEFD0BFCB3C5885
:10C80000AA8489EB9305300571459750FE1FE78098
:10C8100060D128D82858CD470DC971468145974029
:10C82000FE1FE78060FA032904072285EFE00FEE80
:10C83000230DA900834724001389C1B0638A07121E
:10C840008327090085E39307E00FFA506A54DA540E
:10C850004A59BA592A5A9A5A0A5BFA4B6A4C3E8587
:10C860002961828083AB0701E38F0BFC032B040853
:10C87000EF501FCE2A8C0145EF505FCB83C7540089
:10C880003858130B0B029309C403130AC405938A87
:10C8900064003AC0B337F0002A8793080104568831
:10C8A000B33680015286CE855A85829B1C5403C7BD
:10C8B00027002307E10203C71700A306E10283C78D
:10C8C00007002306F10283270900B5DF03AB470108
:10C8D000E30B0BF683C75400B337F0003ECEEF50A6
:10C8E0003FC7AA8B0145EF507FC403270408F247D6
:10C8F0002AC03AC2B3387001568878109306840073
:10C900004E86D2858800029B7C5403C727012305ED
:10C91000E10203C71700A304E10283C70700230451
:10C92000F1028327090003A94701EF507FC22A8B38
:10C930000145EF50BFBF83C854009C082A883EC2FF
:10C94000B3381001B3376001381093068401528662
:10C95000CE8556C088000299035504009706000052
:10C96000938666CF9008C545EFE04FB9AA87F1BD21
:10C9700083C6540083270900032B0408B336D00074
:10C9800083AB070136CEEF50BFBC2A8C0145EF5078
:10C99000FFB93C58F246130B0B02130AC405930966
:10C9A000C403938A64002A88930801044E86D285C2
:10C9B0003EC05687B33780015A85829B1C54130BA7
:10C9C000010303C727002307E10203C71700A306DB
:10C9D000E10283C707002306F1028327090083AB26
:10C9E000470183C75400B337F0003ECEEF505FB627
:10C9F0002A8C0145EF509FB3F2472AC0B33880011B
:10CA000056887810930684004E86D2855AC28800D4
:10CA1000829B8325040841465A859740FE1FE78084
:10CA200020E0AD47E31205EE0DB52E869706000017
:10CA3000938666AEC5456FE06FAC5D71B287A2C4E8
:10CA40002300B1002A84BE8513051100194686C64D
:10CA50009740FE1FE780C0D30A8622859706000014
:10CA60009386A6B5A145EFE06FA9B6402644616163
:10CA700082802E8697060000938626B1C5456FE01A
:10CA8000EFA75D71B287A2C42310B1002A84BE85CE
:10CA900013052100214686C69740FE1FE78040CF40
:10CAA0000A862285970600009386E6A9AD45EFE049
:10CAB000EFA4B6402644616182802E86970600006E
:10CAC000938646B3C5456FE06FA3797122D406D62D
:10CAD00026D283473500130730052A846383E7088D
:10CAE000130750056395E7089307A005A301F50018
:10CAF00083477500C14513D737002A9783468700BF
:10CB00009D8B1305C503B3D6F640858A93E606F8D8
:10CB100093F6F60F36C6EF508FF2B2469387C1B048
:10CB20009C439DCB9C478DCB032504081808130616
:10CB3000C403930505041305050882971375F50FC3
:10CB400001ED1305C40241460C089740FE1FE78023
:10CB500020C42285EFF03FBCB2502254925445616C
:10CB6000828093079005A301F500814645BF130716
:10CB700010026396E7027C550327050883D7470117
:10CB80006314070E13F717006300070E18550357B9
:10CB90004700058B71CB93072002A301F400834764
:10CBA000340013072002639BE70E3C5889EB930582
:10CBB000300571459750FE1FE780C09628D824584D
:10CBC000BDCC2285EFE08FB4238DA4002858814589
:10CBD00041469740FE1FE78020BF28583D478345C8
:10CBE000A5019387F5FF93F7F70F636BF70283C7F0
:10CBF00041AFD5C34146814508089740FE1FE780F5
:10CC0000A0BC19469795FE1F9385056008089740BC
:10CC1000FE1FE780E0B730580C082E85EF40A002D9
:10CC2000EF402FA63C58A1452398A7001385270164
:10CC3000EF50EFE02C5803550400EFF01FDF93078F
:10CC4000300203550400A301F400EFD0BF86414633
:10CC500019C10356E500060685451795FE1F0345D5
:10CC6000D566EF40CFCBCDBD13F7270009CB1854C5
:10CC700003574700098B01C79307400239BF918BC7
:10CC8000E38F07F01C5483D74700918BE38907F0AB
:10CC90009307600219B7EF508FDA59B713073002C4
:10CCA000639AE7023C5889CB83D5070103550400FA
:10CCB00013862701EFF0FFDC7C5483D7470113F77D
:10CCC000270021CF185403574700098B39C7930712
:10CCD000400285BF13074002639CE700EF50FF87C7
:10CCE000AA8503550400EFF0DFD89307500291BFE7
:10CCF000130750026390E704EF509F850DE98145CB
:10CD000005452EC6EF509F822A86B2450355040082
:10CD1000EFF0BFD27C5483D74701918B9DC71C5441
:10CD200083D74700918B95C39307600219BF854550
:10CD30000145C1BF130760026399E700EF50BF824E
:10CD4000AA8503550400EFF05FD77C54032704083D
:10CD500083D7470119EF13F7071001CF1854035772
:10CD600047001377071011C793077002A301F4005F
:10CD7000E5B313F7072011CB185403574700137777
:10CD8000072001C793079002D5B793F7074091CBCF
:10CD90001C5483D7470093F7074081C79307B0021D
:10CDA000F1B79307F002D9B7397122DC26DA4ED6F3
:10CDB00052D406DE4AD8AE89328AAA84EFD08FEFE9
:10CDC0004059414681450A859740FE1FE780C09F34
:10CDD00025C80359040063159906034734009307D7
:10CDE0001002631FF7028327040899CF2C58A9C9A2
:10CDF0004A85EF10F0150545F2506254D25442595D
:10CE0000B259225A216182808A861306C40593058D
:10CE1000C40313058400EF0090381DE18A85C9BF63
:10CE20002C5899CD83D70501639C47012146C9053C
:10CE30004E859740FE1FE780A09E19C12C584DBF1C
:10CE40002685EFD02FE72A8405455DD44C54B9C51B
:10CE500083D70501639447052146C9054E85974050
:10CE6000FE1FE780E09B8547631AF50283C7B18503
:10CE700091C74C5483C7B5016396A70CBD45268561
:10CE8000EF10D0079797FE1F938707259C5B0145FE
:10CE9000A5D71D45894582970145B9BF938771AED6
:10CEA00003C707009799FE1F938909233E89058BC5
:10CEB00015CF0347540083C701AE6319F702194623
:10CEC000938511AE130564009740FE1FE7804095DF
:10CED0008547631DF50083A7090381C791451D455B
:10CEE0008297BD452685EF10700131B703C741AF6A
:10CEF00083A7090331CB03470900098B09CB81C7FD
:10CF000095451D4582972685EF10D004EDB581C764
:10CF10008D451D4582974146814508089740FE1F73
:10CF2000E780808A19469795FE1F9385E52D0808AE
:10CF30009740FE1FE780C0850C082E850A86EF30DB
:10CF400090508A85268575B58545C5FF6DBF797179
:10CF500022D440594AD04ECE52CC06D626D2AA89E7
:10CF60002E8A3289630C046A035525008357040016
:10CF7000638CA700A144B2502254268502599254D2
:10CF8000F249624A456182808344240099C09D44ED
:10CF9000DDB79387F5FF93F7F70F3147E369F7FEA6
:10CFA000174701001307878C8A07BA979C43BA97E3
:10CFB00082871C54E1F39305300513050004974064
:10CFC000FE1FE780205608D455D503470900914736
:10CFD00063F4E7008D4445B7034719008547E3EB49
:10CFE000E7FE13060004CA859730FE1FE780407AEB
:10CFF0000C547054A3020400D4415C4A858AFD8E0F
:10D0000083574601F99BD58F231AF600D841544A1D
:10D01000F59B0583058B8582F98E8606DD8E231AA6
:10D02000D600DC41584AED9A8983858B09837D8F30
:10D030000A07558F231AE600D4415C4A5D9B8D8216
:10D04000858A8D83F58F8E07D98F231AF600D841F4
:10D05000544A93F7F7EF2183058BA182F98EA2063C
:10D06000DD8E231AD600DC41584AA583858B2583A3
:10D070007D8F9317970013F7F6DF5D8F231AE60075
:10D08000D4415C4AA982858AA983F58F9396A7002B
:10D090009377F7BFD58F231AF600D441584AAD8253
:10D0A000858A2D83758FFD769386F67F2E07F58F03
:10D0B000D98F231AF6008347260103250408A18B84
:10D0C0006387071083C72500A18B63820710E313D2
:10D0D00005EA93053005130500109740FE1FE78011
:10D0E00060442320A408E30705EE7C54A302040057
:10D0F0000347190083C6170089EA45C383475400D4
:10D1000093E70701A302F40029A0A147A302F400BA
:10D1100075F72285EFF02FDD6C5483C72501858BD1
:10D1200081CF1C5483C727008D8B99C78347640028
:10D1300093E717002303F4008327040899C7834764
:10D14000640093E787002303F400834754000547F6
:10D150006393E70C41468145130584009730FE1F19
:10D16000E780806641468145130584019730FE1FA4
:10D17000E7808065C1451305C403EF504F8C03273A
:10D1800004089307000511E3C14703550400A301F8
:10D19000F4008145EF501FE7F9BB03C72701118B4E
:10D1A00019E703472900118B19E38547A1BF83C7FE
:10D1B00007008346090015473387E70297370100C8
:10D1C00093870766BA97B69783C7070025BF19C527
:10D1D0009740FE1FE7806041232004087C5403C76A
:10D1E000170011C70347190019C3E14721BF03C73F
:10D1F0002701118B09E703472900118B5DD783C7EE
:10D2000007001547834609003387E7029737010077
:10D210009387475F45BF13F7870131CFC18B130554
:10D2200084004146A9C389059730FE1FE780405618
:10D2300041468145130584019730FE1FE780C058A1
:10D2400083476400C1451305C40393E747002303E4
:10D25000F400EF40DFFE8327040881CF9307200509
:10D26000A301F40009BB81459730FE1FE780C0553C
:10D27000C1B7CD47F5B7094789456386E700114730
:10D280006398E700854503550400EF50BFD721A000
:10D290001947E389E7FE8347640093E747002303C8
:10D2A000F4008327040881C79307100555BFC547BD
:10D2B00045BF4146CA851305C4049730FE1FE78069
:10D2C000204D8347340013076005639CE7008545C4
:10D2D0001795FE1F034575FFEF303FCD93075005AF
:10D2E00041B745476383E7029306C4021306C403AC
:10D2F000930584002285EFD03FB62285EFF0AFC1C1
:10D30000AA8411C1A144D147A1BFC94791BF9309C4
:10D31000C4054E854146CA859730FE1FE7804047C9
:10D320000325040871C983473400130790056398E7
:10D33000E7002285EFF06FC19307E00515B71307EB
:10D34000A005639DE7069387C1B09C43E38107C4B2
:10D3500003A88700E30D08C28347740093050508FE
:10D360004E8613D737002297834687009D8B0A8706
:10D37000B3D6F640858A93E606081305050402989D
:10D3800041468A851305C4049730FE1FE780404953
:10D3900011E1D2842285EFF04FBB83477400CD4664
:10D3A0001307E005850793F7F70FA303F40063E481
:10D3B000F60013076005A301E40075BE1307C0055E
:10D3C000E39BE7BA9387C1B09C43E38207BC9C47C9
:10D3D000E38F07BA93050508130984000A8781467D
:10D3E0004A862E858297035504000A86CA85EF5027
:10D3F0005FCA9307B005ADB58A864E869305840053
:10D400002285EFD07FA541469305C4040A85973055
:10D41000FE1FE780E0408547D284E31EF5B42285F5
:10D42000EFF0AFB2AA84E31705B4930710020DBD65
:10D430000347340093077002E31BF7B47C5889EB71
:10D440009305300571459740FE1FE780A00D68D811
:10D450006858E30E05B2CA8541469730FE1FE78043
:10D460002033032944072285EFD05FAA230DA900AA
:10D4700093078002F5B30347340093078002E31853
:10D48000F7B08357060068582146930529002318F2
:10D49000F50049059730FE1FE780802F7C5483D725
:10D4A000470113F7072025CF185403574700137778
:10D4B000072035C79307900265B3034734009307ED
:10D4C0009002E316F7AC3C5C89EB930530055D45B3
:10D4D0009740FE1FE780000528DC285CE30905AAC9
:10D4E0004146CA859730FE1FE780802A9307A00235
:10D4F00085BB034734009307A002E31AF7A88347CC
:10D500000600285C194693051900230BF500410518
:10D510009730FE1FE780C0277C5483D7470193F7DD
:10D520000740B1C71C5483D7470093F70740A1C3F6
:10D530009307B00235B3034734009307B002E318F2
:10D54000F7A47C5C89EB9305300551459740FE1F9D
:10D55000E78040FD68DC685CE30E05A04146CA85B3
:10D560009730FE1FE780C0227C5C7D5798CB03D5A7
:10D5700029008145EFD0CFDAFDBA03473400930785
:10D58000F004E3F9E79E03250408E305059E13066E
:10D590000004CA85130505049730FE1FE780401F6D
:10D5A0002285EFF0CF9DAA842285EFD05F87834745
:10D5B000340013070005639FE70003D6E9008545A3
:10D5C0001795FE1F034575D00606EF305FB593072C
:10D5D000300579B1130710056395E70093076005DF
:10D5E00041B113072005E398E7989307C0058DB96B
:10D5F000034734009307E005E31EF796032504086C
:10D600004146CA859730FE1FE78080182285EFF0DB
:10D610000F9DAA8419BD83450600A9BF8547814493
:10D62000E39BF59403284600834736000347260012
:10D630008346160083552500034606000145EF503A
:10D640000F9F15BA8147C1463307F500B388F5002F
:10D650000347070083C808003308F60085073347EF
:10D6600017012300E800E391D7FE82800147BD4700
:10D670001308F00F3306F50083460600B388F50063
:10D68000FD178606558F2380E8000347060093F7B1
:10D69000F70F1D83E39007FF82808147930800F80E
:10D6A000414893F6F70F3387F50063FCC600B306D5
:10D6B000F50083C606002300D7008507E39307FF24
:10D6C00082806395C60023001701C5BF23000700B1
:10D6D000EDB701114AC856C22E89AA8A93053005B2
:10D6E000414506CE22CC26CA4EC652C4328A974045
:10D6F000FE1FE78020E3AA8493053005414597404B
:10D70000FE1FE78020E22A84CD49A5C431CD4146E1
:10D7100081459730FE1FE780200B2686A28556851F
:10D72000EF306052AA8929E18387040063D307069A
:10D73000A2852685EFF09FF34A86973501009385F1
:10D7400025162285EFF01FF08307090063D8070430
:10D75000A2854A85EFF09FF15286973501009385A7
:10D7600025142285EFF01FEE26859740FE1FE780E7
:10D77000C0E711C422859740FE1FE78000E7F24012
:10D7800062444E85D2444249B249224A924A0561D6
:10D790008280CA852685EFF07FED7DB7D2854A85E8
:10D7A000EFF0DFECD1B781474146B306F500338790
:10D7B000F5000347070003C8060085073347070144
:10D7C0002380E600E393C7FE8280011126CA4EC67D
:10D7D000AE84AA8993053005130500034AC806CE16
:10D7E00022CC32899740FE1FE780C0D32DC5130697
:10D7F000000381452A849730FE1FE780E0FC414604
:10D80000CE8522859730FE1FE7806004A6850D46F1
:10D810001305D4019730FE1FE7806003130604024E
:10D82000930504012285EF300042AA840D4693053A
:10D83000D4024A859730FE1FE78060012285974019
:10D84000FE1FE78080DAF240624426854249D244D6
:10D85000B24905618280CD44FDB75D714EDE62D470
:10D86000AE892A8C9305300513050003A6C2CAC0F1
:10D8700052DC56DA5AD85ED686C6A2C4B28B368B34
:10D88000BA84BE8A4289468A9740FE1FE78080C9D3
:10D89000630505101306000381452A849730FE1F97
:10D8A000E78080F24146E28522859730FE1FE780BF
:10D8B00000FA414681450A859730FE1FE780C0F097
:10D8C0001D46DE850A859730FE1FE78040F81D461D
:10D8D000DA85130571009730FE1FE78040F7333972
:10D8E0002001B334900041468145080823072101F7
:10D8F000A30791009730FE1FE78000ED1946D685FB
:10D9000048089730FE1FE78080F41946D28513053A
:10D91000A1019730FE1FE78080F393040401414684
:10D92000CE8526859730FE1FE78060F28A852685A2
:10D93000EFF07FE7930904024E86A6852285EF303B
:10D9400080302A890DE94146CE8526859730FE1F15
:10D95000E78000E40C082685EFF0FFE44E86A685FC
:10D960002285EF30402E2A8946454146CE859730A4
:10D97000FE1FE780C0ED22859740FE1FE780E0C6CE
:10D98000B64026444A8596440649F259625AD25A0C
:10D99000425BB25B225C616182804D49D5B7011167
:10D9A00026CA52C4AA842E8A1305000393053005A3
:10D9B0004AC84EC606CE22CC3289B6899740FE1F91
:10D9C000E78040B635C52A84A68541469730FE1FBC
:10D9D000E780E0E7930404012146D285268597304D
:10D9E000FE1FE780C0E6CA852146130584019730F3
:10D9F000FE1FE780C0E513090402A6854A8622853A
:10DA0000EF306024AA844146CA854E859730FE1FB8
:10DA1000E780E0E322859740FE1FE78000BDF240EB
:10DA2000624426854249D244B249224A0561828035
:10DA3000CD44F5B739715AD05ECE2A8BAE8B4145B5
:10DA40009305300506DE26DA52D456D262CC66CA79
:10DA50006AC8368C328DBA8C22DC4AD84ED69740B2
:10DA6000FE1FE78020ACAA8A930530054145974008
:10DA7000FE1FE78020AB2A8ACD44638E0A0859C571
:10DA80002A86D6855A85EFF0DFC4AA8441E1930542
:10DA9000300541459740FE1FE780C0A82A899305BD
:10DAA000300541459740FE1FE780C0A7AA89630A59
:10DAB000090E6306050E1304FD0011841376FD00A4
:10DAC00049C07D144204418035EE131544004E8652
:10DAD000D6855E95EFF01FB7414681454A85973060
:10DAE000FE1FE78060CE014D93170D01C18363F4E3
:10DAF0008708BDC04A859740FE1FE78000AF638757
:10DB000009004E859740FE1FE78020AE568597405E
:10DB1000FE1FE78080AD63070A0052859740FE1F15
:10DB2000E780A0ACF250625426854259D254B259D3
:10DB3000225A925A025BF24B624CD24C424D216106
:10DB400082800144131544008A855E95EFF0FFB48E
:10DB50004E86D2850A85BDBF93154D000A86DE9597
:10DB60004A85EFF03FAE4A868A855A85EF30A00D90
:10DB7000AA84050D95BFBDFC0A86CE854A85EFF0C7
:10DB80007FAC4A868A855A85EF30E00BAA84668688
:10DB9000CA8562859730FE1FE78080BFA1BFCD4454
:10DBA00091BFCD44A9BF397162CC2A8C594526DA80
:10DBB0004AD84ED652D456D25AD05ECE06DE22DC99
:10DBC000AE8B328BB68A3AC63E8AC2894689834476
:10DBD0000104EF308F8749C19167938717E92310BC
:10DBE000F50085472301F5002A8432472105630C9F
:10DBF0000C0493071003A301F400194681459730E4
:10DC0000FE1FE78060BC23036401A3035401230AC1
:10DC1000940023127401231744012318340123199B
:10DC20002401A2856254F250D2544259B259225A68
:10DC3000925A025BF24B624C1785FE1F0345C56882
:10DC400021616F306F8BA30104001946BA859730AC
:10DC5000FE1FE780E0B345BFF2506254D2544259F0
:10DC6000B259225A925A025BF24B624C2161828075
:10DC7000011122CC2A84314506CE2EC632C436C2CA
:10DC80003AC0EF209FFC29C19167938717E92310C1
:10DC9000F5008D472301F500A3018500B24522461A
:10DCA000924602476244F2402312B5002313C50096
:10DCB0002314D5002315E500AA851785FE1F03450B
:10DCC000A56005616F304F83F24062440561828038
:10DCD00001114AC82A89394526CA06CE22CC2EC649
:10DCE000B284EF209FF631C1B2459167938727E94F
:10DCF0002310F5009147A30125012312B5002A84C2
:10DD00002301F500A685190521469730FE1FE780FF
:10DD100020A8A2856244F240D24442491785FE1FE2
:10DD20000345855A05616F203FFDF2406244D244AD
:10DD300042490561828001114AC82A89414526CAA3
:10DD400006CE22CC2EC6B284EF203FF029C19167C7
:10DD5000B245938727E92310F50095472A842312BB
:10DD600025012301F500214619059730FE1FE780A4
:10DD700020A2A285231794006244F240D244424973
:10DD80001785FE1F0345755405616F20FFF6F240AD
:10DD90006244D244424905618280011122CC2A8426
:10DDA000394506CE2EC632C436C23AC0EF20FFE94E
:10DDB00029C19167938717E92310F500994723013B
:10DDC000F500B2452246924602472312850062447E
:10DDD000F2402313B5002314C5002315D5002316E4
:10DDE000E500AA851785FE1F0345054E05616F20D6
:10DDF000BFF0F240624405618280797122D406D678
:10DE00002A842EC632C436C23AC0EFC0AFEA1DC162
:10DE1000B245224692460247231CB100231DC10091
:10DE20002C081306F00F2285231ED100231FE100CA
:10DE3000EFC0EFD7B250225445618280011122CC4D
:10DE40002A84394506CE2EC632C436C23AC0EF20E7
:10DE5000DFDF29C19167938717E92310F5009D47FC
:10DE60002301F500B245224692460247231285005F
:10DE70006244F2402313B5002314C5002315D500D6
:10DE80002316E500AA851785FE1F0345E5430561B6
:10DE90006F209FE6F2406244056182805D712AC670
:10DEA00013052002CAC04EDE52DC56DA5AD85ED6BE
:10DEB00062D466D26AD086C6A2C4A6C26ECE2E8CAA
:10DEC000B28B368B3AC43E8DC28CC68A035A01058A
:10DED0008359410503498105EF203FD769C5916604
:10DEE0003243938616E9A9472A842310D5002301DB
:10DEF000F500930DE4002105930444012247630DCE
:10DF0000030693071003A301F400194681459730D7
:10DF1000FE1FE780608B194681456E859730FE1F96
:10DF2000E780808A1946814526859730FE1FE78065
:10DF3000A08923037401A303640123002403231293
:10DF40008401231D5401231E4401231F3401A28593
:10DF50002644B64096440649F259625AD25A425B68
:10DF6000B25B225C925C025DF24D1785FE1F034599
:10DF7000A53561616F205FD8BA85A30104001946F9
:10DF80009730FE1FE780C080EA856E85194697208E
:10DF9000FE1FE780E07F1946E68526859720FE1F55
:10DFA000E780007F79B7B640264496440649F25987
:10DFB000625AD25A425BB25B225C925C025DF24DC5
:10DFC00061618280011122CC2A84214506CE2EC6B1
:10DFD00032C436C2EF207FC715CD224692469167E4
:10DFE000938717E92310F500B1472301F500A3013A
:10DFF0008500B2452303C500A303D5006244F24067
:10E000002312B500AA851785FE1F0345E52B056180
:10E010006F209FCEF240624405618280411126C28A
:10E02000AA84514506C622C4EF203FC249C1916768
:10E03000938717E92310F500B9472301F50083C73B
:10E0400014002A8493856400A301F50083C734007B
:10E0500003C724002105A207D98F231EF5FE83C71D
:10E0600044001946230FF5FE83C75400A30FF5FEA5
:10E070009720FE1FE780C07183C7C400A285178563
:10E08000FE1F034565242307F40083C7E40003C78C
:10E09000D400A207D98F2318F40083C7F400230902
:10E0A000F4002244B240924441016F20FFC4B240C8
:10E0B0002244924441018280411122C42A8419459C
:10E0C00006C6EF209FB80DC59167938717E9231007
:10E0D000F500C1472301F500231285002244B24018
:10E0E000AA851785FE1F0345251E41016F20DFC04D
:10E0F000B24022444101828041110D4506C6EF2005
:10E10000DFB40DC5930710F92300F5009307E00372
:10E11000A300F500C5472301F500B240AA85178585
:10E12000FE1F0345651A41016F201FBDB24041012A
:10E130008280011122CC2A84294506CE2EC632C403
:10E1400036C2EF209FB015CDB245924691679387B6
:10E1500017E92310F500C9472302B5002301F50094
:10E16000A30185002304D50022466244F240231314
:10E17000C500AA851785FE1F0345051505616F209B
:10E18000BFB7F24062440561828001114AC82A8902
:10E190002D4526CA06CE22CC2EC6B284EF20FFAA79
:10E1A00029C5B245930710F92300F5009307E00352
:10E1B000A300F500CD47A30125012302B5002A8461
:10E1C0002301F500A685150519469720FE1FE78057
:10E1D000205CA2856244F240D24442491785FE1F6A
:10E1E0000345850E05616F203FB1F2406244D24481
:10E1F000424905618280011122CC2A84214506CE44
:10E200002EC6EF209FA405C9B2459167938717E9F1
:10E210002310F500D1472303B5002301F500231295
:10E2200085006244F240AA851785FE1F0345C50993
:10E2300005616F207FACF24062440561828001116C
:10E2400022CC2A84214506CE2EC632C4EF20FF9F61
:10E250001DC52246930710592310F50023018500A0
:10E26000B2452303C5006244F2402312B500AA85DB
:10E270001785FE1F0345450505616F20FFA7F24086
:10E28000624405618280011122CC2A84214506CE98
:10E290002EC632C4EF207F9B1DC92246916793870B
:10E2A00027E92310F500A1472301F500B245230318
:10E2B0008500A303C5006244F2402312B500AA857D
:10E2C0001785FE1F0345750005616F20FFA2F24010
:10E2D000624405618280011122CC2A84314506CE38
:10E2E0002EC632C436C23AC0EF203F9615CD224624
:10E2F0008567938717C92310F50023018500B24570
:10E300002303C500924602476244F2402312B5003F
:10E310002314D5002315E500AA851785FE1F0345A4
:10E32000A5FA05616F205F9DF2406244056182801D
:10E33000011126CAAE844AC82A891385C40006CEB4
:10E3400022CC32C6EF207F901DCD8567B2459387E2
:10E3500017E923019500231225012A842310F500D3
:10E36000310508C426869720FE1FE7806042A285FB
:10E370006244F240D24442491785FE1F0345C5F46A
:10E3800005616F207F97F2406244D24442490561A3
:10E390008280011122CC2A84194506CE2EC6EF2098
:10E3A000DF8A05C98567938717F92310F50085472C
:10E3B00023018500A301F500B2456244F240231217
:10E3C000B500AA851785FE1F034505F005616F207E
:10E3D000BF92F240624405618280411122C42A84C6
:10E3E0000D4506C6EF207F8605C5930710F923006B
:10E3F000F500E947A300F500230185002244B2405F
:10E40000AA851785FE1F034525EC41016F20DF8E8D
:10E41000B240224441018280011122CC2A8421454C
:10E4200006CE2EC6EF207F820DC99167938727E91C
:10E430002310F500930700032301F500B2452303E1
:10E4400085006244F2402312B500AA851785FE1F9D
:10E450000345B5E705616F203F8AF24062440561DC
:10E4600082800111214506CE2EC632C4EF20EFFD79
:10E4700015C58567938707392310F500B2452246F5
:10E4800085472301F500F2402312B5002313C50090
:10E49000AA8503C5C1A805616F201F86F2400561EA
:10E4A0008280397122DC1304F5FF4AD852D456D247
:10E4B0005ECE420406DE26DA4ED65AD0894B2A8A30
:10E4C0003289B68A418063917515938B41A883C7C1
:10E4D00041A85E8B89448DCF83C9160083C706008F
:10E4E0009144A209B3E9F9009787FE1F83D7C7BFFC
:10E4F000F51763DFF9009307C6FF639BF908314501
:10E500002EC6EF208FF42A84B24519ED9304F00F44
:10E51000F250625426854259D254B259225A925A24
:10E52000025BF24B216182804209135909012302E7
:10E53000B50023132501930700F91509A1652310E0
:10E54000F5002311450185054A859730FE1FE780B8
:10E5500060FD08C405C983C70B009385EAFF135605
:10E560002900FD172382F1A89720FE1FE780402491
:10E570001C44A28503C5C1A889071CC4EF20CFF79E
:10E58000814479B722859730FE1FE7800006BDBF22
:10E590009307D6FFE3CCF9F6B1473304F402938432
:10E5A00041A99C40A29703C7A70019C7884309C582
:10E5B0009730FE1FE780600313854900A16542057F
:10E5C0008505418103AA04009730FE1FE78080F58E
:10E5D0009C40229A2320AA00A297884305D9054788
:10E5E0002385E70083470B004A86D685FD172382E3
:10E5F000F1A89720FE1FE780A0199C403E942313AA
:10E60000240123123401ADBF8547E391F5F0B147F2
:10E610003304F402138B41A983270B00DA89A297F4
:10E6200003D76700884355C783D74700B306C700A1
:10E63000910763C0D70A3A95D6859720FE1FE780D9
:10E64000201503270B008144229783576700CA9740
:10E65000C207C1832313F700035747001107E3994B
:10E66000E7EA3145EF206FDEAA8515CD930700F963
:10E670002310F50083270B002302750123114501A8
:10E68000A29703D767009C432313E5001CC503C56D
:10E69000C1A8EF206FE683270B003E9423130400EC
:10E6A00023050400B5B583270B00A297884311C941
:10E6B0009730FE1FE78060F383270B00A29723A00B
:10E6C000070083A709003E942313040023050400D8
:10E6D00045BD11C99730FE1FE78020F183A70900CF
:10E6E000A29723A0070083A7090085443E94231323
:10E6F00004002305040029BD6F40C02C6F40002E8C
:10E700006F40A0776F400031411106C6EF40402DA9
:10E71000B2400145410182806F4060326F408034D9
:10E720006F40C0376F40E0396F40E03B6F40E03DE5
:10E730006F40C03F6F40C0416F40C0436F40604575
:10E740008347160003460600A2075D8E6F40A04671
:10E750006F40E0476F40A04A6F40604D6F404050AF
:10E760006F4020536F4040556F4060576F40805955
:10E770006F40A05B6F40C05D411122C60344C102DF
:10E7800026C48344010303430101030E4101834E68
:10E790008101034FC101834F010283424102834340
:10E7A000810222D6324426D8A2441ED416D27ED06C
:10E7B0007ACE76CC72CA1AC841016F4080716F4020
:10E7C000205B6F40405D6F40605F6F4080616F40D5
:10E7D000A0636F40C0656F40E0676F40C06A6F40E4
:10E7E000E06C6F6060201307A5FF420785672A88E9
:10E7F00041831385A7C7636CE502138707C80145EA
:10E800006368B70263E605031307301F6362C7023C
:10E81000138766FF42074183938767C763EAE70070
:10E8200005063306B6028E063325D60082800145E2
:10E830008280411126C206C622C4AA84EFD0106885
:10E8400019C52A842685EFC0F0232324A418B240DA
:10E850002244924441018280834665010D47AA8784
:10E860006384E6000545828003274511034647007F
:10E87000A305C502034737006316D7020347B50057
:10E8800075F303470501930600026307D70093065B
:10E89000300201456317D700130760022388E700A1
:10E8A00001458280BD466310D702034705019306E8
:10E8B000000401451377B70FE315D7FE1307500483
:10E8C0002388E7008280B946631AD7008346050192
:10E8D00013070003E398E6F80547C9B7D146631765
:10E8E000D7008346050113070005EDB7D946631825
:10E8F000D7028346050113075005E395E6F6032783
:10E90000050A136707202320E50A05472308E500C9
:10E9100003C71701136707F8A388E70051B7E94653
:10E92000631BD7008346050113075006E39CE6F2FC
:10E930001307A006A5B7FD46631BD7008346050154
:10E940001307A007E390E6F2130710F881BF9306C0
:10E950003002E319D7F08346050113075008E3930B
:10E96000E6F005472308E5000347A50213671700F3
:10E970002305E50271BF832705110947A30AE500B6
:10E9800095C32381E70003474505A381E70083473B
:10E99000A50293E787002305F502F1472308F50058
:10E9A000014582801D4582808547A30AF5008327A3
:10E9B000051191CB15472381E7009307B002230887
:10E9C000F50001458280054582808547A30AF50050
:10E9D0008327051191CB19472381E7009307D002C4
:10E9E0002308F50001458280054582808947A30AF6
:10E9F000F5008327051181CF1D472381E700832779
:10EA000005110347D5020145A381E7008280054532
:10EA100082808547A30AF5008327051191CB2D47F6
:10EA20002381E700930770032308F50001458280E6
:10EA3000054582809947A30AF500832705113147D0
:10EA40002381E7001787FE1F1307C79483564701EA
:10EA5000A381D7009786FE1F83C626952382D70001
:10EA60009786FE1F83D66694A182A382D700834631
:10EA700087012383D70003479701A383E7008347D8
:10EA8000E50213F7070409CF9307A0032308F50055
:10EA90008347E50293F7F7072307F50201458280D4
:10EAA000858BFDD78327050AA305050223070502E9
:10EAB00093E707042320F50AE1BF8947A30AF5007D
:10EAC0008327051181CF35472381E700832705116F
:10EAD0000347B5020145A381E70082800545828096
:10EAE0008D47A30AF5008327051191CF4547238160
:10EAF000E7000347C502A381E7000347B5020145CC
:10EB00002382E7008280054582808547A30AF500BD
:10EB10008327051185C349472381E7009307A00494
:10EB20002308F5008347A50293E747002305F50274
:10EB300001458280054582808547A30AF500832729
:10EB4000051191C74D472381E700014582800545A6
:10EB50008280032705118D47A30AF500D9472301B9
:10EB6000F70083464514A301D70083475514918AC3
:10EB70002302F7000357A51CB1C69306F034814762
:10EB800063FDE600930787E80357851415CB858757
:10EB9000938757FD8D87C207C1830357851C63F395
:10EBA000E7003E878347A5022307E50493E7470074
:10EBB0002305F502930750052308F50001458280DF
:10EBC0008D87F9B7858B99C7930707FB2147B3C793
:10EBD000E702D1B79307C7FB1147D5BF032705113C
:10EBE0008D47A30AF500DD472301F700834745144D
:10EBF000A301F700834655142302D7000347B51439
:10EC0000F98F93F647000357A51CB1C69306F0345D
:10EC1000814763FDE600930787E80357851415CB0A
:10EC20008587938757FD8D87C207C1830357851C4E
:10EC300063F3E7003E87930780052308F5008347C9
:10EC4000A5022307E50493E747002305F5020145E4
:10EC500082808D87F9B7858B99C7930707FB21477A
:10EC6000B3C7E702D1B79307C7FB1147D5BF8326C8
:10EC700005118D47A30AF500E5472381F600834778
:10EC80007514034665140547B317F7003317C7001B
:10EC9000D98FA381F600834715142382F60083479A
:10ECA000A50293E747002305F50293070006230812
:10ECB000F500014582808947A30AF50083270511E5
:10ECC00075472381E7001777FE1F1307A76C0347DB
:10ECD0003700A381E700930750072308F50001459B
:10ECE00082808947A30AF50083270511794723818C
:10ECF000E7000347F502A381E7008327050A2167A0
:10ED0000D98F2320F50A85472308F5000145828025
:10ED10009777FE1F93870768B84B93078005834654
:10ED20004700B387F602145703270511BE96A5477F
:10ED3000A30AF500930700022301F7000356A51C60
:10ED40008357651CB297D05A9387C71263F3C700E5
:10ED5000B287A301F70013D68700C1832302C7003F
:10ED6000A302F7009C5E2303F70013D68700C1833C
:10ED7000A303C7002304F70083C7C601A304F70059
:10ED800083C7D6012305F7009307C0072308F500C2
:10ED90000145828083270511114613073002A30A1B
:10EDA000C5002381E70003478515118B05CF034775
:10EDB000A515238207009306F7FF05473317D700F1
:10EDC000A381E70003473514A382E7008347A50228
:10EDD00093E747002305F502930750F82308F50051
:10EDE000014582808346751409476392E6021777CE
:10EDF000FE1F0347D74E09C72147A381E70019A08B
:10EE0000A381C700034755162382E70065BF054766
:10EE10003317D700DDB79547A30AF50083270511FF
:10EE2000130740022381E700A3810700030735147D
:10EE30008306F5156395E6008946A381D70083060E
:10EE4000E5156398E60083C6370093E61600A381B4
:10EE5000D7008306D5152382D7000346C515A382A4
:10EE6000E7002383C70083478515858B81CB99C62F
:10EE70008327050A4167D98F2320F50A014582803F
:10EE8000411126C28324051106C622C4B547A30A30
:10EE9000F500A9C091472A842381F4009305851ABF
:10EEA0002146138534009720FE1FE780608E13856E
:10EEB000B40011469305041B9720FE1FE780408D88
:10EEC000930720022308F4000145B24022449244F3
:10EED000410182800545D5BF83270511A1C7411196
:10EEE00022C406C62547A30AE5002381E7002A8439
:10EEF000032505119305840F21460D059720FE1F5C
:10EF0000E78000898327040AA3050402014593E7EB
:10EF100007022320F40A85472308F400B240224464
:10EF20004101828005458280A547A30AF500832719
:10EF30000511A9C3411122C406C639472381E70040
:10EF40002A84032505119305840F21460D0597207A
:10EF5000FE1FE780E0838347A402014593E7470053
:10EF60002305F402930700032308F400B24022446F
:10EF70004101828005458280E147A30AF50083278D
:10EF80000511D9CF411122C406C63D472381E700B0
:10EF9000034745072A8493058506A381E7000347B5
:10EFA000550731462382E70003476507A382E70040
:10EFB0000357650721832383E7000347A505A38340
:10EFC000E7000357A50521832384E7000347C50510
:10EFD000A384E7000347D5052385E70003574506CB
:10EFE000A385E700034765062386E7000357650608
:10EFF0001385E7002183A386E7009710FE1FE780B3
:10F0000020798347A402014593E747002305F402D2
:10F01000930700042308F400B24022444101828097
:10F0200005458280E147A30AF50083270511C9CB76
:10F03000411122C406C641472381E7000347450723
:10F040002A8493058506A381E700034755073146C7
:10F050002382E70003476507A382E700035765079C
:10F0600021832383E7000347A505A383E700035714
:10F07000A50521832384E7000347C505A384E70092
:10F080000347D5052385E70003574506A385E70019
:10F09000034765062386E700035765061385E700E7
:10F0A0002183A386E7009710FE1FE780606E930719
:10F0B00040042308F400B24022440145410182800B
:10F0C00005458280411106C6AD47A30AF500832796
:10F0D0000511130790029305D5172381E7001385C7
:10F0E000370029469710FE1FE780806AB24001452D
:10F0F0004101828083254511411126C206C622C4E2
:10F1000083C7450003C735000568A207D98F138759
:10F11000A7FF420741839306A8C7F94463E2E60CC0
:10F1200003C7650083C65500130808C82207558F1A
:10F13000F9446367E80A6365F70A03C6850083C676
:10F1400075002206558E9306301F63EBC60883C6F2
:10F15000A50083C89500A206B3E616016362D8082D
:10F16000130816003308F80293983600635A1807FC
:10F1700083C8B50013980801135808016384080078
:10F18000636007078358A5038144639D1701631BD0
:10F19000F7008358C5036397C8008354E503958C33
:10F1A00093B41400231DC504231AF506231BE5069A
:10F1B000231ED5042312050783C7D50003C7C50046
:10F1C0002A84A207D98F2313F5063146B905130502
:10F1D00085069710FE1FE780A05B9147A30EF40001
:10F1E000B24022442685924441018280411122C4CA
:10F1F00006C68547A30AF5002A84834535150327EB
:10F20000051103454515854693176500CD8F2301EC
:10F21000F700ED47A301F7008347C4000346241518
:10F2200093E707022306F400EF107074930770064B
:10F230002308F400B2402244014541018280832723
:10F2400045111303000E03C6470003C7370022060B
:10F25000598E130756FE420741836367E30683C650
:10F26000670003C757001168A206D98E138786EB83
:10F2700042074183130888146368E80403C78700C2
:10F2800083C87700220733671701930857FEC20827
:10F2900093D80801636A130383C8970083C7A70044
:10F2A000A207B3E71701938887EBC20893D8080138
:10F2B000636C1801231EC51A231FD51A2310E51CE1
:10F2C0002311F51C6FB06069054582808346B50047
:10F2D0000547AA8705456395E60C83C66701314754
:10F2E0000545639FE60A03A7471183463700A38AB3
:10F2F000D7048346570003464700A206D18E239BBE
:10F30000D7048345770083466700A205D58D239CEB
:10F31000B70403469700834687002206558E239D37
:10F32000C7048346B7000345A700A206C98E239EE3
:10F33000D7040345C7000347D7002207498F03D5E9
:10F34000A703239FE7040147631BB50083D5C703C9
:10F350006397C50003D7E703158F13371700239171
:10F36000E70603C70701930600046304D702930668
:10F3700040046315D70005472388E70003C717013A
:10F380009546A38ED700136717F8A388E7000145B9
:10F39000828003C7A702136717002385E702E1BF36
:10F3A0008280034765018947631DF7008327451164
:10F3B00083C73700230AF504F5472308F500014504
:10F3C00082801D4582808347B5002A87D9EB83461A
:10F3D0006501B54705456397F6088346070193071E
:10F3E00000026391F60883274711014583C6570041
:10F3F00003C64700A2064206B29603C66700B2964D
:10F4000003C637006206B2962320D70C83C6970046
:10F4100003C68700A2064206B29603C6A700B296AC
:10F4200003C677006206B296232ED70A83C6C700AA
:10F4300003C6D700A2064206B29603C6B70083C72A
:10F44000E700B296E207B6972320F70E834717012D
:10F4500093E78700A308F700930730022308F7001B
:10F460008280054582808347B5009DE3034765019F
:10F470008547631DF7008346050113073002639734
:10F48000E6009307C0022308F50081473E8582808D
:10F490008547EDBF834665010547AA870545639CFF
:10F4A000E60203C707019306B002631AD7001307E9
:10F4B000E0022388E700A3850702014582809306C6
:10F4C000D00205456319D7001307E002A3850702A0
:10F4D0002388E700DDB78280034765018947631E03
:10F4E000F704E947A305F50283274511394783C788
:10F4F00037006392E7020347050193070003631E89
:10F50000F7028327050A93E707022320F50A8547B8
:10F510002308F500B9A03D476393E70283278510D0
:10F5200003470501F59B2324F51093070004631698
:10F53000F700930760042308F500014582804947DE
:10F540006398E702034705019307A004E317F7FE5A
:10F5500085472308F5008347A50293E71700230595
:10F56000F5028347150193E707F8A308F500F1B703
:10F5700051476392E7020347050193070005E31E25
:10F58000F7FA85472308F5008327050A93E7071054
:10F590002320F50AF9B75947639DE70003470501A2
:10F5A00093075005E31BF7F88327050A93E7072025
:10F5B000A9BF6947639FE70003470501930750060A
:10F5C000E31DF7F68327050A056713070780D98F20
:10F5D0002DBF7147E383E7F67547639CE700034758
:10F5E000050193075007E31AF7F48327050A2167FB
:10F5F000F9BF13073002E392E7F4034705019307CD
:10F600005008A9B70347B50085476311F7020347C0
:10F610006501631BF700034705016317F7009307B4
:10F6200060032308F50081473E8582808547EDBF52
:10F63000834665010547AA8705456393E60603C728
:10F640000701930670036315D70203C7A702238639
:10F6500007049376070499C61377F7FB136707012E
:10F660002385E702130780032388E7000145828092
:10F670009306500305456315D702130780032388BB
:10F68000E70003C7A7022386070401459376070412
:10F6900081CA1377F7FB136707012385E70282808E
:10F6A0008280034765019947631EF70803274511C8
:10F6B00083473700A307F504834757008346470075
:10F6C000A207D58F2318F504834777008346670088
:10F6D0001307A003A207D58F834605012319F5045C
:10F6E0008347E5026395E604858B99CB8327050A5A
:10F6F000A30505022307050293E707042320F50A63
:10F700008347A50293E717002305F50285472308E1
:10F71000F5008347150193E707F8A308F500834731
:10F72000E50293F7F7FB2307F50201458280E20724
:10F73000E187E3D007FE8327450A93E707042322E6
:10F74000F50AC1BF05458280034765018947630407
:10F75000F70005458280832745111307000483C7FE
:10F760003700A305F5028347050193F6B70F6397AA
:10F77000E600930750042308F50025A01307500561
:10F780006393E7028327050A93E707202320F50AFE
:10F7900085472308F5008347150193E707F8A30879
:10F7A000F50001458280130750066395E700930733
:10F7B000A006D1B713075008639CE70085472308CC
:10F7C000F5008347A50293E717002305F502E1B78B
:10F7D0000347B5003DFF130700026386E7001307E8
:10F7E00030026395E7009307600271B71307A00723
:10F7F000E391E7F6930710F8BDBF8346650105471F
:10F80000AA8705456394E60403A787100545418B45
:10F8100015CF03C707016318A7001307B004238897
:10F82000E700014582801306A004631AC70003C7DE
:10F83000A7022388D700136717002385E70203A7D1
:10F84000870A1367070423A4E70AE1BF828083467F
:10F8500065010547AA8705456393E60283C607014C
:10F860001307A0040545639CE60003C7A70223888D
:10F87000A7000145136717002385E7028280828075
:10F88000034765018D47631FF718834715018D8B6B
:10F8900091EB834605012147938706FC93F7F70F09
:10F8A0006361F702D9472306F5029307A002A30577
:10F8B000F5028327850A93E727002324F50A0145EB
:10F8C00082808347B5000326451163900714930790
:10F8D00050056398F600D9472306F50293073002D6
:10F8E000F9B79777FE1F9387E7AA8345460003C7BA
:10F8F000A70383C7B703834865146D8F2305E514F9
:10F9000003463600F18F0546A305F514331616019C
:10F910006314C70023050514034875148545B39582
:10F9200005016394B700A30505140347A514834795
:10F93000B5145DCFD9CB93752700B1C113F627005D
:10F940001DCE930720202315F5140347A5148547E2
:10F95000B39717016314F700230505140347B51483
:10F960008547B39707016314F700A305051485477E
:10F970006398F608930760052308F50089B71376A6
:10F98000470001CA13F34700630503009307404093
:10F990005DBF058B19C713F7170001C79307101038
:10F9A0005DB7094781E5114711E205472305E514D5
:10F9B00013F7270009C78947A305F51479B7918B79
:10F9C00099C39147D5BF8547C5BFB3570741858BBD
:10F9D00081C72305B51495BF9377270089C7894749
:10F9E0002305F5149DB7118B91477DFB8547CDBF4E
:10F9F000A9DF33D71741058B45DFA305C514B1B780
:10FA00008327850A93E707104DBD85476397F60066
:10FA100083474600A305F514B1BF8327850A93E702
:10FA2000072061BD05458280834665010D47AA8791
:10FA300005456394E61483C6070113075005054581
:10FA4000639DE61203C7B7006319071283C6471404
:10FA500003C7571403A6471133F5E6008345460054
:10FA600019ED6396B60003453600630AE500239559
:10FA70000714130770052388E70001458280ED8E87
:10FA80002385D7140346360003C86714718F0546D3
:10FA9000A385E714331606016394C6002385071473
:10FAA00003C577148545B395A5006314B700A385F6
:10FAB000071483C6A71403C7B714C5CA41C793F573
:10FAC00026009DC91376270005CA13072020239519
:10FAD000E71483C6A7140547331707016394E600AC
:10FAE0002385071483C6B71405473317A700E3928D
:10FAF000E6F8A3850714B5BF13F6460001CA93784C
:10FB000047006385080013074040D1B7858A99C62E
:10FB10009376170081C61307101055BF894681E5FB
:10FB2000914611E285462385D7149376270089C62E
:10FB30000947A385E71471BF118B19C31147D5BFBE
:10FB40000547C5BF33D7A640058B01C72385B7142A
:10FB500049B713F7260009C709472385E71495BF5E
:10FB6000918A1147FDFA0547CDBF25D7B356074106
:10FB7000858AC5DEA385C714A9BF82808346B500E8
:10FB80000547AA870545639FE60683C667011547B3
:10FB900005456399E60603C707019306500563060A
:10FBA000D70093068005631FD70403C7A70283A568
:10FBB0004711136717002385E70203C64500114765
:10FBC000636EC70083C63500636AD7001307F6FF6C
:10FBD0001385F6FF718F758D498F11C705472388EF
:10FBE000E7000145828003C7650003C555002385F2
:10FBF000C7142207498F2396E714A385D714130748
:10FC0000A005F1BF82808347B50095E38346650177
:10FC10000D478547639BE600034705016317F7001F
:10FC2000930710062308F50081473E8582808547AB
:10FC3000EDBF0347650189476310F7068327451128
:10FC40009765FE1F83C5A57983C7370013F6F701B3
:10FC500013D767009767FE1F83C7577863EAC7000B
:10FC60008346E514A18A89C6B3D6E540858A9DE618
:10FC7000E9472306F5028547B397E700ED8F8D8BA3
:10FC8000794799C3130700028327850AA305E50274
:10FC900093E727002324F50A05458280230AE5140B
:10FCA00003470501A309C51485476318F7009307A7
:10FCB00060062308F500014582808327850A93E7C3
:10FCC00007402324F50AC5BF034765018947631C24
:10FCD000F702832745110347050183C7370023082F
:10FCE000F50285476318F700930760072308F500BE
:10FCF000014582808327850A056713070780D98F0E
:10FD00002324F50AF5B70545828083466501094736
:10FD1000AA870545639FE60283C6070113075007BC
:10FD200001456398E60203A74711A1660347370020
:10FD30002388E70203A7070A558F23A0E70A054790
:10FD40002388E70003C71701136707F8A388E700B4
:10FD500082808280834665011547AA87054563999D
:10FD6000E60C83C607011307500805456392E60CAD
:10FD700003A7471183463700A38DD7148306470096
:10FD8000A382D716030657002380C71603476700D0
:10FD90002382E71603C7871593754700B5CD8946BB
:10FDA000A38CD71483A6070AC1656D9BCD8E23A0B3
:10FDB000D70A238CE71403C7A7169376170085C2CA
:10FDC0009306F0076306D600136727002385E7161E
:10FDD00003A7070AB7060200558F23A0E70A176793
:10FDE000FE1F1307275B034737000145A387E70280
:10FDF00003C74703A380E71605472388E70003C727
:10FE0000A702136717002385E70203C717011367CB
:10FE100007F8A388E7008280098B51DFC9DE03A7BA
:10FE2000070AC166A38CA714558F23A0E70A61B700
:10FE30008280834665011547AA8705456390E60AD7
:10FE400083A64711014503C636001377060F59E70D
:10FE50001767FE1F0347D757718F49C303C7660053
:10FE600011482380E716838556000147A382B71601
:10FE7000130517003357E640058B9378F50F15CF20
:10FE8000238D171503C74600A38DE71403C78715F5
:10FE9000937647009DC68946A38CD71483A6070A8C
:10FEA00041666D9BD18E23A0D70A238CE71403C72C
:10FEB00047030145A380E71682802A87E31A05FBE2
:10FEC000D1B7098B6DD7E5D50547A38CE71403A7F8
:10FED000070AC166558F23A0E70AD1BF82808346F7
:10FEE00065011147AA8705456393E60A83C5B700F4
:10FEF0000545639EA50883A6471103C836006366BF
:10FF0000050303C74600130510091306B7FF137650
:10FF1000F60F636CC50003C656009306B6FF93F652
:10FF2000F60F6364D5006371E6027947A385E702A3
:10FF3000130780022386E70203A7870A0145136798
:10FF4000270023A4E70A828083A6C710014593F601
:10FF5000060895CE83C647176317B80293E61600C6
:10FF6000238AD7169306000AA38AE7163307D70217
:10FF700083D6A7033347D70283D60704850636976F
:10FF8000239BE7168280D99A238AD71682808280A3
:10FF900083270511E9C72547A30AE50051472381B7
:10FFA000E7000347451B8355651B0356A51BA3812B
:10FFB000E7000347551BA382B7002382E70013D74E
:10FFC00085002383E7000347851BA383E7000347DE
:10FFD000951BA384C7002384E7001357860023855D
:10FFE000E7008346751409476386E6020327051078
:10FFF0009316470163C006028566938686842E8722
:020000040002F8
:1000000063F3B600368742074183A382E70021836A
:100010002383E7008346651409476386E6020327C6
:1000200005109316470163C0060285669386868491
:10003000328763F3C600368742074183A384E70013
:1000400021832385E7008347A50293E74700230523
:10005000F502930700052308F50001458280054558
:10006000828083270511E9CB2547A30AE500554780
:100070002381E7000347451B8355651B0356A51BDA
:10008000A381E7000347551BA382B7002382E70043
:1000900013D785002383E7000347851BA383E7006D
:1000A0000347951BA384C7002384E70013578600EA
:1000B0002385E7008346751409476380E602856659
:1000C000938686842E8763F3B60036874207418382
:1000D000A382E70021832383E70083466514094751
:1000E0006380E602856693868684328763F3C60062
:1000F000368742074183A384E70021832385E700F5
:100100008347C507A305050299C78327050A93E717
:1001100007102320F50A8327450A139747016358E0
:1001200007007D771307F77FF98F2322F50A8547AC
:100130002308F5000145828005458280034765015B
:10014000AD476318F702411106C68347451783255B
:100150004511294693E70701230AF5168D05130576
:10016000D5179700FE1FE780A062B240014541010C
:100170008280054582808347B500EDE7411122C4A6
:1001800006C603476501E1472A8405456318F70C55
:1001900003470401930700046312F70C83254411FD
:1001A00005659306A5C703C7450083C73500220729
:1001B0005D8F9307A7FFC207C18363ECF60883C76F
:1001C000650083C65500130505C8A207D58F636275
:1001D000F50863E0E70803C6850083C675002206BC
:1001E000558E9306301F63E6C60683C6A50003C876
:1001F0009500A206B3E60601636DD504130516004B
:100200003305E502139836006345A80403C8B5001A
:100210001315080141816304080063ECA702231D44
:10022000C4042312A406231AE406231BF406231E87
:10023000D40483C7D50003C7C5003146A207D98FB0
:100240002313F406B905130584069700FE1FE78003
:100250002054930770042308F4000145B24022445F
:100260004101828005458280411126C206C622C412
:1002700003476501E14785446318F7048327851028
:100280002A848544898BA9C38347B5006391970667
:10029000EFE05FE683470401A305A402639797009C
:1002A000930710042308F40039A81307000463938C
:1002B000E702930710042308F4008347A40293E79E
:1002C00017002305F4028144B2402244268592445B
:1002D000410182808327040A93E727002320F40A40
:1002E0008347140193E707F8A308F400E9BF8347A5
:1002F00015018D8B99CF9307A002A305F402BD478A
:100300002306F4028327840A93E727002324F40AB0
:100310005DBF8347050163979700EFE0BFDDA3054D
:10032000A402BDBF130700026390E702EFE09FDC69
:10033000A305A402814449F98327440A37070080B2
:10034000D98F2322F40A49B713070004E39EE7F686
:10035000930730025DB7411126C206C622C4834707
:10036000B5008544A5E703476501A5478544631F9C
:10037000F7048327850FA18BB1CB832545112A84F0
:1003800021468D05130505109700FE1FE7804040AC
:1003900083270410B73678089386060DDD8E8327F1
:1003A000441013E707018327840FF58F2324F410EB
:1003B0008327C40FF98F2326F41083470401639D1C
:1003C0009700930710032308F4008144B2402244AD
:1003D00026859244410182808327840A93E707019E
:1003E0002324F40ADDB7411126C206C622C40347FE
:1003F0006501A5478544631AF7060347050193077E
:10040000000385446313F706832545112A8421469A
:100410008D05130505109700FE1FE78060378327C1
:100420000410B73678089386060DDD8E83274410B6
:1004300023089400A305040213E707018327840F10
:100440008144F58F2324F4108327C40FF98F2326CA
:10045000F4108327040A93E707022320F40A834752
:10046000140193E707F8A308F400B240224426855C
:100470009244410182808347B50005476395E708B0
:10048000411122C406C68346650125472A840545D5
:100490006390E606034704016310F70683254411C1
:1004A0002146130504108D059700FE1FE780402E9E
:1004B00083270410B73678089386060DDD8E8327D0
:1004C000441013E707018327840FF58F2324F410CA
:1004D0008327C40FF98F2326F410930710032308F2
:1004E000F40083471401014593E707F8A308F400DB
:1004F000B2402244410182808327840A93E70701A6
:100500002324F40AF9BF054582800347B5008547D7
:10051000631CF704411122C406C626C203476501C5
:10052000A1472A840545631CF7028324441113055F
:1005300084121546938534009700FE1FE7804025FE
:1005400083C7940003C784000145A207D98F2317EE
:10055000F4128347140193E727F8A308F400B2408C
:100560002244924441018280054582800347B500C0
:1005700085476310F716834665015D47639CE61463
:10058000011126CA8324451122CC21462A84938551
:1005900034001305F51806CE9700FE1FE780401FB4
:1005A00083C7C40003C7B400A207D98FA30BF418F4
:1005B000A183230CF418EF00DF8C2AC4EF007F8C9A
:1005C0002AC62C001305841A21469700FE1FE780D7
:1005D000201C83C7F40003C7E4001305041BA20713
:1005E0004207BA9703C704012C001146BA9703C704
:1005F000D4006207BA972324F40C83C7340103C7DD
:100600002401A2074207BA9703C74401BA9703C758
:1006100014016207BA972322F40C0347941A834704
:10062000A41A4207A207BA970347B41ABA97034716
:10063000841A6207BA972320F40C0347D41A83471D
:10064000E41A4207A207BA970347F41ABA97034776
:10065000C41A6207BA97232EF40AA2473747030049
:100660001307D73FB387E70237A72600130737ECF6
:10067000BA973EC49700FE1FE780801183C76401CC
:1006800003C77401A2074207BA9703C75401BA9778
:1006900003C784016207BA97232EF40C0347241B77
:1006A0008347141B4207A207BA970347041BBA9754
:1006B0000347341B6207BA972320F40E93071002F6
:1006C0002308F400F24062448147D2443E8505612C
:1006D000828085473E858280034765019147631B81
:1006E000F712411126C28324451106C622C403C74E
:1006F000340001CB9307F7FFF98F81E79377070F5A
:100700008DC793070002A305F50293073002230665
:10071000F5028327850A93E727002324F50AB240D0
:100720002244924401454101828083C554009306CE
:10073000E007814711466397D500F947E9B7B687C7
:10074000638CC60093861700B357F740858B93F5EB
:10075000F60FF5D7230DB514838744002A84B5C35B
:10076000A30EF514030535143387A7001375F50F91
:10077000635AF0008307F41563DAE700898FA30E4C
:10078000F41429A08307E415E34AF7FE8347D41540
:100790003E9562056185212F2301A4145D258347C1
:1007A0003414A301A414B307F540A30EF4140127D5
:1007B0008347A415034734142301A414A297A382EA
:1007C000E7168307440383062416014763D5F60022
:1007D000958F13F7F70F230EE41483C754000547D2
:1007E0002300F416834704016397E700930760F83A
:1007F0002308F4002DB7130750086396E700FD5750
:10080000230EF414E5B78327840A0967D98F2324BC
:10081000F40A31B70545828003476501A547631E89
:10082000F704411122C406C68346050113070005DB
:100830002A8485476397E602EFE07FA005E98327D6
:10084000040AA305040293E707102320F40A834750
:10085000140193E707F8A308F40085472308F40080
:100860008147B24022443E85410182808347A402F1
:1008700093E717002305F402D9BF85473E858280A0
:1008800003476501A5476309F700054582800545D3
:10089000B24022444101828083278510411122C445
:1008A00006C693F707022A84FDD3EFE05F998547D8
:1008B000E30FF5FC034704016318F70093071005E5
:1008C0002308F4000145E9B78327840A93E7070862
:1008D0002324F40AC5BF054582800545828005456D
:1008E00082800545828005458280054582800545D8
:1008F0008280054582808347C500A30A0500F19BDD
:1009000093E717002306F50003250511133515009D
:1009100082801767FE1F0347579C9547630BF700BC
:100920009767FE1F9387079B83C777000D47631F59
:10093000F7009767FE1F83C7779A639E0710930798
:1009400060101767FE1F231BF7988280411126C293
:100950009767FE1F938707A49384C1AB22C4E05F0F
:100960009C404AC006C623A20706096798C71945D6
:100970009767FE1F23820796EF003016938701AB1F
:10098000944337C7898E130767ED98C637575500CC
:1009900013075755D8C2034724029306F00F3E8928
:1009A0006307D700FD57A300E4022301F4020345C7
:1009B000140289476303F5000145984001469305F9
:1009C000F00F5C4393E717005CC3930710FA23050D
:1009D000F40099471767FE1FA301F7909767FE1F62
:1009E000238A078E9767FE1F2388078E9D2D938786
:1009F00041AC9443DC56F59BDCD6832709000347C2
:100A000094001376F7079843137707F8518F98C32C
:100A10001767FE1FA302078C90401767FE1FA30BEA
:100A2000078A054718C298431377F7E798C3984396
:100A30001377F7E71367071098C39C46370733000F
:100A4000B240D98F22449CC69307900D3CCA924471
:100A50000249410182808280411106C622C4176783
:100A6000FE1F0347B7879767FE1F9387A78601CFAF
:100A70009766FE1F83C6868609476396E60017675A
:100A8000FE1FA30D078403C77700A1466387E60016
:100A900003C777009D46639DE60083C7770017670D
:100AA000FE1F230DF78285471767FE1FA308F782F5
:100AB000EF00407B9767FE1F9387C78DE05F68401C
:100AC00023150400230404009710FE1FE780E0B103
:100AD00091452310040423220404232404041755FD
:100AE000FE1F03455563EF001F85A1451755FE1FE7
:100AF00003457562EF003F84034514039307F00F2D
:100B00006307F500EF00DF87FD57A308F4020345F4
:100B100004039307F00F6307F500EF007F86FD578E
:100B20002308F402B240224441018280011126CA06
:100B30009764FE1F9384048622CC03A4040C4AC845
:100B40004EC652C456C206CE2A898149130A2500D0
:100B5000854A29E89305702531459710FE1FE780E7
:100B6000609C2A8401453DC08347190019469305BE
:100B70002900A300F400130524009700FE1FE7805E
:100B800020C183A7040CA1EF9767FE1F23A4878CC5
:100B90002324040083C7C40B85071767FE1F23099E
:100BA000F78A25A003471400834719006305F7005F
:100BB000A289004479BF1946D28513052400970005
:100BC000FE1FE780E0C5E31555FF0545F24062448E
:100BD000D2444249B249224A924A05618280E3895D
:100BE00009FA23A489006DB79757FE1F9387877A68
:100BF00003A5070C11E99767FE1F23AD07849767CC
:100C0000FE1F238707848280411106C622C4004547
:100C10009710FE1FE780609D228575F8B240224440
:100C20009767FE1F23A807829767FE1F238207820C
:100C3000410182809757FE1F9387C77523A0070C39
:100C4000238E070A8280011122CC1384C1AB184085
:100C500006CE26CA2EC632C43C4BAA84354593F72D
:100C6000F7F73CCB9D2D184026853C4B93E70708B2
:100C70003CCB2246B2459700FE1FE78000FCF240C5
:100C80006244D2440145056182801387C1AB14439D
:100C9000BC4A93F7F7F7BCCA0100010018431605D8
:100CA000136505083C4B93E707083CCB9387C1AA23
:100CB0009C4303A7450E88C398CB03A7850E014527
:100CC000D8CB03A7C50B98CF03A7050CD8CF03A794
:100CD000450C98D303A7850CD8D303A7C50C98D788
:100CE00003A7050DD8D703A7450D98DB03A7850DEE
:100CF000D8DB03A7C50D98C703A7050ED8C798432F
:100D00001367070498C382801387C1AB1443BC4A9E
:100D100093F7F7F7BCCA01000100184316051365E5
:100D200005083C4B93E707083CCB9387C1AA9C433B
:100D300003A7C50E88C398CB03A7050F0145D8CBE1
:100D400003A7C50B98CF03A7050CD8CF03A7450C65
:100D500098D303A7850CD8D303A7C50C98D703A7AE
:100D6000050DD8D703A7450D98DB03A7850DD8DB64
:100D700003A7C50D98C703A7050ED8C798431367E7
:100D8000070498C3930700F81757FE1F2307F7546B
:100D90008280138601AB1C42B7068000B715018024
:100DA0009843938585E7558F98C39843B7060010FD
:100DB000558F98C31307001DD8DB1757FE1F034735
:100DC000E73293169701CD8ED4D7D457B70500825A
:100DD0001377F703FD15ED8E6607558FD8D73717B4
:100DE0000040930770052300F704930780FA23005F
:100DF000F7049756FE1F83C6662FB54763FBD702DD
:100E00008357270293E707012311F7021842B70718
:100E10000900938737081CD337E700E0D147A309BF
:100E2000F7049707FE1F9387670C93E717007CD79B
:100E3000828083572702C207C183BD9BC207C1833B
:100E4000E1B79307C00363E2A70613078002954743
:100E5000636BA704714791476367A70459478D47A0
:100E60006363A70449478947636FA70239478547EA
:100E7000636BA702314781476367A7022947FD5784
:100E80006363A7022147F557636FA7001947ED5722
:100E9000636BA7000D47E1576367A7000547C1577C
:100EA0006373A700D1573E8582809947EDBFC55730
:100EB0006340F50655578947634AE50465579147EE
:100EC0006346E50471579D476342E5047957A5479A
:100ED000634EE502AD47634B0502B54705C90547BB
:100EE000BD476305E5020947CD476301E5020D47AC
:100EF000DD47630DE5001147F5476309E500154738
:100F00009307D0036314E500930790023E85828027
:100F10008547EDBF938781AB9C4399CB944BD04BD6
:100F20009842518F98C294439C479842D98F9CC253
:100F3000938701AB1386C1AB05489C431757FE1F2F
:100F40000347E739144263120505884375787D1815
:100F50003375050188C3C846F977FD17E98FDCC6EC
:100F60000100010014428967AD059CC6930700F893
:100F70001756FE1F2302F636939725009305E709BF
:100F8000BE958605ECD2C8C682807578137325009D
:100F90009308F8FF630B030803A8070089050D43B6
:100FA0003378180189683368180123A00701517844
:100FB0001307E70B8E057D186311650488433375AD
:100FC000050111683365050188C3C846F977FD1727
:100FD000E98FDCC6010001001C42930600F89385EE
:100FE000750D23A417011756FE1F2307D62E86055D
:100FF000BA958605ECD3C8C782808843337505014E
:1010000088C3C846F977FD17E98FDCC601000100E7
:101010001C42930600F89385A50423A417011756D4
:10102000FE1F230BD62A8E05E1B78843056833756A
:1010300015013365050188C3C846F977FD17E98FA7
:10104000DCC6010001001C428966A90594C793060D
:1010500000F81756FE1F2301D6288E051307E7094F
:1010600041BF938781AB9C4389CFD44303A88700BA
:1010700098423367070198C2D447DC4B9842D98F16
:101080009CC2938701AB83C641AB137725009C4379
:10109000858A25CB984375757D15698F0965498FBC
:1010A00098C3370709001307670898D33727300814
:1010B0004517D8CB371703001307976198CF0D67F3
:1010C0001307E78D98D73767000113070731D8D387
:1010D00085C637A73F001307F74D9E0598CB93852C
:1010E00045369757FE1F23ADB71E11C60606975704
:1010F000FE1F23A7C71E8280372737001307F72D4F
:10110000E9BF370709001307370898D337271008B6
:1011100013071790D8CB371703001307476298CFF0
:101120000D671307E78B98D737670001130707315F
:10113000D8D385C637A73F001307E72C98CB757720
:101140009306F7FF984305489505758F631C0501C5
:1011500098C38E059385C50369B7372737001307F2
:10116000072DE9BF8566558F98C39205E5B711C96C
:1011700037170040835787012168B3E70701231C15
:10118000F7008E059757FE1F238BB714938701AB8B
:1011900022069C43498E4D8EB70510004D8EF0D32C
:1011A000F85313674700F8D3984391C6B706002059
:1011B000558F98C38280B70600E0FD16758FD5BFA6
:1011C000411106C61757FE1F03474711A147631079
:1011D000F7049757FE1F83C7A711858B1756FE1F6D
:1011E000034636139756FE1F83C6A612B5C79757F8
:1011F000FE1F9387E711C84325C1834515000905E4
:10120000192511C585471757FE1FA309F70C175756
:10121000FE1F0347A70C9947631CF7009757FE1F53
:1012200093874717FC5F83C7B70095CBEFF06FEE4E
:101230001757FE1F0347870A9D476312F702975708
:10124000FE1F9387271583A7070983C7770081CBE4
:10125000B24041016FB0F0218145014555B7B24020
:10126000410182801387C1AB1C43B44BE19AB4CBDC
:10127000944393E6860094C39C438D83858B89C7F2
:101280000100010001000100938701AB94439C42DF
:1012900093F7F7E793E707089CC2938741AC904325
:1012A000B706CEFFFD161C46F58F1CC61C43130760
:1012B0000008B8CB938781AB9C4399CBD44390472C
:1012C0009842518F98C2944BDC4B9842D98F9CC264
:1012D0009757FE1FA383070082809387C1AB9C436F
:1012E0009C438D8BF9CB411122C426C206C61757E9
:1012F000FE1F034797FE8D47AA841754FE1F130451
:1013000064FD631BF7009757FE1F938767FE9C4B96
:10131000014681454545829719476392E4049757F2
:10132000FE1F83C7B7FB99CB9757FE1F83C707FBE9
:10133000639697009757FE1FA38207FA83477400AE
:1013400021476318F700930780101757FE1F2317D4
:10135000F7F82244B240924441016FF0BFF09D473C
:10136000639FF4009757FE1F83C757F7E1DB1757BA
:10137000FE1F0347A7F68D47E312F7FC65BF8346C0
:101380007400630BD700034774006387E70083474B
:1013900074002147E31FF7FA9757FE1F83C717F41E
:1013A000CDFB834774001757FE1F2309F7F28547CB
:1013B0001757FE1FA304F7F269BF8280011122CCE8
:1013C0002A8411452EC632C436C206CEEFF0FFF095
:1013D000938701AB9C43B7083300D857719B1367C1
:1013E0001700D8D71387C1AB08431307000A78D179
:1013F00098431377F7E798C398431377F7E7136792
:10140000071098C3138741AC1843B245924603288E
:101410008700224633681801232407011308A00D12
:1014200023280505C9CD4C5713640404F5994CD7FE
:101430001377F4078043137404F8598C3747767197
:1014400080C31307971298C737575500130757558E
:101450001754FE1F130404E8D8C35C48B6853CD972
:101460009757FE1F238907E69757FE1FA38507E6B8
:101470005C41F99B5CC1914701451757FE1FA30EC4
:10148000F7E49700FE1FE78080B8938781AB98430D
:1014900011C7544318479C42D98F9CC283473400DC
:1014A000858B91CB9757FE1F83D747EF850717573B
:1014B000FE1F2315F7EEF2406244056182804C570F
:1014C000F5994CD71377F4078043137404F8598CBB
:1014D00037C7898E80C3130767EDB5B7011126CAD8
:1014E0004AC84EC6C1643709006AB70900AC22CCAD
:1014F00052C406CE0544FD141309690E9389E90C04
:10150000130A000205E49305000F4145EF00EFB117
:10151000B7B7006A4205938767CE5D8DF24062449B
:10152000D2444249B249224A05618280A6850145DA
:10153000EF00EFB19317850013F7071033E527018C
:1015400019C333E5370181470147E145B356F5003B
:1015500085073356F500858A058A6307D600050797
:101560001377F70F63E4E504E39247FF814713061F
:10157000F003ED463357F5001377F70305CB630708
:10158000C7028507E398D7FE135785009377F50FB9
:101590001377F70FE394E7F8135705011377F70F65
:1015A000E39EE7F613578501E39AE7F60504137403
:1015B000F40F89BF1757FE1F034737D2A5476303B0
:1015C000F70C9757FE1F9387E7D083C77700114723
:1015D000630AF70A9387C1AA9843B7C70040938765
:1015E00007306311F70A4111354506C622C426C2E9
:1015F0004AC0EFF09FCE138901ABED289D29EFF093
:101600004FF983270900F576FD169843938441AC82
:101610001384C1AB758F98C39843B7063300137713
:10162000F7E798C398431377F7E71367071098C352
:1016300098401C47D58F1CC71C401307D00DB8CB52
:101640009D25EF104036792B2525032709001C43E3
:1016500093F7F7E793E707081CC394403707CEFFDB
:101660007D179C46B2409244F98F9CC61C401307DC
:1016700000082244B8CB9757FE1FA38007C6024933
:10168000410182808280238A01AA23AC01AAB7C7C4
:1016900000401387073023A6E1AA1387072023AE53
:1016A000E1AA9387071037D70040411123A2E1AC8C
:1016B00023A8F1AA06C61757FE1F1307A7C185471F
:1016C000A303F7009757FE1F938707A19C431CCFE6
:1016D000938707115CCBEFF0FFEDB7E700E037072A
:1016E0001000B24023A0E7103707200023A0E71026
:1016F000410182809387C1AB9C431307C0089306C6
:101700006007D8CBD4CFD8D31306C003D0D7D8DB4B
:10171000D0DFF8C31757FE1F1307C7BB184FF4C716
:10172000F8DB41677D1798C73D673D07D8C737E7A6
:1017300000E0D5472309F7049707FE1F9387C7D614
:1017400093E717003CD78280938741AC98431756A4
:10175000FE1F1306E6B9938701AB94438347160037
:1017600013F8F707D9C588425C42137505F833654D
:10177000050188C213F5150001C993F5050341451C
:101780006396A506938707834C574168130808A002
:1017900093E525004CD7B3D50703B70810FEFD1815
:1017A000B3F70703FD89139545016C43B3F51501A4
:1017B000C98D6CC39305A00F3705FCFFAA07B3D7EB
:1017C000B7026C43E98DBA07B983CD8F7CC38347D9
:1017D0000600898B99CB9C4293F7F70713E7070420
:1017E0009C4293F707F8D98F9CC28280938787C168
:1017F00061BF5C57F59B5CD79C4293F707F8B3E752
:1018000007019CC2E9B79757FE1F9387A7B883A724
:10181000470A85C3054582800545B250225492543B
:101820000259F249624AD24A424BB24B224C4561BC
:10183000828079714AD01759FE1F130969AB83273B
:10184000890006D622D426D24ECE52CC56CA5AC8C9
:101850005EC662C4F1D31384C1AB1C4098430D8BA8
:1018600005C3B84B619BB8CB98431367870098C3F7
:101870009C438D83858B89C7010001000100010015
:10188000138C01AB03270C00138A41AC368B1C432D
:10189000B7063300B28B93F7F7E71CC31C43AE893E
:1018A000AA8A93F7F7E793E707101CC303270A00F8
:1018B0009754FE1F9384C4A51C47D58F1CC71C409A
:1018C0001307900DB8CB9757FE1F83C727A5918BA1
:1018D00089EB9755FE1F83C5A5A193F7050463986F
:1018E000071481451755FE1F034595A0EFF0DFE56E
:1018F0001755FE1F0345C59F118501469755FE1FCD
:1019000083C5C5A00D89EFF0CFF503270A005C431E
:1019100093F7F7EF5CC30100010001000100010033
:1019200001000100010003270A005C4393E7071050
:101930005CC383270C000327890098C70327C900CD
:10194000D8C318408347090093F617005C43F99BFE
:10195000D58F5CC39757FE1FA38D779B9757FE1FAC
:101960002389679B5C43858BA9CFDC4085E31755B2
:10197000FE1F0345B5999305900409059700FE1FC6
:10198000E78040BA9757FE1F23A6A798DC40E3855F
:1019900007E81757FE1F0347C7972380E700DC407F
:1019A000638E0A08638C0908A3803701C8404E86FD
:1019B000D685090597F0FD1FE78080DD1C40D840E3
:1019C000B8DB3545EFF07F9183C7E40093E747002C
:1019D0001757FE1F2305F794930700041757FE1FA0
:1019E000230AF78E9757FE1F2388078EA1471757A4
:1019F000FE1FA304F78E9747FE1F9387E76D9C5742
:101A000091CB13060064C1451755FE1F0345459150
:101A1000EFF0EEF09757FE1FA380078C9757FE1F3D
:101A2000A38A078A1C400547014598C3FDB393F577
:101A3000050393E51500032549004DBDA38007006C
:101A4000B5BF938741AC9443056713071710D8C6F9
:101A5000514701007D1775FF984323260700514722
:101A600001007D1775FF98438567938717105CC742
:101A70008280411106C6EFF0DFFC938741AC9C43A6
:101A8000130700483703009098D7B8477D13370EE7
:101A90000020337767003367C701B8C7B847B70678
:101AA00000F9FD16758F37060004518FB8C7B84787
:101AB0003706F9FF7D16419B13679700B8C7B847F3
:101AC000B7080080B70E0002718FB8C7B847370655
:101AD00000FF7D1633671701B8C7F84745757D1EAF
:101AE000619B13673700F8C7F8471377F7F8136758
:101AF0000703F8C7EC4793F5F58F93E50530ECC77E
:101B0000F847718FF8C7F84711663367D701F8C7F0
:101B100003A807051307F5FF7D753378E8003368E0
:101B2000C80023A8070503A847057D15137808FFFB
:101B30001368C80023AA0705F04B13660608F0CB0C
:101B4000F04B698EF0CBC85F798D2167598DC8DF66
:101B5000CC5F37070040F58DB3E5D501CCDFD05F12
:101B6000B70570003376C601598ED0DFD0570967AC
:101B70004D8ED0D7D057F18ED4D7D45775767D16E9
:101B8000F18ED98ED4D7D4573706FDFF7D1637078F
:101B90000200F18ED98ED4D7945BC19A94DB945B0A
:101BA00093F6F6F094DB945B93F6F68F94DB985BF8
:101BB000B70600504D8F98DB985B33776700558FE1
:101BC00098DB985FB70608FFFD16758FB70688008B
:101BD000558F98DF985FB368170123AC1703B240A5
:101BE00041018280138741AC1C4341767D16B44B82
:101BF000F18EB4CB944737062000D18E94C7D447DA
:101C000093E60601D4C7D447BD9AD4C701000100AA
:101C10000100010014430566DC4693E70701DCC6BA
:101C2000DC42D18FDCC29387C1AB904393070005A0
:101C30007CD27C5291C783A7C609A183858BF5DB33
:101C400001000100010001001C43416603A7C70910
:101C5000B44BD18EB4CB9376F701B84B019B558F23
:101C6000B8CB9847B706E0FFFD16758F98C78280FE
:101C7000938741AC9C4341777D17B44F4166F98E01
:101C8000B4CF9447D18E94C7D44793F6F6EFD4C718
:101C9000D443758FD8C3D44793E60610D4C7D8432E
:101CA000518FD8C38280397122DC138441AC1C402F
:101CB00006DE26DA4AD84ED652D456D25AD05ECE56
:101CC00062CC66CA6AC86EC6D843FD76FD16137725
:101CD000F7EFD8C39857758F98D7D857B706020033
:101CE0003D9BD8D79847558F98C7D84313670701AE
:101CF000D8C3138701AC14433757341213078767CF
:101D0000E38FE648D84381749384F40F799BD8C35A
:101D1000985FB166938606F0658F558F98DFD8433C
:101D200013671700D8C397F0FD1FE780807C1C4025
:101D300003A707091377F7032384E1AC03A7470937
:101D400029831377F707A385E1ACD843B966938657
:101D50000670799BD8C3985F658F558F98DFD843FD
:101D600013671700D8C397F0FD1FE78080781C40E9
:101D700003A707091377F7032385E1AC03A74709F6
:101D800029831377F707A386E1ACD843B56693861A
:101D90000630799BD8C3985F658F558F98DFD843FD
:101DA00013671700D8C397F0FD1FE78080741840B1
:101DB0008327070993F7F703A384F1AC8327470927
:101DC000A98393F7F7072386F1AC1C4003CC91ACB1
:101DD00083C681AC03A7070AB386864113F6F600D3
:101DE000419B518F23A0E70A130760023387E60265
:101DF0001306700283A5070A7D7E130EFE0F93F56E
:101E0000F5F01305400245737D1313043002334788
:101E1000C702B708F1FFFD1813082002930E100245
:101E20007D4FF94FF542F1436D4DD14B454BBD44CC
:101E30003949314AAD4AB5493D8B12074D8F93055B
:101E4000500223A0E70A3387B60283A5070AB3F539
:101E5000C5013347C7023D8B22074D8F23A0E70AF8
:101E60003387A60283A5070A370500F17D15B3F570
:101E700065003347C7023D8B32074D8F23A0E70A29
:101E80003387860283A5070A6144B3F515013347FA
:101E9000C7023D8B42074D8F23A0E70A3387060315
:101EA00083A5070A370810FF7D18B3F505013347EE
:101EB000C7023D8B52074D8F23A0E70A3387D60315
:101EC00083A5070AB70E0010FD1EE98D3347C70230
:101ED0003D8B62074D8F23A0E70A139756003347C7
:101EE000C7029315C70103A7070A3377D7014D8FA0
:101EF00023A0E70A3387E6035D4F3347C702937594
:101F0000F70003A7470A419B4D8F23A2E70A3387B7
:101F1000F60383A5470AD94F93F5F5F03347C70277
:101F20003D8B12074D8F23A2E70A3387560283A504
:101F3000470AD542B3F5C5013347C7023D8B220797
:101F40004D8F23A2E70A3387760283A5470ACD4344
:101F5000B3F565003347C7023D8B32074D8F23A28F
:101F6000E70A3387A60383A5470A494DB3F5150150
:101F70003347C7023D8B42074D8F23A2E70A6947CB
:101F80003387E60283A5470AB3F505013347C70245
:101F90003D8B52074D8FE54523A2E70A3387B602F2
:101FA00083A5470AE98D3347C7023D8B62074D8FF2
:101FB00023A2E70A338786020D443347C7029315ED
:101FC000C70103A7470A3377D7014D8F23A2E70A3A
:101FD0003387E603254F3347C7029375F70003A7FE
:101FE000870A419B4D8F23A4E70A3387F60383A515
:101FF000870A9D4F93F5F5F03347C7023D8B1207D3
:102000004D8F23A4E70A3387560283A5870A994296
:10201000B3F5C5013347C7023D8B22074D8F23A47B
:10202000E70A3387760383A5870AB3F5650033474C
:10203000C7023D8B32074D8F23A4E70A3387760210
:1020400083A5870A9543B3F515013347C7023D8B36
:1020500042074D8F23A4E70A3387A60383A5870A87
:10206000294DB3F505013347C7023D8B52074D8F0C
:1020700023A4E70A3387660383A5870AE98D3347DC
:10208000C7023D8B62074D8F93954600B3C5C502CD
:1020900023A4E70A03A7870A3377D701F2054D8FF8
:1020A000B385960223A4E70A03A7C70A419BB3C5D9
:1020B000C502BD894D8F23A6E70A3387260383A572
:1020C000C70A93F5F5F03347C7023D8B12074D8FD2
:1020D000B3C5860223A6E70A03A7C70A3377C70159
:1020E000BD89A2054D8F23A6E70A3387460383A542
:1020F000C70AB3F565003347C7023D8B32074D8FE2
:1021000023A6E70A3387560383A5C70AB3F515014B
:102110003347C7023D8B42074D8F23A6E70A33871B
:10212000A60383A5C70AB3F505013347C7023D8B54
:1021300052074D8F23A6E70A3387E60383A5C70A14
:10214000E98D3347C7023D8B62074D8F939536006B
:10215000B3C5C50223A6E70A03A7C70A3377D70189
:10216000F2054D8FB385F60323A6E70A03A7070BF5
:10217000419BB3C5C502BD894D8F23A8E70A3387AC
:10218000560283A5070B93F5F5F03347C7023D8B45
:1021900012074D8F23A8E70A3387760283A5070B22
:1021A000B3F5C5013347C7023D8B22074D8F23A8E6
:1021B000E70A139726003347C70283A5070BB3F539
:1021C00065003D8B32074D8FB3C5360323A8E70A60
:1021D00003A7070B33771701BD89C2054D8F23A8CD
:1021E000E70A139716003347C70283A5070BB3F519
:1021F00005013D8B52074D8FB3C5C60223A8E70AE0
:1022000003A7070B698FBD89E2054D8F23A8E70A55
:1022100003A7070B930580023377D70123A8E70AAA
:1022200003C7A1AC3307EC40B34DB70283AC470BF7
:1022300093FC0CFFB34B770393FDFD00B3ECBC01A3
:1022400023AA970B83AC470BCD4D93FCFCF093FB7B
:10225000FB00920BB3EB7C0123AA770BB30B870235
:1022600083AC470BB3FCCC01B3CBBB0293FBFB00AD
:10227000A20BB3EB7C01B34CA70323AA770B83AB70
:10228000470BB3FB6B0093FCFC00B20CB3EB9B0160
:1022900023AA770BA14BB34B770383AC470BB3FC5B
:1022A0001C0193FBFB00C20BB3EB7C0123AA770B51
:1022B000B30B570283AC470BB3FC0C01B3CBBB028F
:1022C00093FBFB00D20BB3EB7C0123AA770BB30B80
:1022D000F70383AC470BB3FCAC00B3CBBB0293FB5F
:1022E000FB00E20BB3EB7C01B34C770223AA770B24
:1022F00083AB470BB3FBDB01F20CB3EB9B01B30CDD
:10230000E70323AA770B83AB870B93FB0BFFB3CCBD
:10231000BC02B30A570393FCFC00B3EB9B0123AC54
:10232000770B914B83AC870B93FCFCF0B34B77039B
:10233000330A470393FBFB00920BB3EB7C0123AC06
:10234000770B83AB870BD54CB3FBCB01B3CABA0277
:10235000B309370393FAFA00A20AB3EA5B0123AC8C
:10236000570B83AA870BD94BB3FA6A00334ABA02D8
:1023700033092703137AFA00320A33EA4A0123ACFD
:10238000470B03AA870BE14A337A1A01B3C9B90292
:10239000B304970293F9F900C209B3693A0123AC77
:1023A000370B83A9870B654AB3F909013349B90291
:1023B000B3C4B4021379F900520933E9290123ACFB
:1023C000270B03A9870BE9493379A900330B67036E
:1023D000BD88E204B36499001319470023AC970A3F
:1023E00083A4870BB3F4D4013349B902334BBB0246
:1023F0007209B3E4240123AC970A83A4C70BC198E4
:10240000137BFB0033EB6401C944B304970223AE92
:10241000670B03A9C70B5D4B1379F9F0B3C4B40282
:10242000BD889204B364990023AE970AB304B7033E
:1024300003A9C70BF54D3379C901B3C4B402BD88F4
:10244000A204B364990023AE970A8944B344970267
:1024500003A9C70B33796900BD88B204B36499003E
:1024600023AE970AB304970303A9C70BF94C33793A
:102470001901B3C4B402BD88C204B364990023AE89
:10248000970AB304770303A9C70BFD4B33790901FE
:10249000B3C4B402BD88D204B364990023AE970AD2
:1024A000B304670303A9C70B130B10023379A90008
:1024B000B3C4B402BD88E204B364990023AE970AA2
:1024C000B304570303A9C70B930A20023379D90138
:1024D000B3C4B402F204B364990023AE970AB30400
:1024E000470303A9070C130A3002137909FFB3C489
:1024F000B402BD88B364990023A0970CB3043703DA
:1025000003A9070C930940021379F9F0B3C4B4028C
:10251000BD889204B36499006D4923A0970CB3045D
:10252000270303A9070C3379C901B3C4B402BD88DA
:10253000A204B364990023A0970CF144B30497025A
:1025400003A9070C33796900B3C4B402BD88B2048F
:10255000B364990023A0970CB304B70303A9070C35
:1025600033791901B3C4B402BD88C204B3649900BD
:1025700023A0970CB304970303A9070C337909012F
:10258000B3C4B402BD88D204B364990023A0970CED
:10259000B304770303A9070C3379A900B3C4B402C9
:1025A000BD88E204B364990023A0970C93145700EC
:1025B000B3C4B4021399C40183A4070C3306C70241
:1025C000B3F4D401B3E4240123A0970C03A9470C6E
:1025D000137909FFB3046703B3C4B402BD88B364BD
:1025E000990023A2970CB304570303A9470C13794E
:1025F000F9F0B3C4B402BD889204B364990023A275
:10260000970CB304470303A9470C3379C901B3C43A
:10261000B402BD88A204B364990023A2970CB3044A
:10262000370303A9470C33796900B3C4B402BD88EA
:10263000B204B36499001309500223A2970CB304A7
:10264000270303A9470C33791901B3C4B402BD8829
:10265000C204B364990023A2970C93046002B304EC
:10266000970203A9470C33790901B3C4B402334676
:10267000B602BD88D204B364990023A2970C83A448
:10268000470CE98C3D8A6206458E23A2C70C03A63F
:10269000470C9314C7013376D601458E23A2C70C8D
:1026A000130690023306C70283A4870CC1983346F1
:1026B000B6023D8A458E23A4C70C1306A00233063A
:1026C000C702B345B60203A6870C1376F6F0BD89A0
:1026D0009205D18D23A4B70C83C5C1AC03C6D1AC80
:1026E0003386C540B304A60303A9870C3379C90117
:1026F000B3C4E40293E48400BD88A204B3649900E7
:1027000023A4970CB304E60303A9870C337969006B
:10271000B3C4E40293E48400BD88B204B3649900B6
:1027200023A4970C93143600B3C4E40203A9870CC6
:102730003379190193E48400BD88C204B36499001D
:1027400023A4970CB304F60303A9870C337909017A
:10275000B3C4E40293E48400BD88D204B364990056
:1027600023A4970CB304560203A9870C3379A9005C
:10277000B3C4E40293E48400BD88E204B364990026
:1027800023A4970CB304760203A9870C3379D901EB
:10279000B3C4E40293E48400F204B364990023A474
:1027A000970C93142600B3C4E40203A9C70C137951
:1027B00009FF93E48400BD88B364990023A6970CB5
:1027C000B304860203A9C70C1379F9F0B3C4E40279
:1027D00093E48400BD889204B364990023A6970C07
:1027E00093141600B3C4E40203A9C70C3379C901DA
:1027F0003347E60293E48400BD88A204B3649900E1
:1028000023A6970C03A6C70C3376660013678700D0
:102810003D8B3207518F23A6E70C03A7C70C3377F4
:10282000170123A6E70C03C7B1AC0D8F3346D702BF
:1028300093F5F507E2053D8A9314460103A6C70CFC
:102840003304870233760601458E23A6C70C131680
:10285000170083A4C70CE98C3346D6023D8A620672
:10286000458E23A6C70C03A6C70C3344D402B37EFF
:10287000D60113162700B3037702720433E48E00E7
:1028800023A6870C3346D602B3025702937EF60086
:1028900003A6070D419A3366D60123A8C70C03A6E9
:1028A000070DB3C3D3021376F6F0B3C2D20293F38B
:1028B000F3009203B363760023A8770C03A6070DF9
:1028C000337EC601B30FF70393F2F200A202B362A4
:1028D0005E0023A8570C03A6070D3373660013167A
:1028E0003700B3CFDF02330FE70393FFFF00B20FD0
:1028F000B36FF30123A8F70D03A3070DB3781301FA
:102900003346D602330DA7033D8A420633E6C8009C
:1029100023A8C70C03A6070D33780601334FDF0247
:10292000B346DD02137FFF00520F336FE80123A887
:10293000E70D03A7070D798DBD8AE206C98E23A88E
:10294000D70CD84385663D9BD8C3D843799BD8C361
:102950009857558F98D7D857B7060081FD1613673B
:102960000701D8D71377FC0303AC8703137C0CFC57
:10297000336CEC0023AC8703985F758FD98D8CDFA7
:102980006254F250D2544259B259225A925A025BBE
:10299000F24B624CD24C424DB24D2161828023A059
:1029A00001AC6FF08FC2138741AC1443DC4293F744
:1029B000F7EFDCC20100010018435C4393E7071006
:1029C0005CC38280411106C6EF00E073930560404E
:1029D000EF20400EB2400145410182806F006078D7
:1029E00019C591C509C68357060001459DE301112C
:1029F0000565C9471306F100130555C3854506CE85
:102A0000A307F100EF20C00AF2400345F100056181
:102A10008280828001119747FE1F2383A79C056552
:102A20001306F100130595C4854506CEA3070100E2
:102A3000EF200008F2400345F1000561828001119A
:102A40001305910006CEEF0040742304A100056534
:102A5000300025059D45EF20A005F240034581008B
:102A60000561828001119305F10006CE22CC2A84F3
:102A7000EF00E0732306A1000565A3068100700046
:102A8000218013055540914523078100EF20400226
:102A9000F24062440345C1000561828001111305C3
:102AA000D10006CEEF00C0722306A10009657000B8
:102AB00009059145EF10D07FF2400345C100056143
:102AC0008280011106CEEF000073A307A100096503
:102AD0001306F10015058545EF10907DF240034582
:102AE000F10005618280011106CEEF00C07BA307D3
:102AF000A10009651306F10029058545EF10507BFB
:102B0000F2400345F10005618280011106CEEF001D
:102B10003009A307A10009651306F10039058545B1
:102B2000EF101079F240014505618280011106CE57
:102B3000EF007042A307A10009651306F1004105EB
:102B40008545EF10F076F2400345F1000561828083
:102B5000011106CEEF005020A307A100096513065E
:102B6000F10045058545EF10B074F2400345F100D2
:102B700005618280411106C622C4EF00B026896536
:102B8000CD052A84EF1010732285B2402244410102
:102B9000828001111305510006CEEF00104123027F
:102BA000A100096550006105A545EF107070F24065
:102BB000014505618280411106C6EF0070428965BA
:102BC000E505EF10306FB2400145410182800111EF
:102BD00006CE22CC2A84EF00D0552306A100096539
:102BE000A30681007000218069058D4523078100BF
:102BF000EF10106CF24062440145056182800111C2
:102C000006CE22CC2A84EF0090652306A100096538
:102C1000A3068100700021806D058D45230781008A
:102C2000EF101069F2406244014505618280011194
:102C300006CE22CC2A84EF0020792306A100096564
:102C4000A306810070002180130505028D4523072E
:102C50008100EF10F065F240624401450561828019
:102C6000011106CE22CC2A84EF00100B2306A1000E
:102C70000965A306810070002180130515028D45AA
:102C800023078100EF10D062F240624401450561E4
:102C90008280011106CEEF009061A307A1000965B3
:102CA0001306F100130575028545EF107060F240C0
:102CB0000345F10005618280011106CEEF00706AC4
:102CC000A307A10009651306F100130595028545C8
:102CD000EF10105EF2400345F100056182800111A2
:102CE00006CEEF00D06CA307A10009651306F10022
:102CF0001305D5028545EF10B05BF2400345F100A6
:102D000005618280011106CEEF007070A307A1005B
:102D100009651306F1001305E5028545EF105059CA
:102D2000F2400345F10005618280011106CEEF00FB
:102D3000F072A307A10009651306F100130515033E
:102D40008545EF10F056F2400345F10005618280A1
:102D5000411106C622C4EF00F074896593852503EE
:102D60002A84EF1030552285B240224441018280EE
:102D7000011106CEEF10E02DA307A100096513068F
:102D8000F100130575038545EF109052F24003459D
:102D9000F10005618280011106CEEF106042A307A9
:102DA000A10009651306F100130585038545EF10A1
:102DB0003050F2400345F10005618280011106CEDA
:102DC000EF10005AA307A10009651306F1001305CF
:102DD00095038545EF10D04DF2400345F1000561A4
:102DE0008280011106CEEF102072A307A1000965B1
:102DF0001306F1001305E5038545EF10704BF24013
:102E00000345F10005618280011106CEEF10007FBD
:102E1000A307A10009651306F1001305F503854515
:102E2000EF101049F2400345F10005618280011165
:102E300006CEEF10F012A307A10009651306F100FA
:102E4000130505048545EF10B046F2400345F10037
:102E500005618280011106CEEF10D021A307A100E9
:102E600009651306F100130525048545EF1050444C
:102E7000F2400345F100056182809737FE1F239BD6
:102E8000A75401458280011106CEEF107029A307D7
:102E9000A10009651306F100130515058545EF101E
:102EA0003041F2400345F10005618280011106CEF8
:102EB000EF105030A307A10009651306F1001305B8
:102EC00025058545EF10D03EF2400345F100056130
:102ED00082805D711303D1031AD20343010786C6B2
:102EE0001AD00343C1061ACE034381061ACC03430A
:102EF00041061ACA034301061AC80343C1051AC68C
:102F0000034381051AC4030341051AC203430105A3
:102F10001AC0EF00B060230EA102096570181305F6
:102F200065038945EF10D038B6400345C1036161A0
:102F300082809737FE1F83D7874699E79307F01F54
:102F40001737FE1F231DF7449737FE1F83D72745EA
:102F5000A146014513F707108607C2073357D7402C
:102F6000C183598D13D6574013D79740318F058BA6
:102F7000FD161375F50FD98FF1FE1737FE1F2310BD
:102F8000F74282809737FE1F83D7874181EBE17735
:102F900093C7F7FF1737FE1F2314F7409737FE1F1D
:102FA00083D70740B94601451168194633F7070131
:102FB0008607C2073357D740C183598D13D7E740DF
:102FC00093D5F700058B2D8FFD161375F50FD98F4F
:102FD000E39EC6FC1737FE1F2314F73C82800111C5
:102FE00026CA4AC84EC656C29737FE1F9387872EF9
:102FF00006CE22CC52C45AC0AE893289B68AC44B9E
:1030000035C9AD472A8463EEA7021304F5FF137494
:10301000F40F631D0906268A338B990063124B0750
:103020001379F9009386FAFF228523802401A38077
:10303000340193F6F60F4E868545EFE02FB8014533
:1030400005A0B147630BF5029307600263E5A70093
:103050001304E5FF6DBF930770024945E30BF4FAD3
:10306000F2406244D2444249B249224A924A024B57
:10307000056182801304500269BF1304600251BFCE
:10308000EFF03FEB2301AA00050A49BF8547631C07
:10309000F9004E869305000F1385240097D0FD1F7D
:1030A000E7808072B5BF89476316F9004E869305A5
:1030B000A00ADDB78D47631DF900268A338B99007E
:1030C000E3004BF7EFF01FEC2301AA00050ACDBF88
:1030D00091476316F9004E869305F00F75BF95472B
:1030E0006315F9004E86814545BF99476315F90080
:1030F0004E86BD4555B79D474945E313F9F64E86C3
:103100009305500551BF011106CE9317450163D4B5
:103110000702EF700064894719C98346050011470B
:10312000B1476396E60095472300F500C947F24092
:103130003E85056182802EC6EF904058C94765D90B
:103140000347A500418B65D7B2458347B500230AE5
:10315000B50491E7E9472308F5008147C9BFED476A
:10316000DDBF011106CE22CC2EC6EF90205501CD39
:10317000B2452A84EF802013A305A4020145F24042
:103180006244056182804945DDBF1737FE1F130782
:103190006720814799468345870E3306F5008507EA
:1031A0002300B6000507E398D7FE01458280011190
:1031B00006CE2EC6EF90805011C983074503B24555
:1031C00001452380F500F240056182800945E5BF95
:1031D0009737FE1F938747F003D707012300E500C9
:1031E00003D707012183A300E50083C7F70023016C
:1031F000F5000145828019E1494582809737FE1F1D
:1032000093874719F84B411122C406C62A8409C77F
:103210000347C700314525E3F85F09C70347B700F7
:10322000314531EB83A7070989C783C7770031454B
:10323000B9E385471946A2851735FE1F1305652496
:103240001737FE1F2309F71497D0FD1FE78040545E
:10325000834754001307000C93F7070C6391E702B0
:103260001946A2851735FE1F1305052297D0FD1FAD
:10327000E78000520145B24022444101828081EB47
:103280001946A2851735FE1F13056520C5B713071C
:1032900000044945E391E7FE1946A2851735FE1F54
:1032A0001305451FE1B7411126C29734FE1F9384D1
:1032B000640E22C4E04806C611C47C481397470038
:1032C000634C070CFC5099E74945B24022449244B4
:1032D0004101828009ED1305000FEF60807F6DD5FD
:1032E0008347C500F5D3EF6010230145F9BF0547BB
:1032F000E31CE5FC15EC014582972A8445C18567EE
:10330000938707802310F502930700702317F500B9
:103310008D47230CF500A30A050219469735FE1FB9
:103320009385C5151305650397D0FD1FE7804046BB
:103330000347C4008547E309F7F88347E400B98BE6
:1033400095C30347E40085476318F70289472310B4
:10335000F402224403A38406B24092441305000FF2
:1033600041010283EF70D0159737FE1F83C737D80E
:103370008D8BE318F5FC89BF8357040211676375D1
:10338000F7002310E402F1B7930600023E87E3FA48
:10339000D7FE13070002F5B7314505BF1D4535B708
:1033A0009737FE1F938707FF83A70709314581CF12
:1033B00083C7770089CB411106C6EF90B023B24096
:1033C0000145410182808280011126CA4AC84EC649
:1033D00052C456C25AC02E89368BBA89BE8A06CECE
:1033E00022CCB284428AEF90602D1307A9FF4207D6
:1033F000856741839386A7C763EEE610938707C866
:103400002A84494563E8970A63E6240B1307301FB3
:103410006362670B63E0370B93071B00B387970268
:1034200013973900860763D7E70849C48347140117
:1034300013F747003DC7ED9BA308F4008347B40092
:10344000231A2407231B9406D5EF03578406C1676C
:10345000FD17630BF706631999068357A403231B13
:10346000E404231CF4049737FE1F83D7A7FD8D4681
:10347000114763E5F600850713F7F70FA30AE40485
:103480002285EF70100683570404A907231FF40454
:103490008327440A93E717002322F40AC547A30EA3
:1034A000F400231C5407231D4407231D6405231E19
:1034B00034050145F2406244D2444249B249224AAD
:1034C000924A024B056182808357440691CFB3D460
:1034D000F4024A87B3879702C207C1836373F90076
:1034E0003E87231CE40441B7B305990085814A85D2
:1034F000EFE0EEB5231CA404930584052685EF4078
:10350000607295B78327840A93E707022324F40A9D
:10351000C14771B7494579BF01112EC606CEEF905C
:10352000E019B24509E54945F240056182808347CB
:103530001501A305B50213F7470075D7ED9BA30846
:10354000F500BD472306F5028327850A93E7270088
:103550002324F50A0145C9BF1737FE1F130787E368
:103560007C4B81CB83C6C70089C683C6D700C947B9
:10357000A1E27C5F89CB83C6B70091C683C60701F1
:10358000C947858A95E68327070981CB03C777005A
:1035900009C703C7D700C94701EF1737FE1F034705
:1035A00027EB9737FE1F83C7B7EA636AF7009D478B
:1035B0003E8582809D47F2403E85056182800111F3
:1035C000A304A10019461305A10006CE97D0FD1F44
:1035D000E780001C2800EFD06FD58547E31CF5FC81
:1035E0008147D1BF797126D24AD04ECE06D622D499
:1035F0002E89B28936C63AC43EC242C0EF90000C52
:10360000C94455C99305A9FFC20505662A84C1812D
:103610001305A6C7C9446360B50A130606C8636CE0
:10362000360963EA2909B2469305301F63E5D508D8
:1036300022476362E60813861600330626039315B5
:103640003700635AB60603461401B144058A25E6DD
:103650000326440A1376162039EE92470248231EA9
:10366000E4040347B400231CF406231A2407231B95
:103670003407231D0407231DD4048347D401814448
:1036800059EF95EB83270410898B95CF314693052D
:10369000F00F1305840697D0FD1FE780E012832703
:1036A000440A2314040693E707202322F40AC94797
:1036B000A30EF4008144B25022542685025992543C
:1036C000F2494561828063093905B3852901858105
:1036D0004A85EFE0CE97231CA404930584054E850C
:1036E000EF4040549737FE1F83D7C7D58D4611470B
:1036F00063E5F600850713F7F70FA30AE4042285B4
:10370000EF70205E83570404A907231FF404832766
:10371000440A93E7170051BF231C2405E1B7C1FFFA
:1037200083278410898B95C731469305F00F1305C5
:10373000840697D0FD1FE78020098327440A2314BD
:10374000040693E707202322F40ACD47A30EF400D2
:103750009DB7E9448DB79737FE1F9387A7C3F84BF2
:1037600001CB8346C70089C60347D70049450DEF03
:10377000F85F09CB8346B70091C603470701494567
:10378000058B1DE383A7070981CB03C7770009C712
:1037900083C7D700494589EB411106C6EFD0CFC496
:1037A000B2400145410182808280411122C426C27B
:1037B0004AC006C62A890144A1449305F00F054575
:1037C000EFE0AE86B30789002380A7000504E31667
:1037D00094FEB24022449244024901454101828054
:1037E000011122CC4AC806CE26CA2EC6328936849A
:1037F000EF80D06C630D05128347B500AA84B245F3
:103800000945DDEB21461385F41897D0FD1FE780AD
:1038100020F8A38B241913598900238C241983477A
:10382000E4000346D4008345F4008346C400A207A5
:10383000420603C5C404B297AE97E20603A7440A42
:10384000B69749C123A6F40A8347A400834694008F
:1038500013670702A207C206B6978346B400B6975D
:1038600083468400E206B69723A8F40A83476400DF
:1038700083465400A207C206B69783467400B697E3
:1038800083464400E206B69723AAF40A834724003D
:1038900083461400A207C206B69783463400B69743
:1038A00083460400E206B69723ACF40A8547A38654
:1038B000F40423A2E40A0145F2406244D24442499E
:1038C0000561828023A6F40C8347A40083469400FC
:1038D00013678700A207C206B6978346B400B6975F
:1038E00083468400E206B69723A8F40C834764005D
:1038F00083465400A207C206B69783467400B69763
:1039000083464400E206B69723AAF40C83472400BA
:1039100083461400A207C206B69783463400B697C2
:1039200083460400E206B69723ACF40C59B7094568
:1039300061B7011106CE2EC6EF805058630F0510F7
:103940008346B5000547AA87B24505456391E60A57
:1039500083C60701130740020145639AE60803C7BF
:10396000E50083C6D5002207C206369783C6F50058
:10397000369783C6C500E206369783C6D704BDCA0C
:1039800023A6E70A03C7A50083C695002207C2063F
:10399000369783C6B500369783C68500E20636970C
:1039A00023A8E70A03C7650083C655002207C2069D
:1039B000369783C67500369783C64500E20636976C
:1039C00023AAE70A03C7250083C615002207C206FB
:1039D000369783C63500369783C60500E2063697CC
:1039E00023ACE70A1307A0022388E7000145F24051
:1039F0000561828023A6E70C03C7A50083C6950056
:103A00002207C206369783C6B500369783C685005F
:103A1000E206369723A8E70C03C7650083C6550066
:103A20002207C206369783C67500369783C64500BF
:103A3000E206369723AAE70C03C7250083C61500C4
:103A40002207C206369783C63500369783C605001F
:103A5000E206369723ACE70C71B7054549BF411123
:103A600006C6EF80B04531C18346B5000547AA8739
:103A700009456399E60283C6070113074002639371
:103A8000E6020D472386E7021947A385E7021307DD
:103A900050022388E70003C7A702014513671700F8
:103AA0002385E702B240410182800945E5BFAA872C
:103AB0001738FE1F0348188E1735FE1F1305858D16
:103AC0002A8763080802684911C50348C5003145C3
:103AD00063180808685F11C50348B50031456311D4
:103AE00008080325070911C5034875003145631906
:103AF00008069738FE1F83C828961738FE1F03480C
:103B0000B8951D4563FE08050327870D49451377C2
:103B1000070439C75D71A6C22800B284194686C65B
:103B2000A2C4A303F100368497D0FD1FE78040C6EE
:103B3000A6851305E102414697D0FD1FE78040C5E9
:103B4000A2851305E101414697D0FD1FE78040C4DF
:103B50004800EFA00051B64026449644616182803F
:103B600082809736FE1F83C6F6828DCA1737FE1FE6
:103B700013074782BA87784B09C70347C7004945EF
:103B800015E7F85F09C70347B700494505E383A771
:103B9000070989C783C77700494589EB411106C6E4
:103BA000EFA0E061B2400145410182808280972709
:103BB000FE1F9387277E9726FE1F83C6B67D3E870E
:103BC00085C6FC4B89C783C6C700C94785EE7C5FA5
:103BD00089C783C6B700C94795E68327070989C700
:103BE00083C67700C94799EE9727FE1FA384A77A5B
:103BF0008327070E11C993E707601737FE1F232B92
:103C0000F78681473E85828093F7F79FFDB71307BC
:103C100000643305E50241119727FE1F93878777DC
:103C200022C403A4870C26C24AC006C6BE84130958
:103C3000F00F1727FE1F2329A77801E8B24022447E
:103C40009244024901454101828003450400630515
:103C50002501CC58EFD0EEBA405CC5B79727FE1FC0
:103C6000A386A776937715001727FE1F1307877281
:103C700081EF8347C703ED8F6384B7004945828096
:103C80009726FE1F2385F67493772500014591EB57
:103C90008347D703F18FE393C7FE9727FE1FA388BF
:103CA000C7728280011106CE2EC632C436C23AC017
:103CB000EF80D02035C1B2450247924693F71500F8
:103CC00099EB22469D4763F6C7004545F2400561E2
:103CD00082802302C514898991E59D47E3E7D7FED9
:103CE000A302D51401CF9727FE1F83D7C76E7D8F00
:103CF0000D8B8547631FF7002314E5148547230FB9
:103D0000F5008327450A0567D98F2322F50A014567
:103D100075BF23140514DDB749454DBF5D71A6C2BB
:103D20009724FE1F9384046703A34405CAC04EDE94
:103D300062D466D26AD086C6A2C452DC56DA5AD899
:103D40005ED66ECE030C4105834981050349010609
:103D5000834CC106034D0107630903020323430596
:103D600013145300635304023143B640264496446F
:103D70000649F259625AD25A425BB25B225C925CAB
:103D8000025DF24D1A85616182800D4E4943E36EFA
:103D9000FEFC93FD0501638D0D08054EE397C9FDFB
:103DA0003AC6468B42C43EC2B68BB28A2E842AC023
:103DB000EF5030522A8A324719E9FC500545829764
:103DC0002A8A1D435DD1824732472304F5009305BB
:103DD00000026391BB028D456310B90A0355CA0105
:103DE0009305900F13035004E3E1A5F80355EA018E
:103DF000E3EDA5F69375F40F2300BA0663810D1C5D
:103E00003D8815456312A408130510F82307AA007E
:103E10004543E3EC5BF57D454543E37855F5116596
:103E2000E36575F533865B0105822310CA02B5A0F0
:103E300093FE35004943E38ACEF393FE8500E39673
:103E40000EF26392C90303C3C40313734300E30D6B
:103E500003F0E30739F50943E31469F403C3C4032A
:103E60001373230039A0E318C9FF03C3C4031373FA
:103E70004300E31703F2CDBD8545E31DB9F60355B5
:103E8000CA019305D02EB9BF35456310A4128546EB
:103E90002307DA0089462310DA02A307EA00631534
:103EA00007160547230CEA0093F5050281E59247C2
:103EB000A30AFA02194681455A8597D0FD1FE7806B
:103EC000C09A63140516A2470547230EEA02A30E03
:103ED000FA021946DA851305EA0397D0FD1FE78039
:103EE000208B03470105A306EA001307F0076311BF
:103EF000EC141727FE1F1307271E03474701D65749
:103F00002380E70003055A01EFC07FFA2304AA06C5
:103F1000EFC03FF3D657A30AAA000D472380A7009E
:103F20006391E912638D0C0093F61C0099C603C7D8
:103F3000C403218B19E3E3893CE32305DA0609472F
:103F40002302EA060347C105A302EA0603470A065D
:103F5000418B1DEB1307F9FF1377F70F8946494390
:103F6000E3E5E6E08D466313D90E630D0D0013768D
:103F70001D0019C683C6C403A18A99E2E3062DDF9A
:103F8000A305CA06A301EA0603474106B7060008CF
:103F90000143A300EA0603478106A303EA060327B9
:103FA0004A05558F232AEA04C9B309456314A400BE
:103FB0001945A9BDE30C04E423070A0091BD1D4582
:103FC0002307AA0013F8150013F54500630B08003A
:103FD000114811C10548A30F0A050545230FAA047E
:103FE00005BD13F8250063090800094811C11548EB
:103FF000A30F0A050945DDB70D4811C11948A30FE4
:104000000A05230F0A0429B5230C0A0081460D4531
:104010003356D740058A11C603468A010506230C8C
:10402000CA008506E396A6FE41B5230E0A0255BDD9
:10403000194763458701A30A8A01E9B5A30AEA0083
:10404000D1B523050A0623020A06EDBDA3050A061B
:1040500015BF9727FE1F9387E733F04B01114EC61C
:1040600006CE22CC26CA4AC852C4BE8911C67C4A92
:1040700013965700634E06003A8AB6842E89EF5095
:1040800050252A8419ED83A749051305200491C3FF
:104090003145F2406244D2444249B249224A056164
:1040A00082800347E500854701453D8BE303F7FE2A
:1040B00003470406418B41CB8D476304F900494512
:1040C000C9BFFD47E3ED97FE231E04008D4763162D
:1040D000F90CC5CC8357C4011727FE1F035727339C
:1040E0001D45B3869700E346D7FA0347C40015C7BA
:1040F00083560402130700026391E6020347340665
:104100008D466319D70A1307900F13055004E36215
:10411000F7F88357E401E36EF7F68D471D45E31A80
:10412000F9F69305800C0545EFD02EF08357C406B1
:104130001205232444038507BD8BC98F2316F4067B
:10414000231E940089A81377D90FE30FF7F61147C0
:104150006315E904784893167700E3C206F603472F
:10416000C400E31EF7F48357C401B1DBA9F893053B
:10417000800C0545EFD06EEB8357C406120585070A
:10418000BD8BC98F2316F40639A07C48370700FF82
:104190007D17F98F7CC80145EDBD9307D9FF93F7D3
:1041A000F70F0547E378F7F299D88347C400E39304
:1041B000E7F2F9BD8546E312D7F61307D02EB1B763
:1041C0009727FE1F9387071DF04B01114EC606CEA1
:1041D00022CC26CA4AC852C4BE8911C67C4A13964C
:1041E0005700634E06003A8AB6842E89EF50700E4F
:1041F0002A8419ED83A749051305200491C331458D
:10420000F2406244D2444249B249224A0561828066
:104210000347E500854701453D8BE303F7FE034770
:104220000406418B55CF8D476304F9004945C9BF4A
:10423000FD47E3ED97FE231F04008D47631CF90E35
:10424000F5C08357E4011727FE1F0357471C1D4580
:10425000B3869700E346D7FA0347C40015C78356D1
:104260000402130700026391E602034734068D46F9
:104270006310D70E8356C4011307900F1305500423
:10428000E360D7F8E36EF7F68D471D45E31AF9F6BC
:104290005C548DC783476406898B8DC3085819CD3C
:1042A0008347A50081CFEF90F0550C5819461305B0
:1042B0006403B10597C0FD1FE780804D9305800C16
:1042C0000545EFD08ED68357C40612052326440336
:1042D0008507BD8BC98F2316F406231F940089A878
:1042E0001377D90FE309F7F411476315E904784808
:1042F00093166700E3CC06F20347C400E318F7F215
:104300008357E40185D79DF09305800C0545EFD0D8
:10431000CED18357C40612058507BD8BC98F2316DE
:10432000F40639A07C48370700FE7D17F98F7CC85A
:104330000145F9B59307D9FF93F7F70F0547E372E6
:10434000F7F0E38504EE8347C400E39CE7EE45BD48
:104350008546E31BD7F28356C4011307D02E39BF1D
:104360005D71A6C29724FE1F9384C40203A844056E
:1043700086C6A2C4CAC04EDE52DC56DA5AD85ED611
:1043800062D466D26AD06ECE6308080283274805DD
:1043900013945700635204023145B64026449644B4
:1043A0000649F259625AD25A425BB25B225C925C75
:1043B000025DF24D616182803AC632C49377150086
:1043C000B68989C7639105104945C1BF91E9A04CE1
:1043D00019E00145D9B72285EF50F0130040CDBF59
:1043E000E30908FE4285EF501013E5B77849B70797
:1043F00000037D8F55F30347F505630487016315BB
:10440000970103D7EA0149DB03C75A036301270970
:1044100003C7EA0063192701131714004E970357C7
:104420000700E3E3EDFAB8547D141374F40F45CBA1
:1044300093161A00B69903D70900B2479305800C6A
:104440002397EA063E9A03470A00054523980A0681
:10445000A384EA06EFD06EBD03D7CA061205264430
:1044600005073D8B498F2396EA0603A3840603C5FF
:104470000B00B64096440649F259625AD25A425B42
:10448000B25B225C925C025DF24D61610283138B30
:104490008A05194681455A8597C0FD1FE780E03C93
:1044A000631925011946EA855A8597C0FD1FE780E3
:1044B000202E194681455A8597C0FD1FE780E03AB6
:1044C000E31825F511B7FD1513F4F50F094C954CBC
:1044D0000549172DFE1F130DCDFA930D0008930704
:1044E000F00FE303F4EEA247228AB38B870003C5E3
:1044F0000B00EF50005EAA8AE31A05EEFC48130594
:104500002004E39B07E851BD9727FE1F938787E8A8
:10451000FC4B95C3FC4B13975700635E0700B147F4
:104520003E858280B147F2406244D2444249B2495A
:104530003E8505618280011122CC26CA4AC84EC63A
:1045400006CEB6893289AE84EF50A0582A849307EC
:10455000200471D9C947E36899FC1547E37597FCB6
:1045600003470506137737035DFF8347E505DDFB4A
:104570007C49918BC5FBEF20506079479D47E374E0
:10458000A7FA8347340609476391E706835744082F
:104590001307D02E6373F7021307C002930750046A
:1045A000E37327F9794793075004E37E27F74147E0
:1045B00093075004636B2701BDB71307301FE363F4
:1045C000F7FE1307900FE364F7FE7C48834604066A
:1045D000CA9493E727008584B3E9D9007CC82313E4
:1045E00094082300340781473DBFE5F3035744088F
:1045F0009307D02EE3FBE7FC19475DBF9727FE1F0B
:10460000938747D9FC4B81CBFC4B139757006354DE
:10461000070031458280011122CC26CA4AC84EC605
:1046200006CEB6893289AE84EF50A04A2A8413059B
:104630002004630904107C48898BB9CB8347340676
:1046400009476395E70C835744081307D02E637915
:10465000F702035764089307C0021305500463F37D
:10466000E70E03576408F9471305500463FCE70C91
:1046700003576408C1471305500463EBE700D9A052
:104680001307301FE36FF7FC1307900FE362F7FE89
:1046900093F7D40F0547639EE70A0325840A19C5DB
:1046A00097D0FD1FE78060F42324040A2312040836
:1046B000630909067C48918BB5EF8D476393F40835
:1046C000930550104A8597D0FD1FE780A0E523246D
:1046D000A40A25C97C4893F7074091CF9305800C25
:1046E0000545EFD08E948357A40812058507BD8B2E
:1046F000C98F2315F4080325840A4A86CE8597C0FE
:10470000FD1FE780E008231224091DA0D1F3035701
:1047100044089307D02EE3FDE7F603576408994752
:1047200099BF8D474945639FF4007C48F99B7CC83D
:10473000014509A89387D4FF93F7F70F0547E37E58
:10474000F7F63145F2406244D2444249B24905612C
:104750008280E31109F691474945E38DF4F4DDB712
:104760009727FE1F938707C3F84B411126C24AC003
:1047700006C622C4AA843E8909CF7C4B13975700F2
:10478000635907003145B240224492440249410135
:1047900082802E85EF50E0332A841305200465D4EF
:1047A00013F714007C4845CF13F7170061FF034748
:1047B00004061377370379F78988D9CC0327C90D05
:1047C000454593E70740418B5DDFC1657CC8FD151A
:1047D0000145EFD0CE872314A408EFC03FD0B70522
:1047E00000012326A408FD150145EFD08E8893040F
:1047F000040A15462328A4089725FE1F9385E5C9BA
:10480000268597C0FD1FE780A0F8A685130500FB4D
:1048100097D0FD1FE780208F2685EF80A03A7C4847
:104820000347C400A300A408DD9B93E747007CC8AE
:104830008547631FF7009305800C0545EFC0FEFE1A
:104840008357C40612058507BD8BC98F2316F4064E
:10485000EF809066014505BF93F7F7BFBDB70345ED
:10486000D407CD9B7CC89307F00FE303F5FEEFC0A0
:104870003EB1F9BF1727FE1F1307C7B17C5F411177
:1048800006C622C426C24AC099C703A8C70113148A
:104890001801634004080327070825CF3684B28433
:1048A0002E8909ED81EB4945B240224492440249E8
:1048B00041018280EFC04F9A0145FDB78546E31460
:1048C000D5FEB9E30297AA8731C91147A3060504AB
:1048D000231BE500231CE50083C6B7000547E384DE
:1048E000E6FC95C8239C9702239D870201C41E0401
:1048F000E3DB84FA238927012244B240924402492F
:1049000003A3870641010283D84F93161701E3D50D
:1049100006FC314551BF23AC0702E9BF0D4569B71D
:10492000011106CE2EC632C436C23AC0EF50601A0C
:104930003DCD83284505AA87314513F80820631526
:104940000806B2451728FE1F034858A94545636D60
:10495000B80403C8C70A22463358C8401378180061
:10496000630408041725FE1F1305C5A20328850D3F
:1049700045451317C8006359070202471728FE1F51
:104980000348C8A56362E80292462387C70AA38644
:10499000B70AA387D70A11E2014793E808102388D2
:1049A000E70A23AA17050145F24005618280130535
:1049B0002004DDBF011106CE2EC6EF508011130773
:1049C000200401CD7C49314793F6270099C6B245B2
:1049D00089C993E707207CC90147F2403A85056100
:1049E000828093F7F7DFC5BF011126CA4AC84EC6B9
:1049F00006CE22CC2E89B289B684EF70304C4DC1E0
:104A0000639D090085472387F1AC0145F24062446C
:104A1000D2444249B2490561828003C7E1AC85476F
:104A20002A846315F700238701AC09494165130502
:104A300045F5EF70904A39C58347A5002315F50069
:104A40008327841185EF232CA410232EA410930711
:104A500010F8F914231635012304250144C123203D
:104A60000500A304F5008347940285450145B395ED
:104A7000F500C205C181EFC04ED341BF8327C411E9
:104A800088C3E1B79717FE1F938707659C5B1D4599
:104A9000B5DF956505459385555582971D45BDB78D
:104AA0000945ADB76F90AFF96F90EFFD6F90BF8282
:104AB0006F901F886F90FF8D6F90BF9A6F90FF91DE
:104AC0006F909F9582806F90DF9D034301001AC015
:104AD0006F906F8D6F90CF996F908F9F6F90AFA5F4
:104AE0006F90AFAB6F906FB16F904FB503530100F4
:104AF000035E4100834E81001AC072C276C46F907B
:104B0000EFB96F902FCC6F906FD16F90EFDA6F90FD
:104B1000AFDE6F900FE26F904FE76F90CFED828026
:104B2000828023A8A1AC8280130705038357050068
:104B3000110593C7F7FF231EF5FE8347E5FF93C7D3
:104B4000F7FF230FF5FEE313E5FE82809947330557
:104B5000F50201110A86C14506CE1305050213753B
:104B6000E50FEFC01EFA11E50345C100F2400561F3
:104B700082800145E5BF411122C426C24AC006C653
:104B800081440144138981AD83C7D1AD6369F400C9
:104B9000B240224426850249924441018280832703
:104BA00009001315440019469305F00F3E9597C070
:104BB000FD1FE78080CB01E5850493F4F40F050425
:104BC0001374F40FD1B7938781B0884305C14111A5
:104BD00006C6EFC0CE8423A401B09387D1AD83C7AE
:104BE0000700B240238BF1AC410182809387D1ADA5
:104BF00083C70700238BF1AC82805971A6D286D679
:104C0000A2D4CAD083C761ADAA84639EA70085459C
:104C100003C5E1ADEFC00EBC894503C5E1ADEFC0F2
:104C20006EBBEFF05FFA1949338924035000C14588
:104C30001379F90F130409021374F40F2285EFC0DE
:104C40005EEC09C901442285B65026549654065993
:104C50006561828019469305F00F480097C0FD1FDB
:104C6000E780A0C065F1480041469305F00F97C06A
:104C7000FD1FE78060B5480871469305F00F97C0A7
:104C8000FD1FE78060B40818130600039305F00FBA
:104C900097C0FD1FE78040B35000C1452285EFD08B
:104CA0000E952A84130519025008F1451375F50F66
:104CB000EFD0EE93498C130529025008F145137586
:104CC000E50FEFD0CE921374F40F498C130539021F
:104CD0005008C1451375F50FEFD06E911374F40FA2
:104CE000498C130549025008C1451375E50FEFD0F3
:104CF0000E901374F40F498C130559025008914516
:104D00001375F50FEFD0AE8E1374F40F498C138525
:104D100004071018930500031375F50FEFD02E8DBF
:104D20001374F40F498C03C541851374F40FEFD04D
:104D30006E8611BF411122C406C60145014483C7D6
:104D4000D1AD6373F40009C5B240224441018280B1
:104D500022850504EFF07FEA1374F40FCDB74111FB
:104D600022C426C206C64AC00144EF907F9C9384A9
:104D700081AD83C7D1AD6368F400B2402244924450
:104D80000249410182808840131944001946930565
:104D9000F00F4A9597C0FD1FE78020AD19E58C40C4
:104DA000CA9503C5F500EF90FF9805041374F40F3E
:104DB000C9B7397122DC26DA4ED606DE4AD801445C
:104DC000EF905F9A938481AD994983C7D1AD6369B0
:104DD000F400F2506254D2544259B2592161828097
:104DE00088401319440019469305F00F4A9597C05F
:104DF000FD1FE78080A705E9330534030A86C14516
:104E0000130535021375F50FEFC0BECF1008C1456D
:104E10000945EFC01ECF8C4014080A86CA9503C509
:104E2000F500EF90FF9305041374F40F79BF01119F
:104E300006CEEFF05FD40547A9476373A700894703
:104E40001306F10085451545A307F100EF001FF992
:104E5000F24005618280011122CC26CA4EC606CEE0
:104E60004AC80144938481AD994983C7D1AD636633
:104E7000F402EFF05FD083C751AD99C3EFF03FEE7E
:104E800083C741AD99C3EFF0DFF26244F240D244F0
:104E90004249B24905616FF09FF9330534039040F0
:104EA00013194400C1454A96130505021375E50F11
:104EB000EFC03EC505C9884019469305F00F4A95D5
:104EC00097C0FD1FE7804090884019469305F00F7A
:104ED0004A95190597C0FD1FE780008F9C403E99B9
:104EE0002316090005041374F40F41B70355250078
:104EF00083C5E1AD6F10BF91397122DC1944338451
:104F0000850226DA4AD806DEA147AA8432891374BC
:104F1000F40F639AF604130424027146814548088D
:104F20001374F40F3AC697C0FD1FE780E08950085C
:104F3000F1452285EFC0FEBC0DE18347E102A546A5
:104F40003247E51793F7F70F63E9F600BA86500882
:104F5000937519002685EFD07EDFF2506254D2544B
:104F60004259216182801304140245BF797122D411
:104F700026D24AD0AE842A893284814513060002A3
:104F80000A8506D697C0FD1FE78000849387918528
:104F900083C7070023102101230EF10083578101ED
:104FA0005DC4138761AF03470700F99B41462302A5
:104FB000E100138781AF034707009715FE1F938514
:104FC000653813056100A302E10003C771AF937652
:104FD0001700D58FF59B93762700D58FED9B9376A1
:104FE0004700D58F9316470093F6061093F7F7EF17
:104FF000D58F9316470093F6062093F7F7DFD58FEA
:1050000012071377074093F7F7BFD98F231CF100DE
:1050100097B0FD1FE780C07783C751AF13F7170024
:1050200001CB99C40357810113672700231CE100BA
:1050300003476101A2850A85D98F230BF100EFD0C8
:105040001EC3B25022549254025945618280138784
:10505000A1AE03470700F99B41462302E1001387F5
:10506000C1AE034707009715FE1F9385A52C1305B6
:105070006100A302E10003C7B1AE93761700D58F9C
:10508000F59B93762700D58FED9B93764700D58FC0
:105090009316470093F6061093F7F7EFD58F931604
:1050A000470093F6062093F7F7DFD58F12071377A3
:1050B000074093F7F7BFD98F231CF10097B0FD1F6E
:1050C000E780006D83C791AE91BF411122C426C213
:1050D0004AC006C6AA840144138981AD83C7D1ADF5
:1050E000636AF4003E842285B2402244924402491D
:1050F0004101828083270900131544001946A685C3
:105100003E9597B0FD1FE780A07171FD05041374F3
:10511000F40FE9B75D71A2C4138481B01C40CAC00A
:105120004EDE86C6A6C252DC2A89AE89A1EB19E101
:105130000545D9A0F5DDEFF05FF9238BA1AC83C75E
:10514000D1AD636DF5028144138A81AD0DA0832733
:105150000A001395440019469305F00F3E9597B049
:10516000FD1FE780807009E9850493F4F40F83C77D
:10517000D1ADE3EEF4FCBE84238B91AC138A61AD18
:1051800003C561AD83C7D1ADD284E373F5FA1C408A
:10519000A5EF99473305F5024A86C1451305050277
:1051A0001375E50FEFC0BEC4130600039305F00F9F
:1051B0000A8597B0FD1FE780206103450A000A8633
:1051C00093050003130505071375F50FEFC03EC2E5
:1051D000138781AD084383C761AD92073E95414671
:1051E000CA8597B0FD1FE780A05A23A431B103C53B
:1051F0004185EFC03EBA0145B64026449644064973
:10520000F259625A616182809047814719CE99476D
:105210003305F502F145130515021375F50FEFC0BF
:105220001EBD1C4023A4070085471840104B0DC22B
:1052300003C504009947F1453305F502130525021E
:105240001375E50FEFC0BEBA1C4023A807008547C1
:105250001840504B0DC203C504009947C1453305A2
:10526000F502130535021375F50FEFC05EB81C404B
:1052700023AA07008547184050471DCE03C50400E8
:105280001949C14533052503130545021375E50F7B
:10529000EFC0FEB503C504001C409145330525034E
:1052A000D0474106130555021375F50FEFC03EB404
:1052B0001C4023A6070025BF9DFB83C751AD99C3A2
:1052C000EFF0FFA983C741AD99C3EFF09FAEEFF0B8
:1052D0001FB6B9BD011122CC06CE26CA83C7D1ADF7
:1052E00009446378F50295C599473305F502AE8404
:1052F0000A86C145130505021375E50FEFC07E80D0
:105300002A8401E919468A85268597B0FD1FE78022
:1053100020482285F2406244D24405618280011116
:1053200022CC06CE2A842EC632C4EF50AF9805C9CF
:105330000347C500A1472246B245631FF700938784
:1053400001B19C4389CF03A34700630A0300228570
:105350006244F24005610283938741B1DDB7F240B8
:10536000624405618280011122CC19443304850214
:1053700026CA0A86AE84C14506CE130404021374FD
:10538000F40F2285EFC0EEF701C98144F240624478
:105390002685D2440561828019469305F00F0A855F
:1053A00097B0FD1FE780604C6DF10357C100937704
:1053B000D70F89C49377F70F93E72700C207C183FC
:1053C0008544E305F7FC0A86C14522852316F100D2
:1053D000EFC0FEA103C54185EFC0DE9B45BF5D71F7
:1053E000A2C42A8419453305A402A6C2CAC0B28445
:1053F0002E890A86C14586C6130505021375E50F79
:10540000EFC02EF001C90145B64026449644064936
:105410006161828019469305F00F0A8597B0FD1FE0
:10542000E780A0446DF1130404071374F40F10080F
:10543000930500032285EFC0CEEC19C10545E9B7FD
:105440000808EFF06FEE63140904130600038145AA
:10545000080897B0FD1FE78040416DF11306000377
:105460008145080897B0FD1FE7800036854708088A
:105470002380F1B0EFF04FEB100893050003228575
:10548000EFC0FE9603C54185EFC0DE9045BF1C0806
:105490009000BE8683D5060036876381250391067A
:1054A000E39AC6FE0145ADD083D607003E8789C684
:1054B0009107E31BF6FE81BF239027018347270056
:1054C000E38E97F623019700D5F02310070079BFEC
:1054D0001715FE1F034525C10111FD579305200433
:1054E0001205238FF1AC06CE22CC26CA4AC84EC67E
:1054F000A38E01AC23AC01AC97C0FD1FE7808002F6
:1055000023ACA1AC15C59719FE1F9389E9BC83C7CD
:10551000E9000144938481ADA38EF1AC83C7D1AD82
:105520006361F40C83A78900638C070E238A01AEA4
:105530009387D1AD83C707000544414681451715C0
:10554000FE1F130525E0238BF1AC238D818423A45A
:1055500001B0238B01AE238C01AE97B0FD1FE78015
:10556000A02693047007414681451715FE1F1305B9
:1055700065DCA38B91AEA38B8184A38A01AE23AE9D
:1055800001AEA38401AE238501AE238601AE97B0A0
:10559000FD1FE7806023A38591AE23A801AE23847D
:1055A00001AE9547A38AF184C147A38CF18423807F
:1055B00001B08947238BF184F240238A8184A38D33
:1055C0008184238C8184624423AA01B023A801B082
:1055D000A38A01AC238E01ACD2444249B249056191
:1055E000828088401319440019469305F00F4A95AC
:1055F00097B0FD1FE780401D884019469305F00FC6
:105600004A95190597B0FD1FE780001C9C400504D2
:105610001374F40FCA972396070023870700FDBD74
:10562000930700F8238AF1AE21B71971A2DCA6DA3C
:10563000CAD886DECED6130400028144138981AD18
:1056400083C7D1AD63E3F40203C54185EFC08EF497
:105650009387D1AD83C70700F6506654238BF1AC16
:10566000D6544659B6590961828003250900939999
:10567000440019469305F00F4E9597B0FD1FE78043
:10568000A0140325090019469305F00F4E9519053E
:1056900097B0FD1FE780401383270900414693051B
:1056A000F00FCE972396070023870700480097B096
:1056B000FD1FE780601171469305F00F480897B011
:1056C000FD1FE7806010130600039305F00F081814
:1056D00097B0FD1FE780400F5000C1452285EFC005
:1056E0000EF1130514005008F1451375F50FEFC0C6
:1056F0000EF0130524005008F1451375F50FEFC0A7
:105700000EEF130534005008C1451375F50FEFC0B7
:105710000EEE130544005008C1451375F50FEFC098
:105720000EED13055400500891451375F50FEFC0A9
:105730000EEC138504071018930500031375F50F7D
:1057400085041904EFC0AEEA93F4F40F1374F40F58
:10575000C5BD930705C04111C20722C406C6C18357
:10576000130720022E846361F70E17B7000013079A
:10577000E71F8A07BA979C43BA9782879387A185C8
:1057800083C707002300F4002DA083C751AF89878A
:105790000DA8938761AFEDB7938781AFD5B7414629
:1057A0009715FE1F938505BA228597B0FD1FE780E8
:1057B00020FE8147B24022443E854101828083C75A
:1057C00051AF858BC1B7938771AF5DBF9387C1AF71
:1057D0009C431CC0F9BF938771855DB783C791AEA9
:1057E0007DB79387A1AE69BF9387C1AE51BF4146D4
:1057F0009715FE1F938505B445BF83C791AED1B7FA
:105800009387B1AEB5BF938701AFD9B7938781AE08
:1058100085BF93875185ADB79387918595B793875A
:1058200051ADB9BF938741ADA1BFEFF0CFB4230015
:10583000A40041B783C78185B1B783C751AF8D87B6
:1058400049B783C791AEE5BF130720048947E363D7
:10585000A7F6EFD04EDA2310A400A1BF011106CEA7
:1058600022CC26CA4AC84EC6EFD09EA435ED03C747
:10587000C1AD85472A84630CF702938481AD8549C5
:1058800083C7D1AD6371F4049840131944004A975B
:105890008347E700639937012285EFF00FB69C40FC
:1058A000CA972387070005041374F40FD1BFEFF0E4
:1058B0006FC8238E01AC938781AD9C4303C7D1ADE4
:1058C000B907631CE400EFC06EFF6244F240D244AB
:1058D0004249B24905616FF00FD8050423800700E3
:1058E0001374F40FC107F1BFF2406244D24442493D
:1058F000B24905618280797126D24AD006D622D477
:105900004ECE89472E89B2846308F506636FF50091
:105910008D476301F50C03C4D1AD2285B2502254EA
:1059200092540259F249456182802E85EFF0EFF9D9
:1059300083C7D1AD2A84E372F5FEE5D01946CA8546
:10594000268597B0FD1FE780A0E4C1BF83A70900AB
:105950001315440019463E95CA85190597B0FD1FD9
:10596000E78000EC31ED05041374F40F83C7D1AD6B
:10597000E36EF4FC3E8455B70144938981ADFDB7D5
:1059800005041374F40F83C7D1ADE375F4FE33053A
:1059900034030A86C145130535021375F50FEFC0B0
:1059A0004E9679FD41469305F00F0A8597B0FD1F8D
:1059B000E780A0EB71F5CA850A85EFD0AECB69F11F
:1059C00083C7D1ADE37BF4F4A9D8A6852285EFF097
:1059D0007F90A1B7014499497DB7797126D206D647
:1059E00022D4AA8402CC231E0100EF40BFAC05CD17
:1059F00003C7718589476308F702930565002A8408
:105A0000034555003008EFF01FEF83C7D1AD637138
:105A1000F5022AC6EFF08F93B2452A860547A146C4
:105A20002685EFF06FCDB2502254925445618280AA
:105A300083C7718591E795452685EFD0DE84E5B76C
:105A40000547E392E7FE8345540001462685EFF0C3
:105A5000EFD1D1BF4111C1674AC006C622C426C2D8
:105A6000FD172E896309F506EF40DFA42A84D1448F
:105A700021CD93056500034555000146D544EFF05F
:105A80009FE783C7D1AD6376F500CA85EFF0BF8D80
:105A90008144630B09022285EFF04FC535A0CA850A
:105AA0002285EFF05F8C11C1814405041374F40F5B
:105AB00083C7D1ADE365F4FE6308090017F5FFFF66
:105AC00013050543EF40FFC6B24022442685024934
:105AD0009244410182800144D544D9BF0111C1677C
:105AE0004AC84EC606CE22CC26CAFD172E89B289D8
:105AF000630EF504EF401F9CD14429C19305650056
:105B0000034555000146D544EFF0FFDE83C7D1AD14
:105B10006376F5024E86CA85EFF07F8C814439A802
:105B20004E86CA852285EFF09F8B11C18144050402
:105B30001374F40F83C7D1ADE364F4FEF240624402
:105B400026854249D244B249056182800144D54448
:105B5000D5B7411122C41384E1AD8345040023AAC3
:105B6000A1B0614506C6EFD0CEFD03450400224436
:105B7000B24041016F205F811387A18583470700F1
:105B800083C551AF93E707F82300F7006FD06EE4A9
:105B90005971A6D2B2845000A2D4D2CC86D6CAD033
:105BA000CECE2A84368A02C223140100EFF0BFD47D
:105BB00083C7D1AD6377F50E2A89EFE03FF99147AE
:105BC000AA896319FA0C03C7A1857917133717003F
:105BD00091461944330489024E86CA852685EFF022
:105BE000AFB151468145680097B0FD1FE780C0BD49
:105BF00070001374F40F13054402C1451375E50FCB
:105C0000EFB03EF005E941469305F00F680097B00C
:105C1000FD1FE78080C519ED1305540270089145FA
:105C20001375F50FEFB0FEED700093F519002685A2
:105C3000EFD0CEDE1305090710109305000313758E
:105C4000F50FEFB01EEC15E10810EFE0FFED0010CE
:105C5000130901058355040091C5034624002685D8
:105C6000EF100FAB1104E31789FE93F92900638746
:105C7000090083C5E1AD2685EF007FB99147631424
:105C8000FA0403C7A1858947631FF7022685EFF051
:105C9000BFEE15A803C77185791713371700D28691
:105CA0000DBFA147E31CFAFC03C771858947631C3C
:105CB000F7000146A2852685EFF04FAB01468145EE
:105CC0002685EFF0CFE5B650265496540659F6498E
:105CD000664A014565618280011106CE2AC6EFF051
:105CE0002FFF3245F240238FA1AC05616FF0AF96D4
:105CF0001D7186CEA2CCA6CACAC8CEC6D2C4EF80B9
:105D00007FA683C7B18589CB0144138981AD194A28
:105D100083C7D1AD636AF400F6406644D644464971
:105D2000B649264A2561828003250900931944005B
:105D300019469305F00F4E9597B0FD1FE780E0B22E
:105D400031E9B30444035010F14593F4F40F138583
:105D500014021375F50FEFB0DEDA0DED0347F10312
:105D60009307F00F6318F702138534025000C14502
:105D70001375F50FEFB0FED85008C1450945EFB0D7
:105D80005ED88325090054085000CE9503C5F50060
:105D9000EF801F9D05041374F40F9DBF930705C08A
:105DA0005D71C207A6C2CAC086C6A2C44EDE52DC5E
:105DB000C183130720022A89B284636EF74E17B796
:105DC0000000130767C38A07BA979C43BA97828774
:105DD00085476384F500614409A8834706000947A5
:105DE000E36BF7FE238DF18401442285B6402644FF
:105DF00096440649F259625A616182808547E39C64
:105E0000F5FC03470600E3E8E5FC83C751AF11C783
:105E100093E74700A38AF1AEC1BFED9BE5BF85477D
:105E2000E39BF5FA834706001147E366F7FA238BF5
:105E3000F1AE5DBF8547E390F5FA83470600E3ECDA
:105E4000F5F8238CF1AE4DB7C147E396F5F841461E
:105E5000A6851705FE1F1305E54E97B0FD1FE780C9
:105E6000209359B78547E398F5F603470600E3E426
:105E7000E5F683C751AF01C793E7170061BFF99BF0
:105E800051BF8547E399F5F483470600A38BF1AE34
:105E9000A1BF9147E391F5F41842B7470F009387EC
:105EA000F723E3EAE7F223AEE1AE3DBF8547E39493
:105EB000F5F2834706000947E36FF7F0A38BF184FF
:105EC00025B78547E399F5F003470600E3E5E5F0DC
:105ED00083C791AE11C793E74700A384F1AE29B7FA
:105EE000ED9BE5BF8547E398F5EE83470600114734
:105EF000E363F7EE2385F1AEC5BD8547E39DF5EC81
:105F000083470600E3E9F5EC2386F1AEF1BDC14716
:105F1000E393F5EC4146A6851705FE1F1305854161
:105F20002DBF8547E399F5EA03470600E3E5E5EA77
:105F300083C791AE01C793E7170045B7F99B71BFBF
:105F40008547E39AF5E883470600A385F1AE69BD6E
:105F50009147E392F5E81842B7470F009387F7237C
:105F6000E3EBE7E623A8E1AE41B5E39605E6EFD023
:105F70002EB401E9EFE01FDCEFC04E94EFE0BFED7F
:105F8000A5B58547238EF1AC85B59D47E395F5E42E
:105F9000938514001946680097A0FD1FE780407F95
:105FA00003C5040050086C00EFF0FF9483C7D1AD27
:105FB000AA840944E37BF5E24808EF406FD809E57D
:105FC0002685EFE09FC34DBF938781AD9C4392042C
:105FD0005944BE9485472387F40001BD9D476391D2
:105FE000F50A194693851400680097A0FD1FE78005
:105FF000207A03C5040001466C00EFF0DF8F83C7F1
:10600000D1AD6377F5049944B30495025008F14586
:106010009384140293F4F40F2685EFB09EAE2A8485
:1060200015E51307A04185476304E9009307F00FC6
:106030005008F1452685A307F102EFB05EDB03C5EA
:106040004185EFB03ED5EFF0BFCA45B30944E5BF87
:1060500083C741AF0944E38A07D81307A04183C728
:1060600071AE631BE90093E71700A383F1AE1D46F1
:10607000A685138501AED5B3F99BA383F1AEADB36D
:106080008547E39AF5D41307A04183C771AE631522
:10609000E50093E72700D5B7F59BC5B7A38D01842D
:1060A000EFF01FC591B38547A38DF18401441949D1
:1060B0009309F00F7D5A83C7D1ADE373F4FEB304A7
:1060C00024035008F1459384140293F4F40F2685B9
:1060D000EFB03EA305E18347F102638D370150081D
:1060E000F1452685A3074103EFB07ED003C5418566
:1060F000EFB05ECA05041374F40F75BF8547E39CC7
:10610000F5CC83470600E3E8F5CC2384F1AEE9B98A
:106110008547E392F5CC834706002547E36DF7CA30
:10612000A38AF184D1B18547E397F5CA03470600F6
:10613000A546930797FF93F7F70FE3EEF6C8A38CF6
:10614000E1845DB18547E398F5C88347060003C73E
:1061500051AD0144A38AF1ACE31907C8E397B7C86E
:10616000EFE07FCF59B18547E397F5C68347060037
:1061700003C741AD238AF1AC09E76394B700EFE0B0
:106180009FCD03C541ADEF802FDEB9B98547E394BC
:10619000F5C4834706000D47E36FF7C2238BF184F4
:1061A000A1B18547E399F5C283470600238AF184AC
:1061B00025B90545EFB01EBE05B98547E39DF5C07D
:1061C00083470600238CF18405B193074002E394D2
:1061D000F5C003C51400014693852400EFF0AFF12C
:1061E00083C7D1ADE379F5BE19443304850203C7F3
:1061F0000400A1471374F40F631FF7021304240271
:106200001374F40F5008F1452285EFB09E8FE3140C
:1062100005BC9385840048086D4697A0FD1FE78064
:1062200020575008F1452285EFB07EBC03C541855B
:10623000EFB05EB64DB613041402D9B71707FE1FB0
:10624000035787EA930740046D44E3F0E7BA8547B4
:10625000E393F5B883470600E3EFF5B681CF938764
:10626000C1B09C435544E38207B883C751AF93E75D
:1062700087004DB683C751AF93F7770F61BE1707FD
:10628000FE1F035767E6930740046D44E3FFE7B43E
:106290008547E392F5B483470600E3EEF5B2F9DBF8
:1062A0009387C1B09C435544E38107B483C791AE43
:1062B00093E787001DB1930720040944E3E727B360
:1062C000E39585B283D504004A85EFD08E872A8472
:1062D00029BE797106D622D426D24AD0834725001A
:1062E0005147E91793F7F70F636BF70217A7000001
:1062F000130747798A07BA979C432A84BA978287FB
:106300008354A5000346C5008346D500268532C6C2
:1063100036C4EF402F9AAA87A246324619E1854437
:1063200025A203C7C700A14713053400631AF7026B
:10633000938701B19C43A68589C79C4399C38297E3
:10634000F9BF938701AF8843EFC0FEAC69D99307CB
:10635000E00FE306F5FC85452685EFC0DEF2C1B708
:10636000938741B19C43A68599C39C43E9FB9387DE
:10637000C1AFD1BF8355A5002E852EC4EF408F93AA
:10638000AA8751DD03C7C700A147130534001306D0
:10639000C4009306C401A245631AF700938701B1B4
:1063A0009C43B5DF9C47A5DF829795BF938741B19A
:1063B000C5BF83471500D5EF83476500858BD5CBD7
:1063C000938781B09C430149D5E781454146080840
:1063D00097A0FD1FE780403F4C48B5CD83C76501BE
:1063E0001946C105A30FF100080897A0FD1FE7801B
:1063F000203A834764000357C1018987858BD98F71
:10640000231EF100EFE02FF783C7D1AD6390A70201
:1064100083C7818599C3EFF04FA19707FE1F93872C
:10642000A7CB9C5B81C7854521458297EFE0AFF400
:10643000A2850808EFE01FCEAA84554905ED8945DD
:1064400003C5E1ADEFA07EB6B250225426850259B5
:10645000925445618280035544008544EF408F8506
:1064600065D583475500194693056500A30FF100D4
:10647000A5BF014903461400035544008545EFE0DC
:106480001FEAE30E09E84A868D4503554400EFE014
:106490001FE971B5034715009947631AF7020355C1
:1064A0004500EF402F81AA841DC183C7618509473C
:1064B0006389E7020D476380E70205476399E700B8
:1064C00083455500035544000146EFE03FAA0346CB
:1064D000140089455DBF0146814513050041EFF079
:1064E000FF8B8355440003C504001546EFC09EDCB6
:1064F000F9BF93054500034535000146EFF0AFBFF6
:1065000083C7D1ADE37DF5E099473305F502130666
:10651000C4009145130555021375F50FEFB03E8D7C
:1065200003C54185EFB01E87DDBB83C781AE035530
:10653000450081C783C551850DB583C7A18599E302
:10654000954521BDEF301FF7AA84E30A05DC834798
:10655000A400858B85CB03455500854763F4A702CE
:106560008357C40093F7072091EF100893856400C8
:10657000EFF06FB883C7D1AD6396A7008D45035583
:106580004400E1BB83C55400035544001306840056
:10659000EFE0DF9D01468145CDBD03554500EFF09D
:1065A000CFC3B5BB03554500EFF04FAB83C7A18503
:1065B00093F7F707238DF1849DB3797193970501C4
:1065C00022D406D626D24AD04ECEC1872E8463DE90
:1065D000070803C5E1ADEFA0AEEBAA8431C5834740
:1065E00005001307100B638BE7041307000D638787
:1065F000E7021307000B6396E70203474500F947DC
:106600006317F700035525008145EFF0AFC483C53C
:10661000440013858400EFF05EDD21A0EFF07FCB16
:1066200001C52685EFA0AEDFA164A18CB250225433
:10663000268502599254F24945618280834745007C
:10664000EDF303568500835565000355250023802F
:1066500001B0EFF0AFC883C701B0E1D703C54185F2
:10666000238001B0EFB00EF36DBF93F7250085C313
:1066700081450145EFE01FAA9344240083C7E1ADA3
:10668000854511E189453E85EFA03E9245B793F7D8
:1066900015006384070C138981B083270900938454
:1066A00041B083D947009C4099EFC165138781B100
:1066B000894617A600001306E67BFD150545EF0089
:1066C0003FAD23A2A1B08C40134414009DE9832761
:1066D00009000146854503D5470093140401C18094
:1066E000EFE0FFC38327090001468D4503D547002E
:1066F000EFE0FFC203C54185EFB0CEE9EFE0AFCCDC
:1067000035B79308F00F094881471307E10074007B
:1067100003D681B14E85EF00FFFD11ED0346D10098
:106720008347C10022065D8E19C69C404E8583D5E5
:10673000A700EFF0AFBA8840C165814603D681B1AA
:10674000FD15EF001FEF9314040123A2A1B0C18037
:106750003DDD854503C5E1AD05BF93F745008144A7
:10676000E38607EC93C44500D1B503472500F14704
:1067700063E4E72A17A600001306063693162700DF
:10678000B2969C42411122C406C626C2B2972A8400
:10679000828783471500C5E741469705FE1F93850D
:1067A00065BC1705FE1F1305E5BA97A0FD1FE7801E
:1067B00020073DE51706FE1F1306C6B9C14509456A
:1067C000EFB0EEE21706FE1F1306C6BBC1450D452E
:1067D000EFB0EEE103C54185EFB0CEDB93053400A9
:1067E000138581B3194697A0FD1FE78060FA85479E
:1067F000854503C571B323A2F1B4EFA00EFB9387C7
:1068000041B488439387C1B19C43ADC703A307003C
:1068100063020306A2852244B240924441010283EE
:1068200041469705FE1F9385E5B41705FE1F130526
:1068300065B597A0FD1FE780A0FE2DDD45B7994700
:1068400023A2F1B46DBF034715008347350039E338
:1068500009476396E702938741B49C43814501450C
:1068600093F7F7F093E7070223A2F1B4EFE07EADD0
:10687000A300A400B2402244924441018280054713
:10688000814501456395E700EFE09E9BD5B7EFE0BA
:106890001E8BF9BF0947E38FE7FC938741B4884318
:1068A00041991365650023A2A1B4A9BF83471500D0
:1068B000938441B4BDE38D476315F70483C761B387
:1068C000139787016187635B070093F7F707894593
:1068D00003C571B3238BF1B2EFA02EED9C4091461E
:1068E00013F7F7006318D700C19B93E7570023A263
:1068F000F1B485A08946E30FD7F6C19B93E7270043
:10690000FDB79840A38501B29546937707FF3D8B6D
:106910006319D70493E74700D9BF9C40C19B93E715
:106920006700F1B7138741B41C4383461500BA844E
:10693000C19B95E293E7470023A2F1B40356A5005B
:1069400093054500034535009146EFF06FA4A385FC
:1069500001B2884045BD13071003E392E6FCA3850E
:1069600001B293E7370061B7EFF0BF96938741B468
:106970009C43154793F6F700C19B13E53700E3945A
:10698000E6F213E5270005B7938641B49C4203461F
:106990001500B68493F7F7F031E2CD46631BD702BA
:1069A00093E7070123A2F1B483C7E1B213978701EC
:1069B0006187635B070093F7F707914503C571B3E0
:1069C0002387F1B2EFA06EDE9C40370500015D8D9C
:1069D00015BD93E7070223A2F1B4FDB793E70703C0
:1069E000DDBF938641B49C427D761306F60FF18F8E
:1069F0000346150019EE6D46631AC70093E70710AA
:106A000023A2F1B49C4237050002D1B793E70720D7
:106A1000C5BF93E70730EDB78280034705009306B3
:106A200010096307D7009307000D6305F704828000
:106A30008346150039476391E60483564500056790
:106A400013075740639AE60218459307F00783053A
:106A500037006383F5029387C1B19C4391CF03A3B1
:106A60004700630B03008347270003451700A20775
:106A70005D8D02836FF07FCF8280011193970501B6
:106A800026CA06CE22CCC187AE8463D5070C03C5C7
:106A900071B3EFA0EE9F2A8409C983C7F1B289EFD1
:106AA000EFF0BFF72285EFA08E972165258DF2408C
:106AB0006244D24405618280834705001307000DBC
:106AC000639EE7048347250081E7EFF01FF509A8DF
:106AD0001547639DE7000347C500A147E392E7FC24
:106AE000A28503C501B2EFA02EA1C1B72147E38E55
:106AF000E7FC99466395D70083477500C5B71D47E6
:106B0000E390E7FA03554500EF30DF9A41DD034794
:106B1000C500A1472285E315F7F8D9B71307200A66
:106B2000E380E7F813071009E391E7FA034715003C
:106B3000B947E31CF7F8035745008567938757402B
:106B4000E315F7F818458347270003451700A20708
:106B50005D8D5DBF9397150163DE0700138601B459
:106B600091451145EFB0AEA803C54185EFB08EA2A7
:106B700011652DBF93F71500D9CB83C7B1B2B9CF3B
:106B8000EF309FC097F7FD1F83C777568D8B636AE1
:106B9000F5048D472302F100938721B283C70700D4
:106BA0004C0003C571B32306F1009387D1B283C7AC
:106BB0000700A306F100EFE0EEA30DC1938741B4F7
:106BC000884341991365650023A2A1B49387C1B19D
:106BD0009C4389C79C4399C38145829713C5140080
:106BE000F9B59387C1B283C707001946938541B2AF
:106BF0002302F1009387A1B283C707001305610048
:106C0000A302F10097A0FD1FE78080B871B793F74A
:106C1000250085CF83C761B3858B8DC703C571B34D
:106C2000EFE06ECC05C1938741B488431375F5F04E
:106C300023A2A1B49387C1B19C4389C79C4399C344
:106C40008145829713C524009DB593F74500014502
:106C5000E38F07E483C7E1B29DC703C571B3EFE0DB
:106C6000AECB15C1938741B48843FD779387F70F67
:106C70007D8D23A2A1B49387C1B19C4389C79C4356
:106C800099C38145829713C5440015B5797122D403
:106C900026D206D6AA842EC6328436C43AC23EC054
:106CA000EF305F8139C50358E500B245824712478E
:106CB000A246636DB800636B0401035605016317B8
:106CC000D6000356250161456300E602231CB1008E
:106CD0003E862C082685231D8100231ED100231FFC
:106CE000E100EF30CFEC0145B2502254925445619F
:106CF00082805145D5BF011106CE97F7FD1FA387AE
:106D0000A75C91C52E8532C6EFE0BFE4324693877B
:106D100041B49C4385EB19C223AEC1B0F24003C617
:106D200011B283C5E1B303C571B3938701B417F7FB
:106D3000FD1F1307276597F6FD1F9386A661056162
:106D40006FF0EE9DF24045450561828097F7FD1F8B
:106D500083C7F7398D8B81EB614582806145B240F5
:106D6000224441018280411122C406C603C471B38A
:106D70009307F00FE314F4FE17050000130525D068
:106D8000EFA04EFFA38BA1B2E30A85FC23AE01B0B6
:106D900023A201B49147238FF1B2EFC00E8D41467B
:106DA000814517F5FD1F1305E55A97A0FD1FE780E4
:106DB000A0A14146814517F5FD1F1305A55C97A0CD
:106DC000FD1FE78060A023A001B4238601B22385C4
:106DD00001B29D4717F6FD1F1306C657C145094569
:106DE0002381F1B2A38601B2EFA0BED117F6FD1F39
:106DF00013064659C1450D45EFA0BED0414697F553
:106E0000FD1F9385255517F5FD1F1305A55597A063
:106E1000FD1FE780E097414697F5FD1F9385855656
:106E200017F5FD1F1305055597A0FD1FE780409638
:106E3000138601B491451145EFA0BECC014505B7BD
:106E4000FD57A38BF1B217F7FD1F1307E747A30206
:106E5000F7002303F700238F01B20547A385E1B2B2
:106E600023A001B419472399E1B20567130707C8A6
:106E70002398E1B22380F1B29D47A38001B2A3879A
:106E800001B2A38AF1B2238AF1B219468145138572
:106E900041B217A3FD1F67002393930705D041114B
:106EA000C20722C406C6C1835D472E84636BF70CFC
:106EB00017A70000130787C98A07BA979C43BA9798
:106EC000828783C7E1B32300F40035A0414697F5DC
:106ED000FD1F93852548228597A0FD1FE780408BE5
:106EE00019A8414697F5FD1F9385C549EDB79387CE
:106EF00001B49C439CC18147B24022443E8541017C
:106F000082801946938581B3F9B783C7B1B265BF53
:106F10002E85EFE06ECFC5B72E85EFE04ED1E1BFF5
:106F200083C7C1B24DB783C7A1B271BF194693855C
:106F300041B255B783C721B279B783C7D1B261B720
:106F4000938741B49C4341B783C711B2ADBF83D788
:106F500021B32310F40045B783D701B3DDBF83C746
:106F600051B395B783C741B3B9BF2E85EFE06ECF5C
:106F700059B783C761B393F7F707B1B783C7E1B2D6
:106F800099B7130720048947E368A7F6EFB0BEE678
:106F90002310A4008DB79307F5CFC207AE86C18337
:106FA000D9452A8763E6F52817A80000130808C00A
:106FB0008A07C2979C43411106C6C297B28536859F
:106FC00082874147E147639EE602414617F5FD1F70
:106FD000130545389790FD1FE780807B15A041473A
:106FE000E1476390E602414617F5FD1F1305853919
:106FF000D5B71147E1476396E6001C4223A0F1B4E0
:107000008147B2403E85410182800547E147E39ACE
:10701000E6FE0347060083C7B1B2A385E1B295C37C
:10702000814765F3138741B4184389463D8B630557
:10703000D7009546E317D7FC03C571B3EFD0DEF256
:10704000C1B781475DDF138741B418436306A700CA
:107050003D8B7517E367E5FA854503C571B3EF907E
:10706000DEF479BF9307C01C63E0D71C630E061AD9
:10707000B24041016FE0AE8C9307C01C63E6D71AA3
:107080006304061AB24041016FE08E9B0547E14759
:10709000E399E6F603470600A946E3E4E6F623860D
:1070A000E1B2B9BF0547E147E39DE6F403470600B7
:1070B0008D46E3E8E6F42385E1B299B71947E14745
:1070C000E391E6F41946138541B229B70547E14734
:1070D000E399E6F2034706009D46E3E4E6F22381E6
:1070E000E1B239BF0547E147E39DE6F003470600FB
:1070F0008D46E3E8E6F0A386E1B219B70547E1471C
:10710000E391E6F083470600A380F1B2D5BD0947BD
:10711000E147E398E6EE0356060005671307A7C7A5
:107120009306A6FFC206C182E36DD7EC2399C1B2D4
:10713000C1BD0947E147E396E6EC03560600056743
:107140001307A7C79306A6FFC206C182E36BD7EA5F
:107150002398C1B275B58345060003C641B3A38A1F
:10716000B1B20145EF70CFE061BD0346060083C5B3
:1071700051B3238AC1B2F5B79307C01C63E6D70A9F
:1071800045C6B24041016FE0CE9B0547E147E39A17
:10719000E6E68347060003C761B3058B238BF1B294
:1071A00093F6170011C7E39D06E4EFD03EF689BDC4
:1071B000E38806E4138741B418438945398BE31EFD
:1071C00007E893E707F8238BF1B21DBD0547E147B8
:1071D000E399E6E28347060003C7E1B22387F1B2F1
:1071E00011C7E39F07E0EFD0DEF419BDE38A07E0A3
:1071F000138741B418431377070F19C39145B1BDE5
:1072000093E707F82387F1B2E5BB9307200463EF08
:10721000E70089458947E396B6DEB240835506000C
:107220003A8541016FC0EE91E147E1BB8947D1BB8F
:107230009307200463E9A700894589476396B60050
:1072400083550600C5B789473E8582806F700FCD94
:10725000011106CE2AC6EF30EFA509C9B245F240AA
:10726000034505004D4605616FC0CE84F240494597
:10727000056182806F700FD0411106C6EF80402BF0
:107280001725FFFF1305C5D6EFA0CEAEEF10FFC147
:1072900017C5FEFF13056516EFA0CEADEFC02E910A
:1072A00017F5FEFF13050519EFA0CEACEFF0AE9574
:1072B0001745FFFF1305A563EFA0CEABEF408FF797
:1072C00017F5FFFF1305A52FEFA0CEAAEFE0DFA073
:1072D0001715FFFF13058528EFA0CEA9EF108FA487
:1072E000B24041016FF09FA6938701B5138781B427
:1072F0009C43184301456313F700828083D66700DF
:1073000081E683D6470036959C43F5B797F7FD1F76
:10731000938787DC8C4317F7FD1F035727DC411148
:107320001386052223A8C1B4938785FFBA97056504
:1073300023A4F1B406C61D05935637006374E50017
:10734000930600203307D60023A6E1B423A0E5224C
:10735000E1162312D600231306001CC3998FE117F0
:107360002312F70023130700EFF01FF8B24097F73E
:10737000FD1F2394A7DA41018280938701B513870B
:1073800081B49C43144301456393F600828003D784
:10739000670011E703D747006373E5003A859C4314
:1073A000E5B7938701B5938681B49C4390422A87C1
:1073B000B305B5406314F6003A8529A89386870083
:1073C0009C43E369D7FEE377F7FE2E85E3E4D5FE21
:1073D000E3F2F5FE828083C705002300F50083D722
:1073E0002500A300F50083D72500A1832301F50024
:1073F00083C74500A301F5001145828023AC01B489
:1074000023AA01B4828029C1411126C206C622C422
:10741000AA8401458DC52E8422854146979500009A
:107420009385857E9790FD1FE780803683C7040093
:1074300005452306F40083C71400A306F400B240F8
:10744000224492444101828001458280011122CC74
:1074500026CA06CE0947AA8432846383E5044146DE
:107460008147639BC500638FE6006397B6001DA844
:1074700041478147638FE600F2406244D2443E8533
:10748000056182808A852285EFF0FFF741468A8573
:1074900021A88A85EFF03FF741468A85228531A0F1
:1074A000E398B6FC2E86A28526859790FD1FE7807F
:1074B0002037AA87D1B723ACA1B48280011122CC96
:1074C0000354650006CE26CA4AC84EC641C0832969
:1074D0008500AE842A8803C90900814713178901F2
:1074E000618763550702B147054563FA8704511464
:1074F000420403552800418033878900A2864E86C6
:107500008545EF408FA9B337A00085077D1413553B
:107510006900420405891379F90341802380F4004E
:10752000A380A4002381240123928400014719C071
:107530001387190098C409476383E7000145F240A7
:107540006244D2444249B249056182800545C5BFC3
:10755000C167F917630AF502D94763F7B70201114A
:1075600022CC2EC606CE2A84EF101F81B245636856
:10757000B50022856244F24005616F300F99F240F8
:10758000624405450561828005458280C167F9171F
:107590006314F5006F104FFE411106C6EF30EF8502
:1075A00011E15D45B2404101828039714ED656D21B
:1075B0005AD006DE22DC26DA4AD852D4AA8A2E8B8A
:1075C000B28949EF36C6EFF07FFC9145EF105F8B33
:1075D000AA844D492DC9B246054A23803401054489
:1075E000630A0B00B68513851400029B050513146E
:1075F00005014180E20993D9894163D30902C1455C
:107600005685EF308F8D654905E933868400A28564
:107610002685EF30BFE92A8905E131044204418023
:1076200091472C085685231CF10026CE231D81008E
:10763000EF203F962A8901C963070A00268597A093
:10764000FD1FE78080FAF25062544A85D2544259B5
:10765000B259225A925A025B21618280BA84014A4D
:10766000ADBF011122CC26CA4AC84EC606CE2A8911
:107670003284B689EFF07FF3AA8405E1938781B560
:107680009C4381CF05476317E40003C40900050448
:107690001374F40FA2854A858297F24062442685CE
:1076A0004249D244B24905618280AE86014705460F
:1076B00097050000938565D26FF0BFFA83D7050068
:1076C0002300F50083D70500A183A300F500094539
:1076D000828083C7250005472300F50003D50500F8
:1076E0006397E7000A050505420541818280C94785
:1076F0003305F502CDBF03D505000A0542054181DA
:10770000828083D725002300F50003D5050083D7A9
:1077100025003305F502050542054181828003D528
:107720000500828003D50500828003D50500828094
:1077300083D725002300F50003D5050083D7250056
:107740003305F502050542054181828083D7050096
:107750002300F50083D70500A183A300F50083D79C
:1077600025002301F50083D72500A183A301F5009F
:1077700003D54500110542054181828083D705006C
:107780002300F50083D70500A183A300F50003D5EE
:107790002500090542054181828089471145639B87
:1077A000F60083471600834606000145A207D58FE1
:1077B0002310F700828003D70500D947AE8663FA0D
:1077C000E70001470D4697050000938565EF6FF0D0
:1077D0005FE90945828011456393A602834716003D
:1077E000834606000145A207D58F2310F700834783
:1077F000360083462600A207D58F2311F70082802A
:1078000083C725000547FD1793F7F70F6361F7045A
:1078100083D705008DCF011122CC2A84C84106CE22
:1078200015C12EC68945EFF0DFB72A87228562444D
:10783000B246F2401546970500009385C5E90561FB
:107840006FF03FE2F24062440945056182800945DC
:1078500082809547114563F9D706411122C426C29B
:107860004AC006C683471600BA8403470600A2072B
:107870003284D98F2390F4008347360003472600D3
:1078800093054400A207D98F2391F40089472382EE
:10789000F40009461385540036899790FD1FE78050
:1078A00020EF9307A9FF2394F4009947631BF90085
:1078B00023A60400B24022449244024901454101FA
:1078C00082801904C0C4FDB7828083D705008DCFA4
:1078D000011122CC2A84C84106CE15C12EC6854589
:1078E000EFF03FAC2A8722856244B246F2401D4643
:1078F00097050000938565E005616FF09FD6F24023
:1079000062440945056182800945828099476395F3
:10791000F6048947411106C62302F7008347160083
:1079200083460600B285A207D58F2310F700834750
:1079300036008346260003464700A207D58F13056D
:1079400057002311F70091059790FD1FE78040E451
:10795000B240014541018280D14711456394F60050
:10796000C1474DBF828083D705008DCF011122CC46
:107970002A84C84106CE15C12EC68945EFF07FA2E4
:107980002A8722856244B246F240254697050000C8
:10799000938565D705616FF0DFCCF24062440945FD
:1079A000056182800945828089471145639BF60005
:1079B00083471600834606000145A207D58F231092
:1079C000F7008280011122CC2A84C84106CEAE86FF
:1079D000014719C52EC68545EFF0BF9CB2462A87E0
:1079E00022856244F2402D4697050000938565D3B9
:1079F00005616FF01FC711456393A6028347160008
:107A0000834606000145A207D58F2310F700834760
:107A1000360083462600A207D58F2311F700828007
:107A2000011122CC2A84C84106CEAE8611C52EC6CD
:107A30008545EFF01F97B2462A8722856244F240BF
:107A4000354697050000938525CE05616FF07FC10F
:107A500093F71600114589EB89476387F600858205
:107A60002312D70010C301458280011122CC2A8441
:107A7000C84106CE15C12EC68545EFF09F922A87D4
:107A800022856244B246F2403D4697050000938548
:107A900005CA05616FF0FFBCF2406244094505610B
:107AA000828083D705008DCF011122CC2A84C84162
:107AB00006CE15C12EC68945EFF0BF8E2A872285D6
:107AC0006244B246F240454697050000938585C65C
:107AD00005616FF01FB9F24062440945056182807B
:107AE00009458280854763FCD7022304A700A304CD
:107AF000B7008347160083450600A207CD8F2310E9
:107B0000F7009387E6FF2311F70089476386F600A5
:107B1000090650C30145828023220700E5BF1145B5
:107B20008280014781464D4681456FF09FB38D4766
:107B3000114563FBD7028347160083450600A20761
:107B4000CD8F2310F7008347360083452600A20718
:107B5000CD8F2311F7009387C6FF2312F7006386AA
:107B6000A600110610C70145828023240700E5BF47
:107B7000011122CC2A84884506CEAE8611C52EC6B8
:107B80009545EFF01F82B2462A8722856244F24073
:107B90005D46970500009385A5BB05616FF07FAC3E
:107BA000854711456397F60083470600014523008A
:107BB000F700828001478146654681456FF07FAAC4
:107BC000011122CC2A84C84106CEAE86014719C5D0
:107BD0002EC68D45EFF0EFFCB2462A87228562441F
:107BE000F2406D4697050000938585B905616FF0F9
:107BF000DF9B011122CC2A84C84106CEAE86014704
:107C000019C52EC68D45EFF0CFF9B2462A872285D9
:107C10006244F240754697050000938565B605619C
:107C20006FF0BF988147179800001308E8FE13060D
:107C3000F00F3307F80083460700139706014183CE
:107C40006364E5006393C600828083D605006365A4
:107C5000D7002390E5008280850793F7F70FD1BF07
:107C600041119397050122C406C626C2C1872E84FE
:107C700063D50702EF90CE81AA8409CD8347050022
:107C8000054793C707086364F700EF60E00A26859D
:107C9000EF80FEF82165218D29A893F7150099CF73
:107CA00097E7FD1F9387076FFC5791C38297134592
:107CB0001400B240224492444101828093F725008F
:107CC00099CB97E7FD1F9387E76CBC5B91C38297C5
:107CD00013452400F9BF93F7850081CF97E7FD1F77
:107CE0009387476BFC5FBC5B91C38297134584000D
:107CF000C9B793F7450081CF97E7FD1F9387876941
:107D0000FC5FFC5791C38297134544005DB793F71E
:107D1000050291CF97E7FD1F9387C76783A70709E0
:107D200083A7070991C382971345040259B793F7B4
:107D3000050191CF97E7FD1F9387C76583A70709C3
:107D400083A7C70891C38297134504019DB79397F2
:107D500025010145E3DF07F497E6FD1F83C6F663BF
:107D600017E6FD1F0346666397E5FD1F83C5D562D1
:107D700017E5FD1F03454562EFB06FA6096521BFFA
:107D8000411122C417E4FD1F1304C46013068012BE
:107D9000814526C2AA84228506C623A001B69790F3
:107DA000FD1FE78060A20145EF2050120145EF2042
:107DB000F01997E7FD1FA3809736B707D707B507D8
:107DC00017E7FD1F2322F75EB7A70D0D9387372115
:107DD00017E7FD1F232CF75CB7A7D7079387372139
:107DE00017E7FD1F2326F75CE9779387372117E70D
:107DF000FD1F2311F75C7D4781472320E40E0327F5
:107E0000040D2322F40EB7872D049387F79F5D8F0F
:107E10008327440D97E6FD1F23A6E66497E6FD1F22
:107E200023A6E66493E7E73917E7FD1F2322F764EB
:107E300097E6FD1F23AAF66297E7FD1F83C7A72ACF
:107E400017E7FD1FA306F76017E7FD1FA306F760FE
:107E5000F977FD1717E7FD1F2311F76417E7FD1FDB
:107E6000231EF762FD4717E7FD1F230AF76297E716
:107E7000FD1FA38D075485679387F7F017E7FD1F54
:107E80002317F75417E7FD1F2314F754EF909E951F
:107E900097E7FD1FA381A7509307C01C17E7FD1F9D
:107EA0002317F756854717E7FD1FA304F75297E7F7
:107EB000FD1F83D7A722A98317E7FD1FA30EF75441
:107EC0008D4717E7FD1F2318F75097E7FD1F23A5E0
:107ED0000750B71707069387074417E7FD1F232F9F
:107EE000F74E97E7FD1F9387271F83D707011307D7
:107EF000B00F6374F7009307B00F1396070117E7ED
:107F0000FD1F231EF74A17E7FD1F231CF74A83476F
:107F1000C40341829306E600918BC5C393176600A4
:107F20009387073DC207C18317E7FD1F231AF74850
:107F30000347D403118B49C7131766001307073D86
:107F40004207418397E5FD1F239EE546ED453287B5
:107F50006373B6006D4717E6FD1F231EE644130644
:107F600080143E8763F4C700130780148E0697E7DA
:107F7000FD1F2393E74497E7FD1F2391E74497E70D
:107F8000FD1F239CD7429307C01C17E7FD1F231337
:107F9000F744B70716009387079017E7FD1F2325BF
:107FA000F742EF904FEEEF40901AEF80BFC82244A7
:107FB000B240924441016F60C025939736009DB74F
:107FC00013973600B5BF411106C622C426C217E773
:107FD000FD1F0347074097E7FD1F83C7973F63696E
:107FE000F70001442285B24022449244410182803C
:107FF000AA84930510241305800B9790FD1FE7803A
:1080000060522A8479DD1306800B81459780FD1F1D
:10801000E780807B81E4C1572304F40097E7FD1FCC
:1080200093874737B84F3DE717E7FD1F232E873A61
:1080300017E7FD1F232C873A17E7FD1F232A873AEE
:1080400023200400054797E6FD1F2384E6380547F3
:10805000A304E400130700F9A305E40017E7FD1FDC
:1080600013074727544B184F17E5FD1F0345050815
:1080700074C438C87D57230BE40083C7A704A30E3C
:10808000E4062304A4062306F40AEF809FDBA30A78
:10809000A40089BFF84F00C317E7FD1F232A8734C8
:1080A0002320040003C7E703050771BF8347E501E9
:1080B000411122C406C69907A308F5007C45114763
:1080C0002308E5002380E7007C45034715012A8447
:1080D000A380E70083475503858B91E7034745035A
:1080E00089476319F70078448347070093E707043B
:1080F0002300F70068449305640319460905978037
:10810000FD1FE780E06868440356E4014C542105F4
:108110009780FD1FE780C067930730F9A305F4003F
:10812000B24022444101828041114AC017E9FD1F3B
:10813000130949268327490B06C622C426C299E3A0
:10814000054505AAAA84EF90EF918327490B8297F2
:10815000EF40C0562A846DD5DC50AC482324F50886
:1081600003C7B4009307A009631BF71085472300DA
:10817000F51483C734062303F514A303F51483C74A
:10818000F50003C705010148A2074207BA9703C7D4
:10819000E5001546F905BA9703C735FF13058413A3
:1081A0006207BA97232CF40883C755FF03C765FFFE
:1081B000A2074207BA9703C745FFBA97232EF408D0
:1081C00083C775FFA30BF40283C795FF03C785FF21
:1081D000A207D98F231CF40283C7B5FF03C7A5FFED
:1081E000A207D98F231DF40283C7D5FF03C7C5FF9C
:1081F000A207D98F231EF40283C7F5FF03C7E5FF4B
:10820000232E0413A207D98F231FF4028147232CA6
:10821000F4129780FD1FE780A057B84883473702C4
:10822000FD8BA30AF40203473702ED1793F7F70F0C
:1082300015832308E4022D476368F7028357A403DC
:1082400005679306A7C7E917C207C18363EEF60067
:108250008356C4039307301F63E8D7008357E403B2
:10826000130707C8637EF70203558400EF402065BB
:108270000145B24022449244024941018280832751
:10828000890D13971701E35C07EEFC4403C7070051
:1082900083C70500F98F9583858B2300F514C5B539
:1082A0008327890B228582978327090E0355840033
:1082B000294693F7072091E3054693050008EF5000
:1082C00050418327890D1397170163590700035500
:1082D0008400514693050008EF50B03F83274905BD
:1082E000FC4B13974700E35D07E403C58400A38BB1
:1082F0000400494693050008EF50B03D91B5411187
:1083000022C406C626C24AC097E7FD1F83C7970846
:108310002A848DEB0347040185476318F70E8347D2
:10832000D40303475404858B631FF70C1946930548
:1083300064041305E4039780FD1FE780604EB334A7
:10834000A000A1A883475504DDC78347B5041307E0
:10835000000493F7070C6390E70A085931C5130925
:108360006404CA851305A50297A0FD1FE780009449
:108370008547AA84631AF502085889472302F40442
:10838000834735001946CA8593E72700A302F40402
:1083900051059780FD1FE780A03FB240224426850B
:1083A00002499244410182800347040185476304E6
:1083B000F70483470406918B9DEF8347C40385EF41
:1083C0001305440497A0FD1FE780409A08D805C50F
:1083D00089472302F4048347350019469305640452
:1083E00093E72700A302F40451059780FD1FE7805F
:1083F000203A85445DB78347C403898B81DF1C58CD
:1084000083C7170081FB814449BF83470406918BD2
:1084100099F78347D40013F717000DC3834634013F
:108420000D47639DE60068402C442244B2409244CC
:10843000024941011783FD1F6700437B898BD5DB10
:10844000034734019547E316F7FAF1BF411197E767
:10845000FD1F238D07FA22C4930710F906C6A30552
:10846000F5009387C1B580430DC0854517E5FD1F15
:10847000034575CAEF805EF6930710273305F502B2
:1084800022832244B24041010283B240224441018E
:1084900082808347A50199C70347A5006314F700AD
:1084A0006FF0DFFA0347950111CF8346A500638281
:1084B000E6022305E500894517E5FD1F0345B5C51F
:1084C0006F80BEAEF1DF0347A50079FB2305F50001
:1084D000DDB7F9D7E5BF2C49314783C7150093F7BE
:1084E000F7032309F5006386E700930700083E853C
:1084F000828083C705000D47BD8BA309F500E39675
:10850000E7FE41114AC01309650322C419462A84B3
:10851000A1054A8506C626C29780FD1FE780403028
:108520009147630F05222C4819461305640483C73D
:10853000050089059987858BA302F4049780FD1FA8
:10854000E78000252285EFF09FDBA147630A052025
:108550001305200483044401EFA0FE8962056185B0
:108560009307000863CEA41E64449D472308F400CB
:108570002380F40085472381F400A381F400CA8599
:108580001946138544009780FD1FE780602083C74C
:10859000240003C734000149990793F7F70F1367C5
:1085A00087002381F400A381E4007844BA9703573D
:1085B000C406A381E70083C72400784483461406D9
:1085C0003E978357C4069206A183BD8BD58F2302A5
:1085D000F70003C7240009071377F70F2381E4008E
:1085E0008356E401E1C283470406795993F70704EF
:1085F00091C375593309E9401379F90F6374D90AA6
:1086000083463406751989471379F90F6391F61675
:108610008347B40663960716916793870729F9463F
:108620009387771BB3C7D70217E6FD1F034606DE05
:108630001366060197E5FD1F238AC5DC1386C1ABCF
:10864000104285650CC6B386D702860634D283C62F
:10865000340093E60601A381D40074440346240643
:108660003697A301C70083C62400784436972302B7
:10867000F70003C724007444A187BA960347340661
:108680001607D98FA382F60083C724008D072381A4
:10869000F4005C54CA973CDC8357E401B38727415C
:1086A0002319F4068347040693F7070485C703C715
:1086B00034007C4483C6240013670704A381E400CC
:1086C00003475401B697A381E70083C724008507B9
:1086D0002381F40003C524000356E4014C5493079E
:1086E000350068443E954DC26360C90A9780FD1FFE
:1086F000E780000A0349E40103C724009377F703E6
:1087000085073E99A30824012381E400834754038D
:10871000858B91E70347440389476319F700784441
:108720008347070093E707042300F7007C44834551
:108730001401A380B700930790F9A305F400034543
:1087400034068347B4065D8DEF80CFFC014681453A
:108750000D459790FD1FE780808BEF80BFB081476C
:10876000B2402244924402493E854101828005463E
:1087700093078042E385C6EA85679387878445B57A
:1087800085679387E71B61BD4A869780FD1FE78059
:1087900020009DB72C491307200283C7150093F7CB
:1087A000F7032309F5006396E71A011122CC06CEE0
:1087B00026CA4AC84EC683C7050015472A84BD8B02
:1087C000A309F500639CE7021946A105130565039B
:1087D0009780FD1FE780C0049147630A05142C4869
:1087E00019461305640483C7050089059987858B9D
:1087F000A302F4049780FD1FE78080F92285EFF043
:108800001FB0A147630505128346340617E9FD1F13
:1088100013098994054797E9FD1F83D96994832734
:108820000900637ED710829737460F00AA8413068B
:10883000062481461305007D3385A9028145EF603A
:10884000F074B307950033B5A7002E953E878326B5
:10885000490019E163E4D7003387D7406444A14756
:108860002308F40058D02380F40085472381F400C6
:10887000A381F4001946930564031385440097808F
:10888000FD1FE780E0F083C7240099072381F400EF
:1088900083C7340093E72700A381F400834754047F
:1088A00081CB78448347070093E707F82300F7005C
:1088B0001946930564041385A4009780FD1FE78083
:1088C00020ED83C72400990793F7F70F13F7F703F9
:1088D0000507A308E4002381F40083475403858B34
:1088E00091E70347440389476319F70078448347B6
:1088F000070093E707042300F7007C448345140135
:10890000A380B7009307A0F9A305F400034534063C
:108910008347B4065D8DEF80EFDF014681450D454D
:108920009780FD1FE780A06EEF80DF938147F240C4
:108930006244D2444249B2493E85056182808297B1
:1089400037460F00AA841306062481461305803E8D
:10895000E5B5930700083E85828041114AC013891E
:10896000C1AB8327090022C41307000A06C626C22A
:108970002A84F8D30945EF805F96938601AB904235
:10898000B7050082FD155C56F19B93E717005CD696
:10899000032709005C4393E717005CC38347840601
:1089A00093F7F703139797015C56ED8FD98F5CD639
:1089B00037170040930770052300F704930780FAE8
:1089C0002300F70403068406B54763D0C716835710
:1089D000270293E707012311F7029C423706330071
:1089E00098431377F7E798C398431377F7E713672C
:1089F000071098C3138741AC18431447D18E14C78E
:108A0000832609001306A00DB0CA5457F59A54D70F
:108A1000034724069376F7079843137707F8558F93
:108A200098C337C7898E130767ED98C73757550026
:108A3000644413075755D8C39D472308F400238087
:108A4000F40085472381F400A147A381F4007C440E
:108A50000357C4062382E70083C724007844834673
:108A600014063E978357C4069206A183BD8BD58F0B
:108A70002302F70003C524009307E00F09051375CF
:108A8000F50F2381A40003562407898F63CFC70401
:108A90007C442C5C0D053E959780FD1FE78040CF00
:108AA00003C72400834724079376F7038507B69707
:108AB000A308F4002381E40083475403858B91E7E6
:108AC0000347440389476319F70078448347070045
:108AD00093E707042300F7007C4403471401A380B5
:108AE000E700930780F9A305F40083270900784481
:108AF0008145171500001305C539B8DBEF805E9579
:108B000097D7FD1FA389077C834534068347B406A6
:108B1000034614012244B24092440249DD8D0145CE
:108B200041011783FD1F6700834E83572702C20749
:108B3000C183BD9BC207C18379BD397152D4138AE9
:108B4000C1AB83260A0022DC26DA06DE4AD84ED6DE
:108B50009307000AFCD2938701AB9C43B70533000F
:108B60002A84D857719B13671700D8D79843137777
:108B7000F7E798C398431377F7E71367071098C38D
:108B8000138741AC184310474D8E10C71306A00D34
:108B9000B0CA5057759A50D7034725061376F70782
:108BA0009843137707F8518F98C3DC420D4793E73A
:108BB0001700DCC264459D472308F50085462380E5
:108BC000F400A38104002381D4008347F505638565
:108BD000E70019476396E7528547A381F4001946D9
:108BE00093056403138544009780FD1FE78040BA16
:108BF00083C7240099072381F4000347F4059947AC
:108C00006316F70483C734001385A40093E7270095
:108C1000A381F40083475403898B6385071E0C5896
:108C200083C725016380071E1946D1059780FD1F64
:108C3000E78000B678448347070093E707F82300EE
:108C4000F70083C7240099072381F40083C7340009
:108C500003C7240093E78700A381F4007C44BA97FC
:108C60000357C406A381E70083C7240078448346E2
:108C700014063E978357C4069206A183BD8BD58FF9
:108C80002302F70003C7240009071377F70F238196
:108C9000E4008356C4016386061A834704067959A3
:108CA00093F7070491C375597C483309E940137958
:108CB000F90F918B81C739191379F90F81496374C1
:108CC000D90A83473406751989461379F90F639DCC
:108CD000D7148347B40663920716916993890929CB
:108CE000F9479389791BB3C9F90297D6FD1F83C64B
:108CF000E67193E6060117D6FD1F2309D670832679
:108D00000A00056690C6B387F9028607BCD283C7FE
:108D1000340093E70701A381F4007C4483462406D2
:108D20003E97A301D70003C724007C4493D6894013
:108D3000BA972382370183C7240078443E9783473C
:108D400034069607D58FA302F70083C724008D074A
:108D50002381F4001C54CA973CDC8357C401B387B9
:108D600027412319F4067C48914613F7C700630B8B
:108D7000D700B1466316D726834614060347F40787
:108D80006390E626A18BE1C79387419E9C4383298C
:108D90008409829717D7FD1F1307073C63E6A90ACA
:108DA000B7470F003385A94093870724B335F502F1
:108DB0000356870081463305F502EF60301DAA890E
:108DC000B7074B00138749ED9387B7C763EAE720DE
:108DD0004946814568009780FD1FE780E09EB7C740
:108DE0000300938737FC63CD3713BD09F947B3C937
:108DF000F902B2477977F98FCE0993D93901B3E9EE
:108E00003701B9A28347D40381CB78448347070055
:108E100093E707F82300F70019469305E4039780CA
:108E2000FD1FE780E09631BD854693098042E389C6
:108E3000D7EA85699389898465B585699389E91B32
:108E400045B58149014905B75C43BE9991BF83C7C8
:108E5000340083453406C18BA1CB79460947B389D9
:108E6000C902835724076395E5020347B4069907AF
:108E70008E0709CB9387770D13961700B2999389C4
:108E800049293DBF9387A70493963700B699C5BF7C
:108E900005476397E500BD0713972700BA99C5B743
:108EA000B9078E07BE99E1BF03C724008357C401E9
:108EB000BA970947639EE5040347B406D9078E07AE
:108EC00021C79387770D860717D7FD1F03471754D0
:108ED0001367170097D6FD1FA38AE65203270A00DF
:108EE000A1669389875214C793875754F946B3C72D
:108EF000D702B387D70286077CD78347140623009F
:108F0000B408A30FF4066DBD9387A7048E076DBF49
:108F100005476395E500FD078A077DB7F907FDB7AB
:108F2000B7872500138747ED634637031307C01241
:108F300093896909B3C9E902B24789661387F6FFC5
:108F4000D58F33F7E900F979B3F93701B3E9E900CF
:108F50004EC619A863C037178357C1006977F98FC8
:108F60001167D98F2316F1008357640868446C0099
:108F7000139707018357C100D98F3EC68327040A80
:108F80000327C4083EC88327440A13168700618359
:108F900093F6F70197D7FD1F83C7F73F9D8B960781
:108FA000D58FD18F3ECA832704094946A2075D8F1A
:108FB000835784083ACC231EF10083C724008D0711
:108FC0003E959770FD1FE780A07C83C7340093E730
:108FD0000702A381F40083C72400C9072381F4009A
:108FE0008347040693F7070485C703C734007C440E
:108FF00083C6240013670704A381E40003475401D8
:10900000B697A381E70083C7240085072381F40076
:109010000356C40161E2014983C624008347E40585
:1090200013F7F60305073A999A07D58FA308240189
:109030002381F40083475403858B91E7034744035E
:1090400089476319F70078448347070093E70704CB
:109050002300F7007C4403471401814517150000E5
:10906000130525E3A380E700930760F9A305F40047
:10907000784483270A00B8DBEF808EBD97D7FD1FA9
:10908000A38B072497D7FD1F238807248345340625
:109090008347B406034614010145DD8D9780FD1F0B
:1090A000E780E0F6F2506254D2544259B259225A43
:1090B00021618280B787DAFF93876709BE9983476A
:1090C000D10093F7F7F993E70706A306F10093079A
:1090D000C01231BB03C524000C549307350068440B
:1090E0003E956369C9009770FD1FE780606A034978
:1090F000C4011DB74A869770FD1FE780606929BFCC
:109100001387E7FF1377D70F6311071EA381D400DE
:10911000930565031946138544009770FD1FE7808A
:10912000206783C7240003C7340097D9FD1F9389A4
:109130006926990793F7F70F136787002381F400D7
:10914000A381E40078440149BA970357C406A38178
:10915000E70083C724007844834614063E9783576C
:10916000C4069206A183BD8BD58F2302F70083C668
:1091700024009147890693F6F60F2381D400034714
:10918000F4056310F70C83470406795993F7070435
:1091900091C375598357C4013309D9401379F90F25
:1091A0006371F90A03473406751989471379F90F72
:1091B0006318F7108347B406639D07109167938780
:1091C000072979479387771BB3C7E70203C6890747
:1091D0001366060197D5FD1F238AC52203260A00C0
:1091E00085650CC63387E702060738D203C734000B
:1091F00013670701A381E400784403462406BA9666
:10920000A381C60083C62400784436972302F70062
:1092100003C724007444A187BA960347340616078F
:10922000D98FA382F60083C724008D072381F40021
:109230001C54CA973CDC8357C401B38727412319C8
:10924000F4068347040693F7070485C783C73400F1
:1092500003C7240093E70704A381F4007C44BA9772
:1092600003475401A381E70083C7240085072381B6
:10927000F4000347F40591476317F7060356C4014A
:109280003DC203C524000C549307350068443E9545
:109290006365C9049770FD1FE780804F0349C401CF
:1092A0000347F4059147631AF72883C7890793F7A3
:1092B000070F93E7570017D7FD1F2309F714A9BB22
:1092C000054693078042E30EC7EE85679387878440
:1092D000CDBD85679387E71BEDB54A869770FD1F67
:1092E000E780004B75BF014965BF93F7B70F05478E
:1092F000E393E7D2A381F400930565031946138530
:1093000044009770FD1FE780A04883C72400990799
:109310002381F40083C7340093E72700A381F4007E
:109320008347D40381CB78448347070093E707F84A
:109330002300F700834754031385A400898B6387B8
:10934000071A0C5883C725016382071A1946D105ED
:109350009770FD1FE780C04378448347070093E779
:1093600007F82300F70083C7240003C7340097D908
:10937000FD1F93892902990793F7F70F1367870059
:109380002381F400A381E40078440149BA9703578C
:10939000C406A381E70083C72400784483461406EB
:1093A0003E978357C4069206A183BD8BD58F2302B7
:1093B000F70083C624008547890693F6F60F2381BC
:1093C000D4000347F4056310F70C8347040679596A
:1093D00093F7070491C375598357C4013309D940E2
:1093E0001379F90F6371F90A034734067519894730
:1093F0001379F90F631EF7108347B40663930712BE
:1094000091679387072979479387771BB3C7E7024B
:1094100003C689071366060197D5FD1F2388C5FE7D
:1094200003260A0085650CC63387E702060738D293
:1094300003C7340013670701A381E400784403469F
:109440002406BA96A381C60083C6240078443697C2
:109450002302F70003C724007444A187BA96034788
:1094600034061607D98FA382F60083C724008D0720
:109470002381F4001C54CA973CDC8357C401B38792
:1094800027412319F4068347040693F7070485C789
:1094900083C7340003C7240093E70704A381F400C3
:1094A0007C44BA9703475401A381E70083C7240093
:1094B00085072381F4000347F4058547631DF706FC
:1094C0000356C4012DCA03C524000C54930735006C
:1094D00068443E95636BC9049770FD1FE780402B7D
:1094E0000349C4010347F405854775BB8347D4038B
:1094F00081CB78448347070093E707F82300F70000
:1095000019469305E4039770FD1FE7806028A1BD0D
:10951000054693078042E308C7EE856793878784F3
:10952000DDB585679387E71BF9BD4A869770FD1FF8
:10953000E780002645BF014975B783C7890793F7C0
:10954000070F93E7670085BB011156C297DAFD1F2D
:10955000938A4AE483A74A0A06CE22CC26CA4AC87E
:109560004EC652C4639F07502A840945EF70FFD648
:109570001389C1AB032609009307000A938901AB45
:109580007CD283A70900B7053300568AD857719B50
:1095900013671700D8D798431377F7E798C3984312
:1095A0001377F7E71367071098C3138741AC184385
:1095B0001447CD8E14C79306A00D34CA5457F59A9C
:1095C00054D70347A4009376F7079843137707F817
:1095D000558F98C38347E4007844BD8B2308F4007B
:1095E0002300F7001D476444639CE73C8547A38143
:1095F00004002381F4000347F4058D45631FB72859
:109600008357C401639207187C481147B18B638D5F
:10961000E71631476398E700034714068347F407CA
:109620006304F7168547A381F40019469305640384
:10963000138544009770FD1FE780801583C72400C1
:10964000990793F7F70F2381F40003470406137774
:10965000070415C303C7340013670704A381E4009C
:109660007844BA9703475401A381E70083C72400D5
:1096700085072381F40097D7FD1F238907D883C668
:1096800024008347E40513F7F60305079A07D58FEF
:10969000A308E4002381F400930740F9A305F40034
:1096A00083475403858B91E7034744038947631934
:1096B000F70078448347070093E707042300F70087
:1096C0007C4403471401B7060082FD16A380E7001F
:1096D000032709005C4393E717005CC383478406B4
:1096E00003A6090093F7F703139797015C56F58FCC
:1096F000D98F5CD637170040930770052300F70415
:10970000930780FA2300F70483068406B54763D2E3
:10971000D7368357270293E707012311F70203A7E0
:109720000900B7C7898E938767ED1CC7B7575500E7
:10973000938757555CC38347A406834444068145F9
:10974000170500001305E574DD8C894717D7FD1F49
:10975000A305F7B897D7FD1FA38F07B68327090086
:109760007844B8DBEF70DECE034614016244F24069
:109770004249B249224A924AA685D244014505612E
:109780001783FD1F6700A388A147A381F4008357B7
:10979000C4062382F4008357C406034714067444A6
:1097A000A1831207BD8BD98FA382F60083C6240044
:1097B0000547890693F6F60F2381D40083478A076D
:1097C000032609006313F706034744068947631617
:1097D000F71E0347A406938766008E07630B071CDA
:1097E0009387770D8607231AF406835744070347A8
:1097F0008401F9459387070AB387E702094517D81B
:10980000FD1F2305A8C0056508C6938707FBC2078F
:10981000C18393877716B3C7B70213970701B3873E
:10982000B702418386073CD21DA03852F947058311
:109830003357F7023C526C528583FD8BAE977CD236
:109840008D4717D6FD1F2303F6BC4207418383C70C
:10985000340093E70701A381F4007C44BE9683475C
:10986000240693E70704A381F60083C624007C4402
:10987000B6972382E70083C624007C4421837D8B36
:10988000B697834634069606558FA382E70083C7B2
:1098900024008D072381F400DDB399466319D70AAC
:1098A0000357C4014DE7A381F40013854400194612
:1098B000930564039770FD1FE78080ED83C7240044
:1098C0001385A40099072381F40083C7340093E72C
:1098D0002700A381F40083475403898BB9C70C5830
:1098E00083C72501B9C31946D1059770FD1FE780CD
:1098F00020EA78448347070093E707F82300F7003E
:1099000083C72400990793F7F70F2381F4000347D7
:10991000040613770704E30007D683C634007844AF
:1099200093E60604A381D4002DBB8347D40381CBE7
:1099300078448347070093E707F82300F7001946A8
:109940009305E4039770FD1FE78080E455BFA147AE
:10995000A381F4008357C4062382F4008357C4060E
:10996000034714067444A1831207BD8BD98FA382C9
:10997000F60083C624000547890693F6F60F238177
:10998000D40083C78A0703260900E30FF7E23852A1
:10999000F94705833357F7023C5268528583FD8BA4
:1099A000AA977CD297D7FD1F2382B7A6420741838F
:1099B00079BD9387A7048E073DB59387E600E5BF81
:1099C0000547639CE708B147A308F40083475403A5
:1099D000898BADC30C5883C72501A9CF1946D10582
:1099E000138584009770FD1FE78080DA78448347F1
:1099F000070093E707F82300F7006844194693052A
:109A0000640309059770FD1FE78080D883278A0DBE
:109A100013971701635D07008347E400B98B81EB5F
:109A200078448347070093E707022300F700930772
:109A300020F9ADB18347D40399C783C7040093E7E6
:109A400007F82380F400684419469305E4032105D0
:109A50009770FD1FE780C0D34DB70356C4010C5467
:109A6000138584009307660093F7F703A308F400B7
:109A7000C5B783572702C207C183BD9BC207C183F5
:109A800069B9F2406244D2444249B249224A924AF8
:109A900005618280411197D7FD1F9387A78F22C44C
:109AA000A05306C605478346C4006390E60283C7F9
:109AB000870711476315F7002285EFE03F9922855C
:109AC0002244B24041016FF03FA8B240224441011C
:109AD000828097D7FD1F9387E78BBC4F99E33E8524
:109AE000828003C78700E30CA7FE9C43C5BF01111A
:109AF00006CE22CC26CA4AC84EC6EFF09FFD11E919
:109B00008144F240624426854249D244B24905610B
:109B10008280834755032A8489EF194697D5FD1F14
:109B20009385C595130564039770FD1FE78040C6B4
:109B3000B5A80547639EE70097D7FD1F83C7A78594
:109B4000C944E1D3194697D5FD1F93858593D9BFA5
:109B50001C59A1EB8347C503230A050291EB034778
:109B600054038547230AF4028947E317F7FC75B7C6
:109B70001305C5039780FD1FE780001A08D815C19B
:109B8000EF4020420C5883C7A50081CF8947230AA4
:109B9000F4021946B105130564039770FD1FE780B1
:109BA00020BF034744038947E31BF7FA97C7FD1F0C
:109BB00083C7577E9DCB8347C40385CB834734043B
:109BC000130700041305C40393F7070C6397E7100A
:109BD0009780FD1FE780801908D81C5899C783C754
:109BE000270181C78947230EF4028344C40089F802
:109BF00085470349E4002306F400A304F40017C7D3
:109C0000FD1F0347F74E97C7FD1F2385077893175E
:109C10000701231BE4069376F9001947C183637A91
:109C2000D706834644060947938947006394E600B4
:109C30009389C7038356C4018345340617C7FD1FA4
:109C40000347E7691305A00F9307E70B231B3407AE
:109C5000138726000946B3D6A6020E0717C5FD1FB7
:109C6000035505506390C5081307A7040E073E97D8
:109C70009397A600BA9737460F001306062481462D
:109C8000B3A5A7023305F502EF5050304E95231BC4
:109C9000A4068357E40623180406B1CB03456401E8
:109CA0009307F00F6307F500EF708EEDFD57230B60
:109CB000F4000356E406930664011206A285171504
:109CC000000013050597EF700ED8854517C5FD1FD9
:109CD00003457544EF706EAD2DB59780FD1FE7808D
:109CE000A003DDBD6D073E979397960061B785474A
:109CF000E31DF9FC034564019307F00F6307F500CA
:109D0000EF700EE8FD57230BF4000566930664011F
:109D10001306068065B7411106C622C42A84EF7077
:109D20006FD4228523060400A3050400A3040400C5
:109D3000EFE0CFF1854517C5FD1F0345D53DEF7019
:109D40008EDF894517C5FD1F0345F53CEF70AEDE7C
:109D5000034564019307F00F6307F500EF704EE2CF
:109D6000FD57230BF400B2402244410182802C496C
:109D7000411106C622C426C24AC083C715007D47CA
:109D800093F7F7032309F500E91793F7F70F637BC0
:109D9000F70093040008B240224426850249924409
:109DA0004101828083C70500BD8BA309F500F5172B
:109DB00093F7D70FF9FF2A841946A1051305650308
:109DC0009770FD1FE780C0A5914471D52C48854749
:109DD0002302F40483C70500194689059987858BFA
:109DE000A302F404130564049770FD1FE780409AF2
:109DF0002285EFE0CFD085472A89E31CF5F8034799
:109E000034019547631EF702EF00906B97C7FD1F63
:109E100083C7F72D8D8B6375F50283470401E36AD1
:109E2000F9F69387419E9C438144829748D02285CE
:109E3000EFE08FAFE31125F72285EFF0DFEDA1BF53
:109E40008347040181C71947E395E7F4130520040C
:109E500083044401EF803EFA62056185E3CBA4F2FE
:109E60002285EFE0AFA48347A4060345440683455B
:109E7000140181445D8DEF70EF89014681450D45E8
:109E80009770FD1FE780A018EF70CFBD29B739711B
:109E900026DA97C4FD1F9384E44F22DCA0504AD8F1
:109EA0004ED652D456D25AD05ECE62CC66CA06DEA8
:109EB000314B977A0000938AAAD7914B17C9FD1F9F
:109EC000130949419389C1AB0D4C97CCFD1F938C6D
:109ED000AC20130A44018347B4009387E70693F745
:109EE000F70F6367FB188A07D6979C43D69782873C
:109EF0000146930550020145EF70AF9613065002DC
:109F0000814505459770FD1FE78060108347390044
:109F1000858BD1C3284881465286814597C7FD1F4E
:109F2000A38B073A9770FD1FE780800401E5228527
:109F3000EFF0FFE30347B40093073009E30DF7F8B0
:109F4000EF704FB22285EFE0CFD4F2506254D2547A
:109F50004259B259225A925A025BF24B624CD24C8D
:109F60002161828083472900858B95C397C7FD1F98
:109F7000238307368347040105476375F7001947B4
:109F8000E390E7FC9307B0F9A305F400A9B783A712
:109F90000900FC53A9F397C7FD1F238F07324DB764
:109FA00083472900858B6387073C97C7FD1F238460
:109FB0000732938401ADEF70EFAA9C409DCBDC4348
:109FC0008DCB89472302F1008347540413056100B8
:109FD0001946A302F1008347440193056404230654
:109FE000F1009760FD1FE780A07A9C404800DC43A9
:109FF00082978347740689CF8345540403458400C0
:10A0000013066404EFA03FB183477406898B9DFB60
:10A010002285EFE0AFC315BF8347B406034534067E
:10A020000146930550025D8DEF70AF830146814577
:10A0300005459770FD1FE78080FD83473900858BBC
:10A04000638F0732284881465286814597C7FD1F96
:10A05000A38307289770FD1FE78080F101E5228523
:10A06000EFE04FF30347B4009307A009E305F7E6D9
:10A07000EF704F9F71BF8347B40603453406014616
:10A08000930550025D8DEF60DFFD0146814505457A
:10A090009770FD1FE780A0F783473900858B6380A9
:10A0A000072E284881465286814597C7FD1FA38405
:10A0B00007229770FD1FE780A0EB01E52285EFE006
:10A0C0008FC10347B400930790094DB78347290018
:10A0D000858B6381072A97C7FD1F238E071EEF70AC
:10A0E0006F9883C7840709476307F70083C784070E
:10A0F0000D476315F70283A6090003574407BC52B6
:10A100001307C712858363FBE700930750F9A30584
:10A11000F400BC528583E39007DCDDBD0347940166
:10A120008347A4011DCF8346A4006302D728638719
:10A13000F6002305E4002285EFF00FC18347790084
:10A1400093F7F70FE39907D883C784070947630795
:10A15000F70083C784070D47E31CF7EA930750F91C
:10A1600025B5E9DF0347A40071FB2305F400E1B73F
:10A1700083C78407E39EFBFE2285EFE01F9CA1BB03
:10A1800083472900858B6387071E97C7FD1F23849C
:10A19000071483C78407C18B85C7EF70AF8C83C753
:10A1A000840793F70702E5DF83C78407228593F7C7
:10A1B000F70C17C7FD1F230BF724EFE00FFA21BBA5
:10A1C00083C79407858B91C7EF70CF899307E0F918
:10A1D00065BB83C784071547BD8B639CE700EF0011
:10A1E000302E83C77C018D8BE374F5E89307D0F99B
:10A1F00061BB83C784071947BD8BE39BE7E69307E1
:10A20000C0F959B383472900858BE38607CC97C7EC
:10A21000FD1F2382070C83C78407C18B89CBEF7096
:10A220006F8483C7840793F70702E5DFB5BF83C751
:10A230009407858BD1FB83C784071547BD8BE387C4
:10A24000E7FA83C784071947BD8BE38AE7FAEF7003
:10A250006F81E5B9FC58230E840722858297034756
:10A26000B40093077009E308F7C6C5B18347390006
:10A27000858B95C7EF601FFF938701AB98437C5395
:10A28000ED9B7CD397C7FD1F238B07043717004036
:10A2900083578701C607C583231CF70095BB83A797
:10A2A0000900FC53E39907C2EF60DFFB938701AB22
:10A2B00098437C53ED9B7CD397C7FD1F23810702F6
:10A2C0003717004083578701C607C583231CF70053
:10A2D00097C7FD1F2382070025BB83472900858B75
:10A2E000D1CB97C7FD1F238807FE83C78407C18B87
:10A2F0009DC383C7840793F70702E5DF2285EFE05C
:10A30000CFE583C7840793F7F70C17C7FD1F230F0B
:10A31000F70EEF603FF52285EFE04F93938401AD98
:10A320009C409DCBDC438DCB89472302F1008347C2
:10A330005404130561001946A302F1008347440148
:10A34000930564042306F1009760FD1FE7804044F5
:10A350009C404800DC43829783477406858BE386E4
:10A3600007BE834554040345840013066404EFA02C
:10A370008FFAE1BE83A70900FC53E39E07B497C799
:10A38000FD1F238B07F4EDB197C7FD1F83C7A7F40B
:10A39000858BF5D797C7FD1F238F07F2EF609FECE2
:10A3A0002285EFD07FD82285EFF0FF9679BEE38734
:10A3B00007D865BB411197C7FD1F9387A7FD22C42E
:10A3C000E04B06C626C2630804248346C400054742
:10A3D0006393E62497C6FD1F83C636F01547638B4B
:10A3E000E60017C7FD1F1307E7EE034777008D460A
:10A3F000639DE6002244B240924417C5FD1F034509
:10A4000095D1854541016F605EBA83C707008356C9
:10A41000040217C7FD1F232F87FC850793F7F70F4B
:10A4200017C7FD1F2308F7F6130700643347D70249
:10A4300063C8E700EF70EEC597C7FD1F238C07F4D4
:10A440000347E4009D476317F7048347940685CFCD
:10A450008356040763E6F6028345840093073004BD
:10A46000A30BF4001305300493F6F60F0146EFA09A
:10A470004FEA22852244B240924441016FF0BF89E5
:10A4800085062318D406930530020545EF70EEB912
:10A490002301A406854717C7FD1F2309F7F60347C5
:10A4A00084018D476319F70AEF60BE9D0D8901EDA8
:10A4B000930770022305F40093075002A30CF400E5
:10A4C0009307600231A885476310F508930760027F
:10A4D0002305F40093075002A30CF40093077002C5
:10A4E000230DF4000347E400854797C4FD1F83C490
:10A4F00094C26318F70E0356040285452685EF6063
:10A500001EC283475403898BEDC78347C403F5C339
:10A510000C58E5C183C7A500E9CF8947230AF40297
:10A520001946B105130564039760FD1FE7804026B7
:10A530000347C407894763E2E70C22852244B240FF
:10A54000924441016FF04F80930750022305F400BD
:10A5500093077002A5B789468347F4006319D702B1
:10A5600013F7170011CF130750022305E400898B5E
:10A5700081CF93076002A30CF400230D04009DB764
:10A58000930760022305F40093077002EDB79DC3A3
:10A5900013F7170001CB930750022305F400A30C17
:10A5A0000400E1BF898B81C793076002FDB7930761
:10A5B0007002E5B783479401130740026365F70013
:10A5C0009307500201A8850793F7F70F130770024E
:10A5D000E368F7FEA30CF400834794012305F4001D
:10A5E00069BFB9450545EF704EA4035604022A968B
:10A5F00029B78547230AF40225BF9387419E9C43D0
:10A6000083248409829763EDA4008357640733850C
:10A61000A440E374F5F2B2402244924441018280A6
:10A6200097C7FD1F938747B3DC43BE94F9BF011161
:10A6300022CCFD5706CE230BF5008357E5062A846E
:10A640009DC783460507834585009307C003A30B79
:10A65000F50001461305C003EFA0AFCB0945EF603D
:10A66000DFC722856244F24005616FF0CFEA83477D
:10A67000E5000547BD8B6386E70083470506918BA0
:10A68000F1DF97C7FD1F9387E7D083A7070E93F7E6
:10A69000072085C302C402C202C081480148814725
:10A6A00001478146054681451305C003EFA00FC44D
:10A6B00075B702C081480148814701478146054678
:10A6C00081451305C003EFA04FC049BF23AEA1B41D
:10A6D0008280411106C697C7FD1F83C7D7A389EBA8
:10A6E00017D5FFFF13050558EF60DEE8EFD04FE9FF
:10A6F00097E7FFFF9387678D17C7FD1F232EF7CEC0
:10A7000097F7FFFF9387E73E17C7FD1F2328F7CE74
:10A71000B24097070000938727CA17C7FD1F232160
:10A72000F7CE97F7FFFF9387273717C7FD1F232B18
:10A73000F7CC4101828011C98327050A93E70708F6
:10A740002320F50AFD572303F502828023A2A1B638
:10A75000828097C7FD1F9387E7C3BC4B9C5799E343
:10A760003E85828003D78701E30CA7FE9387870588
:10A77000FDB7011122CC06CE2A840345650293075A
:10A78000F00F2E866309F5002EC6EF607EBF3246BD
:10A79000FD572303F4028347A4020357840493065E
:10A7A000640293E707062305F40283570404A28595
:10A7B000F240BA972313F40462441705000013050E
:10A7C000C5F705616F603EA8011122CC06CE2A8430
:10A7D000034575029307F00F2E866309F5002EC618
:10A7E000EF601EBA3246FD57A303F40293067402CB
:10A7F000A2856244F240171500001305A5EB056120
:10A800006F607EA4011122CC06CE2A840345850206
:10A810009307F00F2E866309F5002EC6EF605EB633
:10A820003246FD572304F40293068402A285624453
:10A83000F24017150000130585EA05616F60BEA0A0
:10A8400003467514ED4797C5FD1F83D5C5B697C65A
:10A85000FD1F83D606B717C7FD1F0357A7B62310E2
:10A86000F51C231EF51A231CB51A231AD51A231B0F
:10A87000E51A8947630BF60693078014834865142D
:10A880002311F51C094817C6FD1F1306A6B06392D5
:10A89000080703568602231DC51A0566130606A976
:10A8A000231FC51A6D482E866373B8006D46931535
:10A8B00006012314C51C6D48C18136866373D80018
:10A8C0006D462312C51C8356E51B0356A51B6373F7
:10A8D000D600B2862315D51CBA8663F3E700BE8680
:10A8E0002313D51C2307B50482808567938707A9A6
:10A8F00071B703566602231DC51A130680144DB79F
:10A900000347651489468357A51C631ED7028356E7
:10A910008514938787E899C6B3C7E702938757FDE5
:10A92000214731A02147B3C7E702938757FDB3C73B
:10A93000E7020357851CC207C18363F3E7003E8724
:10A940002307E504828085466316D7009387C7FBFB
:10A950001147F1BF938707FBE1B78357451B0357A7
:10A96000051C411106C663F3E7003E8793180701F3
:10A970008357251C0357651B93D808016373F700A1
:10A98000BA87139807018356C51B8357851B135835
:10A99000080163F3D700BE860357A51B8357E51B49
:10A9A00013930601135303016373F700BA878346B9
:10A9B0007514C2070947C183639AE600056613064A
:10A9C00006A942876370C802328729A803270510A9
:10A9D0009316470163CC06000566130686844287FA
:10A9E000E36406FF13180701135808018346651432
:10A9F0000947639EE6060357A5039306204E3307D7
:10AA0000D70293F6F80F9A061386F63C9386C64F44
:10AA1000634406019306C812158F63D3E7003E878F
:10AA2000420705664183130606A9BA876373C70008
:10AA3000B287C207C1830356451C13F7F80F9376FC
:10AA4000F30F6316E6040356651C631206050356EE
:10AA5000851C631ED6020356A51C631AF602230E3C
:10AA60000506EFF0FFE90945B24041018280032766
:10AA7000051093164701E3C006FC0566130686849D
:10AA8000BE856373F600B2859397050165B70546E9
:10AA9000230EC5062312E51C2313051D2314D51C04
:10AAA0002315F51CEFF0DFE501457DBF0357A51B1E
:10AAB0008357E51B411106C66373F700BA87034647
:10AAC00065141397070189464183631BD606856683
:10AAD000938606A96373D700B6871397070141834E
:10AAE0008357A51C6387E70085472315E51C230EC4
:10AAF000F5060357651B8357251C6373F700BA8758
:10AB00000346751413970701894641836317D604DA
:10AB10008566938606A96373D700B68713970701E6
:10AB200041838357651C6387E70085472313E51C32
:10AB3000230EF506EFF0DFDCB240014541018280D3
:10AB4000856713868784E37DE6F88326051093875F
:10AB50000780F58FD1F7328761B7856713868784C1
:10AB6000E371E6FC8326051093870780F58FD5FBFC
:10AB7000328745BF0357A50495470356E503B3073E
:10AB8000F7028356A50393D537406355B600118F5E
:10AB900093173700B3C7D702C207C1832314F50444
:10ABA0008280832745110D469306F00F03C70700E7
:10ABB0000D8BA306E5006314C70083C62700A30B13
:10ABC000D50003C70700418B2309E50083C71700A1
:10ABD000230BF50082808347C500CD9B2306F5003B
:10ABE0008280832745110347C50083C7070093561A
:10ABF00037408987B58F858B99C713478700230610
:10AC0000E500014582800545828083274511034781
:10AC1000C50083C70700935627408D87B58F858B66
:10AC200099E7134747002306E50001458280054563
:10AC300082808327450E85072322F50E91E783271F
:10AC4000850E85072324F50E8327850E93F70708C5
:10AC500091C785472322F50E2324050E8347A502BD
:10AC600093F7070491CF8357050403578504BA97D8
:10AC70002313F5048327450A93F7F7BF2322F50A28
:10AC800082808327C50E85072326F50E91E783274B
:10AC9000050F85072328F50E8327050F93F707086F
:10ACA00091C785472326F50E2328050E8347A50265
:10ACB00013F7070409C793E707022305F50282800B
:10ACC00097B7FD1F9387076D83A787090145054740
:10ACD00091E3828083C6B7006393E60005059C4339
:10ACE000C5BF411122C491452A84014506C6EF60C3
:10ACF000DEB3231BA40417B7FD1F0357A7748547B2
:10AD000063F1E7060355A41C8357641C37460F0004
:10AD100013060624AA979387172717B5FD1F035517
:10AD20002544B3A5A70281463305F502EF4010265E
:10AD3000835704040357E4058355840505461D8F96
:10AD40003307B702832704091383F5FF130E80022C
:10AD50003E9797B7FD1F9387E76383A887096366CC
:10AD60006600B2402244410182803308C603C68790
:10AD7000FD563A9881E7231BC404E5B76314F40039
:10AD80001C40F5DB83AEC7086398BE0083A60709A5
:10AD9000B306D840B3F6B60263E4A6009C43D9BF1D
:10ADA000090675BF17B7FD1F0357C769854763F1CC
:10ADB000E70A411122C48357651C2A840355A51C48
:10ADC00037460F0013060624AA979387172717B54F
:10ADD000FD1F0355E538B3A5A702814606C6330516
:10ADE000F502EF40B01A0346540597B7FD1F93874D
:10ADF000675A83A887097D1685461303800263E698
:10AE0000C600B24022444101828033876602832714
:10AE10000409FD553E97C68781E7231BD404D5B7A7
:10AE20006314F4001C40F5DB03AEC7080328C40814
:10AE3000631A0E0103A80709B305E840636407011C
:10AE4000B305074163E4A5009C43F9B7850645BFF8
:10AE5000828017B7FD1F0357E75E854763F5E70E4E
:10AE6000411197B7FD1F9387E75222C403A48709B6
:10AE700006C626C2A28789EB09EC230E0500B24064
:10AE8000224492444101828003C7D7016DFB9C4359
:10AE9000DDB76314A40000406DD08347B400D5E350
:10AEA0000327C4088327C508630DF7080347C501B6
:10AEB00093070008AA84631DF7048357A403194667
:10AEC00093050008231AF506231BF5068357C403D0
:10AED000231DF5048357E403231EF5040355850061
:10AEE000EF20307F8547A38EF40083C7C40193F71A
:10AEF000F707238EF400130584062244B2409244DF
:10AF000031469305F00F41011763FD1F6700C38BA6
:10AF10008357A503194693050008231AF406231B3B
:10AF2000F4068357C503231DF4048357E503035533
:10AF30008400231EF404EF20D0798947A30EF40087
:10AF40005DBF004015BF230E05008280411126C25F
:10AF500006C622C417B7FD1F0357C74E8547AA84EC
:10AF600063F8E71A83278510898B6383071A97B7DD
:10AF7000FD1F9387274283A78709BE85ADED03D6C2
:10AF8000841C01447D581306260205862D067D5536
:10AF9000A5EB630E04108347B4000357A403D5EB5D
:10AFA0008947231CE404A30AF404035704068357C7
:10AFB00004042285BA97C1071D8B998F231FF404BF
:10AFC0008357C403231DF4048357E403231EF404AE
:10AFD000EFF03FD18327440A93E717002322F40AB6
:10AFE0008547230AF4008D47A30EF400B2402244A3
:10AFF00092444101828003C7D5016DFB8C41BDBFE6
:10B0000098436394970051D7BA8783A6070903A78B
:10B01000040963E2E6023387E64083A6C40863F4CA
:10B02000E6003377D7026376A7003A856373C700DB
:10B03000BE859C43B1BF158F83A6C70863F4E600A5
:10B040003377D702E37707FF3A88E374C7FE3E847D
:10B05000CDB783D7A403B3F7E702C9FB9D46994751
:10B0600063F5E600935717008D070567231AF4066A
:10B07000130707C88A076353F700BA87231BF40630
:10B080008357C4030355840013065002231DF404A0
:10B090008357E40393050008231EF404C947A30E55
:10B0A000F4002244B240924441016F209062ADC14D
:10B0B00003D7A40383D7A503B3F7E702B1EB8387D4
:10B0C000C40163D707049D46994763F5E60093578B
:10B0D00017008D070567239AF406130707C88A0728
:10B0E0006353F700BA87239BF40683D7C40303D5C1
:10B0F000840013065002239DF40483D7E4039305D0
:10B100000008239EF404CD47A38EF400EF20705C6A
:10B11000238E0400E1BD97B7FD1F83C7A704AA854E
:10B12000A5E723A401B697B7FD1F23A507308357D2
:10B13000650817B6FD1F0356A60203270509B38746
:10B14000C70237460F009306F62313060624B69768
:10B15000B3D7C70217B6FD1F034696F93E96636E36
:10B16000C7003306C74003A7C50893869502171585
:10B1700000001305E53D6F50BED597B7FD1F9387BF
:10B18000A7FDDC433E97F1BF8280938741B6984389
:10B19000011126CA06CE22CC4AC84EC6AA8451C77F
:10B1A000BE8917B7FD1F0357E7298547631FF706B9
:10B1B00003D4640897B7FD1F83D787FA03250509D1
:10B1C0003304F402B7470F001387F723938707244C
:10B1D00017B9FD1F130949F83A943354F402636F09
:10B1E00085069387419E9C43330485408297636B19
:10B1F000A406B307A44017B4FD1F034474EF0580F1
:10B2000083A9090001456371F40237450F003384B7
:10B21000874013050524B335A402035689008146EF
:10B220003305A402EF4080568299930700FB2387E1
:10B23000F40097B7FD1F83C7E7F295EF83C7940229
:10B2400062448545F240D2444249B249B395F50083
:10B25000C205C181014505616F503ED58327490074
:10B260003E9541B7330785408147E35607F883276A
:10B2700049003E94BDBFF2406244D2444249B249C3
:10B2800005618280411106C6EF10404319C983272A
:10B290008511014581E7B240410182809C4305054B
:10B2A000D5BF7D55CDBF97B7FD1F9387A70E83A749
:10B2B000470A411122C426C206C62A84AE84639678
:10B2C000A70097B7FD1F23A907168327041281CB78
:10B2D00003558400014693050008EF20903F8357F3
:10B2E000440481CB035584004D4693051008EF209C
:10B2F000503E03558400154693051008EF20703D1D
:10B30000B240230A940423050400230804002244C5
:10B3100092440145410182808347A5006388073834
:10B3200083570508411122C406C626C2850723108B
:10B33000F5088347F500230C05002A8413F727003E
:10B3400005E703570504954763E4E700014501A8B5
:10B350009305E003EFF03FF5A305A4020945B240D1
:10B36000224492444101828013F7070239CF93F7B8
:10B37000F7FDA307F5008327050A0347B500A305DA
:10B38000050293E747002320F50A8547631FF7026C
:10B390008357A5031306204E03274509B387C70229
:10B3A00097B6FD1F83C6C6D493860605B3D7E702BA
:10B3B000034775033307C702B697C207C183231239
:10B3C000F5088607BA972311F50883471401858B82
:10B3D000F5CB8357E40503570404639CE7288357A0
:10B3E000C4038355C405034584022310F406834730
:10B3F0005405231FB4029205A30BF402835764057E
:10B40000F915231CF4028357A405231EF402EF5000
:10B410005EBF8346B400231004088357840317B724
:10B42000FD1F0357E7D36395061EB387E702130793
:10B43000003217B6FD1F130626D250429387071914
:10B44000B3D7E70203270409D1073E97BA8663649E
:10B45000F7006364C700B306C740835784052328F9
:10B46000D408231DF4028347D40181C72285EFF05D
:10B470007F938357A40317B7FD1F035767CE930627
:10B480000032B387E7022311040233D6D702B3F7A1
:10B49000D7029306204E2326C408B387D702B3C72A
:10B4A000E7022310F402835704042312F4028347B3
:10B4B000F40093E70702A307F40083471401F99B04
:10B4C000A308F40083471401898BB9C70357E4121A
:10B4D00083570404B306F740139606016340061A27
:10B4E000631CF7028147014893048413232CF41250
:10B4F000232E041315469305841226859750FD1FAD
:10B50000E78000292685EF10E06B83471401A3062E
:10B51000A412F59BA308F4008347140113F7070155
:10B5200025CB8356C414035704043386E640931591
:10B53000060163C50514639DE604BD9BA308F400E2
:10B540008347A41481CB13F72700630307148547AF
:10B550002303F4148347B41481CB13F7270063004B
:10B5600007148547A303F4142285EFF02FD48347F3
:10B57000C40799C78327040A93E707102320F40A16
:10B580008327040AA305040293E707202320F40A73
:10B590008347140113F7070221C317B7FD1F1307D1
:10B5A00067DF384B13068005834647001857B3867C
:10B5B000C60236978356C701035704043387E64013
:10B5C00013160701634A06000357C4146316D70015
:10B5D00093F7F7FDA308F4008347A40293F7070449
:10B5E000E38607D60357640483570404E310F7D6B1
:10B5F000034704019307A0046315F7008547230858
:10B60000F4008327440A93E707402322F40A3DBB52
:10B610008346441783558405A18A99CE03560404B2
:10B62000835664170355A403918EB386A602B3C64E
:10B63000B602B296231BD41695CBB307F7021307B5
:10B64000003217B6FD1F130626B150429387071923
:10B65000B3D7E702032704093E97BA866364F7006D
:10B660006364C700B306C7402328D408231DB4026F
:10B6700009B5998F13970701E35607E493058002F4
:10B680002285EFF05FC2A305A40213058002C1B9B1
:10B69000918B99C389476DBD2303041465BD918BBC
:10B6A00099C38947C1B5A30304147DBD05458280B4
:10B6B00005C541119305200222C406C62A84EFF075
:10B6C0009FBEFD57A305A40223080400A303F402B0
:10B6D000B24022444101828082800DC9411122C4BE
:10B6E00006C68347F5002A849305E003898B91C33E
:10B6F000A145EFF05FBBFD57A305A402230804009A
:10B700002304F402B24022444101828082808327D4
:10B71000050A797122D406D626D24AD04ECE52CC12
:10B7200056CA2A846387073613F7270019CBF59B7F
:10B730002320F50A03558500194693050008EF20DC
:10B7400040798327040A13F747004DC3ED9B23205C
:10B75000F40A8347A40293F7070491CB8327440A92
:10B76000228593E707402322F40AEFF0AFC0034796
:10B77000B40085470346440183562406631AF76CD8
:10B780008357A4031307204EB387E7020327440916
:10B79000B3D7E70217B7FD1F0347879513070705C0
:10B7A000BA97C207C1830347B4022312F40886077D
:10B7B0002311F4089307000819C393070004230E0C
:10B7C000F40019E68347A40293E717002305F40267
:10B7D00081EA035584000D4693050008EF20606F51
:10B7E00023110406230A0400A30E04008327040A7D
:10B7F00013F787000DC303558400DD9B2320F40A53
:10B80000154693050008EF20C06C8347A40293E718
:10B8100047002305F4028327040A13F7070139C7F9
:10B82000BD9B2320F40A8347D4040355840021469A
:10B8300089C7A30604041306000393051008EF202C
:10B8400040698347C40489CF83278410C18B89CB87
:10B850008355A40422859205C205C181EFE07FF1E2
:10B860008347A40293E717002305F4028327040A01
:10B8700013F7070415CB0347F40493F7F7FB2320D2
:10B88000F40AA14763FBE7008347B40099E78327E5
:10B89000440A93E707012322F40A03558400314642
:10B8A00093051008EF20E0628327040A13F70702CC
:10B8B00045CB8346B40093F7F7FD2320F40A032712
:10B8C000C4108327841099EA1377070801CB032754
:10B8D000440A37064000518F2322E40A93F70702F7
:10B8E0006383075AADE28357641B0357641C6304E8
:10B8F000F7028346741409476391E65805671307F6
:10B9000007A9637AF7008327440A056713070780AE
:10B91000D98F2322F40A8357A41B0357A41C630462
:10B92000F702834664140947639CE65405671307CE
:10B9300007A9637AF7008327440A0567130707807E
:10B94000D98F2322F40A0355840011469305000879
:10B95000EF2020588347A40293E717002305F40241
:10B960008327040A13F7071005C70355840093F7CC
:10B97000F7EF2320F40A230E04061D469305000862
:10B98000EF2020558347A40293E717002305F40214
:10B990008327040A13F7070809CF0355840093F798
:10B9A000F7F72320F40A1306700593051008EF201B
:10B9B00040528327040A13F7072031C393F7F7DFB8
:10B9C0002320F40A83476414230F0400A2970385FD
:10B9D0006716A301A414EF508FCD2301A414228570
:10B9E000EFE01FF203558400314693050008EF2075
:10B9F000404E8347A40293E717002305F4028327F0
:10BA0000040A139727016357070079777D17F98F89
:10BA10002320F40A8327040A13970701635A0704B3
:10BA20008345040317B5FD1F0345F596EF509ED7D8
:10BA30008357A4031307204E232AA408B387E702E1
:10BA400061777D17B3D7A70217A5FD1F0345456A88
:10BA500013050505AA972312F4088347A40293E768
:10BA600017002305F4028327040AF98F2320F40A20
:10BA70008327040A858B91CF8347A402834544051D
:10BA8000228593E717002305F402EFF0DF81A30579
:10BA9000A4028307141685C7030744039946330697
:10BAA000F74063D9C63E8327440AB7061000D58FF6
:10BAB0002322F40AED57A302F416A300E4168347E9
:10BAC000A41613F7270045C383064403030724166F
:10BAD00063DCE6000327440A37061000518F232257
:10BAE000E40A1147A302E41603073416635CD70087
:10BAF0000327440A37061000518F2322E40A7157A6
:10BB0000A302E416030704161306F007630CC7022A
:10BB10000346D4160345E416158F62076187B30602
:10BB2000A6406355D73893F607016391063893F71B
:10BB3000F7F893E707012305F416835704178507E1
:10BB40002319F4168357241799CFFD17C207C18311
:10BB50002319F41689EB035584001306000293059C
:10BB60000008EF2000378347A400B9C383270412DD
:10BB700099CF8347A40181EF0355840001469305C3
:10BB80000008EF20003501E58547230DF4008357B9
:10BB9000440499CF8347140381EF035584004D4635
:10BBA00093051008EF20E03201E58547A308F40271
:10BBB0008347441713F7070169CBBD9B230AF4168B
:10BBC0008327440A898BF1E303470401D547630EB9
:10BBD000F70A83471401898BCDEB814481490149E0
:10BBE0008D4A130A500213978401618793773700B7
:10BBF000098722970347D7178607B397FA007D8FE7
:10BC0000638BE700268605458145EF307035B3E943
:10BC1000A9003369B9008504E39744FD0325841323
:10BC20008325C413337535012AC4B3F525012800D3
:10BC30002EC6EF0030798347541363E0A702034513
:10BC400044037D578547591562052C0061853AC428
:10BC50003EC69750FD1FE780004B03278413A24781
:10BC60006317F7000327C413B2476300F7021546B2
:10BC70002C00130584129750FD1FE78060B18327C5
:10BC8000440A93E727002322F40A83464417A54772
:10BC900013F796006316F7040357040483576417D9
:10BCA0006360F704B307F74013960701634A06027F
:10BCB000834754171306000A0507B387C7020356C4
:10BCC000A403DD9A230AD416B3C7C702BA97231B6D
:10BCD000F4168327440A37078000D98F2322F40AF9
:10BCE0008347A402E1CB918B91CF03460401C16548
:10BCF000938505A02285EFE03FAD8347A402ED9B2D
:10BD00002305F4028347A402858B8DC30345740287
:10BD10009307F00F6307F500EF508EE6FD57A3037E
:10BD2000F4028347A402F99B2305F4028347A4028B
:10BD3000898B91CF8355E403034584029205F9155D
:10BD4000EF502EAC8347A402F59B2305F4028347F2
:10BD5000A402A18B85C38355E4030D462285920579
:10BD6000F915C205C181EFE03FA68347A402DD9B20
:10BD70002305F4028347A40213F7070101CF03450B
:10BD8000640293F7F7F82305F402EF506EDFFD57D6
:10BD90002303F4028347A40213F7070201CF83555C
:10BDA000A4040345640293F7F7FD2305F40292050A
:10BDB000EF502EA58347C40193F7070C89CB0347A7
:10BDC000B400854722856313F712EFF02F9883574D
:10BDD0000404B5C713074006B3F7E702ADE3938742
:10BDE00001B69C43898BA1C797A4FD1F9384C42EE1
:10BDF000985815CF97A7FD1F83D7C75AC20797A595
:10BE0000FD1F83D5455ADD8D254502979C5897A582
:10BE1000FD1F83D50559294582979C588315240316
:10BE20002D4582979C58830544033145829797A7F7
:10BE3000FD1F2398075697A7FD1F23A50756B2504D
:10BE4000225492540259F249624AD24A4561828090
:10BE500093070004230EF40019E68347A40293E736
:10BE600017002305F402E39F0696035584000D4650
:10BE700093050008EF20E005B5B21307801451B414
:10BE8000130780147DB48327440A7D771307F77F57
:10BE9000F98F45BC998FE3D4F6C28327440AB706CD
:10BEA0001000D58F2322F40A954731B18346B4168A
:10BEB0008345C4163388B600635BE80013F80704B3
:10BEC0006317080093F7F7F893E70704ADB12A96D4
:10BED000E34AC7C68D8EE3C7E6C613F70702E3132E
:10BEE00007C693F7F7F893E70702B1B1EFE07FF6E3
:10BEF000F9BD011197A7FD1F9387C74922CC03A461
:10BF0000070A26CA97A7FD1F83D78725835464088D
:10BF1000032504094AC8B384F402B7470F00138706
:10BF2000F7239387072406CE4EC652C456C217A9DC
:10BF3000FD1F13096922BA94B3D4F402636F95020A
:10BF40009389419E83A70900B3049540829763EAD1
:10BF5000A402898C63CB040283570404A30F04005A
:10BF600085072310F4048347041463950712228580
:10BF70009760FD1FE78080A21DA2832749003E95A0
:10BF8000C1B783274900BE94E9B783A70900829708
:10BF900003278408636AE50A198D8357E40317A70A
:10BFA000FD1F0357E71B8E07B387E7021307003215
:10BFB00093870719B3D7E70263EDA708374A0F0045
:10BFC000930AFA23130A0A248357040485072310CB
:10BFD000F4048347041491E722859760FD1FE780EE
:10BFE000E09B2285EFF04FB3631A052683260409F0
:10BFF0008327C40803274900B6973E8563E4D7002A
:10C0000063E4E7003385E7408347F4018354640821
:10C010002328A4088507A30FF40097A7FD1F83D743
:10C020002714B384F402D694B3D44403636C950408
:10C03000B304954083A70900829763E9A40433857C
:10C04000A440E34305F809BF83274900998F3E9533
:10C05000A9B7A1452285EFF00FA5A305A40297A7D4
:10C06000FD1F9387670703A307036309031E624449
:10C07000F240D2444249B249224A924A8945154582
:10C0800005610283B3049740AA946DB783274900E2
:10C09000BE9475B722859760FD1FE780809A228540
:10C0A000EFF08FA7631C051A8357640817A5FD1FBF
:10C0B0000355050BB7460F00B387A7021386F62377
:10C0C0009386062403270409230B0402032A49004C
:10C0D000B297B3D7D702636CF718B307F74083263C
:10C0E000C4082324F408814AB387E600BE8463E4CD
:10C0F000D70063E44701B3844741835704022328F0
:10C100009408B1CB835604040357440237460F000A
:10C110002312D4023387E640B387E7020357240291
:10C120001306062481468145BA97C207C183338529
:10C13000A7022311F402EF30606511CD2695B334C8
:10C140009500AE94AA8763949A0063644501B3078F
:10C1500045412328F40883A709008297AA8483A76E
:10C1600009008297E30D95FE83A7090083248408C4
:10C17000829763E3A4103385A440630C05108357B2
:10C18000640897A9FD1F83D9A9FDB7440F00B387A1
:10C1900037031387F42393840424BA97B3D7970201
:10C1A00017A7FD1F0347D7F4BA9763E4A70EB3356B
:10C1B0009502035924024E86814633059502EF30DD
:10C1C000E05C330AA9003305390337460F00130634
:10C1D000062481468145EF30605B05C1B337950287
:10C1E0004E868146B385B4023385A402BE95EF30F6
:10C1F000E0593305A9402311A4023545EF50EF8DD6
:10C2000097A7FD1F23A887228346B400054797A759
:10C21000FD1F83C727F56395E606130700FD230777
:10C22000E40099E781459387C1B68843EF504EA259
:10C230009386C1AB9042954717A7FD1FA30FF70840
:10C240005846F977FD17F98F5CC60F1000009C4225
:10C250008966060A94C723A24707D8C7F2406244FA
:10C26000D2444249B249224A924A05618280B306C9
:10C270004701B387F640A5B583274900BE94E5BDC5
:10C28000130710FC2307E400C5F78145938781AAB3
:10C2900069BF97A7FD1F23AF071897A7FD1F83C787
:10C2A00067ECCDFF8347940285456244F240D24457
:10C2B0004249B249224A924AB395F500C205C1816A
:10C2C000014505616F407ECE011122CC4AC84EC6A1
:10C2D00006CE26CA52C456C25AC00347B500854787
:10C2E0002A842E8983290509631DF71E83570508B3
:10C2F000035BC50397AAFD1F83DA8AE617AAFD1F11
:10C30000130A8AE563F7671B834605016393E61A00
:10C3100003278511631F07180327450A631B0718A6
:10C320008346F5001D476396E6180355A503330BB6
:10C33000FB409307204E33056503832444093746A9
:10C340000F008146130606243305F50297A7FD1F4B
:10C3500083C707DAB3549502B3B5AA02BE94C204E8
:10C36000C180231394083385AA02EF302042B3071B
:10C37000350133B5A7002E953E8783264A0019E183
:10C3800063E4D7003387D740B3845403B7460F0024
:10C390009387F623938606242320E900A697B3D734
:10C3A000D702DA976361F7101D8F2320E900938984
:10C3B000419E83A7090083240900829763E6A412A3
:10C3C0003385A4406355050C83A709008297032792
:10C3D00009006362E512198D8357E40317A7FD1F57
:10C3E000035707D88E07B387E702130700329387F6
:10C3F0000719B3D7E70263E8A710374A0F00130BFA
:10C40000FA2397AAFD1F938A2AD5130A0A24835771
:10C41000040485072310F4048347041491E722855C
:10C420009750FD1FE78080572285EFE0FFEE65E91A
:10C43000832604098327C40803A74A00B6973E85CC
:10C4400063E4D70063E4E7003385E7408347F40102
:10C45000835464082328A4088507A30FF40097A732
:10C46000FD1F83D7E7CFB384F402DA94B3D4440337
:10C470006366950CB304954083A7090023209900B7
:10C48000829763E1A40C3385A440E34205F897A7A3
:10C49000FD1F83C7F7C563E5A70897A7FD1F23AB5B
:10C4A00087F80145B5A883264A00B387F6403E9732
:10C4B000EDBD8354640837470F009307F723B38417
:10C4C0005403BE9493070724B3D7F40263E7F9003B
:10C4D000B387F9402320F900D9BD03274A00BA9950
:10C4E000C5BF23A03501E1B597A7FD1F9387C7C638
:10C4F000DC43BE94F1B597A7FD1F9387E7C5DC43E6
:10C50000998F3E95D1BDA1452285EFE0DFD9A305E6
:10C51000A40297A7FD1F938727BC9C5B81EF7D55E5
:10C52000F2406244D2444249B249224A924A024B02
:10C5300005618280894515458297D5B7B304974038
:10C54000AA941DBF83A74A00BE9435BF25C101111F
:10C550006C0022CC06CE2A84EFF01FD729C5FD57E8
:10C560006308F50297A6FD1F938606B7D45232479B
:10C5700097A7FD1F83C7D7B791C28583636EF70066
:10C58000B307F7403EC6B24503459402EF405EB3A1
:10C59000F24062440561828097A6FD1F9386C6BB68
:10C5A000D4423697F1BFEFF0DF94DDB782804111BE
:10C5B00022C406C62A8483278411CDEF8327041260
:10C5C000E1EF0325041109C59750FD1FE780E00145
:10C5D000034574029307F00F6304F500EF405EDA41
:10C5E000034564029307F00F6304F500EF405ED942
:10C5F000034584029307F00F6304F500EF405ED813
:10C60000034594029307F00F6307F500EF405ED7F0
:10C61000FD57A304F40203558400552497A7FD1F7A
:10C6200083D747E2A1E723A401B697A7FD1F93870D
:10C63000A7B2DC4317A7FD1F2324F7E097A7FD1F30
:10C64000938787A99C479DC397A7FD1F938787ACB6
:10C65000885309CD9750FD1FE78020F997A7FD1F4C
:10C6600023AA07AC97A7FD1F23A807ACB24022441A
:10C6700041018280C84309C59750FD1FE780E0F65D
:10C680008327841103D7A700136707F02395E700DA
:10C690009C43232CF41005B7C84309C59750FD1FD0
:10C6A000E780A0F48327041203D7A700136707F0DD
:10C6B0002395E7009C432320F41209B797A7FD1F99
:10C6C000938747CD83A7870999E33E85828003D767
:10C6D0008700E30CA7FE9C43C5BF97A7FD1F938768
:10C6E00067CB83A7870A17A7FD1F0347D79F41661C
:10C6F000050781467D1683D5A7006389A50063875A
:10C70000C5008506C107E3E8E6FE81473E858280D5
:10C7100097A7FD1F938707C883A7870AC9EF411111
:10C7200022C417A4FD1F0354C4C9130414021584A2
:10C730004AC0160417A9FD1F0349F99A05094204C6
:10C7400026C241809314490033059400420541817B
:10C750009305402406C69750FD1FE780A0DC05C561
:10C7600097A7FD1F23ACA7CC97A6FD1F83C6B6973E
:10C7700033079500B306D9408147130640F593056A
:10C7800020F563E82701B240224492440249410166
:10C79000828063FDD70058C12315B5002297850715
:10C7A000C207A3040500C1834105E1BF2315C500ED
:10C7B00023220500EDB78280411193053026130531
:10C7C000001D06C622C426C29750FD1FE78080D5F3
:10C7D0001306001D81452A849740FD1FE780C0FE97
:10C7E000014515C897A4FD1F9384C4BA83A6840984
:10C7F00095CA3687854703568700630EF6061843A9
:10C800007DFB2314F400A9EB22859750FD1FE780E0
:10C81000C0DD03558400B24022449244410182802D
:10C820003687D1BF85472314F40017A7FD1F232F98
:10C8300087BE17A7FD1F232D87BE17A7FD1F231334
:10C84000F7C0EFF0FFEC83A7C40923A0070023057E
:10C8500004002307040075BF83A7C40980C397A7FA
:10C86000FD1F23A787BC83D7040B850717A7FD1FD0
:10C87000231AF7BCC9BF13871700931707011316B4
:10C880000701C183E35E06F88147A5BF97A7FD1F97
:10C89000938747B003A5870A11CD411106C697506B
:10C8A000FD1FE78080D4B24097A7FD1F23A807B8DB
:10C8B0004101828097A7FD1F23A207B88280411102
:10C8C00022C417A4FD1F1304E4AC8326840906C602
:10C8D0000147B687A5C703D687006317A60615EFDD
:10C8E000984297A6FD1F23A3E6B43E859750FD1FEF
:10C8F000E780A0CF8327C40923A0070097A7FD1FC7
:10C9000083D747B49DE7EFF07FF897A7FD1F23AFCC
:10C9100007B0B2402244410182808326C409639754
:10C92000F60097A6FD1F23A5E6B0C1B7944314C334
:10C930006DBFFD1717A7FD1F2316F7B097A7FD1FA3
:10C9400083D747B0F9F7C1B73E879C4361B77146BB
:10C95000814517A5FD1F130565AD1743FD1F670032
:10C96000A3E68327C50803568508797193D6070186
:10C97000BD8EC206C182358E1357764093575640FE
:10C98000898B058B5D8F93573640918B5D8F9357C5
:10C990001640A18B5D8F93171600C18B5D8F931787
:10C9A000360093F707025D8F931756009355860064
:10C9B00093F707041E065D8F1376F60F518F93D7FA
:10C9C000554013D63540118A898BD18F13D67540C7
:10C9D000D18F13D61540218AD18F13961500418A25
:10C9E000D18F1396350013760602D18F139655001A
:10C9F000137606049E05D18F93F5F50FCD8FA20710
:10CA000045465D8F3307C70222D42A8426D252CCF2
:10CA100056CA032A040A832A440A5AC806D63697F5
:10CA20004207418393577740135557400989858BB7
:10CA3000C98F135537401189C98F13551740218964
:10CA4000C98F131517004189C98F13153700137546
:10CA50000502C98F131557009355870013750504F8
:10CA60001E07C98F1377F70FD98F13D5354013D70A
:10CA700055401189098B498F13D57540498F13D5BE
:10CA800015402189498F139515004189498F1395C8
:10CA9000350013750502498F13955500137505046C
:10CAA0009E05498F93F5F50F4D8F2207D98FB387D8
:10CAB000C7024AD04ECE5EC662C4B697C207C183D3
:10CAC00013D7774013D557400989058B498F13D564
:10CAD00037401189498F13D517402189498F139504
:10CAE00017004189498F1395370013750502498F47
:10CAF0001395570093D58700137505049E07498F3A
:10CB000093F7F70FD98F13D5354013D755401189B7
:10CB1000098B498F13D57540498F13D5154021894D
:10CB2000498F139515004189498F13953500137569
:10CB30000502498F13955500137505049E05498F0D
:10CB400093F5F50F4D8F2207D98FB387C7021306D0
:10CB500050025285D685B697BD8E93940601C1804A
:10CB600033F6C402137BF60FEF20D03C05891DE994
:10CB70008347140801498149B3849702130C50027A
:10CB8000C1804A865285D685EF20D03A0589937BAD
:10CB9000F90F11C563863403850993F9F90F050967
:10CBA000E31189FF230F6407B250225492540259B3
:10CBB000F249624AD24A424BB24B224C45618280D2
:10CBC0005E8BCDB78347150003472500834645009C
:10CBD000A2074207BA9703470500FD8A0548BA979E
:10CBE000034735009305000201456207BA970147E4
:10CBF0003316E8007D8E01C605051375F50F050790
:10CC0000E318B7FE8147214633D7F640058B01C7AD
:10CC100005051375F50F8507E398C7FE828001119E
:10CC200052C656C4032A8513832AC51322CC26CAAA
:10CC30004AC806CE2A84A30B0512A3060512814416
:10CC40001309500226865285D685EF20B02E05891D
:10CC500011C58347D4128507A306F4128504E39314
:10CC600024FFF2406244D2444249324AA24A05615A
:10CC700082801797FD1F034757669547630BF700A0
:10CC80009797FD1F9387076583C777000D47631F3D
:10CC9000F7009797FD1F83C77764639B071093077F
:10CCA00070101797FD1F231BF76282804111979721
:10CCB000FD1F9387276E0D4522C426C203A40709D2
:10CCC00006C64AC0EF406FE1938701AB944337C774
:10CCD000898E130767ED98C63757550013075755C8
:10CCE000D8C20347A4039306F00FBE846307D7009E
:10CCF000FD57A30CE402230DF40203459403894776
:10CD00006306F5008547A30CF40201451389C1AB06
:10CD1000032709000146930550025C4393E717007F
:10CD20005CC3930720FB2303F4009D471797FD1F67
:10CD3000A305F75A9797FD1F238E07589797FD1F56
:10CD4000238C0758EF40EFB1032609009797FD1F8A
:10CD5000A38407589797FD1FA38E075685471CC2CB
:10CD60009C40B705330098431377F7E798C398437F
:10CD70001377F7E71367071098C3138741AC18437D
:10CD80001447CD8E14C79306900D34CA5457F59AA4
:10CD900054D7034754009376F7079843137707F85F
:10CDA000558F98C3B2402244924402494101828087
:10CDB0008280411126C29794FD1F9384A43522C41A
:10CDC0002A8403C53400C14506C6EF40CED603C54C
:10CDD000340093050002EF400ED69797FD1FA38EF7
:10CDE000074E2302040023130400B240224492445D
:10CDF0004101828041119797FD1F9387A75922C453
:10CE000006C61797FD1F0347774D03A40709979799
:10CE1000FD1F9387274C01CF9796FD1F83C6064CB5
:10CE20000D476396E6001797FD1FA309074A03C73E
:10CE30007700A1466387E60003C777009946639DA4
:10CE4000E60083C777001797FD1F2309F74885473A
:10CE50001797FD1FA304F748EF40CFC02285EFF0DE
:10CE60005FF513063002930500080145EF106006D8
:10CE7000034504049307F00F6307F500EF404ED01D
:10CE8000FD572300F404B2402244410182805D71C9
:10CE9000CAC01389C1AB83260900A2C452DC56DA8A
:10CEA00086C6A6C24EDE5AD85ED662D466D26AD094
:10CEB0006ECE9307000A138A01ABFCD283270A00C7
:10CEC000938A41ACB7053300D8572A84719B136706
:10CED0001700D8D798431377F7E798C39843137789
:10CEE000F7E71367071098C303A70A0010474D8E92
:10CEF00010C71306A00DB0CA5057759A50D70347F4
:10CF0000E5071376F7079843137707F8518F98C30F
:10CF1000D842370600827D16799BD8C20347850622
:10CF20001377F70393169701D857718F558FD8D77A
:10CF300037170040930770052300F704930780FA22
:10CF40002300F70483068506B54763DAD72E835797
:10CF5000270293E707012311F70283270A0003271B
:10CF6000C40893053002054598C703270409D8C3B0
:10CF70009797FD1FA3810736EF403E8B64449D4782
:10CF80002308F400230FA4062380F4008547A3811F
:10CF900004002381F4007C4893F707209DCB914740
:10CFA000A381F4008347E40A8346D40A78449A07AD
:10CFB000D58F2302F70083C724008146850723818C
:10CFC000F4000346040B8345D40A0345E40AEF400A
:10CFD0000F9A7C4893F70740B1C303C734007C44E1
:10CFE00083C6240013678700A381E4000357A408C5
:10CFF000B697A381E70083C7240078448346F407EB
:10D000003E978357A4089206A183BD8BD58F230238
:10D01000F70083C7240089072381F40003C6240096
:10D02000035744089307D00F918F9799FD1F938959
:10D03000693663D2E7220347040889476309F7206A
:10D040008546930780426305D70085679387878469
:10D0500079479387771BB3C7E70283C6890793E6AF
:10D0600006019795FD1F2383D53A83260900856520
:10D070008CC63387E7020607B8D283C6340093E62E
:10D080000601A381D40078448346E4073297A301C4
:10D09000D70083C62400784436972302F70003C7DD
:10D0A00024007444A187BA96034704081607D98F51
:10D0B000A382F60083C724008D072381F4008347F1
:10D0C000040693F7070485C703C734007C4483C66E
:10D0D000240013670704A381E40003475401B697B3
:10D0E000A381E70083C7240085072381F4008347D9
:10D0F000C4070547C11793F7F70F6366F70603CB1D
:10D10000240015469795FD1F9385253993073B000D
:10D11000032BC4043E9BA1472300FB00930780021E
:10D12000A300FB0013052B009730FD1FE78040662E
:10D130000347C407C1476319F71283578408A1073F
:10D140002311F408C547230EF40683472408A303DC
:10D15000FB0083572408A1832304FB0083C724001A
:10D16000A5072381F40003564408014B31C203C7CD
:10D17000240068448325840A930737003E9583C7BB
:10D180003400C18B638C070E795B330BEB40137B50
:10D19000FB0F5A869730FD1FE780805F8327840A44
:10D1A000DA973CDC83574408B38767412319F406B8
:10D1B00003C72400814517D5FFFF130585CD93775D
:10D1C000F70385073E9B137BFB0FA30864012381B4
:10D1D000E4007C44856B9164A3806701930770F938
:10D1E0007844A305F40083270900B70C3300130D1E
:10D1F000A00DB8DBEF40CEA503461401834504081B
:10D2000001451D4B9740FD1FE78060E09384042992
:10D21000EF404F85938D8B8483C78907C18BB5E71A
:10D22000B640264496440649F259625AD25A425BA5
:10D23000B25B225C925C025DF24D61618280835739
:10D240002702C207C183BD9BC207C18329B391676F
:10D2500093870729F5BB83C7890793F7F70E1797BD
:10D26000FD1F2305F71AA1BD03578408835724081F
:10D27000998F0947E34BF7ECC947F1B59730FD1F8C
:10D28000E7800051034B440825B783C7890793F70C
:10D290000702E5DF83C789070326090093F7F70C28
:10D2A0001797FD1F2304F7169307000A7CD28327E4
:10D2B0000A00D857719B13671700D8D79843137784
:10D2C000F7E798C398431377F7E71367071098C3F6
:10D2D00003A70A001447B3E6960114C72328A6053E
:10D2E0005457F59A54D70347E4079376F7079843C2
:10D2F000137707F8558F98C3032CC40423086401DF
:10D30000054723006C01A3010C002301EC007848C1
:10D310001377074005CF2147A301EC0078448356DB
:10D32000A4082302D70003472C0074440346F407E3
:10D33000BA960357A408120621833D8B518F23828E
:10D34000E60003472C0009072301EC0083452C006D
:10D35000835624071307E00F0D8F6355D7088346C4
:10D360000408094626876388C600054613078042DD
:10D370006383C6006E87F9461307771B3347D702CE
:10D3800003C68907136606019797FD1F2380C70808
:10D390000326090023247601B306D702860634D279
:10D3A00003463C0013660601A301CC007444034607
:10D3B000E407AE96A381C60003462C007444B296DF
:10D3C0002382E60083462C007044218736968346EC
:10D3D00004089606558FA302E60003472C000D07AC
:10D3E0002301EC0003562407014721C203482C0007
:10D3F00083463C00684413073800C18A3A952C5C88
:10D40000B5C67957330707411377F70F3A863AC6FF
:10D410009730FD1FE780C037345C3247BA9634DC62
:10D4200083562407998E2319D40603462C00014500
:10D430009376F603850636971377F70FA308E40073
:10D440002301CC007C44A380E700034614018345FC
:10D450000408930770F9A305F4009797FD1FA38CA8
:10D4600007E69740FD1FE78080BA7DB39730FD1F28
:10D47000E780003203472407231904067DB783475A
:10D48000C507638A0722411122C406C626C24AC0C4
:10D4900049472A84639CE702035725088357850878
:10D4A0006316F7029304050A15469795FD1F9385A9
:10D4B000C5FE26859730FD1FE780802D2685EFF07D
:10D4C0006FF09147A300A408230EF4062285EFF025
:10D4D0004FC90945EF307FE00347C4078D47631408
:10D4E000F70A9147230EF4067C481797FD1F130790
:10D4F00067EA93E787007CC883479707898BEDDF4E
:10D500008347970793F7C70F1797FD1FA300F7F0FF
:10D510009387419E9C438297035764089797FD1F0A
:10D5200083D707C4232AA4083307F70293070032DE
:10D53000130707193357F7029797FD1F9387C7C142
:10D54000DC43B306E500368663E4A60063E4F60038
:10D550003386F640232CC4089796FD1F83C656B920
:10D560006360D602158E9306D407A28517050000C6
:10D57000130525F1EF30DE952285EFF05F91B5A818
:10D58000958F3E96CDB71389419E832709008297D8
:10D59000AA84832709008297E38DA4FE83270900CC
:10D5A00083248409829763E5A4063385A440979772
:10D5B000FD1F83C7F7B39794FD1F83D464BA63E359
:10D5C000A70031ED83576408130700321796FD1F3B
:10D5D000130686B8B3879702504293870719B3D7CB
:10D5E000E702032784093E97BA866364F700636401
:10D5F000C700B306C740232CD40883578408B24021
:10D60000924485072314F408224402494101828090
:10D610009797FD1F938747B4DC43BE9479B79797DC
:10D62000FD1F83C7B7DE93E717001797FD1FA30FF2
:10D63000F7DC37470F0013070724B335E50293875C
:10D64000C1AB03A90700A16726862324F900814600
:10D650003305E502EF20801306052326A906179758
:10D66000FD1F130727D383479707898BEDDF834778
:10D6700097071796FD1F130626AE504293F7C70F64
:10D680001797FD1FA304F7D88357640813070032C8
:10D69000B387970293870719B3D7E7020327840953
:10D6A0003E97BA866364F7006364C700B306C74059
:10D6B000232CD408D1B5828097070000938767DCBC
:10D6C0001797FD1F2322F7D48280014582804111E4
:10D6D00006C6EFE0BFFEB240133515000605410156
:10D6E00082806FF0DFFE411106C6EFE03FFD0DC105
:10D6F0000357C5058356A50503566507835545079A
:10D7000003558500EF700FBE0145B2404101828094
:10D710000945E5BF011106CE22CCEFE03FFA59C121
:10D720000346B50005472A849797FD1F938787C650
:10D730006316E604B853094515CF03460403834630
:10D7400057048358E4030358C4038357A403835541
:10D7500084000345B4021307670432C00546EF7026
:10D76000CFB68347F400A3050402014593E71700F1
:10D77000A307F400F24062440561828003A7070911
:10D7800009456DDB834657078358E4030358C403F8
:10D790008357A403835584000345B4021307670726
:10D7A00002C075BF0945F9B7011122CC06CE2A8403
:10D7B000EFE0DFF02DCD8347B5020347A515231316
:10D7C0008100A302F10083479515A304E10023041F
:10D7D000F100A9E38347D5150307F5152306F100EA
:10D7E000830735142305F100631DF7008947A3055E
:10D7F000F1004800EF70CFB20145F240624405618C
:10D8000082800307E5156314F7008547CDB7A305AC
:10D810000100C5B7834705162305F1008347B515F9
:10D82000A305F100834755162306F100D9B7094532
:10D83000E9B7011122CC06CE2A84EFE03FE829CDDA
:10D8400083070516A30481002180230581001307A7
:10D85000F007638FE70203474503998FA305F100A3
:10D860008347A51613F7070101C72306010039A056
:10D8700093F7070281CF85472306F1002800EF7058
:10D880000FAA0145F2406244056182808947EDB7E5
:10D89000FD57A305F100D1BF0945EDB7411106C6FB
:10D8A000EFE0DFE119C98345051403558500EF70EA
:10D8B000CFA60145B240410182800945E5BF93757D
:10D8C000F50F01112E8506CE22CC2EC6EFC06FA01B
:10D8D0000DC12A8483460507B245034575010546F7
:10D8E000EF702FA30145A30B0400F24062440561D1
:10D8F00082800945DDBF411106C6EF704FA1B240DD
:10D9000001454101828041119797FD1F938787A8A8
:10D9100022C4E05F06C6094511C80355A40BEF7089
:10D92000CF9E9307F00F231DF40A0145B240224415
:10D93000410182809797FD1F9387C7A5FC5F99CB14
:10D9400041111385870B06C6EF70EF9BB24001456E
:10D950004101828009458280411106C622C4EFE060
:10D96000FFD50DC983467514034665142A84835573
:10D9700085000345B5028506050693F6F60F137676
:10D98000F60FEF700F980145A3050402B240224440
:10D99000410182800945DDBF397106DE22DC26DACD
:10D9A0004AD8EFE0BFD1630A05168346B5000547A4
:10D9B0002A849797FD1F9387E79D6391E60CA453F4
:10D9C0000945D9C483C744041946898BC1CB8C58F7
:10D9D00083C7A500C1C7B10528089730FD1FE780A0
:10D9E00020DB83C75404138964041946898BB5CF9F
:10D9F000CA8508109730FD1FE78080D98C581946DA
:10DA0000910528109730FD1FE78080D883470403D5
:10DA10008358A40383C654040346B400835584008A
:10DA20000345B4023EC48357E403130801023810CF
:10DA30003EC28357C4033EC03C08EF702F8B834720
:10DA4000F400A3050402014593E71700A307F400BF
:10DA5000F2506254D2544259216182808145280893
:10DA60009730FD1FE78040D6ADBF81450810973045
:10DA7000FD1FE78060D51946CA8561B783A40709F1
:10DA80000945F9D483C744061946898BB5C39385E4
:10DA9000640628089730FD1FE78080CF83C74407BE
:10DAA000138964071946898BB9CBCA85081097304A
:10DAB000FD1FE780E0CD83A5440819462810910595
:10DAC0009730FD1FE780C0CC83A7440883C7370089
:10DAD00093E72700A38AF4068358A40383C6540758
:10DAE0000346B400835584000345B40202C425BF35
:10DAF000814528089730FD1FE78000CD45B7081005
:10DB000081459730FD1FE78020CC1946CA85281033
:10DB10009730FD1FE780C0C7C1B7094515BF411148
:10DB200006C6EFE0BFB90DC10357651C8356451CFF
:10DB30000356A51C8355851C03558500EF60DFFA4D
:10DB40000145B240410182800945E5BF411106C649
:10DB500022C4EFE0BFB60DC92A840357C50583561A
:10DB6000A505035665078355450703558500EF60F6
:10DB70003FF783471401014593E74700A308F400EA
:10DB8000B2402244410182800945DDBF411106C6F1
:10DB9000EFE0DFB20DC18347851903467519930580
:10DBA000F51803558500A2075D8EEF603FF3014530
:10DBB000B240410182800945E5BF411106C622C439
:10DBC000EFE0DFAF0DC12A841306051083558500F1
:10DBD0000345B502EF605FF00145A3050402B240C2
:10DBE0002244410182800945DDBF411106C622C49D
:10DBF000EFE0DFAC05CD0347B50285472A84631407
:10DC0000F700A30505020345B4020357C405835674
:10DC1000A4050356840583558400EF60BFEB0145DE
:10DC2000A3050402B2402244410182800945DDBFC0
:10DC300001111375F50F06CEEFB0BFE939C997870B
:10DC4000FD1F9387277583A7070E93F707209DC3B2
:10DC500002C402C202C0814801488147014781468F
:10DC6000054681451305C003EF605FE80145F240BA
:10DC7000056182808346D5031307E50302C081480E
:10DC800001488147054681451305C003EF60FFE366
:10DC9000F1BF0945E9BF9787FD1F9387A76F03A7CA
:10DCA0000709094529CB83A7070E011106CE93F773
:10DCB00007208DC302C402C202C0814801488147C7
:10DCC0000147814601468145EF605FE2F240014530
:10DCD00005618280835807020358A701835707050F
:10DCE00083465707014602C0130767078145094568
:10DCF000EF60BFDDE1BF8280014582800145828007
:10DD000001458280014582800145828001458280F3
:10DD100001458280014582800145828001458280E3
:10DD200001458280014582800145828001458280D3
:10DD30000145828001458280411106C622C4034705
:10DD40000500930700086315F702034715009306C3
:10DD50005002854763E4E60697370000938787F013
:10DD60000A073E971C430355250082978147B9A0B7
:10DD70009306100885476313D70403471500CD4663
:10DD80006308D70E63E3E602A146630DD708B146E8
:10DD9000630DD70A95466313D70203552500EFE0BC
:10DDA000FF912A8415E9894711A893060003630FA0
:10DDB000D70E63EAE600E946630FD70CB24022446F
:10DDC0003E854101828093077005630FF70E93072C
:10DDD00017F0B337F000DDB78327851195C70356D9
:10DDE00045040506420641829C431307160042077C
:10DDF00041839DE72312C40401CA8355840005456D
:10DE0000EF609FCB231204040345B402034644058C
:10DE100083558400EF601FC92285EFE04FF9B9B741
:10DE20003A86D9B703552500EFE05F892A8425DDBE
:10DE30000346C504835585000345B5023336C0004B
:10DE4000EF609FC6A305040215B703552500EFE058
:10DE5000FF862A8429D903572505835605050346DD
:10DE6000F504835585000345B502EF603FC4D9BF73
:10DE700003552500EFE09F842A8415D503564504F9
:10DE800001CA835585000545EF601FC323120404B2
:10DE9000A3080402E1BD03552500EFE03F82E3043F
:10DEA00005F00345B502EF607FC1C9B503552500F4
:10DEB000EFE0DF802A84E30805EE83558500034503
:10DEC000B502EF60FFBFBDBF03552500EF609FBFE8
:10DED00071BD011122CC2A84114506CE2EC632C452
:10DEE000EF20BED61DC1B245224623118500230076
:10DEF000B500A300C5006244F240AA851785FD1F46
:10DF00000345752105616F203EDFF24062441145F3
:10DF100005618280411106C622C4EFE02FFA41C19B
:10DF200083270512230D05002A84A5C30347F500A6
:10DF3000058B19EB03558400014693050008EFF0AB
:10DF40005FF939C5014581A8D44303C6C70083C51D
:10DF50008700035585008906EF60FFB605E5832736
:10DF6000041203D7A700A3840700136707F02395C3
:10DF7000E7009C432320F4128357240481C7FD1734
:10DF80002311F40483270412D5F7231104045DBF81
:10DF90008547230DF400B2402244410182800945A7
:10DFA000DDBF9787FD1F9387E73E83A7870C91E32B
:10DFB00082806384A700DC5FDDBF411122C406C6F6
:10DFC0008347A5002A8491C79305C5006905EF1012
:10DFD000C0598347240191CB930544011305A40242
:10DFE0002244B24041016F104058B24022444101E6
:10DFF0008280AA862E86AA85170500001305C50013
:10E000006F306EA49787FD1F9387C73803A7870CCF
:10E01000411126C206C622C4BE8411E7B240224482
:10E020009244410182806304A700585FFDB7834793
:10E03000A5002A8491C79305C5006905EF10E05239
:10E040008347240199C7930544011305A402EF10E7
:10E05000C05122852244CC58B240924441016FF015
:10E060005FF901114AC81789FD1F1309A93222CC93
:10E070000324890C26CA4EC652C456C206CEAA84B0
:10E08000014A93094500854A631D040E9305202526
:10E09000130500049730FD1FE780C0482A841D4502
:10E0A00061C883C7340019469385440013054400B2
:10E0B000A301F4009720FD1FE780806D938AA401DF
:10E0C0004146814556859720FD1FE780007A79ED0E
:10E0D0009309A401D68541464E859720FD1FE78010
:10E0E000007785472305F400834734009305C40077
:10E0F0004E8593E72700A305F400EF1000479384B3
:10E10000A4024146814526859720FD1FE780E075E2
:10E110004DE19307A402A6853E854146BE84972023
:10E12000FD1FE780C07285472309F4008347340050
:10E1300093054401268593E72700A309F400EF1017
:10E14000C042A3000400832549032285EFF07FEA43
:10E1500063140A069787FD1F23A28730232E04022B
:10E160008347490C014585071787FD1F2306F72EB6
:10E17000F2406244D2444249B249224A924A05617D
:10E1800082800347340083C734006305F700228A86
:10E19000405CDDBD4146CE85130544009720FD1F40
:10E1A000E7800068E31555FF4945D9B7230504000A
:10E1B000B9B72309040071B7232E8A0245B741116C
:10E1C0009787FD1F9387071D22C403A4870C26C2CF
:10E1D00006C64AC0FD5419ECB24022449787FD1F81
:10E1E00023AE07269787FD1F2388072692440249FE
:10E1F0004101828003450400EF308E980329C40357
:10E200002300940022859730FD1FE780003E4A845A
:10E21000D9B79787FD1F9387E7172382070C23A49D
:10E22000070C6F10403E411126C206C622C4EFE023
:10E23000AFD8AA843DC5EFE06FC82A84630A0512EF
:10E24000930710112315F500930700FB2307F50032
:10E2500085472308F5009787FD1F83D7E7E8A507C3
:10E260003E85C207C183130740106374F70013058E
:10E270004010131705014183930700046374F700EE
:10E280001305000442059305302541819730FD1F99
:10E29000E78040292328A41019E903558400EFE002
:10E2A0000FE2B24022442685924441018280978742
:10E2B000FD1F938727029C4F228523130414232AD2
:10E2C000F4109787FD1F9387E70C03A6870D83A69D
:10E2D000C70D03D7A70383C7A704232CC40E232E7F
:10E2E000D40EA307F414FD572310F4042313F402EF
:10E2F0002314F4028347E4022324C4102326D410F9
:10E3000093E707FC2307F4028567938787BB2315F0
:10E31000F4042312E414EFC01F8C1785FD1F03457E
:10E32000E5DC2301A414EF20DFB1D147A306F416E6
:10E3300093078002A305F4169307006F231FF414BC
:10E340009307F0072300F416F5779387A7EB2311C3
:10E35000F416A301A4142303A416A303A4162304F0
:10E36000A416A304A4169787FD1F2399070215BFBF
:10E37000854405BF411122C42A84834504031785BF
:10E38000FD1F03455501A307A40206C626C2EF30B0
:10E390006EC18357A4031788FD1F035868DC9306DA
:10E3A00000323307F8029784FD1F83C464D4232A04
:10E3B000A4083356D7023377D7029306204E23267C
:10E3C000C40837460F0013060624B387D702B3D715
:10E3D000A7023307D702BE94835784039384C417DC
:10E3E000C2048507C1802312940833470703B3870B
:10E3F000D7022310E4028146858FB3B50703338526
:10E400000703EF10A038832784089786FD1F9386A3
:10E41000A6D4D442AA9733B5A7002E9501E53E872E
:10E4200063E4D7003387D740834774032328E40885
:10E430001307204EB387E70286042285BE9423117A
:10E440009408EFC0EFBF2285EFC0CFF28355E403FD
:10E4500022859205F915C205C181EFC0AFBA2285A8
:10E46000EFE0EFFB9787FD1F23A887FC938701B69A
:10E470009C43898B85C39784FD1F9384E4C59C5876
:10E4800091CB83258409354582979C588325C409FF
:10E490003945829722852244B24092449787FD1FD6
:10E4A000239107F09787FD1F23AE07EE41016FC050
:10E4B0009FC60357050889468357450863F3E6005E
:10E4C0000947B397E7002313F5086F308EBC01119D
:10E4D00022CC26CA4AC806CE4EC652C4834765031C
:10E4E0002A841389C1AB8507230BF50283473501C5
:10E4F000938401AB639C075A8347C500130700044C
:10E50000A309E50003471501BD9B93E737002306E8
:10E51000F50093178701A30D0500E18763D9070074
:10E520001377F707A308E500EF20EFBC39A883278E
:10E53000850A93F62700BDC6F59B2324F50A832799
:10E540000510918BA9CFEF00AFD90347B4018547E0
:10E550006310F706832784110347C400DC4323803C
:10E56000E7008327841103475401DC43A380E700BD
:10E5700003278411832709005843B8DB9C40B70662
:10E5800080009843558F98C3D857719BD8D7F240D5
:10E590006244D2444249B249224A05618280EF0076
:10E5A000CFD165B793F617008DC6F99B2324F50AE2
:10E5B000832704110347C4002380E7008327041145
:10E5C00003475401A380E7008327090003270411B0
:10E5D0006DB783490501054A6398491DF9C713F7CB
:10E5E000070119C7BD9B2324F50AEF00FF8EB1BFB9
:10E5F00013F7070201CB93F7F7FD2324F50AEF0089
:10E600007FA2A1B713F7070401CB93F7F7FB2324ED
:10E61000F50AEF006FD215BF13F7070809CB93F780
:10E62000F7F72324F50A2285EF10BFA339BF13F7AC
:10E63000072009CB93F7F7DF2324F50A2285EF00A3
:10E64000EFD921B713F7074001CB93F7F7BF232486
:10E65000F50AEF00BFB9D5BD13974701635C07000A
:10E660007D771307F77FF98F2324F50A2285EF00C2
:10E670004FE7E1BD13973701635A07007D777D1798
:10E68000F98F2324F50AEF00AFE8C1B513972701EE
:10E69000635A070079777D17F98F2324F50AEF0075
:10E6A0008FF765B52324050A21B78327450A638EB2
:10E6B000071A93F6070481CA93F7F7FB2322F50A9A
:10E6C000EF004FB759B593F6071081CA93F7F7EFEC
:10E6D0002322F50AEF005F858DBD93F6072099CAC6
:10E6E0004D8B631F070E93F7F7DF2322F50AEF0028
:10E6F000BF88A1BD93F6074081CA93F7F7BF2322D5
:10E70000F50AEF008FC091B59396470163DB0600D1
:10E710007D771307F77FF98F2322F50AEF105F87C4
:10E720002DB59396370163DC06004D8B55EB7D7755
:10E730007D17F98F2322F50AEF00AFC139B5139782
:10E740001701635A070071777D17F98F2322F50AA5
:10E75000EF00EFD1DDBB1397E700635A07000177A5
:10E760007D17F98F2322F50AEF00EFD4F9BB139739
:10E77000B700635B07003707F0FF7D17F98F23228F
:10E78000F50AEF002FE1D1B313978700635B070011
:10E79000370780FF7D17F98F2322F50AEF009F923C
:10E7A0006DB32322050A29B5638C09029306600420
:10E7B00063EF36071307500463F9E9141307A00247
:10E7C000638AE91C63673703930710026380F91AB1
:10E7D00063EA3701ED476387F914F547638AF91453
:10E7E000228599B393075002638FF91C9307700237
:10E7F000F5B7130760036389E914636B3701930767
:10E80000E0026384F91E93071003E380F9DEC9BFB9
:10E8100013070004638CE908930710046387F90A5F
:10E8200093078003E39EF9FAEF20EF8C19AA930770
:10E83000A0056387F91E63E13705930750056385DB
:10E84000F90263EB37019307B0046388F91C93075F
:10E850001005E38AF9DC69B793076005E380F9DE08
:10E8600093078005E39EF9F622859730FD1FE78028
:10E8700040E5E30C05CCADB79307B00663ED370177
:10E880009307A00663FBF92093076006E39AF9F467
:10E89000EF00DF9599A093076007E389F9DC930700
:10E8A0006008E39FF9F2EF000FD705A8139747011F
:10E8B000E35807F27D771307F77FF98F2324F50AD2
:10E8C000EF002FC22308340149B18347B5028DC739
:10E8D00005476398E700EF00EFF485472308F4004D
:10E8E000ADB183270510918BD5C3BD472306F40234
:10E8F0002285EF00EF9ED5B7EF10FFFF8327040AB4
:10E9000093E727002320F40AC9BFEF10DFFE832717
:10E91000040A230844012311040693E74700232037
:10E92000F40A25B1EF002F85D947230AF40431B941
:10E930002285EF105FFC8327040A93E7170023204A
:10E94000F40A2308040011B19730FD1FE78060D757
:10E95000E30D05BE8547A306F4042285EF006F8B07
:10E960008347C404F99B2306F404C5B683278510A6
:10E97000858B81C7EF00CFD0C9BEE947A305F5025B
:10E9800083270510918B99C38D478DB72285EF00A2
:10E99000CF92A1B7EF004F818347D40491CB41467A
:10E9A0009305C40A1305C40C9720FD1FE78040DEC1
:10E9B0008347C4042326040E2328040E93E717007C
:10E9C0002306F40459B683270510918B81CF8D4718
:10E9D0002306F502EF00CF9083471401DD9BA308C7
:10E9E000F400E5BDEF006F8DC5BF8347C50423224A
:10E9F000050E2324050E93E727002306F504EFF008
:10EA0000DEFC83471401A3050402DD9BA308F40088
:10EA10008327040A93E70701F5B5EF00EF9175BD71
:10EA20008347A51499CB83466514331ADA0063062D
:10EA3000FA0013670701A308E5000347B41411CFD8
:10EA4000834674148547B397D7006388E7008347EC
:10EA5000140193E70701A308F4008347E40199CF69
:10EA600083471401C18B99EB8327040A93E707209E
:10EA70002320F40A2285EF101FE885B583071416BA
:10EA8000F5DB83274410898BF5D78327440A3707A2
:10EA90001000D98F2322F40AF1BFEF10DFE583279E
:10EAA000040A056713070780D98FA9BD9787FD1F43
:10EAB00083D7478F85071787FD1F2315F78E71B4FE
:10EAC00083474517858B638207108347651393D669
:10EAD0003700AA9683C5061313F7770033D6E540AF
:10EAE000058A69CE397122DC06DE26DA4AD84ED68E
:10EAF00052D456D25AD05ECE62CC66CA2A8403451E
:10EB000045037D57FD47591562052C0061853AC4C0
:10EB10003EC69720FD1FE780005F0326841322472F
:10EB20008326C413B247718FF58F6314E6006387A1
:10EB3000F6062800EFE00F89894763F1A70629460A
:10EB400081451305D4179720FD1FE780E0C7224AAF
:10EB5000B24A81490D4C854C930B50029394890124
:10EB6000E1844E865285D68513DB2440EF00903C2D
:10EB70008D88229B058986040309DB170DCDB3948C
:10EB80009C00B3649900A30E9B168509E39879FD58
:10EB90008347441793E78700230AF416F250625420
:10EBA000D2544259B259225A925A025BF24B624CE9
:10EBB000D24C21618280B3149C00E1B78547B397A2
:10EBC000E700CD8F2388F6128280828079714ECE45
:10EBD0009779FD1F9389097C22D403A4090A52CC9A
:10EBE00056CA5AC8797AA16A370B008226D24AD00F
:10EBF00006D65EC662C466C21779FD1F1309896D09
:10EC00009384C1AB7D1AFD1A7D1B8347E400130773
:10EC1000000D639FE7209C4098430D8B05C3B84BC4
:10EC2000619BB8CB98431367870098C39C438D833F
:10EC3000858B89C701000100010001009730FD1F8D
:10EC4000E78000D58347C404858B89C7A285054525
:10EC5000EF208F8B83472414938B01AB83A60B008B
:10EC600093F7F70313979701DC56B3F76701D98F32
:10EC7000DCD637170040930770052300F70493078D
:10EC800080FA2300F70483462414B54763FBD710AA
:10EC90008357270293E707012311F70203A70B000D
:10ECA0008327840994401CC78327C4095CC3DC42C2
:10ECB00093E71700DCC25C57F19B93E717005CD722
:10ECC0008355441C95470356641C910503457414F1
:10ECD0001777FD1FA303F760C205930710FD2307F5
:10ECE000F400C181930700FC1777FD1F2304F75E32
:10ECF000EF202FB703467414854683572408035723
:10ED000064086318D60A060793875703BA97984092
:10ED1000544733F6460150C7010001009840096688
:10ED2000860710C7130600F89775FD1F2386C55A7E
:10ED30007CD354C79777FD1FA380075A90409777DD
:10ED4000FD1FA389075885471CC28346C404138747
:10ED500041AC83A70B00858A1843CDCA9443B705FD
:10ED6000330093F6F6E794C3944393F6F6E793E6FD
:10ED7000061094C31447CD8E14C79306900F34CA5F
:10ED80005457F59A54D7034764139376F70798437B
:10ED9000137707F8558F98C39720FD1FE780A019B8
:10EDA000ADB583572702C207C183BD9BC207C1838C
:10EDB000E5B58945060794406318B602D046B37599
:10EDC0004601CCC6010001009440896593879718DD
:10EDD0008CC6930500F81775FD1F230FB54EBA9723
:10EDE0008607FCD2D0C6B9B7D046B3754601CCC6AB
:10EDF0000100010094408965938797048CC69305B0
:10EE000000F81775FD1F2309B54CD1BF9443B70512
:10EE1000330093F6F6E794C3944393F6F6E793E64C
:10EE2000061094C31447CD8E14C79306900D81BF6E
:10EE30001307100D639BE75883470900858B638296
:10EE4000074C83470900E207E18763D4070A834739
:10EE5000F40093F7070285C78357A4031307204ED6
:10EE6000B387E70203274409B3D7E7021777FD1FEB
:10EE70000347072813070705BA972312F408938757
:10EE800001AB9C439776FD1F9386062D83AC46000D
:10EE90009843032C0901894631830D8B832BC408C9
:10EEA000835744081775FD1F0355852B631DD7161F
:10EEB00093879718B3A5A70237460F0013060624B9
:10EEC00081463305F502EF00700C3385AB40B30784
:10EED00085013E8763E4A70063E497013387974188
:10EEE000835764082328E408231004088583231328
:10EEF000F4088345C4040325441193062403130630
:10EF0000440385899720FD1FE78080069777FD1FC2
:10EF10002385A73C03C7690483474403998F230AC9
:10EF2000F4028327441183C7070013F7070C19E382
:10EF30008D8B91E785471777FD1F2300F73A8347AD
:10EF40006900858B6397072C8347A40293E727000A
:10EF50002305F40283470900E207E18763D3070230
:10EF60008347641313D7370093F6770022978547BA
:10EF7000B397D7008346071393C7F7FFF58F23088E
:10EF8000F7128347F400898BDDCF2285EFB07FC570
:10EF90005DE98347F400A309040093E74700A30752
:10EFA000F400832784118DCF0347B40115CB03C729
:10EFB0009700058B15E703D7A700C843136707F031
:10EFC0002395E7009720FD1FE780206283574404C4
:10EFD00085072312F404832784119C43232CF41007
:10EFE0008347540181CB8347C404898B81C7228521
:10EFF000EFB03FC483470401130720026398E70280
:10F000008327040AA305040293E787002320F40A58
:10F010008347140193E78700A308F4009307400295
:10F020002308F4000DA09387970469B51307000621
:10F03000639AE70C85472308F4008347A40293E70B
:10F0400017002305F40283476900898B6384071046
:10F050008347C404858B638F070E8347940185071C
:10F06000A30CF4008347F40013F7270029E793E784
:10F070002700A307F400930700F8230EF40083573A
:10F08000A4031307204EB387E70203274409B3D72D
:10F09000E7021777FD1F0347A70513070705BA9770
:10F0A000C207C1832312F40886072311F408977757
:10F0B000FD1F23A3073822859777FD1F238C072088
:10F0C000EFF0EFC003456414894783455401631F83
:10F0D000F51403458414910513652500EF109FE393
:10F0E000834754016386071E8347C404898B638169
:10F0F000071EA2850145EF105FB9630B0512EF20D3
:10F100006F966DA413077006639CE702938701ABAB
:10F1100098437C53ED9B7CD39777FD1F2381071C7D
:10F120003717004083578701B3F7FA00231CF70015
:10F130008347C40093F7F7FD2306F4008547CDB558
:10F140007147E392E7F08327040A93E7170023202F
:10F15000F40AD5BD2285EFB05FABE31505F0A30C33
:10F1600004002285EFB0FFA383471401A18B85CF54
:10F17000834764018DCB83477401094793F7B70F29
:10F180006383E7029307D003230AF4049307700212
:10F190002308F4008347C404858BE38507EC2285AC
:10F1A000EFB03FAEC1B50347D4008D476317F704F6
:10F1B00083477401130780026373F7028347740166
:10F1C0001D476388E702A306F4028327840A228589
:10F1D00093E717002324F40AEFF05E8119A88A0749
:10F1E000171700001307C76CBA979C4322858297B4
:10F1F00071F583476401D9FFB5B583476401E383A3
:10F2000007E622859720FD1FE780605EE31C05E48A
:10F21000CDB7834784018507230CF40083D7E90029
:10F2200085071777FD1F231EF7162DBD91057DB5A8
:10F23000938701AB9843B70633001C4393F7F7E776
:10F240001CC31C4393F7F7E793E707101CC393878E
:10F2500041AC98431C47D58F1CC79C401307A00F97
:10F26000B8CB938701AB9C43B70680009843558F7A
:10F2700098C3D857719BD8D7930720FD2307F40074
:10F2800083270412E38A07B00347F400058BE305E4
:10F2900007B0D44303C6C70083C587000355840065
:10F2A0008906EF505F82E31905AE8327041203D766
:10F2B000A700136707F02395E7009C432320F4126F
:10F2C00083572404E38A07ACFD172311F404E9B43F
:10F2D000938701AB9843B70633001C4393F7F7E7D6
:10F2E0001CC31C4393F7F7E793E707101CC39387EE
:10F2F00041AC98431C47D58F1CC79C401307A00DF9
:10F3000085B79C40FC53E39207909777FD1F2385B8
:10F3100007FCEF103FF5834709002285E207E187EC
:10F3200063DA071EEFF0EF9883D72901228585075E
:10F330001777FD1F2319F706EFF08FF883570404A2
:10F34000B5C713074006B3F7E702ADE3938701B6ED
:10F350009C43898BA1C79774FD1F9384E4D7985869
:10F3600015CF9777FD1F83D7E703C2079775FD1F5A
:10F3700083D56503DD8D254502979C589775FD1F44
:10F3800083D52502294582979C58831524032D4552
:10F3900082979C5883054403314582979777FD1FD8
:10F3A000239107009777FD1F23AE07FE2285225485
:10F3B000B25092540259F249624AD24A424BB24B7D
:10F3C000224C924C45616FB05FDC1307200DE3982F
:10F3D000E7D283471900858B638107149777FD1F58
:10F3E000A38A07EE8327040A13972701634A070EAF
:10F3F00022859720FD1FE780404D85476312F50E5B
:10F400008355441C0356641C034574149105C205BE
:10F41000C181EF101FC58347C404938B01AB138CCC
:10F4200041AC858BBDCBA2850545EF10FF8D03A7B1
:10F430000B00B70633001C4393F7F7E71CC31C43CC
:10F4400093F7F7E793E707101CC303270C001C474B
:10F45000D58F1CC79C401307900FB8CB930710FDA6
:10F460002307F4009C40D44733F74601D8C70F1058
:10F4700000009C40096798C7130700F81776FD1F26
:10F48000230CE6E403A60B00184231830D8B0DEF2D
:10F4900013076019F8D3D4C701B203A70B00B7064E
:10F4A00033001C4393F7F7E71CC31C4393F7F7E7BC
:10F4B00093E707101CC303270C001C47D58F1CC7FC
:10F4C0009C401307900D51BF1842094631830D8BA4
:10F4D0006315C7001307E04375BF1307E01B5DBF4B
:10F4E000EF105FD8834794018DC793F7070F81CB47
:10F4F0009305D0032285EFB01FDBA305A402977705
:10F50000FD1F938767BD9C5B89C795451305500810
:10F5100082972285EFC0AF9F51BD9C40FC536396FC
:10F5200007EE9777FD1F238907DAEF10BFD3D5B712
:10F53000411106C6EFB0EF999777FD1F938787E5D6
:10F5400017F7FFFF130767CE23AAE70AB24017F7A2
:10F55000FFFF130767E223ACE70A97F7FFFF9387E4
:10F56000276723A6F1B641018280397122DC370476
:10F57000400026DA4ED6AE84AA899305E4FF0545FD
:10F5800006DE4AD8EF20EEAE498C13170401418302
:10F5900021839317840013590401D98F2316010086
:10F5A0001379F90F10088A854E852317F100A306F9
:10F5B000210102C002C202C402C802CA02CC02CEA9
:10F5C000EF106FE88347E1010347D101A381840075
:10F5D000A2074207BA970347F101218023828400E2
:10F5E000BA97F25062542380F40013D78700C18386
:10F5F000A3822401A380E4002381F4004259D25461
:10F60000B25921618280011119469775FD1F9385BA
:10F6100045AE1775FD1F130565E606CE22CC26CA3A
:10F620004AC891644EC69710FD1FE7806016938507
:10F63000F4FF0145EF20AEA12A84FD550145EF20DE
:10F640004EA3A287FD147D5933F79700B366E500FA
:10F65000F9C6631425016304970C1777FD1F230770
:10F66000F7E2A18393E707FC916941641777FD1FD7
:10F67000232CA7E01777FD1FA30AF7E0FD191779E0
:10F68000FD1F130929D17D14CE850145EF202E9C45
:10F69000AA84FD550145EF20CE9DB3679500EDD7B7
:10F6A000FD576314F500E38134FF9777FD1F239026
:10F6B000A7DE935705011777FD1F230BF7DC935740
:10F6C00085011777FD1FA305F7DC9777FD1F2382C0
:10F6D00097DCA18093F4F4039777FD1FA38B97DA4F
:10F6E0008317890E42054185618DE18F6312F50212
:10F6F0000317C90F8317A90E618FE18F631AF700F3
:10F700000317E90F8317C90E618FE18FE30EF7F638
:10F71000F2406244D2444249B24905618280A685E2
:10F720000145EF20CE922A84FD550145EF206E94CD
:10F73000A28719BF11CE93070002918F635BF0007F
:10F740003355C500B397F50033D6C5005D8DB2853E
:10F750008280130506FE014633D5A500B285CDBFD4
:10F7600011CE93070002918F635BF000B395C50043
:10F77000B357F5003316C500DD8D328582809305C1
:10F7800006FE0146B315B5003285CDBFB687B288F7
:10F790002A832E88639D061463F9C50A4167636E48
:10F7A000E61AB70700016363F63493568601E14712
:10F7B0001717000013078754369703470700BA97B7
:10F7C000130700021D8F19CB3398E500B357F500DE
:10F7D000B318E60033E807013313E50013D6080138
:10F7E0003355C80293960801C182935703013377BA
:10F7F000C802B385A60242073368F700637AB800EF
:10F8000046989307F5FF636418016367B8303E8537
:10F810003308B8403357C802420313530301337807
:10F82000C802B386E602420833686800637BD800EA
:10F8300046989307F7FF6365180179176363D8004B
:10F840003E874205598D8145828001E60547B358C0
:10F85000C702416763EAE80EB707000163ECF828C6
:10F8600093D68801E14717170000130727493697F9
:10F8700083460700BE9693070002958FE5EB939EA3
:10F8800008013387154113DF080193DE0E0185451A
:10F89000935703013355E7033377E703B306D503E3
:10F8A0004207D98F63FAD700C6971307F5FF63E4C1
:10F8B000170163E6D7263A85958F33D7E7034203CE
:10F8C00013530301B3F7E703B30ED703C207B3E73C
:10F8D000670063FBD701C6979306F7FF63E517013F
:10F8E000791763E3D70136874205598D828063E239
:10F8F000D504C16763E2F604B707000163E4F61EAE
:10F9000013D786016148971700009387273FBA975E
:10F9100003C70700130E00024297330EEE40631A2E
:10F920000E0C63EDB61C3335C5001345150081453B
:10F9300082808145014582809307F00F63F3D71CD5
:10F9400013D786002148C1B71307F00FC686E37CA2
:10F9500017F193D68800A14739B71307F00FB28685
:10F96000E378C7E493568600A14799B5B398F800A9
:10F9700033D6D50013DF0801335EE6033397F50075
:10F98000B356D500558F939E080193DE0E013313B5
:10F99000F50093550701B376E603B387CE03C2069D
:10F9A000CD8E63FBF600C6961306FEFF63E41617C2
:10F9B00063F2F616791EC6969D8E33D6E60393172C
:10F9C0000701C183B3F6E6033385CE021397060120
:10F9D0005D8F637BA70046979307F6FF6368171355
:10F9E0006376A7127916469793150E01098FD18D6C
:10F9F00045B5B357E600B396C601DD8E33D3E500B7
:10FA000013DF0601B357E303939E060193DE0E0155
:10FA10003398C5013357E50033680701935808014F
:10FA20003316C6013373E303B385FE024203B368A2
:10FA3000130163FBB800B6981387F7FF63EAD80C8D
:10FA400063F8B80CF917B698B388B84033D7E80311
:10FA5000420813580801B3F8E8033383EE02C208E2
:10FA6000B3E5080163FB6500B6951308F7FF63ED86
:10FA7000D50863FB65087917B695C207416FD98F22
:10FA80001307FFFFB3F6E70093D80701718F418298
:10FA9000B38EE602B3856540B386C60213D80E0165
:10FAA0003387E802BA96C2963386C80263F3E6004B
:10FAB0007A9693D80601469663E2C5026385C5002F
:10FAC0003E858145828041677D17F98EC206B3FE6F
:10FAD000EE003315C501F696E374D5FE1385F7FFE6
:10FAE0008145828013D70601414831BD93560601F6
:10FAF000C1477DB993D60801C147B5B381450545D6
:10FB000082803687014801B5428785BF3E86E9BDC0
:10FB1000BA871DBF328E4DB579154698D5B979157E
:10FB2000C69759BBB68732882A832E872E8E639359
:10FB3000061463F1C50A41676378E61A1307F00FEC
:10FB4000B2866375C70093568600A1471717000059
:10FB50001307C71A36970347070093080002BA979E
:10FB6000B388F840638C0800B3951501B357F500CE
:10FB70003318160133EEB70033131501135608017D
:10FB8000B357CE0213150801418193560301337E0A
:10FB9000CE02B307F502420E3367DE006378F7004A
:10FBA0004297636507016373F70042971D8FB35651
:10FBB000C70293170301C1833377C7023305D50208
:10FBC0004207D98F63ECA7083385A7403355150149
:10FBD0008145828001E605473358C7024167636C5F
:10FBE000E80EB70700016365F82A93568801E147DC
:10FBF000171700001307871036970347070093086D
:10FC00000002BA97B388F840639A081E131E0801D1
:10FC1000B385054113560801135E0E011357030106
:10FC2000B3D6C502B3F5C502B386C603C2054D8F70
:10FC30006377D700429763640701636AD726158FFD
:10FC40003355C7024203135303013377C702330509
:10FC5000C5034207B367670063F8A700C29763E56F
:10FC6000070163F3A700C2973385A74033551501F9
:10FC7000814582802A88E3EED5F4C16763E5F60406
:10FC8000B707000163E2F62013D38601E148971716
:10FC900000009387A7069A9703CE0700130300027C
:10FCA000469E3303C3416319030463E4B6006369EA
:10FCB000C5003308C540958D333705013387E540CE
:10FCC0004285BA8582809307F00F63FBD71C13D35C
:10FCD0008600A1486DBF1307F00FC286E37A07F1D3
:10FCE00093568800A14729B7B70700016366F61A43
:10FCF00093568601E14799BDB357C601B396660096
:10FD0000DD8EB3D8C50113D70601B3DEE802139F19
:10FD10000601B357C501135F0F01B3956500DD8D73
:10FD200013D805013316660033156500B3F8E802F1
:10FD3000B307DF03C20833E80801637BF800369895
:10FD40009388FEFF6363D8166371F816F91E369820
:10FD50003308F840B357E802C205C1813378E8029E
:10FD6000330FFF02131708014D8F637BE7013697AE
:10FD70009385F7FF6369D7126377E713F91736970F
:10FD8000C20EC162B3EEFE001388F2FFB3F80E019B
:10FD90009355060193DE0E0133780601B38F0803F5
:10FDA0003307E74133880E0393D70F01B388B802B6
:10FDB000C298C697B38EBE0263F30701969E416850
:10FDC0007D1893D50701B3F70701C207B3FF0F01F1
:10FDD000F695FE976362B70A630EB708B307F5405E
:10FDE0003335F500B305B740898D339EC50133D552
:10FDF00067003365AE00B3D5650082803318180103
:10FE000033D7F50013560801B356C702131E080175
:10FE1000B357F500135E0E01B3951501DD8D93DE2A
:10FE20000501331315013377C702B307DE029316BA
:10FE30000701B3E6D60163F8F600C29663E5060152
:10FE400063F3F600C2969D8E33D7C60293970501E1
:10FE5000C183B3F6C6023307EE0293950601DD8D2A
:10FE600063F8E500C29563E5050163F3E500C2951B
:10FE7000998D6DB3E374F5F63386C740B3B7C70009
:10FE8000B6979D8DB28799BF13D30601C14801B5BE
:10FE900093560801C147A9BB93560601C1477DB1DE
:10FEA00036838148EDB3AE87E1BDC68E55B5429726
:10FEB00079B301476314E60001458280B307E5008A
:10FEC0000507B386E50083C7070083C6F6FFE38313
:10FED000D7FE3385D7408280B3C7A5008D8B33070B
:10FEE000C50081E78D4763EEC700AA876370E50A06
:10FEF00083C6050085078505A38FD7FEE3EAE7FEE5
:10FF0000828093763500AA8791CA83C6050085074B
:10FF10008505A38FD7FE93F63700FDB79376C7FF0D
:10FF2000138606FE63F0C70683A3050083A245007F
:10FF300083AF850003AFC50083AE050103AE450165
:10FF400003A3850183A8C5019385450223A07700FB
:10FF500003A8C5FF23A2570023A4F70123A6E701A6
:10FF600023A8D70123AAC70123AC670023AE17013A
:10FF70009387470223AE07FF75B79041910791051C
:10FF800023AEC7FEE3EBD7FEE3E4E7F6828063F33C
:10FF9000A504B386C500637FD5029345F6FF81476C
:10FFA000FD176393F50082803387F600034807004E
:10FFB0003387C7002A9723000701DDB73387F50091
:10FFC000834607003307F50085072300D700E317B2
:10FFD000F6FE82808147E5BF93F5F50F8347050064
:10FFE00091C76393B70082800505CDBF91C10145DC
:10FFF0008280AA87850703C7F7FF6DFF3385A74077
:020000040003F7
:100000007D1582800347050083C7050001E791C382
:1000100001458280814701A8834715001307150019
:10002000E5DB81473A853387F5000347070075D341
:10003000B306F50083C60600E390E6FE85072A872F
:10004000D5B70000F401FA00960064004B003200BE
:100050001E00140043483538785F424C455F4C49D8
:10006000425F56322E310000534143007361632FCB
:1000700076310000885D0000A85D0000AC5D0000E6
:10008000B85D0000C05D0000C85D0000D05D0000EC
:10009000045E0000545E0000945E0000A25E00005A
:1000A000C45E0000D05E0000DC5E0000EC5E00007C
:1000B000FC5E00000C5F00001C5F00002C5F000075
:1000C0003C5F00004C5F000026790000547900007E
:1000D00074790000CE7B0000CE7B0000CE7B000058
:1000E000CE7B0000CE7B0000CE7B0000CE7B0000EC
:1000F00094790000B2790000CA790000E27900002A
:10010000FC7900001E7A0000407A0000627A00004C
:10011000CE7B0000CE7B0000787A0000A27A00003F
:10012000E27A0000487B0000B27C00002C7D0000D9
:10013000627E0000787E0000807E0000467D000028
:10014000687D00009A7D0000CC7D0000FE7D0000EF
:10015000267E00004E7E0000627E0000787E000059
:10016000807E0000887E0000907E00009A7E000065
:10017000A47E0000AE7E0000B87E0000D87E0000A5
:10018000EA7E0000F47E0000FE7E0000087F000092
:100190007561727433207278000000000100FFFF67
:1001A000FFFFFFFFFFFFFFFFFFFFFFFFFFFFFFFF5F
:1001B000FFFF0706FFFFFFFFFFFFFFFFFFFF020438
:1001C00005030000B4B10000B8B10000BCB10000EC
:1001D000C0B1000090AB000090AB000066B1000021
:1001E00074B10000B2B80000D6B8000006B9000033
:1001F00020B900004AB9000090AB000090AB0000AD
:1002000090AB00007CB90000A2B9000072BA0000F7
:10021000F4BA00003CBB000002BC00007CA7000058
:10022000CCBC0000B0BD0000DEBD00009EC50000DB
:1002300072BF00009CBF0000D6BF000004C00000D9
:100240007CA70000FEC00000CAC1000088C20000F8
:1002500036C30000ACC300007CA700007CA70000F0
:1002600046C500008813000010270000204E000043
:10027000409C000060EA0000C0D4010080A9030097
:100280004950563456360000495000002B4D485412
:100290005450524541443A004F4B00004552524F92
:1002A000520000002B434D45204552524F523A0018
:1002B0002B434D53204552524F523A002B4D485438
:1002C00054504352454154453A0000002B4D485488
:1002D00054505552433A00002265727222000000C9
:1002E00022726563762200002B4D515454555243BF
:1002F0003A2022636F6E6E222C302C002B4D51540D
:10030000545552433A202274696D656F7574222CDE
:10031000302C00002B4D5154545552433A20227337
:10032000756261636B222C302C0000004857312E1F
:10033000300000002B4D5154545552433A20227046
:10034000756261636B222C302C0000002B435049F6
:100350004E3A000052454144590000002B43475398
:100360004E3A00002B4347534E0000002B4D4343B1
:1003700049443A002B4D4343494400002B434F501E
:10038000533A00002B43455245473A002B43535103
:100390003A0000002B434553513A00002B43434C95
:1003A0004B3A0000415445300D0A000041542B4D9A
:1003B000485454504352454154453D2200000000EA
:1003C00041542B4D485454504346473D226361638A
:1003D000686564222C0000002C312C383139320D34
:1003E0000A00000041542B4D4854545048454144A4
:1003F00045523D002C302C302C2252616E67653AFC
:100400002062797465733D00220D0A0041542B4D22
:1004100048545450524551554553543D0000000036
:100420002C312C302C22000041542B4D4854545078
:10043000524541443D00000041542B4D4854545016
:100440005445524D3D00000041542B4D48545450EA
:1004500044454C3D0000000041540D0A00000000DE
:1004600041542B4350494E3F0D0A000041542B4349
:1004700047534E3D310D0A0041542B4D43434944EF
:100480000D0A000041542B434744434F4E543D3125
:100490002C220000222C220041542B434F50533F6A
:1004A0000D0A000041542B43434C4B3F0D0A000002
:1004B00041542B43455245473F0D0A0041542B4DB3
:1004C000515454444953433D300D0A0041542B4D7F
:1004D0005154544346473D226B656570616C6976A3
:1004E00065222C302C00000041542B4D51545443B4
:1004F00046473D22636C65616E222C302C00000063
:1005000041542B4D515454434F4E4E3D302C2200FC
:10051000222C22222C22220D0A00000041542B4DB5
:100520005154545355423D302C220000222C3100AE
:1005300041542B4D5154545055423D302C22000013
:100540002F7500002C302C302C00000041542B4320
:100550004553510D0A0000002F00000068747470AC
:100560003A2F2F00222C00002F6400007075626C5F
:1005700069736800303132333435363738394142A7
:1005800043444546000000002B4D515454555243FE
:100590003A00000088184818F2178317F716481613
:1005A00075157D1461132512CF10690FFC0D920C87
:1005B000340BE909B6089F07A406C50502055704D0
:1005C000C3034403D502770262DC000046DB00006F
:1005D0002EDD000040DD00008EDD000024DC000088
:1005E000424C452061647620646174610000000023
:1005F00053706C6974414300636861723220727891
:1006000000000000000302050003050104060204C7
:100610001F1C1F1E1F1E1F1F1E1F1E1F8AF30000F0
:1006200094F30000CCF30000E4F30000F0F30000CA
:10063000FCF3000044F4000052F400008CF40000CD
:10064000B8F40000BEF40000C4F4000042F700005B
:1006500058F70000E4F70000EEF70000FEF7000096
:10066000E4F70000E4F70000FE0065787065726949
:100670006D656E74616C00004669726D77617265BC
:10068000205265766973696F6E000000486172647C
:1006900077617265205265766973696F6E0000003C
:1006A0004D616E756661637475726572204E616D21
:1006B000650000004D6F64656C204E756D6265725B
:1006C0000000000053657269616C204E756D6265B3
:1006D00072000000536F6674776172652052657610
:1006E0006973696F6E00000088070100B0070100A0
:1006F000D8070100F00701000A0801002C080100DA
:10070000540801007C08010094080100AE080100B3
:10071000F256FEFF6657FEFFDA57FEFFDA57FEFF7E
:100720007657FEFFDA57FEFF8E57FEFFB057FEFFEB
:10073000DA57FEFFCA57FEFF1E58FEFF3E58FEFF67
:10074000BA58FEFF5058FEFFBA58FEFFBA58FEFFD7
:10075000BA58FEFF7258FEFFBA58FEFFBA58FEFFA5
:10076000BA58FEFF9658FEFF9A7702006A650100AC
:10077000D6770200EC72010052780200B8720100D4
:100780000C79020084720100A8790200027E010047
:10079000F6790200027E0100507A0200547D0100C9
:1007A0000C79020024720100E47A020070750100E5
:1007B00000000000000000002E7B0200FC7501001C
:1007C000A07B0200EE65010064AAFEFF64AAFEFFA2
:1007D0008AAAFEFFA2AAFEFFAAAAFEFFB2AAFEFFF5
:1007E000BAAAFEFFC2AAFEFFCAAAFEFFD2AAFEFF55
:1007F000DAAAFEFF12ABFEFF1AABFEFFE2AAFEFF73
:1008000001010201020101020102040406010401C6
:1008100001010101040402010400000001010201C0
:1008200002010102010104040601040101010101A8
:100830000401020101000000F0B7FEFFFCB7FEFF5B
:100840003EB8FEFF64B9FEFF6EB9FEFFB2B9FEFF0F
:10085000F4B9FEFF32BAFEFF6ABAFEFF02B9FEFF2C
:100860009EBAFEFF28BBFEFF4AC7FEFF26C7FEFF5B
:100870004ACAFEFFA6CAFEFFAECDFEFFC8CBFEFFF2
:100880000ECCFEFF52CCFEFF8ACCFEFFCECCFEFF8C
:1008900026C7FEFF12CDFEFF88CDFEFF0000000040
:1008A000000000000000000000000087CCF2010002
:1008B0000A050200A2F301006C050200C6F3010064
:1008C00066F4010094F40100D8F4010076040200FB
:1008D000E603020004F6010030F60100A2F6010072
:1008E00048F7010056030200680202007601020088
:1008F00058E80100FAF701004EF8010080080200F4
:100900001808020080F8010028FA01007CFB0100B1
:1009100006FC010032FC0100D6080200DA080200E1
:10092000C8FC01000AFD0100DE080200E208020026
:10093000E6080200EA080200D806020054FD0100A1
:1009400032FE0100EE080200F2080200DEFE0100A5
:100950003C01020043483538785F424C455F4C49C2
:10096000425F56322E313300144EFFFF224EFFFFFE
:100970002A4EFFFF304EFFFF364EFFFF564EFFFF61
:100980005E4EFFFF644EFFFF6E4EFFFF744EFFFF93
:100990007A4EFFFF804EFFFF864EFFFF924EFFFF15
:1009A000984EFFFF9E4EFFFFE04EFFFFA44EFFFF5D
:1009B000AA4EFFFFB04EFFFFB64EFFFFC24EFFFF35
:1009C000E04EFFFFE04EFFFFE04EFFFFE04EFFFF77
:1009D000E04EFFFFE04EFFFFE04EFFFFE04EFFFF67
:1009E000CC4EFFFFBC4EFFFFE04EFFFFD24EFFFF9D
:1009F000DA4EFFFFDC53FFFF0854FFFF2A54FFFFCE
:100A00004054FFFF5454FFFF7054FFFF8E54FFFF0C
:100A10009E54FFFFB854FFFFCE54FFFFF054FFFF7A
:100A20000655FFFF1A55FFFF2E55FFFF4C55FFFFE0
:100A30005C55FFFF7655FFFF0857FFFF1C57FFFF70
:100A40003257FFFF5057FFFFC258FFFF9857FFFF75
:100A50009655FFFFAE57FFFFBE57FFFFE855FFFF5C
:100A6000E855FFFFA856FFFFB256FFFFC657FFFF2E
:100A70007257FFFFD657FFFF4858FFFF8A58FFFF06
:100A8000245BFFFF9E58FFFF9E58FFFF725AFFFF37
:100A90003259FFFF8058FFFF1A5BFFFF9E58FFFF90
:100AA000145AFFFFAA5AFFFF9E58FFFF9E58FFFFF0
:100AB0009E58FFFF9E58FFFF9E58FFFF9E58FFFF66
:100AC0009E58FFFF9E58FFFF9E58FFFF9E58FFFF56
:100AD000F458FFFFBE5CFFFFA05DFFFF725DFFFFEC
:100AE000D85DFFFFD85DFFFF505EFFFF945EFFFF04
:100AF000A05DFFFFA05DFFFFA05DFFFFA05DFFFF0A
:100B0000A05DFFFFA05DFFFFA05DFFFFA05DFFFFF9
:100B1000A05DFFFFA05DFFFFA05DFFFFA05DFFFFE9
:100B2000B45EFFFFB45EFFFFA05DFFFFA05DFFFFAF
:100B3000A05DFFFFA05DFFFFA05DFFFFA05DFFFFC9
:100B40000E5FFFFF0E5FFFFF7A63FFFF8463FFFF0F
:100B50009A63FFFFA663FFFFBA63FFFFC263FFFF55
:100B6000C863FFFFD063FFFFD863FFFFDE63FFFFB3
:100B7000E463FFFFEC63FFFFF263FFFFF863FFFF37
:100B80000064FFFF3A64FFFF3A64FFFF0664FFFF63
:100B90001064FFFF1664FFFF1C64FFFF2264FFFF69
:100BA0002A64FFFF3464FFFF1A64FFFF3664FFFF0F
:100BB0004A64FFFF6266FFFF6264FFFFBC64FFFFE1
:100BC000D064FFFFE464FFFFFC64FFFF1465FFFFD8
:100BD0002465FFFF3C65FFFF6266FFFF5465FFFF72
:100BE0006266FFFF6266FFFF6665FFFF8A65FFFFC3
:100BF000AE65FFFFC265FFFFD065FFFFE265FFFF47
:100C00002466FFFFFB349B5F800000800010000023
:100C100000000000070B0D1113171D1F25292B2F96
:100C2000353B3D4347494F535961FF003893FFFF20
:100C30007493FFFFA094FFFF4495FFFF5495FFFFBF
:100C40004096FFFFD895FFFFAE96FFFF5C97FFFF32
:100C5000C492FFFF4A94FFFFEC93FFFF2896FFFF2B
:100C600014DF020014D70200CAD60200EADB020039
:100C7000BADB02008CDB02004CDB02001EDB020050
:100C800000DD020004DD020098D9020008DD020048
:100C900058D902000CDD020034D9020010DD020038
:100CA00006D90200F6D80200BED8020014DD020008
:100CB0009CD8020018DD02001CDD020020DD0200CD
:100CC00024DD0200CED60200E2D6020028DD0200BA
:100CD0002CDD020030DD020034DD0200F8DC020011
:100CE00032D80200A8D70200FCDC020096DC020029
:100CF00030DC0200E6D60200000102020303030317
:100D0000040404040404040405050505050505059B
:100D1000050505050505050506060606060606067B
:100D20000606060606060606060606060606060663
:100D3000060606060606060607070707070707074B
:100D40000707070707070707070707070707070733
:100D50000707070707070707070707070707070723
:100D60000707070707070707070707070707070713
:100D700007070707070707070808080808080808FB
:100D800008080808080808080808080808080808E3
:100D900008080808080808080808080808080808D3
:100DA00008080808080808080808080808080808C3
:100DB00008080808080808080808080808080808B3
:100DC00008080808080808080808080808080808A3
:100DD0000808080808080808080808080808080893
:100DE0000808080808080808080808080808080883
:100DF00008080808080808082B43434C4B3A000031
:100E0000E0FE000002000000000E0300E1FE000012
:100E10002A2A0000262A0000272A0000292A00008A
:100E2000242A0000502A0000252A00000A18000089
:100E3000020000002C0E0300282A0000232A0000D4
:100E4000E0FF000002000000400E0300E1FF000090
:100E5000E2FF0000E3FF000002000000780E030044
:100E6000012A0000A62A0000012900000328000032
:100E700002290000002A00000018000001180000EC
:100E8000042A00000028000001280000052A0000B4
:100E9000411122C426C21754FD1F1304E42B97549A
:100EA000FD1F93842427944858409387419E06C68B
:100EB0009C43639FE60682975440B74736FE93876C
:100EC00007C8B6973387A7003A856364F700636461
:100ED000D7003305D7409754FD1F9384A43F9C4C03
:100EE00091CB938741AC94433707CDFF7D179C4648
:100EF000F98F9CC611E148409757FD1F9387C71D86
:100F0000DC53829719E59C4C99CFEF00AFFEEFF0D0
:100F10005EE89C4C89CB938741AC9843B70633007D
:100F20001C47D58F1CC7B2402244924441018280A5
:100F3000829798489757FD1F83C7571B54401D8FB2
:100F4000B307A7003E8563E4E700E3E6D7F83385FF
:100F5000D74051B718D6000088D400008AD40000CA
:100F600053706C69744143000000000000000000F1
:100F70000000000000000000010203040500000062
:100F800000000000889911112300000000000000FB
:100F90000000000000000000000000000000000051
:100FA0000000000000000000000000000000000041
:100FB0000000000000000000000000000000000031
:100FC0000000000000000000000000000000000021
:100FD0000000000000000000000000000000000011
:100FE0000000000000000000000000000000000001
:100FF00000000000000000000000000002000000EF
:10100000840E030001000000040E03000200000033
:101010006C0E0300010000005F26002002000000AB
:101020000C0E030003000000F62700200200000061
:10103000680E030001000000FC22002086FD000075
:10104000EEFC0000000000004F5441204368616E38
:101050006E656C0002000000840E030001000000B9
:10106000300E0300020000006C0E030001000000BF
:1010700072260020020000003C0E03000100000068
:1010800000280020020000006C0E03000100000098
:101090006426002002000000200E03000100000072
:1010A000B4060300020000006C0E03000100000003
:1010B0007026002002000000280E0300010000003E
:1010C000C4060300020000006C0E030001000000D3
:1010D0006126002002000000140E03000100000041
:1010E00078060300020000006C0E030001000000FF
:1010F0006226002002000000180E0300010000001C
:101100008C060300020000006C0E030001000000CA
:101110007126002002000000380E030001000000CC
:10112000D4060300020000006C0E03000100000062
:1011300063260020020000001C0E030001000000D6
:10114000A0060300020000006C0E03000100000076
:101150006026002002000000100E030001000000C5
:1011600068060300020000006C0E0300010000008E
:101170006F26002002000000240E03000100000082
:10118000682600205CFE0000000000000000000057
:1011900002000000840E030001000000440E030062
:1011A000020000006C0E0300010000007326002006
:1011B000020000004C0E0300030000006C5F0020E2
:1011C00002000000680E030001000000202500203E
:1011D00002000000700E0300030000000828002039
:1011E000020000006C0E03000100000074260020C5
:1011F00002000000500E030002000000E45F002027
:1012000002000000680E03000100000034250020E9
:1012100002000000700E0300030000000C280020F4
:10122000020000006C0E0300010000007526002083
:1012300002000000540E0300000000005C6000206B
:1012400002000000700E03000300000010280020C0
:1012500002000000680E0300010000004825002085
:10126000D80001000A00010000000000436861721C
:1012700061637465726973746963203100000000F2
:101280004368617261637465726973746963203263
:101290000000000043686172616374657269737471
:1012A000696320330000000002000000840E030088
:1012B00001000000580E0300020000006C0E030045
:1012C000010000007F26002002000000740E0300D1
:1012D0000100000000000000020000006C0E03008E
:1012E000010000007C26002002000000600E0300C8
:1012F0000100000094280020020000006C0E030092
:10130000010000008026002002000000800E030083
:101310000100000084260020020000006C0E030083
:10132000010000007E26002002000000640E030081
:10133000010000007D260020C85901001E5B01004D
:101340000000000002000000840E03000100000005
:1013500090260020020000006C0E03000100000037
:101360009B260020020000008C0E030000000000FD
:101370000000000002000000700E030003000000E7
:1013800000000000000000007C6701000000000079
:1013900000000000C2D4000026DB00003EDA00009E
:1013A000FF007800020A0000FFFFFF0E02020202A7
:1013B0000200000001D70700001001020202021A19
:1013C00018100000C3812F01020102020200000078
:1013D0005000A0000000E803FFFF00000200000032
:1013E0007C0E03000100FF20010502010110010134
:0C13F000000000000201000000000000EE
:020000040006F4
:10D000006F00101D000000000000000090000020D4
:10D0100092000020A9BDF9F3940000200000000058
:10D020000000000096000020980000200000000092
:10D03000000000009A000020000000009C0000207A
:10D04000000000009E000020A0000020A2000020A0
:10D05000A4000020A6000020A8000020AA000020B4
:10D06000AC000020AE000020B0000020B200002084
:10D07000B4000020B6000020B8000020BA00002054
:10D08000BC000020BE000020C0000020C200002024
:10D09000C400002001A001A001A001A001A001A0E6
:10D0A00001A001A001A001A001A001A001A001A078
:10D0B00001A001A001A001A001A001A001A001A068
:10D0C00001A001A001A001A001A073270080B71753
:10D0D0000020218B9387479D01CB7327008098C345
:10D0E00098435D9B731007800F10000037170040B6
:10D0F000930670052300D704930680FA2300D70413
:10D100000F1000008346B70493F6F60DA305D7046D
:10D1100023000704732600809443A18AD18E739064
:10D12000068023A007000F1000009376050263809D
:10D1300006180347A700118B3DE373270080218B5E
:10D1400001CB7327008098C398435D9B73100780C1
:10D150000F10000037170040930670052300D70416
:10D16000930680FA2300D7040F1000008346A7001F
:10D1700093E646002305D70023000704F32600802A
:10D180009843218B558F7310078023A007000F1041
:10D1900000001307004B010001007D176DFF73278E
:10D1A0000080218B01CB7327008098C398435D9B3F
:10D1B000731007800F1000003717004093067005AA
:10D1C0002300D704930680FA2300D7040F10000031
:10D1D0007D892314A7000100010001000100230044
:10D1E0000704F32600809843218B558F7310078026
:10D1F00023A007000F10000073270080218B01CBB4
:10D200007327008098C398435D9B731007800F10AD
:10D21000000037170040930670052300D7049306DB
:10D2200080FA2300D7040F1000000F100000B7266B
:10D23000004013061005A383C68023000704F326CD
:10D2400000809843218B558F7310078023A007001F
:10D250000F10000073270080218B01CB7327008003
:10D2600098C398435D9B731007800F100000371719
:10D270000040930670052300D704930680FA23002C
:10D28000D7040F1000008346B70493E60608A305F1
:10D29000D70423000704F32600809843218B558F81
:10D2A0007310078023A007000F1000008280937680
:10D2B0000504638706140347A700418B3DE37327EA
:10D2C0000080218B01CB7327008098C398435D9B1E
:10D2D000731007800F100000371700409306700589
:10D2E0002300D704930680FA2300D7040F10000010
:10D2F0008346A70093E606012305D7002300070411
:10D30000F32600809843218B558F7310078023A04C
:10D3100007000F1000001307007D010001007D17BA
:10D320006DFF73270080218B01CB7327008098C38A
:10D3300098435D9B731007800F1000003717004063
:10D34000930670052300D704930680FA2300D704C0
:10D350000F1000009376F50193E606042314D7001E
:10D36000010001000100010023000704F3260080F2
:10D370009843218B558F7310078023A007000F104F
:10D38000000013076004631FE50273270080218BF0
:10D3900001CB7327008098C398435D9B731007806F
:10D3A0000F10000037170040930670052300D704C4
:10D3B000930680FA2300D7040F100000B726004020
:10D3C000094695BD73270080218B01CB7327008010
:10D3D00098C398435D9B731007800F1000003717A8
:10D3E0000040930670052300D704930680FA2300BB
:10D3F000D7040F100000B72600401306200525BDF6
:10D4000073270080218B01CB7327008098C398433A
:10D410005D9B731007800F100000371700409306C4
:10D4200070052300D704930680FA2300D7040F1059
:10D4300000008356870093E6060C2314D700F5BB43
:10D440004111814601468145114506C6212C7327AD
:10D450000080B7170020218B9387479D01CB73274E
:10D46000008098C398435D9B731007800F100000E5
:10D4700037170040930670052300D704930680FAFF
:10D480002300D7040F1000008346670493E61600BC
:10D490002303D70423000704F32600809843218B3D
:10D4A000558F7310078023A007000F100000B240B3
:10D4B00041018280814601468145114565227327DD
:10D4C0000080B7170020218B9387479D01CB7327DE
:10D4D000008098C398435D9B731007800F10000075
:10D4E00037170040930670052300D704930680FA8F
:10D4F0002300D7040F100000FD562316D702230087
:10D500000704F32600809843218B558F7310078002
:10D5100023A007000F10000073270080218B01CB90
:10D520007327008098C398435D9B731007800F108A
:10D53000000037170040930670052300D7049306B8
:10D5400080FA2300D7040F1000008346670493E697
:10D5500016002303D70423000704F3260080984312
:10D56000218B558F7310078023A007000F10000038
:10D5700001A0BD473305F50201007D1575FD8280D0
:10D58000411122C426C206C6AA840144631794002E
:10D59000B240224492444101828005041305803E3A
:10D5A0004204C13F4180DDB72303048015472303B4
:10D5B000E48001002302A480828083076480E3CE9C
:10D5C00007FE23030480828083076480E3CE07FE86
:10D5D00003454480828083076480E3CE07FE2302F4
:10D5E000A4808280411126C44AC24EC006C6137769
:10D5F000F50BAD47AA892E8995446306F7001945B6
:10D600006537653F8D444E854537FD59FD14639858
:10D610003401B240A244124982494101828013552B
:10D6200009011375F50F453F2209CDB7011126CC2D
:10D6300006CEB704080051371545BD377137693735
:10D640002AC6A53F32459377150089EB136515006F
:10D650001375F50FF240E24405618280FD14E9FC88
:10D660000145CDBF397126DC4ADA4ED852D656D4A0
:10D670005AD25ED006DE62CE66CCB7E700E07D57B8
:10D6800083AA070022C603AA470023A0E71823A203
:10D69000E718B7170040130770052380E704130746
:10D6A00080FA2380E70483C74704930B75FFB68491
:10D6B000E20793FBFB0F8546AA892E8B328937241C
:10D6C0000040E187015763FA76016308D500894677
:10D6D000130700026313D5000157D98F93F7F70F93
:10D6E000B71C00402382FC0411472303E480130588
:10D6F000F00F5D3D094CD135636D7C11B705070016
:10D70000DA9537870700795563F2E504B38795000A
:10D71000636EF702370B0800A94733EB6501639985
:10D72000F90689E48144513D26850DA0DA85094535
:10D73000553D05090345F9FFFD14050B693D81C4FD
:10D740009377FB0FFDF7DD3569FD7D55B717004079
:10D75000130770052380E704130780FA2380E7048A
:10D7600003C74704418B2382E704F250B7E700E088
:10D7700023A0571123A24711E25432445259C259EF
:10D78000325AA25A125B825B724CE24C2161828057
:10D79000A5476395F90685691309F00FB30699004B
:10D7A000B3742B01B6941349F9FFB3749900856BD8
:10D7B00033796901416B9387F9FFB3F7270199E347
:10D7C00063FC340193D94900C147E3E637FF99BFB1
:10D7D0000569C1697D19D9B71305800D6388690191
:10D7E000130500026384790113051008CA85DD3B27
:10D7F000353D21DD4E99B3843441D9B7DA852D45C5
:10D80000D533CA94E30099F205097D3BA30FA9FE25
:10D81000D5BF9387F9FF93F7F70F6361FC0C83C7BC
:10D820001C0413073008631FF70437070800636BF5
:10D83000EB04B3079B00B706100063F5D704334B26
:10D84000EB0089476393F9068980D549E38C04ECA2
:10D85000DA850945413B11090327C9FF9147232078
:10D86000E48003076480E34E07FE23033481FD1741
:10D87000EDFBFD14110B81C49377FB0FE9FF7D33A2
:10D8800071F5E1B5B717004003C75704B7070800A3
:10D890001377070219E3B78707007955E378FBEAA6
:10D8A00033079B00E3FFE7F855B58547E382F9F2BC
:10D8B000DA852D45053B9389F4FFE38504E629339A
:10D8C00093F7390091EB832604800327090093071F
:10D8D0004900E39AE6E43E89CE84F1BFB5476396FA
:10D8E000F9001305900BC93135BDB1471305B00AD6
:10D8F000E38BF9FE99476391F904B7050800B36516
:10D90000BB002D45C53181448D4BA14975396396C6
:10D910007401832704802320F9008504E39834FFF1
:10D920008327048013172B01635507002312F90086
:10D93000D5BB2322F900FDB39D476399F9028145C8
:10D940001305B0044531BD442320090023220900FA
:10D95000FD599D3993F77400CA9703C70700FD145A
:10D96000398D2380A700E39634FF6DBBA1476392F6
:10D97000F9046D398144630D0B008D479304C00396
:10D980006308FB009304000563048B0193044004C7
:10D990001375C507E30895D8194539313939054557
:10D9A000213126850D3909453D314931E31C05D624
:10D9B00069BB91476399F90013056006F536F53E9A
:10D9C000130590090DB7E38F09D4F154A9BB0000EA
:10D9D0009741F91F9381018017A1F91F13018162FB
:10D9E00017F5FFFF130545629725F91F938585619C
:10D9F0001736F91F1306C6FD63FAC500832205001A
:10DA000023A0550011059105E3EAC5FE17050000A6
:10DA10001305054C9735F91F938585FB1736F91FBC
:10DA2000130646FB63FAC5008322050023A05500B8
:10DA300011059105E3EAC5FE1735F91F130585F9B0
:10DA4000938581A56377B500232005001105E36D5B
:10DA5000B5FEFD42739002BC8D4273904280B722A6
:10DA6000000093828288739002309722F91F93827C
:10DA7000625993E232007390523037170040930797
:10DA800070052300F704930780FA2300F7040F10B2
:10DA900000003C47B70600FAE116F58FB70600060E
:10DAA0009506D58F3CC7970200009382421C739065
:10DAB000123473002030B786B8ED014793860632E2
:10DAC00093170701C18363E3C7008280B387E50032
:10DAD00083C707003D8DA14713581500058911C163
:10DAE0003685FD1793F7F70F3345A800F5F70507BF
:10DAF000C1BF011122CC4AC84EC652C456C25AC038
:10DB000006CE26CAAA8AAE897D590144130B00109D
:10DB1000636E3401F24062441345F9FFD244424936
:10DB2000B249224A924A024B05618280B3878940FA
:10DB3000930400106365FB0093940701C1803305D3
:10DB4000540126869385018B4D2C4A852686938524
:10DB5000018B95372A89269465BF938781809443EA
:10DB6000374754311307F71401456399E60483C618
:10DB7000470005476394E60483C657001547636F63
:10DB8000D70203876700634B0702D44B3747030074
:10DB90006366D702411122C41306400A03A4470A50
:10DBA000938581807D5506C639371345F5FF018D74
:10DBB000B24022441335150041018280828037171C
:10DBC00000208327079D011122CC4EC606CE26CA0F
:10DBD0004AC89D669309079D1D646394D70013840A
:10DBE00007109384019B9C441306400A9385019B74
:10DBF00085077D559CC4C1351345F5FF23A2A40AB2
:10DC0000930600100146A28525459730F91FE7804D
:10DC100060A509C90145F2406244D2444249B24973
:10DC2000056182809306800A1386019BA28529459F
:10DC30009730F91FE78000A371FD13898180930657
:10DC4000800A13868180A2852D459730F91FE780D1
:10DC500060A169F119375DDD032789009C44E31B4E
:10DC6000F7FA23A0890005457DB779711305800473
:10DC700006D622D426D24AD04ECE52CC56CA9720AF
:10DC8000F91FE78080449306800A138681809D6592
:10DC90002D459730F91FE780E09C81440DE1753DEB
:10DCA000AA8411CD1306800A938581801385019B78
:10DCB0009D22B71700201D6723A8E79C85449D651A
:10DCC0009306800A13868180938505102D4513895C
:10DCD00081809730F91FE780E09845E5BD3D55C14B
:10DCE00089C81387019B832789001847998F635040
:10DCF000F0021306800A938581801385019B212AF7
:10DD00009D6737170020938707102328F79C938778
:10DD1000019B03C7570095471384019B6314F706C3
:10DD20004C48B74703001387F5FF637AF70637754A
:10DD30000300C1331C4C6314F50644488567FD1786
:10DD4000BE94FD77FD8C0149856963609904814427
:10DD500093090010377A0300856A4C4863EDB404D8
:10DD60000565413B1C4C631CF5021C48A3020400E2
:10DD7000230304005CC4232E040023200402813505
:10DD800011A0D1F48567829701A04E99856601465E
:10DD9000CA8505459730F91FE780C08C5DD54C4892
:10DDA00037750300B9331C4C6304F504A302040067
:10DDB00023030400E9B7858D9306001063E5B900DD
:10DDC00093960501C18236869385018B3385440184
:10DDD00036C62520B2461386018BB385540109450A
:10DDE0009730F91FE78000885DF993840410B5B778
:10DDF0009720F91FE780C06471B70D06719A8147BB
:10DE00003307F5006393C700828014433387F5001E
:10DE1000910714C3F5B7B3C7A5008D8B3307C500B1
:10DE200081E78D4763EEC700AA876370E50A83C662
:10DE3000050085078505A38FD7FEE3EAE7FE82800C
:10DE400093763500AA8791CA83C6050085078505A4
:10DE5000A38FD7FE93F63700FDB79376C7FF1386DF
:10DE600006FE63F0C70683A3050083A2450083AFC7
:10DE7000850003AFC50083AE050103AE450103A3D2
:10DE8000850183A8C5019385450223A0770003A8D7
:10DE9000C5FF23A2570023A4F70123A6E70123A867
:10DEA000D70123AAC70123AC670023AE17019387CC
:10DEB000470223AE07FF75B790419107910523AE46
:0CDEC000C7FEE3EBD7FEE3E4E7F6828048
:00000001FF
