:020000040000FA
:040000006FD00600B7
:101000006F20C020000000000000000090000020C1
:1010100092000020A9BDF9F3940000200000000018
:101020000000000096000020980000200000000052
:10103000000000009A000020000000009C0000203A
:101040000000000064020020A0000020A200002098
:10105000A4000020A6000020A8000020AA00002074
:10106000AC000020AE000020B0000020B200002044
:101070004E010020C6000020B8000020BA00002069
:10108000BC000020BE000020C0000020DC000020CA
:10109000C400002001A001A001A001A001A001A0A6
:1010A00001A001A001A001A001A001A001A001A038
:1010B00001A001A001A001A001A001A001A001A028
:1010C00001A001A001A001A001A0B71700401307D3
:1010D00000032388E702054723AAE1867300203036
:1010E00037470040834747C09146BD8B638FD70089
:1010F00063E7F60009476389E704730020309946E7
:10110000638AD7003147E39AE7FE3746004013056C
:10111000F00F0DA0834757C0CDB7034786C01377A4
:10112000F70F638DA6001388160023800701B6977A
:101130002381E70083C601C3938701C30347A6C089
:101140001377F70F79FB55BF978000E0E780A05732
:101150006DB71387C1F9034727059387C1F919EFC5
:10116000972001E0E780008BB7E700E03707000831
:1011700023A0E7180F10000073002030B73600409E
:1011800003C7464011463D8B6304C702636CE6000B
:101190008947E313F7FE89450145972001E0E78081
:1011A000C084D9BF1946630DC700B146E316D7FC0A
:1011B0004166B7380040938601327D169D4E89A066
:1011C00083C7564055BFC84B9385A19303D70500ED
:1011D000050503C88840C8CB1385C1930355050096
:1011E00005071377F73F1378F80F6311A70203D7AA
:1011F00007016305C70005072398E7002384D70389
:1012000003C7A8401377F70F5DFFBDB703D50500EF
:101210003695230005012390E500DDB7411122C476
:1012200026C24AC006C601441309703E512F97F0EA
:1012300000E0E7804070692797F000E0E7800074E5
:10124000412797F000E0E780607609E883A781985E
:10125000E37EF9FC97A000E0E780007A97B000E019
:10126000E780C0B90544D9B73727004083476700F6
:10127000858BB1C305462303C700138781991C439F
:1012800085071CC3138781981443A90614C313F759
:10129000170019E32387C198294733F7E70201E7CD
:1012A00085462386D19813074006B3F7E70281E706
:1012B0000547A386E1987300203073270080218BB7
:1012C0009387019E01CB7327008098C398435D9B51
:1012D000731007800F100000371700409306700549
:1012E0002300D704930680FA2300D7040F100000D0
:1012F0008346B70493F6F60DA305D704230007042D
:10130000732600809443A18AD18E7390068023A017
:1013100007000F100000937605026380061803474C
:10132000A700118B3DE373270080218B01CB73272E
:10133000008098C398435D9B731007800F100000D6
:1013400037170040930670052300D704930680FAF0
:101350002300D7040F1000008346A70093E6460041
:101360002305D70023000704F32600809843218B30
:10137000558F7310078023A007000F10000013077C
:10138000004B010001007D176DFF73270080218B4A
:1013900001CB7327008098C398435D9B731007802F
:1013A0000F10000037170040930670052300D70484
:1013B000930680FA2300D7040F1000007D892314C0
:1013C000A700010001000100010023000704F3262B
:1013D00000809843218B558F7310078023A007004E
:1013E0000F10000073270080218B01CB7327008032
:1013F00098C398435D9B731007800F100000371748
:101400000040930670052300D704930680FA23005A
:10141000D7040F1000000F100000B726004013067D
:101420001005A383C68023000704F3260080984399
:10143000218B558F7310078023A007000F10000029
:1014400073270080218B01CB7327008098C39843BA
:101450005D9B731007800F10000037170040930644
:1014600070052300D704930680FA2300D7040F10D9
:1014700000008346B70493E60608A305D7042300BB
:101480000704F32600809843218B558F7310078043
:1014900023A007000F100000828093760504638765
:1014A00006140347A700418B3DE373270080218B7F
:1014B00001CB7327008098C398435D9B731007800E
:1014C0000F10000037170040930670052300D70463
:1014D000930680FA2300D7040F1000008346A7006C
:1014E00093E606012305D70023000704F3260080B6
:1014F0009843218B558F7310078023A007000F108E
:1015000000001307007D010001007D176DFF7327A8
:101510000080218B01CB7327008098C398435D9B8B
:10152000731007800F1000003717004093067005F6
:101530002300D704930680FA2300D7040F1000007D
:101540009376F50193E606042314D7000100010009
:101550000100010023000704F32600809843218B3B
:10156000558F7310078023A007000F10000013078A
:101570006004631FE50273270080218B01CB732772
:10158000008098C398435D9B731007800F10000084
:1015900037170040930670052300D704930680FA9E
:1015A0002300D7040F100000B7260040094695BD60
:1015B00073270080218B01CB7327008098C3984349
:1015C0005D9B731007800F100000371700409306D3
:1015D00070052300D704930680FA2300D7040F1068
:1015E0000000B72600401306200525BD73270080A4
:1015F000218B01CB7327008098C398435D9B7310A8
:1016000007800F1000003717004093067005230075
:10161000D704930680FA2300D7040F1000008356E6
:10162000870093E6060C2314D700F5BB41118146D1
:1016300001468145114506C6EF10900673270080CC
:10164000218B9387019E01CB7327008098C3984319
:101650005D9B731007800F10000037170040930642
:1016600070052300D704930680FA2300D7040F10D7
:1016700000008346670493E616002303D704230083
:101680000704F32600809843218B558F7310078041
:1016900023A007000F100000B24041018280814664
:1016A000014681451145EF10A07F73270080218BF3
:1016B0009387019E01CB7327008098C398435D9B5D
:1016C000731007800F100000371700409306700555
:1016D0002300D704930680FA2300D7040F100000DC
:1016E000FD562316D70223000704F32600809843F3
:1016F000218B558F7310078023A007000F10000067
:1017000073270080218B01CB7327008098C39843F7
:101710005D9B731007800F10000037170040930681
:1017200070052300D704930680FA2300D7040F1016
:1017300000008346670493E616002303D7042300C2
:101740000704F32600809843218B558F7310078080
:1017500023A007000F10000001A0BD473305F502CC
:1017600001007D1575FD8280411122C426C206C686
:10177000AA84014463179400B24022449244410178
:10178000828005041305803E4204C13F4180DDB7DD
:1017900019CD91CD09CE81473387F50083460700E7
:1017A0003307F50085072300D700E317F6FE828094
:1017B00019C991C909CA910583A7C5FF11057D16ED
:1017C000232EF5FEC5BF828001C919C62A960505DC
:1017D000A30FB5FEE31DA6FE828081473307F50007
:1017E0000307070019E33E8582808507C5BF011105
:1017F0002E8626CAAA84131506019305F00441819A
:1018000022CC06CE32C6EF00F0512A8401C5324602
:10181000A685BD3F2285F2406244D24405618280A4
:10182000854715C18DC105C28147B306F5003387D1
:10183000F50083C60600034707006398E6008507A6
:10184000E315F6FE85473E8582808147EDBF93070D
:10185000F6FFBE952A966313C5008280FD1583C7E7
:1018600015000505A30FF5FEFDB7AA87014581CF39
:1018700009CE3E96850703C7F7FF6317B700E39BC2
:10188000C7FE0545828082800145828079719387F9
:10189000C19F22D4804306D626D24AD04ECE52CC07
:1018A00056CA5AC85EC65DCCB7C4C901014B9389FC
:1018B000419F9384F437176A0000130AAA8A976A33
:1018C0000000938AEA8D176900001309A9918357D4
:1018D000240085E35C44631B0B0023AEF19E832B45
:1018E000C4002285EF0070505E84B9A82326FB0057
:1018F000FDB783A7090082971C443307F540637640
:10190000F500032749001D8F2A9763E0E4089767D5
:10191000000023AF07888355240003450400971077
:1019200001E0E780A0535C405844A1CB0C4403265F
:101930004900AE97BE8663E4B70063E4C700B38690
:10194000C74014C4228B3A8459F0976700009387EC
:1019500027859C4B09476370F706F9171767000046
:101960002328F784B250225492540259F249624A11
:10197000D24A424BB24B4561828063150B0023AEC5
:10198000E19EB1BF2326EB0099BF03274A0209CF8E
:1019900063EFA7003385A74083A70A016376F500AC
:1019A0009767000023A6A780228B404471BF0327BE
:1019B0004900BA97C5B79757000023AB077E5DB7BC
:1019C000411122C417640000130404801C4006C6A1
:1019D00026C24AC091C782979757000023A6077E68
:1019E0009767000083C71798858B976400009384DE
:1019F000249795C397670000A386079683C7740052
:101A00001547637AF700052B83C77400F5178A071B
:101A1000A2979C4382971C4491C382971389819E0D
:101A200003270900175600000346967797570000D2
:101A300083C7077793961700BA9683D60600C5CE5C
:101A40009757000083C7C77563E1C70C975700001D
:101A5000238807741C40639507129767000083C7AB
:101A6000B79091CF83C7740093F7F70F89EB97670F
:101A70000000A38B078E971002E0E780805F9387BA
:101A8000419F9C43638E070E97570000938787758D
:101A9000DC4317570000232DF770CD3B975700000C
:101AA0009387476CDC53E9CF175700001307476F44
:101AB000184B9757000083C7376C6363F70C83C7D5
:101AC00074001547636EF70A9767000083C7C78DD8
:101AD000918BDDE7032609009756000083C6566CFC
:101AE00063C6D70A2244B2409244024941011733E7
:101AF00003E067006355850793F7F70F97560000DB
:101B00002380F66AE3E4C7F225BF86073E97835534
:101B10000700231007002398019E938701A09C4390
:101B2000175500000345C56713172500BA979C4356
:101B3000829783D7019F175700000347676693C7B3
:101B4000F7FF7D8D93171700032709003E978357F2
:101B500007005D8D2310A7009757000083C74764D7
:101B600091C7850717570000230CF762175700002D
:101B7000034707639757000083C79762E378F7EC42
:101B8000B2402244924402494101828013971700D7
:101B90003297035707006DF7850799B7AD6737C7C9
:101BA0000040BD072326F7200F10000097570000C4
:101BB0009387075FC84F83278726BD66BD0693C7F7
:101BC000F7FF99836A052326D7205D8D8280411116
:101BD000B7170040985F3AC6945F3247E39CE6FE31
:101BE0003245410182801305F00F82800111976711
:101BF00000009387E78222CC03A4070C26CA06CEF6
:101C00002AC42EC6854419E40145F2406244D244F8
:101C1000056182808347910003471400858B63042C
:101C2000F7000044CDB719469305A1001305240021
:101C3000C53EE31895FE0545C9BF1387C1AB1C43DC
:101C40009306001094C301000100010001001C4331
:101C500023A007008346150003482500A20642087A
:101C6000C29603480500C296034835006208C29632
:101C700094D78346550003486500A2064208C296E1
:101C800003484500C296034875006208C296D4D73F
:101C9000834695000348A500A2064208C296034861
:101CA0008500C2960348B5006208C29694DB83465D
:101CB000D5000348E500A2064208C2960348C500C5
:101CC0000345F500C2966205AA96D4DB83C61500CB
:101CD00003C52500A2064205AA9603C50500AA96DB
:101CE00003C535006205AA9694CF83C6550003C587
:101CF0006500A2064205AA9603C54500AA9603C53B
:101D000075006205AA96D4CF83C6950003C5A500C9
:101D1000A2064205AA9603C58500AA9603C5B5008A
:101D20006205AA9694D383C6D50003C5E500A20632
:101D30004205AA9603C5C50083C5F500AA96E2052B
:101D4000AE96D4D3D443F59AD4C3D44393E61600C5
:101D5000D4C3944393E6160094C3BA879443D842FD
:101D6000058B59E3984E01452300E6009843184F30
:101D70002183A300E6009843184F41832301E60026
:101D80009843184F6183A301E6009C43D84F230278
:101D9000E600D84F2183A302E600D84F41832303F6
:101DA000E600D84F6183A303E60098532304E600BE
:101DB00098532183A304E600985341832305E6004A
:101DC00098536183A305E600D8532306E600D85351
:101DD0002183A306E600D85341832307E600DC53A2
:101DE000E183A307F600828001008DBF138701AC59
:101DF0001443411122C49C5E4AC006C6998326C280
:101E0000858B3A841389C1ABD1C79C5E975400007F
:101E10009384045593F7F7F99CDE175700000347A6
:101E2000875493070008631BF700832709009C432E
:101E300093F70704175700002307F75283C70400DE
:101E400093F707048DC39387419F9C4382979757CD
:101E5000000023AFA75083C7040093F7F70B175771
:101E60000000230FF74E83C7440093F707049DE358
:101E7000854717570000A307F74E9387C1AC9C43D3
:101E8000096798C7130700FC97560000238CE64C9F
:101E9000D844F8D31C40985F1183058B09CB985F19
:101EA0003D9B98DF054797560000238DE64A985FD3
:101EB0001D83058B11CB985F1377F7F798DF854764
:101EC000175700002300F74A83270900D8430583EA
:101ED000058B19C7D843759BD8C3D843799BD8C302
:101EE000B24022449244024941018280397106DEA7
:101EF00016DC1ADA1ED82AD62ED432D236D03ACEF2
:101F00003ECC42CA46C872C676C47AC27EC0F93D8B
:101F1000F250E2525253C2533255A25512568256D3
:101F20007247E2475248C248324EA24E124F824F89
:101F30002161730020309387C1AC94439757000010
:101F40009387074203C70700058B11CB9757000003
:101F5000238A074097570000A3860740828003C763
:101F60001700058B65F7F85271FF83C75700DDB77F
:101F7000138801AC032708001C5F9583858BD1E78C
:101F800009C61C5BBD832300F60085CA83270800B1
:101F9000985B4607935767016356070093E707C0AE
:101FA000C207C18303970600C207C18709C7BA9752
:101FB0000947B3C7E7022390F60085CD8347150094
:101FC0008DCB9756000083C6063A93F60604138716
:101FD000970089478DCA3A9503470500854699477A
:101FE0001376F7066311D60262076187B947634C1F
:101FF0000700832708009C5FED838D8B1757000037
:10200000A305F73681473E8582808547EDBF4111A4
:1020100022C406C61384C1AC18402DE9AE877453A0
:10202000FDFE3E85B28597570000238C073297103E
:1020300002E0E78040D9938701AC9C43B70680005B
:102040009843558F98C3D857719BD8D7975700009E
:10205000A38A073097570000A38407301C40094724
:1020600098C31440175700001307872F8347270092
:10207000858B89EB83473700858BD9C39757000041
:102080002382072EB2402244410182808D47631E85
:10209000F500938701AC9C43B70680009843558FA9
:1020A00098C3D857719BD8D76DBF8547E31BF5FA06
:1020B0005447F977FD17F58F5CC70F1000001C40DF
:1020C000096798C7130700F817560000230CE62885
:1020D000138701AC1043184231830D8B11E71307AE
:1020E0006019F8D3D4C7B5BF1842094631830D8BA8
:1020F0006315C7001307E043EDB71307E01BD5B71F
:10210000FC52ADF741B75D71A2C4A6C22A84130682
:1021100080022800AE849305100886C6CAC04EDE31
:1021200052DCEFF06FEA3545971002E0E7800006D9
:10213000138301AC832703009376F41F138E41AD04
:1021400023A40700984B938EC1AC370FFCFF136795
:10215000F70398CBF84F130510F8B7020400137774
:1021600007E0558FF8CF9843F576FD16758F98C325
:102170009843B7063300930380251377F7E798C396
:10218000984311497D1F1377F7E71367071098C32A
:1021900003270E008549930F80021C47D58F1CC76B
:1021A00083A70E001307900D3400B8CB0147935559
:1021B0003700A69583C7050013767700B3D7C740CD
:1021C000858BE1C38327030083280E00239C07042B
:1021D0002390070603A8C8021378D8FF23A6080394
:1021E00083A807001378F70793F808F833E8080185
:1021F00023A0070103A847023368580023A207035E
:1022000083A80E00014823A2780603DA07066307B5
:10221000480303A80703038A06001358F80062085E
:102220001358884163580A0103A807031358F8009C
:102230002380060103D807061378F80F03AA48067F
:1022400063060A0003DA8705E37F49FB03A8470218
:102250003378E80123A2070383870600635CF40058
:1022600003C805003396C9001346F6FF337606010E
:102270002380C5003E8663D3A7002A8613158601F6
:10228000618505071377F70F8506E312F7F3B6406C
:10229000264496440649F259625A616182809386C7
:1022A000C1AC9C42D84713161701635506029847E4
:1022B00013161701635006027D57B8D71757000051
:1022C000130707EE584F0507175600002328E6EEC0
:1022D000116798C798470D83058B1DCB17570000D2
:1022E000034727081367170017560000230BE6065D
:1022F000130700F8175600002306E606214798C783
:10230000138701AC10435856719B1367170058D6BA
:102310009847058B0DC717570000034777041367CD
:10232000170017560000A30DE602054798C713874C
:1023300001AC10435856719B1367170058D6984745
:102340000983058B09E798470583058B21CF9847BB
:10235000175600001306C600138501AC0983058BD0
:10236000630307101841184331830D8B75EBAC4B99
:10237000184E93F5050203471700CDCD79EF1307EB
:102380007006D8CF034706001367170017560000E2
:102390002308E6FC114798C718415C57F19B93E767
:1023A00017005CD79C4298479316370163D6060204
:1023B0009756000083C6460EC18A175700001307C0
:1023C0002706C5CE03478707136707029756000005
:1023D0002384E60C056798C798479316270163D1B5
:1023E0000602175700000347E7F762076187635744
:1023F00007000547975600002386E6F6096798C749
:1024000098479316070163D606029756000083C6C5
:10241000B608858A1757000013078700ADCE03471B
:1024200097071367270097560000A387E6062167E2
:1024300098C7828029D785456315B7001307B00672
:1024400089B789456315B7001307F0061DBF8D4591
:102450006315B700130730072DB71307500715B7DB
:102460001307600739BF0347360013671700175675
:102470000000A308E6EE094739BF834687070946EF
:10248000BD8A6388C600034787078D463D8BE313EB
:10249000D7F4114725BF83469707918AC9DA0347C6
:1024A00097071367870041B7397106DE16DC1ADA21
:1024B0001ED82AD62ED432D236D03ACE3ECC42CAFC
:1024C00046C872C676C47AC27EC0D13BF250E25290
:1024D0005253C2533255A255125682567247E247A2
:1024E0005248C248324EA24E124F824F21617300B1
:1024F00020309387C1AC98438567938707777CD357
:10250000938741AD9C4383A60709139656006358F1
:10251000060083A6070913966600634406007453F9
:10252000FDF2828061C1AA870145DDCD8D07C2071A
:10253000C183F19BC207C18313074003636BF7029A
:10254000138701B60843138781B514436396A60227
:1025500017570000130707C1185B014551C7411108
:10256000C20706C60545DD8D0297B240014541010F
:1025700082801387C1B5F9B70357650035E3035768
:102580004500636FF704B306F7402146637CD6022B
:1025900003280500938687001D8FAA96611717569A
:1025A0000000035646C02392E60023A006012393B1
:1025B000060014C12312F500130786FF975600008A
:1025C0002393E6BE2313B5009755000083D5A5BD20
:1025D000B387F540175700002317F7BC2105828009
:1025E0000841ADB701458280828009CD938701B64D
:1025F00003A30700938781B583A8070081469A87C4
:1026000063E31701828003A807006369F50A636723
:10261000A80A13878700E367E5FE03D667002167F2
:1026200005076317E60003C741A90507238AE1A848
:10263000975500009385C5B603D6470003D76500BC
:102640002393070032974207418317550000231C4C
:10265000E5B4638867021385C1B508416303F502D9
:1026600003D5660019ED83D7460023A00601210794
:102670003E9621062392C600975700002395E7B2A5
:10268000B6879843E30017F99386C1B59442E30BEC
:10269000D7F683566700BDF683D64700035647003A
:1026A0001843A106B2962392D70098C383D765003A
:1026B000A107175700002318F7AE8280BE86C28795
:1026C00081B70327851163020712411122C406C690
:1026D0008347C5008345E5042A8493F7C70F230683
:1026E000F500834697000356C70013958601618560
:1026F00063F2C508635B05060345870093F6F6079A
:10270000A304D700054693E627006314C50093E6AB
:1027100017002306D4005C4389075CC3A30AB400F6
:10272000032504112E864C430905EFF06F8683279D
:10273000841103465401D44303D7C700B296118FC6
:10274000D4C32396E7008947A30DF400034764032D
:102750009757000083C727A26378F7048347C40014
:1027600093E707012306F40081A093E717002306EF
:10277000F4006DB79376F60F635D0502034587009D
:10278000854513E627006314B50013E617002306FA
:10279000C400A30AD400A30407008547A30DF400D6
:1027A000832784119C43DDF3B2402244014541015B
:1027B000828093E717002306F400A30AD400A30441
:1027C0000700032504114C430905EFE07FFC832734
:1027D000841103465401D44303D7C700B296118F26
:1027E000D4C32396E7008D4755BF05458280938764
:1027F00001B79C43411122C406C6858B2A84C5EFCC
:102800004165130525F597C002E0E78020D845C54E
:102810008347A5002315F50083270412BDE7232075
:10282000A4122322A41285472311F40423200500B7
:102830008347640154412316F5000347D400230461
:10284000E5000547A304E50017570000130747B14B
:10285000184F1385170215811C437D151375F50F4D
:102860009CC25C43DCC21C479CC65C47DCC61C4B5C
:102870009CCA5C4BDCCA1C4F9CCE5C4FDCCE19CD95
:102880009386060213070702C1BF8327441288C339
:10289000835724042322A412850779B79757000091
:1028A00083D787B8850717570000231FF7B6B240B4
:1028B0002244410182808347C40023090400054566
:1028C00093C747002306F400DDB78347850193F7DC
:1028D000E70FC5EF83479501CDEB034625018346FE
:1028E000C50009CA83456503175700000347B78829
:1028F00063E7E50013F7060151CB014709C6C18A1A
:102900000357651C81C68356A51C369741C3130720
:10291000C712175500000355658DB335A70237461A
:102920000F00411113060624814622C426C206C6A2
:102930007D543305A70297F002E0E78040D0975717
:10294000000083C7B783B384A7009757000093871D
:1029500027AD03A787098327070963F387003E8410
:10296000184375FB9387419F9C438297814763641B
:10297000A400B307A440B2402244B3B7970093C762
:10298000170092443E854101828081473E858280C6
:102990009387C1AC98437C53FDFF8280797126D226
:1029A00006D622D44AD04ECE52CC56CA5AC85EC69B
:1029B0008347550303447513AA843E941374F40F9C
:1029C0009307400263F687001304B4FD1374F40FF9
:1029D00003AA841383AAC413A38B8412228652856C
:1029E000D68597F002E0E78000C0058915E503CBA6
:1029F000D41201498149337B6403930B50024A8608
:102A00005285D68597F002E0E780E0BD058915C5BF
:102A1000639169031374F90F238B8412B25022540B
:102A200092540259F249624AD24A424BB24B456132
:102A300082808509E20993D989410509E31179FD6D
:102A4000E1BF8327850903560504797193D60701F1
:102A5000BD8EC206C182358E1357764093575640BD
:102A6000898B058B5D8F93573640918B5D8F935784
:102A70001640A18B5D8F93171600C18B5D8F931746
:102A8000360093F707025D8F931756009355860023
:102A900093F707041E065D8F1376F60F518F93D7B9
:102AA000554013D63540118A898BD18F13D6754086
:102AB000D18F13D61540218AD18F13961500418AE4
:102AC000D18F1396350013760602D18F13965500D9
:102AD000137606049E05D18F93F5F50FCD8FA207CF
:102AE00045465D8F3307C70222D42A8426D252CCB2
:102AF00056CA032A8413832AC4135AC806D63697A3
:102B00004207418393577740135557400989858B76
:102B1000C98F135537401189C98F13551740218923
:102B2000C98F131517004189C98F13153700137505
:102B30000502C98F131557009355870013750504B7
:102B40001E07C98F1377F70FD98F13D5354013D7C9
:102B500055401189098B498F13D57540498F13D57D
:102B600015402189498F139515004189498F139587
:102B7000350013750502498F13955500137505042B
:102B80009E05498F93F5F50F4D8F2207D98FB38797
:102B9000C7024AD04ECE5EC662C4B697C207C18392
:102BA00013D7774013D557400989058B498F13D523
:102BB00037401189498F13D517402189498F1395C3
:102BC00017004189498F1395370013750502498F06
:102BD0001395570093D58700137505049E07498FF9
:102BE00093F7F70FD98F13D5354013D75540118977
:102BF000098B498F13D57540498F13D5154021890D
:102C0000498F139515004189498F13953500137528
:102C10000502498F13955500137505049E05498FCC
:102C200093F5F50F4D8F2207D98FB387C70213068F
:102C300050025285D685B697BD8E93940601C18009
:102C400033F6C402137BF60F97F002E0E780A099F9
:102C500005890DED8347D41201498149B384970258
:102C6000130C5002C1804A865285D68597F002E047
:102C7000E78060970589937BF90F11C5638634035C
:102C8000850993F9F90F0509E31F89FD230B6413E7
:102C9000B250225492540259F249624AD24A424BEB
:102CA000B24B224C456182805E8BCDB7797122D4C4
:102CB00006D683C735002E8423160100A307F10032
:102CC00083C74500100802C02307F10083C75500E1
:102CD0008A8502C2A306F10002C402C802CA02CC5D
:102CE00002CEEFE09FF50347F10183470400014561
:102CF0006310F7020347E10183471400014563199C
:102D0000F7000345D101834724001D8D13351500BD
:102D1000B250225445618280011197470000938789
:102D2000277022CC03A4870C26CA4AC84EC606CEFA
:102D3000AA8413092500854915C083C714000347D9
:102D40003400858B6304F700405CFDB7194693059A
:102D500044004A85EFE0DFACE31835FF2285F240FE
:102D60006244D2444249B249056182804111974789
:102D700000009387E76A22C403A4870C26C24AC0D6
:102D800006C693042500054901E82285B240224485
:102D90009244024941018280A6851305A402393775
:102DA000E30525FF405CCDB74111974700009387AD
:102DB000276722C403A4870C26C24AC006C6930410
:102DC0002500054901E82285B24022449244024987
:102DD00041018280A6851305A401C93DE30525FFB5
:102DE000405CCDB72303048015472303E480010032
:102DF0002302A480828083076480E3CE07FE23033E
:102E00000480828083076480E3CE07FE034544800C
:102E1000828083076480E3CE07FE2302A480828041
:102E2000411126C44AC24EC006C61377F50BAD4702
:102E3000AA892E8995446306F70019456537653FD1
:102E40008D444E854537FD59FD1463983401B240D9
:102E5000A244124982494101828013550901137528
:102E6000F50F453F2209CDB7011126CC06CEB70498
:102E7000080051371545BD37713769372AC6A53F58
:102E800032459377150089EB136515001375F50F1F
:102E9000F240E24405618280FD14E9FC0145CDBFAA
:102EA000397126DC4ADA4ED852D656D45AD25ED080
:102EB00006DE62CE66CCB7E700E07D5783AA070046
:102EC00022C603AA470023A0E71823A2E718B717D2
:102ED0000040130770052380E704130780FA23805E
:102EE000E70483C74704930B75FFB684E20793FB9F
:102EF000FB0F8546AA892E8B328937240040E18753
:102F0000015763FA76016308D5008946130700026A
:102F10006313D5000157D98F93F7F70FB71C004003
:102F20002382FC0411472303E4801305F00F5D3D69
:102F3000094CD135636D7C11B7050700DA953787E9
:102F40000700795563F2E504B3879500636EF702D5
:102F5000370B0800A94733EB65016399F90689E44B
:102F60008144513D26850DA0DA850945553D050969
:102F70000345F9FFFD14050B693D81C49377FB0FF1
:102F8000FDF7DD3569FD7D55B71700401307700566
:102F90002380E704130780FA2380E70403C747046C
:102FA000418B2382E704F250B7E700E023A05711DA
:102FB00023A24711E25432445259C259325AA25AFA
:102FC000125B825B724CE24C21618280A547639563
:102FD000F90685691309F00FB3069900B3742B0144
:102FE000B6941349F9FFB3749900856B337969017D
:102FF000416B9387F9FFB3F7270199E363FC340131
:1030000093D94900C147E3E637FF99BF0569C16914
:103010007D19D9B71305800D638869011305000276
:103020006384790113051008CA85DD3B353D21DD38
:103030004E99B3843441D9B7DA852D45D533CA9436
:10304000E30099F205097D3BA30FA9FED5BF938745
:10305000F9FF93F7F70F6361FC0C83C71C04130798
:103060003008631FF70437070800636BEB04B307EE
:103070009B00B706100063F5D704334BEB0089477C
:103080006393F9068980D549E38C04ECDA85094518
:10309000413B11090327C9FF91472320E48003071F
:1030A0006480E34E07FE23033481FD17EDFBFD141E
:1030B000110B81C49377FB0FE9FF7D3371F5E1B507
:1030C000B717004003C75704B70708001377070274
:1030D00019E3B78707007955E378FBEA33079B00CC
:1030E000E3FFE7F855B58547E382F9F2DA852D4528
:1030F000053B9389F4FFE38504E6293393F7390010
:1031000091EB832604800327090093074900E39A83
:10311000E6E43E89CE84F1BFB5476396F900130516
:10312000900BC93135BDB1471305B00AE38BF9FEE9
:1031300099476391F904B7050800B365BB002D45B5
:10314000C53181448D4BA14975396396740183273C
:1031500004802320F9008504E39834FF832704804A
:1031600013172B01635507002312F900D5BB232247
:10317000F900FDB39D476399F90281451305B00439
:103180004531BD442320090023220900FD599D3902
:1031900093F77400CA9703C70700FD14398D238085
:1031A000A700E39634FF6DBBA1476392F9046D3924
:1031B0008144630D0B008D479304C0036308FB003B
:1031C0009304000563048B01930440041375C50741
:1031D000E30895D819453931393905452131268516
:1031E0000D3909453D314931E31C05D669BB91478D
:1031F0006399F90013056006F536F53E130590094D
:103200000DB7E38F09D4F154A9BB0000970100204A
:103210009381C1CA175100201301C1DE17E5FFFFDA
:10322000130585DE97D5FF1F9385C5DD17F6FF1FB4
:103230001306C6FD63FAC5008322050023A05500CE
:1032400011059105E3EAC5FE171503001305C5EB4B
:1032500097F5FF1F938585FB1386018763FAC500E9
:103260008322050023A0550011059105E3EAC5FE60
:1032700013850187973500209385052D6377B50069
:10328000232005001105E36DB5FEFD42739002BCDD
:103290008D4273904280B72200009382828873909F
:1032A000023097D2FF1F9382E2D593E232007390EF
:1032B000523037170040930770052300F704930737
:1032C00080FA2300F7040F1000003C47B70600FA0D
:1032D000E116F58FB70600069506D58F3CC797B265
:1032E00000009382A27873901234730020303D4323
:1032F0002A876373C3029377F700BDEFADE593763A
:1033000006FF3D8ABA960CC34CC30CC74CC7410795
:10331000E36BD7FE11E28280B306C3408A069702B0
:10332000000096966780A6002307B700A306B700A3
:103330002306B700A305B7002305B700A304B70011
:103340002304B700A303B7002303B700A302B70009
:103350002302B700A301B7002301B700A300B70001
:103360002300B700828093F5F50F93968500D58DE5
:1033700093960501D58D61B79396270097020000BB
:1033800096968682E78086FA9680C1171D8F3E96B4
:10339000E374C3F8A5B73367B500FD530D8B79E728
:1033A000B7877F7F9387F7F710419441B372F60098
:1033B0003363F600BE92B3E262006397720C631847
:1033C000D6065041D441B372F6003363F600BE9284
:1033D000B3E262006398720A631BD60410459445F9
:1033E000B372F6003363F600BE92B3E262006391FB
:1033F000720A631ED6025045D445B372F600336399
:10340000F600BE92B3E26200639A72086311D602BC
:1034100010499449B372F6003363F600BE92B3E2EA
:103420006200639372085105D105E30FD6F61317B6
:10343000060193970601631CF7001357060193D703
:1034400006013305F7409375F50F91E982804183BA
:10345000C1833305F7409375F50F91E182801377AF
:10346000F70F93F7F70F3305F74082800346050007
:1034700083C60500050585056313D60065FA330587
:10348000D640828011059105E312D6FE0145828067
:103490002105A105E31CD6FC014582803105B1055B
:1034A000E316D6FC014582804105C105E310D6FC38
:1034B00001458280011122CC06CE3714004026CA75
:1034C0004AC84EC652C483447405034AB4058349AE
:1034D000840503499405EFD0D0528347A40593F4A3
:1034E000F40F137AFA0F93E71700230DF40493F9FE
:1034F000F90F1379F90FB717004003C7A705058B1C
:103500006DFF03D5C705A38D4705238C3705A38C15
:103510002705A38B9704F2406244D2444249B24942
:10352000224A0561828041119397050122C406C693
:10353000C1872E8463DD0700EFE0206019C1EFE052
:10354000A0582165218DB24022444101828093F729
:10355000150013C51500E5FB9397250163D20708F5
:10356000EFE0F16FB717004083C7E70293F7C70F8B
:1035700093E71700F3260080A18A91CAF326008002
:1035800023A0D19E83A6019EDD9A739006800F1022
:103590000000B7160040130670052380C60413060A
:1035A00080FA2380C6040F1000002387F6022380D0
:1035B0000604F326008083A7019EA18BD58F73900C
:1035C000078023A0019E0F10000003C5018737F676
:1035D0000200130606E08965EFE0101F09659DB73C
:1035E000939715010145E3D007F63725030013052E
:1035F0008528EFD0521D03C501871306006491652D
:10360000EFE0901C11653DBFB7250300374503006F
:103610001D71494693850524130545A686CE97D08E
:10362000FF1FE780E01F01E937250300130545254B
:10363000EFD0721901A0B7F600E0795798CAFD578C
:10364000DCCA0567B7E700E023A0E7101306F00225
:1036500090C223A0E7180F1000001306C003814595
:10366000480897D0FF1FE7802016B74700209387B0
:1036700047623ECA896793870780231CF10093073E
:10368000B00F2312F1029547A301F10285472303EE
:10369000F102A305F102B7270100938727803EDAE4
:1036A000B7F50700B737000035479387474B81468A
:1036B0007000E10519452304E1023EDE97E0FF1F9B
:1036C000E780007E58088147994670003E96034681
:1036D000060085070507A30CC700E398D7FED2476D
:1036E00091C70357810185676373F70001A04808FC
:1036F000EFE07056AA8501C937250300130585261A
:10370000EFD0227801A0F640256182804111373543
:10371000000022C41305655206C613840187EFE03A
:1037200010502300A4001928034504002244B2408D
:1037300013060032896541016FE01009411106C688
:10374000F3270080A18B91CBF327008023A0F19E6B
:1037500083A7019EDD9B739007800F100000B717B1
:103760000040930670052380D704930680FA2380D7
:10377000D7040F10000083C6F70293E67600A387F4
:10378000D70223800704F326008083A7019EA18B24
:10379000D58F7390078023A0019E0F1000001305A2
:1037A000407E81470147814605468545EFD0F02997
:1037B000B240014541016FE0907EB717004003A57C
:1037C000470C21810589828083470500214793C7E3
:1037D000F7FF93F7F70F93968701E186860793F734
:1037E000F70F63C706027D171377F70F6DF70345D1
:1037F00015003D8DA14713178501618706051375D7
:10380000F50F634A0700FD1793F7F70FEDF7828076
:1038100093C71703C9BF13451503F5B785451305AE
:1038200000106FD0D0648545130500206FD0306440
:10383000371700408327C70C8D451305001093E709
:1038400007102326F70C6FD09062371700408327AC
:10385000C70C8D451305002093E707202326F70C9E
:103860006FD0F060114517D3FF1F670003EF4111C0
:1038700006C67D3FC53F453FF5374D37B240410154
:10388000D5B7011152C481452A8A414506CE22CCC2
:1038900026CA4AC84EC656C2EFD0305389450145A4
:1038A000EFD0F013EFD0D00A931A0501B7170040FC
:1038B000416593DA0A01238C0704D14901441309B5
:1038C000F5FF8144EFD07016569542054181AA87D5
:1038D00063739500A68793940701C180AA876373D9
:1038E000A900CA87FD19C2091399070193D90901D3
:1038F000135909012A94E39709FC33852401098CA3
:1039000049453355A4026244F240D2444249B24987
:10391000924AD285224A0561420541816F90F01496
:10392000411106C622C4DD3DFD3D2D3FB7170040C5
:1039300083A7470C93F7072091E70145B240224443
:10394000410182809D3D254419C5DD35213FF53D6E
:10395000113F0545E5B7953509E97D141374F40F5A
:10396000ED350937C935FD3D7DF41137B93571FDA8
:10397000E9B7011122CC26CA4AC806CEAA8421443E
:103980003719004093978401E18763D407047935A0
:10399000D13D513DC13D8327490C93F7072085CF89
:1039A0007D1486041374F40F4D3593F4F40F79F8F5
:1039B000B5354D3D8D3D7D350935133515002AC68C
:1039C00069354D353245F2406244D2444249056181
:1039D0008280B93D75BF0145FDB7238C01862380E8
:1039E0000188238201884111239D018606C6239107
:1039F00001882D350D3DB7570020938747B103C788
:103A0000C7B0B240136787002386E7B041018280C8
:103A100003C58187828003C50188828003D5A18781
:103A2000828003D521888280797106D622D426D25D
:103A30004AD04ECE52CC1387418883460700638E0E
:103A4000061683A6818883A78198958FA54663FB78
:103A5000F61A2300070003A7019823AEE186C935B3
:103A6000630C050E13059008293781446305050E84
:103A7000154A994965332149014406041374F40F2A
:103A80005D33CD331D3B19C1136414007D191379C7
:103A9000F90F653BC13BE31209FE638C440F493BC0
:103AA0005933C9335D337D3B953B3C00A69723805A
:103AB00087008504E39034FD5D3B28003133834764
:103AC000A100639BA7081305B100FD398347D1000E
:103AD0006394A70803478100834791008345C10091
:103AE00022075D8F9307606D3307F702A167138686
:103AF000F7FFC1679386F7FF8347B100A207CD8F19
:103B00009305204EB387B70232973347D702B29757
:103B1000B3C7D7021307E7E342079306803E418706
:103B2000938747FC63D4F6009307803E63D3070076
:103B30008147239DF186B7570020938747B185467B
:103B40002398E7AE238CD1869D462380D18803C776
:103B5000C7B05D9B85A0213B9387218803D70700D1
:103B6000C166FD166305D70005072390E70028000E
:103B7000093B15C103578100B7570020938747B110
:103B800085462398E7AE238CD186239D0186E546A2
:103B90006DBF693131B7238C01864147239D018672
:103BA0002380E188B7570020938747B103C7C7B088
:103BB000136787002386E7B0B1A09384418803A7E9
:103BC000C1871384C18709CB83A7019863E6E70007
:103BD000998F25476378F702A1330DCD130580082F
:103BE000493B014911C51305D00F61333339A0009A
:103BF000BD396301090285472380F40003A781983A
:103C000023A4E188B250225492540259F249624AE4
:103C10004561828083A701981CC03DBFB786B8ED7F
:103C200001479386063293170701C18363E3C700F8
:103C30008280B387E50083C707003D8DA1471358F5
:103C40001500058911C13685FD1793F7F70F334528
:103C5000A800F5F70507C1BF411122C4AA852A842F
:103C600031467D5506C65D3F930504011306C00A23
:103C70007537B24022441345F5FF4101828001119E
:103C80002306A1006C0011467D5506CEA306010057
:103C90002317010061370566B74500201306A6A06B
:103CA0009385D5B3A53FF2401345F5FF05618280AA
:103CB000411122C4AA852A8431467D5506C6B93FE2
:103CC0009305040113064009913FB2402244134575
:103CD000F5FF41018280411122C4AA852A8413067E
:103CE0004009138581B806C6EFD0A2090347140026
:103CF000B7570020938747B12384E7B003472400D8
:103D0000A384E7B0034734002385E7B003474400AA
:103D1000A385E7B0B2402244410182808357050069
:103D2000411122C43744002006C6130744B12311B1
:103D3000F700834725001306000A9305C5002312E8
:103D4000F700834635008567BA97A382D7B08356BC
:103D50004500130444B12393D7B083466500238202
:103D6000D7B08346750014D3835685002313D7023A
:103D70008346A500138547A32302D702EFD0620034
:103D8000014729469307370A9207A29783C647003F
:103D90000507BD9A2382D700E316C7FEB24022442E
:103DA0004101828041111306C00A814506C622C422
:103DB0002A84EFF0CFD3B7470020938747B103D7CA
:103DC00027008565BE952310E40003D7470013063E
:103DD000000A938545A32301E40003C7150D1305CD
:103DE000C400A301E40003D7250D2312E40003C798
:103DF000050D2303E4009853A303E40003D76702EF
:103E00002314E40083C747022305F400EFC0727750
:103E1000814729461397470022978346C7008507A5
:103E2000BD9A2306D700E397C7FEB2402244410162
:103E30008280411122C406C6328426C20146B3875D
:103E4000C6008387070093140601C180B1E70357BA
:103E50000400014893071700C207C183B388970085
:103E6000C20893D8080163E315032310F4002A97CE
:103E70002300C70083570400B6853E95EFC07270DB
:103E8000835704000548BE9423109400B240224496
:103E90009244428541018280050693170601C18341
:103EA000E3EFE7F80148DDB703580600636BB8009D
:103EB000014582800145B2402244924402494101B9
:103EC0008280930718004111C20726C206C622C489
:103ED0004AC0C1832310F6002A98034908009314AE
:103EE0000901C180E3F8E4FC33879700420741836E
:103EF000E3E2E5FC3284B305F5004A863685EFC07F
:103F00005268B30625012380060083570400054547
:103F1000BE942310940045B71971A2DCD6D2DAD032
:103F200086DEA6DACAD8CED6D2D4DECEE2CCE6CAB7
:103F3000EAC8AA8A2E84328B23A0050023A205009A
:103F400023A40500B146AA8550002D4597E0FF1F28
:103F5000E78000F515C563110B020145F650665464
:103F6000D6544659B659265A965A065BF64B664CB5
:103F7000D64C464D0961828085472300FB00F1BF86
:103F80001247FD576316F70085472305F400F1B784
:103F9000B757523293873795E311F7FC0347C100B7
:103FA000A947E3ECE7FAAA8431464C007D55056A3F
:103FB000B531AA89130CAAA0930C0004138DCA0072
:103FC000930B9AA0B3079C403E89C207C18363F458
:103FD000FC0013090004420913590901CA8610089C
:103FE000B3059D002D4597E0FF1FE78060EB25F5A9
:103FF0004E854A860C081D31CA94AA89E3F49BFCBD
:1040000093056AA191460A86D6952D4597E0FF1F34
:10401000E78000E929F1824793C9F9FFE39F37F36D
:104020005CC08347C100224705452304F40085474F
:1040300018C0A304F4001DB70DCD1387F5FF137747
:10404000F70FB946814763E4E60201479306E005AE
:10405000B307E50083C70700811793F7F70F63EAFB
:10406000F60005079377F70FE3E4B7FE85473E8533
:1040700082808147EDBF1441B7474332938737159C
:10408000639CF60203564500411122C406C68D46C4
:104090002A848147631DD6000356A5009306C00AF3
:1040A0006317D600553E5C44898F93B71700B24022
:1040B00022443E854101828081473E858280AA95C7
:1040C0008387F5FF9DEF01471306E0059305200266
:1040D0001308C005B307E5008387070099E305458A
:1040E000828093F7F70F938607FE93F6F60F636AC5
:1040F000D6006388B700638607010507420741833E
:10410000D1BF01458280797106D622D426D24AD009
:104110004ECE52CC56CA5AC883C79500F1C73289D1
:10412000AE842A84AA85B14650002D4597E0FF1F32
:10413000E78000D75DE5056A374B00209306AAA00B
:104140001306DBB39305C4002D4597E0FF1FE780FE
:1041500020D541E993056AA191460A86A2952D458D
:1041600097E0FF1FE780C0D32DED1247B7575232BB
:10417000938737950149631BF7048349C100A94719
:1041800063E63705A24A9C406392FA048247C44022
:10419000639EF40231464C007D55EFF03FA81306B4
:1041A000AAA09305DBB3EFF07FA71345F5FF631FCC
:1041B0009500B74700204E85238E37B3C93423A21C
:1041C000A18A23A4518B23A6818A0549B250225487
:1041D0004A8592540259F249624AD24A424B456199
:1041E000828085472300F9000149CDB7411122C4DF
:1041F000138481B81306000981451305440006C6DF
:10420000EFF0EF8EB717040A938717901CC09547FD
:104210002302F4008547A303F400B7073C0093870B
:10422000B7751CC4B70778009387C7035CC4130530
:1042300044072244B240B72503001D469385C52F8D
:1042400041016FC0123441112E86AA857D5506C6E4
:10425000EFF0DF9CB2401345F5FF41018280184129
:104260004111B757463226C206C622C44AC09387B8
:1042700047048144631AF702034745008547814498
:104280006314F702034955002A843105CA856D334A
:1042900001CD22998307C90081EBF145228565375D
:1042A000444C898C93B41400B240224426850249C0
:1042B000924441018280144137575434130727E553
:1042C000639AE604411122C406C6034645028546A8
:1042D0002A84014763EBC60203465502914663E612
:1042E000C602834665023D46C11693F6F60F636E1D
:1042F000D600034675028D4663E9C6009305800229
:1043000099371854098F13371700B24022443A8561
:104310004101828001473A858280372500201307BA
:104320008520B72503002313070023140700231556
:10433000070023160700231707001D469385052F46
:10434000130585206FC0F223372500201305852033
:104350008280797106D622D426D24AD07D3F1306B8
:1043600000029305F00F0A85EFE07FF88965930658
:1043700000020A86938505202D4597E0FF1FE78000
:1043800020B221ED2A890A85D93DAA84014419C9A0
:104390003725002041466C0013058520EFC0721EB2
:1043A00022498544130600029305F00F0A85EFE0C9
:1043B0001FF48965930600020A86938505302D4512
:1043C00097E0FF1FE780C0AD09CD19442285B250A8
:1043D0002254925402594561828005448144014926
:1043E000D1B70A85AD3D0DC191C4A247338927419C
:1043F000635A20013725002041466C0013058520B3
:10440000EFC0321861D4D1B769F0E9F021447DBF23
:1044100039714ED656D206DE22DC26DA4AD852D47C
:104420005AD0AA8AAE890939854715C513060002F4
:104430009305F00F0A85EFE09FEB096493060002F5
:104440000A86930504202D4597E0FF1FE78040A5CD
:104450002A8909CD9947F2506254D2544259B2592F
:10446000225A925A025B3E85216182800A85C53BB1
:104470002A8A130B043009C52249054A130B04206C
:10448000130600029305F00F0A85EFE05FE609646A
:10449000930600020A86930504302D4597E0FF1F1E
:1044A000E78000A045F90A855D3B11C9A2441304C9
:1044B0000420630C0A00B38724416348F000896735
:1044C00013840720CA8463018B0C69468145130558
:1044D0006100EFE0DFE1B7574632938747044E862D
:1044E0003EC0D6858547850468002302F100A302FB
:1044F000310126C4EFC0F208F1450A85A9332ACE5E
:10450000930600100146A285254597E0FF1FE7802E
:10451000209929F1930600020A86A285294597E091
:10452000FF1FE780E0971DF5130600029305F00FCB
:104530000A85EFE0DFDB930600020A86A2852D459F
:1045400097E0FF1FE780C095E31605F00A85013B61
:10455000A147E30205F02247E39FE4EE0347510041
:10456000E31B37EF4E86D6856800EFC0227FA14758
:10457000E31305EE3725002041466C001305852026
:10458000EFC032008147C1BD138407303DBFB7473C
:104590000020938647B103D62600938747B105458F
:1045A00029C683D54600130700026360B704056778
:1045B0003697834557B0894663E9B602034847B04A
:1045C000636505036397D500035767B019CF630E82
:1045D000E60098530545636AE50003C547021305E5
:1045E000E5FA1375F50F1335D50A8280411126C2FD
:1045F0004AC0856437490020138604B1130549B1C8
:10460000814522C406C6EFE09FCEB75701BB938712
:10461000B72A130449B1232AF9B095472312F400AD
:104620000547B38784002382E7B07D572302E40265
:1046300037070A051307974023A4E7B011472386DD
:10464000E7B0E546054723A6E7AE239CD7AE18C4DE
:10465000B240224423AA018823AC918802499244A3
:10466000410182805171CECF9389018903A709004E
:1046700086D7A2D5A6D3CAD1D2CDD6CBDAC9DEC7CA
:1046800099476301F708938A418903A90A001544F1
:10469000631DA90CED3D2A846317050E1306C00B9C
:1046A00081454800EFE0BFC44808EFF0AFEFB747DF
:1046B0004332938737153EC28D472314F100050915
:1046C000C167138BF7FF935709012316F1004800C8
:1046D0009307C00A138A8189231521012317F1004A
:1046E000EFF08FD783240A00AA8B2AC893B4140052
:1046F000B20485660146A685254597D0FF1FE78051
:10470000207A19C1194495A09306C00B5000A685C4
:10471000294597D0FF1FE780A0786DF59306C00B61
:104720005000A6852D4597D0FF1FE780607731E9BF
:104730004800EFF05F9431C5B2470357A100B3F7CB
:104740006701C207D98F631EF902C247639BFB0250
:104750009305C00A480823A02A0123209A00EFF0FD
:104760009FAE23A6A18823A009002285BE502E5407
:104770009E540E59FE496E4ADE4A4E4BBE4B6D6149
:1047800082802144DDB70544CDB71571A2CDA6CBFB
:104790001306C00B9305F00F480086CFCEC723A8A1
:1047A0000188A38D018ACAC9D2C5D6C3EFE03FB440
:1047B0009306C00B500081452D4597D0FF1FE78021
:1047C000206EAA89938401891384B18B6316051026
:1047D0004800EFF05F8A81479306F00F1307C00B84
:1047E00050003E96034606006316D60E8507E399F1
:1047F000E7FE054A014915C54808EFF02FD2835757
:10480000C1000357A1009305C00AC207D98F23AA8C
:10481000F188480823AC0188EFF0FFA223A6A18805
:1048200005491306C00B9305F00F4800EFE03FACBD
:104830009306C00B500085652D4597D0FF1FE7807C
:104840002066AA8A49ED4800EFF0FF823335A000C8
:1048500081479306F00F1307C00B50003E960346A6
:104860000600631FD6068507E399E7FE8547B3E98F
:10487000590155C5138A4189630D09008357C10049
:104880000357A100C207D98F03270A00998F6353EA
:10489000F00C4808EFF08FC88357C1000357A10000
:1048A0009305C00AC207D98F2320FA00056748087C
:1048B00023ACE188EFF03F9923A6A188638C09021D
:1048C00099479CC08347040093E727002300F40026
:1048D0000149BDA0014A39BF0149014A99B70145C3
:1048E000814771B763060A0081C785479CC0A1A0B4
:1048F0009547EDBF6305090623A00400D1BF91478A
:104900009CC083470400AA853725030093E727004E
:104910001305052C2300F400EFC0A25655BF631EFB
:104920000902E38109FC99479CC08347040093E78F
:1049300027002300F4005D391949639309002149D8
:10494000FE406E444A85DE444E49BE492E4A9E4A88
:104950002D618280E38209FAA5B7E39309F6938972
:10496000418903A50900FD392A8951F989479CC06D
:104970008347040083A509003725030093E7170048
:104980001305C5282300F400EFC0A24F55BF3171B5
:10499000480006DF22DDEFF0EFC09305C00A4800B3
:1049A000EFF07F8A83A7C1886318F50203A7018906
:1049B00091476307F7000145FA506A5429618280E4
:1049C000138441890840793965F9184085470545C0
:1049D000E313F7FE4139CDB703A54189E5BF03A530
:1049E0004189828003A501898280411106C622C4C3
:1049F00026C22A84EFF09FBF8547014523A8F1888E
:104A000095319384018909E503A54189A13915C12F
:104A100091479CC09387B18B03C707002A84136713
:104A200027002380E7002285B240224492444101BE
:104A300082808D4711E09D479CC075D49387B18BD0
:104A400003C707000144136717002380E700E1BF95
:104A5000317152D523AA018A2389018A238D018AC3
:104A60009386418B1387218B9387A18B4AD94ED78D
:104A700056D362CD66CB6AC96EC7239C018A06DF16
:104A800022DD26DB5AD15ECF814D014C014D814C98
:104A9000814A02C601498149138A818B36C83ACAC4
:104AA0003ECC1306C0029305F00F2810EFE03F84C0
:104AB0009305C002B385BA028D6793940A019306E9
:104AC000C00230102D45C180BE9597D0FF1FE780F2
:104AD000203D19C9850423109A000549850A9307CA
:104AE0000004E390FAFC39A0A2577D57639BE70CC2
:104AF00023109A001306C0029305F00F2810EFE070
:104B00000FFF99659306C0023010938505E02D458F
:104B100097D0FF1FE780C038631B050E2257FD5753
:104B20006308F70E2810EFF00FF9630E05125247D5
:104B30008547B2542300F70063860900B3876441B8
:104B40006353F0021306C0022C10C808EFC06223A2
:104B50006254A64B034CC104834DD104034DE104C0
:104B6000834CF104268BB7440020938744B18569B8
:104B7000BE996146EC08138549ADA2D2EFC0622010
:104B8000B75700204167938444B1938747B163646A
:104B9000E4001304F7FF239089B023AA740123A62D
:104BA00087AF23AAB7AF239CA7AF23AE97AF63030A
:104BB0000C00814BC24723A87401854923A06701DB
:104BC00091A82810EFF02FEF21C1B257638609009A
:104BD000338767416356E0021306C0022C10C808F1
:104BE0003ECEEFC0021AF2476254A64B034CC104FA
:104BF000834DD104034DE104834CF1043E8B854980
:104C0000850423109A00D9BD85473EC6D5BF054906
:104C1000E39B09F4B24789CB9387B18B03C70700A5
:104C2000136717002380E700630209046247854782
:104C300019492300F7009387B18B03C70700136757
:104C400027002380E700FA506A544A85DA544A590B
:104C5000BA592A5A9A5A0A5BFA4B6A4CDA4C4A4DAC
:104C6000BA4D2961828085473EC65DB7E39D09FC48
:104C70002149D1BF1971A6DA83C4A18B86DEA2DCDB
:104C8000CAD8CED6D2D499C89944F650665426854F
:104C90004659D654B659265A09618280B7575434BA
:104CA000938727E53EC43749002083A7418B13092A
:104CB00049B105644A948507930544AD61460808E7
:104CC0003EC602D8EFC0E20B83274901930580025C
:104CD00028003ED48327C4AE130AF0039389418B86
:104CE0002306F102832744AFA306F102835784AF62
:104CF0002307F1028327C4AFA307F102EFF0AFD47B
:104D000083D7818B2AD81384818B6374FA0819693D
:104D1000930600100146930509E0254597D0FF1F33
:104D2000E780001819C1A1448DB79306C002300076
:104D3000930509E0294597D0FF1FE780601665F5C8
:104D40009306C0025018930509E02D4597D0FF1F28
:104D5000E780001569F91306C0024C182800EFB06F
:104D6000F27F71F14818EFF00FD555DD0547238923
:104D7000E18A83570400637EFA00856601468D65EB
:104D8000254597D0FF1FE780A011E31F05EE2310F4
:104D90000400035904009307C0029306C0023309BC
:104DA000F9028D67300029453E99CA8597D0FF1FCB
:104DB000E780000F8357040085072310F400E315F4
:104DC00005EC9306C0025018CA852D4597D0FF1FE9
:104DD000E780000D29F91306C0024C182800EFB037
:104DE000F27731F15257B7575434938727E5E31CD4
:104DF000F7F27644930580024818EFF0CFC4E3142D
:104E0000A4F2B2471384218B23A0F9008347040046
:104E1000E38D07E69965930600100146938505E04A
:104E2000254597D0FF1FE780A007E31005E6230084
:104E30000400A1BD5D71A2C403C4018B86C6A6C2D5
:104E4000CAC04EDE52DC56DA5AD85ED611CC1944AE
:104E50002285B640264496440649F259625AD25AEF
:104E6000425BB25B61618280B747002083C4C7B3F5
:104E7000A94763EA970E2685EFE07FE083A7418A82
:104E8000AA8A1389418AE385A7FCB75752329387D0
:104E900037953EC483A7818A02C8314685072C0016
:104EA0007D553EC623089100EFE05FD70566374A7F
:104EB00000201306A6A09305DAB32AC2EFE01FD69E
:104EC00083A6C18A1345F5FF2AC21167938B818A95
:104ED000138BC18A99646383E600916485660146F9
:104EE000A685254597D0FF1FE78080FB2DF1B146B1
:104EF0003000A685294597D0FF1FE78060FA21F989
:104F000085699386A9A01306DAB39385C400294561
:104F100097D0FF1FE780C0F81DF9938569A19146DE
:104F20005000A695294597D0FF1FE78060F705F14F
:104F300001464C082685EFE03FFE05C93247D247BF
:104F40006395E702E24612476391E6028346C10198
:104F500003470101639BE6002320590123A0FB00C6
:104F600023209B00F5B50544E5B52144D5B539713D
:104F7000130671002C00116506DE26DA4AD84ED6DB
:104F800022DCA3030100EFE03FF92A891306710038
:104F90004C081965EFE05FF82388018AAA89938499
:104FA000018B4DC163070900D2472247998F635D8A
:104FB000F008130671004C081965EFF0CF940DC18D
:104FC0000344710045C085472380F4009387B18B6B
:104FD00003C707001944136727002380E70075A063
:104FE00063090900130671002C001165EFF0AF9101
:104FF00061F9056637450020B74700201306A6A0D3
:1050000081451305D5B3238E07B2EFE04FAE23A23F
:10501000018A23A4018A196723A6E18A83477100C4
:10502000DDF38347210189C78347E1012144B1EFC3
:105030009387B18B03C707002144136717002380B0
:10504000E700A1A0E30709FA130671002C0011651F
:10505000EFF06F8B35F5E38E09F8130671004C08FD
:10506000196569B7630339039384418A03A904006E
:10507000934719009CC07D3B9387B18B19ED03C703
:105080000700136717002380E7002285F25062545F
:10509000D2544259B2592161828003C7070023A02C
:1050A000240113672700C5B72DC5B725030041119B
:1050B0000D469385852F22C406C62A84EFB0124A76
:1050C000814739E10307F40021E38D471D46A545DB
:1050D0006545BD46639CC700034774001307F7FB93
:1050E0001377F70F637EE500814739A83307F40093
:1050F00003470700130707FD1377F70FE3E6E5FE05
:105100008507E399D7FC8547B24022443E8541019B
:10511000828081473E8582806D151375F50F9D470E
:1051200063E9A7026D161376F60F054563E4C7021F
:10513000A94763E1B702B315B50093F5F57799C9AF
:1051400063EAD7003315D5001375F57713351500CD
:10515000828005458280011106CE22CC26CA4AC82B
:105160004EC663070514034905000544630B091087
:105170009377C90F639707108346450003463500B0
:1051800083452500AA840345150079372A846311D5
:10519000051203C75400854763ECE71003C764009A
:1051A00063E8E71003C7740063E4E71083C7940063
:1051B00003C78400A207D98F638C070E83C7B4008E
:1051C00003C7A400A207D98FC517C2070567C1830B
:1051D000930617E063EEF60C83C7D40083C6C400C1
:1051E000130767E0A207D58FD917C207C183636190
:1051F000F70C83C7F40003C7E400A207D98F89170F
:10520000C207C1831307A0236364F70A9305000351
:1052100013850401EFE0BFEA41CDD14513850404B5
:10522000EFE0FFE951C593894405930500024E85DF
:10523000EFE0FFE835CD93864407814793050002F0
:1052400005451308C0059308B0023387F40003072F
:1052500047071396070141820DEF39CA03864407B9
:105260001307F0026306E604B6978387F7FF6381AE
:10527000E70413792900630609004E853535133498
:1052800015002285F2406244D2444249B249056188
:10529000828063DFE5001306E7FD1376F60F63797E
:1052A000C50063070701630517018507E39FB7F88A
:1052B0000544C1BF1441411137574D3226C206C6BD
:1052C00022C4130737F48144639FE60283464500F6
:1052D0000D472A8481446398E602834655001307EC
:1052E000100A6392E6028356A50013074009639CE7
:1052F000E600EFE0FF9B5C446397A7001305040101
:10530000993D93341500B2402244268592444101D0
:1053100082801571D6C386CFA2CDA6CBCAC9CEC70F
:10532000D2C5DAC15EDFAA8A3D3583C7118BC9EBCE
:10533000AA846313050E13064009938581B8568528
:10534000EFB0D22103A4C1899389C18911E169E435
:1053500083A7018A0967138A018A13890710638367
:10536000E7000969B7574D32938737F43EC6E977AE
:105370009387371005042318F100C167138BF7FFDB
:105380009357040113064009D685231AF1006808D3
:1053900093074009231BF10002CC23198100EFB0D1
:1053A000521E6800EFE0DF90AA8B2ACC9306001013
:1053B0000146CA85254597D0FF1FE78060AE19C119
:1053C000994499A89306400A7000CA85294597D048
:1053D000FF1FE780E0AC6DF59306400A7000CA85B8
:1053E0002D4597D0FF1FE780A0AB79F96800D9352C
:1053F0001DC1034711019307100A631EF700D2472E
:1054000003572101B3F76701C207D98F6315F40071
:10541000E247638FFB00A144FE406E4426854E495F
:10542000DE44BE492E4A9E4A0E4BFA5B2D618280B5
:1054300083A70900568523202A01850723A0F900A8
:10544000EFE07F89D1BF1571DAC11306400A9305D9
:10545000F00F680086CFA388018AA2CDA6CBCAC967
:10546000CEC7D2C5D6C35EDF62DDEFD05FE893065C
:10547000400A700089652D4597D0FF1FE78040A244
:10548000138B118B6315052E31466C000A85EFB026
:10549000520F68000535014419C503441101130476
:1054A000F4F51334140081479306F00F1307400AF4
:1054B00070003E9603460600631FD60C8507E399ED
:1054C000E7FE854A014905C0835741010357210181
:1054D0006808C207D98F23AEF188096723A0E18A43
:1054E0000549EFE04FFF1306400A9305F00F6800EF
:1054F000EFD0FFDF89659306400A700093850510A1
:105500002D4597D0FF1FE780A099631205266800FC
:105510005533814419C5834411019384F4F593B440
:10552000140013F6F40F81479306F00F1307400A97
:105530006C00BE9583C505006391D5068507E39988
:10554000E7FE054A9375F40FF1C8835741010357ED
:105550002101C207D98F1387C1896307090014434A
:10556000B386D740635ED00A1CC389679387071050
:10557000680823A0F18AEFE00FF615C00145FE4050
:105580006E44DE444E49BE492E4A9E4A0E4BFA5B9B
:105590006A5C2D618280814A35B7014A65B7096925
:1055A000B7574D329389C189938737F403A7090010
:1055B0003EC6E977938737102318F1000507C167C6
:1055C00013064009938581B82319E100938BF7FFF7
:1055D0004183930740096808231AE100231BF10067
:1055E00002CCEFB0027A6800EFE08FEC2A8C2ACC74
:1055F000930600100146CA85254597D0FF1FE78016
:10560000208A0DC985472300FB009387B18B03C710
:105610000700136727002380E7008DB7630F090693
:10562000E38EC5F403A9018A8967E31AF9F6130921
:105630000910BDB79306400A7000CA85294597D066
:10564000FF1FE780E0855DFD9306400A7000CA8574
:105650002D4597D0FF1FE780A0844DF56800EFF03F
:105660007FC54DD1E247E31FFCF8D2470357210124
:10567000B3F77701C207D98F23A0F90023A0218BAC
:1056800019C0E31D0AEE99C0E39A0AEE9387B18B25
:1056900003C7070013671700BDBFEFE03FB523AE98
:1056A000018889679387071023A0F18A0247B757BB
:1056B00050329387C7246319F708A244A1450A858D
:1056C000EFE07FB86392A40883444100034B51008C
:1056D0008349610003497100DA854E86CA862685B2
:1056E000EFF09FA335E1938781B8A38097002381D2
:1056F0006701A38137012382270129476395E402CB
:1057000011476312EB022147639FE900631D990073
:105710002547A380E7000567130747A02391E7000B
:1057200015472382E700138581B8EFE0CFDA93872E
:10573000B18B03C70700138581B813671700238057
:10574000E700EFF01FBD25BD138581B8EFE0AFD8AE
:1057500063850A002145E3140AE29387B18B03C7EE
:1057600007002145136717002380E70009BDEFE01C
:10577000FFA7EFE09FBA138581B8EFE0CFD523AE46
:10578000018889679387071023A0F18A8547230042
:10579000FB009387B18B03C70700194513672700E8
:1057A0002380E700E9BB138581B8828003A5C18906
:1057B000828003C581B80589828003C581B80581CF
:1057C000058982807971D54706D622D426D24AD05F
:1057D0004ECE2317F10009E90545B25022549254E8
:1057E0000259F2494561828065DAD147AE84E3F51A
:1057F000B7FE8D472300F500938981B883C7090060
:10580000328993860901A300F50083C719001306A6
:10581000E1002A842301F50083C72900A301F500D4
:1058200083C739002302F50083C74900A302F500AE
:1058300083C759002303F50083C76900A303F5005C
:1058400083C779002304F50083D78900A304F500FA
:1058500083D78900A1832305F50083D7A900A30579
:10586000F50083D7A900A1832306F50083D7C900DB
:10587000A306F50083D7C900A1832307F50083D7CA
:10588000E900A307F50083D7E900A1832308F50009
:1058900083A7C18913D78700A308F5002309E50072
:1058A00013D70701E183A309E500230AF5001307D5
:1058B0000003EFE00FD80DD151479386090413067A
:1058C000E100A6852285EFE0CFD6E30705F01307B8
:1058D0000002938649051306E100A6852285EFE0C4
:1058E0004FD5E30B05EE1307000293864907130615
:1058F000E100A6852285EFE0CFD3E30F05EC8357C7
:10590000E10001452310F900C9BD0111D54706CEBC
:1059100022CC26CA4AC82317F10001E90545F24006
:105920006244D2444249056182806DDAD147E3F78F
:10593000B7FE034705008D47E312F7FEB2842E89B8
:105940002A8413064009938581B82685EFB0624307
:105950008347140015452380F40083472400A38067
:10596000F400834734002381F40083474400A3817B
:10597000F400834754002382F40083476400A38229
:10598000F400834774002383F40083478400A383D7
:10599000F4008347A40003479400A207D98F23840F
:1059A000F400A183A384F4008347C4000347B40038
:1059B000A207D98F2385F400A183A385F400834730
:1059C000E4000347D400A207D98F2386F400A18303
:1059D000A386F400834704010347F400A207D98F8C
:1059E0002387F400A183A387F400834714010347AE
:1059F000240122075D8F83473401C2075D8F8347EF
:105A00004401E207D98F03A7C189E31AF7F013070E
:105A10000003938604011306E100CA852285EFE0A6
:105A2000AFC8E30D05EE5147938604041306E10069
:105A3000CA852285EFE04FC7E30205EE1307000297
:105A4000938644051306E100CA852285EFE0CFC5A1
:105A5000E30605EC13070002938644071306E100F2
:105A6000CA852285EFE04FC4E30A05EA8357E100C7
:105A7000E39627EB2685EFF00FEE55B56FF0BF9C50
:105A8000317122DD26DB4AD94ED706DFAA892E895D
:105A9000B2843684EFF04FE883C7118B9DEB1DE194
:105AA00013064009938581B86800EFB0822D680025
:105AB000A306310123072101A307910023088100D8
:105AC000EFF03F85FA506A54DA544A59BA592961BD
:105AD00082801945C5BF01114AC8138581B81305D5
:105AE000450522CC06CE26CA02C002C202C402C6A6
:105AF000EFF08FDB1384C1BD11C54146A2850A8535
:105B0000EFB02228856601468965254597C0FF1FAD
:105B1000E78000396318050E856601468D652545C9
:105B200097C0FF1FE780C037631E050C996493067A
:105B300000100146938504E0254597C0FF1FE780CC
:105B400020366311050C856601469165254597C091
:105B5000FF1FE780E0345DE58566014699652545D0
:105B600097C0FF1FE780C03351ED85660146814530
:105B7000254597C0FF1FE780A03249E585660146AD
:105B80008565254597C0FF1FE780803125ED23AA55
:105B9000018A239C018A2389018A238D018A23A2F9
:105BA000018A23A4018A23A6918A2388018AA388D3
:105BB000018A23AE018889679387071023A0F18AA1
:105BC000EFE0CFE241468A852285EFB0821B138544
:105BD00081B8A38D018AEFF0CFF30DE537240020C3
:105BE00013058420EFB082409375F50F13058420D0
:105BF000EFE01F8201E96244F240D244424905616C
:105C00006FE0BFDEF2406244D2444249194505616B
:105C1000828003C5B18B8280C16705668146FD170E
:105C2000130616021397060141836364B7003E858D
:105C300082803307D500034707002207B98F214729
:105C4000139807018607C20713580841C18363539D
:105C50000800B18F7D171377F70F7DF38506D9B74D
:105C6000854755CDCDCDC5CE011126CA83546500DB
:105C700006CE22CC4AC84EC61307000F63699708A8
:105C800099C0184549C71389B4004209135909013D
:105C90008547636E2607930750FA2380F5008947EE
:105CA000A380F50083470500B6892E842381F50083
:105CB00083572500A381F500A1832382F500834744
:105CC0004500A382F500834755002383F5008357E1
:105CD0006500A383F500A1832384F50003566500C6
:105CE00011C60C4513059400EFB0A20993859400EA
:105CF000C205C18122850D379305E9FF2E9423004B
:105D0000A4002181A300A400239029018147F2402F
:105D10006244D2444249B2493E85056182803E8553
:105D20008280854755C94DCA29476377B70A011153
:105D300022CC06CE26CA4AC84EC6834605001307A3
:105D4000500A2A846392E608834615000947639D3A
:105D5000E6068349850003477500A209B3E9E90017
:105D60001307000F636237079384B900C204C18030
:105D7000639CB404F91493950401C181A2943289FF
:105D8000613D03C7140083C7040022075D8FA1474C
:105D9000631CE5028347240025042300F9008347A0
:105DA000B4FF0347A4FFA207D98F2311F90083474B
:105DB000C4FF2302F9008347D4FF231339012324AE
:105DC0008900A302F9008147F2406244D24442496B
:105DD000B2493E85056182803E85828011C51306E9
:105DE000001581456FD0AFD082800548630F05183C
:105DF000638D0518638B061863890718914863F64D
:105E0000C818797106D622D426D24AD04ECE52CCAA
:105E100056CA5AC85EC662C403C9250041439308E6
:105E2000F9FF93F8F80F6364130B83CB150063F04D
:105E30002B0B6D1693140601C1801306600F636867
:105E4000960803C605001373F6036312030813BE16
:105E50001B0013537600631C6E061982B3887841C9
:105E600093B81800058A6394C80683C945003E8A22
:105E700083C73500A2093A8BB3E9F90083470500CF
:105E8000B68A2E8C2A8489CB8357250063963701E6
:105E900083474500638B2701228589378547230087
:105EA000F40023113401230224011C44B3D77701E9
:105EB000858BA5EB8357C4009306B00F33879700FB
:105EC0004207418363F2E6022285093F0548B2504A
:105ED000225492540259F249624AD24A424BB24B7E
:105EE000224C42854561828093991B00A29913053B
:105EF00024052398F9023E95268693055C00EFA0C1
:105F000052688357C400A6972316F400239799007C
:105F10008547B3977701832B8400B3EBFB002324E1
:105F200074011444814733D7F600058B29CF8507C8
:105F300013F7F70FE36927FF930BE40081498144CE
:105F4000130C240503D60B00B3079600C207C183C8
:105F5000E36CFBF683D52B0233859A008509E29525
:105F6000EFA0326283D70B0093F9F90F890BBE942F
:105F7000C204C180E31839FD23109A002285EFF096
:105F8000FFE50148A9B70D4899B74285828093D7AC
:105F900085002300B500A300F50093D70501E1813A
:105FA0002301F500A301B500828037470020930646
:105FB00047B18567B69783A6C7AE1336150023A6EB
:105FC000C7AE93B61600130747B16380A60283D607
:105FD00047AE41667D166385C60085062392D7AE1F
:105FE00083A7019811C11CCB5CCB8280BD47638421
:105FF000F500054582802320060023220600231495
:106000000600230506000347150083470500220705
:106010005D8F2310E6000348250023010601834518
:106020003500A301B6008347550083464500A2070B
:10603000D58F2312F60003436500230366008348CF
:106040007500A303160183469500034E8500A20642
:10605000B3E6C6012314D6000345A5002305A60018
:1060600049DB93060002E3E606F98946E3E3B6F866
:106070000548E36068F8E36E18F7639CD500B5DB6C
:10608000E309F7F61305E5FA1375F50F1335D50A8D
:10609000828023120600FDB723AE018A828023AEE0
:1060A000018A82809387C18B9443014591CA03A7DB
:1060B00081980545158F6345070023A0070001451A
:1060C0008280411122C406C626C24AC0B9472E8426
:1060D0006312F510A547054963E1B706B7440020F0
:1060E000938744B198538547938444B1114963160B
:1060F000F70493071010B387F502A69783C797029A
:106100008DCF13F4F50F2285EF20504D0D4915C5A5
:106110009D4763ED8700B72503000A04938545304A
:106120002E941C4082870545EFF03FE813052003BD
:10613000EF10602E0149EF401023B24022444A85FF
:1061400092440249410182800145F9BF8567BE94AE
:10615000854723AAF4AED9BF8567BE949147D5BFC2
:106160008567BE948947F5B78567BE948D47D5B7D7
:106170008567BE9403D784AFB7570020BD4641174B
:1061800042074183938747B163F5E6006547239C47
:10619000E7AE03D787AFF946E3EAE6F80507239CA5
:1061A000E7AE69B78567BE9403D784AFB7570020C1
:1061B000BD46411742074183938747B163F5E60027
:1061C0006547239CE7AE03D787AFC146E3F0E6F609
:1061D0007D17F1B79307F5FF93F7F70F31472A893A
:1061E000636AF71A372703008A0713074732BA97FB
:1061F0009C4382878547E3E2B7F4B334B0009384CD
:1062000004082685EF203023630605182685EF2035
:10621000304563030518854733358000E306F9F000
:106220008947631DF90CB7570020938747B123AA0C
:1062300087AEEDBD91479384150AE3F4B7FC054999
:10624000EDBD938705F6C207C18313076009E368B4
:10625000F7FEA944B3F79502FDF3B3D495029384F6
:10626000040345B78D4793841505E3FCB7F8C1BF18
:10627000894793841506E3F6B7F8D1B78547E3E07D
:10628000B7FCB334B00093840407A5BF8547E3E8A7
:10629000B7FAB334B0009384040BA5B78547E3E0A5
:1062A000B7FAB334B0009384040CA1BF8547E3E888
:1062B000B7F8B334B0009384040DA1B78547E3E089
:1062C000B7F8B334B0009384040E25BF8547E3E8E4
:1062D000B7F6B334B0009384C40925B78547E3E02B
:1062E000B7F6B334B0009384E40921BF8547E3E8EF
:1062F000B7F4B334B0009384640921B78D47631CAD
:10630000F900A945B355B402B7570020938747B1A8
:10631000239CB7AE21BD91476319F900B757002000
:10632000938747B123AE87AE11B5B5476314F9041F
:10633000B7570020938747B183D787AF37570020DF
:10634000BD46C117C207C183130747B163F5F60005
:10635000E547231CF7AE835787AF01C8F946E3E74B
:10636000F6DC8507231CF7AED1B3C146E3F0F6DCBB
:10637000FD17CDBFAD47E31BF9DA0545EFF0FFC2CE
:10638000114711E00547B7570020938747B123AA6B
:10639000E7AE69BB114955B30D4945B31171A2DD93
:1063A000CED786DFA6DBCAD9D2D5D6D3DAD1DECF17
:1063B000E2CDE6CBEAC9EEC72310060083474500CD
:1063C000130700052E84B289E38CE7322A89636FB4
:1063D000F71649476380E7506363F7081547638EF4
:1063E000E73C636AF70005476380E72E0947638748
:1063F000E73491445DA641476380E7404547E39A0F
:10640000E7FEB7470020938747B103D727002390C3
:10641000E50003D747002381E50005673E978346E3
:1064200057B0A381D500835667B02392D5000347A8
:1064300047B02383E5009853A383E50003D76702A1
:106440002394E50083C747022385F500EFE02FD9A9
:10645000AA851305B400EFF09FB3BD4749AE1307FB
:106460000003638EE760636BF7024D47638CE7467A
:1064700013070002E39FE7F6035765008D47854445
:10648000631DF7301C4503C7270083C5170003C5EC
:1064900007002207D98DEFF0DFC299A1130700048E
:1064A000E387E70813071004E38DE72013071003C1
:1064B000E391E7F4B7550020938545B11306000A30
:1064C000938545A30810EFA0D20B83576900374A84
:1064D00000201147130A8A54637CF7780329890046
:1064E0002947834409006365977839473387E40275
:1064F0001507639FE776374500201306000A81459C
:1065000013058554EFC0BFDE930719005287814EF3
:1065100089439302F05905451309000F930AF005CA
:10652000654B930B50FA6393D46BEFE04FCBEFE0E6
:106530006F93AA84631F0572EFE06FCAAA85228554
:10654000EFF0FFA491472390F90081AC1307600599
:10655000E38CE72A6364F70613073005E382E72636
:106560006360F70413071005E387E75C1307200552
:10657000E391E7E8B7570020938747B103C787B097
:106580002380E50003C797B0A380E50003C7A7B049
:106590002381E50083C7B7B0A381F500914781ACA3
:1065A00013074005E388E72413075005E393E7E466
:1065B0009305000F2285EFF0EFA01DA613079005AD
:1065C000E382E7486362F70213077005E38CE72E66
:1065D00013078005E39FE7E0835765008544639ECA
:1065E000071AEF40C0564DAA1307B005E38CE752D7
:1065F000E3ECE74E1307F005E39DE7DEEF70E00400
:1066000085472300F40083475500AA84A300F400C3
:106610008345D5008347C500A205DD8D8347E5008E
:10662000C207CD8F8345F50013052400E205DD8DFB
:10663000EFF0FF9583C5140183C7040113056400BF
:10664000A205DD8D83C72401C207CD8F83C5340128
:10665000E205DD8DEFF0BF9383C5540183C744018C
:106660001305A400A205DD8D83C76401C207CD8F89
:1066700083C57401E205DD8DEFF07F9183C51402BF
:1066800083C704021305E400A205DD8D83C724023D
:10669000C207CD8F83C53402E205DD8DEFF03F8F59
:1066A00083C5940183C7840113052401A205DD8DF0
:1066B00083C7A401C207CD8F83C5B401E205DD8D78
:1066C000EFF0FF8CD94725A2B7470020138747B1C9
:1066D0001853938447B10DEF13050008EF20A05520
:1066E000896531C99385F5EF2285EFF05F8AB70799
:1066F0001613938727205CC09C502304F400EF20DE
:10670000700AA304A40021812305A400AD47C5A0FD
:10671000EF205009137735008D478965631AF7001C
:10672000938515AF1375C50361D193E525006DBF42
:10673000938505AFC5BF938505AF7DB7EFD0DFC0AB
:10674000AA8AEFA0B20A2A8A1379F50FEFF0AF8573
:10675000930545052E852EC6EFE01F95AA84B24508
:1067600011C1BD44894726862300F400A30094008C
:1067700013052400EFA0E260B307940013853400F2
:10678000238127011376FA0FD68522950D09EFA0F4
:10679000425FCA94239099008144FE506E5426852E
:1067A0004E59DE54BE592E5A9E5A0E5BFE4B6E4C0D
:1067B000DE4C4E4DBE4D11618280835765009DCBEE
:1067C0008544E3ECF4FC1C4583C707001387F7FFFF
:1067D0001377F70FE3E3E4FC03A7819889669386B8
:1067E000067136972300F40023AEE18A8547239093
:1067F000F9005DB78547CDB7EF10D042B74700200D
:10680000938747B18564BE9403A7C4AE83D604AF13
:106810002946133717002300E40003A744AF2A8951
:10682000A300E40003D784AF2312D4003307C702C8
:106830002311E40003A7C4AF2303E40003D7C4B0CB
:10684000A303E40021832304E4009C47A304F40091
:1068500083C744B0A30504002316040093B71700B0
:106860002305F40023070400EFE06F97AA851305C2
:10687000F400EFF0CFF18347C9001305A401A30989
:10688000F40083570900231AF40083572900231BBF
:10689000F40083574900231CF40083A544ADEFF0B6
:1068A0000FEF83576900231FF400EFD0CF9623002A
:1068B000A402EFD0AF96A300A40221812301A40279
:1068C000EFD02F96A301A40221812302A4029307F3
:1068D000500231BF8355650008455008EFF00FF1B5
:1068E000AA8465BD8355650008455008EFF00FF098
:1068F000AA84E31405EA37490020930749B1034706
:10690000B10183C70702130949B16312F70E035798
:10691000C10183576902631CF70C0347E1018347F8
:1069200049026316F70C8564CA9483C644B0130603
:10693000000A938544A3081036C6035D2900035B53
:10694000490083AC44B0832A0902035A6902034C0C
:106950004902EFA00243835741018345A101034748
:10696000B1012311F900834761010346E101B75DDD
:1069700000202312F900834771012382B4B0232041
:10698000E902A382F4B0835781012302C902938DE7
:106990004DB12393F4B08357C101B74B0020B246E9
:1069A0002313F90239CB014783C7CDB00A07ED9B0A
:1069B000D98F2386FDB06384B600EF801017EFE017
:1069C0000F82EFD03FCAAA8421E9EFE04F81AA8568
:1069D0002285EFF0CFDB91472390F90085472324F0
:1069E000F9009167938787A923AEF1987DB3EF20D3
:1069F000205E8D44E30305DA3DB713051005054716
:106A0000E364C5FAFD17C20741677917C183B3B7BD
:106A1000E70013C7170049BF137BFB0F93FAFA0F68
:106A20002311A9012312690123A29DB12320590337
:106A30002313490323028903814763910A02130741
:106A400010058547636C87017D1A420AC167F917F3
:106A5000135A0A01333AFA0093471A0003CACDB019
:106A60008A071306000A137ABAFF336AFA002386EC
:106A70004DB10C1013858B54EFA0A23039BBB74534
:106A80000020814681480147938545B10545294647
:106A90009387360A9207AE97DC4313F81700630B0F
:106AA00008008583990705079D8B1377F70F6363AC
:106AB000F50085488506E39DC6FCB7470020230006
:106AC000E40093879754014885440943854E130F8A
:106AD000500A93C81800294E9306380A13974600A7
:106AE0002E97034747001376170055CE398B63194D
:106AF000670C03C7D7006317E70103C6C700054744
:106B00006374C30046860547B30F9400139546008F
:106B10002380DF012E954841814205811D89A38094
:106B2000AF0003C507001375F5072381AF00138578
:106B30003400229519C383D2170023105500138502
:106B400054002295814219C383D237002310550087
:106B500013857400229525CB420641822310C5007F
:106B6000138694002296154519E303D537002310A8
:106B7000A60003C6A70003C597002206498EA39569
:106B8000CF0009C703C6B700094709EA9206AE96C7
:106B900003C7C600058B133717000507B904C204E5
:106BA000A386EF00C1800508C107E317C8F3EFD043
:106BB0001FE32694AA852285EFF06FBD9104D9BE0C
:106BC0000147014691B703D6170049BF83C8470064
:106BD00083C6370003C86700A208B3E8D80083C69D
:106BE0005700220803C677003368D80083C68700A1
:106BF00003CEA70083C5C700A206D18E03C69700A7
:106C0000220EA205336ECE0003C6B700C206C186AF
:106C1000D18D03C61700C205C1851303F6FF139C6F
:106C20000601939F05011373F30F135C0C0193DFAF
:106C30000F0103CFD70063ED63021383FFFF42030D
:106C40001353030163E66202930CFFFF13F3FC0F7F
:106C5000636065026314A60263EC120163EA020139
:106C600063E8830103C327001373F307631603026A
:106C700085441306000A0C105285FDBB13030CF665
:106C8000420313530301E36569FE1303BEFF42038E
:106C900013530301E3EE6AFC03C30700137D760080
:106CA000060DB33D6000034307001373030F336306
:106CB000B3013363A3012300670003C327001373E9
:106CC000F307A30067006303A600E28823111701FE
:106CD0006303A60072882312070185486304A60097
:106CE00093B81C000348870093DF8F002305B7008B
:106CF0001378080C3368180123040701A304670103
:106D0000A305F70181456315A600791F93351F0080
:106D10002306B7006316A600A306D7002307770152
:106D2000850E93FEFE0F4107B9076FF0CFFF835723
:106D300065008544E38307A6144503C70600631E68
:106D400097041147E39BE7A403C9160093071005B6
:106D5000E3E527A503C4360083C7260022045D8C23
:106D6000E30D04A2C167FD17E309F4A2EF2040265A
:106D700019E18D441DB4B7470020938747B10567DB
:106D8000238227032393870223A00702BA9703C70E
:106D9000C7B06D9B2386E7B001B40946631BC700EB
:106DA00005478544E39BE79EEF105070E316059E70
:106DB000C9B70D46631BC70009478544E39FE79C9D
:106DC00003C51600EF107077D5B71146631CC702D4
:106DD00009478544E393E79C03C51600A547E3EE06
:106DE000A79A130710103307E502B74700209387CF
:106DF00047B19144BA9783C79702E380079AEF108F
:106E0000F07D6DB715466319C7068544E3979798DB
:106E1000EF20401983A701C38566A58393F7F70781
:106E20002300F40083A701C3A183858BA300F40092
:106E3000B7470020938747B1BE9603C7C6B0098302
:106E4000058B2301E40003C7C6B00583058BA301AE
:106E5000E40003D767022312E40003C747022303B9
:106E6000E40083C787022314A400A303F40083C7AC
:106E700081912305F40059B81946631BC700854466
:106E8000E39D9790EF208001E3180590994431B27B
:106E90001D46631EC70009478544E390E79003C57C
:106EA0001600A547E3EBA78EEF20A00401B7A1468B
:106EB0008544E314D78E0547E391E78EEF20600BFE
:106EC000F5B58357650005476395E7D21845034735
:106ED00007006310F7D213050008EF10D055630ABE
:106EE00005D013050008EF10B077E30405E801456D
:106EF000EFF0AF8B13052003392BEF30D04669B884
:106F0000EF104052374A002013074AB18567BA97FD
:106F100083C7C7B0B75400202A8993F70702130A22
:106F20004AB1938444B1054589E7EF00F030333529
:106F3000A0002300A400EF00902FA300A40083D79B
:106F4000C4B02311F400EF00F02E2302A400832725
:106F50008A00A302F400EF00302D834714002303BE
:106F6000A40013058400A303F40083A50198EFF0A7
:106F70000F828325CA001305C400EFF04F8183D729
:106F800024B01305A4012318F40083570900231922
:106F9000F40083572900231AF4008347C900230B08
:106FA000F4008347D900A30BF40083576900231C26
:106FB000F40083A544ADEFE09FFDF9476FF03F83F8
:106FC00003576500914785446319F7FC1C4583C648
:106FD000370003C6270083C5170003C50700EFE08D
:106FE0003FAAAA84631B05FAB7470020054723AED2
:106FF000E7B0C5BA835765008544639007FAEF8010
:10700000A043630B05F859B5EFE0EFF92A8A8355E1
:107010006900032589001010EFE03F8FAA84631EEA
:1070200005F60347010283470A000549B98F13F7A4
:1070300017001DEB83461A00034711026396E60210
:1070400083462A00034721026390E60283463A0002
:1070500003473102639AE60003494A0003474102AD
:107060003309E94033392001898B854A99EB1306AE
:10707000F0089305510213055A00EF90324EB33ACF
:10708000A0000810EFE0EFA8AA84631805F0EFE075
:10709000EFF1AA852285EFE09FEF91472390F90059
:1070A000630C0900B7470020054723AEE7B091679E
:1070B000938787A923AEF19863810AEEEF30902081
:1070C0006FF0AFEDEFE02FEE2A89EF30102C8D47F7
:1070D0002300F40083470900AA8437490020A30055
:1070E000F400834745022301F40083475502A301BE
:1070F000F400834765022302F40083477502A3026C
:10710000F400834705022303F40083478502A303A9
:10711000F400834795022304F40083578500A304F9
:10712000F400A1832305F4008357A500A305F40010
:10713000A1832306F4008357C500A3070400230896
:107140000400A306F400A1832307F4008357E5009D
:10715000A308F400A1832309F40083570501A309C0
:10716000F400A183230AF4000C4113055401EFE05D
:107170001FE2CC4013059401EFE07FE1930749B192
:107180009C47130949B1A30EF400EFE08FE219C543
:10719000032789008D47054563E6E700EF30301D82
:1071A0003335A00083A58198230FA4001305F401B3
:1071B000EFE0FFDD83C7A40213057402A301F4020C
:1071C00083C7B4022302F40283D72401A302F4028A
:1071D000A1832303F402CC48EFE07FDB8C4C130542
:1071E000B402EFE0DFDACC4C1305F402EFE03FDA53
:1071F000EF305037834765000327890013051008D7
:10720000A309F4028D4763F6E700EF20903413756D
:10721000F50F230AA40283C71402A30AF40283D73A
:107220002402231BF402BD47230CF402EF30F019B3
:10723000AA853D4613059403EF90B234930780046A
:107240006FF0EFDA835565008544638805D40845FF
:1072500083470500639D9706FD1593F5F50F05051A
:10726000EF301017AA84631A05D2EF30B02F894788
:107270002300F40083476500AA84A300F400834739
:1072800075002301F400EF3050108347A502130569
:107290006400A301F40083D744002312F4008C405F
:1072A000EFE0FFCEEF30702E2315A400EF30102F4B
:1072B0002316A4009305100E1305F400EF30302FB1
:1072C0002307A4003D052390A9006FF0EFCC0947E8
:1072D0006397E700639395CCEF30F02661B7639E28
:1072E00007CA639C95CA51B783576500854463F606
:1072F000F4CA0845FD1793F7F70F83450500639E11
:10730000F5C80505EFD0CF90AA84631805C8EF60D3
:10731000B05F8327890083C707002300F4008547F7
:107320006FF06FA2835765008544639807C6EF60CE
:10733000B0626FF06FC6EF604031834755009544EF
:10734000639D07C4EF10D0488D44630805C4EFE087
:107350008FF8AA84631305C4B7470020054723AEFE
:10736000E7B023AE019899BB697123229112B284D0
:10737000300023202113232E311123261112232420
:1073800081123689BA8923130100EFE09F9929E51C
:107390000347810085476311F7040010130661005D
:1073A000A2852800EFE09FFF8947230AF100835759
:1073B000A100A30CA100CE86231BF1008347C100CE
:1073C0004A86A685230CF10083576100480822CE27
:1073D000231DF100EFE0DF888320C1120324811216
:1073E00083244112032901128329C111556182802E
:1073F0007D6713078784B357E50285669386867B8E
:10740000B387D702AA973375E5023305D502335502
:10741000E5023E9582809387018C054711CD1307C5
:107420004006130535063355E5028D462A87420589
:1074300041816373D5000D472390E70082800547A3
:107440002381E18C82801387018C835707004111CF
:1074500006C6C20722C426C2C183B1E781440144E3
:107460009387218C03C707001377F70F31CF238051
:107470000700EFD03F9CAA8519E129CCA285B75718
:107480000020938747B103C7C7B037250300130512
:107490008535136707022386E7B02244B240924441
:1074A00041016F90121E83570700FD17C207C18369
:1074B0002310F700C5F7EFD08FCD2A8485444DF116
:1074C000EFD04FFB2A8469BFCDF8B24022449244EA
:1074D00041018280B7570020938747B103C7C7B0E7
:1074E0001377F7FD2386E7B0EFD06FCFAA85372556
:1074F00003001305053755B7397106DE22DC26DA9D
:107500004AD84ED6EFD06FA8AA8937490020375401
:107510000020EFD02FCD930449B1130444B163810F
:107520000902A147639DF9106D1513351500EFD0C1
:10753000CFCB19C58347C4B093E707022306F4B045
:10754000EFD04FCA1307E5FF8947AA8963F5E70023
:1075500099476318F5008347C4B093E707022306F1
:10756000F4B095679387B72A231AF9B0056926996D
:1075700085472326F9AEE547231CF9AE232A09AE39
:10758000232E09AE23A8040023AA040023A6040086
:10759000231109B0EFD0CFCBEFD07F9DEFE00FCE1E
:1075A000EFC03FDBEFE0EFE619C58347C9B093E7D3
:1075B00007022306F9B085479CC49167938787A982
:1075C00023AEF1989C50BDEF83C64402130710050B
:1075D0008547636DD70083D7640241677917FD172C
:1075E000C207C183B3B7E70093C717008346C4B08F
:1075F0008A07ED9AD58F2306F4B083D5240003D6ED
:1076000044002ECE32CCEFD08FBD8347B4B0834838
:10761000A4B0034894B03EC06246834784B0F245AC
:10762000AA86372503004E8713054539EF9072056A
:10763000F2506254D2544259B25921618280EFC053
:10764000FFFACDBD83C684028347C4B093B616004B
:107650008606E59B45B715C5014781479316070187
:10766000C18263E7B6001385C7FE1375F50F8280EC
:10767000B306E50083C606000507B69793F7F70F34
:10768000F1BF014582800DCD8546814763FBB6027F
:10769000411126C2AE84FD15C205C18122C406C6B1
:1076A0002A84EFF05FFB330794008347F7FFB24073
:1076B0002244898F93B7170092443E85410182800E
:1076C00081473E8582809307000263F3A70001454E
:1076D000B79704009387073E3305F502B77709197A
:1076E000938707453E9582809307000263E1A702D6
:1076F000D94763E0A702411106C6EFF0DFFCB240B4
:10770000B7E72F009387C7FD3E9541018280014571
:10771000DDB7B79704009387073E3305F502B747F7
:10772000A2189387C7443E9582808146A5C9131647
:10773000050141821307965042078567418393876D
:1077400087A0814663ECE704A946B346D502A94762
:10775000B387F602C207C1833307F6404207418769
:10776000635607003387C7404207418793170701D5
:10777000C1831307F007B387E70229479507B3D7FB
:10778000E702C207C1836354050093E7070893F635
:10779000F60FA206D58F2390F500854636858280A8
:1077A000014859C5D1C749C6411122C406C62301A3
:1077B000C5000548218223000501A300B500A301EF
:1077C000C5002302D500A302E50003D70700C54585
:1077D0002A842303E5002183A303E50003C72700D0
:1077E0002304E50003D74700A304E5002183230514
:1077F000E50003D76700A305E50021832306E50024
:1078000003D78700A306E50021832307E50083D77C
:10781000A700A307F500A1832308F500EFF0BFE35D
:10782000A308A400B2402244494842854101828015
:107830004285828081471DC995C9411122C406C66F
:1078400095472301B500A1812300F500A301B500F0
:10785000A300050091452A84EFF0FFDF2302A40076
:10786000B240224495473E85410182803E85828018
:10787000814721C5B9C131C26381C504411122C408
:1078800006C695472300F5002301B5008547A18171
:107890002302C5002182A300F500A301B500A302C5
:1078A000C50099452A84EFF01FDB2303A400B240F2
:1078B00022449D473E85410182803E85828049C5A4
:1078C000011122CC06CE26CA4AC84EC62A840145DA
:1078D000ADC725C6BDC29319080193D90901138309
:1078E00099009308000863EA6804130550FA23011D
:1078F000C4002302D4002182A1822300A400A3009B
:10790000B400A301C400BE85A302D4002303E40095
:10791000A3030401428613058400C284EF90C25180
:1079200013898400938589002285EFF0DFD22299A4
:10793000A5042300A90013F5F40FF2406244D244D9
:107940004249B249056182800145828001485DC992
:10795000D5C9011106CE22CC26CA4AC84EC652C489
:1079600056C25AC003CA0500A14863F2480903433E
:1079700005009308500A2A84631B1307AE84D2853E
:107980003E89BA89B68A328BEFF0FFCF2A8825C1AB
:10799000834714000148639C67050346340083470E
:1079A000240022065D8E63145605834654008347E7
:1079B0004400A206DD8E63863601C167FD17639819
:1079C000F602834974000148938799006391470345
:1079D00063060900834764002300F9004E8693057F
:1079E00084002285EF904245054823803401F2400F
:1079F0006244D2444249B249224A924A024B4285E9
:107A000005618280428582801376B50FA381A18CA7
:107A1000AA85791637250300133616001305053F8E
:107A20002382C18C6F90E24503C5418C828003C5DF
:107A3000318C82800145828001458280011122CCF7
:107A400006CE26CA373400408347B4000D47636B27
:107A5000F70493978500A181DD8D936405082316B3
:107A6000B10009466C002685EF00102183472400F1
:107A700093E727002301F400930750FA2304F4004E
:107A8000230494008347C1002304F4008347D100FA
:107A90002304F4002304A4000545F2406244D244C8
:107AA000056182800145D5BF011122CCA307A10049
:107AB00006CE373400408347B40011470145636D5B
:107AC000F70205469305F1001305A00EEF00D01A4A
:107AD0008347240093E727002301F400930750FA1B
:107AE0002304F400A9572304F4008347F10023047E
:107AF000F4002304A4000545F2406244056182803D
:107B000003A6418E83C6C18E1388C1C12307A80076
:107B1000A307C8002308D80003586800C168FD18EF
:107B20002E879387C1C163051801050823930701B8
:107B300003C8D7009305F00F630AB804050813784B
:107B4000F80FA38607018D456312B804238607004A
:107B5000B7570020938747B103C8C7B0C1682391C6
:107B600007B013680801238607B103D867AEFD1874
:107B7000630518010508239307AFAA85372503007D
:107B80001376F60F1305854D6F90A22F8280411159
:107B900022C42A842E85B28506C6EFF07FF6238D97
:107BA000018EA3800190EF90905CC1450145EF905C
:107BB00050368D4513050008EF90702B37170040A5
:107BC0008327C70CB24093E707082326F70C23A2AC
:107BD000018E23AA8190224441018280411122C456
:107BE00006C62A8415E583A741911307F0042E8564
:107BF000B387F5406379F700B737004003C6B70095
:107C00008545EFF0DFF82285B240224441018280B1
:107C10000544D5BF01114EC622CC06CE26CA4AC89D
:107C200052C456C232841386A18F83470600BDEF2B
:107C3000B737004083C6B700194813874191636284
:107C4000D80483C62700850593E626002381D70044
:107C5000930650FA2384D7002384A7002386A18E9D
:107C60002381B190A380019085472300F60000C3D3
:107C7000F2406244D2444249B249224A924A0561E2
:107C8000828018439306F0043307E440E3F2E6FEF3
:107C900003C6B700854522856244F240D24442497A
:107CA000B249224A924A05616FF07FEE37370040B1
:107CB0008347570093F7F70F93F6E701B9E203C73D
:107CC00021909389A18F93842190B73600409385AA
:107CD000C18F03C6A600138811908347080013764E
:107CE000F60F138A119015EE6315F70C1306F7FFC4
:107CF000814785451376F60F9386C18F1308F00FE1
:107D0000ADA009462386C19023A4F19083472700A4
:107D100093E727002301F70003A6819083C5C19054
:107D20009DBF03C686001376F60F63E0E702A20745
:107D3000D98F8D452386B19023A4F19083C7260067
:107D400093E727002381F600C1BF93881700AE9701
:107D5000230018012380C700ADBF3385F60003451B
:107D60000500630305018145850713F5F70FE366F9
:107D7000C5FE2380090099C591462386D19023A48E
:107D8000E19059BF03C5C18E9385C18FEF00C06ECE
:107D900083C70400938AC18FBE9A03C7FAFF9387F3
:107DA000C18F6309E532954622072386D190498F1A
:107DB000F9B783A641911306F004B306D440E379E2
:107DC000D6EAA207D98F1946238009002386C190DD
:107DD00023A4F19091B703C7070083C717002207B8
:107DE000D98F2395F18C7D771307071CF98F0567D1
:107DF000130747A0D98F2398F18C8D479CC023AAE5
:107E00008190BDB503C7070083C717002207D98F2C
:107E10002393F18C93F7F7DC93E717002396F18C0B
:107E20009147E9BF03C7070083C717002207D98F0F
:107E30002394F18C93F7C7B593E717002397F18C40
:107E400095476DBF03C6070083C717002206D18F71
:107E500003D6018D6386C700C2075D8E9D4525BD93
:107E6000B54769BF03C6070083C717002206D18F35
:107E700003D6C18CE392C7FEB94749B703C60700D2
:107E800083C717002206D18F03D6E18CE396C7FC87
:107E9000BD47ADB703C7070083C717002207D98FB7
:107EA0002390F18E81E70146A145F5B3C147B9B7EB
:107EB00003C6070083C7170022065D8E1307F6FF6F
:107EC0002392C1904207C1674183F517E3EEE7FCB7
:107ED000C5472DB703C6070083C7170022065D8E6E
:107EE0001307F6FF2393C1904207C1674183F5173B
:107EF000E3ECE7FAC94719B703C6070083C71700C1
:107F000022065D8E1307F6FF239CC18E4207C167D0
:107F10004183F517E3EAE7F8CD47CDB503C707007E
:107F200083C717002207D98F239AF18CADDFD14781
:107F3000F1B503C7070003C5170062074205498F63
:107F400003C53700498F03C5270083D5818F2205DC
:107F5000598DA92B2398A190DD474DB503C9070082
:107F600003C7170083C72700420922073369E900C6
:107F70003369F90083D541901386E1904A856923DE
:107F8000E147E31D05E6CA852545EFF07FB7D547F4
:107F90009CC01307047D2380090023000A0023A44A
:107FA000E18EB1BD03C9070003C7170083C72700CF
:107FB000420922073369E9003369F90083D56190EA
:107FC000938A21914A8513862191412B01E5CA8527
:107FD000294565BF03D7019183D6E19003D50A00F7
:107FE0009387C1C12392E7002391D7002390A70074
:107FF00083C7C7001389C1C195E3A945B377B70209
:10800000035869003376B5023357B702B355B5024A
:108010003725030013054551EF80B26685470357A6
:1080200049002316F900B7570020938747B12391E1
:10803000E7B003C7C7B0232489003D9B2386E7B080
:10804000E5476DBB1387218D8346070085C223005A
:1080500007008146014723ACD18C23AEE18CD54784
:108060009CC09307047D23A4F18E51BB03C5070078
:1080700003C7170083C7270042052207598D5D8D6E
:1080800079DD03D6018E83D5418D9386818D3D2B7D
:108090009386018F9842D4429387018F1348F7FF4C
:1080A00013C6F6FF6366B6006399C5006377A80040
:1080B0007D56FD5690C3D4C35DB72A973335A700CC
:1080C000B6952E9598C3C8C359BFAD452285EFF02C
:1080D0001FAC35B303A6418EDD469384418E130752
:1080E000E6FFE3E4E6FEB72603000A0793860641AF
:1080F000369718430287411106C69387C1C123A052
:10810000070023A2070023A4070023A6070023A833
:1081100007002392019023930190239C018E239AC0
:10812000018C014781462390018E23AEE18C23AC64
:10813000D18C23AAE18E23A8D18E2389018C239888
:1081400001902397019023990190C1450145238D0A
:10815000018EEF90005C8D4513050008EF902051D3
:10816000371700408327C70CB24093E70708232640
:10817000F70C23A2018E03A7819823AAE190410165
:108180008280011126CA03A6418E22CC03A48198C5
:1081900006CE4AC84EC6E54763ECC726B72703009C
:1081A000938707470A063E961C429384418E828736
:1081B00013894191832709002D47B307F440637D5C
:1081C000F708B719004083A7890CC145014593E71B
:1081D000070823A4F90CEF90C05383A7890C8545A9
:1081E000414593E7070823A4F90CEF9040488D45DB
:1081F00013050008EF90A047096513050558EF9097
:10820000E073B73700401D472381E7006D47A38126
:10821000E70013070004A380E70005472387E70072
:1082200085479CC02320890005A8938741919843E6
:10823000930630063307E44063F0E602094798C02E
:1082400080C319A81305500EEFF01F86A285EFF02A
:10825000FF98994763180518F2406244D244424996
:10826000B2490561828003A74191994613894191E2
:108270003307E440E3F2E6FE83D5018D83D7A18C7A
:108280006394B7009D4771BF0145EFF02FFBA285B6
:10829000EFF0DF9465F9C9B703A7419199461389B7
:1082A00041913307E440E3F9E6FA83D5C18C83D7E3
:1082B000618C6394B700A147ADB70545EFF00FF8A7
:1082C000A285EFF0BF9165F941BF03A7419199469F
:1082D000138941913307E440E3F0E6F883D5E18C5C
:1082E00083D7818C6394B700A54725BF4D45EFF038
:1082F000EFF4A285EFF09F8E65F9B9BF1389419124
:10830000832709001947B307F440E377F7F413050F
:10831000A005EFF06FF9A285EFF05F8CA947E3129B
:1083200005F01DBF13894191832709001947B30741
:10833000F440E373F7F21305C00DEFF0EFF6A285FA
:10834000EFF0DF89AD47E31E05EC39B79387419124
:108350009843A5463307E440E3F0E6F03147C5B55E
:108360002286894501456244F240D2444249B249DD
:1083700005616FF03F8A228689450545EDB7228663
:1083800089454D45CDB7228689450945E9BF2286F5
:10839000894513050007C1BF2286894513052007BB
:1083A000D9B7228689451305300775BF22868945CE
:1083B000130560074DBF1305A005EFF0EFEEA28592
:1083C000EFF0DF81E30A05E8D5479CC023A4818E46
:1083D00023AA819051B583A7818EB307F440E3CDE2
:1083E00007E6D9479CC0EDB7228691451305C00228
:1083F0009DBF22868D4513054002B5B722868D4567
:10840000130560028DB722868D4513058002A1BF3A
:1084100022856244F240D2444249B249AD450561E9
:108420006FF0EFF61385C1C182809387018F81467B
:1084300001478843CC4394C3D8C382808146014717
:1084400023A8D18E23AAE18E23ACD18C23AEE18C5C
:1084500005472389E18C9387418E94435547639C5C
:10846000E600238D018EA3800190654798C303A782
:10847000819823AAE1908280130555FA9377F50F2E
:108480000DC20145014791E98280B386E50003C52D
:1084900006000507AA9793F7F70F9376F70FE3E621
:1084A000C6FE93C7F7FF13F5F70FF9BF9387F5FFE4
:1084B000C2074167C1839306D7FF63E5F60493576C
:1084C000F5413D8D1D8DB387A50233B5A502A945A4
:1084D000B386F5023385A502B3B5F502B707008070
:1084E000B697B3B7D700CD462E95AA9763E7F600A7
:1084F000814713950701418182801305F7FFE3EA65
:10850000E7FE82800145F5BF81460DC21387F5FF66
:108510004207C1674183F517814663E9E700931776
:10852000850063D7070023100600854636858280C4
:10853000B387A502370780008146B3B5A5023E97F1
:10854000B337F700AE979305F00FE3E1F5FEA2070E
:1085500061835D8F2310E600C9BF3DC69386F5FF9A
:10856000C2064167C182751781476369D7009317B7
:10857000850063D707002310060085473E8582806B
:10858000B387A50233B7A502370540013E95B33541
:10859000F500F547BA9563E9B7026396F500B707AA
:1085A000804E6373F502411122C48146328437063E
:1085B000800206C6EF8022082310A400B2402244A5
:1085C00085473E854101828081474DBFA5C239CD97
:1085D000B1CD29CE3386C50222052181372702007D
:1085E0001307175503A84600B305C5023336C50265
:1085F00013753600B387E5020982B3B5E50233058A
:10860000E5022E958C424295BE95B3B7F5008CC21B
:10861000B305E6023E95937735000981DCC2333617
:10862000E6022E95B335B500B295828001458145AD
:10863000828083C71192014593F7F70F81E703C545
:1086400011C305898280B74500401D45938601C34B
:108650009387119283C7070093F7F70F99CF13877A
:10866000419213862192835707000356060063F652
:10867000C70083C7B5C06373F500828083570700C6
:10868000C207C18313861700B697420683C7271017
:1086900041822310C7002384F5C05DBF4111894585
:1086A000014506C6EF90C03DA3800192239101923F
:1086B000B24023920192238301924101828083C7B9
:1086C000119293F7F70F89E7894501456F90403B79
:1086D000411106C622C4EFF01FF783D7419203D79A
:1086E000219263E8E702B747004083C7B7C093F71A
:1086F000F70F85E303C461921374F40FEFF01FFAD0
:1087000009E8938701C303C7170013671700A38005
:10871000E700B24022444101828049C91387F5FF36
:10872000420741839306F00F814763E2E608011197
:108730004AC81387119206CE22CC26CA4EC60347DA
:1087400007001389119281471377F70F21EBAE844D
:10875000AA85138501C313052510B289138401C3AB
:108760006385A5002686EF80C261239191922392B2
:108770000192238331938347140005472300E900C6
:10878000F99BA300F4002380E192EF003011EFF099
:108790009FEB89450545EF90A02E8547F240624446
:1087A000D2444249B2493E850561828081473E8577
:1087B000828083C7119293F7F70FD1EF411122C442
:1087C000938701C383C7170006C626C213F7170095
:1087D000138401C325E383A6C1919384C191B9CACF
:1087E00003A78198158F6347070493F7E70F09479D
:1087F0006397E704B7570020938747B103C7C7B013
:10880000136747002386E7B00C40372503001305A4
:108810004564A58193F5F507EF80A26683570400B0
:1088200023A0040093F707E093E707102310F40058
:10883000239D0190B240224492444101828011471D
:10884000E394E7FCB7570020938747B103C7C7B04D
:108850001367270045BF8280797122D4938701C3B3
:1088600083C6170006D626D24AD04ECE52CC93F7F6
:108870001600C5E7138401C30347040059CF93874B
:10888000A19103D60700420741836316E608372506
:10889000030093E6160023900700930524001305B8
:1088A000C55423AE0190A300D400EF70F00A9305E5
:1088B000F1001305D030EFF0E1480347F100914794
:1088C000938421C36318F70003460400A685054579
:1088D000EF50900983471400094793F7E70F63911E
:1088E000E70E03460400631AF6061C404177B754AE
:1088F0000020F98F938444B16399E7023725030080
:1089000013058555EF80226C83C7C4B093E74700F9
:108910002386F4B019A02390E700B2502254925459
:108920000259F249624A45618280834524008347A7
:10893000340037250300A205DD8DB747002093875B
:1089400047B12393B70283C7C4B01305C556ED9B47
:108950002386F4B0EF80E252C9B78D476310F60466
:108960001840C177F98F37078899E398E7FA0347EA
:1089700044009307A00AE312F7FA37250300130512
:108980000558EF804264B7570020938747B103C76B
:10899000C7B0136747002386E7B041B7B757002039
:1089A000938747B103C7C7B037250300A685136770
:1089B0004700130545592386E7B0EF70E079B1BF52
:1089C0001147E39CE7F40346040037250300A6851E
:1089D0001305855AEF704078834504008D47639EE8
:1089E000F5021840C177F98F37078899E397E7F2C6
:1089F000034744009307A00AE311F7F23725030069
:108A00001305855BEF80225CB7570020938747B141
:108A100003C7C7B013672700BDBF03C98191B7441F
:108A20000020B75900201307600E938444B1938946
:108A300049B1639EE5062547636B270713051010B0
:108A40003305A902130700031306500E93053400E3
:108A5000338AA4001305C502A305FA022305EA021E
:108A60002695EF8002328547A304FA0283C7840269
:108A7000636BF9009307190093F7F70F29476365B4
:108A8000F7022384F40283C7C9B0F59B2386F9B0AB
:108A9000EFE0FF9A03C6840237250300CA85130559
:108AA000C55CEF80023E95BD2384E402E9BF83C725
:108AB000C9B0372503004A8693E727002386F9B01B
:108AC0001305055FF9BF130700102398E1C2239D2A
:108AD0000190A3800192239101922392019223831A
:108AE0000192411123AE019093050008054506C689
:108AF00023800192EF80F041371700408327870CD5
:108B0000B70620008545D58F2324F70C37051000C4
:108B1000EF80F0358D4537052000EF805035EF8030
:108B2000F07295450545EF80B075B240B7E700E0BB
:108B3000114723A2E71041018280011122CC374462
:108B40000020130444B11C5006CE26CA4AC84EC6A3
:108B500052C456C299CB0145F2406244D2444249C4
:108B6000B249224A924A056182808569A29983C7E7
:108B7000C9B0B7540020938444B1918BE9FF834777
:108B80004402930A1005E3E8FAFC83576402416942
:108B90007519FD17C207C183E36FF9FA2A8AEFF04E
:108BA0005FA955D903576402834544020356640202
:108BB000931787002183D98F03C7C9B0C207C18328
:108BC000118B09EB63E8BA001307F6FF42074183F4
:108BD000637FE9003725030013054561EF80622AB2
:108BE00083C7C4B093E747002386F4B0ADB793853D
:108BF00001C303D70500138425102392F5101377C2
:108C000007102390E500239D019013070063239133
:108C1000E51023834511014695452285EFF0FFAF0E
:108C20001DD9372503001305C5631546A285EF70CE
:108C3000A052054515B7411122C437440020130442
:108C400044B1185006C615EF8567A29703C7C7B091
:108C50008147118B05E38346440213071005636BBC
:108C6000D7008357640241677917FD17C207C18394
:108C7000B3B7E70093F7F70FB24022443E854101B6
:108C8000828085468147E319D7FEC12E1375F50F03
:108C900025478147E360A7FE930710103305F502CF
:108CA0002A9483479402B337F000E9B7411106C60E
:108CB00022C426C2EFF0FF9731C9B757002093872F
:108CC00047B103C7C7B0138401C36D9B2386E7B0C8
:108CD000239D01908357040093042410054693F7C5
:108CE000071093E707202310F4009D67938707037D
:108CF0002311F4108D45930700FA26852302F41002
:108D0000EFF0BFA109E98547A300F400B240224477
:108D100092444101828037250300130505680D4602
:108D2000A685EF70604383A7819819671307871A98
:108D3000BA9723AEF1900545D1BFA54763FAA700C6
:108D4000014582800145B240224492444101828023
:108D5000411122C406C626C22A84EFF09F8D7DD120
:108D6000B7570020938747B103C7C7B005468D4565
:108D7000759B2386E7B0238C8190138401C3239DC8
:108D800001908357040093042410268593F707105D
:108D900093E707402310F4008967938707032311A3
:108DA000F410930700052302F410EFF01F9709E574
:108DB0008547A300F40041BF37250300130545672D
:108DC0000D46A685EF70403983A781981967130770
:108DD000871ABA9723AEF1900545B5B7A54763FB4F
:108DE000A700014582800145B240224492440249D5
:108DF00041018280411122C4130410103304850202
:108E00004AC037490020130949B126C206C6B30437
:108E1000890083C79402E1DBEFF0BF8169D583C786
:108E20009402F1D3938401C383D704001305A402F1
:108E3000014693F707102390F4009305700E4A95AE
:108E4000239D0190EFF07F8D59DD37250300130539
:108E50004566294693852410EF700030054569B7B3
:108E6000411122C406C62A84EFF0FFDC05C5B747CE
:108E7000002083A747B3228591E72244B2404101F5
:108E80006FF0BFCBD92A2244B2401375F50F4101D0
:108E90006FF0DFF4B240224441018280138701C3A6
:108EA00003471700411122C49376E70F06C61377D4
:108EB000A70F0946138401C36305C7009147639553
:108EC000F602EFF0AFFD930700102310F400239D8E
:108ED000019023AE0190B7570020938747B103C795
:108EE000C7B0659B2386E7B0B240224405454101E7
:108EF0008280A54763FAA700014582800145B24000
:108F00002244924441018280411122C406C626C2F5
:108F10002A84EFF00FF27DD1130510103305A4025F
:108F200037440020930444B1130610108145130503
:108F300095022695EFA0AFBB130744B1238404022A
:108F4000014681468147130444B1A9450345970270
:108F5000850793F7F70F19C1BE860546130717104B
:108F6000E396B7FE19C22304D402EFE04FCD0545C6
:108F700079B7411106C6EFF0CFEB15C1056637454D
:108F800000201306A6A081451305D5B3EFA02FB688
:108F9000B7470020238E07B2EFE06FCA0545B24005
:108FA00041018280B7470020938747B101470145BF
:108FB0000546A94683C5970291C5B315E6004D8DB8
:108FC00042054181050793871710E315D7FE82807C
:108FD000411106C6EFF0EFE5B2403335A000410184
:108FE0008280011126CA06CE22CCAA842EC6EFF0BA
:108FF0004FE415C5138401C383570400B2450546E9
:1090000093F7071093E707602310F4002685239D4C
:109010000190EFF08FF009E98547A300F400F240DA
:109020006244D2440561828083A781980567130753
:1090300087BBBA9723AEF1900545D5B783C7119288
:10904000054593F7F70F91E703C511C31345F5FFE6
:109050000589828003C501928280130505F8930774
:10906000500263EAA700B72703009387C768AA974F
:109070000385070082807D55828089C9B71700402B
:1090800003A7C70C498F23A6E70C8280B7160040C0
:1090900083A7860CC98F23A4F60C828083A68198AF
:1090A00083A7819823A4D1929387071923A6F192CD
:1090B0008280397106DE26DA4AD84ED622DC52D4B6
:1090C00056D25AD05ECE62CCEF10302C2A89EFC037
:1090D0004FEEAA89EFC06FEEAA8463960912B33AE5
:1090E000A000014A89C4034A7902333A400183A7A8
:1090F000819803ABC1929305F1001305D030330B77
:10910000FB40A3070100EFE0F143EFC0BFF92A8461
:109110005E8C39C983A58198930740064165B3D514
:10912000F5028589EFF07FF5B717004003A7870C9C
:1091300091661367170023A4E70C03A7870C558FCC
:1091400023A4E70C03A7870C1367070423A4E70CE9
:10915000F2506254D2544259B259225A925A025B86
:10916000F24B624C216182808545635C600183A77C
:10917000819283A581989D8D93074006B3D5F50212
:1091800085894165EFF07FEF8345F1000545BD8995
:10919000A307B100F11593B52500EFF01FEE638D25
:1091A0000A000544631A0A0003A481989307007D0E
:1091B0003374F40213344406A2851165EFF0FFEB1B
:1091C000B7570020938747B103A7C7B085451377EA
:1091D00087030DE76386090083C7C7B0858B99EFC6
:1091E000814589CC834789020D47854593F6B70FA2
:1091F0006386E600938527FF93B5150013050004E9
:10920000EFF0BFE7B1B7B747002003A7C7B18D475D
:10921000854A054AE3EDE7ECE9B5B75700209387A7
:1092200047B183C7C7B00145858BBDE3411122C457
:109230003754002026C24AC006C6130444B1930422
:109240004006371900408327490C139737016359AB
:10925000070299EC372503001305C572EF70B2566B
:109260008347C4B0014593E717002306F4B019A85B
:1092700013054006FD149770FF1FE780004EE1B70D
:109280000545E9D8B2402244924402494101828016
:109290008280411122C4371400408327840A06C605
:1092A0008D4593E727002324F40A2D45EF80E03114
:1092B000EF80C047B74700402147A381E74085457D
:1092C0000565EF80C03A8D4537250200EF80203AD2
:1092D0008327840C37070200B240D98F2324F40C73
:1092E0008327840C0967D98F2324F40C224441017D
:1092F0008280411122C4371400400327C40C26C2C7
:10930000B704020006C6458F2326E40C514597702A
:10931000FF1FE78060458327840CB240C58F23245C
:10932000F40C2244924441016FF03FEFB757002004
:10933000938747B183C7C7B0858B95EF411122C48E
:10934000371400408327C40A06C61305000C93E7B0
:1093500087002326F40AEF80C03F0145EF80603F7D
:109360008327840AB24093E787002324F40A224427
:1093700041016FF09FEA828011C2D1C1011122CC5C
:1093800026CA4EC606CE4AC8B284AE892A84EFF0F9
:10939000DFE839CD371700408327C70A1375F40F6C
:1093A000014993E787002326F70AEF80803A931755
:1093B0000901C18363E69702371700408327870AB4
:1093C00093E787002324F70A930740086302F40217
:1093D0006244F240D2444249B24905616FF0FFE372
:1093E000B387290103C507000509EF808036C1B79F
:1093F000F2406244D2444249B2490561828082808F
:10940000411122C426C24AC006C62A892E84B284CB
:1094100019C6ADCD9305F00F2285EF905FEDEFF00B
:10942000DFDF2DC5371700408327C70A1375F90FF3
:10943000014993E787002326F70AEF808031014531
:10944000EF80203193170901C18363E99702371731
:1094500000408327870A93E787002324F70AEFF069
:10946000DFDB0DE585C422852244B2400249268611
:1094700092449305F00F41016F907FE7EF80A02F9A
:10948000B30724012380A70005096DBFB240224421
:10949000924402494101828011C2D1C1411122C4CA
:1094A00026C24AC006C632842E89AA84EFF0FFD6AF
:1094B0002DC1371700408327C70A354593E787003A
:1094C0002326F70AEF80E02813D58400EF80602878
:1094D00013F5F40FEF80E027814493970401C183D3
:1094E00063E18702371700408327870A2244B2408E
:1094F0009244024993E787002324F70A41016FF061
:10950000DFD1B307990003C507008504EF8060240D
:10951000E9B7B240224492440249410182808280EC
:109520000111A307B10005469305F10006CEEFF047
:10953000BFF6F24005618280411122C426C24AC0B2
:1095400006C62A892E84B28419C6C1C59305F00FB8
:109550002285EF90DFD9EFF05FCC25CD37170040A3
:109560008327C70A754593E787002326F70AEF800C
:10957000401E13558900EF80C01D1375F90FEF8051
:10958000401D0145EF80E01C014993170901C1838B
:1095900063E99702371700408327870A93E787001C
:1095A0002324F70AEFF07FC70DE585C42285224406
:1095B000B2400249268692449305F00F41016F9014
:1095C0001FD3EF80401BB30724012380A7000509A8
:1095D0006DBFB24022449244024941018280011190
:1095E0009305F100054606CEEFF01FF5F240034566
:1095F000F1000561828011C2BDCD411122C426C295
:109600004AC006C632842E89AA84EFF01FC131CD2C
:10961000371700408327C70A3945420493E787007C
:109620002326F70AEF80E0122685EF80801281441E
:10963000418093970401C18363E18702371700409B
:109640008327870A2244B2409244024993E7870065
:109650002324F70A41016FF05FBCB307990003C5EB
:1096600007008504EF80E00EE9B7B240224492443F
:109670000249410182808280011122CC26CA4AC857
:1096800006CE4EC62A892E84B28419C6C1C593055A
:10969000F00F2285EF90BFC5EFF03FB825CD37170B
:1096A00000408327C70A79459399040193E787000F
:1096B0002326F70AEF80E0094A85EF8080090145FB
:1096C000EF802009014993D9090193170901C1834A
:1096D00063EA3703371700408327870A93E7870039
:1096E0002324F70AEFF07FB315E58DC42285624489
:1096F000F2404249B2492686D2449305F00F0561F3
:109700006F90FFBEEF802007B30724012380A700DE
:10971000050965BFF2406244D2444249B24905613D
:10972000828001112AC66C0005461305000806CE8A
:10973000EFF09FC4F24005618280011122CC4AC83B
:109740002A842E8909466C004D4526CA06CEEFF0C4
:109750003FCB83A401938547639BF40213054070BC
:10976000EFF0FFE71D811375F50F631295021305E6
:109770002070EFF0DFE62300A4008347D100F24021
:1097800062442300F900D244424905618280834744
:10979000C1002300F400D5B72E86AA8501456FF0DD
:1097A0009FE5797122D42E8426D29305F101AA84F3
:1097B000228532C606D6A30F0100EFF01FF88347BB
:1097C0000400324605456369F6000345F1013E8613
:1097D000A685EFF07FEA0145B250225492544561CC
:1097E00082800111935705012306F1002307A10090
:1097F000935785006C000D461305300806CEA3066E
:10980000F100EFF07FB7F24005618280011106CED2
:1098100032C6EFF07FF83246F240328505616FF0D4
:109820005FFC0111935705012306F1002307A100F6
:10983000935785006C000D461305200806CEA3063D
:10984000F100EFF07FB3F240056182800111A307C0
:10985000A1009305F10005461305F00906CEEFF0CF
:10986000BFB1F240056182800111A307A1009305F9
:10987000F10005461305000A06CEEFF0FFAFF240F7
:109880000561828001112AC66C0005461305600936
:1098900006CEEFF07FAEF240056182800111B7F78E
:1098A000A43506CE9387079063F0A702FD779387D0
:1098B000179E2316F1006C00094613058009EFF08E
:1098C000BFABF24005618280B707AA329387078851
:1098D00063F6A700F9779387778DE1BFB747E52D4A
:1098E0009387074863F6A700F1779387175CD1B792
:1098F000B7176B1B938707B063F6A700E1779387D1
:10990000571745BFB7075519938707C463F6A700D4
:109910009D679387B7F671BFB767840C9387F78706
:10992000E3FBA7F891679387771361B701112306CB
:10993000A100A306B1002307C1006C001146130566
:10994000500906CEA307D100EFF01FA3F240056136
:10995000828003A78186938781860111DC433AC404
:109960000D89A304A1002C002146214506CE3EC648
:10997000EFF09FA0F2400561828001116C00494523
:10998000094606CEEFF0DFA78347C1000345D100AB
:10999000F240A2075D8D056182800111A307A1003D
:1099A0009305F10005461305D00906CEEFF0DF9CC4
:1099B000F24005618280011106CE22CC2A84EFF0AC
:1099C000FFED2285EFD0DFA2935785012306F1003A
:1099D00093570501A306F1009317850042054181C5
:1099E00021815D8D2317A1006C00114613056008CD
:1099F000EFF09F98F24062440561828001112AC60F
:109A000023A8A1926C0005461305A00806CEEFF02E
:109A1000BF96F24005618280011126CA06CE22CC93
:109A2000B547AE8463DDA704D9472A8463CDA70474
:109A300041476357A7044D478D456354A704954597
:109A40000D456314F4009D45114585460146EFF030
:109A5000FFED0565930580031305758EEFF05FAC90
:109A60006C0009461305E00823068100A306910057
:109A7000EFF09F90F2406244D24405618280394405
:109A800089450945D9B759447DBF5C41011106CECE
:109A90002306F1001C456C001146A306F1005C454D
:109AA0002307F100834705011305B008A307F10060
:109AB000EFF09F8CF24005618280835745000111D1
:109AC00006CE13978700A183D98F2314F1001C457C
:109AD0002C0019462305F1008347C500A305F100BA
:109AE0001C492306F1005C491305C008A306F100D8
:109AF000EFF09F88F2400561828001112306A100EA
:109B0000A306B10009466C001305F00806CEEFF07D
:109B1000BF86F2400561828001119305F1001305B3
:109B2000000C054606CEA3070100EFF07F8DF24042
:109B30000345F10005618280011122CC0D462A8483
:109B40006C00514506CEEFF0BF8B8347C100B307D1
:109B5000F04085872306F4008347D10013978701DF
:109B60006187634007028983A306F4008347E1000D
:109B7000F240B307F04085872307F4006244056193
:109B80008280938707F08987C5B793178500218165
:109B900001115D8D2316A1006C000946094506CE12
:109BA000EFF08FFDF24005618280397126DAB754FB
:109BB0000020938444B183C7C4B006DE36C6F99B47
:109BC0002386F4B022DC4AD84ED652D4AA892E8AF3
:109BD00056D2B28AEFF0EFEBEFF0AFF1EFF00FF506
:109BE0000145EFF01FB40545EFF0DFC98547054695
:109BF0009305F1011305F029A30FF100EFF0DF89C0
:109C0000A14705469305F1011305002AA30FF100B2
:109C1000EFF09F8805469307C0FA9305F1011305FD
:109C2000102AA30FF100EFF03F8781450145EFF0C7
:109C3000DFEC91450145EFF03FDE0545EFF0FFD544
:109C40000145EFF01FAE0145EFF05FC00145EFF0B9
:109C5000BFC1B246138441E3194785472312E4008C
:109C600001457D575CD41CDC2306E4001CC854D895
:109C700023285403230E040223240400232A04006F
:109C8000EFF03FAA0545EFF07FD71305C402EFF0D0
:109C9000DFDF138541E3EFF05FE213158A019145A1
:109CA0006185EFF07FD74E85EFF0FFD0EFF0DFE674
:109CB0009375F50F9387F5FF93F7F70F1307D00F01
:109CC0006378F70283C7C4B0372503001305056C1A
:109CD00093E717002386F4B0EF70A21A0545F250FF
:109CE0006254D2544259B259225A925A2161828006
:109CF0003725030013054570EF70A2180145C5B75D
:109D0000B7570020938747B183C7C7B0858BA9E3B6
:109D100021C19DCD411126C2AA8441657D1506C68B
:109D200022C42E84EFF07FE60545EFF09FC29387B3
:109D300041E3138541E323868700EFF01FD8A28516
:109D40002244B24026859244014641016FF01FAC87
:109D500082800385419382800111B747002022CC85
:109D6000938747B10564A29783C7C7B006CE231671
:109D7000010023070100858B8DE741657D15EFF01C
:109D8000DFE00945EFF0FFBC930760F91305C48AD3
:109D900005466C002306F100EFF00FF00145EFF0EF
:109DA0005FA8F240624405618280C1CD797126D2FC
:109DB00006D622D44AD0B7540020238005009384CD
:109DC00044B183C7C4B0858BA9EB21C92E842A89ED
:109DD000EFF0BFBAC167FD17AA856300F50493775A
:109DE0002500A1CB13060008A2854A85EFF07F9BD2
:109DF00083C7C4B0858B5D8D1375F50F11C5230026
:109E00000400EFF07FF511A86800EFF0FFD283C7E0
:109E1000C4B0858B89CB23000400B25022549254E5
:109E200002594561828083478101D107238AF192DB
:109E3000C9BF65D5372503001305456BEF70620474
:109E4000C9B7828001C50CC123020500828001C907
:109E500008413385A5401345F5FF7D81828001458A
:109E6000828015CD0347450001451DCB9307F7FFC1
:109E700005656D1793F7F70F1377F70F13058538FF
:109E800081EBBD67938707A663FCA7003E858280B0
:109E9000E389E7FEFD17060593F7F70FD5B70145F0
:109EA00082800DC9411106C622C426C283474500DF
:109EB0001307F00F6385E70085072302F500AE84E2
:109EC0002A84EFF01FFA269508C0B240224492443B
:109ED00041018280828001C50CC12302050082807D
:109EE00081471397070141836378B7008507B3065D
:109EF000F5008386F6FFF5F63A8582801387C1F96F
:109F00008346E70805479387C1F9639CE600154738
:109F10002387E70803A7819883A60708158F23A442
:109F2000E7080547238AE7048280239C019223885F
:109F300001029387C1F923800172A3820702239350
:109F4000070223930704A38D0704239E070423809D
:109F50000104A38607042397070423880704A38B1F
:109F6000070423A0070423A6070623980706A38F48
:109F7000070423A0070682809387C1F983D60704CC
:109F800003D727046392E6029306F5FFC206C18257
:109F90001306F00B01476367D60023910704239053
:109FA000A70405473A8582800147EDBF9387C1F931
:109FB000373600401D459386817303D7270483D528
:109FC00007046374B7028345B6406373B5008280AB
:109FD000930517003697034707002391B70423041E
:109FE000E640984F050798CFC9BF23A00704828099
:109FF0009387C1F905472393E70403A78198238238
:10A00000A702BA95CCD782809387C1F905472383ED
:10A01000E70403A781983A95C8D7828008418280D7
:10A02000011122CC4EC652C406CE26CA4AC82A8A7C
:10A0300013848193EFF0DFEA035704001376F50FE2
:10A040009306000C93071700B305F600814963E8F7
:10A05000B6022A899394070113850106C1802A97C5
:10A06000231094002300C700854911CA1379F90F02
:10A070002695D285CA94EF60D25023109400F24006
:10A0800062444E85D2444249B249224A05618280E7
:10A0900041119305000C26C206C622C4AA84EFF023
:10A0A0003FE49307F5FFC207C1831307E00B63602A
:10A0B000F7022A842A86A68513858173EF60724C85
:10A0C00022852244B240924441016FF0FFEAB2403F
:10A0D00022449244014541018280411122C426C29A
:10A0E00006C637E400E0B7040008232094180F10D8
:10A0F00000009D450145EF70D00EEF703011232018
:10A1000094289387C1F92389070423850702A3882C
:10A11000070423A0070423920704239D0192239E92
:10A120000192371700408327870A2244B2409244A5
:10A1300093E707202324F70A8145130500304101E6
:10A140006F70A048411106C6EFF05FDBEFF0FFF83B
:10A15000EFF0BFDD371700408327C70C8D4513058F
:10A16000000293E707022326F70CEF704050138795
:10A17000C1F903578700C166FD169387C1F96305CE
:10A18000D70005072394E70003A7819813078725C5
:10A19000D8D705472382E702B240410182809387E6
:10A1A000C1F903A6070803A781982387A708118F81
:10A1B00023A4E70803C7370535462382E702631463
:10A1C000C7006FF09FF103A7819898DB828001118F
:10A1D00022CC06CE1377B5FF89471384C1F96319E2
:10A1E000F70A83478405636AF700850793F7F70F3B
:10A1F000230CF4040D476396E7002AC6EFF0FFED49
:10A200003245A30304022304A4028947631BF5001B
:10A210008357240141677D176385E700850723196C
:10A22000F400834794021307F00F6385E700850766
:10A23000A304F402834794021947FD1793F7F70F1D
:10A24000636CF704372703001307077E8A07BA9762
:10A250009843B79704009386F73D9387073E63E9D9
:10A26000E60083D761939306803EB3F7D702BA978F
:10A2700003A7819823030404F240BA971CD88547AA
:10A280002304F404B5472302F4026244056182808A
:10A290008D47230CF40495B7B79704009387073EC6
:10A2A000C1BF011122CC4EC652C406CE26CA4AC82E
:10A2B0002A8AAE89EF306039034465009D4763F810
:10A2C000870693044502B73503002A891D46938506
:10A2D00005B62685EF609228814729E19305F002B3
:10A2E0001305B9024204EF60D24E4180228711C5A6
:10A2F000B30495401397040141832310EA00AA8711
:10A3000009E5B73703009387C7B523A0F900854750
:10A31000636487009337150093F7F70FF2406244A8
:10A32000D2444249B249224A3E8505618280814732
:10A33000F5B7411122C41384C1F98347240506C629
:10A34000B5E3239D019237170040A3080404239E20
:10A3500001928327870A23120404854593E7072087
:10A360002324F70A13050010EF7020268D451305EE
:10A370000020EF708025EF70806399450145EF70F4
:10A38000406685450545EF70C065B7E700E03707D3
:10A39000000823A0E72885462309D4042305D40216
:10A3A00023A0E710B2402244410182809387C1F983
:10A3B00003C7C70401CB03C7B70409EB01468545B2
:10A3C0006F501061014681456F50D026411122C463
:10A3D00006C6130720102310E50037470020130797
:10A3E00047B18356270095452A842301D50003579A
:10A3F00027002183A301E50083C7B7042302F500EA
:10A40000EFD06FA5A302A400B24022441945410138
:10A4100082801387C1F90357A700C166FD16938791
:10A42000C1F96305D70005072395E70003C7A70512
:10A4300005CF03C76706A38C0704238D0704238376
:10A44000070405CF411106C6014523830706EF70B7
:10A45000403929459760FF1FE7800031B240410134
:10A460001763FF1F6700831C03C7C70519CBA38DA4
:10A470000704238E07042383070429472382E70266
:10A48000828003A7819823860704D8C3EDB7011102
:10A4900006CE22CC26CA4AC84EC62A8952C4EFB07C
:10A4A0008FB093044507930500022685EFF05FA364
:10A4B000B73903002A84A1451385C9B6EFF05FA21E
:10A4C000B307A400C10703474900C207C183631152
:10A4D000F70603290900A6852A8A22864A85EF60A5
:10A4E000F207AA8431E5B3078900038707009307C1
:10A4F000F0026315F702130514003D46938541E70A
:10A500004A95EF60B20519E9130504015286938557
:10A51000C9B64A95EF60920493341500F240624444
:10A5200013F5F40F4249D244B249224A05618280B0
:10A530008144EDB7797126D252CCAE842A8AAA859D
:10A54000138501124AD04ECE06D622D432C6B68921
:10A550003A89EF60D22A3DC93246930719002A840E
:10A5600001456366F606930500025285EFF05F979A
:10A5700022959306A003130700028307050063805A
:10A58000D706F59B638DE7048147A5483307F5009F
:10A590000308070093F6F70FB385F400130608FDD0
:10A5A0001376F60F63E4C80063ED260323800500ED
:10A5B00063EC36018347070025470545938707FD70
:10A5C00093F7F70F6365F700238004000145B2504D
:10A5D000225492540259F249624A4561828005052B
:10A5E00069BF23800501850755B7411122C426C2E2
:10A5F0002A84AE84B7350300938585B6138501128E
:10A6000006C6EF60D21F31CD9307250001469305A2
:10A610000002A5482943416E1308C00203870700C2
:10A620006308B7020145014783C60700938606FD0C
:10A6300093F6F60F63F0D80219C59376F60F6314FC
:10A64000D4022390E400B24022449244410182802B
:10A650008507E9B733076702850705453697E36540
:10A66000C7FD0145CDB7038707008507E30DB7FE9A
:10A670000506E30507FBF5B71306F00B1387817397
:10A680008386050099E20545828083570500636B48
:10A69000F6001388170023100501BA97850523805B
:10A6A000D700F9BF014582804111540036868147A9
:10A6B0002947A54833F8E502850793F7F70F1308F4
:10A6C00008032300060133D8E50263F6B800050647
:10A6D000C285E391E7FEB6979308F00B138681736A
:10A6E000035705008385F7FF63EFE80013081700A1
:10A6F0002310050132972300B700FD17E392F6FE01
:10A700000545410182800145EDBF411122C426C2A9
:10A7100006C62A84AE84EFB00F89930545072285CB
:10A72000EFF09FF519E50145B24022449244410102
:10A730008280035704009307F00BE3E6E7FE9307DC
:10A7400017002310F40093878173BA97938541E72C
:10A750001307F00222852380E700EFF0FFF161D5B7
:10A76000A6852285EFF05FF13335A00075BF397102
:10A7700006DE22DC26DA4AD8AA842EC6EF20F06C48
:10A780008347D5000346C50083480501A207D18F42
:10A790000346E50003484501834605024206D18F82
:10A7A0000346F500034795010343D50162065D8E1C
:10A7B0008347150122072203A207B3E71701834845
:10A7C0002501034E5500B245C208B3E7F80083489F
:10A7D0003501138441F7E208B3E8F80083475501D7
:10A7E000A207B3E70701034865014208B367F80011
:10A7F0000348750162083368F80083471502A20711
:10A80000D58F83462502C206D58F83463502E206E0
:10A81000DD8E834785015D8F8347A501C2075D8F6C
:10A820008347B501E207D98F0347C5013363E300CE
:10A830000347E5014207336367000347F501370526
:10A8400008001305751C08C06145A30CC101231243
:10A8500094002313A400230CB100230DC1009355D1
:10A860008600A30DB100935506016182A30EC100BD
:10A8700013D68800A30FC10013D608012300C1021C
:10A8800013568800A301C102135608012302C10216
:10A8900013D686002303D102A303C102620713D695
:10A8A0000601E18233676700A304D10293D68700D3
:10A8B0003183230EB100230F11012301010393D82B
:10A8C0008801135888012304C1022305F102A3055E
:10A8D000D1022C0893D607016146E1831305840059
:10A8E000A306F1022317E102A3001103A30201034F
:10A8F0002306D102EF60E248138541F79305000279
:10A90000EFB08FB19387C1F913072002238FE704BB
:10A910000547A38CE7042310A402F2506254D254DA
:10A92000425921618280011122CC26CA2EC6AA84F6
:10A9300006CEEF20905183D6A1939387C1F9C2062A
:10A9400003C6F70503475500C182239ED192238396
:10A950000704A38007062391070623A6070623986A
:10A96000070623920704238497029D46B245631A83
:10A97000D6002147A38FE704F2406244D244056128
:10A980008280A1466315D600A38F0704F5B78947D7
:10A990001384C1F96311F70483474406636DF7021A
:10A9A000850793F7F70F2302F40605469306007D0B
:10A9B0006387C700639DE70085669386863883A713
:10A9C0008198BE9674DC9D47A30FF40475B7896621
:10A9D00093860671EDB785477D17A302F4061377BA
:10A9E000F70F8947E3E1E7FE0145EFF05FD8E1BFEC
:10A9F000411113064009814522C41384C1F913850E
:10AA0000C1F906C626C24AC0EF807F8EEF20F04310
:10AA1000034715028347050222075D8F83472502FE
:10AA2000138941E7C2075D8F83473502E207D98F5B
:10AA30003CDCEFA05FD7930545053D46138541E714
:10AA4000EF602234BD45138541E7A3070900EFB04D
:10AA5000AF9C8567938787383375F5022307040811
:10AA6000239BA192B7870080938717181CD0239D42
:10AA70000192239E0192EFA05FD411ED2302040204
:10AA80002244B240924402493735030013058582BF
:10AA900041016F6042530547814513050002238E33
:10AAA000E196EF60D03CEFF04FE33735030013053C
:10AAB0008585EF6042512244B240924402494101EF
:10AAC0006FF04FE8411122C41384C1F906C626C2B3
:10AAD000EFF0CFC223050404230604042304040476
:10AAE000EFA0BFCD21EDEFF04FC4EFF00FDF8145B8
:10AAF00013050002EF60B03737170040230204024D
:10AB00008327870A85451305001093E70720232430
:10AB1000F70AEF60902B130500208D45EF60F02AB7
:10AB2000EF60F0682244238E0196B24092443725AC
:10AB300003001305C57F41016F60E2482244854749
:10AB4000238EF196B240924441016FF0AFDF411184
:10AB500006C6EFA09FC609C5B24041016FF08FDE67
:10AB6000B2404101828005472382E1FE828041118B
:10AB700006C6EFA09FC4814709C583C731FCB33720
:10AB8000F000B2403E85410182809387C1F903C73E
:10AB9000270503C647029386C1F92385E70203C749
:10ABA0006704A385E70235478147631CE60003A7D6
:10ABB0008198905A118F6356070083A78198B30735
:10ABC000F640DCCE1385C1F98280138541E782808F
:10ABD00019E9054582800545F2406244D244424964
:10ABE000B249056182809387E5FF93F7F70F13075A
:10ABF000E003E360F7FE011126CA4AC806CE22CC64
:10AC00004EC6AE842A89EFA05FBB19E11545E9B7AE
:10AC1000EF20B0238347550099C30D4575BF938737
:10AC2000C1F903C7E70885471384C1F9E307F7FEB5
:10AC300083570404FDF3834744029D461387D7FFDF
:10AC40001377F70F63F9E60E31476386E70E354752
:10AC5000E395E7FC83472405E9CF83470900130701
:10AC6000100493F7F70DE398E7F6834719001307ED
:10AC7000400593F7F70DE390E7F601479306E005EB
:10AC8000B307E90083C70700811793F7F70FE3E4E1
:10AC9000F6F405079377F70FE3E497FE8347440242
:10ACA0001547638EE70831476393E700A947A30977
:10ACB000F40483D7A193C207C18393898173268645
:10ACC000CA8513858173239EF192232204042318DD
:10ACD0000404EF60020BB387990035478904238091
:10ACE000E70026852947A380E700EFF0EFA815D5F8
:10ACF00083A78198A30A9404230B04042320F40857
:10AD00001C4C2312F4085C482313F4088357C4082E
:10AD10008507C207C18395C72316F40885472324F6
:10AD200004082317F40823080408230A040401452F
:10AD300065B5EFF00FE08347240585F3C1BD91476A
:10AD4000BDB78547D1BF83C7A1020545639BA70057
:10AD50004111154506C6EFF08FC4B24001454101CF
:10AD6000828082809387C1F903C7E70885471385EE
:10AD7000C1F96319F70083A7819803270508998F04
:10AD80002324F5081305850882809387C1F9884F2D
:10AD900083D747081D8D4205418182809387C1F981
:10ADA000C84B83D767081D8D4205418182804111C0
:10ADB00026C29387C1F906C622C403C40709938437
:10ADC000C1F963F385002E841374F40F19C511C4FF
:10ADD000228693858173EF50D27A03C7E4088547B2
:10ADE0006304F700238AF4042285B240224492448B
:10ADF000410182806D71D2DD232611102324811040
:10AE0000DAD9EAD12322911023202111CEDFD6DB1B
:10AE1000DED7E2D5E6D3EECF03A48198EFA0BF98AA
:10AE20002A8BEFA09F99138DC1F90DE983474D023D
:10AE300099C3EFF03FC98320C110032481108324FC
:10AE4000411003290110FE596E5ADE5A4E5BBE5B5B
:10AE50002E5C9E5C0E5DFE4D5161828003472D0588
:10AE60000DCFEFF0AF94930B100C938C0132938ABB
:10AE70000112138C01049386C19303D6060003D7F5
:10AE8000A193420741836308C700FD1BC20B93DBFC
:10AE90000B0163990B06EFF06F918346ED080547B0
:10AEA0006384E6006F10602103470D091DEF03471F
:10AEB0006D0563ECE60283560D0485EA050713066B
:10AEC000C02B3307C70283260D08B306D44033874F
:10AED000E640634C070003455D05EFF0EF8911C5BF
:10AEE00003476D050507230BED047D7783270D08C8
:10AEF000130787C73A941D8CE34F04F21145EFF016
:10AF00000FAA15BF03D7060083491D0666970345A0
:10AF1000070003D706001375F50F05071377F73FF2
:10AF2000131685012390E600054761866390E916B4
:10AF300035476305E6002947631DE60003574D04C6
:10AF40001DDB29476317E60099454145EFF0BF9D9A
:10AF50001DB703574D049306F01F1309170063F53F
:10AF600026019D451D45DDB7931509015697C18101
:10AF70002300C7002312BD041307C002938D0112E2
:10AF8000E31BE6EE83462D061147850693F8F60F80
:10AF900023011D07E391E8EE03473D0625E303582F
:10AFA000CD0646C242C02D47E370B7FAB73503005D
:10AFB0002D469385058913850112EF50325A49F5C4
:10AFC000024892486E991387BD0093050002254EF2
:10AFD000A94E416F1303C002E37827F783060700E9
:10AFE0006388B6020146014583460700938606FD45
:10AFF00093F6F60F6370DE021DE6B9B783568D0631
:10B000000357AD06998E139806011358080151BFD6
:10B010000507D9B73305D5033695E377E5F305077B
:10B020004E86E36327FD9386F8FF93F8F60F63954A
:10B030000804E37B27F103060700930617001307B4
:10B04000C002E313E6F0131705014183E31ED9EEB6
:10B050009306F7FFC206C1821306F00EE366D6EE32
:10B06000E364E8EE2317ED0623180D060947A30055
:10B07000ED0623120D0401B5E37827ED0306070062
:10B080000507E30BB6FEE30966F47DBD094763954A
:10B09000E90683560D071307F00EE367D7EA138717
:10B0A00041E836971386160042062300A70003578F
:10B0B000ED0641822318CD06E31FE6DA03473D067D
:10B0C00009EB0357CD063306C7402316CD060D47BF
:10B0D00079BF0355AD0603274D07938541E83A959F
:10B0E000EF20006FE31205E60357AD068356ED0629
:10B0F00036972315ED06E1BF9306E00303470D05E0
:10B100006315D60883454D02AD466384D5006F10A4
:10B1100030352DEF0347CD0523120D04A3080D0490
:10B1200005C383C581939306000C13868173138531
:10B130000106EF2060061DE91945EFF04F8925BB98
:10B140000347AD0511CB9306000C1386817383452D
:10B15000ED05138541F7F1BF0818EFF02FA5AA857B
:10B160009306000C138681730818E1B7EFE0DFE067
:10B1700061D505472308ED0403A781988966938666
:10B18000067136972326ED02FDB101CB03574D041E
:10B1900009E713070002E300E6CE3547E30DE6CCEE
:10B1A000A94603471D056304D6006F00B06C51EF3C
:10B1B000835D4D04638B0D088346ED083387BA0128
:10B1C0002300070005476394E60C83460D09139797
:10B1D00086016187635BE000138716002308ED0892
:10B1E0001387817336972300C70003470D0913099E
:10B1F0000008EE893309E9404209135909016373D4
:10B20000B901CA89C20993D90901638F090013855D
:10B2100081734E863A95938501123AC0EF5072368B
:10B220000247BA9923083D096375B9010547A30789
:10B23000ED08B73503009385C58913850112EF80AA
:10B240008F9509E90945EFE09FF523120D04A30846
:10B250000D0415B1B73503009385058A13850112D6
:10B26000EF806F931DC1B73503009385858A1385E1
:10B270000112EF50D25811E9B73503009385458B81
:10B2800013850112EF50B25769D10D456DBF1010F3
:10B29000EE85568503494D02EF10903B0547AA897C
:10B2A0006311E5300810EFF08F9E63090522035704
:10B2B000C10263F5E922A256130630040387060093
:10B2C0001377F7FD631CC7208386160013077003EE
:10B2D0006396E6200810EFF08F9B25D98355C102B5
:10B2E00022559306000A1018EF10F06F2547E37EF1
:10B2F000A7F4834601031307700CE398E6F4834D2B
:10B3000011030547E393EDF4034771030348610319
:10B3100022073368070113076009E36807F313077F
:10B32000A800E314E5F2930588001C183386B700E3
:10B330008346160003460600834841030347510332
:10B34000A206C205D18EC1813E8536C003492103C4
:10B350008359410346C63AC442C2EFA0FF8B8246DE
:10B36000E395A6EE2247B248994613158700336548
:10B3700015011248630ED90C63E9260515476302CF
:10B38000E906914D37070400230C21011307771CB0
:10B39000138941F7A30CB1012320E90009472313C6
:10B3A000E9000357810123123901A9452314E9005B
:10B3B000138541F7EFA05F863147230FED04054762
:10B3C0002315A900A30CED0449B51D476305E90C3D
:10B3D0002147E318E9FAE31708FA8145EFF02FB99E
:10B3E000ADB53147E37007FB034741044D18E31B3C
:10B3F00007F928183AC2EFE07FC2AA8D6818EFE07B
:10B40000FFC12AC08800EFE07FC1124782452A862B
:10B41000930651046E85EF20A024AA8D25F52312F2
:10B420000D06232E0D06EF2040228346150203470A
:10B430000502A206D98E034725024207D98E03478B
:10B44000350223040D026207558F232CED061DBF24
:10B450001147E319E8F22818EFE05FBC2AC0EF209B
:10B46000C01E83461501034705010246A206D98E78
:10B47000034725014207D98E034735016207558FDF
:10B48000E312E6F0EF202065AA8DE31D05EE0547E7
:10B490002303ED06C5BDE31708EEEF20C065AA8DB6
:10B4A000E31205EE0347FD0523120D06232E0D06BC
:10B4B000232C0D0623040D02E30607EC1D4723038E
:10B4C0000D04A3000D0623110D0623260D062318D7
:10B4D0000D0623120D04A30FED046DB50810EFE067
:10B4E0001FFBE30405D68355C1022255C946101837
:10B4F000EF10704F4947630FE5000357ED00C16639
:10B50000FD166305D70005072317ED002147230427
:10B51000ED0225BB834601033547E390E6FE8346F3
:10B5200011030547E39BE6FC0347310383462103F0
:10B530002207558F79F30347510303464103B7466A
:10B54000002083D666B12207518FE398E6FAC945F9
:10B550000818EFC04F9355D10546C9450818EF406C
:10B56000101A1307F00FE30AE5F815E10357CD00B1
:10B57000C166FD166305D70005072316ED000547D4
:10B58000A304AD042305ED042304ED047DB90357A2
:10B59000ED00C166FD16E304D7FE05072317ED0095
:10B5A000F9BFF956E304D5F68349FD056386092EF4
:10B5B000938699FF93F6F60F636CD702B7350300B5
:10B5C0009385C5895685EF701FDD1DC1B735030012
:10B5D0009385058A5685EF701FDC19C9B7350300BE
:10B5E0009385858A13850112EF507221E30F05C4FC
:10B5F000B73503009385058C13850112EF50322077
:10B6000015C99305A00313850112EF50921C9306F0
:10B610000002E30C05C2050503070500E30DD7FE94
:10B62000130707FD1377F70F8D46E3E0E6C223000B
:10B63000ED0621B9B73503009385058D13850112F9
:10B64000EF50F21B61C1B73503009385C58D13859B
:10B650000112EF50D21A15C10C180545231801022A
:10B66000EFE0BFF883560103054729456383E600F1
:10B670003D459945EFF02FABC9BEB7350300938523
:10B68000458E13850112EF5092172DCD0C180945E8
:10B69000231C010023180102EFE03FF5AA894C08A2
:10B6A0000D45EFE09FF42A8911E9638909000357EA
:10B6B0000103054923180102231AE1002C0805455E
:10B6C000EFE0BFF219CD630E090083568101130725
:10B6D000E00C6398E60083568D06035741016385AD
:10B6E000E60095453D4579B70357010323030D0453
:10B6F0002316ED0613371700A301ED061947A30F14
:10B70000ED04A1B619476396E90E03491D060D47DE
:10B710006311E90EB73503009385C58913850112BE
:10B72000EF707FC7E31305B203473D06A3000D0684
:10B7300023030D0401EB0357CD0669F30547A3016D
:10B74000ED066DBF0357AD0683568D06E368D7FA45
:10B7500083294D0723020D06232E0D06BA992304D3
:10B760000D02EF10906E8346550103474501A20676
:10B77000D98E034765014207D98E034775016207D9
:10B78000558F63EAE900EF20001E19E11D4785BFD0
:10B7900099454145C5B5EF10506B834615020347E7
:10B7A0000502A206D98E034725024207D98E034718
:10B7B00035026207558F83268D0763F9E602EF1085
:10B7C000D06883461502034705028145A206D98E3B
:10B7D000034725024207D98E034735020145620718
:10B7E000558F232CED06EFE09FF84DB7A30F2D05E5
:10B7F000A9BCB73503009385058A13850112EF7044
:10B800009FB911C9B73503009385858A1385011245
:10B81000EF50E27E15C11D476396E90023030D0436
:10B820002147F1BD21476397E90023030D04A30FCE
:10B830000D0421BC91457DB5B73503009385C589BD
:10B8400013850112EF703FB5E31105A0FD19230325
:10B850000D0493F9F90F1D47E369379F372703005C
:10B86000130707748A09BA9903A7090002870947D1
:10B8700079B50D4769B5114759B51547A30FED04C3
:10B8800005472303ED0403A78198BD66938606A6AA
:10B8900036972326ED0255BAB73503009385C58E3A
:10B8A0005685EF50C27551C17D570C1805452318B8
:10B8B000E102EFE09FD3035701030DC905EB2147D8
:10B8C000E315E99803477D04936627000D8BA303D6
:10B8D000DD04136727008D46E319D79603A78198E7
:10B8E00023030D042328ED0225471DA0854663147C
:10B8F000D702130710102313ED0403A78198916654
:10B90000938686A936972326ED02A3030D022147CD
:10B910002302ED021DBA89466315D7001D47E306D1
:10B92000E9921945EFE0BF8A0DB2B7350300938560
:10B9300005905685EF50A26C6DF5B73503009385E1
:10B9400085915685EF50A26B6306050E0C180945CC
:10B95000EFE0BFC979D5835601030947E363D7FCFC
:10B960000547A303ED0203A781982320ED0031478B
:10B97000239CE1924167938901061307771C23A05A
:10B98000E9003717020013073761373503002392A8
:10B99000090023A4E900B1451305059323030D0411
:10B9A00023140D02230C0D04EFE08FE7138981931C
:10B9B0000DE5231009000357090083A6819833374A
:10B9C000E000A30DED0405472304ED0403D76193C4
:10B9D00036972328ED02294725BFBD45138501036E
:10B9E000EFE00FE479D5D94513850172EFE04FE31D
:10B9F00069D1C1456285EFE0AFE245DD83550900BD
:10BA000013850106138785FF2393E900EFA0CFA0DC
:10BA100003570900B386E9002380A6009306270098
:10BA2000050742074183BA9921812310D900238059
:10BA3000A90051B7B735030093858593138501128B
:10BA4000EF50E25B01CD2D47E311E98003470D057F
:10BA5000630D07FEEFE0FF9B6FF02FFFB73503008C
:10BA60009385059513850112EF50625909CDB735BD
:10BA700003009385859513850112EF50425801C547
:10BA80000547A302ED0211476314E9068346DD056D
:10BA900005476396E602B73503009385059613853F
:10BAA0000112EF50C25529C5373503003D47BD4649
:10BAB00041469385010313058596EFE0BFA78346B2
:10BAC000DD0509476396E602B735030093850597C0
:10BAD00013850112EF50A25201CD373503005947AB
:10BAE000CD465D469385017213058597EFE09FA4CF
:10BAF000B73503009385059813850112EF50225046
:10BB000005CD93052002EF50C24C1DC53768FF03D9
:10BB100005050146130E20027943E5480508930EFA
:10BB2000F0058305050089C56384C5016375C304F9
:10BB30003307CC0023000700B735030093858598B1
:10BB400013850112EF50A24B61C59305A003138525
:10BB50000112EF500248930615001306000229ED6A
:10BB600023030D02130769FF1377F70F894663E17B
:10BB7000E60A154545BB13F7F50F9376F7FD938657
:10BB8000F6FB93F6F60F050563F9D8000117137756
:10BB9000F70F63FDE800E396D5F93307CC00930671
:10BBA00016002300B70013F6F60FA5BF3357E800C1
:10BBB000058B65F7BDB7850603870600E30DC7FE55
:10BBC000130707FD1377F70F2546E36BE6F88506A5
:10BBD00093050002038606006302B60E9305C002B9
:10BBE0006310B60285061306000203870600630988
:10BBF000C70C130707FD1377F70FA546E3E2E6F638
:10BC00001377B70F7D17133717002303ED0239DBC6
:10BC1000B73503009385059913850112EF50223E35
:10BC200039C59305A00313850112EF50823A21C153
:10BC3000050513070002830605006385E608014732
:10BC40002546A94583460500938606FD93F6F60F23
:10BC5000637CD6067D46930610F86368E600060707
:10BC60001307F7F893168701E1862300DD02B73545
:10BC700003009385859913850112EF504238630CB8
:10BC8000050E9305A00313850112EF50823402D8EC
:10BC900002DA02DC6DC10505930801030148130EA9
:10BCA0000002A54E294F954F9302C0021943030786
:10BCB00005008145631AC7030505D5BF850619BF71
:10BCC000850625B7050585BF3307B70205053697F5
:10BCD0004207418385BF03D7080005058545330723
:10BCE000E70336972390E80003060500130706FDD7
:10BCF0009376F70FE3F1DEFEBDCD6305F801050590
:10BD0000631B560605081378F80F8908E31168FAD3
:10BD1000035701039306F003130610F863E7E600E8
:10BD2000130717F91316870161861387C1F92300DA
:10BD3000C70203578103930520029386C1F96176F8
:10BD400063EAE50015463307C7021307D7F3131656
:10BD5000070141860357A1032391C60293051006EC
:10BD6000130610F863E7E50013074707131687016A
:10BD70006186A380C602B73503009385059A1385B3
:10BD80000112EF50C22759C51018EE851385011214
:10BD9000EF10C02341C1C256034761034C0836CCA3
:10BDA000835641032808230FE100231ED100EF3002
:10BDB00090002DC103158103130740383307E502B6
:10BDC0005245634507046367E504198D37374F9C77
:10BDD00013070730B7364F1C2A979386860763EB05
:10BDE000E602EF301017EF30D029A307AD041DC1D4
:10BDF000EF30902923A0A19803A78198B796490115
:10BE0000938606703697232EED0229A09306F7FF3E
:10BE1000E3FDA6FAB73503009385058A1385011261
:10BE2000EF706FD79389C1F911C9B73503009385B6
:10BE3000858A13850112EF50821C4DCD1147631581
:10BE4000E9020347DD0519CF894663E5E6000507EA
:10BE5000A30EED0403A7819823030D042328ED020C
:10BE60006FF0AFBE11457DBC9946631AD902834677
:10BE7000DD0405466399C60003A7819823030D04DA
:10BE80001307873EE1BF0D46E395C6CEA30EED0432
:10BE9000A3060D0423030D0403A78198C1B7B1467F
:10BEA000631FD9008346DD0409476396E60003A7B4
:10BEB0008198232CED0223830904294719AA9D4662
:10BEC0006313D90203C77905E31D07A40547A38BB4
:10BED000E90403A78198238309041307470623A8CD
:10BEE000E9026FF08FB665191379F90FE37B27A389
:10BEF0000D450DBCB73503009385C5891385011227
:10BF0000EF706FC9631305B421476318E902034753
:10BF10007D04936617000D8BA303DD0413671700E0
:10BF20008D466317D70023030D0403A781985DBADC
:10BF300005472303ED046FF04FB125476318E9006F
:10BF4000130710102393E9046FF02FB075192383A2
:10BF500009041379F90F636A27AF37270300130722
:10BF600007760A093A990327090002873735030043
:10BF70001305859A23870904EFE08F91630705ACC9
:10BF80008565938585BB1145EFE08F866FF0EFAB3C
:10BF900003C7D90519EF83C6590291E603A7819813
:10BFA0001307077D2DBF8546A38ED90403A781986B
:10BFB0003DB7894663EBE6A80507A38EE904FDB704
:10BFC00083A6819803A7819823AAD90223A8E9020E
:10BFD00019472382E9026FF04FA783C6D9040D47A2
:10BFE0006397E6001147A38EE904A386090403C7FB
:10BFF00069029306803E19E39306007D03A78198AA
:10C000003697F1BD03C77905854563E0E50205076D
:10C010001377F70FA38BE9041306800C6303B700B3
:10C02000014603A7819832975DBD03A7819823A895
:10C03000E902214779BF03C70905630807A003C7C1
:10C04000A90583C6C905558FE31C07EEEF90AFF530
:10C05000834665000547E385E6EEEDBA03C7D904DC
:10C0600089461377B70FE31AD7E403A7819823AC67
:10C07000E902A1B519C36FE01FE003574D04930512
:10C08000F01F9306170063F3D5020547A308ED04DC
:10C0900003570D01C166FD166305D7000507231878
:10C0A000ED001D472304ED026FE0FFDC56972312DD
:10C0B000DD042300C7006FE01FDC99CE03474D0568
:10C0C00001EF717783260D08130787562297158F86
:10C0D000635407006FE03FD60347FD056305073C47
:10C0E00003466D0401CE8326CD02158C63480400FF
:10C0F0009D453D45EFE03F836FE0FFD383560D0440
:10C1000099C26FE05FD319C26FE0FFD27D1713773A
:10C11000F70F9D4663F4E6006FE0FFD1B7260300FA
:10C120000A0793868678369718430287EF10E05106
:10C130002A840C18280823100102EFE08F964DD9AD
:10C14000B73503009385059B0810EFE0EFD24DD182
:10C1500083578101130544021306F00B9386817304
:10C160008DE7B73503009385C5A00810EFE0CFD069
:10C1700041D103550102EFD03FE03DD911651305D0
:10C1800085A9EFD07FE86FE01FCB03570102E36181
:10C19000E6F683050500FD1713081700C20736975A
:10C1A000C183231001032300B700050555BFB73530
:10C1B00003009385459C081823180102EFE0CFCBBC
:10C1C00005D983450D060818EFE00FCEE30205F20E
:10C1D000B73503009385C59D0818EFE0EFC9E30963
:10C1E00005F003550103EFD03FD9E30305F00565E2
:10C1F000130585BB79B7EF104045AA8423180102C7
:10C2000023150D0623160D06A3010D06EF10E044BD
:10C21000232AAD0603C7540183C544012A8422079B
:10C220004D8F83C56401C2054D8F83C57401E2053E
:10C23000D98DB384A5400567637397008564B735CE
:10C2400003009385859E081823149D06EFE0CFC256
:10C25000E30005EA83450D060818EFE0EFC4E309A3
:10C2600005E8B73503009385859F0818EFE0CFC038
:10C27000E30005E8A2850818EFE00FC3E30A05E62E
:10C28000035701039307F00BE3E4E7E69307170076
:10C290002318F102938781739305F4FFBA97A6954B
:10C2A0001307D00208182380E700EFE0EFBFE30197
:10C2B00005E4B73503009385C5A039BFEF10E0381A
:10C2C000AA840C18280823100102EFD09FFDE30177
:10C2D00005E242579306F002030607006316D600F4
:10C2E00003071700054401CB03C464000357810111
:10C2F000198C42044180B7350300938505A10810CD
:10C30000EFE08FB7E30605DE83450D060810EFE08A
:10C31000AFB9E30F05DCB7350300938545A20810DC
:10C32000EFE08FB5E30605DCC2571306F00B3E9431
:10C3300042044180938681731397070141836315FB
:10C340008702B73503009385C5A00810EFE0CFB290
:10C35000E30005DA03550102EFD01FC2E30A05D856
:10C360003D65130505A631BD03570102E362E6D81A
:10C3700085078385F7FF1305170036972310A10261
:10C380002300B70055BF03473D0671E78359CD062B
:10C3900023180102E38E09D4B73503009385C5A2A3
:10C3A0000818EFE06FADE30505D483450D060818C6
:10C3B000EFE08FAFE30E05D2035701031309F00B33
:10C3C000E368E9D283453D06138481739306170021
:10C3D0009304C002229708182318D1022300970063
:10C3E000EFE08FACE30605D003570103E362E9D029
:10C3F000930617003A942318D102230094001307E0
:10C40000000FCE85637437019305000FC205C1810B
:10C410000818EFE06FA9E30D05CCB735030093854D
:10C42000C59A0818EFE04FA5E30405CC03550103B6
:10C43000EFD09FB4E30E05CA05470565A300ED06DE
:10C4400023010D0623170D0623180D0623120D04D4
:10C45000130585383DB303578D068356AD06158FFA
:10C460009319070193D9090125B7B735030023189C
:10C4700001029385C5A30818EFE00FA0E30A05C6E3
:10C4800083450D060818EFE02FA2E30305C6B73574
:10C4900003009385C59A89B3B735030023180102B9
:10C4A0009385C5A4C9BF83464D0229476392E60818
:10C4B00003479D0535EFEF104019834455000549AA
:10C4C0006395240303475D0625E7EF10A027AA859F
:10C4D00019E16FE05F9641472304ED02A3029D0638
:10C4E0000145EFE0CFA86FE01F950947639CE40684
:10C4F000EF10A0150347650005CF03475D060DEB60
:10C500000327CD073307E44063440702EF10A03E42
:10C51000AA8519E5A30F2D0523000D066FE0BF9135
:10C52000414701452304ED02A3022D07EFE02FA4AC
:10C5300003476D0461CB8326CD02B306D44063C3A9
:10C54000060C03474D0291466315D7040347DD05EA
:10C550004DC7894663E5E6000507A30EED042303F6
:10C560000D0499A00D47E395E4FCEF10000E03477E
:10C5700065005DDFEF10E045AA853DD11307A5FFFB
:10C580001377D70F19C36FE01F8B41472304ED02C8
:10C5900081BF0D46631EC7008346ED04636FD70459
:10C5A00023030D041304840C23288D026FE0BF883D
:10C5B00099456313B7020347DD0485456317B70048
:10C5C00023030D041304843EC5B76318C702A30EEA
:10C5D000DD04A3060D0461B7B1466310D70283469C
:10C5E000DD0409476394E600232C8D0223030D0428
:10C5F00029472302ED026FE01F840945EFD03FBDBC
:10C600006FE07F8383560D0499C26FE0DF8283461B
:10C610004D0235466374D6006FE0FF813726030074
:10C620008A061306867AB296944282860327CD0242
:10C630003307E440635407006FE0EFFF81451305C3
:10C640000002EF50C0020D67130707EE3A9423284B
:10C650008D02094779BF03270D03198C6354040029
:10C660006FE06FFDEFD0FFCC373503001305C5A594
:10C67000EFD01FA2054719E16FE0EFFB85652307A7
:10C68000ED04938585BB0D45EFD09F966FE0AFFA23
:10C6900019C36FE04FFA03270D03198C635404008C
:10C6A0006FE06FF9373503001305C5A5EFD05F9E26
:10C6B00019E16FE04FF80347ED040507C1B719C34F
:10C6C0006FE06FF703270D03198C635404006FE0CC
:10C6D0008FF60347DD0509EF37350300130545A63F
:10C6E000EFD01F9B11C58565938585BB114569BF3B
:10C6F0008346DD0505476399E600373503001305DA
:10C7000005A7EFD0FF9865F18346DD0509476399DA
:10C71000E600373503001305C5A7EFD07F9761F515
:10C720000347DD05894763E4E7006FE0CFF0EF9052
:10C730008F87B73503002A84938585A808182318A6
:10C740000102EFD07FF36308054403475400854797
:10C75000630FF704B73503009385C5880818EFD039
:10C76000BFF1630A0542B7350300938585A9081810
:10C77000EFD09FF063010542930504040818EFD041
:10C78000BFEF630A0540B73503009385C5A00818BD
:10C79000EFD09FEE6301054003550103EFD0CFFDBD
:10C7A000630B053E8565938585BB1545F1BDB735A2
:10C7B0000300938545885DB78346FB008345EB0006
:10C7C00003264D03A206CD8E9305803EB386B602A6
:10C7D0003306C4401545E373D6E219C36FE0AFE5F5
:10C7E00003270D033307E440635407006FE0AFE411
:10C7F00003476D0225CF0347FD0411E70346ED040F
:10C80000894663F3C6048344DD058D466392D402F2
:10C81000373503001305C5A9EFD09F8719E16FE0F5
:10C820008FE1A3069D048565938585BB1945A9BD48
:10C8300001EB372709001307077C2297232EED020F
:10C8400023288D021D4775B337350300130585AACC
:10C85000EFD01F8419E16FE00FDE0547A306ED045A
:10C860000347ED0405072307ED0475BF37350300C3
:10C87000130545ABEFD0DF8119E16FE0CFDBA306F5
:10C880000D0455B783060B0199EE05472304ED020D
:10C89000379704001307073E3A94230C0D0423280E
:10C8A0008D023547B9B319C36FE0EFD803270D03E5
:10C8B000198C635404006FE00FD823180102EF8035
:10C8C0009FEE83477D052A848DE7B7350300938566
:10C8D00005AC0818EFD05FDA630F052A0355010392
:10C8E000EFD08FE96309052A8565938585BB1D45D2
:10C8F00061BB0547639BE702B7350300938505AD30
:10C900000818EFD07FD7630805288347B400834514
:10C91000A400A207DD8D0818EFD01FD9630D0526EE
:10C92000B73503009385C59A6DB7B7350300938576
:10C93000C5AE0818EFD05FD4630F0524834574009B
:10C94000D9BF19C36FE02FCF83270D031D8C63540C
:10C9500004006FE04FCEEF801FE5B73503002A8457
:10C96000938545B0081823180102EFD0FFD0630467
:10C970000522930504010818EFD01FD0630D052090
:10C98000B7350300938585B60818EFD0FFCE630452
:10C99000052083479400834584000818A207DD8D95
:10C9A000EFD09FD06309051EB7350300938585A29C
:10C9B0000818EFD07FCC6300051E938541E7081867
:10C9C000EFD09FCB6309051CB7350300938545B1B4
:10C9D0000818EFD07FCA6300051C03550103EFD090
:10C9E000AFD9630A051A9165938585A9214569B96F
:10C9F00019C36FE04FC483270D031D8C63540400DB
:10CA00006FE06FC3B7350300938505B2081823188C
:10CA10000102EFD07FC663000518B7350300938588
:10CA2000C5B60818EFD07FCE63070516B7350300EB
:10CA3000938505B30818EFD03FC4630E0514B735CE
:10CA400003009385C59A0818EFD01FC3630505142A
:10CA500003550103EFD04FD2630F05129165938503
:10CA600085A9254515B183469D059DEE0346BD0567
:10CA700003478D04518F09CB03270D033307E4408F
:10CA800063540702631B06100347DB008345CB009A
:10CA900003264D0022074D8F9305803E3307B702D2
:10CAA0003306C440636BE60E23100102230DDD0440
:10CAB000014789E60347BD053337E000230EED0447
:10CAC000D5C60344ED05B7350300938545B308107B
:10CAD000EFD09FBA69C1B7350300938545B40810FC
:10CAE000EFD0BFC24DC9B7350300938585B6081096
:10CAF000EFD09FB84DC10347AD058346CD058545B1
:10CB0000558F09E7EF803FCA834565000810EFD0D5
:10CB1000BFB951C1B7350300938585B40810EFD074
:10CB2000BFB535C993151400C205C1810810EFD0F7
:10CB3000BFB735C1B73503009385C59A0810EFD04C
:10CB4000BFB331C903550102EFD00FC329C5034755
:10CB5000AD058346CD05558F19E323040D04856586
:10CB600023080D04938585382D4539BE01C703D4AC
:10CB7000819391BF0347AD04081823050D042306D4
:10CB8000ED0403479D04A305ED04EFD03F82131489
:10CB9000050141800DF8054595B40327CD03330702
:10CBA000E4406348070237350300130585AAEFD038
:10CBB0002FCE05C10547A306ED043727090013074B
:10CBC000077C3A94232E8D028565938585BB31457C
:10CBD00065BC03278D03198C3D671307F7A56364B4
:10CBE00087006FE04FA537350300130505B5EFD07B
:10CBF0002FCA19E16FE02FA41947A306ED04E9B786
:10CC000003270D033307E440635407006FE0AFA22E
:10CC100003478D0519E7379704001307073E3A9439
:10CC200061B28546631AD70003472D0519E3EFD09B
:10CC30004FF0A30B0D0429B18946631FD7000347AA
:10CC40002D0519E3EFD0EFEE232A8D0223288D0264
:10CC500023030D02194771BAEFD0CFCE6FE0AF9D1D
:10CC600019E36FE0EFD36FE06FD237078000DD4646
:10CC70004D07637DB50083470500DD1793F7F70F78
:10CC800063E6F600B357F700858B91E382800505D4
:10CC9000CDB701114AC82A89084122CC26CA4EC6FE
:10CCA00052C4AE89328A06CEEFF03FFC37A79919FD
:10CCB00081440144A546130797991546A945637A0F
:10CCC000350183470500938707FD93F7F70F63F35B
:10CCD000F60281C8CE85EFF05FF92320A90023205A
:10CCE0008A00F240624426854249D244B249224A2F
:10CCF00005618280636C87006314E4006368F6005A
:10CD00003304B402050585443E9455BF8144D1BF28
:10CD1000011122CC2A84084126CA06CEAE8432C62E
:10CD2000EFF0BFF463719502030705003246AA874E
:10CD300001456315C70085071CC00545F2406244E4
:10CD4000D244056182800145D5BF011122CC2A84DD
:10CD5000084126CA06CEAE8432C636C4EFF0FFF0D4
:10CD60006372950683050500930720020147639DC2
:10CD7000F502A24632460505AA879305200213084C
:10CD8000C005FD4863809704038707006314B7025A
:10CD9000B385A7404168014763F8050108C22390A5
:10CDA000B60085071CC00547F2406244D2443A856C
:10CDB00005618280630807011377F70F63F4E800C9
:10CDC0008507C9B70147CDB714410147138826002D
:10CDD00063EE050383C70600A5480147938507FD59
:10CDE00093F5F50F63E4B80283C61600938506FD3C
:10CDF00093F5F50F63ECB8002947B387E702C11636
:10CE00000547B6972300F600232005013A85828066
:10CE10001377F50F930707FD93F7F70FA5461395C3
:10CE2000870163F5F6029307F7FB93F7F70F954633
:10CE3000130597FC63FBF6009307F7F993F7F70FD9
:10CE40007D5563E6F600130597FA620561858280D9
:10CE500011E97D5582807D55B25022549254025979
:10CE6000456182807DD6A147E3F5B7FE797122D472
:10CE700006D626D24AD03304B500B5462947636B9F
:10CE80008500B307A440C207C1832147636CF70044
:10CE90000145D9B78307F4FF6384D700E393E7FE26
:10CEA0007D14F1BFB735030032899385C5B8254697
:10CEB000AA84EF30B26A69FD138594002AC6340053
:10CEC0001008A2856800EFF05FE851D50357810094
:10CED0009D47E31FF7FA4245B73503001D4693858A
:10CEE00005B7EF30B2674DF51306C002A2856800A2
:10CEF000EFF01FE22DD15008A2856800EFF07FD936
:10CF000039D9D247A9FB1306C002A2856800EFF009
:10CF10003FE031D15008A2856800EFF09FD705DDD2
:10CF20001306C002A2856800EFF09FDE0DD59306C0
:10CF3000A1004A86A2856800EFF03FE1E30D05F00D
:10CF40000357A1009307F00FE3E7E7F01306C002D1
:10CF5000A2856800EFF0DFDBE30F05EE3008A28565
:10CF60006800EFF01FD3E30805EE1306C002A285A8
:10CF70006800EFF0FFD9E30005EE7008A2856800B5
:10CF8000EFF03FD1E30905EC1306C002A28568006B
:10CF9000EFF01FD8E30105EC3245A285EFF0FFCC9E
:10CFA0008357A100098C231689002302F900F24758
:10CFB00042042324A9004180E31FF4E86247E36CA4
:10CFC000F7E80545E38AE7E8795579B56304051C78
:10CFD0006302061C994763FFB71A797122D42E8425
:10CFE000B745030026D2938545FAB28419464AD044
:10CFF00006D64ECE2A892AC6EF305256631405183B
:10D000004A94A28513056900EFF03FC6637C85163C
:10D01000930715003EC6030705009307200263131C
:10D02000F7161306A100A2856800EFF0FFD9630B85
:10D0300005141306F002A2856800EFF07FCD6303AC
:10D04000051413862400A2856800EFF0FFD7630B58
:10D0500005121306F002A2856800EFF07FCB630390
:10D06000051213863400A2856800EFF0FFD5630B2C
:10D0700005101306C002A2856800EFF07FC96303A4
:10D08000051013864400A2856800EFF0FFD3630B00
:10D09000050E1306A003A2856800EFF07FC77DC1CF
:10D0A00013865400A2856800EFF01FD261CD1306ED
:10D0B000A003A2856800EFF0BFC569C513866400B0
:10D0C000A2856800EFF05FD055CD3247637C870AB8
:10D0D00083470700938757FD93F7D70FC5E793075B
:10D0E00017003EC6030707009307B0028549630394
:10D0F000F700FD591306B100A2856800EFF0DFCC00
:10D1000051C10349B1009307000663ED2707B247F9
:10D1100063FA8706138517002AC60387070093075B
:10D1200020026311F706A285EFF03FB4631CA4044C
:10D13000330939038347A1002D479387077D239047
:10D14000F40083C72400FD172394240193F7F70FFD
:10D15000636AF70283C734007947FD1793F7F70F27
:10D160006362F70203C74400DD4763EDE70003C7CE
:10D1700054009307B00363E7E70003C76400054565
:10D1800063F3E7000145B250225492540259F24928
:10D190004561828001458280AA870145B1C339C2B9
:10D1A000B1C11395150063EEA602B7360300BE9514
:10D1B000938686B76393B700828003C7070009068A
:10D1C00085071183369703470700230FE6FE03C741
:10D1D000F7FF3D8B369703470700A30FE6FED9BF45
:10D1E00082800145828001ED014582800145F24047
:10D1F0006244D2444249B249224A056182806DD6D6
:10D20000E5D593F71500EDF3011126CA06CE22CC21
:10D210004AC84EC652C493D41500E3E996FC93075E
:10D22000F01FE3E5B7FCB2892A840149931709018D
:10D23000C18363E5970013F5F40F55BF03050400A0
:10D24000EFF01FBD2A8A03051400EFF07FBCE34F07
:10D250000AF80904E34C05F8120AB387290133657B
:10D2600045012380A7000509D1B7B5C9930695D814
:10D27000C2068567C18293871761014763E9D704B6
:10D2800037360300130686B965488357060063E204
:10D29000A70483562600636ED502B386D740898FD4
:10D2A000C207C18313052003B387A702C206C18248
:10D2B00013D61600B297B3D7D702930620033307CD
:10D2C000D702130707E7BA972390F50005473A8579
:10D2D000828005071377F70F0906E31807FB01475C
:10D2E000FDB709C5414681456F606F8082802A88FD
:10D2F000014563030804A9C221C2637FF70263EDFD
:10D30000E50263FBF50233F7D5021DE78D8F33D7B6
:10D31000D7026363C702B386C60299CE63EED70015
:10D32000AE9685472320B8002322D8002324B800D6
:10D330002306F80005458280828009CD8346C5001A
:10D3400005476399E60089C509472306E500828001
:10D350006FF03FF98280AA87014595CB0DCA03C7BC
:10D36000C700854679171377F70F63E2E6029847FF
:10D37000631FB7009443636CD700DC436379F70005
:10D380003385E7403335C500134515008280828020
:10D3900005C119CE8347C5000547F91793F7F70F65
:10D3A0006368F7001C45AE971CC58D472306F50042
:10D3B0008280814719C98346C5000D47814763961E
:10D3C000E6001C450841B337F5003E8582801441D4
:10D3D000374754311307F714639EE60403464500AC
:10D3E000854601476319D60403465500954663E414
:10D3F000C6048306650063C006045449374603002B
:10D40000636BD602105163E8C602504D63E5C60255
:10D41000411122C40324450A9305400A06C6EF6061
:10D420009FE23305A440B2402244133715003A85E9
:10D430004101828001473A85828083A7019455711A
:10D44000A6C34EDF86C7A2C5CAC19D669389019453
:10D450009D646394D7009384071037390020B74741
:10D4600054311304096B9387F7141CC085472302BA
:10D47000F4001C449305400A1305096B85071CC47E
:10D48000EF607FDC2322A40A930600100146A685E4
:10D4900025459750FF1FE780A0A009C91945BE4048
:10D4A0002E449E440E49FA59696182809306800A8F
:10D4B0001306096BA68529459750FF1FE780409EFC
:10D4C00071FD9306800A3000A6852D459750FF1FF9
:10D4D000E780009D61F52800EFF07FEF61D14247C2
:10D4E0001C44E31DF7FA23A0990001454DBF31719B
:10D4F00026DBB73400201306800A81451385046BB0
:10D5000006DF22DD4AD9EF509FDE9306800A300005
:10D510009D652D459750FF1FE780809871C5014993
:10D520009D659306800A3000938505102D4537349C
:10D5300000209750FF1FE780A0961304046B69E555
:10D540002800EFF0DFE869C1630709001844C2470B
:10D55000998F635EF0001306800A2C001385046B1C
:10D56000EF3032029D679387071023A0F19458444F
:10D57000B7170200938737616306F7020347540029
:10D580005CC419CF9546630DD700184863EAE700DD
:10D59000A302040023030400232E0400232004021A
:10D5A000EFF0BFE91850FD5623A8E19423A601949B
:10D5B00023A4D19403465400938741942380070009
:10D5C0008946631DD60083466400ADE6A3020400CD
:10D5D00023200402232E0400EFF03FE6FA506A54A1
:10D5E000DA544A59296182802800EFF05FDE05D9BC
:10D5F0001306800A2C001385046BEF3082781D67B8
:10D6000023A0E194054929BFE31309F61306800A14
:10D6100081451385046BEF509FCDB71702009387A8
:10D6200037615CC49D679387071023A0F194EFF0E6
:10D63000DFE035BF54486316D7008D47A302F400DE
:10D6400061BF05472380E70051BF37350020130530
:10D65000056B828037750300828003A50195828067
:10D66000F9CE93178701E187635BF00C9387F5FF91
:10D670003748030063F5070D011122CC3734002031
:10D680001304046B8347540026CA4AC84EC652C4CA
:10D6900056C206CEBA84B689328A2E89AA8AB9C7FA
:10D6A000FD1713F7F70F85468D4763E7E602184825
:10D6B0006314A70258486311B702184C631EC700D1
:10D6C00003466400631A9600CE8513054402EF30CA
:10D6D000E2688D4711E18147F2406244D2444249F9
:10D6E000B249224A924A3E850561828093074402EC
:10D6F0003E85130600088145EF507FBF2686CE8504
:10D70000EF30226885472303940023285401232AFD
:10D710002401232C4401A302F400232E040023201F
:10D720000402624423A80194F240D2444249B2491F
:10D73000224A924A2382019405616FF01FD08547E7
:10D740003E858280411126C2B734002006C622C41D
:10D750004AC01387046B8346570085476392F606D9
:10D760001389046B8325C901832749013384B7409A
:10D770001DCCB7770300BE958566014605459740E9
:10D78000FF1FE780E07199470DED05679384046BF7
:10D79000A287637387008567D84CBA97232EF90058
:10D7A0002244B2409244024941016FF01FC98947A7
:10D7B000A302F700185323A8E19423820194CDB764
:10D7C0009547B2402244924402493E8541018280FD
:10D7D000797126D2B73400201387046B06D622D481
:10D7E0004AD04ECE52CC56CA5AC85EC6834657005F
:10D7F0000947639EE60E638C050E9307F6FFC2078A
:10D80000C1831307F00E32896363F70E83A7019576
:10D81000938A0195639DA70CB309A60063EBA90C3D
:10D820009384046BD8488547636037071304360038
:10D830007198373A002042042A8B418013058A7977
:10D84000930B8A79EF30E253637A890033062441DF
:10D850009305F00F33852B01EF507FA93779030033
:10D860005A99A28613068A79CA8509459740FF1FEF
:10D87000E780006315C5373503002286DA85130576
:10D8800085C2EF3002609947B25022549254025937
:10D89000F249624AD24A424BB24B3E854561828090
:10D8A000A28613068A79CA850D459740FF1FE78037
:10D8B000205F71F1DC4823A03A01638C370183C7F4
:10D8C0006400F9D39850916681473387E940E36D4E
:10D8D000D7FA225423A03403B25092540259F24989
:10D8E000624AD24A424BB24B45616FF01FB5954731
:10D8F00061BF854751BF411122C4373400209307CF
:10D90000046B06C626C283C657000947954763962F
:10D91000E6041304046B185083A6019593840195C3
:10D920006315D70083C741948DCB544895476376E0
:10D93000D7029316470195E2B77503008566014645
:10D94000BA9505459740FF1FE7808055994711E537
:10D950001C509CC0238201948147B24022449244CF
:10D960003E8541018280B73700209387076B83C6CD
:10D97000570009476391E602D44B03A70195639CC6
:10D98000E6000D47A382E70023A601947D5723A458
:10D99000E1946FF09FAA15458280B73700209387E6
:10D9A000076B83C6570009476393E602D84B4111C2
:10D9B00006C698D323A8E194EFF03FA809E5B2404A
:10D9C00041016FF05FFAB24019454101828015456F
:10D9D0008280011122CC3734002006CE26CA4AC8E4
:10D9E0004EC652C41304046B034A54008D4763129D
:10D9F000FA0E83A7C19454481389C19493848194E7
:10DA000063F2D7089D8E130400046365D400139459
:10DA100006014180B73900203775030022869385BF
:10DA200089753E95EF30B0389C403786B8ED814619
:10DA30009389897513060632139706014183636142
:10DA400087029CC0832709003E9423208900F2406E
:10DA500062445285D2444249B249224A05618280D9
:10DA60003387D90003470700B98F214793D51700A3
:10DA7000858B91C3B2877D171377F70FAD8F7DF735
:10DA800085065DBF90400C4C1346F6FF6380C502CF
:10DA9000373503001305C5BCEF30A23E214AA3026F
:10DAA000040023030400EFF05F9955B737350300F6
:10DAB0003686130545C0EF30C23C9147A302F400FF
:10DAC0006244F240D2444249B249224A05616FF0B1
:10DAD000DF96154AADBFB73700209387076B83C623
:10DAE000570011476397E6001547A382E7006FF0E0
:10DAF000DF9415458280B73700209387076B83C674
:10DB000057001547638EE600A382070023830700B2
:10DB100023AE070023A00702238201946FF0FF9138
:10DB200015458280011122CC3734002026CA130704
:10DB3000046B06CE83475700AA841304046B8DEF51
:10DB40009387F5FF37470300054563F7E7048947E7
:10DB500004C8A302F400230304004CC810CC4CCC2E
:10DB600023200402624423A80194F240D244238279
:10DB7000019405616FF07F8C0347670032C62EC4A5
:10DB800019EB15476389E700EFF0FFF6A24532462F
:10DB900045D9194511A00D45F2406244D2440561B2
:10DBA000828082808347150003470500A2075D8FAE
:10DBB0008347250003453500C207D98F62055D8D77
:10DBC0008280011122CC85472A841306F100854505
:10DBD0001305503006CEA307F100EFA0612609CD52
:10DBE0002A8637350300A2851305C5F3EF30622975
:10DBF000F24062440561828037350300A285130537
:10DC0000C5F6EF300228EDB737350300130545C8D8
:10DC10006F30623B011106CE4AC852C422CC26CADC
:10DC20004EC656C2EF604FF22A8AEF30223C13757F
:10DC3000F50FD947594963E3A7002A89B744002063
:10DC400037070603938784891307271098C37977CA
:10DC50000907B72900202392E70055467D578145E3
:10DC6000138549222383E7001374F90FEF502FE83F
:10DC7000D54A138549229384848963F38A005549E0
:10DC80001376F90FD285EF30C20F93071400A383E8
:10DC9000F4002286A547D285138594002384F400DE
:10DCA000EF30220E13059400F2406244D244424900
:10DCB000B249224A924A1375F50F05618280938713
:10DCC000419703D707006310A7023735030023915C
:10DCD000B7002392C700130545F92E86BA85239312
:10DCE000D7006F30021A373503001305C5FA6F30BD
:10DCF000822D938741978356450003D7070063928F
:10DD0000E608411122C406C61384C18003450400FD
:10DD10004167791798C323A207008945EF40404C1B
:10DD2000034504009145EF40A04B034504009305D3
:10DD30000002EF40E04A0345040093050008EF406D
:10DD4000204A374500201305459BEF802F89EF803F
:10DD50000FB537450020130545B0EFF08FD8138479
:10DD600001978347040089C7EFF0FFD82300040020
:10DD70002244B24037350300130505E741016FF037
:10DD80005FE4373503001305C5FA6F30C2233D89C0
:10DD90007D15954763E3A71AB7370300938747C5F7
:10DDA0000A053E951C41411122C406C626C22E8496
:10DDB000828737350300130545FB2244B240924465
:10DDC00041016F30422083C7250019476392E70263
:10DDD0002E85EFF01FF283456400373503001305ED
:10DDE00045FCEF30020A37350300130505FEF1B795
:10DDF0000D47E38AE7FEB24022449244410182800B
:10DE000003C725009547E318F7FE9387419783D60C
:10DE100007004167791703D5A500638FE600EFA0DF
:10DE2000C12D37350300130505FFEF30C219373513
:10DE300003001305850151B703D7E5009384C18022
:10DE40002391E70003D705012390A70003C5040031
:10DE50002392E70003D72501130600648945239325
:10DE6000E7005D472397E180EF40001603C50400FB
:10DE7000096613060690A145EF40001503C504008E
:10DE80000566130606C89145EF4000140356E400EA
:10DE90008355A4003735030013054500EF20727E3B
:10DEA00079B703C725008D47E317F7F4373503002B
:10DEB0001305450219B783C5250091476392F50202
:10DEC000373503001305C503EF30E20F3735030084
:10DED000130585052244B240924441016FF07FCE84
:10DEE00099476391F5022285EFF0BFE08345640016
:10DEF00037350300130545FC2244B24092444101EA
:10DF00006F20327895476390F502834714008DC3E4
:10DF1000373503001305C503EF30E20A3735030038
:10DF20001305C50645BF3735030013050509E9B7D5
:10DF3000373503001305850849B58280397137E507
:10DF4000000022DC1305657A06DE26DA4AD84ED6B2
:10DF50001384C180EF40A04C2300A400374500206B
:10DF60001305459BEF709FE7EF800F933745002027
:10DF7000130545B0EFF0EFB6EFF0DFC9AA89994776
:10DF8000231EF10013860181B1478D4513990901C4
:10DF900013057030231FF10013590901B744002005
:10DFA000A30D0100EF90D1692AC613868489CA8522
:10DFB00013056030EF90D1682AC4700889451305B5
:10DFC0001031EF90F1672AC21306E101894513056C
:10DFD0002031EF90F16605462AC0A30DC1008545AA
:10DFE0001306B10113055030EF9091650248924736
:10DFF0002247B24683450400AA88373503004E867F
:10E00000130505D8EF20F267373503004A8693855C
:10E010008489130505DDEF202014930500050D45C7
:10E02000EF60C01C930500051145EF60201C85457D
:10E030007945EF60A01B7008854513050040230E4D
:10E040000100230F0100EF8011401306E101854517
:10E0500013055040EF80313F7D55EF8030542AC684
:10E060007D55EFB0401A2AC4EF20B05C2AC27D551E
:10E07000EF20F0782AC07D55EF20B03C0247924651
:10E080002246B245AA8737350300130505DEEF2087
:10E09000525FB724002013864422D5450145EF8006
:10E0A000903E3735030093854422130545E2EF2067
:10E0B000525D37350300CD46594689450D47130556
:10E0C00085E3EF20125C416793874197791798C3E6
:10E0D00023A2070013858180EF20307937250020A7
:10E0E0001305856BEF20F03713854195EF70110E06
:10E0F000034504008545EF30F055F2506254D25488
:10E100004259B25921618280411106C622C426C2F9
:10E11000EFF05FB09315050137460020130686899E
:10E12000C18113056030EF90B15137240020AA84DB
:10E1300013064422D5450145EF80F034930544226F
:10E140002244B24026869244AA863735030013053E
:10E1500005F041016F20F25203C5C1801306003C57
:10E16000930500046F30506683D7E180011106CE1D
:10E1700022CC26CA4AC8F917634EF6003735030089
:10E180001305C5F2EF203264F2406244D2444249A2
:10E190000561828013844197AA84035504002E8967
:10E1A00001478146ED452315C100EF80F0762AC670
:10E1B00061DD0356A100CA859720FF1FE780405DFF
:10E1C000035504003000A685EF20507155DDED4564
:10E1D0002800EF90200C4DBF83D7E1806971232484
:10E1E0008112232021132326111223229112232E80
:10E1F0003111232C4111232A511123286111232687
:10E20000711123248111232291112320A11121476F
:10E210002A893D44637EF700E1173E84C207C1832B
:10E220001307600F6374F7001304600F420441800A
:10E23000B3048900FD14B3D484029147814913FBD0
:10E24000F40F63FD2701B74700209387878B83C9AD
:10E25000470083C73700A209B3E9F900B74C002093
:10E2600093DB8900014D814A228C93F4F40F938C47
:10E270008C8B13F7FA0F636C67038320C11203249E
:10E28000811283244112032901128329C111032A17
:10E290008111832A4111032B0111832BC110032CFF
:10E2A0008110832C4110032D011055618280628AF8
:10E2B000637389004A8A420A93371700850A135A02
:10E2C0000A019E0793060004638354018146D58F9B
:10E2D0005286B385AC01130591002302F100A3021D
:10E2E000E10023036101A30331012304710197209D
:10E2F000FF1FE780E04913065A00420641824C00A6
:10E300000145EFF07FE663F79A0019459720FF1F5C
:10E31000E7808045229D33098940420D4209135D03
:10E320000D0113590901B1B7797122D44AD006D62B
:10E3300026D24ECE2E89328419C985476304F50A48
:10E34000B250225492540259F24945618280914759
:10E35000B744002063FDC7068387050063C5070037
:10E3600083C7449BADC7B74900207C0022861307B2
:10E37000B00F9386898BCA851385449B23160100B1
:10E3800023170100EF707FA68D472A84E30AF5FA70
:10E390001DE18355C1001307E1009306B00F1386FA
:10E3A000898B1385898BEF803FFC11E50355E100D4
:10E3B000EFF09FE271B71385449BEF703FA23735B2
:10E3C0000300A2851305C509EF20B22B95BF138565
:10E3D000449BEF70BFA0373503001305C50BEF203A
:10E3E000923EB9BF9307F6FFC207C18313077007B8
:10E3F0006378F70037350300B2851305850DE9B75B
:10E40000373503001305C50FEF101055A2854A8557
:10E41000EFA03FBD15F53735030013058510C1B7D3
:10E420002E86AA8501456F20B00401112306A100A4
:10E430008945680006CEA3060100EFF07FFEF2409A
:10E44000056182801305E00F6FF03FFE5D7186C6A7
:10E45000A2C4A6C2CAC04EDE52DC89C99307F6FF29
:10E4600093F7F70F1307600F6375F700EFF09FFD49
:10E4700031AC83C70500130710082E846390E708AA
:10E480009947E315F6FE03C525001387819608C357
:10E4900083C43500856913898196A204C98C04C39D
:10E4A0009204814563E83401EFF0CF9AB38434419C
:10E4B000B385A40003465400834744002320B900D9
:10E4C0002206373503005D8E138441961389C1956A
:10E4D0001305C5CE23A0019610C02320B900EF205C
:10E4E000521A83C70197B744002063940716138517
:10E4F00044B0EFE01FDF1305F00F89AA13F7D70F21
:10E50000930600086312D7040D47E371C7F603C7EB
:10E51000150011071377F70FE31AE6F41387D707EF
:10E520001377F70F854663E4E600E311D6F493C74B
:10E5300007081547E36CF7F2373703008A0713071C
:10E54000C7C6BA979C43828713075008E398E7FC35
:10E55000B947E31DF6F003C71500B147E318F7F01C
:10E5600013052400EFF00FE4AA8413056400EFF014
:10E570006FE32AC21305A400EFF0CFE292452A868A
:10E580002685EFF02FDA25F93745002005471305DA
:10E5900045B02388E196EFE0DFD4014545A88347E5
:10E5A000140023A6F1960345240093878196056AFB
:10E5B00088C3834434001389C19693898196A20449
:10E5C000C98C84C39204814563E84401EFF08F88CD
:10E5D000B3844441B385A400032609003735030002
:10E5E000130545C923A0B900EF20B209035609005D
:10E5F00083A50900B7440020138544B0EFE0BFD5E0
:10E6000001E937350300130505CBEF20D21BE5B533
:10E6100083A90900EFF00F84035609009305440015
:10E620003385A940EFF0CF9A835509002A84133629
:10E630001500138544B0EFE0BFD501C8373503009E
:10E64000A285130585CDEF20D2032285EFF0FFDDF3
:10E6500035A88325090010402EC632C4EFE09FFF85
:10E660002AC2EFE03FFFB24512472246B7670300D8
:10E67000AA978566138544B0EFE07FC79305000233
:10E68000E30705E603C5C180EF30C07CB6402644F1
:10E6900096440649F259625A6161828003C5019726
:10E6A000133515003305A0401375F50F45B7373501
:10E6B00003001305C5D0EF201211374500201304C5
:10E6C00045B0130545B0EFE0DFCE11E53735030067
:10E6D000130585D11DBF0044EFE0DFF7AA84EFE00A
:10E6E000DFF68347550103474501A2075D8F834746
:10E6F000650103457501C207D98F62055D8D2695B9
:10E70000E316A4FCEFF06FA911C53735030013051C
:10E7100085D4E5BD93050008B5B73735030013056B
:10E7200045D702CE02D002D202D402D6EF20B209DF
:10E73000B707600389073ECEB70710833ED0930723
:10E7400000102312F102EFE05FF08347C5002303BE
:10E75000F102EFE09FEF0347D5008347C500220792
:10E760005D8F8347E500C2075D8F8347F500E207B1
:10E77000D98FA183A303F102EFE03FED8347E500CA
:10E780002304F102EFE07FEC8347F500D1456808F0
:10E79000A304F10285472305F102EFF07FC8FDB520
:10E7A00001456F30000401119397050122CC06CE7C
:10E7B00026CA4AC84EC6C1872E8463DF070603C532
:10E7C000C180EF308037AA840DCD83470500130741
:10E7D000000B6382E7041307000D6391E702034710
:10E7E0002500C547631CF700034665008345750097
:10E7F00037350300130505E8EF20A2682685EF30C2
:10E80000A02CA164A18CF240624426854249D244E6
:10E81000B24905618280034745009307F007E31F73
:10E82000F7FC83558500373503001305C5E92397A9
:10E83000B180EF200265D9B793F715009DC703C5D6
:10E84000C18037260020B745002013068621938516
:10E85000C588EF90E134AA8537350300130505EB31
:10E86000EF2022629344140079BF93F7250095CBE3
:10E8700003C5C180130600648945EF30E074B725F5
:10E880000020138785248347070015469385852438
:10E89000850709452300F70093442400EFF0DF8C3F
:10E8A0009DB793F7850099CF83C7C18003D5419762
:10E8B0001307803E814631469945EF90C127934426
:10E8C000840091B793F705019DC303D54197014794
:10E8D000894609468145EF909104AA8537350300A2
:10E8E000130585ECEF20E2599344040129BF93F707
:10E8F000450085C303D5419793444400EF90A17F21
:10E9000003C5C1800566130606C89145EF30C06B8C
:10E91000DDBD93F70502D1CF1389019603260900C7
:10E920009384C1959C409315C60037350300BE956E
:10E930001305C5EDEF20E254832709008C4085665E
:10E94000B2070146BE9505459730FF1FE780405549
:10E950009379F50F93440402638D09003745002035
:10E96000130545B08145EFE05F9D4E85EFF0FFABAD
:10E9700059BD8327090003A7419685072320F90085
:10E9800063E1E70237350300130505EFEF20A263CB
:10E9900037450020130545B08545EFE01F9A014536
:10E9A000F1B703C5C1800D4693050002EF30C06189
:10E9B00099BD93F70508A9CFEFE03FC9034755007C
:10E9C00091476315F700834765008DC3EFF06F80B3
:10E9D0008D47AA846312F50205469305000803C516
:10E9E000C180EF30605E9344040831BD23880196F6
:10E9F000EFF06F8EAA8421A02388019675D9268511
:10EA0000EFF0BFA2EDF01306000A93050004C1BFAA
:10EA100093F705048144E38807DEEFF07FD8934441
:10EA200004049720FF1FE78060C0F1BB4111372627
:10EA3000002006C61307C623834707001306C62314
:10EA40009545850701452300F700EF20E062B240BD
:10EA500015454101828083C7C19793F7F70F99E36A
:10EA60006F2070673285828041111305800406C6CD
:10EA700022C426C2371400404AC09720FF1FE780F7
:10EA8000C08383444404EF0030602A89372509009D
:10EA90001305057CEF205069372700408347270086
:10EAA00051651305150493E717002301F70041672B
:10EAB000B7E700E023A0E7108327840C8D459D88ED
:10EAC000C98F2324F40CEF20903AEF90DFFF8327C7
:10EAD000840A85451305001093E707202324F40AD0
:10EAE000EF20B02E8D4513050020EF20102EEF20D3
:10EAF000106CB736030037360300B74503003735CF
:10EB00000300938606121306C612938545A61305C5
:10EB10008513EF2002378965373503000547954691
:10EB20001306B00F81479385058013050515EF2067
:10EB30004235EF407FADEF407FBD37350300130511
:10EB40004518EF204248CA852685EF00B04CEF00FB
:10EB5000B05323A0A19837540020EF90815CEFF0D0
:10EB6000EFBD130444B1EF803F99EFE05F98EFF001
:10EB7000AFD9EF409FE6EF900FD88355C4B02685FC
:10EB8000EF809FE8EF70EF88058919C9EF706F88F3
:10EB9000098919E58347C4B093F7F7FD2306F4B05C
:10EBA000EF00903937350300930520051305C51A8A
:10EBB000EF20222D9710FF1FE780406605C9411105
:10EBC00026C213064004AE84814522C406C62A84A8
:10EBD000EF40EFF12147A68763739700A147A30099
:10EBE000F404B24022449244410182808280FD5765
:10EBF0000DC185C103470504814711056394E700F2
:10EC0000FD5701A82105835685FF6396B600E207EC
:10EC1000E1873E858280850793F7F70FC5B719E135
:10EC20007D55828001114AC806CE22CC26CA4EC626
:10EC300052C456C22E89B5CD834A15042A84638AEC
:10EC40000A063A8AB684B289EFF07FFA635E05005D
:10EC500003450404637955079307150062052300F3
:10EC6000F404618563410506931735003E9485479A
:10EC70002312240104C023033401A303F4001DA8BC
:10EC800003A8060083C576003388044199C1637ADE
:10EC90000A016344050063760701139587016185C6
:10ECA0004287850793F7F70FA106E31BF6FCE35DA8
:10ECB00005FA7D55F2406244D2444249B249224AA3
:10ECC000924A0561828003460404A2868147014777
:10ECD0007D55E1BFAA8715C103470504014563FFC0
:10ECE000E5008E05AE9703C7770011C79843054529
:10ECF000198E63F5C600A3830700014582800111C8
:10ED000022CC37440020130744B15AC08567034B17
:10ED10008500BA9756C283AAC7AE52C4134AFBFFF6
:10ED200026CA4AC84EC6B754002006CE13791A0028
:10ED3000AA89130444B1938444B1630459055C4B1C
:10ED4000A9C38345B5000347A500A205D98D03A734
:10ED500001981D8F9307C003B387F5026373F70211
:10ED6000373503001305451CEF20A2110145F24081
:10ED70006244D2444249B249224A924A024B056156
:10ED800082801C50B1CB0547E392E7FE83478402A3
:10ED9000E37EF9FC93071010B307F902A29783C72B
:10EDA0009702E9D74A85EFA06F8369D1137A1A00D9
:10EDB00023A644AF93F7FA0F137B1B00638D47051F
:10EDC00083D744AE41677D176385E70085072392AB
:10EDD000F4AE631F0B0281A003AA8900137A1A0004
:10EDE00013050A08EF907FD551D193471A0023A647
:10EDF000F4AE13F7FA0F6380E70283D744AE41679E
:10EE00007D176385E70085072392F4AE63050A004A
:10EE100083A701981CC86309590183A701981305AA
:10EE200020035CC8EF802FDF83A509001050373521
:10EE3000030085819D891305051FEF208204054588
:10EE40003DB7011122CC06CE2A84EF00902311E5B4
:10EE50000145F2406244056182809307E100780039
:10EE60009306A1003000930561004800EF003025B3
:10EE700011ED9307407E2312F10085472313F10023
:10EE80002314F1002315010023160100035561002E
:10EE900089470356A1000357C1008356410063E52B
:10EEA000A700FD16C206C182B7370300938747212A
:10EEB000AA978355810083C7F7FF1D43AE97B69786
:10EEC00093D52600AE9793050019B3D5B602AE9739
:10EED00093054006B3D6B602958FB3F76702930643
:10EEE000C003B306D602035624009398070193D8B3
:10EEF00008013697835644004207418363F0C602F7
:10EF00001388F6FF4208C16513580801F51563E739
:10EF100005016375D7009907B3F8670283471400AA
:10EF2000B3D71741858B8DD78355640091C57D1567
:10EF3000B3D5A540858989DD0545E30CD6F0C165CB
:10EF4000FD156396B600118F1335170019B7E5DE6E
:10EF50006378D6000145E36EC7EE3335D700D5BDE3
:10EF60006374C700B337D7003E85E5B5B7470020C7
:10EF7000938647B10567BA9683C646B06396063A4C
:10EF80005D714EDEB7590020A2C4A6C2CAC052DCD1
:10EF9000138447B1138947B1130307A486C656DA11
:10EFA0005AD85ED662D466D26AD06ECE938949B101
:10EFB000938747B101468144014A814509489148F8
:10EFC000130747A329459306360A9206A29683C6DD
:10EFD000460013FE1600630F0E0013FEE600631ECC
:10EFE0000E07B386670083C60600854581E699E073
:10EFF000B384E7000506C107E317A6FCA5E5138760
:10F0000051989387419823000700238007006302EB
:10F010000A2C056A130C4AA3130B6AA3814A894C74
:10F02000130A8AA30D4D93843A0A93974400B38B35
:10F03000870003C74B00058B19CB03A74B00B30D0B
:10F04000890105831D8B630297196308A71F850A31
:10F05000A9474109E399FAFCADACB18AE39C16F9E2
:10F06000054A49BFEF00F00163050526056B130B48
:10F070004BA3814A814B8D4C229B294C93873A0AA2
:10F080009207A29783D74700BD8B63999701139589
:10F090004A005A95EFF0FFDA11C1AA8B850AE39F67
:10F0A0008AFD83C75198938A51986389071E83C745
:10F0B0004198638F072263850B1E014C856B938BF0
:10F0C0004BA3014B094D914DA29BA94C93043B0AC4
:10F0D0009204A29483C7440013F717001DC313F7CB
:10F0E000E700631AA70D13154B005E95EFF07FD56F
:10F0F00005899317450003C544003D995D8D238222
:10F10000A400050BE3149BFD85472380FA002382AE
:10F11000F198F5BD014B856B938C4BA30D47A29CD9
:10F12000A94D93043B0A93974400A29783D74700C5
:10F13000BD8B639DE706131C4B00330D9C016A8554
:10F14000EFF03FD00D473DC1229CE29B03C72BA4AB
:10F150009307500A6317F70083C71BA4094763741A
:10F16000F70093471A00B1C783A6C9AEFD1733371E
:10F17000F000054CE384E6F49204A29403C7C400B3
:10F1800093B7170003ABC400799BD98F2386F40093
:10F190006A85EFF0DFB683C7C400137B1B00F99BC1
:10F1A000B3E767012386F40011F925A2050BE31AE2
:10F1B000BBF7054C21B7E3060CF413F7C700E312C5
:10F1C000B7F5BD9B2382F4002DBFEF407F84E300A1
:10F1D00005E803C74B00839609AF418B05C7B3070A
:10F1E0006901330749018397070003170700998FC7
:10F1F000E3CFD7E49204A29483C74400BD9B23824B
:10F20000F400B1B53307690103170700E351D7E4F0
:10F210006E8536C6EFF0BFAEB24619C503C74B00C8
:10F22000136707012382EB0093974400A29783C7DB
:10F230004700C18BE38D07E05DB7EF406FFDE3084A
:10F2400005E003C74B00839609AF418B09CFB30795
:10F250006901330749018397070003170700BA972D
:10F26000E3DAF6F8EDB33307690103170700E3D0DB
:10F27000E6DE6E8536C6EFF09FA8B24619C503C715
:10F280004B00136707012382EB0093974400A2977A
:10F2900083C74700C18BE38C07DA55BFE39C0BE6BD
:10F2A000B9C803A7C9AE85476307F7049C44268500
:10F2B00013F9170083C78400F99B2384F400EFF04F
:10F2C0001FA483C78400F99BB3E727012384F400BC
:10F2D0001DE1B640264496440649F259625AD25A74
:10F2E000425BB25B225C925C025DF24D61618280A6
:10F2F000014BE3920BE2814629469387360A920737
:10F30000A297D843720775876357E00003C7470089
:10F310003D9B2382E7008506E391C6FE8547238057
:10F32000FA002382019875B7828037460020014792
:10F33000130646B1A9459307370A9207B29783C6C9
:10F3400047000507BD9A2382D700E316B7FEA382C4
:10F350000198238201988280011106CE22CC26CA10
:10F360004AC84EC652C456C2EF902F8CB367B50040
:10F37000ADC3B7540020938444B103A484AD37F6E1
:10F380003600130606E83309A400333489002E94AE
:10F3900081464A85A285EF10022A37F636002A8A6E
:10F3A000AE89130606E881464A85A285EF102262DF
:10F3B00023ACA4AC03A544AD9347F5FF63940900C7
:10F3C00063F54705B75700207D57938747B123AAB8
:10F3D000E7AC452915C137570020130747B18327EC
:10F3E00007AE83A6019899C363F5F602B7570020CC
:10F3F000938747B123A0D7AEF2406244D24442493A
:10F40000B249224A924A05618280529523AAA4AC4D
:10F41000C9B7B387F64013067025E37FF6FC624454
:10F42000F240D2444249B249224A924A2320D7AEFE
:10F43000014505616F703FFE011122CC3754002059
:10F4400006CE130444B1EF807FFF232A04AC232CA3
:10F4500004AC052909C583A701982320F4AEEF5019
:10F460007F8109E52AC6EFB00FF03245F2406244D1
:10F47000056182809377350099EF13074006337753
:10F48000E502854719E7930700193375F5029337AD
:10F4900015003E8582808147EDBF41119387F5FFBE
:10F4A00022C406C693F7F70F2D4701446362F702A3
:10F4B000B737030093870722AE9703C4F7FF894746
:10F4C0006398F500EFF01FFB01C505041374F40FFA
:10F4D0002285B240224441018280F9C93707008069
:10F4E000134787D781476366A70C011122CC556467
:10F4F000130404184AC83359850226CA4EC606CEDC
:10F50000AE849309207B337485024E85EFF09FF61D
:10F51000B337A0009387D7166369F9008509C2093C
:10F520003309F94093D90901CDB7B73603008547B0
:10F530002D469386062289451387F7FF1377F70F29
:10F540006361E6063387F6000347F7FF6396B7006B
:10F5500001C505071377F70F6376E9040565130501
:10F5600005E12381F400B357A4020509A381240116
:10F57000239034013374A4021305C0032382F400E2
:10F58000B357A4023374A402A382F40085473E85D6
:10F5900023838400F2406244D2444249B249056167
:10F5A0008280014785073309E94093F7F70F69B770
:10F5B00081473E8582808147630F0510638D05106A
:10F5C00079715EC6835B050006D622D41387EB846F
:10F5D000420726D24AD04ECE52CC56CA5AC862C42E
:10F5E00041839306400463E2E60C034C2500AD46DC
:10F5F0001307FCFF1377F70F63E9E60A834445001E
:10F600005D476364970A034A55001307B003636EAE
:10F61000470983496500636A3709834A3500638671
:10F620000A082E895E85E285EFF03FE78147636E29
:10F6300055071304D01633848B023707F5FF9387E1
:10F64000FBFF13079755054B3A9413D727003A94BD
:10F650001307001933D7E7023A9413074006B3D7CC
:10F66000E7021D8C63106C07FD1A19675694130787
:10F6700077118147636B87028567938707E1B387BB
:10F68000F4029304C003D56A938A0A18330A9A02D3
:10F6900033045403D297CE973E94B707008093C7A4
:10F6A00097D723208900B337F400B25022549254E4
:10F6B0000259F249624AD24A424BB24B224C3E8531
:10F6C00045618280DA855E85EFF03FDD050B2A9487
:10F6D000137BFB0F41BF3E858280797122D4930753
:10F6E00061012A8458089306210110089305E1005E
:10F6F000680006D6EF10F0558357C100A285280890
:10F70000231CF1008357E100230DF1008357010111
:10F71000A30DF10083572101230EF100835741010E
:10F72000A30EF10083576101230FF100EFF0BFE852
:10F73000B250225445618280411106C6B71700407D
:10F74000A3810704EF204013B240054541016F201B
:10F75000E00BB7374F9C01119387073037374F1CA9
:10F7600022CC06CEAA97130787072A84637AF7006C
:10F77000AA85373503001305C530EF10827081A8C4
:10F780002C00EFF09FD519E537350300A28513054E
:10F790008533E5B78348E1000348D1008347C100C2
:10F7A0000347B1008346A1000356810037350300AB
:10F7B000A28513054536EF10C26C4800EFF0FFF14B
:10F7C00019E93735030013054539EF10C27FF240C0
:10F7D0006244056182809247636BF400B307F44092
:10F7E00063DC0700373503001305053CF9BF818F43
:10F7F000E3CA07FEB307F04023AAF19823A081983B
:10F800000547A388E1983735030083A5419913057F
:10F81000853EA5B7011122CC26CA06CE85441384A5
:10F820001199630E9502B7374F9C9387073037378E
:10F830004F1CAE97130787076363F7022E852EC60A
:10F84000EFF03FF1230094006244B245F240D2440D
:10F85000373503001305852C05616F10826237C5AB
:10F86000556913050590EFF0DFEE230004006244B4
:10F87000F240D244373503001305852E05616F1021
:10F88000827403C5119982800111680006CEEFF0E1
:10F89000DFE411E503A50198F2400561828003A52C
:10F8A0004199B247634805001347F5FFE364F7FE4B
:10F8B0003E95DDB73307A040E3FCE7FEE1BF797179
:10F8C00022D426D206D62E84AA8432C636C43AC2A0
:10F8D0003EC0EFF07FFB2C08EFF03FC021C5824710
:10F8E0001247A246324689C4835581012390B40051
:10F8F00009C48345A1012310B40009C68345B101A1
:10F900002310B60089C60346C1012390C60009C76B
:10F910008346D1012310D700054589C70347E1017C
:10F920002390E700B250225492544561828093871D
:10F93000E19803C707001377F70F05CF411106C6FB
:10F9400023800700EF50FFE619C5EF007010B240AA
:10F9500041016F801F83B7470020938747B1056738
:10F960003E978346C7B0F99A2306D7B0054798C794
:10F97000F9BF82809387C19803C707001377F70FF9
:10F980000DC3411106C623800700EF80FFECEF8016
:10F990005FE2B7170040A3810704B24041016F90B6
:10F9A0004FF182809387D19803C707001377F70F31
:10F9B000630B0714757106C722C526C34AC1CEDE84
:10F9C000D2DCD6DADAD8DED6E2D4E6D2238007005B
:10F9D000EFF09FEB23A0A198EF70FFA6EF40CF843C
:10F9E000EFF0CFD80545EFF03F971384F1988347A8
:10F9F00004001307B003850793F7F70F2300F40003
:10FA00006374F70AEF801FA2AA8423000400EFB0FA
:10FA1000CF972A8403A98198EF407FFCAAC6EF8084
:10FA2000AF80B7470020938747B105673E9703A88B
:10FA3000C199834844020357C7B09C4742DEBAC20B
:10FA4000BEC046DC83497402AAC403449402EF900A
:10FA5000EFDE2A8AEF900FE0AA8A03DB640083CBF3
:10FA6000E40003CCF40083C40401EF30DFFAAA8C75
:10FA7000EF303FFB9305803EB355B902E258725810
:10FA800086471647A64636462AD23735030066D043
:10FA900026CE62CC5ECA5AC856C652C422C24EC0D6
:10FAA0001305C522EF10E23D83C711991384019914
:10FAB00085E323000400BA402A449A440A49F659CF
:10FAC000665AD65A465BB65B265C965C4961828074
:10FAD0009307E105F8089306A105B00893056105B1
:10FAE000C808EFF0DFDD71D50347040083578105B7
:10FAF00001E72300F400C1B7E30FF7FAEFF0FF824C
:10FB000083578105FDB782808347150003470500B1
:10FB1000A2075D8F8347250003453500C207D98FB3
:10FB200062055D8D828023AC019A239E019A239801
:10FB3000019AA389019A2389019A828003C7419B74
:10FB40009387419B05071377F70F11C72380E700C1
:10FB500003C5070082800547D5BF411106C6EF9057
:10FB6000DFE193771520054599E703D5C19B133550
:10FB7000250313451500B240410182802E8621C124
:10FB8000B7470020938747B103D727006309A7022F
:10FB900083A6819803C7E7018567938787BB3307EF
:10FBA000F702B7C70200938707F26373F7003E8737
:10FBB000AA8537650020130545EA6FF04F867D550D
:10FBC0008280411122C437440020930744B103C509
:10FBD000470026C206C6EF701FAF03C7219A9307DE
:10FBE00044B18546375400209384219A130444B1CC
:10FBF0006315D7028346C4B0858A85E2944F639E1D
:10FC0000A60003C6319A834684B06318D60003C6A3
:10FC1000119A834694B0630ED600834694B003468F
:10FC200084B0D94588CFEF905FF811C923800400D4
:10FC30000147B240224492443A8541018280034701
:10FC400084B085472380F400A381E19A034794B0F0
:10FC5000A380E19A83A581981385419AEFA0AFA76D
:10FC60000547C1BF411122C4374400204AC01309CF
:10FC700044B10345490026C206C6EF70FFA683C6FD
:10FC8000219A930744B10947375400209384219A5D
:10FC9000130444B16397E6020347C4B0058B15E330
:10FCA00003278901631FA70083C6319A0347A4B0C5
:10FCB0006399E60003C6119A8346B4B00547630E04
:10FCC000D6008346B4B00346A4B0D94588CFEF90A0
:10FCD000DFED19C9238004000147B2402244924459
:10FCE00002493A85410182800347A4B089472380B5
:10FCF000F400A381E19A0347B4B0A380E19A83A5FD
:10FD000081981385419AEFA00F9D0547F9B7B74732
:10FD1000002003D667B1357126CB06CF22CD32C481
:10FD20002AC6EFF0BFE132482246B7670020C1661D
:10FD3000938447E22A87938747E2FD1685450808A2
:10FD4000EF70FFB711E9EFA02F81EFF0DFDDFA4090
:10FD50006A44DA440D61828083C504002A841D4709
:10FD60003735030023ACE19A13050572239E019AEF
:10FD7000EF102211A2850808EF909FF8C9BFC9476C
:10FD800063EAA700014582800145B24022449244C3
:10FD900041018280411122C42E84AA85376500204A
:10FDA00026C2930445E2130545E206C6EF70BF8DF7
:10FDB00061DD03C704009D47E318F7FC03C5940009
:10FDC00083C78400420422055D8D4205418541843C
:10FDD000018D1335150055BF411126C2B7640020AF
:10FDE00022C4138444E24AC089472E89A300A40098
:10FDF0002311B400138544E2914506C62300F400A4
:10FE0000EF707F852302A400194737350300CA85A8
:10FE100023ACE19A1305C573239E019AEF10620685
:10FE20002244B2400249138544E29244954541017F
:10FE30006F901FED7971B747002022D4138447B12A
:10FE400026D24AD04ECE52CC56CA5AC8835A240023
:10FE500006D62A89AE89328AEF80CFDC8567A297E1
:10FE6000AA8403D587AF039B07AF375400209307BD
:10FE700005FFC207C1834147130444B16377F70606
:10FE8000231201002C005A85EF703F8A19E12314D8
:10FE900001008327C4AE03C7C40093B71700230330
:10FEA000F100834744AFA2072315F1008347C4AF95
:10FEB000A2072316F100814719C383D72400231713
:10FEC000F100EF901FE95C005287AA865686CE8526
:10FED0004A85EF70FF8CB250225492540259F24975
:10FEE000624AD24A424B45618280A9473305F502F6
:10FEF0004C0042054185EF705F8359D161B7011114
:10FF000006CE22CC26CA4AC84EC652C456C25AC0D1
:10FF100011ED1304F00F2285F2406244D2444249AD
:10FF2000B249224A924A024B056182809547E3F228
:10FF3000B7FEAA84B2892E84EF70EFF479D903C793
:10FF40000400B547E317F7FC3749002083C63400A7
:10FF5000130649B183C724000356C60113978600D0
:10FF60005D8F130949B16306E600E38409FAD58F72
:10FF7000CDF383C7540083C6440003572900A2076A
:10FF8000D58FE318F7F883C7140005476398E70493
:10FF9000C947E310F4F803C4840083C7740003CA9C
:10FFA000640022045D8C938994001385D400EFF0E3
:10FFB000BFB5AA8A4E85EFF03FB59309BAFE93F715
:10FFC000F90F1947AA84228B6360F70437370300BF
:10FFD0008A0713074740BA979C4382870D47E39AE5
:10FFE000E7F2D947E317F4F203C4C40083C7B400AF
:10FFF00003CAA40022045D8C9389D40013851401E4
:020000040001F9
:100000007DB79304100805C00944373503002287E3
:10001000D6865A86D28513050545EF009266E5BD62
:100020009304000875F02685EF80FFC071DD2685FA
:10003000EF801FE335CD93F9F90F9147E3E637FDE4
:10004000B7370300938707428A09BE9903A70900BF
:10005000B7570020938747B102875DF4930705FFE8
:100060003D47E363F7FA1314050141809304050348
:100070005DBF91479304140AE3F787FA71B78D4780
:1000800093041405E3F187FA41B73DFCC1671307F8
:10009000F5FFF517E3EAE7F683270902B5F703470B
:1000A000490293071005E3E1E7F6EF807FF219E1DB
:1000B0000544A1BF8567231399023E998347C9B0C0
:1000C00013052003ED9B2306F9B0EF70CFB4014474
:1000D0002DBF1DF815F9EFF02FB63334A00035B75A
:1000E00003A7C7AE11CF03D747AEC166FD166305A0
:1000F000D70005072392E7AE03A70198232AE9005A
:1001000023A607AE83A701982328F900130520032F
:10011000EF706FB0EFA03FA55DBF83A6C7AE0547E8
:10012000638FE60003D747AEC166FD166305D700AF
:1001300005072392E7AE03A70198232AE9000547A4
:1001400023A6E7AEE1B7239C87AEC9B723AA87AE43
:1001500075BF23AE87AE5DBFA1CD011126CA4AC8C7
:1001600006CE22CC4EC6AE843289AA8519C5373553
:10017000030013058570EF00D2500144B739030026
:1001800093170401C18363EB27016244F240D24418
:100190004249B249294505616F00B252B3878400D4
:1001A00083C50700138589710504EF00924DC9BF0F
:1001B000828011CD411122C406C63304B500EF7010
:1001C0008FC92300A400B240224441018280828072
:1001D0002DCD411106C68548AA872E873288639D9A
:1001E000150309E6B24041016FF0DFC4B7460020B5
:1001F00083D666B109462300C500A380B70023015A
:10020000D500A182A381D7009145EFF09FFA9546D2
:10021000B2403685410182800D468146E39AC5FE93
:10022000B746002083D666B113F6F60FA182630AA3
:10023000080089452300B500A380E7002381C7009B
:10024000D1B7230015012147C5BF8146368582807D
:100250005571CAC11387C1991C43A2C5A6C34EDFFD
:1002600052DD56DB85073744002086C75AD95ED752
:1002700062D566D31CC3130744B18356270003D746
:10028000E19AB7540020A30F01001389C199130408
:1002900044B1938AE19A138A4181938444B193894A
:1002A0006181639EE6000357440083570A00631888
:1002B000F70003C754B083C70900630CF706EFF0DB
:1002C0009F86376500209145130545EAEFE01F8FB3
:1002D0002380019A835724001385419A2390FA00C2
:1002E000835744002310FA0083C754B02380F900D9
:1002F0002381019A83A58198EF90DFB485471CC4C0
:1003000083C6C19A1307A0289387C19A91E2014737
:1003100083C654B003564400835524003735030088
:100320002320E9001305454805472380E700EF0037
:10033000523583C7C4B0858BD1CBEFF0CFFE23817C
:10034000019A83A5819885471CC41385419AEF9033
:100350001FB025C1373503001305054CEF00B24629
:1003600003C754B089476319F702EFF0BF8F133505
:10037000150015C583A581981385419AEF907FB22A
:100380001385419AEF90FFADAA8537350300130519
:10039000854DEF00122F31A8EFF0BF82C9BF37356E
:1003A00003009307A028130505502320F900EF0050
:1003B0009241BE402E449E440E49FA596A5ADA5A76
:1003C0004A5BBA5B2A5C9A5C6961828003C754B05D
:1003D0008547938A819B6307F70083A70A0099C327
:1003E000EFF06FF483A70A00B5E71C440547639854
:1003F000E72A83552400C54793066009B387F502B1
:1004000003270900B3F7D7029387471FE363F7FA7F
:1004100003C754B08947B7690020631FF72403D688
:1004200064B0138549E2EF70AFC4A30FA100EFF0F1
:100430007F83373503001305055BEF00D238834512
:10044000F101138549E2EF90BF8B89471CC423203B
:10045000090085B79386C19B03D70600FD179384D7
:10046000C19B05072390E60019476362F7203737E1
:1004700003008A0713074743BA979C438287EFF02C
:10048000CFED05D9EF905F8D894723A0FA00239027
:10049000040005B7B7690020138549E29305F1010F
:1004A000EF90BF900345F1013DCD1389019B83552A
:1004B0000900EFF0DF8C25C9035A0900EF907F890E
:1004C0009375F50F5285EFF06FEB035624008356BA
:1004D000090032C636C4EFF06FE60348F101A246C8
:1004E00032462A87938749E285450810EF702FBD71
:1004F00001E9EFF02FF7EF903F86EFF0CFE255BD27
:100500002AC4EFF02FF6A2450810EF906FFF8D4739
:100510003735030023A0FA00239004008355090017
:1005200013054552BDB503D704009307900FE3F2BE
:10053000E7E883D5019B3735030013054554EF00E9
:10054000521445BFEFF06FE1E30505E66DB7EFF03C
:10055000CFE0E30005E6EF903F8095473DB7376970
:1005600000209305F101130549E2EF901F848347B2
:10057000F101930949E2DDC303D7019B83562400AF
:100580001C1009469305F101130549E2EF700FBCF9
:10059000138A019B41C50347010283C7219B631F47
:1005A000F7068345F101130549E2EF70CF8D3DC594
:1005B0000347F1018D47014463F6E70203C70900D1
:1005C000B94763E9E700916793876702B3D7E7000C
:1005D000858B99E3014439A003C4390083C72900FE
:1005E00022045D8C83570A00639A8702EF906FF6AE
:1005F0009375F50F2285EFF06FD88345F101130550
:1006000049E2EF90EFEF99473735030023A0FA0056
:1006100023900400A28513058556A5BB03D70400CB
:1006200093071003E3F7E7D81384019B03C7319BBB
:100630008357040089462380D9002391F900A380C1
:10064000E9009145130549E2EF70EF8083550400FE
:100650002382A900373503001305C558EF00720245
:100660009545130549E2EF90AFE9994739BDEFF0A1
:100670008FCBEF906FEE35BB138549E2EF708F9B08
:10068000A30FA100EFF0EFD303C654B083552400AD
:10069000373503001305055DEF00A27E4DB3094A0F
:1006A000639F4703EF906FAD9377150089C7EF9075
:1006B000AFEA8D4761BB1375052019E503270900D3
:1006C00093072003E3F7E7CE85471CC437350300C3
:1006D0002320090083A50198130545605DB90D47E6
:1006E000639BE710B76900209305F101138549E288
:1006F000EF90AFEB8347F1019DC383C754B0639084
:1007000047030357240083D664B09387019A0546B4
:100710009305F101138549E2EF704FA339D90345E1
:10072000F10155C183552400EFF06FE549CD938960
:1007300049E283C7F900376700209306B003130727
:1007400047E263EBF6069307C00383C654B0230F5A
:10075000F4008947639CF6008346E4019307900503
:1007600063E6D7009307A005230FF40083477700C3
:1007700003476700A207D98F231EF400EFF08FCE46
:10078000EF908FDD0346E40191471CC49307803E40
:10079000B307F602514783C654B08355C4013735B9
:1007A00003001305C561B3D7E7022320F90003A7AF
:1007B0000198EF00026DF5BE9306400BE3F7F6F8E3
:1007C000930740FB59B783C654B009479307A00F5E
:1007D0006384E6009307400603270900E36BF7BC38
:1007E00085471CC4373503002320090083A50198E1
:1007F0001305056479BE11476399E730B769002096
:100800009305F101138549E2EF902FDA8347F10157
:100810006381072C83C754B06391470303572400B7
:1008200083D664B09387019A05469305F101138539
:1008300049E2EF70AF91E30E05E28345F1011385C4
:1008400049E2376B0020EF601FE4138A49E2130B83
:100850004BE2E30005E283CC54B08547034C0A0029
:10086000834B1A006392FC0A8345F101994763FDAB
:10087000B7089547631AFC08138549E2EF60BFE0AB
:1008800041C583471A006391970983475A008346FD
:100890004A0003572400A207D58FE39CE7DC0344FA
:1008A0003A0003472A002204598CE30404DCE302E3
:1008B000F4DCEF900FCA9375F50F2285EFF00FACC3
:1008C000635B0500373503001146A2851305856576
:1008D000EF00225B79BBA28508102398819AEF6014
:1008E0007FF537350300A28513050568EF006259CF
:1008F000EFF02FAD95450810EF908FC0854723A0EE
:10090000FA00239E019A75B48345F1018D4763FC7B
:10091000B70083473B0003472B00A207D98F03573B
:10092000C401E398E7D4AD47631BFC04A14763FE11
:10093000B70213054B00EFF02F9D83A501982A8481
:100940003E89138735006366A7009307350063FE71
:10095000B7003735030022861305056AEF0062529F
:10096000228523A08198EFE0DFDE03C754B08547DE
:10097000E311F7D00345F101EFF06FB91DBCBD479E
:100980006319FC0003C754B08547E314F7CE2E85E6
:10099000E5B7B547631DFC12954763FAB712034AE2
:1009A0005B0083474B00220A336AFA008357240016
:1009B0006398470793F7DB0F054701466396E70403
:1009C000138549E2EFF0AFD32A86DE85138549E22D
:1009D000EFF01F8003C754B08947631DF70203C7B8
:1009E000019A8356240003D664B02A8889459387E8
:1009F00049E20810EF60BFECAA85081099ED83A7C3
:100A000001985CC4954799B4DE85138549E2EFF0FF
:100A10006FC2C9B7AA85138549E2EF906FAEC5B71B
:100A200003C754B08547E316F7C4B7640020D285E6
:100A3000138544EAEFE0AF9BE34D05C28346E40132
:100A400003A681988567938787BBB386F602B7C7ED
:100A50000200938707F263F3F600BE869375F50FE5
:100A6000138544EAEFE00FA719E5D2855E85EFF024
:100A7000AFB66FF01F940348F1012398419B42C425
:100A8000A389719BEFF08F8B0356240022482389A2
:100A9000A19A2A87938749E2D28685450810EF609C
:100AA0001FE22A8479D183450B0091473735030033
:100AB00023A0FA0052861305856B239E019AEF004E
:100AC000423CA2850810EF90AFA36FF09F8EEF908D
:100AD000AFA88347E4010567130787BBB387E70225
:100AE000514783260900B3D7E702E3E4F68C854734
:100AF0001CC4373503009307C05D2320F90083C56C
:100B000054B01305C56D6FF0DF881547E393E78A8E
:100B1000EF80BFE6058919E5032709009307200345
:100B2000E3F9E78891471CC42320090099B64111D5
:100B300022C426C206C603C7050089471384019C48
:100B400085446312F704D841A9448347170003473B
:100B50000700A207D98FC207C187130710EE63945D
:100B6000E7029307700FB54463EFD70037670020A3
:100B70002300D40081471307C7EF93950701C18174
:100B800063E9D50281440346040011CE83A7419C4A
:100B900099CBDC4389CBB76500209385C5EF014530
:100BA000829723000400B2402244268592444101EA
:100BB0008280B305F60003C50500B305F70085077D
:100BC0002380A5005DBF03C7050089476317F706AB
:100BD000D8418347170003470700A207D98FC207F0
:100BE000C187130710EE6396E704411122C41384F2
:100BF000F19B32850346040006C62390060011E6E9
:100C0000B2402244014541018280B7650020239013
:100C1000C600938585EE9700FF1FE78060B783A726
:100C2000419C23000400E9DF9C43F9DB01458297E6
:100C3000C1BF239006002945828023900600054508
:100C40008280058909CDB7260020372500209386AC
:100C50000630414691451305052C6F800053014530
:100C6000828009C523A2A19C0145828045458280DE
:100C700051476362C702376500204111130585EEB5
:100C800006C6A38FC19A9700FF1FE78060B0B240ED
:100C90000145410182801305E00F8280CC41411162
:100CA00006C6328503C6150083C5050022064D8E93
:100CB00042068D654186138875A2630C060F634852
:100CC000C804138845A26306060B634AC8009385CF
:100CD00035A26309B60623900600294679A0138839
:100CE00055A26308060B938565A2E316B6FEC145BF
:100CF0001D4663ECE5064546198E63F3C7003E8644
:100D0000B73503002390C6009385457789A81388DB
:100D100095A26300060F634E060B1388A5A2630A13
:100D2000060F938505A5E318B6FA99451D4663EEAF
:100D3000E502198E63F3C7003E862390C6009385B3
:100D4000018231A89D451D4663E1E5022146198EC9
:100D500063F3C7003E862390C6009385819CBA95B5
:100D60009700FF1FE780C0A20146B24032854101D3
:100D70008280AD451D46E3EAE5FE3146198E63F3F8
:100D8000C7003E86B73503002390C6009385057BD8
:100D9000F9B7B1451D46E3EAE5FC3546198E63F324
:100DA000C7003E86B73503002390C6009385057CB7
:100DB0007DB7C1451D46E3EAE5FA4546198E63F362
:100DC000C7003E86B73503002390C600938585781B
:100DD00079B7C1451D46E3EAE5F84546198E63F348
:100DE000C7003E86B73503002390C6009385057D76
:100DF000BDB7C1451D46E3EAE5F64546198E63F3E6
:100E0000C7003E86B73503002390C6009385C57999
:100E1000B9B7B5451D46E3EAE5F43946198E63F3E3
:100E2000C7003E86B73503002390C60093854576FC
:100E30003DB7B726002037250020938686444146DB
:100E4000CD45130585316F804034411122C406C65B
:100E500026C24AC003C885002144137808026312E1
:100E6000080C03C305000948AE870544631B030B48
:100E700003A34500B28436890348130003430300EB
:100E80002208336868004163130E13FE6305C8032C
:100E90000913630B68048D679387279029446312B5
:100EA000F8088547EF6020722A8425ED854763EEB8
:100EB00027050144BDA02D442DE7130780073544C5
:100EC0006361D706C84713068007A6859700FF1FF2
:100ED000E780008C014583A7C19DE1DF9C43F1DBE6
:100EE0004A86A6858297F1B72D4405EF1307800740
:100EF00035446368D702C84713068007A685970064
:100F0000FF1FE780E0880545F9B783C7140083C554
:100F1000040037350300A207DD8D1305457EEFF091
:100F200051762285B2402244924402494101828096
:100F30002D4525EF03C7050089476314F706D841FF
:100F40008347170003470700A207D98FC207C1874D
:100F500005576394E704411122C426C24AC006C65D
:100F600032893684AE84EFD07FAC930780072A861F
:100F700063F4A700130680072310C400CC44420684
:100F80004A8541829700FF1FE7808080B24022445B
:100F9000924402490145410182802390060029457F
:100FA000828023900600054582808280C167F91700
:100FB0006306F504411122C406C685472A8463945A
:100FC000F50222859385019DEF8000272285938578
:100FD000419DEF80602622852244B2409385819D09
:100FE00041016F80602589476396F5008545EFA034
:100FF000605961D9B240224441018280828041110E
:1010000026C2C16422C49385019D2A841385F4FFFE
:1010100006C6EF8060229385419D1385F4FFEF8023
:10102000A0219385819D1385F4FFEF80E020371583
:1010300001001305C5FA0588EFA0004C0DC022443D
:10104000B2409244B72600203725002093864652AE
:101050004146B5451305454541016F800013B24037
:101060002244924401454101828009C523AEA19CDE
:101070000145828045458280411106C60547AE87FD
:10108000B2856305E50201C90947630DE50209451B
:10109000B24041018280376500203E86130545FF3E
:1010A00097F0FE1FE780C06E0145DDB7130780078C
:1010B0006145E39FE7FC37650020130680071305B1
:1010C000C506F9BF130780076145E393E7FC376561
:1010D0000020130680071305450ED9B7411122C41D
:1010E00026C206C68547AA8432846387F50491C95F
:1010F00089476389F504B24022449244494541013D
:1011000082809385019DEF60C0468947058965D53A
:1011100013974700B727002093874745BA9783D78F
:10112000A700A285B2402310F400224426859244F1
:10113000014641016F70C0209385419DEF6060437F
:101140009947E9B79385819DEF60A042A9477DBF8C
:10115000B7170040854603C8870583C89705238CC9
:10116000D70403C797051378F80F93F8F80F1367A0
:101170008700A38CE70403C797051377B70FA38CE9
:10118000E704238DD704371700408347A7051306CC
:10119000A705858BFDFB05654147B7150040054E4A
:1011A0001303F5FF2300C60183460600858AEDFE82
:1011B00083D6C5057D17420793C6F6FFB3F66600D2
:1011C0004183B69765F3A1079183130505801D8DB3
:1011D000A38C15054205238C050541858280B71730
:1011E000004003C777051A0592054D8D1377E70F69
:1011F00013653500A38BE7041375F50FA38CA704C3
:101200008280B717004003C777051377E70FA38BDA
:10121000E704130700F8A38DE7043D47238CE70498
:1012200013075003A38CE70482800547B7170040DB
:10123000238DE704371700408347A705858BEDFF13
:101240000355C70552055181828041112A83014E01
:10125000930E407E130F0019930F400663E76E1440
:101260009308001913034006B3781503854E0D4FFC
:10127000A14F337365020D891335150063E1BE1666
:101280001308F6FF7946729842081358080133078D
:10129000C70213D61700BE0732976146B3F6C602DF
:1012A00013068070B386C6023697A166F58F420793
:1012B0005D8FB716004083C7F60293F70708A307B0
:1012C000F1000346F10083C7F60293F70708E394A1
:1012D000C7FE8347F100B716004093F7F70F638A04
:1012E0000714F3260080A18A639B06140F100000E8
:1012F000B7160040130670052380C604130680FA53
:101300002380C6040F10000023AA060303C6160399
:1013100013660608A388C60223800604732600808D
:1013200083A6019EA18AD18E7390068023A0019E80
:101330000F1000001166B71500407D16D459C85D26
:10134000A98EF18EE5FEF3260080A18A91CAF326CC
:10135000008023A0D19E83A6019EDD9A7390068013
:101360000F100000B7160040130670052380C60456
:10137000130680FA2380C6040F100000D8DA03C7D2
:10138000160313670704A388E60223800604F326E6
:10139000008003A7019E218B558F7310078023A027
:1013A000019E0F100000410182807D133368E3032A
:1013B0009308E016630E08003368F3039308D01611
:1013C000630808009378330093B818009388D81600
:1013D00033081E01131E0801135E0E0141B563930D
:1013E000E5030548638608000148630303002A8873
:1013F00071087298FD15131E0801C205135E0E01D7
:10140000C181ADBD13F8150063F4BF007908D5B7ED
:1014100013381800E5BF83C7F60293F70708A30740
:10142000F1000346F10083C7F60293F70708E3943F
:10143000C7FE8347F10093F7F70FF1DF5DB5F326A1
:10144000008023A0D19E83A6019EDD9A7390068022
:1014500071BDB718004003A8C80303D3A80383D8FD
:1014600088034111060393D8F8004A08B30E13010C
:101470009308407E22C626C44AC21358280123106E
:101480001501930F00199302D01693034006130F12
:10149000C01603530500B378F30363800810B378D4
:1014A0007302638108109378330013BE1800130E83
:1014B000DE166350C8092390050005449944F94F8E
:1014C000F542130900199303400683D80500138FD2
:1014D00018006394880A03530500337E2303630CCA
:1014E0000E08B37873026386080093783300638430
:1014F0000808F148635C18052390E50105082310EE
:1015000006010566130606E1B3D5CE023244A244B5
:10151000124933F6CE022390B6009306C003335629
:10152000D602B3F6DE022310C7002390D700410194
:10153000828093B818009388D8163308184142085F
:1015400005031358080123106500A1B78548630BF4
:101550000E00337E7302814863060E0093783300D9
:1015600093B81800F10833081841420813580801CD
:101570002390E50199BFF548B5BF13F3180063F850
:10158000140163180300E3D902F7F948E9BFE31C2B
:1015900003FEE3D30FF7FD48F9B7E3DE02F193084A
:1015A000E01661BFE3590FF19308D01679B70D0625
:1015B000719A81473307F5006393C7008280144313
:1015C0003387F500910714C3F5B7914763EDB70270
:1015D000B73703009387877F8A05BE959C41828732
:1015E000B717004003A7470B1345F5FF698F23AAE0
:1015F000E70A03A7070B698F23A8E70A03A7070ACF
:10160000798D23A0A70A8280B717004083A6470BD5
:101610001347F5FFF98E23AAD70A83A6070B558D2A
:1016200023A8A70A83A6070A758F23A0E70A82804A
:10163000B717004003A7470B498F23AAE70A03A760
:10164000070B1345F5FF45BFB717004083A6470BAF
:101650001347F5FF758F23AAE70A03A7070A598DD9
:101660004DB7B717004003A7470B498FEDB7914718
:1016700063EDB702B74703009387C7808A05BE951D
:101680009C418287B717004003A7470D1345F5FF1C
:10169000698F23AAE70C03A7070D698F23A8E70C1E
:1016A00003A7070C798D23A0A70C8280B7170040F1
:1016B00083A6470D1347F5FFF98E23AAD70C83A6FF
:1016C000070D558D23A8A70C83A6070C758F23A0A3
:1016D000E70C8280B717004003A7470D498F23AA64
:1016E000E70C03A7070D1345F5FF45BFB7170040EB
:1016F00083A6470D1347F5FF758F23AAE70C03A7B1
:10170000070C598D4DB7B717004003A7470D498FF8
:10171000EDB7B717004003D7870109C5D98D239CC2
:10172000B700828093C5F5FFF98DD5BFB74700405C
:101730001147A381E74009472380E74013070006CC
:101740002380E74003C7174013670701A380E740E2
:101750008280B747004003C707401377F70E238006
:10176000E7402382A740374700408347674093F70D
:101770000704E5DF8280B747004003C707401367CF
:1017800007012380E7407D572382E7403747004029
:101790008347674093F70704E5DF034547408280AE
:1017A000B717004003D587004205418193770504B0
:1017B00091EB9377F5013755E80113050580334523
:1017C000F50282809377050C130700046397E70006
:1017D0009377F50137459C1CCDB72165130505D0DE
:1017E000828037E700E01C435443A183E206D58F93
:1017F0001CC1FD572320F7182322F7180F100000F3
:101800008280B7F700E08847CC478280B717004056
:1018100083C7670493F7F70F93E6270019E193F660
:10182000D70F73270080218B9387019E01CB7327ED
:10183000008098C398435D9B731007800F100000D1
:1018400037170040130670052300C704130680FAFB
:101850002300C7040F1000002303D704230007044C
:10186000F32600809843218B558F7310078023A0A7
:1018700007000F100000828073270080218B938760
:10188000019E01CB7327008098C398435D9B731022
:1018900007800F10000037170040930670052300E3
:1018A000D704930680FA2300D7040F100000834664
:1018B000670493E606012303D70423000704F326F5
:1018C00000809843218B558F7310078023A0070059
:1018D0000F1000008280814737370040A14663C463
:1018E000C700328582800345B740E38EA6FE33856C
:1018F000F5000345050085072304A740CDB71387EE
:1019000001831C43B7660020938646543E95636B63
:10191000D500B7860020938606A063E5A60008C31D
:101920003E858280FD57EDBFB7270040C8C70947F5
:101930002380E70011472380E7008280411122C401
:1019400006C62A84EFF0DFE52947B307E502B24077
:101950008D83B3D7870222449507B3D7E702373781
:101960000040C207C1832316F70041018280B737C8
:101970000040130700F8A380E7008280411122C4D1
:1019800006C62A84EFF0DFE12947B307E502B2403B
:101990008D83B3D7870222449507B3D7E702373741
:1019A0000040C207C1832316F74041018280716560
:1019B00041111305052006C6EFF05FFCB737004064
:1019C000130770F82381E7400D47A381E740130711
:1019D0000004A380E74005472387E740B240410168
:1019E0008280B737004003C7174019C9D98DA3803B
:1019F000B74003C70740136787002380E740828012
:101A000093C5F5FFF98DA380B7408280B7370040BA
:101A1000130700F8A380E7408280411122C406C664
:101A20002A84EFF0FFD72947B307E502B2408D8340
:101A3000B3D7870222449507B3D7E7023747004060
:101A4000C207C1832316F7C0410182803965411165
:101A50001305051006C6EFF05FFCB74700401307FB
:101A600070F82381E7C00D47A381E7C01307000486
:101A7000A380E7C005472387E7C0B24041018280C9
:101A8000B747004003C717C019C9D98DA380B7C095
:101A900003C707C0136787002380E7C0828093C510
:101AA000F5FFF98DA380B7C0828023AC05FE1C41F1
:101AB00091E7010001000CC18280BA8703A787FF6C
:101AC0006DFF23ACB7FE82801DC18346E5FF13077F
:101AD000F00F9147639EE600411106C69700FF1F75
:101AE000E780A0B0B24081473E85410182809547A2
:101AF0003E85828001E9014582800145B240224451
:101B00004101828095654111938505D022C4C98D1C
:101B10002A842105C2054205C181418106C697007C
:101B2000FF1FE78020A071D9FD5723200500231255
:101B300085002303F5002105D1B71387419E1C437F
:101B4000411122C426C24AC006C601440149BA84D2
:101B500089E7A16571250DC401A803C7E7FF6318D4
:101B6000A7021DC8A165FD249840832784FF631741
:101B7000E40223A2F19EFD57232C04FE230FF4FE62
:101B80002285B2402244924402494101828011E000
:101B90003E8983A787FF6DBF3E84E5BF232CF9FEF6
:101BA000D9BFB9CD411122C406C62A849747FF1F69
:101BB00083C7D75E2E856375F400894763E9870084
:101BC000EFF09FF00D45B24022444101828083A78F
:101BD00085FF99E703C7E5FF9307F00F6306F7005A
:101BE000EFF09FEE1545C5B7238F85FE1385419E07
:101BF000EFF0BFEB22852244B240A165410199ACD0
:101C00001545828023A2019E82809387C19F9C43B9
:101C100099E33E85828003D727006316B70003C788
:101C20000700E308A7FEDC47E5B7BDCD797122D4F4
:101C300006D626D24AD04ECE01444147B3D785407E
:101C4000858BB1CF1205314722953305E502938785
:101C5000C19E03A907008544B3948400C204C180D7
:101C6000BE892A990327090011C7032549002EC6FA
:101C70000297B24531473304E40283A709003E943A
:101C80001C4489E72320090023220900B250225472
:101C9000A58D02599254F2492E8545618280050432
:101CA000E31EE4F88144DDB72E858280411113974D
:101CB000050122C406C626C24AC041872E8463504D
:101CC0000702EFF09FE719C1EFF01FE0A1673D8C1D
:101CD0002285B24022449244024941018280EDD9DA
:101CE000AA8701474146B356E440858A9DCA9207B8
:101CF000BA97B146B387D7029386C19E03A906005F
:101D00008544B394E400C204C1803E99832709004E
:101D10000325490082972320090023220900258CEE
:101D200045BF0507E311C7FC8144D5BF9747FF1F97
:101D3000938707439C53411122C406C613844183F1
:101D400099C782971C403E9523AAA18229A0938718
:101D5000419F9C43FDF70840B74703009387D73F57
:101D60003305F502B7A72600938737ECB24022442B
:101D70003E9523AAA1824101828079C99387419F20
:101D80009C43797122D426D24AD04ECE52CC56CA28
:101D90005AC806D65EC63A8AB689328BAE8A2A8976
:101DA00082979387C19E9843BE840144B146C14740
:101DB000B30BD40233067701104251E6C165938517
:101DC00005F0414597F0FE1FE780C0751DE5974778
:101DD000FF1F9387E7389C5B2D4589C711458145D7
:101DE00082972D45B250225492540259F249624AC8
:101DF000D24A424BB24B456182809387C19F984340
:101E00001DEF23AEA19E230005009C40054733171C
:101E1000870023260500232465012311E5002322E2
:101E20004501DE9723A0270123A2570123A44701E0
:101E30000145E38909FA238089006DB73E875C4735
:101E4000F5FF48C7C9B70504E314F4F6214559BFA7
:101E5000094582809747FF1F83C75734637FF5008A
:101E60001387819E9317150008433E9583570500FD
:101E7000DD8D2310B500014582800D458280974796
:101E8000FF1F83C7B7316371F5021387819E9317D4
:101E90001500084393C5F5FF3E9583570500FD8D5A
:101EA0002310B500014582800D458280130705FF90
:101EB0001377F70FFD4763E7E70AB146B306D5028C
:101EC0009387C19E984389473697184349CF01119C
:101ED00022CC4EC60544935945003D893315A400D4
:101EE00013140501418026CA4E85AE84A2854AC8D6
:101EF00006CEEFF09FD12A89814729CDA2854E8554
:101F0000EFF0FFF79387419F9C4382979747FF1F0E
:101F100083D7872D338797022A848146130600646E
:101F2000B3B7970213050732B335E500BE95EFE06E
:101F30008170B30785009746FF1F9386662A3E8708
:101F4000D44263E4A70063E4D7003387D740232457
:101F5000E9008147F2406244D2444249B2493E8599
:101F60000561828089473E858280011126CA06CE9E
:101F700022CC4AC84EC6BD47894463EFA702314709
:101F80003307E5029387C19E9C438944BA979C43DB
:101F900085C705443314A400420441802E890145BD
:101FA000A285EFF09FC6AA89814419C5A285014583
:101FB000EFF0FFEC23A42901F24062442685424958
:101FC000D244B249056182809747FF1F83C7171D1E
:101FD0006364F5000145828001119387419F56C2D9
:101FE00083AA070006CE22CC26CA4AC84EC652C4CF
:101FF000638E0A0A174AFF1F130A8A1E83244A00A7
:10200000B74736FE938707C8AE899745FF1F83D52C
:10201000A51DBE94B387C5022A8432898146B3B513
:10202000C50213850732B337F50013060064BE9569
:10203000EFE0616063ECA406829A9745FF1F83D5A9
:10204000A51AB3872503AA84130600648146B3B595
:10205000250313850732B337F500BE95EFE0A15D88
:10206000B3079500BE8403274A0063E4A70063E436
:10207000E700B384E740CE852285EFF01FB901C5A4
:1020800004C505452DA0936504F0C205C1814145F5
:1020900097F0FE1FE780004905E59747FF1F9387EC
:1020A000270C9C5B81C7A285114582970145F240B0
:1020B0006244D2444249B249224A924A056182802E
:1020C0009387C19F9C438DE323AEA19E8547232622
:1020D000050004C52311350123008500A300F50088
:1020E0002322050079BFBA87D84775FFC8C7F9BF53
:1020F00051C9797122D426D24AD04ECE52CC56CA7A
:102100005EC662C466C206D65AC83689328AAE89AD
:10211000AA844144314C938AC19E854C930B0003A1
:10212000330B840303A70A005A971C43B9E793753E
:10213000F400B395BC0013554440C2055286C181DA
:102140001375F50FEFF05FE80DC983A70A0001458D
:10215000DA9784C323A237016304090023008900AE
:10216000B250225492540259F249624AD24A424B26
:10217000B24B224C924C456182800504E31274FB01
:102180002145F9BF09458280411122C426C24AC0B7
:1021900006C62A842E89B284EFF01FE3CA85228501
:1021A000EFF0BFA605CD9745FF1F83D5E503B387A5
:1021B00095022A84130600648146B3B595021385FF
:1021C0000732B337F500BE95EFE0E14648C0014560
:1021D000B240224492440249410182802145CDBF50
:1021E000411122C426C24AC006C62A892E84EFF0B5
:1021F000DFA1AA8419C123110500A2854A85EFF049
:102200001FC89747FF1F83C767F96397270183D7C5
:10221000019F5D8C2398819E014591E01945B24054
:10222000224492440249410182809307F00263E70D
:10223000A7044111B14722C43304F50226C2938496
:10224000C19E9C4006C6A2979843894715C39377C1
:10225000F5008545B395F500C205C1811181EFF008
:102260003FF89C40A29723A0070023A207008147C4
:10227000B240224492443E854101828089473E8596
:102280008280411106C622C4EFF03F9811E5014556
:10229000B2402244410182809387419F9C43004584
:1022A00082979747FF1F9387A7F36368A402D843D9
:1022B000B74636FE938606C83305A4403697E378C2
:1022C000E5FC13070064B335E50203D687008146B9
:1022D0003305E502EFE0213665BFD8433A94C1BF2C
:1022E000411106C623ACA19E0295B2409747FF1F3D
:1022F00023A2A7EC014541018280994763E9B70019
:102300008A059747FF1F9387E7EBBE9588C18280B8
:102310004111714681451745FF1F1305A5EA06C601
:1023200023AE019E23AC019E23AA019E97E0FE1FCF
:10233000E78080491306800281451745FF1F13057A
:10234000E5E597E0FE1FE7802048EF50D16697470C
:10235000FF1F83C757E213D527008D8B3E958D470E
:102360003305F502854539051375F50F9747FF1FAE
:102370002387A7E299473305F5021305052497F053
:10238000FE1FE780201A23A6A19E59C5994717462C
:10239000FF1F0346C6E03306F602814513060624F6
:1023A00097E0FE1FE78040429387C19E9C4393873E
:1023B000072423A0F1A01747FF1F034747DE0A07A2
:1023C000BA9723A4F19EEFF0FF830D23938701A01A
:1023D00094439747FF1F83C777DC139727003697EF
:1023E000170600001306A68410C31387170013777F
:1023F000F70F0A073697170600001306668B10C3FF
:1024000013873700890793F7F70F8A079745FF1F50
:10241000A386E5D8B69790C3B24041018280974722
:10242000FF1F83C7B7D71747FF1F034747D763F17E
:10243000E702138701A01843938617001746FF1F72
:10244000A30ED6D493962700369708C33E85828084
:102450009307F00FE5BF1C416389071641777D8F15
:10246000B706002089476313D71603574500630F4B
:102470000714411122C419462A849305F00F6905F7
:1024800006C697E0FE1FE780403E05478D4763097B
:10249000E5121C4481CB5858994763030712185C16
:1024A000630007121306C00381451745FF1F13057C
:1024B00025CB97E0FE1FE78020311306C003A285DD
:1024C0001745FF1F1305C5C997E0FE1FE780402C85
:1024D0001747FF1F035787C99747FF1F938747C8B1
:1024E00019E7130700109746FF1F2391E6C8174707
:1024F000FF1F0347C7C711E705479746FF1F2388FC
:10250000E6C61747FF1F0357A7C611E76D47974653
:10251000FF1F239FE6C41747FF1F034757C511E757
:1025200015479746FF1FA384E6C41747FF1F0347BD
:1025300047C411E705479746FF1F238CE6C217479C
:10254000FF1F034717C319E703C7F7009746FF1F8D
:10255000A381E6C21747FF1F0347C7C111E73547ED
:102560009746FF1F2388E6C01747FF1F0347D7C0C2
:1025700019E7130780029746FF1FA38FE6BE174790
:10258000FF1F034737BF19E71307D0029746FF1F06
:10259000A382E6BE0347840119E71307C0039746E9
:1025A000FF1F238BE6BC9C5791C782979747FF1F5D
:1025B000239AA7BEFD57A383F1B4EFF07FD58147DF
:1025C000B24022443E854101828089473E85828017
:1025D00001114EC69749FF1F938989C083A709003F
:1025E00006CE22CC26CA4AC852C482971309006478
:1025F000B335250303DA8900814652863305250366
:10260000EFE061039747FF1F938747B9804FAA8484
:1026100001456306940233858440636E940003A5EC
:10262000490052868146B335A9023305A902EFE07D
:102630008100018D26959747FF1F23AD97B6F24085
:102640006244D2444249B249224A05618280011162
:1026500022CC0A852E84414697050200938585BDCC
:1026600006CEEFE00172180806043A94035504FF01
:102670009747FF1F83D767B7F2406244AA97374551
:102680000F00130505243355F50205618280974735
:10269000FF1F83D787B551471D45637CF7027947F4
:1026A00019456378F7021307200315456373F70292
:1026B0001307B0041145637EF700130740060D456C
:1026C0006379F7001307600909456374F70013B5D0
:1026D000B70F8280011122CC06CE2A842EC6EFF0DD
:1026E000EFE4B245F240818D33A5A5022295624404
:1026F0001375F50F05618280011122CC06CE2A8464
:102700002EC6EFF0AFE2B245F240818D33A5A502AF
:10271000229562444205418105618280011122CCEB
:1027200006CE2A842EC6EFF06FE0B245F240818DCE
:1027300033B5A50222956244056182809747FF1F49
:10274000938707A2985739CB411122C426C206C6E7
:10275000BE8402971747FF1F0357C7A42A8415CBCF
:10276000BA876373A700AA87C207C183BA86637357
:10277000E400A286C206C182958F5147635BF700D1
:10278000DC5491C38297EFF0904D9747FF1F239B36
:1027900087A0B240224492444101828082809747C0
:1027A000FF1F9387E79BDC57011106CEAA8581C7DF
:1027B0002AC68297B245D1C19C410545A5CFDC41CF
:1027C000B5CB83D78500BDC783D7A500A5C783C771
:1027D000C500ADE341461745FF1F130565A097E00F
:1027E000FE1FE780E0FA9747FF1F9387679F9C4390
:1027F00023AAF19E9747FF1F83C717988DE793077A
:1028000080021745FF1F0355259E3305F502374605
:102810000F001306062481468145EFD0D16197470A
:10282000FF1FA38BA794170500001305A5DAEFF08F
:102830003FAB0145F240056182809747FF1F83C788
:102840008793139787016187635407049747FF1F96
:1028500023A4079697E7FE1F938747341747FF1F68
:102860002320F7987D579747FF1F23ADE796B7873B
:102870003200938727A19746FF1F23A7F696974715
:10288000FF1F23850796B7C7004023A4E726A1BFF3
:1028900013F7170005CFB7872003938707D0174793
:1028A000FF1F2323F794B707C0A81747FF1F232B49
:1028B000F79297E7FE1F938787311747FF1F232162
:1028C000F7929747FF1F2383079231BF617797469F
:1028D000FF1F239BE69081CB930700321747FF1F12
:1028E0002315F790C9B793072003CDBF011122CC60
:1028F0001744FF1F1304C486084406CE26CA4AC8DC
:1029000001E90545F2406244D244424905618280B2
:102910005C58E5DB185C75D77000854582971844D4
:10292000B247E300F7FE9305E0041745FF1F035588
:10293000E58397F0FE1FE780E0BE1747FF1F232FB8
:10294000A78661D11746FF1F035646829305F00FF5
:1029500097E0FE1FE78040E781441749FF1F1309F6
:10296000E9839747FF1F83C787800326090263C156
:10297000F402328597F0FE1FE78020C70145974794
:10298000FF1F23AD07829747FF1F23AB07829DBF21
:102990009735FF1F83D5857DB38795020844185C62
:1029A000898185043E9508C2029765BF011156C210
:1029B000973AFF1F938ACA7A83A78A0022CC4AC813
:1029C0004EC606CE26CA52C45AC0AA892E8432895F
:1029D0006385072203A74A03630707147D476366DD
:1029E000A7149734FF1F9384647B03AA0402631720
:1029F0000A0A9565938515E01735FF1F035505777E
:102A000097F0FE1FE78000B29737FF1F23A8A77A31
:102A10002A86630A051083A74A0303A58A0097350F
:102A2000FF1F83D5A5748981829783A78A0003AA93
:102A300004021737FF1F2325F7788947639CF9089D
:102A4000C1476312F40E9735FF1F83D52572938516
:102A500005FC9147B3C5F5028A05D29503C7050069
:102A60009307A005631DF70A83C715006399370B09
:102A70004A852286910597E0FE1FE78060D19C5031
:102A80005285639347150145F2406244D24442495E
:102A9000B249224A924A024B05618280D850E38EA5
:102AA000E7F89565938525E01735FF1F0355056CFD
:102AB00097F0FE1FE78000A72A8A35C52A8683A7DC
:102AC0004A0303A58A009735FF1F83D5256A8981AC
:102AD0008297A5B78D47639DF900C1476315F4043C
:102AE0009735FF1F83D58568938545FDF199B5B767
:102AF0009147639AF900631834039735FF1F83D514
:102B0000E566A115E5B7C147639FF900A14763ECEE
:102B100087009735FF1F83D56565C115C1BF9C50E0
:102B200052856397470D294585B71307F006568BE5
:102B30006361A70A130A05FE1947334AEA021737E9
:102B4000FF1F0357A762973AFF1F938A2A65330A2C
:102B5000EA023E9A83A74A026395470183A40A02C8
:102B60009DE49305E0041735FF1F0355256097F09A
:102B7000FE1FE780209BAA845DD583274B039735F2
:102B8000FF1F83D5A55E2A8689815285829791454C
:102B90001307A005898193972500A69783C6070090
:102BA0006393E60483C61700639C360385058A0594
:102BB0002286A6954A8597E0FE1FE78060BD83A721
:102BC0000A02E38297EC268597F0FE1FE780E0A1DA
:102BD0005DBD1307E007E368A7F4130A05F985B79D
:102BE00083D5270045BF83A70A02E38E97F2268587
:102BF00097F0FE1FE780609F3DB79737FF1F9387D1
:102C0000E7598C538DD191479306A005898313977B
:102C100027002E9703460700E317D6F00346170058
:102C2000631C360185078A072286BE954A8597E090
:102C3000FE1FE780E0B581BD83572700C1BF9737EE
:102C4000FF1F9387E751984739C79C5FA9C705477E
:102C50006313E504411122C41734FF1F1304045405
:102C6000105006C60DC648509735FF1F83D5055036
:102C700089818297085097F0FE1FE7800097973769
:102C8000FF1F23AD07529737FF1F23AB0752B240F8
:102C9000224441018280828001111737FF1F1307F0
:102CA000274C4EC68329870022CC26CA4AC806CEA6
:102CB00052C456C2AA842E843289638A09201C5FBA
:102CC000BA8A99EB2945F2406244D2444249B2495A
:102CD000224A924A056182805C5BEDD7FD4763E939
:102CE000A70E9739FF1F9389694B83A70902B1CBC0
:102CF00003A58A0083A749026395A70689476393C2
:102D0000F408C147E310F4FC1735FF1F03550546CF
:102D10009147130505FC3345F5029317250003A5DC
:102D200009022286CA853E959307A0052300F50077
:102D3000A3009500110597E0FE1FE78060A50145FF
:102D400059B79305E0041735FF1F0355254297E057
:102D5000FE1FE780207D9737FF1F23A1A74649F973
:102D600095B783A74A0303A609029735FF1F83D5AA
:102D7000E53F8981829783A78A001737FF1F2321A8
:102D8000F744ADBF8D47639EF400C147E31CF4F2E6
:102D90001735FF1F0355853D130545FD9377C5FF87
:102DA000BDBF9147639AF400E31E94F01735FF1FEF
:102DB0000355C53B2115DDB7C147E395F4F0A147A5
:102DC000E3E287F01735FF1F0355453A4115F9B780
:102DD0009307F00663EAA706930705FE1947B3C7F2
:102DE000E7021737FF1F03576738173AFF1F130A09
:102DF000EA3AB387E702BE9983270A02A9CF83275D
:102E00004A02639A370703250A0291461308A00570
:102E1000FD5593D72600C207C183139727002A9731
:102E200003460700631D0607834817000356270063
:102E300063959806B306D64063CF860485078A0754
:102E40002286CA853E95C5BD9307E007E3ECA7E659
:102E5000930705F979B79305E0041735FF1F03556C
:102E6000E53097E0FE1FE780E06B9737FF1F23A751
:102E7000A73451F581BD83A74A0303260A0297357B
:102E8000FF1F83D5A52E89814E8582979737FF1F17
:102E900023A837338DBFA300B700B2869DBFB3858B
:102EA00086001736FF1F0356662C9105130606FC95
:102EB000E3FAC5E0130634001376C60F1106B29686
:102EC00023000701A30097002311D70085BF973780
:102ED000FF1F9387A72C9453BE89A1C203A50902A3
:102EE00091461308A005FD5593D72600C207C1835C
:102EF000139727002A9703460700631606058348A1
:102F000017000356270063989800B306D640E3D70E
:102F100086F2A300B700B286C1BF8357C70017353A
:102F2000FF1F0345C5249305E0043305F502420560
:102F3000418197E0FE1FE780E05E9737FF1F23AFD8
:102F4000A72649FD41B31736FF1F035626229735A2
:102F5000FF1F83C5C521B385C502338686001106D0
:102F6000E3E2C5D681BF01458280011106CE2EC69F
:102F7000EF80804F01C9B245F2400355250005613D
:102F80006FC02062F240494505618280A38601A29C
:102F9000238601A223AA01A023AC01A023AE01A095
:102FA00023A001A223A801A023A601A09737FF1FF9
:102FB00093870724370684033707B40090D337C6B6
:102FC000070098C3130606B83747A000D8C3D0D36C
:102FD0003707100041669306070AB70550009308AB
:102FE000060194C723A4170393860501930816F8D6
:102FF000D4C723A61703B706D007B7087F00130866
:10300000070513850601410723A81703B0C39308DA
:1030100016009386060513861500D8CBF8C323A89F
:10302000070188CF23AE070023AA170323AC0702AA
:1030300023AE070223A40704F0C7B4CB23AA0704D6
:10304000ACCF23AE0705B8D33707A000F8D71307D6
:10305000000AB8DB1307C01CF8DB37071400B8DF21
:103060000547F8DF130710F8E8D323A4070623A0C9
:10307000070823A2E7088280011126CAAA842145F5
:1030800022CC06CE2E8432C636C43AC2EFE09FA6CA
:103090001DC9A24612473246930700FD2300F500E2
:1030A0009947A30095002301F5002303D500A3034E
:1030B000E5002312C500AA8522856244F240D2446D
:1030C00005616FE01FAEF2406244D2440561828028
:1030D00023AAA1A0828023ACA1A0828023AEA1A0BC
:1030E000828023A0A1A28280011122CC4AC806CEF0
:1030F00026CA2A890144B30489006368B400F240F7
:103100006244D2444249056182802EC6EFE01FC26C
:1031100093170501C183A183B2452380F40093076F
:10312000140093F7F70F850463F9B700CA970904F1
:103130002380A7001374F40F7DBF3E847DBFC16759
:103140001735FF1F0355A513FD176304F502411141
:103150001736FF1F0346C61F938541A206C6EF80A0
:10316000A00FB240FD571737FF1F231AF710410178
:103170008280828009C925151375F50F1335850ED8
:103180001345150082800145828023900500D1C639
:10319000797122D426D24ECE52CC5AC806D64AD005
:1031A00056CA5EC63684328AAE892A8B814463F45D
:1031B0004407B307940083C707001389140042092A
:1031C000939A070193DA0A011359090163850A04E6
:1031D000CA976342FA04B307240183CB07005E85D4
:1031E000EFF05FF90DC99387FAFF2390F900639020
:1031F0006B03130519002295B250225492540259C0
:10320000F249624AD24A424BB24B45618280D6941F
:10321000C204C18069BF0145C5B701458280411123
:1032200026C2AE8422C49737FF1F23A1C706973753
:10323000FF1F23ABB7049737FF1F23A5A7042A84DA
:1032400041469305F00F26854AC006C6054997D02A
:10325000FE1FE7808061631225059737FF1F938764
:10326000A701884BC145EFF03FE841469305F00FB9
:10327000228597D0FE1FE780405F85446319950241
:1032800022449737FF1F938727FFB2409244024999
:10329000C847C14541016FF03FE54146814526855C
:1032A00097D0FE1FE780605CE31125FD7DB74146A6
:1032B0008145228597D0FE1FE780205BE30295FCC5
:1032C000B24022449244024941018280411122C409
:1032D00026C22E84AA841306000281451735FF1FDB
:1032E000130585F906C697D0FE1FE780E04D973796
:1032F000FF1FA38497F89737FF1F238D8704EFC024
:10330000402C854719C181474945B24022441737AF
:10331000FF1F2303F7F6924441018280814781CD4C
:1033200019C98547631BF50083C7550093E707FC60
:10333000A382F50085473E85828089476317F500A3
:1033400083C7550093F7F703E5B70D478547E314A7
:10335000E5FE03C755001377F70313670704A3823D
:10336000E500D1BF81478DC105C103C75500930654
:10337000000C85471377070C6308D70093060004F9
:103380008D476303D70089473E858280411122C45F
:10339000005D06C626C21DC8AA84085009C597E06C
:1033A000FE1FE7808024485009C597E0FE1FE78094
:1033B000C023085409C597E0FE1FE780002322853B
:1033C00097E0FE1FE780602223AC0402B240224453
:1033D00092444101828009ED9737FF1F83C7E7E9D7
:1033E0001735FF1F1305C5EA81CB138541A08280E5
:1033F0001735FF1F1305C5E982801735FF1F0345E9
:10340000C5E782809737FF1F938707E7C847828009
:103410009737FF1F938747E6884B82809737FF1FB8
:10342000938787E5DC4B884382809737FF1F93871C
:10343000A7E4D84B1C4385071CC31735FF1F034562
:10344000D5E39307F00F6305F50091656FE09FA04A
:103450008280011122CC06CE2E8432C6EF8000116C
:103460009147B245631FF500938701A29C438DC32A
:1034700003A30700630E030022856244F240056146
:103480000283938781A19C4381C703A34700DDB7D3
:10349000F2406244054505618280011122CC2A84F4
:1034A0000355450006CE26CA4AC84EC6EF70306B9B
:1034B0003DC52A89834405008349C500EFF01FED0F
:1034C0004A85EF80A04803554400EF80600583C71C
:1034D000C1A2B1CB6399970483C5D1A22685EFF031
:1034E000DFA819E1238601A203554400EF800008FC
:1034F0009147631FF500035744009737FF1F83D799
:1035000007D86317F700FD571737FF1F2319F7D6A2
:10351000F2406244D2444249B24905618280814905
:103520009304F00F6DB79307F00FE38FF4FA83461F
:10353000640003564400034524004E87A685EFF03F
:10354000BFB35DB779715EC6AA8B2E8552CC56CAC1
:103550005AC806D622D426D24AD04ECEAE8A328B54
:10356000368AEF70D05F65C5045D2A89EDC09C5036
:10357000614599C3130540039C5481C75105420519
:10358000418163050A00710542054181DC5081C714
:103590005D0542054181EFE0EFD52A844DC96146C2
:1035A000814597D0FE1FE78020229739FF1F83C9EE
:1035B00029C76394090083490900930700FD23008C
:1035C000F400A947A30074012301F400230364015C
:1035D0008C50231254011305840191C908C471460B
:1035E000930A440397D0FE1FE780801A56858C54B7
:1035F00091C948C45146930A450197D0FE1FE78000
:1036000020195685630C0A0008C87146D285930AB2
:10361000C50197D0FE1FE780A0175685CC5099C5ED
:1036200048C85D4697D0FE1FE7808016A2854E856C
:10363000EFE02FD72254B2509254F249624AD24A54
:10364000424BB24B4A85025945616FF03FD4B250AC
:10365000225492540259F249624AD24A424BB24B26
:103660004561828001114EC6AA892E854AC806CEC0
:1036700022CC26CA2E89EF70904E21C99734FF1FA5
:1036800083C404BA99E0834405001945EFE08FC66E
:103690002A8405CD8145194697D0FE1FE780C012C8
:1036A000930700FD2300F400B947A3003401230170
:1036B000F40023122401A2856244F2404249B24937
:1036C0002685D24405616FE0CFCDF2406244D244FA
:1036D0004249B2490561828039715ECEAA8B2E853E
:1036E00026DA4ED652D456D25AD006DE22DC4AD83A
:1036F000AE84328BB68A3A8ABE8942C6EF703046B3
:1037000021CD2A894145EFE0EFBE2A8431C54146EB
:10371000814597D0FE1FE780200B1735FF1F03451B
:1037200025B019E103450900930700FD2300F400CB
:10373000BD472301F400B247A30074012312940093
:1037400023046401A304540123054401A3053401A7
:103750005CC4A285EFE0EFC4F2506254D2544259E7
:10376000B259225A925A025BF24B216182807971DE
:1037700026D2AA8439454AD04ECE06D622D42EC6A9
:10378000B2893689EFE00FB721C1B2459307000D2A
:103790002310F500B1472A842312B5002301F50058
:1037A000CE851905194697D0FE1FE78060FE2306D7
:1037B0002401A2852254B2500259F24913F5F40FA4
:1037C000925445616FE0EFBDB250225492540259B9
:1037D000F249456182801737FF1F034717AA9307F5
:1037E000F00F630DF706411126C2AA84394522C4A1
:1037F00006C64AC0EFE00FB02A8439C9930700FD1E
:103800002300F500A3009500230105009735FF1F55
:10381000938505A80D05194697D0FE1FE78040F750
:103820001739FF1F130949A583578900A28517354A
:10383000FF1F034595A42315F400834719002306B1
:10384000F4002244B2409244024941016FE06FB556
:10385000B240224492440249410182808280011197
:103860005AC02A8B314526CA4EC652C456C206CE0D
:1038700022CC4AC8AE84B28A368ABA89EFE08FA7D2
:1038800035CD2A842685EF70902D11C50347C500DC
:10389000A1476314F7041739FF1F0349199E9307C3
:1038A00000FD2300F4009D47A30064012301F40000
:1038B00023129400231354012314440123153401CB
:1038C000A2856244F240D244B249224A924A024B53
:1038D0004A85424905616FE0CFAC1739FF1F0349A4
:1038E00079A7E31E0BFA9387C1B29C439C47C5DBC3
:1038F000CE865286D6852685829755B7F240624499
:10390000D2444249B249224A924A024B056182801E
:10391000011122CC2A84214506CE2EC6EFE08F9DD0
:1039200021C1B245930700FD2300F500C5472301DF
:10393000F50083C73500A301F50083D745002312A6
:10394000F50083C765002303F50083C77500AA85CA
:10395000A303F50022856244F24005616FE06FA485
:10396000F240624405618280397162CC2A8C5945EB
:1039700026DA4AD84ED652D456D25AD05ECE06DE79
:1039800022DCAE8432C636C4BA8B3E8BC28A468AEB
:103990008359010403494104EFE0CF9525C932461C
:1039A000930700FDA2462300F5009547A301C5003B
:1039B000A30085012301F5002A8419461105A9C237
:1039C000B68597D0FE1FE780A0DC23066401230A9A
:1039D00024012315740123175401231844012319CA
:1039E0003401A2856254F2504259B259225A925A75
:1039F000025BF24B624C2685D25421616FE06F9AD4
:103A0000814597D0FE1FE78020DCC1B7F250625499
:103A1000D2544259B259225A925A025BF24B624C2A
:103A2000216182809737FF1F83C727858DCB411186
:103A3000AA851946138541A006C697D0FE1FE780C8
:103A400020D5938541A01735FF1F03450583EFF06F
:103A5000FF8CB240138541A041016FB05037014542
:103A600082801737FF1F034757819307F00F6305C5
:103A7000F708411126C2AA84294522C406C6EFE0F0
:103A80006F872A8429C1930700FD2300F500A14711
:103A90002301F500A30095009727FF1F9387C77D9B
:103AA00083C72700938541A01105A30FF5FE194692
:103AB00097D0FE1FE780C0CDA2851725FF1F0345C5
:103AC000D57BEFE00F8E1727FF1F0347077B8D473E
:103AD000631FF7009387C1A19C4391CB03A3870089
:103AE000630703002244B240924441010283B24082
:103AF00022449244410182801727FF1F0347E77742
:103B00008D47631AF7009387C1A19C4389C703A31C
:103B10008700E31D03FC8280797122D406D626D269
:103B20004AD04ECE52CC094455CD2A8903550500C2
:103B30002E8A5144EF70B002AA844DC59737FF1FFB
:103B400083C74781FD1793F7F70F05474944637B08
:103B5000F7080347C500A1476314F70063140A0878
:103B60009C5C4544C1E39165938545711305C00292
:103B700097E0FE1FE780009B88DCAA894D443DC189
:103B80001306C002814597D0FE1FE780E0C383572C
:103B900009009386490036852391F9007146930503
:103BA000490036C697D0FE1FE78080BE8947238034
:103BB000F90003C5C400B2460356090061159725F4
:103BC000FF1F83C5E57813351500EF80901B2A840D
:103BD00063060A00D2852685EF80200601C426856B
:103BE000EFF0CFFA2285B250225492540259F24992
:103BF000624A456182809727FF1F83C7A775FD171B
:103C000093F7F70F0547637AF708894741CA01110F
:103C100022CC26CA4AC84EC652C406CEAA89368AC3
:103C2000B2842E89EF70A0732A84D14739C94855D0
:103C300009C597E0FE1FE780409BF145268597D098
:103C4000FE1FE780C0BA48D4CD4705CD8346C400E7
:103C500021478147639FE600630D0A000347A501E2
:103C60000356050193062501AA854E85EF80600461
:103C7000AA8703474400630F090013676700230204
:103C8000E400F2406244D2444249B249224A3E85AD
:103C90000561828013674700DDB7C9473E85828092
:103CA0009307200463EBA7009727FF1F93874754D0
:103CB00006053E9503550500828041657D1582808D
:103CC000011122CC2A842E8526CA06CEAE84EF703E
:103CD00000691DCDB7470F009387F723094563E4BB
:103CE000870281450A85414697D0FE1FE780C0AD17
:103CF000A685231081000A85418023018100A3014C
:103D00000100EF80A073F2406244D24405618280DA
:103D10004945D5BF9727FF1F238DA76282806F80FB
:103D20007000797152CC2A8A328522D426D24AD0A8
:103D30004ECE56CA5AC85EC606D662C4AE8BB28A8A
:103D4000368BBA843E89C2894684EF70406115C9BA
:103D50002A8C63140A0213774B008347450015CF62
:103D600093E727012302FC008DEC631C0902639A90
:103D7000090205E8ED9B2302FC00832B8C03639171
:103D80000B08B250225492540259F249624AD24A64
:103D9000424BB24B224C45618280F59B93E7070171
:103DA000D1B793E747002302FC0001CC1C484146F1
:103DB000A2852324FC0213058C0197D0FE1FE78007
:103DC000209D63930B02D5D80325CC0209C597E04B
:103DD000FE1FE7808081F145268597D0FE1FE78092
:103DE00000A12326AC0251BFE30909F80325CC0248
:103DF00009C597D0FE1FE780407FF1454A85F1BF96
:103E00009DC483A70B0299EB91659385357171452C
:103E100097D0FE1FE780007123A0AB0203A50B0221
:103E200019C57146A68597D0FE1FE7806096638806
:103E3000090283A74B0299EB9165938525715D4536
:103E400097D0FE1FE780006E23A2AB0203A54B02B2
:103E500019C55D46CE8597D0FE1FE78060931DC4CF
:103E600083A78B0299EB916593851571514597D086
:103E7000FE1FE780206B23A4AB0203A58B0219C5AC
:103E80005146A28597D0FE1FE78080902254B25001
:103E90009254F249B24B224CCA865A860259424B7E
:103EA000D6855285D24A624A45616FF0AFE9011169
:103EB00026CA52C406CE22CC4AC84EC62A8AAE842E
:103EC000EF70E04925C5AA893945EFD0BFC22A84E1
:103ED00031CD1729FF1F0349A9346314090003C911
:103EE00009009307000D2310F400AD472301F400EF
:103EF0009385690013053400194697D0FE1FE780AB
:103F0000208993F71400858085882306F400A30692
:103F1000940023154401A2856244F240D244B24980
:103F2000224A4A85424905616FD0BFC7F2406244C8
:103F3000D2444249B249224A0561828001114EC6EB
:103F400052C456C206CE22CC26CA4AC8AA8A2E8A93
:103F5000B289EF70C0402DCD2A891305C002EFD081
:103F60007FB92A8435C59724FF1F83C4642B99E049
:103F7000834409009307000D2310F400E94723014F
:103F8000F4009305690013053400194697D0FE1F0D
:103F9000E7800080D285231554011305C4004146F3
:103FA00097C0FE1FE780C07ECE851305C401414641
:103FB00097C0FE1FE780C07DA2856244F24042495F
:103FC000B249224A924A2685D24405616FD07FBD0C
:103FD000F2406244D2444249B249224A924A0561BF
:103FE00082809387C1A0884301CD411106C697D036
:103FF000FE1FE780805FB24023A601A041018280BE
:104000008280011106CE22CC26CA4AC82EC6EF7085
:10401000003539CDB2451729FF1F03496920AA840D
:104020000CD563140900034905004145EFD09FAC4E
:104030002A841DCD9307000D2310F500A547230109
:10404000F50083C75400938564001105A30FF5FEA6
:10405000194697C0FE1FE780A0739C54A285F240CA
:104060005CC46244D2444A85424905616FD07FB343
:10407000F2406244D2444249056182801D71A2CC63
:1040800086CE2A842EC6EF70802D05CD8346C500CE
:104090001147AA8749456392E6029C5FB24599C3DE
:1040A00083C567012308B100979600009386E6490F
:1040B000100889452285EF70102FF640664425616F
:1040C00082805145DDBF9727FF1F83C7A728FD17B3
:1040D00093F7F70F0547637AF704894721CA41111F
:1040E00022C426C24AC006C6B2842E89EF70202799
:1040F0002A84D14705C5630809008347450093E733
:1041000027002302F5004146A6851305840197C0C8
:10411000FE1FE780E0679C481CD48147B2402244E0
:10412000924402493E8541018280C9473E85828092
:10413000797122D406D62A842EC6EF70402201CD92
:10414000B2452285230EB1006C08EF70902BB2505F
:104150002254456182805145DDBF6F702036C167B2
:104160001387E7FF6394E502938781A19C4391EB5A
:10417000494582804945B240224492440249410166
:10418000828003A30700E30503FE0283411122C4DA
:1041900026C24AC006C6FD172A892E84B2846395BA
:1041A000F502938781A19C4391CB9C4381CB82975D
:1041B00011E5238621A3A38691A275BFA6854A8512
:1041C000EFE0BFDA4DF9F5B72E85EF7040195DD1FC
:1041D000834705000D45E39027FB22852244B2402A
:1041E0000249A685924441016FB0A03B9307200489
:1041F00063E2A7064111C16722C406C626C2FD17A5
:104200002A8409456382F502C547AE846313F4022C
:104210002E85EFB040401725FF1F130565FD0604EE
:104220002A94231094000145B24022449244410153
:1042300082809307A0036316F4002E85EFB0E0366A
:10424000D9BF9307B003E318F4FC13F5F50FEFB0F3
:104250000036D1B709458280011106CE2AC6EFE0AB
:10426000FFD2EF20C010EF10E060EF301128324590
:104270009727FF1F93874700130700F02391E7005C
:10428000238207007D579727FF1F9387670C2381A1
:10429000E7002380A700F240954505616F50102488
:1042A000597193970501CAD086D6A2D4A6D2CECE94
:1042B000D2CCD6CADAC8DEC6E2C4E6C2EAC06EDE36
:1042C000C1872E8963D1075A1725FF1F034545086B
:1042D000EFD0BF868964416A856A797B2A84938B93
:1042E000D4007D1AA50A130CABFF1DE021653345F0
:1042F000A900B650265496540659F649664AD64A3D
:10430000464BB64B264C964C064DF25D656182805D
:10431000834704001307200A639DE7000355240028
:104320009729FF1F83C979F52286D285EFF06F9216
:1043300059A2130710099729FF1F83C989016398A0
:10434000E7188347140015476390E7022285EFF0D2
:10435000CF942285EFD04FF71725FF1F034545FF68
:10436000EFD0AFFD2A8451B73947639BE718035557
:104370004400631B55050C4483CC0500639D0C0071
:10438000850591C919461725FF1F130565F097C0CC
:10439000FE1FE780E03F1727FF1F0347E7ED854734
:1043A0006317F712638A0C009727FF1F238607EC19
:1043B0006685EFF04FC271BF89471727FF1F230D96
:1043C000F7EAEFB0802071B793872400631AF506EF
:1043D000832C8400638D0C0E83C70C008DE383C790
:1043E0002C0003C71C00A207D98F1727FF1F231912
:1043F000F7E883C73C001727FF1FA30FF7E617272F
:10440000FF1F034767E789476313F70C83C70C0057
:1044100081CB9727FF1F238107E603C50C0051BFFF
:104420008D479725FF1F83C535E51725FF1F0355CA
:1044300025E51727FF1F2301F7E4EF50300DF1BFEB
:10444000938754006318F5001C4403C50700EFF080
:104450004FE101B7B3078501C207C18311476372FA
:10446000F7049307ABFCAA97139707014183F14721
:1044700063F1E7029387B4006312F504938741A1C7
:104480009C43E38807EC9C43A285E38407EC829776
:104490001DA0B70700189387F770B3D7E700858B87
:1044A000B9CB9387C1A19C43E38507EA9C43E38290
:1044B00007EA22858297E31E05E811A89387C400C6
:1044C0006310F5021C4483C70700E38407E89307E1
:1044D000F00FE380F9E8A2854E85EFD08FECADBDFB
:1044E0009387E4006319F500938781A19C43E382DD
:1044F00007E6DC4351BF93871404E301F5F8C1BF1D
:104500003D476397E70403554400E30F75FD938728
:104510009401E30BF5FC93873401E31AF5FA97272E
:10452000FF1F83D7C7D5639E4701938781A19C4313
:10453000E38107E2DC43E38E07E0A28513853401C3
:10454000B9B7938701A29C43E38507E09C43E5B795
:104550001307E003E39DE7F68347240005476397CD
:10456000E70E83476400938DC1A0F1E383A70D009C
:10457000D5CB83CC0700A14903457400130D8400FB
:10458000EA85EFE03FDE83474401A303A40083589C
:1045900004010358E400035744002A86034534000D
:1045A0003EC283572401EA86E6853EC0CE87EFF0FF
:1045B000AFBB8347340095E7DD47835804010358B8
:1045C000E40083467400835544003EC283572401AF
:1045D0006A8705463EC06685CE87EF70600FA301EF
:1045E000A40083A70D0081C71145EFF09F9F03C56D
:1045F000C1A2E30005D683C5D1A2EFE01F97E30A6D
:1046000005D48346340093071003638AF6000356EB
:1046100044004E8783C5C1A23685EFE0FFA52386FF
:1046200001A205BB972CFF1F83CC3CC5A9B793877C
:10463000C1A19C43972CFF1F83CC3CC491498DDFC3
:10464000DC439DDB8145014582973DB72947639156
:10465000E70C83476400138DC1A0C1E783270D00D9
:10466000A5CF83CC0700A1490345740093068400BD
:1046700093772500D1C713761500930D4401834726
:1046800004028358C4010358A4010357440003459E
:1046900034003EC28357E401E6853EC0CE87EFF08A
:1046A000AFAC8347340095E7DD478358C401035816
:1046B000A40183467400835544003EC28357E4013D
:1046C0006E8705463EC06685CE87EF706000A30109
:1046D000A40083270D0001BF972CFF1F83CCFCB9DA
:1046E00059B79387C1A19C43972CFF1F83CCFCB87B
:1046F0009149BDDBDC43ADDB814501458297ADB718
:10470000B68536CEEFE01FC6F2462A86B68D85BF47
:104710000947639DE700938741A19C43E38B07C250
:10472000DC43E38807C22285829725B12D47639930
:10473000E700938741A19C43E38D07C09C47D5B711
:104740000D476397E70022868D4503554400F9BE67
:1047500019476395E7069305610213051031EF30A1
:10476000615E2C1013052031EF30C15D03566400EB
:10477000835781020355440063E8C70083568400D1
:104780000357610263F7E60093050002EFA0B067EC
:10479000C9B66374E6002313E40063F4D70023145E
:1047A000F4000357C4008356A400035684008355C5
:1047B000640001488147EFA0D06461BE1D47E388D3
:1047C000E7D031476395E7002286B145BDBF354745
:1047D0006399E700938741A19C43E38C07B6DC47CC
:1047E00089B739476396E7002285EF00D00395B675
:1047F0003D476399E700938741A19C43E38B07B44E
:104800009C4B05B741476396E7002285EF00900C6B
:1048100089B645476396E7000145EF00701B15BE5A
:104820004947639EE7009387C1A19C43E38107CA80
:10483000DC43E38E07C881450545829749B94D475A
:10484000639DE7009387C1A19C43E38207C8DC43D3
:10485000E38F07C6A2850945CDB76147E399E7C64F
:104860002286E145DDB593F7150081CF938741A1FD
:104870009C4389C7DC4399C30145829713451900BE
:104880008DBC93F7250089CF9387C1A19C4391C725
:10489000DC4381C78145054582971345290091BCBA
:1048A00093F745000145E38607A4938701A19C4344
:1048B00099CF85471727FF1F2302F79C9387C1A134
:1048C0009C4391C7DC4381C7814505458297972763
:1048D000FF1F9387679AC8472C10EF70902228100B
:1048E000EFF04F949727FF1F83D7A79281CF13062E
:1048F00000643386C70291451725FF1F034545A570
:10490000EFD08FEC13454900EDB2011122CC2A847F
:10491000554506CE26CAEFF0AFB8AA84130540026B
:10492000EFF00FB82AC613055002EFF06FB7AA8652
:10493000228562443246F240B3359000D24405618C
:104940006FA01054797122D406D68D472E84631F30
:10495000F50003D7A50083D6850003D6650003457F
:10496000340083D54500EFE09FEF09A889671387DE
:10497000D7006310E50403C5250019E58547B2504B
:1049800022543E85456182809387C1A09443FDD621
:1049900003C6360083C50600814802C202C0014832
:1049A000814701479106EFE03FFC0545EFF06FE3DB
:1049B000F1B71387E700E303E5FC13873701631AB8
:1049C000E50003C525005DD90147814601468145C3
:1049D00059BFE507E304F5FAB1476319F500172558
:1049E000FF1F03459589EFE0BFF249BF41677D177F
:1049F0008147E316E5F803C75500C947E310F7F808
:104A000083D6E50003D6C5000355840083D5A500F1
:104A1000EFA0104841C95D45EFF08FA83335A000E5
:104A2000231CA10083454400035524003008EF6097
:104A3000100483578101B9F36C0813051031EF306E
:104A400061309305E10113052031EF30A12F835729
:104A5000C101035784006374F7002314F4008357E3
:104A6000E1010357A40063F4E7002315F400835722
:104A700084000357A4006374F7002315F400035562
:104A80002400EFA0B0450357E4008356C40003564A
:104A9000A400835584000355240001488147EFA0FA
:104AA0005034E9BD8547231CF100ADBF1727FF1F18
:104AB0000347778A9307F00F6309F70859C5411137
:104AC00022C426C206C6AA840345A5004105EFD02C
:104AD0006F822A8435C59307000D2310F500D9474E
:104AE0002301F50083D744002312F50083C7640037
:104AF0002303F50083C77400A303F50083C7840074
:104B00002304F50083C79400A304F50003C6A400A2
:104B10002305C5001DC2CC44410548C497C0FE1FF3
:104B2000E78000C7A2852244B24092441725FF1FA8
:104B30000345758241016FD0CF8623260500DDB77E
:104B4000B24022449244410182808280C16713872F
:104B5000E7FF639DE5009387C1A09C4395C383C78E
:104B600007000D47639CA7006FA0F026FD1749477B
:104B70006396F5009387C1A09C43FDF73A85828038
:104B80004947EDBF797122D406D626D24AD04ECEFF
:104B900052CC56CA5AC80347050085472A84630A7F
:104BA000F70403468500930695009305E10005454B
:104BB000EFE0AFDD814719C183470500834604005C
:104BC00011476380E6041387C1A318438D4603474A
:104BD00017006308D70295C70DC719ED0145B250FC
:104BE000225492540259F249624AD24A424B4561D8
:104BF000828081470145D9B785466318D7028D8BDE
:104C0000F1DF03451400130A2400D285EFE08FF58D
:104C1000A300A400138901A483270900AA8A81495B
:104C20009304F00F99EB05455DBF8946E318D7FA69
:104C3000858BF9B7850993F9F90F83C781A363FDC4
:104C4000F90203250900139B49005A958347050083
:104C5000E38297FE83471500E39E57FD1946D285F0
:104C6000090597C0FE1FE780A0BB69D58324090012
:104C700003470400DA9485EC834604009147E38FF0
:104C8000F6F483270900B9DB03C681A30147930526
:104C9000F00FE305E6F4BE84C10703C507FF630E0A
:104CA000B50A05071377F70FEDB788C4F5A091474C
:104CB000631AF706C84405C5834784000346050008
:104CC0006304F606034704009147631DF706C844D2
:104CD00019C597D0FE1FE780409123A60400034525
:104CE000840091659385E571050597D0FE1FE780E7
:104CF000608305C5034704009147631EF704C8C4D9
:104D000083478400930594000505A30FF5FE034631
:104D1000840097C0FE1FE780A0A7034584003335B9
:104D2000A00075BD884441BF93059400050597C058
:104D3000FE1FE780E0AE8547E316F5F85545EFE046
:104D40003FF6BDA8884441DD97D0FE1FE780E0898B
:104D500023A4040069B788C465B72380D4008347BF
:104D60001400D28513852400A380F400194697C04F
:104D7000FE1FE780E0A10345840091659385F571EE
:104D8000050597C0FE1FE780E07905C503470400CD
:104D90009147E31CF7F0C8C483478400930594004F
:104DA0000505A30FF5FE0346840097C0FE1FE780AC
:104DB000209E83478400E39807E6034504007D15A1
:104DC0001335150029BD797122D426D24ECE52CC8E
:104DD00006D64AD056CA5AC82A84930925000345E4
:104DE0001500CE859384C1A3EFE0CFD7A300A40024
:104DF0009C400D472A8A83C71700639BE7001389ED
:104E000001A483270900814A63910718054535A04D
:104E1000FDD7144C034674019305E1000545EFE00E
:104E2000CFB61DC998408546834705000347170044
:104E3000631FD7008D8BE1F70145B2502254925485
:104E40000259F249624AD24A424B45618280894600
:104E5000858BE316D7FAC5B78347040011476385EE
:104E6000E7002D47E39AE7FC938401A49C40E9D72F
:104E7000814A01491DA88840139B4A0083470400CA
:104E80005A95034705006311F70283471500639D98
:104E900047011946CE85090597C0FE1FE780409857
:104EA00001C503A904005A99850A93970A0103C70B
:104EB00081A3C183E3E1E7FCE31309F4B5BF939455
:104EC0004A0026950347050083470400631EF70A3E
:104ED00083471500639A470B1946CE85090597C08D
:104EE000FE1FE780E0934DC1832709001147BE9460
:104EF000834704006385E7002D47639DE70203AA0B
:104F0000C4008347740103460A006308F602528511
:104F100097C0FE1FE780606D03457401916593851E
:104F2000E571050597C0FE1FE780C05F15E5E39FAB
:104F300004ECADA003AA8400E9B70C4C13051A00D9
:104F400097C0FE1FE780C08D8547E312F5FC5545ED
:104F5000EFE01FD569DDCDB58347040011476385B8
:104F6000E7002D476390E702C8C483477401050535
:104F7000A30FF5FE034674010C4C97C0FE1FE7809B
:104F8000208175B788C4D5B7850A93970A0103C7EE
:104F900081A3C18303250900E3E3E7F283C681A36C
:104FA0000327090081471306F00F11A8BA844107AF
:104FB000834507FF638AC5008507C207C183E3E70E
:104FC000D7FEA9B588C499A083470400CE85138570
:104FD00024002380F400834714001946A380F400C2
:104FE00097B0FE1FE780C07A0345740191659385F1
:104FF000F571050597C0FE1FE780C052E30805E084
:10500000034704009147E31FF7FAC8C483477401BC
:105010000505A30FF5FE034674010C4C97B0FE1F67
:10502000E7800077E5B31717FF1F0347D7329307D1
:10503000F00F6300F70A51CD411126C2AA845145F1
:1050400022C406C64AC0EFC0FFAA2A842DCD93070A
:10505000000D2310F500D5472301F50083C7340068
:1050600013898400CA85A301F50083D74400231265
:10507000F50083C764002303F50003C57400EFE067
:105080006FAEA303A400CA8513058400194697B028
:10509000FE1FE780E06F83C7E400A2851715FF1F9E
:1050A0000345752B2307F40083D704012318F4006C
:1050B00083C724012309F4002244B24092440249E8
:1050C00041016FC01FAEB2402244924402494101E7
:1050D000828082801717FF1F0347F7279307F00F7F
:1050E0006304F70431C1411122C42A84194506C65C
:1050F000EFC05FA0AA850DC59307000D2310F50032
:10510000DD472301F500835744002244B2402312B7
:10511000F5001715FF1F0345152441016FC07FA837
:10512000B2402244410182808280011122CC13844A
:1051300001A41C4006CE26CA4AC84EC652C499CF06
:105140002E8AAA840149084063129902630C0A045A
:1051500097C0FE1FE780604923A001A4F24062448B
:10516000D2444249B249224A0561828093194900DA
:10517000B3073501884709C997C0FE1FE780E0469D
:105180001C40CE9723A407001C40CE97C84709C9EE
:1051900097C0FE1FE78060451C40BE9923A609000A
:1051A000050955B745DD13964400814597B0FE1FAC
:1051B000E7808061144081477D5613F7F70FE37F46
:1051C00097F81397470036972300C7008507F5B770
:1051D000011152C4138AC1A383270A0006CE22CC30
:1051E00026CA4AC84EC656C25AC0D1CF2A890144DF
:1051F00019ED938701A4944399CA03C681A32A8415
:1052000081479305F00F13F7F70F6368C70813156D
:1052100034002105EFC01F8EAA8401E92145EFC0AB
:105220007F8DAA8421C501444D49930700FD238049
:10523000F4008547A38024012381F400A381840026
:1052400045C81389840023A224018149938A01A4BB
:10525000130BF00F83C781A363F3F90039E88327A9
:105260000A00A68503C50700EFC0BF93814503C5AB
:1052700081A3EFF09FEB03250A0097C0FE1FE78094
:10528000C03623AE01A2F2406244D2444249B24940
:10529000224A924A024B0561828013974700369753
:1052A000034707006305B70005041374F40F85076F
:1052B00099BF83A70A0093954900BE9583C705004F
:1052C000638467032300F90083C7150013052900D1
:1052D0007D14A300F900194689051374F40F97B0E3
:1052E000FE1FE780E04A2109850993F9F90F9DB770
:1052F00023A20400ADB79387C1A39C43B9C7411152
:1053000022C406C62A841DE10945EFE07F992A865A
:1053100001C985451715FF1F03458503EFC0DFCA87
:105320000545EFF08FDE2A84054501CC854517152C
:10533000FF1F0345E501EFC0BFEA2285EFF05FE9FB
:105340000545B2402244410182800145828089673F
:105350009386B7006317D5009C4503C507006FF01F
:105360009FF99386C7006318D5009C45854603C501
:10537000070019C9EDB793861704E30FD5FC93878F
:1053800027048146E303F5FE36858280797106D6CF
:1053900022D426D24AD04ECE52CC56CA5AC85EC665
:1053A00079C983473500AA8985C7404115C0594549
:1053B000EFE01F8F931A850193DA8A410149138A1E
:1053C000C1A3130B000DB54B83C73900636DF90002
:1053D000B250225492540259F249624AD24A424B84
:1053E000B24B456182808307840263CD57078327D0
:1053F0000A00ADCB2285EFF0EFF82DC50345840000
:105400005105EFC02FEFAA8431CD23106501230190
:10541000750183470400194693052400A301F50094
:105420008307840215052303F50083471400A30FA7
:10543000F5FE97B0FE1FE780A03503468400238663
:10544000C4001DC61385440188C89305940097B015
:10545000FE1FE780E03383270A00A68503C5070007
:10546000EFC02FF40509130494021379F90FA9BFB3
:1054700023A80400CDB79387C1A39C43B1DBEFF011
:105480003FD52254B25092540259F249624AD24A4C
:10549000424BB24B014545616FF02FC7797106D67B
:1054A00022D426D24AD04ECE52CC56CA5AC85EC654
:1054B00071C183473500AA8985C7444195C05945C4
:1054C000EFE00FFE931A850193DA8A410149138AAE
:1054D000C1A3130B00FDC14B83C73900636DF900F5
:1054E000B250225492540259F249624AD24A424B73
:1054F000B24B456182808387F40063C857078327D6
:105500000A00A5C75145EFC0EFDE2A8439CD23003C
:105510006501A30005002301750183C70400194636
:1055200093852400A301F5008387F4001505A306E5
:10553000F50083C71400A30FF5FE97B0FE1FE780A8
:10554000202583C78400938594001305C400A30518
:10555000F400194697B0FE1FE780802383270A00D6
:10556000A28503C50700EFC0CFE30509C104137985
:10557000F90F9DB79387C1A39C43BDD3EFF05FC5DF
:105580002254B25092540259F249624AD24A424BD2
:10559000B24B014545616FF04FB75D7186C6A2C43D
:1055A000A6C2CAC04EDE52DC56DA5AD85ED662D4E3
:1055B00066D26AD06ECE630C0526834735002A89F1
:1055C0008DCB40411DC45945EFE08FED9317850108
:1055D000E1873EC681449389C1A3130A000DC94BDC
:1055E000054CB54C130D00FDC14D8347390063E1F7
:1055F000F402B640264496440649F259625AD25AF9
:10560000425BB25B225C925C025DF24D6161828022
:105610008307C400324763C6E71683A70900638285
:105620000716034B040093770B01CDCFCD47631EC4
:10563000FB06230004002285EFF0EFF86303051456
:105640008347040011476363F7146399870D51453D
:10565000EFC04FCAAA8A630605122300A501A30062
:1056600005002301B50103470400194693052400F2
:10567000A301E5000307C4001505A306E5000347E1
:105680001400A30FE5FE97B0FE1FE78060100347EC
:105690000401194693051401A385EA001385CA0085
:1056A00097B0FE1FE780C00EF1A0D5476318FB003E
:1056B00085472300F400A30B0400B5BFF547E309B9
:1056C000FBFEC9476316FB0089472300F400A5B71A
:1056D000C1476314FB008D47CDBFED47E31DFBF4CD
:1056E0009147E5B793778B0099C3AD47F9BF9376A0
:1056F0001B0093774B0091C699C395475DBFA147A7
:10570000E9B793762B0091C699C3A5475DB7994732
:105710006DBF99C3A94755BF9D4745BF0345740158
:105720005105EFC02FBDAA8A29CD231045012301C1
:10573000950103470400194693052400A301E500E1
:105740000307C40015052303E50003471400A30F56
:10575000E5FE97B0FE1FE780A00303467401238691
:10576000CA0019C613854A0123A8AA000C4C0DBF14
:1057700023A80A0003A70900D68503450700EFC048
:105780004FC28504710493F4F40F85B50345740189
:1057900013050502EFC00FB6AA8A65D5231045018F
:1057A000230175018346040013770B061946558FB4
:1057B000A301E50003471400930524001505A30F7A
:1057C000E5FE97B0FE1FE780A0FC03478400194662
:1057D00093051401A385EA000347940013853A0159
:1057E0002386EA000347A400A386EA000347B40027
:1057F0002387EA000307C400A387EA000357E400F5
:105800002398EA00034704012389EA0097B0FE1FAA
:10581000E78000F803467401A38CCA0011C6138503
:105820000A0223AEAA0099B723AE0A00A1B7938754
:10583000C1A39C43E38F07DAEFF09F992644B6405B
:1058400096440649F259625AD25A425BB25B225CD4
:10585000925C025DF24D014561616FF00F8B97170D
:10586000FF1F83C727AFA18B138501A391E30145D8
:105870006FD07F86238C01A2FD571717FF1FA30C43
:10588000F7AC23A001A423AE01A29717FF1F9387B3
:10589000A7A0170700001307C7AB98C3170700009E
:1058A000130707AFD8C317070000130767BF98C7D0
:1058B000170700001307A7CED8C717F7FFFF130776
:1058C000271F98CB938701A317F7FFFF13074728DC
:1058D00098C317F7FFFF13072707D8C3828041112A
:1058E00022C485452A8403C581A306C6EFF0FF8341
:1058F0009717FF1F83C707A6A98BB5CB1715FF1FE7
:1059000013058599238C81A2EFD08FFC138401A409
:105910001C4091C74D45B24022444101828003C5DD
:1059200081A319E10145C5BF91659385B571120544
:1059300097C0FE1FE78000BF23A0A1A461DD03C6BE
:1059400081A31206814597B0FE1FE780E0E7104073
:1059500083C681A38147FD5513F7F70FE374D7FC86
:105960001397470032972300B7008507F5B7014525
:10597000238C01A2EFD0CFF575B7938701A188439F
:1059800001CD411106C697C0FE1FE78000C6B24098
:1059900023A801A0410182808280011113057003B8
:1059A00006CEEFE0EFAF2AC613058003EFE04FAF5E
:1059B0002AC413059003EFE0AFAE2246B245F24091
:1059C000AA86054505616F90F04A5D711305D00305
:1059D00086C6A2C4A6C2CAC0EFE08FAC2A84130553
:1059E000C003EFE0EFABAA841305E003EFE04FAB99
:1059F0002A891305F003EFE0AFAA8A871377F50F22
:105A00009376F90F13F6F40F9375F40F0545EF90A5
:105A10007047B6402644964406496161828075719C
:105A200022C5138401A11C4006C726C34AC1CEDE8D
:105A3000D2DCD6DADAD8DED6E2D405456388070EA2
:105A40009305F1051305F041EF00513B9305F10576
:105A50001305F041EF00913A8346F1051717FF1F38
:105A60000347A781B337E00091C289071840BEC63B
:105A70000345370093054700EFD05F8A1840AAC45A
:105A80000D4583452700AEC2EFE08FA1AAC01145A6
:105A9000EFE00FA100402ADE65450347A400034C58
:105AA000B4003ADCEFE0CF9FAA846945EFE04F9F56
:105AB0002A897145EFE0CF9EAA896D45EFE04F9EA0
:105AC0002A8A7545EFE0CF9DAA8A7945EFE04F9D80
:105AD0002A8B13050004EFE0AF9CAA8B130510047A
:105AE000EFE00F9CE2042648B6476257F25606469E
:105AF00096451375F50F93FBFB0F137BFB0F93FA82
:105B0000FA0F137AFA0F93F9F90F1379F90FE18469
:105B10002AD05ECE5ACC56CA52C84EC64AC426C2F5
:105B200062C0930844000545EF90B02FBA402A4464
:105B30009A440A49F659665AD65A465BB65B265CC1
:105B400049618280011122CC06CE8D472E846316D6
:105B5000F50603C73500E94703D545006318F7008C
:105B60009707FF1F83D7A7716385A706EF50207F94
:105B700009C5835764002317F5000357A400835613
:105B80008400035664008355440003453400EFD07D
:105B90001FCD035744009707FF1F83D7476E630845
:105BA000F7008547F24062443E8505618280FD57DB
:105BB0001707FF1F2315F76CEDB78967CD07631D26
:105BC000F50083C7250031476385E7004547E39A21
:105BD000E7FCEFD0CFD6F1B7B1476319F500170551
:105BE000FF1F03453577EFD0BFD265BF41677D17F3
:105BF0008147E319E5FA83C655004947E394E6FA7D
:105C000083C5450003552400300023140100EF50E4
:105C1000E06041BF411122C406C626C283C741A429
:105C20001307E00F2E846383E7041307F00F6387E5
:105C3000E7021145EFB01FEC15C1930700FD2300EB
:105C4000F50089472301F5008547A3008500A301DE
:105C5000F500AA8503C541A4EFB0BFF4F95723822C
:105C6000F1A4B2402244924441018280AA841145A9
:105C7000EFB05FE87DD5930700FD2300F50089476D
:105C8000A30085002301F500A30195002244B24042
:105C90009244AA8503C551A441016FB09FF0797168
:105CA0004AD0138901A18327090022D406D626D21F
:105CB0004ECE52CC4544C5EF9707FF1F83C7876977
:105CC000958B4944CDC7AE899165A382A1A4AA84CE
:105CD00093857571314597C0FE1FE780A08423A886
:105CE000A1A04D4449C523009500A3000500294605
:105CF000CE85090597B0FE1FE78080A9832709009C
:105D0000914603C7270063EEE6083DEB4D4723812C
:105D1000E70003C72700136707012381E700930506
:105D200071001305F041EF00710D83477100F9EB2D
:105D30001707FF1F034767548D476315F70CEFD014
:105D40006FEC2C00EF60E05B2800EFD0BFCD454545
:105D5000EFD01FF5014401CD130600643306C502E0
:105D600091451705FF1F0345A55EEFC0EFA52285EE
:105D7000B250225492540259F249624A45618280DB
:105D800085466314D700754759B789466314D70011
:105D90004947B5BF8D466314D70041478DBF55476E
:105DA000BDB795464A8A630ED70099466316D70059
:105DB00009472381E70031A01D466314C7022381F0
:105DC00007006545EFD0DFED9307F007E309F5F431
:105DD00003270A008347270093E707042301F700FE
:105DE0003DBF21466314C7000547E1B7254663154B
:105DF000C7002381D700F1B7A9460544E319D7F6B8
:105E0000114745BFEFF0BFC12A8435D1EFF0FFB68F
:105E1000B9BF011126CA938401A19C4022CC06CEB1
:105E20004944A9C783C707000D446391A704894566
:105E30001705FF1F0345C551EFC08FBA91451705E0
:105E4000FF1F0345E550239401A4EFC06FB99C40A8
:105E500001478146A38087001306F10085478545E9
:105E60000145A307F100EF90B0002A842285F2409B
:105E70006244D24405618280011106CE22CC26CA3A
:105E80008547631AF50683D781A4B1CB1707FF1F97
:105E90000347C73E29E71307B003636DF70289453F
:105EA0001705FF1F0345C54AEFC08FB39307006472
:105EB00003D681A43306F60289451705FF1F034563
:105EC0002549EFC06F90239401A4F2406244D2446C
:105ED00005618280938747FC2394F1A4FDB79387E3
:105EE00001A19C43FDD36244F240D24403C50700A4
:105EF00005616FF01FF2938401A19C40F9D79707C9
:105F0000FF1F83C72745918BE9D389476313F506A4
:105F10002D452EC6EFB01FBE2A8445D9B245930742
:105F200000FD2300F500E547A30005002301F5006F
:105F300083C7350015051946230FF5FE83C74500B5
:105F40009505A30FF5FE97B0FE1FE7806084170547
:105F5000FF1F034535409307F00F6315F5009C4084
:105F600003C50700A2856244F240D24405616FB0C8
:105F70005FC389451705FF1F0345853DEFC04FA649
:105F80006244F240D244239401A405616FF0FF9E65
:105F90009707FF1F83C7073C958B91CB938741A53C
:105FA0009C4381CB85472385F1A46FF01F9F494512
:105FB000828041458280238501A4854501456F90FB
:105FC000E06B9707FF1F83C7E738958B91C785471D
:105FD0002383F1A46FF07F9F49458280238301A42E
:105FE000814505456F90406A9307C01C63FCA7007C
:105FF000094582800945F2406244D2444249B2498F
:10600000056182805DC5011122CC2A8421054EC61E
:106010004205AE8991659385657141814AC806CE76
:1060200026CA97B0FE1FE780E04F2A8961D5938486
:1060300001A5884009C597B0FE1FE780005B1305E6
:1060400089002320A9002286814523A821A597A0A5
:10605000FE1FE78060779C402286CE85884397A00C
:10606000FE1FE780E0729C4023928700938701A186
:106070009C4385CF9707FF1F83C7C72D958B85CB83
:10608000938701A59C4399CF984383D647006244E8
:10609000F240D2444249B24905468D450545056165
:1060A0006F90805C01478146DDB70145A9B749453E
:1060B00099B7938701A19C438DC79707FF1F83C79B
:1060C0006729958B8DC3938701A59C4381CB98430A
:1060D00083D6470005468D450545D9B7014781461A
:1060E000D5BF01458280494582809307C01C63FC6F
:1060F000A700094582800945F2406244D2444249E2
:10610000B249056182805DC5011122CC2A84210536
:106110004EC64205AE8991659385557141814AC845
:1061200006CE26CA97B0FE1FE780C03F2A8961D5F8
:10613000938481A5884009C597B0FE1FE780E04A97
:10614000130589002320A9002286814523AC21A5BF
:1061500097A0FE1FE78040679C402286CE8588433B
:1061600097A0FE1FE780C0629C4023928700938720
:1061700001A19C4385CF9707FF1F83C7A71D958B60
:1061800085CB938781A59C4399CF984383D64700BD
:106190006244F240D2444249B24905468D45054524
:1061A00005616F90A04C01478146DDB70145A9B755
:1061B000494599B7938701A19C438DC79707FF1F56
:1061C00083C74719958B8DC3938781A59C4381CB4A
:1061D000984383D6470005468D450545D9B7014705
:1061E0008146D5BF01458280494582809307C01C06
:1061F00063F4A70009458280797122D44ECE06D679
:1062000026D24AD0AE892A8431CD21059165420536
:1062100093857571418197B0FE1FE780A0302A8970
:10622000094563010908938441A5884009C597B0D1
:10623000FE1FE780803B130589002320A9002286EA
:10624000814523AA21A597A0FE1FE780E0579C4027
:106250002286CE85884397A0FE1FE78060539C402E
:1062600023928700938701A19C43014585CF97071F
:10627000FF1F83C7270E958B49458DC76C001305FB
:10628000D030EF10312CB247014593F7070F99CB6F
:10629000938741A59C438D450545944303D647000C
:1062A000EF90803DB250225492540259F249456118
:1062B0008280938701A59C4391CF03D647008C43EE
:1062C000411106C697A0FE1FE780804CB2400145F1
:1062D0004101828009458280938701A59C4385C73F
:1062E000938781A59843894705C3035647000C430C
:1062F000411106C697A0FE1FE7808049B240814742
:106300003E854101828089473E858280938701A531
:106310009C4385C7938741A59843894705C3035686
:1063200047000C43411106C697A0FE1FE780404678
:10633000B24081473E854101828089473E85828007
:106340009707FF1F83C70701918B99CF41111385D1
:10635000C1A406C6EFC0FFD8B240FD571707FF1F04
:10636000231FF7F04101828001456FC09FD7FD5781
:10637000A382F1A4F9572382F1A4238501A42383E6
:1063800001A4239401A423A801A423AC01A423AA5B
:1063900001A49707FF1F938767F1170700001307F2
:1063A000472198C317070000130747ADD8C317F755
:1063B000FFFF1307076798C717F7FFFF1307275E4D
:1063C000D8C717F7FFFF1307876098CB97F7FFFF32
:1063D0009387877723A6F1A48280411126C29384F4
:1063E00001A19C4006C622C485CF2A840D45EFB08A
:1063F0006FF0AA8519CD930700FD2300F5008D47A6
:10640000A30085002301F5009C4003C50700EFB001
:106410004FF919C42244B240924441016FF0EFD5C4
:10642000B240224492444101828079714ECE9389D8
:1064300001A183A7090026D206D622D44AD052CC85
:106440008144A1C783C4170085472A896388F4045F
:106450009707FF1F83C787E2854485EB0D45EFB0A3
:106460006FE9AA8505C1930700FD2300F500914758
:10647000A30025012301F50083A7090003C5070038
:10648000EFB02FF2EFF06FCF8544B2502254268543
:1064900002599254F249624A45618280938701A56C
:1064A0009C434E8A85E30145EFD08FFF2A8601CABF
:1064B00089451705FF1F0345A5E9EFB0FFB0832706
:1064C0000A00B1A0944303D647009305E1000545B7
:1064D000EFC0BFCB69D983470500858BE9D7054558
:1064E000EFD00FFC9307B0032A8463F3A7045D6623
:1064F0001306067089451705FF1F034565E513045C
:1065000044FCEFB07FC8239481A483A70900094706
:10651000A380E7009707FF1F83C747D691C7970758
:10652000FF1F238D07D495B74A85EFF01FEBB1BF4E
:10653000130600643306C5029DBF411122C42A849C
:106540000D4506C6EFB00FDB15C1930700FD230014
:10655000F500CD47A30085002301F5002244B24099
:10656000AA8503C551A441016FB0AFE3B2402244F4
:1065700041018280411122C42A840D4506C6EFB034
:106580006FD715C1930700FD2300F500ED47A30069
:1065900085002301F5002244B240AA8503C551A419
:1065A00041016FB00FE0B2402244410182800357A5
:1065B00045000111896606CE22CC26CA13866600E4
:1065C000AA876317C7009C47014583C5070009A830
:1065D00013868600631AC7009C47054583C50700DC
:1065E000EFF04FE305453DA8138696006313C702FD
:1065F000138701A11843014515C79C4703C5070030
:10660000631B050C8547A300F7000545EF80707CF0
:10661000D1BF1386A600631CC7009C4703C50700B3
:10662000EFF0BFE0F2406244D244056182801386FD
:106630006603E30AC7F813867603E30FC7F81386E9
:106640008603631DC7081C451307E00F83C40700BA
:1066500083C741A4638EE7021307F00F6386E70246
:106660001145EFB02FC9AA8505C1930700FD23008E
:10667000F5008947A30095002301F500A30105005B
:1066800003C541A4EFB0EFD1F9572382F1A499BF1C
:10669000938701A198433E84014549D785EC854401
:1066A0007D4523059100EFD0AFDF2316A100130530
:1066B0000002EFD0EFDE1C40A305A1001307B100DC
:1066C000A380970074001306A10085450545EF805F
:1066D000307A09BF2685EFF05FD029B7138696037D
:1066E000E30DC7F21386E6036317C7001C4509458F
:1066F00083C50700F5B59386F603631DD7021C45D5
:1067000003C507003DE96C001305D030EF1081632D
:10671000B247414793F7070FE386E7EC9305B100D3
:1067200013056031EF1001620345B1008545EF802C
:10673000F0744DBD8966138606046313C7041C45B7
:1067400003C4070083C7A1A4228585EB0D45EFB0E4
:106750006FBAAA85E30805E8930700FD2300F5005A
:10676000D1472301F500A3008500938701A19C4335
:1067700003C50700EFB0EFC2B5B5EFF01FDC9DB564
:1067800013861605631BC7001C4503C5070021E5DA
:1067900085450545EF80506FB1B5938626050145C7
:1067A000E312D7E89C4703C4070083C761A422858E
:1067B0009DE30D45EFB00FB4AA85E30505E293070D
:1067C00000FD2300F500F147A30085002301F5003B
:1067D00003C551A445B7EFF0FFD929B5411197077B
:1067E000FF1F83C727B706C6958B99CB1705FF1FD9
:1067F0001305C5ABEFC09F8E4D45B240410182806D
:106800000145EFC0BF8D0145CDBF03C7050093769D
:1068100025009377D70F99C2936727001318850136
:106820001358884113F7F7076354080013E7070864
:10683000937685009377770F99C2936787001377D4
:10684000050293F6F70D19C393E607022380D500DE
:10685000634508009377A50281CB8347060093E741
:10686000C7002300F60082807DFD83470600CD9B94
:10687000CDBF2D456319071403C5050009476310F3
:10688000E51401114EC6BE89DC4122CC26CA4AC895
:1068900006CE03C7170083C70700B68422075D8FA3
:1068A00042078D664187938736A032842E89630123
:1068B000F70E63C0E702938716A06309F70A63C166
:1068C000E70E938606A0630CD706239004000545C7
:1068D0004DA8938766AA6305F70C938786B8630B68
:1068E000F70C938646A0E312D7FEDC45DDC72147AF
:1068F0002390E40003D707002300E60003D7070036
:106900002183A300E60003D727002301E60003D775
:1069100027002183A301E60003D747002302E600F6
:1069200003D747002183A302E60003D767002303B0
:10693000E60083D76700A183A303F60091A0C845B2
:1069400097A0FE1FE78060E9420541814E86637390
:1069500035012A862390C400420641828325C9005E
:10696000228597A0FE1FE780A0E219A8DC4583D707
:1069700007002390A4002300F600A183A300F600E3
:106980000145F2406244D2444249B24905618280E5
:1069900099472390F4001946D1B723900400CDB74E
:1069A00085472390F4008327C90083C7070023008D
:1069B000F400F9B7E1472390F400614645B723900E
:1069C000060005458280828083C805008947639B55
:1069D000F814DC41797122D406D626D24AD04ECEA4
:1069E00052CC03C8170083C707002E8422083368DF
:1069F000F80042088D6713580841138327A06304E9
:106A000068102A8A3A89B684B285634C03011387D9
:106A100007A0630AE802938717A0630BF80885476D
:106A200011A8138737A0630CE80A138767AA8D475C
:106A3000E317E8FEB250225492540259F249624AD6
:106A40003E8545618280484432C697A0FE1FE7809C
:106A5000C0D8420541819D47E36E25FDB3099900E9
:106A600083C7E1A5B24563D43701B547E1B74844D0
:106A70002686C2094A9597A0FE1FE78060D1484448
:106A800003C6E1A593D909010506330636418145C0
:106A90004E9597A0FE1FE78020D3938701A69C43C5
:106AA00099E3814741BF9C438145E5DF528535A08D
:106AB000AD47E31109F8E39A16FB834716008346B6
:106AC00006005844A207D58F2310F700938701A62C
:106AD0009C43E1DB9C438545E9D78297D9B7AD4715
:106AE000E31A09F49947E392F6F84844194697A047
:106AF000FE1FE780E0C9938701A69C43DDD39C433A
:106B0000CDD38D4565B7AD4715F78547E39FF6F4BF
:106B10000347060093070008E3EEE6F0DC45238018
:106B2000E70041B785473E85828023A001A6A38F59
:106B300001A4238F01A4B707A00093850184938744
:106B400007059CC1B707E803DCC117D6010013068F
:106B5000664E97C7FE1F9387A7A10947938EB183FF
:106B6000D0C317D601001306264A85462380EE00BF
:106B7000138E81839388C183D0C723AED70117D6E4
:106B800001001306A6491383C1A51388A1831385A9
:106B9000918397DE0100938EEE482300EE00238060
:106BA000E8002380E7002388E7002380E7022388AA
:106BB000E70223AEC7032380E7042300E800238411
:106BC000D70023950700D0CB238CD700239D070047
:106BD00023A2D7032384D7022395070223A6070203
:106BE000D0DB238CD702239D070223100300230050
:106BF000D50017DE0100130EAE4123A2C70523887E
:106C0000E70423AE17052380E7062388E7062380E1
:106C1000E70897D801009388A84117D70100130708
:106C2000673F23A2E7082384D70417070000130750
:106C300087C42395070423A66704F0CB238CD704CD
:106C4000239D070423A217072384D706239507064D
:106C5000ECD7F0DB238CD706239D070623AE07076E
:106C60002384D7082395070823A6A70897C7FE1FE4
:106C70009387079998C317070000130727D5D8C330
:106C800023A407008280A54763E8A71017D7010057
:106C9000130747B90A053A951C41011122CC26CAAF
:106CA00006CE4AC8BA97B2842E8482879307800F93
:106CB00063F9B7006145F2406244D244424905613C
:106CC000828097C7FE1F9387A78AC8573E8919C538
:106CD00097B0FE1FE7806091238F01A41306140074
:106CE000916593850571328532C697B0FE1FE780A6
:106CF000608317C7FE1F2323A78A4DDD32468145D7
:106D000097A0FE1FE78040AC0325C9022286A68516
:106D100097A0FE1FE780C0A7238F81A4014561BF14
:106D20008947E399F5F883570600239EF1A4FDB740
:106D3000A147E391F5F82146A6851385018497A024
:106D4000FE1FE780E0A4D9BF8547E395F5F697C716
:106D5000FE1F9387E781D04F97C5FE1F9385C5839C
:106D600003C50400EFF07FAA55BF8547E394F5F40F
:106D700097B7FE1F9387C77FD05F97C5FE1F938588
:106D8000A583F9BF8547E397F5F283470600A38CF7
:106D9000F18269B7094505B70945828083C7F1A526
:106DA00095E38547A38FF1A4058909CD97C6FE1FFA
:106DB000938606854146A54517B5FE1F1305457BFD
:106DC0006F20A03C0145828001111388F5FF06CE9B
:106DD00022CC26CA4AC84EC652C41378F80FAD4515
:106DE00063EE050BBA890A0817D70100130707A637
:106DF0003A983E8A832708003689B284BA978287F8
:106E00008545EFC0AFCC2A8419E1EFF03F9D228584
:106E1000F2406244D2444249B249224A056182802A
:106E20008945EFC0AFCA2A847DF12685EFE03FABEC
:106E3000F9BF9145EFC08FC92A8471F95286CE857A
:106E40004A85EFC0CFBDEFF07F99EFF06FCFEF50E5
:106E5000302775BFA145EFC06FC72A844DF9528610
:106E6000CE854A85EFC0AFBB2685EFE05FA7EFE098
:106E70001F9FEF50102361BFB145EFC02FC52A847B
:106E800059F55286CE854A85EFC06FB92685EFE069
:106E90001FA5EFE0DF9CEF50D02075B7094485BFF8
:106EA000BD47638CF50663E9B702A5476387F5061E
:106EB00063EDB7009947638CF5049D47638FF50434
:106EC0009547638CF50401458280B5476387F504D7
:106ED00063E1B704AD47F5B7DD47638EF50263EABA
:106EE000B700C947638BF502D9476386F502C547EA
:106EF000C9BFF5476383F50263E4B700ED47D1B737
:106F000093072005638BF5009307200D5DBF48456F
:106F100082800841828008458280484182809307B0
:106F2000F00F630EF506011126CAAA8413050002AC
:106F300022CC4AC84EC652C456C206CE3A89B68939
:106F4000B28A2E8AEFA01FBB2A844D4515C893072D
:106F500000FB2300F400A300540123114401230289
:106F6000340113058400614663050902CA8597A0B0
:106F7000FE1FE780E081A2852685EFA09FC2014524
:106F8000F2406244D2444249B249224A924A0561DF
:106F90008280814597A0FE1FE7800083E9BF0945F5
:106FA0008280011122CC06CE2A842306B100A306DA
:106FB000C100EF40C03A0DC10347C500A1476311AE
:106FC000F70278009306E0070146A28517F5FE1F39
:106FD00003456538EFF0BFF4F240624405618280FA
:106FE00078009306E0070146A28517F5FE1F0345CA
:106FF0007536CDB7930700643306F6026FB04F8F36
:1070000005C90347050085469307270093F7F70F47
:1070100063F0F602411122C42A843A8506C6EFB015
:10702000CFA0FD572300F400B240224441018280EA
:107030008280035705009307000B6313F702834711
:1070400045004947639CE70003471501854763995D
:10705000E7000355250085456F20103D6D47C5BFEE
:107060008280011122CC06CE2A842EC632C436C2BA
:10707000EF40E02E0DCD8346C500A14712472246C2
:10708000B245639EF600B28617F5FE1F0345A52C98
:107090002E86A2856244F24005616FF05FE8B286F9
:1070A00017F5FE1F0345152B2E86A285E5B7F24086
:1070B000624405450561828023A4A1A68280011156
:1070C00022CC26CA06CE2A84AE84EF404029A6856B
:1070D0002285EF1081321DE5228523169100EF40B5
:1070E00000280DC10347C500A1476312F70217F539
:1070F000FE1F0345452678009306F0070146A2854A
:10710000EFF0FFE1F2406244D2440561828017F55E
:10711000FE1F03453524C5B7011126CA06CEB68425
:1071200022CCDD4663E2B608D94663FED50AA54601
:107130006381D50A63EEB6049546638CD5089946FB
:107140006387D50A054441687D18631606093AC667
:10715000EF10612E330685403247420641824204D9
:1071600041803305C4004205BA85418132C6EF2013
:10717000D03BAA8749C181C432462390C400B305DD
:1071800080406244F240D2443E8505616F10010C9C
:10719000C5466380D504C9460D44E395D5FAC16759
:1071A000FD17E31EF6FA65B7F5466380D50463E480
:1071B000B600ED46D5B7930620056388D502930641
:1071C000200DE391D5F8C167FD170D446319F60052
:1071D000BDBF09448DBF9306200DE392D5F831065B
:1071E00042064182ADBF15445DBF0D444DBFC1672E
:1071F000FD171D447DB7F2406244D2440561828090
:1072000079714ECEAE89C16526D20147AA848946DE
:1072100017D60100130686E2FD15054522D406D6D1
:107220004AD0EF009061054431CD2A89130730021E
:1072300081461146F5452685EFF01FEE2AC65544D6
:1072400031C18357A900CE8601462314F10091472E
:107250002315F10085472300F500B2472C00268551
:10726000A38007003247FD572301F7003247A301EF
:10727000F700EF0050522A8411C5324597A0FE1F37
:10728000E780A0362285B250225492540259F24926
:1072900045618280411106C6EFF09FC019C5B2401A
:1072A000410117A3FE1F67004334B24041018280B1
:1072B000011106CE2AC6EF00117F3245914523A267
:1072C00001A623A401A697F7FE1FA383A708EF201A
:1072D000F020F24005616F10F07F93970501C187A0
:1072E00063D80712797117F5FE1F0345750622D47E
:1072F0004AD006D626D22E89EFA03F842A8449CDD3
:10730000034705009307000A6315F70885474C08F3
:10731000A305F100EF102105AA8405ED8347610163
:1073200071476374F708138717FE1377F70F9306F7
:10733000000263F3E608858BC5C7938741A69C438B
:10734000994481CB035524001306B1004C08829761
:10735000AA848347B10099C7084409C597A0FE1FB6
:10736000E780A02895E05247B7070001938707F010
:107370007D8FB707120093870710630CF700034750
:107380006101ED476317F700035524008545EF20A1
:10739000B0092285EFA04FF3B25022542165334546
:1073A000A9009254025945618280370730140507BD
:1073B0003357F700058B41D3138781A6184351DB60
:1073C0000347510159F72306F10099472308F100BB
:1073D000035524006C0023170100EF10A11795BF7F
:1073E000938781A69C439DC3035524001306B100D7
:1073F0004C08829739DDAA8483475101B9FB834742
:107400006101230891002306F100D9B79944EDB733
:10741000014582800145828097F6FE1F83C6D6F320
:10742000814763E5D70001473A8582802E87910521
:1074300003D6C5FFE30AA6FE8507E5B70DCD834752
:1074400025000547890793F7F70F6376F702411187
:1074500022C406C62A84835505000345350001472A
:10746000F9465D46EFF0BFABF9572311F400B24087
:10747000224441018280828017F7FE1F0347D7ED27
:107480008147FD5663E3E70082802310D500230186
:10749000050085071105FDB701458280938571853B
:1074A0009307000285462380F500FD57238BF18466
:1074B000A384F1842384F184239AD184239601A6A2
:1074C00023AA01A623A201A823AC01A61386C18486
:1074D00097D70100938787B55CC2238701A697B72A
:1074E000FE1F9387A71209472300E6002380E700C9
:1074F0002388E7002380E7022388E70217D70100EB
:10750000130707B2D8DB0D47238CE702138701A7C7
:1075100018432384D700D0C7238CD70017D5010088
:10752000130545B117D60100130646AF97D60100E3
:107530009386C6B0C8C323950700D0CB239D070010
:10754000CCCFD4D3238407022395070223A60702B6
:10755000239D0702D8DF97B7FE1F9387270F1707D2
:1075600000001307870C23A00700D8C323A407003B
:107570008280411106C6EFF03FEA11C503452500A0
:10758000B240410182800145E5BF411122C426C2BB
:107590004AC006C6AA842E893284EFF0FFE711E9BB
:1075A0004165CA857D15EFF03FE7C54711C523103A
:1075B0009500230185008147B2402244924402494C
:1075C0003E854101828029E7894835476393160546
:1075D000011106CE22CC26CA034716000346060038
:1075E00093C7F7FF2207598EF18F32C68DE7C44546
:1075F0002A84A685EFF0FFF732460147630FA60005
:1076000022856244F240A685D24405616FF0FFF7FF
:107610002D473A85828013070008F2406244D24425
:107620003A850561828083C805000948639508038F
:1076300003A845008347180003480800A207B3E7E2
:107640000701C2070D68C1871308289063950701D9
:1076500089476FF05FF70545828003C791849307E0
:10766000F00F630AF70441114AC02A89294522C450
:1076700026C206C63284AE84EFA0CFC71DC59307CD
:10768000100B2310F500230205002314850022446B
:107690002311250123139500B24092440249AA8583
:1076A00003C5918441016FA0CFCFB24022449244E0
:1076B00002494101828082804111938701A726C23D
:1076C000AE848C4322C406C62A84EFF09FEA09895F
:1076D00009C922852244B240A685924441016FF037
:1076E0003FB2B2402244924405454101828041119B
:1076F00022C426C24AC006C6AA8413044500130940
:10770000850B835704009DC3084409C597A0FE1F3D
:10771000E780A0ED2285314681459790FE1FE780E6
:10772000A00A3104231A04FEE31D24FDB2402244C2
:10773000FD572390F40002499244410182809387CF
:10774000C1A7984317F6FE1F034616C1814763156C
:10775000F600814636858280BA861307870B8355EB
:1077600087F4E389A5FE850793F7F70FCDB79387D5
:1077700041A89C4399C703D74700E31CA7FE88474D
:10778000828001458280411106C6EFF05FFE09C587
:107790000845B240410182800145E5BF011126CA7A
:1077A0009384450022CC4EC606CE4AC852C456C267
:1077B0005AC0268781490144814681473D45035689
:1077C000070055CED9E20354470083572700B286FD
:1077D000A297C207C18385093107E392A9FE25C894
:1077E0002E89916593854570228597A0FE1FE780BD
:1077F00060D32A8B29CD814A014A8C4485C503D6A2
:10780000440033054B019790FE1FE78060F883D753
:10781000440088443E9A420A135A0A0197A0FE1F68
:10782000E780A0DC63890A00314681452685979070
:10783000FE1FE78060F9850AB104E3E03AFD2326E4
:10784000690123148900054521A0630DD600014577
:10785000F2406244D2444249B249224A924A024B1F
:107860000561828003562700E313F6FE03564700A6
:107870003294B2974204C2074180C183A9BF054533
:10788000E37835FDA9BF938781A79C4399E3014520
:10789000828098470357A700E319A7FE1385470086
:1078A0008280411106C6EFF01FFE11C50355050089
:1078B000B240410182800145E5BF411106C6EFF0AB
:1078C0009FFC11C503452500B2404101828041451E
:1078D000E5BF411122C42A842E8506C6EFF0FFFDC4
:1078E000AA8505462285EF30902A95476305F50065
:1078F000BD476313F5002145B24022444101828017
:10790000411122C42A84090506C6EFF06FEFFD5726
:10791000A301F400B240224441018280938701A870
:107920009C4317F7FE1F034737A32A8605078146A6
:107930003E8583D707006388C700850693076500E7
:10794000E3E8E6FE01458280411122C4416406C697
:1079500026C29307E4FF630EF500AA8485E1EFF0E9
:10796000FFFB01E91305F4FFEFF05FFB19C12310E2
:107970009500B2402244924441018280854763943D
:10798000F504EFF0BFF92A846DD5FD572310F500FB
:10799000834724001307F00F6384E7021307E00F07
:1079A000638AE700034534000147F9465146A6853E
:1079B000EFF0EFD62285EFF0BFF4FD572301F4007E
:1079C000230204007DB78947E395F5FA8545EF303A
:1079D000703B45F12685EFF07FF42A8455F951BFBD
:1079E0005D71A6C24EDE86C6A2C4CAC052DC56DA9B
:1079F0005AD8AE8483C52500F947AA896396F50451
:107A0000EFF0DFF12A8409ED01442285B6402644D7
:107A100096440649F259625AD25A425B61618280A9
:107A2000834725000547890793F7F70FE37EF7FCA7
:107A3000034535000147F9460146CE85EFF02FCECC
:107A40002285EFF0FFEBC9B783AA0400B707000156
:107A5000938707F037071200B3F7FA0013070710F0
:107A6000328A0149638AE7022EC6EFF03FEB2A898A
:107A7000B2451DC10346450005C293178601E18743
:107A8000E3C407F84E85EFF0CFD18347490093E771
:107A900007F82302F9008DBF03C761859307F00F34
:107AA0001944E304F7F6E147E3E1B7F693D715008D
:107AB000FD178E0717C70100130747DCBA9703A805
:107AC0000700E30408F403AB4700E3000BF4C20A29
:107AD00093DA0A0163850A00C947E398F5F283D671
:107AE0004400904483C5140003C50400380802987C
:107AF0002A8401FD2C084E85029B2A8421C983C754
:107B00001400E39407F083C72400230AA100394737
:107B10002308F1006399E702624783471700034790
:107B20000700A207D98F0C084E852319F100EF003A
:107B30007122E30B05EC14080546D9454E85EFF09C
:107B40004FD22A84D9B583578101F1BF83C624005F
:107B50009147E38BF6EA38080146CE8503C5618577
:107B6000EFF0EFBB2A84E31205EA83C5240028085E
:107B7000EFF00FB319C123000A009840B7070001C6
:107B8000938707F07D8FB707120093870710E30DE7
:107B9000F7E6E30B09E683C724002302F900B5B535
:107BA000011106CE2EC6EFF07FD701CD83474500E9
:107BB000B245138717006396E50093F707F8230291
:107BC000F500F24005618280938781A7984319E30D
:107BD000014615A81C4703D8A700636B050183580D
:107BE0004700B38608016355D500814663941601AA
:107BF0001843F1BF3E86C10703D3A7FF6317A30055
:107C000099C123900501328582808506C206C18212
:107C1000F1BF397152D42E8A4ED69305E101AA895B
:107C2000528522DC4AD856D206DE26DA328936C69A
:107C30003AC4BE8AEFF05FF9054435C5AA840355FE
:107C4000E1013944EFF0BFB239CD03284500630CA0
:107C500008042247B246D6874A86A6854E850298F2
:107C60002A8431E19307E00F638FFA0203C704000F
:107C70008947631AF702D840834717000347070074
:107C8000A207D98FC2070D67C18713072790639C8E
:107C9000E7008347190003460900D285A2075D8EDD
:107CA0004E85EFF09F9B2285F2506254D254425988
:107CB000B259225A925A21618280797122D4035496
:107CC00025004ECEAA89228556CA06D626D24AD08B
:107CD00052CC5AC85EC662C4AE8AEFF05FA601E914
:107CE0002285EF00D157594429E90144B9A003C7BF
:107CF00089008547AA840144631AF702AA8513857F
:107D00008900EFF0BFA929CD03D7640083D6840092
:107D1000D04483D5440003D52900E147EFF07FEF3D
:107D2000D9472A846318F50223A604002685EFF0BC
:107D30001F9C49C0D947E30AF4FA2285B250225465
:107D400092540259F249624AD24A424BB24B224CF7
:107D50004561828061DD83D744002390FA00F9B742
:107D600013894400014AB94B594C3D4B83550900D6
:107D7000D5DDE14763067A010357C90011C3D9472E
:107D800003572900835649000326890003D529009B
:107D9000EFF03FE82A846319850123240900050ACE
:107DA0003109E3156AFD59B77DD98357090023903E
:107DB000FA00F5B703D529002DB701112317C1002B
:107DC0009307E00F1306E1000147894606CEEFF066
:107DD0005FE4F24005618280797122D42A840355E0
:107DE000850026D2AE849305210106D64AD0EFF055
:107DF000BFDD6308050E834785002AC693F7070297
:107E00008DCF03552101EFF01F98AA87B24501EDF0
:107E10008357840039452390F400B2502254925481
:107E2000025945618280035524004946829711C555
:107E3000835784002390F400CDB7035924004A856A
:107E4000EFF0FF8F11ED41657D15EFF05F8F19E5C4
:107E50008357840025452390F400C1B723102501E2
:107E6000130745008147BD46035607002DE63147FD
:107E7000B387E702130984003146CA8591073E950E
:107E80009790FE1FE780C0903146CA8548089790BA
:107E9000FE1FE780E08F0356C400035524004147CE
:107EA0008146DD45EFF04FA72ACE19E583578400C0
:107EB00045452390F40095B70C480356C4009790AD
:107EC000FE1FE780E08C035524004C08EF00F134DE
:107ED00029D5594599B785073107E397D7F825453F
:107EE00081BF0545B1B7797122D42A840355850035
:107EF00026D2AE849305E1014AD006D63289EFF04E
:107F0000BFCC51C58347850093F70702A9E7034714
:107F100014019307200519E3834744008356A40006
:107F2000504483558400035524000147EFF07FCE71
:107F3000AA8721E98347140199E703552400EF003C
:107F4000F128D94711E18147B25022549254025985
:107F50003E85456182802AC60355E101EFF0BF826C
:107F6000AA8705C9B2450355240049468297AA87C6
:107F700059DD035784002390E4000347140161F79F
:107F8000E1B75947E317E5FE230009006DBF8547B8
:107F9000CDB7B947F9BF397122DC4AD84ED652D491
:107FA00006DE26DAAA892E8A32C63689EFF01F97B6
:107FB000094415C5834725001307E00FAA845D44D3
:107FC000638FE7001307F00F5944639AE7003246C6
:107FD00005E2D2854E85EF00712C2A8415CD2285CD
:107FE000F2506254D2544259B259225A21618280CD
:107FF00003550A009305E101231F0100EFF0DFBCE8
:108000000355E101EFF07F8BAA8505464E85EF30E1
:1080100000382A845DDDE1B79307F00FE301F9FC36
:10802000938624007946A68517F5FFFF1305454181
:10803000EFE05FFCA38124015DB73971938781A7CD
:1080400026DA844352D45AD05ECE62CC06DE22DCDD
:108050004AD84ED656D266CA2A8BAE8B328C368A16
:1080600099E08149B9A0804483DC44000149835AE6
:10807000A400631499018440E5B78357A400A28942
:1080800063F8670105094209135909014104D5B78D
:10809000E3EAFBFE630C0A00834504004840D286F5
:1080A00062863AC6EF002125324769DD19C32310E5
:1080B0005701F25062544E85D2544259B259225A55
:1080C000925A025BF24B624CD24C2161828003D700
:1080D000050083D62500854763E9E60439C74111C9
:1080E00083C6450026C29384550022C426862E846A
:1080F00017C50100130505F4894506C6EF00A11F49
:10810000C14711CD83464400835524000355040024
:1081100001472686EFF07FF2814711E1A947B2407F
:10812000224492443E85410182803E8582802E8693
:108130000355060083D52500854763E2A50205C1E6
:108140008346460041110147150606C6EFF0FFEED3
:10815000814711E1A947B2403E85410182803E85B9
:1081600082802E860355060083D52500854763E26D
:10817000A50205C18346460041110147150606C602
:10818000EFF0BFEB814711E1A947B2403E854101C5
:1081900082803E85828039714ED683D7250083D96F
:1081A000050006DE22DC26DA4AD852D456D25AD04E
:1081B0005ECE62CC66CA6AC863E037198547638EB3
:1081C0000914416BAE8A2A8A2314010002C60144B5
:1081D00001497D1B894B054CC94C054D83D52A00AF
:1081E0000147814601464E8523130100EFF0FFE46D
:1081F000AA846300051209EC1307200293066100AC
:108200005A8695455285EFE03FF12A8463080512AE
:108210000357810083C7040045C70347A100630CCF
:10822000A70741476385E7022C005285EF00E1472D
:1082300009CD34001546D9455285EFE09FE211C5BE
:1082400032459790FE1FE780403A8147F9A083D7D7
:10825000A4004146130524002300F40083D7A400A2
:10826000A183A300F400CC409780FE1FE78040521A
:108270004904835781008507C207C1832314F10095
:1082800063F9270983D7A400638567098509C209B3
:1082900093D90901A1B7E39977F983D7A4000946D7
:1082A000130524002300F40083D7A400A183A300B6
:1082B000F400CC409780FE1FE780804D110455BF2D
:1082C00022C60359610003C7A4001305240063827A
:1082D000770333599903230571012300E40083D701
:1082E000A4004146A183A300F400CC401379F90F08
:1082F000A5BF230581012300E40083D7A4001359FF
:1083000029001379F90FA183A300F4000946CC409A
:1083100055B78357810089FBA947F2506254D25464
:108320004259B259225A925A025BF24B624CD24CD9
:10833000424D3E85216182808547C5B7C547F1BF63
:1083400003C721A9854763F3E706011122CC26CA9A
:108350004AC806CE2A843289AE84EFF02FDC01C9E8
:10836000034725009307E00F5D456308F700631C92
:108370000900A6852285EF00416FF2406244D24495
:1083800042490561828003D504009305E10023176B
:108390000100EFF07F830355E100EFF00FD2AA85D3
:1083A00005462285EF20B07E69D5C1BF5945828040
:1083B00013F7050201C7B2856FF0AFD1411126C294
:1083C0004AC006C622C413F98500AA8463170900AF
:1083D000139785016187635D070232853684EFF06C
:1083E000CFCDAA8505466313090001462685EF20F7
:1083F000107A01E90145B240224492440249410108
:10840000828083479400E5DB83478400E5F7E5B786
:1084100093F72500E5F30D45F9BF7971AE8622D4B7
:108420002A8403D506009305E10106D636C6EFF08F
:10843000AFF909CD83458500B2460356E101228597
:10844000EFF01FF7B2502254456182800545DDBF31
:1084500013F7050201C7B2856FF0AFC7411122C4FF
:1084600026C206C693F485002A8491E413978501F9
:108470006187635007023285EFF02FC4AA85054655
:1084800091E0014622852244B240924441016F208E
:10849000107093F72500014591E30D45B240224449
:1084A0009244410182807971AE8622D42A8403D518
:1084B00006009305E10136C606D6EFF0EFF0B246AE
:1084C00001CD834585000356E1012285EFF05FF879
:1084D000B2502254456182800545DDBF797126D2B4
:1084E000AA840355A500C16722D44AD04ECE06D631
:1084F00023170100FD173284B6890149630DF50089
:10850000050583C60400D04042051307E100418100
:10851000EFF0BFB22A8983C60400D040894517C551
:108520000100130525B1EFF0105D1DC503D4A400B3
:108530002285EFF00FB709C57D142A9442044180CB
:108540006384090023908900B25022544A859254D2
:108550000259F2494561828083C60400D0408945B2
:1085600017C50100130545ADEFF0F05861F183C662
:108570000400D040894517C50100130525AAEFF076
:10858000905719C9E30609FA8357E100E39287FA85
:108590000354A9007D145DB703D4A40055B7397105
:1085A00022DC26DA4AD84ED652D456D25AD062CCE1
:1085B00006DE5ECEBE8983C785002A8AAE84C18B63
:1085C000328C36843A89C28A468B9DE783CB04007D
:1085D0008947638BFB046285EFF06F991DC1832887
:1085E0000500638008025A88D6874E87CA8622868D
:1085F000A6855285829839A03285EFF0CF98AA8758
:1086000011ED3945F2506254D2544259B259225AAE
:10861000925A025BF24B624C216182802946A68508
:108620005285829745D5F9BFD84083471700034745
:108630000700A207D98FC2070D67C187930607906D
:108640006384D72263CEF60693062780638ED70C09
:1086500063C1F60213070780E3CFE7F62D45E393E6
:1086600009FADC4403C60700CC432310C900228565
:1086700069A213073780E390E7F62D45E39409F8E4
:1086800085472310F900DC44814583C70700230098
:10869000F40003D5A400050542054181EFF0CFD2D7
:1086A000835709006317051291072310F90011463B
:1086B0008145130514009780FE1FE780E01029A272
:1086C000930627906383D71863CED712930637900B
:1086D000638CD71813074790E39FE7EE2D45E3938C
:1086E00009F2DC441D472310E90003C707002300FB
:1086F000E40003C71700A300E40003D72700230109
:10870000E40003D727002183A301E40003C7470047
:108710002302E40003D76700A302E40083D76700C5
:10872000A1832303F4004DA02D45E39D09ECDC4417
:108730006C0083C9170003C70700A209B3E9E90069
:1087400011472310E90083C707004E852300F4007A
:10875000DC4483C71700A300F400EFF0EFC6AA843F
:1087600035C50356C100C1659306E100FD15832997
:10877000C500EFF0BFD619ED83C60400D04089458F
:1087800017C501001305458BEFF0F03601E5FD57E5
:108790002317F10003C7090089476310F70283A577
:1087A00049000946130544009780FE1FE78040FEFC
:1087B0008357090089072310F9008357E10023013B
:1087C000F400A183A301F40001452DBD231731015D
:1087D000EDB7034705008907BA972310F9008357BF
:1087E000A500A300F4008357A500A1832301F40092
:1087F000034605004C41130534009780FE1FE780B7
:1088000020F9D9B7C8449780FE1FE78000FD931771
:108810000501C1832A871D45E3E637DF6399F90027
:1088200023100900CC4403560900CE9589B54207B0
:10883000B3863A01418363C7E600B387374123100B
:10884000F900CDB723105901F1BF2D45E39C09DA9A
:10885000CC445285EFE0FFD1231079012300A4001E
:108860002181A300A4008DB72D45E39D09D8DC44E8
:108870002310790183C707002300F400DC4483C779
:108880001700A300F40089B75D71CAC02A89035597
:1088900025004EDE52DC56DA5AD85ED662D466D255
:1088A0006AD06ECE86C6A2C4A6C22E8BEFF0B038B8
:1088B000130CF5FF931D0C01C16BAA8A814917EABD
:1088C000FE1F130AEA9F93DD0D01938C41A7138DC0
:1088D000C1A6FD1B8357C90063F8F90097E7FE1F87
:1088E00083D7079E63CE87010355290097E5FE1FB6
:1088F0009385059DEF000102AA841DCDD9442DA8C2
:1089000083278900139719009305E100BA9703C4E0
:10891000170083C7070022045D8C2285EFF0CFAAE1
:10892000AA851DE923108B0003254A00854409C54B
:108930009790FE1FE78060CBB64026442685064907
:108940009644F259625AD25A425BB25B225C925C04
:10895000025DF24D616182808348490083A60C006C
:108960000356E100035529006E8881476A87EFF0BE
:108970001FC3AA8411C523108B0003254A0045BFDD
:1089800083274A0095E303552900514781465E86B7
:10899000BD45EFE06FF897E7FE1F23A5A79209E515
:1089A00023108B00C54449BF97E7FE1F83D747912B
:1089B00003D7C1A63E976347570113C7F7FF5697E2
:1089C0002396E1A603254A0083A50C0003D6C1A681
:1089D0003E959780FE1FE780A0DB83570A00035770
:1089E0000D008509C209BA9717E7FE1F231AF78CF5
:1089F00093D90901C5B5397122DC2A8403552500B4
:108A000006DE26DA4AD84ED652D45AD05ECE62CC92
:108A100066CAAE8B56D2EFF010222A8A8346C40073
:108A20008355A4000355840078001306D400930CEA
:108A3000BAFF651AEFF06FE0420A416B2A89814460
:108A4000135A0A01138C41A797E9FE1F938949879E
:108A50007D1B6302090463D0940583484400832688
:108A60000C000356C1000355240052888147138728
:108A7000C1A6CA85EFF0BFB215C5814A0356C10031
:108A80008355A4004A859306E100EFF03FA52A89AB
:108A9000639D0A065DFDE5E0835784002945239028
:108AA000FB0081A00356040183D7C1A6E317F6FC9F
:108AB00083250C0048489780FE1FE78060D655DD6F
:108AC00083A74900A1E303552400454781465A8600
:108AD0009D45EFE06FE41DE18357840045452390F9
:108AE000FB00F2506254D2544259B259225A925A5F
:108AF000025BF24B624CD24C2161828097D7FE1F01
:108B000023A2A77C835AA90095BF83A74900A697F3
:108B100023805701938714001397070183A7490007
:108B2000418393DA8A00BA97238057011387240080
:108B300083A6490093873400420791044183C2070A
:108B4000C204C183C180369711CD8356E100230052
:108B5000D70003A74900BA970357E1002183238078
:108B6000E700C5BDFD562300D70003A74900BA970B
:108B70002380D7000DB703552400898097D5FE1FA9
:108B80009385057497D7FE1F239C9772EFF0903E54
:108B900029D95945B9B7411122C406C693F7050131
:108BA0002A84328585C3EFE05FD1AA8505462285F8
:108BB000EF20E07D95476305F500BD47631DF50295
:108BC000214515A893F7450099CBEFE01FCF054647
:108BD000AA8522852244B24041016F20407B93F751
:108BE000050489C7EFE07FCD0146DDB713F5150019
:108BF000133515000605B240224441018280797187
:108C00004AD04ECE52CC06D622D426D22A8AAE895B
:108C1000014983D749006364F9000145A1A083A7F6
:108C200009001314190093041400338797000347B5
:108C30000700A29703C5070022079305E100598D9D
:108C4000EFE09FF805E983A7090005453E94034737
:108C500004002380E70083A70900BE9403C7040033
:108C6000A380E700B250225492540259F249624A5A
:108C700045618280834585000356E1005285EFF00F
:108C80009FF105C183A709003E9403470400238098
:108C9000E70083A70900BE9403C70400A380E70090
:108CA000D1B70509420913590901A5B7011122CC11
:108CB0002A8403D505009305E10006CEEFE0DFF03E
:108CC00001CD834585000356E1002285EFF0BFEC1E
:108CD000F2406244056182800545DDBF397126DAC4
:108CE000AA840355250006DE22DC4ED652D456D285
:108CF0005AD05ECE62CC66CA6AC82E8A4AD8EFF0D5
:108D00008073AA8A83C6C40083D5A40003D58400D7
:108D1000138CAAFF78001386D400EFF00FB2420C38
:108D2000C16CAA890144135C0C01138BC1A6938BFF
:108D300041A7FD1CED1A17DDFE1F130D6D58638D45
:108D400009180356C10083C5890003D52400EFF03C
:108D50009FE42A89631D051683C8440083A60B007F
:108D60000356C10003D52400628881471387C1A63A
:108D7000CE85EFF0DF822A89631B051439C003D743
:108D8000C1A6110797D7FE1F83D7A7536395E700A6
:108D9000A29763C0570997D7FE1F83D787523354D2
:108DA000F40203D5240097D5FE1F9385655197D70C
:108DB000FE1F23978750EFF070392A890DC5594956
:108DC0001DA003D52400494781466686C545EFE0CE
:108DD000AFB497D7FE1F23A7A74E0DE583D7A900F1
:108DE00045492310FA00F25062544A85D254425940
:108DF000B259225A925A025BF24B624CD24C424D0B
:108E00002161828083570B00910717D7FE1F231A19
:108E1000F74A83274D0003D7A9009306E100A297E4
:108E20002380E700930714001397070183274D0061
:108E300041834E85BA9703D7A90021832380E70099
:108E40000356C10083D5A400EFF04FE983264D00FF
:108E5000130724000356E10042074183369723009D
:108E6000C70003274D0093073400C207C183BA9798
:108E70000357E100AA89110421832380E700032519
:108E80004D004204418003D6C1A683A50B00229564
:108E9000639509029780FE1FE780808F83570B0040
:108EA0003E9442044180E31804EE83D784002310EB
:108EB000FA00E31A09F229493DB79780FE1FE780BF
:108EC000208D83570B003E94420441808DBD83D793
:108ED000A9002310FA00C1BF0149F1B75D71A6C214
:108EE000CAC0AA840359850003552500A2C44EDEDA
:108EF00056DA5AD85ED662D466D26AD086C652DCBA
:108F00006ECE2E8BEFF02053930BD5FF7115931976
:108F100005010144138DD40093D90901138CC1A616
:108F2000938C41A797DAFE1F938A8A396358741588
:108F300083C6C40083D5A4001307E1006A864A856E
:108F4000EFF0AF8FAA8D630B05120359A50083457F
:108F500085000356E10003D52400EFF0DFC363145E
:108F6000051283C8440083A60C000356E10003D514
:108F700024004E8881471387C1A6EE85EFF02FE2CB
:108F8000631305101DCC83D7C1A617D7FE1F035747
:108F900047338907630EF70697D7FE1F83D76732DB
:108FA0003354F40203D5240097D5FE1F9385453131
:108FB00097D7FE1F23968730EFF0900505C55945DA
:108FC00015A003D5240041664D4781467D16A54571
:108FD000EFE08F9497D7FE1F23A6A72E1DE1231045
:108FE0002B014545B640264496440649F259625A3B
:108FF000D25A425BB25B225C925C025DF24D6161CF
:10900000828083570C00890717D7FE1F231BF72A7E
:1090100083D7C1A6A29763D3770783A74A0003D754
:10902000AD00130A2400A2972380E70005049317DC
:10903000040103A44A00C183420A3E9483D7AD00D1
:1090400083A50C00135A0A01A1832300F40003A591
:109050004A0003D6C1A652959770FE1FE780407361
:1090600003540C00C167FD17529442044180E30F82
:10907000F9EA05094209135909014DBD294509FCC1
:1090800023102B0185B76DDC01BF8357050081E7F5
:1090900089473E858280411126C2444122C406C6CA
:1090A00083C60400D0402A84894517B50100130502
:1090B00065F8EFF0402419C9834724002547E517D8
:1090C00093F7F70F6376F702E14729A883C60400F8
:1090D000D040894517B50100130505F6EFF0A02132
:1090E00061FD8947B240224492443E85410182801D
:1090F00083D641858547FDD6035704003697C16660
:10910000E3C2E6FE91659385257031459780FE1F89
:10911000E7804041AA84CD4771D53146814597709B
:10912000FE1FE780606A8357040083D541850146AE
:109130000147B386E500C206C1826369F702AE97B4
:10914000C207C18319C2239AF18423A004002146D7
:10915000A285138544009770FE1FE78060639387A4
:1091600081A79C4391EF23AC91A631A850401315E1
:10917000470005072A962315D60005465DBFBA8726
:10918000984375FF84C38147B1BF011106CE22CC3D
:1091900026CA4AC809E98944F24062442685424900
:1091A000D244056182802AC62A8428003689231485
:1091B000B1002305C100EFF05FEDAA8471FDE30D5E
:1091C00009FC8357A400E1DB916593855570314517
:1091D0009780FE1FE78000350DC58357A40023202C
:1091E0000500232425012312F500938741A89C4301
:1091F00089E723A2A1A84DB7BA87984375FF88C312
:1092000061BFCD4451BF83C7E1A695E3854723875E
:10921000F1A6058909CD9796FE1F93862643414600
:1092200091451795FE1F1305653E6FF01FF601452A
:109230008280A384A1848280C167FD176315F50035
:109240002E856FE06FA3411106C6EFE0EF9C11C5BC
:10925000FD572310F50023010500B2404101828033
:1092600001114AC806CE22CC26CA85472A896393B3
:10927000F5044A85EFE0AFCC39E9C1649385F4FF8A
:109280001307E100894617B60100130666D90545A4
:10929000EFE0BFDA2A84FD140DC44C444A85EFF098
:1092A000BFF90356E10022858146A685EFF00FA3A2
:1092B0002A84DDB789476396F5008545EF20802C29
:1092C0004DD9F2406244D244424905618280EFE0C8
:1092D0000FC265B7411106C623AE01A623A001A89F
:1092E00023A801A617D5FE1F0345150741CD9307F7
:1092F000200C3305F502916593851570190542051B
:1093000041819780FE1FE780E02123AEA1A693074D
:10931000200C17D6FE1F034636043306F60281459D
:1093200019069770FE1FE780204A9387C1A79C43C8
:1093300017D7FE1F0347570281459386870B7D553C
:1093400063E8E5069306800BB306D7020146FD5598
:109350000507B69723A0F1A8BE862390B600A38187
:10936000B6002381B6002382060005069906E3664F
:10937000E6FEF9562390D70099463307D702BA97ED
:1093800023A8F1A617E5FFFF1305C565EFD0DFD2CF
:1093900017F5FFFF13050581EFE0907C17E5FFFF50
:1093A0001305C55AEF204015B240014541018280A6
:1093B0002394A6F41386C6F4231006002324060083
:1093C0003106E31BD6FE85059386860B95BF4111BA
:1093D00022C42A8406C6EFD04FF5EFE02F8C2384F9
:1093E0008184938701A78843EFE00F89238B8184D1
:1093F0002244B240170500001305C5E641016F2065
:10940000A00F93970501C18763D00736797103C513
:10941000818422D452CC06D626D24AD04ECE2E8A71
:10942000EF80AFF12A8421C9034705009307000BA1
:109430006310F7048547A304F100938741A79C4379
:1094400023150100A1E7EF00C07D9165938535707C
:109450009780FE1FE780000D23AAA1A605E9834798
:10946000910099C78345440013058400EFD09FE223
:109470002285EF806FE5B250225421653345AA0062
:1094800092540259F249624A45618280614681459F
:1094900017D5FE1F1305C5E29770FE1FE780C03287
:1094A00003494400894797D9FE1F938969E1631DE9
:1094B000F906EF00007797D7FE1F2393A7E0035527
:1094C0002400CE85EFF0C0190357240097D7FE1F64
:1094D00083D707DF8356840011ED63E4F60023147D
:1094E000F400835584003A85EFD07FBD2285EFD00C
:1094F0005FB4B5B763E4F6002314F4008357840027
:10950000D9450D4697D6FE1F239CF6DA97D6FE1F47
:10951000938606DB3A85EFD0DFB48D4561D917D548
:10952000FE1F1305E5D9E1A09947631CF9029305D5
:10953000A1002285EFF02FCCAA844DD9D947639B97
:10954000F40E0509035524001379F90FD94597D670
:10955000FE1F9386E6D64A86EFD0BFB0CA8559D59E
:109560007DBFA1476318F9009305A1002285EFF0A4
:10957000FF96D9B7A947631FF906035584006C000D
:10958000EFE08FE4AA8463070516035524004166C3
:109590009306E10055477D16AD45EFD0FFB797D74D
:1095A000FE1F23A1A7D2AA8649C1834844000358BD
:1095B000E1000356C10003552400A68581474E876C
:1095C000EFE0FFFDAA846316051003552400CE8545
:1095D000EFF0E029E30C05F003552400CE862D467C
:1095E000D945EFD01FA8E30305F0AD454E85EFD078
:1095F0007FCAEDBDB1476315F910035584006C00B7
:10960000EFE08FDCAA846307050E03552400416652
:109610009306E10059477D16B545EFD0FFAF97D7C8
:10962000FE1F23A1A7CAAA863DE183578400C54433
:109630002315F10003471400D147E309F7EA8347F4
:1096400044000355240097D5FE1F938565C717D79F
:10965000FE1F2307F7C68357A10017D7FE1F23124B
:10966000F7C697D7FE1F238F97C4EFE0B06EE30FC6
:1096700005E60355240097D6FE1F938666C405466B
:10968000D945EFD01F9EE30305E6854549BD8348D4
:1096900044000358E1008357A4000356C10003555A
:1096A0002400A6854E87EFE09FEFAA841DE10355B5
:1096B0002400CE85EFF06021E30A05E20355240083
:1096C000D945CE863546EFD0DF99B545E30005E2B2
:1096D000B9B5D9476393F400814403A54900978045
:1096E000FE1FE78080F0E38304E0835784002315A6
:1096F000F10089B78357840085442315F1001DBF0D
:10970000B9476318F9009305A1002285EFF0CF97C0
:1097100025B5C1476318F9009305A1002285EFF034
:10972000EFDB19BDC947631AF900130691009305D1
:10973000A1002285EFE02FFB01B5D947631DF90099
:109740009305A1002285EFE02FE9AA84E31805DE46
:10975000A304010061BBE147E31AF9D89305A10016
:109760002285EFE08FD5C9BB01458280F9CA01117E
:1097700052C42E8A854522CC4EC656C206CE26CA73
:109780004AC8AA8AB6893284EF10D05FD14715C182
:1097900083C701A983C611A9814419E0B684BE8696
:1097A000138781A8184393974400BA9763EDD400B8
:1097B000D547F2406244D2444249B249224A924AD1
:1097C0003E85056182803E89C10703D727FF09C70F
:1097D000850493F4F40FD9BF39CC9565938525C0E2
:1097E000130500029780FE1FE780C0D32326A9003F
:1097F00061D1130600028145938404049770FE1F13
:10980000E78080FC231199002300090023135901EC
:1098100015C4138781A98347940010432304F900DA
:10982000118C8327C90011841180238E870023A007
:1098300029018147BDBF23260900F9B72304490147
:10984000FDB785473E858280938781A8984383C56D
:1098500001A981476395F5008146368582800356CC
:109860002700BA8619C2E30AA6FE850793F7F70F09
:109870004107CDB7938781A8984303C601A98147C3
:109880006315F60081463685828083552700BA86A7
:1098900089C583454700E388A5FE850793F7F70F41
:1098A0004107F9BF938781A9984383C531A98147AF
:1098B0006395F50081463685828003560700BA8697
:1098C00019C2E30AA6FE850793F7F70F4107CDB744
:1098D000938781A89C4303C811A901476315E80039
:1098E00081463685828003D62700BE8619CA03D6F4
:1098F00067006318A600D04709C603562600E30296
:10990000B6FE05071377F70FC107C9BF411122C47F
:10991000404526C206C6AA8415C0484409C597809A
:10992000FE1FE78080CC484809C59780FE1FE7806E
:10993000C0CB22859780FE1FE78020CB268541463D
:1099400081459770FE1FE78020E8B2402244FD5712
:10995000A384F400924441018280011122CC2A8424
:109960000355250006CE2EC6EF10700C3246228518
:109970008145EF00106922856244F24005616FF075
:10998000FFF80DC503572500411122C406C62A84DD
:1099900011CBDD45EF00D06A22852244B24041015F
:1099A0006FF0DFF6B2402244410182808280411193
:1099B00026C231479304C5FF3387E40297D7FE1FC1
:1099C0009387879106C622C43E978356A700639764
:1099D000B602484305C53E849307F00F6306F600C0
:1099E00083470500639CC7009780FE1FE780E0BFA8
:1099F000B147B387F402A29723A20700B2402244E2
:109A0000924441018280411122C42E8426C24946DB
:109A1000AA848145228506C69770FE1FE780C0DABA
:109A2000B9CC83C7C40113974700938781A99C438E
:109A3000BA9703D707002310E40003D7270083D782
:109A400067002311E4001387E1A8035707002312DE
:109A5000E40003D704002313E40003D724002314F5
:109A6000E40003D744002315E40003D76400231661
:109A7000E40003D784002318F4002317E400B24065
:109A80002244924441018280938781A903A8070060
:109A9000938781A8904383C501A9014781476394B7
:109AA000E5003E8582808346060081CE544691CAF9
:109AB00083C6C6019206C2966315D500850793F743
:109AC000F70F05071377F70F4106D1BF13060064A0
:109AD0003386C50293069500AA8517050000130575
:109AE00085EA6F80EFE0411122C406C62A8403454F
:109AF0009500EF808FF3FD57A304F400B240224499
:109B000041018280011122CC4AC84EC652C456C2BD
:109B100006CE26CA2A89AE890144138A81A89D4AA5
:109B200083C711A96362F40463970902938981A82A
:109B3000130AF00F83C701A96366F4061144A14418
:109B40002285050442041306F00FCA854180EFF018
:109B50001FE6E31794FEF2406244D2444249B24900
:109B6000224A924A0561828083270A0093144400A6
:109B7000BE9483C704009DC383D76400639027030A
:109B80006396590103D52400EF10606A26854E863E
:109B90008145EF0010472685EFF05FD70504137469
:109BA000F40FBDBF83A7090093144400BE9483C77C
:109BB00004009DC383C794006380470383D7640078
:109BC000639C27012685EFF01FF22685D145EF0023
:109BD00030472685EFF09FD305041374F40F99BF27
:109BE00041677917630BE502411122C406C6854718
:109BF0002A846399F50022852244B24081454101BF
:109C00006FF05FF089476396F5008545EF10901778
:109C10007DD1B24022444101828082809D456FF017
:109C20007FEE03D5E1A88280011106CE2317A100A3
:109C30002316B10003C7C1A885476318F700700059
:109C40009305E1000545EF50D016F2400561828092
:109C5000A947631CF60483C7150003C70500A207C4
:109C6000D98F2310F50083C7350003C72500A2074D
:109C7000D98F2311F50083C7550003C74500A207FC
:109C8000D98F2312F50083C7750003C76500A207AB
:109C9000D98F2313F50083C7950003C78500A2075A
:109CA000D98F2314F50001458280054582809147B4
:109CB0006314F60283C7150003C70500A207D98FF6
:109CC0002310F50083C7350003C72500A207D98FED
:109CD0002311F50001458280054582809387C5FFE9
:109CE00093960701C1820D476360D70231473387DE
:109CF000E70297C7FE1F9387275EBA972381A700C5
:109D00002390B700014582800945828013074020D7
:109D1000AA876374A70093074020F1172397F1A83F
:109D20002389B1A8238AB1A88280190595654205C7
:109D30004111938535C0418106C69770FE1FE780AB
:109D4000607E11C5B240E95541016FE02050B2403C
:109D500041018280238801A8238901A8A38901A841
:109D6000A38801A8238601A885470111A386F1A82D
:109D700006CE2AC622CC238101AA239701A823A4B8
:109D800001A8EF10C0533245130600038145238E0E
:109D9000A1A817C5FE1F130525549770FE1FE78065
:109DA000A0A203C501AA05CD9565938545C01205FE
:109DB0009770FE1FE780007723ACA1A80DC19387A1
:109DC00001AA83C7170003C601AA8145A388F1A889
:109DD000A389C1A812069770FE1FE780E09E9387B3
:109DE00011A983C7070017C5FE1F0345E5569565F2
:109DF0003E951375F50F2388A1A8938555C01205CC
:109E00009770FE1FE780007223A4A1A841C103C67A
:109E100001A9120681459770FE1FE780E09A93879B
:109E200081A8984383C601A9814725077D56639879
:109E3000F604EF10C06BB1473305F50295659385C5
:109E400065C0420541819770FE1FE780A06D23A287
:109E5000A1AA2A8401CDEF10806931463306C502DC
:109E6000814522859770FE1FE78000966244F2408C
:109E700017050000130505D705616F10E06785071A
:109E80002300C70093F7F70F410755B7238801A8B0
:109E9000A38801A879BF41119397050126C206C680
:109EA00022C4C187AE8463DA070803C5C1A9EF7075
:109EB000DFC82A8429C903470500930700096311F5
:109EC000F70403471500CD476317F7060345250040
:109ED00097C5FE1F83C5B52983C721A993066400D2
:109EE000014601472E886317E50219C22389F1A8AC
:109EF00083C721A991C7854503C5C1A9EF709FF507
:109F00002285EF707FBC2165258DB24022449244AA
:109F10004101828003C60600B29713F6F70F9377CC
:109F2000F80F6374B6009377F60F05071377F70FF2
:109F3000890605464DBF0125E1B793F71500014598
:109F4000E9D7EF00106C09C983C721A991C78545DE
:109F500003C5C1A9EF701FF013C514007DB7854676
:109F60002A8763FBC60483C7150003C60500A20742
:109F7000D18F2310F500639CD70083C7350083C6BB
:109F80002500A207D58F2311F5000145828089465F
:109F900001456394D70283C7350083C62500A20715
:109FA000D58F2311F70083C7550083C64500A2074C
:109FB000D58F2312F7008280054582809147631474
:109FC000F60283C7150003C70500A207D98F231027
:109FD000F50083C7350003C72500A207D98F2311D9
:109FE000F500014582800545828091476314F602A1
:109FF00083C7150003C70500A207D98F2310F500FA
:10A0000083C7350003C72500A207D98F2311F500A8
:10A010000145828005458280A1476314F60483C709
:10A02000150003C70500A207D98F2310F50083C7C9
:10A03000350003C72500A207D98F2311F50083C778
:10A04000550003C74500A207D98F2312F50083C727
:10A05000750003C76500A207D98F2313F5000145DA
:10A060008280054582808947631CF60083C71500FE
:10A0700003C70500A207D98F2310F5000145828090
:10A08000054582808357260079714ECE06D622D4AC
:10A0900026D24AD01307F007AE896372F702094748
:10A0A0003AC42316F100300093F5F50FEF100017B6
:10A0B000B250225492540259F249456182800357AA
:10A0C0004600D9462A89328463F8E6008357660041
:10A0D00063F4F6006379F70023140100300093F570
:10A0E000F90F4A85E1B70355060002C4EFF08FFB74
:10A0F000AA8459C1EFF05F9983C784006369F500B2
:10A100001146A246CE854A85EF10E00655B73400C9
:10A1100026869305F00F4A85EFF04FE575F1A247CB
:10A1200003578400DC472390E70003572400239162
:10A13000E700035744002392E7000357640023938A
:10A14000E70003D744002394E700DC4485CB93F475
:10A15000F90F2286A6854A858297C167FD172A8650
:10A16000E311F5FA22459947F9452300F50023024A
:10A170009500EFF0BF952DBF094661B7014651B775
:10A18000A947631CF60483C7150003C70500A2078F
:10A19000D98F2310F50083C7350003C72500A20718
:10A1A000D98F2311F50083C7550003C74500A207C7
:10A1B000D98F2312F50083C7750003C76500A20776
:10A1C000D98F2313F50083C7950003C78500A20725
:10A1D000D98F2314F500014582800545828083C70D
:10A1E00005002300F50083C71500A300F50083C711
:10A1F000350003C72500A207D98F2311F5008280FF
:10A200002322050003C7450089476304F70005457D
:10A21000828083D665000D47E37BD7FE9C45011104
:10A2200006CE22CC26CA4AC84EC683C4170003C62F
:10A230000700A204D18C138644006311D60403C422
:10A24000370083C72700AE8922045D8C9307C4FFC3
:10A25000C207C1832A89636FF70003A58900231110
:10A26000990023108900F155EFD0507E2322A900D8
:10A27000014531A02285EFF02FDD65F10545F24063
:10A280006244D2444249B24905618280397122DC7C
:10A290002E84834704004AD806DE26DA4ED61947B4
:10A2A0002A89B285639AE706034624002800EFF066
:10A2B000FFD0AA8415E903558100EFF0EFD8AA89F1
:10A2C0008345140015C92E8617170000130767E889
:10A2D00034009D454A85EF00903E4E8509468145F4
:10A2E0000D234E85EFF08FE2F250625426854259DD
:10A2F000D254B2592161828089472310F1008357DB
:10A3000081000A862311F1008357A1002312F10076
:10A310004A85EF00B070C9BF4947639DE702035605
:10A3200024002800EFF05FCFAA845DFD97C7FE1FD1
:10A3300083D747FB99E3814445BF03471400834615
:10A3400004003C000146CA8517C5FE1F0345A5F958
:10A35000352E59BF51476390E70203562400280069
:10A36000EFF01F8FAA8449F18345140030004A851D
:10A37000EFF05FD195BF5947639FE7040356240070
:10A380002800EFF0DF92AA8425F1835581004A85E9
:10A39000EFF00FD41DC558458356A1008357070021
:10A3A000B697C207C1832310F700D1D75C47C1D746
:10A3B00083C721A9C9D3854503C5C1A9EF709FA94A
:10A3C00025B789473EC0835781000A86834514001C
:10A3D0002312F10035BF834514000A8623100100C3
:10A3E000EF00D06389BF5D71A6C256DA86C6A2C4EB
:10A3F000CAC04EDE52DCAA8A03C51500AE8432C63E
:10A40000EFF04FC7B24501ED8144B64026442685A2
:10A4100006499644F259625AD25A616182802302F7
:10A4200005002311050083C9040085472A84639A27
:10A43000F90003C624002808EFF07FB2AA8405497A
:10A440002DA09D476394F904034705008D47E31D44
:10A45000F7FA03C6240028080549EFF01FB9AA84BB
:10A4600009E5054681452285692E2285EFF0AFE793
:10A47000034584003C080147CE862686D6853924CC
:10A48000E30509F82285EFF06FC841B7CD47639D1A
:10A49000F900034705009147E318F7F603C62400C7
:10A4A0002808EFF05FBC59BFD547E39FF9F4034A92
:10A4B00005008947E31AFAF403C624002808054971
:10A4C000EFF01FCCAA8455F183570102BDE3035777
:10A4D00081011306F0035C44930607FCC206C182A7
:10A4E000636CD6000356A101D94663F7C6008356B4
:10A4F000C101D94563EFD500035524002391E7003E
:10A500000549EF00D05203560102D2852285612C05
:10A51000A9BF8355E1012391E7002392C70023904F
:10A52000B7002393D70085472300F400014A01496F
:10A53000D9BF014AC9BF7971AA8522D426D2035452
:10A540002500AA84280806D6EFF09FCBF24599E5AE
:10A5500035E985452285EFF02FEDC1A083578101B4
:10A560001547639BE7060357A1018D4763FCE7048A
:10A570006800EFF0DFC60357E100DD4763FCE7004A
:10A580008345D100B70717008507100822853EC80C
:10A59000EF00D0488357E1000357A10191076305FD
:10A5A000F7002285EFF08FE78347C10072466C0009
:10A5B000858B1106228591CFEFF0FFE201C5228540
:10A5C000EFF0CFE5884451D59770FE1FE780E0019A
:10A5D00049B7EFF0BFCBDDB711476389E7001387B9
:10A5E000A7FF42074183854663EEE6023147F11734
:10A5F000B387E70217C7FE1F130707CEBA9703D723
:10A60000070069D303C527003008A2850D205DF936
:10A61000035781019147E31EF7F2B250225492543E
:10A62000456182802C082285B92649FDFDB70111BC
:10A630004AC82A89314526CA06CE22CC2EC6B28403
:10A64000EF704FCB31C1B2459307000A2310F500DC
:10A650002311B5002A84214611058DC0A685976077
:10A66000FE1FE780E012A2854A85EF708FD3014577
:10A67000F2406244D244424905618280814597603C
:10A68000FE1FE7806014C5B70545DDB7797126D296
:10A69000AA841305000206D622D42ECE32CC36CAA6
:10A6A0003AC83EC6EF700FC531C96246F24542470F
:10A6B000D246B2472A84130520FA2300A400A3003F
:10A6C000C4002311B4002302E400A302D400130544
:10A6D0008400614691CFBE859760FE1FE780400BE6
:10A6E000A2852254B2502685925445616F706FCB7B
:10A6F00081459760FE1FE780200DDDB7B2502254E0
:10A700009254456182805845797122D406D62A84B4
:10A71000AE8641C383572700231DF100930720060F
:10A72000639FF5049387E1A803D60700835767006A
:10A730006373F600B28713F6F70F8355270183473B
:10A7400007018D8F93F7F70F81E5890793F7F70FCF
:10A75000B297FD17B3C7C702231EF1008357240029
:10A760008355640003458400231CF10001473C0825
:10A770000146EFF0BFF1B250225445618280034799
:10A78000C701938781A99C431207BA9783D76700B3
:10A79000E1B72EC61946814528089760FE1FE7805D
:10A7A000A002B24665BF797122D406D626D22A8489
:10A7B0008DC181470147930600062E8683556400AC
:10A7C00003458400EFF09FECB2502254925445614F
:10A7D0008280B284280059469760FE1FE780C0FE41
:10A7E0002314910089E88357240048446C00231502
:10A7F000F100EFF04FA13C0001479306000601462F
:10A8000075BF797106D6814799ED83572500584564
:10A810002316C1002314F1003C0011C78357270001
:10A820002315F1003C002E86835565000345850005
:10A83000014793060006EFF07FE5B2504561828044
:10A84000411122C406C68347050011472A84639537
:10A85000E7022E8683556500034585008147014741
:10A86000CD46EFF0BFE24946835564002244B24032
:10A87000154541016FF0AF9313F7B70F8946631782
:10A88000D7000146EFF03FF25146F9BF0D476398FC
:10A89000E7002244B240014641016FF09FF6B2400A
:10A8A00022444101828083D705003147F117338765
:10A8B000E70297C7FE1F938727A2BA97D84319EBE1
:10A8C000D8412395A7000145D8C303D72500239479
:10A8D000E700828059458280797122D4404526D292
:10A8E0004AD006D6AA842E8925C0484419C5977037
:10A8F000FE1FE78080CF232604008357040083D502
:10A90000640003C584002315F10083572400014728
:10A91000930640062316F100835784004A862317C6
:10A92000F1001C483EC883D724002314F1003C00EA
:10A93000EFF0DFD5A30E240123280400B2502254E7
:10A9400092540259456182802800314681459760C2
:10A95000FE1FE78060E783D7240083D5640003C52A
:10A9600084002314F10001473C00930640064A8608
:10A97000EFF0DFD1E1B7797152CC2A8A03D5050017
:10A9800026D206D622D44AD04ECE56CAAE84EFE0A6
:10A99000BFEB19E18547BDA84045AA8965DC83570F
:10A9A0006500E39947FF8357840063870712834656
:10A9B000C401938A81A903A70A009206FD1736975E
:10A9C000C20703576700C1832314F4006316F7001E
:10A9D00093053006EFF03FD35C48A5EFC84003492C
:10A9E00015008347050022093369F90083D7240045
:10A9F00013072900631AF702F955EFD03005C8C0D4
:10AA00002391240103C589002686D285EFF03FC239
:10AA1000814721E1B250225492540259F249624ACC
:10AA2000D24A3E85456182809565938515C04A85E9
:10AA30009770FE1FE78000AF48C8C840231C240160
:10AA4000F955EFD0B00083D72400C8C0F91723917F
:10AA5000F400484859C503D624008356A4018357FF
:10AA600084013308D60063C007090347C40183A7E4
:10AA70000A0095451207BA9783D7270063CF0705C9
:10AA8000CC4036959760FE1FE78080D00357A40125
:10AA900083D72400BA97C20703578401C183231DBB
:10AAA000F400E399E7EE03D7290003C589003000DD
:10AAB0002314E1005848D2852315F1003AC6EFF07F
:10AAC0001FB711C548489770FE1FE78000B2232AC0
:10AAD0000400232C04007DBD99454E85EFE0FFE77F
:10AAE00055BDA545DDBF9145CDBF03D7250079CB29
:10AAF00083D6E1A8ED4763E8E60C011122CC2E8451
:10AB000026CAAA844840914506CEEFD020748357C8
:10AB10002400AA862300F50083572400A183A30004
:10AB2000F500835704002301F50083570400A18337
:10AB3000A301F50003562400C167F9171106420668
:10AB400041826394F4042AC4314532C6EF609FFA0F
:10AB5000AA85CD470DC5930700F93246A2462300CA
:10AB6000F500F9572311F50089472302F500231357
:10AB7000C50014C503C5C1A9EF70AF828147F2407B
:10AB80006244D2443E850561828081452685EF403E
:10AB9000F02FAA8701E903C721A975D37D1723895F
:10ABA000E1A8F1BF09476302E5021D476301E50221
:10ABB00049476300E5027D47E313E5FC03C721A98C
:10ABC0008147E1BFED473E858280D1474DBF914728
:10ABD0007DB789476DB7011122CC4AC831441309AA
:10ABE000C5FF3304890297B7FE1F9387E76E06CE31
:10ABF00026CA3E94584031C783C621A9BE848547E2
:10AC000095CA2314A100835784000355A4002C0087
:10AC10003AC62315F100EFF05FED11C5484097707B
:10AC2000FE1FE780809CB147B307F902A69723A2D5
:10AC300007008547F2406244D24442493E8505619F
:10AC400082808147C5BF797126D244451387E1A828
:10AC50004AD083D764000359070052CC06D622D4C9
:10AC60004ECE56CA2A8A63F327013E8903D72401B0
:10AC700042091359090183D7040141CB998F4A84B2
:10AC800063D5270113940701418089452285EFF0A0
:10AC9000CF89AA89CD4A25C183D724002AC6231586
:10ACA00081002314F10083D7240185E383D70401B5
:10ACB000930925002300F50083D70401A183A30095
:10ACC000F5006376240503D4040183D72401CC4422
:10ACD00022864E85BE959760FE1FE78060AB0355C8
:10ACE0006A002C00EFF07FE0AA8A15C54E859770A8
:10ACF000FE1FE780808FB25022545685925402592D
:10AD0000F249624AD24A4561828089078DBF79142F
:10AD1000420441805DBF03D7240183D704003A94E5
:10AD2000FD17C207420403D70401C1834180239069
:10AD3000F400239984006377E400D5FFFD57A38EC8
:10AD4000F40055BF81455285EFF01FB96DB7011171
:10AD50004EC683C921AA22CC52C456C25AC006CEBE
:10AD600026CA4AC84E84138A81A8854A130BF00F5D
:10AD700083270A0093144400BE9403C90400631798
:10AD80005907DC44A5C7D84735C303D7070039C3E3
:10AD900083C721A989CF2685EFF0FFEAAA8515E5AB
:10ADA000050483C711A9635FF400238181AAF240DF
:10ADB00062444A85D2444249B249224A924A024BED
:10ADC00005618280238101AADDB72685EFF0DFB01F
:10ADD0000149F1BF83C7D701639A67019305200634
:10ADE0002685EFF05F92DC44A38E07000504137400
:10ADF000F40F83C711A96363F4000144E31A34F725
:10AE0000C1BF4111154506C6EFF0FFDC09C5054578
:10AE1000B240410182801945EFF0FFDB6DF9114529
:10AE2000EFF07FDB6DF51D45EFF0FFDA6DF183C7C5
:10AE300011A9F9DFB24041016FF07FF183D705001E
:10AE40000D47F117C207C1836361F706DC41B1CF3B
:10AE5000411122C42E84854526C206C6AA841D2718
:10AE600039C526858125C167F917638FF40009ED7F
:10AE70008357240091CB835604001947639FE60251
:10AE800003D7E1A863FBE70283C721A9A285268532
:10AE900099C72244B240924441016FF01FC5224439
:10AEA000B240924441016FF01FA009458280514594
:10AEB000B24022449244410182806D45D5BF397130
:10AEC00026DA4ED6AA84AE895D4589454AD806DE83
:10AED00022DC328936C63AC4EFE03FE525C5224779
:10AEE0002A84014511C7B24613054400B68502976E
:10AEF0009357850023003401A30024012301A400FB
:10AF0000A301F40011059547231DA100231CF100A6
:10AF100022CE83C721A92C08268595C3EFF0FFBC5C
:10AF2000AA8411C522859760FE1FE780006CF2504D
:10AF3000625426854259D254B25921618280EFF081
:10AF40009F96F9BFCD44E5B7797126D24AD052CC4D
:10AF500056CA06D6BA8A22D44ECE19472E89B28452
:10AF6000368A639BE506035526000944EFE0DF8D32
:10AF70002AC63DC95C458359650083D727002390C5
:10AF8000F400B24715472380570103C6D1A8239187
:10AF9000E700130716001377F70FA386E1A82382B3
:10AFA000C70001E70547A386E1A85147631AE900F6
:10AFB00015472391E400DC4703D784002394E7007E
:10AFC0005287A686CA854E85EFF07FEF2A843245E8
:10AFD00015C4EFE0BF9309A842867400BE85AA8914
:10AFE000EFE0CFF82A8451DD2285B25022549254EA
:10AFF0000259F249624AD24A45618280F945EFE03E
:10B00000FFACDDB783D705002300F50083D705002B
:10B01000A183A300F50083D725002301F50083D782
:10B020002500A183A301F5001145828083D7050087
:10B030002300F50083D70500A183A300F50083D783
:10B0400025002301F50083D72500A183A301F50086
:10B0500083D745002302F50083D74500A183A302CF
:10B06000F50083D765002303F50083D76500A1832E
:10B07000A303F5002145828083D705002300F50056
:10B0800083D70500A183A300F5000945828083D7FB
:10B0900005002300F50083D70500A183A300F50078
:10B0A00083D725002301F50083D72500A183A301C1
:10B0B000F50083D745002302F50083D74500A1831F
:10B0C000A302F50083D765002303F50083D765004D
:10B0D000A183A303F50083D785002304F50083D75C
:10B0E0008500A183A304F5002945828003D70500CC
:10B0F0008546AA872300E50003D705002183A30026
:10B10000E50003D70500631DD70003D72500230101
:10B11000E50003D725002183A301E50011458280C6
:10B1200009456315A70203D7250019452381E700C8
:10B1300003D725002183A381E70003D7450023829D
:10B14000E70003D745002183A382E700828083D7ED
:10B1500005002300F50083D70500A183A300F500B7
:10B1600083D725002301F50083D72500A183A30100
:10B17000F50011458280797126D24AD04ECEB28434
:10B180002A89AE8929468145480022D406D63684CC
:10B190009750FE1FE78040632316910085EC83578C
:10B1A00024002312F1009387E1A883D7070023141A
:10B1B000F1005C4485C383C6C701138781A9184386
:10B1C000920683D787003697035727002315F1008F
:10B1D0002313E1004A8517070000130787EB54008B
:10B1E00013F6F90FD545EFF09FCD2A8911C19DE0E7
:10B1F00085472300F400230204000146814522858F
:10B20000EFF06FDAB25022544A8592540259F24953
:10B21000456182802285EFE06FEFEDB7B2861707B8
:10B2200000001307E7EC2E8685456FF05FC901111A
:10B230002317A1004165700001489307F00F0D47E7
:10B2400097060000938646DC99457D1506CEEFF003
:10B25000BFCFF24005618280B28701482E86114738
:10B26000970600009386C6DCC9456FF0FFCDB28615
:10B2700017070000130787E02E86CD456FF03FC407
:10B28000011122CC26CA4AC84EC606CE2A89AE89EA
:10B2900017B4FE1F1304440797B4FE1F9384C40918
:10B2A0001C4081C7CE854A8582971104E31A94FE1B
:10B2B000F2406244D2444249B2490561828017B5E6
:10B2C000FE1F034555EB93773500098117B7FE1F25
:10B2D000A304F708AA9717B7FE1F230FF706BDCFE1
:10B2E0001305C0033385A702A5654111850506C670
:10B2F0009760FE1FE780002323A4A1AA9307C00341
:10B3000017B6FE1F034646053306F60281459750E1
:10B31000FE1FE780604B938781AA9C4397B6FE1F70
:10B3200083C68603014789077D56634FD700B24025
:10B3300013060003814517B5FE1F1305E5FC410107
:10B340001753FE1F670043482390C700238107005F
:10B3500023A5070205079387C703C1BF8280938790
:10B3600081AA984317B6FE1F034606FF814763155F
:10B37000F600814636858280BA861307C703835557
:10B3800067FCE389A5FE850793F7F70FCDB7011199
:10B3900022CC2EC632C406CE2A84EFF05FFC2246B1
:10B3A000B24511E9C167F9176303F4005145F24052
:10B3B00062440561828054558347450095C213F766
:10B3C000270141456314A700154575F2C18B3D4522
:10B3D000F9DF83C7A6010145E3FBB7FC3145C1BFD7
:10B3E000C18B0145E9F71545D9B7797126D2C164FA
:10B3F00022D44AD04ECE52CC56CA06D62A8901440F
:10B40000938981AA130AC003FD14854A97B7FE1FCA
:10B4100083C787F46364F400014535A8B307440388
:10B4200003A70900BA9703D72700631697000504FE
:10B430001374F40FE1BF03C5570030009385670014
:10B44000EFB000361946CA8528009750FE1FE780E6
:10B45000203DE31E55FDB250225492540259F24948
:10B46000624AD24A45618280938781AAC166984325
:10B4700097B5FE1F83C545EE8147FD166395F50020
:10B48000014632858280035827003A866306D80039
:10B4900003480700E307A8FE850793F7F70F130794
:10B4A000C703E9BF411106C6EFF07FEB11C5035595
:10B4B0004501B240410182800145E5BF938781AAE1
:10B4C000984397B6FE1F83C626E9814711070145B9
:10B4D0006393F60082800346070001C605051375D5
:10B4E000F50F850793F7F70F1307C703D5B717B500
:10B4F000FE1F034565E6828017B7FE1F1307C7E0EE
:10B500008147BA8631460C4391E58A07B69788C3CE
:10B510000145828085071107E397C7FE4D4582806C
:10B52000411106C622C4EFF09FE31DCD2A840355C6
:10B5300025008545EFF0DFD4485409C59760FE1F0C
:10B54000E780A00A22851306C00381459750FE1F9D
:10B55000E7808027FD572311F400230204000145F2
:10B56000B2402244410182800945DDBF411106C637
:10B57000EFF0FFDE11C50345C500B24041018280F6
:10B580000145E5BFC167F9176304F502411122C403
:10B5900006C62E84EFF0BFDCAA87014591C703C51C
:10B5A0004700698C33358000B240224441018280DB
:10B5B00005458280011106CE2EC6EFF05FDA854781
:10B5C00011C903574501B24585476305B700231AE2
:10B5D000B5008147F2403E850561828031C9011185
:10B5E0004AC8416922CC26CA4EC652C406CE01447E
:10B5F000AA84938981AA130AC0037D1997B7FE1FF5
:10B6000083C787D5634AF400F2406244D24442497A
:10B61000B249224A056182803305440383A70900A9
:10B620003E95835725006383270182940504F9B76B
:10B630008280938781AA9C43C16617B6FE1F03468A
:10B64000A6D1890701450147FD1691456313E60020
:10B65000828003D807006309D80003C8A7006315D8
:10B66000B80005051375F50F05071377F70F9387D6
:10B67000C703E9BF938781AA944317B6FE1F034609
:10B68000A6CD0147910681476310E602858393C7E3
:10B69000F7FFC207C18305456364E502854733951B
:10B6A000A70042054181828083C5060081C583D5FC
:10B6B000C602CD8F05071377F70F9386C603E9B748
:10B6C00093F61700E1FE050585831375F50FE9B7BD
:10B6D000797156CAAA8A2E8526D24AD04ECE52CC2D
:10B6E0005AC85EC662C406D622D4AE84328B368C6B
:10B6F000BA8B3E8AC2894689EFF07FC649E141652F
:10B700007D15EFF0DFC52A84554531CC1946DE851D
:10B7100013056400A30284019750FE1FE7804007D1
:10B720008357010323119400230264012319F400B9
:10B73000835741032300540123260402231AF400F3
:10B74000230644012317340123182401EFF09FF24C
:10B750002318A402232A04022685232C04028145EF
:10B76000EFF01FB20145B250225492540259F249EF
:10B77000624AD24A424BB24B224C456182804545D7
:10B78000DDB7938781AA984397B6FE1F83C6C6BCD0
:10B7900081476395F60041657D1582803A861307DF
:10B7A000C703835547FF6395A50003552600828094
:10B7B000850793F7F70FF1BF938781AA94434166FA
:10B7C00017B8FE1F034848B901477D169548114335
:10B7D0006314E8000145828083D7260036856380A4
:10B7E000C704CC5A8DCD83C7350083C5250089CDCC
:10B7F000938597FD93F5F50FE37FB3FC9387D7FA15
:10B8000093F7D70F89EF82809385F7FD93F5F50FB6
:10B81000E3F3B8FC9387D7FA93F7D70FCDDF05078B
:10B820001377F70F9386C60365B7938781AA41669E
:10B83000984397B5FE1F83C525B281477D162548DD
:10B840006394F50001458280835627003A85638C16
:10B85000C600545B89CA83C636009386E6FD93F61C
:10B86000F60FE372D8FE850793F7F70F1307C703A8
:10B87000C1BF011122CC2A84494506CEEF804FC2B8
:10B8800015C12AC62285EFF09FAD09CD624432462C
:10B8900083550503F24017B5FE1F034595AB0561BF
:10B8A0006F608FF2F24062440561828039714ED63A
:10B8B00052D4AE892A8A93053005414526DA4AD802
:10B8C00056D206DE22DC32C63689BA8A9760FE1F5F
:10B8D000E78040C5CD4431C92A8489446382090484
:10B8E00032468145231AC10041469750FE1FE7802A
:10B8F000A0ED5686CE8522859750FE1FE78040E951
:10B900002146630E0902CA8528089750FE1FE7806A
:10B9100020E8A28650082C085285EF30104DAA84EA
:10B9200022859760FE1FE78040CCF2506254268546
:10B930004259D254B259225A925A21618280814589
:10B9400028089750FE1FE78020E8E1B7411122C484
:10B95000405926C206C6AA8429CC085409C5976056
:10B96000FE1FE78080C8285809C59760FE1FE78042
:10B97000C0C7685809C59760FE1FE78000C7285CEC
:10B9800009C59760FE1FE78040C6685C09C59760DF
:10B99000FE1FE78080C50325040809C59760FE1FC8
:10B9A000E780A0C422859760FE1FE78000C423AA19
:10B9B0000402224483D50403B240924417B5FE1F0B
:10B9C0000345359941016F60BF81411126C206C60A
:10B9D00022C4AE84EFF0BF9821C54C592A84A9C176
:10B9E00083A8C50703A88507FC59B85983C6650015
:10B9F00003D6050083C525002685EF808FB22285FA
:10BA0000EFF0DFF4EFF07FE201CD2244B240924448
:10BA100017B5FE1F0345F593854541016F608FC340
:10BA2000B2402244924441018280011122CC06CED0
:10BA30002A842EC6EFF0BF925C5991CF83D70700BE
:10BA4000B245639A870085476397F5006244F240E8
:10BA500005616FF0BFEFF2406244056182804111E1
:10BA600006C622C426C2EFF03FD529C14059AA8498
:10BA700015CC8347240085CB938701AB9C4389C7B2
:10BA8000DC4399C322858297034734009307F00271
:10BA9000631EF700224403D52400B240924481453E
:10BAA00041016FF09FF2938741ABC9BFB24022447E
:10BAB000924441018280411126C24AC006C622C476
:10BAC000AA842E89EFF0BF8931C1405945CC8357F4
:10BAD00004006399970A834734001307100263999F
:10BAE000E70883472400D1C37C540327040883D785
:10BAF000470105E713F717000DC318540357470014
:10BB0000058B01CF93072002A301F400B240224429
:10BB10009244024905454101828013F7270009CB71
:10BB2000185403574700098B01C793074002E9BF28
:10BB3000918B89CB1C5483D74700918B81C7930786
:10BB40006002D9B7938701AB9C43E9D3DC43DDDFC7
:10BB500022858297034734009307F0028145E3175B
:10BB6000F7FA2685EFF07FE655B7938741ABE9BF3B
:10BB70001307A0026398E700630409001309200378
:10BB8000CA85C5B7631C09002685EFF04FFD19C5AE
:10BB90008347450093E707012302F500A6854A8500
:10BBA000EF705FACA5B7797126D29947231DB1001C
:10BBB000AA842E858D4522D406D632C636C4231CCF
:10BBC000F100EFE08F962ACE4D441DC13246A246C9
:10BBD000AA85328582962A8419E52C082685EFF0FD
:10BBE000EFA52A8411C572459760FE1FE780E09F8C
:10BBF0002685EFF01FC82285B25022549254456129
:10BC00008280411122C42E862E84972600009386BE
:10BC10002692894506C626C24AC02A89EFF0BFF897
:10BC200083450400AA844A85EFF03FDAB2402244FB
:10BC300026850249924441018280938741AB9C430F
:10BC400095CB9C4385CB1D71A2CC86CE9841100824
:10BC50002A843AC8D84185453ACA829701C9230641
:10BC6000A100035524006C00EFF0BFF9F6406644D4
:10BC7000256182808280AE8715C5785505C78346C9
:10BC800007002380D50083461700A380D500834694
:10BC900027012381D50083468701584BA381D50016
:10BCA000D8C18280414681453E851753FE1F6700FB
:10BCB000A3B1938701AB9C4391C703A387006303A0
:10BCC00003000283094582801387C1B118431DC751
:10BCD0005843AA8705450DC703A50708411106C6A5
:10BCE000930605021306050C9305050613050504C6
:10BCF0000297B2401375F50F41018280054582809D
:10BD000082804DC9357122CD2A840355050026CB8A
:10BD10004AC94EC756C306CF52C55AC1DEDEB68ADF
:10BD2000B2892E89EFF0AFE3AA8439C50C182285B9
:10BD3000EFF07FF483472400138A6400A9CBEF70EF
:10BD4000CFEB2A8B014583CB5400EF70CFE8AA8458
:10BD50000C100818EF10405F08542C10EF10605FB3
:10BD6000D288268A56C05E88D2875A87141030102F
:10BD7000CE854A85EF201019FA406A44DA444A49D0
:10BD8000BA492A4A9A4A0A4BF65B0D618280EF70E3
:10BD9000CFE6AA8B014503CB5400EF70CFE32ACE48
:10BDA00008540C10EF10405A2C100818EF10605A6D
:10BDB000F2484DBF8280C14709CD1455C14791CA91
:10BDC000785501CB83C73600BD4663F4F600834740
:10BDD00087013E85828089476309051063870510C6
:10BDE000411106C622C426C2834715002E84238033
:10BDF000F50083472500A380F500834735002381A4
:10BE0000F50083474500A381F50083475500858BE6
:10BE10009396870083D7450093F7F7EFD58F23924A
:10BE2000F5008346550093F7F7DFA20693F6062048
:10BE3000DD8E2392D5000347550093F6F6BF220707
:10BE400013770740558F2392E50083475500FD7611
:10BE50009386F67F8D87858B758FAE07D98F23925A
:10BE6000F50083466500F99B858ADD8E2392D50017
:10BE7000034765009377270013F7D6FF5D8F239262
:10BE8000E5008347650093F647009377B7FFD58FAA
:10BE90002392F50003476500DD9B4D45218BD98F2B
:10BEA0002392F500EF70DFDFAA845145EF705FDF6A
:10BEB0000347340093F4F40FC94763629702137584
:10BEC000F50F636EE500834604001147E1476368A0
:10BED000D7008346140005476363D7008147B2400B
:10BEE000224492443E85410182803E85828015C174
:10BEF000AA8709458DC141112E85414693851700BA
:10BF000006C69750FE1FE780A088B2400145410158
:10BF1000828009458280828089471DC595C541116F
:10BF200006C603471500AE8719462380E500930532
:10BF30002500138517009750FE1FE7806085B240EB
:10BF400081473E85410182803E85828015C1AA8756
:10BF500009458DC141112E8541469385170006C6BE
:10BF60009750FE1FE780C082B240014541018280A8
:10BF700009458280828089471DC995C9411106C63D
:10BF80000347250083461500AE872207558F23906F
:10BF9000E500214693053500138527009740FE1FD5
:10BFA000E780007FB24081473E85410182803E8527
:10BFB000828015C1AA8709458DC141112E85414650
:10BFC0009385170006C69740FE1FE780607CB2404D
:10BFD000014541018280094582808280894719C9D3
:10BFE00091C903471500BD46E14763E5E60023809C
:10BFF000E50081473E85828015C1AA8709458DC12C
:10C0000041112E8541469385170006C69740FE1FB5
:10C01000E7800078B2400145410182800945828075
:10C02000828015C1AA8709458DC141112E854146DF
:10C030009385170006C69740FE1FE7806075B240E3
:10C040000145410182800945828082801DC1AA8705
:10C05000094595C141112E851306000493851700EB
:10C0600006C69740FE1FE780A072B240014541011D
:10C07000828009458280828015C1AA8709458DC1C9
:10C0800041112E8541469385170006C69740FE1F35
:10C09000E7800070B24001454101828009458280FD
:10C0A00082801D71A2CC2A84084586CEA6CA2306AA
:10C0B00001008344050035479387F4FF93F7F70F9A
:10C0C000636AF70C17870100130747818A07BA973D
:10C0D0009C43BA9782870C08EFF0FFCFC9476312E1
:10C0E000F50299472306F100035524006C00EFF098
:10C0F0005FB1F6406644D644256182800C08EFF0BB
:10C100005FEB29C98347C100E5F303552400EFF035
:10C110004FF6C5B70C08EFF03FEEE5B70C08EFF0AF
:10C12000FFEBC5B70C08EFF09FDCE1BF0C08EFF0A8
:10C130009FE4C1BF0C08EFF07FE1E1B70C08EFF01E
:10C14000BFDDC1B70C08EFF0DFED65BF8347150019
:10C150002308F10003552400EFF06FA0A14705C1AB
:10C160000347C500631AF702938701AB98439D47C5
:10C1700019C7184309C71008A6850297AA8723067E
:10C18000F10049B70C08EFF07FECA5BF0C08EFF009
:10C19000BFEE85BF9D47B9B7938741ABC1BF0111C2
:10C1A00022CC06CE26CA4AC84EC6034705009307CE
:10C1B00020092A846317F7128347150039476391D2
:10C1C000E70A835645000967610781476393E610D4
:10C1D0009389C1AA03A50900CE84630C050E0C4403
:10C1E00003C90500631E0900834705008505214634
:10C1F000A9CB29059740FE1FE78080599C40B9CF05
:10C200004945EF503F8F2A840DC5930710FC23004A
:10C21000F500A30025018C4009054146890597409A
:10C22000FE1FE780E0569C40A28503C51700EF5033
:10C230005F9788409750FE1FE780203B23A601AA06
:10C2400031A809059740FE1FE7808054EF30A039E0
:10C2500005494DF583A7090023802701854795A847
:10C260001307E003639DE708034725009547631E16
:10C27000F70203554500EFF06FAF9147E310F5FE6D
:10C28000938741AB9C43F9DB03A38700E30803FCDE
:10C290000356E40003554400930564006244F240F1
:10C2A000D2444249B24905610283A147631EF700A7
:10C2B00083456400035544006244F240D24442493D
:10C2C000B24905616FF02FFF930600038147E30138
:10C2D000D7FEF2406244D2444249B2493E850561EC
:10C2E00082809306000A8147E315D7FEEFF07FDBDB
:10C2F00008442DD59750FE1FE780202F85B7814732
:10C30000C9BF011126CA06CE22CC89441DCD95CDC8
:10C31000AA842E8468008D45EF601FDD8347E1000D
:10C320002685228693F7F70393E707046C0023071B
:10C33000F100EF202034AA8409E90D466C001305B2
:10C3400034009740FE1FE780A044F24062442685F7
:10C35000D244056182805D714EDE86C6A2C4A6C24B
:10C36000CAC052DC56DA5AD85ED6894945CD5DCA74
:10C37000138B4500420B135B0B01AE8A2A8A93058F
:10C3800030055A85B2849750FE1FE780A0192A8491
:10C39000CD4949C9EF708F882A895686D285935A2C
:10C3A0008900135A0901937BF90F1305440093FA8E
:10C3B000FA0F137AFA0F135989019740FE1FE7808D
:10C3C0000049A301740123015401A3004401230087
:10C3D0002401EF70EF83AA85414608089740FE1FAD
:10C3E000E780E046214734005A86A2850808EF20FE
:10C3F000004FAA891DE121462C0023807401A380EF
:10C40000540123814401A3812401138544009740F2
:10C41000FE1FE780C043EF704F8122859750FE1FBB
:10C42000E780A01CB64026444E8596440649F25942
:10C43000625AD25A425BB25B6161828001114AC882
:10C440002A892E8506CE22CC26CA2EC6EFE03FF1E1
:10C4500071C5405971C4834754000947B24593F6EA
:10C46000B70F6387E60011471305E00F6392E708F3
:10C47000835704000945639DB70693048400414631
:10C48000CA8526859740FE1FE78080304146CA85D1
:10C49000130584019740FE1FE780802F0347340077
:10C4A00085469307F7FE93F7F70F63E9F604130643
:10C4B000C4033285C14532C6EF601FC332469306BE
:10C4C000C402A6852285EFF0DF838347240089CB51
:10C4D00022856244F240D244424905616F10400E09
:10C4E00003473400C947E305F7FEA301F400014503
:10C4F000F2406244D24442490561828093071005AC
:10C500000145E317F7FE83472400FDD322856244EB
:10C51000F240D244424905616F1000110945C9BF7C
:10C520004945F9B729CD011126CA06CE22CCAA84E5
:10C530000945A9C10D4628002E848D059740FE1F90
:10C54000E78000258347A10070002C0093F7F703D4
:10C5500093E7070426852305F100EF20A01119E9D0
:10C560000D46A28568009740FE1FE780602B7D1571
:10C570003335A000F2406244D2440561828009450F
:10C580008280011152C42A8A32854EC656C25AC0D0
:10C5900006CE22CC26CA4AC82E8BB28AB689EFE0D4
:10C5A0001FDC09ED8944F240624426854249D244A9
:10C5B000B249224A924A024B056182805C592A891B
:10C5C000C544F5F34D45EF70AFED1374F50F5145CC
:10C5D000EF700FEDE38809FC83C78901E3E487FC72
:10C5E0001375F50FE360F5FC93053005130540085E
:10C5F0009750FE1FE78000F3232AA9022A84CD4426
:10C600005DD11306400881459740FE1FE780C01B9F
:10C61000A3010400230144012302640123105401F7
:10C620002326340723240402A30204008144E30CDC
:10C630000AF62285EF00D072AA8435D54A85EFF03C
:10C64000EFB095B7397122DC06DE26DA4AD84ED62D
:10C6500052D456D25AD05ECE62CC66CA0944630B1D
:10C66000061063090710AA8B3A89368BB28A2E8C82
:10C67000EFE0FFCE2A8A5144630E050E9305300584
:10C6800041459750FE1FE780E0E9AA894D447DC1EE
:10C690008344190083472900A204C207BE9483473C
:10C6A0000900BE9483473900E207BE9483278A02BB
:10C6B00063E697007D5709446399E70A63070C0016
:10C6C00083474A000544898BCDC3930C4B00214618
:10C6D00081450A85C20C9740FE1FE780E00E93DC7F
:10C6E0000C019305300566859750FE1FE78080E3B7
:10C6F0002A8C4D443DC95A86D68511059740FE1FA8
:10C70000E780E0141146CA8562859740FE1FE780E6
:10C710000014414693058A014E859740FE1FE7802D
:10C72000001321478A866686E2854E85EF20201B0E
:10C730002A841DE521468A8528009740FE1FE78050
:10C74000001121469305490028009740FE1FE7800D
:10C75000200D8547631EF502A6855E85EF707F8AF2
:10C7600062859750FE1FE78040E84E859750FE1F78
:10C77000E780A0E72285F2506254D2544259B25960
:10C78000225A925A025BF24B624CD24C2161828057
:10C790000544F9B779719397050122D406D626D2BC
:10C7A0004AD04ECEC1872E8463D5070417A5FE1F3D
:10C7B000034535BAEF506FB82AC605C1EFF03F9E6A
:10C7C000B24509E917A5FE1F0345A5B89307F00F69
:10C7D000631EF5002E85EF502FAF2165218DB250DD
:10C7E000225492540259F24945618280EF506FBB46
:10C7F000EDB793F7150091C7EFF06FA6134514003E
:10C80000F9BFA1E10145E1BF850493F4F40FEFE026
:10C810001FCEE3F9A4FE33959900131905011359AE
:10C820000901B3772401EDD34A85EFE09FF5C16795
:10C83000FD176305F500DD45EFF02F993345240121
:10C8400079BF85448549E1B723A601AA23A801AA97
:10C8500023AA01AA97A7FE1F938707AE1707000018
:10C860001307676198C3170700001307A731D8C3E0
:10C8700017F7FFFF1307C70398C797A7FE1F9387F4
:10C8800067AC171700001307675798C31717000006
:10C890001307870ED8C3171700001307C73B98C7A5
:10C8A000828097A7FE1F83C7E7AAA18B17A7FE1F49
:10C8B000130787A891E3014723A8E1AA01458280D5
:10C8C00097A7FE1F83C707A9918B17A7FE1F130702
:10C8D00067A791E3014723AAE1AA014582800111DC
:10C8E00006CE2AC6EFF05FF63245994597A7FE1FA0
:10C8F000A381A7A6EFD08FBEF24017F5FFFF130567
:10C90000051305616FE05FBF1C5581C7A1473E85D8
:10C910008280011122CC26CA2A84AE841305000429
:10C920009305300506CE9750FE1FE780A0BF08D4C0
:10C930006305051013060004A6859740FE1FE780D7
:10C9400020E578548347270193F68700638E06100D
:10C95000145483C62600A18A63880610832704081E
:10C96000E9EF93053005130500109750FE1FE7808F
:10C9700060BB2320A4088D4771C1A3020400785432
:10C9800083C714008346170081EF81EE83C724001C
:10C99000918BDDEB83472701918BDDE7854711A85C
:10C9A00089C62147A302E40099C78347540093E74F
:10C9B0000701A302F4006C5483C72501858B91CF36
:10C9C0001C54054783C727008D8B6398E700834776
:10C9D000640093E717002303F4008327040899C732
:10C9E0008347640093E787002303F40083475400E0
:10C9F00005476398E70C93048400414681452685EA
:10CA00009740FE1FE78040DC4146814513058401C5
:10CA10009740FE1FE78040DB1306C4033285C14503
:10CA200032C6EF606FEC832704083246BDC722850B
:10CA3000EF00903F9307000525CDA147F2406244E7
:10CA4000D2443E850561828083C704008346070087
:10CA500015473387E70297770100938767EDBA9709
:10CA6000B69783C70700B1B783C6140091C6834643
:10CA7000170099C2E14735BF83C62400D58F918B3B
:10CA800091DF83C704008346070015473387E70219
:10CA900097770100938707E8D9B722859306C402E8
:10CAA000A685EFF00FA62285EF00903159F5C1471A
:10CAB00003550400A301F4008145EF704FBF814787
:10CAC000B5BF13F7870149C3C18B93048400414666
:10CAD000A9CB890526859740FE1FE78060CB41469C
:10CAE0008145130584019740FE1FE780E0CD834711
:10CAF00064001306C403328593E747002303F40060
:10CB0000C14532C6EF604FDE8327040832468DC32D
:10CB10002285EF0070319307200505F1A301F40091
:10CB200079BF814526859740FE1FE780E0C945BF54
:10CB30009306C402A6852285EFF0AF9C2285EF0004
:10CB40003028CD4761DDD5BD094785456388E700BD
:10CB500093F7D70F11476397E70089450355040002
:10CB6000EF70EFB48347640093E747002303F400BA
:10CB70008327040881C7930710054DB7C54779BFC0
:10CB80008347250063820726797122D406D626D2F0
:10CB90004AD083473500130750052A84639EE70671
:10CBA000034975001306C503C14593573900AA9779
:10CBB000328583C4870032C6EF600FD39387C1B13B
:10CBC0009C43A9C79C47B9C3032504089376790001
:10CBD000B3D6D4403246858A93050504180893E6F7
:10CBE00006081305050882971375F50F05E1414600
:10CBF0000C081305C4029740FE1FE78060B9228528
:10CC0000EF00101C93076005A301F400B2502254FA
:10CC10009254025945618280130710026395E7021E
:10CC20001C550327050883D7470069EB13F7071046
:10CC300071C77855035747011377071061C39307EE
:10CC40007002A301F4008347340013077002639F4E
:10CC5000E70C3C5885E39305300571459750FE1F5E
:10CC6000E780408C28D819C5714681459740FE1F42
:10CC7000E78080B52458B9C883C7A40191E722850D
:10CC8000EFF06F93238DA4002858814541469740CB
:10CC9000FE1FE78060B328583D478345A501938771
:10CCA000F5FF93F7F70F6364F700EF60EFC3EF5002
:10CCB000EF873C58A1452398A70013852701EF6013
:10CCC000AFC22C5803550400EF00D04093078002F8
:10CCD00003550400A301F400EFE06FE8414611C5DD
:10CCE0008357E50013D617003E960606854517952F
:10CCF000FE1F03451566EF502FAD09BF13F7072040
:10CD000011CB7854035747011377072001C79307C6
:10CD1000900205BF93F707409DD77C5483D7470106
:10CD200093F707408DD39307B00221BF130780020A
:10CD3000639BE7023C5889CB83D507010355040068
:10CD400013862701EF00903E1C5483D7470013F74A
:10CD500007202DC37854035747011377072039CB99
:10CD600093079002B5B713079002639CE700EF604A
:10CD70006FE9AA8503550400EF00503A9307A0021B
:10CD800081BF1307A0026393E704EF600FE7AA8552
:10CD9000854701456384F500814505452EC6EF6052
:10CDA0008FE32A86B24503550400EF00B0331C54CC
:10CDB00083D7470093F707408DC77C5483D747013B
:10CDC00093F7074099CF9307B00219B71307B00242
:10CDD0006399E700EF60CFE3AA8503550400EF00F5
:10CDE00070389307F0020DB58280411122C440597A
:10CDF00026C206C67C54AA8483D7470113F70710BE
:10CE000019C7185403574700137707101DE313F78A
:10CE1000072019C71854035747001377072011EB51
:10CE200093F707408DCF1C5483D7470093F70740F3
:10CE30009DC793071002A301F4002285EFF05FD491
:10CE4000034734009307F0026310F702224403D52E
:10CE50002400B2409244814541016FE01FB793071F
:10CE6000F002A301F400DDB7B24022449244410134
:10CE70008280397122DC405926DA4AD84ED606DE45
:10CE8000AA89AE8432896300043E03552500835786
:10CE900004006384A700A14429A08347240091EBE8
:10CEA0009D44F250625426854259D254B2592161B0
:10CEB00082809387E5FF93F7F70F2D47E362F7FE34
:10CEC00017770100130787A88A07BA979C43BA9778
:10CED0008287B2852285EFF03FA3AA84D9B7414665
:10CEE000CA851305C4049740FE1FE780608A228527
:10CEF0001127AA8411C1A1448347340013074005B8
:10CF00006397E70093079005A301F40059BF130747
:10CF100060056395E7009307A005FDB7D147EDB71E
:10CF20009309C4054E854146CA859740FE1FE78098
:10CF30002086032504084DC9834734001307900554
:10CF40006399E700228589279307E005A301F40090
:10CF500051A81307A0056393E7088347740013D70C
:10CF600037002297834687009D8BB3D6F640938780
:10CF7000C1B19C43858A93E606F893F6F60F81DFEC
:10CF80009C4791DB9305050818084E861305050498
:10CF900082979374F50FE39004F041460C08130553
:10CFA000C4049740FE1FE780A087834774004D4765
:10CFB000850793F7F70FA303F4006377F700228543
:10CFC000E1259307E00589B785451795FE1F0345C1
:10CFD0005538EF403FE8930750053DB71307C005AC
:10CFE000E382E7F6814475BD130984004E86CA8545
:10CFF00022851408EFE0FFD041469305C4040808D9
:10D000009740FE1FE780C081E30D05E88A8613067E
:10D01000C403CE854A85EF10300315E12285EFE089
:10D020009FD99797FE1F938727312A879C470355DF
:10D030000400814601468A858297AA8411C1A144D1
:10D0400093072002D1B583450600EFE01F9859BF32
:10D050000347340093072002E314F7E47C5889EB7C
:10D060009305300571459740FE1FE780A04B68D8B7
:10D070006858E30705E24146CA859730FE1FE780FE
:10D08000207164582285EFE01FD3238DA4009307FD
:10D0900030026DBD0347340093073002E312F7E01E
:10D0A0008357060068582146930529002318F50088
:10D0B00049059730FE1FE780A06D7C5483D7470158
:10D0C00013F7270035CB185403574700098B2DC79A
:10D0D00093074002A5BD0347340093074002E311C4
:10D0E000F7DC3C5C81EB85455D459740FE1FE780A2
:10D0F000604328DC285CE30705EE834709004146CE
:10D10000CA85230BF5009730FE1FE7806068930700
:10D1100050022DBD0347340093075002E312F7D8A5
:10D12000285C19469305190041059730FE1FE780DA
:10D1300020667C5483D74701918B9DCF1C5483D7A5
:10D140004700918B95CB9307600209B57C5C89EB16
:10D150009305300551459740FE1FE780A03C68DCF1
:10D16000685CE30A05D24146CA859730FE1FE78016
:10D1700020627C5C7D5798CB4E85EFF01FC79DB534
:10D180000325040813060004CA8513050504973017
:10D19000FE1FE780E05F2285EFE01FB38347340086
:10D1A000130700056395E7009307400545B3130790
:10D1B0001005639CE70085451795FE1F034575190B
:10D1C000EF405FC99307500551B313072005E39B58
:10D1D000E7E09387C1B19C43E38F07CA9C47E38C88
:10D1E00007CA83250408930484001808938505085A
:10D1F000814626862E858297035504001008A68551
:10D20000EF60DFD39307B00591B303473400930772
:10D21000E005E317F7C88325040841464A8597309F
:10D22000FE1FE780E05FAD44E30D05C6032504085B
:10D230004146CA859730FE1FE78080552285EFE082
:10D240009FB79797FE1F9387270F2A879C472C58D5
:10D2500003550400814601468297AA8411C1A14466
:10D260009307100255B1AD47E39EF5D683460600FD
:10D27000835525001306650003450500EF602FCF99
:10D2800095B3894761C2DDCD2300A60083C70500A1
:10D29000A300F60083C715002301F60083C725000D
:10D2A000A301F60083C73500A30206002302F6009F
:10D2B00083D74500A183858BA302F60003D74500E1
:10D2C0001377072009C793E72700A302F60083D747
:10D2D000450093F7074099C78347560093E74700F7
:10D2E000A302F60083D74500139747016358070050
:10D2F0008347560093E78700A302F6002303060046
:10D3000083C74500858B2303F60003D74500098BAF
:10D3100009C793E727002303F60083D74500918BC5
:10D3200099C78347660093E747002303F60003D7B6
:10D3300045008147218B19C70347660013678700A3
:10D340002303E6003E8582802E86AA8505456FF080
:10D350005FF32E86AA8509456FF0BFF289478DC518
:10D3600005C5411106C6AE870D47AA852380E70093
:10D370001385170041469730FE1FE7806041B24099
:10D3800081473E85410182803E85828089478DC5E7
:10D3900005C5411106C6AE871147AA852380E7005F
:10D3A0001385170041469730FE1FE780603EB2406C
:10D3B00081473E85410182803E85828089478DC5B7
:10D3C00005C5411106C6AE871947AA852380E70027
:10D3D0001385170041469730FE1FE780603BB2403F
:10D3E00081473E85410182803E85828089479DCD6F
:10D3F00015CD411106C61D472380E50003570500E2
:10D40000AE872146A380E5000357050021832381D1
:10D41000E50093052500138537009730FE1FE78050
:10D420002037B24081473E85410182803E8582801F
:10D4300089478DC505C5411106C6AE872147AA8516
:10D440002380E7001385170041469730FE1FE780D1
:10D450002034B24081473E85410182803E858280F2
:10D46000894795C90DC9411106C625472380E500A6
:10D4700003470500AE871946A380E5009305150014
:10D48000138527009730FE1FE7808030B240814728
:10D490003E85410182803E85828089478DC505C5D4
:10D4A000411106C6AE872947AA852380E700138568
:10D4B000170041469730FE1FE780802DB24081471C
:10D4C0003E85410182803E858280894795C50DC594
:10D4D000411106C6AE873147AA852380E700138530
:10D4E0001700130600049730FE1FE780602AB24041
:10D4F00081473E85410182803E85828089478DC576
:10D5000005C5411106C6AE873547AA852380E700C9
:10D510001385170041469730FE1FE7806027B24011
:10D5200081473E85410182803E858280894791C93D
:10D5300009C995472380F50083470500A380F500BE
:10D5400081473E858280894791C909C9AD472380BB
:10D55000F50083470500A380F50081473E85828062
:10D5600015C55D718A8586C6A2C42A84EFE0AFF036
:10D57000035504000A8697060000938626DD9D4524
:10D58000EFE06FE2B640264461618280054582800B
:10D5900015C55D718A8586C6A2C42A84EFE0AFED09
:10D5A000035504000A86970600009386C6DA9D4557
:10D5B000EFE06FDFB64026446161828005458280DE
:10D5C0005D71A2C49305C5022A8441460A8586C6B8
:10D5D0009730FE1FE780C01B035504000A8697069C
:10D5E00000009386E6D7C545EFE0EFDBB640264462
:10D5F000616182805D71A2C49305C5032A8441469E
:10D600000A8586C69730FE1FE78080180355040000
:10D610000A86970600009386A6D7C545EFE0AFD8E7
:10D62000B6402644616182809387C1B19C43B1CBEF
:10D630009C435D71A2C486C62A841305E00F95CF72
:10D64000032504089305050C130505088297832517
:10D650000408130600040A85938505089730FE1F09
:10D66000E78000130355040097060000938626E622
:10D670000A8693051004EFE00FD3B640264461619B
:10D6800082801305E00F8280317122DD2A840355E8
:10D69000050026DB06DF4AD94ED752D556D35AD1DC
:10D6A0005ECF62CDEFD0BFCB3C58AA8489EB930507
:10D6B000300571459740FE1FE780C0E628D82858FE
:10D6C000CD470DC9714681459730FE1FE780C00FD9
:10D6D000032904072285EFE00FEE230DA9008347FD
:10D6E00024001389C1B1638A07128327090085E3E7
:10D6F0009307E00FFA506A54DA544A59BA592A5A31
:10D700009A5A0A5BFA4B6A4C3E852961828083AB48
:10D710000701E38F0BFC032B0408EF501FCE2A8C6C
:10D720000145EF505FCB83C754003858130B0B02F1
:10D730009309C403130AC405938A64003AC0B3373B
:10D74000F0002A87930801045688B3368001528678
:10D75000CE855A85829B1C5403C727002307E1020C
:10D7600003C71700A306E10283C707002306F102DF
:10D7700083270900B5DF03AB4701E30B0BF683C733
:10D780005400B337F0003ECEEF503FC7AA8B01459F
:10D79000EF507FC403270408F2472AC03AC2B338C7
:10D7A000700156887810930684004E86D2858800D2
:10D7B000029B7C5403C727012305E10203C717001E
:10D7C000A304E10283C707002304F10283270900B1
:10D7D00003A94701EF507FC22A8B0145EF50BFBF1D
:10D7E00083C854009C082A883EC2B3381001B3375E
:10D7F00060013810930684015286CE8556C0880099
:10D8000002990355040097060000938666CF90089E
:10D81000C545EFE04FB9AA87F1BD83C65400832701
:10D820000900032B0408B336D00083AB070136CEC2
:10D83000EF50BFBC2A8C0145EF50FFB93C58F2466F
:10D84000130B0B02130AC4059309C403938A6400E3
:10D850002A88930801044E86D2853EC05687B33786
:10D8600080015A85829B1C54130B010303C72700B8
:10D870002307E10203C71700A306E10283C70700DD
:10D880002306F1028327090083AB470183C75400B5
:10D89000B337F0003ECEEF505FB62A8C0145EF5013
:10D8A0009FB3F2472AC0B338800156887810930698
:10D8B00084004E86D2855AC28800829B8325040844
:10D8C00041465A859730FE1FE78080F5AD47E31249
:10D8D00005EE0DB52E8697060000938666AEC5450B
:10D8E0006FE06FAC5D71B287A2C42300B1002A84DF
:10D8F000BE8513051100194686C69730FE1FE780C6
:10D9000020E90A862285970600009386A6B5A145E0
:10D91000EFE06FA9B6402644616182802E869706AB
:10D920000000938626B1C5456FE0EFA75D71B28711
:10D93000A2C42310B1002A84BE851305210021460C
:10D9400086C69730FE1FE780A0E40A8622859706E8
:10D9500000009386E6A9AD45EFE0EFA4B64026446B
:10D96000616182802E8697060000938646B3C54586
:10D970006FE06FA3797122D406D626D28347350093
:10D98000130730052A846383E7081307500563955E
:10D99000E7089307A005A301F50083477500C1457B
:10D9A00013D737002A97834687009D8B1305C5033D
:10D9B000B3D6F640858A93E606F893F6F60F36C698
:10D9C000EF508FF2B2469387C1B19C439DCB9C47E9
:10D9D0008DCB0325040818081306C403930505041A
:10D9E0001305050882971375F50F01ED1305C402A1
:10D9F00041460C089730FE1FE78080D92285EFF062
:10DA00003FBCB250225492544561828093079005E6
:10DA1000A301F500814645BF130710026396E70294
:10DA20007C550327050883D747016314070E13F7B6
:10DA300017006300070E185503574700058B71CB7D
:10DA400093072002A301F400834734001307200248
:10DA5000639BE70E3C5889EB930530057145974071
:10DA6000FE1FE78020AC28D82458BDCC2285EFE0EB
:10DA70008FB4238DA4002858814541469730FE1F5E
:10DA8000E78080D428583D478345A5019387F5FF5B
:10DA900093F7F70F636BF70283C741B0D5C34146D5
:10DAA000814508089730FE1FE78000D21946978508
:10DAB000FE1F9385E57D08089730FE1FE78040CD67
:10DAC00030580C082E85EF40A002EF402FA63C589E
:10DAD000A1452398A70013852701EF50EFE02C58AC
:10DAE00003550400EFF01FDF9307300203550400D5
:10DAF000A301F400EFD0BF86414619C10356E500EB
:10DB0000060685451795FE1F0345B584EF40CFCB2C
:10DB1000CDBD13F7270009CB185403574700098BD5
:10DB200001C79307400239BF918BE38F07F01C5464
:10DB300083D74700918BE38907F09307600219B7F9
:10DB4000EF508FDA59B713073002639AE7023C5857
:10DB500089CB83D507010355040013862701EFF015
:10DB6000FFDC7C5483D7470113F7270021CF1854DB
:10DB700003574700098B39C79307400285BF130736
:10DB80004002639CE700EF50FF87AA85035504001D
:10DB9000EFF0DFD89307500291BF13075002639054
:10DBA000E704EF509F850DE9814505452EC6EF50EE
:10DBB0009F822A86B24503550400EFF0BFD27C5401
:10DBC00083D74701918B9DC71C5483D74700918B06
:10DBD00095C39307600219BF85450145C1BF13076F
:10DBE00060026399E700EF50BF82AA8503550400E5
:10DBF000EFF05FD77C540327040883D7470119EF60
:10DC000013F7071001CF1854035747001377071075
:10DC100011C793077002A301F400E5B313F70720BF
:10DC200011CB1854035747001377072001C79307F8
:10DC30009002D5B793F7074091CB1C5483D7470088
:10DC400093F7074081C79307B002F1B79307F0023B
:10DC5000D9B7397122DC26DA4ED652D406DE4AD83C
:10DC6000AE89328AAA84EFD08FEF40594146814570
:10DC70000A859730FE1FE78020B525C803590400A8
:10DC8000631599060347340093071002631FF702D8
:10DC90008327040899CF2C58A9C94A85EF10F0159D
:10DCA0000545F2506254D2544259B259225A216168
:10DCB00082808A861306C4059305C4031305840075
:10DCC000EF0090381DE18A85C9BF2C5899CD83D7C4
:10DCD0000501639C47012146C9054E859730FE1F0B
:10DCE000E78000B419C12C584DBF2685EFD02FE72F
:10DCF0002A8405455DD44C54B9C583D70501639486
:10DD000047052146C9054E859730FE1FE78040B183
:10DD10008547631AF50283C7F18591C74C5483C7C1
:10DD2000B5016396A70CBD452685EF10D0079787F0
:10DD3000FE1F9387E7429C5B0145A5D71D4589459A
:10DD400082970145B9BF938771AF03C707009789D1
:10DD5000FE1F9389E9403E89058B15CF0347540088
:10DD600083C701AF6319F7021946938511AF1305F5
:10DD700064009730FE1FE780A0AA8547631DF50069
:10DD800083A7090381C791451D458297BD45268517
:10DD9000EF10700131B703C741B083A7090331CB3E
:10DDA00003470900098B09CB81C795451D4582971B
:10DDB0002685EF10D004EDB581C78D451D458297AE
:10DDC0004146814508089730FE1FE780E09F1946CD
:10DDD0009785FE1F9385C54B08089730FE1FE78087
:10DDE000209B0C082E850A86EF3090508A85268568
:10DDF00075B58545C5FF6DBF797122D440594AD0AC
:10DE00004ECE52CC06D626D2AA892E8A3289630CEF
:10DE1000046A0355250083570400638CA700A144BE
:10DE2000B2502254268502599254F249624A456101
:10DE300082808344240099C09D44DDB79387F5FF19
:10DE400093F7F70F3147E369F7FE176701001307F0
:10DE5000E7B28A07BA979C43BA9782871C54E1F3CA
:10DE600093053005130500049730FE1FE780806B93
:10DE700008D455D503470900914763F4E7008D4462
:10DE800045B7034719008547E3EBE7FE1306000497
:10DE9000CA859730FE1FE780A08F0C547054A302F0
:10DEA0000400D4415C4A858AFD8E83574601F99B64
:10DEB000D58F231AF600D841544AF59B0583058B6C
:10DEC0008582F98E8606DD8E231AD600DC41584AFB
:10DED000ED9A8983858B09837D8F0A07558F231AD5
:10DEE000E600D4415C4A5D9B8D82858A8D83F58FE7
:10DEF0008E07D98F231AF600D841544A93F7F7EFCB
:10DF00002183058BA182F98EA206DD8E231AD6000D
:10DF1000DC41584AA583858B25837D8F9317970015
:10DF200013F7F6DF5D8F231AE600D4415C4AA9821D
:10DF3000858AA983F58F9396A7009377F7BFD58F2E
:10DF4000231AF600D441584AAD82858A2D83758FF5
:10DF5000FD769386F67F2E07F58FD98F231AF6006C
:10DF60008347260103250408A18B6387071083C715
:10DF70002500A18B63820710E31305EA93053005A2
:10DF8000130500109730FE1FE780C0592320A40816
:10DF9000E30705EE7C54A30204000347190083C67F
:10DFA000170089EA45C38347540093E70701A3029A
:10DFB000F40029A0A147A302F40075F72285EFF031
:10DFC0002FDD6C5483C72501858B81CF1C5483C7FB
:10DFD00027008D8B99C78347640093E717002303BD
:10DFE000F4008327040899C78347640093E78700F8
:10DFF0002303F4008347540005476393E70C41462D
:10E000008145130584009720FE1FE780E07B414691
:10E010008145130584019720FE1FE780E07AC14502
:10E020001305C403EF504F8C032704089307000522
:10E0300011E3C14703550400A301F4008145EF50EB
:10E040001FE7F9BB03C72701118B19E70347290015
:10E05000118B19E38547A1BF83C7070083460900D9
:10E0600015473387E702976701009387678CBA9754
:10E07000B69783C7070025BF19C59730FE1FE780F5
:10E08000C056232004087C5403C7170011C7034758
:10E09000190019C3E14721BF03C72701118B09E705
:10E0A00003472900118B5DD783C7070015478346B7
:10E0B00009003387E702976701009387A78545BF6B
:10E0C00013F7870131CFC18B130584004146A9C3E3
:10E0D00089059720FE1FE780A06B41468145130507
:10E0E00084019720FE1FE780206E83476400C145AE
:10E0F0001305C40393E747002303F400EF40DFFE5A
:10E100008327040881CF93072005A301F40009BBEE
:10E1100081459720FE1FE780206BC1B7CD47F5B73B
:10E12000094789456386E70011476398E7008545FD
:10E1300003550400EF50BFD721A01947E389E7FE3C
:10E140008347640093E747002303F4008327040810
:10E1500081C79307100555BFC54745BF4146CA85CE
:10E160001305C4049720FE1FE780806283473400B4
:10E1700013076005639CE70085451785FE1F03456F
:10E18000551DEF303FCD9307500541B74547638399
:10E19000E7029306C4021306C40393058400228594
:10E1A000EFD03FB62285EFF0AFC1AA8411C1A144E0
:10E1B000D147A1BFC94791BF9309C4054E854146C8
:10E1C000CA859720FE1FE780A05C0325040871C95B
:10E1D00083473400130790056398E7002285EFF02A
:10E1E0006FC19307E00515B71307A005639DE70608
:10E1F0009387C1B19C43E38107C403A88700E30D63
:10E2000008C283477400930505084E8613D737006C
:10E210002297834687009D8B0A87B3D6F640858A6E
:10E2200093E6060813050504029841468A851305FE
:10E23000C4049720FE1FE780A05E11E1D2842285EE
:10E24000EFF04FBB83477400CD461307E005850709
:10E2500093F7F70FA303F40063E4F60013076005D8
:10E26000A301E40075BE1307C005E39BE7BA9387DB
:10E27000C1B19C43E38207BC9C47E38F07BA930577
:10E280000508130984000A8781464A862E858297ED
:10E29000035504000A86CA85EF505FCA9307B0058C
:10E2A000ADB58A864E86930584002285EFD07FA582
:10E2B00041469305C4040A859720FE1FE780405617
:10E2C0008547D284E31EF5B42285EFF0AFB2AA846D
:10E2D000E31705B4930710020DBD034734009307FD
:10E2E0007002E31BF7B47C5889EB93053005714548
:10E2F0009730FE1FE780002368D86858E30E05B208
:10E30000CA8541469720FE1FE780804803294407BD
:10E310002285EFD05FAA230DA90093078002F5B3F1
:10E320000347340093078002E318F7B083570600D1
:10E3300068582146930529002318F50049059720C0
:10E34000FE1FE780E0447C5483D7470113F7072082
:10E3500025CF1854035747001377072035C7930775
:10E36000900265B30347340093079002E316F7ACBD
:10E370003C5C89EB930530055D459730FE1FE780D7
:10E38000601A28DC285CE30905AA4146CA85972063
:10E39000FE1FE780E03F9307A00285BB03473400E0
:10E3A0009307A002E31AF7A883470600285C1946E2
:10E3B00093051900230BF50041059720FE1FE78008
:10E3C000203D7C5483D7470193F70740B1C71C54C5
:10E3D00083D7470093F70740A1C39307B00235B333
:10E3E000034734009307B002E318F7A47C5C89EB81
:10E3F0009305300551459730FE1FE780A01268DC79
:10E40000685CE30E05A04146CA859720FE1FE780A1
:10E4100020387C5C7D5798CB03D529008145EFD00F
:10E42000CFDAFDBA034734009307F004E3F9E79E1F
:10E4300003250408E305059E13060004CA85130599
:10E4400005049720FE1FE780A0342285EFF0CF9DC2
:10E45000AA842285EFD05F87834734001307000525
:10E46000639FE70003D6E90085451785FE1F034536
:10E4700055EE0606EF305FB59307300579B1130707
:10E4800010056395E7009307600541B11307200568
:10E49000E398E7989307C0058DB9034734009307C5
:10E4A000E005E31EF796032504084146CA85972038
:10E4B000FE1FE780E02D2285EFF00F9DAA8419BD95
:10E4C00083450600A9BF85478144E39BF594032853
:10E4D00046008347360003472600834616008355CF
:10E4E0002500034606000145EF500F9F15BA8147EE
:10E4F000C1463307F500B388F5000347070083C81A
:10E5000008003308F6008507334717012300E800A9
:10E51000E391D7FE82800147BD471308F00F330611
:10E52000F50083460600B388F500FD178606558F73
:10E530002380E8000347060093F7F70F1D83E3905D
:10E5400007FF82808147930800F8414893F6F70F50
:10E550003387F50063FCC600B306F50083C60600EA
:10E560002300D7008507E39307FF82806395C600E9
:10E5700023001701C5BF23000700EDB701114AC8EA
:10E5800056C22E89AA8A93053005414506CE22CC73
:10E5900026CA4EC652C4328A9730FE1FE78080F8E2
:10E5A000AA849305300541459730FE1FE78080F728
:10E5B0002A84CD49A5C431CD414681459720FE1F0F
:10E5C000E78080202686A2855685EF306052AA8992
:10E5D00029E18387040063D30706A2852685EFF02F
:10E5E0009FF34A86975501009385853C2285EFF07D
:10E5F0001FF08307090063D80704A2854A85EFF05E
:10E600009FF15286975501009385853A2285EFF058
:10E610001FEE26859730FE1FE78020FD11C422855E
:10E620009730FE1FE78060FCF24062444E85D24482
:10E630004249B249224A924A05618280CA852685AA
:10E64000EFF07FED7DB7D2854A85EFF0DFECD1B7F3
:10E6500081474146B306F5003387F50003470700BD
:10E6600003C806008507334707012380E600E393CC
:10E67000C7FE8280011126CA4EC6AE84AA899305C0
:10E680003005130500034AC806CE22CC32899730E4
:10E69000FE1FE78020E92DC51306000381452A846B
:10E6A0009720FE1FE78040124146CE8522859720A5
:10E6B000FE1FE780C019A6850D461305D4019720DB
:10E6C000FE1FE780C018130604029305040122858B
:10E6D000EF300042AA840D469305D4024A85972064
:10E6E000FE1FE780C01622859730FE1FE780E0EF0F
:10E6F000F240624426854249D244B2490561828093
:10E70000CD44FDB75D714EDE62D4AE892A8C93058F
:10E71000300513050003A6C2CAC052DC56DA5AD827
:10E720005ED686C6A2C4B28B368BBA84BE8A4289B4
:10E73000468A9730FE1FE780E0DE6305051013066A
:10E74000000381452A849720FE1FE780E0074146A9
:10E75000E28522859720FE1FE780600F41468145B4
:10E760000A859720FE1FE78020061D46DE850A8564
:10E770009720FE1FE780A00D1D46DA851305710066
:10E780009720FE1FE780A00C33392001B33490009E
:10E7900041468145080823072101A30791009720DE
:10E7A000FE1FE78060021946D68548089720FE1FA5
:10E7B000E780E0091946D2851305A1019720FE1FC5
:10E7C000E780E008930404014146CE852685972022
:10E7D000FE1FE780C0078A852685EFF07FE7930953
:10E7E00004024E86A6852285EF3080302A890DE905
:10E7F0004146CE8526859720FE1FE78060F90C08EC
:10E800002685EFF0FFE44E86A6852285EF30402E68
:10E810002A8946454146CE859720FE1FE780200382
:10E8200022859730FE1FE78040DCB64026444A85AB
:10E8300096440649F259625AD25A425BB25B225C54
:10E84000616182804D49D5B7011126CA52C4AA849C
:10E850002E8A13050003930530054AC84EC606CE1E
:10E8600022CC3289B6899730FE1FE780A0CB35C510
:10E870002A84A68541469720FE1FE78040FD930429
:10E8800004012146D28526859720FE1FE78020FCC3
:10E89000CA852146130584019720FE1FE78020FBCF
:10E8A00013090402A6854A862285EF306024AA84D3
:10E8B0004146CA854E859720FE1FE78040F9228594
:10E8C0009730FE1FE78060D2F240624426854249BD
:10E8D000D244B249224A05618280CD44F5B73971EC
:10E8E0005AD05ECE2A8BAE8B41459305300506DEAD
:10E8F00026DA52D456D262CC66CA6AC8368C328DB9
:10E90000BA8C22DC4AD84ED69730FE1FE78080C1F1
:10E91000AA8A9305300541459730FE1FE78080C0E5
:10E920002A8ACD44638E0A0859C52A86D6855A8517
:10E93000EFF0DFC4AA8441E19305300541459730EB
:10E94000FE1FE78020BE2A89930530054145973098
:10E95000FE1FE78020BDAA89630A090E6306050E23
:10E960001304FD0011841376FD0049C07D14420498
:10E97000418035EE131544004E86D6855E95EFF046
:10E980001FB7414681454A859720FE1FE780C0E3B7
:10E99000014D93170D01C18363F48708BDC04A85FB
:10E9A0009730FE1FE78060C4638709004E8597306B
:10E9B000FE1FE78080C356859730FE1FE780E0C2C8
:10E9C00063070A0052859730FE1FE78000C2F250AD
:10E9D000625426854259D254B259225A925A025B45
:10E9E000F24B624CD24C424D21618280014413159E
:10E9F00044008A855E95EFF0FFB44E86D2850A8585
:10EA0000BDBF93154D000A86DE954A85EFF03FAEF7
:10EA10004A868A855A85EF30A00DAA84050D95BFD8
:10EA2000BDFC0A86CE854A85EFF07FAC4A868A8592
:10EA30005A85EF30E00BAA846686CA8562859720E6
:10EA4000FE1FE780E0D4A1BFCD4491BFCD44A9BF54
:10EA5000397162CC2A8C594526DA4AD84ED652D41E
:10EA600056D25AD05ECE06DE22DCAE8B328BB68A10
:10EA70003AC63E8AC289468983440104EF308F87B3
:10EA800049C19167938717E92310F5008547230152
:10EA9000F5002A8432472105630C0C049307100308
:10EAA000A301F400194681459720FE1FE780C0D1DD
:10EAB00023036401A3035401230A94002312740165
:10EAC000231744012318340123192401A285625419
:10EAD000F250D2544259B259225A925A025BF24B26
:10EAE000624C1785FE1F0345A58621616F306F8B31
:10EAF000A30104001946BA859720FE1FE78040C98C
:10EB000045BFF2506254D2544259B259225A925AD5
:10EB1000025BF24B624C21618280011122CC2A847B
:10EB2000314506CE2EC632C436C23AC0EF209FFC15
:10EB300029C19167938717E92310F5008D472301B9
:10EB4000F500A3018500B245224692460247624481
:10EB5000F2402312B5002313C5002314D50023155A
:10EB6000E500AA851775FE1F0345857E05616F3098
:10EB70004F83F24062440561828001114AC82A89AC
:10EB8000394526CA06CE22CC2EC6B284EF209FF687
:10EB900031C1B2459167938727E92310F50091476A
:10EBA000A30125012312B5002A842301F500A685BF
:10EBB000190521469720FE1FE78080BDA28562448B
:10EBC000F240D24442491775FE1F0345657805613E
:10EBD0006F203FFDF2406244D24442490561828089
:10EBE00001114AC82A89414526CA06CE22CC2EC622
:10EBF000B284EF203FF029C19167B245938727E99E
:10EC00002310F50095472A84231225012301F500DE
:10EC1000214619059720FE1FE78080B7A28523179C
:10EC200094006244F240D24442491775FE1F0345E6
:10EC3000557205616F20FFF6F2406244D2444249AA
:10EC400005618280011122CC2A84394506CE2EC668
:10EC500032C436C23AC0EF20FFE929C191679387D9
:10EC600017E92310F50099472301F500B245224624
:10EC700092460247231285006244F2402313B500F6
:10EC80002314C5002315D5002316E500AA851775A2
:10EC9000FE1F0345E56B05616F20BFF0F240624443
:10ECA00005618280797122D406D62A842EC632C4A8
:10ECB00036C23AC0EFC0AFEA1DC1B2452246924605
:10ECC0000247231CB100231DC1002C081306F00FBE
:10ECD0002285231ED100231FE100EFC0EFD7B250E1
:10ECE000225445618280011122CC2A84394506CE06
:10ECF0002EC632C436C23AC0EF20DFDF29C1916789
:10ED0000938717E92310F5009D472301F500B245CD
:10ED1000224692460247231285006244F2402313A2
:10ED2000B5002314C5002315D5002316E500AA85D8
:10ED30001775FE1F0345C56105616F209FE6F24010
:10ED40006244056182805D712AC613052002CAC033
:10ED50004EDE52DC56DA5AD85ED662D466D26AD01B
:10ED600086C6A2C4A6C26ECE2E8CB28B368B3AC497
:10ED70003E8DC28CC68A035A010583594105034959
:10ED80008105EF203FD769C591663243938616E926
:10ED9000A9472A842310D5002301F500930DE40030
:10EDA0002105930444012247630D030693071003D2
:10EDB000A301F400194681459720FE1FE780C0A0FB
:10EDC000194681456E859720FE1FE780E09F194612
:10EDD000814526859720FE1FE780009F230374014D
:10EDE000A30364012300240323128401231D54017F
:10EDF000231E4401231F3401A2852644B6409644B5
:10EE00000649F259625AD25A425BB25B225C925C6A
:10EE1000025DF24D1775FE1F0345855361616F203A
:10EE20005FD8BA85A301040019469720FE1FE7802A
:10EE30002096EA856E8519469720FE1FE78040954B
:10EE40001946E68526859720FE1FE780609479B7EE
:10EE5000B640264496440649F259625AD25A425B59
:10EE6000B25B225C925C025DF24D616182800111B5
:10EE700022CC2A84214506CE2EC632C436C2EF20CB
:10EE80007FC715CD224692469167938717E92310D5
:10EE9000F500B1472301F500A3018500B245230326
:10EEA000C500A303D5006244F2402312B500AA8531
:10EEB0001775FE1F0345C54905616F209FCEF240BF
:10EEC000624405618280411126C2AA84514506C66A
:10EED00022C4EF203FC249C19167938717E92310ED
:10EEE000F500B9472301F50083C714002A849385F0
:10EEF0006400A301F50083C7340003C72400210583
:10EF0000A207D98F231EF5FE83C744001946230F9D
:10EF1000F5FE83C75400A30FF5FE9720FE1FE78080
:10EF2000208783C7C400A2851775FE1F034545428D
:10EF30002307F40083C7E40003C7D400A207D98FD6
:10EF40002318F40083C7F4002309F4002244B240DC
:10EF5000924441016F20FFC4B240224492444101D7
:10EF60008280411122C42A84194506C6EF209FB829
:10EF70000DC59167938717E92310F500C147230159
:10EF8000F500231285002244B240AA851775FE1FA2
:10EF90000345053C41016F20DFC0B24022444101DE
:10EFA000828041110D4506C6EF20DFB40DC59307E1
:10EFB00010F92300F5009307E003A300F500C5470F
:10EFC0002301F500B240AA851775FE1F0345453899
:10EFD00041016F201FBDB24041018280011122CC4E
:10EFE0002A84294506CE2EC632C436C2EF209FB0F1
:10EFF00015CDB24592469167938717E92310F50026
:10F00000C9472302B5002301F500A30185002304AD
:10F01000D50022466244F2402313C500AA85177525
:10F02000FE1F0345E53205616F20BFB7F240624421
:10F030000561828001114AC82A892D4526CA06CE5B
:10F0400022CC2EC6B284EF20FFAA29C5B245930771
:10F0500010F92300F5009307E003A300F500CD4766
:10F06000A30125012302B5002A842301F500A6850A
:10F07000150519469710FE1FE7808071A28562442E
:10F08000F240D24442491775FE1F0345652C0561C5
:10F090006F203FB1F2406244D24442490561828010
:10F0A000011122CC2A84214506CE2EC6EF209FA432
:10F0B00005C9B2459167938717E92310F500D14739
:10F0C0002303B5002301F500231285006244F240BA
:10F0D000AA851775FE1F0345A52705616F207FAC24
:10F0E000F240624405618280011122CC2A842145CC
:10F0F00006CE2EC632C4EF20FF9F1DC522469307C1
:10F1000010592310F50023018500B2452303C500E3
:10F110006244F2402312B500AA851775FE1F03450D
:10F12000252305616F20FFA7F240624405618280BC
:10F13000011122CC2A84214506CE2EC632C4EF20EE
:10F140007F9B1DC922469167938727E92310F5000D
:10F15000A1472301F500B24523038500A303C500A1
:10F160006244F2402312B500AA851775FE1F0345BD
:10F17000551E05616F20FFA2F24062440561828046
:10F18000011122CC2A84314506CE2EC632C436C2A5
:10F190003AC0EF203F9615CD22468567938717C961
:10F1A0002310F50023018500B2452303C5009246D4
:10F1B00002476244F2402312B5002314D500231500
:10F1C000E500AA851775FE1F0345851805616F20A8
:10F1D0005F9DF240624405618280011126CAAE84BF
:10F1E0004AC82A891385C40006CE22CC32C6EF2035
:10F1F0007F901DCD8567B245938717E92301950060
:10F20000231225012A842310F500310508C426861F
:10F210009710FE1FE780C057A2856244F240D24497
:10F2200042491775FE1F0345A51205616F207F97A0
:10F23000F2406244D244424905618280011122CCED
:10F240002A84194506CE2EC6EF20DF8A05C98567B8
:10F25000938717F92310F500854723018500A30143
:10F26000F500B2456244F2402312B500AA85177535
:10F27000FE1F0345E50D05616F20BF92F240624419
:10F2800005618280411122C42A840D4506C6EF2003
:10F290007F8605C5930710F92300F500E947A30011
:10F2A000F500230185002244B240AA851775FE1F90
:10F2B0000345050A41016F20DF8EB240224441011F
:10F2C0008280011122CC2A84214506CE2EC6EF2051
:10F2D0007F820DC99167938727E92310F500930773
:10F2E00000032301F500B245230385006244F24088
:10F2F0002312B500AA851775FE1F03459505056104
:10F300006F203F8AF24062440561828001112145ED
:10F3100006CE2EC632C4EF20EFFD15C58567938754
:10F3200007392310F500B245224685472301F50031
:10F33000F2402312B5002313C500AA8503C5C1A955
:10F3400005616F201F86F24005618280397122DCE1
:10F350001304F5FF4AD852D456D25ECE420406DEDC
:10F3600026DA4ED65AD0894B2A8A3289B68A41800B
:10F3700063917515938B41A983C741A95E8B89441D
:10F380008DCF83C9160083C706009144A209B3E953
:10F39000F9009777FE1F83D7A7DDF51763DFF90024
:10F3A0009307C6FF639BF90831452EC6EF208FF403
:10F3B0002A84B24519ED9304F00FF2506254268569
:10F3C0004259D254B259225A925A025BF24B2161ED
:10F3D00082804209135909012302B5002313250134
:10F3E000930700F91509A1652310F50023114501C4
:10F3F00085054A859720FE1FE780C01208C405C90D
:10F4000083C70B009385EAFF13562900FD17238A53
:10F41000F1A89710FE1FE780A0391C44A28503C500
:10F42000C1A989071CC4EF20CFF7814479B7228591
:10F430009720FE1FE780601BBDBF9307D6FFE3CC7C
:10F44000F9F6B1473304F402938441AA9C40A29791
:10F4500003C7A70019C7884309C59720FE1FE78087
:10F46000C01813854900A16542058505418103AA9D
:10F4700004009720FE1FE780E00A9C40229A232088
:10F48000AA00A297884305D905472385E70083474B
:10F490000B004A86D685FD17238AF1A89710FE1F18
:10F4A000E780002F9C403E94231324012312340153
:10F4B000ADBF8547E391F5F0B1473304F402138BF8
:10F4C00041AA83270B00DA89A29703D767008843F4
:10F4D00055C783D74700B306C700910763C0D70A53
:10F4E0003A95D6859710FE1FE780802A03270B00E8
:10F4F0008144229783576700CA97C207C1832313A9
:10F50000F700035747001107E399E7EA3145EF2079
:10F510006FDEAA8515CD930700F92310F500832728
:10F520000B002302750123114501A29703D7670041
:10F530009C432313E5001CC503C5C1A9EF206FE65A
:10F5400083270B003E942313040023050400B5B564
:10F5500083270B00A297884311C99720FE1FE780DD
:10F56000C00883270B00A29723A0070083A70900E8
:10F570003E94231304002305040045BD11C99720C0
:10F58000FE1FE780800683A70900A29723A007003B
:10F5900083A7090085443E94231304002305040037
:10F5A00029BD6F40C02C6F40002E6F40A0776F4088
:10F5B0000031411106C6EF40402DB24001454101E6
:10F5C00082806F4060326F4080346F40C0376F4040
:10F5D000E0396F40E03B6F40E03D6F40C03F6F401F
:10F5E000C0416F40C0436F406045834716000346EB
:10F5F0000600A2075D8E6F40A0466F40E0476F4057
:10F60000A04A6F40604D6F4040506F4020536F40A4
:10F6100040556F4060576F4080596F40A05B6F400E
:10F62000C05D411122C60344C10226C483440103C4
:10F6300003430101030E4101834E8101034FC101C8
:10F64000834F0102834241028343810222D6324426
:10F6500026D8A2441ED416D27ED07ACE76CC72CAD8
:10F660001AC841016F4080716F40205B6F40405D60
:10F670006F40605F6F4080616F40A0636F40C06506
:10F680006F40E0676F40C06A6F40E06C6F60602061
:10F690001307A5FF420785672A8841831385A7C7FB
:10F6A000636CE502138707C801456368B70263E628
:10F6B00005031307301F6362C702138766FF420703
:10F6C0004183938767C763EAE70005063306B602FE
:10F6D0008E063325D600828001458280411126C2E4
:10F6E00006C622C4AA84EFD0106819C52A842685CC
:10F6F000EFC0F0232324A418B240224492444101D5
:10F700008280834665010D47AA876384E60005452C
:10F7100082800327451103464700A305C50203471E
:10F7200037006316D7020347B50075F30347050199
:10F73000930600026307D700930630020145631762
:10F74000D700130760022388E70001458280BD4689
:10F750006310D702034705019306000401451377A0
:10F76000B70FE315D7FE130750042388E700828004
:10F77000B946631AD7008346050113070003E398CF
:10F78000E6F80547C9B7D1466317D7008346050198
:10F7900013070005EDB7D9466318D7028346050164
:10F7A00013075005E395E6F60327050A13670720BC
:10F7B0002320E50A05472308E50003C7170113675F
:10F7C00007F8A388E70051B7E946631BD7008346D3
:10F7D000050113075006E39CE6F21307A006A5B740
:10F7E000FD46631BD700834605011307A007E3907E
:10F7F000E6F2130710F881BF93063002E319D7F041
:10F800008346050113075008E393E6F005472308F4
:10F81000E5000347A502136717002305E50271BF42
:10F82000832705110947A30AE50095C32381E70053
:10F8300003474505A381E7008347A50293E78700B7
:10F840002305F502F1472308F500014582801D4597
:10F8500082808547A30AF5008327051191CB1547C0
:10F860002381E7009307B0022308F5000145828059
:10F87000054582808547A30AF5008327051191CBB2
:10F8800019472381E7009307D0022308F5000145BB
:10F890008280054582808947A30AF50083270511E8
:10F8A00081CF1D472381E700832705110347D50238
:10F8B0000145A381E7008280054582808547A30A30
:10F8C000F5008327051191CB2D472381E70093078E
:10F8D00070032308F5000145828005458280994721
:10F8E000A30AF5008327051131472381E700177725
:10F8F000FE1F1307A7B283564701A381D70097764F
:10F90000FE1F83C606B32382D7009776FE1F83D6D9
:10F9100046B2A182A382D700834687012383D70002
:10F9200003479701A383E7008347E50213F7070422
:10F9300009CF9307A0032308F5008347E50293F757
:10F94000F7072307F50201458280858BFDD78327C2
:10F95000050AA30505022307050293E707042320F0
:10F96000F50AE1BF8947A30AF5008327051181CF76
:10F9700035472381E700832705110347B502014579
:10F98000A381E7008280054582808D47A30AF500A8
:10F990008327051191CF45472381E7000347C5021F
:10F9A000A381E7000347B50201452382E700828077
:10F9B000054582808547A30AF5008327051185C385
:10F9C00049472381E7009307A0042308F5008347F4
:10F9D000A50293E747002305F5020145828005450E
:10F9E00082808547A30AF5008327051191C74D47FB
:10F9F0002381E700014582800545828003270511A8
:10FA00008D47A30AF500D9472301F7008346451423
:10FA1000A301D70083475514918A2302F7000357A7
:10FA2000A51CB1C69306F034814763FDE600930739
:10FA300087E80357851415CB8587938757FD8D87F6
:10FA4000C207C1830357851C63F3E7003E878347E2
:10FA5000A5022307E50493E747002305F502930772
:10FA600050052308F500014582808D87F9B7858B05
:10FA700099C7930707FB2147B3C7E702D1B793079D
:10FA8000C7FB1147D5BF032705118D47A30AF50012
:10FA9000DD472301F70083474514A301F7008346A0
:10FAA00055142302D7000347B514F98F93F6470086
:10FAB0000357A51CB1C69306F034814763FDE600E9
:10FAC000930787E80357851415CB8587938757FDE0
:10FAD0008D87C207C1830357851C63F3E7003E8708
:10FAE000930780052308F5008347A5022307E50453
:10FAF00093E747002305F502014582808D87F9B71A
:10FB0000858B99C7930707FB2147B3C7E702D1B796
:10FB10009307C7FB1147D5BF832605118D47A30A5D
:10FB2000F500E5472381F600834775140346651405
:10FB30000547B317F7003317C700D98FA381F60025
:10FB4000834715142382F6008347A50293E74700F5
:10FB50002305F502930700062308F500014582807E
:10FB60008947A30AF5008327051175472381E7001C
:10FB70001777FE1F1307878A03473700A381E70023
:10FB8000930750072308F500014582808947A30A9F
:10FB9000F5008327051179472381E7000347F50224
:10FBA000A381E7008327050A2167D98F2320F50A5F
:10FBB00085472308F500014582809777FE1F9387CC
:10FBC000E785B84B9307800583464700B387F60265
:10FBD000145703270511BE96A547A30AF5009307FE
:10FBE00000022301F7000356A51C8357651CB2973A
:10FBF000D05A9387C71263F3C700B287A301F700F7
:10FC000013D68700C1832302C700A302F7009C5EBE
:10FC10002303F70013D68700C183A303C70023047F
:10FC2000F70083C7C601A304F70083C7D6012305E5
:10FC3000F7009307C0072308F5000145828083275A
:10FC40000511114613073002A30AC5002381E700FE
:10FC500003478515118B05CF0347A51523820700A0
:10FC60009306F7FF05473317D700A381E700034743
:10FC70003514A382E7008347A50293E747002305D5
:10FC8000F502930750F82308F5000145828083466A
:10FC9000751409476392E6021767FE1F0347B76CA6
:10FCA00009C72147A381E70019A0A381C700034723
:10FCB00055162382E70065BF05473317D700DDB728
:10FCC0009547A30AF50083270511130740022381F6
:10FCD000E700A3810700030735148306F515639534
:10FCE000E6008946A381D7008306E5156398E60000
:10FCF00083C6370093E61600A381D7008306D51587
:10FD00002382D7000346C515A382E7002383C700DB
:10FD100083478515858B81CB99C68327050A416763
:10FD2000D98F2320F50A01458280411126C2832400
:10FD3000051106C622C4B547A30AF500A9C091471C
:10FD40002A842381F4009305851A21461385340003
:10FD50009710FE1FE780C0A31385B40011469305DA
:10FD6000041B9710FE1FE780A0A293072002230820
:10FD7000F4000145B240224492444101828005458D
:10FD8000D5BF83270511A1C7411122C406C6254747
:10FD9000A30AE5002381E7002A84032505119305C2
:10FDA000840F21460D059710FE1FE780609E832774
:10FDB000040AA3050402014593E707022320F40A7D
:10FDC00085472308F400B240224441018280054562
:10FDD0008280A547A30AF50083270511A9C3411115
:10FDE00022C406C639472381E7002A84032505116A
:10FDF0009305840F21460D059710FE1FE78040995B
:10FE00008347A402014593E747002305F4029307C3
:10FE100000032308F400B2402244410182800545DA
:10FE20008280E147A30AF50083270511D9CF41114C
:10FE300022C406C63D472381E700034745072A84BD
:10FE400093058506A381E7000347550731462382C2
:10FE5000E70003476507A382E7000357650721838F
:10FE60002383E7000347A505A383E7000357A50500
:10FE700021832384E7000347C505A384E7000347E4
:10FE8000D5052385E70003574506A385E70003470B
:10FE900065062386E700035765061385E70021837F
:10FEA000A386E7009710FE1FE780808E8347A40299
:10FEB000014593E747002305F40293070004230854
:10FEC000F400B24022444101828005458280E1472E
:10FED000A30AF50083270511C9CB411122C406C628
:10FEE00041472381E700034745072A849305850698
:10FEF000A381E7000347550731462382E700034704
:10FF00006507A382E7000357650721832383E70082
:10FF10000347A505A383E7000357A5052183238491
:10FF2000E7000347C505A384E7000347D5052385FC
:10FF3000E70003574506A385E700034765062386C8
:10FF4000E700035765061385E7002183A386E700D2
:10FF50009710FE1FE780C083930740042308F40036
:10FF6000B240224401454101828005458280411111
:10FF700006C6AD47A30AF5008327051113079002B3
:10FF80009305D5172381E70013853700294697008D
:10FF9000FE1FE780E07FB24001454101828083255A
:10FFA0004511411126C206C622C483C7450003C7B6
:10FFB00035000568A207D98F1387A7FF4207418341
:10FFC0009306A8C7F94463E2E60C03C7650083C63D
:10FFD0005500130808C82207558FF9446367E80ADB
:10FFE0006365F70A03C6850083C675002206558E31
:10FFF0009306301F63EBC60883C6A50083C895002F
:020000040002F8
:10000000A206B3E616016362D80813081600330887
:10001000F80293983600635A180783C8B5001398FE
:1000200008011358080163840800636007078358B8
:10003000A5038144639D1701631BF7008358C50323
:100040006397C8008354E503958C93B41400231D73
:10005000C504231AF506231BE506231ED504231227
:10006000050783C7D50003C7C5002A84A207D98F17
:100070002313F5063146B905130585069700FE1FC3
:10008000E78000719147A30EF400B2402244268518
:10009000924441018280411122C406C68547A30AC9
:1000A000F5002A84834535150327051103454515B9
:1000B000854693176500CD8F2301F700ED47A30117
:1000C000F7008347C4000346241593E7070223067D
:1000D000F400EF107074930770062308F400B24028
:1000E0002244014541018280832745111303000EFC
:1000F00003C6470003C737002206598E130756FE72
:10010000420741836367E30683C6670003C757005E
:100110001168A206D98E138786EB42074183130824
:1001200088146368E80403C7870083C87700220740
:1001300033671701930857FEC20893D80801636A12
:10014000130383C8970083C7A700A207B3E717016B
:10015000938887EBC20893D80801636C1801231EAB
:10016000C51A231FD51A2310E51C2311F51C6FB0E7
:100170006069054582808346B5000547AA87054525
:100180006395E60C83C6670131470545639FE60A20
:1001900003A7471183463700A38AD7048346570035
:1001A00003464700A206D18E239BD70483457700E0
:1001B00083466700A205D58D239CB70403469700AC
:1001C000834687002206558E239DC7048346B700C9
:1001D0000345A700A206C98E239ED7040345C70086
:1001E0000347D7002207498F03D5A703239FE704BE
:1001F0000147631BB50083D5C7036397C50003D7C9
:10020000E703158F133717002391E70603C707018C
:10021000930600046304D702930640046315D700D5
:1002200005472388E70003C717019546A38ED7002B
:10023000136717F8A388E7000145828003C7A70268
:10024000136717002385E702E1BF8280034765013A
:100250008947631DF7008327451183C73700230AA9
:10026000F504F5472308F500014582801D4582808D
:100270008347B5002A87D9EB83466501B547054515
:100280006397F60883460701930700026391F60817
:1002900083274711014583C6570003C64700A206BE
:1002A0004206B29603C66700B29603C637006206DE
:1002B000B2962320D70C83C6970003C68700A206F8
:1002C0004206B29603C6A700B29603C6770062063E
:1002D000B296232ED70A83C6C70003C6D700A2064C
:1002E0004206B29603C6B70083C7E700B296E2079C
:1002F000B6972320F70E8347170193E78700A308DB
:10030000F700930730022308F700828005458280BA
:100310008347B5009DE3034765018547631DF700EB
:1003200083460501130730026397E6009307C00276
:100330002308F50081473E8582808547EDBF8346CF
:1003400065010547AA870545639CE60203C70701C7
:100350009306B002631AD7001307E0022388E70070
:10036000A3850702014582809306D00205456319E3
:10037000D7001307E002A38507022388E700DDB753
:100380008280034765018947631EF704E947A30597
:10039000F50283274511394783C737006392E70287
:1003A0000347050193070003631EF7028327050A2D
:1003B00093E707022320F50A85472308F500B9A033
:1003C0003D476393E7028327851003470501F59BAB
:1003D0002324F510930700046316F70093076004C5
:1003E0002308F5000145828049476398E7020347E7
:1003F00005019307A004E317F7FE85472308F500DE
:100400008347A50293E717002305F50283471501EB
:1004100093E707F8A308F500F1B751476392E702A5
:100420000347050193070005E31EF7FA85472308F4
:10043000F5008327050A93E707102320F50AF9B78B
:100440005947639DE7000347050193075005E31BE8
:10045000F7F88327050A93E70720A9BF6947639F39
:10046000E7000347050193075006E31DF7F68327CE
:10047000050A056713070780D98F2DBF7147E383EE
:10048000E7F67547639CE7000347050193075007AC
:10049000E31AF7F48327050A2167F9BF130730022F
:1004A000E392E7F40347050193075008A9B7034710
:1004B000B50085476311F70203476501631BF70029
:1004C000034705016317F700930760032308F5004E
:1004D00081473E8582808547EDBF8346650105479C
:1004E000AA8705456393E60603C7070193067003D1
:1004F0006315D70203C7A702238607049376070470
:1005000099C61377F7FB136707012385E7021307E3
:1005100080032388E7000145828093065003054548
:100520006315D702130780032388E70003C7A702D8
:100530002386070401459376070481CA1377F7FBE6
:10054000136707012385E7028280828003476501E4
:100550009947631EF7080327451183473700A30710
:10056000F5048347570083464700A207D58F231819
:10057000F50483477700834667001307A003A207AB
:10058000D58F834605012319F5048347E50263955A
:10059000E604858B99CB8327050AA305050223076B
:1005A000050293E707042320F50A8347A50293E792
:1005B00017002305F50285472308F5008347150139
:1005C00093E707F8A308F5008347E50293F7F7FBE5
:1005D0002307F50201458280E207E187E3D007FEA9
:1005E0008327450A93E707042322F50AC1BF05457F
:1005F00082800347650189476304F70005458280CF
:10060000832745111307000483C73700A305F502AC
:100610008347050193F6B70F6397E60093075004ED
:100620002308F50025A0130750056393E7028327ED
:10063000050A93E707202320F50A85472308F500DC
:100640008347150193E707F8A308F5000145828069
:10065000130750066395E7009307A006D1B7130769
:100660005008639CE70085472308F5008347A502EF
:1006700093E717002305F502E1B70347B5003DFFF7
:10068000130700026386E700130730026395E70053
:100690009307600271B71307A007E391E7F693078A
:1006A00010F8BDBF834665010547AA8705456394D9
:1006B000E60403A787100545418B15CF03C7070143
:1006C0006318A7001307B0042388E7000145828060
:1006D0001306A004631AC70003C7A7022388D70024
:1006E000136717002385E70203A7870A1367070428
:1006F00023A4E70AE1BF8280834665010547AA87F4
:1007000005456393E60283C607011307A004054568
:10071000639CE60003C7A7022388A700014513676F
:1007200017002385E70282808280034765018D4799
:10073000631FF718834715018D8B91EB83460501E5
:100740002147938706FC93F7F70F6361F702D947B8
:100750002306F5029307A002A305F5028327850A65
:1007600093E727002324F50A014582808347B500DB
:100770000326451163900714930750056398F6000C
:10078000D9472306F50293073002F9B79767FE1F92
:100790009387C7C88345460003C7A70383C7B7032A
:1007A000834865146D8F2305E51403463600F18FE9
:1007B0000546A305F514331616016314C700230577
:1007C0000514034875148545B39505016394B70076
:1007D000A30505140347A5148347B5145DCFD9CBF2
:1007E00093752700B1C113F627001DCE9307202073
:1007F0002315F5140347A5148547B3971701631410
:10080000F700230505140347B5148547B39707017F
:100810006314F700A305051485476398F60893074A
:1008200060052308F50089B71376470001CA13F362
:10083000470063050300930740405DBF058B19C760
:1008400013F7170001C7930710105DB7094781E53B
:10085000114711E205472305E51413F7270009C7DF
:100860008947A305F51479B7918B99C39147D5BFF3
:100870008547C5BFB3570741858B81C72305B5148D
:1008800095BF9377270089C789472305F5149DB73E
:10089000118B91477DFB8547CDBFA9DF33D717412A
:1008A000058B45DFA305C514B1B78327850A93E7F8
:1008B00007104DBD85476397F60083474600A305A3
:1008C000F514B1BF8327850A93E7072061BD05456D
:1008D0008280834665010D47AA8705456394E61427
:1008E00083C60701130750050545639DE61203C73C
:1008F000B7006319071283C6471403C7571403A62A
:10090000471133F5E6008345460019ED6396B600BE
:1009100003453600630AE5002395071413077005A5
:100920002388E70001458280ED8E2385D714034696
:10093000360003C86714718F0546A385E714331684
:1009400006016394C6002385071403C57714854503
:10095000B395A5006314B700A385071483C6A71435
:1009600003C7B714C5CA41C793F526009DC91376BE
:10097000270005CA130720202395E71483C6A71470
:100980000547331707016394E6002385071483C6E0
:10099000B71405473317A700E392E6F8A3850714B9
:1009A000B5BF13F6460001CA937847006385080077
:1009B00013074040D1B7858A99C69376170081C640
:1009C0001307101055BF894681E5914611E285460F
:1009D0002385D7149376270089C60947A385E71492
:1009E00071BF118B19C31147D5BF0547C5BF33D799
:1009F000A640058B01C72385B71449B713F7260016
:100A000009C709472385E71495BF918A1147FDFA65
:100A10000547CDBF25D7B3560741858AC5DEA385D7
:100A2000C714A9BF82808346B5000547AA8705453C
:100A3000639FE60683C66701154705456399E60689
:100A400003C70701930650056306D7009306800588
:100A5000631FD70403C7A70283A5471113671700B5
:100A60002385E70203C645001147636EC70083C6AE
:100A70003500636AD7001307F6FF1385F6FF718F01
:100A8000758D498F11C705472388E700014582808E
:100A900003C7650003C555002385C7142207498F86
:100AA0002396E714A385D7141307A005F1BF82800E
:100AB0008347B50095E3834665010D478547639BF2
:100AC000E600034705016317F700930710062308A4
:100AD000F50081473E8582808547EDBF034765016C
:100AE00089476310F706832745119765FE1F83C565
:100AF000859783C7370013F6F70113D76700976709
:100B0000FE1F83C7379663EAC7008346E514A18AB0
:100B100089C6B3D6E540858A9DE6E9472306F502F6
:100B20008547B397E700ED8F8D8B794799C31307FE
:100B300000028327850AA305E50293E72700232403
:100B4000F50A05458280230AE51403470501A30938
:100B5000C51485476318F700930760062308F5005E
:100B6000014582808327850A93E707402324F50AFD
:100B7000C5BF034765018947631CF70283274511F9
:100B80000347050183C737002308F502854763182B
:100B9000F700930760072308F5000145828083274B
:100BA000850A056713070780D98F2324F50AF5B74F
:100BB00005458280834665010947AA870545639FED
:100BC000E60283C607011307500701456398E60252
:100BD00003A74711A166034737002388E70203A74D
:100BE000070A558F23A0E70A05472388E70003C7B4
:100BF0001701136707F8A388E70082808280834685
:100C000065011547AA8705456399E60C83C6070168
:100C10001307500805456392E60C03A74711834666
:100C20003700A38DD71483064700A382D716030687
:100C300057002380C716034767002382E71603C7C0
:100C4000871593754700B5CD8946A38CD71483A625
:100C5000070AC1656D9BCD8E23A0D70A238CE714AC
:100C600003C7A7169376170085C29306F00763069D
:100C7000D600136727002385E71603A7070AB706E0
:100C80000200558F23A0E70A1757FE1F13070779A5
:100C9000034737000145A387E70203C74703A38043
:100CA000E71605472388E70003C7A7021367170065
:100CB0002385E70203C71701136707F8A388E70036
:100CC0008280098B51DFC9DE03A7070AC166A38CA6
:100CD000A714558F23A0E70A61B782808346650178
:100CE0001547AA8705456390E60A83A64711014583
:100CF00003C636001377060F59E71757FE1F034741
:100D0000B775718F49C303C7660011482380E71682
:100D1000838556000147A382B71613051700335782
:100D2000E640058B9378F50F15CF238D171503C774
:100D30004600A38DE71403C78715937647009DC629
:100D40008946A38CD71483A6070A41666D9BD18E72
:100D500023A0D70A238CE71403C747030145A380C8
:100D6000E71682802A87E31A05FBD1B7098B6DD776
:100D7000E5D50547A38CE71403A7070AC166558F7D
:100D800023A0E70AD1BF8280834665011147AA8765
:100D900005456393E60A83C5B7000545639EA5082C
:100DA00083A6471103C836006366050303C74600E0
:100DB000130510091306B7FF1376F60F636CC50011
:100DC00003C656009306B6FF93F6F60F6364D5008C
:100DD0006371E6027947A385E70213078002238641
:100DE000E70203A7870A01451367270023A4E70A40
:100DF000828083A6C710014593F6060895CE83C668
:100E000047176317B80293E61600238AD71693068E
:100E1000000AA38AE7163307D70283D6A70333470E
:100E2000D70283D6070485063697239BE716828070
:100E3000D99A238AD7168280828083270511E9C731
:100E40002547A30AE50051472381E7000347451BD7
:100E50008355651B0356A51BA381E7000347551B5C
:100E6000A382B7002382E70013D785002383E7001E
:100E70000347851BA383E7000347951BA384C70093
:100E80002384E700135786002385E7008346751403
:100E900009476386E602032705109316470163C0DE
:100EA00006028566938686842E8763F3B6003687AE
:100EB00042074183A382E70021832383E70083461F
:100EC000651409476386E602032705109316470158
:100ED00063C00602856693868684328763F3C60004
:100EE000368742074183A384E70021832385E700F7
:100EF0008347A50293E747002305F5029307000502
:100F00002308F5000145828005458280832705116D
:100F1000E9CB2547A30AE50055472381E7000347AE
:100F2000451B8355651B0356A51BA381E70003479B
:100F3000551BA382B7002382E70013D785002383C4
:100F4000E7000347851BA383E7000347951BA384A2
:100F5000C7002384E700135786002385E7008346F4
:100F6000751409476380E6028566938686842E871A
:100F700063F3B600368742074183A382E7002183EB
:100F80002383E7008346651409476380E60285668C
:100F900093868684328763F3C6003687420741838F
:100FA000A384E70021832385E7008347C507A305C2
:100FB000050299C78327050A93E707102320F50A3E
:100FC0008327450A13974701635807007D77130766
:100FD000F77FF98F2322F50A85472308F50001459D
:100FE00082800545828003476501AD476318F7029B
:100FF000411106C68347451783254511294693E7C6
:101000000701230AF5168D051305D51797F0FD1F67
:10101000E7800078B2400145410182800545828029
:101020008347B500EDE7411122C406C603476501B9
:10103000E1472A8405456318F70C03470401930729
:1010400000046312F70C8325441105659306A5C7B8
:1010500003C7450083C7350022075D8F9307A7FFAD
:10106000C207C18363ECF60883C7650083C65500D9
:10107000130505C8A207D58F6362F50863E0E7088A
:1010800003C6850083C675002206558E9306301F61
:1010900063E6C60683C6A50003C89500A206B3E6AC
:1010A0000601636DD504130516003305E502139898
:1010B00036006345A80403C8B50013150801418133
:1010C0006304080063ECA702231DC4042312A406D2
:1010D000231AE406231BF406231ED40483C7D50079
:1010E00003C7C5003146A207D98F2313F406B905FB
:1010F0001305840697F0FD1FE7808069930770044D
:101100002308F4000145B240224441018280054594
:101110008280411126C206C622C403476501E14709
:1011200085446318F704832785102A848544898BB6
:10113000A9C38347B50063919706EFE05FE6834755
:101140000401A305A40263979700930710042308E2
:10115000F40039A8130700046393E702930710040F
:101160002308F4008347A40293E717002305F40241
:101170008144B240224426859244410182808327E3
:10118000040A93E727002320F40A8347140193E716
:1011900007F8A308F400E9BF834715018D8B99CFA9
:1011A0009307A002A305F402BD472306F402832798
:1011B000840A93E727002324F40A5DBF83470501CF
:1011C00063979700EFE0BFDDA305A402BDBF13073F
:1011D00000026390E702EFE09FDCA305A4028144D4
:1011E00049F98327440A37070080D98F2322F40A5C
:1011F00049B713070004E39EE7F6930730025DB793
:10120000411126C206C622C48347B5008544A5E71E
:1012100003476501A5478544631FF7048327850FAE
:10122000A18BB1CB832545112A8421468D05130559
:10123000051097F0FD1FE780A05583270410B736EF
:1012400078089386060DDD8E8327441013E7070187
:101250008327840FF58F2324F4108327C40FF98F7D
:101260002326F41083470401639D9700930710031E
:101270002308F4008144B24022442685924441016F
:1012800082808327840A93E707012324F40ADDB7C9
:10129000411126C206C622C403476501A5478544FD
:1012A000631AF70603470501930700038544631398
:1012B000F706832545112A8421468D05130505105F
:1012C00097F0FD1FE780C04C83270410B7367808DD
:1012D0009386060DDD8E8327441023089400A30512
:1012E000040213E707018327840F8144F58F232429
:1012F000F4108327C40FF98F2326F4108327040AE0
:1013000093E707022320F40A8347140193E707F8C1
:10131000A308F400B2402244268592444101828011
:101320008347B50005476395E708411122C406C607
:101330008346650125472A8405456390E6060347F1
:1013400004016310F7068325441121461305041098
:101350008D0597F0FD1FE780A04383270410B73663
:1013600078089386060DDD8E8327441013E7070166
:101370008327840FF58F2324F4108327C40FF98F5C
:101380002326F410930710032308F4008347140165
:10139000014593E707F8A308F400B2402244410155
:1013A00082808327840A93E707012324F40AF9BF84
:1013B000054582800347B5008547631CF70441114A
:1013C00022C406C626C203476501A1472A840545F3
:1013D000631CF70283244411130584121546938578
:1013E000340097F0FD1FE780A03A83C7940003C73D
:1013F00084000145A207D98F2317F41283471401F3
:1014000093E727F8A308F400B24022449244410134
:101410008280054582800347B50085476310F71633
:10142000834665015D47639CE614011126CA832447
:10143000451122CC21462A84938534001305F518E2
:1014400006CE97F0FD1FE780A03483C7C40003C712
:10145000B400A207D98FA30BF418A183230CF418AE
:10146000EF00DF8C2AC4EF007F8C2AC62C00130506
:10147000841A214697F0FD1FE780803183C7F4006E
:1014800003C7E4001305041BA2074207BA9703C76A
:1014900004012C001146BA9703C7D4006207BA971B
:1014A0002324F40C83C7340103C72401A207420795
:1014B000BA9703C74401BA9703C714016207BA97E2
:1014C0002322F40C0347941A8347A41A4207A20765
:1014D000BA970347B41ABA970347841A6207BA97B0
:1014E0002320F40C0347D41A8347E41A4207A207C7
:1014F000BA970347F41ABA970347C41A6207BA9710
:10150000232EF40AA247374703001307D73FB387B8
:10151000E70237A72600130737ECBA973EC497F0C7
:10152000FD1FE780E02683C7640103C77401A2079B
:101530004207BA9703C75401BA9703C784016207E9
:10154000BA97232EF40C0347241B8347141B42072E
:10155000A207BA970347041BBA970347341B6207D5
:10156000BA972320F40E930710022308F400F240E8
:1015700062448147D2443E850561828085473E852D
:101580008280034765019147631BF712411126C210
:101590008324451106C622C403C7340001CB930738
:1015A000F7FFF98F81E79377070F8DC79307000245
:1015B000A305F502930730022306F5028327850A67
:1015C00093E727002324F50AB240224492440145C0
:1015D0004101828083C554009306E007814711468C
:1015E0006397D500F947E9B7B687638CC600938641
:1015F0001700B357F740858B93F5F60FF5D7230DFA
:10160000B514838744002A84B5C3A30EF5140305DB
:1016100035143387A7001375F50F635AF00083075D
:10162000F41563DAE700898FA30EF41429A0830769
:10163000E415E34AF7FE8347D4153E9562056185BC
:10164000212F2301A4145D2583473414A301A4147E
:10165000B307F540A30EF41401278347A4150347ED
:1016600034142301A414A297A382E716830744032A
:1016700083062416014763D5F600958F13F7F70FFD
:10168000230EE41483C7540005472300F416834750
:1016900004016397E700930760F82308F4002DB76F
:1016A000130750086396E700FD57230EF414E5B7BF
:1016B0008327840A0967D98F2324F40A31B70545A3
:1016C000828003476501A547631EF704411122C4C8
:1016D00006C683460501130700052A8485476397DC
:1016E000E602EFE07FA005E98327040AA3050402D0
:1016F00093E707102320F40A8347140193E707F8C0
:10170000A308F40085472308F4008147B24022442F
:101710003E85410182808347A40293E71700230599
:10172000F402D9BF85473E85828003476501A547FE
:101730006309F700054582800545B2402244410116
:10174000828083278510411122C406C693F70702C1
:101750002A84FDD3EFE05F998547E30FF5FC03474B
:1017600004016318F700930710052308F4000145EE
:10177000E9B78327840A93E707082324F40AC5BF3F
:101780000545828005458280054582800545828029
:101790000545828005458280054582800545828019
:1017A0008347C500A30A0500F19B93E717002306B2
:1017B000F500032505111335150082801757FE1F0C
:1017C000034737BA9547630BF7009757FE1F938778
:1017D000E7B883C777000D47631FF7009757FE1FD1
:1017E00083C757B8639E0710930760101757FE1FF3
:1017F000231AF7B68280411126C29757FE1F93879E
:10180000E7C19384C1AC22C4E05F9C404AC006C6D5
:1018100023A20706096798C719459757FE1F23811A
:1018200007B4EF003016938701AC944337C7898E15
:10183000130767ED98C63757550013075755D8C299
:10184000034724029306F00F3E896307D700FD5734
:10185000A300E4022301F402034514028947630351
:10186000F5000145984001469305F00F5C4393E76E
:1018700017005CC3930710FA2305F4009947175724
:10188000FE1FA300F7AE9757FE1F238907AC97579B
:10189000FE1F238707AC9D2D938741AD9443DC56F3
:1018A000F59BDCD683270900034794001376F707DE
:1018B0009843137707F8518F98C31757FE1FA3015A
:1018C00007AA90401757FE1FA30A07A8054718C28A
:1018D00098431377F7E798C398431377F7E71367AD
:1018E000071098C39C4637073300B240D98F224473
:1018F0009CC69307900D3CCA9244024941018280E4
:101900008280411106C622C41757FE1F034797A5C0
:101910009757FE1F938787A401CF9756FE1F83C654
:1019200066A409476396E6001757FE1FA30C07A29B
:1019300003C77700A1466387E60003C777009D468B
:10194000639DE60083C777001757FE1F230CF7A09F
:1019500085471757FE1FA307F7A0EF00407B975757
:10196000FE1F9387A7ABE05F6840231504002304A4
:1019700004009700FE1FE78040C791452310040430
:1019800023220404232404041755FE1F0345358134
:10199000EF001F85A1451755FE1F03455580EF0039
:1019A0003F84034514039307F00F6307F500EF002E
:1019B000DF87FD57A308F402034504039307F00FE4
:1019C0006307F500EF007F86FD572308F402B2405D
:1019D000224441018280011126CA9754FE1F93843C
:1019E000E4A322CC03A4040C4AC84EC652C456C277
:1019F00006CE2A898149130A2500854A29E89305DC
:101A0000702531459700FE1FE780C0B12A8401454B
:101A10003DC083471900194693052900A300F4002F
:101A20001305240097F0FD1FE78080D683A7040CE0
:101A3000A1EF9757FE1F23A387AA2324040083C77F
:101A4000C40B85071757FE1F2308F7A825A00347D7
:101A50001400834719006305F700A289004479BF89
:101A60001946D2851305240097F0FD1FE78040DB5F
:101A7000E31555FF0545F2406244D2444249B2495C
:101A8000224A924A05618280E38909FA23A48900E7
:101A90006DB79757FE1F9387679803A5070C11E949
:101AA0009757FE1F23AC07A29757FE1F238607A256
:101AB0008280411106C622C400459700FE1FE780C0
:101AC000C0B2228575F8B24022449757FE1F23A763
:101AD00007A09757FE1F238107A0410182809757D7
:101AE000FE1F9387A79323A0070C238E070A8280EB
:101AF000011122CC1384C1AC184006CE26CA2EC6D2
:101B000032C43C4BAA84354593F7F7F73CCB9D2D67
:101B1000184026853C4B93E707083CCB2246B2454C
:101B200097F0FD1FE7806011F2406244D244014506
:101B3000056182801387C1AC1443BC4A93F7F7F761
:101B4000BCCA0100010018431605136505083C4B8B
:101B500093E707083CCB9387C1AB9C4303A7450E93
:101B600088C398CB03A7850E0145D8CB03A7C50B27
:101B700098CF03A7050CD8CF03A7450C98D303A78C
:101B8000850CD8D303A7C50C98D703A7050DD8D7C4
:101B900003A7450D98DB03A7850DD8DB03A7C50D6B
:101BA00098C703A7050ED8C798431367070498C3BF
:101BB00082801387C1AC1443BC4A93F7F7F7BCCAC1
:101BC0000100010018431605136505083C4B93E717
:101BD00007083CCB9387C1AB9C4303A7C50E88C3C2
:101BE00098CB03A7050F0145D8CB03A7C50B98CF0A
:101BF00003A7050CD8CF03A7450C98D303A7850CE2
:101C0000D8D303A7C50C98D703A7050DD8D703A72A
:101C1000450D98DB03A7850DD8DB03A7C50D98C735
:101C200003A7050ED8C798431367070498C3930703
:101C300000F81747FE1F2306F7728280138601AC57
:101C40001C42B7068000B71501809843938585E74D
:101C5000558F98C39843B7060010558F98C3130744
:101C6000001DD8DB1747FE1F0347C7509316970187
:101C7000CD8ED4D7D457B70500821377F703FD155F
:101C8000ED8E6607558FD8D737170040930770053C
:101C90002300F704930780FA2300F7049746FE1FFA
:101CA00083C6464DB54763FBD7028357270293E7A8
:101CB00007012311F7021842B70709009387370875
:101CC0001CD337E700E0D147A309F70497F7FD1FBE
:101CD0009387C72193E717007CD782808357270219
:101CE000C207C183BD9BC207C183E1B79307C0038D
:101CF00063E2A706130780029547636BA704714749
:101D000091476367A70459478D476363A704494711
:101D10008947636FA70239478547636BA70231473D
:101D200081476367A7022947FD576363A7022147DD
:101D3000F557636FA7001947ED57636BA7000D4771
:101D4000E1576367A7000547C1576373A700D157E1
:101D50003E8582809947EDBFC5576340F5065557CC
:101D60008947634AE504655791476346E50471571F
:101D70009D476342E5047957A547634EE502AD47A9
:101D8000634B0502B54705C90547BD476305E50235
:101D90000947CD476301E5020D47DD47630DE500C7
:101DA0001147F5476309E50015479307D00363140E
:101DB000E500930790023E8582808547EDBF9387BB
:101DC00081AC9C4399CB944BD04B9842518F98C295
:101DD00094439C479842D98F9CC2938701AC138649
:101DE000C1AC05489C431747FE1F0347C757144221
:101DF00063120505884375787D183375050188C31E
:101E0000C846F977FD17E98FDCC6010001001442CE
:101E10008967AD059CC6930700F81746FE1F23018E
:101E2000F654939725009305E709BE958605ECD2F5
:101E3000C8C682807578137325009308F8FF630B7A
:101E4000030803A8070089050D4333781801896842
:101E50003368180123A0070151781307E70B8E059B
:101E60007D18631165048843337505011168336576
:101E7000050188C3C846F977FD17E98FDCC6010064
:101E800001001C42930600F89385750D23A41701E9
:101E90001746FE1F2306D64C8605BA958605ECD359
:101EA000C8C7828088433375050188C3C846F9775F
:101EB000FD17E98FDCC6010001001C42930600F803
:101EC0009385A50423A417011746FE1F230AD648AD
:101ED0008E05E1B788430568337515013365050143
:101EE00088C3C846F977FD17E98FDCC601000100F9
:101EF0001C428966A90594C7930600F81746FE1F81
:101F00002300D6468E051307E70941BF938781ACAE
:101F10009C4389CFD44303A88700984233670701C5
:101F200098C2D447DC4B9842D98F9CC2938701ACAE
:101F300083C641AC137725009C43858A25CB984303
:101F400075757D15698F0965498F98C33707090035
:101F50001307670898D3372730084517D8CB3717AA
:101F600003001307976198CF0D671307E78D98D784
:101F70003767000113070731D8D385C637A73F005D
:101F80001307F74D9E0598CB938545369747FE1F5F
:101F900023ACB73C11C606069747FE1F23A6C73CD5
:101FA0008280372737001307F72DE9BF370709006D
:101FB0001307370898D33727100813071790D8CB83
:101FC000371703001307476298CF0D671307E78B96
:101FD00098D73767000113070731D8D385C637A7CD
:101FE0003F001307E72C98CB75779306F7FF9843CC
:101FF00005489505758F631C050198C38E0593856B
:10200000C50369B7372737001307072DE9BF856672
:10201000558F98C39205E5B711C93717004083570C
:1020200087012168B3E70701231CF7008E05974756
:10203000FE1F238AB732938701AC22069C43498E48
:102040004D8EB70510004D8EF0D3F853136747003F
:10205000F8D3984391C6B7060020558F98C3828065
:10206000B70600E0FD16758FD5BF411106C61747AC
:10207000FE1F0347272FA1476310F7049747FE1F52
:1020800083C7872F858B1746FE1F03461631974659
:10209000FE1F83C68630B5C79747FE1F9387C72F9D
:1020A000C84325C1834515000905192511C5854774
:1020B0001747FE1FA308F72A1747FE1F0347872A63
:1020C0009947631CF7009747FE1F93872735FC5FEE
:1020D00083C7B70095CBEFF06FEE1747FE1F03479E
:1020E00067289D476312F7029747FE1F93870733C0
:1020F00083A7070983C7770081CBB24041016FB046
:10210000F0218145014555B7B240410182801387D6
:10211000C1AC1C43B44BE19AB4CB944393E6860024
:1021200094C39C438D83858B89C701000100010006
:102130000100938701AC94439C4293F7F7E793E740
:1021400007089CC2938741AD9043B706CEFFFD16AA
:102150001C46F58F1CC61C4313070008B8CB938799
:1021600081AC9C4399CBD44390479842518F98C2FD
:10217000944BDC4B9842D98F9CC29747FE1FA38299
:10218000071E82809387C1AC9C439C438D8BF9CB07
:10219000411122C426C206C61747FE1F0347771CFB
:1021A0008D47AA841744FE1F1304441B631BF700CA
:1021B0009747FE1F9387471C9C4B01468145454529
:1021C000829719476392E4049747FE1F83C79719C4
:1021D00099CB9747FE1F83C7E718639697009747E9
:1021E000FE1FA38107188347740021476318F70077
:1021F000930780101747FE1F2316F7162244B2409C
:10220000924441016FF0BFF09D47639FF4009747F0
:10221000FE1F83C73715E1DB1747FE1F03478714EF
:102220008D47E312F7FC65BF83467400630BD7004C
:10223000034774006387E700834774002147E31F67
:10224000F7FA9747FE1F83C7F711CDFB834774004A
:102250001747FE1F2308F71085471747FE1FA303E4
:10226000F71069BF8280011122CC2A8411452EC645
:1022700032C436C206CEEFF0FFF0938701AC9C4328
:10228000B7083300D857719B13671700D8D7138747
:10229000C1AC08431307000A78D198431377F7E7D6
:1022A00098C398431377F7E71367071098C313870A
:1022B00041AD1843B2459246032887002246336851
:1022C0001801232407011308A00D23280505C9CDF3
:1022D0004C5713640404F5994CD71377F4078043E3
:1022E000137404F8598C3747767180C3130797121B
:1022F00098C737575500130757551744FE1F130447
:10230000E405D8C35C48B6853CD99747FE1F2388AF
:1023100007049747FE1FA38407045C41F99B5CC137
:10232000914701451747FE1FA30DF70297F0FD1FC8
:10233000E780E0CD938781AC984311C75443184799
:102340009C42D98F9CC283473400858B91CB9747A1
:10235000FE1F83D7270D85071747FE1F2314F70C91
:10236000F2406244056182804C57F5994CD713774F
:10237000F4078043137404F8598C37C7898E80C3DF
:10238000130767EDB5B7011126CA4AC84EC6C16426
:102390003709006AB70900AC22CC52C406CE054406
:1023A000FD141309690E9389E90C130A000205E470
:1023B0009305000F4145EF00EFB1B7B7006A420542
:1023C000938767CE5D8DF2406244D2444249B24960
:1023D000224A05618280A6850145EF00EFB193177F
:1023E000850013F7071033E5270119C333E53701DB
:1023F00081470147E145B356F50085073356F5009F
:10240000858A058A6307D60005071377F70F63E40B
:10241000E504E39247FF81471306F003ED46335787
:10242000F5001377F70305CB6307C7028507E39829
:10243000D7FE135785009377F50F1377F70FE394C3
:10244000E7F8135705011377F70FE39EE7F61357E5
:102450008501E39AE7F605041374F40F89BF174763
:10246000FE1F034717F0A5476303F70C9747FE1FAE
:102470009387C7EE83C777001147630AF70A9387EC
:10248000C1AB9843B7C70040938707306311F70A81
:102490004111354506C622C426C24AC0EFF09FCE80
:1024A000138901ACED289D29EFF04FF9832709002E
:1024B000F576FD169843938441AD1384C1AC758FB6
:1024C00098C39843B70633001377F7E798C3984348
:1024D0001377F7E71367071098C398401C47D58F09
:1024E0001CC71C401307D00DB8CB9D25EF104036FC
:1024F000792B2525032709001C4393F7F7E793E77A
:1025000007081CC394403707CEFF7D179C46B24096
:102510009244F98F9CC61C40130700082244B8CB94
:102520009747FE1FA38F07E2024941018280828004
:10253000238201AC23A401ACB7C700401387073046
:1025400023AEE1AA1387072023A6E1AC93870710E7
:1025500037D70040411123AAE1AC23A0F1AC06C655
:102560001747FE1F130787DF8547A303F700974729
:10257000FE1F9387E7BE9C431CCF938707115CCB5C
:10258000EFF0FFEDB7E700E037071000B24023A0FF
:10259000E7103707200023A0E710410182809387CE
:1025A000C1AC9C431307C00893066007D8CBD4CFB7
:1025B000D8D31306C003D0D7D8DBD0DFF8C3174772
:1025C000FE1F1307A7D9184FF4C7F8DB41677D1723
:1025D00098C73D673D07D8C737E700E0D5472309CF
:1025E000F70497F7FD1F938727EC93E717003CD775
:1025F0008280938741AD98431746FE1F1306C6D7C6
:10260000938701AC94438347160013F8F707D9C5A5
:1026100088425C42137505F83365050188C213F5DD
:10262000150001C993F5050341456396A5069387F7
:1026300007834C574168130808A093E525004CD741
:10264000B3D50703B70810FEFD18B3F70703FD89DC
:10265000139545016C43B3F51501C98D6CC3930502
:10266000A00F3705FCFFAA07B3D7B7026C43E98D6B
:10267000BA07B983CD8F7CC383470600898B99CB7A
:102680009C4293F7F70713E707049C4293F707F878
:10269000D98F9CC28280938787C161BF5C57F59BAD
:1026A0005CD79C4293F707F8B3E707019CC2E9B7F0
:1026B0009747FE1F938787D683A7470A85C305459B
:1026C00082800545B250225492540259F249624A1E
:1026D000D24A424BB24B224C4561828079714AD03A
:1026E0001749FE1F130949C98327890006D622D43A
:1026F00026D24ECE52CC56CA5AC85EC662C4F1D358
:102700001384C1AC1C4098430D8B05C3B84B619B2F
:10271000B8CB98431367870098C39C438D83858B00
:1027200089C70100010001000100138C01AC0327DF
:102730000C00138A41AD368B1C43B7063300B28BB5
:1027400093F7F7E71CC31C43AE89AA8A93F7F7E710
:1027500093E707101CC303270A009744FE1F9384C6
:10276000A4C31C47D58F1CC71C401307900DB8CBC2
:102770009747FE1F83C707C3918B89EB9745FE1FC1
:1027800083C585BF93F705046398071481451745F2
:10279000FE1F034575BEEFF0DFE51745FE1F03453D
:1027A000A5BD118501469745FE1F83C5A5BE0D89B0
:1027B000EFF0CFF503270A005C4393F7F7EF5CC314
:1027C0000100010001000100010001000100010001
:1027D00003270A005C4393E707105CC383270C00C0
:1027E0000327890098C70327C900D8C31840834727
:1027F000090093F617005C43F99BD58F5CC397479C
:10280000FE1FA38C77B99747FE1F238867B95C43E7
:10281000858BA9CFDC4085E31745FE1F034595B79F
:1028200093059004090597F0FD1FE780A0CF974717
:10283000FE1F23A5A7B6DC40E38507E81747FE1F68
:102840000347A7B52380E700DC40638E0A08638C4A
:102850000908A3803701C8404E86D685090597E050
:10286000FD1FE780E0F21C40D840B8DB3545EFF0B3
:102870007F9183C7E40093E747001747FE1F2304B7
:10288000F7B2930700041747FE1F2309F7AC9747D9
:10289000FE1F238707ACA1471747FE1FA303F7AC12
:1028A0009747FE1F9387C78B9C5791CB13060064F5
:1028B000C1451745FE1F034525AFEFF0EEF09747E2
:1028C000FE1FA38F07A89747FE1FA38907A81C40D8
:1028D0000547014598C3FDB393F5050393E515003E
:1028E000032549004DBDA3800700B5BF938741ADC7
:1028F0009443056713071710D8C6514701007D1789
:1029000075FF984323260700514701007D1775FF87
:1029100098438567938717105CC78280411106C66C
:10292000EFF0DFFC938741AD9C431307004837036A
:10293000009098D7B8477D13370E00203377670093
:102940003367C701B8C7B847B70600F9FD16758FDA
:1029500037060004518FB8C7B8473706F9FF7D1610
:10296000419B13679700B8C7B847B7080080B70EF8
:102970000002718FB8C7B847370600FF7D1633676E
:102980001701B8C7F84745757D1E619B136737006F
:10299000F8C7F8471377F7F813670703F8C7EC474A
:1029A00093F5F58F93E50530ECC7F847718FF8C7BD
:1029B000F84711663367D701F8C703A8070513075F
:1029C000F5FF7D753378E8003368C80023A8070554
:1029D00003A847057D15137808FF1368C80023AACC
:1029E0000705F04B13660608F0CBF04B698EF0CB71
:1029F000C85F798D2167598DC8DFCC5F37070040EC
:102A0000F58DB3E5D501CCDFD05FB7057000337627
:102A1000C601598ED0DFD05709674D8ED0D7D05719
:102A2000F18ED4D7D45775767D16F18ED98ED4D742
:102A3000D4573706FDFF7D1637070200F18ED98E79
:102A4000D4D7945BC19A94DB945B93F6F6F094DB55
:102A5000945B93F6F68F94DB985BB70600504D8F2E
:102A600098DB985B33776700558F98DB985FB706E4
:102A700008FFFD16758FB7068800558F98DF985FA1
:102A8000B368170123AC1703B2404101828013875A
:102A900041AD1C4341767D16B44BF18EB4CB9447C7
:102AA00037062000D18E94C7D44793E60601D4C7D9
:102AB000D447BD9AD4C701000100010001001443AE
:102AC0000566DC4693E70701DCC6DC42D18FDCC239
:102AD0009387C1AC9043930700057CD27C5291C789
:102AE00083A7C609A183858BF5DB010001000100E6
:102AF00001001C43416603A7C709B44BD18EB4CB78
:102B00009376F701B84B019B558FB8CB9847B70622
:102B1000E0FFFD16758F98C78280938741AD9C4377
:102B200041777D17B44F4166F98EB4CF9447D18E6B
:102B300094C7D44793F6F6EFD4C7D443758FD8C360
:102B4000D44793E60610D4C7D843518FD8C38280A8
:102B5000397122DC138441AD1C4006DE26DA4AD8E6
:102B60004ED652D456D25AD05ECE62CC66CA6AC80D
:102B70006EC6D843FD76FD161377F7EFD8C3985786
:102B8000758F98D7D857B70602003D9BD8D798477E
:102B9000558F98C7D84313670701D8C3138701AD72
:102BA00014433757341213078767E38FE648D84337
:102BB00081749384F40F799BD8C3985FB166938630
:102BC00006F0658F558F98DFD84313671700D8C379
:102BD00097F0FD1FE780E0911C4003A707091377DA
:102BE000F703238CE1AC03A7470929831377F70781
:102BF000A38DE1ACD843B96693860670799BD8C3A0
:102C0000985F658F558F98DFD84313671700D8C337
:102C100097F0FD1FE780E08D1C4003A7070913779D
:102C2000F703238DE1AC03A7470929831377F7073F
:102C3000A38EE1ACD843B56693860630799BD8C3A2
:102C4000985F658F558F98DFD84313671700D8C3F7
:102C500097F0FD1FE780E08918408327070993F765
:102C6000F703A38CF1AC83274709A98393F7F707F0
:102C7000238EF1AC1C4003CC91AD83C681AD03A77C
:102C8000070AB386864113F6F600419B518F23A0B5
:102C9000E70A130760023387E6021306700283A572
:102CA000070A7D7E130EFE0F93F5F5F01305400223
:102CB00045737D13130430023347C702B708F1FF91
:102CC000FD1813082002930E10027D4FF94FF542B4
:102CD000F1436D4DD14B454BBD443949314AAD4A65
:102CE000B5493D8B12074D8F9305500223A0E70A8B
:102CF0003387B60283A5070AB3F5C5013347C70278
:102D00003D8B22074D8F23A0E70A3387A60283A5B8
:102D1000070A370500F17D15B3F565003347C70293
:102D20003D8B32074D8F23A0E70A3387860283A5A8
:102D3000070A6144B3F515013347C7023D8B4207CB
:102D40004D8F23A0E70A3387060383A5070A3708B8
:102D500010FF7D18B3F505013347C7023D8B5207BD
:102D60004D8F23A0E70A3387D60383A5070AB70E42
:102D70000010FD1EE98D3347C7023D8B62074D8F62
:102D800023A0E70A139756003347C7029315C701DC
:102D900003A7070A3377D7014D8F23A0E70A3387AC
:102DA000E6035D4F3347C7029375F70003A7470A51
:102DB000419B4D8F23A2E70A3387F60383A5470A79
:102DC000D94F93F5F5F03347C7023D8B12074D8F6E
:102DD00023A2E70A3387560283A5470AD542B3F5F3
:102DE000C5013347C7023D8B22074D8F23A2E70A57
:102DF0003387760283A5470ACD43B3F56500334791
:102E0000C7023D8B32074D8F23A2E70A3387A60303
:102E100083A5470A494DB3F515013347C7023D8BDA
:102E200042074D8F23A2E70A69473387E60283A54D
:102E3000470AB3F505013347C7023D8B52074D8F53
:102E4000E54523A2E70A3387B60283A5470AE98D41
:102E50003347C7023D8B62074D8F23A2E70A3387B2
:102E600086020D443347C7029315C70103A7470ADB
:102E70003377D7014D8F23A2E70A3387E603254F27
:102E80003347C7029375F70003A7870A419B4D8F0D
:102E900023A4E70A3387F60383A5870A9D4F93F59A
:102EA000F5F03347C7023D8B12074D8F23A4E70A85
:102EB0003387560283A5870A9942B3F5C501334784
:102EC000C7023D8B22074D8F23A4E70A3387760381
:102ED00083A5870AB3F565003347C7023D8B3207E8
:102EE0004D8F23A4E70A3387760283A5870A95438B
:102EF000B3F515013347C7023D8B42074D8F23A41D
:102F0000E70A3387A60383A5870A294DB3F5050190
:102F10003347C7023D8B52074D8F23A4E70A3387FF
:102F2000660383A5870AE98D3347C7023D8B620795
:102F30004D8F93954600B3C5C50223A4E70A03A7A6
:102F4000870A3377D701F2054D8FB385960223A404
:102F5000E70A03A7C70A419BB3C5C502BD894D8FC8
:102F600023A6E70A3387260383A5C70A93F5F5F05E
:102F70003347C7023D8B12074D8FB3C5860223A688
:102F8000E70A03A7C70A3377C701BD89A2054D8F9A
:102F900023A6E70A3387460383A5C70AB3F565006E
:102FA0003347C7023D8B32074D8F23A6E70A33878D
:102FB000560383A5C70AB3F515013347C7023D8BF6
:102FC00042074D8F23A6E70A3387A60383A5C70AC6
:102FD000B3F505013347C7023D8B52074D8F23A63A
:102FE000E70A3387E60383A5C70AE98D3347C7029B
:102FF0003D8B62074D8F93953600B3C5C50223A65E
:10300000E70A03A7C70A3377D701F2054D8FB385C7
:10301000F60323A6E70A03A7070B419BB3C5C50226
:10302000BD894D8F23A8E70A3387560283A5070B76
:1030300093F5F5F03347C7023D8B12074D8F23A858
:10304000E70A3387760283A5070BB3F5C50133473B
:10305000C7023D8B22074D8F23A8E70A139726004E
:103060003347C70283A5070BB3F565003D8B3207D5
:103070004D8FB3C5360323A8E70A03A7070B3377A1
:103080001701BD89C2054D8F23A8E70A13971600C3
:103090003347C70283A5070BB3F505013D8B5207E4
:1030A0004D8FB3C5C60223A8E70A03A7070B698F94
:1030B000BD89E2054D8F23A8E70A03A7070B9305F7
:1030C00080023377D70123A8E70A03C7A1AD3307EE
:1030D000EC40B34DB70283AC470B93FC0CFFB34BF2
:1030E000770393FDFD00B3ECBC0123AA970B83ACDF
:1030F000470BCD4D93FCFCF093FBFB00920BB3EB25
:103100007C0123AA770BB30B870283AC470BB3FC7C
:10311000CC01B3CBBB0293FBFB00A20BB3EB7C0156
:10312000B34CA70323AA770B83AB470BB3FB6B000E
:1031300093FCFC00B20CB3EB9B0123AA770BA14BD1
:10314000B34B770383AC470BB3FC1C0193FBFB0031
:10315000C20BB3EB7C0123AA770BB30B570283ACF2
:10316000470BB3FC0C01B3CBBB0293FBFB00D20BB0
:10317000B3EB7C0123AA770BB30BF70383AC470BAC
:10318000B3FCAC00B3CBBB0293FBFB00E20BB3EB95
:103190007C01B34C770223AA770B83AB470BB3FBBD
:1031A000DB01F20CB3EB9B01B30CE70323AA770B13
:1031B00083AB870B93FB0BFFB3CCBC02B30A570363
:1031C00093FCFC00B3EB9B0123AC770B914B83ACDE
:1031D000870B93FCFCF0B34B7703330A470393FB55
:1031E000FB00920BB3EB7C0123AC770B83AB870B1B
:1031F000D54CB3FBCB01B3CABA02B309370393FA78
:10320000FA00A20AB3EA5B0123AC570B83AA870B2F
:10321000D94BB3FA6A00334ABA0233092703137A47
:10322000FA00320A33EA4A0123AC470B03AA870BA0
:10323000E14A337A1A01B3C9B902B304970293F988
:10324000F900C209B3693A0123AC370B83A9870B94
:10325000654AB3F909013349B902B3C4B402137919
:10326000F900520933E9290123AC270B03A9870B85
:10327000E9493379A900330B6703BD88E204B364DD
:1032800099001319470023AC970A83A4870BB3F462
:10329000D4013349B902334BBB027209B3E42401B0
:1032A00023AC970A83A4C70BC198137BFB0033EBB5
:1032B0006401C944B304970223AE670B03A9C70B8B
:1032C0005D4B1379F9F0B3C4B402BD889204B364C2
:1032D000990023AE970AB304B70303A9C70BF54DB2
:1032E0003379C901B3C4B402BD88A204B3649900A0
:1032F00023AE970A8944B344970203A9C70B3379D5
:103300006900BD88B204B364990023AE970AB30480
:10331000970303A9C70BF94C33791901B3C4B4025D
:10332000BD88C204B364990023AE970AB30477033F
:1033300003A9C70BFD4B33790901B3C4B402BD889F
:10334000D204B364990023AE970AB304670303A9B8
:10335000C70B130B10023379A900B3C4B402BD88A4
:10336000E204B364990023AE970AB304570303A998
:10337000C70B930A20023379D901B3C4B402F20413
:10338000B364990023AE970AB304470303A9070C5B
:10339000130A3002137909FFB3C4B402BD88B364C1
:1033A000990023A0970CB304370303A9070C9309D2
:1033B00040021379F9F0B3C4B402BD889204B36437
:1033C00099006D4923A0970CB304270303A9070CA8
:1033D0003379C901B3C4B402BD88A204B3649900AF
:1033E00023A0970CF144B304970203A9070C337987
:1033F0006900B3C4B402BD88B204B364990023A0C9
:10340000970CB304B70303A9070C33791901B3C4AC
:10341000B402BD88C204B364990023A0970CB3041E
:10342000970303A9070C33790901B3C4B402BD881B
:10343000D204B364990023A0970CB304770303A9C3
:10344000070C3379A900B3C4B402BD88E204B364A5
:10345000990023A0970C93145700B3C4B402139996
:10346000C40183A4070C3306C702B3F4D401B3E448
:10347000240123A0970C03A9470C137909FFB30477
:103480006703B3C4B402BD88B364990023A2970C48
:10349000B304570303A9470C1379F9F0B3C4B4027A
:1034A000BD889204B364990023A2970CB304470328
:1034B00003A9470C3379C901B3C4B402BD88A2047F
:1034C000B364990023A2970CB304370303A9470CF4
:1034D00033796900B3C4B402BD88B204B3649900FF
:1034E0001309500223A2970CB304270303A9470C26
:1034F00033791901B3C4B402BD88C204B36499001E
:1035000023A2970C93046002B304970203A9470C0B
:1035100033790901B3C4B4023346B602BD88D2047C
:10352000B364990023A2970C83A4470CE98C3D8ACD
:103530006206458E23A2C70C03A6470C9314C7014D
:103540003376D601458E23A2C70C130690023306AC
:10355000C70283A4870CC1983346B6023D8A458EC4
:1035600023A4C70C1306A0023306C702B345B60254
:1035700003A6870C1376F6F0BD899205D18D23A49E
:10358000B70C83C5C1AD03C6D1AD3386C540B30406
:10359000A60303A9870C3379C901B3C4E40293E4F9
:1035A0008400BD88A204B364990023A4970CB304DB
:1035B000E60303A9870C33796900B3C4E40293E4FA
:1035C0008400BD88B204B364990023A4970C9314BB
:1035D0003600B3C4E40203A9870C3379190193E4DC
:1035E0008400BD88C204B364990023A4970CB3047B
:1035F000F60303A9870C33790901B3C4E40293E409
:103600008400BD88D204B364990023A4970CB3044A
:10361000560203A9870C3379A900B3C4E40293E4EA
:103620008400BD88E204B364990023A4970CB3041A
:10363000760203A9870C3379D901B3C4E40293E479
:103640008400F204B364990023A4970C9314260019
:10365000B3C4E40203A9C70C137909FF93E48400FF
:10366000BD88B364990023A6970CB304860203A90E
:10367000C70C1379F9F0B3C4E40293E48400BD8865
:103680009204B364990023A6970C93141600B3C454
:10369000E40203A9C70C3379C9013347E60293E476
:1036A0008400BD88A204B364990023A6970C03A6E6
:1036B000C70C33766600136787003D8B3207518F46
:1036C00023A6E70C03A7C70C3377170123A6E70C43
:1036D00003C7B1AD0D8F3346D70293F5F507E20569
:1036E0003D8A9314460103A6C70C33048702337640
:1036F0000601458E23A6C70C1316170083A4C70C1A
:10370000E98C3346D6023D8A6206458E23A6C70C55
:1037100003A6C70C3344D402B37ED6011316270088
:10372000B3037702720433E48E0023A6870C33467A
:10373000D602B3025702937EF60003A6070D419A04
:103740003366D60123A8C70C03A6070DB3C3D30263
:103750001376F6F0B3C2D20293F3F3009203B3638D
:10376000760023A8770C03A6070D337EC601B30F9E
:10377000F70393F2F200A202B3625E0023A8570C93
:1037800003A6070D3373660013163700B3CFDF02AD
:10379000330FE70393FFFF00B20FB36FF30123A8CA
:1037A000F70D03A3070DB37813013346D602330D8B
:1037B000A7033D8A420633E6C80023A8C70C03A628
:1037C000070D33780601334FDF02B346DD02137F66
:1037D000FF00520F336FE80123A8E70D03A7070D81
:1037E000798DBD8AE206C98E23A8D70CD843856699
:1037F0003D9BD8C3D843799BD8C39857558F98D74A
:10380000D857B7060081FD1613670701D8D713777D
:10381000FC0303AC8703137C0CFC336CEC0023AC7F
:103820008703985F758FD98D8CDF6254F250D25424
:103830004259B259225A925A025BF24B624CD24C14
:10384000424DB24D2161828023A801AC6FF08FC23E
:10385000138741AD1443DC4293F7F7EFDCC201005C
:10386000010018435C4393E707105CC38280411159
:1038700006C6EF00E07393056040EF20400EB240B3
:103880000145410182806F00607819C591C509C664
:103890008357060001459DE301110565C9471306DD
:1038A000F100130555C3854506CEA307F100EF20AF
:1038B000C00AF2400345F100056182808280011157
:1038C0009737FE1F2382A7BA05651306F10013057B
:1038D00095C4854506CEA3070100EF200008F240FD
:1038E0000345F1000561828001111305910006CEA8
:1038F000EF0040742304A1000565300025059D45B7
:10390000EF20A005F240034581000561828001118E
:103910009305F10006CE22CC2A84EF00E073230643
:10392000A1000565A30681007000218013055540A4
:10393000914523078100EF204002F2406244034595
:10394000C1000561828001111305D10006CEEF0090
:10395000C0722306A1000965700009059145EF10AA
:10396000D07FF2400345C10005618280011106CE7F
:10397000EF000073A307A10009651306F100150508
:103980008545EF10907DF2400345F100056182808E
:10399000011106CEEF00C07BA307A1000965130645
:1039A000F10029058545EF10507BF2400345F100F9
:1039B00005618280011106CEEF003009A307A10046
:1039C00009651306F10039058545EF101079F240BD
:1039D000014505618280011106CEEF007042A30708
:1039E000A10009651306F10041058545EF10F07649
:1039F000F2400345F10005618280011106CEEF001F
:103A00005020A307A10009651306F100450585456F
:103A1000EF10B074F2400345F1000561828041115E
:103A200006C622C4EF00B0268965CD052A84EF10B2
:103A300010732285B2402244410182800111130596
:103A4000510006CEEF0010412302A100096550008D
:103A50006105A545EF107070F24001450561828057
:103A6000411106C6EF0070428965E505EF10306F21
:103A7000B240014541018280011106CE22CC2A8448
:103A8000EF00D0552306A1000965A3068100700050
:103A9000218069058D4523078100EF10106CF240ED
:103AA0006244014505618280011106CE22CC2A8440
:103AB000EF0090652306A1000965A3068100700050
:103AC00021806D058D4523078100EF101069F240BC
:103AD0006244014505618280011106CE22CC2A8410
:103AE000EF0020792306A1000965A306810070007C
:103AF0002180130505028D4523078100EF10F06535
:103B0000F2406244014505618280011106CE22CC5B
:103B10002A84EF00100B2306A1000965A30681008B
:103B200070002180130515028D4523078100EF10D9
:103B3000D062F2406244014505618280011106CEE7
:103B4000EF009061A307A10009651306F1001305BA
:103B500075028545EF107060F2400345F100056184
:103B60008280011106CEEF00706AA307A1000965EB
:103B70001306F100130595028545EF10105EF24023
:103B80000345F10005618280011106CEEF00D06C83
:103B9000A307A10009651306F1001305D5028545A9
:103BA000EF10B05BF2400345F10005618280011126
:103BB00006CEEF007070A307A10009651306F1009F
:103BC0001305E5028545EF105059F2400345F10019
:103BD00005618280011106CEEF00F072A307A100FB
:103BE00009651306F100130515038545EF10F0561E
:103BF000F2400345F10005618280411106C622C4EE
:103C0000EF00F0748965938525032A84EF10305501
:103C10002285B240224441018280011106CEEF107C
:103C2000E02DA307A10009651306F1001305750334
:103C30008545EF109052F2400345F1000561828006
:103C4000011106CEEF106042A307A100096513061B
:103C5000F100130585038545EF103050F240034510
:103C6000F10005618280011106CEEF10005AA30712
:103C7000A10009651306F100130595038545EF10B2
:103C8000D04DF2400345F10005618280011106CE5E
:103C9000EF102072A307A10009651306F1001305B8
:103CA000E5038545EF10704BF2400345F1000561D7
:103CB0008280011106CEEF10007FA307A1000965E5
:103CC0001306F1001305F5038545EF101049F24086
:103CD0000345F10005618280011106CEEF10F0125C
:103CE000A307A10009651306F10013050504854526
:103CF000EF10B046F2400345F100056182800111EA
:103D000006CEEF10D021A307A10009651306F1002C
:103D1000130525048545EF105044F2400345F1009A
:103D2000056182809727FE1F239AA7720145828032
:103D3000011106CEEF107029A307A1000965130633
:103D4000F100130515058545EF103041F24003459C
:103D5000F10005618280011106CEEF105030A307FB
:103D6000A10009651306F100130525058545EF102F
:103D7000D03EF2400345F100056182805D7113037E
:103D8000D1031AD20343010786C61AD00343C106E2
:103D90001ACE034381061ACC034341061ACA0343D1
:103DA00001061AC80343C1051AC6034381051AC494
:103DB000030341051AC2034301051AC0EF00B060B6
:103DC000230EA10209657018130565038945EF10DC
:103DD000D038B6400345C103616182809727FE1F3A
:103DE00083D7676499E79307F01F1727FE1F231CEB
:103DF000F7629727FE1F83D70763A146014513F794
:103E000007108607C2073357D740C183598D13D691
:103E1000574013D79740318F058BFD161375F50F5B
:103E2000D98FF1FE1727FE1F231FF75E8280972789
:103E3000FE1F83D7675F81EBE17793C7F7FF1727F3
:103E4000FE1F2313F75E9727FE1F83D7E75DB94652
:103E500001451168194633F707018607C207335732
:103E6000D740C183598D13D7E74093D5F700058B11
:103E70002D8FFD161375F50FD98FE39EC6FC1727FE
:103E8000FE1F2313F75A8280011126CA4AC84EC664
:103E900056C29727FE1F9387674C06CE22CC52C48A
:103EA0005AC0AE893289B68AC44B35C9AD472A8417
:103EB00063EEA7021304F5FF1374F40F631D0906E4
:103EC000268A338B990063124B071379F900938686
:103ED000FAFF228523802401A380340193F6F60F94
:103EE0004E868545EFE02FB8014505A0B147630B2D
:103EF000F5029307600263E5A7001304E5FF6DBFB9
:103F0000930770024945E30BF4FAF2406244D2444D
:103F10004249B249224A924A024B05618280130407
:103F2000500269BF1304600251BFEFF03FEB230161
:103F3000AA00050A49BF8547631CF9004E86930510
:103F4000000F1385240097D0FD1FE780E087B5BFE1
:103F500089476316F9004E869305A00ADDB78D47A1
:103F6000631DF900268A338B9900E3004BF7EFF0CD
:103F70001FEC2301AA00050ACDBF91476316F90083
:103F80004E869305F00F75BF95476315F9004E8671
:103F9000814545BF99476315F9004E86BD4555B724
:103FA0009D474945E313F9F64E869305500551BFE9
:103FB000011106CE9317450163D40702EF70006428
:103FC000894719C9834605001147B1476396E60042
:103FD00095472300F500C947F2403E850561828080
:103FE0002EC6EF904058C94765D90347A500418BBD
:103FF00065D7B2458347B500230AB50491E7E94781
:104000002308F5008147C9BFED47DDBF011106CE8A
:1040100022CC2EC6EF90205501CDB2452A84EF80E8
:104020002013A305A4020145F24062440561828089
:104030004945DDBF1727FE1F1307473E81479946B5
:104040008345870E3306F50085072300B600050774
:10405000E398D7FE01458280011106CE2EC6EF906F
:10406000805011C983074503B24501452380F500FF
:10407000F240056182800945E5BF9727FE1F9387BF
:10408000270E03D707012300E50003D7070121838B
:10409000A300E50083C7F7002301F50001458280F6
:1040A00019E1494582809727FE1F93872737F84BF0
:1040B000411122C406C62A8409C70347C7003145F7
:1040C00025E3F85F09C70347B700314531EB83A704
:1040D000070989C783C777003145B9E38547194682
:1040E000A2851725FE1F130545421727FE1F23082B
:1040F000F73297C0FD1FE780A0698347540013077C
:10410000000C93F7070C6391E7021946A285172567
:10411000FE1F1305E53F97C0FD1FE780606701455F
:10412000B24022444101828081EB1946A2851725C5
:10413000FE1F1305453EC5B7130700044945E3912B
:10414000E7FE1946A2851725FE1F1305253DE1B799
:10415000411126C29724FE1F9384442C22C4E048B8
:1041600006C611C47C4813974700634C070CFC50EB
:1041700099E74945B240224492444101828009EDC9
:104180001305000FEF60807F6DD58347C500F5D321
:10419000EF6010230145F9BF0547E31CE5FC15EC72
:1041A000014582972A8445C185679387078023103C
:1041B000F502930700702317F5008D47230CF500D7
:1041C000A30A050219469725FE1F9385A5331305FB
:1041D000650397C0FD1FE780A05B0347C4008547C8
:1041E000E309F7F88347E400B98B95C30347E4007C
:1041F00085476318F70289472310F402224403A37A
:104200008406B24092441305000F41010283EF700F
:10421000D0159727FE1F83C717F68D8BE318F5FC83
:1042200089BF8357040211676375F7002310E40206
:10423000F1B7930600023E87E3FAD7FE13070002A8
:10424000F5B7314505BF1D4535B79727FE1F938745
:10425000E71C83A70709314581CF83C7770089CB46
:10426000411106C6EF90B023B24001454101828062
:104270008280011126CA4AC84EC652C456C25AC0CC
:104280002E89368BBA89BE8A06CE22CCB284428A67
:10429000EF90602D1307A9FF42078567418393863E
:1042A000A7C763EEE610938707C82A84494563E8E9
:1042B000970A63E6240B1307301F6362670B63E002
:1042C000370B93071B00B3879702139739008607B4
:1042D00063D7E70849C48347140113F747003DC774
:1042E000ED9BA308F4008347B400231A2407231B83
:1042F0009406D5EF03578406C167FD17630BF706D5
:10430000631999068357A403231BE404231CF404B4
:104310009727FE1F83D7871B8D46114763E5F6005D
:10432000850713F7F70FA30AE4042285EF70100640
:1043300083570404A907231FF4048327440A93E73F
:1043400017002322F40AC547A30EF400231C5407C8
:10435000231D4407231D6405231E34050145F24037
:104360006244D2444249B249224A924A024B056110
:1043700082808357440691CFB3D4F4024A87B3872F
:104380009702C207C1836373F9003E87231CE404CC
:1043900041B7B305990085814A85EFE0EEB5231C4E
:1043A000A404930584052685EF40607295B78327A2
:1043B000840A93E707022324F40AC14771B74945E9
:1043C00079BF01112EC606CEEF90E019B24509E57E
:1043D0004945F2400561828083471501A305B50276
:1043E00013F7470075D7ED9BA308F500BD472306DB
:1043F000F5028327850A93E727002324F50A014560
:10440000C9BF1727FE1F130767017C4B81CB83C6EB
:10441000C70089C683C6D700C947A1E27C5F89CBA4
:1044200083C6B70091C683C60701C947858A95E64A
:104430008327070981CB03C7770009C703C7D700C4
:10444000C94701EF1727FE1F034707099727FE1FDC
:1044500083C79708636AF7009D473E8582809D4722
:10446000F2403E85056182800111A304A100194636
:104470001305A10006CE97C0FD1FE780603128001C
:10448000EFD06FD58547E31CF5FC8147D1BF79712B
:1044900026D24AD04ECE06D622D42E89B28936C62E
:1044A0003AC43EC242C0EF90000CC94455C99305BE
:1044B000A9FFC20505662A84C1811305A6C7C944A0
:1044C0006360B50A130606C8636C360963EA2909F6
:1044D000B2469305301F63E5D50822476362E608BC
:1044E000138616003306260393153700635AB60663
:1044F00003461401B144058A25E60326440A1376CF
:10450000162039EE92470248231EE4040347B40004
:10451000231CF406231A2407231B3407231D040736
:10452000231DD4048347D401814459EF95EB83279D
:104530000410898B95CF31469305F00F130584063F
:1045400097C0FD1FE78040288327440A23140406F0
:1045500093E707202322F40AC947A30EF4008144FD
:10456000B2502254268502599254F2494561828004
:1045700063093905B385290185814A85EFE0CE9726
:10458000231CA404930584054E85EF4040549727CF
:10459000FE1F83D7A7F38D46114763E5F600850715
:1045A00013F7F70FA30AE4042285EF70205E835708
:1045B0000404A907231FF4048327440A93E7170080
:1045C00051BF231C2405E1B7C1FF83278410898BC9
:1045D00095C731469305F00F1305840697C0FD1F5C
:1045E000E780801E8327440A2314040693E70720EC
:1045F0002322F40ACD47A30EF4009DB7E9448DB7FA
:104600009727FE1F938787E1F84B01CB8346C700AE
:1046100089C60347D70049450DEFF85F09CB8346AC
:10462000B70091C6034707014945058B1DE383A7E2
:10463000070981CB03C7770009C783C7D70049455E
:1046400089EB411106C6EFD0CFC4B240014541010C
:1046500082808280411122C426C24AC006C62A89AD
:104660000144A1449305F00F0545EFE0AE86B30782
:1046700089002380A7000504E31694FEB24022447B
:1046800092440249014541018280011122CC4AC86D
:1046900006CE26CA2EC632893684EF80D06C630DD2
:1046A00005128347B500AA84B2450945DDEB2146D2
:1046B0001385F41897C0FD1FE780800DA38B241984
:1046C00013598900238C24198347E4000346D4003E
:1046D0008345F4008346C400A207420603C5C40410
:1046E000B297AE97E20603A7440AB69749C123A63C
:1046F000F40A8347A4008346940013670702A207C5
:10470000C206B6978346B400B69783468400E20695
:10471000B69723A8F40A8347640083465400A2078F
:10472000C206B69783467400B69783464400E206F5
:10473000B69723AAF40A8347240083461400A207ED
:10474000C206B69783463400B69783460400E20655
:10475000B69723ACF40A8547A386F40423A2E40A9F
:104760000145F2406244D24442490561828023A659
:10477000F40C8347A4008346940013678700A207C4
:10478000C206B6978346B400B69783468400E20615
:10479000B69723A8F40C8347640083465400A2070D
:1047A000C206B69783467400B69783464400E20675
:1047B000B69723AAF40C8347240083461400A2076B
:1047C000C206B69783463400B69783460400E206D5
:1047D000B69723ACF40C59B7094561B7011106CE61
:1047E0002EC6EF805058630F05108346B50005476D
:1047F000AA87B24505456391E60A83C607011307F8
:1048000040020145639AE60803C7E50083C6D50068
:104810002207C206369783C6F500369783C6C500C1
:10482000E206369783C6D704BDCA23A6E70A03C7A4
:10483000A50083C695002207C206369783C6B50039
:10484000369783C68500E206369723A8E70A03C792
:10485000650083C655002207C206369783C67500D9
:10486000369783C64500E206369723AAE70A03C7B0
:10487000250083C615002207C206369783C6350079
:10488000369783C60500E206369723ACE70A13077E
:10489000A0022388E7000145F2400561828023A63B
:1048A000E70C03C7A50083C695002207C20636970A
:1048B00083C6B500369783C68500E206369723A8DF
:1048C000E70C03C7650083C655002207C20636976A
:1048D00083C67500369783C64500E206369723AA3D
:1048E000E70C03C7250083C615002207C2063697CA
:1048F00083C63500369783C60500E206369723AC9B
:10490000E70C71B7054549BF411106C6EF80B045B8
:1049100031C18346B5000547AA8709456399E60278
:1049200083C60701130740026393E6020D472386FF
:10493000E7021947A385E702130750022388E7001F
:1049400003C7A7020145136717002385E702B2409A
:10495000410182800945E5BFAA871728FE1F034849
:10496000F8AB1725FE1F130565AB2A8763080802FD
:10497000684911C50348C500314563180808685FD8
:1049800011C50348B500314563110808032507091F
:1049900011C5034875003145631908069728FE1FA5
:1049A00083C808B41728FE1F034898B31D4563FE4B
:1049B00008050327870D49451377070439C75D713B
:1049C000A6C22800B284194686C6A2C4A303F10079
:1049D000368497C0FD1FE780A0DBA6851305E102A2
:1049E000414697C0FD1FE780A0DAA2851305E101CB
:1049F000414697C0FD1FE780A0D94800EFA00051B5
:104A0000B640264496446161828082809726FE1FCC
:104A100083C6D6A08DCA1727FE1F130727A0BA8703
:104A2000784B09C70347C700494515E7F85F09C731
:104A30000347B700494505E383A7070989C783C72B
:104A40007700494589EB411106C6EFA0E061B2400D
:104A500001454101828082809727FE1F9387079C32
:104A60009726FE1F83C6969B3E8785C6FC4B89C74B
:104A700083C6C700C94785EE7C5F89C783C6B70078
:104A8000C94795E68327070989C783C67700C947C1
:104A900099EE9727FE1FA383A7988327070E11C9B6
:104AA00093E707601727FE1F232AF7A481473E8557
:104AB000828093F7F79FFDB7130700643305E50283
:104AC00041119727FE1F9387679522C403A4870C83
:104AD00026C24AC006C6BE841309F00F1727FE1F60
:104AE0002328A79601E8B240224492440249014596
:104AF000410182800345040063052501CC58EFD0B5
:104B0000EEBA405CC5B79727FE1FA385A79493779D
:104B100015001727FE1F1307679081EF8347C70310
:104B2000ED8F6384B700494582809726FE1F23845A
:104B3000F69293772500014591EB8347D703F18FD8
:104B4000E393C7FE9727FE1FA387C79082800111BA
:104B500006CE2EC632C436C23AC0EF80D02035C150
:104B6000B2450247924693F7150099EB22469D47BE
:104B700063F6C7004545F240056182802302C514F3
:104B8000898991E59D47E3E7D7FEA302D51401CFBC
:104B90009727FE1F83D7A78C7D8F0D8B8547631FBB
:104BA000F7002314E5148547230FF5008327450AF2
:104BB0000567D98F2322F50A014575BF2314051413
:104BC000DDB749454DBF5D71A6C29724FE1F938492
:104BD000E48403A34405CAC04EDE62D466D26AD020
:104BE00086C6A2C452DC56DA5AD85ED66ECE030C04
:104BF00041058349810503490106834CC106034DE4
:104C0000010763090302032343051314530063538D
:104C100004023143B640264496440649F259625A8A
:104C2000D25A425BB25B225C925C025DF24D1A8505
:104C3000616182800D4E4943E36EFEFC93FD0501E8
:104C4000638D0D08054EE397C9FD3AC6468B42C4F5
:104C50003EC2B68BB28A2E842AC0EF5030522A8AC6
:104C6000324719E9FC50054582972A8A1D435DD1D8
:104C7000824732472304F500930500026391BB028B
:104C80008D456310B90A0355CA019305900F1303AC
:104C90005004E3E1A5F80355EA01E3EDA5F69375A9
:104CA000F40F2300BA0663810D1C3D88154563127D
:104CB000A408130510F82307AA004543E3EC5BF5AD
:104CC0007D454543E37855F51165E36575F5338614
:104CD0005B0105822310CA02B5A093FE350049434B
:104CE000E38ACEF393FE8500E3960EF26392C90346
:104CF00003C3C40313734300E30D03F0E30739F563
:104D00000943E31469F403C3C4031373230039A0F4
:104D1000E318C9FF03C3C40313734300E31703F28B
:104D2000CDBD8545E31DB9F60355CA019305D02EC7
:104D3000B9BF35456310A41285462307DA008946BA
:104D40002310DA02A307EA00631507160547230CB0
:104D5000EA0093F5050281E59247A30AFA02194693
:104D600081455A8597C0FD1FE78020B06314051662
:104D7000A2470547230EEA02A30EFA021946DA8576
:104D80001305EA0397C0FD1FE78080A003470105D4
:104D9000A306EA001307F0076311EC141717FE1FB0
:104DA0001307073C03474701D6572380E700030555
:104DB0005A01EFC07FFA2304AA06EFC03FF3D6578B
:104DC000A30AAA000D472380A7006391E912638D0F
:104DD0000C0093F61C0099C603C7C403218B19E38A
:104DE000E3893CE32305DA0609472302EA06034781
:104DF000C105A302EA0603470A06418B1DEB130710
:104E0000F9FF1377F70F89464943E3E5E6E08D465E
:104E10006313D90E630D0D0013761D0019C683C6EA
:104E2000C403A18A99E2E3062DDFA305CA06A30104
:104E3000EA0603474106B70600080143A300EA0655
:104E400003478106A303EA0603274A05558F232A51
:104E5000EA04C9B309456314A4001945A9BDE30CCC
:104E600004E423070A0091BD1D452307AA0013F897
:104E7000150013F54500630B0800114811C10548E2
:104E8000A30F0A050545230FAA0405BD13F8250045
:104E900063090800094811C11548A30F0A0509450F
:104EA000DDB70D4811C11948A30F0A05230F0A04E5
:104EB00029B5230C0A0081460D453356D740058A93
:104EC00011C603468A010506230CCA008506E3962F
:104ED000A6FE41B5230E0A0255BD19476345870159
:104EE000A30A8A01E9B5A30AEA00D1B523050A0697
:104EF00023020A06EDBDA3050A0615BF9717FE1F7C
:104F00009387C751F04B01114EC606CE22CC26CA5C
:104F10004AC852C4BE8911C67C4A13965700634ED4
:104F200006003A8AB6842E89EF5050252A8419ED5E
:104F300083A749051305200491C33145F24062441B
:104F4000D2444249B249224A056182800347E500C2
:104F5000854701453D8BE303F7FE03470406418B7C
:104F600041CB8D476304F9004945C9BFFD47E3EDD7
:104F700097FE231E04008D476316F90CC5CC83579A
:104F8000C4011717FE1F035707511D45B38697002D
:104F9000E346D7FA0347C40015C783560402130734
:104FA00000026391E602034734068D466319D70A6F
:104FB0001307900F13055004E362F7F88357E401D9
:104FC000E36EF7F68D471D45E31AF9F69305800C5D
:104FD0000545EFD02EF08357C40612052324440361
:104FE0008507BD8BC98F2316F406231E940089A85C
:104FF0001377D90FE30FF7F611476315E9047848E3
:1050000093167700E3C206F60347C400E31EF7F4E5
:105010008357C401B1DBA9F89305800C0545EFD097
:105020006EEB8357C40612058507BD8BC98F231607
:10503000F40639A07C48370700FF7D17F98F7CC83C
:105040000145EDBD9307D9FF93F7F70F0547E378C7
:10505000F7F299D88347C400E393E7F2F9BD854698
:10506000E312D7F61307D02EB1B79717FE1F938719
:10507000E73AF04B01114EC606CE22CC26CA4AC8EA
:1050800052C4BE8911C67C4A13965700634E06006F
:105090003A8AB6842E89EF50700E2A8419ED83A7C0
:1050A00049051305200491C33145F2406244D244BE
:1050B0004249B249224A056182800347E50085479B
:1050C00001453D8BE303F7FE03470406418B55CFB3
:1050D0008D476304F9004945C9BFFD47E3ED97FEDD
:1050E000231F04008D47631CF90EF5C08357E401AC
:1050F0001717FE1F0357273A1D45B3869700E3464F
:10510000D7FA0347C40015C78356040213070002E9
:105110006391E602034734068D466310D70E83562B
:10512000C4011307900F13055004E360D7F8E36E32
:10513000F7F68D471D45E31AF9F65C548DC7834792
:105140006406898B8DC3085819CD8347A50081CF8C
:10515000EF90F0550C58194613056403B10597B04C
:10516000FD1FE780E0629305800C0545EFD08ED6E9
:105170008357C4061205232644038507BD8BC98FB8
:105180002316F406231F940089A81377D90FE30987
:10519000F7F411476315E904784893166700E3CCE8
:1051A00006F20347C400E318F7F28357E40185D7FA
:1051B0009DF09305800C0545EFD0CED18357C406F2
:1051C00012058507BD8BC98F2316F40639A07C48CC
:1051D000370700FE7D17F98F7CC80145F9B59307A5
:1051E000D9FF93F7F70F0547E372F7F0E38504EE75
:1051F0008347C400E39CE7EE45BD8546E31BD7F239
:105200008356C4011307D02E39BF5D71A6C297140F
:10521000FE1F9384A42003A8440586C6A2C4CAC066
:105220004EDE52DC56DA5AD85ED662D466D26AD0E6
:105230006ECE630808028327480513945700635213
:1052400004023145B640264496440649F259625A52
:10525000D25A425BB25B225C925C025DF24D6161AC
:1052600082803AC632C493771500B68989C76391A4
:1052700005104945C1BF91E9A04C19E00145D9B7D6
:105280002285EF50F0130040CDBFE30908FE4285B0
:10529000EF501013E5B77849B70700037D8F55F33A
:1052A0000347F505630487016315970103D7EA01F6
:1052B00049DB03C75A036301270903C7EA006319DF
:1052C0002701131714004E9703570700E3E3EDFA85
:1052D000B8547D141374F40F45CB93161A00B69985
:1052E00003D70900B2479305800C2397EA063E9A3C
:1052F00003470A00054523980A06A384EA06EFD06F
:105300006EBD03D7CA061205264405073D8B498F9B
:105310002396EA0603A3840603C50B00B640964411
:105320000649F259625AD25A425BB25B225C925CE5
:10533000025DF24D61610283138B8A051946814536
:105340005A8597B0FD1FE780405263192501194621
:10535000EA855A8597B0FD1FE7808043194681454D
:105360005A8597B0FD1FE7804050E31825F511B727
:10537000FD1513F4F50F094C954C0549171DFE1F3B
:10538000130DAD18930D00089307F00FE303F4EE2F
:10539000A247228AB38B870003C50B00EF50005E43
:1053A000AA8AE31A05EEFC4813052004E39B07E8EC
:1053B00051BD9717FE1F93876706FC4B95C3FC4BA7
:1053C00013975700635E0700B1473E858280B1475F
:1053D000F2406244D2444249B2493E85056182802E
:1053E000011122CC26CA4AC84EC606CEB6893289D9
:1053F000AE84EF50A0582A849307200471D9C9477E
:10540000E36899FC1547E37597FC03470506137796
:1054100037035DFF8347E505DDFB7C49918BC5FBC9
:10542000EF20506079479D47E374A7FA834734061D
:1054300009476391E706835744081307D02E637327
:10544000F7021307C00293075004E37327F9794763
:1054500093075004E37E27F7414793075004636B9B
:105460002701BDB71307301FE363F7FE1307900F43
:10547000E364F7FE7C4883460406CA9493E727005A
:105480008584B3E9D9007CC823139408230034072A
:1054900081473DBFE5F3035744089307D02EE3FB54
:1054A000E7FC19475DBF9717FE1F938727F7FC4B53
:1054B00081CBFC4B13975700635407003145828022
:1054C000011122CC26CA4AC84EC606CEB6893289F8
:1054D000AE84EF50A04A2A84130520046309041007
:1054E0007C48898BB9CB8347340609476395E70C21
:1054F000835744081307D02E6379F70203576408D3
:105500009307C0021305500463F3E70E03576408C2
:10551000F9471305500463FCE70C03576408C147BF
:105520001305500463EBE700D9A01307301FE36FA6
:10553000F7FC1307900FE362F7FE93F7D40F0547CC
:10554000639EE70A0325840A19C597C0FD1FE780FB
:10555000C0092324040A23120408630909067C48AD
:10556000918BB5EF8D476393F408930550104A85EE
:1055700097C0FD1FE78000FB2324A40A25C97C48AF
:1055800093F7074091CF9305800C0545EFD08E949B
:105590008357A40812058507BD8BC98F2315F4080E
:1055A0000325840A4A86CE8597B0FD1FE780401EFA
:1055B000231224091DA0D1F3035744089307D02ECA
:1055C000E3FDE7F603576408994799BF8D474945BE
:1055D000639FF4007C48F99B7CC8014509A8938728
:1055E000D4FF93F7F70F0547E37EF7F63145F24016
:1055F0006244D2444249B24905618280E31109F60E
:1056000091474945E38DF4F4DDB79717FE1F938763
:10561000E7E0F84B411126C24AC006C622C4AA845C
:105620003E8909CF7C4B13975700635907003145DA
:10563000B240224492440249410182802E85EF50BB
:10564000E0332A841305200465D413F714007C4842
:1056500045CF13F7170061FF03470406137737039D
:1056600079F78988D9CC0327C90D454593E70740C9
:10567000418B5DDFC1657CC8FD150145EFD0CE874C
:105680002314A408EFC03FD0B70500012326A408C7
:10569000FD150145EFD08E889304040A1546232892
:1056A000A4089715FE1F9385C5E7268597B0FD1FB3
:1056B000E780000EA685130500FB97C0FD1FE7805D
:1056C00080A42685EF80A03A7C480347C400A3004D
:1056D000A408DD9B93E747007CC88547631FF7005C
:1056E0009305800C0545EFC0FEFE8357C4061205E6
:1056F0008507BD8BC98F2316F406EF8090660145A0
:1057000005BF93F7F7BFBDB70345D407CD9B7CC852
:105710009307F00FE303F5FEEFC03EB1F9BF171793
:10572000FE1F1307A7CF7C5F411106C622C426C205
:105730004AC099C703A8C70113141801634004089D
:105740000327070825CF3684B2842E8909ED81EB23
:105750004945B24022449244024941018280EFC04F
:105760004F9A0145FDB78546E314D5FEB9E302978C
:10577000AA8731C91147A3060504231BE500231C92
:10578000E50083C6B7000547E384E6FC95C8239C83
:105790009702239D870201C41E04E3DB84FA238958
:1057A00027012244B2409244024903A387064101E3
:1057B0000283D84F93161701E3D506FC314551BF3C
:1057C00023AC0702E9BF0D4569B7011106CE2EC60D
:1057D00032C436C23AC0EF50601A3DCD8328450529
:1057E000AA87314513F8082063150806B245171833
:1057F000FE1F034838C74545636DB80403C8C70A90
:1058000022463358C840137818006304080417155B
:10581000FE1F1305A5C00328850D45451317C800B5
:105820006359070202471718FE1F0348A8C36362A3
:10583000E80292462387C70AA386B70AA387D70A36
:1058400011E2014793E808102388E70A23AA170505
:105850000145F2400561828013052004DDBF01117E
:1058600006CE2EC6EF5080111307200401CD7C49CF
:10587000314793F6270099C6B24589C993E70720B7
:105880007CC90147F2403A850561828093F7F7DFD2
:10589000C5BF011126CA4AC84EC606CE22CC2E89E3
:1058A000B289B684EF70304C4DC1639D09008547C5
:1058B000238FF1AC0145F2406244D2444249B249DF
:1058C0000561828003C7E1AD85472A846315F7002F
:1058D000238F01AC09494165130545F5EF70904AE6
:1058E00039C58347A5002315F5008327841185EF6B
:1058F000232CA410232EA410930710F8F9142316B8
:1059000035012304250144C123200500A304F5002B
:105910008347940285450145B395F500C205C181D1
:10592000EFC04ED341BF8327C41188C3E1B7971797
:10593000FE1F9387E7829C5B1D45B5DF9565054596
:105940009385555582971D45BDB70945ADB76F90F5
:10595000AFF96F90EFFD6F90BF826F901F886F90CF
:10596000FF8D6F90BF9A6F90FF916F909F9582808F
:105970006F90DF9D034301001AC06F906F8D6F9091
:10598000CF996F908F9F6F90AFA56F90AFAB6F90D7
:105990006FB16F904FB503530100035E4100834E1A
:1059A00081001AC072C276C46F90EFB96F902FCC8D
:1059B0006F906FD16F90EFDA6F90AFDE6F900FE264
:1059C0006F904FE76F90CFED8280828023A0A1AED1
:1059D00082801307050383570500110593C7F7FF5E
:1059E000231EF5FE8347E5FF93C7F7FF230FF5FE60
:1059F000E313E5FE828099473305F50201110A861B
:105A0000C14506CE130505021375E50FEFC01EFA5A
:105A100011E50345C100F240056182800145E5BF03
:105A2000411122C426C24AC006C6814401441389DA
:105A300081AE83C7D1AE6369F400B24022442685AB
:105A400002499244410182808327090013154400D2
:105A500019469305F00F3E9597B0FD1FE780E0E0F3
:105A600001E5850493F4F40F05041374F40FD1B722
:105A7000938781B1884305C1411106C6EFC0CE842A
:105A800023AC01B09387D1AE83C70700B240238314
:105A9000F1AE410182809387D1AE83C70700238393
:105AA000F1AE82805971A6D286D6A2D4CAD083C75D
:105AB00061AEAA84639EA700854503C5E1AEEFC031
:105AC0000EBC894503C5E1AEEFC06EBBEFF05FFAD7
:105AD0001949338924035000C1451379F90F130480
:105AE00009021374F40F2285EFC05EEC09C901446A
:105AF0002285B6502654965406596561828019460F
:105B00009305F00F480097B0FD1FE78000D665F1C0
:105B1000480041469305F00F97B0FD1FE780C0CACB
:105B2000480871469305F00F97B0FD1FE780C0C984
:105B30000818130600039305F00F97B0FD1FE780C8
:105B4000A0C85000C1452285EFD00E952A841305C8
:105B500019025008F1451375F50FEFD0EE93498CFB
:105B6000130529025008F1451375E50FEFD0CE92C9
:105B70001374F40F498C130539025008C14513758D
:105B8000F50FEFD06E911374F40F498C1305490291
:105B90005008C1451375E50FEFD00E901374F40F44
:105BA000498C13055902500891451375F50FEFD034
:105BB000AE8E1374F40F498C1385040710189305E7
:105BC00000031375F50FEFD02E8D1374F40F498C6D
:105BD00003C581851374F40FEFD06E8611BF411198
:105BE00022C406C60145014483C7D1AE6373F400E5
:105BF00009C5B24022444101828022850504EFF0AC
:105C00007FEA1374F40FCDB7411122C426C206C631
:105C10004AC00144EF907F9C938481AE83C7D1AE8C
:105C20006368F400B24022449244024941018280F8
:105C300088401319440019469305F00F4A9597B010
:105C4000FD1FE78080C219E58C40CA9503C5F500A9
:105C5000EF90FF9805041374F40FC9B7397122DC73
:105C600026DA4ED606DE4AD80144EF905F9A938436
:105C700081AE994983C7D1AE6369F400F250625492
:105C8000D2544259B259216182808840131944008C
:105C900019469305F00F4A9597B0FD1FE780E0BCC9
:105CA00005E9330534030A86C1451305350213752A
:105CB000F50FEFC0BECF1008C1450945EFC01ECF9C
:105CC0008C4014080A86CA9503C5F500EF90FF932F
:105CD00005041374F40F79BF011106CEEFF05FD401
:105CE0000547A9476373A70089471306F100854557
:105CF0001545A307F100EF001FF9F240056182800E
:105D0000011122CC26CA4EC606CE4AC8014493844D
:105D100081AE994983C7D1AE6366F402EFF05FD0DC
:105D200083C751AE99C3EFF03FEE83C741AE99C32D
:105D3000EFF0DFF26244F240D2444249B2490561D9
:105D40006FF09FF933053403904013194400C145A7
:105D50004A96130505021375E50FEFC03EC505C948
:105D6000884019469305F00F4A9597B0FD1FE780CC
:105D7000A0A5884019469305F00F4A95190597B0DC
:105D8000FD1FE78060A49C403E992316090005048E
:105D90001374F40F41B70355250083C5E1AE6F10AE
:105DA000BF91397122DC19443384850226DA4AD83E
:105DB00006DEA147AA8432891374F40F639AF604AD
:105DC000130424027146814548081374F40F3AC63F
:105DD00097B0FD1FE780409F5008F1452285EFC036
:105DE000FEBC0DE18347E102A5463247E51793F774
:105DF000F70F63E9F600BA865008937519002685F7
:105E0000EFD07EDFF2506254D25442592161828039
:105E10001304140245BF797122D426D24AD0AE842D
:105E20002A8932848145130600020A8506D697B076
:105E3000FD1FE78060999387D18583C707002310F2
:105E40002101230EF100835781015DC4138761B0E6
:105E500003470700F99B41462302E100138781B005
:105E6000034707009705FE1F9385455613056100FC
:105E7000A302E10003C771B093761700D58FF59B9D
:105E800093762700D58FED9B93764700D58F931699
:105E9000470093F6061093F7F7EFD58F9316470058
:105EA00093F6062093F7F7DFD58F12071377074095
:105EB00093F7F7BFD98F231CF10097B0FD1FE78040
:105EC000208D83C751B013F7170001CB99C4035736
:105ED000810113672700231CE10003476101A285AC
:105EE0000A85D98F230BF100EFD01EC3B250225484
:105EF00092540259456182801387A1AF034707007E
:105F0000F99B41462302E1001387C1AF0347070015
:105F10009705FE1F9385854A13056100A302E100E2
:105F200003C7B1AF93761700D58FF59B9376270003
:105F3000D58FED9B93764700D58F9316470093F648
:105F4000061093F7F7EFD58F9316470093F60620C8
:105F500093F7F7DFD58F12071377074093F7F7BF53
:105F6000D98F231CF10097B0FD1FE780608283C7A3
:105F700091AF91BF411122C426C24AC006C6AA846D
:105F80000144138981AE83C7D1AE636AF4003E84B5
:105F90002285B240224492440249410182808327F3
:105FA0000900131544001946A6853E9597B0FD1FBC
:105FB000E780008771FD05041374F40FE9B75D7184
:105FC000A2C4138481B11C40CAC04EDE86C6A6C2DC
:105FD00052DC2A89AE89A1EB19E10545D9A0F5DD8E
:105FE000EFF05FF92383A1AE83C7D1AE636DF502F5
:105FF0008144138A81AE0DA083270A0013954400C3
:1060000019469305F00F3E9597B0FD1FE780E08598
:1060100009E9850493F4F40F83C7D1AEE3EEF4FCF1
:10602000BE84238391AE138A61AE03C561AE83C77C
:10603000D1AED284E373F5FA1C40A5EF994733053E
:10604000F5024A86C145130505021375E50FEFC039
:10605000BEC4130600039305F00F0A8597A0FD1F29
:10606000E780807603450A000A869305000313053E
:1060700005071375F50FEFC03EC2138781AE0843C5
:1060800083C761AE92073E954146CA8597A0FD1F22
:10609000E780007023AC31B103C58185EFC03EBA03
:1060A0000145B640264496440649F259625A616158
:1060B00082809047814719CE99473305F502F14513
:1060C000130515021375F50FEFC01EBD1C4023A468
:1060D000070085471840104B0DC203C504009947BF
:1060E000F1453305F502130525021375E50FEFC0E1
:1060F000BEBA1C4023A8070085471840504B0DC26C
:1061000003C504009947C1453305F502130535025F
:106110001375F50FEFC05EB81C4023AA0700854732
:10612000184050471DCE03C504001949C145330529
:106130002503130545021375E50FEFC0FEB503C532
:1061400004001C40914533052503D0474106130543
:1061500055021375F50FEFC03EB41C4023A607008F
:1061600025BF9DFB83C751AE99C3EFF0FFA983C73D
:1061700041AE99C3EFF09FAEEFF01FB6B9BD01116C
:1061800022CC06CE26CA83C7D1AE09446378F50275
:1061900095C599473305F502AE840A86C1451305B6
:1061A00005021375E50FEFC07E802A8401E91946C8
:1061B0008A85268597A0FD1FE780805D2285F240B5
:1061C0006244D24405618280011122CC06CE2A8429
:1061D0002EC632C4EF50AF9805C90347C500A1478A
:1061E0002246B245631FF700938701B29C4389CFD3
:1061F00003A34700630A030022856244F24005615D
:106200000283938741B2DDB7F24062440561828028
:10621000011122CC19443304850226CA0A86AE84B1
:10622000C14506CE130404021374F40F2285EFC097
:10623000EEF701C98144F24062442685D2440561EB
:10624000828019469305F00F0A8597A0FD1FE7800D
:10625000C0616DF10357C1009377D70F89C493775D
:10626000F70F93E72700C207C1838544E305F7FCD6
:106270000A86C14522852316F100EFC0FEA103C5A1
:106280008185EFC0DE9B45BF5D71A2C42A8419459C
:106290003305A402A6C2CAC0B2842E890A86C145AB
:1062A00086C6130505021375E50FEFC02EF001C970
:1062B0000145B640264496440649616182801946EC
:1062C0009305F00F0A8597A0FD1FE780005A6DF136
:1062D000130404071374F40F1008930500032285B8
:1062E000EFC0CEEC19C10545E9B70808EFF06FEE35
:1062F00063140904130600038145080897A0FD1FD5
:10630000E780A0566DF1130600038145080897A0A9
:10631000FD1FE780604B854708082388F1B0EFF048
:106320004FEB1008930500032285EFC0FE9603C5CE
:106330008185EFC0DE9045BF1C089000BE8683D5E6
:1063400006003687638125039106E39AC6FE014560
:10635000ADD083D607003E8789C69107E31BF6FEC2
:1063600081BF2390270183472700E38E97F62301FF
:106370009700D5F02310070079BF1705FE1F0345CE
:1063800005DF0111FD579305200412052387F1AEA7
:1063900006CE22CC26CA4AC84EC6A38601AE23A486
:1063A00001AE97B0FD1FE780E01723A4A1AE15C58D
:1063B0009709FE1F9389C9DA83C7E90001449384D2
:1063C00081AEA386F1AE83C7D1AE6361F40C83A71F
:1063D0008900638C070E238201B09387D1AE83C7F7
:1063E00007000544414681451705FE1F130505FEBC
:1063F0002383F1AE238F818423AC01B0238301B0CA
:10640000238401B097A0FD1FE780003C9304700730
:10641000414681451705FE1F130545FAA38391B038
:10642000A38D8184A38201B023A601B0A38C01AE09
:10643000238D01AE238E01AE97A0FD1FE780C038EB
:10644000A38D91AE23A001B0238C01AE9547A38C00
:10645000F184C147A38EF184238801B08947238D3D
:10646000F184F240238C8184A38F8184238E8184E4
:10647000624423A201B223A001B2A38201AE23860B
:1064800001AED2444249B249056182808840131965
:10649000440019469305F00F4A9597A0FD1FE78029
:1064A000A032884019469305F00F4A95190597A028
:1064B000FD1FE78060319C4005041374F40FCA97F8
:1064C0002396070023870700FDBD930700F823826A
:1064D000F1B021B71971A2DCA6DACAD886DECED611
:1064E000130400028144138981AE83C7D1AE63E3F4
:1064F000F40203C58185EFC08EF49387D1AE83C7C4
:106500000700F65066542383F1AED6544659B65967
:106510000961828003250900939944001946930577
:10652000F00F4E9597A0FD1FE780002A0325090074
:1065300019469305F00F4E95190597A0FD1FE780AA
:10654000A0288327090041469305F00FCE97239694
:10655000070023870700480097A0FD1FE780C0269B
:1065600071469305F00F480897A0FD1FE780C025EE
:10657000130600039305F00F081897A0FD1FE7808E
:10658000A0245000C1452285EFC00EF11305140070
:106590005008F1451375F50FEFC00EF013052400F8
:1065A0005008F1451375F50FEFC00EEF13053400D9
:1065B0005008C1451375F50FEFC00EEE13054400EA
:1065C0005008C1451375F50FEFC00EED13055400CB
:1065D000500891451375F50FEFC00EEC13850407B5
:1065E0001018930500031375F50F85041904EFC007
:1065F000AEEA93F4F40F1374F40FC5BD930705C00E
:106600004111C20722C406C6C183130720022E848B
:106610006361F70E17D70000130747468A07BA973A
:106620009C43BA9782879387E18583C7070023003D
:10663000F4002DA083C751B089870DA8938761B05E
:10664000EDB7938781B0D5B741469705FE1F938577
:10665000E5D7228597A0FD1FE78080138147B240D0
:1066600022443E854101828083C751B0858BC1B7EA
:10667000938771B05DBF9387C1B09C431CC0F9BFC5
:106680009387B1855DB783C791AF7DB79387A1AF7E
:1066900069BF9387C1AF51BF41469705FE1F9385E0
:1066A000E5D145BF83C791AFD1B79387B1AFB5BF30
:1066B000938701B0D9B7938781AF85BF93879185C1
:1066C000ADB79387D18595B7938751AEB9BF9387FF
:1066D00041AEA1BFEFF0CFB42300A40041B783C700
:1066E000C185B1B783C751B08D8749B783C791AF13
:1066F000E5BF130720048947E363A7F6EFD04EDA1E
:106700002310A400A1BF011106CE22CC26CA4AC87C
:106710004EC6EFD09EA435ED03C7C1AE85472A848F
:10672000630CF702938481AE854983C7D1AE637150
:10673000F4049840131944004A978347E70063998B
:1067400037012285EFF00FB69C40CA9723870700D8
:1067500005041374F40FD1BFEFF06FC8238601AEA8
:10676000938781AE9C4303C7D1AEB907631CE40095
:10677000EFC06EFF6244F240D2444249B249056123
:106780006FF00FD80504238007001374F40FC107BE
:10679000F1BFF2406244D2444249B249056182806D
:1067A000797126D24AD006D622D44ECE89472E8978
:1067B000B2846308F506636FF5008D476301F50C3D
:1067C00003C4D1AE2285B250225492540259F249E8
:1067D000456182802E85EFF0EFF983C7D1AE2A8420
:1067E000E372F5FEE5D01946CA85268597A0FD1F00
:1067F000E78000FAC1BF83A70900131544001946BA
:106800003E95CA85190597A0FD1FE780600131ED0F
:1068100005041374F40F83C7D1AEE36EF4FC3E8419
:1068200055B70144938981AEFDB705041374F40F85
:1068300083C7D1AEE375F4FE330534030A86C14540
:10684000130535021375F50FEFC04E9679FD4146DD
:106850009305F00F0A8597A0FD1FE780000171F5F1
:10686000CA850A85EFD0AECB69F183C7D1AEE37B91
:10687000F4F4A9D8A6852285EFF07F90A1B7014452
:1068800099497DB7797126D206D622D4AA8402CC42
:10689000231E0100EF40BFAC05CD03C7B18589477A
:1068A0006308F702930565002A8403455500300804
:1068B000EFF01FEF83C7D1AE6371F5022AC6EFF088
:1068C0008F93B2452A860547A1462685EFF06FCD06
:1068D000B250225492544561828083C7B18591E7BA
:1068E00095452685EFD0DE84E5B70547E392E7FEC0
:1068F0008345540001462685EFF0EFD1D1BF411109
:10690000C1674AC006C622C426C2FD172E89630984
:10691000F506EF40DFA42A84D14421CD930565001C
:10692000034555000146D544EFF09FE783C7D1AE3C
:106930006376F500CA85EFF0BF8D8144630B0902D1
:106940002285EFF04FC535A0CA852285EFF05F8C18
:1069500011C1814405041374F40F83C7D1AEE365FC
:10696000F4FE6308090017F5FFFF13050543EF4028
:10697000FFC6B240224426850249924441018280EA
:106980000144D544D9BF0111C1674AC84EC606CEDD
:1069900022CC26CAFD172E89B289630EF504EF407A
:1069A0001F9CD14429C1930565000345550001464C
:1069B000D544EFF0FFDE83C7D1AE6376F5024E8695
:1069C000CA85EFF07F8C814439A84E86CA8522851E
:1069D000EFF09F8B11C1814405041374F40F83C73A
:1069E000D1AEE364F4FEF240624426854249D244CB
:1069F000B249056182800144D544D5B7411122C412
:106A00001384E1AE8345040023A2A1B2614506C60A
:106A1000EFD0CEFD034504002244B24041016F2077
:106A20005F811387E1858347070083C551B093E7F2
:106A300007F82300F7006FD06EE45971A6D2B28434
:106A40005000A2D4D2CC86D6CAD0CECE2A84368AE2
:106A500002C223140100EFF0BFD483C7D1AE637725
:106A6000F50E2A89EFE03FF99147AA896319FA0CDC
:106A700003C7E1857917133717009146194433048A
:106A800089024E86CA852685EFF0AFB15146814511
:106A9000680097A0FD1FE78020D370001374F40FE7
:106AA00013054402C1451375E50FEFB03EF005E94B
:106AB00041469305F00F680097A0FD1FE780E0DADC
:106AC00019ED13055402700891451375F50FEFB0D9
:106AD000FEED700093F519002685EFD0CEDE13058C
:106AE00009071010930500031375F50FEFB01EECA6
:106AF00015E10810EFE0FFED0010130901058355C3
:106B0000040091C5034624002685EF100FAB110445
:106B1000E31789FE93F929006387090083C5E1AE75
:106B20002685EF007FB991476314FA0403C7E18516
:106B30008947631FF7022685EFF0BFEE15A803C74C
:106B4000B185791713371700D2860DBFA147E31C13
:106B5000FAFC03C7B1858947631CF7000146A2858B
:106B60002685EFF04FAB014681452685EFF0CFE556
:106B7000B650265496540659F649664A0145656151
:106B80008280011106CE2AC6EFF02FFF3245F24077
:106B90002387A1AE05616FF0AF961D7186CEA2CCA2
:106BA000A6CACAC8CEC6D2C4EF807FA683C7F18565
:106BB00089CB0144138981AE194A83C7D1AE636A78
:106BC000F400F6406644D6444649B649264A256153
:106BD0008280032509009319440019469305F00F9C
:106BE0004E9597A0FD1FE78040C831E9B3044403E8
:106BF0005010F14593F4F40F138514021375F50F3B
:106C0000EFB0DEDA0DED0347F1039307F00F6318E1
:106C1000F702138534025000C1451375F50FEFB02C
:106C2000FED85008C1450945EFB05ED8832509005C
:106C300054085000CE9503C5F500EF801F9D050454
:106C40001374F40F9DBF930705C05D71C207A6C200
:106C5000CAC086C6A2C44EDE52DCC183130720021E
:106C60002A89B284636EF74E17D700001307C7E96D
:106C70008A07BA979C43BA97828785476384F50051
:106C8000614409A8834706000947E36BF7FE238F99
:106C9000F18401442285B640264496440649F259BF
:106CA000625A616182808547E39CF5FC03470600D8
:106CB000E3E8E5FC83C751B011C793E74700A3821F
:106CC000F1B0C1BFED9BE5BF8547E39BF5FA834774
:106CD00006001147E366F7FA2383F1B05DBF8547ED
:106CE000E390F5FA83470600E3ECF5F82384F1B06E
:106CF0004DB7C147E396F5F84146A68517F5FD1F48
:106D00001305C56C97A0FD1FE78080A859B785477C
:106D1000E398F5F603470600E3E4E5F683C751B0D0
:106D200001C793E7170061BFF99B51BF8547E399FE
:106D3000F5F483470600A383F1B0A1BF9147E39127
:106D4000F5F41842B7470F009387F723E3EAE7F219
:106D500023A6E1B03DBF8547E394F5F283470600E3
:106D60000947E36FF7F0A38DF18425B78547E399D1
:106D7000F5F003470600E3E5E5F083C791AF11C7DF
:106D800093E74700A38CF1AE29B7ED9BE5BF85479C
:106D9000E398F5EE834706001147E363F7EE238D92
:106DA000F1AEC5BD8547E39DF5EC83470600E3E9F9
:106DB000F5EC238EF1AEF1BDC147E393F5EC41460E
:106DC000A68517F5FD1F1305655F2DBF8547E39960
:106DD000F5EA03470600E3E5E5EA83C791AF01C79B
:106DE00093E7170045B7F99B71BF8547E39AF5E82C
:106DF00083470600A38DF1AE69BD9147E392F5E8A4
:106E00001842B7470F009387F723E3EBE7E623A089
:106E1000E1B041B5E39605E6EFD02EB401E9EFE02D
:106E20001FDCEFC04E94EFE0BFEDA5B5854723868C
:106E3000F1AE85B59D47E395F5E4938514001946B9
:106E4000680097A0FD1FE780A09403C504005008C8
:106E50006C00EFF0FF9483C7D1AEAA840944E37BB2
:106E6000F5E24808EF406FD809E52685EFE09FC3BB
:106E70004DBF938781AE9C4392045944BE9485478D
:106E80002387F40001BD9D476391F50A1946938558
:106E90001400680097A0FD1FE780808F03C50400E1
:106EA00001466C00EFF0DF8F83C7D1AE6377F50446
:106EB0009944B30495025008F1459384140293F465
:106EC000F40F2685EFB09EAE2A8415E51307A04186
:106ED00085476304E9009307F00F5008F1452685C4
:106EE000A307F102EFB05EDB03C58185EFB03ED5AD
:106EF000EFF0BFCA45B30944E5BF83C741B00944B9
:106F0000E38A07D81307A04183C771AF631BE90069
:106F100093E71700A38BF1AE1D46A685138501AF3D
:106F2000D5B3F99BA38BF1AEADB38547E39AF5D406
:106F30001307A04183C771AF6315E50093E72700EE
:106F4000D5B7F59BC5B7A38F0184EFF01FC591B3EB
:106F50008547A38FF184014419499309F00F7D5AA5
:106F600083C7D1AEE373F4FEB30424035008F145A4
:106F70009384140293F4F40F2685EFB03EA305E149
:106F80008347F102638D37015008F1452685A30739
:106F90004103EFB07ED003C58185EFB05ECA050422
:106FA0001374F40F75BF8547E39CF5CC8347060047
:106FB000E3E8F5CC238CF1AEE9B98547E392F5CC53
:106FC000834706002547E36DF7CAA38CF184D1B14E
:106FD0008547E397F5CA03470600A546930797FF41
:106FE00093F7F70FE3EEF6C8A38EE1845DB1854712
:106FF000E398F5C88347060003C751AE0144A38256
:10700000F1AEE31907C8E397B7C8EFE07FCF59B1F6
:107010008547E397F5C68347060003C741AE238241
:10702000F1AE09E76394B700EFE09FCD03C541AE31
:10703000EF802FDEB9B98547E394F5C48347060096
:107040000D47E36FF7C2238DF184A1B18547E39922
:10705000F5C283470600238CF18425B90545EFB0BE
:107060001EBE05B98547E39DF5C083470600238E04
:10707000F18405B193074002E394F5C003C5140001
:10708000014693852400EFF0AFF183C7D1AEE379D9
:10709000F5BE19443304850203C70400A1471374E5
:1070A000F40F631FF702130424021374F40F500843
:1070B000F1452285EFB09E8FE31405BC93858400D3
:1070C00048086D469790FD1FE780806C5008F14599
:1070D0002285EFB07EBC03C58185EFB05EB64DB6AC
:1070E00013041402D9B717F7FD1F03576708930756
:1070F00040046D44E3F0E7BA8547E393F5B883476E
:107100000600E3EFF5B681CF9387C1B19C435544A8
:10711000E38207B883C751B093E787004DB683C7B2
:1071200051B093F7770F61BE17F7FD1F0357470460
:10713000930740046D44E3FFE7B48547E392F5B459
:1071400083470600E3EEF5B2F9DB9387C1B19C43B8
:107150005544E38107B483C791AF93E787001DB11E
:10716000930720040944E3E727B3E39585B283D569
:1071700004004A85EFD08E872A8429BE797106D60D
:1071800022D426D24AD0834725005147E91793F7E6
:10719000F70F636BF70217D700001307A79F8A0743
:1071A000BA979C432A84BA9782878354A5000346E2
:1071B000C5008346D500268532C636C4EF402F9AD7
:1071C000AA87A246324619E1854425A203C7C70013
:1071D000A14713053400631AF702938701B29C4359
:1071E000A68589C79C4399C38297F9BF938701B04D
:1071F0008843EFC0FEAC69D99307E00FE306F5FCC6
:1072000085452685EFC0DEF2C1B7938741B29C4326
:10721000A68599C39C43E9FB9387C1B0D1BF835531
:10722000A5002E852EC4EF408F93AA8751DD03C79A
:10723000C700A147130534001306C4009306C40118
:10724000A245631AF700938701B29C43B5DF9C47C0
:10725000A5DF829795BF938741B2C5BF83471500CD
:10726000D5EF83476500858BD5CB938781B19C4350
:107270000149D5E78145414608089790FD1FE78001
:10728000A0544C48B5CD83C765011946C105A30F6D
:10729000F10008089790FD1FE780804F8347640046
:1072A0000357C1018987858BD98F231EF100EFE039
:1072B0002FF783C7D1AE6390A70283C7C18599C357
:1072C000EFF04FA197F7FD1F938787E99C5B81C77C
:1072D000854521458297EFE0AFF4A2850808EFE0ED
:1072E0001FCEAA84554905ED894503C5E1AEEFA03F
:1072F0007EB6B2502254268502599254456182804E
:10730000035544008544EF408F8565D5834755007C
:10731000194693056500A30FF100A5BF0149034677
:107320001400035544008545EFE01FEAE30E09E829
:107330004A868D4503554400EFE01FE971B50347C8
:1073400015009947631AF70203554500EF402F8156
:10735000AA841DC183C7A18509476389E7020D4738
:107360006380E70205476399E700834555000355AD
:1073700044000146EFE03FAA0346140089455DBF83
:107380000146814513050041EFF0FF8B8355440012
:1073900003C504001546EFC09EDCF9BF9305450008
:1073A000034535000146EFF0AFBF83C7D1AEE37DA3
:1073B000F5E099473305F5021306C400914513051E
:1073C00055021375F50FEFB03E8D03C58185EFB003
:1073D0001E87DDBB83C781AF0355450081C783C5C9
:1073E00091850DB583C7E18599E3954521BDEF30C2
:1073F0001FF7AA84E30A05DC8347A400858B85CBAD
:1074000003455500854763F4A7028357C40093F7EB
:10741000072091EF100893856400EFF06FB883C7E1
:10742000D1AE6396A7008D4503554400E1BB83C5EB
:1074300054000355440013068400EFE0DF9D01462D
:107440008145CDBD03554500EFF0CFC3B5BB035516
:107450004500EFF04FAB83C7E18593F7F707238F24
:10746000F1849DB379719397050122D406D626D273
:107470004AD04ECEC1872E8463DE070803C5E1AE35
:10748000EFA0AEEBAA8431C5834705001307100BAC
:10749000638BE7041307000D6387E7021307000BF4
:1074A0006396E70203474500F9476317F700035562
:1074B00025008145EFF0AFC483C5440013858400E7
:1074C000EFF05EDD21A0EFF07FCB01C52685EFA0B8
:1074D000AEDFA164A18CB250225426850259925489
:1074E000F2494561828083474500EDF303568500EC
:1074F0008355650003552500238801B0EFF0AFC820
:1075000083C701B1E1D703C58185238801B0EFB0FE
:107510000EF36DBF93F7250085C381450145EFE06C
:107520001FAA9344240083C7E1AE854511E1894534
:107530003E85EFA03E9245B793F715006384070C94
:10754000138981B183270900938441B183D947000E
:107550009C4099EFC165138781B2894617D6000018
:10756000130606ACFD150545EF003FAD23AAA1B0FB
:107570008C40134414009DE983270900014685458A
:1075800003D5470093140401C180EFE0FFC38327B4
:10759000090001468D4503D54700EFE0FFC203C552
:1075A0008185EFB0CEE9EFE0AFCC35B79308F00FAF
:1075B000094881471307E100740003D681B24E8564
:1075C000EF00FFFD11ED0346D1008347C100220605
:1075D0005D8E19C69C404E8583D5A700EFF0AFBAEB
:1075E0008840C165814603D681B2FD15EF001FEFCB
:1075F0009314040123AAA1B0C1803DDD854503C5D4
:10760000E1AE05BF93F745008144E38607EC93C4E0
:107610004500D1B503472500F14763E4E72A17C6C3
:1076200000001306665C93162700B2969C42411137
:1076300022C406C626C2B2972A84828783471500D1
:10764000C5E7414697F5FD1F938545DA17F5FD1F00
:107650001305C5D89790FD1FE780801C3DE517F600
:10766000FD1F1306A6D7C1450945EFB0EEE217F698
:10767000FD1F1306A6D9C1450D45EFB0EEE103C5C8
:107680008185EFB0CEDB93053400138581B41946B4
:107690009790FD1FE780C00F8547854503C571B4EE
:1076A00023AAF1B4EFA00EFB938741B588439387DB
:1076B000C1B29C43ADC703A3070063020306A285C2
:1076C0002244B240924441010283414697F5FD1F96
:1076D0009385C5D217F5FD1F130545D39790FD1F60
:1076E000E78000142DDD45B7994723AAF1B46DBF9B
:1076F000034715008347350039E309476396E702DE
:10770000938741B59C438145014593F7F7F093E793
:10771000070223AAF1B4EFE07EADA300A400B240BB
:107720002244924441018280054781450145639589
:10773000E700EFE09E9BD5B7EFE01E8BF9BF09474E
:10774000E38FE7FC938741B5884341991365650052
:1077500023AAA1B4A9BF83471500938441B5BDE313
:107760008D476315F70483C761B413978701618759
:10777000635B070093F7F707894503C571B423835B
:10778000F1B4EFA02EED9C40914613F7F70063187B
:10779000D700C19B93E7570023AAF1B485A089467F
:1077A000E30FD7F6C19B93E72700FDB79840A38D61
:1077B00001B29546937707FF3D8B6319D70493E792
:1077C0004700D9BF9C40C19B93E76700F1B713877F
:1077D00041B51C4383461500BA84C19B95E293E7EB
:1077E000470023AAF1B40356A500930545000345BD
:1077F00035009146EFF06FA4A38D01B2884045BDDE
:1078000013071003E392E6FCA38D01B293E7370060
:1078100061B7EFF0BF96938741B59C43154793F648
:10782000F700C19B13E53700E394E6F213E5270068
:1078300005B7938641B59C4203461500B68493F77D
:10784000F7F031E2CD46631BD70293E7070123AA85
:10785000F1B483C7E1B3139787016187635B0700C6
:1078600093F7F707914503C571B4238FF1B2EFA0E9
:107870006EDE9C40370500015D8D15BD93E7070264
:1078800023AAF1B4FDB793E70703DDBF938641B5A3
:107890009C427D761306F60FF18F0346150019EE14
:1078A0006D46631AC70093E7071023AAF1B49C4200
:1078B00037050002D1B793E70720C5BF93E707302C
:1078C000EDB7828003470500930610096307D700D0
:1078D0009307000D6305F70482808346150039473E
:1078E0006391E60483564500056713075740639A82
:1078F000E60218459307F007830537006383F50216
:107900009387C1B29C4391CF03A34700630B03004D
:107910008347270003451700A2075D8D02836FF0A0
:107920007FCF828001119397050126CA06CE22CC13
:10793000C187AE8463D5070C03C571B4EFA0EE9F79
:107940002A8409C983C7F1B389EFEFF0BFF7228515
:10795000EFA08E972165258DF2406244D2440561E7
:107960008280834705001307000D639EE704834769
:10797000250081E7EFF01FF509A81547639DE70093
:107980000347C500A147E392E7FCA28503C501B305
:10799000EFA02EA1C1B72147E38EE7FC994663957E
:1079A000D70083477500C5B71D47E390E7FA035535
:1079B0004500EF30DF9A41DD0347C500A14722852E
:1079C000E315F7F8D9B71307200AE380E7F81307A0
:1079D0001009E391E7FA03471500B947E31CF7F8EC
:1079E00003574500856793875740E315F7F8184517
:1079F0008347270003451700A2075D8D5DBF93975E
:107A0000150163DE0700138601B591451145EFB0FE
:107A1000AEA803C58185EFB08EA211652DBF93F787
:107A20001500D9CB83C7B1B3B9CFEF309FC097E76B
:107A3000FD1F83C757748D8B636AF5048D4723023E
:107A4000F100938721B383C707004C0003C571B4CD
:107A50002306F1009387D1B383C70700A306F10083
:107A6000EFE0EEA30DC1938741B5884341991365BB
:107A7000650023AAA1B49387C1B29C4389C79C43E4
:107A800099C38145829713C51400F9B59387C1B393
:107A900083C707001946938541B32302F1009387FA
:107AA000A1B383C7070013056100A302F1009790FB
:107AB000FD1FE780E0CD71B793F7250085CF83C721
:107AC00061B4858B8DC703C571B4EFE06ECC05C181
:107AD000938741B588431375F5F023AAA1B4938722
:107AE000C1B29C4389C79C4399C38145829713C502
:107AF00024009DB593F745000145E38F07E483C754
:107B0000E1B39DC703C571B4EFE0AECB15C1938758
:107B100041B58843FD779387F70F7D8D23AAA1B4E4
:107B20009387C1B29C4389C79C4399C3814582977F
:107B300013C5440015B5797122D426D206D6AA847D
:107B40002EC6328436C43AC23EC0EF305F8139C59A
:107B50000358E500B24582471247A246636DB8005C
:107B6000636B0401035605016317D6000356250114
:107B700061456300E602231CB1003E862C08268581
:107B8000231D8100231ED100231FE100EF30CFEC25
:107B90000145B25022549254456182805145D5BF6F
:107BA000011106CE97E7FD1FA386A77A91C52E8502
:107BB00032C6EFE0BFE43246938741B59C4385EB84
:107BC00019C223A6C1B2F24003C611B383C5E1B402
:107BD00003C571B4938701B517F7FD1F130707831A
:107BE00097E6FD1F9386867F05616FF0EE9DF2405C
:107BF00045450561828097E7FD1F83C7D7578D8B69
:107C000081EB614582806145B2402244410182801E
:107C1000411122C406C603C471B49307F00FE314E4
:107C2000F4FE17050000130525D0EFA04EFFA38337
:107C3000A1B4E30A85FC23A601B223AA01B49147AB
:107C40002387F1B4EFC00E8D4146814517E5FD1F36
:107C50001305C5789790FD1FE78000B74146814521
:107C600017E5FD1F1305857A9790FD1FE780C0B5C6
:107C700023A801B4238E01B2238D01B29D4717E6DC
:107C8000FD1F1306A675C14509452389F1B2A38ED0
:107C900001B2EFA0BED117E6FD1F13062677C1453E
:107CA0000D45EFA0BED0414697E5FD1F93850573B6
:107CB00017E5FD1F130585739790FD1FE78040AD05
:107CC000414697E5FD1F9385657417E5FD1F130574
:107CD000E5729790FD1FE780A0AB138601B5914533
:107CE0001145EFA0BECC014505B7FD57A383F1B404
:107CF00017E7FD1F1307C765A302F7002303F7006B
:107D0000238701B40547A38DE1B223A801B4194725
:107D10002391E1B40567130707C82390E1B42388D2
:107D2000F1B29D47A38801B2A38F01B2A382F1B43F
:107D30002382F1B419468145138541B31793FD1F82
:107D4000670083A8930705D04111C20722C406C665
:107D5000C1835D472E84636BF70C17C700001307C0
:107D6000E7EF8A07BA979C43BA97828783C7E1B443
:107D70002300F40035A0414697E5FD1F9385056675
:107D800022859790FD1FE780A0A019A8414697E59E
:107D9000FD1F9385A567EDB7938701B59C439CC1F3
:107DA0008147B24022443E85410182801946938535
:107DB00081B4F9B783C7B1B365BF2E85EFE06ECF4D
:107DC000C5B72E85EFE04ED1E1BF83C7C1B34DB734
:107DD00083C7A1B371BF1946938541B355B783C714
:107DE00021B379B783C7D1B361B7938741B59C43BA
:107DF00041B783C711B3ADBF83D721B42310F400BB
:107E000045B783D701B4DDBF83C751B495B783C7E6
:107E100041B4B9BF2E85EFE06ECF59B783C761B4C7
:107E200093F7F707B1B783C7E1B399B713072004F6
:107E30008947E368A7F6EFB0BEE62310A4008DB72C
:107E40009307F5CFC207AE86C183D9452A8763E67B
:107E5000F52817C80000130868E68A07C2979C43F4
:107E6000411106C6C297B285368582874147E147F0
:107E7000639EE602414617E5FD1F130525569790C0
:107E8000FD1FE780E09015A04147E1476390E602BF
:107E9000414617E5FD1F13056557D5B71147E14763
:107EA0006396E6001C4223A8F1B48147B2403E85A8
:107EB000410182800547E147E39AE6FE0347060059
:107EC00083C7B1B3A38DE1B295C3814765F313872F
:107ED00041B5184389463D8B6305D7009546E317A6
:107EE000D7FC03C571B4EFD0DEF2C1B781475DDFC7
:107EF000138741B518436306A7003D8B7517E367E9
:107F0000E5FA854503C571B4EF90DEF479BF9307B8
:107F1000C01C63E0D71C630E061AB24041016FE03B
:107F2000AE8C9307C01C63E6D71A6304061AB240EE
:107F300041016FE08E9B0547E147E399E6F6034771
:107F40000600A946E3E4E6F6238EE1B2B9BF054791
:107F5000E147E39DE6F4034706008D46E3E8E6F4D7
:107F6000238DE1B299B71947E147E391E6F4194649
:107F7000138541B329B70547E147E399E6F2034783
:107F800006009D46E3E4E6F22389E1B239BF0547E6
:107F9000E147E39DE6F0034706008D46E3E8E6F09F
:107FA000A38EE1B219B70547E147E391E6F08347B5
:107FB0000600A388F1B2D5BD0947E147E398E6EE94
:107FC0000356060005671307A7C79306A6FFC20658
:107FD000C182E36DD7EC2391C1B4C1BD0947E1472C
:107FE000E396E6EC0356060005671307A7C793065A
:107FF000A6FFC206C182E36BD7EA2390C1B475B570
:108000008345060003C641B4A382B1B40145EF70B5
:10801000CFE061BD0346060083C551B42382C1B4DD
:10802000F5B79307C01C63E6D70A45C6B2404101C5
:108030006FE0CE9B0547E147E39AE6E683470600FB
:1080400003C761B4058B2383F1B493F6170011C7FE
:10805000E39D06E4EFD03EF689BDE38806E413878E
:1080600041B518438945398BE31E07E893E707F8C4
:108070002383F1B41DBD0547E147E399E6E2834759
:10808000060003C7E1B3238FF1B211C7E39F07E0F6
:10809000EFD0DEF419BDE38A07E0138741B518433A
:1080A0001377070F19C39145B1BD93E707F8238FE5
:1080B000F1B2E5BB9307200463EFE70089458947E8
:1080C000E396B6DEB240835506003A8541016FC0A3
:1080D000EE91E147E1BB8947D1BB9307200463E9F7
:1080E000A700894589476396B60083550600C5B742
:1080F00089473E8582806F700FCD011106CE2AC65A
:10810000EF30EFA509C9B245F240034505004D46E1
:1081100005616FC0CE84F2404945056182806F7071
:108120000FD0411106C6EF80402B1725FFFF130526
:10813000C5D6EFA0CEAEEF10FFC117C5FEFF1305E9
:108140006516EFA0CEADEFC02E9117F5FEFF13051B
:108150000519EFA0CEACEFF0AE951745FFFF130564
:10816000A563EFA0CEABEF408FF717F5FFFF130528
:10817000A52FEFA0CEAAEFE0DFA01715FFFF130594
:108180008528EFA0CEA9EF108FA4B24041016FF077
:108190009FA6938701B6138781B59C431843014579
:1081A0006313F700828083D6670081E683D6470099
:1081B00036959C43F5B797E7FD1F938767FA8C4385
:1081C00017E7FD1F035707FA41111386052223A065
:1081D000C1B6938785FFBA97056523ACF1B406C68F
:1081E0001D05935637006374E5009306002033079E
:1081F000D60023AEE1B423A0E522E1162312D60077
:10820000231306001CC3998FE1172312F7002313D1
:108210000700EFF01FF8B24097E7FD1F2393A7F880
:1082200041018280938701B6138781B59C43144333
:1082300001456393F600828003D7670011E703D7F7
:1082400047006373E5003A859C43E5B7938701B621
:10825000938681B59C4390422A87B305B540631449
:10826000F6003A8529A8938687009C43E369D7FEE8
:10827000E377F7FE2E85E3E4D5FEE3F2F5FE828098
:1082800083C705002300F50083D72500A300F50070
:1082900083D72500A1832301F50083C74500A301EF
:1082A000F5001145828023A401B623A201B6828085
:1082B00029C1411126C206C622C4AA8401458DC522
:1082C0002E842285414697C500009385E5A49780BA
:1082D000FD1FE780E04B83C7040005452306F4003B
:1082E00083C71400A306F400B24022449244410123
:1082F000828001458280011122CC26CA06CE094720
:10830000AA8432846383E50441468147639BC500A8
:10831000638FE6006397B6001DA841478147638FCE
:10832000E600F2406244D2443E85056182808A853F
:108330002285EFF0FFF741468A8521A88A85EFF074
:108340003FF741468A85228531A0E398B6FC2E8608
:10835000A28526859780FD1FE780804CAA87D1B72C
:1083600023A4A1B68280011122CC0354650006CE5D
:1083700026CA4AC84EC641C083298500AE842A88D1
:1083800003C90900814713178901618763550702F3
:10839000B147054563FA8704511442040355280088
:1083A000418033878900A2864E868545EF408FA99C
:1083B000B337A00085077D14135569004204058971
:1083C0001379F90341802380F400A380A400238162
:1083D000240123928400014719C01387190098C40F
:1083E00009476383E7000145F2406244D2444249B1
:1083F000B249056182800545C5BFC167F917630AA7
:10840000F502D94763F7B702011122CC2EC606CE7A
:108410002A84EF101F81B2456368B500228562444B
:10842000F24005616F300F99F240624405450561E5
:10843000828005458280C167F9176314F5006F10CB
:108440004FFE411106C6EF30EF8511E15D45B240A8
:108450004101828039714ED656D25AD006DE22DCD6
:1084600026DA4AD852D4AA8A2E8BB28949EF36C668
:10847000EFF07FFC9145EF105F8BAA844D492DC929
:10848000B246054A238034010544630A0B00B685D1
:1084900013851400029B0505131405014180E209B0
:1084A00093D9894163D30902C1455685EF308F8D39
:1084B000654905E933868400A2852685EF30BFE94A
:1084C0002A8905E131044204418091472C085685F0
:1084D000231CF10026CE231D8100EF203F962A8920
:1084E00001C963070A0026859790FD1FE780E00F0A
:1084F000F25062544A85D2544259B259225A925A81
:10850000025B21618280BA84014AADBF011122CC95
:1085100026CA4AC84EC606CE2A893284B689EFF0EA
:108520007FF3AA8405E1938781B69C4381CF0547F9
:108530006317E40003C4090005041374F40FA28553
:108540004A858297F240624426854249D244B24924
:1085500005618280AE860147054697050000938538
:1085600065D26FF0BFFA83D705002300F50083D7EB
:108570000500A183A300F5000945828083C725007B
:1085800005472300F50003D505006397E7000A05BA
:108590000505420541818280C9473305F502CDBFFB
:1085A00003D505000A0542054181828083D7250055
:1085B0002300F50003D5050083D725003305F50218
:1085C000050542054181828003D50500828003D5DF
:1085D0000500828003D50500828083D72500230013
:1085E000F50003D5050083D725003305F502050501
:1085F00042054181828083D705002300F50083D79F
:108600000500A183A300F50083D725002301F50011
:1086100083D72500A183A301F50003D545001105EB
:1086200042054181828083D705002300F50083D76E
:108630000500A183A300F50003D525000905420527
:108640004181828089471145639BF600834716006C
:10865000834606000145A207D58F2310F7008280CC
:1086600003D70500D947AE8663FAE70001470D46F8
:1086700097050000938565EF6FF05FE909458280FB
:1086800011456393A6028347160083460600014501
:10869000A207D58F2310F7008347360083462600B4
:1086A000A207D58F2311F700828083C725000547D5
:1086B000FD1793F7F70F6361F70483D705008DCF9C
:1086C000011122CC2A84C84106CE15C12EC6894587
:1086D000EFF0DFB72A8722856244B246F2401546A2
:1086E000970500009385C5E905616FF03FE2F24010
:1086F000624409450561828009458280954711459C
:1087000063F9D706411122C426C24AC006C6834770
:108710001600BA8403470600A2073284D98F23903B
:10872000F400834736000347260093054400A20760
:10873000D98F2391F40089472382F40009461385D9
:10874000540036899780FD1FE78080049307A9FFB6
:108750002394F4009947631BF90023A60400B24058
:108760002244924402490145410182801904C0C457
:10877000FDB7828083D705008DCF011122CC2A84DA
:10878000C84106CE15C12EC68545EFF03FAC2A87FD
:1087900022856244B246F2401D469705000093854B
:1087A00065E005616FF09FD6F240624409450561BE
:1087B00082800945828099476395F6048947411173
:1087C00006C62302F7008347160083460600B285DB
:1087D000A207D58F2310F700834736008346260073
:1087E00003464700A207D58F130557002311F70052
:1087F00091059780FD1FE780A0F9B2400145410136
:108800008280D14711456394F600C1474DBF8280F5
:1088100083D705008DCF011122CC2A84C84106CE12
:1088200015C12EC68945EFF07FA22A8722856244B2
:10883000B246F240254697050000938565D705614D
:108840006FF0DFCCF2406244094505618280094542
:10885000828089471145639BF60083471600834653
:1088600006000145A207D58F2310F7008280011171
:1088700022CC2A84C84106CEAE86014719C52EC631
:108880008545EFF0BF9CB2462A8722856244F240BC
:108890002D4697050000938565D305616FF01FC7CE
:1088A00011456393A60283471600834606000145DF
:1088B000A207D58F2310F700834736008346260092
:1088C000A207D58F2311F7008280011122CC2A84C0
:1088D000C84106CEAE8611C52EC68545EFF01F975E
:1088E000B2462A8722856244F24035469705000049
:1088F000938525CE05616FF07FC193F71600114572
:1089000089EB89476387F60085822312D70010C35D
:1089100001458280011122CC2A84C84106CE15C1AE
:108920002EC68545EFF09F922A8722856244B24683
:10893000F2403D4697050000938505CA05616FF03A
:10894000FFBCF240624409450561828083D705007F
:108950008DCF011122CC2A84C84106CE15C12EC666
:108960008945EFF0BF8E2A8722856244B246F240E5
:10897000454697050000938585C605616FF01FB9D0
:10898000F24062440945056182800945828085473D
:1089900063FCD7022304A700A304B7008347160093
:1089A00083450600A207CD8F2310F7009387E6FFCB
:1089B0002311F70089476386F600090650C3014575
:1089C000828023220700E5BF11458280014781464E
:1089D0004D4681456FF09FB38D47114563FBD7022C
:1089E0008347160083450600A207CD8F2310F700AA
:1089F0008347360083452600A207CD8F2311F70059
:108A00009387C6FF2312F7006386A600110610C7DE
:108A10000145828023240700E5BF011122CC2A846E
:108A2000884506CEAE8611C52EC69545EFF01F824D
:108A3000B2462A8722856244F2405D4697050000CF
:108A40009385A5BB05616FF07FAC854711456397A2
:108A5000F6008347060001452300F70082800147A6
:108A60008146654681456FF07FAA011122CC2A8498
:108A7000C84106CEAE86014719C52EC68D45EFF01A
:108A8000EFFCB2462A8722856244F2406D46970584
:108A90000000938585B905616FF0DF9B011122CC41
:108AA0002A84C84106CEAE86014719C52EC68D451B
:108AB000EFF0CFF9B2462A8722856244F24075462C
:108AC00097050000938565B605616FF0BF988147F3
:108AD00017B80000130848251306F00F3307F800F5
:108AE000834607001397060141836364E50063939F
:108AF000C600828083D605006365D7002390E50019
:108B00008280850793F7F70FD1BF41119397050135
:108B100022C406C626C2C1872E8463D50702EF9001
:108B2000CE81AA8409CD83470500054793C707086E
:108B30006364F700EF60E00A2685EF80FEF82165A8
:108B4000218D29A893F7150099CF97E7FD1F9387EB
:108B5000E78CFC5791C3829713451400B24022441E
:108B600092444101828093F7250099CB97E7FD1F3E
:108B70009387C78ABC5B91C3829713452400F9BFD2
:108B800093F7850081CF97E7FD1F93872789FC5FC7
:108B9000BC5B91C3829713458400C9B793F7450026
:108BA00081CF97E7FD1F93876787FC5FFC5791C3D1
:108BB0008297134544005DB793F7050291CF97E77D
:108BC000FD1F9387A78583A7070983A7070991C37B
:108BD00082971345040259B793F7050191CF97E7A0
:108BE000FD1F9387A78383A7070983A7C70891C39E
:108BF0008297134504019DB7939725010145E3DF53
:108C000007F497E6FD1F83C6D68117E6FD1F0346CE
:108C1000468197E5FD1F83C5B58017E5FD1F034518
:108C20002580EFB06FA6096521BF411122C417D47A
:108C3000FD1F1304A47E13068012814526C2AA8458
:108C4000228506C623A801B69780FD1FE780C0B71E
:108C50000145EF2050120145EF20F01997D7FD1F75
:108C6000A38F9752B707D707B50717D7FD1F232143
:108C7000F77CB7A70D0D9387372117D7FD1F232B3F
:108C8000F77AB7A7D7079387372117D7FD1F232573
:108C9000F77AE9779387372117D7FD1F2310F77AE3
:108CA0007D4781472320E40E0327040D2322F40E81
:108CB000B7872D049387F79F5D8F8327440D97E631
:108CC000FD1F23A5E68297E6FD1F23A5E68293E715
:108CD000E73917E7FD1F2321F78297E6FD1F23A938
:108CE000F68097D7FD1F83C7874817D7FD1FA305B9
:108CF000F77E17D7FD1FA305F77EF977FD1717E756
:108D0000FD1F2310F78217E7FD1F231DF780FD4786
:108D100017E7FD1F2309F78097D7FD1FA38C077264
:108D200085679387F7F017D7FD1F2316F77217D7BC
:108D3000FD1F2313F772EF909E9597D7FD1FA38019
:108D4000A76E9307C01C17D7FD1F2316F77485471E
:108D500017D7FD1FA303F77097D7FD1F83D7874051
:108D6000A98317D7FD1FA30DF7728D4717D7FD1FD6
:108D70002317F76E97D7FD1F23A4076EB7170706B3
:108D80009387074417D7FD1F232EF76C97D7FD1F36
:108D90009387073D83D707011307B00F6374F7006C
:108DA0009307B00F1396070117D7FD1F231DF76810
:108DB00017D7FD1F231BF7688347C403418293061F
:108DC000E600918BC5C3931766009387073DC207E2
:108DD000C18317D7FD1F2319F7660347D403118BEF
:108DE00049C7131766001307073D4207418397D50C
:108DF000FD1F239DE564ED4532876373B6006D4723
:108E000017D6FD1F231DE662130680143E8763F408
:108E1000C700130780148E0697D7FD1F2392E762C1
:108E200097D7FD1F2390E76297D7FD1F239BD7603D
:108E30009307C01C17D7FD1F2312F762B707160050
:108E40009387079017D7FD1F2324F760EF904FEE0D
:108E5000EF40901AEF80BFC82244B24092444101D3
:108E60006F60C025939736009DB713973600B5BF46
:108E7000411106C622C426C217D7FD1F0347E75D6E
:108E800097D7FD1F83C7775D6369F700014422858B
:108E9000B2402244924441018280AA849305102466
:108EA0001305800B9780FD1FE780C0672A8479DD5A
:108EB0001306800B81459780FD1FE780E09081E4D9
:108EC000C1572304F40097D7FD1F93872755B84F48
:108ED0003DE717D7FD1F232D875817D7FD1F232BDD
:108EE000875817D7FD1F23298758232004000547DB
:108EF00097D6FD1F2383E6560547A304E400130716
:108F000000F9A305E40017D7FD1F13072745544BAD
:108F1000184F17D5FD1F0345E52574C438C87D5784
:108F2000230BE40083C7A704A30EE4062304A406CE
:108F30002306F40AEF809FDBA30AA40089BFF84F41
:108F400000C317D7FD1F232987522320040003C71E
:108F5000E703050771BF8347E501411122C406C637
:108F60009907A308F5007C4511472308E5002380F5
:108F7000E7007C45034715012A84A380E700834767
:108F80005503858B91E70347450389476319F7002C
:108F900078448347070093E707042300F7006844F9
:108FA00093056403194609059770FD1FE780407E0D
:108FB00068440356E4014C5421059770FD1FE78077
:108FC000207D930730F9A305F400B240224441010B
:108FD000828041114AC017D9FD1F130929448327F4
:108FE000490B06C622C426C299E3054505AAAA84F0
:108FF000EF90EF918327490B8297EF40C0562A8468
:109000006DD5DC50AC482324F50803C7B4009307A2
:10901000A009631BF71085472300F51483C73406A6
:109020002303F514A303F51483C7F50003C7050153
:109030000148A2074207BA9703C7E5001546F9059C
:10904000BA9703C735FF130584136207BA97232C19
:10905000F40883C755FF03C765FFA2074207BA9705
:1090600003C745FFBA97232EF40883C775FFA30BE8
:10907000F40283C795FF03C785FFA207D98F231C7E
:10908000F40283C7B5FF03C7A5FFA207D98F231D2D
:10909000F40283C7D5FF03C7C5FFA207D98F231EDC
:1090A000F40283C7F5FF03C7E5FF232E0413A207CD
:1090B000D98F231FF4028147232CF4129770FD1FD0
:1090C000E780006DB84883473702FD8BA30AF4029E
:1090D00003473702ED1793F7F70F15832308E402D0
:1090E0002D476368F7028357A40305679306A7C754
:1090F000E917C207C18363EEF6008356C4039307E2
:10910000301F63E8D7008357E403130707C8637E63
:10911000F70203558400EF4020650145B240224428
:1091200092440249410182808327890D13971701D8
:10913000E35C07EEFC4403C7070083C70500F98F13
:109140009583858B2300F514C5B58327890B22856C
:1091500082978327090E03558400294693F7072039
:1091600091E3054693050008EF5050418327890D90
:10917000139717016359070003558400514693055F
:109180000008EF50B03F83274905FC4B1397470079
:10919000E35D07E403C58400A38B040049469305FF
:1091A0000008EF50B03D91B5411122C406C626C259
:1091B0004AC097D7FD1F83C777262A848DEB0347C4
:1091C000040185476318F70E8347D403034754040B
:1091D000858B631FF70C1946930564041305E4039C
:1091E0009770FD1FE780C063B334A000A1A8834738
:1091F0005504DDC78347B5041307000493F7070C34
:109200006390E70A085931C513096404CA85130538
:10921000A5029790FD1FE78060A98547AA84631A7D
:10922000F502085889472302F4048347350019469C
:10923000CA8593E72700A302F40451059770FD1F28
:10924000E7800055B24022442685024992444101FC
:1092500082800347040185476304F70483470406BB
:10926000918B9DEF8347C40385EF130544049790CA
:10927000FD1FE780A0AF08D805C589472302F40485
:109280008347350019469305640493E72700A3023A
:10929000F40451059770FD1FE780804F85445DB74A
:1092A0008347C403898B81DF1C5883C7170081FB68
:1092B000814449BF83470406918B99F78347D400C3
:1092C00013F717000DC3834634010D47639DE60075
:1092D00068402C442244B240924402494101178321
:1092E000FD1F6700A390898BD5DB034734019547A9
:1092F000E316F7FAF1BF411197D7FD1F238C07182A
:1093000022C4930710F906C6A305F5009387C1B6DA
:1093100080430DC0854517D5FD1F034555E8EF80F7
:109320005EF6930710273305F50222832244B240EC
:1093300041010283B2402244410182808347A5015A
:1093400099C70347A5006314F7006FF0DFFA0347DE
:10935000950111CF8346A5006382E6022305E5004F
:10936000894517D5FD1F034595E36F80BEAEF1DF3C
:109370000347A50079FB2305F500DDB7F9D7E5BF65
:109380002C49314783C7150093F7F7032309F500EC
:109390006386E700930700083E85828083C7050047
:1093A0000D47BD8BA309F500E396E7FE41114AC0C6
:1093B0001309650322C419462A84A1054A8506C6F5
:1093C00026C29770FD1FE780A0459147630F0522D5
:1093D0002C4819461305640483C70500890599873D
:1093E000858BA302F4049770FD1FE780603A228505
:1093F000EFF09FDBA147630A0520130520048304D7
:109400004401EFA0FE89620561859307000863CEE1
:10941000A41E64449D472308F4002380F40085477C
:109420002381F400A381F400CA8519461385440002
:109430009770FD1FE780C03583C7240003C7340041
:109440000149990793F7F70F136787002381F40009
:10945000A381E4007844BA970357C406A381E700C8
:1094600083C724007844834614063E978357C40676
:109470009206A183BD8BD58F2302F70003C724007A
:1094800009071377F70F2381E4008356E401E1C253
:1094900083470406795993F7070491C37559330933
:1094A000E9401379F90F6374D90A834634067519B4
:1094B00089471379F90F6391F6168347B4066396CB
:1094C0000716916793870729F9469387771BB3C7D8
:1094D000D70217D6FD1F0346E6FB1366060197D594
:1094E000FD1F2389C5FA1386C1AC104285650CC6E1
:1094F000B386D702860634D283C6340093E60601CB
:10950000A381D4007444034624063697A301C70000
:1095100083C62400784436972302F70003C724004B
:109520007444A187BA96034734061607D98FA382DD
:10953000F60083C724008D072381F4005C54CA978A
:109540003CDC8357E401B38727412319F4068347A2
:10955000040693F7070485C703C734007C4483C619
:10956000240013670704A381E40003475401B6975E
:10957000A381E70083C7240085072381F40003C586
:1095800024000356E4014C549307350068443E958B
:109590004DC26360C90A9770FD1FE780601F0349D1
:1095A000E40103C724009377F70385073E99A308D6
:1095B00024012381E40083475403858B91E703470B
:1095C000440389476319F70078448347070093E70A
:1095D00007042300F7007C4483451401A380B700EF
:1095E000930790F9A305F400034534068347B406B6
:1095F0005D8DEF80CFFC014681450D459780FD1FB5
:10960000E780E0A0EF80BFB08147B240224492449F
:1096100002493E8541018280054693078042E385E9
:10962000C6EA85679387878445B585679387E71B77
:1096300061BD4A869770FD1FE78080159DB72C4954
:109640001307200283C7150093F7F7032309F500DA
:109650006396E71A011122CC06CE26CA4AC84EC626
:1096600083C7050015472A84BD8BA309F500639CB9
:10967000E7021946A105130565039770FD1FE780F2
:10968000201A9147630A05142C48194613056404EF
:1096900083C7050089059987858BA302F404977019
:1096A000FD1FE780E00E2285EFF01FB0A1476305A4
:1096B00005128346340617D9FD1F130969B2054701
:1096C00097D9FD1F83D949B283270900637ED7103C
:1096D000829737460F00AA84130606248146130595
:1096E000007D3385A9028145EF60F074B3079500D2
:1096F00033B5A7002E953E878326490019E163E420
:10970000D7003387D7406444A1472308F40058D0DA
:109710002380F40085472381F400A381F4001946D7
:1097200093056403138544009770FD1FE78040068E
:1097300083C7240099072381F40083C7340093E78B
:109740002700A381F4008347540481CB78448347E6
:10975000070093E707F82300F70019469305640410
:109760001385A4009770FD1FE780800283C7240043
:10977000990793F7F70F13F7F7030507A308E4001A
:109780002381F40083475403858B91E70347440307
:1097900089476319F70078448347070093E7070474
:1097A0002300F7007C4483451401A380B70093078E
:1097B000A0F9A305F400034534068347B4065D8D84
:1097C000EF80EFDF014681450D459780FD1FE78063
:1097D0000084EF80DF938147F2406244D2444249E3
:1097E000B2493E8505618280829737460F00AA8480
:1097F0001306062481461305803EE5B5930700084D
:109800003E85828041114AC01389C1AC832709007B
:1098100022C41307000A06C626C22A84F8D30945C3
:10982000EF805F96938601AC9042B7050082FD15EC
:109830005C56F19B93E717005CD6032709005C4355
:1098400093E717005CC38347840693F7F7031397E6
:1098500097015C56ED8FD98F5CD637170040930780
:1098600070052300F704930780FA2300F70403062A
:109870008406B54763D0C7168357270293E70701CD
:109880002311F7029C423706330098431377F7E71A
:1098900098C398431377F7E71367071098C31387A4
:1098A00041AD18431447D18E14C78326090013060F
:1098B000A00DB0CA5457F59A54D70347240693769F
:1098C000F7079843137707F8558F98C337C7898EE2
:1098D000130767ED98C7375755006444130757556A
:1098E000D8C39D472308F4002380F40085472381D3
:1098F000F400A147A381F4007C440357C4062382EB
:10990000E70083C724007844834614063E978357B4
:10991000C4069206A183BD8BD58F2302F70003C531
:1099200024009307E00F09051375F50F2381A400A8
:1099300003562407898F63CFC7047C442C5C0D0534
:109940003E959770FD1FE780A0E403C7240083477E
:1099500024079376F7038507B697A308F4002381BD
:10996000E40083475403858B91E703474403894709
:109970006319F70078448347070093E7070423003F
:10998000F7007C4403471401A380E700930780F9A4
:10999000A305F400832709007844814517150000CA
:1099A0001305C539B8DBEF805E9597D7FD1FA388F7
:1099B000079A834534068347B406034614012244BC
:1099C000B24092440249DD8D014541011773FD1FEC
:1099D0006700E36383572702C207C183BD9BC207A9
:1099E000C18379BD397152D4138AC1AC83260A0070
:1099F00022DC26DA06DE4AD84ED69307000AFCD2CD
:109A0000938701AC9C43B70533002A84D857719BD8
:109A100013671700D8D798431377F7E798C398438D
:109A20001377F7E71367071098C3138741AD1843FF
:109A300010474D8E10C71306A00DB0CA5057759A27
:109A400050D7034725061376F7079843137707F88F
:109A5000518F98C3DC420D4793E71700DCC2644581
:109A60009D472308F50085462380F400A381040068
:109A70002381D4008347F5056385E7001947639682
:109A8000E7528547A381F4001946930564031385C3
:109A900044009770FD1FE780A0CF83C7240099077B
:109AA0002381F4000347F40599476316F70483C73D
:109AB00034001385A40093E72700A381F4008347B3
:109AC0005403898B6385071E0C5883C72501638067
:109AD000071E1946D1059770FD1FE78060CB7844BB
:109AE0008347070093E707F82300F70083C72400A4
:109AF00099072381F40083C7340003C7240093E748
:109B00008700A381F4007C44BA970357C406A3815D
:109B1000E70083C724007844834614063E978357A2
:109B2000C4069206A183BD8BD58F2302F70003C71D
:109B3000240009071377F70F2381E4008356C4013B
:109B40006386061A83470406795993F7070491C37D
:109B500075597C483309E9401379F90F918B81C716
:109B600039191379F90F81496374D90A8347340687
:109B7000751989461379F90F639DD7148347B40685
:109B800063920716916993890929F9479389791B8B
:109B9000B3C9F90297D6FD1F83C6C68F93E60601A7
:109BA00017D6FD1F2308D68E83260A00056690C6A9
:109BB000B387F9028607BCD283C7340093E7070155
:109BC000A381F4007C44834624063E97A301D7007A
:109BD00003C724007C4493D68940BA972382370177
:109BE00083C7240078443E97834734069607D58F71
:109BF000A302F70083C724008D072381F4001C54BF
:109C0000CA973CDC8357C401B38727412319F40664
:109C10007C48914613F7C700630BD700B146631623
:109C2000D726834614060347F4076390E626A18BE4
:109C3000E1C79387419F9C4383298409829717C773
:109C4000FD1F1307E75963E6A90AB7470F003385DD
:109C5000A94093870724B335F50203568700814650
:109C60003305F502EF60301DAA89B7074B00138753
:109C700049ED9387B7C763EAE72049468145680005
:109C80009770FD1FE78040B4B7C70300938737FC88
:109C900063CD3713BD09F947B3C9F902B2477977E4
:109CA000F98FCE0993D93901B3E93701B9A28347B6
:109CB000D40381CB78448347070093E707F8230058
:109CC000F70019469305E4039770FD1FE78040AC49
:109CD00031BD854693098042E389D7EA8569938936
:109CE000898465B585699389E91B45B58149014931
:109CF00005B75C43BE9991BF83C7340083453406E2
:109D0000C18BA1CB79460947B389C9028357240780
:109D10006395E5020347B40699078E0709CB93873D
:109D2000770D13961700B299938949293DBF938700
:109D3000A70493963700B699C5BF05476397E5001A
:109D4000BD0713972700BA99C5B7B9078E07BE9903
:109D5000E1BF03C724008357C401BA970947639E34
:109D6000E5040347B406D9078E0721C79387770D0B
:109D7000860717C7FD1F0347F7711367170097C6BC
:109D8000FD1FA389E67003270A00A1669389875205
:109D900014C793875754F946B3C7D702B387D7027E
:109DA00086077CD7834714062300B408A30FF40664
:109DB0006DBD9387A7048E076DBF05476395E500CA
:109DC000FD078A077DB7F907FDB7B7872500138719
:109DD00047ED634637031307C01293896909B3C976
:109DE000E902B24789661387F6FFD58F33F7E9009A
:109DF000F979B3F93701B3E9E9004EC619A863C090
:109E000037178357C1006977F98F1167D98F2316E8
:109E1000F1008357640868446C0013970701835767
:109E2000C100D98F3EC68327040A0327C4083EC851
:109E30008327440A13168700618393F6F70197C7B7
:109E4000FD1F83C7D75D9D8B9607D58FD18F3ECAE7
:109E5000832704094946A2075D8F835784083ACCBB
:109E6000231EF10083C724008D073E959770FD1FC8
:109E7000E780009283C7340093E70702A381F400D0
:109E800083C72400C9072381F4008347040693F79E
:109E9000070485C703C734007C4483C624001367C6
:109EA0000704A381E40003475401B697A381E700A8
:109EB00083C7240085072381F4000356C40161E2AF
:109EC000014983C624008347E40513F7F603050719
:109ED0003A999A07D58FA30824012381F400834778
:109EE0005403858B91E70347440389476319F700BF
:109EF00078448347070093E707042300F7007C4476
:109F000003471401814517150000130525E3A380BD
:109F1000E700930760F9A305F400784483270A005B
:109F2000B8DBEF808EBD97C7FD1FA38A074297C796
:109F3000FD1F23870742834534068347B406034643
:109F400014010145DD8D9770FD1FE780400CF25034
:109F50006254D2544259B259225A21618280B78741
:109F6000DAFF93876709BE998347D10093F7F7F922
:109F700093E70706A306F1009307C01231BB03C5A0
:109F800024000C549307350068443E956369C9006A
:109F90009760FD1FE780C07F0349C4011DB74A8653
:109FA0009760FD1FE780C07E29BF1387E7FF137707
:109FB000D70F6311071EA381D400930565031946CB
:109FC000138544009760FD1FE780807C83C72400D1
:109FD00003C7340097C9FD1F93894944990793F734
:109FE000F70F136787002381F400A381E40078440E
:109FF0000149BA970357C406A381E70083C7240029
:10A000007844834614063E978357C4069206A1837C
:10A01000BD8BD58F2302F70083C6240091478906A4
:10A0200093F6F60F2381D4000347F4056310F70C71
:10A0300083470406795993F7070491C375598357E9
:10A04000C4013309D9401379F90F6371F90A034741
:10A050003406751989471379F90F6318F710834788
:10A06000B406639D07109167938707297947938703
:10A07000771BB3C7E70203C689071366060197C5B6
:10A08000FD1F2389C54003260A0085650CC633875A
:10A09000E702060738D203C7340013670701A3811C
:10A0A000E400784403462406BA96A381C60083C61A
:10A0B0002400784436972302F70003C72400744431
:10A0C000A187BA96034734061607D98FA382F600F4
:10A0D00083C724008D072381F4001C54CA973CDCFD
:10A0E0008357C401B38727412319F4068347040625
:10A0F00093F7070485C783C7340003C7240093E799
:10A100000704A381F4007C44BA9703475401A38158
:10A11000E70083C7240085072381F4000347F40583
:10A1200091476317F7060356C4013DC203C52400D7
:10A130000C549307350068443E956365C9049760E5
:10A14000FD1FE780E0640349C4010347F40591471C
:10A15000631AF72883C7890793F7070F93E7570018
:10A1600017C7FD1F2308F732A9BB05469307804296
:10A17000E30EC7EE856793878784CDBD8567938798
:10A18000E71BEDB54A869760FD1FE780606075BFED
:10A19000014965BF93F7B70F0547E393E7D2A38162
:10A1A000F400930565031946138544009760FD1F6D
:10A1B000E780005E83C7240099072381F40083C7EA
:10A1C000340093E72700A381F4008347D40381CBB5
:10A1D00078448347070093E707F82300F700834795
:10A1E00054031385A400898B6387071A0C5883C70F
:10A1F00025016382071A1946D1059760FD1FE78084
:10A20000205978448347070093E707F82300F700B5
:10A2100083C7240003C7340097C9FD1F9389092011
:10A22000990793F7F70F136787002381F400A38141
:10A23000E40078440149BA970357C406A381E700B4
:10A2400083C724007844834614063E978357C40688
:10A250009206A183BD8BD58F2302F70083C624000D
:10A260008547890693F6F60F2381D4000347F4054A
:10A270006310F70C83470406795993F7070491C3D9
:10A2800075598357C4013309D9401379F90F6371A4
:10A29000F90A03473406751989471379F90F631EC4
:10A2A000F7108347B40663930712916793870729D2
:10A2B00079479387771BB3C7E70203C689071366FD
:10A2C000060197C5FD1F2387C51C03260A00856567
:10A2D0000CC63387E702060738D203C7340013677A
:10A2E0000701A381E400784403462406BA96A381BB
:10A2F000C60083C62400784436972302F70003C7BC
:10A3000024007444A187BA96034734061607D98FF0
:10A31000A382F60083C724008D072381F4001C5418
:10A32000CA973CDC8357C401B38727412319F4063D
:10A330008347040693F7070485C783C7340003C720
:10A34000240093E70704A381F4007C44BA970347F1
:10A350005401A381E70083C7240085072381F4000B
:10A360000347F4058547631DF7060356C4012DCA4C
:10A3700003C524000C549307350068443E95636B75
:10A38000C9049760FD1FE780A0400349C40103474B
:10A39000F405854775BB8347D40381CB7844834755
:10A3A000070093E707F82300F70019469305E40335
:10A3B0009760FD1FE780C03DA1BD05469307804221
:10A3C000E308C7EE856793878784DDB58567938744
:10A3D000E71BF9BD4A869760FD1FE780603B45BFDC
:10A3E000014975B783C7890793F7070F93E767009C
:10A3F00085BB011156C297CAFD1F938A2A0283A703
:10A400004A0A06CE22CC26CA4AC84EC652C4639F08
:10A4100007502A840945EF70FFD61389C1AC032683
:10A4200009009307000A938901AC7CD283A7090035
:10A43000B7053300568AD857719B13671700D8D7D2
:10A4400098431377F7E798C398431377F7E71367B1
:10A45000071098C3138741AD18431447CD8E14C716
:10A460009306A00D34CA5457F59A54D70347A40055
:10A470009376F7079843137707F8558F98C3834768
:10A48000E4007844BD8B2308F4002300F7001D4747
:10A490006444639CE73C8547A38104002381F40066
:10A4A0000347F4058D45631FB7288357C4016392A2
:10A4B00007187C481147B18B638DE71631476398C5
:10A4C000E700034714068347F4076304F71685473C
:10A4D000A381F40019469305640313854400976033
:10A4E000FD1FE780E02A83C72400990793F7F70F41
:10A4F0002381F400034704061377070415C303C739
:10A50000340013670704A381E4007844BA97034733
:10A510005401A381E70083C7240085072381F40049
:10A5200097C7FD1F238807F683C624008347E405E9
:10A5300013F7F60305079A07D58FA308E4002381D4
:10A54000F400930740F9A305F40083475403858B77
:10A5500091E70347440389476319F7007844834729
:10A56000070093E707042300F7007C440347140126
:10A57000B7060082FD16A380E700032709005C43AD
:10A5800093E717005CC38347840603A6090093F78B
:10A59000F703139797015C56F58FD98F5CD6371761
:10A5A0000040930770052300F704930780FA230007
:10A5B000F70483068406B54763D2D736835727024C
:10A5C00093E707012311F70203A70900B7C7898E94
:10A5D000938767ED1CC7B7575500938757555CC3E2
:10A5E0008347A406834444068145170500001305EC
:10A5F000E574DD8C894717C7FD1FA304F7D697C7FD
:10A60000FD1FA38E07D4832709007844B8DBEF70C1
:10A61000DECE034614016244F2404249B249224A66
:10A62000924AA685D244014505611773FD1F670054
:10A63000039EA147A381F4008357C4062382F4003C
:10A640008357C406034714067444A1831207BD8BC5
:10A65000D98FA382F60083C624000547890693F6A6
:10A66000F60F2381D40083478A070326090063136A
:10A67000F7060347440689476316F71E0347A406F7
:10A68000938766008E07630B071C9387770D8607F9
:10A69000231AF4068357440703478401F945938737
:10A6A000070AB387E702094517C8FD1F2304A8DE80
:10A6B000056508C6938707FBC207C1839387771692
:10A6C000B3C7B70213970701B387B7024183860761
:10A6D0003CD21DA03852F94705833357F7023C524C
:10A6E0006C528583FD8BAE977CD28D4717C6FD1FBC
:10A6F0002302F6DA4207418383C7340093E7070158
:10A70000A381F4007C44BE968347240693E70704A4
:10A71000A381F60083C624007C44B6972382E70019
:10A7200083C624007C4421837D8BB6978346340600
:10A730009606558FA382E70083C724008D072381E7
:10A74000F400DDB399466319D70A0357C4014DE7F6
:10A75000A381F400138544001946930564039760B0
:10A76000FD1FE780E00283C724001385A40099073A
:10A770002381F40083C7340093E72700A381F4000A
:10A7800083475403898BB9C70C5883C72501B9C3C4
:10A790001946D1059760FD1FE78080FF7844834705
:10A7A000070093E707F82300F70083C72400990701
:10A7B00093F7F70F2381F400034704061377070488
:10A7C000E30007D683C63400784493E60604A381E9
:10A7D000D4002DBB8347D40381CB78448347070043
:10A7E00093E707F82300F70019469305E403976001
:10A7F000FD1FE780E0F955BFA147A381F40083570F
:10A80000C4062382F4008357C40603471406744425
:10A81000A1831207BD8BD98FA382F60083C62400C3
:10A820000547890693F6F60F2381D40083C78A076C
:10A8300003260900E30FF7E23852F947058333573F
:10A84000F7023C5268528583FD8BAA977CD297C74A
:10A85000FD1F2381B7C44207418379BD9387A704B5
:10A860008E073DB59387E600E5BF0547639CE70883
:10A87000B147A308F40083475403898BADC30C5838
:10A8800083C72501A9CF1946D10513858400976098
:10A89000FD1FE780E0EF78448347070093E707F860
:10A8A0002300F7006844194693056403090597607F
:10A8B000FD1FE780E0ED83278A0D13971701635D85
:10A8C00007008347E400B98B81EB78448347070096
:10A8D00093E707022300F700930720F9ADB1834700
:10A8E000D40399C783C7040093E707F82380F400D3
:10A8F000684419469305E40321059760FD1FE7802E
:10A9000020E94DB70356C4010C5413858400930706
:10A91000660093F7F703A308F400C5B7835727022F
:10A92000C207C183BD9BC207C18369B9F2406244BB
:10A93000D2444249B249224A924A05618280411179
:10A9400097C7FD1F938787AD22C4A05306C605474E
:10A950008346C4006390E60283C7870711476315E7
:10A96000F7002285EFE03F9922852244B240410161
:10A970006FF03FA8B24022444101828097C7FD1F7B
:10A980009387C7A9BC4F99E33E85828003C78700A0
:10A99000E30CA7FE9C43C5BF011106CE22CC26CAFC
:10A9A0004AC84EC6EFF09FFD11E98144F24062446F
:10A9B00026854249D244B2490561828083475503C6
:10A9C0002A8489EF194697C5FD1F9385A5B3130502
:10A9D00064039760FD1FE780A0DBB5A80547639E71
:10A9E000E70097C7FD1F83C787A3C944E1D3194672
:10A9F00097C5FD1F938565B1D9BF1C59A1EB83474E
:10AA0000C503230A050291EB034754038547230A34
:10AA1000F4028947E317F7FC75B71305C503977070
:10AA2000FD1FE780602F08D815C1EF4020420C5869
:10AA300083C7A50081CF8947230AF4021946B105CF
:10AA4000130564039760FD1FE78080D40347440328
:10AA50008947E31BF7FA97C7FD1F83C7379C9DCB38
:10AA60008347C40385CB83473404130700041305CD
:10AA7000C40393F7070C6397E7109770FD1FE780F7
:10AA8000E02E08D81C5899C783C7270181C789477A
:10AA9000230EF4028344C40089F885470349E40087
:10AAA0002306F400A304F40017B7FD1F0347D76C77
:10AAB00097C7FD1F2384079693170701231BE406FE
:10AAC0009376F9001947C183637AD7068346440613
:10AAD0000947938947006394E6009389C703835627
:10AAE000C4018345340617C7FD1F0347C7871305F5
:10AAF000A00F9307E70B231B340713872600094693
:10AB0000B3D6A6020E0717B5FD1F0355E56D63907A
:10AB1000C5081307A7040E073E979397A600BA9798
:10AB200037460F00130606248146B3A5A702330556
:10AB3000F502EF5050304E95231BA4068357E406D0
:10AB400023180406B1CB034564019307F00F630794
:10AB5000F500EF708EEDFD57230BF4000356E4066D
:10AB6000930664011206A2851715000013050597C8
:10AB7000EF700ED8854517B5FD1F03455562EF7080
:10AB80006EAD2DB59770FD1FE7800019DDBD6D0717
:10AB90003E979397960061B78547E31DF9FC0345FF
:10ABA00064019307F00F6307F500EF700EE8FD579F
:10ABB000230BF4000566930664011306068065B74F
:10ABC000411106C622C42A84EF706FD42285230661
:10ABD0000400A3050400A3040400EFE0CFF18545C1
:10ABE00017B5FD1F0345B55BEF708EDF894517B5BF
:10ABF000FD1F0345D55AEF70AEDE03456401930790
:10AC0000F00F6307F500EF704EE2FD57230BF400E1
:10AC1000B2402244410182802C49411106C622C41F
:10AC200026C24AC083C715007D4793F7F70323095F
:10AC3000F500E91793F7F70F637BF700930400081B
:10AC4000B24022442685024992444101828083C752
:10AC50000500BD8BA309F500F51793F7D70FF9FF92
:10AC60002A841946A105130565039760FD1FE78037
:10AC700020BB914471D52C4885472302F40483C737
:10AC80000500194689059987858BA302F4041305ED
:10AC900064049760FD1FE780A0AF2285EFE0CFD06E
:10ACA00085472A89E31CF5F8034734019547631E5D
:10ACB000F702EF00906B97B7FD1F83C7D74B8D8BC3
:10ACC0006375F50283470401E36AF9F69387419FB0
:10ACD0009C438144829748D02285EFE08FAFE311F7
:10ACE00025F72285EFF0DFEDA1BF8347040181C77F
:10ACF0001947E395E7F41305200483044401EF802A
:10AD00003EFA62056185E3CBA4F22285EFE0AFA4B1
:10AD10008347A406034544068345140181445D8DA1
:10AD2000EF70EF89014681450D459760FD1FE78073
:10AD3000002EEF70CFBD29B7397126DA97B4FD1F09
:10AD40009384C46D22DCA0504AD84ED652D456D239
:10AD50005AD05ECE62CC66CA06DE314B979A0000AE
:10AD6000938A0AFE914B17B9FD1F1309295F938936
:10AD7000C1AC0D4C97BCFD1F938C8C3E130A440153
:10AD80008347B4009387E70693F7F70F6367FB18D1
:10AD90008A07D6979C43D69782870146930550022F
:10ADA0000145EF70AF961306500281450545976047
:10ADB000FD1FE780C02583473900858BD1C3284814
:10ADC00081465286814597B7FD1FA38A0758976031
:10ADD000FD1FE780E01901E52285EFF0FFE303475F
:10ADE000B40093073009E30DF7F8EF704FB22285F6
:10ADF000EFE0CFD4F2506254D2544259B259225AA1
:10AE0000925A025BF24B624CD24C216182808347A2
:10AE10002900858B95C397B7FD1F2382075483476D
:10AE2000040105476375F7001947E390E7FC9307B2
:10AE3000B0F9A305F400A9B783A70900FC53A9F34F
:10AE400097B7FD1F238E07504DB783472900858B89
:10AE50006387073C97B7FD1F23830750938401AE98
:10AE6000EF70EFAA9C409DCBDC438DCB894723023A
:10AE7000F10083475404130561001946A302F10051
:10AE800083474401930564042306F1009760FD1F86
:10AE9000E78000909C404800DC438297834774061B
:10AEA00089CF834554040345840013066404EFA04E
:10AEB0003FB183477406898B9DFB2285EFE0AFC3CA
:10AEC00015BF8347B4060345340601469305500277
:10AED0005D8DEF70AF830146814505459760FD1F8D
:10AEE000E780E01283473900858B638F073228485B
:10AEF00081465286814597B7FD1FA382074697601A
:10AF0000FD1FE780E00601E52285EFE04FF30347F0
:10AF1000B4009307A009E305F7E6EF704F9F71BFF8
:10AF20008347B406034534060146930550025D8D00
:10AF3000EF60DFFD0146814505459760FD1FE78015
:10AF4000000D83473900858B6380072E2848814692
:10AF50005286814597B7FD1FA38307409760FD1F69
:10AF6000E780000101E52285EFE08FC10347B400CF
:10AF7000930790094DB783472900858B6381072A82
:10AF800097B7FD1F238D073CEF706F9883C7840729
:10AF900009476307F70083C784070D476315F70266
:10AFA00083A6090003574407BC521307C7128583C1
:10AFB00063FBE700930750F9A305F400BC528583B7
:10AFC000E39007DCDDBD034794018347A4011DCF57
:10AFD0008346A4006302D7286387F6002305E400B4
:10AFE0002285EFF00FC18347790093F7F70FE399BC
:10AFF00007D883C7840709476307F70083C7840717
:10B000000D47E31CF7EA930750F925B5E9DF03473D
:10B01000A40071FB2305F400E1B783C78407E39E16
:10B02000FBFE2285EFE01F9CA1BB83472900858B97
:10B030006387071E97B7FD1F2383073283C78407E3
:10B04000C18B85C7EF70AF8C83C7840793F7070266
:10B05000E5DF83C78407228593F7F70C17B7FD1F39
:10B06000230AF742EFE00FFA21BB83C79407858BD1
:10B0700091C7EF70CF899307E0F965BB83C7840759
:10B080001547BD8B639CE700EF00302E83C77C0122
:10B090008D8BE374F5E89307D0F961BB83C7840710
:10B0A0001947BD8BE39BE7E69307C0F959B3834784
:10B0B0002900858BE38607CC97B7FD1F2381072ADC
:10B0C00083C78407C18B89CBEF706F8483C78407E4
:10B0D00093F70702E5DFB5BF83C79407858BD1FBE4
:10B0E00083C784071547BD8BE387E7FA83C78407C7
:10B0F0001947BD8BE38AE7FAEF706F81E5B9FC5819
:10B10000230E8407228582970347B40093077009B2
:10B11000E308F7C6C5B183473900858B95C7EF6053
:10B120001FFF938701AC98437C53ED9B7CD397B76B
:10B13000FD1F238A07223717004083578701C60760
:10B14000C583231CF70095BB83A70900FC53E39933
:10B1500007C2EF60DFFB938701AC98437C53ED9B04
:10B160007CD397B7FD1F23800720371700408357F4
:10B170008701C607C583231CF70097B7FD1F2381EE
:10B18000071E25BB83472900858BD1CB97B7FD1FB1
:10B190002387071C83C78407C18B9DC383C784078C
:10B1A00093F70702E5DF2285EFE0CFE583C7840749
:10B1B00093F7F70C17B7FD1F230EF72CEF603FF541
:10B1C0002285EFE04F93938401AE9C409DCBDC43FE
:10B1D0008DCB89472302F100834754041305610096
:10B1E0001946A302F1008347440193056404230632
:10B1F000F1009750FD1FE780A0599C404800DC43B8
:10B20000829783477406858BE38607BE8345540483
:10B210000345840013066404EFA08FFAE1BE83A700
:10B220000900FC53E39E07B497B7FD1F238A07125A
:10B23000EDB197B7FD1F83C78712858BF5D797B7F9
:10B24000FD1F238E0710EF609FEC2285EFD07FD883
:10B250002285EFF0FF9679BEE38707D865BB4111E1
:10B2600097B7FD1F9387871B22C4E04B06C626C2F3
:10B27000630804248346C40005476393E62497B615
:10B28000FD1F83C6160E1547638BE60017B7FD1F1B
:10B290001307C70C034777008D46639DE6002244E1
:10B2A000B240924417B5FD1F034575EF8545410136
:10B2B0006F605EBA83C707008356040217B7FD1F8D
:10B2C000232E871A850793F7F70F17B7FD1F23075C
:10B2D000F714130700643347D70263C8E700EF7021
:10B2E000EEC597B7FD1F238B07120347E4009D4768
:10B2F0006317F7048347940685CF8356040763E6F4
:10B30000F6028345840093073004A30BF400130571
:10B31000300493F6F60F0146EFA04FEA228522444F
:10B32000B240924441016FF0BF8985062318D406CC
:10B33000930530020545EF70EEB92301A406854759
:10B3400017B7FD1F2308F714034784018D476319BE
:10B35000F70AEF60BE9D0D8901ED9307700223058A
:10B36000F40093075002A30CF4009307600231A885
:10B3700085476310F508930760022305F4009307DF
:10B380005002A30CF40093077002230DF40003474E
:10B39000E400854797B4FD1F83C474E06318F70E7B
:10B3A0000356040285452685EF601EC28347540379
:10B3B000898BEDC78347C403F5C30C58E5C183C728
:10B3C000A500E9CF8947230AF4021946B105130500
:10B3D00064039750FD1FE780A03B0347C4078947DC
:10B3E00063E2E70C22852244B240924441016FF0AF
:10B3F0004F80930750022305F40093077002A5B70E
:10B4000089468347F4006319D70213F7170011CF59
:10B41000130750022305E400898B81CF9307600254
:10B42000A30CF400230D04009DB7930760022305CD
:10B43000F40093077002EDB79DC313F7170001CB1B
:10B44000930750022305F400A30C0400E1BF898B8D
:10B4500081C793076002FDB793077002E5B7834782
:10B460009401130740026365F7009307500201A897
:10B47000850793F7F70F13077002E368F7FEA30C35
:10B48000F400834794012305F40069BFB9450545DD
:10B49000EF704EA4035604022A9629B78547230A63
:10B4A000F40225BF9387419F9C438324840982979C
:10B4B00063EDA400835764073385A440E374F5F279
:10B4C000B240224492444101828097B7FD1F938786
:10B4D00027D1DC43BE94F9BF011122CCFD5706CE23
:10B4E000230BF5008357E5062A849DC7834605078D
:10B4F000834585009307C003A30BF50001461305A0
:10B50000C003EFA0AFCB0945EF60DFC722856244DF
:10B51000F24005616FF0CFEA8347E5000547BD8B38
:10B520006386E70083470506918BF1DF97B7FD1F20
:10B530009387C7EE83A7070E93F7072085C302C43E
:10B5400002C202C081480148814701478146054641
:10B5500081451305C003EFA00FC475B702C0814831
:10B560000148814701478146054681451305C003CF
:10B57000EFA04FC049BF23A6A1B68280411106C6E5
:10B5800097B7FD1F83C7B7C189EB17D5FFFF130519
:10B590000558EF60DEE8EFD04FE997E7FFFF9387AC
:10B5A000678D17B7FD1F232DF7EC97F7FFFF9387E4
:10B5B000E73E17B7FD1F2327F7ECB24097070000BF
:10B5C000938727CA17B7FD1F2320F7EC97F7FFFFD4
:10B5D0009387273717B7FD1F232AF7EA4101828097
:10B5E00011C98327050A93E707082320F50AFD57A9
:10B5F0002303F502828023AAA1B6828097B7FD1F9C
:10B600009387C7E1BC4B9C5799E33E85828003D763
:10B610008701E30CA7FE93878705FDB7011122CCB4
:10B6200006CE2A84034565029307F00F2E86630930
:10B63000F5002EC6EF607EBF3246FD572303F402AD
:10B640008347A402035784049306640293E7070622
:10B650002305F40283570404A285F240BA9723130A
:10B66000F4046244170500001305C5F705616F6017
:10B670003EA8011122CC06CE2A8403457502930709
:10B68000F00F2E866309F5002EC6EF601EBA324613
:10B69000FD57A303F40293067402A2856244F240AC
:10B6A000171500001305A5EB05616F607EA401115D
:10B6B00022CC06CE2A84034585029307F00F2E86FE
:10B6C0006309F5002EC6EF605EB63246FD572304CF
:10B6D000F40293068402A2856244F240171500002A
:10B6E000130585EA05616F60BEA003467514ED473A
:10B6F00097B5FD1F83D5A5D497B6FD1F83D6E6D495
:10B7000017B7FD1F035787D42310F51C231EF51A06
:10B71000231CB51A231AD51A231BE51A8947630B74
:10B72000F60693078014834865142311F51C094815
:10B7300017B6FD1F130686CE6392080703568602CE
:10B74000231DC51A0566130606A9231FC51A6D48D1
:10B750002E866373B8006D46931506012314C51C2D
:10B760006D48C18136866373D8006D462312C51CAF
:10B770008356E51B0356A51B6373D600B2862315BB
:10B78000D51CBA8663F3E700BE862313D51C2307B6
:10B79000B50482808567938707A971B7035666024F
:10B7A000231DC51A130680144DB703476514894637
:10B7B0008357A51C631ED70283568514938787E899
:10B7C00099C6B3C7E702938757FD214731A02147A8
:10B7D000B3C7E702938757FDB3C7E7020357851C3A
:10B7E000C207C18363F3E7003E872307E504828035
:10B7F00085466316D7009387C7FB1147F1BF938730
:10B8000007FBE1B78357451B0357051C411106C6CB
:10B8100063F3E7003E87931807018357251C0357FE
:10B82000651B93D808016373F700BA871398070163
:10B830008356C51B8357851B1358080163F3D70034
:10B84000BE860357A51B8357E51B139306011353AD
:10B8500003016373F700BA8783467514C20709476B
:10B86000C183639AE6000566130606A942876370E2
:10B87000C802328729A8032705109316470163CC15
:10B8800006000566130686844287E36406FF1318E4
:10B89000070113580801834665140947639EE606AD
:10B8A0000357A5039306204E3307D70293F6F80FEC
:10B8B0009A061386F63C9386C64F634406019306A8
:10B8C000C812158F63D3E7003E87420705664183A0
:10B8D000130606A9BA876373C700B287C207C1837C
:10B8E0000356451C13F7F80F9376F30F6316E6041F
:10B8F0000356651C631206050356851C631ED6029B
:10B900000356A51C631AF602230E0506EFF0FFE9A5
:10B910000945B24041018280032705109316470173
:10B92000E3C006FC056613068684BE856373F600D5
:10B93000B2859397050165B70546230EC506231208
:10B94000E51C2313051D2314D51C2315F51CEFF04E
:10B95000DFE501457DBF0357A51B8357E51B41115B
:10B9600006C66373F700BA87034665141397070189
:10B9700089464183631BD6068566938606A9637351
:10B98000D700B6871397070141838357A51C6387A8
:10B99000E70085472315E51C230EF5060357651BB5
:10B9A0008357251C6373F700BA87034675141397F2
:10B9B0000701894641836317D6048566938606A9E5
:10B9C0006373D700B6871397070141838357651CBC
:10B9D0006387E70085472313E51C230EF506EFF088
:10B9E000DFDCB24001454101828085671386878490
:10B9F000E37DE6F88326051093870780F58FD1F75E
:10BA0000328761B7856713868784E371E6FC8326F6
:10BA1000051093870780F58FD5FB328745BF035705
:10BA2000A50495470356E503B307F7028356A5031C
:10BA300093D537406355B600118F93173700B3C7BE
:10BA4000D702C207C1832314F504828083274511DE
:10BA50000D469306F00F03C707000D8BA306E50004
:10BA60006314C70083C62700A30BD50003C70700D4
:10BA7000418B2309E50083C71700230BF500828063
:10BA80008347C500CD9B2306F5008280832745119F
:10BA90000347C50083C70700935637408987B58F92
:10BAA000858B99C7134787002306E50001458280EF
:10BAB00005458280832745110347C50083C70700DA
:10BAC000935627408D87B58F858B99E7134747009D
:10BAD0002306E50001458280054582808327450EC7
:10BAE00085072322F50E91E78327850E85072324FA
:10BAF000F50E8327850E93F7070891C78547232204
:10BB0000F50E2324050E8347A50293F7070491CF72
:10BB10008357050403578504BA972313F504832735
:10BB2000450A93F7F7BF2322F50A82808327C50EC3
:10BB300085072326F50E91E78327050F8507232820
:10BB4000F50E8327050F93F7070891C7854723262E
:10BB5000F50E2328050E8347A50213F7070409C72E
:10BB600093E707022305F502828097B7FD1F9387AD
:10BB7000E78A83A787090145054791E3828083C649
:10BB8000B7006393E60005059C43C5BF411122C47D
:10BB900091452A84014506C6EF60DEB3231BA40449
:10BBA00017B7FD1F03578792854763F1E7060355D3
:10BBB000A41C8357641C37460F0013060624AA975B
:10BBC0009387172717A5FD1F03550562B3A5A70285
:10BBD00081463305F502EF401026835704040357CE
:10BBE000E4058355840505461D8F3307B702832777
:10BBF00004091383F5FF130E80023E9797B7FD1FCC
:10BC00009387C78183A8870963666600B240224490
:10BC1000410182803308C603C687FD563A9881E702
:10BC2000231BC404E5B76314F4001C40F5DB83AEAA
:10BC3000C7086398BE0083A60709B306D840B3F6C9
:10BC4000B60263E4A6009C43D9BF090675BF17B7C7
:10BC5000FD1F0357A787854763F1E70A411122C4F7
:10BC60008357651C2A840355A51C37460F0013060D
:10BC70000624AA979387172717A5FD1F0355C556B6
:10BC8000B3A5A702814606C63305F502EF40B01AF8
:10BC90000346540597A7FD1F9387477883A8870914
:10BCA0007D1685461303800263E6C600B240224437
:10BCB000410182803387660283270409FD553E9740
:10BCC000C68781E7231BD404D5B76314F4001C4056
:10BCD000F5DB03AEC7080328C408631A0E0103A8E6
:10BCE0000709B305E84063640701B305074163E44E
:10BCF000A5009C43F9B7850645BF828017A7FD1FA5
:10BD00000357C77C854763F5E70E411197A7FD1FD1
:10BD10009387C77022C403A4870906C626C2A287D8
:10BD200089EB09EC230E0500B24022449244410104
:10BD3000828003C7D7016DFB9C43DDB76314A40069
:10BD400000406DD08347B400D5E30327C4088327A0
:10BD5000C508630DF7080347C50193070008AA84C7
:10BD6000631DF7048357A403194693050008231A9B
:10BD7000F506231BF5068357C403231DF5048357DB
:10BD8000E403231EF50403558500EF20307F85472B
:10BD9000A38EF40083C7C40193F7F707238EF40042
:10BDA000130584062244B240924431469305F00FB5
:10BDB00041011753FD1F670023A18357A5031946AF
:10BDC00093050008231AF406231BF4068357C503C2
:10BDD000231DF4048357E50303558400231EF40454
:10BDE000EF20D0798947A30EF4005DBF004015BF56
:10BDF000230E05008280411126C206C622C417A761
:10BE0000FD1F0357A76C8547AA8463F8E71A8327A9
:10BE10008510898B6383071A97A7FD1F9387076097
:10BE200083A78709BE85ADED03D6841C01447D58E8
:10BE30001306260205862D067D55A5EB630E04101C
:10BE40008347B4000357A403D5EB8947231CE404BC
:10BE5000A30AF40403570406835704042285BA97FF
:10BE6000C1071D8B998F231FF4048357C403231D1F
:10BE7000F4048357E403231EF404EFF03FD1832737
:10BE8000440A93E717002322F40A8547230AF400A3
:10BE90008D47A30EF400B2402244924441018280B7
:10BEA00003C7D5016DFB8C41BDBF984363949700D8
:10BEB00051D7BA8783A6070903A7040963E2E602FC
:10BEC0003387E64083A6C40863F4E6003377D702DD
:10BED0006376A7003A856373C700BE859C43B1BFF4
:10BEE000158F83A6C70863F4E6003377D702E3779C
:10BEF00007FF3A88E374C7FE3E84CDB783D7A40317
:10BF0000B3F7E702C9FB9D46994763F5E6009357EF
:10BF100017008D070567231AF406130707C88A0759
:10BF20006353F700BA87231BF4068357C4030355F2
:10BF3000840013065002231DF4048357E403930581
:10BF40000008231EF404C947A30EF4002244B240A3
:10BF5000924441016F209062ADC103D7A40383D7FF
:10BF6000A503B3F7E702B1EB8387C40163D70704E6
:10BF70009D46994763F5E600935717008D070567BF
:10BF8000239AF406130707C88A076353F700BA8792
:10BF9000239BF40683D7C40303D584001306500201
:10BFA000239DF40483D7E40393050008239EF4043F
:10BFB000CD47A38EF400EF20705C238E0400E1BD1A
:10BFC00097A7FD1F83C78722AA85A5E723AC01B6E3
:10BFD00097A7FD1F23A4074E8357650817A6FD1FCB
:10BFE0000356862003270509B387C70237460F008B
:10BFF0009306F62313060624B697B3D7C70217A6EF
:10C00000FD1F034676173E96636EC7003306C74092
:10C0100003A7C50893869502171500001305E53D93
:10C020006F50BED597A7FD1F9387871BDC433E97B4
:10C03000F1BF8280938741B79843011126CA06CE8B
:10C0400022CC4AC84EC6AA8451C7BE8917A7FD1F75
:10C050000357C7478547631FF70603D4640897A7AC
:10C06000FD1F83D76718032505093304F402B7477A
:10C070000F001387F7239387072417A9FD1F1309C0
:10C0800029163A943354F402636F85069387419FCF
:10C090009C43330485408297636BA406B307A44096
:10C0A00017A4FD1F0344540D058083A90900014511
:10C0B0006371F40237450F0033848740130505246C
:10C0C000B335A4020356890081463305A402EF402C
:10C0D00080568299930700FB2387F40097A7FD1FE2
:10C0E00083C7C71095EF83C7940262448545F24029
:10C0F000D2444249B249B395F500C205C181014518
:10C1000005616F503ED5832749003E9541B73307FF
:10C1100085408147E35607F8832749003E94BDBF19
:10C12000F2406244D2444249B249056182804111E1
:10C1300006C6EF10404319C983278511014581E7E1
:10C14000B240410182809C430505D5BF7D55CDBFDE
:10C1500097A7FD1F9387872C83A7470A411122C405
:10C1600026C206C62A84AE846396A70097A7FD1F41
:10C1700023A807348327041281CB0355840001468A
:10C1800093050008EF20903F8357440481CB03556B
:10C1900084004D4693051008EF20503E035584005F
:10C1A000154693051008EF20703DB240230A940411
:10C1B0002305040023080400224492440145410160
:10C1C00082808347A500638807388357050841119B
:10C1D00022C406C626C285072310F5088347F5004A
:10C1E000230C05002A8413F7270005E703570504ED
:10C1F000954763E4E700014501A89305E003EFF0EC
:10C200003FF5A305A4020945B240224492444101EE
:10C21000828013F7070239CF93F7F7FDA307F500E4
:10C220008327050A0347B500A305050293E74700E6
:10C230002320F50A8547631FF7028357A5031306DA
:10C24000204E03274509B387C70297A6FD1F83C663
:10C25000A6F293860605B3D7E702034775033307B3
:10C26000C702B697C207C1832312F5088607BA979B
:10C270002311F50883471401858BF5CB8357E4051B
:10C2800003570404639CE7288357C4038355C405FC
:10C29000034584022310F40683475405231FB40288
:10C2A0009205A30BF40283576405F915231CF402CD
:10C2B0008357A405231EF402EF505EBF8346B400EB
:10C2C000231004088357840317A7FD1F0357C7F1E2
:10C2D0006395061EB387E7021307003217A6FD1FFA
:10C2E000130606F0504293870719B3D7E7020327D6
:10C2F0000409D1073E97BA866364F7006364C700F8
:10C30000B306C740835784052328D408231DF402AD
:10C310008347D40181C72285EFF07F938357A4031D
:10C3200017A7FD1F035747EC93060032B387E702B8
:10C330002311040233D6D702B3F7D7029306204E57
:10C340002326C408B387D702B3C7E7022310F40239
:10C35000835704042312F4028347F40093E707028F
:10C36000A307F40083471401F99BA308F400834753
:10C370001401898BB9C70357E41283570404B30629
:10C38000F740139606016340061A631CF7028147C3
:10C39000014893048413232CF412232E041315460E
:10C3A0009305841226859740FD1FE780603E268511
:10C3B000EF10E06B83471401A306A412F59BA308BA
:10C3C000F4008347140113F7070125CB8356C414E7
:10C3D000035704043386E6409315060163C505142C
:10C3E000639DE604BD9BA308F4008347A41481CB9E
:10C3F00013F727006303071485472303F4148347C7
:10C40000B41481CB13F72700630007148547A303F7
:10C41000F4142285EFF02FD48347C40799C78327EC
:10C42000040A93E707102320F40A8327040AA305CC
:10C43000040293E707202320F40A8347140113F72B
:10C44000070221C317A7FD1F130747FD384B13062B
:10C450008005834647001857B386C6023697835631
:10C46000C701035704043387E64013160701634AE4
:10C4700006000357C4146316D70093F7F7FDA3080B
:10C48000F4008347A40293F70704E38607D6035713
:10C49000640483570404E310F7D6034704019307A9
:10C4A000A0046315F70085472308F4008327440A96
:10C4B00093E707402322F40A3DBB83464417835584
:10C4C0008405A18A99CE0356040483566417035544
:10C4D000A403918EB386A602B3C6B602B296231BFE
:10C4E000D41695CBB307F7021307003217A6FD1F2A
:10C4F000130606CF504293870719B3D7E7020327E5
:10C5000004093E97BA866364F7006364C700B30604
:10C51000C7402328D408231DB40209B5998F139767
:10C520000701E35607E4930580022285EFF05FC21E
:10C53000A305A40213058002C1B9918B99C3894751
:10C540006DBD2303041465BD918B99C38947C1B5A3
:10C55000A30304147DBD0545828005C541119305E3
:10C56000200222C406C62A84EFF09FBEFD57A30511
:10C57000A40223080400A303F402B24022444101B0
:10C58000828082800DC9411122C406C68347F5000E
:10C590002A849305E003898B91C3A145EFF05FBB2B
:10C5A000FD57A305A402230804002304F402B240AB
:10C5B00022444101828082808327050A797122D436
:10C5C00006D626D24AD04ECE52CC56CA2A8463878B
:10C5D000073613F7270019CBF59B2320F50A0355DF
:10C5E0008500194693050008EF2040798327040A47
:10C5F00013F747004DC3ED9B2320F40A8347A402A1
:10C6000093F7070491CB8327440A228593E70740D9
:10C610002322F40AEFF0AFC00347B4008547034676
:10C62000440183562406631AF76C8357A403130747
:10C63000204EB387E70203274409B3D7E70217A7C1
:10C64000FD1F034767B313070705BA97C207C183E6
:10C650000347B4022312F40886072311F408930752
:10C66000000819C393070004230EF40019E683475A
:10C67000A40293E717002305F40281EA035584001E
:10C680000D4693050008EF20606F23110406230A6E
:10C690000400A30E04008327040A13F787000DC3C8
:10C6A00003558400DD9B2320F40A154693050008FA
:10C6B000EF20C06C8347A40293E747002305F402F0
:10C6C0008327040A13F7070139C7BD9B2320F40A07
:10C6D0008347D40403558400214689C7A306040474
:10C6E0001306000393051008EF2040698347C40434
:10C6F00089CF83278410C18B89CB8355A4042285DD
:10C700009205C205C181EFE07FF18347A40293E760
:10C7100017002305F4028327040A13F7070415CB37
:10C720000347F40493F7F7FB2320F40AA14763FBC4
:10C73000E7008347B40099E78327440A93E707019A
:10C740002322F40A03558400314693051008EF2094
:10C75000E0628327040A13F7070245CB8346B4003F
:10C7600093F7F7FD2320F40A0327C41083278410CE
:10C7700099EA1377070801CB0327440A37064000DC
:10C78000518F2322E40A93F707026383075AADE22D
:10C790008357641B0357641C6304F70283467414B5
:10C7A00009476391E6580567130707A9637AF700FD
:10C7B0008327440A056713070780D98F2322F40AC9
:10C7C0008357A41B0357A41C6304F7028346641415
:10C7D0000947639CE6540567130707A9637AF700C6
:10C7E0008327440A056713070780D98F2322F40A99
:10C7F00003558400114693050008EF202058834715
:10C80000A40293E717002305F4028327040A13F711
:10C81000071005C70355840093F7F7EF2320F40AA8
:10C82000230E04061D4693050008EF20205583477C
:10C83000A40293E717002305F4028327040A13F7E1
:10C84000070809CF0355840093F7F7F72320F40A6C
:10C850001306700593051008EF2040528327040A41
:10C8600013F7072031C393F7F7DF2320F40A834738
:10C870006414230F0400A29703856716A301A41470
:10C88000EF508FCD2301A4142285EFE01FF2035552
:10C890008400314693050008EF20404E8347A402F0
:10C8A00093E717002305F4028327040A139727014F
:10C8B0006357070079777D17F98F2320F40A8327C0
:10C8C000040A13970701635A07048345040317A555
:10C8D000FD1F0345D5B4EF509ED78357A40313071C
:10C8E000204E232AA408B387E70261777D17B3D7C8
:10C8F000A70217A5FD1F0345258813050505AA975F
:10C900002312F4088347A40293E717002305F402D7
:10C910008327040AF98F2320F40A8327040A858BCE
:10C9200091CF8347A40283454405228593E71700EE
:10C930002305F402EFF0DF81A305A4028307141698
:10C9400085C70307440399463306F74063D9C63EBB
:10C950008327440AB7061000D58F2322F40AED5727
:10C96000A302F416A300E4168347A41613F72700C6
:10C9700045C3830644030307241663DCE60003274C
:10C98000440A37061000518F2322E40A1147A302FC
:10C99000E41603073416635CD7000327440A3706FE
:10C9A0001000518F2322E40A7157A302E4160307F3
:10C9B00004161306F007630CC7020346D41603459A
:10C9C000E416158F62076187B306A6406355D73812
:10C9D00093F607016391063893F7F7F893E7070199
:10C9E0002305F4168357041785072319F416835774
:10C9F000241799CFFD17C207C1832319F41689EBB9
:10CA0000035584001306000293050008EF20003749
:10CA10008347A400B9C38327041299CF8347A40195
:10CA200081EF03558400014693050008EF2000358F
:10CA300001E58547230DF4008357440499CF8347CC
:10CA4000140381EF035584004D4693051008EF2031
:10CA5000E03201E58547A308F4028347441713F742
:10CA6000070169CBBD9B230AF4168327440A898BEF
:10CA7000F1E303470401D547630EF70A8347140126
:10CA8000898BCDEB8144814901498D4A130A5002BB
:10CA900013978401618793773700098722970347AB
:10CAA000D7178607B397FA007D8F638BE70026863A
:10CAB00005458145EF307035B3E9A9003369B90008
:10CAC0008504E39744FD032584138325C41333753C
:10CAD00035012AC4B3F5250128002EC6EF003079B0
:10CAE0008347541363E0A702034544037D578547FA
:10CAF000591562052C0061853AC43EC69740FD1F5A
:10CB0000E780606003278413A2476317F7000327B9
:10CB1000C413B2476300F70215462C0013058412B4
:10CB20009740FD1FE780C0C68327440A93E727008C
:10CB30002322F40A83464417A54713F79600631689
:10CB4000F70403570404835764176360F704B307BB
:10CB5000F74013960701634A0602834754171306EA
:10CB6000000A0507B387C7020356A403DD9A230A08
:10CB7000D416B3C7C702BA97231BF4168327440AF7
:10CB800037078000D98F2322F40A8347A402E1CB20
:10CB9000918B91CF03460401C165938505A0228541
:10CBA000EFE03FAD8347A402ED9B2305F4028347EA
:10CBB000A402858B8DC3034574029307F00F6307AE
:10CBC000F500EF508EE6FD57A303F4028347A4025D
:10CBD000F99B2305F4028347A402898B91CF8355E7
:10CBE000E403034584029205F915EF502EAC834708
:10CBF000A402F59B2305F4028347A402A18B85C3FD
:10CC00008355E4030D4622859205F915C205C181BD
:10CC1000EFE03FA68347A402DD9B2305F402834790
:10CC2000A40213F7070101CF0345640293F7F7F855
:10CC30002305F402EF506EDFFD572303F402834710
:10CC4000A40213F7070201CF8355A404034564022D
:10CC500093F7F7FD2305F4029205EF502EA58347C5
:10CC6000C40193F7070C89CB0347B400854722859D
:10CC70006313F712EFF02F9883570404B5C7130717
:10CC80004006B3F7E702ADE3938701B79C43898B76
:10CC9000A1C79794FD1F9384A44C985815CF9797DC
:10CCA000FD1F83D7A778C2079795FD1F83D52578E9
:10CCB000DD8D254502979C589795FD1F83D5E57618
:10CCC000294582979C58831524032D4582979C58AB
:10CCD00083054403314582979797FD1F2397077477
:10CCE0009797FD1F23A40774B250225492540259FF
:10CCF000F249624AD24A4561828093070004230EBA
:10CD0000F40019E68347A40293E717002305F40211
:10CD1000E39F0696035584000D4693050008EF2017
:10CD2000E005B5B21307801451B4130780147DB425
:10CD30008327440A7D771307F77FF98F45BC998FC6
:10CD4000E3D4F6C28327440AB7061000D58F232206
:10CD5000F40A954731B18346B4168345C416338827
:10CD6000B600635BE80013F807046317080093F745
:10CD7000F7F893E70704ADB12A96E34AC7C68D8E4C
:10CD8000E3C7E6C613F70702E31307C693F7F7F8FE
:10CD900093E70702B1B1EFE07FF6F9BD0111979774
:10CDA000FD1F9387A76722CC03A4070A26CA97977B
:10CDB000FD1F83D7674383546408032504094AC8C9
:10CDC000B384F402B7470F001387F7239387072430
:10CDD00006CE4EC652C456C21799FD1F13094940CC
:10CDE000BA94B3D4F402636F95029389419F83A7E9
:10CDF0000900B3049540829763EAA402898C63CB4F
:10CE0000040283570404A30F040085072310F404CD
:10CE1000834704146395071222859750FD1FE7800E
:10CE2000E0B71DA2832749003E95C1B7832749007B
:10CE3000BE94E9B783A70900829703278408636A31
:10CE4000E50A198D8357E4031797FD1F0357C73968
:10CE50008E07B387E7021307003293870719B3D70A
:10CE6000E70263EDA708374A0F00930AFA23130A73
:10CE70000A248357040485072310F4048347041409
:10CE800091E722859750FD1FE78040B12285EFF0A2
:10CE90004FB3631A0526832604098327C408032792
:10CEA0004900B6973E8563E4D70063E4E700338525
:10CEB000E7408347F401835464082328A4088507C6
:10CEC000A30FF4009797FD1F83D70732B384F402B2
:10CED000D694B3D44403636C9504B304954083A7FC
:10CEE0000900829763E9A4043385A440E34305F86D
:10CEF00009BF83274900998F3E95A9B7A14522858F
:10CF0000EFF00FA5A305A4029797FD1F9387472570
:10CF100003A307036309031E6244F240D24442495B
:10CF2000B249224A924A8945154505610283B304F4
:10CF30009740AA946DB783274900BE9475B72285A0
:10CF40009750FD1FE780E0AF2285EFF08FA7631CAD
:10CF5000051A835764081795FD1F0355E528B74642
:10CF60000F00B387A7021386F623938606240327B0
:10CF70000409230B0402032A4900B297B3D7D7024E
:10CF8000636CF718B307F7408326C4082324F4081A
:10CF9000814AB387E600BE8463E4D70063E44701B7
:10CFA000B38447418357040223289408B1CB8356A6
:10CFB00004040357440237460F002312D402338778
:10CFC000E640B387E702035724021306062481468E
:10CFD0008145BA97C207C1833385A7022311F402A2
:10CFE000EF30606511CD2695B3349500AE94AA87D5
:10CFF00063949A0063644501B30745412328F4080C
:10D0000083A709008297AA8483A709008297E30D6A
:10D0100095FE83A7090083248408829763E3A41004
:10D020003385A440630C0510835764089799FD1F4E
:10D0300083D9891BB7440F00B38737031387F423C1
:10D0400093840424BA97B3D797021797FD1F034719
:10D05000B712BA9763E4A70EB335950203592402B9
:10D060004E86814633059502EF30E05C330AA90015
:10D070003305390337460F001306062481468145E0
:10D08000EF30605B05C1B33795024E868146B385AC
:10D09000B4023385A402BE95EF30E0593305A940B0
:10D0A0002311A4023545EF50EF8D9797FD1F23A75D
:10D0B00087408346B40005479797FD1F83C7071332
:10D0C0006395E606130700FD2307E40099E7814511
:10D0D0009387C1B78843EF504EA29386C1AC90426C
:10D0E00095471797FD1FA30EF7265846F977FD17AA
:10D0F000F98F5CC60F1000009C428966060A94C72F
:10D1000023A24707D8C7F2406244D2444249B249F9
:10D11000224A924A05618280B3064701B387F640EE
:10D12000A5B583274900BE94E5BD130710FC23076E
:10D13000E400C5F78145938781AB69BF9797FD1FD1
:10D1400023AE07369797FD1F83C7470ACDFF834756
:10D15000940285456244F240D2444249B249224A8F
:10D16000924AB395F500C205C181014505616F4042
:10D170007ECE011122CC4AC84EC606CE26CA52C463
:10D1800056C25AC00347B50085472A842E89832991
:10D190000509631DF71E83570508035BC503979AAE
:10D1A000FD1F83DA6A04179AFD1F130A6A0363F7E7
:10D1B000671B834605016393E61A03278511631FE6
:10D1C00007180327450A631B07188346F5001D4708
:10D1D0006396E6180355A503330BFB409307204ED7
:10D1E000330565038324440937460F00814613063F
:10D1F00006243305F5029797FD1F83C7E7F7B3545D
:10D200009502B3B5AA02BE94C204C1802313940848
:10D210003385AA02EF302042B307350133B5A700AA
:10D220002E953E8783264A0019E163E4D7003387B1
:10D23000D740B3845403B7460F009387F6239386F1
:10D2400006242320E900A697B3D7D702DA976361B3
:10D25000F7101D8F2320E9009389419F83A70900C0
:10D2600083240900829763E6A4123385A4406355A2
:10D27000050C83A709008297032709006362E51262
:10D28000198D8357E4031797FD1F0357E7F58E07A2
:10D29000B387E7021307003293870719B3D7E70272
:10D2A00063E8A710374A0F00130BFA23979AFD1F64
:10D2B000938A0AF3130A0A24835704048507231068
:10D2C000F4048347041491E722859740FD1FE7800B
:10D2D000E06C2285EFE0FFEE65E9832604098327F1
:10D2E000C40803A74A00B6973E8563E4D70063E409
:10D2F000E7003385E7408347F4018354640823281B
:10D30000A4088507A30FF4009797FD1F83D7C7EDE7
:10D31000B384F402DA94B3D444036366950CB30483
:10D32000954083A7090023209900829763E1A40C0C
:10D330003385A440E34205F89797FD1F83C7D7E3E1
:10D3400063E5A7089797FD1F23AA87160145B5A88F
:10D3500083264A00B387F6403E97EDBD83546408A8
:10D3600037470F009307F723B3845403BE94930702
:10D370000724B3D7F40263E7F900B387F940232009
:10D38000F900D9BD03274A00BA99C5BF23A03501CA
:10D39000E1B59797FD1F9387A7E4DC43BE94F1B5F1
:10D3A0009797FD1F9387C7E3DC43998F3E95D1BDC7
:10D3B000A1452285EFE0DFD9A305A4029797FD1FC1
:10D3C000938707DA9C5B81EF7D55F2406244D2443B
:10D3D0004249B249224A924A024B056182808945FC
:10D3E00015458297D5B7B3049740AA941DBF83A76C
:10D3F0004A00BE9435BF25C101116C0022CC06CE77
:10D400002A84EFF01FD729C5FD576308F5029796C8
:10D41000FD1F9386E6D4D45232479797FD1F83C7EA
:10D42000B7D591C28583636EF700B307F7403EC658
:10D43000B24503459402EF405EB3F2406244056199
:10D4400082809796FD1F9386A6D9D4423697F1BF66
:10D45000EFF0DF94DDB78280411122C406C62A8432
:10D4600083278411CDEF83270412E1EF03250411F4
:10D4700009C59740FD1FE7804017034574029307D5
:10D48000F00F6304F500EF405EDA03456402930792
:10D49000F00F6304F500EF405ED903458402930763
:10D4A000F00F6304F500EF405ED803459402930744
:10D4B000F00F6307F500EF405ED7FD57A304F402B9
:10D4C0000355840055249797FD1F83D72700A1E7B4
:10D4D00023AC01B69797FD1F938787D0DC4317973E
:10D4E000FD1F2323F7FE9797FD1F938767C79C4770
:10D4F0009DC39797FD1F938767CA885309CD9740AF
:10D50000FD1FE780800E9797FD1F23A907CA9797F5
:10D51000FD1F23A707CAB240224441018280C843AD
:10D5200009C59740FD1FE780400C8327841103D76E
:10D53000A700136707F02395E7009C43232CF41002
:10D5400005B7C84309C59740FD1FE780000A832738
:10D55000041203D7A700136707F02395E7009C4345
:10D560002320F41209B79797FD1F938727EB83A712
:10D57000870999E33E85828003D78700E30CA7FEE5
:10D580009C43C5BF9797FD1F938747E983A7870AE9
:10D590001797FD1F0347B7BD4166050781467D16F6
:10D5A00083D5A7006389A5006387C5008506C107E9
:10D5B000E3E8E6FE81473E8582809797FD1F9387CB
:10D5C000E7E583A7870AC9EF411122C41794FD1F1D
:10D5D0000354A4E71304140215844AC016041799CF
:10D5E000FD1F0349D9B80509420426C2418093149E
:10D5F000490033059400420541819305402406C645
:10D600009740FD1FE78000F205C59797FD1F23ABEC
:10D61000A7EA9796FD1F83C696B533079500B30614
:10D62000D9408147130640F5930520F563E82701AB
:10D63000B2402244924402494101828063FDD700F6
:10D6400058C12315B50022978507C207A30405001A
:10D65000C1834105E1BF2315C50023220500EDB7B5
:10D6600082804111930530261305001D06C622C491
:10D6700026C29740FD1FE780E0EA1306001D8145A2
:10D680002A849730FD1FE7802014014515C8979420
:10D69000FD1F9384A4D883A6840995CA368785473D
:10D6A00003568700630EF60618437DFB2314F4002F
:10D6B000A9EB22859740FD1FE78020F303558400E6
:10D6C000B24022449244410182803687D1BF8547CF
:10D6D0002314F4001797FD1F232E87DC1797FD1FD7
:10D6E000232C87DC1797FD1F2312F7DEEFF0FFECEA
:10D6F00083A7C40923A0070023050400230704000F
:10D7000075BF83A7C40980C39797FD1F23A687DA37
:10D7100083D7040B85071797FD1F2319F7DAC9BFB5
:10D72000138717009317070113160701C183E35EE0
:10D7300006F88147A5BF9797FD1F938727CE03A5BE
:10D74000870A11CD411106C69740FD1FE780E0E929
:10D75000B2409797FD1F23A707D641018280979774
:10D76000FD1F23A107D68280411122C41794FD1FFB
:10D770001304C4CA8326840906C60147B687A5C711
:10D7800003D687006317A60615EF98429796FD1FEC
:10D7900023A2E6D23E859740FD1FE78000E5832760
:10D7A000C40923A007009797FD1F83D727D29DE7C1
:10D7B000EFF07FF89797FD1F23AE07CEB2402244CB
:10D7C000410182808326C4096397F6009796FD1F66
:10D7D00023A4E6CEC1B7944314C36DBFFD171797BA
:10D7E000FD1F2315F7CE9797FD1F83D727CEF9F797
:10D7F000C1B73E879C4361B7714681451795FD1FB0
:10D80000130545CB1733FD1F670003FC8327C508AD
:10D8100003568508797193D60701BD8EC206C18271
:10D82000358E1357764093575640898B058B5D8F05
:10D8300093573640918B5D8F93571640A18B5D8F28
:10D8400093171600C18B5D8F9317360093F707026D
:10D850005D8F931756009355860093F707041E06B5
:10D860005D8F1376F60F518F93D7554013D6354001
:10D87000118A898BD18F13D67540D18F13D615405D
:10D88000218AD18F13961500418AD18F13963500C6
:10D8900013760602D18F13965500137606049E0563
:10D8A000D18F93F5F50FCD8FA20745465D8F3307D6
:10D8B000C70222D42A8426D252CC56CA032A040A8A
:10D8C000832A440A5AC806D636974207418393579B
:10D8D0007740135557400989858BC98F13553740B9
:10D8E0001189C98F135517402189C98F1315170046
:10D8F0004189C98F1315370013750502C98F131598
:10D90000570093558700137505041E07C98F1377B9
:10D91000F70FD98F13D5354013D755401189098B8F
:10D92000498F13D57540498F13D515402189498FEB
:10D93000139515004189498F13953500137505021C
:10D94000498F13955500137505049E05498F93F56E
:10D95000F50F4D8F2207D98FB387C7024AD04ECE1D
:10D960005EC662C4B697C207C18313D7774013D58A
:10D9700057400989058B498F13D537401189498F45
:10D9800013D517402189498F139517004189498F75
:10D990001395370013750502498F1395570093D5DA
:10D9A0008700137505049E07498F93F7F70FD98FEA
:10D9B00013D5354013D755401189098B498F13D59D
:10D9C0007540498F13D515402189498F139515004E
:10D9D0004189498F1395350013750502498F1395B9
:10D9E0005500137505049E05498F93F5F50F4D8F6E
:10D9F0002207D98FB387C702130650025285D685F6
:10DA0000B697BD8E93940601C18033F6C402137B92
:10DA1000F60FEF20D03C05891DE983471408014922
:10DA20008149B3849702130C5002C1804A86528503
:10DA3000D685EF20D03A0589937BF90F11C563860F
:10DA40003403850993F9F90F0509E31189FF230FC1
:10DA50006407B250225492540259F249624AD24A9F
:10DA6000424BB24B224C456182805E8BCDB78347DF
:10DA700015000347250083464500A2074207BA97D1
:10DA800003470500FD8A0548BA970347350093050B
:10DA9000000201456207BA9701473316E8007D8E00
:10DAA00001C605051375F50F0507E318B7FE814795
:10DAB000214633D7F640058B01C705051375F50FD1
:10DAC0008507E398C7FE8280011152C656C4032A17
:10DAD0008513832AC51322CC26CA4AC806CE2A84B7
:10DAE000A30B0512A30605128144130950022686D2
:10DAF0005285D685EF20B02E058911C58347D412F3
:10DB00008507A306F4128504E39324FFF2406244E0
:10DB1000D2444249324AA24A056182801797FD1FCA
:10DB2000034737849547630BF7009797FD1F93874B
:10DB3000E78283C777000D47631FF7009797FD1FA4
:10DB400083C75782639B0710930770101797FD1FB9
:10DB5000231AF780828041119797FD1F9387078CC6
:10DB60000D4522C426C203A4070906C64AC0EF40D9
:10DB70006FE1938701AC944337C7898E130767ED34
:10DB800098C63757550013075755D8C20347A40303
:10DB90009306F00FBE846307D700FD57A30CE40281
:10DBA000230DF4020345940389476306F500854776
:10DBB000A30CF40201451389C1AC032709000146F7
:10DBC000930550025C4393E717005CC3930720FB67
:10DBD0002303F4009D471787FD1FA304F778978759
:10DBE000FD1F238D07769787FD1F238B0776EF4058
:10DBF000EFB1032609009787FD1FA3830776978758
:10DC0000FD1FA38D077485471CC29C40B7053300D8
:10DC100098431377F7E798C398431377F7E71367A9
:10DC2000071098C3138741AD18431447CD8E14C70E
:10DC30009306900D34CA5457F59A54D703475400AD
:10DC40009376F7079843137707F8558F98C3B24038
:10DC5000224492440249410182808280411126C2BD
:10DC60009784FD1F9384845322C42A8403C53400FF
:10DC7000C14506C6EF40CED603C534009305000269
:10DC8000EF400ED69787FD1FA38D076C230204007B
:10DC900023130400B2402244924441018280411186
:10DCA0009787FD1F9387877722C406C61787FD1FB6
:10DCB0000347576B03A407099787FD1F9387076ADC
:10DCC00001CF9786FD1F83C6E6690D476396E60080
:10DCD0001787FD1FA308076803C77700A14663875E
:10DCE000E60003C777009946639DE60083C7770087
:10DCF0001787FD1F2308F76685471787FD1FA303B6
:10DD0000F766EF40CFC02285EFF05FF513063002D3
:10DD1000930500080145EF106006034504049307CE
:10DD2000F00F6307F500EF404ED0FD572300F404D9
:10DD3000B2402244410182805D71CAC01389C1ACE6
:10DD400083260900A2C452DC56DA86C6A6C24EDE7D
:10DD50005AD85ED662D466D26AD06ECE9307000AD5
:10DD6000138A01ACFCD283270A00938A41ADB70520
:10DD70003300D8572A84719B13671700D8D798436C
:10DD80001377F7E798C398431377F7E713670710FC
:10DD900098C303A70A0010474D8E10C71306A00DA5
:10DDA000B0CA5057759A50D70347E5071376F7075F
:10DDB0009843137707F8518F98C3D84237060082EB
:10DDC0007D16799BD8C2034785061377F703931610
:10DDD0009701D857718F558FD8D7371700409307C1
:10DDE00070052300F704930780FA2300F7048306E5
:10DDF0008506B54763DAD72E8357270293E70701D5
:10DE00002311F70283270A000327C4089305300271
:10DE1000054598C703270409D8C39787FD1FA3802A
:10DE20000754EF403E8B64449D472308F400230FC2
:10DE3000A4062380F4008547A38104002381F40015
:10DE40007C4893F707209DCB9147A381F40083473B
:10DE5000E40A8346D40A78449A07D58F2302F70050
:10DE600083C72400814685072381F4000346040B01
:10DE70008345D40A0345E40AEF400F9A7C4893F7A0
:10DE80000740B1C303C734007C4483C62400136732
:10DE90008700A381E4000357A408B697A381E70095
:10DEA00083C7240078448346F4073E978357A40829
:10DEB0009206A183BD8BD58F2302F70083C7240070
:10DEC00089072381F40003C62400035744089307FD
:10DED000D00F918F9789FD1F9389495463D2E72210
:10DEE0000347040889476309F72085469307804262
:10DEF0006305D70085679387878479479387771B66
:10DF0000B3C7E70283C6890793E606019785FD1F1D
:10DF10002382D5588326090085658CC63387E7029E
:10DF20000607B8D283C6340093E60601A381D40065
:10DF300078448346E4073297A301D70083C62400C0
:10DF4000784436972302F70003C724007444A1875E
:10DF5000BA96034704081607D98FA382F60083C731
:10DF600024008D072381F4008347040693F70704F8
:10DF700085C703C734007C4483C6240013670704A5
:10DF8000A381E40003475401B697A381E70083C748
:10DF9000240085072381F4008347C4070547C11780
:10DFA00093F7F70F6366F70603CB240015469785B2
:10DFB000FD1F9385055793073B00032BC4043E9B2D
:10DFC000A1472300FB0093078002A300FB00130579
:10DFD0002B009720FD1FE780A07B0347C407C147A4
:10DFE0006319F71283578408A1072311F408C54762
:10DFF000230EF40683472408A303FB008357240859
:10E00000A1832304FB0083C72400A5072381F40018
:10E0100003564408014B31C203C7240068448325DA
:10E02000840A930737003E9583C73400C18B638C05
:10E03000070E795B330BEB40137BFB0F5A8697205F
:10E04000FD1FE780E0748327840ADA973CDC83575E
:10E050004408B38767412319F40603C724008145A8
:10E0600017D5FFFF130585CD9377F70385073E9BF3
:10E07000137BFB0FA30864012381E4007C44856BC0
:10E080009164A3806701930770F97844A305F400B5
:10E0900083270900B70C3300130DA00DB8DBEF4048
:10E0A000CEA5034614018345040801451D4B973056
:10E0B000FD1FE780C0F593840429EF404F85938DC1
:10E0C0008B8483C78907C18BB5E7B6402644964445
:10E0D0000649F259625AD25A425BB25B225C925CA8
:10E0E000025DF24D6161828083572702C207C183BE
:10E0F000BD9BC207C18329B3916793870729F5BBED
:10E1000083C7890793F7F70E1787FD1F2304F73896
:10E11000A1BD0357840883572408998F0947E34B0F
:10E12000F7ECC947F1B59720FD1FE7806066034B08
:10E13000440825B783C7890793F70702E5DF83C73C
:10E1400089070326090093F7F70C1787FD1F2303A0
:10E15000F7349307000A7CD283270A00D857719BB3
:10E1600013671700D8D798431377F7E798C39843F6
:10E170001377F7E71367071098C303A70A0014473C
:10E18000B3E6960114C72328A6055457F59A54D729
:10E190000347E4079376F7079843137707F8558FFB
:10E1A00098C3032CC40423086401054723006C01B1
:10E1B000A3010C002301EC0078481377074005CF3A
:10E1C0002147A301EC0078448356A4082302D7001A
:10E1D00003472C0074440346F407BA960357A40877
:10E1E000120621833D8B518F2382E60003472C00CA
:10E1F00009072301EC0083452C00835624071307ED
:10E20000E00F0D8F6355D70883460408094626871B
:10E210006388C6000546130780426383C6006E8785
:10E22000F9461307771B3347D70203C689071366DE
:10E2300006019787FD1F238FC72403260900232487
:10E240007601B306D702860634D203463C00136635
:10E250000601A301CC0074440346E407AE96A381F3
:10E26000C60003462C007444B2962382E60083461F
:10E270002C00704421873696834604089606558FF5
:10E28000A302E60003472C000D072301EC00035610
:10E290002407014721C203482C0083463C00684400
:10E2A00013073800C18A3A952C5CB5C679573307F5
:10E2B00007411377F70F3A863AC69720FD1FE7808C
:10E2C000204D345C3247BA9634DC83562407998E4D
:10E2D0002319D40603462C0001459376F6038506E0
:10E2E00036971377F70FA308E4002301CC007C4492
:10E2F000A380E7000346140183450408930770F9DF
:10E30000A305F4009787FD1FA38B07049730FD1F1B
:10E31000E780E0CF7DB39720FD1FE780604703478C
:10E320002407231904067DB78347C507638A07229C
:10E33000411122C406C626C24AC049472A84639CAA
:10E34000E70203572508835785086316F7029304ED
:10E35000050A15469785FD1F9385A51C26859720E0
:10E36000FD1FE780E0422685EFF06FF09147A300A4
:10E37000A408230EF4062285EFF04FC90945EF30BB
:10E380007FE00347C4078D476314F70A9147230EC4
:10E39000F4067C481787FD1F1307470893E787009B
:10E3A0007CC883479707898BEDDF8347970793F7EF
:10E3B000C70F1787FD1FA30FF70C9387419F9C433F
:10E3C0008297035764089787FD1F83D7E7E1232AC5
:10E3D000A4083307F70293070032130707193357CE
:10E3E000F7029787FD1F9387A7DFDC43B306E5009D
:10E3F000368663E4A60063E4F6003386F640232CF9
:10E40000C4089786FD1F83C636D76360D602158E73
:10E410009306D407A28517050000130525F1EF30F8
:10E42000DE952285EFF05F91B5A8958F3E96CDB72A
:10E430001389419F832709008297AA8483270900B3
:10E440008297E38DA4FE83270900832484098297A1
:10E4500063E5A4063385A4409787FD1F83C7D7D102
:10E460009784FD1F83D444D863E3A70031ED83571D
:10E470006408130700321786FD1F130666D6B3879C
:10E480009702504293870719B3D7E70203278409FD
:10E490003E97BA866364F7006364C700B306C7405B
:10E4A000232CD40883578408B24092448507231450
:10E4B000F40822440249410182809787FD1F938717
:10E4C00027D2DC43BE9479B79787FD1F83C797FC9B
:10E4D00093E717001787FD1FA30EF7FA37470F00C2
:10E4E00013070724B335E5029387C1AC03A90700DE
:10E4F000A16726862324F90081463305E502EF2033
:10E50000801306052326A9061787FD1F130707F1A9
:10E5100083479707898BEDDF834797071786FD1F92
:10E52000130606CC504293F7C70F1787FD1FA303AE
:10E53000F7F68357640813070032B387970293876F
:10E540000719B3D7E702032784093E97BA866364A5
:10E55000F7006364C700B306C740232CD408D1B5C5
:10E56000828097070000938767DC1787FD1F2321B0
:10E57000F7F2828001458280411106C6EFE0BFFEBE
:10E58000B240133515000605410182806FF0DFFEB1
:10E59000411106C6EFE03FFD0DC10357C505835687
:10E5A000A505035665078355450703558500EF709C
:10E5B0000FBE0145B240410182800945E5BF01110E
:10E5C00006CE22CCEFE03FFA59C10346B50005471D
:10E5D0002A849787FD1F938767E46316E604B85380
:10E5E000094515CF03460403834657048358E403C3
:10E5F0000358C4038357A403835584000345B4021E
:10E600001307670432C00546EF70CFB68347F400A6
:10E61000A3050402014593E71700A307F400F240A5
:10E6200062440561828003A7070909456DDB8346C3
:10E6300057078358E4030358C4038357A40383553F
:10E6400084000345B4021307670702C075BF09457C
:10E65000F9B7011122CC06CE2A84EFE0DFF02DCDF0
:10E660008347B5020347A51523138100A302F100D8
:10E6700083479515A304E1002304F100A9E3834730
:10E68000D5150307F5152306F10083073514230577
:10E69000F100631DF7008947A305F1004800EF7002
:10E6A000CFB20145F2406244056182800307E5155F
:10E6B0006314F7008547CDB7A3050100C5B78347AD
:10E6C00005162305F1008347B515A305F10083471F
:10E6D00055162306F100D9B70945E9B7011122CC37
:10E6E00006CE2A84EFE03FE829CD83070516A30470
:10E6F00081002180230581001307F007638FE70263
:10E7000003474503998FA305F1008347A51613F727
:10E71000070101C72306010039A093F7070281CF43
:10E7200085472306F1002800EF700FAA0145F2404B
:10E730006244056182808947EDB7FD57A305F1006A
:10E74000D1BF0945EDB7411106C6EFE0DFE119C9B8
:10E750008345051403558500EF70CFA60145B240EF
:10E76000410182800945E5BF9375F50F01112E85A2
:10E7700006CE22CC2EC6EFC06FA00DC12A848346E0
:10E780000507B245034575010546EF702FA3014506
:10E79000A30B0400F2406244056182800945DDBF9D
:10E7A000411106C6EF704FA1B24001454101828080
:10E7B00041119787FD1F938767C622C4E05F06C695
:10E7C000094511C80355A40BEF70CF9E9307F00FB6
:10E7D000231DF40A0145B2402244410182809787FB
:10E7E000FD1F9387A7C3FC5F99CB41111385870B4E
:10E7F00006C6EF70EF9BB24001454101828009459A
:10E800008280411106C622C4EFE0FFD50DC98346C0
:10E810007514034665142A84835585000345B502A3
:10E820008506050693F6F60F1376F60FEF700F9830
:10E830000145A3050402B2402244410182800945FA
:10E84000DDBF397106DE22DC26DA4AD8EFE0BFD11F
:10E85000630A05168346B50005472A849787FD1F7E
:10E860009387C7BB6391E60CA4530945D9C483C7FA
:10E8700044041946898BC1CB8C5883C7A500C1C7F6
:10E88000B10528089720FD1FE78080F083C7540456
:10E89000138964041946898BB5CFCA85081097205F
:10E8A000FD1FE780E0EE8C5819469105281097204F
:10E8B000FD1FE780E0ED834704038358A40383C66C
:10E8C00054040346B400835584000345B4023EC497
:10E8D0008357E4031308010238103EC28357C40370
:10E8E0003EC03C08EF702F8B8347F400A305040261
:10E8F000014593E71700A307F400F2506254D25485
:10E90000425921618280814528089720FD1FE780B8
:10E91000A0EBADBF814508109720FD1FE780C0EA3E
:10E920001946CA8561B783A407090945F9D483C785
:10E9300044061946898BB5C3938564062808972039
:10E94000FD1FE780E0E483C7440713896407194685
:10E95000898BB9CBCA8508109720FD1FE78040E35B
:10E9600083A544081946281091059720FD1FE780CC
:10E9700020E283A7440883C7370093E72700A38AD0
:10E98000F4068358A40383C654070346B400835592
:10E9900084000345B40202C425BF8145280897209E
:10E9A000FD1FE78060E245B7081081459720FD1FF5
:10E9B000E78080E11946CA8528109720FD1FE7806F
:10E9C00020DDC1B7094515BF411106C6EFE0BFB94B
:10E9D0000DC10357651C8356451C0356A51C835562
:10E9E000851C03558500EF60DFFA0145B240410107
:10E9F00082800945E5BF411106C622C4EFE0BFB6DB
:10EA00000DC92A840357C5058356A5050356650716
:10EA10008355450703558500EF603FF78347140191
:10EA2000014593E74700A308F400B24022444101A6
:10EA300082800945DDBF411106C6EFE0DFB20DC19E
:10EA400083478519034675199305F5180355850005
:10EA5000A2075D8EEF603FF30145B2404101828025
:10EA60000945E5BF411106C622C4EFE0DFAF0DC185
:10EA70002A8413060510835585000345B502EF600F
:10EA80005FF00145A3050402B240224441018280A7
:10EA90000945DDBF411106C622C4EFE0DFAC05CD5C
:10EAA0000347B50285472A846314F700A3050502CE
:10EAB0000345B4020357C4058356A40503568405D1
:10EAC00083558400EF60BFEB0145A3050402B2400B
:10EAD0002244410182800945DDBF01111375F50F04
:10EAE00006CEEFB0BFE939C99787FD1F938707931B
:10EAF00083A7070E93F707209DC302C402C202C07A
:10EB000081480148814701478146054681451305F3
:10EB1000C003EF605FE80145F240056182808346F3
:10EB2000D5031307E50302C0814801488147054624
:10EB300081451305C003EF60FFE3F1BF0945E9BF5D
:10EB40009787FD1F9387878D03A70709094529CB61
:10EB500083A7070E011106CE93F707208DC302C4C9
:10EB600002C202C0814801488147014781460146EF
:10EB70008145EF605FE2F240014505618280835884
:10EB800007020358A7018357070583465707014625
:10EB900002C01307670781450945EF60BFDDE1BF8C
:10EBA0008280014582800145828001458280014545
:10EBB0008280014582800145828001458280014535
:10EBC0008280014582800145828001458280014525
:10EBD0008280014582800145828001458280014515
:10EBE0008280411106C622C403470500930700082E
:10EBF0006315F7020347150093065002854763E447
:10EC0000E606975700009387E7160A073E971C43CE
:10EC10000355250082978147B9A0930610088547C0
:10EC20006313D70403471500CD466308D70E63E38B
:10EC3000E602A146630DD708B146630DD70A954693
:10EC40006313D70203552500EFE0FF912A8415E9ED
:10EC5000894711A893060003630FD70E63EAE60005
:10EC6000E946630FD70CB24022443E8541018280C1
:10EC700093077005630FF70E930717F0B337F00093
:10EC8000DDB78327851195C703564504050642065F
:10EC900041829C4313071600420741839DE72312DC
:10ECA000C40401CA835584000545EF609FCB23123D
:10ECB00004040345B4020346440583558400EF6011
:10ECC0001FC92285EFE04FF9B9B73A86D9B7035586
:10ECD0002500EFE05F892A8425DD0346C5048355BE
:10ECE00085000345B5023336C000EF609FC6A3051B
:10ECF000040215B703552500EFE0FF862A8429D9C1
:10ED000003572505835605050346F50483558500FD
:10ED10000345B502EF603FC4D9BF03552500EFE0BE
:10ED20009F842A8415D50356450401CA835585005E
:10ED30000545EF601FC323120404A3080402E1BDCC
:10ED400003552500EFE03F82E30405F00345B502DB
:10ED5000EF607FC1C9B503552500EFE0DF802A844D
:10ED6000E30805EE835585000345B502EF60FFBF5C
:10ED7000BDBF03552500EF609FBF71BD011122CCBF
:10ED80002A84114506CE2EC632C4EF20BED61DC140
:10ED9000B2452246231185002300B500A300C5001B
:10EDA0006244F240AA851775FD1F0345553F056172
:10EDB0006F203EDFF24062441145056182804111BF
:10EDC00006C622C4EFE02FFA41C183270512230DA6
:10EDD00005002A84A5C30347F500058B19EB0355ED
:10EDE0008400014693050008EFF05FF939C501453D
:10EDF00081A8D44303C6C70083C587000355850097
:10EE00008906EF60FFB605E58327041203D7A70044
:10EE1000A3840700136707F02395E7009C43232092
:10EE2000F4128357240481C7FD172311F4048327A8
:10EE30000412D5F7231104045DBF8547230DF400A8
:10EE4000B2402244410182800945DDBF9777FD1F12
:10EE50009387C75C83A7870C91E382806384A700B4
:10EE6000DC5FDDBF411122C406C68347A5002A84AA
:10EE700091C79305C5006905EF10C0598347240168
:10EE800091CB930544011305A4022244B2404101F1
:10EE90006F104058B240224441018280AA862E86DB
:10EEA000AA85170500001305C5006F306EA497777B
:10EEB000FD1F9387A75603A7870C411126C206C6DC
:10EEC00022C4BE8411E7B2402244924441018280B0
:10EED0006304A700585FFDB78347A5002A8491C744
:10EEE0009305C5006905EF10E0528347240199C7D7
:10EEF000930544011305A402EF10C051228522445A
:10EF0000CC58B240924441016FF05FF901114AC8F8
:10EF10001779FD1F1309895022CC0324890C26CAB6
:10EF20004EC652C456C206CEAA84014A9309450071
:10EF3000854A631D040E93052025130500049720C0
:10EF4000FD1FE780205E2A841D4561C883C7340009
:10EF500019469385440013054400A301F40097204B
:10EF6000FD1FE780E082938AA401414681455685D2
:10EF70009720FD1FE780608F79ED9309A401D68566
:10EF800041464E859720FD1FE780608C854723050D
:10EF9000F400834734009305C4004E8593E72700AF
:10EFA000A305F400EF1000479384A4024146814575
:10EFB00026859720FD1FE780408B4DE19307A40233
:10EFC000A6853E854146BE849720FD1FE7802088A8
:10EFD00085472309F40083473400930544012685BF
:10EFE00093E72700A309F400EF10C042A300040038
:10EFF000832549032285EFF07FEA63140A06977799
:10F00000FD1F23A1874E232E04028347490C01458F
:10F0100085071777FD1F2305F74CF2406244D24461
:10F020004249B249224A924A05618280034734002C
:10F0300083C734006305F700228A405CDDBD41468A
:10F04000CE85130544009710FD1FE780607DE31512
:10F0500055FF4945D9B723050400B9B72309040072
:10F0600071B7232E8A0245B741119777FD1F938709
:10F07000E73A22C403A4870C26C206C64AC0FD5440
:10F0800019ECB24022449777FD1F23AD07449777D0
:10F09000FD1F2387074492440249410182800345B2
:10F0A0000400EF308E980329C403230094002285C6
:10F0B0009720FD1FE78060534A84D9B79777FD1FDB
:10F0C0009387C7352382070C23A4070C6F10403E9B
:10F0D000411126C206C622C4EFE0AFD8AA843DC5BE
:10F0E000EFE06FC82A84630A0512930710112315F5
:10F0F000F500930700FB2307F50085472308F5007B
:10F100009777FD1F83D7C706A5073E85C207C18332
:10F11000130740106374F70013054010131705011F
:10F120004183930700046374F7001305000442054C
:10F130009305302541819720FD1FE780A03E2328BD
:10F14000A41019E903558400EFE00FE2B240224415
:10F1500026859244410182809777FD1F938707207F
:10F160009C4F228523130414232AF4109777FD1F44
:10F170009387C72A03A6870D83A6C70D03D7A703C6
:10F1800083C7A704232CC40E232ED40EA307F41484
:10F19000FD572310F4042313F4022314F4028347CD
:10F1A000E4022324C4102326D41093E707FC23078A
:10F1B000F4028567938787BB2315F4042312E414B4
:10F1C000EFC01F8C1775FD1F0345C5FA2301A4145A
:10F1D000EF20DFB1D147A306F41693078002A30501
:10F1E000F4169307006F231FF4149307F00723000E
:10F1F000F416F5779387A7EB2311F416A301A41453
:10F200002303A416A303A4162304A416A304A4167C
:10F210009777FD1F2398072015BF854405BF41112F
:10F2200022C42A84834504031775FD1F0345351F37
:10F23000A307A40206C626C2EF306EC18357A403FB
:10F240001778FD1F035848FA930600323307F80277
:10F250009774FD1F83C444F2232AA4083356D702AF
:10F260003377D7029306204E2326C40837460F0073
:10F2700013060624B387D702B3D7A7023307D702F2
:10F28000BE94835784039384C417C2048507C18046
:10F290002312940833470703B387D7022310E402ED
:10F2A0008146858FB3B5070333850703EF10A03878
:10F2B000832784089776FD1F938686F2D442AA9707
:10F2C00033B5A7002E9501E53E8763E4D700338769
:10F2D000D740834774032328E4081307204EB387DD
:10F2E000E70286042285BE9423119408EFC0EFBF85
:10F2F0002285EFC0CFF28355E40322859205F915EC
:10F30000C205C181EFC0AFBA2285EFE0EFFB97776E
:10F31000FD1F23A7871A938701B79C43898B85C359
:10F320009774FD1F9384C4E39C5891CB8325840973
:10F33000354582979C588325C40939458297228593
:10F340002244B24092449777FD1F2390070E97778F
:10F35000FD1F23AD070C41016FC09FC60357050871
:10F3600089468357450863F3E6000947B397E700EA
:10F370002313F5086F308EBC011122CC26CA4AC86F
:10F3800006CE4EC652C4834765032A841389C1AC96
:10F390008507230BF50283473501938401AC639CF9
:10F3A000075A8347C50013070004A309E500034774
:10F3B0001501BD9B93E737002306F50093178701DE
:10F3C000A30D0500E18763D907001377F707A308AA
:10F3D000E500EF20EFBC39A88327850A93F62700C4
:10F3E000BDC6F59B2324F50A83270510918BA9CF71
:10F3F000EF00AFD90347B40185476310F7068327B1
:10F4000084110347C400DC432380E7008327841171
:10F4100003475401DC43A380E700032784118327BB
:10F4200009005843B8DB9C40B70680009843558FCD
:10F4300098C3D857719BD8D7F2406244D24442490E
:10F44000B249224A05618280EF00CFD165B793F6B9
:10F4500017008DC6F99B2324F50A8327041103475F
:10F46000C4002380E7008327041103475401A380CD
:10F47000E70083270900032704116DB783490501BD
:10F48000054A6398491DF9C713F7070119C7BD9BC2
:10F490002324F50AEF00FF8EB1BF13F7070201CB5B
:10F4A00093F7F7FD2324F50AEF007FA2A1B713F726
:10F4B000070401CB93F7F7FB2324F50AEF006FD283
:10F4C00015BF13F7070809CB93F7F7F72324F50ABD
:10F4D0002285EF10BFA339BF13F7072009CB93F79D
:10F4E000F7DF2324F50A2285EF00EFD921B713F7C0
:10F4F000074001CB93F7F7BF2324F50AEF00BFB90C
:10F50000D5BD13974701635C07007D771307F77F2D
:10F51000F98F2324F50A2285EF004FE7E1BD139709
:10F520003701635A07007D777D17F98F2324F50A89
:10F53000EF00AFE8C1B513972701635A0700797749
:10F540007D17F98F2324F50AEF008FF765B5232483
:10F55000050A21B78327450A638E071A93F6070425
:10F5600081CA93F7F7FB2322F50AEF004FB759B58D
:10F5700093F6071081CA93F7F7EF2322F50AEF00FD
:10F580005F858DBD93F6072099CA4D8B631F070ECB
:10F5900093F7F7DF2322F50AEF00BF88A1BD93F6AA
:10F5A000074081CA93F7F7BF2322F50AEF008FC007
:10F5B00091B59396470163DB06007D771307F77FCC
:10F5C000F98F2322F50AEF105F872DB59396370147
:10F5D00063DC06004D8B55EB7D777D17F98F232279
:10F5E000F50AEF00AFC139B513971701635A070049
:10F5F00071777D17F98F2322F50AEF00EFD1DDBB7C
:10F600001397E700635A070001777D17F98F2322CC
:10F61000F50AEF00EFD4F9BB1397B700635B07005F
:10F620003707F0FF7D17F98F2322F50AEF002FE14E
:10F63000D1B313978700635B0700370780FF7D17FF
:10F64000F98F2322F50AEF009F926DB32322050A5A
:10F6500029B5638C09029306600463EF360713072C
:10F66000500463F9E9141307A002638AE91C636775
:10F670003703930710026380F91A63EA3701ED47F5
:10F680006387F914F547638AF914228599B39307C0
:10F690005002638FF91C93077002F5B713076003DC
:10F6A0006389E914636B37019307E0026384F91EF1
:10F6B00093071003E380F9DEC9BF13070004638CCE
:10F6C000E908930710046387F90A93078003E39E10
:10F6D000F9FAEF20EF8C19AA9307A0056387F91EAA
:10F6E00063E13705930750056385F90263EB370142
:10F6F0009307B0046388F91C93071005E38AF9DCCB
:10F7000069B793076005E380F9DE93078005E39E00
:10F71000F9F622859720FD1FE780A0FAE30C05CCBF
:10F72000ADB79307B00663ED37019307A00663FBFF
:10F73000F92093076006E39AF9F4EF00DF9599A0AA
:10F7400093076007E389F9DC93076008E39FF9F208
:10F75000EF000FD705A813974701E35807F27D770D
:10F760001307F77FF98F2324F50AEF002FC2230830
:10F77000340149B18347B5028DC705476398E70057
:10F78000EF00EFF485472308F400ADB1832705109F
:10F79000918BD5C3BD472306F4022285EF00EF9E6F
:10F7A000D5B7EF10FFFF8327040A93E72700232034
:10F7B000F40AC9BFEF10DFFE8327040A23084401BF
:10F7C0002311040693E747002320F40A25B1EF0034
:10F7D0002F85D947230AF40431B92285EF105FFC45
:10F7E0008327040A93E717002320F40A2308040060
:10F7F00011B19720FD1FE780C0ECE30D05BE8547E2
:10F80000A306F4042285EF006F8B8347C404F99BA1
:10F810002306F404C5B683278510858B81C7EF00C6
:10F82000CFD0C9BEE947A305F50283270510918B08
:10F8300099C38D478DB72285EF00CF92A1B7EF0016
:10F840004F818347D40491CB41469305C40A1305E5
:10F85000C40C9710FD1FE780A0F38347C404232640
:10F86000040E2328040E93E717002306F40459B668
:10F8700083270510918B81CF8D472306F502EF007A
:10F88000CF9083471401DD9BA308F400E5BDEF0092
:10F890006F8DC5BF8347C5042322050E2324050EA3
:10F8A00093E727002306F504EFF0DEFC83471401FD
:10F8B000A3050402DD9BA308F4008327040A93E751
:10F8C0000701F5B5EF00EF9175BD8347A51499CBFE
:10F8D00083466514331ADA006306FA0013670701DA
:10F8E000A308E5000347B41411CF83467414854779
:10F8F000B397D7006388E7008347140193E70701B4
:10F90000A308F4008347E40199CF83471401C18B16
:10F9100099EB8327040A93E707202320F40A228522
:10F92000EF101FE885B583071416F5DB8327441015
:10F93000898BF5D78327440A37071000D98F2322F4
:10F94000F40AF1BFEF10DFE58327040A0567130708
:10F950000780D98FA9BD9777FD1F83D727AD85076E
:10F960001777FD1F2314F7AC71B483474517858BB8
:10F97000638207108347651393D63700AA9683C521
:10F98000061313F7770033D6E540058A69CE39713F
:10F9900022DC06DE26DA4AD84ED652D456D25AD0C7
:10F9A0005ECE62CC66CA2A84034545037D57FD4777
:10F9B000591562052C0061853AC43EC69710FD1F9B
:10F9C000E78060740326841322478326C413B2475A
:10F9D000718FF58F6314E6006387F6062800EFE069
:10F9E0000F89894763F1A706294681451305D41776
:10F9F0009710FD1FE78040DD224AB24A81490D4C35
:10FA0000854C930B500293948901E1844E86528574
:10FA1000D68513DB2440EF00903C8D88229B05891E
:10FA200086040309DB170DCDB3949C00B3649900E1
:10FA3000A30E9B168509E39879FD8347441793E746
:10FA40008700230AF416F2506254D2544259B25934
:10FA5000225A925A025BF24B624CD24C2161828054
:10FA6000B3149C00E1B78547B397E700CD8F238897
:10FA7000F6128280828079714ECE9779FD1F93892C
:10FA8000E99922D403A4090A52CC56CA5AC8797AF1
:10FA9000A16A370B008226D24AD006D65EC662C45F
:10FAA00066C21779FD1F1309698B9384C1AC7D1A57
:10FAB000FD1A7D1B8347E4001307000D639FE720B9
:10FAC0009C4098430D8B05C3B84B619BB8CB9843C2
:10FAD0001367870098C39C438D83858B89C701007A
:10FAE0000100010001009720FD1FE78060EA8347C5
:10FAF000C404858B89C7A2850545EF208F8B83477A
:10FB00002414938B01AC83A60B0093F7F703139790
:10FB10009701DC56B3F76701D98FDCD63717004061
:10FB2000930770052300F704930780FA2300F70476
:10FB300083462414B54763FBD7108357270293E706
:10FB400007012311F70203A70B00832784099440C0
:10FB50001CC78327C4095CC3DC4293E71700DCC2DF
:10FB60005C57F19B93E717005CD78355441C95477E
:10FB70000356641C9105034574141767FD1FA30207
:10FB8000F77EC205930710FD2307F400C181930798
:10FB900000FC1767FD1F2303F77CEF202FB70346F8
:10FBA0007414854683572408035764086318D60ADB
:10FBB000060793875703BA979840544733F6460190
:10FBC00050C70100010098400966860710C7130658
:10FBD00000F89765FD1F2385C5787CD354C79767C8
:10FBE000FD1FA38F077690409767FD1FA3880776B8
:10FBF00085471CC28346C404138741AD83A70B000D
:10FC0000858A1843CDCA9443B705330093F6F6E7C7
:10FC100094C3944393F6F6E793E6061094C314470F
:10FC2000CD8E14C79306900F34CA5457F59A54D703
:10FC3000034764139376F7079843137707F8558FB4
:10FC400098C39710FD1FE780002FADB5835727029B
:10FC5000C207C183BD9BC207C183E5B589450607BD
:10FC600094406318B602D046B3754601CCC6010075
:10FC7000010094408965938797188CC6930500F816
:10FC80001765FD1F230EB56CBA978607FCD2D0C648
:10FC9000B9B7D046B3754601CCC601000100944007
:10FCA0008965938797048CC6930500F81765FD1F37
:10FCB0002308B56AD1BF9443B705330093F6F6E73E
:10FCC00094C3944393F6F6E793E6061094C314475F
:10FCD000CD8E14C79306900D81BF1307100D639B43
:10FCE000E75883470900858B6382074C83470900E7
:10FCF000E207E18763D4070A8347F40093F707021A
:10FD000085C78357A4031307204EB387E702032751
:10FD10004409B3D7E7021767FD1F0347E7451307F9
:10FD20000705BA972312F408938701AC9C439766A2
:10FD3000FD1F9386E64A83AC46009843032C0901D5
:10FD4000894631830D8B832BC4088357440817657C
:10FD5000FD1F03556549631DD71693879718B3A5F3
:10FD6000A70237460F001306062481463305F50225
:10FD7000EF00700C3385AB40B30785013E8763E429
:10FD8000A70063E4970133879741835764082328CA
:10FD9000E4082310040885832313F4088345C4046E
:10FDA0000325441193062403130644038589971001
:10FDB000FD1FE780E01B9767FD1F2384A75A03C739
:10FDC000690483474403998F230AF402832744116B
:10FDD00083C7070013F7070C19E38D8B91E785475D
:10FDE0001767FD1F230FF75683476900858B6397BD
:10FDF000072C8347A40293E727002305F4028347D7
:10FE00000900E207E18763D307028347641313D72E
:10FE1000370093F6770022978547B397D70083463C
:10FE2000071393C7F7FFF58F2308F7128347F400F2
:10FE3000898BDDCF2285EFB07FC55DE98347F40074
:10FE4000A309040093E74700A307F4008327841164
:10FE50008DCF0347B40115CB03C79700058B15E77A
:10FE600003D7A700C843136707F02395E70097104F
:10FE7000FD1FE78080778357440485072312F4042D
:10FE8000832784119C43232CF4108347540181CB96
:10FE90008347C404898B81C72285EFB03FC4834761
:10FEA0000401130720026398E7028327040AA305CD
:10FEB000040293E787002320F40A8347140193E7A1
:10FEC0008700A308F400930740022308F4000DA064
:10FED0009387970469B513070006639AE70C854773
:10FEE0002308F4008347A40293E717002305F402D4
:10FEF00083476900898B638407108347C404858B1B
:10FF0000638F070E834794018507A30CF400834792
:10FF1000F40013F7270029E793E72700A307F4006D
:10FF2000930700F8230EF4008357A4031307204E11
:10FF3000B387E70203274409B3D7E7021767FD1F1A
:10FF40000347872313070705BA97C207C183231204
:10FF5000F40886072311F4089767FD1F23A20756AC
:10FF600022859767FD1F238B073EEFF0EFC0034507
:10FF70006414894783455401631FF51403458414B1
:10FF8000910513652500EF109FE3834754016386B5
:10FF9000071E8347C404898B6381071EA285014520
:10FFA000EF105FB9630B0512EF206F966DA4130776
:10FFB0007006639CE702938701AC98437C53ED9BEA
:10FFC0007CD39767FD1F2380073A3717004083577C
:10FFD0008701B3F7FA00231CF7008347C40093F7A7
:10FFE000F7FD2306F4008547CDB57147E392E7F0AE
:10FFF0008327040A93E717002320F40AD5BD22853E
:020000040003F7
:10000000EFB05FABE31505F0A30C04002285EFB061
:10001000FFA383471401A18B85CF834764018DCB58
:1000200083477401094793F7B70F6383E702930788
:10003000D003230AF404930770022308F4008347D3
:10004000C404858BE38507EC2285EFB03FAEC1B5D4
:100050000347D4008D476317F704834774011307E0
:1000600080026373F702834774011D476388E702C8
:10007000A306F4028327840A228593E7170023242A
:10008000F40AEFF05E8119A88A07174700001307EA
:100090002793BA979C432285829771F58347640121
:1000A000D9FFB5B583476401E38307E6228597103E
:1000B000FD1FE780C073E31C05E4CDB783478401CF
:1000C0008507230CF40083D7E90085071767FD1F18
:1000D000231DF7342DBD91057DB5938701AC984361
:1000E000B70633001C4393F7F7E71CC31C4393F791
:1000F000F7E793E707101CC3938741AD98431C476C
:10010000D58F1CC79C401307A00FB8CB938701ACB9
:100110009C43B70680009843558F98C3D857719B6E
:10012000D8D7930720FD2307F40083270412E38A1E
:1001300007B00347F400058BE30507B0D44303C6BB
:10014000C70083C58700035584008906EF505F828E
:10015000E31905AE8327041203D7A700136707F03E
:100160002395E7009C432320F41283572404E38A59
:1001700007ACFD172311F404E9B4938701AC98434D
:10018000B70633001C4393F7F7E71CC31C4393F7F0
:10019000F7E793E707101CC3938741AD98431C47CB
:1001A000D58F1CC79C401307A00D85B79C40FC53FE
:1001B000E39207909767FD1F2384071AEF103FF51E
:1001C000834709002285E207E18763DA071EEFF023
:1001D000EF9883D72901228585071767FD1F23180C
:1001E000F724EFF08FF883570404B5C713074006D0
:1001F000B3F7E702ADE3938701B79C43898BA1C7AF
:100200009764FD1F9384C4F5985815CF9767FD1F19
:1002100083D7C721C2079765FD1F83D54521DD8D93
:10022000254502979C589765FD1F83D505202945D4
:1002300082979C58831524032D4582979C588305EB
:100240004403314582979767FD1F2390071E9767E8
:10025000FD1F23AD071C22852254B250925402592F
:10026000F249624AD24A424BB24B224C924C45610F
:100270006FB05FDC1307200DE398E7D283471900C6
:10028000858B638107149767FD1FA389070C83275C
:10029000040A13972701634A070E22859710FD1F52
:1002A000E780A06285476312F50E8355441C035610
:1002B000641C034574149105C205C181EF101FC56C
:1002C0008347C404938B01AC138C41AD858BBDCBAC
:1002D000A2850545EF10FF8D03A70B00B70633007D
:1002E0001C4393F7F7E71CC31C4393F7F7E793E727
:1002F00007101CC303270C001C47D58F1CC79C404C
:100300001307900FB8CB930710FD2307F4009C4010
:10031000D44733F74601D8C70F1000009C40096747
:1003200098C7130700F81766FD1F230BE60203A604
:100330000B00184231830D8B0DEF13076019F8D3B2
:10034000D4C701B203A70B00B70633001C4393F7D1
:10035000F7E71CC31C4393F7F7E793E707101CC3A9
:1003600003270C001C47D58F1CC79C401307900D1A
:1003700051BF1842094631830D8B6315C70013071F
:10038000E04375BF1307E01B5DBFEF105FD88347E5
:1003900094018DC793F7070F81CB9305D003228576
:1003A000EFB01FDBA305A4029767FD1F938747DB10
:1003B0009C5B89C795451305500882972285EFC03D
:1003C000AF9F51BD9C40FC53639607EE9767FD1F9E
:1003D000238807F8EF10BFD3D5B7411106C6EFB099
:1003E000EF999767FD1F9387670317F7FFFF1307C1
:1003F00067CE23AAE70AB24017F7FFFF130767E2A9
:1004000023ACE70A97F7FFFF9387276723AEF1B680
:1004100041018280397122DC3704400026DA4ED651
:10042000AE84AA899305E4FF054506DE4AD8EF208D
:10043000EEAE498C13170401418321839317840086
:1004400013590401D98F231601001379F90F1008ED
:100450008A854E852317F100A306210102C002C23E
:1004600002C402C802CA02CC02CEEF106FE8834772
:10047000E1010347D101A3818400A2074207BA9793
:100480000347F101218023828400BA97F25062541D
:100490002380F40013D78700C183A3822401A380A3
:1004A000E4002381F4004259D254B2592161828080
:1004B000011119469765FD1F938525CC1765FD1F12
:1004C0001305450406CE22CC26CA4AC891644EC6FE
:1004D0009700FD1FE780C02B9385F4FF0145EF20B7
:1004E000AEA12A84FD550145EF204EA3A287FD143D
:1004F0007D5933F79700B366E500F9C6631425010B
:100500006304970C1767FD1F2306F700A18393E789
:1005100007FC916941641767FD1F232BA7FE17672E
:10052000FD1FA309F7FEFD191769FD1F130909EF48
:100530007D14CE850145EF202E9CAA84FD550145F2
:10054000EF20CE9DB3679500EDD7FD576314F500FE
:10055000E38134FF9767FD1F239FA7FA9357050197
:100560001767FD1F230AF7FA935785011767FD1FC9
:10057000A304F7FA9767FD1F238197FAA18093F4EC
:10058000F4039767FD1FA38A97F88317890E420526
:100590004185618DE18F6312F5020317C90F83173F
:1005A000A90E618FE18F631AF7000317E90F831714
:1005B000C90E618FE18FE30EF7F6F2406244D24438
:1005C0004249B24905618280A6850145EF20CE925D
:1005D0002A84FD550145EF206E94A28719BF11CEE4
:1005E00093070002918F635BF0003355C500B3970A
:1005F000F50033D6C5005D8DB2858280130506FEF9
:10060000014633D5A500B285CDBF11CE93070002B8
:10061000918F635BF000B395C500B357F5003316B7
:10062000C500DD8D32858280930506FE0146B31537
:10063000B5003285CDBFB687B2882A832E88639DE8
:10064000061463F9C50A4167636EE61AB70700012D
:100650006363F63493568601E147173700001307AA
:10066000E77A369703470700BA97130700021D8FF2
:1006700019CB3398E500B357F500B318E60033E81B
:1006800007013313E50013D608013355C8029396CA
:100690000801C182935703013377C802B385A602CC
:1006A00042073368F700637AB80046989307F5FF6E
:1006B000636418016367B8303E853308B840335728
:1006C000C8024203135303013378C802B386E6021B
:1006D000420833686800637BD80046989307F7FFA9
:1006E0006365180179176363D8003E874205598D09
:1006F0008145828001E60547B358C702416763EA36
:10070000E80EB707000163ECF82893D68801E147AB
:10071000173700001307876F369783460700BE968A
:1007200093070002958FE5EB939E080133871541EF
:1007300013DF080193DE0E018545935703013355FE
:10074000E7033377E703B306D5034207D98F63FA8C
:10075000D700C6971307F5FF63E4170163E6D726B2
:100760003A85958F33D7E703420313530301B3F759
:10077000E703B30ED703C207B3E7670063FBD701F4
:10078000C6979306F7FF63E51701791763E3D7016F
:1007900036874205598D828063E2D504C16763E2E2
:1007A000F604B707000163E4F61E13D7860161481B
:1007B0009737000093878765BA9703C70700130E22
:1007C00000024297330EEE40631A0E0C63EDB61C26
:1007D0003335C500134515008145828081450145AB
:1007E00082809307F00F63F3D71C13D7860021484C
:1007F000C1B71307F00FC686E37C17F193D68800C4
:10080000A14739B71307F00FB286E378C7E49356D0
:100810008600A14799B5B398F80033D6D50013DF09
:100820000801335EE6033397F500B356D500558FC4
:10083000939E080193DE0E013313F50093550701D3
:10084000B376E603B387CE03C206CD8E63FBF60014
:10085000C6961306FEFF63E4161763F2F616791EBA
:10086000C6969D8E33D6E60393170701C183B3F670
:10087000E6033385CE02139706015D8F637BA700E5
:1008800046979307F6FF636817136376A7127916E6
:10089000469793150E01098FD18D45B5B357E600E4
:1008A000B396C601DD8E33D3E50013DF0601B357DF
:1008B000E303939E060193DE0E013398C50133577F
:1008C000E50033680701935808013316C6013373F6
:1008D000E303B385FE024203B368130163FBB80070
:1008E000B6981387F7FF63EAD80C63F8B80CF917CA
:1008F000B698B388B84033D7E803420813580801C4
:10090000B3F8E8033383EE02C208B3E5080163FBE2
:100910006500B6951308F7FF63EDD50863FB65081E
:100920007917B695C207416FD98F1307FFFFB3F64A
:10093000E70093D80701718F4182B38EE602B38539
:100940006540B386C60213D80E013387E802BA9613
:10095000C2963386C80263F3E6007A9693D80601FE
:10096000469663E2C5026385C5003E858145828067
:1009700041677D17F98EC206B3FEEE003315C5013F
:10098000F696E374D5FE1385F7FF8145828013D771
:100990000601414831BD93560601C1477DB993D642
:1009A0000801C147B5B381450545828036870148B6
:1009B00001B5428785BF3E86E9BDBA871DBF328E2D
:1009C0004DB579154698D5B97915C69759BBB687EF
:1009D00032882A832E872E8E6393061463F1C50A0C
:1009E00041676378E61A1307F00FB2866375C70094
:1009F00093568600A1471737000013072741369703
:100A00000347070093080002BA97B388F840638C45
:100A10000800B3951501B357F5003318160133EEEE
:100A2000B7003313150113560801B357CE0213153F
:100A30000801418193560301337ECE02B307F502CC
:100A4000420E3367DE006378F70042976365070163
:100A50006373F70042971D8FB356C70293170301C4
:100A6000C1833377C7023305D5024207D98F63ECC0
:100A7000A7083385A740335515018145828001E6DB
:100A800005473358C7024167636CE80EB70700019A
:100A90006365F82A93568801E1471737000013076A
:100AA000E73636970347070093080002BA97B388E2
:100AB000F840639A081E131E0801B38505411356BA
:100AC0000801135E0E0113570301B3D6C502B3F537
:100AD000C502B386C603C2054D8F6377D700429720
:100AE00063640701636AD726158F3355C702420333
:100AF000135303013377C7023305C5034207B367B6
:100B0000670063F8A700C29763E5070163F3A700D6
:100B1000C2973385A74033551501814582802A88C5
:100B2000E3EED5F4C16763E5F604B707000163E2BD
:100B3000F62013D38601E148973700009387072DED
:100B40009A9703CE070013030002469E3303C34166
:100B50006319030463E4B6006369C5003308C54044
:100B6000958D333705013387E5404285BA8582800C
:100B70009307F00F63FBD71C13D38600A1486DBF0A
:100B80001307F00FC286E37A07F193568800A14756
:100B900029B7B70700016366F61A93568601E14745
:100BA00099BDB357C601B3966600DD8EB3D8C501B3
:100BB00013D70601B3DEE802139F0601B357C50140
:100BC000135F0F01B3956500DD8D13D80501331652
:100BD000660033156500B3F8E802B307DF03C20807
:100BE00033E80801637BF80036989388FEFF63635F
:100BF000D8166371F816F91E36983308F840B357C3
:100C0000E802C205C1813378E802330FFF021317EF
:100C100008014D8F637BE70136979385F7FF636982
:100C2000D7126377E713F9173697C20EC162B3EE96
:100C3000FE001388F2FFB3F80E019355060193DE10
:100C40000E0133780601B38F08033307E741338879
:100C50000E0393D70F01B388B802C298C697B38E1C
:100C6000BE0263F30701969E41687D1893D5070184
:100C7000B3F70701C207B3FF0F01F695FE97636252
:100C8000B70A630EB708B307F5403335F500B3056F
:100C9000B740898D339EC50133D567003365AE00FB
:100CA000B3D5650082803318180133D7F500135689
:100CB0000801B356C702131E0801B357F500135EAF
:100CC0000E01B3951501DD8D93DE0501331315017A
:100CD0003377C702B307DE0293160701B3E6D601E6
:100CE00063F8F600C29663E5060163F3F600C29668
:100CF0009D8E33D7C60293970501C183B3F6C60212
:100D00003307EE0293950601DD8D63F8E500C29589
:100D100063E5050163F3E500C295998D6DB3E37456
:100D2000F5F63386C740B3B7C700B6979D8DB28737
:100D300099BF13D30601C14801B593560801C147B5
:100D4000A9BB93560601C1477DB136838148EDB3F7
:100D5000AE87E1BDC68E55B5429779B3014763149E
:100D6000E60001458280B307E5000507B386E5008C
:100D700083C7070083C6F6FFE383D7FE3385D740DA
:100D80008280B3C7A5008D8B3307C50081E78D47EF
:100D900063EEC700AA876370E50A83C6050085076E
:100DA0008505A38FD7FEE3EAE7FE828093763500C0
:100DB000AA8791CA83C6050085078505A38FD7FE3C
:100DC00093F63700FDB79376C7FF138606FE63F0F0
:100DD000C70683A3050083A2450083AF850003AF48
:100DE000C50083AE050103AE450103A3850183A8B9
:100DF000C5019385450223A0770003A8C5FF23A260
:100E0000570023A4F70123A6E70123A8D70123AAAB
:100E1000C70123AC670023AE17019387470223AEB7
:100E200007FF75B790419107910523AEC7FEE3EB2D
:100E3000D7FEE3E4E7F6828063F3A504B386C5003A
:100E4000637FD5029345F6FF8147FD176393F50055
:100E500082803387F600034807003387C7002A974C
:100E600023000701DDB73387F5008346070033070A
:100E7000F50085072300D700E317F6FE828081473F
:100E8000E5BF39713EDA2ED232D436D63AD842DCBA
:100E900046DE9387018622CC804326CA06CEAA84EA
:100EA00009C41C4C99E32285752B0C4454102686EA
:100EB000228536C6EF009021F2406244D24421617F
:100EC000828001119387018622CC804306CEAA85B9
:100ED00019C41C4C89E72AC622856923B2451044EF
:100EE00022856244F24005616F108003011126CA19
:100EF0004AC806CE22CC4EC652C4AA842E8901C549
:100F00001C4D91E385239C4C804499E32685992BC5
:100F10009737000093878701631CF402C040835712
:100F2000C400A18BB1C71C48A1C7FD59294A1C4464
:100F300083450900FD17B1E91CC463DE070622865C
:100F4000A9452685E528FD576308F502294535A002
:100F500097370000938787FF6314F4008044C1B77C
:100F600097370000938787FAE31BF4FAC04445BF24
:100F7000A2852685612255D97D55F2406244D2442E
:100F80004249B249224A056182801CC4050963D7DF
:100F90000700184C63CBE700638945011C401387A9
:100FA000170018C02380B70059B7228626857920FC
:100FB000E31F35F7D1B71C401387170018C0294726
:100FC0002380E70061B793870186AA8588436FF085
:100FD000FFF193F5F50F8347050091C76393B700C1
:100FE00082800505CDBF91C101458280AA87850712
:100FF00003C7F7FF6DFF3385A7407D158280034748
:10100000050083C7050001E791C301458280814740
:1010100001A88347150013071500E5DB81473A85D2
:101020003387F5000347070075D3B306F50083C681
:101030000600E390E6FE85072A87D5B7011122CC8A
:1010400026CA4AC806CE4EC6AA842E89328401C555
:101050001C4D91E3012997370000938727ED631911
:10106000F406C0401C4C1CC48357C400A18BC9C3E8
:101070001C48BDCF1C4808409379F90F1379F90F2C
:101080001D8D5C486346F500A2852685652C2DE5FF
:101090001C440505FD171CC41C401387170018C00D
:1010A000238037015C486389A7008357C400858B80
:1010B00081CBA9476316F900A285268561240DED31
:1010C000F24062444A85D2444249B2490561828075
:1010D00097370000938787E76314F400804459B77B
:1010E00097370000938787E2E31EF4F6C0449DBF64
:1010F000A285268521203DDD7D59D9B741119387F1
:10110000018626C2844322C44AC006C62A892E8488
:1011100089C49C4C99E32685B126973700009387B4
:10112000E7E0631CF402C0400317C40093170701F3
:10113000C18393F68700B5EE93F607019DEEA547B0
:101140002320F900136707042316E4007D55B240FD
:1011500022449244024941018280973700009387DC
:10116000E7DE6314F4008044C1B79737000093872B
:10117000E7D9E31BF4FAC04445BF918B8DC74C58A7
:1011800089C9930744046384F5004A85892B232A7F
:1011900004028357C4002322040093F7B7FD2316EB
:1011A000F4001C481CC08357C40093E78700231633
:1011B000F4001C4881EF8357C4001307002093F705
:1011C00007286385E700A2854A8595298357C400CF
:1011D00013F7170005C75C4823240400B307F04049
:1011E0001CCC1C480145A5F78317C40013F707085A
:1011F00039DF93E707042316F40089BF898B014781
:1012000091E3584818C4F1BF83D7C500011122CC1F
:1012100026CA06CE4AC84EC613F78700AA842E8473
:1012200071EFD841634DE000B841634AE0000145E9
:10123000F2406244D2444249B24905618280585426
:101240007DD703A904009396370123A0040063DD32
:10125000060670488357C400918B99C75C401D8E69
:101260005C5899C33C401D8E5C540C5081462685C9
:101270008297FD570357C400631DF5009440F5475E
:1012800063E8D706B70740208507B3D7D700858B1B
:10129000A5C31C48232204001CC09317370163D840
:1012A0000700FD576314F5009C4091E368C84C5853
:1012B00023A02401ADDD930744046384F500268553
:1012C0003929232A0402A5B70C50014685462685F4
:1012D0000297FD572A86E31FF5F69C40A5DF754768
:1012E0006385E70059476394E70423A0240181B78D
:1012F000136707042316E4007D551DBF83A905016C
:10130000E38709F203A905008D8B23A0350133097A
:101310003941014791E3D84918C4E35A20F11C54DC
:101320000C50CA864E86268582976349A000835753
:10133000C40093E707042316F4007DBFAA9933097C
:10134000A940E1BF9C49A5C3011122CC06CE2A8445
:1013500011C51C4D81E72EC63122B24597370000DA
:101360009387C7BC639CF5004C408397C5009DC71D
:1013700022856244F24005616FF01FE99737000053
:101380009387C7BC6394F5000C44C5B7973700003A
:101390009387C7B7E39BF5FC4C44C1BFF24062445E
:1013A00001450561828001458280411122C406C643
:1013B0002A842316B5002317C50023200500232205
:1013C0000500232405002322050623280500232ADF
:1013D0000500232C0500214681451305C505EF10A6
:1013E0001DF197170000938767BF5CD09717000027
:1013F0009387C7C11CD497170000938707C65CD496
:10140000971700009387C7C800D01CD8B240224469
:101410004101828097050000938505F3B1AA41112F
:1014200026C2130680069384F5FFB384C4024AC023
:101430002E8922C406C693854407B1262A8401CD8D
:101440002320050023222501310508C413868406C4
:101450008145EF10DDE92285B240224492440249E1
:10146000410182801C4DB5E7411106C622C4970791
:101470000000938767FA1CD597370000938747BC15
:101480009C43232405042326050423280504631410
:10149000F50085471CCD2A84352848C022851D28A3
:1014A00008C42285052848C4484001469145EFF00C
:1014B000DFEF08440546A545EFF03FEF48440946F5
:1014C000C945EFF09FEE85471CCCB2402244410154
:1014D00082808280411197370000938767B626C2C9
:1014E00084434AC006C69C4C22C42A8981E72685CB
:1014F000EFF05FF7938484048044DC40FD1763D6EB
:1015000007009C40B9CF8440C5BF0317C40039E72A
:10151000C177850723220406232004002322040028
:10152000232404005CC423280400232A0400232C61
:101530000400214681451305C405EF105DDB232A15
:101540000402232C040223240404232604042285F9
:10155000B24022449244024941018280130484062D
:1015600071BF91454A85EFF09FEB88C049FDB147B7
:101570002320F9000144E1BF797122D44AD052CC32
:1015800056CA5AC85EC606D626D24ECE2A8AAE8A19
:10159000130485040149054BFD5B09ECB25022544C
:1015A0004A8592540259F249624AD24A424BB24B9E
:1015B00045618280044483294400FD1963D40900F5
:1015C0000040E1BF83D7C400637BFB008397E40046
:1015D00063877701A6855285829A3369A90093842F
:1015E0008406E1BF1971A6DAAE848395E500A2DC1A
:1015F00086DE328463DC050083D7C40023A00600A6
:1016000093F7070885E7930700401DA0300836C60A
:10161000EF00902EB246E34105FE7247BD67F98F99
:101620007977BA9793B717009CC2F1BF930700046C
:101630001CC0F6506654D65401450961828083D798
:10164000C500011122CC06CE26CA4AC8898B2E8439
:1016500089CF930774041CC01CC885475CC8F2403E
:101660006244D24442490561828074003000AA84F9
:10167000EFF05FF7A2452A892685312201ED831715
:10168000C40013F7072061FFF19B93E7270023169F
:10169000F400C1B797070000938707D89CD48357FD
:1016A000C40008C008C893E707082316F400A2473F
:1016B0005CC8B24791CF8315E4002685EF00F02681
:1016C00001C98357C400F19B93E717002316F40068
:1016D0008357C4003369F9002316240149B7DDC1DB
:1016E00083A7C5FF411122C406C626C21384C5FFC5
:1016F00063D307003E94AA84EF00102B938701B8B0
:101700009C4381EF2322040023A081B82244B240ED
:101710002685924441016F005029637EF4001440F5
:101720003307D4006396E7009843DC43369718C02C
:101730005CC0D9BFBA87D84319C3E37DE4FE9443A4
:101740003386D700631F86001040B29694C3338659
:10175000D700E31DC7FA10435843B29694C3D8C3C9
:1017600075B76375C400B1479CC04DB71040B30650
:10177000C4006316D70014435843B29614C058C02F
:10178000C0C369B78280011126CA93843500F198DD
:1017900006CE22CC4AC84EC6A104B14763F5F40474
:1017A000B14463E4B4042A89EF001020938701B8A0
:1017B00098433A8429E4938741B89C4399E781454B
:1017C0004A85EF00407E23A2A1B8A6854A85EF0096
:1017D000807DFD5963193507B1472320F9004A85FB
:1017E000EF00B01C29A0E3DE04FAB1471CC101459B
:1017F000F2406244D2444249B249056182801C40B1
:10180000858F63CF0702AD4663F6F6001CC03E9499
:1018100004C031A05C406313870223A0F1B84A855D
:10182000EF00B0181305B400930744006199330723
:10183000F5405DDF3A94898F1CC05DBF5CC3C5B7BE
:101840002287404085BF130435007198E30285FC70
:10185000B305A4404A85812FE31C35FBB5BF1C4668
:10186000FD171CC663DA0700184E63C5E700A947D9
:101870006394F5006FF08FFC1C422E8513871700D0
:1018800018C22380B7008280011122CC26CA4AC820
:101890004EC652C406CE2A89AE893284B304D6001D
:1018A0007D5A63149400014511A8834504004E86B7
:1018B0004A85EFF0DFFA0504E31545FFF240624484
:1018C000D2444249B249224A05618280357122CD13
:1018D00026CB4AC94EC706CF52C556C35AC1DEDE13
:1018E000E2DCE6DAAA89AE843289368409C51C4D69
:1018F00099E3EFF03FB79727000093872763639D35
:10190000F40C83A4490083D7C400A18BE5CB9C4889
:10191000F5C793070002A304F1029307000302D264
:101920002305F10222C6930B5002972A0000938AE6
:10193000EA63054C294B4A848347040099C36392A8
:10194000770FB30C2441638E0C00E6864A86A68589
:101950004E85EFF07FF3FD576307F51E9256E6962E
:1019600036D2834704006380071EFD571309140015
:1019700002C802CE3ECA02CCA309010482D4834528
:10198000090015465685EF00900013041900C24760
:1019900059E913F7070109C713070002A309E10476
:1019A00013F7870009C71307B002A309E1048346B0
:1019B00009001307A0026380E608F2474A848146C3
:1019C00025460347040093051400130707FD6379B8
:1019D000E60AB5CA3ECE85A8972700009387075729
:1019E0006395F40083A4890039BF9727000093878B
:1019F000E751E39AF4F083A4C90031B7A6854E8578
:101A0000EFF0CFEF19D57D55FA406A44DA444A49E0
:101A1000BA492A4A9A4A0A4BF65B665CD65C0D6163
:101A20008280050411BF330555413315AC00C98FC1
:101A30003EC82289A9B7324793064700184336C6E5
:101A4000634907023ACE034704009307E002631F8D
:101A5000F704034714009307A002631BF702B24781
:101A60000904138747009C433AC663C107023ECA74
:101A700035A83307E04093E727003ACE3EC8E1B7E8
:101A8000B387670385462E84BA9725BFFD57C5B730
:101A9000050402CA81468147254603470400930591
:101AA0001400130707FD6376E606F1F28345040090
:101AB0000D46172500001305E54BD12D11CD9727B5
:101AC00000009387274B1D8D93070004B397A70051
:101AD000424505045D8D2AC8834504001946172533
:101AE000000013056549130914002304B1024525BC
:101AF0003DC197E7FCFF9387E75095E74247B24720
:101B00001377071009CF91073EC69257D2973ED25E
:101B10001DB5B387670385462E84BA97BDBF9D0761
:101B2000E19BA107D5B7780097060000938606D6FB
:101B300026860C084E8597000000E7000000FD5740
:101B40002A8AE314F5FC83D7C40093F70704E39CC7
:101B500007EA125555BD780097060000938606D314
:101B600026860C084E85012AD9BF797156CA9C4930
:101B7000BA8A984522D426D24ECE52CC06D64AD026
:101B80005AC85EC6AA892E84B284368A63D3E70017
:101B9000BA879CC00347340419C385079CC01C4006
:101BA00093F7070281C79C4089079CC00329040062
:101BB00013796900631A0900130B9401FD5B5C44FF
:101BC0009840998F634CF9041C408346340493F782
:101BD0000702B336D000A5EB13063404D2854E8538
:101BE000829AFD576303F5041C4011469840998B77
:101BF000544481446397C700B384E64063D3040030
:101C000081441C4418486354F700998FBE940149DD
:101C100069047D5B63982405014509A885465A86B9
:101C2000D2854E85829A631E75017D55B25022542D
:101C300092540259F249624AD24A424BB24B456130
:101C400082800509ADBF3307D40013060003A3014A
:101C5000C7040347540493871600A2978906A381FB
:101C6000E7049DBF85462286D2854E85829AE30E83
:101C700065FB050945B7797122D426D24AD04ECEEC
:101C800006D652CC56CA5AC8B68983C68501930770
:101C900090063289AA842E8413863504638DF60259
:101CA00063E2D706930780056388F61863EDD700D3
:101CB0006381062293073004638EF60A930A240494
:101CC0002301D404C9A0930730066385F60A93075D
:101CD0004006E395F6FE1C40084393F6070893057B
:101CE0004500C5C61C410CC363D807001307D002CA
:101CF000B307F040A301E40497260000938646282A
:101D000029476DA8930700076384F61663E5D70299
:101D10009307E006638BF6189307F006E390F6FA54
:101D20000C401C4313F80508138547006307080699
:101D300008C39C438DA893075007E383F6FE9307DF
:101D40008007638BF61293073007E399F6F61C437E
:101D5000D04181459386470014C383AA0700568566
:101D60003D2101C53305554148C05C401CC8A30155
:101D7000040471A81C43930A2404938647009C43DF
:101D800014C32301F4048547D5B793F607041C4117
:101D90000CC3B9DAC207C18781BF93F5050408C334
:101DA000C9D983D707001307F0066388E60E972684
:101DB00000009386E61C2947A30104044C400CC490
:101DC00063C5050008406D9908C099E3B28A91CDBA
:101DD000B28AB3F5E702FD1AB69583C505002380E4
:101DE000BA00B3D5E70263F0E70CA147631EF70022
:101DF0001C40858B91CB58401C4863C7E700930774
:101E00000003A38FFAFEFD1A3306564110C84E8711
:101E1000CA867000A2852685EFF03FD57D5A631EE5
:101E2000450B7D55B250225492540259F249624AF0
:101E3000D24A424B45618280A382D5049726000096
:101E4000938606140C40084313F805081C4111053D
:101E5000630D080208C313F7150001C793E50502D7
:101E60000CC04147B1FB0C4093F5F5FD0CC0A9B780
:101E70009C4193E707029CC193078007A302F404E7
:101E8000972600009386061175BF13F8050408C352
:101E9000E30308FCC207C1837DBF97260000938639
:101EA000260E214711BFAE872DB794411C43CC4964
:101EB00013F80608138547006306080008C39C430F
:101EC0008CC301A808C393F606049C43F5DA23905B
:101ED000B70023280400B28A1DBF14485686CA855D
:101EE00026858299E30F45F31C40898B8DE7B24725
:101EF0004844E359F5F23E8535B785465686CA858E
:101F000026858299E30F65F1050A5C443247998F73
:101F1000E345FAFEE9BF014A930A94017D5BF5B7F8
:101F2000011122CC06CE2A8409C91C4D99E732C67C
:101F30002EC4EFF02FD33246A24597270000938797
:101F4000E7FE6316F60250401C46FD171CC663D020
:101F50000704184E63C7E70093F7F50F2947639806
:101F6000E70222856244F24005616FF02F8D9727CA
:101F700000009387A7FD6314F6001044F1B797277C
:101F800000009387A7F8E311F6FC504475BF1C428C
:101F900013F5F50F1387170018C22380B700F2401E
:101FA000624405618280411122C42A842E859747AC
:101FB000FD1F23A9075806C6EFF07D94FD5763194E
:101FC000F5009747FD1F9387E7579C4391C31CC0BB
:101FD000B240224441018280411122C42E84839563
:101FE000E50006C6E122634905007C48AA977CC843
:101FF000B2402244410182808357C4007D777D171F
:10200000F98F2316F400EDB783D7C500011122CC58
:1020100026CA4AC84EC606CE93F70710AA842E8455
:102020003289B68991C78395E500894601463522F4
:102030008357C4007D777D17F98F2316F40083152D
:10204000E4006244F240CE864A86B249424926857F
:10205000D24405613DA8411122C42E848395E50038
:1020600006C6E528FD570357C400631BF500FD773E
:10207000FD17F98F2316F400B240224441018280FB
:102080008567D98F2316F40068C8FDB78395E500EE
:1020900025A8411122C42A842E85B2853686974709
:1020A000FD1F23A1074A06C6EFC0FD9AFD5763191D
:1020B000F5009747FD1F9387E7489C4391C31CC0D9
:1020C000B240224441018280411122C42A842E85DB
:1020D0009747FD1F23A8074606C61922FD57631917
:1020E000F5009747FD1F9387E7459C4391C31CC0AC
:1020F000B240224441018280411122C42A842E85AB
:10210000B2859747FD1F23AF074206C6D520FD576E
:102110006319F5009747FD1F9387C7429C4391C3FE
:102120001CC0B240224441018280411122C42A8451
:102130002E859747FD1F23A7074006C6D120FD57D0
:102140006319F5009747FD1F9387C73F9C4391C3D1
:102150001CC0B240224441018280411122C42A8421
:102160002E85B28536869747FD1F23AD073C06C6F0
:102170004520FD576319F5009747FD1F9387873C5E
:102180009C4391C31CC0B24022444101828093F51C
:10219000F50F2A966314C500014582808347050028
:1021A000E38DB7FE0505FDB782808280411122C410
:1021B0002A842E85B28536869747FD1F23A40738CB
:1021C00006C6B928FD576319F5009747FD1F938789
:1021D00067379C4391C31CC0B240224441018280B6
:1021E000930780051747FD1F232EF7347D55828006
:1021F000930780051747FD1F2326F7347D558280FE
:10220000930780051747FD1F232EF7320145828073
:10221000930780051747FD1F2326F7327D558280DF
:10222000930780051747FD1F232EF7307D558280C9
:10223000F401FA00960064004B0032001E00140006
:1022400043483538785F424C455F4C49425F5632CF
:102250002E310000686561642066696C65206572D6
:10226000726F722E2E2E00004C494220696E6974E6
:10227000206572726F7220636F64653A2025782042
:102280002E2E2E0A000000002A200000436F6E66EA
:10229000696775726174696F6E20726564756E64CA
:1022A000616E63792072657061697265642C207259
:1022B00065766973696F6E3D256C750D0A000000C7
:1022C000436F6E66696775726174696F6E207265BF
:1022D00064756E64616E63792072657061697220E5
:1022E0006661696C65643A2025750D0A000000007E
:1022F00053706C6974414300534143007361632F11
:102300007631000026610000486100004C61000049
:1023100058610000606100006861000070610000A9
:10232000A4610000F4610000346200004262000019
:1023300064620000706200007C6200008C62000039
:102340009C620000AC620000BC620000CC62000035
:10235000DC620000EC620000466C6173682073610F
:102360007665206661696C65643A2025750D0A0002
:10237000466C617368207361766520636F6D706C65
:102380006574652C207265766973696F6E3D256C86
:10239000750D0A00436F6E66696775726174696FC7
:1023A0006E206C6F616465643A206E6F64653D30C9
:1023B0007825303478206368616E6E656C3D2575D4
:1023C000207265766973696F6E3D256C7520737434
:1023D0006F726167653D257520726164696F3D2587
:1023E000752F25752C25752F25750D0A0000000009
:1023F000526573657420726561736F6E3D2575203B
:102400007761746368646F673D25750D0A0000008D
:10241000D67D0000047E0000247E0000CA800000FB
:10242000CA800000CA800000CA800000CA80000084
:10243000CA800000CA800000447E0000647E000064
:102440007C7E0000947E0000B07E0000D47E000000
:10245000F87E00001C7F0000CA800000CA800000D7
:10246000327F00005C7F0000A47F000044800000F9
:10247000B08100002A8200006083000076830000A3
:102480007E83000044820000668200009882000083
:10249000CA820000FC820000248300004C830000FC
:1024A00060830000768300007E8300008683000046
:1024B0008E83000098830000A2830000AC8300009C
:1024C000B6830000D6830000E8830000F28300009A
:1024D000FC83000006840000484C5738313130201E
:1024E0006F66666C696E653A20726561736F6E3DEA
:1024F00025752073746174653D2575207265673D8F
:10250000253032782064657461696C3D2530386C03
:10251000780D0A00484C5738313130206F6E6C69A5
:102520006E653A20553D25752E25755620493D2569
:10253000756D4120503D25752E25755720657272A9
:102540006F72733D25750D0A00000000756172748D
:1025500033207278000000006972204D6174636856
:102560006564204669616C65642E0D000A697220FD
:102570004D6174636865643A25640D0A00000000CB
:102580006972204D6174636865642074696D656F5C
:1025900075740D00697220556E6578706563746599
:1025A00064207278000000006972204C6561726ED0
:1025B000696E6720727800006972204C6561726EE6
:1025C0002074696D656F75740D0000006972204C90
:1025D0006561726E2063685B25645D206F6B2C20E3
:1025E0006C6561726E4E756D3D25640D0A000000CC
:1025F0006972204C6561726E20696E76616C6964E7
:10260000206C656E6774683A25642063683A2564B7
:102610000D0A000049522070726F66696C6520696E
:102620006E76616C69643A206964783D2564207433
:102630007970653D253034780D0A00006972207488
:10264000780000004952206F7065726174696F6E86
:102650002074696D656F75743A20747970653D25D5
:10266000750D0A006972206C6561726E2073656E6B
:10267000640000006972206C6561726E20747800DD
:102680006972206D61746368207478000100FFFF37
:10269000FFFFFFFFFFFFFFFFFFFFFFFFFFFFFFFF4A
:1026A000FFFF0706FFFFFFFFFFFFFFFFFFFF020423
:1026B000050300000923497271282564292E0A00A8
:1026C0004572726F723A204C6F5261206D6F647563
:1026D0006C65206E6F7420726573706F6E64696EC6
:1026E0006720285374617475733D307825303278D3
:1026F000292E20436865636B20776972696E672EA7
:102700000A0000004C6F526120496E6974205665C2
:102710007269666965642E20537461747573203D17
:10272000203078253032780A000000004C6F72614A
:1027300020427573792054696D656F75742E0000A1
:102740006EB8000072B8000076B800007AB80000D9
:102750004AB200004AB2000020B800002EB80000C3
:102760006CBF000090BF0000C0BF0000DABF0000D7
:1027700004C000004AB200004AB200004AB20000A1
:1027800036C000005CC000002CC10000AEC10000DB
:10279000F6C10000BCC2000036AE000086C30000D7
:1027A0006AC4000098C4000058CC00002CC6000089
:1027B00056C6000090C60000BEC6000036AE00003F
:1027C000B8C7000084C8000042C90000F0C900007A
:1027D00066CA000036AE000036AE000000CC000035
:1027E0008813000010270000204E0000409C0000CD
:1027F00060EA0000C0D4010080A903004D4C3330D2
:10280000372064697361626C65643A2055415254A3
:102810003120646961676E6F7374696320726573D8
:10282000756D65640D0000004D4C33303720696EC6
:1028300069743A20636F6E666967757265643D30CE
:102840002C20686172647761726520756E746F7593
:10285000636865640D0000004D4C33303720696EAD
:1028600069743A20636F6E666967757265643D319D
:102870002C2055415254312064656665727265643E
:102880000D000000495056345636000049500000F3
:102890002B4D48545450524541443A004F4B000090
:1028A0004552524F520000002B434D452045525295
:1028B0004F523A002B434D53204552524F523A004B
:1028C0002B4D485454504352454154453A00000062
:1028D0002B4D485454505552433A000022657272B1
:1028E0002200000022726563762200002B4D5154B5
:1028F000545552433A2022636F6E6E222C302C00C6
:102900002B4D5154545552433A202274696D656FD2
:102910007574222C302C00002B4D515454555243C9
:102920003A202273756261636B222C302C00000008
:102930004857312E300000002B4D5154545552430E
:102940003A202270756261636B222C302C000000EB
:102950002B4350494E3A0000524541445900000073
:102960002B4347534E3A00002B4347534E00000081
:102970002B4D434349443A002B4D43434944000007
:102980002B434F50533A00002B43455245473A00E2
:102990002B4353513A0000002B434553513A00005A
:1029A0002B43434C4B3A0000415445300D0A000084
:1029B00041542B4D485454504352454154453D22B7
:1029C0000000000041542B4D485454504346473DAD
:1029D00022636163686564222C0000002C312C386E
:1029E0003139320D0A00000041542B4D48545450E7
:1029F0004845414445523D002C302C302C22526138
:102A00006E67653A2062797465733D00220D0A0095
:102A100041542B4D48545450524551554553543D03
:102A2000000000002C312C302C22000041542B4D92
:102A300048545450524541443D00000041542B4DF0
:102A4000485454505445524D3D00000041542B4DC4
:102A50004854545044454C3D0000000041540D0A78
:102A60000000000041542B4350494E3F0D0A000026
:102A700041542B4347534E3D310D0A0041542B4DD9
:102A8000434349440D0A000041542B434744434FFC
:102A90004E543D312C220000222C220041542B4365
:102AA0004F50533F0D0A000041542B43434C4B3FC2
:102AB0000D0A000041542B43455245473F0D0A0083
:102AC00041542B4D515454444953433D300D0A0059
:102AD00041542B4D5154544346473D226B6565701C
:102AE000616C697665222C302C00000041542B4D1E
:102AF0005154544346473D22636C65616E222C302D
:102B00002C00000041542B4D515454434F4E4E3D28
:102B1000302C2200222C22222C22220D0A0000001E
:102B200041542B4D5154545355423D302C220000FA
:102B3000222C310041542B4D5154545055423D30BC
:102B40002C2200002F7500002C302C302C000000AF
:102B500041542B434553510D0A0000002F00000043
:102B6000687474703A2F2F00222C00002F6400002C
:102B70007075626C697368003031323334353637C2
:102B80003839414243444546000000002B4D515422
:102B9000545552433A00000088184818F21783171A
:102BA000F716481675157D1461132512CF10690F9D
:102BB000FC0D920C340BE909B6089F07A406C50565
:102BC00002055704C3034403D50277024F54412042
:102BD000435243206D69736D61746368206578703A
:102BE00065637465643D2530386C78206163747565
:102BF000616C3D2530386C782073697A653D256CB1
:102C0000750D0A004F544120435243207665726986
:102C1000666965643D2530386C782073697A653D56
:102C2000256C750D0A0000004F54412077726974BD
:102C30006520766572696679206661696C656420D5
:102C40006F66667365743D256C75206C656E3D25F9
:102C5000750D0A00B2DD0000C6DD0000B6DE000022
:102C600000DE0000A2DE000030DF00009EE5000074
:102C70006CE400009CE60000AEE600001AE70000ED
:102C800060E500004F54412053656E6420436F6D32
:102C900070200D004941505F50524F4D3A20253071
:102CA0003878206C656E3A2564200D0A000000001B
:102CB0004941505F50524F4D2072656A656374659B
:102CC000643A2073746174652F72616E67652F6F4B
:102CD000726465720D0000004941505F50524F4DC3
:102CE000206572723A25750D0A0000004941505F57
:102CF00045524153452073746172743A25303878D7
:102D0000206E756D3A25640D0A0000004941505F40
:102D1000454E44200D0000004941505F454E44207F
:102D200072656A65637465643A20696D61676520E0
:102D30006E6F742066756C6C792070726F6772614B
:102D40006D6D65640D0000004941505F454E4420A3
:102D500072656A65637465643A206D657461646167
:102D6000746120636F6D6D6974206661696C656460
:102D70000D0000004941505F494E464F200D0000B4
:102D8000424C4520616476206366673A2074617323
:102D90006B3D2575206C656E3D2575207363616EF6
:102DA0003D25303278206164763D25303278206DC3
:102DB000696E3D25303278206D61783D253032785E
:102DC00020656E61626C653D253032780D0A000029
:102DD000424C45206164762064617461000000000B
:102DE000424C452073657276696365733A2067616A
:102DF000703D2530327820676174743D253032781B
:102E0000206465763D253032782073696D706C657D
:102E10003D25303278206F74613D253032780D0ABF
:102E200000000000446576696365204E616D653A77
:102E30002025730A0000000050726F6475637420CF
:102E40006669726D776172653A20256C752E256C06
:102E5000752E256C7520636F6E6E65637469766977
:102E6000747920736368656D613D25750D0A0000F6
:102E70006C696E6B207465726D696E617465640057
:102E8000506879207570646174652052783A2578AD
:102E90002054783A2578202E2E0A00006D74752073
:102EA00065786368616E67653A2025640A000000F2
:102EB000424C45207374617274207374617475732D
:102EC0003D253032780D0A00504859205570646114
:102ED00074652025782E2E2E0A000000455241539D
:102EE000453A25303878206E756D3A25640D0A0014
:102EF000455241534520436F6D706C6574650D00FC
:102F0000424C45206E616D65206170706C6965642E
:102F10003A202573206164763D2530327820676140
:102F200074743D253032780D0A000000546F6F2014
:102F30006C61726765206E6F74690000424C4520B9
:102F40006164766572746973696E67207265737403
:102F5000617274206661696C65643A202573207320
:102F600074617475733D253032780A00424C4520F7
:102F70006164766572746973696E672072657374D3
:102F8000617274207265717565737465643A202589
:102F9000730A0000557064617465202578202D2027
:102FA000496E74202578200A000000004552522EF8
:102FB0002E000000496E697469616C697A65642E3F
:102FC0002E000000446973636F6E6E656374656400
:102FD0002E2E20526561736F6E3A25780A0000002C
:102FE0004164766572746973696E672E2E00000005
:102FF000436F6E6E656374696F6E206D61782E2EFF
:103000002E000000436F6E6E202578202D20496E23
:1030100074202578200A0000436F6E6E6563746526
:10302000642E2E00436F6E6E656374656420416488
:10303000766572746973696E672E2E0057616974C4
:10304000696E6720666F7220616476657274697359
:10305000696E672E2E000000646973636F76657277
:1030600061626C6520656E6465640000636F6E6EFE
:10307000656374696F6E20617474656D7074206629
:1030800061696C65640000004572726F722E2E00DB
:103090004572726F722E2E25780A0000424C452030
:1030A000646576696365206672616D652072656A24
:1030B00065637465643A2025750D0A00424C45200D
:1030C0006C6567616379206672616D652072656AFF
:1030D00065637465640D00004952207061737374F8
:1030E00068726F7567682072656A65637465643AB3
:1030F000206C656E3D25750D0A00000063686172E5
:10310000322072780000000049522070617373749D
:1031100068726F75676820627573790D0000000032
:1031200031363A34373A32330000000053657020AC
:1031300031352032303236002573202C6275696CAF
:103140006420696E2825733A2573290A000000005F
:10315000424C45206366673A20686561703D25757D
:10316000207061636B65743D257520636F756E74A7
:103170003D2575206C696E6B733D25752F25750D8A
:103180000A000000424C452052544320636C6F6398
:103190006B3A2065787465726E616C2033322E371D
:1031A0003638206B487A204C53450D004952206335
:1031B0006174616C6F67206272616E64733A20257E
:1031C000750D0A005B52756C655D206465666572FD
:1031D00020706F776572206368616E67652C206D63
:1031E000696E696D756D3D2575206D696E0D0A00FE
:1031F0005B52756C655D20657865632072756C65E2
:1032000020747269673D2564206163743D25640DF7
:103210000A00000000030205000305010406020481
:103220001F1C1F1E1F1E1F1F1E1F1E1F2348454140
:103230004C54482075703D256C75207265763D258F
:103240006C752072657365743D2575206661756CBB
:10325000743D25303478206C6F72613D2575206C8B
:103260006F72615469636B3D256C752063656C6C8E
:103270003D25752F25752063656C6C4661696C3D35
:103280002575206972513D25752F2575206D657452
:1032900065724572723D2575206D65746572466173
:1032A000696C3D25752F25752F2530327820736583
:1032B0006E736F723D253032782073687445727278
:1032C0003D25750D0A00000052544320726574615B
:1032D000696E6564206166746572207265736574D9
:1032E0003A20256C750D0A005254432077616974A9
:1032F000696E6720666F722072656D6F74652074E9
:10330000696D652073796E630D0000005254435F50
:1033100053657454696D657374616D703A20696E9C
:1033200076616C69642074696D657374616D702079
:10333000256C750D0A0000005254435F53657454A8
:10334000696D657374616D703A20636F6E76657236
:1033500073696F6E206661696C656420256C750DFC
:103360000A0000007365742074733A256C75202D73
:103370003E20253034752D253032752D253032759F
:1033800020253032753A253032753A253032750DA8
:103390000A0000005254435F53657454696D6573AD
:1033A00074616D703A20686172647761726520742F
:1033B000696D6520696E76616C69640D00000000BE
:1033C0005254435F53657454696D657374616D70D5
:1033D0003A206F6666736574206F7574206F66207F
:1033E00072616E67650D000052544320736F6674FE
:1033F00077617265206F66667365743D256C640D38
:103400000A00000002000100200001005A00010033
:10341000720001007E0001008A000100D20001005C
:10342000E00001001A010100460101004C01010009
:10343000520101007E0401009404010044050100D2
:103440004E0501005E050100440501004405010030
:10345000436F6E74726F6C3A206F703D2564206FFD
:103460007065726174655461673D257520746F6B7A
:10347000656E3D2530386C7820726573756C743DCF
:1034800025640A004C6F526120636F6E6669672085
:103490006368616E6765643A206E6F64653D2530D0
:1034A0003478206368616E6E656C3D256420726FB0
:1034B0006C653D25642C2072656C6F67696E0A002F
:1034C0004C6F5261207265636F766572792061740A
:1034D00074656D70740000004C6F526120726563FA
:1034E0006F76657279206661696C65642C207265FF
:1034F00074727920696E20256C75206D730A000046
:103500004C6F5261207265636F76657279207375B6
:10351000636365656465642C2072656C6F67696EB2
:103520000000000052656C61793A20677720636F74
:103530006E666967202D3E206368696C64202530C3
:1035400034780A0052656C61793A20677720636F9E
:103550006E6669672074696D656F757420666F7239
:1035600020253034780A000052656C61793A206376
:1035700068696C64202530347820726573706F6ED2
:103580007365202D3E2067770A00000052656C614C
:10359000793A206368696C64202530347820746936
:1035A0006D656F7574202D3E2067770A000000005E
:1035B00052656C6179206368696C64206C6F67691F
:1035C0006E2040776F726B2066726571000000009C
:1035D0004C6F5261206E6F6465206C6F67696E3A44
:1035E000206E6F64653D2530347820726F6C653DC8
:1035F0002564204072656769737465722066726520
:10360000710A00004C6F67696E2074782074696DD0
:10361000656F75742040256C640A00004C6F676903
:103620006E2067773A25303478207363616E3A25CF
:103630006420726F6C653A25642040256C640A0032
:103640004C6F67696E2072782074696D656F757450
:103650002040256C640A000052656C61793A207242
:10366000656A656374206368696C6420253034780A
:103670002C2063617061636974793D25640A0000E0
:1036800052656C61793A206368696C642025303436
:1036900078206C6F67696E202D3E2067770A0000E6
:1036A0005254432075706461746520256C64202D2C
:1036B0003E20256C640A000052656C61793A2067EF
:1036C0007720636D642025303278202D3E2063689A
:1036D000696C6420253034780A0000004C6F526118
:1036E0002073696C656E7420666F72203320637975
:1036F000636C65732C2072656C6F67696E20726FE6
:103700006C653D25640A00002573282564206279D4
:10371000746573293A2000002530327820000000BB
:1037200052656C61793A2062726F6164636173748F
:1037300020636D6420253032780A000052656C6188
:10374000793A206368696C64202530347820756E7E
:10375000617661696C61626C65202D3E2067770A35
:1037600000000000FE006578706572696D656E741A
:10377000616C00004669726D7761726520526576F2
:103780006973696F6E0000004861726477617265E9
:10379000205265766973696F6E0000004D616E7529
:1037A0006661637475726572204E616D650000001C
:1037B0004D6F64656C204E756D626572000000008F
:1037C00053657269616C204E756D62657200000010
:1037D000536F667477617265205265766973696F9D
:1037E0006E000000434343442077726974653A20B9
:1037F0003078253034780A00E01501000816010001
:1038000030160100481601006216010084160100FE
:10381000AC160100D4160100EC16010006170100D9
:103820008C34FEFF0035FEFF7435FEFF7435FEFF5D
:103830001035FEFF7435FEFF2835FEFF4A35FEFFCA
:103840007435FEFF6435FEFFB835FEFFD835FEFF48
:103850005436FEFFEA35FEFF5436FEFF5436FEFFB7
:103860005436FEFF0C36FEFF5436FEFF5436FEFF84
:103870005436FEFF3036FEFF448602001474010009
:103880008086020096810100FC86020062810100B0
:10389000B68702002E81010052880200AC8C010024
:1038A000A0880200AC8C0100FA880200FE8B0100A7
:1038B000B6870200CE8001008E8902001A840100C2
:1038C0000000000000000000D8890200A68401006A
:1038D0004A8A020098740100FE87FEFFFE87FEFF01
:1038E0002488FEFF3C88FEFF4488FEFF4C88FEFFD4
:1038F0005488FEFF5C88FEFF6488FEFF6C88FEFF34
:103900007488FEFFAC88FEFFB488FEFF7C88FEFF53
:103910000101020102010102010204040601040185
:10392000010101010404020104000000010102017F
:103930000201010201010404060104010101010167
:1039400004010201010000008A95FEFF9695FEFF2A
:10395000D895FEFFFE96FEFF0897FEFF4C97FEFFF0
:103960008E97FEFFCC97FEFF0498FEFF9C96FEFF0D
:103970003898FEFFC298FEFFE4A4FEFFC0A4FEFF3D
:10398000E4A7FEFF40A8FEFF48ABFEFF62A9FEFFD2
:10399000A8A9FEFFECA9FEFF24AAFEFF68AAFEFF6D
:1039A000C0A4FEFFACAAFEFF22ABFEFF0000000099
:1039B0000000000000000000000000877601020007
:1039C000B41302004C02020016140200700202003E
:1039D000100302003E0302008203020020130200D3
:1039E00090120200AE040200DA0402004C0502004C
:1039F000F205020000120200121102002010020063
:103A000002F70100A4060200F80602002A170200CD
:103A1000C21602002A070200D2080200260A02008B
:103A2000B00A0200DC0A02008017020084170200BC
:103A3000720B0200B40B0200881702008C17020000
:103A4000901702009417020082150200FE0B02007C
:103A5000DC0C0200981702009C170200880D02007F
:103A6000E60F020043483538785F424C455F4C49C9
:103A7000425F56322E313300AE2BFFFFBC2BFFFFCF
:103A8000C42BFFFFCA2BFFFFD02BFFFFF02BFFFF44
:103A9000F82BFFFFFE2BFFFF082CFFFF0E2CFFFF74
:103AA000142CFFFF1A2CFFFF202CFFFF2C2CFFFFF4
:103AB000322CFFFF382CFFFF7A2CFFFF3E2CFFFF3C
:103AC000442CFFFF4A2CFFFF502CFFFF5C2CFFFF14
:103AD0007A2CFFFF7A2CFFFF7A2CFFFF7A2CFFFF56
:103AE0007A2CFFFF7A2CFFFF7A2CFFFF7A2CFFFF46
:103AF000662CFFFF562CFFFF7A2CFFFF6C2CFFFF7C
:103B0000742CFFFF7631FFFFA231FFFFC431FFFFAE
:103B1000DA31FFFFEE31FFFF0A32FFFF2832FFFFED
:103B20003832FFFF5232FFFF6832FFFF8A32FFFF59
:103B3000A032FFFFB432FFFFC832FFFFE632FFFFC3
:103B4000F632FFFF1033FFFFA234FFFFB634FFFF52
:103B5000CC34FFFFEA34FFFF5C36FFFF3235FFFF56
:103B60003033FFFF4835FFFF5835FFFF8233FFFF3B
:103B70008233FFFF4234FFFF4C34FFFF6035FFFF0D
:103B80000C35FFFF7035FFFFE235FFFF2436FFFFE6
:103B9000BE38FFFF3836FFFF3836FFFF0C38FFFF17
:103BA000CC36FFFF1A36FFFFB438FFFF3836FFFF71
:103BB000AE37FFFF4438FFFF3836FFFF3836FFFFD0
:103BC0003836FFFF3836FFFF3836FFFF3836FFFF45
:103BD0003836FFFF3836FFFF3836FFFF3836FFFF35
:103BE0008E36FFFF583AFFFF3A3BFFFF0C3BFFFFCB
:103BF000723BFFFF723BFFFFEA3BFFFF2E3CFFFFE4
:103C00003A3BFFFF3A3BFFFF3A3BFFFF3A3BFFFFE8
:103C10003A3BFFFF3A3BFFFF3A3BFFFF3A3BFFFFD8
:103C20003A3BFFFF3A3BFFFF3A3BFFFF3A3BFFFFC8
:103C30004E3CFFFF4E3CFFFF3A3BFFFF3A3BFFFF8E
:103C40003A3BFFFF3A3BFFFF3A3BFFFF3A3BFFFFA8
:103C5000A83CFFFFA83CFFFF1441FFFF1E41FFFFF0
:103C60003441FFFF4041FFFF5441FFFF5C41FFFF34
:103C70006241FFFF6A41FFFF7241FFFF7841FFFF92
:103C80007E41FFFF8641FFFF8C41FFFF9241FFFF16
:103C90009A41FFFFD441FFFFD441FFFFA041FFFF46
:103CA000AA41FFFFB041FFFFB641FFFFBC41FFFF4C
:103CB000C441FFFFCE41FFFFB441FFFFD041FFFFF2
:103CC000E441FFFFFC43FFFFFC41FFFF5642FFFFC3
:103CD0006A42FFFF7E42FFFF9642FFFFAE42FFFFB8
:103CE000BE42FFFFD642FFFFFC43FFFFEE42FFFF55
:103CF000FC43FFFFFC43FFFF0043FFFF2443FFFFA4
:103D00004843FFFF5C43FFFF6A43FFFF7C43FFFF25
:103D1000BE43FFFFFB349B5F80000080001000006B
:103D200000000000070B0D1113171D1F25292B2F55
:103D3000353B3D4347494F535961FF00D270FFFF68
:103D40000E71FFFF3A72FFFFDE72FFFFEE72FFFFA0
:103D5000DA73FFFF7273FFFF4874FFFFF674FFFF13
:103D60005E70FFFFE471FFFF8671FFFFC273FFFF0C
:103D7000BEED0200BEE5020074E5020094EA020016
:103D800064EA020036EA0200F6E90200C8E902002D
:103D9000AAEB0200AEEB020042E80200B2EB020026
:103DA00002E80200B6EB0200DEE70200BAEB020016
:103DB000B0E70200A0E7020068E70200BEEB0200E5
:103DC00046E70200C2EB0200C6EB0200CAEB0200AB
:103DD000CEEB020078E502008CE50200D2EB020097
:103DE000D6EB0200DAEB0200DEEB0200A2EB0200EF
:103DF000DCE6020052E60200A6EB020040EB020005
:103E0000DAEA020090E50200000102020303030364
:103E1000040404040404040405050505050505055A
:103E2000050505050505050506060606060606063A
:103E30000606060606060606060606060606060622
:103E4000060606060606060607070707070707070A
:103E500007070707070707070707070707070707F2
:103E600007070707070707070707070707070707E2
:103E700007070707070707070707070707070707D2
:103E800007070707070707070808080808080808BA
:103E900008080808080808080808080808080808A2
:103EA0000808080808080808080808080808080892
:103EB0000808080808080808080808080808080882
:103EC0000808080808080808080808080808080872
:103ED0000808080808080808080808080808080862
:103EE0000808080808080808080808080808080852
:103EF0000808080808080808080808080808080842
:103F00000808080808080808000000000000000071
:103F100000000000000000000000000000000000A1
:103F20000000000000000000000000000000000091
:103F30000000000000000000000000000000000081
:103F40000000000000000000000000000000000071
:103F50000000000000000000000000000000000061
:103F60000000000000000000232D302B2000000086
:103F7000686C4C0065666745464700003031323357
:103F80003435363738394142434445460000000055
:103F900030313233343536373839616263646566BF
:103FA000000000002B43434C4B3A0000E0FE0000B1
:103FB00002000000AC3F0300E1FE00002A2A0000DE
:103FC000262A0000272A0000292A0000242A0000AF
:103FD000502A0000252A00000A18000002000000F4
:103FE000D83F0300282A0000232A0000E0FF000039
:103FF00002000000EC3F0300E1FF0000E2FF0000D0
:10400000E3FF00000200000024400300012A00003A
:10401000A62A000001290000032800000229000050
:10402000002A00000018000001180000042A000007
:104030000028000001280000052A00005426002066
:10404000411122C426C21724FD1F130464199724AA
:10405000FD1F9384A414944858409387419F06C63B
:104060009C43639FE60682975440B74736FE93878A
:1040700007C8B6973387A7003A856364F70063647F
:10408000D7003305D7409724FD1F9384242D9C4CE3
:1040900091CB938741AD94433707CDFF7D179C4665
:1040A000F98F9CC611E148409727FD1F9387470B66
:1040B000DC53829719E59C4C99CFEFE04ECEEFD0C0
:1040C000FEB79C4C89CB938741AD9843B70633002C
:1040D0001C47D58F1CC7B2402244924441018280C4
:1040E000829798489727FD1F83C7D70854401D8F94
:1040F000B307A7003E8563E4E700E3E6D7F833851E
:10410000D74051B753706C69744143000000000000
:10411000000000008EDD0000A2DB0000BEDC00001D
:1041200053706C69744143000000000000000000FF
:104130000000000000000000010203040500000070
:104140000000000088991111230000000000000009
:10415000000000000000000000000000000000005F
:10416000000000000000000000000000000000004F
:10417000000000000000000000000000000000003F
:10418000000000000000000000000000000000002F
:10419000000000000000000000000000000000001F
:1041A000000000000000000000000000000000000F
:1041B00000000000000000000000000002000000FD
:1041C0003040030001000000B03F03000200000087
:1041D0001840030001000000CF260020020000006C
:1041E000B83F030003000000762800200200000012
:1041F00014400300010000000C230020C60B010046
:104200002E0B0100000000004F5441204368616EF6
:104210006E656C00020000003040030001000000E9
:10422000DC3F030002000000184003000100000012
:10423000E226002002000000E83F03000100000029
:104240008028002002000000184003000100000048
:10425000D426002002000000CC3F03000100000033
:10426000B037030002000000184003000100000006
:10427000E026002002000000D43F030001000000FF
:10428000C0370300020000001840030001000000D6
:10429000D126002002000000C03F03000100000002
:1042A0007437030002000000184003000100000002
:1042B000D226002002000000C43F030001000000DD
:1042C00088370300020000001840030001000000CE
:1042D000E126002002000000E43F0300010000008E
:1042E000D037030002000000184003000100000066
:1042F000D326002002000000C83F03000100000098
:104300009C37030002000000184003000100000079
:10431000D026002002000000BC3F03000100000086
:104320006437030002000000184003000100000091
:10433000DF26002002000000D03F03000100000043
:10434000D82600209C0C01000000000000000000A6
:10435000020000003040030001000000F03F0300B5
:10436000020000001840030001000000E3260020C6
:1043700002000000F83F030003000000F45F00208B
:10438000020000001440030001000000302500205E
:10439000020000001C4003000300000088280020E9
:1043A000020000001840030001000000E426002085
:1043B00002000000FC3F0300020000006C600020CF
:1043C000020000001440030001000000442500200A
:1043D000020000001C400300030000008C280020A5
:1043E000020000001840030001000000E526002044
:1043F000020000000040030000000000E460002014
:10440000020000001C400300030000009028002070
:1044100002000000144003000100000058250020A5
:10442000300F01004A0E0100000000004368617275
:104430006163746572697374696320310000000000
:104440004368617261637465726973746963203271
:10445000000000004368617261637465726973747F
:1044600069632033000000000200000030400300B8
:104470000100000004400300020000001840030097
:1044800001000000F326002002000000204003008D
:1044900001000000000000000200000018400300BE
:1044A00001000000F0260020020000000C40030084
:1044B0000100000014290020020000001840030041
:1044C00001000000F4260020020000002C40030040
:1044D00001000000F8260020020000001840030040
:1044E00001000000F226002002000000104003003E
:1044F00001000000F126002072680100C869010077
:104500000000000002000000304003000100000035
:1045100004270020020000001840030001000000F2
:104520000F270020020000003840030000000000B8
:1045300000000000020000001C4003000300000017
:1045400000000000000000002676010000000000CE
:1045500000000000283F0300483F0300083F03001D
:10456000000000000000000000000000000000004B
:10457000000000000000000000000000000000003B
:10458000000000000000000000000000000000002B
:10459000000000000000000000000000000000001B
:1045A000000000000000000000000000000000000B
:1045B0000000000008DC00004CE4000028E30000DC
:1045C000FF007800020A0000FFFFFF0E0202020255
:1045D0000200000001D70700001001020202021AC7
:1045E0001810000044650020C3812F01020102025F
:1045F000020000005000A0000000E803FFFF0000E0
:1046000002000000284003000100FF200105020114
:1046100001100101542600200000000002010000EA
:044620000000000096
:020000040006F4
:10D000006F00101D000000000000000090000020D4
:10D0100092000020A9BDF9F3940000200000000058
:10D020000000000096000020980000200000000092
:10D03000000000009A000020000000009C0000207A
:10D04000000000009E000020A0000020A2000020A0
:10D05000A4000020A6000020A8000020AA000020B4
:10D06000AC000020AE000020B0000020B200002084
:10D07000B4000020B6000020B8000020BA00002054
:10D08000BC000020BE000020C0000020C200002024
:10D09000C400002001A001A001A001A001A001A0E6
:10D0A00001A001A001A001A001A001A001A001A078
:10D0B00001A001A001A001A001A001A001A001A068
:10D0C00001A001A001A001A001A073270080B71753
:10D0D0000020218B9387479D01CB7327008098C345
:10D0E00098435D9B731007800F10000037170040B6
:10D0F000930670052300D704930680FA2300D70413
:10D100000F1000008346B70493F6F60DA305D7046D
:10D1100023000704732600809443A18AD18E739064
:10D12000068023A007000F1000009376050263809D
:10D1300006180347A700118B3DE373270080218B5E
:10D1400001CB7327008098C398435D9B73100780C1
:10D150000F10000037170040930670052300D70416
:10D16000930680FA2300D7040F1000008346A7001F
:10D1700093E646002305D70023000704F32600802A
:10D180009843218B558F7310078023A007000F1041
:10D1900000001307004B010001007D176DFF73278E
:10D1A0000080218B01CB7327008098C398435D9B3F
:10D1B000731007800F1000003717004093067005AA
:10D1C0002300D704930680FA2300D7040F10000031
:10D1D0007D892314A7000100010001000100230044
:10D1E0000704F32600809843218B558F7310078026
:10D1F00023A007000F10000073270080218B01CBB4
:10D200007327008098C398435D9B731007800F10AD
:10D21000000037170040930670052300D7049306DB
:10D2200080FA2300D7040F1000000F100000B7266B
:10D23000004013061005A383C68023000704F326CD
:10D2400000809843218B558F7310078023A007001F
:10D250000F10000073270080218B01CB7327008003
:10D2600098C398435D9B731007800F100000371719
:10D270000040930670052300D704930680FA23002C
:10D28000D7040F1000008346B70493E60608A305F1
:10D29000D70423000704F32600809843218B558F81
:10D2A0007310078023A007000F1000008280937680
:10D2B0000504638706140347A700418B3DE37327EA
:10D2C0000080218B01CB7327008098C398435D9B1E
:10D2D000731007800F100000371700409306700589
:10D2E0002300D704930680FA2300D7040F10000010
:10D2F0008346A70093E606012305D7002300070411
:10D30000F32600809843218B558F7310078023A04C
:10D3100007000F1000001307007D010001007D17BA
:10D320006DFF73270080218B01CB7327008098C38A
:10D3300098435D9B731007800F1000003717004063
:10D34000930670052300D704930680FA2300D704C0
:10D350000F1000009376F50193E606042314D7001E
:10D36000010001000100010023000704F3260080F2
:10D370009843218B558F7310078023A007000F104F
:10D38000000013076004631FE50273270080218BF0
:10D3900001CB7327008098C398435D9B731007806F
:10D3A0000F10000037170040930670052300D704C4
:10D3B000930680FA2300D7040F100000B726004020
:10D3C000094695BD73270080218B01CB7327008010
:10D3D00098C398435D9B731007800F1000003717A8
:10D3E0000040930670052300D704930680FA2300BB
:10D3F000D7040F100000B72600401306200525BDF6
:10D4000073270080218B01CB7327008098C398433A
:10D410005D9B731007800F100000371700409306C4
:10D4200070052300D704930680FA2300D7040F1059
:10D4300000008356870093E6060C2314D700F5BB43
:10D440004111814601468145114506C6212C7327AD
:10D450000080B7170020218B9387479D01CB73274E
:10D46000008098C398435D9B731007800F100000E5
:10D4700037170040930670052300D704930680FAFF
:10D480002300D7040F1000008346670493E61600BC
:10D490002303D70423000704F32600809843218B3D
:10D4A000558F7310078023A007000F100000B240B3
:10D4B00041018280814601468145114565227327DD
:10D4C0000080B7170020218B9387479D01CB7327DE
:10D4D000008098C398435D9B731007800F10000075
:10D4E00037170040930670052300D704930680FA8F
:10D4F0002300D7040F100000FD562316D702230087
:10D500000704F32600809843218B558F7310078002
:10D5100023A007000F10000073270080218B01CB90
:10D520007327008098C398435D9B731007800F108A
:10D53000000037170040930670052300D7049306B8
:10D5400080FA2300D7040F1000008346670493E697
:10D5500016002303D70423000704F3260080984312
:10D56000218B558F7310078023A007000F10000038
:10D5700001A0BD473305F50201007D1575FD8280D0
:10D58000411122C426C206C6AA840144631794002E
:10D59000B240224492444101828005041305803E3A
:10D5A0004204C13F4180DDB72303048015472303B4
:10D5B000E48001002302A480828083076480E3CE9C
:10D5C00007FE23030480828083076480E3CE07FE86
:10D5D00003454480828083076480E3CE07FE2302F4
:10D5E000A4808280411126C44AC24EC006C6137769
:10D5F000F50BAD47AA892E8995446306F7001945B6
:10D600006537653F8D444E854537FD59FD14639858
:10D610003401B240A244124982494101828013552B
:10D6200009011375F50F453F2209CDB7011126CC2D
:10D6300006CEB704080051371545BD377137693735
:10D640002AC6A53F32459377150089EB136515006F
:10D650001375F50FF240E24405618280FD14E9FC88
:10D660000145CDBF397126DC4ADA4ED852D656D4A0
:10D670005AD25ED006DE62CE66CCB7E700E07D57B8
:10D6800083AA070022C603AA470023A0E71823A203
:10D69000E718B7170040130770052380E704130746
:10D6A00080FA2380E70483C74704930B75FFB68491
:10D6B000E20793FBFB0F8546AA892E8B328937241C
:10D6C0000040E187015763FA76016308D500894677
:10D6D000130700026313D5000157D98F93F7F70F93
:10D6E000B71C00402382FC0411472303E480130588
:10D6F000F00F5D3D094CD135636D7C11B705070016
:10D70000DA9537870700795563F2E504B38795000A
:10D71000636EF702370B0800A94733EB6501639985
:10D72000F90689E48144513D26850DA0DA85094535
:10D73000553D05090345F9FFFD14050B693D81C4FD
:10D740009377FB0FFDF7DD3569FD7D55B717004079
:10D75000130770052380E704130780FA2380E7048A
:10D7600003C74704418B2382E704F250B7E700E088
:10D7700023A0571123A24711E25432445259C259EF
:10D78000325AA25A125B825B724CE24C2161828057
:10D79000A5476395F90685691309F00FB30699004B
:10D7A000B3742B01B6941349F9FFB3749900856BD8
:10D7B00033796901416B9387F9FFB3F7270199E347
:10D7C00063FC340193D94900C147E3E637FF99BFB1
:10D7D0000569C1697D19D9B71305800D6388690191
:10D7E000130500026384790113051008CA85DD3B27
:10D7F000353D21DD4E99B3843441D9B7DA852D45C5
:10D80000D533CA94E30099F205097D3BA30FA9FE25
:10D81000D5BF9387F9FF93F7F70F6361FC0C83C7BC
:10D820001C0413073008631FF70437070800636BF5
:10D83000EB04B3079B00B706100063F5D704334B26
:10D84000EB0089476393F9068980D549E38C04ECA2
:10D85000DA850945413B11090327C9FF9147232078
:10D86000E48003076480E34E07FE23033481FD1741
:10D87000EDFBFD14110B81C49377FB0FE9FF7D33A2
:10D8800071F5E1B5B717004003C75704B7070800A3
:10D890001377070219E3B78707007955E378FBEAA6
:10D8A00033079B00E3FFE7F855B58547E382F9F2BC
:10D8B000DA852D45053B9389F4FFE38504E629339A
:10D8C00093F7390091EB832604800327090093071F
:10D8D0004900E39AE6E43E89CE84F1BFB5476396FA
:10D8E000F9001305900BC93135BDB1471305B00AD6
:10D8F000E38BF9FE99476391F904B7050800B36516
:10D90000BB002D45C53181448D4BA14975396396C6
:10D910007401832704802320F9008504E39834FFF1
:10D920008327048013172B01635507002312F90086
:10D93000D5BB2322F900FDB39D476399F9028145C8
:10D940001305B0044531BD442320090023220900FA
:10D95000FD599D3993F77400CA9703C70700FD145A
:10D96000398D2380A700E39634FF6DBBA1476392F6
:10D97000F9046D398144630D0B008D479304C00396
:10D980006308FB009304000563048B0193044004C7
:10D990001375C507E30895D8194539313939054557
:10D9A000213126850D3909453D314931E31C05D624
:10D9B00069BB91476399F90013056006F536F53E9A
:10D9C000130590090DB7E38F09D4F154A9BB0000EA
:10D9D0009741F91F9381018017A1F91F13018162FB
:10D9E00017F5FFFF130545629725F91F938585619C
:10D9F0001736F91F1306C6FD63FAC500832205001A
:10DA000023A0550011059105E3EAC5FE17050000A6
:10DA10001305054C9735F91F938585FB1736F91FBC
:10DA2000130646FB63FAC5008322050023A05500B8
:10DA300011059105E3EAC5FE1735F91F130585F9B0
:10DA4000938581A56377B500232005001105E36D5B
:10DA5000B5FEFD42739002BC8D4273904280B722A6
:10DA6000000093828288739002309722F91F93827C
:10DA7000625993E232007390523037170040930797
:10DA800070052300F704930780FA2300F7040F10B2
:10DA900000003C47B70600FAE116F58FB70600060E
:10DAA0009506D58F3CC7970200009382421C739065
:10DAB000123473002030B786B8ED014793860632E2
:10DAC00093170701C18363E3C7008280B387E50032
:10DAD00083C707003D8DA14713581500058911C163
:10DAE0003685FD1793F7F70F3345A800F5F70507BF
:10DAF000C1BF011122CC4AC84EC652C456C25AC038
:10DB000006CE26CAAA8AAE897D590144130B00109D
:10DB1000636E3401F24062441345F9FFD244424936
:10DB2000B249224A924A024B05618280B3878940FA
:10DB3000930400106365FB0093940701C1803305D3
:10DB4000540126869385018B4D2C4A852686938524
:10DB5000018B95372A89269465BF938781809443EA
:10DB6000374754311307F71401456399E60483C618
:10DB7000470005476394E60483C657001547636F63
:10DB8000D70203876700634B0702D44B3747030074
:10DB90006366D702411122C41306400A03A4470A50
:10DBA000938581807D5506C639371345F5FF018D74
:10DBB000B24022441335150041018280828037171C
:10DBC00000208327079D011122CC4EC606CE26CA0F
:10DBD0004AC89D669309079D1D646394D70013840A
:10DBE00007109384019B9C441306400A9385019B74
:10DBF00085077D559CC4C1351345F5FF23A2A40AB2
:10DC0000930600100146A28525459730F91FE7804D
:10DC100060A509C90145F2406244D2444249B24973
:10DC2000056182809306800A1386019BA28529459F
:10DC30009730F91FE78000A371FD13898180930657
:10DC4000800A13868180A2852D459730F91FE780D1
:10DC500060A169F119375DDD032789009C44E31B4E
:10DC6000F7FA23A0890005457DB779711305800473
:10DC700006D622D426D24AD04ECE52CC56CA9720AF
:10DC8000F91FE78080449306800A138681809D6592
:10DC90002D459730F91FE780E09C81440DE1753DEB
:10DCA000AA8411CD1306800A938581801385019B78
:10DCB0009D22B71700201D6723A8E79C85449D651A
:10DCC0009306800A13868180938505102D4513895C
:10DCD00081809730F91FE780E09845E5BD3D55C14B
:10DCE00089C81387019B832789001847998F635040
:10DCF000F0021306800A938581801385019B212AF7
:10DD00009D6737170020938707102328F79C938778
:10DD1000019B03C7570095471384019B6314F706C3
:10DD20004C48B74703001387F5FF637AF70637754A
:10DD30000300C1331C4C6314F50644488567FD1786
:10DD4000BE94FD77FD8C0149856963609904814427
:10DD500093090010377A0300856A4C4863EDB404D8
:10DD60000565413B1C4C631CF5021C48A3020400E2
:10DD7000230304005CC4232E040023200402813505
:10DD800011A0D1F48567829701A04E99856601465E
:10DD9000CA8505459730F91FE780C08C5DD54C4892
:10DDA00037750300B9331C4C6304F504A302040067
:10DDB00023030400E9B7858D9306001063E5B900DD
:10DDC00093960501C18236869385018B3385440184
:10DDD00036C62520B2461386018BB385540109450A
:10DDE0009730F91FE78000885DF993840410B5B778
:10DDF0009720F91FE780C06471B70D06719A8147BB
:10DE00003307F5006393C700828014433387F5001E
:10DE1000910714C3F5B7B3C7A5008D8B3307C500B1
:10DE200081E78D4763EEC700AA876370E50A83C662
:10DE3000050085078505A38FD7FEE3EAE7FE82800C
:10DE400093763500AA8791CA83C6050085078505A4
:10DE5000A38FD7FE93F63700FDB79376C7FF1386DF
:10DE600006FE63F0C70683A3050083A2450083AFC7
:10DE7000850003AFC50083AE050103AE450103A3D2
:10DE8000850183A8C5019385450223A0770003A8D7
:10DE9000C5FF23A2570023A4F70123A6E70123A867
:10DEA000D70123AAC70123AC670023AE17019387CC
:10DEB000470223AE07FF75B790419107910523AE46
:0CDEC000C7FEE3EBD7FEE3E4E7F6828048
:00000001FF
