:020000040000FA
:040000006FD00600B7
:101000006F20C020000000000000000090000020C1
:1010100092000020A9BDF9F3940000200000000018
:101020000000000096000020980000200000000052
:10103000000000009A000020000000009C0000203A
:101040000000000064020020A0000020A200002098
:10105000A4000020A6000020A8000020AA00002074
:10106000AC000020AE000020B0000020B200002044
:101070004E010020C6000020B8000020BA00002069
:10108000BC000020BE000020C0000020DC000020CA
:10109000C400002001A001A001A001A001A001A0A6
:1010A00001A001A001A001A001A001A001A001A038
:1010B00001A001A001A001A001A001A001A001A028
:1010C00001A001A001A001A001A0B71700401307D3
:1010D00000032388E702054723AAE1867300203036
:1010E00037470040834747C09146BD8B638FD70089
:1010F00063E7F60009476389E704730020309946E7
:10110000638AD7003147E39AE7FE3746004013056C
:10111000F00F0DA0834757C0CDB7034786C01377A4
:10112000F70F638DA6001388160023800701B6977A
:101130002381E70083C6C1C29387C1C20347A6C00B
:101140001377F70F79FB55BF978000E0E780A05732
:101150006DB7138781F903472705938781F919EF45
:10116000971001E0E7802074B7E700E03707000838
:1011700023A0E7180F10000073002030B73600409E
:1011800003C7464011463D8B6304C702636CE6000B
:101190008947E313F7FE89450145971001E0E78091
:1011A000E06DD9BF1946630DC700B146E316D7FC01
:1011B0004166B73800409386C1317D169D4E89A0A7
:1011C00083C7564055BFC84B9385A19303D70500ED
:1011D000050503C88840C8CB1385C1930355050096
:1011E00005071377F73F1378F80F6311A70203D7AA
:1011F00007016305C70005072398E7002384D70389
:1012000003C7A8401377F70F5DFFBDB703D50500EF
:101210003695230005012390E500DDB7411122C476
:1012200026C24AC006C601441309703E512F97F0EA
:1012300000E0E7806059692797F000E0E780205DD3
:10124000412797F000E0E780805F09E883A7419895
:10125000E37EF9FC97A000E0E780406C97B000E0E7
:10126000E78080A70544D9B7372700408347670048
:10127000858BB1C305462303C700138741991C43DF
:1012800085071CC3138741981443A90614C313F799
:10129000170019E32385C198294733F7E70201E7CF
:1012A00085462384D19813074006B3F7E70281E708
:1012B0000547A384E1987300203073270080218BB9
:1012C0009387C19D01CB7327008098C398435D9B92
:1012D000731007800F100000371700409306700549
:1012E0002300D704930680FA2300D7040F100000D0
:1012F0008346B70493F6F60DA305D704230007042D
:10130000732600809443A18AD18E7390068023A017
:1013100007000F100000937605026380061803474C
:10132000A700118B3DE373270080218B01CB73272E
:10133000008098C398435D9B731007800F100000D6
:1013400037170040930670052300D704930680FAF0
:101350002300D7040F1000008346A70093E6460041
:101360002305D70023000704F32600809843218B30
:10137000558F7310078023A007000F10000013077C
:10138000004B010001007D176DFF73270080218B4A
:1013900001CB7327008098C398435D9B731007802F
:1013A0000F10000037170040930670052300D70484
:1013B000930680FA2300D7040F1000007D892314C0
:1013C000A700010001000100010023000704F3262B
:1013D00000809843218B558F7310078023A007004E
:1013E0000F10000073270080218B01CB7327008032
:1013F00098C398435D9B731007800F100000371748
:101400000040930670052300D704930680FA23005A
:10141000D7040F1000000F100000B726004013067D
:101420001005A383C68023000704F3260080984399
:10143000218B558F7310078023A007000F10000029
:1014400073270080218B01CB7327008098C39843BA
:101450005D9B731007800F10000037170040930644
:1014600070052300D704930680FA2300D7040F10D9
:1014700000008346B70493E60608A305D7042300BB
:101480000704F32600809843218B558F7310078043
:1014900023A007000F100000828093760504638765
:1014A00006140347A700418B3DE373270080218B7F
:1014B00001CB7327008098C398435D9B731007800E
:1014C0000F10000037170040930670052300D70463
:1014D000930680FA2300D7040F1000008346A7006C
:1014E00093E606012305D70023000704F3260080B6
:1014F0009843218B558F7310078023A007000F108E
:1015000000001307007D010001007D176DFF7327A8
:101510000080218B01CB7327008098C398435D9B8B
:10152000731007800F1000003717004093067005F6
:101530002300D704930680FA2300D7040F1000007D
:101540009376F50193E606042314D7000100010009
:101550000100010023000704F32600809843218B3B
:10156000558F7310078023A007000F10000013078A
:101570006004631FE50273270080218B01CB732772
:10158000008098C398435D9B731007800F10000084
:1015900037170040930670052300D704930680FA9E
:1015A0002300D7040F100000B7260040094695BD60
:1015B00073270080218B01CB7327008098C3984349
:1015C0005D9B731007800F100000371700409306D3
:1015D00070052300D704930680FA2300D7040F1068
:1015E0000000B72600401306200525BD73270080A4
:1015F000218B01CB7327008098C398435D9B7310A8
:1016000007800F1000003717004093067005230075
:10161000D704930680FA2300D7040F1000008356E6
:10162000870093E6060C2314D700F5BB41118146D1
:1016300001468145114506C6EF10900673270080CC
:10164000218B9387C19D01CB7327008098C398435A
:101650005D9B731007800F10000037170040930642
:1016600070052300D704930680FA2300D7040F10D7
:1016700000008346670493E616002303D704230083
:101680000704F32600809843218B558F7310078041
:1016900023A007000F100000B24041018280814664
:1016A000014681451145EF10A07F73270080218BF3
:1016B0009387C19D01CB7327008098C398435D9B9E
:1016C000731007800F100000371700409306700555
:1016D0002300D704930680FA2300D7040F100000DC
:1016E000FD562316D70223000704F32600809843F3
:1016F000218B558F7310078023A007000F10000067
:1017000073270080218B01CB7327008098C39843F7
:101710005D9B731007800F10000037170040930681
:1017200070052300D704930680FA2300D7040F1016
:1017300000008346670493E616002303D7042300C2
:101740000704F32600809843218B558F7310078080
:1017500023A007000F10000001A0BD473305F502CC
:1017600001007D1575FD8280411122C426C206C686
:10177000AA84014463179400B24022449244410178
:10178000828005041305803E4204C13F4180DDB7DD
:1017900019CD91CD09CE81473387F50083460700E7
:1017A0003307F50085072300D700E317F6FE828094
:1017B00019C991C909CA910583A7C5FF11057D16ED
:1017C000232EF5FEC5BF828001C919C62A960505DC
:1017D000A30FB5FEE31DA6FE828081473307F50007
:1017E0000307070019E33E8582808507C5BF011105
:1017F0002E8626CAAA84131506019305F00441819A
:1018000022CC06CE32C6EF00F0512A8401C5324602
:10181000A685BD3F2285F2406244D24405618280A4
:10182000854715C18DC105C28147B306F5003387D1
:10183000F50083C60600034707006398E6008507A6
:10184000E315F6FE85473E8582808147EDBF93070D
:10185000F6FFBE952A966313C5008280FD1583C7E7
:1018600015000505A30FF5FEFDB7AA87014581CF39
:1018700009CE3E96850703C7F7FF6317B700E39BC2
:10188000C7FE0545828082800145828079719387F9
:10189000819F22D4804306D626D24AD04ECE52CC47
:1018A00056CA5AC85EC65DCCB7C4C901014B9389FC
:1018B000019F9384F437176A0000130A6A8A976AB3
:1018C0000000938AAA8D1769000013096991835754
:1018D000240085E35C44631B0B0023ACF19E832B47
:1018E000C4002285EF0070505E84B9A82326FB0057
:1018F000FDB783A7090082971C443307F540637640
:10190000F500032749001D8F2A9763E0E4089767D5
:10191000000023AD07888355240003450400971079
:1019200001E0E780C03C5C405844A1CB0C44032656
:101930004900AE97BE8663E4B70063E4C700B38690
:10194000C74014C4228B3A8459F0976700009387EC
:10195000E7849C4B09476370F706F9171767000087
:101960002326F784B250225492540259F249624A13
:10197000D24A424BB24B4561828063150B0023ACC7
:10198000E19EB1BF2326EB0099BF03274A0209CF8E
:1019900063EFA7003385A74083A70A016376F500AC
:1019A0009767000023A4A780228B404471BF0327C0
:1019B0004900BA97C5B79757000023A9077E5DB7BE
:1019C000411122C4175400001304C47F1C4006C6F2
:1019D00026C24AC091C782979757000023A4077E6A
:1019E0009767000083C7D797858B9764000093841F
:1019F000E49695C397670000A384079683C7740095
:101A00001547637AF700052B83C77400F5178A071B
:101A1000A2979C4382971C4491C382971389419E4D
:101A20000327090017560000034656779757000012
:101A300083C7C77693961700BA9683D60600C5CE9D
:101A40009757000083C7877563E1C70C975700005D
:101A5000238607741C40639507129767000083C7AD
:101A6000779091CF83C7740093F7F70F89EB97674F
:101A70000000A389078E971002E0E780A0489387B3
:101A8000019F9C43638E070E97570000938747750D
:101A9000DC4317570000232BF770CD3B975700000E
:101AA0009387076CDC53E9CF175700001307076FC4
:101AB000184B9757000083C7F76B6363F70C83C716
:101AC00074001547636EF70A9767000083C7878D18
:101AD000918BDDE7032609009756000083C6166C3C
:101AE00063C6D70A2244B2409244024941011733E7
:101AF00003E06700632F850793F7F70F9756000001
:101B0000238EF668E3E4C7F225BF86073E97835528
:101B10000700231007002396019E9387C19F9C43D3
:101B2000175500000345856713172500BA979C4396
:101B3000829783D7C19E175700000347276693C734
:101B4000F7FF7D8D93171700032709003E978357F2
:101B500007005D8D2310A7009757000083C7076417
:101B600091C7850717570000230AF762175700002F
:101B70000347C7629757000083C75762E378F7ECC3
:101B8000B2402244924402494101828013971700D7
:101B90003297035707006DF7850799B7AD6737C7C9
:101BA0000040BD072326F7200F10000097570000C4
:101BB0009387C75EC84F83278726BD66BD0693C738
:101BC000F7FF99836A052326D7205D8D8280411116
:101BD000B7170040985F3AC6945F3247E39CE6FE31
:101BE0003245410182801305F00F82800111976711
:101BF00000009387E78222CC03A4070C26CA06CEF6
:101C00002AC42EC6854419E40145F2406244D244F8
:101C1000056182808347910003471400858B63042C
:101C2000F7000044CDB719469305A1001305240021
:101C3000C53EE31895FE0545C9BF138781AB1C431C
:101C40009306001094C301000100010001001C4331
:101C500023A007008346150003482500A20642087A
:101C6000C29603480500C296034835006208C29632
:101C700094D78346550003486500A2064208C296E1
:101C800003484500C296034875006208C296D4D73F
:101C9000834695000348A500A2064208C296034861
:101CA0008500C2960348B5006208C29694DB83465D
:101CB000D5000348E500A2064208C2960348C500C5
:101CC0000345F500C2966205AA96D4DB83C61500CB
:101CD00003C52500A2064205AA9603C50500AA96DB
:101CE00003C535006205AA9694CF83C6550003C587
:101CF0006500A2064205AA9603C54500AA9603C53B
:101D000075006205AA96D4CF83C6950003C5A500C9
:101D1000A2064205AA9603C58500AA9603C5B5008A
:101D20006205AA9694D383C6D50003C5E500A20632
:101D30004205AA9603C5C50083C5F500AA96E2052B
:101D4000AE96D4D3D443F59AD4C3D44393E61600C5
:101D5000D4C3944393E6160094C3BA879443D842FD
:101D6000058B59E3984E01452300E6009843184F30
:101D70002183A300E6009843184F41832301E60026
:101D80009843184F6183A301E6009C43D84F230278
:101D9000E600D84F2183A302E600D84F41832303F6
:101DA000E600D84F6183A303E60098532304E600BE
:101DB00098532183A304E600985341832305E6004A
:101DC00098536183A305E600D8532306E600D85351
:101DD0002183A306E600D85341832307E600DC53A2
:101DE000E183A307F600828001008DBF1387C1AB9A
:101DF0001443411122C49C5E4AC006C6998326C280
:101E0000858B3A84138981ABD1C79C5E97540000BF
:101E10009384C45493F7F7F99CDE175700000347E7
:101E2000475493070008631BF700832709009C436E
:101E300093F70704175700002305F75283C70400E0
:101E400093F707048DC39387019F9C43829797570D
:101E5000000023ADA75083C7040093F7F70B175773
:101E60000000230DF74E83C7440093F707049DE35A
:101E7000854717570000A305F74E938781AC9C4315
:101E8000096798C7130700FC97560000238AE64CA1
:101E9000D844F8D31C40985F1183058B09CB985F19
:101EA0003D9B98DF054797560000238BE64A985FD5
:101EB0001D83058B11CB985F1377F7F798DF854764
:101EC00017570000230EF74883270900D8430583DE
:101ED000058B19C7D843759BD8C3D843799BD8C302
:101EE000B24022449244024941018280397106DEA7
:101EF00016DC1ADA1ED82AD62ED432D236D03ACEF2
:101F00003ECC42CA46C872C676C47AC27EC0F93D8B
:101F1000F250E2525253C2533255A25512568256D3
:101F20007247E2475248C248324EA24E124F824F89
:101F3000216173002030938781AC94439757000050
:101F40009387C74103C70700058B11CB9757000044
:101F50002388074097570000A3840740828003C767
:101F60001700058B65F7F85271FF83C75700DDB77F
:101F70001388C1AB032708001C5F9583858BD1E7CD
:101F800009C61C5BBD832300F60085CA83270800B1
:101F9000985B4607935767016356070093E707C0AE
:101FA000C207C18303970600C207C18709C7BA9752
:101FB0000947B3C7E7022390F60085CD8347150094
:101FC0008DCB9756000083C6C63993F60604138757
:101FD000970089478DCA3A9503470500854699477A
:101FE0001376F7066311D60262076187B947634C1F
:101FF0000700832708009C5FED838D8B1757000037
:10200000A303F73681473E8582808547EDBF4111A6
:1020100022C406C6138481AC18402DE9AE877453E0
:10202000FDFE3E85B28597570000238A0732971040
:1020300002E0E78060C29387C1AB9C43B706800093
:102040009843558F98C3D857719BD8D7975700009E
:10205000A388073097570000A38207301C40094728
:1020600098C31440175700001307472F83472700D2
:10207000858B89EB83473700858BD9C39757000041
:102080002380072EB2402244410182808D47631E87
:10209000F5009387C1AB9C43B70680009843558FEA
:1020A00098C3D857719BD8D76DBF8547E31BF5FA06
:1020B0005447F977FD17F58F5CC70F1000001C40DF
:1020C000096798C7130700F817560000230AE62887
:1020D0001387C1AB1043184231830D8B11E71307EF
:1020E0006019F8D3D4C7B5BF1842094631830D8BA8
:1020F0006315C7001307E043EDB71307E01BD5B71F
:10210000FC52ADF741B75D71A2C4A6C22A84130682
:1021100080022800AE849305100886C6CAC04EDE31
:1021200052DCEFF06FEA3545971002E0E78020EFD0
:102130001383C1AB832703009376F41F138E01AD85
:1021400023A40700984B938E81AC370FFCFF1367D5
:10215000F70398CBF84F130510F8B7020400137774
:1021600007E0558FF8CF9843F576FD16758F98C325
:102170009843B7063300930380251377F7E798C396
:10218000984311497D1F1377F7E71367071098C32A
:1021900003270E008549930F80021C47D58F1CC76B
:1021A00083A70E001307900D3400B8CB0147935559
:1021B0003700A69583C7050013767700B3D7C740CD
:1021C000858BE1C38327030083280E00239C07042B
:1021D0002390070603A8C8021378D8FF23A6080394
:1021E00083A807001378F70793F808F833E8080185
:1021F00023A0070103A847023368580023A207035E
:1022000083A80E00014823A2780603DA07066307B5
:10221000480303A80703038A06001358F80062085E
:102220001358884163580A0103A807031358F8009C
:102230002380060103D807061378F80F03AA48067F
:1022400063060A0003DA8705E37F49FB03A8470218
:102250003378E80123A2070383870600635CF40058
:1022600003C805003396C9001346F6FF337606010E
:102270002380C5003E8663D3A7002A8613158601F6
:10228000618505071377F70F8506E312F7F3B6406C
:10229000264496440649F259625A616182809386C7
:1022A00081AC9C42D8471316170163550602984724
:1022B00013161701635006027D57B8D71757000051
:1022C0001307C7ED584F0507175600002326E6EE03
:1022D000116798C798470D83058B1DCB17570000D2
:1022E0000347E70713671700175600002309E606A0
:1022F000130700F8175600002304E606214798C785
:102300001387C1AB10435856719B1367170058D6FB
:102310009847058B0DC7175700000347370413670D
:10232000170017560000A30BE602054798C713874E
:10233000C1AB10435856719B1367170058D6984786
:102340000983058B09E798470583058B21CF9847BB
:1023500017560000130686001385C1AB0983058B51
:10236000630307101841184331830D8B75EBAC4B99
:10237000184E93F5050203471700CDCD79EF1307EB
:102380007006D8CF034706001367170017560000E2
:102390002306E6FC114798C718415C57F19B93E769
:1023A00017005CD79C4298479316370163D6060204
:1023B0009756000083C6460EC18A175700001307C0
:1023C0002706C5CE03478707136707029756000005
:1023D0002384E60C056798C798479316270163D1B5
:1023E0000602175700000347A7F762076187635784
:1023F00007000547975600002384E6F6096798C74B
:1024000098479316070163D606029756000083C6C5
:10241000B608858A1757000013078700ADCE03471B
:1024200097071367270097560000A387E6062167E2
:1024300098C7828029D785456315B7001307B00672
:1024400089B789456315B7001307F0061DBF8D4591
:102450006315B700130730072DB71307500715B7DB
:102460001307600739BF0347360013671700175675
:102470000000A306E6EE094739BF834687070946F1
:10248000BD8A6388C600034787078D463D8BE313EB
:10249000D7F4114725BF83469707918AC9DA0347C6
:1024A00097071367870041B7397106DE16DC1ADA21
:1024B0001ED82AD62ED432D236D03ACE3ECC42CAFC
:1024C00046C872C676C47AC27EC0D13BF250E25290
:1024D0005253C2533255A255125682567247E247A2
:1024E0005248C248324EA24E124F824F21617300B1
:1024F0002030938781AC98438567938707777CD397
:10250000938701AD9C4383A6070913965600635831
:10251000060083A6070913966600634406007453F9
:10252000FDF2828061C1AA870145DDCD8D07C2071A
:10253000C183F19BC207C18313074003636BF7029A
:102540001387C1B50843138741B514436396A602A8
:10255000175700001307C7C0185B014551C7411149
:10256000C20706C60545DD8D0297B240014541010F
:102570008280138781B5F9B70357650035E30357A8
:102580004500636FF704B306F7402146637CD6022B
:1025900003280500938687001D8FAA96611717569A
:1025A0000000035606C02392E60023A006012393F1
:1025B000060014C12312F500130786FF975600008A
:1025C0002391E6BE2313B5009755000083D565BD62
:1025D000B387F540175700002315F7BC210582800B
:1025E0000841ADB701458280828009CD9387C1B58E
:1025F00003A30700938741B583A8070081469A8704
:1026000063E31701828003A807006369F50A636723
:10261000A80A13878700E367E5FE03D667002167F2
:1026200005076317E60003C701A905072388E1A88A
:1026300097550000938585B603D6470003D76500FC
:102640002393070032974207418317550000231A4E
:10265000E5B463886702138581B508416303F50219
:1026600003D5660019ED83D7460023A00601210794
:102670003E9621062392C600975700002393E7B2A7
:10268000B6879843E30017F9938681B59442E30B2C
:10269000D7F683566700BDF683D64700035647003A
:1026A0001843A106B2962392D70098C383D765003A
:1026B000A107175700002316F7AE8280BE86C28797
:1026C00081B70327851163020712411122C406C690
:1026D0008347C5008345E5042A8493F7C70F230683
:1026E000F500834697000356C70013958601618560
:1026F00063F2C508635B05060345870093F6F6079A
:10270000A304D700054693E627006314C50093E6AB
:1027100017002306D4005C4389075CC3A30AB400F6
:10272000032504112E864C430905EFF06F8683279D
:10273000841103465401D44303D7C700B296118FC6
:10274000D4C32396E7008947A30DF400034764032D
:102750009757000083C7E7A16378F7048347C40055
:1027600093E707012306F40081A093E717002306EF
:10277000F4006DB79376F60F635D0502034587009D
:10278000854513E627006314B50013E617002306FA
:10279000C400A30AD400A30407008547A30DF400D6
:1027A000832784119C43DDF3B2402244014541015B
:1027B000828093E717002306F400A30AD400A30441
:1027C0000700032504114C430905EFE07FFC832734
:1027D000841103465401D44303D7C700B296118F26
:1027E000D4C32396E7008D4755BF05458280938764
:1027F000C1B69C43411122C406C6858B2A84C5EF0D
:102800004165130525F597C002E0E78040C145C545
:102810008347A5002315F50083270412BDE7232075
:10282000A4122322A41285472311F40423200500B7
:102830008347640154412316F5000347D400230461
:10284000E5000547A304E50017570000130707B18B
:10285000184F1385170215811C437D151375F50F4D
:102860009CC25C43DCC21C479CC65C47DCC61C4B5C
:102870009CCA5C4BDCCA1C4F9CCE5C4FDCCE19CD95
:102880009386060213070702C1BF8327441288C339
:10289000835724042322A412850779B79757000091
:1028A00083D787B8850717570000231FF7B6B240B4
:1028B0002244410182808347C40023090400054566
:1028C00093C747002306F400DDB78347850193F7DC
:1028D000E70FC5EF83479501CDEB034625018346FE
:1028E000C50009CA83456503175700000347778869
:1028F00063E7E50013F7060151CB014709C6C18A1A
:102900000357651C81C68356A51C369741C3130720
:10291000C712175500000355258DB335A70237465A
:102920000F00411113060624814622C426C206C6A2
:102930007D543305A70297F002E0E78060B997570E
:10294000000083C77783B384A7009757000093875D
:1029500027AD03A787098327070963F387003E8410
:10296000184375FB9387019F9C438297814763645B
:10297000A400B307A440B2402244B3B7970093C762
:10298000170092443E854101828081473E858280C6
:10299000938781AC98437C53FDFF8280797126D266
:1029A00006D622D44AD04ECE52CC56CA5AC85EC69B
:1029B0008347550303447513AA843E941374F40F9C
:1029C0009307400263F687001304B4FD1374F40FF9
:1029D00003AA841383AAC413A38B8412228652856C
:1029E000D68597F002E0E78020A9058915E503CB9D
:1029F000D41201498149337B6403930B50024A8608
:102A00005285D68597F002E0E78000A7058915C5B5
:102A1000639169031374F90F238B8412B25022540B
:102A200092540259F249624AD24A424BB24B456132
:102A300082808509E20993D989410509E31179FD6D
:102A4000E1BF8327850903560504797193D60701F1
:102A5000BD8EC206C182358E1357764093575640BD
:102A6000898B058B5D8F93573640918B5D8F935784
:102A70001640A18B5D8F93171600C18B5D8F931746
:102A8000360093F707025D8F931756009355860023
:102A900093F707041E065D8F1376F60F518F93D7B9
:102AA000554013D63540118A898BD18F13D6754086
:102AB000D18F13D61540218AD18F13961500418AE4
:102AC000D18F1396350013760602D18F13965500D9
:102AD000137606049E05D18F93F5F50FCD8FA207CF
:102AE00045465D8F3307C70222D42A8426D252CCB2
:102AF00056CA032A8413832AC4135AC806D63697A3
:102B00004207418393577740135557400989858B76
:102B1000C98F135537401189C98F13551740218923
:102B2000C98F131517004189C98F13153700137505
:102B30000502C98F131557009355870013750504B7
:102B40001E07C98F1377F70FD98F13D5354013D7C9
:102B500055401189098B498F13D57540498F13D57D
:102B600015402189498F139515004189498F139587
:102B7000350013750502498F13955500137505042B
:102B80009E05498F93F5F50F4D8F2207D98FB38797
:102B9000C7024AD04ECE5EC662C4B697C207C18392
:102BA00013D7774013D557400989058B498F13D523
:102BB00037401189498F13D517402189498F1395C3
:102BC00017004189498F1395370013750502498F06
:102BD0001395570093D58700137505049E07498FF9
:102BE00093F7F70FD98F13D5354013D75540118977
:102BF000098B498F13D57540498F13D5154021890D
:102C0000498F139515004189498F13953500137528
:102C10000502498F13955500137505049E05498FCC
:102C200093F5F50F4D8F2207D98FB387C70213068F
:102C300050025285D685B697BD8E93940601C18009
:102C400033F6C402137BF60F97F002E0E780C082F0
:102C500005890DED8347D41201498149B384970258
:102C6000130C5002C1804A865285D68597F002E047
:102C7000E78080800589937BF90F11C56386340353
:102C8000850993F9F90F0509E31F89FD230B6413E7
:102C9000B250225492540259F249624AD24A424BEB
:102CA000B24B224C456182805E8BCDB7797122D4C4
:102CB00006D683C735002E8423160100A307F10032
:102CC00083C74500100802C02307F10083C75500E1
:102CD0008A8502C2A306F10002C402C802CA02CC5D
:102CE00002CEEFE09FF50347F10183470400014561
:102CF0006310F7020347E10183471400014563199C
:102D0000F7000345D101834724001D8D13351500BD
:102D1000B250225445618280011197470000938789
:102D2000277022CC03A4870C26CA4AC84EC606CEFA
:102D3000AA8413092500854915C083C714000347D9
:102D40003400858B6304F700405CFDB7194693059A
:102D500044004A85EFE0DFACE31835FF2285F240FE
:102D60006244D2444249B249056182804111974789
:102D700000009387E76A22C403A4870C26C24AC0D6
:102D800006C693042500054901E82285B240224485
:102D90009244024941018280A6851305A402393775
:102DA000E30525FF405CCDB74111974700009387AD
:102DB000276722C403A4870C26C24AC006C6930410
:102DC0002500054901E82285B24022449244024987
:102DD00041018280A6851305A401C93DE30525FFB5
:102DE000405CCDB72303048015472303E480010032
:102DF0002302A480828083076480E3CE07FE23033E
:102E00000480828083076480E3CE07FE034544800C
:102E1000828083076480E3CE07FE2302A480828041
:102E2000411126C44AC24EC006C61377F50BAD4702
:102E3000AA892E8995446306F70019456537653FD1
:102E40008D444E854537FD59FD1463983401B240D9
:102E5000A244124982494101828013550901137528
:102E6000F50F453F2209CDB7011126CC06CEB70498
:102E7000080051371545BD37713769372AC6A53F58
:102E800032459377150089EB136515001375F50F1F
:102E9000F240E24405618280FD14E9FC0145CDBFAA
:102EA000397126DC4ADA4ED852D656D45AD25ED080
:102EB00006DE62CE66CCB7E700E07D5783AA070046
:102EC00022C603AA470023A0E71823A2E718B717D2
:102ED0000040130770052380E704130780FA23805E
:102EE000E70483C74704930B75FFB684E20793FB9F
:102EF000FB0F8546AA892E8B328937240040E18753
:102F0000015763FA76016308D5008946130700026A
:102F10006313D5000157D98F93F7F70FB71C004003
:102F20002382FC0411472303E4801305F00F5D3D69
:102F3000094CD135636D7C11B7050700DA953787E9
:102F40000700795563F2E504B3879500636EF702D5
:102F5000370B0800A94733EB65016399F90689E44B
:102F60008144513D26850DA0DA850945553D050969
:102F70000345F9FFFD14050B693D81C49377FB0FF1
:102F8000FDF7DD3569FD7D55B71700401307700566
:102F90002380E704130780FA2380E70403C747046C
:102FA000418B2382E704F250B7E700E023A05711DA
:102FB00023A24711E25432445259C259325AA25AFA
:102FC000125B825B724CE24C21618280A547639563
:102FD000F90685691309F00FB3069900B3742B0144
:102FE000B6941349F9FFB3749900856B337969017D
:102FF000416B9387F9FFB3F7270199E363FC340131
:1030000093D94900C147E3E637FF99BF0569C16914
:103010007D19D9B71305800D638869011305000276
:103020006384790113051008CA85DD3B353D21DD38
:103030004E99B3843441D9B7DA852D45D533CA9436
:10304000E30099F205097D3BA30FA9FED5BF938745
:10305000F9FF93F7F70F6361FC0C83C71C04130798
:103060003008631FF70437070800636BEB04B307EE
:103070009B00B706100063F5D704334BEB0089477C
:103080006393F9068980D549E38C04ECDA85094518
:10309000413B11090327C9FF91472320E48003071F
:1030A0006480E34E07FE23033481FD17EDFBFD141E
:1030B000110B81C49377FB0FE9FF7D3371F5E1B507
:1030C000B717004003C75704B70708001377070274
:1030D00019E3B78707007955E378FBEA33079B00CC
:1030E000E3FFE7F855B58547E382F9F2DA852D4528
:1030F000053B9389F4FFE38504E6293393F7390010
:1031000091EB832604800327090093074900E39A83
:10311000E6E43E89CE84F1BFB5476396F900130516
:10312000900BC93135BDB1471305B00AE38BF9FEE9
:1031300099476391F904B7050800B365BB002D45B5
:10314000C53181448D4BA14975396396740183273C
:1031500004802320F9008504E39834FF832704804A
:1031600013172B01635507002312F900D5BB232247
:10317000F900FDB39D476399F90281451305B00439
:103180004531BD442320090023220900FD599D3902
:1031900093F77400CA9703C70700FD14398D238085
:1031A000A700E39634FF6DBBA1476392F9046D3924
:1031B0008144630D0B008D479304C0036308FB003B
:1031C0009304000563048B01930440041375C50741
:1031D000E30895D819453931393905452131268516
:1031E0000D3909453D314931E31C05D669BB91478D
:1031F0006399F90013056006F536F53E130590094D
:103200000DB7E38F09D4F154A9BB0000970100204A
:103210009381C1CA175100201301C1DE17E5FFFFDA
:10322000130585DE97D5FF1F9385C5DD17F6FF1FB4
:103230001306C6FD63FAC5008322050023A05500CE
:1032400011059105E3EAC5FE171503001305C5C571
:1032500097F5FF1F938585FB1386018763FAC500E9
:103260008322050023A0550011059105E3EAC5FE60
:1032700013850187973500209385052D6377B50069
:10328000232005001105E36DB5FEFD42739002BCDD
:103290008D4273904280B72200009382828873909F
:1032A000023097D2FF1F9382E2D593E232007390EF
:1032B000523037170040930770052300F704930737
:1032C00080FA2300F7040F1000003C47B70600FA0D
:1032D000E116F58FB70600069506D58F3CC797B265
:1032E00000009382C26173901234730020303D431A
:1032F0002A876373C3029377F700BDEFADE593763A
:1033000006FF3D8ABA960CC34CC30CC74CC7410795
:10331000E36BD7FE11E28280B306C3408A069702B0
:10332000000096966780A6002307B700A306B700A3
:103330002306B700A305B7002305B700A304B70011
:103340002304B700A303B7002303B700A302B70009
:103350002302B700A301B7002301B700A300B70001
:103360002300B700828093F5F50F93968500D58DE5
:1033700093960501D58D61B79396270097020000BB
:1033800096968682E78086FA9680C1171D8F3E96B4
:10339000E374C3F8A5B73367B500FD530D8B79E728
:1033A000B7877F7F9387F7F710419441B372F60098
:1033B0003363F600BE92B3E262006397720C631847
:1033C000D6065041D441B372F6003363F600BE9284
:1033D000B3E262006398720A631BD60410459445F9
:1033E000B372F6003363F600BE92B3E262006391FB
:1033F000720A631ED6025045D445B372F600336399
:10340000F600BE92B3E26200639A72086311D602BC
:1034100010499449B372F6003363F600BE92B3E2EA
:103420006200639372085105D105E30FD6F61317B6
:10343000060193970601631CF7001357060193D703
:1034400006013305F7409375F50F91E982804183BA
:10345000C1833305F7409375F50F91E182801377AF
:10346000F70F93F7F70F3305F74082800346050007
:1034700083C60500050585056313D60065FA330587
:10348000D640828011059105E312D6FE0145828067
:103490002105A105E31CD6FC014582803105B1055B
:1034A000E316D6FC014582804105C105E310D6FC38
:1034B00001458280011122CC06CE3714004026CA75
:1034C0004AC84EC652C483447405034AB4058349AE
:1034D000840503499405EFD0F03B8347A40593F49A
:1034E000F40F137AFA0F93E71700230DF40493F9FE
:1034F000F90F1379F90FB717004003C7A705058B1C
:103500006DFF03D5C705A38D4705238C3705A38C15
:103510002705A38B9704F2406244D2444249B24942
:10352000224A0561828041119397050122C406C693
:10353000C1872E8463DD0700EFE0404919C1EFE049
:10354000C0412165218DB24022444101828093F720
:10355000150013C51500E5FB9397250163D20708F5
:10356000EFE01159B717004083C7E70293F7C70F81
:1035700093E71700F3260080A18A91CAF326008002
:1035800023AED19C83A6C19DDD9A739006800F1057
:103590000000B7160040130670052380C60413060A
:1035A00080FA2380C6040F1000002387F6022380D0
:1035B0000604F326008083A7C19DA18BD58F73904D
:1035C000078023AE019C0F10000003C5018737F66A
:1035D0000200130606E08965EFE0300809659DB733
:1035E000939715010145E3D007F63725030013052E
:1035F000C511EFD0720603C50187130600649165FB
:10360000EFE0B00511653DBFB72503003745030066
:103610001D7149469385450D1305458086CE97D08B
:10362000FF1FE780E01F01E9372503001305850E22
:10363000EFD0920201A0B7F600E0795798CAFD5783
:10364000DCCA0567B7E700E023A0E7101306F00225
:1036500090C223A0E7180F1000001306C003814595
:10366000480897D0FF1FE7802016B74700209387B0
:1036700007623ECA896793870780231CF10093077E
:10368000B00F2312F1029547A301F10285472303EE
:10369000F102A305F102B7170100938747693EDAEB
:1036A000B7F50700B737000035479387474B81468A
:1036B0007000E10519452304E1023EDE97E0FF1F9B
:1036C000E780007E58088147994670003E96034681
:1036D000060085070507A30CC700E398D7FED2476D
:1036E00091C70357810185676373F70001A04808FC
:1036F000EFE0903FAA8501C9372503001305C50FE8
:10370000EFD0426101A0F64025618280411137353A
:10371000000022C41305655206C613840187EFE03A
:1037200030392300A4001928034504002244B24084
:1037300013060032896541016FE02072411106C60F
:10374000F3270080A18B91CBF327008023AEF19C5F
:1037500083A7C19DDD9B739007800F100000B717F2
:103760000040930670052380D704930680FA2380D7
:10377000D7040F10000083C6F70293E67600A387F4
:10378000D70223800704F326008083A7C19DA18B65
:10379000D58F7390078023AE019C0F100000130596
:1037A000407E81470147814605468545EFD010138D
:1037B000B240014541016FE0B067B717004003A573
:1037C000470C21810589828083470500214793C7E3
:1037D000F7FF93F7F70F93968701E186860793F734
:1037E000F70F63C706027D171377F70F6DF70345D1
:1037F00015003D8DA14713178501618706051375D7
:10380000F50F634A0700FD1793F7F70FEDF7828076
:1038100093C71703C9BF13451503F5B785451305AE
:1038200000106FD0F04D8545130500206FD0504D2E
:10383000371700408327C70C8D451305001093E709
:1038400007102326F70C6FD0B04B371700408327A3
:10385000C70C8D451305002093E707202326F70C9E
:103860006FD0104A114517D3FF1F670003EF4111B6
:1038700006C67D3FC53F453FF5374D37B240410154
:10388000D5B7011152C481452A8A414506CE22CCC2
:1038900026CA4AC84EC656C2EFD0503C894501459B
:1038A000EFD0007DEFD0E073931A0501B717004009
:1038B000416593DA0A01238C0704D14901441309B5
:1038C000F5FF8144EFD0807F569542054181AA875C
:1038D00063739500A68793940701C180AA876373D9
:1038E000A900CA87FD19C2091399070193D90901D3
:1038F000135909012A94E39709FC33852401098CA3
:1039000049453355A4026244F240D2444249B24987
:10391000924AD285224A0561420541816F90B002E8
:10392000411106C622C4DD3DFD3D2D3FB7170040C5
:1039300083A7470C93F7072091E70145B240224443
:10394000410182809D3D254419C5DD35213FF53D6E
:10395000113F0545E5B7953509E97D141374F40F5A
:10396000ED350937C935FD3D7DF41137B93571FDA8
:10397000E9B7011122CC26CA4AC806CEAA8421443E
:103980003719004093978401E18763D407047935A0
:10399000D13D513DC13D8327490C93F7072085CF89
:1039A0007D1486041374F40F4D3593F4F40F79F8F5
:1039B000B5354D3D8D3D7D350935133515002AC68C
:1039C00069354D353245F2406244D2444249056181
:1039D0008280B93D75BF0145FDB7238C01862380E8
:1039E0000188238201884111239D018606C6239107
:1039F00001882D350D3DB7570020938707B103C7C8
:103A0000C7B0B240136787002386E7B041018280C8
:103A100003C58187828003C50188828003D5A18781
:103A2000828003D521888280797106D622D426D25D
:103A30004AD04ECE52CC1387418883460700638E0E
:103A4000061683A6818883A74198958FA54663FBB8
:103A5000F61A2300070003A7C19723AEE186C935F4
:103A6000630C050E13059008293781446305050E84
:103A7000154A994965332149014406041374F40F2A
:103A80005D33CD331D3B19C1136414007D191379C7
:103A9000F90F653BC13BE31209FE638C440F493BC0
:103AA0005933C9335D337D3B953B3C00A69723805A
:103AB00087008504E39034FD5D3B28003133834764
:103AC000A100639BA7081305B100FD398347D1000E
:103AD0006394A70803478100834791008345C10091
:103AE00022075D8F9307606D3307F702A167138686
:103AF000F7FFC1679386F7FF8347B100A207CD8F19
:103B00009305204EB387B70232973347D702B29757
:103B1000B3C7D7021307E7E342079306803E418706
:103B2000938747FC63D4F6009307803E63D3070076
:103B30008147239DF186B7570020938707B18546BB
:103B40002398E7AE238CD1869D462380D18803C776
:103B5000C7B05D9B85A0213B9387218803D70700D1
:103B6000C166FD166305D70005072390E70028000E
:103B7000093B15C103578100B7570020938707B150
:103B800085462398E7AE238CD186239D0186E546A2
:103B90006DBF693131B7238C01864147239D018672
:103BA0002380E188B7570020938707B103C7C7B0C8
:103BB000136787002386E7B0B1A09384418803A7E9
:103BC000C1871384C18709CB83A7C19763E6E70048
:103BD000998F25476378F702A1330DCD130580082F
:103BE000493B014911C51305D00F61333339A0009A
:103BF000BD396301090285472380F40003A741987A
:103C000023A4E188B250225492540259F249624AE4
:103C10004561828083A7C1971CC03DBFB786B8EDC0
:103C200001479386063293170701C18363E3C700F8
:103C30008280B387E50083C707003D8DA1471358F5
:103C40001500058911C13685FD1793F7F70F334528
:103C5000A800F5F70507C1BF411122C4AA852A842F
:103C600031467D5506C65D3F930504011306C00A23
:103C70007537B24022441345F5FF4101828001119E
:103C80002306A1006C0011467D5506CEA306010057
:103C90002317010061370566B74500201306A6A06B
:103CA000938595B3A53FF2401345F5FF05618280EA
:103CB000411122C4AA852A8431467D5506C6B93FE2
:103CC0009305040113064009913FB2402244134575
:103CD000F5FF41018280411122C4AA852A8413067E
:103CE0004009138541B806C6EFC0D27203471400DD
:103CF000B7570020938707B12384E7B00347240018
:103D0000A384E7B0034734002385E7B003474400AA
:103D1000A385E7B0B2402244410182808357050069
:103D2000411122C43744002006C6130704B12311F1
:103D3000F700834725001306000A9305C5002312E8
:103D4000F700834635008567BA97A382D7B08356BC
:103D50004500130404B12393D7B083466500238242
:103D6000D7B08346750014D3835685002313D7023A
:103D70008346A500138547A32302D702EFC09269AB
:103D8000014729469307370A9207A29783C647003F
:103D90000507BD9A2382D700E316C7FEB24022442E
:103DA0004101828041111306C00A814506C622C422
:103DB0002A84EFF0CFD3B7470020938707B103D70A
:103DC00027008565BE952310E40003D7470013063E
:103DD000000A938545A32301E40003C7150D1305CD
:103DE000C400A301E40003D7250D2312E40003C798
:103DF000050D2303E4009853A303E40003D76702EF
:103E00002314E40083C747022305F400EFC0926047
:103E1000814729461397470022978346C7008507A5
:103E2000BD9A2306D700E397C7FEB2402244410162
:103E30008280411122C406C6328426C20146B3875D
:103E4000C6008387070093140601C180B1E70357BA
:103E50000400014893071700C207C183B388970085
:103E6000C20893D8080163E315032310F4002A97CE
:103E70002300C70083570400B6853E95EFC09259D2
:103E8000835704000548BE9423109400B240224496
:103E90009244428541018280050693170601C18341
:103EA000E3EFE7F80148DDB703580600636BB8009D
:103EB000014582800145B2402244924402494101B9
:103EC0008280930718004111C20726C206C622C489
:103ED0004AC0C1832310F6002A98034908009314AE
:103EE0000901C180E3F8E4FC33879700420741836E
:103EF000E3E2E5FC3284B305F5004A863685EFC07F
:103F00007251B3062501238006008357040005453E
:103F1000BE942310940045B71971A2DCD6D2DAD032
:103F200086DEA6DACAD8CED6D2D4DECEE2CCE6CAB7
:103F3000EAC8AA8A2E84328B23A0050023A205009A
:103F400023A40500B146AA8550002D4597E0FF1F28
:103F5000E78000F515C563110B020145F650665464
:103F6000D6544659B659265A965A065BF64B664CB5
:103F7000D64C464D0961828085472300FB00F1BF86
:103F80001247FD576316F70085472305F400F1B784
:103F9000B757523293873795E311F7FC0347C100B7
:103FA000A947E3ECE7FAAA8431464C007D55056A3F
:103FB000B531AA89130CAAA0930C0004138DCA0072
:103FC000930B9AA0B3079C403E89C207C18363F458
:103FD000FC0013090004420913590901CA8610089C
:103FE000B3059D002D4597E0FF1FE78060EB25F5A9
:103FF0004E854A860C081D31CA94AA89E3F49BFCBD
:1040000093056AA191460A86D6952D4597E0FF1F34
:10401000E78000E929F1824793C9F9FFE39F37F36D
:104020005CC08347C100224705452304F40085474F
:1040300018C0A304F4001DB70DCD1387F5FF137747
:10404000F70FB946814763E4E60201479306E005AE
:10405000B307E50083C70700811793F7F70F63EAFB
:10406000F60005079377F70FE3E4B7FE85473E8533
:1040700082808147EDBF1441B7474332938737159C
:10408000639CF60203564500411122C406C68D46C4
:104090002A848147631DD6000356A5009306C00AF3
:1040A0006317D600553E5C44898F93B71700B24022
:1040B00022443E854101828081473E858280AA95C7
:1040C0008387F5FF9DEF01471306E0059305200266
:1040D0001308C005B307E5008387070099E305458A
:1040E000828093F7F70F938607FE93F6F60F636AC5
:1040F000D6006388B700638607010507420741833E
:10410000D1BF01458280797106D622D426D24AD009
:104110004ECE52CC56CA5AC883C79500F1C73289D1
:10412000AE842A84AA85B14650002D4597E0FF1F32
:10413000E78000D75DE5056A374B00209306AAA00B
:1041400013069BB39305C4002D4597E0FF1FE7803E
:1041500020D541E993056AA191460A86A2952D458D
:1041600097E0FF1FE780C0D32DED1247B7575232BB
:10417000938737950149631BF7048349C100A94719
:1041800063E63705A24A9C406392FA048247C44022
:10419000639EF40231464C007D55EFF03FA81306B4
:1041A000AAA093059BB3EFF07FA71345F5FF631F0C
:1041B0009500B74700204E85238C37B3C93423A21E
:1041C000A18A23A4518B23A6818A0549B250225487
:1041D0004A8592540259F249624AD24A424B456199
:1041E000828085472300F9000149CDB7411122C4DF
:1041F000138441B81306000981451305440006C61F
:10420000EFF0EF8EB717040A938717901CC09547FD
:104210002302F4008547A303F400B7073C0093870B
:10422000B7751CC4B70778009387C7035CC4130530
:1042300044072244B240B72503001D469385051963
:1042400041016FC0321D41112E86AA857D5506C6DB
:10425000EFF0DF9CB2401345F5FF41018280184129
:104260004111B757463226C206C622C44AC09387B8
:1042700047048144631AF702034745008547814498
:104280006314F702034955002A843105CA856D334A
:1042900001CD22998307C90081EBF145228565375D
:1042A000444C898C93B41400B240224426850249C0
:1042B000924441018280144137575434130727E553
:1042C000639AE604411122C406C6034645028546A8
:1042D0002A84014763EBC60203465502914663E612
:1042E000C602834665023D46C11693F6F60F636E1D
:1042F000D600034675028D4663E9C6009305800229
:1043000099371854098F13371700B24022443A8561
:104310004101828001473A858280372500201307BA
:104320008520B72503002313070023140700231556
:10433000070023160700231707001D46938545181D
:10434000130585206FC0120D372500201305852029
:104350008280797106D622D426D24AD07D3F1306B8
:1043600000029305F00F0A85EFE07FF88965930658
:1043700000020A86938505202D4597E0FF1FE78000
:1043800020B221ED2A890A85D93DAA84014419C9A0
:104390003725002041466C0013058520EFC09207A9
:1043A00022498544130600029305F00F0A85EFE0C9
:1043B0001FF48965930600020A86938505302D4512
:1043C00097E0FF1FE780C0AD09CD19442285B250A8
:1043D0002254925402594561828005448144014926
:1043E000D1B70A85AD3D0DC191C4A247338927419C
:1043F000635A20013725002041466C0013058520B3
:10440000EFC0520161D4D1B769F0E9F021447DBF1A
:1044100039714ED656D206DE22DC26DA4AD852D47C
:104420005AD0AA8AAE890939854715C513060002F4
:104430009305F00F0A85EFE09FEB096493060002F5
:104440000A86930504202D4597E0FF1FE78040A5CD
:104450002A8909CD9947F2506254D2544259B2592F
:10446000225A925A025B3E85216182800A85C53BB1
:104470002A8A130B043009C52249054A130B04206C
:10448000130600029305F00F0A85EFE05FE609646A
:10449000930600020A86930504302D4597E0FF1F1E
:1044A000E78000A045F90A855D3B11C9A2441304C9
:1044B0000420630C0A00B38724416348F000896735
:1044C00013840720CA8463018B0C69468145130558
:1044D0006100EFE0DFE1B7574632938747044E862D
:1044E0003EC0D6858547850468002302F100A302FB
:1044F000310126C4EFC00272F1450A85A9332ACEE4
:10450000930600100146A285254597E0FF1FE7802E
:10451000209929F1930600020A86A285294597E091
:10452000FF1FE780E0971DF5130600029305F00FCB
:104530000A85EFE0DFDB930600020A86A2852D459F
:1045400097E0FF1FE780C095E31605F00A85013B61
:10455000A147E30205F02247E39FE4EE0347510041
:10456000E31B37EF4E86D6856800EFC04268A1474F
:10457000E31305EE3725002041466C001305852026
:10458000EFC042698147C1BD138407303DBFB747C3
:104590000020938607B103D62600938707B105450F
:1045A00029C683D54600130700026360B704056778
:1045B0003697834557B0894663E9B602034847B04A
:1045C000636505036397D500035767B019CF630E82
:1045D000E60098530545636AE50003C547021305E5
:1045E000E5FA1375F50F1335D50A8280411126C2FD
:1045F0004AC0856437490020138604B1130509B108
:10460000814522C406C6EFE09FCEB75701BB938712
:10461000B72A130409B12328F9B095472312F400EF
:104620000547B38784002382E7B07D572302E40265
:1046300037070A051307974023A4E7B011472386DD
:10464000E7B0E546054723A6E7AE239CD7AE18C4DE
:10465000B240224423AA018823AC918802499244A3
:10466000410182805171CECF9389018903A709004E
:1046700086D7A2D5A6D3CAD1D2CDD6CBDAC9DEC7CA
:1046800099476301F708938A418903A90A001544F1
:10469000631DA90CED3D2A846317050E1306C00B9C
:1046A00081454800EFE0BFC44808EFF0AFEFB747DF
:1046B0004332938737153EC28D472314F100050915
:1046C000C167138BF7FF935709012316F1004800C8
:1046D0009307C00A138A8189231521012317F1004A
:1046E000EFF08FD783240A00AA8B2AC893B4140052
:1046F000B20485660146A685254597D0FF1FE78051
:10470000207A19C1194495A09306C00B5000A685C4
:10471000294597D0FF1FE780A0786DF59306C00B61
:104720005000A6852D4597D0FF1FE780607731E9BF
:104730004800EFF05F9431C5B2470357A100B3F7CB
:104740006701C207D98F631EF902C247639BFB0250
:104750009305C00A480823A02A0123209A00EFF0FD
:104760009FAE23A6A18823A009002285BE502E5407
:104770009E540E59FE496E4ADE4A4E4BBE4B6D6149
:1047800082802144DDB70544CDB71571A2CDA6CBFB
:104790001306C00B9305F00F480086CFCEC723A8A1
:1047A0000188A38D018ACAC9D2C5D6C3EFE03FB440
:1047B0009306C00B500081452D4597D0FF1FE78021
:1047C000206EAA89938401891384B18B6316051026
:1047D0004800EFF05F8A81479306F00F1307C00B84
:1047E00050003E96034606006316D60E8507E399F1
:1047F000E7FE054A014915C54808EFF02FD2835757
:10480000C1000357A1009305C00AC207D98F23AA8C
:10481000F188480823AC0188EFF0FFA223A6A18805
:1048200005491306C00B9305F00F4800EFE03FACBD
:104830009306C00B500085652D4597D0FF1FE7807C
:104840002066AA8A49ED4800EFF0FF823335A000C8
:1048500081479306F00F1307C00B50003E960346A6
:104860000600631FD6068507E399E7FE8547B3E98F
:10487000590155C5138A4189630D09008357C10049
:104880000357A100C207D98F03270A00998F6353EA
:10489000F00C4808EFF08FC88357C1000357A10000
:1048A0009305C00AC207D98F2320FA00056748087C
:1048B00023ACE188EFF03F9923A6A188638C09021D
:1048C00099479CC08347040093E727002300F40026
:1048D0000149BDA0014A39BF0149014A99B70145C3
:1048E000814771B763060A0081C785479CC0A1A0B4
:1048F0009547EDBF6305090623A00400D1BF91478A
:104900009CC083470400AA853725030093E727004E
:10491000130545152300F400EFC0C23F55BF631EC9
:104920000902E38109FC99479CC08347040093E78F
:1049300027002300F4005D391949639309002149D8
:10494000FE406E444A85DE444E49BE492E4A9E4A88
:104950002D618280E38209FAA5B7E39309F6938972
:10496000418903A50900FD392A8951F989479CC06D
:104970008347040083A509003725030093E7170048
:10498000130505122300F400EFC0C23855BF317182
:10499000480006DF22DDEFF0EFC09305C00A4800B3
:1049A000EFF07F8A83A7C1886318F50203A7018906
:1049B00091476307F7000145FA506A5429618280E4
:1049C000138441890840793965F9184085470545C0
:1049D000E313F7FE4139CDB703A54189E5BF03A530
:1049E0004189828003A501898280411106C622C4C3
:1049F00026C22A84EFF09FBF8547014523A8F1888E
:104A000095319384018909E503A54189A13915C12F
:104A100091479CC09387B18B03C707002A84136713
:104A200027002380E7002285B240224492444101BE
:104A300082808D4711E09D479CC075D49387B18BD0
:104A400003C707000144136717002380E700E1BF95
:104A5000317152D523AA018A2389018A238D018AC3
:104A60009386418B1387218B9387A18B4AD94ED78D
:104A700056D362CD66CB6AC96EC7239C018A06DF16
:104A800022DD26DB5AD15ECF814D014C014D814C98
:104A9000814A02C601498149138A818B36C83ACAC4
:104AA0003ECC1306C0029305F00F2810EFE03F84C0
:104AB0009305C002B385BA028D6793940A019306E9
:104AC000C00230102D45C180BE9597D0FF1FE780F2
:104AD000203D19C9850423109A000549850A9307CA
:104AE0000004E390FAFC39A0A2577D57639BE70CC2
:104AF00023109A001306C0029305F00F2810EFE070
:104B00000FFF99659306C0023010938505E02D458F
:104B100097D0FF1FE780C038631B050E2257FD5753
:104B20006308F70E2810EFF00FF9630E05125247D5
:104B30008547B2542300F70063860900B3876441B8
:104B40006353F0021306C0022C10C808EFC0820C99
:104B50006254A64B034CC104834DD104034DE104C0
:104B6000834CF104268BB7440020938704B18569F8
:104B7000BE996146EC08138549ADA2D2EFC0820907
:104B8000B75700204167938404B1938707B16364EA
:104B9000E4001304F7FF239089B023AA740123A62D
:104BA00087AF23AAB7AF239CA7AF23AE97AF63030A
:104BB0000C00814BC24723A87401854923A06701DB
:104BC00091A82810EFF02FEF21C1B257638609009A
:104BD000338767416356E0021306C0022C10C808F1
:104BE0003ECEEFC02203F2476254A64B034CC104F1
:104BF000834DD104034DE104834CF1043E8B854980
:104C0000850423109A00D9BD85473EC6D5BF054906
:104C1000E39B09F4B24789CB9387B18B03C70700A5
:104C2000136717002380E700630209046247854782
:104C300019492300F7009387B18B03C70700136757
:104C400027002380E700FA506A544A85DA544A590B
:104C5000BA592A5A9A5A0A5BFA4B6A4CDA4C4A4DAC
:104C6000BA4D2961828085473EC65DB7E39D09FC48
:104C70002149D1BF1971A6DA83C4A18B86DEA2DCDB
:104C8000CAD8CED6D2D499C89944F650665426854F
:104C90004659D654B659265A09618280B7575434BA
:104CA000938727E53EC43749002083A7418B13092A
:104CB00009B105644A948507930544AD6146080827
:104CC0003EC602D8EFB012758327490193058002D2
:104CD00028003ED48327C4AE130AF0039389418B86
:104CE0002306F102832744AFA306F102835784AF62
:104CF0002307F1028327C4AFA307F102EFF0AFD47B
:104D000083D7818B2AD81384818B6374FA0819693D
:104D1000930600100146930509E0254597D0FF1F33
:104D2000E780001819C1A1448DB79306C002300076
:104D3000930509E0294597D0FF1FE780601665F5C8
:104D40009306C0025018930509E02D4597D0FF1F28
:104D5000E780001569F91306C0024C182800EFB06F
:104D6000126971F14818EFF00FD555DD0547238919
:104D7000E18A83570400637EFA00856601468D65EB
:104D8000254597D0FF1FE780A011E31F05EE2310F4
:104D90000400035904009307C0029306C0023309BC
:104DA000F9028D67300029453E99CA8597D0FF1FCB
:104DB000E780000F8357040085072310F400E315F4
:104DC00005EC9306C0025018CA852D4597D0FF1FE9
:104DD000E780000D29F91306C0024C182800EFB037
:104DE000126131F15257B7575434938727E5E31CCA
:104DF000F7F27644930580024818EFF0CFC4E3142D
:104E0000A4F2B2471384218B23A0F9008347040046
:104E1000E38D07E69965930600100146938505E04A
:104E2000254597D0FF1FE780A007E31005E6230084
:104E30000400A1BD5D71A2C403C4018B86C6A6C2D5
:104E4000CAC04EDE52DC56DA5AD85ED611CC1944AE
:104E50002285B640264496440649F259625AD25AEF
:104E6000425BB25B61618280B747002083C487B335
:104E7000A94763EA970E2685EFE07FE083A7418A82
:104E8000AA8A1389418AE385A7FCB75752329387D0
:104E900037953EC483A7818A02C8314685072C0016
:104EA0007D553EC623089100EFE05FD70566374A7F
:104EB00000201306A6A093059AB32AC2EFE01FD6DE
:104EC00083A6C18A1345F5FF2AC21167938B818A95
:104ED000138BC18A99646383E600916485660146F9
:104EE000A685254597D0FF1FE78080FB2DF1B146B1
:104EF0003000A685294597D0FF1FE78060FA21F989
:104F000085699386A9A013069AB39385C4002945A1
:104F100097D0FF1FE780C0F81DF9938569A19146DE
:104F20005000A695294597D0FF1FE78060F705F14F
:104F300001464C082685EFE03FFE05C93247D247BF
:104F40006395E702E24612476391E6028346C10198
:104F500003470101639BE6002320590123A0FB00C6
:104F600023209B00F5B50544E5B52144D5B539713D
:104F7000130671002C00116506DE26DA4AD84ED6DB
:104F800022DCA3030100EFE03FF92A891306710038
:104F90004C081965EFE05FF82388018AAA89938499
:104FA000018B4DC163070900D2472247998F635D8A
:104FB000F008130671004C081965EFF0CF940DC18D
:104FC0000344710045C085472380F4009387B18B6B
:104FD00003C707001944136727002380E70075A063
:104FE00063090900130671002C001165EFF0AF9101
:104FF00061F9056637450020B74700201306A6A0D3
:105000008145130595B3238C07B2EFE04FAE23A281
:10501000018A23A4018A196723A6E18A83477100C4
:10502000DDF38347210189C78347E1012144B1EFC3
:105030009387B18B03C707002144136717002380B0
:10504000E700A1A0E30709FA130671002C0011651F
:10505000EFF06F8B35F5E38E09F8130671004C08FD
:10506000196569B7630339039384418A03A904006E
:10507000934719009CC07D3B9387B18B19ED03C703
:105080000700136717002380E7002285F25062545F
:10509000D2544259B2592161828003C7070023A02C
:1050A000240113672700C5B72DC5B725030041119B
:1050B0000D469385C51822C406C62A84EFB0323344
:1050C000814739E10307F40021E38D471D46A545DB
:1050D0006545BD46639CC700034774001307F7FB93
:1050E0001377F70F637EE500814739A83307F40093
:1050F00003470700130707FD1377F70FE3E6E5FE05
:105100008507E399D7FC8547B24022443E8541019B
:10511000828081473E8582806D151375F50F9D470E
:1051200063E9A7026D161376F60F054563E4C7021F
:10513000A94763E1B702B315B50093F5F57799C9AF
:1051400063EAD7003315D5001375F57713351500CD
:10515000828005458280011106CE22CC26CA4AC82B
:105160004EC663070514034905000544630B091087
:105170009377C90F639707108346450003463500B0
:1051800083452500AA840345150079372A846311D5
:10519000051203C75400854763ECE71003C764009A
:1051A00063E8E71003C7740063E4E71083C7940063
:1051B00003C78400A207D98F638C070E83C7B4008E
:1051C00003C7A400A207D98FC517C2070567C1830B
:1051D000930617E063EEF60C83C7D40083C6C400C1
:1051E000130767E0A207D58FD917C207C183636190
:1051F000F70C83C7F40003C7E400A207D98F89170F
:10520000C207C1831307A0236364F70A9305000351
:1052100013850401EFE0BFEA41CDD14513850404B5
:10522000EFE0FFE951C593894405930500024E85DF
:10523000EFE0FFE835CD93864407814793050002F0
:1052400005451308C0059308B0023387F40003072F
:1052500047071396070141820DEF39CA03864407B9
:105260001307F0026306E604B6978387F7FF6381AE
:10527000E70413792900630609004E853535133498
:1052800015002285F2406244D2444249B249056188
:10529000828063DFE5001306E7FD1376F60F63797E
:1052A000C50063070701630517018507E39FB7F88A
:1052B0000544C1BF1441411137574D3226C206C6BD
:1052C00022C4130737F48144639FE60283464500F6
:1052D0000D472A8481446398E602834655001307EC
:1052E000100A6392E6028356A50013074009639CE7
:1052F000E600EFE0FF9B5C446397A7001305040101
:10530000993D93341500B2402244268592444101D0
:1053100082801571D6C386CFA2CDA6CBCAC9CEC70F
:10532000D2C5DAC15EDFAA8A3D3583C7118BC9EBCE
:10533000AA846313050E13064009938541B8568568
:10534000EFB0F20A03A4C1899389C18911E169E42C
:1053500083A7018A0967138A018A13890710638367
:10536000E7000969B7574D32938737F43EC6E977AE
:105370009387371005042318F100C167138BF7FFDB
:105380009357040113064009D685231AF1006808D3
:1053900093074009231BF10002CC23198100EFB0D1
:1053A00072076800EFE0DF90AA8B2ACC930600100A
:1053B0000146CA85254597D0FF1FE78060AE19C119
:1053C000994499A89306400A7000CA85294597D048
:1053D000FF1FE780E0AC6DF59306400A7000CA85B8
:1053E0002D4597D0FF1FE780A0AB79F96800D9352C
:1053F0001DC1034711019307100A631EF700D2472E
:1054000003572101B3F76701C207D98F6315F40071
:10541000E247638FFB00A144FE406E4426854E495F
:10542000DE44BE492E4A9E4A0E4BFA5B2D618280B5
:1054300083A70900568523202A01850723A0F900A8
:10544000EFE07F89D1BF1571DAC11306400A9305D9
:10545000F00F680086CFA388018AA2CDA6CBCAC967
:10546000CEC7D2C5D6C35EDF62DDEFD05FE893065C
:10547000400A700089652D4597D0FF1FE78040A244
:10548000138B118B6315052E31466C000A85EFB026
:10549000627868000535014419C5034411011304FD
:1054A000F4F51334140081479306F00F1307400AF4
:1054B00070003E9603460600631FD60C8507E399ED
:1054C000E7FE854A014905C0835741010357210181
:1054D0006808C207D98F23AEF188096723A0E18A43
:1054E0000549EFE04FFF1306400A9305F00F6800EF
:1054F000EFD0FFDF89659306400A700093850510A1
:105500002D4597D0FF1FE780A099631205266800FC
:105510005533814419C5834411019384F4F593B440
:10552000140013F6F40F81479306F00F1307400A97
:105530006C00BE9583C505006391D5068507E39988
:10554000E7FE054A9375F40FF1C8835741010357ED
:105550002101C207D98F1387C1896307090014434A
:10556000B386D740635ED00A1CC389679387071050
:10557000680823A0F18AEFE00FF615C00145FE4050
:105580006E44DE444E49BE492E4A9E4A0E4BFA5B9B
:105590006A5C2D618280814A35B7014A65B7096925
:1055A000B7574D329389C189938737F403A7090010
:1055B0003EC6E977938737102318F1000507C167C6
:1055C00013064009938541B82319E100938BF7FF37
:1055D0004183930740096808231AE100231BF10067
:1055E00002CCEFB022636800EFE08FEC2A8C2ACC6B
:1055F000930600100146CA85254597D0FF1FE78016
:10560000208A0DC985472300FB009387B18B03C710
:105610000700136727002380E7008DB7630F090693
:10562000E38EC5F403A9018A8967E31AF9F6130921
:105630000910BDB79306400A7000CA85294597D066
:10564000FF1FE780E0855DFD9306400A7000CA8574
:105650002D4597D0FF1FE780A0844DF56800EFF03F
:105660007FC54DD1E247E31FFCF8D2470357210124
:10567000B3F77701C207D98F23A0F90023A0218BAC
:1056800019C0E31D0AEE99C0E39A0AEE9387B18B25
:1056900003C7070013671700BDBFEFE03FB523AE98
:1056A000018889679387071023A0F18A0247B757BB
:1056B00050329387C7246319F708A244A1450A858D
:1056C000EFE07FB86392A40883444100034B51008C
:1056D0008349610003497100DA854E86CA862685B2
:1056E000EFF09FA335E1938741B8A3809700238112
:1056F0006701A38137012382270129476395E402CB
:1057000011476312EB022147639FE900631D990073
:105710002547A380E7000567130747A02391E7000B
:1057200015472382E700138541B8EFE0CFDA93876E
:10573000B18B03C70700138541B813671700238097
:10574000E700EFF01FBD25BD138541B8EFE0AFD8EE
:1057500063850A002145E3140AE29387B18B03C7EE
:1057600007002145136717002380E70009BDEFE01C
:10577000FFA7EFE09FBA138541B8EFE0CFD523AE86
:10578000018889679387071023A0F18A8547230042
:10579000FB009387B18B03C70700194513672700E8
:1057A0002380E700E9BB138541B8828003A5C18946
:1057B000828003C541B80589828003C541B805814F
:1057C000058982807971D54706D622D426D24AD05F
:1057D0004ECE2317F10009E90545B25022549254E8
:1057E0000259F2494561828065DAD147AE84E3F51A
:1057F000B7FE8D472300F500938941B883C70900A0
:10580000328993860901A300F50083C719001306A6
:10581000E1002A842301F50083C72900A301F500D4
:1058200083C739002302F50083C74900A302F500AE
:1058300083C759002303F50083C76900A303F5005C
:1058400083C779002304F50083D78900A304F500FA
:1058500083D78900A1832305F50083D7A900A30579
:10586000F50083D7A900A1832306F50083D7C900DB
:10587000A306F50083D7C900A1832307F50083D7CA
:10588000E900A307F50083D7E900A1832308F50009
:1058900083A7C18913D78700A308F5002309E50072
:1058A00013D70701E183A309E500230AF5001307D5
:1058B0000003EFE00FD80DD151479386090413067A
:1058C000E100A6852285EFE0CFD6E30705F01307B8
:1058D0000002938649051306E100A6852285EFE0C4
:1058E0004FD5E30B05EE1307000293864907130615
:1058F000E100A6852285EFE0CFD3E30F05EC8357C7
:10590000E10001452310F900C9BD0111D54706CEBC
:1059100022CC26CA4AC82317F10001E90545F24006
:105920006244D2444249056182806DDAD147E3F78F
:10593000B7FE034705008D47E312F7FEB2842E89B8
:105940002A8413064009938541B82685EFB0822C3E
:105950008347140015452380F40083472400A38067
:10596000F400834734002381F40083474400A3817B
:10597000F400834754002382F40083476400A38229
:10598000F400834774002383F40083478400A383D7
:10599000F4008347A40003479400A207D98F23840F
:1059A000F400A183A384F4008347C4000347B40038
:1059B000A207D98F2385F400A183A385F400834730
:1059C000E4000347D400A207D98F2386F400A18303
:1059D000A386F400834704010347F400A207D98F8C
:1059E0002387F400A183A387F400834714010347AE
:1059F000240122075D8F83473401C2075D8F8347EF
:105A00004401E207D98F03A7C189E31AF7F013070E
:105A10000003938604011306E100CA852285EFE0A6
:105A2000AFC8E30D05EE5147938604041306E10069
:105A3000CA852285EFE04FC7E30205EE1307000297
:105A4000938644051306E100CA852285EFE0CFC5A1
:105A5000E30605EC13070002938644071306E100F2
:105A6000CA852285EFE04FC4E30A05EA8357E100C7
:105A7000E39627EB2685EFF00FEE55B56FF0BF9C50
:105A8000317122DD26DB4AD94ED706DFAA892E895D
:105A9000B2843684EFF04FE883C7118B9DEB1DE194
:105AA00013064009938541B86800EFB0A21668005C
:105AB000A306310123072101A307910023088100D8
:105AC000EFF03F85FA506A54DA544A59BA592961BD
:105AD00082801945C5BF01114AC8138541B8130515
:105AE000450522CC06CE26CA02C002C202C402C6A6
:105AF000EFF08FDB138481BD11C54146A2850A8575
:105B0000EFB04211856601468965254597C0FF1FA4
:105B1000E78000396318050E856601468D652545C9
:105B200097C0FF1FE780C037631E050C996493067A
:105B300000100146938504E0254597C0FF1FE780CC
:105B400020366311050C856601469165254597C091
:105B5000FF1FE780E0345DE58566014699652545D0
:105B600097C0FF1FE780C03351ED85660146814530
:105B7000254597C0FF1FE780A03249E585660146AD
:105B80008565254597C0FF1FE780803125ED23AA55
:105B9000018A239C018A2389018A238D018A23A2F9
:105BA000018A23A4018A23A6918A2388018AA388D3
:105BB000018A23AE018889679387071023A0F18AA1
:105BC000EFE0CFE241468A852285EFB0A20413853B
:105BD00041B8A38D018AEFF0CFF30DE53724002003
:105BE00013058420EFB0A2299375F50F13058420C7
:105BF000EFE01F8201E96244F240D244424905616C
:105C00006FE0BFDEF2406244D2444249194505616B
:105C1000828003C5B18B8280C16705668146FD170E
:105C2000130616021397060141836364B7003E858D
:105C300082803307D500034707002207B98F214729
:105C4000139807018607C20713580841C18363539D
:105C50000800B18F7D171377F70F7DF38506D9B74D
:105C6000854755CDCDCDC5CE011126CA83546500DB
:105C700006CE22CC4AC84EC61307000F63699708A8
:105C800099C0184549C71389B4004209135909013D
:105C90008547636E2607930750FA2380F5008947EE
:105CA000A380F50083470500B6892E842381F50083
:105CB00083572500A381F500A1832382F500834744
:105CC0004500A382F500834755002383F5008357E1
:105CD0006500A383F500A1832384F50003566500C6
:105CE00011C60C4513059400EFA0D2729385940061
:105CF000C205C18122850D379305E9FF2E9423004B
:105D0000A4002181A300A400239029018147F2402F
:105D10006244D2444249B2493E85056182803E8553
:105D20008280854755C94DCA29476377B70A011153
:105D300022CC06CE26CA4AC84EC6834605001307A3
:105D4000500A2A846392E608834615000947639D3A
:105D5000E6068349850003477500A209B3E9E90017
:105D60001307000F636237079384B900C204C18030
:105D7000639CB404F91493950401C181A2943289FF
:105D8000613D03C7140083C7040022075D8FA1474C
:105D9000631CE5028347240025042300F9008347A0
:105DA000B4FF0347A4FFA207D98F2311F90083474B
:105DB000C4FF2302F9008347D4FF231339012324AE
:105DC0008900A302F9008147F2406244D24442496B
:105DD000B2493E85056182803E85828011C51306E9
:105DE000001581456FD0AFD082800548630F05183C
:105DF000638D0518638B061863890718914863F64D
:105E0000C818797106D622D426D24AD04ECE52CCAA
:105E100056CA5AC85EC662C403C9250041439308E6
:105E2000F9FF93F8F80F6364130B83CB150063F04D
:105E30002B0B6D1693140601C1801306600F636867
:105E4000960803C605001373F6036312030813BE16
:105E50001B0013537600631C6E061982B3887841C9
:105E600093B81800058A6394C80683C945003E8A22
:105E700083C73500A2093A8BB3E9F90083470500CF
:105E8000B68A2E8C2A8489CB8357250063963701E6
:105E900083474500638B2701228589378547230087
:105EA000F40023113401230224011C44B3D77701E9
:105EB000858BA5EB8357C4009306B00F33879700FB
:105EC0004207418363F2E6022285093F0548B2504A
:105ED000225492540259F249624AD24A424BB24B7E
:105EE000224C42854561828093991B00A29913053B
:105EF00024052398F9023E95268693055C00EFA0C1
:105F000072518357C400A6972316F4002397990073
:105F10008547B3977701832B8400B3EBFB002324E1
:105F200074011444814733D7F600058B29CF8507C8
:105F300013F7F70FE36927FF930BE40081498144CE
:105F4000130C240503D60B00B3079600C207C183C8
:105F5000E36CFBF683D52B0233859A008509E29525
:105F6000EFA0524B83D70B0093F9F90F890BBE9426
:105F7000C204C180E31839FD23109A002285EFF096
:105F8000FFE50148A9B70D4899B74285828093D7AC
:105F900085002300B500A300F50093D70501E1813A
:105FA0002301F500A301B500828037470020930646
:105FB00007B18567B69783A6C7AE1336150023A62B
:105FC000C7AE93B61600130707B16380A60283D647
:105FD00047AE41667D166385C60085062392D7AE1F
:105FE00083A7C19711C11CCB5CCB8280BD47638462
:105FF000F500054582802320060023220600231495
:106000000600230506000347150083470500220705
:106010005D8F2310E6000348250023010601834518
:106020003500A301B6008347550083464500A2070B
:10603000D58F2312F60003436500230366008348CF
:106040007500A303160183469500034E8500A20642
:10605000B3E6C6012314D6000345A5002305A60018
:1060600049DB93060002E3E606F98946E3E3B6F866
:106070000548E36068F8E36E18F7639CD500B5DB6C
:10608000E309F7F61305E5FA1375F50F1335D50A8D
:10609000828023120600FDB723AE018A828023AEE0
:1060A000018A82809387C18B9443014591CA03A7DB
:1060B00041980545158F6345070023A0070001455A
:1060C0008280411122C406C626C24AC0B9472E8426
:1060D0006312F510A547054963E1B706B7440020F0
:1060E000938704B198538547938404B1114963168B
:1060F000F70493071010B387F502A69783C797029A
:106100008DCF13F4F50F2285EF20B0400D4915C552
:106110009D4763ED8700B72503000A049385851921
:106120002E941C4082870545EFF03FE813052003BD
:10613000EF10602E0149EF40D010B24022444A8552
:1061400092440249410182800145F9BF8567BE94AE
:10615000854723AAF4AED9BF8567BE949147D5BFC2
:106160008567BE948947F5B78567BE948D47D5B7D7
:106170008567BE9403D784AFB7570020BD4641174B
:1061800042074183938707B163F5E6006547239C87
:10619000E7AE03D787AFF946E3EAE6F80507239CA5
:1061A000E7AE69B78567BE9403D784AFB7570020C1
:1061B000BD46411742074183938707B163F5E60067
:1061C0006547239CE7AE03D787AFC146E3F0E6F609
:1061D0007D17F1B79307F5FF93F7F70F31472A893A
:1061E000636AF71A372703008A071307871BBA97D2
:1061F0009C4382878547E3E2B7F4B334B0009384CD
:1062000004082685EF205019630605182685EF201F
:10621000703763030518854733358000E306F9F0CE
:106220008947631DF90CB7570020938707B123AA4C
:1062300087AEEDBD91479384150AE3F4B7FC054999
:10624000EDBD938705F6C207C18313076009E368B4
:10625000F7FEA944B3F79502FDF3B3D495029384F6
:10626000040345B78D4793841505E3FCB7F8C1BF18
:10627000894793841506E3F6B7F8D1B78547E3E07D
:10628000B7FCB334B00093840407A5BF8547E3E8A7
:10629000B7FAB334B0009384040BA5B78547E3E0A5
:1062A000B7FAB334B0009384040CA1BF8547E3E888
:1062B000B7F8B334B0009384040DA1B78547E3E089
:1062C000B7F8B334B0009384040E25BF8547E3E8E4
:1062D000B7F6B334B0009384C40925B78547E3E02B
:1062E000B7F6B334B0009384E40921BF8547E3E8EF
:1062F000B7F4B334B0009384640921B78D47631CAD
:10630000F900A945B355B402B7570020938707B1E8
:10631000239CB7AE21BD91476319F900B757002000
:10632000938707B123AE87AE11B5B5476314F9045F
:10633000B7570020938707B183D787AF375700201F
:10634000BD46C117C207C183130707B163F5F60045
:10635000E547231CF7AE835787AF01C8F946E3E74B
:10636000F6DC8507231CF7AED1B3C146E3F0F6DCBB
:10637000FD17CDBFAD47E31BF9DA0545EFF0FFC2CE
:10638000114711E00547B7570020938707B123AAAB
:10639000E7AE69BB114955B30D4945B31171A2DD93
:1063A000CED786DFA6DBCAD9D2D5D6D3DAD1DECF17
:1063B000E2CDE6CBEAC9EEC72310060083474500CD
:1063C000130700052E84B289E38CE7322A89636FB4
:1063D000F71649476380E7506363F7081547638EF4
:1063E000E73C636AF70005476380E72E0947638748
:1063F000E73491445DA641476380E7404547E39A0F
:10640000E7FEB7470020938707B103D72700239003
:10641000E50003D747002381E50005673E978346E3
:1064200057B0A381D500835667B02392D5000347A8
:1064300047B02383E5009853A383E50003D76702A1
:106440002394E50083C747022385F500EFE02FD9A9
:10645000AA851305B400EFF09FB3BD4749AE1307FB
:106460000003638EE760636BF7024D47638CE7467A
:1064700013070002E39FE7F6035765008D47854445
:10648000631DF7301C4503C7270083C5170003C5EC
:1064900007002207D98DEFF0DFC299A1130700048E
:1064A000E387E70813071004E38DE72013071003C1
:1064B000E391E7F4B7550020938505B11306000A70
:1064C000938545A30810EFA0E27483576900374A0B
:1064D00000201147130A4A54637CF7780329890086
:1064E0002947834409006365977839473387E40275
:1064F0001507639FE776374500201306000A81459C
:1065000013054554EFC0BFDE930719005287814E33
:1065100089439302F05905451309000F930AF005CA
:10652000654B930B50FA6393D46BEFE04FCBEFE0E6
:106530006F93AA84631F0572EFE06FCAAA85228554
:10654000EFF0FFA491472390F90081AC1307600599
:10655000E38CE72A6364F70613073005E382E72636
:106560006360F70413071005E387E75C1307200552
:10657000E391E7E8B7570020938707B103C787B0D7
:106580002380E50003C797B0A380E50003C7A7B049
:106590002381E50083C7B7B0A381F500914781ACA3
:1065A00013074005E388E72413075005E393E7E466
:1065B0009305000F2285EFF0EFA01DA613079005AD
:1065C000E382E7486362F70213077005E38CE72E66
:1065D00013078005E39FE7E0835765008544639ECA
:1065E000071AEF4080444DAA1307B005E38CE75229
:1065F000E3ECE74E1307F005E39DE7DEEF60F07193
:1066000085472300F40083475500AA84A300F400C3
:106610008345D5008347C500A205DD8D8347E5008E
:10662000C207CD8F8345F50013052400E205DD8DFB
:10663000EFF0FF9583C5140183C7040113056400BF
:10664000A205DD8D83C72401C207CD8F83C5340128
:10665000E205DD8DEFF0BF9383C5540183C744018C
:106660001305A400A205DD8D83C76401C207CD8F89
:1066700083C57401E205DD8DEFF07F9183C51402BF
:1066800083C704021305E400A205DD8D83C724023D
:10669000C207CD8F83C53402E205DD8DEFF03F8F59
:1066A00083C5940183C7840113052401A205DD8DF0
:1066B00083C7A401C207CD8F83C5B401E205DD8D78
:1066C000EFF0FF8CD94725A2B7470020138707B109
:1066D0001853938407B10DEF13050008EF20C04B4A
:1066E000896531C99385F5EF2285EFF05F8AB70799
:1066F0001613938727205CC09C502304F400EF20DE
:10670000A07CA304A40021812305A400AD47C5A05B
:10671000EF20807B137735008D478965631AF7007A
:10672000938515AF1375C50361D193E525006DBF42
:10673000938505AFC5BF938505AF7DB7EFD0DFC0AB
:10674000AA8AEFA0C2732A8A1379F50FEFF0AF85FA
:10675000930545052E852EC6EFE01F95AA84B24508
:1067600011C1BD44894726862300F400A30094008C
:1067700013052400EFA0024AB307940013853400E8
:10678000238127011376FA0FD68522950D09EFA0F4
:106790006248CA94239099008144FE506E54268525
:1067A0004E59DE54BE592E5A9E5A0E5BFE4B6E4C0D
:1067B000DE4C4E4DBE4D11618280835765009DCBEE
:1067C0008544E3ECF4FC1C4583C707001387F7FFFF
:1067D0001377F70FE3E3E4FC03A7419889669386F8
:1067E000067136972300F40023AEE18A8547239093
:1067F000F9005DB78547CDB7EF10D042B74700200D
:10680000938707B18564BE9403A7C4AE83D604AF53
:106810002946133717002300E40003A744AF2A8951
:10682000A300E40003D784AF2312D4003307C702C8
:106830002311E40003A7C4AF2303E40003D7C4B0CB
:10684000A303E40021832304E4009C47A304F40091
:1068500083C744B0A30504002316040093B71700B0
:106860002305F40023070400EFE06F97AA851305C2
:10687000F400EFF0CFF18347C9001305A401A30989
:10688000F40083570900231AF40083572900231BBF
:10689000F40083574900231CF40083A544ADEFF0B6
:1068A0000FEF83576900231FF400EFD0CF9623002A
:1068B000A402EFD0AF96A300A40221812301A40279
:1068C000EFD02F96A301A40221812302A4029307F3
:1068D000500231BF8355650008455008EFF00FF1B5
:1068E000AA8465BD8355650008455008EFF00FF098
:1068F000AA84E31405EA37490020930709B1034746
:10690000B10183C70702130909B16312F70E0357D8
:10691000C10183576902631CF70C0347E1018347F8
:1069200049026316F70C8564CA9483C644B0130603
:10693000000A938544A3081036C6035D2900035B53
:10694000490083AC44B0832A0902035A6902034C0C
:106950004902EFA0222C835741018345A10103473F
:10696000B1012311F900834761010346E101B75DDD
:1069700000202312F900834771012382B4B0232041
:10698000E902A382F4B0835781012302C902938DE7
:106990000DB12393F4B08357C101B74B0020B24629
:1069A0002313F90239CB014783C7CDB00A07ED9B0A
:1069B000D98F2386FDB06384B600EF803000EFE00E
:1069C0000F82EFD03FCAAA8421E9EFE04F81AA8568
:1069D0002285EFF0CFDB91472390F90085472324F0
:1069E000F9009167938787A923ACF1987DB3EF20D5
:1069F00060508D44E30305DA3DB7130510050547E4
:106A0000E364C5FAFD17C20741677917C183B3B7BD
:106A1000E70013C7170049BF137BFB0F93FAFA0F68
:106A20002311A9012312690123A29DB12320590337
:106A30002313490323028903814763910A02130741
:106A400010058547636C87017D1A420AC167F917F3
:106A5000135A0A01333AFA0093471A0003CACDB019
:106A60008A071306000A137ABAFF336AFA002386EC
:106A70004DB10C1013854B54EFA0C21939BBB7456B
:106A80000020814681480147938505B10545294687
:106A90009387360A9207AE97DC4313F81700630B0F
:106AA00008008583990705079D8B1377F70F6363AC
:106AB000F50085488506E39DC6FCB7470020230006
:106AC000E40093875754014885440943854E130FCA
:106AD000500A93C81800294E9306380A13974600A7
:106AE0002E97034747001376170055CE398B63194D
:106AF000670C03C7D7006317E70103C6C700054744
:106B00006374C30046860547B30F9400139546008F
:106B10002380DF012E954841814205811D89A38094
:106B2000AF0003C507001375F5072381AF00138578
:106B30003400229519C383D2170023105500138502
:106B400054002295814219C383D237002310550087
:106B500013857400229525CB420641822310C5007F
:106B6000138694002296154519E303D537002310A8
:106B7000A60003C6A70003C597002206498EA39569
:106B8000CF0009C703C6B700094709EA9206AE96C7
:106B900003C7C600058B133717000507B904C204E5
:106BA000A386EF00C1800508C107E317C8F3EFD043
:106BB0001FE32694AA852285EFF06FBD9104D9BE0C
:106BC0000147014691B703D6170049BF83C8470064
:106BD00083C6370003C86700A208B3E8D80083C69D
:106BE0005700220803C677003368D80083C68700A1
:106BF00003CEA70083C5C700A206D18E03C69700A7
:106C0000220EA205336ECE0003C6B700C206C186AF
:106C1000D18D03C61700C205C1851303F6FF139C6F
:106C20000601939F05011373F30F135C0C0193DFAF
:106C30000F0103CFD70063ED63021383FFFF42030D
:106C40001353030163E66202930CFFFF13F3FC0F7F
:106C5000636065026314A60263EC120163EA020139
:106C600063E8830103C327001373F307631603026A
:106C700085441306000A0C105285FDBB13030CF665
:106C8000420313530301E36569FE1303BEFF42038E
:106C900013530301E3EE6AFC03C30700137D760080
:106CA000060DB33D6000034307001373030F336306
:106CB000B3013363A3012300670003C327001373E9
:106CC000F307A30067006303A600E28823111701FE
:106CD0006303A60072882312070185486304A60097
:106CE00093B81C000348870093DF8F002305B7008B
:106CF0001378080C3368180123040701A304670103
:106D0000A305F70181456315A600791F93351F0080
:106D10002306B7006316A600A306D7002307770152
:106D2000850E93FEFE0F4107B9076FF0CFFF835723
:106D300065008544E38307A6144503C70600631E68
:106D400097041147E39BE7A403C9160093071005B6
:106D5000E3E527A503C4360083C7260022045D8C23
:106D6000E30D04A2C167FD17E309F4A2EF20801828
:106D700019E18D441DB4B7470020938707B105671B
:106D8000238227032393870223A00702BA9703C70E
:106D9000C7B06D9B2386E7B001B40946631BC700EB
:106DA00005478544E39BE79EEF107066E316059E5A
:106DB000C9B70D46631BC70009478544E39FE79C9D
:106DC00003C51600EF10306CD5B71146631CC7021F
:106DD00009478544E393E79C03C51600A547E3EE06
:106DE000A79A130710103307E502B74700209387CF
:106DF00007B19144BA9783C79702E380079AEF10CF
:106E000050716DB715466319C7068544E397979887
:106E1000EF20800B83A7C1C28566A58393F7F70790
:106E20002300F40083A7C1C2A183858BA300F400D3
:106E3000B7470020938707B1BE9603C7C6B0098342
:106E4000058B2301E40003C7C6B00583058BA301AE
:106E5000E40003D767022312E40003C747022303B9
:106E6000E40083C787022314A400A303F40083C7AC
:106E700081912305F40059B81946631BC700854466
:106E8000E39D9790EF10D073E3180590994431B2C9
:106E90001D46631EC70009478544E390E79003C57C
:106EA0001600A547E3EBA78EEF10F07601B7A146D9
:106EB0008544E314D78E0547E391E78EEF10B07D4C
:106EC000F5B58357650005476395E7D21845034735
:106ED00007006310F7D213050008EF10F04B630AA8
:106EE00005D013050008EF10F069E30405E801453B
:106EF000EFF0AF8B13052003392BEF30903469B8D6
:106F0000EF104052374A002013070AB18567BA973D
:106F100083C7C7B0B75400202A8993F70702130A22
:106F20000AB1938404B1054589E7EF00F0303335A9
:106F3000A0002300A400EF00902FA300A40083D79B
:106F4000C4B02311F400EF00F02E2302A400832725
:106F50008A00A302F400EF00302D834714002303BE
:106F6000A40013058400A303F40083A5C197EFF0E8
:106F70000F828325CA001305C400EFF04F8183D729
:106F800024B01305A4012318F40083570900231922
:106F9000F40083572900231AF4008347C900230B08
:106FA000F4008347D900A30BF40083576900231C26
:106FB000F40083A544ADEFE09FFDF9476FF03F83F8
:106FC00003576500914785446319F7FC1C4583C648
:106FD000370003C6270083C5170003C50700EFE08D
:106FE0003FAAAA84631B05FAB7470020054723ACD4
:106FF000E7B0C5BA835765008544639007FAEF8010
:10700000C02C630B05F859B5EFE0EFF92A8A8355D8
:107010006900032589001010EFE03F8FAA84631EEA
:1070200005F60347010283470A000549B98F13F7A4
:1070300017001DEB83461A00034711026396E60210
:1070400083462A00034721026390E60283463A0002
:1070500003473102639AE60003494A0003474102AD
:107060003309E94033392001898B854A99EB1306AE
:10707000F0089305510213055A00EF905237B33AC6
:10708000A0000810EFE0EFA8AA84631805F0EFE075
:10709000EFF1AA852285EFE09FEF91472390F90059
:1070A000630C0900B7470020054723ACE7B09167A0
:1070B000938787A923ACF19863810AEEEF307012B1
:1070C0006FF0AFEDEFE02FEE2A89EF30D0198D474A
:1070D0002300F40083470900AA8437490020A30055
:1070E000F400834745022301F40083475502A301BE
:1070F000F400834765022302F40083477502A3026C
:10710000F400834705022303F40083478502A303A9
:10711000F400834795022304F40083578500A304F9
:10712000F400A1832305F4008357A500A305F40010
:10713000A1832306F4008357C500A3070400230896
:107140000400A306F400A1832307F4008357E5009D
:10715000A308F400A1832309F40083570501A309C0
:10716000F400A183230AF4000C4113055401EFE05D
:107170001FE2CC4013059401EFE07FE1930709B1D2
:107180009C47130909B1A30EF400EFE08FE219C583
:10719000032789008D47054563E6E700EF30F00AD5
:1071A0003335A00083A54198230FA4001305F401F3
:1071B000EFE0FFDD83C7A40213057402A301F4020C
:1071C00083C7B4022302F40283D72401A302F4028A
:1071D000A1832303F402CC48EFE07FDB8C4C130542
:1071E000B402EFE0DFDACC4C1305F402EFE03FDA53
:1071F000EF30102583476500032789001305100829
:10720000A309F4028D4763F6E700EF20D02613753B
:10721000F50F230AA40283C71402A30AF40283D73A
:107220002402231BF402BD47230CF402EF30B00705
:10723000AA853D4613059403EF90D21D9307800461
:107240006FF0EFDA835565008544638805D40845FF
:1072500083470500639D9706FD1593F5F50F05051A
:10726000EF30D004AA84631A05D2EF30701D89472D
:107270002300F40083476500AA84A300F400834739
:1072800075002301F400EF30007E8347A50213054B
:107290006400A301F40083D744002312F4008C405F
:1072A000EFE0FFCEEF30301C2315A400EF30D01CF0
:1072B0002316A4009305100E1305F400EF30F01C04
:1072C0002307A4003D052390A9006FF0EFCC0947E8
:1072D0006397E700639395CCEF30B01461B7639E7A
:1072E00007CA639C95CA51B783576500854463F606
:1072F000F4CA0845FD1793F7F70F83450500639E11
:10730000F5C80505EFD0CF90AA84631805C8EF60D3
:10731000F0498327890083C707002300F4008547CD
:107320006FF06FA2835765008544639807C6EF60CE
:10733000F04C6FF06FC6EF60401E834755009544D8
:10734000639D07C4EF10103B8D44630805C4EFE054
:107350008FF8AA84631305C4B7470020054723AC00
:10736000E7B023AC019899BB697123229112B284D2
:10737000300023202113232E311123261112232420
:1073800081123689BA8923130100EFE09F9929E51C
:107390000347810085476311F7040010130661005D
:1073A000A2852800EFE09FFF8947230AF100835759
:1073B000A100A30CA100CE86231BF1008347C100CE
:1073C0004A86A685230CF10083576100480822CE27
:1073D000231DF100EFE0DF888320C1120324811216
:1073E00083244112032901128329C111556182802E
:1073F0007D6713078784B357E50285669386867B8E
:10740000B387D702AA973375E5023305D502335502
:10741000E5023E9582809387018C054711CD1307C5
:107420004006130535063355E5028D462A87420589
:1074300041816373D5000D472390E70082800547A3
:107440002381E18C82801387018C835707004111CF
:1074500006C6C20722C426C2C183B1E781440144E3
:107460009387218C03C707001377F70F31CF238051
:107470000700EFD03F9CAA8519E129CCA285B75718
:107480000020938707B103C7C7B037250300130552
:10749000C51E136707022386E7B02244B240924418
:1074A00041016F90320783570700FD17C207C18360
:1074B0002310F700C5F7EFD08FCD2A8485444DF116
:1074C000EFD04FFB2A8469BFCDF8B24022449244EA
:1074D00041018280B7570020938707B103C7C7B027
:1074E0001377F7FD2386E7B0EFD06FCFAA85372556
:1074F00003001305452055B7397106DE22DC26DA74
:107500004AD84ED6EFD06FA8AA8937490020375401
:107510000020EFD02FCD930409B1130404B163818F
:107520000902A147639DF9106D1513351500EFD0C1
:10753000CFCB19C58347C4B093E707022306F4B045
:10754000EFD04FCA1307E5FF8947AA8963F5E70023
:1075500099476318F5008347C4B093E707022306F1
:10756000F4B095679387B72A2318F9B0056926996F
:1075700085472326F9AEE547231CF9AE232A09AE39
:10758000232E09AE23A8040023AA040023A6040086
:10759000231109B0EFD0CFCBEFD07F9DEFE00FCE1E
:1075A000EFC03FDBEFE0EFE619C58347C9B093E7D3
:1075B00007022306F9B085479CC49167938787A982
:1075C00023ACF1989C50BDEF83C64402130710050D
:1075D0008547636DD70083D7640241677917FD172C
:1075E000C207C183B3B7E70093C717008346C4B08F
:1075F0008A07ED9AD58F2306F4B083D5240003D6ED
:1076000044002ECE32CCEFD08FBD8347B4B0834838
:10761000A4B0034894B03EC06246834784B0F245AC
:10762000AA86372503004E8713058522EF90826EC8
:10763000F2506254D2544259B25921618280EFC053
:10764000FFFACDBD83C684028347C4B093B616004B
:107650008606E59B45B715C5014781479316070187
:10766000C18263E7B6001385C7FE1375F50F8280EC
:10767000B306E50083C606000507B69793F7F70F34
:10768000F1BF014582800DCD8546814763FBB6027F
:10769000411126C2AE84FD15C205C18122C406C6B1
:1076A0002A84EFF05FFB330794008347F7FFB24073
:1076B0002244898F93B7170092443E85410182800E
:1076C00081473E8582809307000263F3A70001454E
:1076D000B79704009387073E3305F502B77709197A
:1076E000938707453E9582809307000263E1A702D6
:1076F000D94763E0A702411106C6EFF0DFFCB240B4
:10770000B7E72F009387C7FD3E9541018280014571
:10771000DDB7B79704009387073E3305F502B747F7
:10772000A2189387C7443E9582808146A5C9131647
:10773000050141821307965042078567418393876D
:1077400087A0814663ECE704A946B346D502A94762
:10775000B387F602C207C1833307F6404207418769
:10776000635607003387C7404207418793170701D5
:10777000C1831307F007B387E70229479507B3D7FB
:10778000E702C207C1836354050093E7070893F635
:10779000F60FA206D58F2390F500854636858280A8
:1077A000014859C5D1C749C6411122C406C62301A3
:1077B000C5000548218223000501A300B500A301EF
:1077C000C5002302D500A302E50003D70700C54585
:1077D0002A842303E5002183A303E50003C72700D0
:1077E0002304E50003D74700A304E5002183230514
:1077F000E50003D76700A305E50021832306E50024
:1078000003D78700A306E50021832307E50083D77C
:10781000A700A307F500A1832308F500EFF0BFE35D
:10782000A308A400B2402244494842854101828015
:107830004285828081471DC995C9411122C406C66F
:1078400095472301B500A1812300F500A301B500F0
:10785000A300050091452A84EFF0FFDF2302A40076
:10786000B240224495473E85410182803E85828018
:10787000814721C5B9C131C26381C504411122C408
:1078800006C695472300F5002301B5008547A18171
:107890002302C5002182A300F500A301B500A302C5
:1078A000C50099452A84EFF01FDB2303A400B240F2
:1078B00022449D473E85410182803E85828049C5A4
:1078C000011122CC06CE26CA4AC84EC62A840145DA
:1078D000ADC725C6BDC29319080193D90901138309
:1078E00099009308000863EA6804130550FA23011D
:1078F000C4002302D4002182A1822300A400A3009B
:10790000B400A301C400BE85A302D4002303E40095
:10791000A3030401428613058400C284EF90E23A77
:1079200013898400938589002285EFF0DFD22299A4
:10793000A5042300A90013F5F40FF2406244D244D9
:107940004249B249056182800145828001485DC992
:10795000D5C9011106CE22CC26CA4AC84EC652C489
:1079600056C25AC003CA0500A14863F2480903433E
:1079700005009308500A2A84631B1307AE84D2853E
:107980003E89BA89B68A328BEFF0FFCF2A8825C1AB
:10799000834714000148639C67050346340083470E
:1079A000240022065D8E63145605834654008347E7
:1079B0004400A206DD8E63863601C167FD17639819
:1079C000F602834974000148938799006391470345
:1079D00063060900834764002300F9004E8693057F
:1079E00084002285EF90622E054823803401F24006
:1079F0006244D2444249B249224A924A024B4285E9
:107A000005618280428582801376B50FA381A18CA7
:107A1000AA85791637250300133616001305452865
:107A20002382C18C6F90022F03C5418C828003C5D5
:107A3000318C82800145828001458280011122CCF7
:107A400006CE26CA373400408347B4000D47636B27
:107A5000F70493978500A181DD8D936405082316B3
:107A6000B10009466C002685EF00102183472400F1
:107A700093E727002301F400930750FA2304F4004E
:107A8000230494008347C1002304F4008347D100FA
:107A90002304F4002304A4000545F2406244D244C8
:107AA000056182800145D5BF011122CCA307A10049
:107AB00006CE373400408347B40011470145636D5B
:107AC000F70205469305F1001305A00EEF00D01A4A
:107AD0008347240093E727002301F400930750FA1B
:107AE0002304F400A9572304F4008347F10023047E
:107AF000F4002304A4000545F2406244056182803D
:107B000003A6418E83C6C18E138881C12307A800B6
:107B1000A307C8002308D80003586800C168FD18EF
:107B20002E87938781C163051801050823930701F8
:107B300003C8D7009305F00F630AB804050813784B
:107B4000F80FA38607018D456312B804238607004A
:107B5000B7570020938707B103C8C7B0C168239106
:107B600007B013680801238607B103D867AEFD1874
:107B7000630518010508239307AFAA85372503007D
:107B80001376F60F1305C5366F90C2188280411127
:107B900022C42A842E85B28506C6EFF07FF6238D97
:107BA000018EA3800190EF90B045C1450145EF9053
:107BB000701F8D4513050008EF9090143717004093
:107BC0008327C70CB24093E707082326F70C23A2AC
:107BD000018E23AA8190224441018280411122C456
:107BE00006C62A8415E583A741911307F0042E8564
:107BF000B387F5406379F700B737004003C6B70095
:107C00008545EFF0DFF82285B240224441018280B1
:107C10000544D5BF01114EC622CC06CE26CA4AC89D
:107C200052C456C232841386A18F83470600BDEF2B
:107C3000B737004083C6B700194813874191636284
:107C4000D80483C62700850593E626002381D70044
:107C5000930650FA2384D7002384A7002386A18E9D
:107C60002381B190A380019085472300F60000C3D3
:107C7000F2406244D2444249B249224A924A0561E2
:107C8000828018439306F0043307E440E3F2E6FEF3
:107C900003C6B700854522856244F240D24442497A
:107CA000B249224A924A05616FF07FEE37370040B1
:107CB0008347570093F7F70F93F6E701B9E203C73D
:107CC00021909389A18F93842190B73600409385AA
:107CD000C18F03C6A600138811908347080013764E
:107CE000F60F138A119015EE6315F70C1306F7FFC4
:107CF000814785451376F60F9386C18F1308F00FE1
:107D0000ADA009462386C19023A4F19083472700A4
:107D100093E727002301F70003A6819083C5C19054
:107D20009DBF03C686001376F60F63E0E702A20745
:107D3000D98F8D452386B19023A4F19083C7260067
:107D400093E727002381F600C1BF93881700AE9701
:107D5000230018012380C700ADBF3385F60003451B
:107D60000500630305018145850713F5F70FE366F9
:107D7000C5FE2380090099C591462386D19023A48E
:107D8000E19059BF03C5C18E9385C18FEF00C06ECE
:107D900083C70400938AC18FBE9A03C7FAFF9387F3
:107DA000C18F6309E532954622072386D190498F1A
:107DB000F9B783A641911306F004B306D440E379E2
:107DC000D6EAA207D98F1946238009002386C190DD
:107DD00023A4F19091B703C7070083C717002207B8
:107DE000D98F2395F18C7D771307071CF98F0567D1
:107DF000130747A0D98F2398F18C8D479CC023AAE5
:107E00008190BDB503C7070083C717002207D98F2C
:107E10002393F18C93F7F7DC93E717002396F18C0B
:107E20009147E9BF03C7070083C717002207D98F0F
:107E30002394F18C93F7C7B593E717002397F18C40
:107E400095476DBF03C6070083C717002206D18F71
:107E500003D6018D6386C700C2075D8E9D4525BD93
:107E6000B54769BF03C6070083C717002206D18F35
:107E700003D6C18CE392C7FEB94749B703C60700D2
:107E800083C717002206D18F03D6E18CE396C7FC87
:107E9000BD47ADB703C7070083C717002207D98FB7
:107EA0002390F18E81E70146A145F5B3C147B9B7EB
:107EB00003C6070083C7170022065D8E1307F6FF6F
:107EC0002392C1904207C1674183F517E3EEE7FCB7
:107ED000C5472DB703C6070083C7170022065D8E6E
:107EE0001307F6FF2393C1904207C1674183F5173B
:107EF000E3ECE7FAC94719B703C6070083C71700C1
:107F000022065D8E1307F6FF239CC18E4207C167D0
:107F10004183F517E3EAE7F8CD47CDB503C707007E
:107F200083C717002207D98F239AF18CADDFD14781
:107F3000F1B503C7070003C5170062074205498F63
:107F400003C53700498F03C5270083D5818F2205DC
:107F5000598DA92B2398A190DD474DB503C9070082
:107F600003C7170083C72700420922073369E900C6
:107F70003369F90083D541901386E1904A856923DE
:107F8000E147E31D05E6CA852545EFF07FB7D547F4
:107F90009CC01307047D2380090023000A0023A44A
:107FA000E18EB1BD03C9070003C7170083C72700CF
:107FB000420922073369E9003369F90083D56190EA
:107FC000938A21914A8513862191412B01E5CA8527
:107FD000294565BF03D7019183D6E19003D50A00F7
:107FE000938781C12392E7002391D7002390A700B4
:107FF00083C7C700138981C195E3A945B377B70249
:10800000035869003376B5023357B702B355B5024A
:10801000372503001305853AEF80D24F8547035774
:1080200049002316F900B7570020938707B1239121
:10803000E7B003C7C7B0232489003D9B2386E7B080
:10804000E5476DBB1387218D8346070085C223005A
:1080500007008146014723ACD18C23AEE18CD54784
:108060009CC09307047D23A4F18E51BB03C5070078
:1080700003C7170083C7270042052207598D5D8D6E
:1080800079DD03D6018E83D5418D9386818D3D2B7D
:108090009386018F9842D4429387018F1348F7FF4C
:1080A00013C6F6FF6366B6006399C5006377A80040
:1080B0007D56FD5690C3D4C35DB72A973335A700CC
:1080C000B6952E9598C3C8C359BFAD452285EFF02C
:1080D0001FAC35B303A6418EDD469384418E130752
:1080E000E6FFE3E4E6FEB72603000A079386462A86
:1080F000369718430287411106C6938781C123A092
:10810000070023A2070023A4070023A6070023A833
:1081100007002392019023930190239C018E239AC0
:10812000018C014781462390018E23AEE18C23AC64
:10813000D18C23AAE18E23A8D18E2389018C239888
:1081400001902397019023990190C1450145238D0A
:10815000018EEF9020458D4513050008EF90403AC1
:10816000371700408327C70CB24093E70708232640
:10817000F70C23A2018E03A7419823AAE1904101A5
:108180008280011126CA03A6418E22CC03A4419805
:1081900006CE4AC84EC6E54763ECC726B72703009C
:1081A000938747300A063E961C429384418E82870D
:1081B00013894191832709002D47B307F440637D5C
:1081C000F708B719004083A7890CC145014593E71B
:1081D000070823A4F90CEF90E03C83A7890C8545A0
:1081E000414593E7070823A4F90CEF9060318D45D2
:1081F00013050008EF90C030096513050558EF908E
:10820000005DB73700401D472381E7006D47A3811C
:10821000E70013070004A380E70005472387E70072
:1082200085479CC02320890005A8938741919843E6
:10823000930630063307E44063F0E602094798C02E
:1082400080C319A81305500EEFF01F86A285EFF02A
:10825000FF98994763180518F2406244D244424996
:10826000B2490561828003A74191994613894191E2
:108270003307E440E3F2E6FE83D5018D83D7A18C7A
:108280006394B7009D4771BF0145EFF02FFBA285B6
:10829000EFF0DF9465F9C9B703A7419199461389B7
:1082A00041913307E440E3F9E6FA83D5C18C83D7E3
:1082B000618C6394B700A147ADB70545EFF00FF8A7
:1082C000A285EFF0BF9165F941BF03A7419199469F
:1082D000138941913307E440E3F0E6F883D5E18C5C
:1082E00083D7818C6394B700A54725BF4D45EFF038
:1082F000EFF4A285EFF09F8E65F9B9BF1389419124
:10830000832709001947B307F440E377F7F413050F
:10831000A005EFF06FF9A285EFF05F8CA947E3129B
:1083200005F01DBF13894191832709001947B30741
:10833000F440E373F7F21305C00DEFF0EFF6A285FA
:10834000EFF0DF89AD47E31E05EC39B79387419124
:108350009843A5463307E440E3F0E6F03147C5B55E
:108360002286894501456244F240D2444249B249DD
:1083700005616FF03F8A228689450545EDB7228663
:1083800089454D45CDB7228689450945E9BF2286F5
:10839000894513050007C1BF2286894513052007BB
:1083A000D9B7228689451305300775BF22868945CE
:1083B000130560074DBF1305A005EFF0EFEEA28592
:1083C000EFF0DF81E30A05E8D5479CC023A4818E46
:1083D00023AA819051B583A7818EB307F440E3CDE2
:1083E00007E6D9479CC0EDB7228691451305C00228
:1083F0009DBF22868D4513054002B5B722868D4567
:10840000130560028DB722868D4513058002A1BF3A
:1084100022856244F240D2444249B249AD450561E9
:108420006FF0EFF6138581C182809387018F8146BB
:1084300001478843CC4394C3D8C382808146014717
:1084400023A8D18E23AAE18E23ACD18C23AEE18C5C
:1084500005472389E18C9387418E94435547639C5C
:10846000E600238D018EA3800190654798C303A782
:10847000419823AAE1908280130555FA9377F50F6E
:108480000DC20145014791E98280B386E50003C52D
:1084900006000507AA9793F7F70F9376F70FE3E621
:1084A000C6FE93C7F7FF13F5F70FF9BF9387F5FFE4
:1084B000C2074167C1839306D7FF63E5F60493576C
:1084C000F5413D8D1D8DB387A50233B5A502A945A4
:1084D000B386F5023385A502B3B5F502B707008070
:1084E000B697B3B7D700CD462E95AA9763E7F600A7
:1084F000814713950701418182801305F7FFE3EA65
:10850000E7FE82800145F5BF81460DC21387F5FF66
:108510004207C1674183F517814663E9E700931776
:10852000850063D7070023100600854636858280C4
:10853000B387A502370780008146B3B5A5023E97F1
:10854000B337F700AE979305F00FE3E1F5FEA2070E
:1085500061835D8F2310E600C9BF3DC69386F5FF9A
:10856000C2064167C182751781476369D7009317B7
:10857000850063D707002310060085473E8582806B
:10858000B387A50233B7A502370540013E95B33541
:10859000F500F547BA9563E9B7026396F500B707AA
:1085A000804E6373F502411122C48146328437063E
:1085B000800206C6EF7052712310A400B24022441C
:1085C00085473E854101828081474DBFA5C239CD97
:1085D000B1CD29CE3386C50222052181372702007D
:1085E0001307175503A84600B305C5023336C50265
:1085F00013753600B387E5020982B3B5E50233058A
:10860000E5022E958C424295BE95B3B7F5008CC21B
:10861000B305E6023E95937735000981DCC2333617
:10862000E6022E95B335B500B295828001458145AD
:10863000828083C71192014593F7F70F81E703C545
:10864000D1C205898280B74500401D459386C1C2CD
:108650009387119283C7070093F7F70F99CF13877A
:10866000419213862192835707000356060063F652
:10867000C70083C7B5C06373F500828083570700C6
:10868000C207C18313861700B697420683C7271017
:1086900041822310C7002384F5C05DBF4111894585
:1086A000014506C6EF90E026A38001922391019236
:1086B000B24023920192238301924101828083C7B9
:1086C000119293F7F70F89E7894501456F90602470
:1086D000411106C622C4EFF01FF783D7419203D79A
:1086E000219263E8E702B747004083C7B7C093F71A
:1086F000F70F85E303C461921374F40FEFF01FFAD0
:1087000009E89387C1C203C7170013671700A38046
:10871000E700B24022444101828049C91387F5FF36
:10872000420741839306F00F814763E2E608011197
:108730004AC81387119206CE22CC26CA4EC60347DA
:1087400007001389119281471377F70F21EBAE844D
:10875000AA851385C1C213052510B2891384C1C22D
:108760006385A5002686EF80E24A239191922392A9
:108770000192238331938347140005472300E900C6
:10878000F99BA300F4002380E192EF007003EFF067
:108790009FEB89450545EF90C0178547F24062443D
:1087A000D2444249B2493E850561828081473E8577
:1087B000828083C7119293F7F70FD1EF411122C442
:1087C0009387C1C283C7170006C626C213F71700D6
:1087D0001384C1C225E383A6C1919384C191B9CA10
:1087E00003A74198158F6347070493F7E70F0947DD
:1087F0006397E704B7570020938707B103C7C7B053
:10880000136747002386E7B00C40372503001305A4
:108810008543A58193F5F507EF80C24F8357040088
:1088200023A0040093F707E093E707102310F40058
:10883000239D0190B240224492444101828011471D
:10884000E394E7FCB7570020938707B103C7C7B08D
:108850001367270045BF8280797122D49387C1C2F4
:1088600083C6170006D626D24AD04ECE52CC93F7F6
:108870001600C9EF1384C1C20347040041CB93879C
:10888000A19103D6070042074183631FE6069304C4
:1088900024003725030093E6160023900700A685E1
:1088A0001305053E23AE0190A300D400EF70E073E2
:1088B0009305F1001305D030EFF0E1310347F100EB
:1088C00091476318F70003460400A6850545EF505D
:1088D000E07383471400094793F7E70F6393E708B2
:1088E00003470400631EF7041C404177F98F639728
:1088F000E702B7570020938707B103C7C7B01367D4
:1089000047002386E7B019A02390E700B250225415
:1089100092540259F249624A45618280B747002069
:10892000138707B18347240083463400A207D58FFD
:108930002313F7028567BA9703C7C7B06D9BD1B7FA
:108940008D47E318F7FA1840C177F98F37078899F0
:10895000E39EE7FA034744009307A00AE318F7FAF7
:1089600049BF1147E394E7FA834504008D476398B4
:10897000F5021840C177F98F37078899E398E7F82F
:10898000034744009307A00AE312F7F8B757002003
:10899000938707B103C7C7B0136727009DB783C488
:1089A000819137490020B75900201307600E130941
:1089B00009B1938909B16394E50625476361970678
:1089C000130510103385A402130700031306500E7D
:1089D00093053400330AA9001305C502A305FA0262
:1089E0002305EA024A95EF80E2228547A304FA02B2
:1089F0008347890263EAF400850493F4F40FA947DE
:108A000063EC97002304990283C7C9B0F59B2386C2
:108A1000F9B0EFE0DFA2DDBD2304F902F5B783C7AB
:108A2000C9B037250300268693E727001305C53E06
:108A30002386F9B0EF80022ED1BD130700102396D4
:108A4000E1C2239D0190A380019223910192239280
:108A5000019223830192411123AE019093050008F6
:108A6000054506C623800192EF80D03337170040BA
:108A70008327870CB70620008545D58F2324F70C64
:108A800037051000EF80D0278D4537052000EF8097
:108A90003027EF80D06495450545EF809067B24060
:108AA000B7E700E0114723A2E710410182800111DE
:108AB00022CC37440020130404B11C5006CE26CA31
:108AC0004AC84EC652C456C299CB0145F2406244D0
:108AD000D2444249B249224A924A0561828085695C
:108AE000A29983C7C9B0B7540020938404B1918B75
:108AF000E9FF83474402930A1005E3E8FAFC835731
:108B0000640241697519FD17C207C183E36FF9FA61
:108B10002A8AEFF01FB255D9835764028345440275
:108B20000356640213978700A1835D8F83C7C9B082
:108B300042074183918B89EB63E8BA009307F6FF04
:108B4000C207C183637FF900372503001305054180
:108B5000EF80421C83C7C4B093E747002386F4B07C
:108B6000ADB79387C1C283D607002392E7100146B1
:108B700093F606102390D700239D0190930600637F
:108B80002391D71095451385271023834711EFF0C4
:108B9000DFB83335A0001DBF411122C43744002087
:108BA000130404B1185006C615EF8567A29703C7D2
:108BB000C7B08147118B05E38346440213071005B4
:108BC000636BD7008357640241677917FD17C207AB
:108BD000C183B3B7E70093F7F70FB24022443E8555
:108BE0004101828085468147E319D7FE492E1375DE
:108BF000F50F25478147E360A7FE93071010330563
:108C0000F5022A9483479402B337F000E9B7411183
:108C100006C622C4EFF0FFA129C9B75700209387E9
:108C200007B103C7C7B01384C1C26D9B2386E7B0E9
:108C3000239D01908357040005468D4593F7071047
:108C400093E707202310F4009D6793870703231100
:108C5000F41013052410930700FA2302F410EFF028
:108C6000DFAB01E98547A300F400B2402244410193
:108C7000828083A7419819671307871ABA9723AE92
:108C8000F1900545DDB7A54763F9A700014582804E
:108C90000145B240224441018280411122C406C6EE
:108CA0002A84EFF01F996DD5B7570020938707B13D
:108CB00003C7C7B005468D45759B2386E7B0238C57
:108CC00081901384C1C2239D019083570400130532
:108CD000241093F7071093E707402310F4008967E7
:108CE000938707032311F410930700052302F41060
:108CF000EFF0BFA209E58547A300F40059BF83A7A1
:108D0000419819671307871ABA9723AEF190054562
:108D100049B7A54763FBA700014582800145B240E2
:108D200022449244024941018280411122C4130429
:108D300010103304850226C2B7440020938404B186
:108D40004AC006C63389840083479902E1DBEFF00D
:108D50005F8E69D583479902F1D39387C1C203D748
:108D600007001305A4020146137707102390E700BC
:108D70009305700E2695239D0190EFF01F9A3335D1
:108D8000A00071BF411122C406C62A84EFF0DFE0C3
:108D900005C5B747002083A707B3228591E7224482
:108DA000B24041016FF0BFD0D92A2244B2401375BE
:108DB000F50F41016FF0FFF5B2402244410182807E
:108DC0001387C1C203471700411122C49376E70FEE
:108DD00006C61377A70F09461384C1C26305C700EF
:108DE00091476395F602EFF07F8B930700102310F5
:108DF000F400239D019023AE0190B7570020938784
:108E000007B103C7C7B0659B2386E7B0B2402244D1
:108E1000054541018280A54763FAA700014582808C
:108E20000145B2402244924441018280411122C452
:108E300006C626C22A84EFF0CFFF7DD1130510109D
:108E40003305A40237440020930404B11306101024
:108E50008145130595022695EFA06FC9130704B14C
:108E600023840402014681468147130404B1A945C5
:108E700003459702850793F7F70F19C1BE8605468C
:108E800013071710E396B7FE19C22304D402EFE0CC
:108E90000FDB054579B7411106C6EFF08FF915C113
:108EA0000566374500201306A6A08145130595B336
:108EB000EFA0EFC3B7470020238C07B2EFE02FD815
:108EC0000545B24041018280B7470020938707B132
:108ED000014701450546A94683C5970291C5B315CB
:108EE000E6004D8D42054181050793871710E31574
:108EF000D7FE8280411106C6EFF0AFF3B2403335A2
:108F0000A00041018280011126CA06CE22CCAA848B
:108F10002EC6EFF00FF215C51384C1C283570400AB
:108F2000B245054693F7071093E707602310F40056
:108F30002685239D0190EFF04FFE09E98547A300A8
:108F4000F400F2406244D2440561828083A74198D4
:108F50000567130787BBBA9723AEF1900545D5B7D0
:108F600083C71192054593F7F70F91E703C5D1C267
:108F70001345F5FF0589828003C5019282801305A0
:108F800005F89307500263EAA700B7270300938709
:108F90008745AA970385070082807D55828089C90D
:108FA000B717004003A7C70C498F23A6E70C8280A0
:108FB000B716004083A7860CC98F23A4F60C8280C5
:108FC00083A6419883A7419823A4D1929387071938
:108FD00023A6F1928280397106DE26DA4AD84ED66F
:108FE00022DC52D456D25AD05ECE62CCEF10B027DB
:108FF0002A89EFC00FFCAA89EFC02FFCAA846396D0
:109000000912B33AA000014A89C4034A7902333AEB
:10901000400183A7419803ABC1929305F10013056A
:10902000D030330BFB40A3070100EFE0D13AEFD083
:109030006F872A845E8C39C983A5419893074006BF
:109040004165B3D5F5028589EFF07FF5B71700408C
:1090500003A7870C91661367170023A4E70C03A7E7
:10906000870C558F23A4E70C03A7870C136707040D
:1090700023A4E70CF2506254D2544259B259225AF6
:10908000925A025BF24B624C216182808545635C9F
:10909000600183A7819283A541989D8D9307400627
:1090A000B3D5F50285894165EFF07FEF8345F10087
:1090B0000545BD89A307B100F11593B52500EFF073
:1090C0001FEE638D0A000544631A0A0003A4419849
:1090D0009307007D3374F40213344406A2851165AE
:1090E000EFF0FFEBB7570020938707B103A7C7B096
:1090F0008545137787030DE76386090083C7C7B0EB
:10910000858B99EF814589CC834789020D47854539
:1091100093F6B70F6386E600938527FF93B5150096
:1091200013050004EFF0BFE7B1B7B747002003A76E
:1091300087B18D47854A054AE3EDE7ECE9B5B757B6
:109140000020938707B183C7C7B00145858BBDE376
:10915000411122C43754002026C24AC006C6130457
:1091600004B193044006371900408327490C139734
:1091700037016359070299EC372503001305854F22
:10918000EF70924D8347C4B0014593E71700230663
:10919000F4B019A813054006FD149770FF1FE7806F
:1091A000C05BE1B70545E9D8B24022449244024988
:1091B000410182808280411122C4371400408327FC
:1091C000840A06C68D4593E727002324F40A2D451B
:1091D000EF80C028EF80A03EB74700402147A38121
:1091E000E74085450565EF80A0318D4537250200B4
:1091F000EF8000318327840C37070200B240D98FFB
:109200002324F40C8327840C0967D98F2324F40CBE
:10921000224441018280411122C4371400400327B7
:10922000C40C26C2B704020006C6458F2326E40CF0
:1092300051459770FF1FE78020538327840CB2406D
:10924000C58F2324F40C2244924441016FF03FEF78
:10925000B7570020938707B183C7C7B0858B95EFB9
:10926000411122C4371400408327C40A06C61305DF
:10927000000C93E787002326F40AEF80A03601450F
:10928000EF8040368327840AB24093E78700232487
:10929000F40A224441016FF09FEA828011C2D1C1D9
:1092A000011122CC26CA4EC606CE4AC8B284AE8967
:1092B0002A84EFF0DFE839CD371700408327C70A4B
:1092C0001375F40F014993E787002326F70AEF800F
:1092D000603193170901C18363E697023717004095
:1092E0008327870A93E787002324F70A9307400818
:1092F0006302F4026244F240D2444249B249056139
:109300006FF0FFE3B387290103C507000509EF806C
:10931000602DC1B7F2406244D2444249B24905616E
:1093200082808280411122C426C24AC006C62A8990
:109330002E84B28419C6ADCD9305F00F2285EF902F
:109340001FFBEFF0DFDF2DC5371700408327C70A6B
:109350001375F90F014993E787002326F70AEF8079
:1093600060280145EF80002893170901C18363E954
:109370009702371700408327870A93E78700232443
:10938000F70AEFF0DFDB0DE585C422852244B24009
:109390000249268692449305F00F41016F903FF5F4
:1093A000EF808026B30724012380A70005096DBF45
:1093B000B2402244924402494101828011C2D1C18B
:1093C000411122C426C24AC006C632842E89AA840C
:1093D000EFF0FFD62DC1371700408327C70A354568
:1093E00093E787002326F70AEF80C01F13D5840078
:1093F000EF80401F13F5F40FEF80C01E8144939758
:109400000401C18363E18702371700408327870A7D
:109410002244B2409244024993E787002324F70A8A
:1094200041016FF0DFD1B307990003C50700850440
:10943000EF80401BE9B7B240224492440249410107
:10944000828082800111A307B10005469305F100D7
:1094500006CEEFF0BFF6F24005618280411122C4D2
:1094600026C24AC006C62A892E84B28419C6C1C53E
:109470009305F00F2285EF909FE7EFF05FCC25CDAD
:10948000371700408327C70A754593E787002326CF
:10949000F70AEF80201513558900EF80A01413758B
:1094A000F90FEF8020140145EF80C0130149931795
:1094B0000901C18363E99702371700408327870AB0
:1094C00093E787002324F70AEFF07FC70DE585C4F3
:1094D00022852244B2400249268692449305F00F29
:1094E00041016F90DFE0EF802012B3072401238059
:1094F000A70005096DBFB2402244924402494101D0
:10950000828001119305F100054606CEEFF01FF5AC
:10951000F2400345F1000561828011C2BDCD4111C9
:1095200022C426C24AC006C632842E89AA84EFF01D
:109530001FC131CD371700408327C70A3945420480
:1095400093E787002326F70AEF80C0092685EF807E
:1095500060098144418093970401C18363E18702DC
:10956000371700408327870A2244B24092440249B9
:1095700093E787002324F70A41016FF05FBCB3072C
:10958000990003C507008504EF80C005E9B7B24024
:10959000224492440249410182808280011122CCFE
:1095A00026CA4AC806CE4EC62A892E84B28419C657
:1095B000C1C59305F00F2285EF907FD3EFF03FB840
:1095C00025CD371700408327C70A794593990401B1
:1095D00093E787002326F70AEF80C0004A85EF80D3
:1095E00060000145EF800000014993D909019317FC
:1095F0000901C18363EA3703371700408327870ACD
:1096000093E787002324F70AEFF07FB315E58DC4B5
:1096100022856244F2404249B2492686D2449305EB
:10962000F00F05616F90BFCCEF70107EB30724017F
:109630002380A700050965BFF2406244D244424935
:10964000B2490561828001112AC66C0005461305E6
:10965000000806CEEFF09FC4F24005618280011140
:1096600022CC4AC82A842E8909466C004D4526CA58
:1096700006CEEFF03FCB83A401938547639BF402B2
:1096800013054070EFF0FFE71D811375F50F6312AE
:10969000950213052070EFF0DFE62300A400834756
:1096A000D100F24062442300F900D24442490561EE
:1096B00082808347C1002300F400D5B72E86AA8597
:1096C00001456FF09FE5797122D42E8426D293054F
:1096D000F101AA84228532C606D6A30F0100EFF05D
:1096E0001FF883470400324605456369F6000345C9
:1096F000F1013E86A685EFF07FEA0145B250225483
:109700009254456182800111935705012306F100AF
:109710002307A100935785006C000D461305300800
:1097200006CEA306F100EFF07FB7F240056182801C
:10973000011106CE32C6EFF07FF83246F240328594
:1097400005616FF05FFC0111935705012306F100DD
:109750002307A100935785006C000D4613052008D0
:1097600006CEA306F100EFF07FB3F24005618280E0
:109770000111A307A1009305F10005461305F009A7
:1097800006CEEFF0BFB1F240056182800111A30760
:10979000A1009305F10005461305000A06CEEFF07F
:1097A000FFAFF2400561828001112AC66C000546B8
:1097B0001305600906CEEFF07FAEF24005618280AE
:1097C0000111B7F7A43506CE9387079063F0A7027F
:1097D000FD779387179E2316F1006C000946130549
:1097E0008009EFF0BFABF24005618280B707AA3273
:1097F0009387078863F6A700F9779387778DE1BF92
:10980000B747E52D9387074863F6A700F17793875D
:10981000175CD1B7B7176B1B938707B063F6A70028
:10982000E1779387571745BFB7075519938707C443
:1098300063F6A7009D679387B7F671BFB767840C7F
:109840009387F787E3FBA7F891679387771361B74F
:1098500001112306A100A306B1002307C1006C007B
:1098600011461305500906CEA307D100EFF01FA340
:10987000F2400561828003A781869387818601116A
:10988000DC433AC40D89A304A1002C0021462145E4
:1098900006CE3EC6EFF09FA0F24005618280011126
:1098A0006C004945094606CEEFF0DFA78347C100AB
:1098B0000345D100F240A2075D8D05618280011150
:1098C000A307A1009305F10005461305D00906CEB4
:1098D000EFF0DF9CF24005618280011106CE22CCC0
:1098E0002A84EFF0FFED2285EFD09FB093578501DA
:1098F0002306F10093570501A306F1009317850095
:109900004205418121815D8D2317A1006C00114624
:1099100013056008EFF09F98F24062440561828071
:1099200001112AC623A8A1926C0005461305A008C0
:1099300006CEEFF0BF96F24005618280011126CA83
:1099400006CE22CCB547AE8463DDA704D9472A846E
:1099500063CDA70441476357A7044D478D45635422
:10996000A70495450D456314F4009D4511458546B2
:109970000146EFF0FFED0565930580031305758E35
:10998000EFF05FAC6C0009461305E0082306810088
:10999000A3069100EFF09F90F2406244D24405612B
:1099A0008280394489450945D9B759447DBF5C4116
:1099B000011106CE2306F1001C456C001146A306DA
:1099C000F1005C452307F100834705011305B0084A
:1099D000A307F100EFF09F8CF2400561828083576E
:1099E0004500011106CE13978700A183D98F231458
:1099F000F1001C452C0019462305F1008347C500E2
:109A0000A305F1001C492306F1005C491305C008B9
:109A1000A306F100EFF09F88F240056182800111FA
:109A20002306A100A306B10009466C001305F00847
:109A300006CEEFF0BF86F2400561828001119305EA
:109A4000F1001305000C054606CEA3070100EFF058
:109A50007F8DF2400345F10005618280011122CC27
:109A60000D462A846C00514506CEEFF0BF8B83472C
:109A7000C100B307F04085872306F4008347D10077
:109A8000139787016187634007028983A306F40067
:109A90008347E100F240B307F04085872307F400D5
:109AA000624405618280938707F08987C5B7931761
:109AB0008500218101115D8D2316A1006C000946EE
:109AC000094506CEEFF08FFDF240056182803971C5
:109AD00026DAB7540020938404B183C7C4B006DEED
:109AE00036C6F99B2386F4B022DC4AD84ED652D42F
:109AF000AA892E8A56D2B28AEFF0EFEBEFF0AFF1DF
:109B0000EFF00FF50145EFF01FB40545EFF0DFC9A9
:109B1000854705469305F1011305F029A30FF100D0
:109B2000EFF0DF89A14705469305F1011305002AEF
:109B3000A30FF100EFF09F8805469307C0FA930545
:109B4000F1011305102AA30FF100EFF03F878145C3
:109B50000145EFF0DFEC91450145EFF03FDE0545B3
:109B6000EFF0FFD50145EFF01FAE0145EFF05FC00C
:109B70000145EFF0BFC1B246138401E319478547A1
:109B80002312E40001457D575CD41CDC2306E4006D
:109B90001CC854D823285403230E04022324040091
:109BA000232A0400EFF03FAA0545EFF07FD7130505
:109BB000C402EFF0DFDF138501E3EFF05FE213157E
:109BC0008A0191456185EFF07FD74E85EFF0FFD098
:109BD000EFF0DFE69375F50F9387F5FF93F7F70F37
:109BE0001307D00F6378F70283C7C4B0372503008B
:109BF0001305C54893E717002386F4B0EF70821170
:109C00000545F2506254D2544259B259225A925ADE
:109C100021618280372503001305054DEF70820F07
:109C20000145C5B7B7570020938707B183C7C7B0B1
:109C3000858BA9E321C19DCD411126C2AA8441652E
:109C40007D1506C622C42E84EFF07FE60545EFF0B1
:109C50009FC2938701E3138501E323868700EFF01A
:109C60001FD8A2852244B240268592440146410174
:109C70006FF01FAC82800385419382800111B7474A
:109C8000002022CC938707B10564A29783C7C7B091
:109C900006CE2316010023070100858B8DE7416561
:109CA0007D15EFF0DFE00945EFF0FFBC930760F9A9
:109CB0001305C48A05466C002306F100EFF00FF08F
:109CC0000145EFF05FA8F240624405618280C1CD9A
:109CD000797126D206D622D44AD0B75400202380E8
:109CE0000500938404B183C7C4B0858BA9EB21C957
:109CF0002E842A89EFF0BFBAC167FD17AA856300D9
:109D0000F50493772500A1CB13060008A2854A85A8
:109D1000EFF07F9B83C7C4B0858B5D8D1375F50F06
:109D200011C523000400EFF07FF511A86800EFF0E3
:109D3000FFD283C7C4B0858B89CB23000400B25007
:109D40002254925402594561828083478101D10790
:109D5000238AF192C9BF65D537250300130505484D
:109D6000EF60527BC9B7828001C50CC12302050098
:109D7000828001C908413385A5401345F5FF7D81E7
:109D800082800145828015CD0347450001451DCBEA
:109D90009307F7FF05656D1793F7F70F1377F70F25
:109DA0001305853881EBBD67938707A663FCA70081
:109DB0003E858280E389E7FEFD17060593F7F70FDE
:109DC000D5B7014582800DC9411106C622C426C2FD
:109DD000834745001307F00F6385E70085072302DB
:109DE000F500AE842A84EFF01FFA269508C0B24031
:109DF0002244924441018280828001C50CC1230229
:109E00000500828081471397070141836378B7007B
:109E10008507B306F5008386F6FFF5F63A8582805E
:109E2000138781F98346E7080547938781F9639C87
:109E3000E60015472387E70803A7419883A607088C
:109E4000158F23A4E7080547238AE7048280239C13
:109E5000019223860102938781F9238E0170A382E8
:109E600007022393070223930704A38D0704239E6D
:109E70000704238E0102A38607042397070423887F
:109E80000704A38B070423A0070423A6070623982F
:109E90000706A38F070423A007068280938781F912
:109EA00083D6070403D727046392E6029306F5FFDF
:109EB000C206C1821306F00B01476367D6002391E7
:109EC00007042390A70405473A8582800147EDBF28
:109ED000938781F9373600401D459386417303D738
:109EE000270483D507046374B7028345B6406373C0
:109EF000B50082809305170036970347070023912A
:109F0000B7042304E640984F050798CFC9BF23A0A4
:109F100007048280938781F905472393E70403A709
:109F200041982382A702BA95CCD78280938781F982
:109F300005472383E70403A741983A95C8D7828051
:109F400008418280011122CC4EC652C406CE26CAD8
:109F50004AC82A8A13848193EFF0DFEA035704008A
:109F60001376F50F9306000C93071700B305F60060
:109F7000814963E8B6022A89939407011385C105D4
:109F8000C1802A97231094002300C700854911CA75
:109F90001379F90F2695D285CA94EF60B247231042
:109FA0009400F24062444E85D2444249B249224A6A
:109FB0000561828041119305000C26C206C622C4A9
:109FC000AA84EFF03FE49307F5FFC207C1831307AC
:109FD000E00B6360F7022A842A86A6851385417305
:109FE000EF60524322852244B240924441016FF017
:109FF000FFEAB2402244924401454101828041116E
:10A0000022C426C206C637E400E0B70400082320B5
:10A0100094180F1000009D450145EF70B005EF70DA
:10A02000100823209428938781F923890704238526
:10A030000702A388070423A0070423920704239D93
:10A040000192239E0192371700408327870A2244FA
:10A05000B240924493E707202324F70A8145130571
:10A06000003041016F70803F411106C6EFF05FDBA9
:10A07000EFF0FFF8EFF0BFDD371700408327C70C84
:10A080008D451305000293E707022326F70CEF70B6
:10A090002047138781F903578700C166FD16938710
:10A0A00081F96305D70005072394E70003A74198CA
:10A0B00013078725D8D705472382E702B24041011D
:10A0C0008280938781F903A6070803A74198238715
:10A0D000A708118F23A4E70803C737053546238255
:10A0E000E7026314C7006FF09FF103A7419898DB64
:10A0F0008280011122CC06CE1377B5FF89471384E5
:10A1000081F96319F70A83478405636AF7008507B5
:10A1100093F7F70F230CF4040D476396E7002AC664
:10A12000EFF0FFED3245A30304022304A4028947A4
:10A13000631BF5008357240141677D176385E700A2
:10A1400085072319F400834794021307F00F6385F2
:10A15000E7008507A304F402834794021947FD171B
:10A1600093F7F70F636CF704372703001307C75AF9
:10A170008A07BA979843B79704009386F73D938769
:10A18000073E63E9E60083D761939306803EB3F709
:10A19000D702BA9703A7419823030404F240BA9761
:10A1A0001CD885472304F404B5472302F402624413
:10A1B000056182808D47230CF40495B7B79704009E
:10A1C0009387073EC1BF011122CC4EC652C406CEB2
:10A1D00026CA4AC82A8AAE89EF3020340344650073
:10A1E0009D4763F8870693044502B73503002A8923
:10A1F0001D46938505902685EF60721F814729E1F2
:10A200009305F0021305B9024204EF60B2454180A4
:10A21000228711C5B304954013970401418323108D
:10A22000EA00AA8709E5B73703009387C78F23A001
:10A23000F9008547636487009337150093F7F70F9C
:10A24000F2406244D2444249B249224A3E85056105
:10A2500082808147F5B7411122C4138481F9834775
:10A26000240506C6B5E3239D019237170040A308D5
:10A270000404239E01928327870A23120404854540
:10A2800093E707202324F70A13050010EF70001D41
:10A290008D4513050020EF70601CEF70605A9945E2
:10A2A0000145EF70205D85450545EF70A05CB7E77F
:10A2B00000E03707000823A0E72885462309D404D7
:10A2C0002305D40223A0E710B2402244410182803A
:10A2D000938781F903C7C70401CB03C7B70409EB10
:10A2E000014685456F50F057014681456F50B01DBE
:10A2F000411122C406C6130720102310E50037477A
:10A300000020130707B18356270095452A842301AF
:10A31000D500035727002183A301E50083C7B704B5
:10A320002302F500EFD02FB3A302A400B2402244D1
:10A33000194541018280138781F90357A700C1663F
:10A34000FD16938781F96305D70005072395E7007C
:10A3500003C7A70505CF03C76706A38C0704238D92
:10A3600007042383070405CF411106C60145238353
:10A370000706EF70203029459760FF1FE780C03E39
:10A38000B24041011763FF1F6700432A03C7C70597
:10A3900019CBA38D0704238E0704238307042947C1
:10A3A0002382E702828003A7419823860704D8C34B
:10A3B000EDB7011106CE22CC26CA4AC84EC62A895C
:10A3C00052C4EFB04FBE93044507930500022685A3
:10A3D000EFF05FA3B73903002A84A1451385C99024
:10A3E000EFF05FA2B307A400C10703474900C2070B
:10A3F000C1836311F70603290900A6852A8A2286EC
:10A400004A85EF60C27EAA8431E5B30789000387DD
:10A4100007009307F0026315F702130514003D4689
:10A42000938501E74A95EF60827C19E913050401E1
:10A4300052869385C9904A95EF60627B93341500EC
:10A44000F240624413F5F40F4249D244B249224A21
:10A45000056182808144EDB7797126D252CCAE84F9
:10A460002A8AAA851385C1114AD04ECE06D622D497
:10A4700032C6B6893A89EF60B2213DC932469307A8
:10A4800019002A8401456366F60693050002528589
:10A49000EFF05F9722959306A0031307000283074E
:10A4A00005006380D706F59B638DE7048147A548C7
:10A4B0003307F5000308070093F6F70FB385F400A0
:10A4C000130608FD1376F60F63E4C80063ED260358
:10A4D0002380050063EC36018347070025470545C7
:10A4E000938707FD93F7F70F6365F7002380040058
:10A4F0000145B250225492540259F249624A4561D0
:10A500008280050569BF23800501850755B7411184
:10A5100022C426C22A84AE84B73503009385859071
:10A520001385C11106C6EF60B21631CD9307250021
:10A53000014693050002A5482943416E1308C00255
:10A54000038707006308B7020145014783C6070078
:10A55000938606FD93F6F60F63F0D80219C593763D
:10A56000F60F6314D4022390E400B24022449244D4
:10A57000410182808507E9B73307670285070545F2
:10A580003697E365C7FD0145CDB70387070085070B
:10A59000E30DB7FE0506E30507FBF5B71306F00B61
:10A5A000138741738386050099E2054582808357AE
:10A5B0000500636BF6001388170023100501BA9796
:10A5C00085052380D700F9BF0145828041115400E1
:10A5D000368681472947A54833F8E502850793F772
:10A5E000F70F130808032300060133D8E50263F6CA
:10A5F000B8000506C285E391E7FEB6979308F00B15
:10A6000013864173035705008385F7FF63EFE80066
:10A61000130817002310050132972300B700FD1718
:10A62000E392F6FE0545410182800145EDBF4111EF
:10A6300022C426C206C62A84AE84EFB0CF96930504
:10A6400045072285EFF09FF519E50145B240224408
:10A65000924441018280035704009307F00BE3E624
:10A66000E7FE930717002310F40093874173BA970E
:10A67000938501E71307F00222852380E700EFF0BE
:10A68000FFF161D5A6852285EFF05FF13335A0009B
:10A6900075BF397106DE22DC26DA4AD8AA842EC6B6
:10A6A000EF20B0678347D5000346C5008348050106
:10A6B000A207D18F0346E500034845018346050202
:10A6C0004206D18F0346F500034795010343D501A8
:10A6D00062065D8E8347150122072203A207B3E7B6
:10A6E000170183482501034E5500B245C208B3E760
:10A6F000F80083483501138401F7E208B3E8F80055
:10A7000083475501A207B3E70701034865014208E3
:10A71000B367F8000348750162083368F80083479F
:10A720001502A207D58F83462502C206D58F834620
:10A730003502E206DD8E834785015D8F8347A501E3
:10A74000C2075D8F8347B501E207D98F0347C50173
:10A750003363E3000347E5014207336367000347C0
:10A76000F501370508001305751C08C06145A30CE9
:10A77000C101231294002313A400230CB100230D64
:10A78000C10093558600A30DB10093550601618267
:10A79000A30EC10013D68800A30FC10013D6080171
:10A7A0002300C10213568800A301C10213560801F9
:10A7B0002302C10213D686002303D102A303C102E0
:10A7C000620713D60601E18233676700A304D10252
:10A7D00093D687003183230EB100230F110123018B
:10A7E000010393D88801135888012304C10223056B
:10A7F000F102A305D1022C0893D607016146E1833B
:10A8000013058400A306F1022317E102A30011033C
:10A81000A30201032306D102EF60C23F138501F7B3
:10A8200093050002EFB04FBF938781F91307200211
:10A83000238FE7040547A38CE7042310A402F250FA
:10A840006254D254425921618280011122CC26CA1D
:10A850002EC6AA8406CEEF20504C83D6A1939387B0
:10A8600081F9C20603C6F70503475500C182239E3E
:10A87000D19223830704A38007062391070623A60A
:10A8800007062398070623920704238497029D4610
:10A89000B245631AD6002147A38FE704F240624411
:10A8A000D24405618280A1466315D600A38F0704B8
:10A8B000F5B78947138481F96311F7048347440688
:10A8C000636DF702850793F7F70F2302F406054639
:10A8D0009306007D6387C700639DE70085669386C6
:10A8E000863883A74198BE9674DC9D47A30FF40475
:10A8F00075B7896693860671EDB785477D17A30204
:10A90000F4061377F70F8947E3E1E7FE0145EFF01F
:10A910005FD8E1BF411113064009814522C4138469
:10A9200081F9138581F906C626C24AC0EF803F9C93
:10A93000EF20B03E034715028347050222075D8FD3
:10A9400083472502138901E7C2075D8F83473502DC
:10A95000E207D98F3CDCEFA01FE5930545053D4696
:10A96000138501E7EF60022BBD45138501E7A307BF
:10A970000900EFB06FAA8567938787383375F502B2
:10A9800023070408239BA192B78700809387171899
:10A990001CD0239D0192239E0192EFA01FE211ED96
:10A9A000230204022244B2409244024937250300A4
:10A9B0001305855C41016F60224A81451305000241
:10A9C000EF601034EFF0AFE3372503001305855F28
:10A9D000EF6082482244B2409244024941016FF044
:10A9E000AFE8411122C4138481F906C6EFF04FC3CA
:10A9F000230504042306040423040404EFA0FFDB5E
:10AA000005E1EFF0CFC4EFF08FDF814513050002C1
:10AA1000EF60102FB24023020402224441018280E1
:10AA20002244B24041016FF02FE4411106C6EFA06D
:10AA3000DFD809C5B24041016FF00FE3B2404101D8
:10AA4000828005472380E1FE8280411106C6EFA087
:10AA5000DFD6814709C583C7F1FBB337F000B240A9
:10AA60003E8541018280938781F903C7270503C68C
:10AA70004702938681F92385E70203C76704A3850C
:10AA8000E70235478147631CE60003A74198905AC7
:10AA9000118F6356070083A74198B307F640DCCEB9
:10AAA000138581F98280138501E7828019E90545C4
:10AAB00082800545F2406244D2444249B249056170
:10AAC00082809387E5FF93F7F70F1307E003E360B6
:10AAD000F7FE011126CA4AC806CE22CC4EC6AE8465
:10AAE0002A89EFA09FCD19E11545E9B7EF20F022A3
:10AAF0008347550099C30D4575BF938781F903C7F7
:10AB0000E7088547138481F9E307F7FE83570404B8
:10AB1000FDF3834744029D461387D7FF1377F70F52
:10AB200063F9E60E31476386E70E3547E395E7FCA8
:10AB300083472405E9CF834709001307100493F7DF
:10AB4000F70DE398E7F6834719001307400593F7DD
:10AB5000F70DE390E7F601479306E005B307E90038
:10AB600083C70700811793F7F70FE3E4F6F40507AF
:10AB70009377F70FE3E497FE834744021547638E0C
:10AB8000E70831476393E700A947A309F40483D793
:10AB9000A193C207C183938941732686CA85138511
:10ABA0004173239EF1922322040423180404EF60CE
:10ABB0006206B3879900354789042380E70026851C
:10ABC0002947A380E700EFF06FAD15D583A7419823
:10ABD000A30A9404230B04042320F4081C4C23121E
:10ABE000F4085C482313F4088357C4088507C20798
:10ABF000C18395C72316F408854723240408231727
:10AC0000F40823080408230A0404014565B5EFF09D
:10AC10008FE48347240585F3C1BD9147BDB78547C0
:10AC2000D1BF83C761020545639BA700411115454C
:10AC300006C6EFF00FC9B240014541018280828013
:10AC4000938781F903C7E7088547138581F963195D
:10AC5000F70083A7419803270508998F2324F50857
:10AC6000130585088280938781F9884F83D7470829
:10AC70001D8D420541818280938781F9C84B83D71E
:10AC800067081D8D420541818280411126C293874C
:10AC900081F906C622C403C40709938481F963F3CA
:10ACA00085002E841374F40F19C511C42286938570
:10ACB0004173EF50327603C7E40885476304F70019
:10ACC000238AF4042285B2402244924441018280C6
:10ACD0006D71D2DD2326111023248110DAD9EAD137
:10ACE0002322911023202111CEDFD6DBDED7E2D53F
:10ACF000E6D3EECF03A44198EFA0FFAA2A8BEFA0E2
:10AD0000DFAB138D81F90DE983474D0299C3EFF055
:10AD10005FCD8320C11003248110832441100329B7
:10AD20000110FE596E5ADE5A4E5BBE5B2E5C9E5C75
:10AD30000E5DFE4D5161828003472D050DCFEFF072
:10AD40002F99930B100C938CC131938AC111138CE2
:10AD5000C1039386C19303D6060003D7A19342078C
:10AD600041836308C700FD1BC20B93DB0B01639992
:10AD70000B06EFF0EF958346ED0805476384E60088
:10AD80006F10602103470D091DEF03476D0563EC4C
:10AD9000E60283560D0485EA05071306C02B330728
:10ADA000C70283260D08B306D4403387E640634CC0
:10ADB000070003455D05EFF06F8E11C503476D0574
:10ADC0000507230BED047D7783270D08130787C73D
:10ADD0003A941D8CE34F04F21145EFF08FAE15BF8E
:10ADE00003D7060083491D0666970345070003D76E
:10ADF00006001375F50F05071377F73F1316850146
:10AE00002390E600054761866390E91635476305A0
:10AE1000E6002947631DE60003574D041DDB294763
:10AE20006317E60099454145EFF03FA21DB7035770
:10AE30004D049306F01F1309170063F526019D4585
:10AE40001D45DDB7931509015697C1812300C70041
:10AE50002312BD041307C002938DC111E31BE6EE5C
:10AE600083462D061147850693F8F60F23011D072B
:10AE7000E391E8EE03473D0625E30358CD0646C2BD
:10AE800042C02D47E370B7FAB72503002D469385DE
:10AE900005631385C111EF50925549F50248924858
:10AEA0006E991387BD0093050002254EA94E416F90
:10AEB0001303C002E37827F7830607006388B6020E
:10AEC0000146014583460700938606FD93F6F60F7B
:10AED0006370DE021DE6B9B783568D060357AD06D3
:10AEE000998E139806011358080151BF0507D9B769
:10AEF0003305D5033695E377E5F305074E86E3631F
:10AF000027FD9386F8FF93F8F60F63950804E37B1B
:10AF100027F103060700930617001307C002E31387
:10AF2000E6F0131705014183E31ED9EE9306F7FF00
:10AF3000C206C1821306F00EE366D6EEE364E8EEC5
:10AF40002317ED0623180D060947A300ED0623126B
:10AF50000D0401B5E37827ED030607000507E30BB1
:10AF6000B6FEE30966F47DBD09476395E90683569D
:10AF70000D071307F00EE367D7EA138701E836974A
:10AF80001386160042062300A7000357ED064182F0
:10AF90002318CD06E31FE6DA03473D0609EB035706
:10AFA000CD063306C7402316CD060D4779BF03559E
:10AFB000AD0603274D07938501E83A95EF20806D94
:10AFC000E31205E60357AD068356ED0636972315C3
:10AFD000ED06E1BF9306E00303470D056315D608B0
:10AFE00083454D02AD466384D5006F1030352DEF9B
:10AFF0000347CD0523120D04A3080D0405C383C523
:10B0000081939306000C138641731385C105EF20CD
:10B0100060061DE91945EFF0CF8D25BB0347AD054F
:10B0200011CB9306000C138641738345ED05138500
:10B0300001F7F1BF0818EFF0AFA9AA859306000C3D
:10B04000138641730818E1B7EFE05FE561D5054766
:10B050002308ED0403A74198896693860671369705
:10B060002326ED02FDB101CB03574D0409E7130779
:10B070000002E300E6CE3547E30DE6CCA9460347E0
:10B080001D056304D6006F00B06C51EF835D4D0465
:10B09000638B0D088346ED083387BA012300070050
:10B0A00005476394E60C83460D0913978601618773
:10B0B000635BE000138716002308ED0813874173D4
:10B0C00036972300C70003470D0913090008EE89CE
:10B0D0003309E9404209135909016373B901CA8967
:10B0E000C20993D90901638F0900138541734E8604
:10B0F0003A959385C1113AC0EF50D2310247BA99BF
:10B1000023083D096375B9010547A307ED08B72575
:10B1100003009385C5631385C111EF80CFA709E9AB
:10B120000945EFE01FFA23120D04A3080D0415B121
:10B13000B7250300938505641385C111EF80AFA582
:10B140001DC1B7250300938585641385C111EF5098
:10B15000325411E9B7250300938545651385C11164
:10B16000EF50125369D10D456DBF1010EE85568515
:10B1700003494D02EF10903B0547AA896311E53062
:10B180000810EFF00FA3630905220357C10263F50E
:10B19000E922A25613063004038706001377F7FD51
:10B1A000631CC72083861600130770036396E6208E
:10B1B0000810EFF00FA025D98355C1022255930640
:10B1C000000A1018EF10F06F2547E37EA7F48346BE
:10B1D00001031307700CE398E6F4834D1103054750
:10B1E000E393EDF4034771030348610322073368D7
:10B1F000070113076009E36807F31307A800E314C6
:10B20000E5F2930588001C183386B70083461600C4
:10B21000034606008348410303475103A206C205C3
:10B22000D18EC1813E8536C0034921038359410334
:10B2300046C63AC442C2EFA03F9E8246E395A6EEC0
:10B240002247B24899461315870033651501124805
:10B25000630ED90C63E9260515476302E906914D93
:10B2600037070400230C21011307771C138901F70A
:10B27000A30CB1012320E90009472313E900035778
:10B28000810123123901A9452314E900138501F72F
:10B29000EFA09F983147230FED0405472315A90020
:10B2A000A30CED0449B51D476305E90C2147E318DC
:10B2B000E9FAE31708FA8145EFF0AFBDADB53147C4
:10B2C000E37007FB034741044D18E31B07F92818F7
:10B2D0003AC2EFE0FFC6AA8D6818EFE07FC62AC029
:10B2E0008800EFE0FFC5124782452A869306510485
:10B2F0006E85EF20A023AA8D25F523120D06232E9F
:10B300000D06EF2080218346150203470502A206A1
:10B31000D98E034725024207D98E034735022304FD
:10B320000D026207558F232CED061DBF1147E3194F
:10B33000E8F22818EFE0DFC02AC0EF20001E8346A5
:10B340001501034705010246A206D98E03472501D0
:10B350004207D98E034735016207558FE312E6F0A5
:10B36000EF206062AA8DE31D05EE05472303ED067D
:10B37000C5BDE31708EEEF20C062AA8DE31205EE0B
:10B380000347FD0523120D06232E0D06232C0D0663
:10B3900023040D02E30607EC1D4723030D04A3005D
:10B3A0000D0623110D0623260D0623180D06231264
:10B3B0000D04A30FED046DB50810EFE09FFFE3044B
:10B3C00005D68355C1022255C9461018EF10704F9B
:10B3D0004947630FE5000357ED00C166FD1663059D
:10B3E000D70005072317ED0021472304ED0225BBF5
:10B3F000834601033547E390E6FE83461103054784
:10B40000E39BE6FC03473103834621032207558F64
:10B4100079F30347510303464103B746002083D61F
:10B4200026B12207518FE398E6FAC9450818EFC004
:10B430008FA555D10546C9450818EF40701513076B
:10B44000F00FE30AE5F815E10357CD00C166FD16DC
:10B450006305D70005072316ED000547A304AD04D7
:10B460002305ED042304ED047DB90357ED00C16607
:10B47000FD16E304D7FE05072317ED00F9BFF956C3
:10B48000E304D5F68349FD056386092E938699FF6B
:10B4900093F6F60F636CD702B72503009385C56357
:10B4A0005685EF705FEF1DC1B725030093850564D6
:10B4B0005685EF705FEE19C9B72503009385856443
:10B4C0001385C111EF50D21CE30F05C4B72503004B
:10B4D000938505661385C111EF50921B15C993051D
:10B4E000A0031385C111EF50F21793060002E30C7D
:10B4F00005C2050503070500E30DD7FE130707FD89
:10B500001377F70F8D46E3E0E6C22300ED0621B97D
:10B51000B7250300938505671385C111EF505217B6
:10B5200061C1B72503009385C5671385C111EF502D
:10B53000321615C10C18054523180102EFE03FFD36
:10B5400083560103054729456383E6003D45994538
:10B55000EFF0AFAFC9BEB7250300938545681385EB
:10B56000C111EF50F2122DCD0C180945231C01001A
:10B5700023180102EFE0BFF9AA894C080D45EFE05E
:10B580001FF92A8911E96389090003570103054955
:10B5900023180102231AE1002C080545EFE03FF7CC
:10B5A00019CD630E0900835681011307E00C6398DF
:10B5B000E60083568D06035741016385E6009545F5
:10B5C0003D4579B70357010323030D042316ED0608
:10B5D00013371700A301ED061947A30FED04A1B619
:10B5E00019476396E90E03491D060D476311E90EDD
:10B5F000B72503009385C5631385C111EF70BFD9CB
:10B60000E31305B203473D06A3000D0623030D0413
:10B6100001EB0357CD0669F30547A301ED066DBFA6
:10B620000357AD0683568D06E368D7FA83294D0785
:10B6300023020D06232E0D06BA9923040D02EF10E6
:10B64000D06D8346550103474501A206D98E0347B5
:10B6500065014207D98E034775016207558F63EA7A
:10B66000E900EF20001C19E11D4785BF99454145C0
:10B67000C5B5EF10906A8346150203470502A2067E
:10B68000D98E034725024207D98E03473502620748
:10B69000558F83268D0763F9E602EF101068834605
:10B6A0001502034705028145A206D98E03472502EC
:10B6B0004207D98E0347350201456207558F232C77
:10B6C000ED06EFE01FFD4DB7A30F2D05A9BCB72573
:10B6D0000300938505641385C111EF70DFCB11C999
:10B6E000B7250300938585641385C111EF50427A15
:10B6F00015C11D476396E90023030D042147F1BDE1
:10B7000021476397E90023030D04A30F0D0421BC17
:10B7100091457DB5B72503009385C5631385C11198
:10B72000EF707FC7E31105A0FD1923030D0493F902
:10B73000F90F1D47E369379F372703001307C750E9
:10B740008A09BA9903A709000287094779B50D4705
:10B7500069B5114759B51547A30FED0405472303F4
:10B76000ED0403A74198BD66938606A63697232667
:10B77000ED0255BAB72503009385C5685685EF508D
:10B78000227151C17D570C1805452318E102EFE0E5
:10B790001FD8035701030DC905EB2147E315E998AD
:10B7A00003477D04936627000D8BA303DD04136715
:10B7B00027008D46E319D79603A7419823030D046C
:10B7C0002328ED0225471DA085466314D7021307E1
:10B7D00010102313ED0403A741989166938686A960
:10B7E00036972326ED02A3030D0221472302ED0223
:10B7F0001DBA89466315D7001D47E306E99219452E
:10B80000EFE03F8F0DB2B72503009385056A56859B
:10B81000EF5002686DF5B72503009385856B56855B
:10B82000EF5002676306050E0C180945EFE03FCEA6
:10B8300079D5835601030947E363D7FC0547A30382
:10B84000ED0203A741982320ED003147239CE192AC
:10B8500041679389C1051307771C23A0E9003717B7
:10B86000020013073761372503002392090023A440
:10B87000E900B1451305056D23030D0423140D02E2
:10B88000230C0D04EFE00FEC138981930DE52310D9
:10B8900009000357090083A641983337E000A30D40
:10B8A000ED0405472304ED0403D76193369723285D
:10B8B000ED02294725BFBD451385C102EFE08FE8A2
:10B8C00079D5D9451385C171EFE0CFE769D1C1457D
:10B8D0006285EFE02FE745DD835509001385C1053B
:10B8E000138785FF2393E900EFA00FB303570900E7
:10B8F000B386E9002380A6009306270005074207C8
:10B900004183BA9921812310D9002380A90051B71E
:10B91000B72503009385856D1385C111EF504257FC
:10B9200001CD2D47E311E98003470D05630D07FEA7
:10B93000EFE07FA06FF02FFFB72503009385056F21
:10B940001385C111EF50C25409CDB725030093856B
:10B95000856F1385C111EF50A25301C50547A3029E
:10B96000ED0211476314E9068346DD05054763963A
:10B97000E602B7250300938505701385C111EF50CA
:10B98000225129C5372503003D47BD4641469385D1
:10B99000C10213058570EFE03FAC8346DD05094722
:10B9A0006396E602B7250300938505711385C111DF
:10B9B000EF50024E01CD372503005947CD465D4675
:10B9C0009385C17113058571EFE01FA9B7250300A9
:10B9D000938505721385C111EF50824B05CD9305F8
:10B9E0002002EF5022481DC53768FF0305050146B8
:10B9F000130E20027943E5480508930EF0058305F0
:10BA0000050089C56384C5016375C3043307CC0091
:10BA100023000700B7250300938585721385C111A4
:10BA2000EF50024761C59305A0031385C111EF5084
:10BA30006243930615001306000229ED23030D024D
:10BA4000130769FF1377F70F894663E1E60A154587
:10BA500045BB13F7F50F9376F7FD9386F6FB93F648
:10BA6000F60F050563F9D80001171377F70F63FD8B
:10BA7000E800E396D5F93307CC00930616002300BF
:10BA8000B70013F6F60FA5BF3357E800058B65F72F
:10BA9000BDB7850603870600E30DC7FE130707FD44
:10BAA0001377F70F2546E36BE6F88506930500024A
:10BAB000038606006302B60E9305C0026310B60249
:10BAC000850613060002038706006309C70C1307E7
:10BAD00007FD1377F70FA546E3E2E6F61377B70FF6
:10BAE0007D17133717002303ED0239DBB725030059
:10BAF000938505731385C111EF50823939C59305BC
:10BB0000A0031385C111EF50E23521C105051307CC
:10BB10000002830605006385E60801472546A9451E
:10BB200083460500938606FD93F6F60F637CD606E2
:10BB30007D46930610F86368E60006071307F7F8DA
:10BB400093168701E1862300DD02B7250300938564
:10BB500085731385C111EF50A233630C050E930555
:10BB6000A0031385C111EF50E22F02D802DA02DCE4
:10BB70006DC10505930801030148130E0002A54E8F
:10BB8000294F954F9302C0021943030705008145D1
:10BB9000631AC7030505D5BF850619BF850625B7F6
:10BBA000050585BF3307B702050536974207418370
:10BBB00085BF03D70800050585453307E70336979A
:10BBC0002390E80003060500130706FD9376F70FA0
:10BBD000E3F1DEFEBDCD6305F8010505631B5606E6
:10BBE00005081378F80F8908E31168FA0357010371
:10BBF0009306F003130610F863E7E600130717F93E
:10BC0000131687016186138781F92300C702035742
:10BC1000810393052002938681F9617663EAE5004A
:10BC200015463307C7021307D7F3131607014186DA
:10BC30000357A1032391C60293051006130610F8BB
:10BC400063E7E50013074707131687016186A380A2
:10BC5000C602B7250300938505741385C111EF5003
:10BC6000222359C51018EE851385C111EF10C0238A
:10BC700041C1C256034761034C0836CC8356410389
:10BC80002808230FE100231ED100EF30E07B2DC1F7
:10BC900003158103130740383307E5025245634516
:10BCA00007046367E504198D37374F9C1307073086
:10BCB000B7364F1C2A979386860763EBE602EF3070
:10BCC0007012EF303025A307AD041DC1EF30F02412
:10BCD00023AEA19603A74198B796490193860670B3
:10BCE0003697232EED0229A09306F7FFE3FDA6FA6F
:10BCF000B7250300938505641385C111EF70AFE983
:10BD0000938981F911C9B72503009385856413854B
:10BD1000C111EF50E2174DCD11476315E9020347FA
:10BD2000DD0519CF894663E5E6000507A30EED049E
:10BD300003A7419823030D042328ED026FF0AFBE43
:10BD400011457DBC9946631AD9028346DD04054638
:10BD50006399C60003A7419823030D041307873E88
:10BD6000E1BF0D46E395C6CEA30EED04A3060D0478
:10BD700023030D0403A74198C1B7B146631FD9003F
:10BD80008346DD0409476396E60003A74198232C08
:10BD9000ED0223830904294719AA9D466313D9029A
:10BDA00003C77905E31D07A40547A38BE90403A78F
:10BDB0004198238309041307470623A8E9026FF07B
:10BDC0008FB665191379F90FE37B27A30D450DBCD9
:10BDD000B72503009385C5631385C111EF70AFDBF1
:10BDE000631305B421476318E90203477D04936692
:10BDF00017000D8BA303DD04136717008D4663172F
:10BE0000D70023030D0403A741985DBA0547230318
:10BE1000ED046FF04FB125476318E90013071010C8
:10BE20002393E9046FF02FB0751923830904137964
:10BE3000F90F636A27AF372703001307C7520A09B0
:10BE40003A990327090002873725030013058574F3
:10BE500023870904EFE00F96630705AC856593859A
:10BE600085BB1145EFE00F8B6FF0EFAB03C7D90532
:10BE700019EF83C6590291E603A741981307077D7E
:10BE80002DBF8546A38ED90403A741983DB78946A7
:10BE900063EBE6A80507A38EE904FDB783A64198E6
:10BEA00003A7419823AAD90223A8E90219472382AC
:10BEB000E9026FF04FA783C6D9040D476397E600E8
:10BEC0001147A38EE904A386090403C769029306F8
:10BED000803E19E39306007D03A741983697F1BD94
:10BEE00003C77905854563E0E50205071377F70F7A
:10BEF000A38BE9041306800C6303B700014603A774
:10BF0000419832975DBD03A7419823A8E9022147D4
:10BF100079BF03C70905630807A003C7A90583C63E
:10BF2000C905558FE31C07EEEF90FF878346650038
:10BF30000547E385E6EEEDBA03C7D90489461377D2
:10BF4000B70FE31AD7E403A7419823ACE902A1B5E0
:10BF500019C36FE01FE003574D049305F01F9306CC
:10BF6000170063F3D5020547A308ED0403570D013D
:10BF7000C166FD166305D70005072318ED001D47B0
:10BF80002304ED026FE0FFDC56972312DD0423004B
:10BF9000C7006FE01FDC99CE03474D0501EF7177B5
:10BFA00083260D08130787562297158F63540700C1
:10BFB0006FE03FD60347FD056305073C03466D046C
:10BFC00001CE8326CD02158C634804009D453D4576
:10BFD000EFE0BF876FE0FFD383560D0499C26FE097
:10BFE0005FD319C26FE0FFD27D171377F70F9D461D
:10BFF00063F4E6006FE0FFD1B72603000A079386DB
:10C000004655369718430287EF1020512A840C18A2
:10C01000280823100102EFE00F9B4DD9B72503003C
:10C02000938505750810EFE06FD74DD183578101D7
:10C03000130544021306F00B938641738DE7B72571
:10C0400003009385C57A0810EFE04FD541D1035521
:10C050000102EFD0BFE43DD91165130585A9EFD0EA
:10C06000FFEC6FE01FCB03570102E361E6F68305A7
:10C070000500FD1713081700C2073697C183231068
:10C0800001032300B700050555BFB72503009385BD
:10C090004576081823180102EFE04FD005D98345F3
:10C0A0000D060818EFE08FD2E30205F2B725030072
:10C0B0009385C5770818EFE06FCEE30905F00355C7
:10C0C0000103EFD0BFDDE30305F00565130585BB74
:10C0D00079B7EF108044AA842318010223150D06B6
:10C0E00023160D06A3010D06EF10E043232AAD062B
:10C0F00003C7540183C544012A8422074D8F83C599
:10C100006401C2054D8F83C57401E205D98DB384E6
:10C11000A5400567637397008564B7250300938581
:10C120008578081823149D06EFE04FC7E30005EA61
:10C1300083450D060818EFE06FC9E30905E8B72548
:10C140000300938585790818EFE04FC5E30005E803
:10C15000A2850818EFE08FC7E30A05E6035701033D
:10C160009307F00BE3E4E7E6930717002318F102C7
:10C17000938741739305F4FFBA97A6951307D002EE
:10C1800008182380E700EFE06FC4E30105E4B7255A
:10C1900003009385C57A39BFEF102038AA840C18A4
:10C1A000280823100102EFE00F82E30105E2425765
:10C1B0009306F002030607006316D6000307170074
:10C1C000054401CB03C4640003578101198C420468
:10C1D0004180B72503009385057B0810EFE00FBC75
:10C1E000E30605DE83450D060810EFE02FBEE30FE2
:10C1F00005DCB72503009385457C0810EFE00FBAF6
:10C20000E30605DCC2571306F00B3E94420441805E
:10C210009386417313970701418363158702B725FE
:10C2200003009385C57A0810EFE04FB7E30005DA05
:10C2300003550102EFD09FC6E30A05D83D651305FB
:10C2400005A631BD03570102E362E6D88507838561
:10C25000F7FF1305170036972310A1022300B7003C
:10C2600055BF03473D0671E78359CD0623180102E8
:10C27000E38E09D4B72503009385C57C0818EFE049
:10C28000EFB1E30505D483450D060818EFE00FB4C0
:10C29000E30E05D2035701031309F00BE368E9D25B
:10C2A00083453D0613844173930617009304C0022F
:10C2B000229708182318D10223009700EFE00FB14E
:10C2C000E30605D003570103E362E9D093061700A4
:10C2D0003A942318D102230094001307000FCE854F
:10C2E000637437019305000FC205C1810818EFE0A0
:10C2F000EFADE30D05CCB72503009385C574081891
:10C30000EFE0CFA9E30405CC03550103EFD01FB93B
:10C31000E30E05CA05470565A300ED0623010D06DA
:10C3200023170D0623180D0623120D041305853857
:10C330003DB303578D068356AD06158F931907013C
:10C3400093D9090125B7B725030023180102938566
:10C35000C57D0818EFE08FA4E30A05C683450D06E6
:10C360000818EFE0AFA6E30305C6B72503009385E1
:10C37000C57489B3B7250300231801029385C57ED0
:10C38000C9BF83464D0229476392E60803479D05CE
:10C3900035EFEF1080188344550005496395240359
:10C3A00003475D0625E7EF106026AA8519E16FE0D7
:10C3B0005F9641472304ED02A3029D060145EFE08D
:10C3C0004FAD6FE01F950947639CE406EF10E01442
:10C3D0000347650005CF03475D060DEB0327CD0737
:10C3E0003307E44063440702EF10E03CAA8519E5F7
:10C3F000A30F2D0523000D066FE0BF9141470145B6
:10C400002304ED02A3022D07EFE0AFA803476D045C
:10C4100061CB8326CD02B306D44063C3060C034729
:10C420004D0291466315D7040347DD054DC7894684
:10C4300063E5E6000507A30EED0423030D0499A0B0
:10C440000D47E395E4FCEF10400D034765005DDF09
:10C45000EF106043AA853DD11307A5FF1377D70FCF
:10C4600019C36FE01F8B41472304ED0281BF0D46C6
:10C47000631EC7008346ED04636FD70423030D04D6
:10C480001304840C23288D026FE0BF889945631341
:10C49000B7020347DD0485456317B70023030D0486
:10C4A0001304843EC5B76318C702A30EDD04A306B8
:10C4B0000D0461B7B1466310D7028346DD04094716
:10C4C0006394E600232C8D0223030D0429472302E5
:10C4D000ED026FE01F840945EFD0BFC16FE07F839D
:10C4E00083560D0499C26FE0DF8283464D023546C4
:10C4F0006374D6006FE0FF81372603008A061306B7
:10C500004657B296944282860327CD023307E44011
:10C51000635407006FE0EFFF814513050002EF4011
:10C52000307E0D67130707EE3A9423288D020947E2
:10C5300079BF03270D03198C635404006FE06FFD6E
:10C54000EFD07FD1372503001305C57FEFD09FA61D
:10C55000054719E16FE0EFFB85652307ED0493853F
:10C5600085BB0D45EFD01F9B6FE0AFFA19C36FE09D
:10C570004FFA03270D03198C635404006FE06FF921
:10C58000372503001305C57FEFD0DFA219E16FE067
:10C590004FF80347ED040507C1B719C36FE06FF704
:10C5A00003270D03198C635404006FE08FF60347D3
:10C5B000DD0509EF3735030013054580EFD09F9F58
:10C5C00011C58565938585BB114569BF8346DD052A
:10C5D00005476399E6003735030013050581EFD061
:10C5E0007F9D65F18346DD0509476399E600373590
:10C5F00003001305C581EFD0FF9B61F50347DD05FF
:10C60000894763E4E7006FE0CFF0EF90CF99B7354B
:10C6100003002A8493858582081823180102EFD02D
:10C62000FFF763080544034754008547630FF70489
:10C63000B72503009385C5620818EFD03FF6630A5B
:10C640000542B7350300938585830818EFD01FF5A1
:10C6500063010542930504040818EFD03FF4630A10
:10C660000540B72503009385C57A0818EFD01FF35E
:10C670006301054003550103EFD05F82630B053E64
:10C680008565938585BB1545F1BDB7250300938569
:10C6900045625DB78346FB008345EB0003264D03EF
:10C6A000A206CD8E9305803EB386B6023306C44003
:10C6B0001545E373D6E219C36FE0AFE503270D0319
:10C6C0003307E440635407006FE0AFE403476D02B3
:10C6D00025CF0347FD0411E70346ED04894663F3C4
:10C6E000C6048344DD058D466392D40237350300CA
:10C6F0001305C583EFD01F8C19E16FE08FE1A3060E
:10C700009D048565938585BB1945A9BD01EB372738
:10C7100009001307077C2297232EED0223288D02A0
:10C720001D4775B33735030013058584EFD09F8807
:10C7300019E16FE00FDE0547A306ED040347ED04A2
:10C7400005072307ED0475BF37350300130545853D
:10C75000EFD05F8619E16FE0CFDBA3060D0455B77C
:10C7600083060B0199EE05472304ED023797040079
:10C770001307073E3A94230C0D0423288D023547F6
:10C78000B9B319C36FE0EFD803270D03198C6354B5
:10C7900004006FE00FD823180102EF90CF80834789
:10C7A0007D052A848DE7B735030093850586081833
:10C7B000EFD0DFDE630F052A03550103EFD00FEE44
:10C7C0006309052A8565938585BB1D4561BB0547C2
:10C7D000639BE702B7350300938505870818EFD000
:10C7E000FFDB630805288347B4008345A400A20744
:10C7F000DD8D0818EFD09FDD630D0526B7250300FA
:10C800009385C5746DB7B73503009385C58808183F
:10C81000EFD0DFD8630F052483457400D9BF19C357
:10C820006FE02FCF83270D031D8C635404006FE04E
:10C830004FCEEF805FF7B73503002A849385458A92
:10C84000081823180102EFD07FD563040522930551
:10C8500004010818EFD09FD4630D0520B7350300FD
:10C86000938585900818EFD07FD363040520834714
:10C870009400834584000818A207DD8DEFD01FD5F2
:10C880006309051EB72503009385857C0818EFD042
:10C89000FFD06300051E938501E70818EFD01FD075
:10C8A0006309051CB73503009385458B0818EFD045
:10C8B000FFCE6300051C03550103EFD02FDE630A92
:10C8C000051A9165938585A9214569B919C36FE05A
:10C8D0004FC483270D031D8C635404006FE06FC3A6
:10C8E000B73503009385058C081823180102EFD093
:10C8F000FFCA63000518B73503009385C590081873
:10C90000EFD0FFD263070516B73503009385058D79
:10C910000818EFD0BFC8630E0514B7250300938530
:10C92000C5740818EFD09FC76305051403550103AC
:10C93000EFD0CFD6630F05129165938585A9254564
:10C9400015B183469D059DEE0346BD0503478D0445
:10C95000518F09CB03270D033307E44063540702CB
:10C96000631B06100347DB008345CB0003264D0005
:10C9700022074D8F9305803E3307B7023306C4402C
:10C98000636BE60E23100102230DDD04014789E6E7
:10C990000347BD053337E000230EED04D5C603443D
:10C9A000ED05B73503009385458D0810EFD01FBF07
:10C9B00069C1B73503009385458E0810EFD03FC796
:10C9C0004DC9B7350300938585900810EFD01FBD82
:10C9D0004DC10347AD058346CD058545558F09E714
:10C9E000EF807FDC834565000810EFD03FBE51C16A
:10C9F000B73503009385858E0810EFD03FBA35C94F
:10CA000093151400C205C1810810EFD03FBC35C199
:10CA1000B72503009385C5740810EFD03FB831C91E
:10CA200003550102EFD08FC729C50347AD058346E3
:10CA3000CD05558F19E323040D04856523080D04E6
:10CA4000938585382D4539BE01C703D4819391BFA5
:10CA50000347AD04081823050D042306ED0403471E
:10CA60009D04A305ED04EFD0BF861314050141809A
:10CA70000DF8054595B40327CD033307E44063481B
:10CA800007023735030013058584EFD0AFD205C107
:10CA90000547A306ED04372709001307077C3A94DE
:10CAA000232E8D028565938585BB314565BC0327A3
:10CAB0008D03198C3D671307F7A5636487006FE04A
:10CAC0004FA5373503001305058FEFD0AFCE19E121
:10CAD0006FE02FA41947A306ED04E9B703270D0360
:10CAE0003307E440635407006FE0AFA203478D05AE
:10CAF00019E7379704001307073E3A9461B2854659
:10CB0000631AD70003472D0519E3EFD0CFF4A30B29
:10CB10000D0429B18946631FD70003472D0519E38A
:10CB2000EFD06FF3232A8D0223288D0223030D02F9
:10CB3000194771BAEFD04FD36FE0AF9D19E36FE0A3
:10CB4000EFD36FE06FD237078000DD464D07637D7E
:10CB5000B50083470500DD1793F7F70F63E6F6008E
:10CB6000B357F700858B91E382800505CDB701119E
:10CB70004AC82A89084122CC26CA4EC652C4AE8968
:10CB8000328A06CEEFF03FFC37A799198144014461
:10CB9000A546130797991546A945637A350183473A
:10CBA0000500938707FD93F7F70F63F3F60281C83B
:10CBB000CE85EFF05FF92320A90023208A00F24000
:10CBC000624426854249D244B249224A05618280A4
:10CBD000636C87006314E4006368F6003304B402F6
:10CBE000050585443E9455BF8144D1BF011122CC37
:10CBF0002A84084126CA06CEAE8432C6EFF0BFF4BE
:10CC000063719502030705003246AA870145631543
:10CC1000C70085071CC00545F2406244D244056147
:10CC200082800145D5BF011122CC2A84084126CA41
:10CC300006CEAE8432C636C4EFF0FFF063729506BE
:10CC400083050500930720020147639DF502A24674
:10CC500032460505AA87930520021308C005FD4842
:10CC600063809704038707006314B702B385A74066
:10CC70004168014763F8050108C22390B6008507A3
:10CC80001CC00547F2406244D2443A850561828067
:10CC9000630807011377F70F63F4E8008507C9B746
:10CCA0000147CDB7144101471388260063EE050301
:10CCB00083C70600A5480147938507FD93F5F50F47
:10CCC00063E4B80283C61600938506FD93F5F50F5D
:10CCD00063ECB8002947B387E702C1160547B6974A
:10CCE0002300F600232005013A8582801377F50F93
:10CCF000930707FD93F7F70FA5461395870163F593
:10CD0000F6029307F7FB93F7F70F9546130597FC89
:10CD100063FBF6009307F7F993F7F70F7D5563E68A
:10CD2000F600130597FA62056185828011E97D5549
:10CD300082807D55B25022549254025945618280BE
:10CD40007DD6A147E3F5B7FE797122D406D626D267
:10CD50004AD03304B500B5462947636B8500B30755
:10CD6000A440C207C1832147636CF7000145D9B7CE
:10CD70008307F4FF6384D700E393E7FE7D14F1BFDC
:10CD8000B735030032899385C5922546AA84EF30D2
:10CD9000126669FD138594002AC634001008A28526
:10CDA0006800EFF05FE851D5035781009D47E31F0E
:10CDB000F7FA4245B73503001D4693850591EF30DC
:10CDC00012634DF51306C002A2856800EFF01FE262
:10CDD0002DD15008A2856800EFF07FD939D9D2470C
:10CDE000A9FB1306C002A2856800EFF03FE031D135
:10CDF0005008A2856800EFF09FD705DD1306C0023A
:10CE0000A2856800EFF09FDE0DD59306A1004A864B
:10CE1000A2856800EFF03FE1E30D05F00357A100A4
:10CE20009307F00FE3E7E7F01306C002A28568005E
:10CE3000EFF0DFDBE30F05EE3008A2856800EFF0CE
:10CE40001FD3E30805EE1306C002A2856800EFF0C9
:10CE5000FFD9E30005EE7008A2856800EFF03FD12E
:10CE6000E30905EC1306C002A2856800EFF01FD8A5
:10CE7000E30105EC3245A285EFF0FFCC8357A1001A
:10CE8000098C231689002302F900F2474204232467
:10CE9000A9004180E31FF4E86247E36CF7E8054529
:10CEA000E38AE7E8795579B56304051C6302061C3B
:10CEB000994763FFB71A797122D42E84B7450300CE
:10CEC00026D2938545D4B28419464AD006D64ECE92
:10CED0002A892AC6EF30B251631405184A94A285F4
:10CEE00013056900EFF03FC6637C851693071500B4
:10CEF0003EC603070500930720026313F7161306C7
:10CF0000A100A2856800EFF0FFD9630B051413069A
:10CF1000F002A2856800EFF07FCD6303051413864D
:10CF20002400A2856800EFF0FFD7630B05121306FB
:10CF3000F002A2856800EFF07FCB63030512138631
:10CF40003400A2856800EFF0FFD5630B05101306CF
:10CF5000C002A2856800EFF07FC963030510138645
:10CF60004400A2856800EFF0FFD3630B050E1306A3
:10CF7000A003A2856800EFF07FC77DC1138654002F
:10CF8000A2856800EFF01FD261CD1306A003A28531
:10CF90006800EFF0BFC569C513866400A28568000C
:10CFA000EFF05FD055CD3247637C870A8347070097
:10CFB000938757FD93F7D70FC5E7930717003EC632
:10CFC000030707009307B00285496303F700FD5983
:10CFD0001306B100A2856800EFF0DFCC51C1034910
:10CFE000B1009307000663ED2707B24763FA87068F
:10CFF000138517002AC603870700930720026311D1
:10D00000F706A285EFF03FB4631CA404330939038B
:10D010008347A1002D479387077D2390F40083C7A2
:10D020002400FD172394240193F7F70F636AF70296
:10D0300083C734007947FD1793F7F70F6362F70250
:10D0400003C74400DD4763EDE70003C754009307BF
:10D05000B00363E7E70003C76400054563F3E70037
:10D060000145B250225492540259F24945618280DE
:10D0700001458280AA870145B1C339C2B1C1139568
:10D08000150063EEA602B7360300BE95938686911F
:10D090006393B700828003C70700090685071183E1
:10D0A000369703470700230FE6FE03C7F7FF3D8BC4
:10D0B000369703470700A30FE6FED9BF82800145DC
:10D0C000828001ED014582800145F2406244D244F4
:10D0D0004249B249224A056182806DD6E5D593F76F
:10D0E0001500EDF3011126CA06CE22CC4AC84EC661
:10D0F00052C493D41500E3E996FC9307F01FE3E5CF
:10D10000B7FCB2892A84014993170901C18363E5F9
:10D11000970013F5F40F55BF03050400EFF01FBD92
:10D120002A8A03051400EFF07FBCE34F0AF80904D4
:10D13000E34C05F8120AB3872901336545012380C2
:10D14000A7000509D1B7B5C9930695D8C20685676A
:10D15000C18293871761014763E9D704373603001B
:10D160001306869365488357060063E2A704835637
:10D170002600636ED502B386D740898FC207C1836C
:10D1800013052003B387A702C206C18213D6160077
:10D19000B297B3D7D702930620033307D7021307FA
:10D1A00007E7BA972390F50005473A85828005077F
:10D1B0001377F70F0906E31807FB0147FDB709C509
:10D1C000414681456F60AF9282802A8801456303A2
:10D1D0000804A9C221C2637FF70263EDE50263FB85
:10D1E000F50233F7D5021DE78D8F33D7D70263637E
:10D1F000C702B386C60299CE63EED700AE968547C6
:10D200002320B8002322D8002324B8002306F800E6
:10D2100005458280828009CD8346C5000547639914
:10D22000E60089C509472306E50082806FF03FF9D3
:10D230008280AA87014595CB0DCA03C7C7008546E2
:10D2400079171377F70F63E2E6029847631FB70079
:10D250009443636CD700DC436379F7003385E74080
:10D260003335C500134515008280828005C119CE73
:10D270008347C5000547F91793F7F70F6368F70071
:10D280001C45AE971CC58D472306F500828081475B
:10D2900019C98346C5000D4781476396E6001C45C2
:10D2A0000841B337F5003E85828014413747543139
:10D2B0001307F714639EE6040346450085460147BD
:10D2C0006319D60403465500954663E4C6048306F5
:10D2D000650063C00604544937460300636BD602F9
:10D2E000105163E8C602504D63E5C602411122C4E5
:10D2F0000324450A9305400A06C6EF60DFF43305B0
:10D30000A440B2402244133715003A85410182807F
:10D3100001473A85828083A701945571A6C34EDFE9
:10D3200086C7A2C5CAC19D66938901949D64639412
:10D33000D70093840710B74754311384417F9387F4
:10D34000F7141CC085472302F4001C449305400ACF
:10D350001385417F85071CC4EF60FFEE2322A40ADA
:10D36000930600100146A68525459750FF1FE780CC
:10D3700020B309C91945BE402E449E440E49FA59AE
:10D38000696182809306800A1386417FA6852945BC
:10D390009750FF1FE780C0B071FD9306800A3000F0
:10D3A000A6852D459750FF1FE78080AF61F52800C7
:10D3B000EFF0BFEF61D142471C44E31DF7FA23A011
:10D3C000990001454DBF317126DB1306800A814566
:10D3D0001385417F06DF22DD4AD9EF505FF19306C6
:10D3E000800A30009D652D459750FF1FE78040ABB8
:10D3F00061C501499D659306800A3000938505103B
:10D400002D459750FF1FE780A0A91384417F69E550
:10D410002800EFF09FE969C1630709001844C2477B
:10D42000998F635EF0001306800A2C001385417FFC
:10D43000EF30427E9D679387071023A0F1945844F4
:10D44000B7170200938737616306F702034754005A
:10D450005CC419CF9546630DD700184863EAE7000E
:10D46000A302040023030400232E0400232004024B
:10D47000EFF07FEA1850FD5623A8E19423A601940B
:10D4800023A4D1940346540093874194238007003A
:10D490008946631DD60083466400ADE6A3020400FE
:10D4A00023200402232E0400EFF0FFE6FA506A5412
:10D4B000DA544A59296182802800EFF01FDF15D91C
:10D4C0001306800A2C001385417FEF30A2741D677C
:10D4D00023A0E194054939BFE31309F61306800A36
:10D4E00081451385417FEF509FE0B7170200938776
:10D4F00037615CC49D679387071023A0F194EFF018
:10D500009FE135BF54486316D7008D47A302F4004E
:10D5100061BF05472380E70051BF1385417F8280AB
:10D5200037750300828003A501958280E9CE9317A9
:10D530008701E1876359F00C9387F5FF37480300B3
:10D5400063F3070D011122CC1384417F83475400FC
:10D5500026CA4AC84EC652C456C206CEBA84B68936
:10D56000328A2E89AA8AB9C7FD1713F7F70F8546A5
:10D570008D4763E7E60218486314A7025848631111
:10D58000B702184C631EC70003466400631A960076
:10D59000CE8513054402EF3082658D4711E1814746
:10D5A000F2406244D2444249B249224A924A3E85FC
:10D5B00005618280930744023E8513060008814579
:10D5C000EF50FFD22686CE85EF30C2648547230315
:10D5D000940023285401232A2401232C4401A3026C
:10D5E000F400232E040023200402624423A80194A3
:10D5F000F240D2444249B249224A924A23820194DB
:10D6000005616FF05FD185473E858280411126C25A
:10D6100006C622C44AC01387417F83465700854708
:10D620006392F6061389417F8325C9018327490147
:10D630003384B7401DCCB7770300BE95856601469D
:10D6400005459750FF1FE780A08599470DED0567B9
:10D650009384417FA287637387008567D84CBA970C
:10D66000232EF9002244B2409244024941016FF056
:10D670009FCA8947A302F700185323A8E194238285
:10D680000194CDB79547B2402244924402493E8569
:10D6900041018280797126D21387417F06D622D438
:10D6A0004AD04ECE52CC56CA5AC85EC683465700A0
:10D6B0000947639EE60E638C050E9307F6FFC207CB
:10D6C000C1831307F00E32896363F70E83A70195B8
:10D6D000938A0195639DA70CB309A60063EBA90C7F
:10D6E0009384417FD8488547636037071304360029
:10D6F0007198373A002042042A8B418013054A79F9
:10D70000930B4A79EF300251637A89003306244142
:10D710009305F00F33852B01EF507FBD3779030060
:10D720005A99A28613064A79CA8509459740FF1F70
:10D73000E780007715C5373503002286DA851305A3
:10D74000859CEF30225D9947B25022549254025981
:10D75000F249624AD24A424BB24B3E8545618280D1
:10D76000A28613064A79CA850D459740FF1FE780B8
:10D77000207371F1DC4823A03A01638C370183C721
:10D780006400F9D39850916681473387E940E36D8F
:10D79000D7FA225423A03403B25092540259F249CA
:10D7A000624AD24A424BB24B45616FF0DFB69547B1
:10D7B00061BF854751BF411122C49387417F06C68F
:10D7C00026C283C65700094795476396E60413842B
:10D7D000417F185083A60195938401956315D70066
:10D7E00083C741948DCB544895476376D7029316EF
:10D7F000470195E2B775030085660146BA95054570
:10D800009740FF1FE780C069994711E51C509CC0F5
:10D81000238201948147B240224492443E854101D3
:10D8200082809387417F83C6570009476391E60250
:10D83000D44B03A70195639CE6000D47A382E70044
:10D8400023A601947D5723A4E1946FF0DFAC154526
:10D8500082809387417F83C6570009476393E6021E
:10D86000D84B411106C698D323A8E194EFF0BFAA84
:10D8700009E5B24041016FF0DFFAB24019454101BC
:10D88000828015458280011122CC06CE26CA4AC864
:10D890004EC652C41384417F034A54008D4763121D
:10D8A000FA0E83A7C19454481389C1949384819438
:10D8B00063F2D7089D8E130400046365D4001394AB
:10D8C00006014180B7390020377503002286938511
:10D8D00049753E95EF30D0369C403786B8ED81468D
:10D8E00093894975130606321397060141836361D4
:10D8F00087029CC0832709003E9423208900F240C0
:10D9000062445285D2444249B249224A056182802A
:10D910003387D90003470700B98F214793D51700F4
:10D92000858B91C3B2877D171377F70FAD8F7DF786
:10D9300085065DBF90400C4C1346F6FF6380C50220
:10D94000373503001305C596EF30C23C214AA302C8
:10D95000040023030400EFF01F9C55B73735030084
:10D9600036861305459AEF30E23A9147A302F40058
:10D970006244F240D2444249B249224A05616FF002
:10D980009F99154AADBF9387417F83C657001147C2
:10D990006397E6001547A382E7006FF0DF97154510
:10D9A00082809387417F83C657001547638EE600C8
:10D9B000A38207002383070023AE070023A00702EA
:10D9C000238201946FF03F9515458280011122CC8E
:10D9D00026CA1387417F06CE83475700AA84138443
:10D9E000417F8DEF9387F5FF37470300054563F7C8
:10D9F000E704894704C8A302F400230304004CC8C9
:10DA000010CC4CCC23200402624423A80194F240A1
:10DA1000D2442382019405616FF0FF8F03476700B2
:10DA200032C62EC419EB15476389E700EFF07FF784
:10DA3000A245324645D9194511A00D45F240624430
:10DA4000D244056182808280834715000347050028
:10DA5000A2075D8F8347250003453500C207D98F94
:10DA600062055D8D8280011122CC85472A841306D0
:10DA7000F10085451305503006CEA307F100EFA055
:10DA8000412509CD2A8637350300A2851305C5CD6A
:10DA9000EF304228F240624405618280373503004E
:10DAA000A2851305C5D0EF30E226EDB73735030068
:10DAB000130545A26F30423A011106CE4AC852C43E
:10DAC00022CC26CA4EC656C2EF601F882A8AEF3083
:10DAD000023B1375F50FD947594963E3A7002A891B
:10DAE000B74400203707060393874489130727109C
:10DAF00098C379770907B72900202392E700554694
:10DB00007D578145138549222383E7001374F90F5C
:10DB1000EF50EFFDD54A138549229384448963F37E
:10DB20008A0055491376F90FD285EF30A20E93077C
:10DB30001400A383F4002286A547D28513859400A0
:10DB40002384F400EF30020D13059400F240624488
:10DB5000D2444249B249224A924A1375F50F0561EF
:10DB600082809387419703D707006310A702373558
:10DB700003002391B7002392C700130545D32E86D7
:10DB8000BA852393D7006F30E218373503001305A9
:10DB9000C5D46F30622C938741978356450003D7D5
:10DBA00007006392E608411122C406C61384C180AF
:10DBB000034504004167791798C323A207008945EC
:10DBC000EF40204B034504009145EF40804A034558
:10DBD000040093050002EF40C0490345040093058B
:10DBE0000008EF400049374500201305059BEF80F2
:10DBF000EF9EEF80CFCA37450020130505B0EFF048
:10DC00000FDC138401978347040089C7EFF07FD9A5
:10DC1000230004002244B24037350300130505C138
:10DC200041016FF05FE4373503001305C5D46F3051
:10DC3000A2223D897D15954763E3A71AB7370300F4
:10DC40009387479F0A053E951C41411122C406C691
:10DC500026C22E84828737350300130545D522441A
:10DC6000B240924441016F30221F83C725001947FB
:10DC70006392E7022E85EFF01FF28345640037358B
:10DC80000300130545D6EF30E208373503001305CE
:10DC900005D8F1B70D47E38AE7FEB240224492442B
:10DCA0004101828003C725009547E318F7FE93875B
:10DCB000419783D607004167791703D5A500638F85
:10DCC000E600EFA0A12C37350300130505D9EF308E
:10DCD000A21837350300130585DB51B703D7E500DC
:10DCE0009384C1802391E70003D705012390A70007
:10DCF00003C504002392E70003D72501130600643F
:10DD000089452393E7005D472397E180EF40E014C6
:10DD100003C50400096613060690A145EF40E01311
:10DD200003C504000566130606C89145EF40E012DE
:10DD30000356E4008355A40037350300130545DA84
:10DD4000EF20527D79B703C725008D47E317F7F41D
:10DD500037350300130545DC19B783C52500914706
:10DD60006392F502373503001305C5DDEF30C20EAF
:10DD700037350300130585DF2244B2409244410148
:10DD80006FF07FCE99476391F5022285EFF0BFE0F7
:10DD90008345640037350300130545D62244B2405D
:10DDA000924441016F20127795476390F5028347B3
:10DDB00014008DC3373503001305C5DDEF30C209EC
:10DDC000373503001305C5E045BF3735030013059C
:10DDD00005E3E9B737350300130585E249B58280CD
:10DDE000397137E5000022DC1305A56406DE26DA6A
:10DDF0004AD84ED61384C180EF40804B2300A40044
:10DE0000374500201305059BEF705FFDEF80CFA81D
:10DE100037450020130505B0EFF06FBAEFF0DFC90A
:10DE2000AA899947231EF10013860181B1478D45C8
:10DE30001399090113057030231FF10013590901CB
:10DE4000B7440020A30D0100EF90B1682AC61386E5
:10DE50004489CA8513056030EF90B1672AC4700801
:10DE6000894513051031EF90D1662AC21306E101EE
:10DE7000894513052031EF90D16505462AC0A30DD1
:10DE8000C10085451306B10113055030EF90716450
:10DE9000024892472247B24683450400AA88373594
:10DEA00003004E86130505B2EF20D2663735030016
:10DEB0004A8693854489130505B7EF20001393051F
:10DEC00000050D45EF60A01B930500051145EF60AF
:10DED000001B85457945EF60801A7008854513055C
:10DEE0000040230E0100230F0100EF80F13E1306D6
:10DEF000E101854513055040EF80113E7D55EF80CF
:10DF000010532AC67D55EFB020192AC4EF20905B2C
:10DF10002AC27D55EF20D0772AC07D55EF20903B57
:10DF2000024792462246B245AA87373503001305B9
:10DF300005B8EF20325EB724002013864422D54571
:10DF40000145EF80703D373503009385442213056A
:10DF500045BCEF20325C37350300CD465946894534
:10DF60000D47130585BDEF20F25A4167938741970E
:10DF7000791798C323A2070013858180EF201078BA
:10DF8000372500201305856BEF20D036138541958A
:10DF9000EF70F10C034504008545EF30D054F2508A
:10DFA0006254D2544259B25921618280411106C64D
:10DFB00022C426C2EFF05FB093150501374600205A
:10DFC00013064689C18113056030EF9091503724C4
:10DFD0000020AA8413064422D5450145EF80D033A2
:10DFE000930544222244B24026869244AA863735BD
:10DFF0000300130505CA41016F20D25103C5C1803A
:10E000001306003C930500046F30306583D7E18030
:10E01000011106CE22CC26CA4AC8F917634EF60073
:10E02000373503001305C5CCEF201263F24062447C
:10E03000D24442490561828013844197AA840355E2
:10E0400004002E8901478146ED452315C100EF806C
:10E05000D0752AC661DD0356A100CA859720FF1F2F
:10E06000E7800073035504003000A685EF20307070
:10E0700055DDED452800EF90000B4DBF83D7E180C3
:10E0800069712324811223202113232611122322B4
:10E090009112232E3111232C4111232A51112328AF
:10E0A0006111232671112324811123229111232030
:10E0B000A11121472A893D44637EF700E1173E8480
:10E0C000C207C1831307600F6374F7001304600F66
:10E0D00042044180B3048900FD14B3D48402914703
:10E0E000814913FBF40F63FD2701B7470020938795
:10E0F000478B83C9470083C73700A209B3E9F900FA
:10E10000B74C002093DB8900014D814A228C93F4A7
:10E11000F40F938C4C8B13F7FA0F636C6703832017
:10E12000C11203248112832441120329011283297D
:10E13000C111032A8111832A4111032B0111832B61
:10E14000C110032C8110832C4110032D0110556147
:10E150008280628A637389004A8A420A9337170071
:10E16000850A135A0A019E0793060004638354012B
:10E170008146D58F5286B385AC01130591002302E9
:10E18000F100A302E10023036101A3033101230491
:10E1900071019720FF1FE780A05F13065A00420617
:10E1A00041824C000145EFF07FE663F79A00194584
:10E1B0009720FF1FE780405B229D33098940420D75
:10E1C0004209135D0D0113590901B1B7797122D4C8
:10E1D0004AD006D626D24ECE2E89328419C985471A
:10E1E0006304F50AB250225492540259F24945612F
:10E1F00082809147B744002063FDC70683870500EE
:10E2000063C5070083C7049BADC7B74900207C00E6
:10E2100022861307B00F9386498BCA851385049B0A
:10E220002316010023170100EF703FBC8D472A849D
:10E23000E30AF5FA1DE18355C1001307E1009306D7
:10E24000B00F1386498B1385498BEF90EF9111E541
:10E250000355E100EFF09FE271B71385049BEF7067
:10E26000FFB737350300A2851305C5E3EF20922AD7
:10E2700095BF1385049BEF707FB6373503001305F8
:10E28000C5E5EF20723DB9BF9307F6FFC207C18312
:10E29000130770076378F70037350300B28513055D
:10E2A00085E7E9B7373503001305C5E9EF10F053EB
:10E2B000A2854A85EFA03FC515F537350300130544
:10E2C00085EAC1B72E86AA8501456F20900301110A
:10E2D0002306A1008945680006CEA3060100EFF0E1
:10E2E0007FFEF240056182801305E00F6FF03FFE74
:10E2F0005D7186C6A2C4A6C2CAC04EDE52DC89C900
:10E300009307F6FF93F7F70F1307600F6375F70096
:10E31000EFF09FFD31AC83C70500130710082E8472
:10E320006390E7089947E315F6FE03C525001387B8
:10E33000819608C383C43500856913898196A20438
:10E34000C98C04C39204814563E83401EFF04F9D0A
:10E35000B3843441B385A40003465400834744008A
:10E360002320B9002206373503005D8E13844196C1
:10E370001389C1951305C5A823A0019610C02320B9
:10E38000B900EF20321983C70197B7440020639486
:10E390000716138504B0EFE09FE21305F00F89AA7A
:10E3A00013F7D70F930600086312D7040D47E371E4
:10E3B000C7F603C7150011071377F70FE31AE6F442
:10E3C0001387D7071377F70F854663E4E600E31159
:10E3D000D6F493C707081547E36CF7F23737030005
:10E3E0008A071307C7A0BA979C4382871307500870
:10E3F000E398E7FCB947E31DF6F003C71500B14702
:10E40000E318F7F013052400EFF00FE4AA841305D6
:10E410006400EFF06FE32AC21305A400EFF0CFE22F
:10E4200092452A862685EFF06FDA25F937450020D8
:10E430000547130505B02388E196EFE05FD8014555
:10E4400045A88347140023A6F1960345240093872B
:10E450008196056A88C3834434001389C1969389E1
:10E460008196A204C98C84C39204814563E8440167
:10E47000EFF00F8BB3844441B385A4000326090059
:10E4800037350300130545A323A0B900EF209208F8
:10E490000356090083A50900B7440020138504B082
:10E4A000EFE03FD901E937350300130505A5EF205B
:10E4B000B21AE5B583A90900EFF08F86035609006B
:10E4C000930544003385A940EFF0CF9C83550900A4
:10E4D0002A8413361500138504B0EFE03FD901C834
:10E4E00037350300A285130585A7EF20B2022285E8
:10E4F000EFF0FFDD35A88325090010402EC632C499
:10E50000EFF00F822AC2EFF0AF81B24512472246E8
:10E51000B7670300AA978566138504B0EFE0FFCACA
:10E5200093050002E30705E603C5C180EF30A07B39
:10E53000B640264496440649F259625A6161828087
:10E5400003C50197133515003305A0401375F50F6A
:10E5500045B7373503001305C5AAEF20F20F37453D
:10E560000020130405B0130505B0EFE05FD211E5FC
:10E5700037350300130585AB1DBF0044EFE05FFA9C
:10E58000AA84EFE09FF98347550103474501A2079D
:10E590005D8F8347650103457501C207D98F620509
:10E5A0005D8D2695E316A4FCEFF0AFAA11C53735B3
:10E5B0000300130585AEE5BD93050008B5B73735F3
:10E5C0000300130545B102CE02D002D202D402D616
:10E5D000EF209208B707600389073ECEB707108384
:10E5E0003ED0930700102312F102EFE01FF38347A0
:10E5F000C5002303F102EFE05FF20347D500834734
:10E60000C50022075D8F8347E500C2075D8F834702
:10E61000F500E207D98FA183A303F102EFE0FFEF3A
:10E620008347E5002304F102EFE03FEF8347F50065
:10E63000D1456808A304F10285472305F102EFF0F4
:10E640007FC8FDB501456F30E002011193970501C8
:10E6500022CC06CE26CA4AC84EC6C1872E8463DFA6
:10E66000070603C5C180EF306036AA840DCD83470D
:10E6700005001307000B6382E7041307000D639185
:10E68000E70203472500C547631CF7000346650002
:10E690008345750037350300130505C2EF208267F7
:10E6A0002685EF30802BA164A18CF2406244268540
:10E6B0004249D244B249056182800347450093072D
:10E6C000F007E31FF7FC835585003735030013057A
:10E6D000C5C32397B180EF20E263D9B793F7150044
:10E6E0009DC703C5C18037260020B745002013060B
:10E6F000862193858588EF90C133AA85373503003D
:10E70000130505C5EF2002619344140079BF93F708
:10E71000250095CB03C5C180130600648945EF3001
:10E72000C073B7250020138785248347070015464B
:10E7300093858524850709452300F7009344240029
:10E74000EFF0DF8C9DB793F7850099CF83C7C18029
:10E7500003D541971307803E814631469945EF9096
:10E76000A1269344840091B793F705019DC303D577
:10E7700041970147894609468145EF907103AA8573
:10E7800037350300130585C6EF20C25893440401B2
:10E7900029BF93F7450085C303D5419793444400AF
:10E7A000EF90817E03C5C1800566130606C89145BA
:10E7B000EF30A06ADDBD93F70502D1CF1389019632
:10E7C000032609009384C1959C409315C6003735F4
:10E7D0000300BE951305C5C7EF20C2538327090068
:10E7E0008C408566B2070146BE9505459730FF1FF0
:10E7F000E780006B9379F50F93440402638D090061
:10E8000037450020130505B08145EFE0DFA04E85B8
:10E81000EFF0FFAB59BD8327090003A74196850799
:10E820002320F90063E1E70237350300130505C92A
:10E83000EF20826237450020130505B08545EFE0E3
:10E840009F9D0145F1B703C5C1800D4693050002A8
:10E85000EF30A06099BD93F70508A9CFEFE0FFCB9B
:10E860000347550091476315F700834765008DC343
:10E87000EFF06F818D47AA846312F5020546930578
:10E88000000803C5C180EF30405D9344040831BDEA
:10E8900023880196EFF02F8FAA8421A02388019668
:10E8A00075D92685EFF0BFA2EDF01306000A930597
:10E8B0000004C1BF93F705048144E38807DEEFF04D
:10E8C0007FD8934404049720FF1FE78020D6F1BB34
:10E8D00041113726002006C61307C62383470700C9
:10E8E0001306C6239545850701452300F700EF2051
:10E8F000C061B24015454101828041111305800479
:10E9000006C622C426C2371400404AC09720FF1F03
:10E91000E780A09A83444404EF0030602A893725B9
:10E9200009001305057CEF20506937270040834715
:10E93000270051651305150493E717002301F7001D
:10E940004167B7E700E023A0E7108327840C8D45DB
:10E950009D88C98F2324F40CEF20903AEFA0EF8D0F
:10E960008327840A85451305001093E70720232495
:10E97000F40AEF20B02E8D4513050020EF20102E55
:10E98000EF20106CB736030037360300B74503009D
:10E9900037350300938606EC1306C6EC9385458055
:10E9A000130585EDEF2002378965373503000547EC
:10E9B00095461306B00F814793850580130505EF33
:10E9C000EF204235EF405FC4EF405FD4373503009E
:10E9D000130545F2EF204248CA852685EF00B04C6A
:10E9E000EF00B05323AEA19637540020EF90815C26
:10E9F000EFF00FBF130404B1EF801FB0EFE0BF9C36
:10EA0000EFF0CFDAEF407FFDEF90EFEE8355C4B02B
:10EA10002685EF807FFFEF70CF9F058919C9EF70C2
:10EA20004F9F098919E58347C4B093F7F7FD230683
:10EA3000F4B0EF0090393735030093052005130536
:10EA4000C5F4EF20222D9710FF1FE780207D05C918
:10EA5000411126C213064004AE84814522C406C675
:10EA60002A84EF40DF882147A68763739700A14778
:10EA7000A300F404B2402244924441018280828087
:10EA8000FD570DC185C103470504814711056394F6
:10EA9000E700FD5701A82105835685FF6396B60060
:10EAA000E207E1873E858280850793F7F70FC5B7B8
:10EAB00019E17D55828001114AC806CE22CC26CAB2
:10EAC0004EC652C456C22E89B5CD834A15042A8437
:10EAD000638A0A063A8AB684B289EFF07FFA635EE7
:10EAE0000500034504046379550793071500620583
:10EAF0002300F404618563410506931735003E94B5
:10EB000085472312240104C023033401A303F40026
:10EB10001DA803A8060083C576003388044199C167
:10EB2000637A0A0163440500637607011395870140
:10EB300061854287850793F7F70FA106E31BF6FC73
:10EB4000E35D05FA7D55F2406244D2444249B24940
:10EB5000224A924A0561828003460404A2868147C4
:10EB600001477D55E1BFAA8715C10347050401454B
:10EB700063FFE5008E05AE9703C7770011C7984382
:10EB80000545198E63F5C600A38307000145828001
:10EB9000011122CC37440020130704B15AC0856705
:10EBA000034B8500BA9756C283AAC7AE52C4134A14
:10EBB000FBFF26CA4AC84EC6B754002006CE1379BA
:10EBC0001A00AA89130404B1938404B1630459059B
:10EBD0005C4BA9C38345B5000347A500A205D98DA9
:10EBE00003A7C1971D8F9307C003B387F502637313
:10EBF000F70237350300130545F6EF20A211014552
:10EC0000F2406244D2444249B249224A924A024BFB
:10EC1000056182801C50B1CB0547E392E7FE834734
:10EC20008402E37EF9FC93071010B307F902A29760
:10EC300083C79702E9D74A85EFA0AF8D69D1137AD0
:10EC40001A0023A644AF93F7FA0F137B1B00638DC2
:10EC5000470583D744AE41677D176385E700850785
:10EC60002392F4AE631F0B0281A003AA8900137ADA
:10EC70001A0013050A08EF909FE351D193471A0039
:10EC800023A6F4AE13F7FA0F6380E70283D744AEEE
:10EC900041677D176385E70085072392F4AE63051E
:10ECA0000A0083A7C1971CC86309590183A7C197AC
:10ECB000130520035CC8EF800FF683A509001050F0
:10ECC0003735030085819D89130505F9EF208204FE
:10ECD00005453DB7011122CC06CE2A84EF009023D2
:10ECE00011E50145F2406244056182809307E1002D
:10ECF00078009306A1003000930561004800EF0002
:10ED0000302511ED9307407E2312F1008547231330
:10ED1000F1002314F100231501002316010003550F
:10ED2000610089470356A1000357C1008356410083
:10ED300063E5A700FD16C206C182B73703009387BB
:10ED400047FBAA978355810083C7F7FF1D43AE9702
:10ED5000B69793D52600AE9793050019B3D5B602A2
:10ED6000AE9793054006B3D6B602958FB3F7670208
:10ED70009306C003B306D6020356240093980701F6
:10ED800093D808013697835644004207418363F0C5
:10ED9000C6021388F6FF4208C16513580801F5152D
:10EDA00063E705016375D7009907B3F867028347E6
:10EDB0001400B3D71741858B8DD78355640091C557
:10EDC0007D15B3D5A540858989DD0545E30CD6F0D1
:10EDD000C165FD156396B600118F1335170019B77D
:10EDE000E5DE6378D6000145E36EC7EE3335D70024
:10EDF000D5BD6374C700B337D7003E85E5B5B747C7
:10EE00000020938607B10567BA9683C646B063961D
:10EE1000063A5D714EDEB7590020A2C4A6C2CAC030
:10EE200052DC138407B1138907B1130307A486C604
:10EE300056DA5AD85ED662D466D26AD06ECE93893C
:10EE400009B1938707B101468144014A81450948C8
:10EE50009148130747A329459306360A9206A296BE
:10EE600083C6460013FE1600630F0E0013FEE60075
:10EE7000631E0E07B386670083C60600854581E6DC
:10EE800099E0B384E7000506C107E317A6FCA5E5F2
:10EE900013871198938701982300070023800700A8
:10EEA00063020A2C056A130C4AA3130B6AA3814A56
:10EEB000894C130A8AA30D4D93843A0A9397440010
:10EEC000B38B870003C74B00058B19CB03A74B00FF
:10EED000B30D890105831D8B630297196308A71F72
:10EEE000850AA9474109E399FAFCADACB18AE39CD4
:10EEF00016F9054A49BFEF00F00163050526056BC9
:10EF0000130B4BA3814A814B8D4C229B294C938739
:10EF10003A0A9207A29783D74700BD8B639997015E
:10EF200013954A005A95EFF0FFDA11C1AA8B850AB2
:10EF3000E39F8AFD83C71198938A11986389071EFE
:10EF400083C70198638F072263850B1E014C856B75
:10EF5000938B4BA3014B094D914DA29BA94C93045C
:10EF60003B0A9204A29483C7440013F717001DC301
:10EF700013F7E700631AA70D13154B005E95EFF02A
:10EF80007FD505899317450003C544003D995D8DE4
:10EF90002382A400050BE3149BFD85472380FA0020
:10EFA0002380F198F5BD014B856B938C4BA30D47E6
:10EFB000A29CA94D93043B0A93974400A29783D740
:10EFC0004700BD8B639DE706131C4B00330D9C016E
:10EFD0006A85EFF03FD00D473DC1229CE29B03C7FD
:10EFE0002BA49307500A6317F70083C71BA4094794
:10EFF0006374F70093471A00B1C783A6C9AEFD1723
:10F000003337F000054CE384E6F49204A29403C77E
:10F01000C40093B7170003ABC400799BD98F238634
:10F02000F4006A85EFF0DFB683C7C400137B1B00D2
:10F03000F99BB3E767012386F40011F925A2050BBC
:10F04000E31ABBF7054C21B7E3060CF413F7C7002E
:10F05000E312B7F5BD9B2382F4002DBFEF405F9B09
:10F06000E30005E803C74B00839609AF418B05C752
:10F07000B3076901330749018397070003170700A6
:10F08000998FE3CFD7E49204A29483C74400BD9B39
:10F090002382F400B1B53307690103170700E35178
:10F0A000D7E46E8536C6EFF0BFAEB24619C503C7CA
:10F0B0004B00136707012382EB0093974400A2974C
:10F0C00083C74700C18BE38D07E05DB7EF405F94D6
:10F0D000E30805E003C74B00839609AF418B09CFD6
:10F0E000B307690133074901839707000317070036
:10F0F000BA97E3DAF6F8EDB33307690103170700AF
:10F10000E3D0E6DE6E8536C6EFF09FA8B24619C59D
:10F1100003C74B00136707012382EB00939744005A
:10F12000A29783C74700C18BE38C07DA55BFE39CE6
:10F130000BE6B9C803A7C9AE85476307F7049C442B
:10F14000268513F9170083C78400F99B2384F400F4
:10F15000EFF01FA483C78400F99BB3E72701238442
:10F16000F4001DE1B640264496440649F259625A1D
:10F17000D25A425BB25B225C925C025DF24D6161ED
:10F180008280014BE3920BE2814629469387360A3F
:10F190009207A297D843720775876357E00003C7A9
:10F1A00047003D9B2382E7008506E391C6FE854725
:10F1B0002380FA002380019875B7828037460020AB
:10F1C0000147130606B1A9459307370A9207B2977C
:10F1D00083C647000507BD9A2382D700E316B7FE12
:10F1E000A3800198238001988280011106CE22CC51
:10F1F00026CA4AC84EC652C456C2EF900FA3B36780
:10F20000B500ADC3B7540020938404B103A484AD0A
:10F2100037F63600130606E83309A40033348900B4
:10F220002E9481464A85A285EF10022A37F63600D1
:10F230002A8AAE89130606E881464A85A285EF1020
:10F24000226223ACA4AC03A544AD9347F5FF6394BD
:10F25000090063F54705B75700207D57938707B12D
:10F2600023AAE7AC452915C137570020130707B17A
:10F27000832707AE83A6C19799C363F5F602B757F4
:10F280000020938707B123A0D7AEF2406244D24456
:10F290004249B249224A924A05618280529523AA84
:10F2A000A4ACC9B7B387F64013067025E37FF6FC1C
:10F2B0006244F240D2444249B249224A924A23204F
:10F2C000D7AE014505616F800F95011122CC3754EF
:10F2D000002006CE130404B1EF904F96232A04AC0D
:10F2E000232C04AC052909C583A7C1972320F4AEBC
:10F2F000EF505F9809E52AC6EFB0AFF43245F2400F
:10F300006244056182809377350099EF13074006C8
:10F310003377E502854719E7930700193375F5023E
:10F32000933715003E8582808147EDBF4111938759
:10F33000F5FF22C406C693F7F70F2D470144636219
:10F34000F702B7370300938707FCAE9703C4F7FFB4
:10F3500089476398F500EFF01FFB01C5050413749E
:10F36000F40F2285B240224441018280F9C9370757
:10F370000080134787D781476366A70C011122CC11
:10F380005564130404184AC83359850226CA4EC668
:10F3900006CEAE849309207B337485024E85EFF050
:10F3A0009FF6B337A0009387D7166369F9008509E4
:10F3B000C2093309F94093D90901CDB7B736030023
:10F3C00085472D46938606FC89451387F7FF1377FB
:10F3D000F70F6361E6063387F6000347F7FF63968E
:10F3E000B70001C505071377F70F6376E9040565D4
:10F3F000130505E12381F400B357A4020509A38195
:10F400002401239034013374A4021305C003238222
:10F41000F400B357A4023374A402A382F400854716
:10F420003E8523838400F2406244D2444249B2497B
:10F4300005618280014785073309E94093F7F70F9B
:10F4400069B781473E8582808147630F0510638DD0
:10F45000051079715EC6835B050006D622D413873A
:10F46000EB84420726D24AD04ECE52CC56CA5AC856
:10F4700062C441839306400463E2E60C034C25001A
:10F48000AD461307FCFF1377F70F63E9E60A8344E1
:10F4900045005D476364970A034A55001307B003AC
:10F4A000636E470983496500636A3709834A3500FB
:10F4B00063860A082E895E85E285EFF03FE7814783
:10F4C000636E55071304D01633848B023707F5FF9C
:10F4D0009387FBFF13079755054B3A9413D72700E3
:10F4E0003A941307001933D7E7023A9413074006FA
:10F4F000B3D7E7021D8C63106C07FD1A1967569489
:10F50000130777118147636B87028567938707E14C
:10F51000B387F4029304C003D56A938A0A18330AA6
:10F520009A0233045403D297CE973E94B7070080D3
:10F5300093C797D723208900B337F400B2502254E1
:10F5400092540259F249624AD24A424BB24B224C7F
:10F550003E8545618280DA855E85EFF03FDD050BF3
:10F560002A94137BFB0F41BF3E858280797122D4A0
:10F57000930761012A845808930621011008930516
:10F58000E100680006D6EF10F0558357C100A28550
:10F590002808231CF1008357E100230DF100835755
:10F5A0000101A30DF10083572101230EF1008357C0
:10F5B0004101A30EF10083576101230FF100EFF029
:10F5C000BFE8B250225445618280411106C6B71788
:10F5D0000040A3810704EF204013B24005454101DC
:10F5E0006F20E00BB7374F9C0111938707303737F7
:10F5F0004F1C22CC06CEAA97130787072A84637A6A
:10F60000F700AA85373503001305C50AEF1082708D
:10F6100081A82C00EFF09FD519E537350300A285AE
:10F620001305850DE5B78348E1000348D100834702
:10F63000C1000347B1008346A1000356810037355E
:10F640000300A28513054510EF10C26C4800EFF0CF
:10F65000FFF119E93735030013054513EF10C27F99
:10F66000F2406244056182809247636BF400B30705
:10F67000F44063DC07003735030013050516F9BFB6
:10F68000818FE3CA07FEB307F04023A8F19823AEA9
:10F6900081960547A386E1983735030083A5019934
:10F6A00013058518A5B7011122CC26CA06CE8544BC
:10F6B0001384D198630E9502B7374F9C9387073018
:10F6C00037374F1CAE97130787076363F7022E8502
:10F6D0002EC6EFF03FF1230094006244B245F240A1
:10F6E000D244373503001305850605616F10826229
:10F6F00037C5556913050590EFF0DFEE23000400D0
:10F700006244F240D2443735030013058508056191
:10F710006F10827403C5D19882800111680006CEF3
:10F72000EFF0DFE411E503A5C197F24005618280A7
:10F7300003A50199B247634805001347F5FFE36449
:10F74000F7FE3E95DDB73307A040E3FCE7FEE1BFDF
:10F75000797122D426D206D62E84AA8432C636C423
:10F760003AC23EC0EFF07FFB2C08EFF03FC021C54E
:10F7700082471247A246324689C4835581012390AD
:10F78000B40009C48345A1012310B40009C6834510
:10F79000B1012310B60089C60346C1012390C600FB
:10F7A00009C78346D1012310D700054589C7034700
:10F7B000E1012390E700B2502254925445618280C7
:10F7C0009387A19803C707001377F70F05CF41115F
:10F7D00006C623800700EF50DFFD19C5EF0070104B
:10F7E000B24041016F80FF99B7470020938707B16E
:10F7F00005673E978346C7B0F99A2306D7B00547F9
:10F8000098C7F9BF82809387819803C70700137751
:10F81000F70F0DC3411106C623800700EF90CF8379
:10F82000EF803FF9B7170040A3810704B2404101C0
:10F830006F906FFA82809387919803C707001377C0
:10F84000F70F630B0714757106C722C526C34AC19B
:10F85000CEDED2DCD6DADAD8DED6E2D4E6D2238027
:10F860000700EFF09FEB23AEA196EF70DFBDEF40F6
:10F87000AF9BEFF0CFD80545EFF03F971384B198D9
:10F88000834704001307B003850793F7F70F23009E
:10F89000F4006374F70AEF80FFB8AA842300040021
:10F8A000EFB06F9C2A8403A94198EF504F93AAC6EA
:10F8B000EF808F97B7470020938707B105673E9782
:10F8C00003A88199834844020357C7B09C4742DE8E
:10F8D000BAC2BEC046DC83497402AAC4034494027F
:10F8E000EF900FE82A8AEF902FE9AA8A03DB6400E1
:10F8F00083CBE40003CCF40083C40401EF40AF9158
:10F90000AA8CEF400F929305803EB355B902E2589E
:10F91000725886471647A64636462AD23735030020
:10F9200066D026CE62CC5ECA5AC856C652C422C21F
:10F930004EC01305C5FCEF10E23D83C7D198138478
:10F94000C19885E323000400BA402A449A440A4936
:10F95000F659665AD65A465BB65B265C965C496198
:10F9600082809307E105F8089306A105B008930586
:10F970006105C808EFF0DFDD71D503470400835748
:10F98000810501E72300F400C1B7E30FF7FAEFF0B8
:10F99000FF8283578105FDB78280834715000347A7
:10F9A0000500A2075D8F8347250003453500C20788
:10F9B000D98F62055D8D828023AA019A239C019ACA
:10F9C0002396019AA387019A2387019A828003C70D
:10F9D000019B9387019B05071377F70F11C72380BE
:10F9E000E70003C5070082800547D5BF411106C661
:10F9F000EF90FFEA93771520054599E703D5819BA2
:10FA00001335250313451500B240410182802E862F
:10FA100021C1B7470020938707B103D727006309A7
:10FA2000A70283A6419803C7E7018567938787BB31
:10FA30003307F702B7C70200938707F26373F70033
:10FA40003E87AA8537650020130505EA6FF04F86CB
:10FA50007D558280411122C437440020930704B1B0
:10FA600003C5470026C206C6EF70FFC503C7E1996C
:10FA7000930704B18546375400209384E199130419
:10FA800004B16315D7028346C4B0858A85E2944FDA
:10FA9000639EA60003C6F199834684B06318D6001E
:10FAA00003C6D199834694B0630ED600834694B0C2
:10FAB000034684B0D94588CFEFA06F8111C9238058
:10FAC00004000147B240224492443A8541018280B9
:10FAD000034784B085472380F400A38FE198034750
:10FAE00094B0A38EE19883A541981385019AEFA065
:10FAF000CFB00547C1BF411122C4374400204AC0DE
:10FB0000130904B10345490026C206C6EF70DFBDE4
:10FB100083C6E199930704B10947375400209384C1
:10FB2000E199130404B16397E6020347C4B0058B5F
:10FB300015E303278901631FA70083C6F1990347D3
:10FB4000A4B06399E60003C6D1998346B4B00547D3
:10FB5000630ED6008346B4B00346A4B0D94588CF1F
:10FB6000EF90FFF619C9238004000147B2402244F8
:10FB7000924402493A85410182800347A4B08947F3
:10FB80002380F400A38FE1980347B4B0A38EE198DB
:10FB900083A541981385019AEFA02FA60547F9B7D1
:10FBA000B747002003D627B1357126CB06CF22CD2B
:10FBB00032C42AC6EFF0BFE132482246B7670020C0
:10FBC000C166938407E22A87938707E2FD1685457D
:10FBD0000808EF70DFCE11E9EFA04F8AEFF0DFDD0C
:10FBE000FA406A44DA440D61828083C504002A84A5
:10FBF0001D473735030023AAE19A1305054C239CC2
:10FC0000019AEF102211A2850808EFA0AF81C9BFA9
:10FC1000C94763EAA700014582800145B2402244FA
:10FC2000924441018280411122C42E84AA85376505
:10FC3000002026C2930405E2130505E206C6EF7014
:10FC40009FA461DD03C704009D47E318F7FC03C5CB
:10FC5000940083C78400420422055D8D42054185DE
:10FC60004184018D1335150055BF411126C2B7647B
:10FC7000002022C4138404E24AC089472E89A300CD
:10FC8000A4002311B400138504E2914506C62300A5
:10FC9000F400EF705F9C2302A4001947373503007E
:10FCA000CA8523AAE19A1305C54D239C019AEF103A
:10FCB00062062244B2400249138504E2924495450B
:10FCC00041016F903FF67971B747002022D4138429
:10FCD00007B126D24AD04ECE52CC56CA5AC8835A01
:10FCE000240006D62A89AE89328AEF80AFF3856771
:10FCF000A297AA8403D587AF039B07AF3754002090
:10FD0000930705FFC207C1834147130404B163771A
:10FD1000F706231201002C005A85EF701FA119E18C
:10FD2000231401008327C4AE03C7C40093B7170090
:10FD30002303F100834744AFA2072315F100834753
:10FD4000C4AFA2072316F100814719C383D724004B
:10FD50002317F100EF903FF25C005287AA86568687
:10FD6000CE854A85EF70DFA3B250225492540259D7
:10FD7000F249624AD24A424B45618280A947330523
:10FD8000F5024C0042054185EF703F9A59D161B7A9
:10FD9000011106CE22CC26CA4AC84EC652C456C24B
:10FDA0005AC011ED1304F00F2285F2406244D24490
:10FDB0004249B249224A924A024B056182809547E4
:10FDC000E3F2B7FEAA84B2892E84EF70DF8B79D973
:10FDD00003C70400B547E317F7FC3749002083C683
:10FDE0003400130609B183C724000356C6011397D4
:10FDF00086005D8F130909B16306E600E38409FA02
:10FE0000D58FCDF383C7540083C644000357290020
:10FE1000A207D58FE318F7F883C714000547639846
:10FE2000E704C947E310F4F803C4840083C77400EF
:10FE300003CA640022045D8C938994001385D40066
:10FE4000EFF0BFB5AA8A4E85EFF03FB59309BAFE31
:10FE500093F7F90F1947AA84228B6360F7043737A9
:10FE600003008A071307471ABA979C4382870D47F6
:10FE7000E39AE7F2D947E317F4F203C4C40083C757
:10FE8000B40003CAA40022045D8C9389D4001385B6
:10FE900014017DB79304100805C0094437350300E9
:10FEA0002287D6865A86D2851305051FEF009266F3
:10FEB000E5BD9304000875F02685EF80FFCD71DD68
:10FEC0002685EF803FEC35CD93F9F90F9147E3E6B6
:10FED00037FDB73703009387071C8A09BE9903A72C
:10FEE0000900B7570020938707B102875DF4930795
:10FEF00005FF3D47E363F7FA1314050141809304BE
:10FF000005035DBF91479304140AE3F787FA71B7BD
:10FF10008D4793041405E3F187FA41B73DFCC167AF
:10FF20001307F5FFF517E3EAE7F683270902B5F7AC
:10FF30000347490293071005E3E1E7F6EF809FFBD3
:10FF400019E10544A1BF8567231399023E998347B0
:10FF5000C9B013052003ED9B2306F9B0EF70AFCBBA
:10FF600001442DBF1DF815F9EFF02FB63334A00072
:10FF700035B703A7C7AE11CF03D747AEC166FD168D
:10FF80006305D70005072392E7AE03A7C197232A8D
:10FF9000E90023A607AE83A7C1972328F90013051C
:10FFA0002003EF704FC7EFA0DFA95DBF83A6C7AEE8
:10FFB0000547638FE60003D747AEC166FD166305AC
:10FFC000D70005072392E7AE03A7C197232AE900CC
:10FFD000054723A6E7AEE1B7239C87AEC9B723AA9E
:10FFE00087AE75BF23AE87AE5DBFA1CD011126CA16
:10FFF0004AC806CE22CC4EC6AE843289AA8519C51F
:020000040001F9
:10000000373503001305854AEF00D2500144B73954
:10001000030093170401C18363EB27016244F2409C
:10002000D2444249B249294505616F00B252B387B3
:10003000840083C507001385894B0504EF00924DAA
:10004000C9BF828011CD411122C406C63304B50058
:10005000EF706FE02300A400B2402244410182808F
:1000600082802DCD411106C68548AA872E87328809
:10007000639D150309E6B24041016FF0DFC4B74646
:10008000002083D626B109462300C500A380B7000F
:100090002301D500A182A381D7009145EFF09FFAFB
:1000A0009546B2403685410182800D468146E39AED
:1000B000C5FEB746002083D626B113F6F60FA182FF
:1000C000630A080089452300B500A380E700238167
:1000D000C700D1B7230015012147C5BF814636852A
:1000E00082805571CAC1138781991C43A2C5A6C3DA
:1000F0004EDF52DD56DB85073744002086C75AD9CC
:100100005ED762D566D31CC3130704B1835627009C
:1001100003D7A19AB7540020A30F01001389819936
:10012000130404B1938AA19A138A4181938404B180
:1001300093896181639EE6000357440083570A0058
:100140006318F70003C754B083C70900630CF706B0
:10015000EFF09F86376500209145130505EAEFE033
:100160001F8F238E0198835724001385019A2390B3
:10017000FA00835744002310FA0083C754B0238049
:10018000F900238F019883A54198EF90FFBD854723
:100190001CC483C6819A1307A0289387819A91E291
:1001A000014783C654B003564400835524003735B5
:1001B00003002320E9001305452205472380E700BB
:1001C000EF00523583C7C4B0858BD1CBEFF0CFFEA3
:1001D000238F019883A5419885471CC41385019AF4
:1001E000EF903FB925C13735030013050526EF0011
:1001F000B24603C754B089476319F702EFF0BF8FC7
:100200001335150015C583A541981385019AEF9004
:100210009FBB1385019AEF901FB7AA85373503005E
:1002200013058527EF00122F31A8EFF0BF82C9BF59
:10023000373503009307A0281305052A2320F9006A
:10024000EF009241BE402E449E440E49FA596A5A2C
:10025000DA5A4A5BBA5B2A5C9A5C6961828003C79E
:1002600054B08547938A419B6307F70083A70A0030
:1002700099C3EFF06FF483A70A00B5E71C44054764
:100280006398E72A83552400C54793066009B3871E
:10029000F50203270900B3F7D7029387471FE363EB
:1002A000F7FA03C754B08947B7690020631FF724E2
:1002B00003D664B0138509E2EF708FDBA30FA100B2
:1002C000EFF07F833735030013050535EF00D23893
:1002D0008345F101138509E2EF90DF9489471CC43F
:1002E0002320090085B79386819B03D70600FD175D
:1002F0009384819B05072390E60019476362F720EA
:10030000373703008A071307471DBA979C43828734
:10031000EFF0CFED05D9EF907F96894723A0FA0043
:100320002390040005B7B7690020138509E29305FF
:10033000F101EF90DF990345F1013DCD1389C19A99
:1003400083550900EFF0DF8C25C9035A0900EF90AF
:100350009F929375F50F5285EFF06FEB03562400D3
:100360008356090032C636C4EFF06FE60348F10148
:10037000A24632462A87938709E285450810EF7026
:100380000FD401E9EFF02FF7EF905F8FEFF0CFE29E
:1003900055BD2AC4EFF02FF6A2450810EF909F88B4
:1003A0008D473735030023A0FA00239004008355BE
:1003B00009001305452CBDB503D704009307900F22
:1003C000E3F2E7E883D5C19A373503001305452EDC
:1003D000EF00521445BFEFF06FE1E30505E66DB79E
:1003E000EFF0CFE0E30005E6EF905F8995473DB77A
:1003F000376900209305F101130509E2EF903F8D65
:100400008347F101930909E2DDC303D7C19A8356FB
:1004100024001C1009469305F101130509E2EF7051
:10042000EFD2138AC19A41C50347010283C7E19AFB
:10043000631FF7068345F101130509E2EF70AFA4CE
:100440003DC50347F1018D47014463F6E70203C749
:100450000900B94763E9E700916793876702B3D75B
:10046000E700858B99E3014439A003C4390083C7B1
:10047000290022045D8C83570A00639A8702EF905B
:100480008FFF9375F50F2285EFF06FD88345F1014B
:10049000130509E2EF900FF999473735030023A0C0
:1004A000FA0023900400A28513058530A5BB03D76D
:1004B000040093071003E3F7E7D81384C19A03C736
:1004C000F19A8357040089462380D9002391F900CB
:1004D000A380E9009145130509E2EF70CF9783559A
:1004E00004002382A900373503001305C532EF004D
:1004F00072029545130509E2EF90CFF2994739BD95
:10050000EFF08FCBEF908FF735BB138509E2EF70DB
:100510006FB2A30FA100EFF0EFD303C654B0835521
:1005200024003735030013050537EF00A27E4DB3D5
:10053000094A639F4703EF908FB69377150089C7E9
:10054000EF90CFF38D4761BB1375052019E50327A5
:10055000090093072003E3F7E7CE85471CC437352E
:1005600003002320090083A5C1971305453A5DB90F
:100570000D47639BE710B76900209305F1011385D0
:1005800009E2EF90CFF48347F1019DC383C754B0D4
:10059000639047030357240083D664B09387C199BF
:1005A00005469305F101138509E2EF702FBA39D999
:1005B0000345F10155C183552400EFF06FE549CDA6
:1005C000938909E283C7F900376700209306B003D7
:1005D000130707E263EBF6069307C00383C654B024
:1005E000230FF4008947639CF6008346E4019307D8
:1005F000900563E6D7009307A005230FF400834717
:10060000770003476700A207D98F231EF400EFF09D
:100610008FCEEF90AFE60346E40191471CC49307E9
:10062000803EB307F602514783C654B08355C401D8
:10063000373503001305C53BB3D7E7022320F90084
:1006400003A7C197EF00026DF5BE9306400BE3F7D9
:10065000F6F8930740FB59B783C654B00947930790
:10066000A00F6384E6009307400603270900E36BAD
:10067000F7BC85471CC4373503002320090083A538
:10068000C1971305053E79BE11476399E730B769F5
:1006900000209305F101138509E2EF904FE38347B2
:1006A000F1016381072C83C754B06391470303575B
:1006B000240083D664B09387C19905469305F10160
:1006C000138509E2EF708FA8E30E05E28345F1017F
:1006D000138509E2376B0020EF60FFFA138A09E205
:1006E000130B0BE2E30005E283CC54B08547034CC7
:1006F0000A00834B1A006392FC0A8345F101994773
:1007000063FDB7089547631AFC08138509E2EF609B
:100710009FF741C583471A006391970983475A00A1
:1007200083464A0003572400A207D58FE39CE7DCE9
:1007300003443A0003472A002204598CE30404DCF2
:10074000E302F4DCEF902FD39375F50F2285EFF0E1
:100750000FAC635B0500373503001146A285130516
:10076000853FEF00225B79BBA28508102396819A12
:10077000EF704F8C37350300A28513050542EF005B
:100780006259EFF02FAD95450810EF90AFC985473E
:1007900023A0FA00239C019A75B48345F1018D478B
:1007A00063FCB70083473B0003472B00A207D98FA8
:1007B0000357C401E398E7D4AD47631BFC04A1478A
:1007C00063FEB70213054B00EFF02F9D83A5C19781
:1007D0002A843E89138735006366A7009307350096
:1007E00063FEB70037350300228613050544EF008A
:1007F0006252228523AE8196EFE0DFDE03C754B05C
:100800008547E311F7D00345F101EFF06FB91DBC47
:10081000BD476319FC0003C754B08547E314F7CE06
:100820002E85E5B7B547631DFC12954763FAB712ED
:10083000034A5B0083474B00220A336AFA0083575E
:1008400024006398470793F7DB0F0547014663963B
:10085000E704138509E2EFF0AFD32A86DE8513851E
:1008600009E2EFF01F8003C754B08947631DF70208
:1008700003C7C1998356240003D664B02A888945EA
:10088000938709E20810EF708F83AA85081099ED0D
:1008900083A7C1975CC4954799B4DE85138509E2A7
:1008A000EFF06FC2C9B7AA85138509E2EF908FB741
:1008B000C5B703C754B08547E316F7C4B764002033
:1008C000D285138504EAEFE0AF9BE34D05C2834672
:1008D000E40103A641988567938787BBB386F60238
:1008E000B7C70200938707F263F3F600BE869375DD
:1008F000F50F138504EAEFE00FA719E5D2855E85B1
:10090000EFF0AFB66FF01F940348F1012396419BBF
:1009100042C4A387719BEFF08F8B035624002248BB
:100920002387A19A2A87938709E2D28685450810F2
:10093000EF60FFF82A8479D183450B009147373562
:10094000030023A0FA00528613058545239C019AD3
:10095000EF00423CA2850810EF90CFAC6FF09F8E65
:10096000EF90CFB18347E4010567130787BBB387D7
:10097000E702514783260900B3D7E702E3E4F68C88
:1009800085471CC4373503009307C05D2320F90059
:1009900083C554B01305C5476FF0DF881547E3934F
:1009A000E78AEF80DFEF058919E503270900930740
:1009B0002003E3F9E78891471CC42320090099B676
:1009C000411122C426C206C603C705008947138405
:1009D000C19B85446312F704D841A944834717009B
:1009E00003470700A207D98FC207C187130710EE7C
:1009F0006394E7029307700FB54463EFD70037673E
:100A000000202300D4008147130787EF9395070147
:100A1000C18163E9D50281440346040011CE83A756
:100A2000019C99CBDC4389CBB7650020938585EF8A
:100A30000145829723000400B24022442685924457
:100A400041018280B305F60003C50500B305F70038
:100A500085072380A5005DBF03C70500894763178D
:100A6000F706D8418347170003470700A207D98F2D
:100A7000C207C187130710EE6396E704411122C431
:100A80001384B19B32850346040006C623900600FA
:100A900011E6B2402244014541018280B765002041
:100AA0002390C600938545EE9700FF1FE78040CE58
:100AB00083A7019C23000400E9DF9C43F9DB014587
:100AC0008297C1BF239006002945828023900600AB
:100AD00005458280058909CDB726002037250020ED
:100AE00093860630414691451305052C6F800053CF
:100AF0000145828009C523A0A19C0145828045450E
:100B0000828051476362C702376500204111130597
:100B100045EE06C6A38DC19A9700FF1FE78040C728
:100B2000B2400145410182801305E00F8280CC4133
:100B3000411106C6328503C6150083C5050022068D
:100B40004D8E42068D654186138875A2630C060F93
:100B50006348C804138845A26306060B634AC800AD
:100B6000938535A26309B60623900600294679A02D
:100B7000138855A26308060B938565A2E316B6FE9B
:100B8000C1451D4663ECE5064546198E63F3C70073
:100B90003E86B73503002390C6009385455189A84A
:100BA000138895A26300060F634E060B1388A5A257
:100BB000630A060F938505A5E318B6FA99451D4605
:100BC00063EEE502198E63F3C7003E862390C600EC
:100BD0009385018231A89D451D4663E1E5022146CA
:100BE000198E63F3C7003E862390C6009385419C0F
:100BF000BA959700FF1FE780A0B90146B240328541
:100C000041018280AD451D46E3EAE5FE3146198E7D
:100C100063F3C7003E86B73503002390C600938573
:100C20000555F9B7B1451D46E3EAE5FC3546198E91
:100C300063F3C7003E86B73503002390C600938553
:100C400005567DB7C1451D46E3EAE5FA4546198ECE
:100C500063F3C7003E86B73503002390C600938533
:100C6000855279B7C1451D46E3EAE5F84546198E38
:100C700063F3C7003E86B73503002390C600938513
:100C80000557BDB7C1451D46E3EAE5F64546198E51
:100C900063F3C7003E86B73503002390C6009385F3
:100CA000C553B9B7B5451D46E3EAE5F43946198E93
:100CB00063F3C7003E86B73503002390C6009385D3
:100CC00045503DB7B726002037250020938686443F
:100CD0004146CD45130585316F804034411122C412
:100CE00006C626C24AC003C88500214413780802FC
:100CF0006312080C03C305000948AE870544631B53
:100D0000030B03A34500B284368903481300034351
:100D100003002208336868004163130E13FE630565
:100D2000C8030913630B68048D67938727902944D0
:100D30006312F8088547EF6020722A8425ED854705
:100D400063EE27050144BDA02D442DE7130780075E
:100D500035446361D706C84713068007A685970008
:100D6000FF1FE780E0A2014583A7819DE1DF9C434F
:100D7000F1DB4A86A6858297F1B72D4405EF13076C
:100D8000800735446368D702C84713068007A685E5
:100D90009700FF1FE780C09F0545F9B783C7140080
:100DA00083C5040037350300A207DD8D13054558C0
:100DB000EFF051762285B24022449244024941012B
:100DC00082802D4525EF03C7050089476314F70688
:100DD000D8418347170003470700A207D98FC207EE
:100DE000C18705576394E704411122C426C24AC053
:100DF00006C632893684AE84EFD09FAD9307800754
:100E00002A8663F4A700130680072310C400CC448D
:100E100042064A8541829700FF1FE7806097B240F3
:100E200022449244024901454101828023900600F8
:100E30002945828023900600054582808280C16713
:100E4000F9176306F504411122C406C685472A84B2
:100E50006394F50222859385C19CEF80002722854B
:100E60009385019DEF80602622852244B2409385C0
:100E7000419D41016F80602589476396F500854556
:100E8000EFA0605961D9B240224441018280828042
:100E9000411126C2C16422C49385C19C2A84138552
:100EA000F4FF06C6EF8060229385019D1385F4FF51
:100EB000EF80A0219385419D1385F4FFEF80E02012
:100EC000371501001305E5E30588EFA0004C0DC0C0
:100ED0002244B2409244B726002037250020938652
:100EE00046524146B5451305454541016F80001303
:100EF000B2402244924401454101828009C523AC9D
:100F0000A19C0145828045458280411106C6054766
:100F1000AE87B2856305E50201C90947630DE502A5
:100F20000945B24041018280376500203E861305A5
:100F300005FF9700FF1FE780A0850145DDB7130778
:100F400080076145E39FE7FC3765002013068007B3
:100F500013058506F9BF130780076145E393E7FC96
:100F600037650020130680071305050ED9B7411118
:100F700022C426C206C68547AA8432846387F50444
:100F800091C989476389F504B24022449244494596
:100F9000410182809385C19CEF60C04689470589E5
:100FA00065D513974700B727002093874745BA9721
:100FB00083D7A700A285B2402310F40022442685DF
:100FC0009244014641016F70C0209385019DEF60FE
:100FD00060439947E9B79385419DEF60A042A947D7
:100FE0007DBFB7170040854603C8870583C89705AE
:100FF000238CD70403C797051378F80F93F8F80FDD
:1010000013678700A38CE70403C797051377B70F0F
:10101000A38CE704238DD704371700408347A70527
:101020001306A705858BFDFB05654147B7150040F5
:10103000054E1303F5FF2300C60183460600858A8B
:10104000EDFE83D6C5057D17420793C6F6FFB3F6BE
:1010500066004183B69765F3A10791831305058068
:101060001D8DA38C15054205238C050541858280C5
:10107000B717004003C777051A0592054D8D137702
:10108000E70F13653500A38BE7041375F50FA38CE9
:10109000A7048280B717004003C777051377E70FCF
:1010A000A38BE704130700F8A38DE7043D47238CC7
:1010B000E70413075003A38CE70482800547B717A2
:1010C0000040238DE704371700408347A705858B31
:1010D000EDFF0355C70552055181828041112A83D6
:1010E000014E930E407E130F0019930F400663E7E5
:1010F0006E149308001913034006B3781503854E48
:101100000D4FA14F337365020D891335150063E14F
:10111000BE161308F6FF7946729842081358080164
:101120003307C70213D61700BE0732976146B3F6DE
:10113000C60213068070B386C6023697A166F58F85
:1011400042075D8FB716004083C7F60293F7070882
:10115000A307F1000346F10083C7F60293F70708DF
:10116000E394C7FE8347F100B716004093F7F70FEB
:10117000638A0714F3260080A18A639B06140F106C
:101180000000B7160040130670052380C60413063E
:1011900080FA2380C6040F10000023AA060303C6AA
:1011A000160313660608A388C60223800604732666
:1011B000008083A6C19DA18AD18E7390068023AE44
:1011C000019C0F1000001166B71500407D16D45920
:1011D000C85DA98EF18EE5FEF3260080A18A91CA32
:1011E000F326008023AED19C83A6C19DDD9A739027
:1011F00006800F100000B71600401306700523800C
:10120000C604130680FA2380C6040F100000D8DA43
:1012100003C7160313670704A388E60223800604A6
:10122000F326008003A7C19D218B558F7310078083
:1012300023AE019C0F100000410182807D133368B2
:10124000E3039308E016630E08003368F303930882
:10125000D016630808009378330093B81800938879
:10126000D81633081E01131E0801135E0E0141B586
:101270006393E503054863860800014863030300A0
:101280002A8871087298FD15131E0801C205135EA5
:101290000E01C181ADBD13F8150063F4BF007908DC
:1012A000D5B713381800E5BF83C7F60293F70708D0
:1012B000A307F1000346F10083C7F60293F707087E
:1012C000E394C7FE8347F10093F7F70FF1DF5DB5B5
:1012D000F326008023AED19C83A6C19DDD9A739036
:1012E000068071BDB718004003A8C80303D3A80344
:1012F00083D888034111060393D8F8004A08B30E37
:1013000013019308407E22C626C44AC213582801FE
:1013100023101501930F00199302D0169303400672
:10132000130FC01603530500B378F303638008104E
:10133000B3787302638108109378330013BE1800EA
:10134000130EDE166350C809239005000544994426
:10135000F94FF542130900199303400683D805009D
:10136000138F18006394880A03530500337E230308
:10137000630C0E08B3787302638608009378330019
:1013800063840808F148635C18052390E5010508AB
:10139000231006010566130606E1B3D5CE023244DA
:1013A000A244124933F6CE022390B6009306C0033E
:1013B0003356D602B3F6DE022310C7002390D700BF
:1013C0004101828093B818009388D81633081841D9
:1013D000420805031358080123106500A1B785488A
:1013E000630B0E00337E7302814863060E00937810
:1013F000330093B81800F108330818414208135815
:1014000008012390E50199BFF548B5BF13F3180013
:1014100063F8140163180300E3D902F7F948E9BF40
:10142000E31C03FEE3D30FF7FD48F9B7E3DE02F157
:101430009308E01661BFE3590FF19308D01679B70E
:101440000D06719A81473307F5006393C7008280C8
:1014500014433387F500910714C3F5B7914763ED43
:10146000B702B7370300938787598A05BE959C4119
:101470008287B717004003A7470B1345F5FF698F15
:1014800023AAE70A03A7070B698F23A8E70A03A784
:10149000070A798D23A0A70A8280B717004083A688
:1014A000470B1347F5FFF98E23AAD70A83A6070B2C
:1014B000558D23A8A70A83A6070A758F23A0E70ADC
:1014C0008280B717004003A7470B498F23AAE70A7A
:1014D00003A7070B1345F5FF45BFB717004083A6C9
:1014E000470B1347F5FF758F23AAE70A03A7070ADF
:1014F000598D4DB7B717004003A7470B498FEDB77C
:10150000914763EDB702B73703009387C75A8A053F
:10151000BE959C418287B717004003A7470D13452E
:10152000F5FF698F23AAE70C03A7070D698F23A88E
:10153000E70C03A7070C798D23A0A70C8280B717AF
:10154000004083A6470D1347F5FFF98E23AAD70C59
:1015500083A6070D558D23A8A70C83A6070C758FAE
:1015600023A0E70C8280B717004003A7470D498FDF
:1015700023AAE70C03A7070D1345F5FF45BFB717CF
:10158000004083A6470D1347F5FF758F23AAE70C8C
:1015900003A7070C598D4DB7B717004003A7470D98
:1015A000498FEDB7B717004003D7870109C5D98D1B
:1015B000239CB700828093C5F5FFF98DD5BFB7474F
:1015C00000401147A381E74009472380E740130704
:1015D00000062380E74003C7174013670701A38075
:1015E000E7408280B747004003C707401377F70EF4
:1015F0002380E7402382A740374700408347674066
:1016000093F70704E5DF8280B747004003C7074030
:10161000136707012380E7407D572382E740374760
:1016200000408347674093F70704E5DF03454740E1
:101630008280B717004003D5870042054181937728
:10164000050491EB9377F5013755E8011305058003
:101650003345F50282809377050C130700046397E6
:10166000E7009377F50137459C1CCDB7216513053D
:1016700005D0828037E700E01C435443A183E20693
:10168000D58F1CC1FD572320F7182322F7180F1000
:1016900000008280B7F700E08847CC478280B71708
:1016A000004083C7670493F7F70F93E6270019E11B
:1016B00093F6D70F73270080218B9387C19D01CBB1
:1016C0007327008098C398435D9B731007800F10A9
:1016D000000037170040130670052300C7041306E7
:1016E00080FA2300C7040F1000002303D70423004F
:1016F0000704F32600809843218B558F73100780D1
:1017000023A007000F100000828073270080218B28
:101710009387C19D01CB7327008098C398435D9B3D
:10172000731007800F1000003717004093067005F4
:101730002300D704930680FA2300D7040F1000007B
:101740008346670493E606012303D70423000704B6
:10175000F32600809843218B558F7310078023A0B8
:1017600007000F1000008280814737370040A146F4
:1017700063C4C700328582800345B740E38EA6FE6E
:101780003385F5000345050085072304A740CDB741
:10179000138701831C43B7660020938646543E9509
:1017A000636BD500B7860020938606A063E5A6008C
:1017B00008C33E858280FD57EDBFB7270040C8C7EC
:1017C00009472380E70011472380E7008280411109
:1017D00022C406C62A84EFF0DFE52947B307E502F5
:1017E000B2408D83B3D7870222449507B3D7E7026F
:1017F00037370040C207C1832316F70041018280BA
:10180000B7370040130700F8A380E700828041113A
:1018100022C406C62A84EFF0DFE12947B307E502B8
:10182000B2408D83B3D7870222449507B3D7E7022E
:1018300037370040C207C1832316F7404101828039
:10184000716541111305052006C6EFF05FFCB7373F
:101850000040130770F82381E7400D47A381E7405C
:1018600013070004A380E74005472387E740B24001
:1018700041018280B737004003C7174019C9D98D8D
:10188000A380B74003C70740136787002380E74062
:10189000828093C5F5FFF98DA380B7408280B7376A
:1018A0000040130700F8A380E7408280411122C462
:1018B00006C62A84EFF0FFD72947B307E502B240F6
:1018C0008D83B3D7870222449507B3D7E702374702
:1018D0000040C207C1832316F7C0410182803965E9
:1018E00041111305051006C6EFF05FFCB747004035
:1018F000130770F82381E7C00D47A381E7C01307E2
:101900000004A380E7C005472387E7C0B240410138
:101910008280B747004003C717C019C9D98DA3807B
:10192000B7C003C707C0136787002380E7C0828062
:1019300093C5F5FFF98DA380B7C0828023AC05FE67
:101940001C4191E7010001000CC18280BA8703A706
:1019500087FF6DFF23ACB7FE82801DC18346E5FF84
:101960001307F00F9147639EE600411106C69700EA
:10197000FF1FE78080C7B24081473E8541018280DA
:1019800095473E85828001E9014582800145B2404C
:1019900022444101828095654111938505D022C47E
:1019A000C98D2A842105C2054205C181418106C62F
:1019B0009700FF1FE78000B771D9FD57232005006E
:1019C000231285002303F5002105D1B71387019E5B
:1019D0001C43411122C426C24AC006C60144014923
:1019E000BA8489E7A16571250DC401A803C7E7FF83
:1019F0006318A7021DC8A165FD249840832784FFB2
:101A00006317E40223A0F19EFD57232C04FE230F4D
:101A1000F4FE2285B2402244924402494101828070
:101A200011E03E8983A787FF6DBF3E84E5BF232C6D
:101A3000F9FED9BFB9CD411122C406C62A84974701
:101A4000FF1F83C777752E856375F400894763E9A7
:101A50008700EFF09FF00D45B240224441018280A3
:101A600083A785FF99E703C7E5FF9307F00F630698
:101A7000F700EFF09FEE1545C5B7238F85FE138560
:101A8000019EEFF0BFEB22852244B240A1654101E7
:101A900099AC1545828023A0019E82809387819F07
:101AA0009C4399E33E85828003D727006316B700E5
:101AB00003C70700E308A7FEDC47E5B7BDCD797192
:101AC00022D406D626D24AD04ECE01444147B3D7BF
:101AD0008540858BB1CF1205314722953305E5024C
:101AE0009387819E03A907008544B3948400C204B0
:101AF000C180BE892A990327090011C7032549001F
:101B00002EC60297B24531473304E40283A7090089
:101B10003E941C4489E72320090023220900B25087
:101B20002254A58D02599254F2492E854561828036
:101B30000504E31EE4F88144DDB72E85828041115F
:101B40001397050122C406C626C24AC041872E84C7
:101B500063500702EFF09FE719C1EFF01FE0A167A4
:101B60003D8C2285B2402244924402494101828048
:101B7000EDD9AA8701474146B356E440858A9DCAFC
:101B80009207BA97B146B387D7029386819E03A97D
:101B900006008544B394E400C204C1803E998327C3
:101BA0000900032549008297232009002322090008
:101BB000258C45BF0507E311C7FC8144D5BF974776
:101BC000FF1F9387A7599C53411122C406C6138453
:101BD000418399C782971C403E9523AAA18229A0E0
:101BE0009387019F9C43FDF70840B7470300938705
:101BF000D73F3305F502B7A72600938737ECB240ED
:101C000022443E9523AAA1824101828079C993870B
:101C1000019F9C43797122D426D24AD04ECE52CC19
:101C200056CA5AC806D65EC63A8AB689328BAE8A7A
:101C30002A8982979387819E9843BE840144B14646
:101C4000C147B30BD40233067701104251E6C16598
:101C5000938505F041459700FF1FE780A08C1DE5A7
:101C60009747FF1F9387874F9C5B2D4589C7114579
:101C7000814582972D45B250225492540259F2491F
:101C8000624AD24A424BB24B456182809387819F20
:101C900098431DEF23ACA19E230005009C400547FF
:101CA0003317870023260500232465012311E5004F
:101CB00023224501DE9723A0270123A2570123A455
:101CC00047010145E38909FA238089006DB73E8702
:101CD0005C47F5FF48C7C9B70504E314F4F621458E
:101CE00059BF094582809747FF1F83C7F74A637F23
:101CF000F5001387419E9317150008433E958357BF
:101D00000500DD8D2310B500014582800D458280E0
:101D10009747FF1F83C757486371F5021387419E9A
:101D200093171500084393C5F5FF3E9583570500AB
:101D3000FD8D2310B500014582800D45828013077B
:101D400005FF1377F70FFD4763E7E70AB146B306D0
:101D5000D5029387819E984389473697184349CF88
:101D6000011122CC4EC60544935945003D893315D7
:101D7000A40013140501418026CA4E85AE84A285B5
:101D80004AC806CEEFF09FD12A89814729CDA28586
:101D90004E85EFF0FFF79387019F9C43829797470B
:101DA000FF1F83D72744338797022A84814613066F
:101DB0000064B3B7970213050732B335E500BE954B
:101DC000EFE08170B30785009746FF1F93860641B9
:101DD0003E87D44263E4A70063E4D7003387D7404B
:101DE0002324E9008147F2406244D2444249B24987
:101DF0003E850561828089473E858280011126CA21
:101E000006CE22CC4AC84EC6BD47894463EFA7021E
:101E100031473307E5029387819E9C438944BA97F3
:101E20009C4385C705443314A400420441802E8995
:101E30000145A285EFF09FC6AA89814419C5A285F4
:101E40000145EFF0FFEC23A42901F240624426850E
:101E50004249D244B249056182809747FF1F83C738
:101E6000B7336364F5000145828001119387019FB8
:101E700056C283AA070006CE22CC26CA4AC84EC63E
:101E800052C4638E0A0A174AFF1F130A2A35832495
:101E90004A00B74736FE938707C8AE899745FF1FAC
:101EA00083D54534BE94B387C5022A8432898146DE
:101EB000B3B5C50213850732B337F50013060064C6
:101EC000BE95EFE0616063ECA406829A9745FF1F20
:101ED00083D54531B3872503AA8413060064814660
:101EE000B3B5250313850732B337F500BE95EFE090
:101EF000A15DB3079500BE8403274A0063E4A700F1
:101F000063E4E700B384E740CE852285EFF01FB994
:101F100001C504C505452DA0936504F0C205C18126
:101F2000414597F0FE1FE780E05F05E59747FF1FFB
:101F30009387C7229C5B81C7A28511458297014583
:101F4000F2406244D2444249B249224A924A05616F
:101F500082809387819F9C438DE323ACA19E85471C
:101F60002326050004C52311350123008500A300A5
:101F7000F5002322050079BFBA87D84775FFC8C787
:101F8000F9BF51C9797122D426D24AD04ECE52CC53
:101F900056CA5EC662C466C206D65AC83689328A36
:101FA000AE89AA844144314C938A819E854C930B1F
:101FB0000003330B840303A70A005A971C43B9E7B5
:101FC0009375F400B395BC0013554440C205528686
:101FD000C1811375F50FEFF05FE80DC983A70A0003
:101FE0000145DA9784C323A2370163040900230063
:101FF0008900B250225492540259F249624AD24A9C
:10200000424BB24B224C924C456182800504E31254
:1020100074FB2145F9BF09458280411122C426C2C3
:102020004AC006C62A842E89B284EFF01FE3CA850F
:102030002285EFF0BFA605CD9745FF1F83D5851AF2
:10204000B38795022A84130600648146B3B59502CE
:1020500013850732B337F500BE95EFE0E14648C07F
:102060000145B24022449244024941018280214507
:10207000CDBF411122C426C24AC006C62A892E8479
:10208000EFF0DFA1AA8419C123110500A2854A85BA
:10209000EFF01FC89747FF1F83C7071063972701FB
:1020A00083D7C19E5D8C2396819E014591E01945A1
:1020B000B240224492440249410182809307F002D7
:1020C00063E7A7044111B14722C43304F50226C2D5
:1020D0009384819E9C4006C6A2979843894715C366
:1020E0009377F5008545B395F500C205C18111814F
:1020F000EFF03FF89C40A29723A0070023A207001F
:102100008147B240224492443E8541018280894702
:102110003E858280411106C622C4EFF03F9811E54A
:102120000145B2402244410182809387019F9C4334
:10213000004582979747FF1F9387470A6368A40269
:10214000D843B74636FE938606C83305A440369773
:10215000E378E5FC13070064B335E50203D6870096
:1021600081463305E502EFE0213665BFD8433A9456
:10217000C1BF411106C623AAA19E0295B24097474E
:10218000FF1F23A7A702014541018280994763E908
:10219000B7008A059747FF1F93878702BE9588C1BE
:1021A00082804111714681451745FF1F1305450186
:1021B00006C623AC019E23AA019E23A8019E97E098
:1021C000FE1FE78060601306800281451745FF1FF0
:1021D000130585FC97E0FE1FE780005FEF50D16696
:1021E0009747FF1F83C7F7F813D527008D8B3E95C0
:1021F0008D473305F502854539051375F50F97476A
:10220000FF1F238CA7F899473305F5021305052412
:1022100097F0FE1FE780003123A4A19E59C599477E
:102220001746FF1F034666F73306F602814513067D
:10223000062497E0FE1FE78020599387819E9C43E8
:102240009387072423AEF19E1747FF1F0347E7F448
:102250000A07BA9723A2F19EEFF0FF830D2393871D
:10226000C19F94439747FF1F83C717F31397270016
:102270003697170600001306A68410C313871700AD
:102280001377F70F0A073697170600001306668BB9
:1022900010C313873700890793F7F70F8A0797450D
:1022A000FF1FA38BE5EEB69790C3B2404101828039
:1022B0009747FF1F83C757EE1747FF1F0347E7EDF9
:1022C00063F1E7021387C19F1843938617001746EF
:1022D000FF1FA303D6EC93962700369708C33E85CD
:1022E00082809307F00FE5BF1C4163890716417791
:1022F0007D8FB706002089476313D7160357450023
:10230000630F0714411122C419462A849305F00F64
:10231000690506C697E0FE1FE780205505478D47F3
:102320006309E5121C4481CB58589947630307128F
:10233000185C630007121306C00381451745FF1F91
:102340001305C5E197E0FE1FE78000481306C003B0
:10235000A2851745FF1F130565E097E0FE1FE78084
:1023600020431747FF1F035727E09747FF1F938717
:10237000E7DE19E7130700109746FF1F2396E6DEF6
:102380001747FF1F034767DE11E705479746FF1F03
:10239000238DE6DC1747FF1F035747DD11E76D4725
:1023A0009746FF1F2394E6DC1747FF1F0347F7DB21
:1023B00011E715479746FF1FA389E6DA1747FF1F66
:1023C0000347E7DA11E705479746FF1F2381E6DA5F
:1023D0001747FF1F0347B7D919E703C7F700974609
:1023E000FF1FA386E6D81747FF1F034767D811E7EB
:1023F00035479746FF1F238DE6D61747FF1F034734
:1024000077D719E7130780029746FF1FA384E6D604
:102410001747FF1F0347D7D519E71307D002974681
:10242000FF1FA387E6D40347840119E71307C003FE
:102430009746FF1F2380E6D49C5791C78297974702
:10244000FF1F239FA7D4FD57A381F1B4EFF07FD5E1
:102450008147B24022443E854101828089473E85C2
:10246000828001114EC69749FF1F938929D783A700
:10247000090006CE22CC26CA4AC852C48297130944
:102480000064B335250303DA89008146528633059B
:102490002503EFE061039747FF1F9387E7CF804F46
:1024A000AA8401456306940233858440636E9400D8
:1024B00003A5490052868146B335A9023305A90216
:1024C000EFE08100018D26959747FF1F23A297CE4D
:1024D000F2406244D2444249B249224A05618280B4
:1024E000011122CC0A852E8441469705020093856E
:1024F000A5BD06CEEFE00172180806043A94035514
:1025000004FF9747FF1F83D707CEF2406244AA9784
:1025100037450F00130505243355F5020561828008
:102520009747FF1F83D727CC51471D45637CF70290
:10253000794719456378F70213072003154563733C
:10254000F7021307B0041145637EF7001307400636
:102550000D456379F7001307600909456374F700B7
:1025600013B5B70F8280011122CC06CE2A842EC665
:10257000EFF0EFE4B245F240818D33A5A50222953C
:1025800062441375F50F05618280011122CC06CEDD
:102590002A842EC6EFF0AFE2B245F240818D33A51A
:1025A000A5022295624442054181056182800111A4
:1025B00022CC06CE2A842EC6EFF06FE0B245F24060
:1025C000818D33B5A50222956244056182809747CB
:1025D000FF1F9387A7B8985739CB411122C426C251
:1025E00006C6BE8402971747FF1F035767BB2A849E
:1025F00015CBBA876373A700AA87C207C183BA86BF
:102600006373E400A286C206C182958F5147635B63
:10261000F700DC5491C38297EFF0904D9747FF1F6E
:10262000239087B8B2402244924441018280828044
:102630009747FF1F938787B2DC57011106CEAA8503
:1026400081C72AC68297B245D1C19C410545A5CF15
:10265000DC41B5CB83D78500BDC783D7A500A5C70F
:1026600083C7C500ADE341461745FF1F130505B7F6
:1026700097E0FE1FE780C0119747FF1F938707B6BB
:102680009C4323A8F19E9747FF1F83C7B7AE8DE7F2
:10269000930780021745FF1F0355C5B43305F502A4
:1026A00037460F001306062481468145EFD0D161DD
:1026B0009747FF1FA380A7AC170500001305A5DAF5
:1026C000EFF03FAB0145F240056182809747FF1F65
:1026D00083C727AA13978701618763540704974725
:1026E000FF1F23A907AC97E7FE1F9387274B1747C8
:1026F000FF1F2325F7AE7D579747FF1F23A2E7AEA5
:10270000B7873200938727A19746FF1F23ACF6AC0B
:102710009747FF1F238A07ACB7C7004023A4E726CB
:10272000A1BF13F7170005CFB7872003938707D002
:102730001747FF1F2328F7AAB707C0A81747FF1F8F
:102740002320F7AA97E7FE1F938767481747FF1FC5
:102750002326F7A89747FF1F238807A831BF617773
:102760009746FF1F2390E6A881CB930700321747B7
:10277000FF1F231AF7A6C9B793072003CDBF011186
:1027800022CC1744FF1F1304649D084406CE26CABA
:102790004AC801E90545F2406244D2444249056114
:1027A00082805C58E5DB185C75D7700085458297A0
:1027B0001844B247E300F7FE9305E0041745FF1FF6
:1027C0000355859A97F0FE1FE780C0D51747FF1F76
:1027D0002324A79E61D11746FF1F0356E698930551
:1027E000F00F97E0FE1FE78020FE81441749FF1F8E
:1027F0001309899A9747FF1F83C727970326090262
:1028000063C1F402328597F0FE1FE78000DE0145C8
:102810009747FF1F23A2079A9747FF1F23A0079AF6
:102820009DBF9745FF1F83D52594B3879502084424
:10283000185C898185043E9508C2029765BF011125
:1028400056C2974AFF1F938A6A9183A78A0022CCB7
:102850004AC84EC606CE26CA52C45AC0AA892E8479
:1028600032896385072203A74A03630707147D475C
:102870006366A7149744FF1F9384049203AA04027B
:1028800063170A0A9565938515E01745FF1F0355E1
:10289000A58D97F0FE1FE780E0C89747FF1F23AD87
:1028A000A7902A86630A051083A74A0303A58A0016
:1028B0009745FF1F83D5458B8981829783A78A001F
:1028C00003AA04021747FF1F232AF78E8947639C38
:1028D000F908C1476312F40E9745FF1F83D5C588D9
:1028E000938505FC9147B3C5F5028A05D29503C7C8
:1028F00005009307A005631DF70A83C715006399B8
:10290000370B4A852286910597E0FE1FE78040E855
:102910009C505285639347150145F2406244D2446E
:102920004249B249224A924A024B05618280D850FC
:10293000E38EE7F89565938525E01745FF1F03555E
:10294000A58297F0FE1FE780E0BD2A8A35C52A865A
:1029500083A74A0303A58A009745FF1F83D5C58037
:1029600089818297A5B78D47639DF900C14763159B
:10297000F4049735FF1F83D5257F938545FDF19995
:10298000B5B79147639AF900631834039735FF1F71
:1029900083D5857DA115E5B7C147639FF900A147A0
:1029A00063EC87009735FF1F83D5057CC115C1BF38
:1029B0009C5052856397470D294585B71307F0064C
:1029C000568B6361A70A130A05FE1947334AEA02C8
:1029D0001737FF1F03574779973AFF1F938ACA7B20
:1029E000330AEA023E9A83A74A026395470183A409
:1029F0000A029DE49305E0041735FF1F0355C576D1
:102A000097F0FE1FE78000B2AA845DD583274B03B1
:102A10009735FF1F83D545752A8689815285829710
:102A200091451307A005898193972500A69783C632
:102A300007006393E60483C61700639C360385058D
:102A40008A052286A6954A8597E0FE1FE78040D436
:102A500083A70A02E38297EC268597F0FE1FE780A2
:102A6000C0B85DBD1307E007E368A7F4130A05F9D2
:102A700085B783D5270045BF83A70A02E38E97F267
:102A8000268597F0FE1FE78040B63DB79737FF1FBA
:102A9000938787708C538DD191479306A0058983C6
:102AA000139727002E9703460700E317D6F0034637
:102AB0001700631C360185078A072286BE954A8562
:102AC00097E0FE1FE780C0CC81BD83572700C1BFC0
:102AD0009737FF1F93878768984739C79C5FA9C7B7
:102AE00005476313E504411122C41734FF1F130483
:102AF000A46A105006C60DC648509735FF1F83D5EF
:102B0000A56689818297085097F0FE1FE780E0ADA7
:102B10009737FF1F23A2076A9737FF1F23A0076A73
:102B2000B240224441018280828001111737FF1F89
:102B30001307C7624EC68329870022CC26CA4AC81B
:102B400006CE52C456C2AA842E843289638A0920D2
:102B50001C5FBA8A99EB2945F2406244D24442494B
:102B6000B249224A924A056182805C5BEDD7FD47FB
:102B700063E9A70E9739FF1F9389096283A70902AA
:102B8000B1CB03A58A0083A749026395A7068947AD
:102B90006393F408C147E310F4FC1735FF1F035596
:102BA000A55C9147130505FC3345F50293172500F5
:102BB00003A509022286CA853E959307A005230036
:102BC000F500A3009500110597E0FE1FE78040BCCB
:102BD000014559B79305E0041735FF1F0355C55844
:102BE00097F0FE1FE78000949737FF1F23A6A75C8E
:102BF00049F995B783A74A0303A609029735FF1F32
:102C000083D585568981829783A78A001737FF1F4E
:102C10002326F75AADBF8D47639EF400C147E31CDE
:102C2000F4F21735FF1F03552554130545FD93771F
:102C3000C5FFBDBF9147639AF400E31E94F01735BA
:102C4000FF1F035565522115DDB7C147E395F4F029
:102C5000A147E3E287F01735FF1F0355E550411503
:102C6000F9B79307F00663EAA706930705FE19472D
:102C7000B3C7E7021737FF1F0357074F173AFF1F66
:102C8000130A8A51B387E702BE9983270A02A9CFA4
:102C900083274A02639A370703250A0291461308DD
:102CA000A005FD5593D72600C207C18313972700BF
:102CB0002A9703460700631D06078348170003563B
:102CC000270063959806B306D64063CF8604850730
:102CD0008A072286CA853E95C5BD9307E007E3ECC7
:102CE000A7E6930705F979B79305E0041735FF1FA9
:102CF0000355854797F0FE1FE780C0829737FF1F77
:102D000023ACA74A51F581BD83A74A0303260A02D3
:102D10009735FF1F83D5454589814E858297973723
:102D2000FF1F23AD37498DBFA300B700B2869DBFFB
:102D3000B38586001736FF1F035606439105130619
:102D400006FCE3FAC5E0130634001376C60F11063D
:102D5000B29623000701A30097002311D70085BF77
:102D60009737FF1F938747439453BE89A1C203A59A
:102D7000090291461308A005FD5593D72600C20706
:102D8000C183139727002A97034607006316060599
:102D9000834817000356270063989800B306D6406F
:102DA000E3D786F2A300B700B286C1BF8357C7003E
:102DB0001735FF1F0345653B9305E0043305F50216
:102DC0004205418197E0FE1FE780C0759737FF1FDE
:102DD00023A4A73E49FD41B31736FF1F0356C6384B
:102DE0009735FF1F83C56538B385C50233868600D6
:102DF0001106E3E2C5D681BF01458280011106CEEE
:102E00002EC6EF80804F01C9B245F2400355250020
:102E100005616FC02062F240494505618280A3844C
:102E200001A2238401A223A801A023AA01A023AC0C
:102E300001A023AE01A023A601A023A401A09737DF
:102E4000FF1F9387A73A370684033707B40090D350
:102E500037C6070098C3130606B83747A000D8C383
:102E6000D0D33707100041669306070AB705500014
:102E70009308060194C723A41703938605019308BA
:102E800016F8D4C723A61703B706D007B7087F00E4
:102E90001308070513850601410723A81703B0C3CC
:102EA000930816009386060513861500D8CBF8C341
:102EB00023A8070188CF23AE070023AA170323AC5A
:102EC000070223AE070223A40704F0C7B4CB23AA4A
:102ED0000704ACCF23AE0705B8D33707A000F8D757
:102EE0001307000AB8DB1307C01CF8DB3707140010
:102EF000B8DF0547F8DF130710F8E8D323A4070667
:102F000023A0070823A2E7088280011126CAAA8409
:102F1000214522CC06CE2E8432C636C43AC2EFE01A
:102F20009FA61DC9A24612473246930700FD230003
:102F3000F5009947A30095002301F5002303D50070
:102F4000A303E5002312C500AA8522856244F2404E
:102F5000D24405616FE01FAEF2406244D244056185
:102F6000828023A8A1A0828023AAA1A0828023AC72
:102F7000A1A0828023AEA1A08280011122CC4AC8E8
:102F800006CE26CA2A890144B30489006368B400C6
:102F9000F2406244D2444249056182802EC6EFE08D
:102FA0001FC293170501C183A183B2452380F4009A
:102FB0009307140093F7F70F850463F9B700CA97D6
:102FC00009042380A7001374F40F7DBF3E847DBFE6
:102FD000C1671735FF1F0355452AFD176304F50226
:102FE00041111736FF1F03466636938501A206C6B8
:102FF000EF80A00FB240FD571737FF1F231FF726A2
:1030000041018280828009C925151375F50F13359A
:10301000850E1345150082800145828023900500AE
:10302000D1C6797122D426D24ECE52CC5AC806D6F9
:103030004AD056CA5EC63684328AAE892A8B81440B
:1030400063F44407B307940083C70700138914008F
:103050004209939A070193DA0A011359090163851A
:103060000A04CA976342FA04B307240183CB07001A
:103070005E85EFF05FF90DC99387FAFF2390F900A1
:1030800063906B03130519002295B2502254925499
:103090000259F249624AD24A424BB24B45618280A0
:1030A000D694C204C18069BF0145C5B7014582807D
:1030B000411126C2AE8422C49737FF1F23A6C71C26
:1030C0009737FF1F23A0B71C9737FF1F23AAA71A04
:1030D0002A8441469305F00F26854AC006C6054955
:1030E00097D0FE1FE7806078631225059737FF1F92
:1030F00093874718884BC145EFF03FE84146930559
:10310000F00F228597D0FE1FE78020768544631953
:10311000950222449737FF1F9387C715B240924408
:103120000249C847C14541016FF03FE5414681452D
:10313000268597D0FE1FE7804073E31125FD7DB7FC
:1031400041468145228597D0FE1FE7800072E30249
:1031500095FCB240224492440249410182804111CF
:1031600022C426C22E84AA84130600028145173584
:10317000FF1F1305251006C697D0FE1FE780C06409
:103180009737FF1FA389970E9737FF1F2382871C4E
:10319000EFC0402C854719C181474945B2402244C0
:1031A0001737FF1F2308F70C9244410182808147A3
:1031B00081CD19C98547631BF50083C7550093E787
:1031C00007FCA382F50085473E8582808947631707
:1031D000F50083C7550093F7F703E5B70D4785471B
:1031E000E314E5FE03C755001377F70313670704DD
:1031F000A382E500D1BF81478DC105C103C755003A
:103200009306000C85471377070C6308D7009306D5
:1032100000048D476303D70089473E8582804111B2
:1032200022C4005D06C626C21DC8AA84085009C56E
:1032300097E0FE1FE780603B485009C597E0FE1FFE
:10324000E780A03A085409C597E0FE1FE780E039FF
:10325000228597E0FE1FE780403923AC0402B2408C
:10326000224492444101828009ED9737FF1F83C7B2
:1032700087001735FF1F1305650181CB138501A05A
:1032800082801735FF1F1305650082801735FF1FE9
:10329000034565FE82809737FF1F9387A7FDC847C8
:1032A00082809737FF1F9387E7FC884B8280973790
:1032B000FF1F938727FCDC4B884382809737FF1FD3
:1032C000938747FBD84B1C4385071CC31735FF1F4B
:1032D000034575FA9307F00F6305F50091656FE0FC
:1032E0009FA08280011122CC06CE2E8432C6EF80B0
:1032F00000119147B245631FF5009387C1A19C431C
:103300008DC303A30700630E030022856244F240CD
:1033100005610283938741A19C4381C703A34700B2
:10332000DDB7F2406244054505618280011122CC7F
:103330002A840355450006CE26CA4AC84EC6EF70F9
:10334000306B3DC52A89834405008349C500EFF0F1
:103350001FED4A85EF80A04803554400EF806005CB
:1033600083C781A2B1CB6399970483C591A22685B7
:10337000EFF0DFA819E1238401A203554400EF8098
:1033800000089147631FF500035744009737FF1F5C
:1033900083D7A7EE6317F700FD571737FF1F231ECC
:1033A000F7ECF2406244D2444249B249056182805E
:1033B00081499304F00F6DB79307F00FE38FF4FA90
:1033C0008346640003564400034524004E87A685C7
:1033D000EFF0BFB35DB779715EC6AA8B2E8552CC74
:1033E00056CA5AC806D622D426D24AD04ECEAE8A63
:1033F000328B368AEF70D05F65C5045D2A89EDC0D7
:103400009C50614599C3130540039C5481C75105E5
:103410004205418163050A00710542054181DC5086
:1034200081C75D0542054181EFE0EFD52A844DC992
:103430006146814597D0FE1FE78000399739FF1F0D
:1034400083C9C9DD6394090083490900930700FD1E
:103450002300F400A947A30074012301F40023030F
:1034600064018C50231254011305840191C908C4CE
:103470007146930A440397D0FE1FE780603156855A
:103480008C5491C948C45146930A450197D0FE1FF8
:10349000E78000305685630C0A0008C87146D28563
:1034A000930AC50197D0FE1FE780802E5685CC5029
:1034B00099C548C85D4697D0FE1FE780602DA2855C
:1034C0004E85EFE02FD72254B2509254F249624A0F
:1034D000D24A424BB24B4A85025945616FF03FD404
:1034E000B250225492540259F249624AD24A424B93
:1034F000B24B4561828001114EC6AA892E854AC809
:1035000006CE22CC26CA2E89EF70904E21C9973460
:10351000FF1F83C4A4D099E0834405001945EFE060
:103520008FC62A8405CD8145194697D0FE1FE780B6
:10353000A029930700FD2300F400B947A30034013C
:103540002301F40023122401A2856244F24042497F
:10355000B2492685D24405616FE0CFCDF240624486
:10356000D2444249B2490561828039715ECEAA8B4C
:103570002E8526DA4ED652D456D25AD006DE22DC1A
:103580004AD8AE84328BB68A3A8ABE8942C6EF7078
:10359000304621CD2A894145EFE0EFBE2A8431C56E
:1035A0004146814597D0FE1FE78000221735FF1F57
:1035B0000345C5C619E103450900930700FD230033
:1035C000F400BD472301F400B247A30074012312A5
:1035D000940023046401A304540123054401A305BA
:1035E00034015CC4A285EFE0EFC4F2506254D254BF
:1035F0004259B259225A925A025BF24B216182809F
:10360000797126D2AA8439454AD04ECE06D622D424
:103610002EC6B2893689EFE00FB721C1B2459307B4
:10362000000D2310F500B1472A842312B5002301B1
:10363000F500CE851905194697D0FE1FE780401585
:1036400023062401A2852254B2500259F24913F5EF
:10365000F40F925445616FE0EFBDB2502254925482
:103660000259F249456182801737FF1F0347B7C0EF
:103670009307F00F630DF706411126C2AA8439455E
:1036800022C406C64AC0EFE00FB02A8439C99307A6
:1036900000FD2300F500A3009500230105009735E8
:1036A000FF1F9385A5BE0D05194697D0FE1FE78025
:1036B000200E1739FF1F1309E9BB83578900A28524
:1036C0001735FF1F034535BB2315F4008347190049
:1036D0002306F4002244B2409244024941016FE0C3
:1036E0006FB5B240224492440249410182808280F7
:1036F00001115AC02A8B314526CA4EC652C456C241
:1037000006CE22CC4AC8AE84B28A368ABA89EFE0A5
:103710008FA735CD2A842685EF70902D11C50347DC
:10372000C500A1476314F7041739FF1F0349B9B453
:10373000930700FD2300F4009D47A30064012301CB
:10374000F40023129400231354012314440123157D
:103750003401A2856244F240D244B249224A924ADC
:10376000024B4A85424905616FE0CFAC1739FF1F14
:10377000034919BEE31E0BFA938781B29C439C4711
:10378000C5DBCE865286D6852685829755B7F24010
:103790006244D2444249B249224A924A024B0561EC
:1037A0008280011122CC2A84214506CE2EC6EFE06C
:1037B0008F9D21C1B245930700FD2300F500C54749
:1037C0002301F50083C73500A301F50083D7450029
:1037D0002312F50083C765002303F50083C7750036
:1037E000AA85A303F50022856244F24005616FE0DB
:1037F0006FA4F240624405618280397162CC2A8CE8
:10380000594526DA4AD84ED652D456D25AD05ECE30
:1038100006DE22DCAE8432C636C4BA8B3E8BC28A48
:10382000468A8359010403494104EFE0CF9525C935
:103830003246930700FDA2462300F5009547A301F9
:10384000C500A30085012301F5002A84194611054E
:10385000A9C2B68597D0FE1FE78080F323066401D6
:10386000230A24012315740123175401231844014A
:1038700023193401A2856254F2504259B259225A96
:10388000925A025BF24B624C2685D25421616FE062
:103890006F9A814597D0FE1FE78000F3C1B7F250C1
:1038A0006254D2544259B259225A925A025BF24B94
:1038B000624C216182809737FF1F83C7C79B8DCBE6
:1038C0004111AA851946138501A006C697D0FE1F8F
:1038D000E78000EC938501A01735FF1F0345A599EC
:1038E000EFF0FF8CB240138501A041016FB050375B
:1038F000014582801737FF1F0347F7979307F00FA3
:103900006305F708411126C2AA84294522C406C6C8
:10391000EFE06F872A8429C1930700FD2300F5009B
:10392000A1472301F500A30095009737FF1F938758
:10393000679483C72700938501A01105A30FF5FEA7
:10394000194697D0FE1FE780A0E4A2851735FF1F18
:1039500003457592EFE00F8E1737FF1F0347A791BE
:103960008D47631FF700938781A19C4391CB03A3ED
:103970008700630703002244B2409244410102835E
:10398000B24022449244410182801737FF1F03470F
:10399000878E8D47631AF700938781A19C4389C75F
:1039A00003A38700E31D03FC8280797122D406D62D
:1039B00026D24AD04ECE52CC094455CD2A89035541
:1039C00005002E8A5144EF70B002AA844DC5973786
:1039D000FF1F83C7E797FD1793F7F70F0547494484
:1039E000637BF7080347C500A1476314F70063141E
:1039F0000A089C5C4544C1E39165938545711305B4
:103A0000C00297E0FE1FE780E0B188DCAA894D4440
:103A10003DC11306C002814597D0FE1FE780C0DA82
:103A2000835709009386490036852391F900714632
:103A30009305490036C697D0FE1FE78060D58947B9
:103A40002380F90003C5C400B2460356090061157E
:103A50009735FF1F83C5858F13351500EF80901BA9
:103A60002A8463060A00D2852685EF80200601C4D9
:103A70002685EFF0CFFA2285B25022549254025993
:103A8000F249624A456182809737FF1F83C7478C9E
:103A9000FD1793F7F70F0547637AF708894741CA7F
:103AA000011122CC26CA4AC84EC652C406CEAA89E3
:103AB000368AB2842E89EF70A0732A84D14739C91F
:103AC000485509C597E0FE1FE78020B2F1452685DD
:103AD00097D0FE1FE780A0D148D4CD4705CD8346BF
:103AE000C40021478147639FE600630D0A00034736
:103AF000A5010356050193062501AA854E85EF8091
:103B00006004AA8703474400630F09001367670036
:103B10002302E400F2406244D2444249B249224ABC
:103B20003E850561828013674700DDB7C9473E8542
:103B300082809307200463EBA7009727FF1F9387DA
:103B4000E76A06053E9503550500828041657D15AF
:103B50008280011122CC2A842E8526CA06CEAE840C
:103B6000EF7000691DCDB7470F009387F723094514
:103B700063E4870281450A85414697D0FE1FE780AE
:103B8000A0C4A685231081000A85418023018100FD
:103B9000A3010100EF80A073F2406244D2440561AA
:103BA00082804945D5BF9727FF1F2382A77A82804D
:103BB0006F807000797152CC2A8A328522D426D245
:103BC0004AD04ECE56CA5AC85EC606D662C4AE8B1E
:103BD000B28A368BBA843E89C2894684EF704061CE
:103BE00015C92A8C63140A0213774B0083474500DA
:103BF00015CF93E727012302FC008DEC631C09021B
:103C0000639A090205E8ED9B2302FC00832B8C03D9
:103C100063910B08B250225492540259F249624AFD
:103C2000D24A424BB24B224C45618280F59B93E7CE
:103C30000701D1B793E747002302FC0001CC1C48E1
:103C40004146A2852324FC0213058C0197D0FE1F58
:103C5000E78000B463930B02D5D80325CC0209C5D5
:103C600097E0FE1FE7806098F145268597D0FE1FFC
:103C7000E780E0B72326AC0251BFE30909F803252A
:103C8000CC0209C597E0FE1FE7802096F1454A85E2
:103C9000F1BF9DC483A70B0299EB916593853571A4
:103CA000714597E0FE1FE780E08723A0AB0203A5E4
:103CB0000B0219C57146A68597D0FE1FE78040AD5F
:103CC0006388090283A74B0299EB9165938525715F
:103CD0005D4597E0FE1FE780E08423A2AB0203A5C9
:103CE0004B0219C55D46CE8597D0FE1FE78040AADE
:103CF0001DC483A78B0299EB91659385157151457E
:103D000097E0FE1FE780008223A4AB0203A58B028D
:103D100019C55146A28597D0FE1FE78060A722549F
:103D2000B2509254F249B24B224CCA865A8602597A
:103D3000424BD6855285D24A624A45616FF0AFE95F
:103D4000011126CA52C406CE22CC4AC84EC62A8ABF
:103D5000AE84EF70E04925C5AA893945EFD0BFC2CE
:103D60002A8431CD1729FF1F0349494B63140900E9
:103D700003C909009307000D2310F400AD47230188
:103D8000F4009385690013053400194697D0FE1F8F
:103D9000E78000A093F71400858085882306F4004F
:103DA000A306940023154401A2856244F240D24444
:103DB000B249224A4A85424905616FD0BFC7F240E5
:103DC0006244D2444249B249224A056182800111CB
:103DD0004EC652C456C206CE22CC26CA4AC8AA8AA9
:103DE0002E8AB289EF70C0402DCD2A891305C002FA
:103DF000EFD07FB92A8435C59724FF1F83C40442BE
:103E000099E0834409009307000D2310F400E9476B
:103E10002301F4009305690013053400194697D077
:103E2000FE1FE780E096D285231554011305C400D8
:103E3000414697D0FE1FE780A095CE851305C401AB
:103E4000414697D0FE1FE780A094A2856244F240CD
:103E50004249B249224A924A2685D24405616FD02E
:103E60007FBDF2406244D2444249B249224A924A5A
:103E700005618280938781A0884301CD411106C6E8
:103E800097D0FE1FE7806076B24023A401A04101D5
:103E900082808280011106CE22CC26CA4AC82EC654
:103EA000EF70003539CDB2451729FF1F0349093797
:103EB000AA840CD563140900034905004145EFD0DD
:103EC0009FAC2A841DCD9307000D2310F500A54754
:103ED0002301F50083C75400938564001105A30FE7
:103EE000F5FE194697D0FE1FE780808A9C54A28574
:103EF000F2405CC46244D2444A85424905616FD0B5
:103F00007FB3F2406244D2444249056182801D7110
:103F1000A2CC86CE2A842EC6EF70802D05CD834696
:103F2000C5001147AA8749456392E6029C5FB245E6
:103F300099C383C567012308B10097960000938653
:103F4000E649100889452285EF70102FF640664437
:103F5000256182805145DDBF9727FF1F83C7473FFB
:103F6000FD1793F7F70F0547637AF704894721CACE
:103F7000411122C426C24AC006C6B2842E89EF70FF
:103F800020272A84D14705C56308090083474500D7
:103F900093E727002302F5004146A6851305840117
:103FA00097C0FE1FE780C07E9C481CD48147B2406A
:103FB0002244924402493E8541018280C9473E85A0
:103FC0008280797122D406D62A842EC6EF704022D0
:103FD00001CDB2452285230EB1006C08EF70902B05
:103FE000B2502254456182805145DDBF6F7020364A
:103FF000C1671387E7FF6394E502938741A19C4360
:1040000091EB494582804945B2402244924402499D
:104010004101828003A30700E30503FE02834111EF
:1040200022C426C24AC006C6FD172A892E84B2843D
:104030006395F502938741A19C4391CB9C4381CB2F
:10404000829711E5238421A3A38491A275BFA6853D
:104050004A85EFE0BFDA4DF9F5B72E85EF704019CC
:104060005DD1834705000D45E39027FB228522445F
:10407000B2400249A685924441016FB0A03B93072C
:10408000200463E2A7064111C16722C406C626C206
:10409000FD172A8409456382F502C547AE84631380
:1040A000F4022E85EFB040401725FF1F13050514BD
:1040B00006042A94231094000145B24022449244FD
:1040C000410182809307A0036316F4002E85EFB0B0
:1040D000E036D9BF9307B003E318F4FC13F5F50FEE
:1040E000EFB00036D1B709458280011106CE2AC64D
:1040F000EFE0FFD2EF20C010EF10E060EF301128AA
:1041000032459727FF1F9387E716130700F0239187
:10411000E700238207007D579727FF1F9387072318
:104120002381E7002380A700F240954505616F5089
:104130001024597193970501CAD086D6A2D4A6D26D
:10414000CECED2CCD6CADAC8DEC6E2C4E6C2EAC057
:104150006EDEC1872E8963D1075A1725FF1F0345DD
:10416000E51EEFD0BF868964416A856A797B2A841F
:10417000938BD4007D1AA50A130CABFF1DE02165BB
:104180003345A900B650265496540659F649664A56
:10419000D64A464BB64B264C964C064DF25D6561B1
:1041A0008280834704001307200A639DE7000355BC
:1041B00024009729FF1F83C9190C2286D285EFF0AE
:1041C0006F9259A2130710099729FF1F83C9291855
:1041D0006398E7188347140015476390E702228528
:1041E000EFF0CF942285EFD04FF71725FF1F03453F
:1041F000E515EFD0AFFD2A8451B73947639BE71827
:1042000003554400631B55050C4483CC0500639D96
:104210000C00850591C919461725FF1F13050507D1
:1042200097C0FE1FE780C0561727FF1F034787046C
:1042300085476317F712638A0C009727FF1F238BAC
:1042400007026685EFF04FC271BF89471727FF1F2E
:104250002302F702EFB0802071B793872400631A1E
:10426000F506832C8400638D0C0E83C70C008DE350
:1042700083C72C0003C71C00A207D98F1727FF1F75
:10428000231EF7FE83C73C001727FF1FA304F7FE7A
:104290001727FF1F034707FE89476313F70C83C7E0
:1042A0000C0081CB9727FF1F238607FC03C50C005A
:1042B00051BF8D479725FF1F83C5D5FB1725FF1FCE
:1042C0000355C5FB1727FF1F2306F7FAEF50300DE4
:1042D000F1BF938754006318F5001C4403C5070021
:1042E000EFF04FE101B7B3078501C207C183114762
:1042F0006372F7049307ABFCAA97139707014183F6
:10430000F14763F1E7029387B4006312F5049387E2
:1043100001A19C43E38807EC9C43A285E38407EC5E
:1043200082971DA0B70700189387F770B3D7E700EF
:10433000858BB9CB938781A19C43E38507EA9C4396
:10434000E38207EA22858297E31E05E811A8938796
:10435000C4006310F5021C4483C70700E38407E828
:104360009307F00FE380F9E8A2854E85EFD08FEC3C
:10437000ADBD9387E4006319F500938741A19C4389
:10438000E38207E6DC4351BF93871404E301F5F8A9
:10439000C1BF3D476397E70403554400E30F75FD34
:1043A00093879401E30BF5FC93873401E31AF5FA44
:1043B0009727FF1F83D767EC639E4701938741A12F
:1043C0009C43E38107E2DC43E38E07E0A28513858B
:1043D0003401B9B79387C1A19C43E38507E09C43AF
:1043E000E5B71307E003E39DE7F68347240005479D
:1043F0006397E70E83476400938D81A0F1E383A761
:104400000D00D5CB83CC0700A14903457400130DE3
:104410008400EA85EFE03FDE83474401A303A40064
:10442000835804010358E400035744002A860345D7
:1044300034003EC283572401EA86E6853EC0CE871B
:10444000EFF0AFBB8347340095E7DD4783580401A5
:104450000358E40083467400835544003EC28357EA
:1044600024016A8705463EC06685CE87EF70600FDF
:10447000A301A40083A70D0081C71145EFF09F9F02
:1044800003C581A2E30005D683C591A2EFE01F9783
:10449000E30A05D48346340093071003638AF600C9
:1044A000035644004E8783C581A23685EFE0FFA501
:1044B000238401A205BB972CFF1F83CCDCDBA9B7AB
:1044C000938781A19C43972CFF1F83CCDCDA914911
:1044D0008DDFDC439DDB8145014582973DB7294750
:1044E0006391E70C83476400138D81A0C1E78327A4
:1044F0000D00A5CF83CC0700A149034574009306A6
:10450000840093772500D1C713761500930D4401DD
:10451000834704028358C4010358A401035744008D
:10452000034534003EC28357E401E6853EC0CE8792
:10453000EFF0AFAC8347340095E7DD478358C40103
:104540000358A40183467400835544003EC2835738
:10455000E4016E8705463EC06685CE87EF70600039
:10456000A301A40083270D0001BF972CFF1F83CC5C
:104570009CD059B7938781A19C43972CFF1F83CC74
:104580009CCF9149BDDBDC43ADDB81450145829782
:10459000ADB7B68536CEEFE01FC6F2462A86B68D99
:1045A00085BF0947639DE700938701A19C43E38B87
:1045B00007C2DC43E38807C22285829725B12D47D5
:1045C0006399E700938701A19C43E38D07C09C4753
:1045D000D5B70D476397E70022868D450355440004
:1045E000F9BE19476395E70693056102130510317B
:1045F000EF30615E2C1013052031EF30C15D0356A2
:104600006400835781020355440063E8C700835662
:1046100084000357610263F7E60093050002EFA0F0
:10462000B067C9B66374E6002313E40063F4D700EF
:104630002314F4000357C4008356A40003568400D7
:104640008355640001488147EFA0D06461BE1D47D7
:10465000E388E7D031476395E7002286B145BDBFC7
:1046600035476399E700938701A19C43E38C07B624
:10467000DC4789B739476396E7002285EF00D0030E
:1046800095B63D476399E700938701A19C43E38B6F
:1046900007B49C4B05B741476396E7002285EF00BE
:1046A000900C89B645476396E7000145EF00701B03
:1046B00015BE4947639EE700938781A19C43E38130
:1046C00007CADC43E38E07C881450545829749B98F
:1046D0004D47639DE700938781A19C43E38207C810
:1046E000DC43E38F07C6A2850945CDB76147E3994F
:1046F000E7C62286E145DDB593F7150081CF9387A4
:1047000001A19C4389C7DC4399C3014582971345A6
:1047100019008DBC93F7250089CF938781A19C4315
:1047200091C7DC4381C78145054582971345290020
:1047300091BC93F745000145E38607A49387C1A088
:104740009C4399CF85471727FF1F2307F7B293870D
:1047500081A19C4391C7DC4381C781450545829770
:104760009727FF1F938707B1C8472C10EF7090223F
:104770002810EFF04F949727FF1F83D747A981CFC9
:10478000130600643386C70291451725FF1F0345B2
:10479000E5BBEFD08FEC13454900EDB2011122CCFF
:1047A0002A84554506CE26CAEFF0AFB8AA84130571
:1047B0004002EFF00FB82AC613055002EFF06FB7B2
:1047C000AA86228562443246F240B3359000D24434
:1047D00005616FA01054797122D406D68D472E84BE
:1047E000631FF50003D7A50083D6850003D66500B7
:1047F0000345340083D54500EFE09FEF09A88967A2
:104800001387D7006310E50403C5250019E5854724
:10481000B25022543E8545618280938781A09443A3
:10482000FDD603C6360083C50600814802C202C019
:104830000148814701479106EFE03FFC0545EFF055
:104840006FE3F1B71387E700E303E5FC1387370154
:10485000631AE50003C525005DD90147814601467D
:10486000814559BFE507E304F5FAB1476319F5003F
:104870001725FF1F034535A0EFE0BFF249BF416791
:104880007D178147E316E5F803C75500C947E310D4
:10489000F7F883D6E50003D6C5000355840083D519
:1048A000A500EFA0104841C95D45EFF08FA8333552
:1048B000A000231CA10083454400035524003008B8
:1048C000EF60100483578101B9F36C0813051031B0
:1048D000EF3061309305E10113052031EF30A12F56
:1048E0008357C101035784006374F7002314F40055
:1048F0008357E1010357A40063F4E7002315F40094
:10490000835784000357A4006374F7002315F40051
:1049100003552400EFA0B0450357E4008356C400BC
:104920000356A400835584000355240001488147A1
:10493000EFA05034E9BD8547231CF100ADBF172718
:10494000FF1F034717A19307F00F6309F70859C525
:10495000411122C426C206C6AA840345A50041050A
:10496000EFD06F822A8435C59307000D2310F50020
:10497000D9472301F50083D744002312F50083C7EC
:1049800064002303F50083C77400A303F50083C705
:1049900084002304F50083C79400A304F50003C634
:1049A000A4002305C5001DC2CC44410548C497C0DE
:1049B000FE1FE780E0DDA2852244B2409244172525
:1049C000FF1F0345159941016FD0CF8623260500AF
:1049D000DDB7B24022449244410182808280C167A7
:1049E0001387E7FF639DE500938781A09C4395C3F0
:1049F00083C707000D47639CA7006FA0F026FD1733
:104A000049476396F500938781A09C43FDF73A855B
:104A100082804947EDBF797122D406D626D24AD08A
:104A20004ECE52CC56CA5AC80347050085472A8441
:104A3000630AF70403468500930695009305E10099
:104A40000545EFE0AFDD814719C183470500834687
:104A5000040011476380E604138781A318438D4641
:104A6000034717006308D70295C70DC719ED014525
:104A7000B250225492540259F249624AD24A424BED
:104A80004561828081470145D9B785466318D702C1
:104A90008D8BF1DF03451400130A2400D285EFE06B
:104AA0008FF5A300A4001389C1A383270900AA8A54
:104AB00081499304F00F99EB05455DBF8946E318E2
:104AC000D7FA858BF9B7850993F9F90F83C741A305
:104AD00063FDF90203250900139B49005A9583479A
:104AE0000500E38297FE83471500E39E57FD1946B4
:104AF000D285090597C0FE1FE78080D269D583243F
:104B0000090003470400DA9485EC834604009147CA
:104B1000E38FF6F483270900B9DB03C641A30147FD
:104B20009305F00FE305E6F4BE84C10703C507FF54
:104B3000630EB50A05071377F70FEDB788C4F5A024
:104B40009147631AF706C84405C5834784000346A6
:104B500005006304F606034704009147631DF7064A
:104B6000C84419C597D0FE1FE78020A823A60400DB
:104B70000345840091659385E571050597D0FE1F77
:104B8000E780409A05C5034704009147631EF70478
:104B9000C8C483478400930594000505A30FF5FE60
:104BA0000346840097C0FE1FE78080BE0345840053
:104BB0003335A00075BD884441BF930594000505B9
:104BC00097C0FE1FE780C0C58547E316F5F8554539
:104BD000EFE03FF6BDA8884441DD97D0FE1FE78097
:104BE000C0A023A4040069B788C465B72380D4009B
:104BF00083471400D28513852400A380F40019464E
:104C000097C0FE1FE780C0B8034584009165938577
:104C1000F571050597D0FE1FE780C09005C50347D5
:104C200004009147E31CF7F0C8C483478400930550
:104C300094000505A30FF5FE0346840097C0FE1FF0
:104C4000E78000B583478400E39807E60345040046
:104C50007D151335150029BD797122D426D24ECE8B
:104C600052CC06D64AD056CA5AC82A84930925007F
:104C700003451500CE85938481A3EFE0CFD7A30031
:104C8000A4009C400D472A8A83C71700639BE70056
:104C90001389C1A383270900814A63910718054539
:104CA00035A0FDD7144C034674019305E10005457A
:104CB000EFE0CFB61DC998408546834705000347FE
:104CC0001700631FD7008D8BE1F70145B2502254C6
:104CD00092540259F249624AD24A424B456182805B
:104CE0008946858BE316D7FAC5B783470400114779
:104CF0006385E7002D47E39AE7FC9384C1A39C40BA
:104D0000E9D7814A01491DA88840139B4A0083477F
:104D100004005A95034705006311F7028347150005
:104D2000639D47011946CE85090597C0FE1FE780A0
:104D300020AF01C503A904005A99850A93970A0177
:104D400003C741A3C183E3E1E7FCE31309F4B5BF63
:104D500093944A0026950347050083470400631E89
:104D6000F70A83471500639A470B1946CE85090554
:104D700097C0FE1FE780C0AA4DC1832709001147D5
:104D8000BE94834704006385E7002D47639DE702D7
:104D900003AAC4008347740103460A006308F602AD
:104DA000528597D0FE1FE7804084034574019165CA
:104DB0009385E571050597C0FE1FE780A07615E590
:104DC000E39F04ECADA003AA8400E9B70C4C1305E3
:104DD0001A0097C0FE1FE780A0A48547E312F5FCE8
:104DE0005545EFE01FD569DDCDB583470400114778
:104DF0006385E7002D476390E702C8C483477401C9
:104E00000505A30FF5FE034674010C4C97C0FE1F69
:104E1000E780009875B788C4D5B7850A93970A01CB
:104E200003C741A3C18303250900E3E3E7F283C677
:104E300041A30327090081471306F00F11A8BA8484
:104E40004107834507FF638AC5008507C207C18301
:104E5000E3E7D7FEA9B588C499A083470400CE85AF
:104E6000138524002380F400834714001946A3808F
:104E7000F40097C0FE1FE780A0910345740191657F
:104E80009385F571050597C0FE1FE780A069E308CB
:104E900005E0034704009147E31FF7FAC8C48347BE
:104EA00074010505A30FF5FE034674010C4C97C071
:104EB000FE1FE780E08DE5B31717FF1F0347774913
:104EC0009307F00F6300F70A51CD411126C2AA845F
:104ED000514522C406C64AC0EFC0FFAA2A842DCD80
:104EE0009307000D2310F500D5472301F50083C774
:104EF000340013898400CA85A301F50083D74400D8
:104F00002312F50083C764002303F50003C5740072
:104F1000EFE06FAEA303A400CA8513058400194611
:104F200097C0FE1FE780C08683C7E400A2851715DF
:104F3000FF1F034515422307F40083D704012318FC
:104F4000F40083C724012309F4002244B2409244B0
:104F5000024941016FC01FAEB2402244924402494F
:104F60004101828082801717FF1F0347973E9307F6
:104F7000F00F6304F70431C1411122C42A8419459A
:104F800006C6EFC05FA0AA850DC59307000D2310CC
:104F9000F500DD472301F500835744002244B24069
:104FA0002312F5001715FF1F0345B53A41016FC0E5
:104FB0007FA8B2402244410182808280011122CC2C
:104FC0001384C1A31C4006CE26CA4AC84EC652C48A
:104FD00099CF2E8AAA840149084063129902630C72
:104FE0000A0497C0FE1FE780406023AE01A2F24092
:104FF0006244D2444249B249224A056182809319EF
:105000004900B3073501884709C997C0FE1FE780EB
:10501000C05D1C40CE9723A407001C40CE97C84714
:1050200009C997C0FE1FE780405C1C40BE9923A6BB
:105030000900050955B745DD13964400814597B031
:10504000FE1FE7806078144081477D5613F7F70F05
:10505000E37F97F81397470036972300C70085072B
:10506000F5B7011152C4138A81A383270A0006CE23
:1050700022CC26CA4AC84EC656C25AC0D1CF2A89A7
:10508000014419ED9387C1A3944399CA03C641A370
:105090002A8481479305F00F13F7F70F6368C70859
:1050A000131534002105EFC01F8EAA8401E92145A4
:1050B000EFC07F8DAA8421C501444D49930700FDAF
:1050C0002380F4008547A38024012381F400A38179
:1050D000840045C81389840023A224018149938A4E
:1050E000C1A3130BF00F83C741A363F3F90039E8A1
:1050F00083270A00A68503C50700EFC0BF9381453B
:1051000003C541A3EFF09FEB03250A0097C0FE1FE4
:10511000E780A04D23AC01A2F2406244D244424950
:10512000B249224A924A024B056182801397470096
:105130003697034707006305B70005041374F40F9F
:10514000850799BF83A70A0093954900BE9583C739
:105150000500638467032300F90083C71500130566
:1051600029007D14A300F900194689051374F40F72
:1051700097B0FE1FE780C0612109850993F9F90FF7
:105180009DB723A20400ADB7938781A39C43B9C701
:10519000411122C406C62A841DE10945EFE07F992A
:1051A0002A8601C985451715FF1F0345251AEFC03B
:1051B000DFCA0545EFF08FDE2A84054501CC854521
:1051C0001715FF1F03458518EFC0BFEA2285EFF0D2
:1051D0005FE90545B2402244410182800145828059
:1051E00089679386B7006317D5009C4503C5070000
:1051F0006FF09FF99386C7006318D5009C458546DC
:1052000003C5070019C9EDB793861704E30FD5FC52
:10521000938727048146E303F5FE36858280797102
:1052200006D622D426D24AD04ECE52CC56CA5AC81E
:105230005EC679C983473500AA8985C7404115C034
:105240005945EFE01F8F931A850193DA8A4101498E
:10525000138A81A3130B000DB54B83C73900636D0F
:10526000F900B250225492540259F249624AD24A89
:10527000424BB24B456182808307840263CD57075E
:1052800083270A00ADCB2285EFF0EFF82DC503454B
:1052900084005105EFC02FEFAA8431CD23106501A2
:1052A0002301750183470400194693052400A301D7
:1052B000F5008307840215052303F50083471400D6
:1052C000A30FF5FE97B0FE1FE780804C03468400D5
:1052D0002386C4001DC61385440188C89305940025
:1052E00097B0FE1FE780C04A83270A00A68503C542
:1052F0000700EFC02FF40509130494021379F90F86
:10530000A9BF23A80400CDB7938781A39C43B1DB39
:10531000EFF03FD52254B25092540259F249624AFA
:10532000D24A424BB24B014545616FF02FC77971AC
:1053300006D622D426D24AD04ECE52CC56CA5AC80D
:105340005EC671C183473500AA8985C7444195C0AF
:105350005945EFE00FFE931A850193DA8A4101491E
:10536000138A81A3130B00FDC14B83C73900636D02
:10537000F900B250225492540259F249624AD24A78
:10538000424BB24B456182808387F40063C8570764
:1053900083270A00A5C75145EFC0EFDE2A8439CD27
:1053A00023006501A30005002301750183C70400E4
:1053B000194693852400A301F5008387F4001505A1
:1053C000A306F50083C71400A30FF5FE97B0FE1FD8
:1053D000E780003C83C78400938594001305C400D4
:1053E000A305F400194697B0FE1FE780603A8327B3
:1053F0000A00A28503C50700EFC0CFE30509C10479
:105400001379F90F9DB7938781A39C43BDD3EFF028
:105410005FC52254B25092540259F249624AD24AAC
:10542000424BB24B014545616FF04FB75D7186C687
:10543000A2C4A6C2CAC04EDE52DC56DA5AD85ED624
:1054400062D466D26AD06ECE630C052683473500DF
:105450002A898DCB40411DC45945EFE08FED93174C
:105460008501E1873EC68144938981A3130A000D1B
:10547000C94B054CB54C130D00FDC14D8347390098
:1054800063E1F402B640264496440649F259625A52
:10549000D25A425BB25B225C925C025DF24D61616A
:1054A00082808307C400324763C6E71683A70900DA
:1054B00063820716034B040093770B01CDCFCD47D2
:1054C000631EFB06230004002285EFF0EFF8630360
:1054D00005148347040011476363F7146399870D2C
:1054E0005145EFC04FCAAA8A630605122300A501E1
:1054F000A30005002301B5010347040019469305E5
:105500002400A301E5000307C4001505A306E50078
:1055100003471400A30FE5FE97B0FE1FE780402766
:1055200003470401194693051401A385EA00138576
:10553000CA0097B0FE1FE780A025F1A0D5476318E9
:10554000FB0085472300F400A30B0400B5BFF5471B
:10555000E309FBFEC9476316FB0089472300F400FB
:10556000A5B7C1476314FB008D47CDBFED47E31DD1
:10557000FBF49147E5B793778B0099C3AD47F9BF2B
:1055800093761B0093774B0091C699C395475DBFF7
:10559000A147E9B793762B0091C699C3A5475DB79C
:1055A00099476DBF99C3A94755BF9D4745BF03455F
:1055B00074015105EFC02FBDAA8A29CD23104501E2
:1055C0002301950103470400194693052400A30114
:1055D000E5000307C40015052303E5000347140095
:1055E000A30FE5FE97B0FE1FE780801A0346740103
:1055F0002386CA0019C613854A0123A8AA000C4CA9
:105600000DBF23A80A0003A70900D685034507009C
:10561000EFC04FC28504710493F4F40F85B50345C0
:10562000740113050502EFC00FB6AA8A65D52310D1
:105630004501230175018346040013770B061946C3
:10564000558FA301E50003471400930524001505B9
:10565000A30FE5FE97B0FE1FE78080130347840089
:10566000194693051401A385EA00034794001385A6
:105670003A012386EA000347A400A386EA00034711
:10568000B4002387EA000307C400A387EA00035796
:10569000E4002398EA00034704012389EA0097B055
:1056A000FE1FE780E00E03467401A38CCA0011C6FA
:1056B00013850A0223AEAA0099B723AE0A00A1B748
:1056C000938781A39C43E38F07DAEFF09F992644E9
:1056D000B64096440649F259625AD25A425BB25BCE
:1056E000225C925C025DF24D014561616FF00F8BAF
:1056F0009717FF1F83C7C7C5A18B1385C1A291E36D
:1057000001456FD07F86238A01A2FD571717FF1F1F
:10571000A301F7C423AE01A223AC01A29717FF1F78
:10572000938747B7170700001307C7AB98C317073E
:105730000000130707AFD8C317070000130767BFA0
:1057400098C7170700001307A7CED8C717F7FFFFA2
:105750001307271F98CB9387C1A217F7FFFF1307E3
:10576000472898C317F7FFFF13072707D8C382807E
:10577000411122C485452A8403C541A306C6EFF022
:10578000FF839717FF1F83C7A7BCA98BB5CB17153E
:10579000FF1F130525B0238A81A2EFD08FFC13844D
:1057A000C1A31C4091C74D45B240224441018280B3
:1057B00003C541A319E10145C5BF91659385B57145
:1057C000120597C0FE1FE780E0D523AEA1A261DDE0
:1057D00003C641A31206814597B0FE1FE780C0FEB5
:1057E000104083C641A38147FD5513F7F70FE374BB
:1057F000D7FC1397470032972300B7008507F5B70A
:105800000145238A01A2EFD0CFF575B79387C1A0D8
:10581000884301CD411106C697C0FE1FE780E0DC3A
:10582000B24023A601A041018280828001111305AC
:10583000700306CEEFE0EFAF2AC613058003EFE05A
:105840004FAF2AC413059003EFE0AFAE2246B24536
:10585000F240AA86054505616F90F04A5D71130517
:10586000D00386C6A2C4A6C2CAC0EFE08FAC2A8409
:105870001305C003EFE0EFABAA841305E003EFE0EC
:105880004FAB2A891305F003EFE0AFAA8A8713779D
:10589000F50F9376F90F13F6F40F9375F40F054592
:1058A000EF907047B6402644964406496161828075
:1058B000757122C51384C1A01C4006C726C34AC106
:1058C000CEDED2DCD6DADAD8DED6E2D4054563887D
:1058D000070E9305F1051305F041EF00513B9305C9
:1058E000F1051305F041EF00913A8346F1051717D2
:1058F000FF1F03474798B337E00091C2890718405C
:10590000BEC60345370093054700EFD05F8A1840B5
:10591000AAC40D4583452700AEC2EFE08FA1AAC0FF
:105920001145EFE00FA100402ADE65450347A400C2
:10593000034CB4003ADCEFE0CF9FAA846945EFE066
:105940004F9F2A897145EFE0CF9EAA896D45EFE010
:105950004F9E2A8A7545EFE0CF9DAA8A7945EFE0F0
:105960004F9D2A8B13050004EFE0AF9CAA8B130513
:105970001004EFE00F9CE2042648B6476257F25647
:10598000064696451375F50F93FBFB0F137BFB0F34
:1059900093FAFA0F137AFA0F93F9F90F1379F90FB3
:1059A000E1842AD05ECE5ACC56CA52C84EC64AC4EA
:1059B00026C262C0930844000545EF90B02FBA405C
:1059C0002A449A440A49F659665AD65A465BB65B47
:1059D000265C49618280011122CC06CE8D472E843F
:1059E0006316F50603C73500E94703D5450063187C
:1059F000F7009717FF1F83D747886385A706EF50E7
:105A0000207F09C5835764002317F5000357A400BE
:105A100083568400035664008355440003453400D4
:105A2000EFD01FCD035744009717FF1F83D7E7849C
:105A30006308F7008547F24062443E850561828035
:105A4000FD571717FF1F231AF782EDB78967CD0798
:105A5000631DF50083C7250031476385E70045478F
:105A6000E39AE7FCEFD0CFD6F1B7B1476319F50061
:105A70001715FF1F0345D58DEFD0BFD265BF416716
:105A80007D178147E319E5FA83C655004947E3943A
:105A9000E6FA83C5450003552400300023140100B5
:105AA000EF50E06041BF411122C406C626C283C741
:105AB00001A41307E00F2E846383E7041307F00F9C
:105AC0006387E7021145EFB01FEC15C1930700FD96
:105AD0002300F50089472301F5008547A3008500D1
:105AE000A301F500AA8503C501A4EFB0BFF4F957DF
:105AF0002380F1A4B2402244924441018280AA84CE
:105B00001145EFB05FE87DD5930700FD2300F50058
:105B10008947A30085002301F500A30195002244D5
:105B2000B2409244AA8503C511A441016FB09FF011
:105B300079714AD01389C1A08327090022D406D6DF
:105B400026D24ECE52CC4544C5EF9717FF1F83C7D0
:105B50002780958B4944CDC7AE899165A380A1A4C8
:105B6000AA8493857571314597C0FE1FE780809B9D
:105B700023A6A1A04D4449C523009500A30005001C
:105B80002946CE85090597B0FE1FE78060C08327B0
:105B90000900914603C7270063EEE6083DEB4D4739
:105BA0002381E70003C72700136707012381E7006C
:105BB000930571001305F041EF00710D83477100EB
:105BC000F9EB1707FF1F0347076B8D476315F70CAA
:105BD000EFD06FEC2C00EF60E05B2800EFD0BFCD82
:105BE0004545EFD01FF5014401CD1306006433068F
:105BF000C50291451705FF1F03454575EFC0EFA589
:105C00002285B250225492540259F249624A4561A7
:105C1000828085466314D700754759B78946631457
:105C2000D7004947B5BF8D466314D70041478DBFA4
:105C30005547BDB795464A8A630ED7009946631605
:105C4000D70009472381E70031A01D466314C7022E
:105C5000238107006545EFD0DFED9307F007E309E7
:105C6000F5F403270A008347270093E7070423017D
:105C7000F7003DBF21466314C7000547E1B725463D
:105C80006315C7002381D700F1B7A9460544E3197E
:105C9000D7F6114745BFEFF0BFC12A8435D1EFF0E9
:105CA000FFB6B9BF011126CA9384C1A09C4022CC83
:105CB00006CE4944A9C783C707000D446391A704D2
:105CC00089451705FF1F03456568EFC08FBA9145E9
:105CD0001705FF1F03458567239201A4EFC06FB925
:105CE0009C4001478146A38087001306F100854749
:105CF00085450145A307F100EF90B0002A84228575
:105D0000F2406244D24405618280011106CE22CC69
:105D100026CA8547631AF50683D741A4B1CB170776
:105D2000FF1F0347675529E71307B003636DF702A9
:105D300089451705FF1F03456561EFC08FB39307C2
:105D4000006403D641A43306F60289451705FF1FF8
:105D50000345C55FEFC06F90239201A4F2406244F7
:105D6000D24405618280938747FC2392F1A4FDB75A
:105D70009387C1A09C43FDD36244F240D24403C543
:105D8000070005616FF01FF29384C1A09C40F9D712
:105D90009707FF1F83C7C75B918BE9D389476313BD
:105DA000F5062D452EC6EFB01FBE2A8445D9B24553
:105DB000930700FD2300F500E547A300050023013C
:105DC000F50083C7350015051946230FF5FE83C777
:105DD00045009505A30FF5FE97B0FE1FE780409B99
:105DE0001705FF1F0345D5569307F00F6315F50000
:105DF0009C4003C50700A2856244F240D24405617D
:105E00006FB05FC389451705FF1F03452554EFC0D9
:105E10004FA66244F240D244239201A405616FF080
:105E2000FF9E9707FF1F83C7A752958B91CB938740
:105E300001A59C4381CB85472383F1A46FF01F9F6D
:105E40004945828041458280238301A485450145DF
:105E50006F90E06B9707FF1F83C7874F958B91C7A4
:105E600085472381F1A46FF07F9F4945828023817C
:105E700001A4814505456F90406A9307C01C63FCEF
:105E8000A700094582800945F2406244D244424954
:105E9000B249056182805DC5011122CC2A842105A9
:105EA0004EC64205AE8991659385657141814AC8A8
:105EB00006CE26CA97B0FE1FE780C0662A8961D544
:105EC0009384C1A4884009C597B0FE1FE780E071A4
:105ED000130589002320A9002286814523A621A538
:105EE00097B0FE1FE780408E9C402286CE85884377
:105EF00097B0FE1FE780C0899C402392870093875C
:105F0000C1A09C4385CF9707FF1F83C76744958B2C
:105F100085CB9387C1A49C4399CF984383D64700F0
:105F20006244F240D2444249B24905468D45054596
:105F300005616F90805C01478146DDB70145A9B7D7
:105F4000494599B79387C1A09C438DC79707FF1F09
:105F500083C70740958B8DC39387C1A49C4381CB96
:105F6000984383D6470005468D450545D9B7014777
:105F70008146D5BF01458280494582809307C01C78
:105F800063FCA700094582800945F2406244D2447F
:105F90004249B249056182805DC5011122CC2A8443
:105FA00021054EC64205AE899165938555714181A3
:105FB0004AC806CE26CA97B0FE1FE780A0562A8997
:105FC00061D5938441A5884009C597B0FE1FE7803D
:105FD000C061130589002320A9002286814523AAD8
:105FE00021A597A0FE1FE780207E9C402286CE85BB
:105FF000884397A0FE1FE780A0799C4023928700EA
:106000009387C1A09C4385CF9707FF1F83C7473461
:10601000958B85CB938741A59C4399CF984383D695
:1060200047006244F240D2444249B24905468D4598
:10603000054505616F90A04C01478146DDB70145DC
:10604000A9B7494599B79387C1A09C438DC79707C6
:10605000FF1F83C7E72F958B8DC3938741A59C4373
:1060600081CB984383D6470005468D450545D9B772
:1060700001478146D5BF014582804945828093070B
:10608000C01C63F4A70009458280797122D44ECEEA
:1060900006D626D24AD0AE892A8431CD2105916513
:1060A000420593857571418197B0FE1FE780804757
:1060B0002A89094563010908938401A5884009C517
:1060C00097B0FE1FE7806052130589002320A900C6
:1060D0002286814523A821A597A0FE1FE780C06ED8
:1060E0009C402286CE85884397A0FE1FE780406AA9
:1060F0009C40239287009387C1A09C43014585CF94
:106100009707FF1F83C7C724958B49458DC76C0030
:106110001305D030EF10312CB247014593F7070F2C
:1061200099CB938701A59C438D450545944303D6A0
:106130004700EF90803DB250225492540259F249E8
:10614000456182809387C1A49C4391CF03D64700C9
:106150008C43411106C697A0FE1FE7806063B240E2
:10616000014541018280094582809387C1A49C43F7
:1061700085C7938741A59843894705C303564700C0
:106180000C43411106C697A0FE1FE7806060B24035
:1061900081473E854101828089473E858280938781
:1061A000C1A49C4385C7938701A59843894705C32C
:1061B000035647000C43411106C697A0FE1FE78017
:1061C000205DB24081473E854101828089473E85FE
:1061D00082809707FF1F83C7A717918B99CF411123
:1061E000138581A406C6EFC0FFD8B240FD5717073C
:1061F000FF1F2314F7084101828001456FC09FD71C
:10620000FD57A380F1A4F9572380F1A4238301A4AF
:10621000238101A4239201A423A601A423AA01A4FB
:1062200023A801A49707FF1F9387070817070000FB
:106230001307472198C317070000130747ADD8C3BA
:1062400017F7FFFF1307076798C717F7FFFF130735
:10625000275ED8C717F7FFFF1307876098CB97F71C
:10626000FFFF9387877723A4F1A48280411126C280
:106270009384C1A09C4006C622C485CF2A840D45C4
:10628000EFB06FF0AA8519CD930700FD2300F5004C
:106290008D47A30085002301F5009C4003C507003E
:1062A000EFB04FF919C42244B240924441016FF05B
:1062B000EFD5B240224492444101828079714ECEA2
:1062C0009389C1A083A7090026D206D622D44AD03A
:1062D00052CC8144A1C783C4170085472A896388AB
:1062E000F4049707FF1F83C727F9854485EB0D4505
:1062F000EFB06FE9AA8505C1930700FD2300F50003
:106300009147A30025012301F50083A7090003C5D8
:106310000700EFB02FF2EFF06FCF8544B250225458
:10632000268502599254F249624A456182809387D8
:10633000C1A49C434E8A85E30145EFD08FFF2A8696
:1063400001CA89451705FF1F03454500EFB0FFB09F
:1063500083270A00B1A0944303D647009305E100C8
:106360000545EFC0BFCB69D983470500858BE9D7C9
:106370000545EFD00FFC9307B0032A8463F3A7040D
:106380005D661306067089451705FF1F034505FC6A
:10639000130444FCEFB07FC8239281A483A70900B3
:1063A0000947A380E7009707FF1F83C7E7EC91C762
:1063B0009707FF1F238207EC95B74A85EFF01FEB85
:1063C000B1BF130600643306C5029DBF411122C44C
:1063D0002A840D4506C6EFB00FDB15C1930700FDFB
:1063E0002300F500CD47A30085002301F5002244DA
:1063F000B240AA8503C511A441016FB0AFE3B2401A
:10640000224441018280411122C42A840D4506C6DE
:10641000EFB06FD715C1930700FD2300F500ED47DE
:10642000A30085002301F5002244B240AA8503C5DC
:1064300011A441016FB00FE0B240224441018280BB
:10644000035745000111896606CE22CC26CA138661
:106450006600AA876317C7009C47014583C50700EC
:1064600009A813868600631AC7009C47054583C5A3
:106470000700EFF04FE305453DA813869600631330
:10648000C7021387C1A01843014515C79C4703C520
:106490000700631B050C8547A300F7000545EF8047
:1064A000707CD1BF1386A600631CC7009C4703C540
:1064B0000700EFF0BFE0F2406244D2440561828001
:1064C00013866603E30AC7F813867603E30FC7F85B
:1064D00013868603631DC7081C451307E00F83C49A
:1064E000070083C701A4638EE7021307F00F6386DA
:1064F000E7021145EFB02FC9AA8505C1930700FD3A
:106500002300F5008947A30095002301F500A301AE
:10651000050003C501A4EFB0EFD1F9572380F1A422
:1065200099BF9387C1A098433E84014549D785EC24
:1065300085447D4523059100EFD0AFDF2316A100F0
:1065400013050002EFD0EFDE1C40A305A1001307E6
:10655000B100A380970074001306A100854505458E
:10656000EF80307A09BF2685EFF05FD029B7138618
:106570009603E30DC7F21386E6036317C7001C45B5
:10658000094583C50700F5B59386F603631DD70259
:106590001C4503C507003DE96C001305D030EF1022
:1065A0008163B247414793F7070FE386E7EC930512
:1065B000B10013056031EF1001620345B10085455C
:1065C000EF80F0744DBD8966138606046313C7041B
:1065D0001C4503C4070083C761A4228585EB0D45D4
:1065E000EFB06FBAAA85E30805E8930700FD230022
:1065F000F500D1472301F500A30085009387C1A0D2
:106600009C4303C50700EFB0EFC2B5B5EFF01FDC48
:106610009DB513861605631BC7001C4503C50700FF
:1066200021E585450545EF80506FB1B59386260578
:106630000145E312D7E89C4703C4070083C721A4A0
:1066400022859DE30D45EFB00FB4AA85E30505E271
:10665000930700FD2300F500F147A3008500230107
:10666000F50003C511A445B7EFF0FFD929B54111D5
:106670009707FF1F83C7C7CD06C6958B99CB170514
:10668000FF1F130565C2EFC09F8E4D45B24041010B
:1066900082800145EFC0BF8D0145CDBF03C7050016
:1066A000937625009377D70F99C293672700131825
:1066B00085011358884113F7F7076354080013E75F
:1066C0000708937685009377770F99C293678700C1
:1066D0001377050293F6F70D19C393E6070223809B
:1066E000D500634508009377A50281CB8347060058
:1066F00093E7C7002300F60082807DFD83470600F4
:10670000CD9BCDBF2D456319071403C5050009476F
:106710006310E51401114EC6BE89DC4122CC26CAA5
:106720004AC806CE03C7170083C70700B6842207EE
:106730005D8F42078D664187938736A032842E890C
:106740006301F70E63C0E702938716A06309F70A97
:1067500063C1E70E938606A0630CD706239004005E
:1067600005454DA8938766AA6305F70C938786B8FD
:10677000630BF70C938646A0E312D7FEDC45DDC71A
:1067800021472390E40003D707002300E60003D746
:1067900007002183A300E60003D727002301E600BA
:1067A00003D727002183A301E60003D74700230274
:1067B000E60003D747002183A302E60003D7670062
:1067C0002303E60083D76700A183A303F60091A00B
:1067D000C84597A0FE1FE7804000420541814E86D4
:1067E000637335012A862390C400420641828325C3
:1067F000C900228597A0FE1FE78080F919A8DC4513
:1068000083D707002390A4002300F600A183A300F0
:10681000F6000145F2406244D2444249B249056162
:10682000828099472390F4001946D1B72390040041
:10683000CDB785472390F4008327C90083C707009D
:106840002300F400F9B7E1472390F400614645B70F
:106850002390060005458280828083C80500894711
:10686000639BF814DC41797122D406D626D24AD033
:106870004ECE52CC03C8170083C707002E842208CF
:106880003368F80042088D6713580841138327A026
:10689000630468102A8A3A89B684B285634C03017E
:1068A000138707A0630AE802938717A0630BF80811
:1068B000854711A8138737A0630CE80A138767AAD6
:1068C0008D47E317E8FEB250225492540259F24920
:1068D000624A3E8545618280484432C697A0FE1FC9
:1068E000E780A0EF420541819D47E36E25FDB30996
:1068F000990083C7A1A5B24563D43701B547E1B775
:1069000048442686C2094A9597A0FE1FE78040E8C2
:10691000484403C6A1A593D90901050633063641AB
:1069200081454E9597A0FE1FE78000EA9387C1A599
:106930009C4399E3814741BF9C438145E5DF5285F4
:1069400035A0AD47E31109F8E39A16FB834716001B
:10695000834606005844A207D58F2310F70093877B
:10696000C1A59C43E1DB9C438545E9D78297D9B714
:10697000AD47E31A09F49947E392F6F848441946FB
:1069800097A0FE1FE780C0E09387C1A59C43DDD39D
:106990009C43CDD38D4565B7AD4715F78547E39F3C
:1069A000F6F40347060093070008E3EEE6F0DC4543
:1069B0002380E70041B785473E85828023AE01A44E
:1069C000A38D01A4238D01A4B707A00093850184A2
:1069D000938707059CC1B707E803DCC117D6010000
:1069E0001306463F97C7FE1F938787B80947938EC4
:1069F000B183D0C317D601001306063B854623801A
:106A0000EE00138E81839388C183D0C723AED70154
:106A100017D601001306863A138381A51388A18334
:106A20001385918397DE0100938ECE392300EE000B
:106A30002380E8002380E7002388E7002380E70223
:106A40002388E70223AEC7032380E7042300E8007E
:106A50002384D70023950700D0CB238CD700239D18
:106A6000070023A2D7032384D7022395070223A676
:106A70000702D0DB238CD702239D070223100300DB
:106A80002300D50017DE0100130E8E3223A2C705A6
:106A90002388E70423AE17052380E7062388E7064B
:106AA0002380E70897D801009388883217D7010020
:106AB0001307473023A2E7082384D70417070000F1
:106AC000130787C42395070423A66704F0CB238C00
:106AD000D704239D070423A217072384D7062395F1
:106AE0000706ECD7F0DB238CD706239D070623AEE1
:106AF00007072384D7082395070823A6A70897C765
:106B0000FE1F9387E7AF98C317070000130727D529
:106B1000D8C323A407008280A54763E8A71017D72E
:106B20000100130727AA0A053A951C41011122CC3E
:106B300026CA06CE4AC8BA97B2842E8482879307A3
:106B4000800F63F9B7006145F2406244D244424984
:106B50000561828097C7FE1F938787A1C8573E892A
:106B600019C597B0FE1FE78040A8238D01A4130626
:106B70001400916593850571328532C697B0FE1F6A
:106B8000E780409A17C7FE1F232AA7A04DDD324693
:106B9000814597A0FE1FE78020C30325C9022286F6
:106BA000A68597A0FE1FE780A0BE238D81A4014586
:106BB00061BF8947E399F5F883570600239CF1A448
:106BC000FDB7A147E391F5F82146A6851385018419
:106BD00097A0FE1FE780C0BBD9BF8547E395F5F6B8
:106BE00097C7FE1F9387C798D04F97C5FE1F938501
:106BF000A59A03C50400EFF07FAA55BF8547E3942B
:106C0000F5F497C7FE1F9387A796D05F97C5FE1F21
:106C10009385859AF9BF8547E397F5F28347060088
:106C2000A38CF18269B7094505B70945828083C7FE
:106C3000B1A595E38547A38DF1A4058909CD97C634
:106C4000FE1F9386E69B4146A54517C5FE1F13050B
:106C500025926F20A03C0145828001111388F5FF29
:106C600006CE22CC26CA4AC84EC652C41378F80FA4
:106C7000AD4563EE050BBA890A0817D70100130763
:106C8000E7963A983E8A832708003689B284BA97F5
:106C900082878545EFC0AFCC2A8419E1EFF03F9D94
:106CA0002285F2406244D2444249B249224A0561F7
:106CB00082808945EFC0AFCA2A847DF12685EFE046
:106CC0003FABF9BF9145EFC08FC92A8471F9528655
:106CD000CE854A85EFC0CFBDEFF07F99EFF06FCF43
:106CE000EF50302775BFA145EFC06FC72A844DF91B
:106CF0005286CE854A85EFC0AFBB2685EFE05FA701
:106D0000EFE01F9FEF50102361BFB145EFC02FC5CB
:106D10002A8459F55286CE854A85EFC06FB92685FB
:106D2000EFE01FA5EFE0DF9CEF50D02075B70944DE
:106D300085BFBD47638CF50663E9B702A547638746
:106D4000F50663EDB7009947638CF5049D47638FA3
:106D5000F5049547638CF50401458280B547638748
:106D6000F50463E1B704AD47F5B7DD47638EF5027F
:106D700063EAB700C947638BF502D9476386F5021A
:106D8000C547C9BFF5476383F50263E4B700ED4724
:106D9000D1B793072005638BF5009307200D5DBFE6
:106DA000484582800841828008458280484182802F
:106DB0009307F00F630EF506011126CAAA84130586
:106DC000000222CC4AC84EC652C456C206CE3A89E8
:106DD000B689B28A2E8AEFA01FBB2A844D4515C8FA
:106DE000930700FB2300F400A30054012311440186
:106DF0002302340113058400614663050902CA8534
:106E000097A0FE1FE780C098A2852685EFA09FC2AD
:106E10000145F2406244D2444249B249224A924A70
:106E200005618280814597A0FE1FE780E099E9BF58
:106E300009458280011122CC06CE2A842306B100A6
:106E4000A306C100EF40C03A0DC10347C500A147EA
:106E50006311F70278009306E0070146A28517F553
:106E6000FE1F0345054FEFF0BFF4F2406244056199
:106E7000828078009306E0070146A28517F5FE1F81
:106E80000345154DCDB7930700643306F6026FB086
:106E90004F8F05C90347050085469307270093F7E1
:106EA000F70F63F0F602411122C42A843A8506C620
:106EB000EFB0CFA0FD572300F400B24022444101BF
:106EC00082808280035705009307000B6313F7024B
:106ED000834745004947639CE70003471501854701
:106EE0006399E7000355250085456F20103D6D47E8
:106EF000C5BF8280011122CC06CE2A842EC632C4A0
:106F000036C2EF40E02E0DCD8346C500A1471247A3
:106F10002246B245639EF600B28617F5FE1F034572
:106F200045432E86A2856244F24005616FF05FE81A
:106F3000B28617F5FE1F0345B5412E86A285E5B73B
:106F4000F240624405450561828023A2A1A68280A9
:106F5000011122CC26CA06CE2A84AE84EF404029F5
:106F6000A6852285EF1081321DE52285231691002A
:106F7000EF4000280DC10347C500A1476312F70287
:106F800017F5FE1F0345E53C78009306F007014620
:106F9000A285EFF0FFE1F2406244D24405618280B5
:106FA00017F5FE1F0345D53AC5B7011126CA06CE0F
:106FB000B68422CCDD4663E2B608D94663FED50A24
:106FC000A5466381D50A63EEB6049546638CD50861
:106FD00099466387D50A054441687D1863160609FA
:106FE0003AC6EF10612E3306854032474206418291
:106FF000420441803305C4004205BA85418132C64E
:10700000EF20D03BAA8749C181C432462390C400F7
:10701000B30580406244F240D2443E8505616F1062
:10702000010CC5466380D504C9460D44E395D5FAE5
:10703000C167FD17E31EF6FA65B7F5466380D50410
:1070400063E4B600ED46D5B7930620056388D50204
:107050009306200DE391D5F8C167FD170D44631920
:10706000F600BDBF09448DBF9306200DE392D5F80D
:10707000310642064182ADBF15445DBF0D444DBF90
:10708000C167FD171D447DB7F2406244D2440561DB
:10709000828079714ECEAE89C16526D20147AA841D
:1070A000894617D60100130666D3FD15054522D47F
:1070B00006D64AD0EF009061054431CD2A891307E6
:1070C000300281461146F5452685EFF01FEE2AC6AF
:1070D000554431C18357A900CE8601462314F100DF
:1070E00091472315F10085472300F500B2472C0096
:1070F0002685A38007003247FD572301F70032475A
:10710000A301F700EF0050522A8411C5324597A021
:10711000FE1FE780804D2285B250225492540259BE
:10712000F24945618280411106C6EFF09FC019C542
:10713000B240410117A3FE1F6700234BB24041013B
:107140008280011106CE2AC6EF00117F324591459B
:1071500023A001A623A201A697F7FE1FA388A71EBE
:10716000EF20F020F24005616F10F07F939705014A
:10717000C18763D80712797117F5FE1F0345151DE6
:1071800022D44AD006D626D22E89EFA03F842A8464
:1071900049CD034705009307000A6315F7088547A3
:1071A0004C08A305F100EF102105AA8405ED8347E3
:1071B000610171476374F708138717FE1377F70FA0
:1071C0009306000263F3E608858BC5C7938701A683
:1071D0009C43994481CB035524001306B1004C080D
:1071E0008297AA848347B10099C7084409C597A02C
:1071F000FE1FE780803F95E05247B7070001938765
:1072000007F07D8FB707120093870710630CF70014
:1072100003476101ED476317F700035524008545D7
:10722000EF20B0092285EFA04FF3B2502254216520
:107230003345A900925402594561828037073014C2
:1072400005073357F700058B41D3138741A6184331
:1072500051DB0347510159F72306F10099472308F1
:10726000F100035524006C0023170100EF10A11753
:1072700095BF938741A69C439DC3035524001306E5
:10728000B1004C08829739DDAA8483475101B9FBCC
:1072900083476101230891002306F100D9B799447F
:1072A000EDB7014582800145828097F6FE1F83C6B7
:1072B000760A814763E5D70001473A8582802E87A9
:1072C000910503D6C5FFE30AA6FE8507E5B70DCDF8
:1072D000834725000547890793F7F70F6376F70281
:1072E000411122C406C62A84835505000345350092
:1072F0000147F9465D46EFF0BFABF9572311F400A3
:10730000B240224441018280828017F7FE1F03476A
:1073100077048147FD5663E3E70082802310D500A0
:107320002301050085071105FDB70145828093857E
:1073300071859307000285462380F500FD57238B56
:10734000F184A384F1842384F184239AD184239447
:1073500001A623A801A623A001A823AA01A613869B
:10736000C18497D70100938767A65CC2238501A6D5
:1073700097B7FE1F9387872909472300E6002380DC
:10738000E7002388E7002380E7022388E70217D776
:1073900001001307E7A2D8DB0D47238CE702138710
:1073A000C1A618432384D700D0C7238CD70017D594
:1073B0000100130525A217D60100130626A097D6B3
:1073C00001009386A6A1C8C323950700D0CB239DB7
:1073D0000700CCCFD4D3238407022395070223A62A
:1073E0000702239D0702D8DF97B7FE1F9387072662
:1073F000170700001307870C23A00700D8C323A496
:1074000007008280411106C6EFF03FEA11C503452F
:107410002500B240410182800145E5BF411122C4EF
:1074200026C24AC006C6AA842E893284EFF0FFE73E
:1074300011E94165CA857D15EFF03FE7C54711C5E4
:1074400023109500230185008147B24022449244D5
:1074500002493E854101828029E789483547639387
:107460001605011106CE22CC26CA03471600034694
:10747000060093C7F7FF2207598EF18F32C68DE7BA
:10748000C4452A84A685EFF0FFF732460147630F13
:10749000A60022856244F240A685D24405616FF0C1
:1074A000FFF72D473A85828013070008F2406244B7
:1074B000D2443A850561828083C8050009486395F6
:1074C000080303A845008347180003480800A207E3
:1074D000B3E70701C2070D68C187130828906395B9
:1074E000070189476FF05FF70545828003C79184E4
:1074F0009307F00F630AF70441114AC02A8929450E
:1075000022C426C206C63284AE84EFA0CFC71DC5F2
:107510009307100B2310F5002302050023148500A8
:1075200022442311250123139500B24092440249BD
:10753000AA8503C5918441016FA0CFCFB2402244F8
:107540009244024941018280828041119387C1A601
:1075500026C2AE848C4322C406C62A84EFF09FEA7A
:10756000098909C922852244B240A6859244410175
:107570006FF03FB2B24022449244054541018280FF
:10758000411122C426C24AC006C6AA84130445007B
:107590001309850B835704009DC3084409C597A0B0
:1075A000FE1FE78080042285314681459790FE1FAB
:1075B000E78080213104231A04FEE31D24FDB2403C
:1075C0002244FD572390F4000249924441018280F5
:1075D000938781A7984317F6FE1F0346B6D78147C6
:1075E0006315F600814636858280BA861307870BBD
:1075F000835587F4E389A5FE850793F7F70FCDB789
:10760000938701A89C4399C703D74700E31CA7FEB3
:107610008847828001458280411106C6EFF05FFEF7
:1076200009C50845B240410182800145E5BF01110D
:1076300026CA9384450022CC4EC606CE4AC852C400
:1076400056C25AC0268781490144814681473D453B
:107650000356070055CED9E203544700835727004D
:10766000B286A297C207C18385093107E392A9FEBA
:1076700025C82E89916593854570228597A0FE1FA8
:10768000E78040EA2A8B29CD814A014A8C4485C58E
:1076900003D6440033054B019790FE1FE780400F4F
:1076A00083D7440088443E9A420A135A0A0197A09D
:1076B000FE1FE78080F363890A00314681452685F5
:1076C0009790FE1FE7804010850AB104E3E03AFD81
:1076D0002326690123148900054521A0630DD600E6
:1076E0000145F2406244D2444249B249224A924A98
:1076F000024B0561828003562700E313F6FE035612
:1077000047003294B2974204C2074180C183A9BFA7
:107710000545E37835FDA9BF938741A79C4399E3CD
:107720000145828098470357A700E319A7FE1385F8
:1077300047008280411106C6EFF01FFE11C50355B8
:107740000500B240410182800145E5BF411106C6F6
:10775000EFF09FFC11C503452500B2404101828036
:107760004145E5BF411122C42A842E8506C6EFF0AB
:10777000FFFDAA8505462285EF30902A95476305CF
:10778000F500BD476313F5002145B2402244410195
:107790008280411122C42A84090506C6EFF06FEFEA
:1077A000FD57A301F400B240224441018280938737
:1077B000C1A79C4317F7FE1F0347D7B92A860507C1
:1077C00081463E8583D707006388C70085069307F7
:1077D0006500E3E8E6FE01458280411122C4416470
:1077E00006C626C29307E4FF630EF500AA8485E16E
:1077F000EFF0FFFB01E91305F4FFEFF05FFB19C1A8
:1078000023109500B2402244924441018280854772
:107810006394F504EFF0BFF92A846DD5FD5723106A
:10782000F500834724001307F00F6384E702130772
:10783000E00F638AE700034534000147F9465146EB
:10784000A685EFF0EFD62285EFF0BFF4FD572301B8
:10785000F400230204007DB78947E395F5FA8545D6
:10786000EF30703B45F12685EFF07FF42A8455F91F
:1078700051BF5D71A6C24EDE86C6A2C4CAC052DC2C
:1078800056DA5AD8AE8483C52500F947AA8963968B
:10789000F504EFF0DFF12A8409ED01442285B640BA
:1078A000264496440649F259625AD25A425B6161B3
:1078B0008280834725000547890793F7F70FE37E0A
:1078C000F7FC034535000147F9460146CE85EFF048
:1078D0002FCE2285EFF0FFEBC9B783AA0400B707CC
:1078E0000001938707F037071200B3F7FA00130778
:1078F0000710328A0149638AE7022EC6EFF03FEB98
:107900002A89B2451DC10346450005C29317860169
:10791000E187E3C407F84E85EFF0CFD183474900F4
:1079200093E707F82302F9008DBF03C7618593072A
:10793000F00F1944E304F7F6E147E3E1B7F693D714
:107940001500FD178E0717C70100130727CDBA973B
:1079500003A80700E30408F403AB4700E3000BF4BB
:10796000C20A93DA0A0163850A00C947E398F5F26F
:1079700083D64400904483C5140003C5040038082E
:1079800002982A8401FD2C084E85029B2A8421C975
:1079900083C71400E39407F083C72400230AA100DF
:1079A00039472308F1006399E702624783471700CC
:1079B00003470700A207D98F0C084E852319F10051
:1079C000EF007122E30B05EC14080546D9454E85FE
:1079D000EFF04FD22A84D9B583578101F1BF83C616
:1079E00024009147E38BF6EA38080146CE8503C5AB
:1079F0006185EFF0EFBB2A84E31205EA83C524001A
:107A00002808EFF00FB319C123000A009840B70708
:107A10000001938707F07D8FB70712009387071047
:107A2000E30DF7E6E30B09E683C724002302F90020
:107A3000B5B5011106CE2EC6EFF07FD701CD834735
:107A40004500B245138717006396E50093F707F8E2
:107A50002302F500F24005618280938741A7984395
:107A600019E3014615A81C4703D8A700636B05015D
:107A700083584700B38608016355D5008146639457
:107A800016011843F1BF3E86C10703D3A7FF631752
:107A9000A30099C123900501328582808506C20624
:107AA000C182F1BF397152D42E8A4ED69305E101BD
:107AB000AA89528522DC4AD856D206DE26DA3289D5
:107AC00036C63AC4BE8AEFF05FF9054435C5AA84CC
:107AD0000355E1013944EFF0BFB239CD0328450029
:107AE000630C08042247B246D6874A86A6854E858F
:107AF00002982A8431E19307E00F638FFA0203C7EB
:107B000004008947631AF702D840834717000347E8
:107B10000700A207D98FC2070D67C18713072790F7
:107B2000639CE7008347190003460900D285A2073A
:107B30005D8E4E85EFF09F9B2285F2506254D254A9
:107B40004259B259225A925A21618280797122D4C3
:107B5000035425004ECEAA89228556CA06D626D2BF
:107B60004AD052CC5AC85EC662C4AE8AEFF05FA655
:107B700001E92285EF00D157594429E90144B9A010
:107B800003C789008547AA840144631AF702AA85BE
:107B900013858900EFF0BFA929CD03D7640083D6F0
:107BA0008400D04483D5440003D52900E147EFF099
:107BB0007FEFD9472A846318F50223A6040026859F
:107BC000EFF01F9C49C0D947E30AF4FA2285B2506E
:107BD000225492540259F249624AD24A424BB24B61
:107BE000224C4561828061DD83D744002390FA00F6
:107BF000F9B713894400014AB94B594C3D4B8355A1
:107C00000900D5DDE14763067A010357C90011C3B6
:107C1000D94703572900835649000326890003D515
:107C20002900EFF03FE82A84631985012324090025
:107C3000050A3109E3156AFD59B77DD98357090053
:107C40002390FA00F5B703D529002DB701112317AA
:107C5000C1009307E00F1306E1000147894606CEF5
:107C6000EFF05FE4F24005618280797122D42A84CA
:107C70000355850026D2AE849305210106D64AD04D
:107C8000EFF0BFDD6308050E834785002AC693F732
:107C900007028DCF03552101EFF01F98AA87B24547
:107CA00001ED8357840039452390F400B2502254EB
:107CB00092540259456182800355240049468297B7
:107CC00011C5835784002390F400CDB703592400D5
:107CD0004A85EFF0FF8F11ED41657D15EFF05F8F65
:107CE00019E58357840025452390F400C1B723107C
:107CF0002501130745008147BD46035607002DE6C1
:107D00003147B387E702130984003146CA859107DA
:107D10003E959790FE1FE780A0A73146CA85480888
:107D20009790FE1FE780C0A60356C40003552400A9
:107D300041478146DD45EFF04FA72ACE19E583572D
:107D4000840045452390F40095B70C480356C400C1
:107D50009790FE1FE780C0A3035524004C08EF0056
:107D6000F13429D5594599B785073107E397D7F8F5
:107D7000254581BF0545B1B7797122D42A840355C1
:107D8000850026D2AE849305E1014AD006D6328919
:107D9000EFF0BFCC51C58347850093F70702A9E7F1
:107DA000034714019307200519E3834744008356D2
:107DB000A400504483558400035524000147EFF08C
:107DC0007FCEAA8721E98347140199E70355240050
:107DD000EF00F128D94711E18147B2502254925463
:107DE00002593E85456182802AC60355E101EFF0C4
:107DF000BF82AA8705C9B245035524004946829728
:107E0000AA8759DD035784002390E4000347140137
:107E100061F7E1B75947E317E5FE230009006DBF9D
:107E20008547CDB7B947F9BF397122DC4AD84ED65C
:107E300052D406DE26DAAA892E8A32C63689EFF0B7
:107E40001F97094415C5834725001307E00FAA842F
:107E50005D44638FE7001307F00F5944639AE7000E
:107E6000324605E2D2854E85EF00712C2A8415CD6D
:107E70002285F2506254D2544259B259225A216199
:107E8000828003550A009305E101231F0100EFF0F2
:107E9000DFBC0355E101EFF07F8BAA8505464E85D7
:107EA000EF3000382A845DDDE1B79307F00FE3017E
:107EB000F9FC938624007946A68517F5FFFF130584
:107EC0004541EFE05FFCA38124015DB739719387E1
:107ED00041A726DA844352D45AD05ECE62CC06DE65
:107EE00022DC4AD84ED656D266CA2A8BAE8B328C4A
:107EF000368A99E08149B9A0804483DC4400014975
:107F0000835AA400631499018440E5B78357A40001
:107F1000A28963F86701050942091359090141045F
:107F2000D5B7E3EAFBFE630C0A0083450400484032
:107F3000D28662863AC6EF002125324769DD19C331
:107F400023105701F25062544E85D2544259B2590F
:107F5000225A925A025BF24B624CD24C21618280CF
:107F600003D7050083D62500854763E9E60439C7B2
:107F7000411183C6450026C29384550022C426863B
:107F80002E8417C501001305E5E4894506C6EF00F8
:107F9000A11FC14711CD83464400835524000355DA
:107FA000040001472686EFF07FF2814711E1A947DF
:107FB000B240224492443E85410182803E858280C7
:107FC0002E860355060083D52500854763E2A5026A
:107FD00005C18346460041110147150606C6EFF06C
:107FE000FFEE814711E1A947B2403E854101828001
:107FF0003E8582802E860355060083D52500854761
:1080000063E2A50205C183464600411101471506FA
:1080100006C6EFF0BFEB814711E1A947B2403E85AC
:10802000410182803E85828039714ED683D72500FA
:1080300083D9050006DE22DC26DA4AD852D456D28D
:108040005AD05ECE62CC66CA6AC863E037198547EB
:10805000638E0914416BAE8A2A8A2314010002C67A
:10806000014401497D1B894B054CC94C054D83D505
:108070002A000147814601464E8523130100EFF097
:10808000FFE4AA846300051209EC1307200293069B
:1080900061005A8695455285EFE03FF12A846308D6
:1080A00005120357810083C7040045C70347A10099
:1080B000630CA70741476385E7022C005285EF0058
:1080C000E14709CD34001546D9455285EFE09FE2DE
:1080D00011C532459790FE1FE78020518147F9A0D6
:1080E00083D7A4004146130524002300F40083D75E
:1080F000A400A183A300F400CC409780FE1FE7807A
:1081000020694904835781008507C207C18323146E
:10811000F10063F9270983D7A400638567098509FE
:10812000C20993D90901A1B7E39977F983D7A400CC
:108130000946130524002300F40083D7A400A1837B
:10814000A300F400CC409780FE1FE7806064110418
:1081500055BF22C60359610003C7A40013052400BC
:108160006382770333599903230571012300E400E7
:1081700083D7A4004146A183A300F400CC40137927
:10818000F90FA5BF230581012300E40083D7A400D4
:10819000135929001379F90FA183A300F4000946AC
:1081A000CC4055B78357810089FBA947F2506254F0
:1081B000D2544259B259225A925A025BF24B624C43
:1081C000D24C424D3E85216182808547C5B7C54767
:1081D000F1BF03C7E1A8854763F3E706011122CC8D
:1081E00026CA4AC806CE2A843289AE84EFF02FDC34
:1081F00001C9034725009307E00F5D456308F700B9
:10820000631C0900A6852285EF00416FF24062449D
:10821000D24442490561828003D504009305E10000
:1082200023170100EFF07F830355E100EFF00FD239
:10823000AA8505462285EF20B07E69D5C1BF594584
:10824000828013F7050201C7B2856FF0AFD14111EB
:1082500026C24AC006C622C413F98500AA84631741
:108260000900139785016187635D070232853684B3
:10827000EFF0CFCDAA850546631309000146268598
:10828000EF20107A01E90145B240224492440249AC
:108290004101828083479400E5DB83478400E5F752
:1082A000E5B793F72500E5F30D45F9BF7971AE8683
:1082B00022D42A8403D506009305E10106D636C6EA
:1082C000EFF0AFF909CD83458500B2460356E101D1
:1082D0002285EFF01FF7B250225445618280054598
:1082E000DDBF13F7050201C7B2856FF0AFC74111BB
:1082F00022C426C206C693F485002A8491E413970B
:1083000085016187635007023285EFF02FC4AA858B
:10831000054691E0014622852244B2409244410143
:108320006F20107093F72500014591E30D45B24091
:1083300022449244410182807971AE8622D42A84FB
:1083400003D506009305E10136C606D6EFF0EFF03F
:10835000B24601CD834585000356E1012285EFF049
:108360005FF8B2502254456182800545DDBF7971C6
:1083700026D2AA840355A500C16722D44AD04ECE86
:1083800006D623170100FD173284B6890149630D13
:10839000F500050583C60400D04042051307E1003F
:1083A0004181EFF0BFB22A8983C60400D0408945DD
:1083B00017C50100130505A2EFF0105D1DC503D41C
:1083C000A4002285EFF00FB709C57D142A9442045A
:1083D00041806384090023908900B25022544A8569
:1083E00092540259F2494561828083C60400D0400C
:1083F000894517C501001305259EEFF0F05861F17E
:1084000083C60400D040894517C501001305059BAC
:10841000EFF0905719C9E30609FA8357E100E39298
:1084200087FA0354A9007D145DB703D4A40055B79F
:10843000397122DC26DA4AD84ED652D456D25AD0D6
:1084400062CC06DE5ECEBE8983C785002A8AAE84F2
:10845000C18B328C36843A89C28A468B9DE783CBA6
:1084600004008947638BFB046285EFF06F991DC19F
:1084700083280500638008025A88D6874E87CA86FB
:108480002286A6855285829839A03285EFF0CF9852
:10849000AA8711ED3945F2506254D2544259B2596B
:1084A000225A925A025BF24B624C21618280294629
:1084B000A6855285829745D5F9BFD84083471700D6
:1084C00003470700A207D98FC2070D67C18793062C
:1084D00007906384D72263CEF60693062780638EC7
:1084E000D70C63C1F60213070780E3CFE7F62D45EB
:1084F000E39309FADC4403C60700CC432310C90008
:10850000228569A213073780E390E7F62D45E394AF
:1085100009F885472310F900DC44814583C707002B
:108520002300F40003D5A400050542054181EFF0C6
:10853000CFD2835709006317051291072310F90062
:1085400011468145130514009780FE1FE780C02760
:1085500029A2930627906383D71863CED712930678
:108560003790638CD71813074790E39FE7EE2D45AC
:10857000E39309F2DC441D472310E90003C7070019
:108580002300E40003C71700A300E40003D727007B
:108590002301E40003D727002183A301E40003C7DC
:1085A00047002302E40003D76700A302E40083D757
:1085B0006700A1832303F4004DA02D45E39D09EC42
:1085C000DC446C0083C9170003C70700A209B3E9A4
:1085D000E90011472310E90083C707004E852300F7
:1085E000F400DC4483C71700A300F400EFF0EFC6EB
:1085F000AA8435C50356C100C1659306E100FD1587
:108600008329C500EFF0BFD619ED83C60400D04022
:10861000894517B501001305257CEFF0F03601E51B
:10862000FD572317F10003C7090089476310F702BC
:1086300083A549000946130544009780FE1FE78083
:1086400020158357090089072310F9008357E1009B
:108650002301F400A183A301F40001452DBD2317DC
:108660003101EDB7034705008907BA972310F900D8
:108670008357A500A300F4008357A500A18323011D
:10868000F400034605004C41130534009780FE1F9B
:10869000E7800010D9B7C8449780FE1FE780E01339
:1086A00093170501C1832A871D45E3E637DF6399E8
:1086B000F90023100900CC4403560900CE9589B572
:1086C0004207B3863A01418363C7E600B387374167
:1086D0002310F900CDB723105901F1BF2D45E39CBC
:1086E00009DACC445285EFE0FFD123107901230051
:1086F000A4002181A300A4008DB72D45E39D09D8D6
:10870000DC442310790183C707002300F400DC4414
:1087100083C71700A300F40089B75D71CAC02A8916
:10872000035525004EDE52DC56DA5AD85ED662D4A6
:1087300066D26AD06ECE86C6A2C4A6C22E8BEFF0D9
:10874000B038130CF5FF931D0C01C16BAA8A814947
:1087500017EAFE1F130A8AB693DD0D01938C01A759
:10876000138D81A6FD1B8357C90063F8F90097E7B5
:10877000FE1F83D7A7B463CE87010355290097E571
:10878000FE1F9385A5B3EF000102AA841DCDD94435
:108790002DA883278900139719009305E100BA9744
:1087A00003C4170083C7070022045D8C2285EFF005
:1087B000CFAAAA851DE923108B0003254A00854412
:1087C00009C59790FE1FE78040E2B6402644268503
:1087D00006499644F259625AD25A425BB25B225C15
:1087E000925C025DF24D616182808348490083A6FC
:1087F0000C000356E100035529006E8881476A8703
:10880000EFF01FC3AA8411C523108B0003254A0073
:1088100045BF83274A0095E3035529005147814608
:108820005E86BD45EFE06FF897E7FE1F23AAA7A875
:1088300009E523108B00C54449BF97E7FE1F83D786
:10884000E7A703D781A63E976347570113C7F7FFF2
:1088500056972394E1A603254A0083A50C0003D66E
:1088600081A63E959780FE1FE78080F283570A001D
:1088700003570D008509C209BA9717E7FE1F231F8A
:10888000F7A293D90901C5B5397122DC2A840355B1
:10889000250006DE26DA4AD84ED652D45AD05ECE0D
:1088A00062CC66CAAE8B56D2EFF010222A8A83467B
:1088B000C4008355A4000355840078001306D40037
:1088C000930CBAFF651AEFF06FE0420A416B2A89F8
:1088D0008144135A0A01138C01A797E9FE1F93895B
:1088E000E99D7D1B6302090463D09405834844001D
:1088F00083260C000356C10003552400528881478B
:10890000138781A6CA85EFF0BFB215C5814A035609
:10891000C1008355A4004A859306E100EFF03FA50E
:108920002A89639D0A065DFDE5E083578400294599
:108930002390FB0081A00356040183D781A6E3178F
:10894000F6FC83250C0048489780FE1FE78040ED29
:1089500055DD83A74900A1E303552400454781461F
:108960005A869D45EFE06FE41DE18357840045453D
:108970002390FB00F2506254D2544259B259225A09
:10898000925A025BF24B624CD24C2161828097E793
:10899000FE1F23A7A792835AA90095BF83A749006A
:1089A000A69723805701938714001397070183A785
:1089B0004900418393DA8A00BA97238057011387CD
:1089C000240083A649009387340042079104418321
:1089D000C207C204C183C180369711CD8356E1001E
:1089E0002300D70003A74900BA970357E10021836A
:1089F0002380E700C5BDFD562300D70003A749002B
:108A0000BA972380D7000DB703552400898097E5D6
:108A1000FE1F9385A58A97E7FE1F2391978AEFF0A3
:108A2000903E29D95945B9B7411122C406C693F7DA
:108A300005012A84328585C3EFE05FD1AA8505460A
:108A40002285EF20E07D95476305F500BD47631D56
:108A5000F502214515A893F7450099CBEFE01FCF0C
:108A60000546AA8522852244B24041016F20407B01
:108A700093F7050489C7EFE07FCD0146DDB713F515
:108A80001500133515000605B240224441018280CD
:108A900079714AD04ECE52CC06D622D426D22A8A1A
:108AA000AE89014983D749006364F9000145A1A05B
:108AB00083A7090013141900930414003387970047
:108AC00003470700A29703C5070022079305E100AB
:108AD000598DEFE09FF805E983A7090005453E940D
:108AE000034704002380E70083A70900BE9403C75F
:108AF0000400A380E700B250225492540259F24974
:108B0000624A45618280834585000356E1005285B3
:108B1000EFF09FF105C183A709003E9403470400CD
:108B20002380E70083A70900BE9403C70400A38045
:108B3000E700D1B70509420913590901A5B7011189
:108B400022CC2A8403D505009305E10006CEEFE090
:108B5000DFF001CD834585000356E1002285EFF06B
:108B6000BFECF2406244056182800545DDBF39718A
:108B700026DAAA840355250006DE22DC4ED652D41E
:108B800056D25AD05ECE62CC66CA6AC82E8A4AD8FD
:108B9000EFF08073AA8A83C6C40083D5A40003D5EE
:108BA0008400138CAAFF78001386D400EFF00FB274
:108BB000420CC16CAA890144135C0C01138B81A681
:108BC000938B01A7FD1CED1A17DDFE1F130D0D6F12
:108BD000638D09180356C10083C5890003D524009D
:108BE000EFF09FE42A89631D051683C8440083A61D
:108BF0000B000356C10003D5240062888147138708
:108C000081A6CE85EFF0DF822A89631B051439C067
:108C100003D781A6110797D7FE1F83D7476A6395AD
:108C2000E700A29763C0570997D7FE1F83D727692C
:108C30003354F40203D5240097D5FE1F93850568AD
:108C400097D7FE1F239C8766EFF070392A890DC5E0
:108C500059491DA003D52400494781466686C5456C
:108C6000EFE0AFB497D7FE1F23ACA7640DE583D721
:108C7000A90045492310FA00F25062544A85D254A3
:108C80004259B259225A925A025BF24B624CD24C70
:108C9000424D2161828083570B00910717D7FE1F39
:108CA000231FF76083274D0003D7A9009306E10037
:108CB000A2972380E70093071400139707018327E7
:108CC0004D0041834E85BA9703D7A90021832380A5
:108CD000E7000356C10083D5A400EFF04FE98326D7
:108CE0004D00130724000356E100420741833697E5
:108CF0002300C70003274D0093073400C207C18338
:108D0000BA970357E100AA89110421832380E70061
:108D100003254D004204418003D681A683A50B00A4
:108D20002295639509029780FE1FE78060A683570E
:108D30000B003E9442044180E31804EE83D7840084
:108D40002310FA00E31A09F229493DB79780FE1F64
:108D5000E78000A483570B003E94420441808DBD00
:108D600083D7A9002310FA00C1BF0149F1B75D7193
:108D7000A6C2CAC0AA840359850003552500A2C40F
:108D80004EDE56DA5AD85ED662D466D26AD086C62D
:108D900052DC6ECE2E8BEFF02053930BD5FF711566
:108DA000931905010144138DD40093D90901138C43
:108DB00081A6938C01A797DAFE1F938A2A506358E5
:108DC000741583C6C40083D5A4001307E1006A8626
:108DD0004A85EFF0AF8FAA8D630B05120359A500EA
:108DE000834585000356E10003D52400EFF0DFC37F
:108DF0006314051283C8440083A60C000356E100E7
:108E000003D524004E888147138781A6EE85EFF0B5
:108E10002FE2631305101DCC83D781A617D7FE1F41
:108E20000357E7498907630EF70697D7FE1F83D7D5
:108E300007493354F40203D5240097D5FE1F9385C8
:108E4000E54797D7FE1F239B8746EFF0900505C5A2
:108E5000594515A003D5240041664D4781467D162E
:108E6000A545EFE08F9497D7FE1F23ABA7441DE1E4
:108E700023102B014545B640264496440649F25935
:108E8000625AD25A425BB25B225C925C025DF24D46
:108E90006161828083570C00890717D7FE1F23105A
:108EA000F74283D781A6A29763D3770783A74A00A7
:108EB00003D7AD00130A2400A2972380E70005041E
:108EC0009317040103A44A00C183420A3E9483D746
:108ED000AD0083A50C00135A0A01A1832300F400FE
:108EE00003A54A0003D681A652959780FE1FE7800E
:108EF000208A03540C00C167FD175294420441803C
:108F0000E30FF9EA05094209135909014DBD294545
:108F100009FC23102B0185B76DDC01BF83570500C9
:108F200081E789473E858280411126C2444122C49F
:108F300006C683C60400D0402A84894517B50100BF
:108F4000130545E9EFF0402419C98347240025475C
:108F5000E51793F7F70F6376F702E14729A883C671
:108F60000400D040894517B501001305E5E6EFF090
:108F7000A02161FD8947B240224492443E854101CF
:108F8000828083D641858547FDD6035704003697F6
:108F9000C166E3C2E6FE91659385257031459780F1
:108FA000FE1FE7802058AA84CD4771D53146814500
:108FB0009780FE1FE78040818357040083D5418559
:108FC00001460147B386E500C206C1826369F70224
:108FD000AE97C207C18319C2239AF18423A004006B
:108FE0002146A285138544009770FE1FE780407AD2
:108FF000938741A79C4391EF23AA91A631A85040A3
:109000001315470005072A962315D60005465DBFB0
:10901000BA87984375FF84C38147B1BF011106CE5B
:1090200022CC26CA4AC809E98944F240624426850E
:109030004249D244056182802AC62A8428003689A2
:109040002314B1002305C100EFF05FEDAA8471FD88
:10905000E30D09FC8357A400E1DB9165938555700E
:1090600031459780FE1FE780E04B0DC58357A40074
:1090700023200500232425012312F500938701A84E
:109080009C4389E723A0A1A84DB7BA87984375FFF1
:1090900088C361BFCD4451BF83C7A1A695E385476F
:1090A0002385F1A6058909CD9796FE1F9386065A5A
:1090B000414691451795FE1F130545556FF01FF664
:1090C00001458280A384A1848280C167FD17631556
:1090D000F5002E856FE06FA3411106C6EFE0EF9C0F
:1090E00011C5FD572310F50023010500B2404101D1
:1090F000828001114AC806CE22CC26CA85472A8919
:109100006393F5044A85EFE0AFCC39E9C1649385F8
:10911000F4FF1307E100894617B60100130646CA9B
:109120000545EFE0BFDA2A84FD140DC44C444A859E
:10913000EFF0BFF90356E10022858146A685EFF0E6
:109140000FA32A84DDB789476396F5008545EF2094
:10915000802C4DD9F2406244D2444249056182805C
:10916000EFE00FC265B7411106C623AC01A623AEDE
:1091700001A623A601A617D5FE1F0345B51D41CDA7
:109180009307200C3305F502916593851570190539
:10919000420541819780FE1FE780C03823ACA1A61D
:1091A0009307200C17D6FE1F0346D61A3306F60285
:1091B000814519069770FE1FE7800061938781A79C
:1091C0009C4317D7FE1F0347F71881459386870BEB
:1091D0007D5563E8E5069306800BB306D70201468A
:1091E000FD550507B69723AEF1A6BE862390B600BF
:1091F000A381B6002381B6002382060005069906E6
:10920000E366E6FEF9562390D70099463307D70266
:10921000BA9723A6F1A617E5FFFF1305C565EFD0A2
:10922000DFD217F5FFFF13050581EFE0907C17E50E
:10923000FFFF1305C55AEF204015B240014541011B
:1092400082802394A6F41386C6F4231006002324F8
:1092500006003106E31BD6FE85059386860B95BF77
:10926000411122C42A8406C6EFD04FF5EFE02F8CBF
:10927000238481849387C1A68843EFE00F89238BE1
:1092800081842244B240170500001305C5E6410160
:109290006F20A00F93970501C18763D007367971BE
:1092A00003C5818422D452CC06D626D24AD04ECED3
:1092B0002E8AEF80AFF12A8421C903470500930766
:1092C000000B6310F7048547A304F100938701A7FF
:1092D0009C4323150100A1E7EF00C07D91659385B4
:1092E00035709780FE1FE780E02323A8A1A605E93B
:1092F0008347910099C78345440013058400EFD04C
:109300009FE22285EF806FE5B250225421653345FC
:10931000AA0092540259F249624A4561828061462C
:10932000814517D5FE1F130565F99770FE1FE7806D
:10933000A04903494400894797D9FE1F938909F83A
:10934000631DF906EF00007797D7FE1F2398A7F655
:1093500003552400CE85EFF0C0190357240097D79A
:10936000FE1F83D7A7F58356840011ED63E4F60052
:109370002314F400835584003A85EFD07FBD228505
:10938000EFD05FB4B5B763E4F6002314F40083575D
:109390008400D9450D4697D6FE1F2391F6F297D645
:1093A000FE1F9386A6F13A85EFD0DFB48D4561D9D3
:1093B00017D5FE1F130585F0E1A09947631CF9023C
:1093C0009305A1002285EFF02FCCAA844DD9D9476F
:1093D000639BF40E0509035524001379F90FD94551
:1093E00097D6FE1F938686ED4A86EFD0BFB0CA851A
:1093F00059D57DBFA1476318F9009305A1002285C7
:10940000EFF0FF96D9B7A947631FF906035584000B
:109410006C00EFE08FE4AA8463070516035524006F
:1094200041669306E10055477D16AD45EFD0FFB785
:1094300097D7FE1F23A6A7E8AA8649C18348440000
:109440000358E1000356C10003552400A685814757
:109450004E87EFE0FFFDAA84631605100355240034
:10946000CE85EFF0E029E30C05F003552400CE860D
:109470002D46D945EFD01FA8E30305F0AD454E8535
:10948000EFD07FCAEDBDB1476315F91003558400D5
:109490006C00EFE08FDCAA846307050E03552400FF
:1094A00041669306E10059477D16B545EFD0FFAF01
:1094B00097D7FE1F23A6A7E0AA863DE18357840025
:1094C000C5442315F10003471400D147E309F7EA27
:1094D000834744000355240097D5FE1F938505DE7E
:1094E00017D7FE1F230CF7DC8357A10017D7FE1FE9
:1094F0002317F7DC97D7FE1F238497DCEFE0B06ECD
:10950000E30F05E60355240097D6FE1F938606DB7E
:109510000546D945EFD01F9EE30305E6854549BDC5
:10952000834844000358E1008357A4000356C10058
:1095300003552400A6854E87EFE09FEFAA841DE126
:1095400003552400CE85EFF06021E30A05E20355C0
:109550002400D945CE863546EFD0DF99B545E300E6
:1095600005E2B9B5D9476393F400814403A54900E6
:109570009780FE1FE7806007E38304E08357840041
:109580002315F10089B78357840085442315F10022
:109590001DBFB9476318F9009305A1002285EFF0BC
:1095A000CF9725B5C1476318F9009305A10022851F
:1095B000EFF0EFDB19BDC947631AF90013069100FC
:1095C0009305A1002285EFE02FFB01B5D947631D6C
:1095D000F9009305A1002285EFE02FE9AA84E318A2
:1095E00005DEA304010061BBE147E31AF9D8930546
:1095F000A1002285EFE08FD5C9BB01458280F9CA61
:10960000011152C42E8A854522CC4EC656C206CEC2
:1096100026CA4AC8AA8AB6893284EF10D05FD147D9
:1096200015C183C7C1A883C6D1A8814419E0B684F7
:10963000BE86138741A8184393974400BA9763EDF9
:10964000D400D547F2406244D2444249B249224A4A
:10965000924A3E85056182803E89C10703D727FF74
:1096600009C7850493F4F40FD9BF39CC9565938568
:1096700025C0130500029780FE1FE780A0EA23267D
:10968000A90061D1130600028145938404049770F8
:10969000FE1FE780601323119900230009002313A4
:1096A000590115C4138741A983479400104323042B
:1096B000F900118C8327C90011841180238E870043
:1096C00023A029018147BDBF23260900F9B7230440
:1096D0004901FDB785473E858280938741A898431D
:1096E00083C5C1A881476395F50081463685828090
:1096F00003562700BA8619C2E30AA6FE850793F728
:10970000F70F4107CDB7938741A8984303C6C1A877
:1097100081476315F6008146368582808355270090
:10972000BA8689C583454700E388A5FE850793F778
:10973000F70F4107F9BF938741A9984383C5F1A863
:1097400081476395F5008146368582800356070080
:10975000BA8619C2E30AA6FE850793F7F70F4107F9
:10976000CDB7938741A89C4303C8D1A8014763158F
:10977000E80081463685828003D62700BE8619CA56
:1097800003D667006318A600D04709C60356260013
:10979000E302B6FE05071377F70FC107C9BF4111F2
:1097A00022C4404526C206C6AA8415C0484409C53D
:1097B0009780FE1FE78060E3484809C59780FE1F39
:1097C000E780A0E222859780FE1FE78000E22685E1
:1097D000414681459770FE1FE78000FFB24022445A
:1097E000FD57A384F400924441018280011122CCF0
:1097F0002A840355250006CE2EC6EF10700C324683
:1098000022858145EF00106922856244F24005619E
:109810006FF0FFF80DC503572500411122C406C69D
:109820002A8411CBDD45EF00D06A22852244B24064
:1098300041016FF0DFF6B240224441018280828014
:10984000411126C231479304C5FF3387E40297D7FD
:10985000FE1F938727A806C622C43E978356A700FB
:109860006397B602484305C53E849307F00F63062D
:10987000F60083470500639CC7009780FE1FE780C2
:10988000C0D6B147B387F402A29723A20700B24023
:109890002244924441018280411122C42E8426C276
:1098A0004946AA848145228506C69770FE1FE78037
:1098B000A0F1B9CC83C7C40113974700938741A98E
:1098C0009C43BA9703D707002310E40003D727006F
:1098D00083D767002311E4001387A1A8035707006B
:1098E0002312E40003D704002313E40003D7240069
:1098F0002314E40003D744002315E40003D76400D5
:109900002316E40003D784002318F4002317E4008F
:10991000B2402244924441018280938741A903A826
:109920000700938741A8904383C5C1A80147814799
:109930006394E5003E8582808346060081CE5446CE
:1099400091CA83C6C6019206C2966315D5008507E3
:1099500093F7F70F05071377F70F4106D1BF1306EB
:1099600000643386C50293069500AA85170500009A
:10997000130585EA6F80EFE0411122C406C62A84F0
:1099800003459500EF808FF3FD57A304F400B24028
:10999000224441018280011122CC4AC84EC652C4E1
:1099A00056C206CE26CA2A89AE890144138A41A826
:1099B0009D4A83C7D1A86362F4046397090293891F
:1099C00041A8130AF00F83C7C1A86366F4061144C7
:1099D000A1442285050442041306F00FCA85418084
:1099E000EFF01FE6E31794FEF2406244D24442498E
:1099F000B249224A924A0561828083270A00931461
:109A00004400BE9483C704009DC383D76400639061
:109A100027036396590103D52400EF10606A268559
:109A20004E868145EF0010472685EFF05FD705048D
:109A30001374F40FBDBF83A7090093144400BE94B0
:109A400083C704009DC383C794006380470383D703
:109A50006400639C27012685EFF01FF22685D1451F
:109A6000EF0030472685EFF09FD305041374F40F01
:109A700099BF41677917630BE502411122C406C6FD
:109A800085472A846399F50022852244B2408145A6
:109A900041016FF05FF089476396F5008545EF104F
:109AA00090177DD1B24022444101828082809D4541
:109AB0006FF07FEE03D5A1A88280011106CE231797
:109AC000A1002316B10003C781A885476318F700DA
:109AD00070009305E1000545EF50D016F240056196
:109AE0008280A947631CF60483C7150003C70500DD
:109AF000A207D98F2310F50083C7350003C72500BF
:109B0000A207D98F2311F50083C7550003C745006D
:109B1000A207D98F2312F50083C7750003C765001C
:109B2000A207D98F2313F50083C7950003C78500CB
:109B3000A207D98F2314F500014582800545828054
:109B400091476314F60283C7150003C70500A207F7
:109B5000D98F2310F50083C7350003C72500A2075E
:109B6000D98F2311F50001458280054582809387B6
:109B7000C5FF93960701C1820D476360D702314745
:109B80003387E70297C7FE1F9387C774BA9723816D
:109B9000A7002390B7000145828009458280130702
:109BA0004020AA876374A70093074020F1172395EC
:109BB000F1A82387B1A82388B1A8828019059565EB
:109BC00042054111938535C0418106C69780FE1F2D
:109BD000E780409511C5B240E95541016FE0205042
:109BE000B24041018280238601A8238701A8A38770
:109BF00001A8A38601A8238401A885470111A38495
:109C0000F1A806CE2AC622CC238F01A8239501A84D
:109C100023A201A8EF10C05332451306000381456B
:109C2000238CA1A817C5FE1F1305C56A9770FE1FD8
:109C3000E78080B903C5C1A905CD9565938545C069
:109C400012059780FE1FE780E08D23AAA1A80DC111
:109C50009387C1A983C7170003C6C1A98145A386FD
:109C6000F1A8A387C1A812069770FE1FE780C0B5B0
:109C70009387D1A883C7070017C5FE1F0345856DCD
:109C800095653E951375F50F2386A1A8938555C05C
:109C900012059780FE1FE780E08823A2A1A841C19A
:109CA00003C6C1A8120681459770FE1FE780C0B1A8
:109CB000938741A8984383C6C1A8814725077D564D
:109CC0006398F604EF10C06BB1473305F502956554
:109CD000938565C0420541819780FE1FE78080849F
:109CE00023A0A1AA2A8401CDEF1080693146330652
:109CF000C502814522859770FE1FE780E0AC624473
:109D0000F24017050000130505D705616F10E067E5
:109D100085072300C70093F7F70F410755B7238640
:109D200001A8A38601A879BF41119397050126C216
:109D300006C622C4C187AE8463DA070803C581A9B9
:109D4000EF70DFC82A8429C903470500930700097B
:109D50006311F70403471500CD476317F706034562
:109D6000250097C5FE1F83C5554083C7E1A893060C
:109D70006400014601472E886317E50219C2238754
:109D8000F1A883C7E1A891C7854503C581A9EF70F4
:109D90009FF52285EF707FBC2165258DB24022445E
:109DA00092444101828003C60600B29713F6F70F72
:109DB0009377F80F6374B6009377F60F0507137760
:109DC000F70F890605464DBF0125E1B793F715004A
:109DD0000145E9D7EF00106C09C983C7E1A891C715
:109DE000854503C581A9EF701FF013C514007DB729
:109DF00085462A8763FBC60483C7150003C6050092
:109E0000A207D18F2310F500639CD70083C73500CC
:109E100083C62500A207D58F2311F5000145828056
:109E2000894601456394D70283C7350083C6250060
:109E3000A207D58F2311F70083C7550083C64500BD
:109E4000A207D58F2312F7008280054582809147B3
:109E50006314F60283C7150003C70500A207D98F54
:109E60002310F50083C7350003C72500A207D98F4B
:109E70002311F500014582800545828091476314D6
:109E8000F60283C7150003C70500A207D98F231068
:109E9000F50083C7350003C72500A207D98F23111A
:109EA000F5000145828005458280A1476314F604D0
:109EB00083C7150003C70500A207D98F2310F5003B
:109EC00083C7350003C72500A207D98F2311F500EA
:109ED00083C7550003C74500A207D98F2312F50099
:109EE00083C7750003C76500A207D98F2313F50048
:109EF00001458280054582808947631CF60083C73F
:109F0000150003C70500A207D98F2310F5000145EE
:109F10008280054582808357260079714ECE06D611
:109F200022D426D24AD01307F007AE896372F70213
:109F300009473AC42316F100300093F5F50FEF10EE
:109F40000017B250225492540259F249456182805E
:109F500003574600D9462A89328463F8E6008357BE
:109F6000660063F4F6006379F70023140100300003
:109F700093F5F90F4A85E1B70355060002C4EFF0E7
:109F80008FFBAA8459C1EFF05F9983C7840063698E
:109F9000F5001146A246CE854A85EF10E00655B77A
:109FA000340026869305F00F4A85EFF04FE575F1F2
:109FB000A24703578400DC472390E700035724009F
:109FC0002391E700035744002392E70003576400FE
:109FD0002393E70003D744002394E700DC4485CBB8
:109FE00093F4F90F2286A6854A858297C167FD17EB
:109FF0002A86E311F5FA22459947F9452300F50031
:10A0000023029500EFF0BF952DBF094661B70146C9
:10A0100051B7A947631CF60483C7150003C70500A1
:10A02000A207D98F2310F50083C7350003C7250089
:10A03000A207D98F2311F50083C7550003C7450038
:10A04000A207D98F2312F50083C7750003C76500E7
:10A05000A207D98F2313F50083C7950003C7850096
:10A06000A207D98F2314F50001458280054582801F
:10A0700083C705002300F50083C71500A300F50082
:10A0800083C7350003C72500A207D98F2311F50028
:10A0900082802322050003C7450089476304F70037
:10A0A0000545828083D665000D47E37BD7FE9C453E
:10A0B000011106CE22CC26CA4AC84EC683C4170058
:10A0C00003C60700A204D18C138644006311D60492
:10A0D00003C4370083C72700AE8922045D8C930731
:10A0E000C4FFC207C1832A89636FF70003A58900F3
:10A0F0002311990023108900F155EFD0507E2322BF
:10A10000A900014531A02285EFF02FDD65F105455D
:10A11000F2406244D2444249B249056182803971B9
:10A1200022DC2E84834704004AD806DE26DA4ED687
:10A1300019472A89B285639AE70603462400280056
:10A14000EFF0FFD0AA8415E903558100EFF0EFD8B6
:10A15000AA898345140015C92E8617170000130716
:10A1600067E834009D454A85EF00903E4E850946DC
:10A1700081450D234E85EFF08FE2F2506254268523
:10A180004259D254B2592161828089472310F1008B
:10A19000835781000A862311F1008357A1002312FF
:10A1A000F1004A85EF00B070C9BF4947639DE702DF
:10A1B000035624002800EFF05FCFAA845DFD97C707
:10A1C000FE1F83D7E71199E3814445BF034714007D
:10A1D000834604003C000146CA8517C5FE1F03459F
:10A1E0004510352E59BF51476390E70203562400AE
:10A1F0002800EFF01F8FAA8449F183451400300036
:10A200004A85EFF05FD195BF5947639FE704035636
:10A2100024002800EFF0DF92AA8425F18355810005
:10A220004A85EFF00FD41DC558458356A1008357CA
:10A230000700B697C207C1832310F700D1D75C4748
:10A24000C1D783C7E1A8C9D3854503C581A9EF70EC
:10A250009FA925B789473EC0835781000A86834559
:10A2600014002312F10035BF834514000A86231021
:10A270000100EF00D06389BF5D71A6C256DA86C6C1
:10A28000A2C4CAC04EDE52DCAA8A03C51500AE8441
:10A2900032C6EFF04FC7B24501ED8144B6402644C7
:10A2A000268506499644F259625AD25A61618280E3
:10A2B000230205002311050083C9040085472A8471
:10A2C000639AF90003C624002808EFF07FB2AA843D
:10A2D00005492DA09D476394F904034705008D4768
:10A2E000E31DF7FA03C6240028080549EFF01FB95B
:10A2F000AA8409E5054681452285692E2285EFF06D
:10A30000AFE7034584003C080147CE862686D68504
:10A310003924E30509F82285EFF06FC841B7CD472E
:10A32000639DF900034705009147E318F7F603C65C
:10A3300024002808EFF05FBC59BFD547E39FF9F42C
:10A34000034A05008947E31AFAF403C624002808E3
:10A350000549EFF01FCCAA8455F183570102BDE3F4
:10A36000035781011306F0035C44930607FCC20601
:10A37000C182636CD6000356A101D94663F7C600BB
:10A380008356C101D94563EFD500035524002391BD
:10A39000E7000549EF00D05203560102D28522851D
:10A3A000612CA9BF8355E1012391E7002392C700E7
:10A3B0002390B7002393D70085472300F400014A78
:10A3C0000149D9BF014AC9BF7971AA8522D426D2D1
:10A3D00003542500AA84280806D6EFF09FCBF24547
:10A3E00099E535E985452285EFF02FEDC1A083572A
:10A3F00081011547639BE7060357A1018D4763FC65
:10A40000E7046800EFF0DFC60357E100DD4763FCB7
:10A41000E7008345D100B70717008507100822859C
:10A420003EC8EF00D0488357E1000357A1019107D0
:10A430006305F7002285EFF08FE78347C10072467E
:10A440006C00858B1106228591CFEFF0FFE201C5EC
:10A450002285EFF0CFE5884451D59770FE1FE78045
:10A46000C01849B7EFF0BFCBDDB711476389E700EC
:10A470001387A7FF42074183854663EEE602314713
:10A48000F117B387E70217C7FE1F1307A7E4BA97B0
:10A4900003D7070069D303C527003008A2850D2024
:10A4A0005DF9035781019147E31EF7F2B250225440
:10A4B0009254456182802C082285B92649FDFDB75A
:10A4C00001114AC82A89314526CA06CE22CC2EC699
:10A4D000B284EF704FCB31C1B2459307000A23100D
:10A4E000F5002311B5002A84214611058DC0A685EB
:10A4F0009760FE1FE780C029A2854A85EF708FD341
:10A500000145F2406244D24442490561828081455E
:10A510009760FE1FE780402BC5B70545DDB7797111
:10A5200026D2AA841305000206D622D42ECE32CC1F
:10A5300036CA3AC83EC6EF700FC531C96246F24509
:10A540004247D246B2472A84130520FA2300A400CA
:10A55000A300C4002311B4002302E400A302D4002A
:10A5600013058400614691CFBE859760FE1FE7808A
:10A570002022A2852254B2502685925445616F70E4
:10A580006FCB81459760FE1FE7800024DDB7B25096
:10A5900022549254456182805845797122D406D65E
:10A5A0002A84AE8641C383572700231DF1009307F9
:10A5B0002006639FF5049387A1A803D6070083575D
:10A5C00067006373F600B28713F6F70F8355270110
:10A5D000834707018D8F93F7F70F81E5890793F77D
:10A5E000F70FB297FD17B3C7C702231EF1008357B9
:10A5F00024008355640003458400231CF1000147B7
:10A600003C080146EFF0BFF1B25022544561828010
:10A610000347C701938741A99C431207BA9783D781
:10A620006700E1B72EC61946814528089760FE1FCE
:10A63000E7808019B24665BF797122D406D626D24A
:10A640002A848DC181470147930600062E868355D3
:10A65000640003458400EFF09FECB2502254925402
:10A6600045618280B284280059469760FE1FE780CA
:10A67000A0152314910089E88357240048446C00F6
:10A680002315F100EFF04FA13C00014793060006AF
:10A69000014675BF797106D6814799ED835725002C
:10A6A00058452316C1002314F1003C0011C78357FD
:10A6B00027002315F1003C002E86835565000345D5
:10A6C0008500014793060006EFF07FE5B250456133
:10A6D0008280411122C406C68347050011472A849F
:10A6E0006395E7022E868355650003458500814703
:10A6F0000147CD46EFF0BFE249468355640022444E
:10A70000B240154541016FF0AF9313F7B70F89467B
:10A710006317D7000146EFF03FF25146F9BF0D47EE
:10A720006398E7002244B240014641016FF09FF672
:10A73000B24022444101828083D705003147F1179E
:10A740003387E70297C7FE1F9387C7B8BA97D843E6
:10A7500019EBD8412395A7000145D8C303D725009D
:10A760002394E700828059458280797122D4404544
:10A7700026D24AD006D6AA842E8925C0484419C5B7
:10A780009770FE1FE78060E62326040083570400CD
:10A7900083D5640003C584002315F100835724008A
:10A7A0000147930640062316F100835784004A862A
:10A7B0002317F1001C483EC883D724002314F1005E
:10A7C0003C00EFF0DFD5A30E240123280400B25093
:10A7D00022549254025945618280280031468145B5
:10A7E0009760FE1FE78040FE83D7240083D5640076
:10A7F00003C584002314F10001473C009306400682
:10A800004A86EFF0DFD1E1B7797152CC2A8A03D5BD
:10A81000050026D206D622D44AD04ECE56CAAE84E1
:10A82000EFE0BFEB19E18547BDA84045AA8965DC8B
:10A8300083576500E39947FF8357840063870712B6
:10A840008346C401938A41A903A70A009206FD1713
:10A850003697C20703576700C1832314F4006316B9
:10A86000F70093053006EFF03FD35C48A5EFC840F2
:10A87000034915008347050022093369F90083D78E
:10A88000240013072900631AF702F955EFD03005A9
:10A89000C8C02391240103C589002686D285EFF024
:10A8A0003FC2814721E1B250225492540259F249E9
:10A8B000624AD24A3E85456182809565938515C07E
:10A8C0004A859770FE1FE780E0C548C8C840231C32
:10A8D0002401F955EFD0B00083D72400C8C0F91780
:10A8E0002391F400484859C503D624008356A40197
:10A8F000835784013308D60063C007090347C401A6
:10A9000083A70A0095451207BA9783D7270063CF1C
:10A910000705CC4036959760FE1FE78060E7035738
:10A92000A40183D72400BA97C20703578401C183C7
:10A93000231DF400E399E7EE03D7290003C589003E
:10A9400030002314E1005848D2852315F1003AC69F
:10A95000EFF01FB711C548489770FE1FE780E0C8A9
:10A96000232A0400232C04007DBD99454E85EFE089
:10A97000FFE755BDA545DDBF9145CDBF03D72500F8
:10A9800079CB83D6A1A8ED4763E8E60C011122CC70
:10A990002E8426CAAA844840914506CEEFD0207462
:10A9A00083572400AA862300F50083572400A1833F
:10A9B000A300F500835704002301F500835704002A
:10A9C000A183A301F50003562400C167F9171106FE
:10A9D000420641826394F4042AC4314532C6EF60D2
:10A9E0009FFAAA85CD470DC5930700F93246A246C6
:10A9F0002300F500F9572311F50089472302F500DC
:10AA00002313C50014C503C581A9EF70AF82814728
:10AA1000F2406244D2443E850561828081452685AC
:10AA2000EF40F02FAA8701E903C7E1A875D37D178E
:10AA30002387E1A8F1BF09476302E5021D476301CF
:10AA4000E50249476300E5027D47E313E5FC03C7E0
:10AA5000E1A88147E1BFED473E858280D1474DBFE8
:10AA600091477DB789476DB7011122CC4AC831445F
:10AA70001309C5FF3304890297C7FE1F9387878593
:10AA800006CE26CA3E94584031C783C6E1A8BE848C
:10AA9000854795CA2314A100835784000355A40059
:10AAA0002C003AC62315F100EFF05FED11C54840C8
:10AAB0009770FE1FE78060B3B147B307F902A6970E
:10AAC00023A207008547F2406244D24442493E85B2
:10AAD000056182808147C5BF797126D244451387BD
:10AAE000A1A84AD083D764000359070052CC06D6E8
:10AAF00022D44ECE56CA2A8A63F327013E8903D751
:10AB0000240142091359090183D7040141CB998FCC
:10AB10004A8463D527011394070141808945228522
:10AB2000EFF0CF89AA89CD4A25C183D724002AC650
:10AB3000231581002314F10083D7240185E383D7F3
:10AB40000401930925002300F50083D70401A183A4
:10AB5000A300F5006376240503D4040183D7240100
:10AB6000CC4422864E85BE959760FE1FE78040C28A
:10AB700003556A002C00EFF07FE0AA8A15C54E85C8
:10AB80009770FE1FE78060A6B250225456859254FB
:10AB90000259F249624AD24A4561828089078DBFD3
:10ABA0007914420441805DBF03D7240183D7040098
:10ABB0003A94FD17C207420403D70401C1834180C0
:10ABC0002390F400239984006377E400D5FFFD57B8
:10ABD000A38EF40055BF81455285EFF01FB96DB7C4
:10ABE00001114EC683C9E1A922CC52C456C25AC033
:10ABF00006CE26CA4AC84E84138A41A8854A130B3A
:10AC0000F00F83270A0093144400BE9403C9040084
:10AC100063175907DC44A5C7D84735C303D70700D6
:10AC200039C383C7E1A889CF2685EFF0FFEAAA855B
:10AC300015E5050483C7D1A8635FF400238F81A8BD
:10AC4000F24062444A85D2444249B249224A924A79
:10AC5000024B05618280238F01A8DDB72685EFF0C6
:10AC6000DFB00149F1BF83C7D701639A670193053C
:10AC700020062685EFF05F92DC44A38E07000504D2
:10AC80001374F40F83C7D1A86363F4000144E31A7B
:10AC900034F7C1BF4111154506C6EFF0FFDC09C509
:10ACA0000545B240410182801945EFF0FFDB6DF9A7
:10ACB0001145EFF07FDB6DF51D45EFF0FFDA6DF12B
:10ACC00083C7D1A8F9DFB24041016FF07FF183D78C
:10ACD00005000D47F117C207C1836361F706DC4128
:10ACE000B1CF411122C42E84854526C206C6AA844E
:10ACF0001D2739C526858125C167F917638FF400A3
:10AD000009ED8357240091CB835604001947639FB4
:10AD1000E60203D7A1A863FBE70283C7E1A8A285E7
:10AD2000268599C72244B240924441016FF01FC565
:10AD30002244B240924441016FF01FA00945828035
:10AD40005145B24022449244410182806D45D5BFB5
:10AD5000397126DA4ED6AA84AE895D4589454AD82E
:10AD600006DE22DC328936C63AC4EFE03FE525C56F
:10AD700022472A84014511C7B24613054400B6850F
:10AD800002979357850023003401A3002401230177
:10AD9000A400A301F40011059547231DA100231C65
:10ADA000F10022CE83C7E1A82C08268595C3EFF0D9
:10ADB000FFBCAA8411C522859770FE1FE780E08240
:10ADC000F250625426854259D254B2592161828090
:10ADD000EFF09F96F9BFCD44E5B7797126D24AD0FE
:10ADE00052CC56CA06D6BA8A22D44ECE19472E89DC
:10ADF000B284368A639BE506035526000944EFE0DA
:10AE0000DF8D2AC63DC95C458359650083D727007D
:10AE10002390F400B24715472380570103C691A839
:10AE20002391E700130716001377F70FA384E1A817
:10AE30002382C70001E70547A384E1A85147631AAD
:10AE4000E90015472391E400DC4703D784002394ED
:10AE5000E7005287A686CA854E85EFF07FEF2A84E9
:10AE6000324515C4EFE0BF9309A842867400BE8541
:10AE7000AA89EFE0CFF82A8451DD2285B25022540E
:10AE800092540259F249624AD24A45618280F94598
:10AE9000EFE0FFACDDB783D705002300F50083D7D3
:10AEA0000500A183A300F50083D725002301F50049
:10AEB00083D72500A183A301F5001145828083D7A4
:10AEC00005002300F50083D70500A183A300F5004A
:10AED00083D725002301F50083D72500A183A30193
:10AEE000F50083D745002302F50083D74500A183F1
:10AEF000A302F50083D765002303F50083D765001F
:10AF0000A183A303F5002145828083D70500230098
:10AF1000F50083D70500A183A300F50009458280D1
:10AF200083D705002300F50083D70500A183A30084
:10AF3000F50083D725002301F50083D72500A183E1
:10AF4000A301F50083D745002302F50083D7450010
:10AF5000A183A302F50083D765002303F50083D7FF
:10AF60006500A183A303F50083D785002304F500C2
:10AF700083D78500A183A304F5002945828003D7E8
:10AF800005008546AA872300E50003D70500218335
:10AF9000A300E50003D70500631DD70003D72500F4
:10AFA0002301E50003D725002183A301E500114516
:10AFB000828009456315A70203D72500194523811F
:10AFC000E70003D725002183A381E70003D74500CD
:10AFD0002382E70003D745002183A382E700828014
:10AFE00083D705002300F50083D70500A183A300C4
:10AFF000F50083D725002301F50083D72500A18321
:10B00000A301F50011458280797126D24AD04ECE37
:10B01000B2842A89AE8929468145480022D406D6C1
:10B0200036849750FE1FE780207A2316910085EC26
:10B03000835724002312F1009387A1A883D7070028
:10B040002314F1005C4485C383C6C701138741A95B
:10B050001843920683D78700369703572700231596
:10B06000F1002313E1004A8517070000130787EB5F
:10B07000540013F6F90FD545EFF09FCD2A8911C181
:10B080009DE085472300F40023020400014681452A
:10B090002285EFF06FDAB25022544A859254025959
:10B0A000F249456182802285EFE06FEFEDB7B2860D
:10B0B000170700001307E7EC2E8685456FF05FC980
:10B0C00001112317A1004165700001489307F00F9B
:10B0D0000D4797060000938646DC99457D1506CE00
:10B0E000EFF0BFCFF24005618280B28701482E8623
:10B0F0001147970600009386C6DCC9456FF0FFCD67
:10B10000B28617070000130787E02E86CD456FF043
:10B110003FC4011122CC26CA4AC84EC606CE2A898F
:10B12000AE8917B4FE1F1304E41D97B4FE1F938469
:10B1300064201C4081C7CE854A8582971104E31A9A
:10B1400094FEF2406244D2444249B2490561828091
:10B1500017B5FE1F0345F50193773500098117B731
:10B16000FE1FA309F71EAA9717B7FE1F2304F71E99
:10B17000BDCF1305C0033385A702A5654111850521
:10B1800006C69760FE1FE780E03923A2A1AA9307B5
:10B19000C00317B6FE1F0346E61B3306F6028145C1
:10B1A0009750FE1FE7804062938741AA9C4397B661
:10B1B000FE1F83C6261A014789077D56634FD700B5
:10B1C000B24013060003814517B5FE1F1305851312
:10B1D00041011753FE1F6700235F2390C70023819F
:10B1E000070023A5070205079387C703C1BF828015
:10B1F000938741AA984317B6FE1F0346A6158147B9
:10B200006315F600814636858280BA861307C70328
:10B21000835567FCE389A5FE850793F7F70FCDB744
:10B22000011122CC2EC632C406CE2A84EFF05FFC78
:10B230002246B24511E9C167F9176303F40051458D
:10B24000F24062440561828054558347450095C2AF
:10B2500013F7270141456314A700154575F2C18B0B
:10B260003D45F9DF83C7A6010145E3FBB7FC314546
:10B27000C1BFC18B0145E9F71545D9B7797126D210
:10B28000C16422D44AD04ECE52CC56CA06D62A89A0
:10B290000144938941AA130AC003FD14854A97B754
:10B2A000FE1F83C7270B6364F400014535A8B3076D
:10B2B000440303A70900BA9703D727006316970032
:10B2C00005041374F40FE1BF03C5570030009385E4
:10B2D0006700EFB000361946CA8528009750FE1F58
:10B2E000E7800054E31E55FDB25022549254025997
:10B2F000F249624AD24A45618280938741AAC16677
:10B30000984397B5FE1F83C5E5048147FD166395F5
:10B31000F500014632858280035827003A8663068D
:10B32000D80003480700E307A8FE850793F7F70F47
:10B330001307C703E9BF411106C6EFF07FEB11C544
:10B3400003554501B240410182800145E5BF938725
:10B3500041AA984397B6FE1F83C6C6FF81471107CF
:10B3600001456393F60082800346070001C6050588
:10B370001375F50F850793F7F70F1307C703D5B7B5
:10B3800017B5FE1F034505FD828017B7FE1F130783
:10B3900067F78147BA8631460C4391E58A07B6972D
:10B3A00088C30145828085071107E397C7FE4D4595
:10B3B0008280411106C622C4EFF09FE31DCD2A848E
:10B3C000035525008545EFF0DFD4485409C5976043
:10B3D000FE1FE780802122851306C0038145975018
:10B3E000FE1FE780603EFD572311F4002302040096
:10B3F0000145B2402244410182800945DDBF41112F
:10B4000006C6EFF0FFDE11C50345C500B24041019D
:10B4100082800145E5BFC167F9176304F502411158
:10B4200022C406C62E84EFF0BFDCAA87014591C76F
:10B4300003C54700698C33358000B2402244410186
:10B44000828005458280011106CE2EC6EFF05FDABC
:10B45000854711C903574501B24585476305B700C4
:10B46000231AB5008147F2403E850561828031C9CB
:10B4700001114AC8416922CC26CA4EC652C406CE22
:10B480000144AA84938941AA130AC0037D1997B77E
:10B49000FE1F83C727EC634AF400F2406244D244A3
:10B4A0004249B249224A056182803305440383A799
:10B4B00009003E9583572500638327018294050484
:10B4C000F9B78280938741AA9C43C16617B6FE1FD5
:10B4D000034646E8890701450147FD169145631378
:10B4E000E600828003D807006309D80003C8A700DC
:10B4F0006315B80005051375F50F05071377F70FEA
:10B500009387C703E9BF938741AA944317B6FE1FE9
:10B51000034646E40147910681476310E6028583AE
:10B5200093C7F7FFC207C18305456364E5028547FA
:10B530003395A70042054181828083C5060081C5FD
:10B5400083D5C602CD8F05071377F70F9386C60301
:10B55000E9B793F61700E1FE050585831375F50F2E
:10B56000E9B7797156CAAA8A2E8526D24AD04ECE1C
:10B5700052CC5AC85EC662C406D622D4AE84328B80
:10B58000368CBA8B3E8AC2894689EFF07FC649E184
:10B5900041657D15EFF0DFC52A84554531CC19464C
:10B5A000DE8513056400A30284019750FE1FE78027
:10B5B000201E8357010323119400230264012319E1
:10B5C000F400835741032300540123260402231A65
:10B5D000F400230644012317340123182401EFF05B
:10B5E0009FF22318A402232A04022685232C040296
:10B5F0008145EFF01FB20145B250225492540259D6
:10B60000F249624AD24A424BB24B224C4561828097
:10B610004545DDB7938741AA984397B6FE1F83C679
:10B6200066D381476395F60041657D1582803A8631
:10B630001307C703835547FF6395A50003552600ED
:10B640008280850793F7F70FF1BF938741AA944350
:10B65000416617B8FE1F0348E8CF01477D1695489D
:10B6600011436314E8000145828083D726003685A4
:10B670006380C704CC5A8DCD83C7350083C52500B0
:10B6800089CD938597FD93F5F50FE37FB3FC938701
:10B69000D7FA93F7D70F89EF82809385F7FD93F55B
:10B6A000F50FE3F3B8FC9387D7FA93F7D70FCDDF05
:10B6B00005071377F70F9386C60365B7938741AAEB
:10B6C0004166984397B5FE1F83C5C5C881477D165F
:10B6D00025486394F50001458280835627003A850A
:10B6E000638CC600545B89CA83C636009386E6FD28
:10B6F00093F6F60FE372D8FE850793F7F70F13075B
:10B70000C703C1BF011122CC2A84494506CEEF8070
:10B710004FC215C12AC62285EFF09FAD09CD624404
:10B72000324683550503F24017B5FE1F034535C267
:10B7300005616F608FF2F240624405618280397169
:10B740004ED652D4AE892A8A93053005414526DA71
:10B750004AD856D206DE22DC32C63689BA8A9760CB
:10B76000FE1FE78020DCCD4431C92A8489446382EE
:10B77000090432468145231AC10041469750FE1FF5
:10B78000E78080045686CE8522859750FE1FE7808D
:10B7900020002146630E0902CA8528089750FE1F23
:10B7A000E78000FFA28650082C085285EF30104D2C
:10B7B000AA8422859760FE1FE78020E3F25062543E
:10B7C00026854259D254B259225A925A2161828016
:10B7D000814528089750FE1FE78000FFE1B741111F
:10B7E00022C4405926C206C6AA8429CC085409C5D9
:10B7F0009760FE1FE78060DF285809C59760FE1F2D
:10B80000E780A0DE685809C59760FE1FE780E0DD8D
:10B81000285C09C59760FE1FE78020DD685C09C5CC
:10B820009760FE1FE78060DC0325040809C5976068
:10B83000FE1FE78080DB22859760FE1FE780E0DA4D
:10B8400023AA0402224483D50403B240924417B5CC
:10B85000FE1F0345D5AF41016F60BF81411126C274
:10B8600006C622C4AE84EFF0BF9821C54C592A8485
:10B87000A9C183A8C50703A88507FC59B85983C681
:10B88000650003D6050083C525002685EF808FB2AD
:10B890002285EFF0DFF4EFF07FE201CD2244B240E9
:10B8A000924417B5FE1F034595AA854541016F6077
:10B8B0008FC3B2402244924441018280011122CCC4
:10B8C00006CE2A842EC6EFF0BF925C5991CF83D763
:10B8D0000700B245639A870085476397F500624485
:10B8E000F24005616FF0BFEFF24062440561828073
:10B8F000411106C622C426C2EFF03FD529C14059E6
:10B90000AA8415CC8347240085CB9387C1AA9C4386
:10B9100089C7DC4399C32285829703473400930784
:10B92000F002631EF700224403D52400B240924483
:10B93000814541016FF09FF2938701ABC9BFB240CF
:10B940002244924441018280411126C24AC006C667
:10B9500022C4AA842E89EFF0BF8931C1405945CC59
:10B96000835704006399970A834734001307100232
:10B970006399E70883472400D1C37C540327040854
:10B9800083D7470105E713F717000DC31854035772
:10B990004700058B01CF93072002A301F400B240BA
:10B9A00022449244024905454101828013F7270051
:10B9B00009CB185403574700098B01C7930740026E
:10B9C000E9BF918B89CB1C5483D74700918B81C7EA
:10B9D00093076002D9B79387C1AA9C43E9D3DC439C
:10B9E000DDDF22858297034734009307F00281450B
:10B9F000E317F7FA2685EFF07FE655B7938701AB9B
:10BA0000E9BF1307A0026398E70063040900130964
:10BA10002003CA85C5B7631C09002685EFF04FFDDA
:10BA200019C58347450093E707012302F500A68562
:10BA30004A85EF705FACA5B7797126D29947231D6F
:10BA4000B100AA842E858D4522D406D632C636C4CE
:10BA5000231CF100EFE08F962ACE4D441DC13246E3
:10BA6000A246AA85328582962A8419E52C08268565
:10BA7000EFF0EFA52A8411C572459760FE1FE7809D
:10BA8000C0B62685EFF01FC82285B25022549254CA
:10BA900045618280411122C42E862E8497260000A3
:10BAA00093862692894506C626C24AC02A89EFF0A7
:10BAB000BFF883450400AA844A85EFF03FDAB2401C
:10BAC000224426850249924441018280938701AB3A
:10BAD0009C4395CB9C4385CB1D71A2CC86CE9841CF
:10BAE00010082A843AC8D84185453ACA829701C9C4
:10BAF0002306A100035524006C00EFF0BFF9F640C7
:10BB00006644256182808280AE8715C5785505C759
:10BB1000834607002380D50083461700A380D50005
:10BB2000834627012381D50083468701584BA38193
:10BB3000D500D8C18280414681453E851753FE1FFE
:10BB4000670083C89387C1AA9C4391C703A387005A
:10BB500063030300028309458280138781B1184380
:10BB60001DC75843AA8705450DC703A507084111FE
:10BB700006C6930605021306050C93050506130574
:10BB800005040297B2401375F50F41018280054507
:10BB9000828082804DC9357122CD2A8403550500EB
:10BBA00026CB4AC94EC756C306CF52C55AC1DEDEA0
:10BBB000B68AB2892E89EFF0AFE3AA8439C50C1892
:10BBC0002285EFF07FF483472400138A6400A9CB19
:10BBD000EF70CFEB2A8B014583CB5400EF70CFE899
:10BBE000AA840C100818EF10405F08542C10EF10B6
:10BBF000605FD288268A56C05E88D2875A87141022
:10BC00003010CE854A85EF201019FA406A44DA4494
:10BC10004A49BA492A4A9A4A0A4BF65B0D61828020
:10BC2000EF70CFE6AA8B014503CB5400EF70CFE352
:10BC30002ACE08540C10EF10405A2C100818EF10A0
:10BC4000605AF2484DBF8280C14709CD1455C147A3
:10BC500091CA785501CB83C73600BD4663F4F60020
:10BC6000834787013E858280894763090510638782
:10BC70000510411106C622C426C2834715002E8432
:10BC80002380F50083472500A380F5008347350016
:10BC90002381F50083474500A381F50083475500C4
:10BCA000858B9396870083D7450093F7F7EFD58F61
:10BCB0002392F5008346550093F7F7DFA20693F62B
:10BCC0000620DD8E2392D5000347550093F6F6BF7C
:10BCD000220713770740558F2392E50083475500CD
:10BCE000FD769386F67F8D87858B758FAE07D98F0E
:10BCF0002392F50083466500F99B858ADD8E2392A9
:10BD0000D500034765009377270013F7D6FF5D8FB3
:10BD10002392E5008347650093F647009377B7FFCA
:10BD2000D58F2392F50003476500DD9B4D45218BA0
:10BD3000D98F2392F500EF70DFDFAA845145EF70B1
:10BD40005FDF0347340093F4F40FC947636297023F
:10BD50001375F50F636EE500834604001147E14754
:10BD60006368D7008346140005476363D7008147A3
:10BD7000B240224492443E85410182803E858280C9
:10BD800015C1AA8709458DC141112E85414693856C
:10BD9000170006C69750FE1FE780809FB2400145FE
:10BDA0004101828009458280828089471DC595C5F1
:10BDB000411106C603471500AE8719462380E500EA
:10BDC00093052500138517009750FE1FE780409CC0
:10BDD000B24081473E85410182803E85828015C107
:10BDE000AA8709458DC141112E85414693851700CB
:10BDF00006C69750FE1FE780A099B2400145410159
:10BE0000828009458280828089471DC995C9411178
:10BE100006C60347250083461500AE872207558FC7
:10BE20002390E500214693053500138527009750A0
:10BE3000FE1FE780E095B24081473E854101828048
:10BE40003E85828015C1AA8709458DC141112E8585
:10BE500041469385170006C69750FE1FE780409322
:10BE6000B240014541018280094582808280894734
:10BE700019C991C903471500BD46E14763E5E600CE
:10BE80002380E50081473E85828015C1AA87094548
:10BE90008DC141112E8541469385170006C69750E6
:10BEA000FE1FE780E08EB2400145410182800945D6
:10BEB0008280828015C1AA8709458DC141112E85D6
:10BEC00041469385170006C69750FE1FE780408CB9
:10BED000B2400145410182800945828082801DC1B6
:10BEE000AA87094595C141112E8513060004938543
:10BEF000170006C69750FE1FE7808089B2400145B3
:10BF00004101828009458280828015C1AA87094546
:10BF10008DC141112E8541469385170006C6975065
:10BF2000FE1FE780E086B24001454101828009455D
:10BF3000828082801D71A2CC2A84084586CEA6CA42
:10BF4000230601008344050035479387F4FF93F7E8
:10BF5000F70F636AF70C17770100130727728A0738
:10BF6000BA979C43BA9782870C08EFF0FFCFC94776
:10BF70006312F50299472306F100035524006C0073
:10BF8000EFF05FB1F6406644D644256182800C082C
:10BF9000EFF05FEB29C98347C100E5F303552400A7
:10BFA000EFF04FF6C5B70C08EFF03FEEE5B70C0821
:10BFB000EFF0FFEBC5B70C08EFF09FDCE1BF0C081A
:10BFC000EFF09FE4C1BF0C08EFF07FE1E1B70C0890
:10BFD000EFF0BFDDC1B70C08EFF0DFED65BF8347C1
:10BFE00015002308F10003552400EFF06FA0A147CE
:10BFF00005C10347C500631AF7029387C1AA984396
:10C000009D4719C7184309C71008A6850297AA8734
:10C010002306F10049B70C08EFF07FECA5BF0C0830
:10C02000EFF0BFEE85BF9D47B9B7938701ABC1BFA6
:10C03000011122CC06CE26CA4AC84EC603470500C7
:10C04000930720092A846317F7128347150039479D
:10C050006391E70A83564500096761078147639347
:10C06000E610938981AA03A50900CE84630C050E0E
:10C070000C4403C90500631E0900834705008505BC
:10C080002146A9CB29059740FE1FE78060709C40A0
:10C09000B9CF4945EF503F8F2A840DC5930710FC57
:10C0A0002300F500A30025018C40090541468905C0
:10C0B0009740FE1FE780C06D9C40A28503C5170016
:10C0C000EF505F9788409750FE1FE780005223A4EF
:10C0D00001AA31A809059740FE1FE780606BEF3089
:10C0E000A03905494DF583A709002380270185471D
:10C0F00095A81307E003639DE708034725009547CC
:10C10000631EF70203554500EFF06FAF9147E31050
:10C11000F5FE938701AB9C43F9DB03A38700E3089B
:10C1200003FC0356E4000355440093056400624495
:10C13000F240D2444249B24905610283A147631EDD
:10C14000F70083456400035544006244F240D24442
:10C150004249B24905616FF02FFF93060003814702
:10C16000E301D7FEF2406244D2444249B2493E85DF
:10C17000056182809306000A8147E315D7FEEFF040
:10C180007FDB08442DD59750FE1FE780004685B71A
:10C190008147C9BF011126CA06CE22CC89441DCDD4
:10C1A00095CDAA842E8468008D45EF601FDD8347FE
:10C1B000E1002685228693F7F70393E707046C00D6
:10C1C0002307F100EF202034AA8409E90D466C0012
:10C1D000130534009740FE1FE780805BF240624405
:10C1E0002685D244056182805D714EDE86C6A2C47A
:10C1F000A6C2CAC052DC56DA5AD85ED6894945CDA5
:10C200005DCA138B4500420B135B0B01AE8A2A8A71
:10C21000930530055A85B2849750FE1FE780803021
:10C220002A84CD4949C9EF708F882A895686D285DC
:10C23000935A8900135A0901937BF90F130544009F
:10C2400093FAFA0F137AFA0F135989019740FE1FD8
:10C25000E780E05FA301740123015401A3004401BE
:10C2600023002401EF70EF83AA8541460808974018
:10C27000FE1FE780C05D214734005A86A28508086A
:10C28000EF20004FAA891DE121462C002380740174
:10C29000A380540123814401A38124011385440018
:10C2A0009740FE1FE780A05AEF704F81228597507C
:10C2B000FE1FE7808033B64026444E8596440649EB
:10C2C000F259625AD25A425BB25B616182800111BB
:10C2D0004AC82A892E8506CE22CC26CA2EC6EFE071
:10C2E0003FF171C5405971C4834754000947B245B5
:10C2F00093F6B70F6387E60011471305E00F6392CB
:10C30000E708835704000945639DB706930484003A
:10C310004146CA8526859740FE1FE7806047414613
:10C32000CA85130584019740FE1FE78060460347D6
:10C33000340085469307F7FE93F7F70F63E9F60499
:10C340001306C4033285C14532C6EF601FC33246AF
:10C350009306C402A6852285EFF0DF83834724007D
:10C3600089CB22856244F240D244424905616F1074
:10C37000400E03473400C947E305F7FEA301F4006C
:10C380000145F2406244D2444249056182809307EC
:10C3900010050145E317F7FE83472400FDD32285EE
:10C3A0006244F240D244424905616F1000110945D0
:10C3B000C9BF4945F9B729CD011126CA06CE22CCFD
:10C3C000AA840945A9C10D4628002E848D059740F1
:10C3D000FE1FE780E03B8347A10070002C0093F72D
:10C3E000F70393E7070426852305F100EF20A0114A
:10C3F00019E90D46A28568009740FE1FE78040427C
:10C400007D153335A000F2406244D244056182803C
:10C4100009458280011152C42A8A32854EC656C20D
:10C420005AC006CE22CC26CA4AC82E8BB28AB689FA
:10C43000EFE01FDC09ED8944F24062442685424961
:10C44000D244B249224A924A024B056182805C5929
:10C450002A89C544F5F34D45EF70AFED1374F50F20
:10C460005145EF700FEDE38809FC83C78901E3E4D0
:10C4700087FC1375F50FE360F5FC93053005130594
:10C4800040089750FE1FE780E009232AA9022A846A
:10C49000CD445DD11306400881459740FE1FE780DB
:10C4A000A032A301040023014401230264012310EC
:10C4B00054012326340723240402A30204008144E8
:10C4C000E30C0AF62285EF00D072AA8435D54A859E
:10C4D000EFF0EFB095B7397122DC06DE26DA4AD8E4
:10C4E0004ED652D456D25AD05ECE62CC66CA0944D9
:10C4F000630B061063090710AA8B3A89368BB28A40
:10C500002E8CEFE0FFCE2A8A5144630E050E930570
:10C51000300541459750FE1FE780C000AA894D4471
:10C520007DC18344190083472900A204C207BE9439
:10C5300083470900BE9483473900E207BE948327EE
:10C540008A0263E697007D5709446399E70A630707
:10C550000C0083474A000544898BCDC3930C4B00E4
:10C56000214681450A85C20C9740FE1FE780C02501
:10C5700093DC0C019305300566859750FE1FE7801C
:10C5800060FA2A8C4D443DC95A86D68511059740DC
:10C59000FE1FE780C02B1146CA8562859740FE1FAB
:10C5A000E780E02A414693058A014E859740FE1FA9
:10C5B000E780E02921478A866686E2854E85EF205E
:10C5C000201B2A841DE521468A8528009740FE1FEE
:10C5D000E780E02721469305490028009740FE1F89
:10C5E000E78000248547631EF502A6855E85EF700F
:10C5F0007F8A62859750FE1FE78020FF4E85975007
:10C60000FE1FE78080FE2285F2506254D2544259C8
:10C61000B259225A925A025BF24B624CD24C2161BF
:10C6200082800544F9B779719397050122D406D623
:10C6300026D24AD04ECEC1872E8463D5070417A5D3
:10C64000FE1F0345D5D0EF506FB82AC605C1EFF0E5
:10C650003F9EB24509E917A5FE1F034545CF930745
:10C66000F00F631EF5002E85EF502FAF2165218D51
:10C67000B250225492540259F24945618280EF50DF
:10C680006FBBEDB793F7150091C7EFF06FA6134599
:10C690001400F9BFA1E10145E1BF850493F4F40F53
:10C6A000EFE01FCEE3F9A4FE3395990013190501BD
:10C6B00013590901B3772401EDD34A85EFE09FF5C3
:10C6C000C167FD176305F500DD45EFF02F99334590
:10C6D000240179BF85448549E1B723A401AA23A693
:10C6E00001AA23A801AA97A7FE1F9387A7C417072B
:10C6F00000001307676198C3170700001307A731ED
:10C70000D8C317F7FFFF1307C70398C797A7FE1FE4
:10C71000938707C3171700001307675798C31717A6
:10C7200000001307870ED8C3171700001307C73B75
:10C7300098C7828097A7FE1F83C787C1A18B17A7C1
:10C74000FE1F130727BF91E3014723A6E1AA014576
:10C75000828097A7FE1F83C7A7BF918B17A7FE1FD5
:10C76000130707BE91E3014723A8E1AA0145828090
:10C77000011106CE2AC6EFF05FF63245994597A71C
:10C78000FE1FA386A7BCEFD08FBEF24017F5FFFFB8
:10C790001305051305616FE05FBF1C5581C7A147F5
:10C7A0003E858280011122CC26CA2A84AE841305DC
:10C7B00000049305300506CE9750FE1FE78080D613
:10C7C00008D46305051013060004A6859740FE1FD4
:10C7D000E78000FC78548347270193F68700638E37
:10C7E0000610145483C62600A18A63880610832786
:10C7F0000408E9EF93053005130500109750FE1F5C
:10C80000E78040D22320A4088D4771C1A302040011
:10C81000785483C714008346170081EF81EE83C7E5
:10C820002400918BDDEB83472701918BDDE7854762
:10C8300011A889C62147A302E40099C78347540081
:10C8400093E70701A302F4006C5483C72501858B8D
:10C8500091CF1C54054783C727008D8B6398E70051
:10C860008347640093E717002303F4008327040839
:10C8700099C78347640093E787002303F400834745
:10C88000540005476398E70C9304840041468145B2
:10C8900026859740FE1FE78020F34146814513051A
:10C8A00084019740FE1FE78020F21306C4033285FF
:10C8B000C14532C6EF606FEC832704083246BDC71E
:10C8C0002285EF00903F9307000525CDA147F24058
:10C8D0006244D2443E850561828083C7040083465A
:10C8E000070015473387E70297770100938747DEF4
:10C8F000BA97B69783C70700B1B783C6140091C62D
:10C900008346170099C2E14735BF83C62400D58FFF
:10C91000918B91DF83C70400834607001547338757
:10C92000E702977701009387E7D8D9B72285930666
:10C93000C402A685EFF00FA62285EF00903159F5CD
:10C94000C14703550400A301F4008145EF704FBFB8
:10C950008147B5BF13F7870149C3C18B9304840096
:10C960004146A9CB890526859740FE1FE78040E216
:10C9700041468145130584019740FE1FE780C0E4CE
:10C98000834764001306C403328593E747002303FB
:10C99000F400C14532C6EF604FDE832704083246FB
:10C9A0008DC32285EF0070319307200505F1A301A7
:10C9B000F40079BF814526859740FE1FE780C0E0DF
:10C9C00045BF9306C402A6852285EFF0AF9C228561
:10C9D000EF003028CD4761DDD5BD09478545638827
:10C9E000E70093F7D70F11476397E7008945035591
:10C9F0000400EF70EFB48347640093E7470023031C
:10CA0000F4008327040881C7930710054DB7C54775
:10CA100079BF8347250063820726797122D406D621
:10CA200026D24AD083473500130750052A84639ED7
:10CA3000E706034975001306C503C145935739003E
:10CA4000AA97328583C4870032C6EF600FD39387DD
:10CA500081B19C43A9C79C47B9C3032504089376B9
:10CA60007900B3D6D4403246858A93050504180868
:10CA700093E606081305050882971375F50F05E17F
:10CA800041460C081305C4029740FE1FE78040D0C2
:10CA90002285EF00101C93076005A301F400B2503B
:10CAA0002254925402594561828013071002639503
:10CAB000E7021C550327050883D7470069EB13F7E6
:10CAC000071071C77855035747011377071061C3E3
:10CAD00093077002A301F400834734001307700228
:10CAE000639FE70C3C5885E39305300571459750EB
:10CAF000FE1FE78020A328D819C5714681459740BD
:10CB0000FE1FE78060CC2458B9C883C7A40191E711
:10CB10002285EFF06F93238DA4002858814541466C
:10CB20009740FE1FE78040CA28583D478345A5012E
:10CB30009387F5FF93F7F70F6364F700EF60EFC398
:10CB4000EF50EF873C58A1452398A7001385270194
:10CB5000EF60AFC22C5803550400EF00D04093079C
:10CB6000800203550400A301F400EFE06FE84146A2
:10CB700011C58357E50013D617003E960606854576
:10CB80001795FE1F0345B57CEF502FAD09BF13F776
:10CB9000072011CB7854035747011377072001C7AB
:10CBA0009307900205BF93F707409DD77C5483D726
:10CBB000470193F707408DD39307B00221BF1307B6
:10CBC0008002639BE7023C5889CB83D5070103555C
:10CBD000040013862701EF00903E1C5483D74700C2
:10CBE00013F707202DC37854035747011377072005
:10CBF00039CB93079002B5B713079002639CE70007
:10CC0000EF606FE9AA8503550400EF00503A9307DF
:10CC1000A00281BF1307A0026393E704EF600FE750
:10CC2000AA85854701456384F500814505452EC6E3
:10CC3000EF608FE32A86B24503550400EF00B0335E
:10CC40001C5483D7470093F707408DC77C5483D784
:10CC5000470193F7074099CF9307B00219B713071D
:10CC6000B0026399E700EF60CFE3AA8503550400A3
:10CC7000EF0070389307F0020DB58280411122C495
:10CC8000405926C206C67C54AA8483D7470113F7AD
:10CC9000071019C7185403574700137707101DE3EF
:10CCA00013F7072019C718540357470013770720B5
:10CCB00011EB93F707408DCF1C5483D7470093F7B0
:10CCC00007409DC793071002A301F4002285EFF0EF
:10CCD0005FD4034734009307F0026310F702224445
:10CCE00003D52400B2409244814541016FE01FB753
:10CCF0009307F002A301F400DDB7B240224492444E
:10CD000041018280397122DC405926DA4AD84ED658
:10CD100006DEAA89AE8432896300043E03552500ED
:10CD2000835704006384A700A14429A083472400FB
:10CD300091EB9D44F250625426854259D254B25927
:10CD4000216182809387E5FF93F7F70F2D47E36218
:10CD5000F7FE17770100130767998A07BA979C4374
:10CD6000BA978287B2852285EFF03FA3AA84D9B70C
:10CD70004146CA851305C4049740FE1FE78040A1C1
:10CD800022851127AA8411C1A144834734001307C7
:10CD900040056397E70093079005A301F40059BF8E
:10CDA000130760056395E7009307A005FDB7D1471A
:10CDB000EDB79309C4054E854146CA859740FE1FCD
:10CDC000E780009D032504084DC9834734001307FD
:10CDD00090056399E700228589279307E005A30161
:10CDE000F40051A81307A0056393E7088347740074
:10CDF00013D737002297834687009D8BB3D6F64022
:10CE0000938781B19C43858A93E606F893F6F60FE3
:10CE100081DF9C4791DB9305050818084E861305B2
:10CE2000050482979374F50FE39004F041460C08D3
:10CE30001305C4049740FE1FE780809E834774005B
:10CE40004D47850793F7F70FA303F4006377F700C7
:10CE50002285E1259307E00589B785451795FE1FD3
:10CE60000345F54EEF403FE8930750053DB71307E4
:10CE7000C005E382E7F6814475BD130984004E8640
:10CE8000CA8522851408EFE0FFD041469305C4040B
:10CE900008089740FE1FE780A098E30D05E88A8602
:10CEA0001306C403CE854A85EF10300315E12285B1
:10CEB000EFE09FD99797FE1F9387C7472A879C4724
:10CEC00003550400814601468A858297AA8411C1D0
:10CED000A14493072002D1B583450600EFE01F98D7
:10CEE00059BF0347340093072002E314F7E47C584A
:10CEF00089EB9305300571459740FE1FE7808062FE
:10CF000068D86858E30705E24146CA859740FE1F86
:10CF1000E780008864582285EFE01FD3238DA400AA
:10CF2000930730026DBD0347340093073002E312CC
:10CF3000F7E0835706006858214693052900231817
:10CF4000F50049059740FE1FE78080847C5483D715
:10CF5000470113F7270035CB185403574700098BB7
:10CF60002DC793074002A5BD034734009307400235
:10CF7000E311F7DC3C5C81EB85455D459740FE1F86
:10CF8000E780405A28DC285CE30705EE8347090068
:10CF90004146CA85230BF5009730FE1FE780407F8E
:10CFA000930750022DBD0347340093075002E3124C
:10CFB000F7D8285C19469305190041059730FE1FE4
:10CFC000E780007D7C5483D74701918B9DCF1C5413
:10CFD00083D74700918B95CB9307600209B57C5CA2
:10CFE00089EB9305300551459740FE1FE78080533C
:10CFF00068DC685CE30A05D24146CA859730FE1FAB
:10D00000E78000797C5C7D5798CB4E85EFF01FC799
:10D010009DB50325040813060004CA8513050504FD
:10D020009730FE1FE780C0762285EFE01FB383476D
:10D030003400130700056395E7009307400545B3E7
:10D0400013071005639CE70085451795FE1F0345F0
:10D050001530EF405FC99307500551B31307200502
:10D06000E39BE7E0938781B19C43E38F07CA9C472A
:10D07000E38C07CA83250408930484001808938569
:10D080000508814626862E858297035504001008E0
:10D09000A685EF60DFD39307B00591B30347340053
:10D0A0009307E005E317F7C88325040841464A853E
:10D0B0009730FE1FE780C076AD44E30D05C603251B
:10D0C00004084146CA859730FE1FE780606C2285C0
:10D0D000EFE09FB79797FE1F9387C7252A879C4746
:10D0E0002C5803550400814601468297AA8411C139
:10D0F000A1449307100255B1AD47E39EF5D6834690
:10D100000600835525001306650003450500EF6002
:10D110002FCF95B3894761C2DDCD2300A60083C719
:10D120000500A300F60083C715002301F60083C79E
:10D130002500A301F60083C73500A30206002302E1
:10D14000F60083D74500A183858BA302F60003D7A1
:10D1500045001377072009C793E72700A302F600CD
:10D1600083D7450093F7074099C78347560093E755
:10D170004700A302F60083D7450013974701635881
:10D1800007008347560093E78700A302F6002303B6
:10D19000060083C74500858B2303F60003D74500AF
:10D1A000098B09C793E727002303F60083D74500BF
:10D1B000918B99C78347660093E747002303F600E6
:10D1C00003D745008147218B19C7034766001367C2
:10D1D00087002303E6003E8582802E86AA850545CA
:10D1E0006FF05FF32E86AA8509456FF0BFF289477D
:10D1F0008DC505C5411106C6AE870D47AA8523809A
:10D20000E7001385170041469730FE1FE78040581E
:10D21000B24081473E85410182803E8582808947B8
:10D220008DC505C5411106C6AE871147AA85238065
:10D23000E7001385170041469730FE1FE7804055F1
:10D24000B24081473E85410182803E858280894788
:10D250008DC505C5411106C6AE871947AA8523802D
:10D26000E7001385170041469730FE1FE7804052C4
:10D27000B24081473E85410182803E858280894758
:10D280009DCD15CD411106C61D472380E5000357EE
:10D290000500AE872146A380E500035705002183E2
:10D2A0002381E50093052500138537009730FE1F85
:10D2B000E780004EB24081473E85410182803E8535
:10D2C000828089478DC505C5411106C6AE872147B5
:10D2D000AA852380E7001385170041469730FE1F7B
:10D2E000E780004BB24081473E85410182803E8508
:10D2F0008280894795C90DC9411106C625472380FB
:10D30000E50003470500AE871946A380E5009305B5
:10D310001500138527009730FE1FE7806047B24055
:10D3200081473E85410182803E85828089478DC547
:10D3300005C5411106C6AE872947AA852380E700A7
:10D340001385170041469730FE1FE7806044B240C6
:10D3500081473E85410182803E858280894795C50F
:10D360000DC5411106C6AE873147AA852380E70067
:10D3700013851700130600049730FE1FE780404115
:10D38000B24081473E85410182803E858280894747
:10D390008DC505C5411106C6AE873547AA852380D0
:10D3A000E7001385170041469730FE1FE780403E97
:10D3B000B24081473E85410182803E858280894717
:10D3C00091C909C995472380F50083470500A380CB
:10D3D000F50081473E858280894791C909C9AD47DB
:10D3E0002380F50083470500A380F50081473E8533
:10D3F000828015C55D718A8586C6A2C42A84EFE045
:10D40000AFF0035504000A8697060000938626DDD8
:10D410009D45EFE06FE2B64026446161828005459C
:10D42000828015C55D718A8586C6A2C42A84EFE014
:10D43000AFED035504000A86970600009386C6DA0E
:10D440009D45EFE06FDFB64026446161828005456F
:10D4500082805D71A2C49305C5022A8441460A8573
:10D4600086C69730FE1FE780A032035504000A8667
:10D47000970600009386E6D7C545EFE0EFDBB640A0
:10D480002644616182805D71A2C49305C5032A842C
:10D4900041460A8586C69730FE1FE780602F0355F8
:10D4A00004000A86970600009386A6D7C545EFE0DC
:10D4B000AFD8B640264461618280938781B19C4396
:10D4C000B1CB9C435D71A2C486C62A841305E00FCC
:10D4D00095CF032504089305050C130505088297CD
:10D4E00083250408130600040A85938505089730F0
:10D4F000FE1FE780E029035504009706000093868D
:10D5000026E60A8693051004EFE00FD3B6402644C2
:10D51000616182801305E00F8280317122DD2A84EF
:10D520000355050026DB06DF4AD94ED752D556D320
:10D530005AD15ECF62CDEFD0BFCB3C58AA8489EBE5
:10D540009305300571459740FE1FE780A0FD28D860
:10D550002858CD470DC9714681459730FE1FE78099
:10D56000A026032904072285EFE00FEE230DA90072
:10D5700083472400138981B1638A07128327090036
:10D5800085E39307E00FFA506A54DA544A59BA59BE
:10D590002A5A9A5A0A5BFA4B6A4C3E852961828064
:10D5A00083AB0701E38F0BFC032B0408EF501FCE66
:10D5B0002A8C0145EF505FCB83C754003858130BBA
:10D5C0000B029309C403130AC405938A64003AC08A
:10D5D000B337F0002A87930801045688B3368001D8
:10D5E0005286CE855A85829B1C5403C72700230789
:10D5F000E10203C71700A306E10283C70700230661
:10D60000F10283270900B5DF03AB4701E30B0BF6FB
:10D6100083C75400B337F0003ECEEF503FC7AA8B0C
:10D620000145EF507FC403270408F2472AC03AC2DD
:10D63000B338700156887810930684004E86D285E0
:10D640008800029B7C5403C727012305E10203C71E
:10D650001700A304E10283C707002304F102832714
:10D66000090003A94701EF507FC22A8B0145EF5003
:10D67000BFBF83C854009C082A883EC2B33810013B
:10D68000B33760013810930684015286CE8556C0A8
:10D69000880002990355040097060000938666CF20
:10D6A0009008C545EFE04FB9AA87F1BD83C6540085
:10D6B00083270900032B0408B336D00083AB07018E
:10D6C00036CEEF50BFBC2A8C0145EF50FFB93C5815
:10D6D000F246130B0B02130AC4059309C403938A81
:10D6E00064002A88930801044E86D2853EC056877E
:10D6F000B33780015A85829B1C54130B010303C767
:10D7000027002307E10203C71700A306E10283C72E
:10D7100007002306F1028327090083AB470183C773
:10D720005400B337F0003ECEEF505FB62A8C01456F
:10D73000EF509FB3F2472AC0B33880015688781063
:10D74000930684004E86D2855AC28800829B832528
:10D75000040841465A859730FE1FE780600CAD47AC
:10D76000E31205EE0DB52E8697060000938666AE91
:10D77000C5456FE06FAC5D71B287A2C42300B100F4
:10D780002A84BE8513051100194686C69730FE1FF0
:10D79000E78000000A862285970600009386A6B5DA
:10D7A000A145EFE06FA9B6402644616182802E86D4
:10D7B00097060000938626B1C5456FE0EFA75D711F
:10D7C000B287A2C42310B1002A84BE8513052100AC
:10D7D000214686C69730FE1FE78080FB0A86228599
:10D7E000970600009386E6A9AD45EFE0EFA4B640AA
:10D7F0002644616182802E8697060000938646B398
:10D80000C5456FE06FA3797122D406D626D283472F
:10D810003500130730052A846383E7081307500592
:10D820006395E7089307A005A301F50083477500FA
:10D83000C14513D737002A97834687009D8B130570
:10D84000C503B3D6F640858A93E606F893F6F60F3D
:10D8500036C6EF508FF2B246938781B19C439DCB81
:10D860009C478DCB0325040818081306C4039305B1
:10D8700005041305050882971375F50F01ED1305CF
:10D88000C40241460C089730FE1FE78060F02285F5
:10D89000EFF03FBCB250225492544561828093070E
:10D8A0009005A301F500814645BF1307100263965A
:10D8B000E7027C550327050883D747016314070E49
:10D8C00013F717006300070E185503574700058B21
:10D8D00071CB93072002A301F400834734001307A0
:10D8E0002002639BE70E3C5889EB93053005714598
:10D8F0009740FE1FE78000C328D82458BDCC22855E
:10D90000EFE08FB4238DA40028588145414697301D
:10D91000FE1FE78060EB28583D478345A5019387AC
:10D92000F5FF93F7F70F636BF70283C701B0D5C319
:10D930004146814508089730FE1FE780E0E8194618
:10D940009795FE1F9385859408089730FE1FE78002
:10D9500020E430580C082E85EF40A002EF402FA69F
:10D960003C58A1452398A70013852701EF50EFE00D
:10D970002C5803550400EFF01FDF930730020355C6
:10D980000400A301F400EFD0BF86414619C103563D
:10D99000E500060685451795FE1F0345559BEF409C
:10D9A000CFCBCDBD13F7270009CB18540357470041
:10D9B000098B01C79307400239BF918BE38F07F0B2
:10D9C0001C5483D74700918BE38907F093076002CB
:10D9D00019B7EF508FDA59B713073002639AE7028D
:10D9E0003C5889CB83D507010355040013862701D2
:10D9F000EFF0FFDC7C5483D7470113F7270021CFDA
:10DA0000185403574700098B39C79307400285BF55
:10DA100013074002639CE700EF50FF87AA85035578
:10DA20000400EFF0DFD89307500291BF13075002B4
:10DA30006390E704EF509F850DE9814505452EC6AB
:10DA4000EF509F822A86B24503550400EFF0BFD203
:10DA50007C5483D74701918B9DC71C5483D74700C3
:10DA6000918B95C39307600219BF85450145C1BFDE
:10DA7000130760026399E700EF50BF82AA85035540
:10DA80000400EFF05FD77C540327040883D74701D5
:10DA900019EF13F7071001CF1854035747001377F6
:10DAA000071011C793077002A301F400E5B313F741
:10DAB000072011CB1854035747001377072001C7DD
:10DAC00093079002D5B793F7074091CB1C5483D7A7
:10DAD000470093F7074081C79307B002F1B7930758
:10DAE000F002D9B7397122DC26DA4ED652D406DEDE
:10DAF0004AD8AE89328AAA84EFD08FEF4059414686
:10DB000081450A859730FE1FE78000CC25C8035960
:10DB10000400631599060347340093071002631F3E
:10DB2000F7028327040899CF2C58A9C94A85EF101A
:10DB3000F0150545F2506254D2544259B259225A56
:10DB4000216182808A861306C4059305C4031305E8
:10DB50008400EF0090381DE18A85C9BF2C5899CD0B
:10DB600083D70501639C47012146C9054E8597303F
:10DB7000FE1FE780E0CA19C12C584DBF2685EFD0A3
:10DB80002FE72A8405455DD44C54B9C583D70501D8
:10DB9000639447052146C9054E859730FE1FE780EF
:10DBA00020C88547631AF50283C7F18591C74C5495
:10DBB00083C7B5016396A70CBD452685EF10D00736
:10DBC0009787FE1F938787599C5B0145A5D71D4505
:10DBD000894582970145B9BF938731AF03C70700D5
:10DBE0009789FE1F938989573E89058B15CF034777
:10DBF000540083C7C1AE6319F70219469385D1AEAD
:10DC0000130564009730FE1FE78080C18547631DC0
:10DC1000F50083A7090381C791451D458297BD453E
:10DC20002685EF10700131B703C701B083A7090340
:10DC300031CB03470900098B09CB81C795451D45A9
:10DC400082972685EF10D004EDB581C78D451D451F
:10DC500082974146814508089730FE1FE780C0B68D
:10DC600019469785FE1F9385656208089730FE1F49
:10DC7000E78000B20C082E850A86EF3090508A8526
:10DC8000268575B58545C5FF6DBF797122D440598C
:10DC90004AD04ECE52CC06D626D2AA892E8A3289B6
:10DCA000630C046A0355250083570400638CA700A6
:10DCB000A144B2502254268502599254F249624A34
:10DCC000456182808344240099C09D44DDB79387D9
:10DCD000F5FF93F7F70F3147E369F7FE1767010088
:10DCE0001307C7A38A07BA979C43BA9782871C5425
:10DCF000E1F393053005130500049740FE1FE7800C
:10DD0000608208D455D503470900914763F4E700C2
:10DD10008D4445B7034719008547E3EBE7FE13063B
:10DD20000004CA859730FE1FE78080A60C5470540B
:10DD3000A3020400D4415C4A858AFD8E83574601C4
:10DD4000F99BD58F231AF600D841544AF59B0583D9
:10DD5000058B8582F98E8606DD8E231AD600DC417E
:10DD6000584AED9A8983858B09837D8F0A07558FE1
:10DD7000231AE600D4415C4A5D9B8D82858A8D839F
:10DD8000F58F8E07D98F231AF600D841544A93F79E
:10DD9000F7EF2183058BA182F98EA206DD8E231A6F
:10DDA000D600DC41584AA583858B25837D8F931748
:10DDB000970013F7F6DF5D8F231AE600D4415C4A23
:10DDC000A982858AA983F58F9396A7009377F7BFD9
:10DDD000D58F231AF600D441584AAD82858A2D8307
:10DDE000758FFD769386F67F2E07F58FD98F231AD0
:10DDF000F6008347260103250408A18B63870710DB
:10DE000083C72500A18B63820710E31305EA9305FE
:10DE10003005130500109730FE1FE780A070232007
:10DE2000A408E30705EE7C54A3020400034719008D
:10DE300083C6170089EA45C38347540093E7070167
:10DE4000A302F40029A0A147A302F40075F72285DC
:10DE5000EFF02FDD6C5483C72501858B81CF1C54D7
:10DE600083C727008D8B99C78347640093E717000A
:10DE70002303F4008327040899C78347640093E7CA
:10DE800087002303F4008347540005476393E70C9E
:10DE900041468145130584009730FE1FE780C092FC
:10DEA00041468145130584019730FE1FE780C091EC
:10DEB000C1451305C403EF504F8C03270408930793
:10DEC000000511E3C14703550400A301F400814597
:10DED000EF501FE7F9BB03C72701118B19E7034771
:10DEE0002900118B19E38547A1BF83C7070083462B
:10DEF000090015473387E702975701009387477D4D
:10DF0000BA97B69783C7070025BF19C59730FE1F7C
:10DF1000E780A06D232004087C5403C7170011C7B5
:10DF20000347190019C3E14721BF03C72701118B1C
:10DF300009E703472900118B5DD783C70700154701
:10DF4000834609003387E702975701009387877656
:10DF500045BF13F7870131CFC18B130584004146BC
:10DF6000A9C389059730FE1FE7808082414681451D
:10DF7000130584019730FE1FE78000858347640006
:10DF8000C1451305C40393E747002303F400EF40A2
:10DF9000DFFE8327040881CF93072005A301F40047
:10DFA00009BB81459730FE1FE7800082C1B7CD478E
:10DFB000F5B7094789456386E70011476398E7008D
:10DFC000854503550400EF50BFD721A01947E389C9
:10DFD000E7FE8347640093E747002303F4008327A9
:10DFE000040881C79307100555BFC54745BF414683
:10DFF000CA851305C4049720FE1FE7806079834714
:10E00000340013076005639CE70085451785FE1FF4
:10E010000345F533EF303FCD9307500541B74547F2
:10E020006383E7029306C4021306C40393058400C6
:10E030002285EFD03FB62285EFF0AFC1AA8411C18F
:10E04000A144D147A1BFC94791BF9309C4054E85DB
:10E050004146CA859720FE1FE78080730325040888
:10E0600071C983473400130790056398E700228540
:10E07000EFF06FC19307E00515B71307A005639D87
:10E08000E706938781B19C43E38107C403A8870017
:10E09000E30D08C283477400930505084E8613D725
:10E0A00037002297834687009D8B0A87B3D6F640B8
:10E0B000858A93E6060813050504029841468A8579
:10E0C0001305C4049720FE1FE780807511E1D284F8
:10E0D0002285EFF04FBB83477400CD461307E00560
:10E0E000850793F7F70FA303F40063E4F600130723
:10E0F0006005A301E40075BE1307C005E39BE7BA02
:10E10000938781B19C43E38207BC9C47E38F07BAA6
:10E1100093050508130984000A8781464A862E85DF
:10E120008297035504000A86CA85EF505FCA930799
:10E13000B005ADB58A864E86930584002285EFD062
:10E140007FA541469305C4040A859720FE1FE780FA
:10E15000206D8547D284E31EF5B42285EFF0AFB27F
:10E16000AA84E31705B4930710020DBD03473400DA
:10E1700093077002E31BF7B47C5889EB93053005D5
:10E1800071459730FE1FE780E03968D86858E30E84
:10E1900005B2CA8541469720FE1FE780605F0329CC
:10E1A00044072285EFD05FAA230DA90093078002C0
:10E1B000F5B30347340093078002E318F7B08357A1
:10E1C000060068582146930529002318F5004905E3
:10E1D0009720FE1FE780C05B7C5483D7470113F76D
:10E1E000072025CF1854035747001377072035C75A
:10E1F0009307900265B30347340093079002E31638
:10E20000F7AC3C5C89EB930530055D459730FE1F0C
:10E21000E780403128DC285CE30905AA4146CA852D
:10E220009720FE1FE780C0569307A00285BB0347D7
:10E2300034009307A002E31AF7A883470600285C7E
:10E24000194693051900230BF50041059720FE1F81
:10E25000E78000547C5483D7470193F70740B1C748
:10E260001C5483D7470093F70740A1C39307B0021C
:10E2700035B3034734009307B002E318F7A47C5C7E
:10E2800089EB9305300551459730FE1FE7808029C3
:10E2900068DC685CE30E05A04146CA859720FE1F36
:10E2A000E780004F7C5C7D5798CB03D529008145E2
:10E2B000EFD0CFDAFDBA034734009307F004E3F957
:10E2C000E79E03250408E305059E13060004CA859E
:10E2D000130505049720FE1FE780804B2285EFF091
:10E2E000CF9DAA842285EFD05F8783473400130730
:10E2F0000005639FE70003D6E90085451785FE1FEB
:10E300000345F5040606EF305FB59307300579B194
:10E31000130710056395E7009307600541B11307E4
:10E320002005E398E7989307C0058DB903473400AB
:10E330009307E005E31EF796032504084146CA85C6
:10E340009720FE1FE780C0442285EFF00F9DAA842E
:10E3500019BD83450600A9BF85478144E39BF59419
:10E3600003284600834736000347260083461600ED
:10E3700083552500034606000145EF500F9F15BA4F
:10E380008147C1463307F500B388F500034707000E
:10E3900083C808003308F6008507334717012300B8
:10E3A000E800E391D7FE82800147BD471308F00FD4
:10E3B0003306F50083460600B388F500FD17860690
:10E3C000558F2380E8000347060093F7F70F1D835E
:10E3D000E39007FF82808147930800F8414893F655
:10E3E000F70F3387F50063FCC600B306F50083C65C
:10E3F00006002300D7008507E39307FF828063951B
:10E40000C60023001701C5BF23000700EDB70111A7
:10E410004AC856C22E89AA8A93053005414506CEC0
:10E4200022CC26CA4EC652C4328A9730FE1FE780DD
:10E43000600FAA849305300541459730FE1FE780A1
:10E44000600E2A84CD49A5C431CD4146814597202F
:10E45000FE1FE78060372686A2855685EF30605222
:10E46000AA8929E18387040063D30706A28526854C
:10E47000EFF09FF34A86975501009385652D22851D
:10E48000EFF01FF08307090063D80704A2854A85CF
:10E49000EFF09FF15286975501009385652B2285F9
:10E4A000EFF01FEE26859730FE1FE780001411C4A1
:10E4B00022859730FE1FE7804013F24062444E856C
:10E4C000D2444249B249224A924A05618280CA85B1
:10E4D0002685EFF07FED7DB7D2854A85EFF0DFEC42
:10E4E000D1B781474146B306F5003387F5000347AE
:10E4F000070003C806008507334707012380E600AD
:10E50000E393C7FE8280011126CA4EC6AE84AA8953
:10E5100093053005130500034AC806CE22CC328984
:10E520009730FE1FE78000002DC5130600038145CC
:10E530002A849720FE1FE78020294146CE85228528
:10E540009720FE1FE780A030A6850D461305D40155
:10E550009720FE1FE780A02F1306040293050401F5
:10E560002285EF300042AA840D469305D4024A85E5
:10E570009720FE1FE780A02D22859730FE1FE780A1
:10E58000C006F240624426854249D244B249056140
:10E590008280CD44FDB75D714EDE62D4AE892A8C97
:10E5A0009305300513050003A6C2CAC052DC56DA33
:10E5B0005AD85ED686C6A2C4B28B368BBA84BE8ABF
:10E5C0004289468A9730FE1FE780C0F56305051033
:10E5D0001306000381452A849720FE1FE780C01E92
:10E5E0004146E28522859720FE1FE780402641466E
:10E5F00081450A859720FE1FE780001D1D46DE85A8
:10E600000A859720FE1FE78080241D46DA851305C2
:10E6100071009720FE1FE780802333392001B33437
:10E62000900041468145080823072101A307910076
:10E630009720FE1FE78040191946D6854808972085
:10E64000FE1FE780C0201946D2851305A10197203F
:10E65000FE1FE780C01F930404014146CE85268536
:10E660009720FE1FE780A01E8A852685EFF07FE7B2
:10E67000930904024E86A6852285EF3080302A89D0
:10E680000DE94146CE8526859720FE1FE780401084
:10E690000C082685EFF0FFE44E86A6852285EF3034
:10E6A000402E2A8946454146CE859720FE1FE780A9
:10E6B000001A22859730FE1FE78020F3B6402644DB
:10E6C0004A8596440649F259625AD25A425BB25B75
:10E6D000225C616182804D49D5B7011126CA52C4BE
:10E6E000AA842E8A13050003930530054AC84EC636
:10E6F00006CE22CC3289B6899730FE1FE78080E2B1
:10E7000035C52A84A68541469720FE1FE780201440
:10E71000930404012146D28526859720FE1FE780B9
:10E720000013CA852146130584019720FE1FE78048
:10E73000001213090402A6854A862285EF30602460
:10E74000AA844146CA854E859720FE1FE780201087
:10E7500022859730FE1FE78040E9F240624426851B
:10E760004249D244B249224A05618280CD44F5B77C
:10E7700039715AD05ECE2A8BAE8B41459305300558
:10E7800006DE26DA52D456D262CC66CA6AC8368C05
:10E79000328DBA8C22DC4AD84ED69730FE1FE780E5
:10E7A00060D8AA8A9305300541459730FE1FE7805F
:10E7B00060D72A8ACD44638E0A0859C52A86D68531
:10E7C0005A85EFF0DFC4AA8441E193053005414545
:10E7D0009730FE1FE78000D52A8993053005414513
:10E7E0009730FE1FE78000D4AA89630A090E6306EA
:10E7F000050E1304FD0011841376FD0049C07D143D
:10E800004204418035EE131544004E86D6855E9550
:10E81000EFF01FB7414681454A859720FE1FE780EC
:10E82000A0FA014D93170D01C18363F48708BDC0A1
:10E830004A859730FE1FE78040DB638709004E85DD
:10E840009730FE1FE78060DA56859730FE1FE7801D
:10E85000C0D963070A0052859730FE1FE780E0D8D1
:10E86000F250625426854259D254B259225A925AD1
:10E87000025BF24B624CD24C424D216182800144DA
:10E88000131544008A855E95EFF0FFB44E86D2855D
:10E890000A85BDBF93154D000A86DE954A85EFF0C7
:10E8A0003FAE4A868A855A85EF30A00DAA84050DB1
:10E8B00095BFBDFC0A86CE854A85EFF07FAC4A86BF
:10E8C0008A855A85EF30E00BAA846686CA85628500
:10E8D0009720FE1FE780C0EBA1BFCD4491BFCD4480
:10E8E000A9BF397162CC2A8C594526DA4AD84ED64E
:10E8F00052D456D25AD05ECE06DE22DCAE8B328B9C
:10E90000B68A3AC63E8AC289468983440104EF30FA
:10E910008F8749C19167938717E92310F5008547D1
:10E920002301F5002A8432472105630C0C04930768
:10E930001003A301F400194681459720FE1FE780CC
:10E94000A0E823036401A3035401230A94002312C3
:10E950007401231744012318340123192401A285CB
:10E960006254F250D2544259B259225A925A025B1E
:10E97000F24B624C1785FE1F0345459D21616F30A8
:10E980006F8BA30104001946BA859720FE1FE7800C
:10E9900020E045BFF2506254D2544259B259225A33
:10E9A000925A025BF24B624C21618280011122CCAF
:10E9B0002A84314506CE2EC632C436C23AC0EF2074
:10E9C0009FFC29C19167938717E92310F5008D47B4
:10E9D0002301F500A3018500B24522469246024775
:10E9E0006244F2402312B5002313C5002314D5005E
:10E9F0002315E500AA851785FE1F034525950561AA
:10EA00006F304F83F24062440561828001114AC831
:10EA10002A89394526CA06CE22CC2EC6B284EF20DA
:10EA20009FF631C1B2459167938727E92310F5001E
:10EA30009147A30125012312B5002A842301F50083
:10EA4000A685190521469720FE1FE78060D4A28580
:10EA50006244F240D24442491785FE1F0345058FA8
:10EA600005616F203FFDF2406244D2444249056196
:10EA7000828001114AC82A89414526CA06CE22CC85
:10EA80002EC6B284EF203FF029C19167B24593872B
:10EA900027E92310F50095472A8423122501230135
:10EAA000F500214619059720FE1FE78060CEA2855C
:10EAB000231794006244F240D24442491785FE1F56
:10EAC0000345F58805616F20FFF6F2406244D244A9
:10EAD000424905618280011122CC2A84394506CE43
:10EAE0002EC632C436C23AC0EF20FFE929C1916771
:10EAF000938717E92310F50099472301F500B245E4
:10EB0000224692460247231285006244F2402313B4
:10EB1000B5002314C5002315D5002316E500AA85EA
:10EB20001785FE1F0345858205616F20BFF0F24007
:10EB3000624405618280797122D406D62A842EC669
:10EB400032C436C23AC0EFC0AFEA1DC1B245224658
:10EB500092460247231CB100231DC1002C08130656
:10EB6000F00F2285231ED100231FE100EFC0EFD755
:10EB7000B250225445618280011122CC2A84394549
:10EB800006CE2EC632C436C23AC0EF20DFDF29C11E
:10EB90009167938717E92310F5009D472301F5003E
:10EBA000B245224692460247231285006244F24053
:10EBB0002313B5002314C5002315D5002316E50043
:10EBC000AA851775FE1F0345657805616F209FE6CE
:10EBD000F2406244056182805D712AC613052002FD
:10EBE000CAC04EDE52DC56DA5AD85ED662D466D23D
:10EBF0006AD086C6A2C4A6C26ECE2E8CB28B368BCD
:10EC00003AC43E8DC28CC68A035A01058359410518
:10EC100003498105EF203FD769C59166324393864A
:10EC200016E9A9472A842310D5002301F500930D86
:10EC3000E4002105930444012247630D0306930772
:10EC40001003A301F400194681459720FE1FE780B9
:10EC5000A0B7194681456E859720FE1FE780C0B694
:10EC60001946814526859720FE1FE780E0B52303DE
:10EC70007401A30364012300240323128401231DD0
:10EC80005401231E4401231F3401A2852644B640AB
:10EC900096440649F259625AD25A425BB25B225CF0
:10ECA000925C025DF24D1775FE1F0345256A616196
:10ECB0006F205FD8BA85A301040019469720FE1F74
:10ECC000E78000ADEA856E8519469720FE1FE78034
:10ECD00020AC1946E68526859720FE1FE78040ABCD
:10ECE00079B7B640264496440649F259625AD25A38
:10ECF000425BB25B225C925C025DF24D616182809C
:10ED0000011122CC2A84214506CE2EC632C436C239
:10ED1000EF207FC715CD224692469167938717E96A
:10ED20002310F500B1472301F500A3018500B2458A
:10ED30002303C500A303D5006244F2402312B500AB
:10ED4000AA851775FE1F0345656005616F209FCE7C
:10ED5000F240624405618280411126C2AA84514575
:10ED600006C622C4EF203FC249C19167938717E9C5
:10ED70002310F500B9472301F50083C714002A8446
:10ED800093856400A301F50083C7340003C7240002
:10ED90002105A207D98F231EF5FE83C7440019461B
:10EDA000230FF5FE83C75400A30FF5FE9720FE1F27
:10EDB000E780009E83C7C400A2851775FE1F034528
:10EDC000E5582307F40083C7E40003C7D400A20773
:10EDD000D98F2318F40083C7F4002309F4002244D8
:10EDE000B240924441016F20FFC4B2402244924499
:10EDF00041018280411122C42A84194506C6EF20B0
:10EE00009FB80DC59167938717E92310F500C14797
:10EE10002301F500231285002244B240AA8517750C
:10EE2000FE1F0345A55241016F20DFC0B2402244BE
:10EE30004101828041110D4506C6EF20DFB40DC5AA
:10EE4000930710F92300F5009307E003A300F500F2
:10EE5000C5472301F500B240AA851775FE1F03457B
:10EE6000E54E41016F201FBDB2404101828001117A
:10EE700022CC2A84294506CE2EC632C436C2EF20C3
:10EE80009FB015CDB24592469167938717E923103D
:10EE9000F500C9472302B5002301F500A301850051
:10EEA0002304D50022466244F2402313C500AA85FC
:10EEB0001775FE1F0345854905616F20BFB7F240F6
:10EEC00062440561828001114AC82A892D4526CAFB
:10EED00006CE22CC2EC6B284EF20FFAA29C5B245A9
:10EEE000930710F92300F5009307E003A300F50052
:10EEF000CD47A30125012302B5002A842301F50093
:10EF0000A685150519469720FE1FE7806088A28513
:10EF10006244F240D24442491775FE1F034505433F
:10EF200005616F203FB1F2406244D244424905611D
:10EF30008280011122CC2A84214506CE2EC6EF20E4
:10EF40009FA405C9B2459167938717E92310F5007F
:10EF5000D1472303B5002301F50023128500624445
:10EF6000F240AA851775FE1F0345453E05616F20D7
:10EF70007FACF240624405618280011122CC2A8478
:10EF8000214506CE2EC632C4EF20FF9F1DC5224666
:10EF9000930710592310F50023018500B245230380
:10EFA000C5006244F2402312B500AA851775FE1F02
:10EFB0000345C53905616F20FFA7F2406244056132
:10EFC0008280011122CC2A84214506CE2EC632C46D
:10EFD000EF207F9B1DC922469167938727E9231065
:10EFE000F500A1472301F500B24523038500A303E3
:10EFF000C5006244F2402312B500AA851775FE1FB2
:10F000000345F53405616F20FFA2F24062440561BB
:10F010008280011122CC2A84314506CE2EC632C40C
:10F0200036C23AC0EF203F9615CD224685679387BA
:10F0300017C92310F50023018500B2452303C5003D
:10F04000924602476244F2402312B5002314D500D1
:10F050002315E500AA851775FE1F0345252F0561B9
:10F060006F205F9DF240624405618280011126CAD3
:10F07000AE844AC82A891385C40006CE22CC32C683
:10F08000EF207F901DCD8567B245938717E9230157
:10F090009500231225012A842310F500310508C4A8
:10F0A00026869710FE1FE780A06EA2856244F2407C
:10F0B000D24442491775FE1F0345452905616F205B
:10F0C0007F97F2406244D244424905618280011137
:10F0D00022CC2A84194506CE2EC6EF20DF8A05C928
:10F0E0008567938717F92310F5008547230185006D
:10F0F000A301F500B2456244F2402312B500AA858F
:10F100001775FE1F0345852405616F20BF92F240ED
:10F11000624405618280411122C42A840D4506C6DD
:10F12000EF207F8605C5930710F92300F500E94716
:10F13000A300F500230185002244B240AA8517757B
:10F14000FE1F0345A52041016F20DF8EB2402244FF
:10F1500041018280011122CC2A84214506CE2EC68F
:10F16000EF207F820DC99167938727E92310F5006F
:10F17000930700032301F500B24523038500624491
:10F18000F2402312B500AA851775FE1F0345351CF2
:10F1900005616F203F8AF24062440561828001115F
:10F1A000214506CE2EC632C4EF20EFFD15C585677A
:10F1B000938707392310F500B2452246854723017E
:10F1C000F500F2402312B5002313C500AA8503C53C
:10F1D00081A905616F201F86F24005618280397127
:10F1E00022DC1304F5FF4AD852D456D25ECE420434
:10F1F00006DE26DA4ED65AD0894B2A8A3289B68A5A
:10F20000418063917515938B01A983C701A95E8B1A
:10F2100089448DCF83C9160083C706009144A20993
:10F22000B3E9F9009777FE1F83D747F4F51763DF3B
:10F23000F9009307C6FF639BF90831452EC6EF20FE
:10F240008FF42A84B24519ED9304F00FF250625402
:10F2500026854259D254B259225A925A025BF24B35
:10F26000216182804209135909012302B500231349
:10F270002501930700F91509A1652310F500231155
:10F28000450185054A859720FE1FE780A02908C40F
:10F2900005C983C70B009385EAFF13562900FD17A4
:10F2A0002388F1A89710FE1FE78080501C44A28598
:10F2B00003C581A989071CC4EF20CFF7814479B722
:10F2C00022859720FE1FE7804032BDBF9307D6FFFF
:10F2D000E3CCF9F6B1473304F402938401AA9C40CD
:10F2E000A29703C7A70019C7884309C59720FE1F27
:10F2F000E780A02F13854900A1654205850541815E
:10F3000003AA04009720FE1FE780C0219C40229A98
:10F310002320AA00A297884305D905472385E70043
:10F3200083470B004A86D685FD172388F1A89710DE
:10F33000FE1FE780E0459C403E94231324012312E6
:10F340003401ADBF8547E391F5F0B1473304F402D2
:10F35000138B01AA83270B00DA89A29703D76700D2
:10F36000884355C783D74700B306C700910763C0DA
:10F37000D70A3A95D6859710FE1FE780604103278C
:10F380000B008144229783576700CA97C207C18345
:10F390002313F700035747001107E399E7EA3145C4
:10F3A000EF206FDEAA8515CD930700F92310F50035
:10F3B00083270B002302750123114501A29703D770
:10F3C00067009C432313E5001CC503C581A9EF20FA
:10F3D0006FE683270B003E942313040023050400EB
:10F3E000B5B583270B00A297884311C99720FE1F4C
:10F3F000E780A01F83270B00A29723A0070083A705
:10F4000009003E94231304002305040045BD11C9DF
:10F410009720FE1FE780601D83A70900A29723A005
:10F42000070083A7090085443E94231304002305A5
:10F43000040029BD6F40C02C6F40002E6F40A077A4
:10F440006F400031411106C6EF40402DB2400145EA
:10F45000410182806F4060326F4080346F40C0371E
:10F460006F40E0396F40E03B6F40E03D6F40C03F90
:10F470006F40C0416F40C0436F40604583471600F6
:10F4800003460600A2075D8E6F40A0466F40E0472E
:10F490006F40A04A6F40604D6F4040506F40205316
:10F4A0006F4040556F4060576F4080596F40A05B80
:10F4B0006F40C05D411122C60344C10226C483448B
:10F4C000010303430101030E4101834E8101034FF8
:10F4D000C101834F0102834241028343810222D64C
:10F4E000324426D8A2441ED416D27ED07ACE76CC10
:10F4F00072CA1AC841016F4080716F40205B6F4033
:10F50000405D6F40605F6F4080616F40A0636F40FF
:10F51000C0656F40E0676F40C06A6F40E06C6F602D
:10F5200060201307A5FF420785672A88418313855A
:10F53000A7C7636CE502138707C801456368B70274
:10F5400063E605031307301F6362C702138766FF74
:10F5500042074183938767C763EAE70005063306DE
:10F56000B6028E063325D600828001458280411185
:10F5700026C206C622C4AA84EFD0106819C52A8400
:10F580002685EFC0F0232324A418B24022449244DD
:10F5900041018280834665010D47AA876384E600A6
:10F5A000054582800327451103464700A305C50290
:10F5B000034737006316D7020347B50075F30347C7
:10F5C0000501930600026307D70093063002014548
:10F5D0006317D700130760022388E7000145828084
:10F5E000BD466310D7020347050193060004014599
:10F5F0001377B70FE315D7FE130750042388E700EE
:10F600008280B946631AD7008346050113070003B9
:10F61000E398E6F80547C9B7D1466317D700834694
:10F62000050113070005EDB7D9466318D7028346D5
:10F63000050113075005E395E6F60327050A13674E
:10F6400007202320E50A05472308E50003C7170123
:10F65000136707F8A388E70051B7E946631BD70093
:10F660008346050113075006E39CE6F21307A00644
:10F67000A5B7FD46631BD700834605011307A00706
:10F68000E390E6F2130710F881BF93063002E31906
:10F69000D7F08346050113075008E393E6F00547CA
:10F6A0002308E5000347A502136717002305E502B9
:10F6B00071BF832705110947A30AE50095C323817C
:10F6C000E70003474505A381E7008347A50293E7C9
:10F6D00087002305F502F1472308F50001458280E4
:10F6E0001D4582808547A30AF5008327051191CB2C
:10F6F00015472381E7009307B0022308F500014571
:10F700008280054582808547A30AF500832705117D
:10F7100091CB19472381E7009307D0022308F50016
:10F7200001458280054582808947A30AF500832729
:10F73000051181CF1D472381E7008327051103476A
:10F74000D5020145A381E700828005458280854777
:10F75000A30AF5008327051191CB2D472381E700EC
:10F76000930770032308F5000145828005458280D8
:10F770009947A30AF5008327051131472381E70044
:10F780001777FE1F130787C983564701A381D70048
:10F790009776FE1F83C6E6C92382D7009776FE1FA1
:10F7A00083D626C9A182A382D700834687012383FB
:10F7B000D70003479701A383E7008347E50213F7C8
:10F7C000070409CF9307A0032308F5008347E50248
:10F7D00093F7F7072307F50201458280858BFDD754
:10F7E0008327050AA30505022307050293E70704FB
:10F7F0002320F50AE1BF8947A30AF50083270511F5
:10F8000081CF35472381E700832705110347B502E0
:10F810000145A381E7008280054582808D47A30AC8
:10F82000F5008327051191CF45472381E700034762
:10F83000C502A381E7000347B50201452382E70023
:10F840008280054582808547A30AF500832705113C
:10F8500085C349472381E7009307A0042308F500E7
:10F860008347A50293E747002305F50201458280FF
:10F87000054582808547A30AF5008327051191C7B6
:10F880004D472381E700014582800545828003279B
:10F8900005118D47A30AF500D9472301F7008346D8
:10F8A0004514A301D70083475514918A2302F7001A
:10F8B0000357A51CB1C69306F034814763FDE600EB
:10F8C000930787E80357851415CB8587938757FDE2
:10F8D0008D87C207C1830357851C63F3E7003E870A
:10F8E0008347A5022307E50493E747002305F502B4
:10F8F000930750052308F500014582808D87F9B7ED
:10F90000858B99C7930707FB2147B3C7E702D1B798
:10F910009307C7FB1147D5BF032705118D47A30ADE
:10F92000F500DD472301F70083474514A301F700E5
:10F93000834655142302D7000347B514F98F93F675
:10F9400047000357A51CB1C69306F034814763FDF9
:10F95000E600930787E80357851415CB85879387BF
:10F9600057FD8D87C207C1830357851C63F3E700EA
:10F970003E87930780052308F5008347A5022307E8
:10F98000E50493E747002305F502014582808D8752
:10F99000F9B7858B99C7930707FB2147B3C7E702E0
:10F9A000D1B79307C7FB1147D5BF832605118D47F4
:10F9B000A30AF500E5472381F60083477514034643
:10F9C00065140547B317F7003317C700D98FA38114
:10F9D000F600834715142382F6008347A50293E7B8
:10F9E00047002305F502930700062308F5000145AB
:10F9F00082808947A30AF500832705117547238173
:10FA0000E7001777FE1F130767A103473700A3819D
:10FA1000E700930750072308F500014582808947D6
:10FA2000A30AF5008327051179472381E7000347DF
:10FA3000F502A381E7008327050A2167D98F2320D8
:10FA4000F50A85472308F500014582809777FE1F58
:10FA50009387C79CB84B9307800583464700B387BD
:10FA6000F602145703270511BE96A547A30AF50011
:10FA7000930700022301F7000356A51C8357651C5A
:10FA8000B297D05A9387C71263F3C700B287A30116
:10FA9000F70013D68700C1832302C700A302F70033
:10FAA0009C5E2303F70013D68700C183A303C7001E
:10FAB0002304F70083C7C601A304F70083C7D60158
:10FAC0002305F7009307C0072308F500014582804E
:10FAD00083270511114613073002A30AC5002381AD
:10FAE000E70003478515118B05CF0347A515238232
:10FAF00007009306F7FF05473317D700A381E700F8
:10FB000003473514A382E7008347A50293E7470024
:10FB10002305F502930750F82308F500014582807C
:10FB20008346751409476392E6021777FE1F034761
:10FB3000578309C72147A381E70019A0A381C70004
:10FB4000034755162382E70065BF05473317D700E3
:10FB5000DDB79547A30AF500832705111307400277
:10FB60002381E700A3810700030735148306F515F9
:10FB70006395E6008946A381D7008306E51563985F
:10FB8000E60083C6370093E61600A381D7008306FC
:10FB9000D5152382D7000346C515A382E70023832A
:10FBA000C70083478515858B81CB99C68327050AB6
:10FBB0004167D98F2320F50A01458280411126C271
:10FBC0008324051106C622C4B547A30AF500A9C0BF
:10FBD00091472A842381F4009305851A21461385D1
:10FBE00034009710FE1FE780A0BA1385B4001146B9
:10FBF0009305041B9710FE1FE78080B9930720022E
:10FC00002308F4000145B24022449244410182801D
:10FC10000545D5BF83270511A1C7411122C406C6DA
:10FC20002547A30AE5002381E7002A84032505115F
:10FC30009305840F21460D059710FE1FE78040B500
:10FC40008327040AA3050402014593E70702232042
:10FC5000F40A85472308F400B2402244410182801F
:10FC600005458280A547A30AF50083270511A9C38E
:10FC7000411122C406C639472381E7002A8403259F
:10FC800005119305840F21460D059710FE1FE7808F
:10FC900020B08347A402014593E747002305F402FF
:10FCA000930700032308F400B240224441018280FC
:10FCB00005458280E147A30AF50083270511D9CFC6
:10FCC000411122C406C63D472381E700034745078B
:10FCD0002A8493058506A381E7000347550731462B
:10FCE0002382E70003476507A382E7000357650700
:10FCF00021832383E7000347A505A383E700035778
:10FD0000A50521832384E7000347C505A384E700F5
:10FD10000347D5052385E70003574506A385E7007C
:10FD2000034765062386E700035765061385E7004A
:10FD30002183A386E7009710FE1FE78060A5834715
:10FD4000A402014593E747002305F402930700044A
:10FD50002308F400B240224441018280054582809C
:10FD6000E147A30AF50083270511C9CB411122C43D
:10FD700006C641472381E700034745072A849305C8
:10FD80008506A381E7000347550731462382E70034
:10FD900003476507A382E700035765072183238391
:10FDA000E7000347A505A383E7000357A5052183C3
:10FDB0002384E7000347C505A384E7000347D5056F
:10FDC0002385E70003574506A385E700034765063B
:10FDD0002386E700035765061385E7002183A38682
:10FDE000E7009710FE1FE780A09A930740042308BE
:10FDF000F400B240224401454101828005458280E1
:10FE0000411106C6AD47A30AF50083270511130764
:10FE100090029305D5172381E70013853700294603
:10FE20009710FE1FE780C096B240014541018280D5
:10FE300083254511411126C206C622C483C7450049
:10FE400003C735000568A207D98F1387A7FF4207AC
:10FE500041839306A8C7F94463E2E60C03C7650033
:10FE600083C65500130808C82207558FF9446367F5
:10FE7000E80A6365F70A03C6850083C67500220693
:10FE8000558E9306301F63EBC60883C6A50083C852
:10FE90009500A206B3E616016362D808130816009F
:10FEA0003308F80293983600635A180783C8B500E0
:10FEB000139808011358080163840800636007075A
:10FEC0008358A5038144639D1701631BF700835882
:10FED000C5036397C8008354E503958C93B414005D
:10FEE000231DC504231AF506231BE506231ED5048E
:10FEF0002312050783C7D50003C7C5002A84A207BC
:10FF0000D98F2313F5063146B905130585069710D9
:10FF1000FE1FE780E0879147A30EF400B240224421
:10FF20002685924441018280411122C406C685473C
:10FF3000A30AF5002A8483453515032705110345D7
:10FF40004515854693176500CD8F2301F700ED47D2
:10FF5000A301F7008347C4000346241593E7070273
:10FF60002306F400EF107074930770062308F40062
:10FF7000B240224401454101828083274511130389
:10FF8000000E03C6470003C737002206598E130729
:10FF900056FE420741836367E30683C6670003C7D3
:10FFA00057001168A206D98E138786EB420741835A
:10FFB000130888146368E80403C7870083C87700C0
:10FFC000220733671701930857FEC20893D8080128
:10FFD000636A130383C8970083C7A700A207B3E728
:10FFE0001701938887EBC20893D80801636C180146
:10FFF000231EC51A231FD51A2310E51C2311F51C37
:020000040002F8
:100000006FB06069054582808346B5000547AA87C1
:1000100005456395E60C83C6670131470545639F37
:10002000E60A03A7471183463700A38AD70483460D
:10003000570003464700A206D18E239BD704834571
:10004000770083466700A205D58D239CB70403463D
:100050009700834687002206558E239DC70483465A
:10006000B7000345A700A206C98E239ED704034507
:10007000C7000347D7002207498F03D5A703239F53
:10008000E7040147631BB50083D5C7036397C50029
:1000900003D7E703158F133717002391E70603C72C
:1000A0000701930600046304D70293064004631516
:1000B000D70005472388E70003C717019546A38E9D
:1000C000D700136717F8A388E7000145828003C7AC
:1000D000A702136717002385E702E1BF8280034769
:1000E00065018947631DF7008327451183C73700E2
:1000F000230AF504F5472308F500014582801D45D4
:1001000082808347B5002A87D9EB83466501B547CE
:1001100005456397F608834607019307000263913C
:10012000F60883274711014583C6570003C64700D9
:10013000A2064206B29603C66700B29603C637000F
:100140006206B2962320D70C83C6970003C68700A9
:10015000A2064206B29603C6A700B29603C677006F
:100160006206B296232ED70A83C6C70003C6D700FD
:10017000A2064206B29603C6B70083C7E700B2964E
:10018000E207B6972320F70E8347170193E787000E
:10019000A308F700930730022308F7008280054583
:1001A00082808347B5009DE3034765018547631D52
:1001B000F70083460501130730026397E6009307B3
:1001C000C0022308F50081473E8582808547EDBF48
:1001D000834665010547AA870545639CE60203C778
:1001E00007019306B002631AD7001307E0022388C1
:1001F000E700A3850702014582809306D0020545EA
:100200006319D7001307E002A38507022388E700DC
:10021000DDB78280034765018947631EF704E9471C
:10022000A305F50283274511394783C73700639239
:10023000E7020347050193070003631EF7028327C4
:10024000050A93E707022320F50A85472308F500EE
:10025000B9A03D476393E702832785100347050153
:10026000F59B2324F510930700046316F70093070A
:1002700060042308F5000145828049476398E7023E
:10028000034705019307A004E317F7FE85472308FA
:10029000F5008347A50293E717002305F50283477E
:1002A000150193E707F8A308F500F1B751476392EA
:1002B000E7020347050193070005E31EF7FA8547A8
:1002C0002308F5008327050A93E707102320F50A82
:1002D000F9B75947639DE7000347050193075005A8
:1002E000E31BF7F88327050A93E70720A9BF6947AF
:1002F000639FE7000347050193075006E31DF7F6E8
:100300008327050A056713070780D98F2DBF71471B
:10031000E383E7F67547639CE7000347050193070E
:100320005007E31AF7F48327050A2167F9BF13077B
:100330003002E392E7F40347050193075008A9B799
:100340000347B50085476311F70203476501631B47
:10035000F700034705016317F700930760032308BD
:10036000F50081473E8582808547EDBF8346650164
:100370000547AA8705456393E60603C70701930669
:1003800070036315D70203C7A70223860704937679
:10039000070499C61377F7FB136707012385E70264
:1003A000130780032388E7000145828093065003EA
:1003B00005456315D702130780032388E70003C7A9
:1003C000A7022386070401459376070481CA1377A1
:1003D000F7FB136707012385E702828082800347CA
:1003E00065019947631EF7080327451183473700C6
:1003F000A307F5048347570083464700A207D58F1C
:100400002318F50483477700834667001307A0038A
:10041000A207D58F834605012319F5048347E5021A
:100420006395E604858B99CB8327050AA30505020E
:100430002307050293E707042320F50A8347A50253
:1004400093E717002305F50285472308F500834746
:10045000150193E707F8A308F5008347E50293F732
:10046000F7FB2307F50201458280E207E187E3D02D
:1004700007FE8327450A93E707042322F50AC1BF35
:10048000054582800347650189476304F7000545F8
:100490008280832745111307000483C73700A30513
:1004A000F5028347050193F6B70F6397E6009307BC
:1004B00050042308F50025A0130750056393E702B5
:1004C0008327050A93E707202320F50A8547230899
:1004D000F5008347150193E707F8A308F5000145E8
:1004E0008280130750066395E7009307A006D1B7F3
:1004F00013075008639CE70085472308F5008347EE
:10050000A50293E717002305F502E1B70347B500FD
:100510003DFF130700026386E7001307300263956F
:10052000E7009307600271B71307A007E391E7F6AE
:10053000930710F8BDBF834665010547AA870545A7
:100540006394E60403A787100545418B15CF03C7C5
:1005500007016318A7001307B0042388E7000145CB
:1005600082801306A004631AC70003C7A70223886A
:10057000D700136717002385E70203A7870A1367CD
:10058000070423A4E70AE1BF82808346650105478B
:10059000AA8705456393E60283C607011307A004F3
:1005A0000545639CE60003C7A7022388A700014511
:1005B000136717002385E702828082800347650165
:1005C0008D47631FF718834715018D8B91EB834689
:1005D00005012147938706FC93F7F70F6361F70244
:1005E000D9472306F5029307A002A305F502832746
:1005F000850A93E727002324F50A01458280834773
:10060000B5000326451163900714930750056398BE
:10061000F600D9472306F50293073002F9B797672A
:10062000FE1F9387A7DF8345460003C7A70383C741
:10063000B703834865146D8F2305E5140346360020
:10064000F18F0546A305F514331616016314C70090
:1006500023050514034875148545B3950501639476
:10066000B700A30505140347A5148347B5145DCF50
:10067000D9CB93752700B1C113F627001DCE930780
:1006800020202315F5140347A5148547B3971701B8
:100690006314F700230505140347B5148547B39782
:1006A00007016314F700A305051485476398F6084E
:1006B000930760052308F50089B71376470001CA40
:1006C00013F3470063050300930740405DBF058BAC
:1006D00019C713F7170001C7930710105DB7094733
:1006E00081E5114711E205472305E51413F72700BB
:1006F00009C78947A305F51479B7918B99C3914729
:10070000D5BF8547C5BFB3570741858B81C7230533
:10071000B51495BF9377270089C789472305F5143A
:100720009DB7118B91477DFB8547CDBFA9DF33D79F
:100730001741058B45DFA305C514B1B78327850A8B
:1007400093E707104DBD85476397F6008347460042
:10075000A305F514B1BF8327850A93E7072061BD80
:1007600005458280834665010D47AA870545639448
:10077000E61483C60701130750050545639DE6127D
:1007800003C7B7006319071283C6471403C757147A
:1007900003A6471133F5E6008345460019ED63963D
:1007A000B60003453600630AE500239507141307D6
:1007B00070052388E70001458280ED8E2385D714DC
:1007C0000346360003C86714718F0546A385E714F6
:1007D000331606016394C6002385071403C57714F6
:1007E0008545B395A5006314B700A385071483C698
:1007F000A71403C7B714C5CA41C793F526009DC9FE
:100800001376270005CA130720202395E71483C613
:10081000A7140547331707016394E60023850714DF
:1008200083C6B71405473317A700E392E6F8A385FC
:100830000714B5BF13F6460001CA937847006385D5
:10084000080013074040D1B7858A99C693761700F0
:1008500081C61307101055BF894681E5914611E204
:1008600085462385D7149376270089C60947A38533
:10087000E71471BF118B19C31147D5BF0547C5BF19
:1008800033D7A640058B01C72385B71449B713F7A3
:10089000260009C709472385E71495BF918A1147A8
:1008A000FDFA0547CDBF25D7B3560741858AC5DE7A
:1008B000A385C714A9BF82808346B5000547AA87D0
:1008C0000545639FE60683C667011547054563999D
:1008D000E60603C70701930650056306D700930693
:1008E0008005631FD70403C7A70283A547111367B9
:1008F00017002385E70203C645001147636EC70052
:1009000083C63500636AD7001307F6FF1385F6FF29
:10091000718F758D498F11C705472388E700014501
:10092000828003C7650003C555002385C7142207CD
:10093000498F2396E714A385D7141307A005F1BFA9
:1009400082808347B50095E3834665010D4785475F
:10095000639BE600034705016317F7009307100642
:100960002308F50081473E8582808547EDBF034718
:10097000650189476310F706832745119765FE1FB8
:1009800083C565AE83C7370013F6F70113D7670039
:100990009767FE1F83C717AD63EAC7008346E51458
:1009A000A18A89C6B3D6E540858A9DE6E947230634
:1009B000F5028547B397E700ED8F8D8B794799C393
:1009C000130700028327850AA305E50293E72700A2
:1009D0002324F50A05458280230AE514034705010F
:1009E000A309C51485476318F70093076006230819
:1009F000F500014582808327850A93E70740232479
:100A0000F50AC5BF034765018947631CF7028327C1
:100A100045110347050183C737002308F5028547C1
:100A20006318F700930760072308F50001458280EB
:100A30008327850A056713070780D98F2324F50AC2
:100A4000F5B705458280834665010947AA870545B4
:100A5000639FE60283C607011307500701456398A9
:100A6000E60203A74711A166034737002388E70280
:100A700003A7070A558F23A0E70A05472388E70045
:100A800003C71701136707F8A388E70082808280F5
:100A9000834665011547AA8705456399E60C83C619
:100AA00007011307500805456392E60C03A7471199
:100AB00083463700A38DD71483064700A382D71639
:100AC000030657002380C716034767002382E716F3
:100AD00003C7871593754700B5CD8946A38CD714F6
:100AE00083A6070AC1656D9BCD8E23A0D70A238CF0
:100AF000E71403C7A7169376170085C29306F0077D
:100B00006306D600136727002385E71603A7070AA5
:100B1000B7060200558F23A0E70A1767FE1F1307C9
:100B2000E78F034737000145A387E70203C7470361
:100B3000A380E71605472388E70003C7A7021367CA
:100B400017002385E70203C71701136707F8A38877
:100B5000E7008280098B51DFC9DE03A7070AC1665F
:100B6000A38CA714558F23A0E70A61B78280834620
:100B700065011547AA8705456390E60A83A64711D4
:100B8000014503C636001377060F59E71767FE1FA6
:100B90000347978C718F49C303C7660011482380B0
:100BA000E716838556000147A382B7161305170081
:100BB0003357E640058B9378F50F15CF238D171526
:100BC00003C74600A38DE71403C787159376470034
:100BD0009DC68946A38CD71483A6070A41666D9BE0
:100BE000D18E23A0D70A238CE71403C747030145FE
:100BF000A380E71682802A87E31A05FBD1B7098B09
:100C00006DD7E5D50547A38CE71403A7070AC1668E
:100C1000558F23A0E70AD1BF828083466501114723
:100C2000AA8705456393E60A83C5B7000545639E19
:100C3000A50883A6471103C836006366050303C7EA
:100C40004600130510091306B7FF1376F60F636C01
:100C5000C50003C656009306B6FF93F6F60F63640D
:100C6000D5006371E6027947A385E7021307800286
:100C70002386E70203A7870A01451367270023A4F9
:100C8000E70A828083A6C710014593F6060895CE31
:100C900083C647176317B80293E61600238AD71650
:100CA0009306000AA38AE7163307D70283D6A70361
:100CB0003347D70283D6070485063697239BE7166A
:100CC0008280D99A238AD716828082808327051151
:100CD000E9C72547A30AE50051472381E7000347F9
:100CE000451B8355651B0356A51BA381E7000347DE
:100CF000551BA382B7002382E70013D78500238307
:100D0000E7000347851BA383E7000347951BA384E4
:100D1000C7002384E700135786002385E700834636
:100D2000751409476386E6020327051093164701E9
:100D300063C006028566938686842E8763F3B600B9
:100D4000368742074183A382E70021832383E7009C
:100D50008346651409476386E60203270510931648
:100D6000470163C00602856693868684328763F3F3
:100D7000C600368742074183A384E7002183238589
:100D8000E7008347A50293E747002305F502930791
:100D900000052308F50001458280054582808327F0
:100DA0000511E9CB2547A30AE50055472381E70054
:100DB0000347451B8355651B0356A51BA381E7000D
:100DC0000347551BA382B7002382E70013D7850092
:100DD0002383E7000347851BA383E7000347951B95
:100DE000A384C7002384E700135786002385E70008
:100DF0008346751409476380E60285669386868478
:100E00002E8763F3B600368742074183A382E7004B
:100E100021832383E7008346651409476380E60244
:100E2000856693868684328763F3C60036874207D9
:100E30004183A384E70021832385E7008347C50717
:100E4000A305050299C78327050A93E70710232006
:100E5000F50A8327450A13974701635807007D77F2
:100E60001307F77FF98F2322F50A85472308F5003A
:100E7000014582800545828003476501AD476318BF
:100E8000F702411106C683474517832545112946B8
:100E900093E70701230AF5168D051305D51797006B
:100EA000FE1FE780E08EB24001454101828005458A
:100EB00082808347B500EDE7411122C406C603478F
:100EC0006501E1472A8405456318F70C03470401CF
:100ED000930700046312F70C8325441105659306FC
:100EE000A5C703C7450083C7350022075D8F930759
:100EF000A7FFC207C18363ECF60883C7650083C6FA
:100F00005500130505C8A207D58F6362F50863E095
:100F1000E70803C6850083C675002206558E930632
:100F2000301F63E6C60683C6A50003C89500A20667
:100F3000B3E60601636DD504130516003305E5021B
:100F4000139836006345A80403C8B50013150801BB
:100F500041816304080063ECA702231DC40423122B
:100F6000A406231AE406231BF406231ED40483C715
:100F7000D50003C7C5003146A207D98F2313F40655
:100F8000B905130584069700FE1FE780608093076C
:100F900070042308F4000145B240224441018280DC
:100FA00005458280411126C206C622C40347650159
:100FB000E14785446318F704832785102A84854414
:100FC000898BA9C38347B50063919706EFE05FE67D
:100FD00083470401A305A4026397970093071004B5
:100FE0002308F40039A8130700046393E70293076A
:100FF00010042308F4008347A40293E71700230595
:10100000F4028144B2402244268592444101828008
:101010008327040A93E727002320F40A8347140157
:1010200093E707F8A308F400E9BF834715018D8B08
:1010300099CF9307A002A305F402BD472306F4024B
:101040008327840A93E727002324F40A5DBF83479C
:10105000050163979700EFE0BFDDA305A402BDBFC4
:10106000130700026390E702EFE09FDCA305A402F0
:10107000814449F98327440A37070080D98F232206
:10108000F40A49B713070004E39EE7F6930730021A
:101090005DB7411126C206C622C48347B500854408
:1010A000A5E703476501A5478544631FF704832728
:1010B000850FA18BB1CB832545112A8421468D054F
:1010C0001305051097F0FD1FE780806C832704103F
:1010D000B73678089386060DDD8E8327441013E714
:1010E00007018327840FF58F2324F4108327C40F6F
:1010F000F98F2326F41083470401639D970093071B
:1011000010032308F4008144B2402244268592440F
:10111000410182808327840A93E707012324F40A8C
:10112000DDB7411126C206C622C403476501A547A3
:101130008544631AF70603470501930700038544B6
:101140006313F706832545112A8421468D0513056F
:10115000051097F0FD1FE780A06383270410B736C2
:1011600078089386060DDD8E8327441023089400AB
:10117000A305040213E707018327840F8144F58F39
:101180002324F4108327C40FF98F2326F410832718
:10119000040A93E707022320F40A8347140193E724
:1011A00007F8A308F400B240224426859244410186
:1011B00082808347B50005476395E708411122C443
:1011C00006C68346650125472A8405456390E606E1
:1011D000034704016310F7068325441121461305D4
:1011E00004108D0597F0FD1FE780805A83270410B7
:1011F000B73678089386060DDD8E8327441013E7F3
:1012000007018327840FF58F2324F4108327C40F4D
:10121000F98F2326F410930710032308F400834763
:101220001401014593E707F8A308F400B2402244F3
:10123000410182808327840A93E707012324F40A6B
:10124000F9BF054582800347B5008547631CF70455
:10125000411122C406C626C203476501A1472A845C
:101260000545631CF70283244411130584121546B7
:101270009385340097F0FD1FE780805183C7940069
:1012800003C784000145A207D98F2317F4128347AF
:10129000140193E727F8A308F400B24022449244D3
:1012A00041018280054582800347B5008547631070
:1012B000F716834665015D47639CE614011126CA53
:1012C0008324451122CC21462A84938534001305BA
:1012D000F51806CE97F0FD1FE780804B83C7C4004A
:1012E00003C7B400A207D98FA30BF418A183230C62
:1012F000F418EF00DF8C2AC4EF007F8C2AC62C0084
:101300001305841A214697F0FD1FE780604883C7C4
:10131000F40003C7E4001305041BA2074207BA97B1
:1013200003C704012C001146BA9703C7D400620713
:10133000BA972324F40C83C7340103C72401A207FE
:101340004207BA9703C74401BA9703C7140162075B
:10135000BA972322F40C0347941A8347A41A42072E
:10136000A207BA970347B41ABA970347841A6207C9
:10137000BA972320F40C0347D41A8347E41A420790
:10138000A207BA970347F41ABA970347C41A620729
:10139000BA97232EF40AA247374703001307D73F13
:1013A000B387E70237A72600130737ECBA973EC486
:1013B00097F0FD1FE780C03D83C7640103C7740138
:1013C000A2074207BA9703C75401BA9703C784011B
:1013D0006207BA97232EF40C0347241B8347141B80
:1013E0004207A207BA970347041BBA970347341B67
:1013F0006207BA972320F40E930710022308F40023
:10140000F24062448147D2443E850561828085472F
:101410003E858280034765019147631BF7124111A6
:1014200026C28324451106C622C403C7340001CB5B
:101430009307F7FFF98F81E79377070F8DC793071E
:101440000002A305F502930730022306F502832765
:10145000850A93E727002324F50AB24022449244E8
:1014600001454101828083C554009306E00781470E
:1014700011466397D500F947E9B7B687638CC60074
:1014800093861700B357F740858B93F5F60FF5D782
:10149000230DB514838744002A84B5C3A30EF51425
:1014A000030535143387A7001375F50F635AF00051
:1014B0008307F41563DAE700898FA30EF41429A0DB
:1014C0008307E415E34AF7FE8347D4153E9562058A
:1014D0006185212F2301A4145D2583473414A301C2
:1014E000A414B307F540A30EF41401278347A415F1
:1014F000034734142301A414A297A382E716830799
:10150000440383062416014763D5F600958F13F72D
:10151000F70F230EE41483C7540005472300F41685
:10152000834704016397E700930760F82308F400FA
:101530002DB7130750086396E700FD57230EF414E8
:10154000E5B78327840A0967D98F2324F40A31B7C2
:101550000545828003476501A547631EF7044111D5
:1015600022C406C683460501130700052A84854761
:101570006397E602EFE07FA005E98327040AA3054D
:10158000040293E707102320F40A8347140193E72A
:1015900007F8A308F40085472308F4008147B24008
:1015A00022443E85410182808347A40293E71700CD
:1015B0002305F402D9BF85473E8582800347650134
:1015C000A5476309F700054582800545B2402244DE
:1015D0004101828083278510411122C406C693F7FA
:1015E00007022A84FDD3EFE05F998547E30FF5FCFE
:1015F000034704016318F700930710052308F4005C
:101600000145E9B78327840A93E707082324F40AEE
:10161000C5BF054582800545828005458280054518
:10162000828005458280054582800545828005458A
:1016300082808347C500A30A0500F19B93E717004A
:101640002306F50003250511133515008280175771
:10165000FE1F0347D7D09547630BF7009757FE1F30
:10166000938787CF83C777000D47631FF70097578E
:10167000FE1F83C7F7CE639E0710930760101757AE
:10168000FE1F231FF7CC8280411126C29757FE1FF1
:101690009387C7D8938481AC22C4E05F9C404AC042
:1016A00006C623A20706096798C719459757FE1F64
:1016B000238607CAEF0030169387C1AB944337C720
:1016C000898E130767ED98C637575500130757558E
:1016D000D8C2034724029306F00F3E896307D70060
:1016E000FD57A300E4022301F402034514028947D5
:1016F0006303F5000145984001469305F00F5C43F4
:1017000093E717005CC3930710FA2305F400994789
:101710001757FE1FA305F7C49757FE1F238E07C256
:101720009757FE1F238C07C29D2D938701AD9443CD
:10173000DC56F59BDCD6832709000347940013761B
:10174000F7079843137707F8518F98C31757FE1F71
:10175000A30607C090401757FE1FA30F07BE0547FB
:1017600018C298431377F7E798C398431377F7E7BE
:101770001367071098C39C4637073300B240D98FD0
:1017800022449CC69307900D3CCA924402494101F1
:1017900082808280411106C622C41757FE1F03476C
:1017A00037BC9757FE1F938727BB01CF9756FE1F65
:1017B00083C606BB09476396E6001757FE1FA301C1
:1017C00007BA03C77700A1466387E60003C777001F
:1017D0009D46639DE60083C777001757FE1F2301D0
:1017E000F7B885471757FE1FA30CF7B6EF00407BED
:1017F0009757FE1F938787C2E05F68402315040058
:10180000230404009700FE1FE78020DE914523108B
:10181000040423220404232404041755FE1F034553
:10182000D597EF001F85A1451755FE1F0345F59677
:10183000EF003F84034514039307F00F6307F5009F
:10184000EF00DF87FD57A308F40203450403930765
:10185000F00F6307F500EF007F86FD572308F402C1
:10186000B240224441018280011126CA9754FE1FD2
:101870009384C4BA22CC03A4040C4AC84EC652C4F2
:1018800056C206CE2A898149130A2500854A29E8CD
:101890009305702531459700FE1FE780A0C82A8474
:1018A00001453DC083471900194693052900A3004F
:1018B000F4001305240097F0FD1FE78060ED83A777
:1018C000040CA1EF9757FE1F23AA87C0232404000E
:1018D00083C7C40B85071757FE1F230FF7BE25A02C
:1018E00003471400834719006305F700A2890044E9
:1018F00079BF1946D2851305240097F0FD1FE780B4
:1019000020F2E31555FF0545F2406244D2444249B6
:10191000B249224A924A05618280E38909FA23A4E6
:1019200089006DB79757FE1F938747AF03A5070C34
:1019300011E99757FE1F23A307BA9757FE1F238D60
:1019400007B88280411106C622C400459700FE1FD9
:10195000E780A0C9228575F8B24022449757FE1F40
:1019600023AE07B69757FE1F238807B64101828032
:101970009757FE1F938787AA23A0070C238E070A79
:101980008280011122CC138481AC184006CE26CA75
:101990002EC632C43C4BAA84354593F7F7F73CCBAF
:1019A0009D2D184026853C4B93E707083CCB2246EB
:1019B000B24597F0FD1FE7804028F2406244D244D0
:1019C000014505618280138781AC1443BC4A93F7BB
:1019D000F7F7BCCA01000100184316051365050896
:1019E0003C4B93E707083CCB938781AB9C4303A711
:1019F000450E88C398CB03A7850E0145D8CB03A716
:101A0000C50B98CF03A7050CD8CF03A7450C98D3D7
:101A100003A7850CD8D303A7C50C98D703A7050D3A
:101A2000D8D703A7450D98DB03A7850DD8DB03A7FF
:101A3000C50D98C703A7050ED8C7984313670704B9
:101A400098C38280138781AC1443BC4A93F7F7F79D
:101A5000BCCA0100010018431605136505083C4B7C
:101A600093E707083CCB938781AB9C4303A7C50E44
:101A700088C398CB03A7050F0145D8CB03A7C50B97
:101A800098CF03A7050CD8CF03A7450C98D303A77D
:101A9000850CD8D303A7C50C98D703A7050DD8D7B5
:101AA00003A7450D98DB03A7850DD8DB03A7C50D5C
:101AB00098C703A7050ED8C798431367070498C3B0
:101AC000930700F81757FE1F230BF78882801386B1
:101AD000C1AB1C42B7068000B715018098439385BF
:101AE00085E7558F98C39843B7060010558F98C364
:101AF0001307001DD8DB1747FE1F034767679316C0
:101B00009701CD8ED4D7D457B70500821377F7034A
:101B1000FD15ED8E6607558FD8D737170040930710
:101B200070052300F704930780FA2300F704974613
:101B3000FE1F83C6E663B54763FBD70283572702C0
:101B400093E707012311F7021842B70709009387AB
:101B500037081CD337E700E0D147A309F70497F70C
:101B6000FD1F9387A73893E717007CD782808357A0
:101B70002702C207C183BD9BC207C183E1B7930798
:101B8000C00363E2A706130780029547636BA704AF
:101B9000714791476367A70459478D476363A7045B
:101BA00049478947636FA70239478547636BA70297
:101BB000314781476367A7022947FD576363A7023F
:101BC0002147F557636FA7001947ED57636BA700CF
:101BD0000D47E1576367A7000547C1576373A70027
:101BE000D1573E8582809947EDBFC5576340F506C2
:101BF00055578947634AE504655791476346E504AD
:101C000071579D476342E5047957A547634EE50246
:101C1000AD47634B0502B54705C90547BD47630599
:101C2000E5020947CD476301E5020D47DD47630D36
:101C3000E5001147F5476309E50015479307D00311
:101C40006314E500930790023E8582808547EDBFCF
:101C5000938741AC9C4399CB944BD04B9842518F86
:101C600098C294439C479842D98F9CC29387C1AB3A
:101C7000138681AC05489C431747FE1F0347676ED8
:101C8000144263120505884375787D183375050184
:101C900088C3C846F977FD17E98FDCC6010001004B
:101CA00014428967AD059CC6930700F81746FE1FCE
:101CB0002306F66A939725009305E709BE958605E6
:101CC000ECD2C8C682807578137325009308F8FF9C
:101CD000630B030803A8070089050D433378180137
:101CE00089683368180123A0070151781307E70BAF
:101CF0008E057D18631165048843337505011168ED
:101D00003365050188C3C846F977FD17E98FDCC63E
:101D1000010001001C42930600F89385750D23A471
:101D200017011746FE1F230BD6628605BA95860556
:101D3000ECD3C8C7828088433375050188C3C84681
:101D4000F977FD17E98FDCC6010001001C429306FC
:101D500000F89385A50423A417011746FE1F230F3F
:101D6000D65E8E05E1B78843056833751501336586
:101D7000050188C3C846F977FD17E98FDCC6010065
:101D800001001C428966A90594C7930600F817460E
:101D9000FE1F2305D65C8E051307E70941BF938715
:101DA00041AC9C4389CFD44303A887009842336752
:101DB000070198C2D447DC4B9842D98F9CC29387C5
:101DC000C1AB83C601AC137725009C43858A25CB24
:101DD000984375757D15698F0965498F98C33707D5
:101DE00009001307670898D3372730084517D8CB61
:101DF000371703001307976198CF0D671307E78D17
:101E000098D73767000113070731D8D385C637A79E
:101E10003F001307F74D9E0598CB938545369747AE
:101E2000FE1F23A1B75411C606069747FE1F23AB1A
:101E3000C7528280372737001307F72DE9BF3707CE
:101E400009001307370898D337271008130717908E
:101E5000D8CB371703001307476298CF0D671307D6
:101E6000E78B98D73767000113070731D8D385C6AA
:101E700037A73F001307E72C98CB75779306F7FF3A
:101E8000984305489505758F631C050198C38E0519
:101E90009385C50369B7372737001307072DE9BFB7
:101EA0008566558F98C39205E5B711C9371700406D
:101EB000835787012168B3E70701231CF7008E05CC
:101EC0009747FE1F238FB7489387C1AB22069C43D9
:101ED000498E4D8EB70510004D8EF0D3F853136721
:101EE0004700F8D3984391C6B7060020558F98C392
:101EF0008280B70600E0FD16758FD5BF411106C67A
:101F00001747FE1F0347C745A1476310F7049747CC
:101F1000FE1F83C72746858B1746FE1F0346B6471D
:101F20009746FE1F83C62647B5C79747FE1F938770
:101F30006746C84325C1834515000905192511C504
:101F400085471747FE1FA30DF7401747FE1F03479E
:101F500027419947631CF7009747FE1F9387074C5B
:101F6000FC5F83C7B70095CBEFF06FEE1747FE1FFE
:101F70000347073F9D476312F7029747FE1F93876A
:101F8000E74983A7070983C7770081CBB2404101A6
:101F90006FB0F0218145014555B7B24041018280C3
:101FA000138781AC1C43B44BE19AB4CB944393E6C2
:101FB000860094C39C438D83858B89C701000100F3
:101FC000010001009387C1AB94439C4293F7F7E76C
:101FD00093E707089CC2938701AD9043B706CEFFF5
:101FE000FD161C46F58F1CC61C4313070008B8CB12
:101FF000938741AC9C4399CBD44390479842518FEF
:1020000098C2944BDC4B9842D98F9CC29747FE1FD5
:10201000A38707348280938781AC9C439C438D8B3C
:10202000F9CB411122C426C206C61747FE1F03473B
:1020300017338D47AA841744FE1F1304E431631B32
:10204000F7009747FE1F9387E7329C4B0146814577
:102050004545829719476392E4049747FE1F83C75B
:10206000373099CB9747FE1F83C7872F639697001A
:102070009747FE1FA386072E8347740021476318E6
:10208000F700930780101747FE1F231BF72C2244ED
:10209000B240924441016FF0BFF09D47639FF4004E
:1020A0009747FE1F83C7D72BE1DB1747FE1F034768
:1020B000272B8D47E312F7FC65BF83467400630B43
:1020C000D700034774006387E70083477400214704
:1020D000E31FF7FA9747FE1F83C79728CDFB834777
:1020E00074001747FE1F230DF72685471747FE1F6D
:1020F000A308F72669BF8280011122CC2A841145EA
:102100002EC632C436C206CEEFF0FFF09387C1ABC5
:102110009C43B7083300D857719B13671700D8D773
:10212000138781AC08431307000A78D198431377CB
:10213000F7E798C398431377F7E71367071098C337
:10214000138701AD1843B245924603288700224603
:1021500033681801232407011308A00D232805055F
:10216000C9CD4C5713640404F5994CD71377F40781
:102170008043137404F8598C3747767180C3130772
:10218000971298C737575500130757551744FE1F26
:102190001304841CD8C35C48B6853CD99747FE1FFE
:1021A000238D071A9747FE1FA389071A5C41F99BE5
:1021B0005CC1914701451747FE1FA302F71A97F02C
:1021C000FD1FE780C0E4938741AC984311C7544397
:1021D00018479C42D98F9CC283473400858B91CB92
:1021E0009747FE1F83D7072485071747FE1F231B2A
:1021F000F722F2406244056182804C57F5994CD732
:102200001377F4078043137404F8598C37C7898E09
:1022100080C3130767EDB5B7011126CA4AC84EC679
:10222000C1643709006AB70900AC22CC52C406CE9B
:102230000544FD141309690E9389E90C130A000281
:1022400005E49305000F4145EF00EFB1B7B7006A11
:102250004205938767CE5D8DF2406244D244424985
:10226000B249224A05618280A6850145EF00EFB19F
:102270009317850013F7071033E5270119C333E5DA
:10228000370181470147E145B356F50085073356CD
:10229000F500858A058A6307D60005071377F70FCF
:1022A00063E4E504E39247FF81471306F003ED463C
:1022B0003357F5001377F70305CB6307C70285078C
:1022C000E398D7FE135785009377F50F1377F70F31
:1022D000E394E7F8135705011377F70FE39EE7F64A
:1022E00013578501E39AE7F605041374F40F89BFC9
:1022F0001747FE1F0347B706A5476303F70C974729
:10230000FE1F9387670583C777001147630AF70AA3
:10231000938781AB9843B7C7004093870730631119
:10232000F70A4111354506C622C426C24AC0EFF05D
:102330009FCE1389C1ABED289D29EFF04FF983277C
:102340000900F576FD169843938401AD138481ACA2
:10235000758F98C39843B70633001377F7E798C390
:1023600098431377F7E71367071098C398401C4703
:10237000D58F1CC71C401307D00DB8CB9D25EF107F
:102380004036792B2525032709001C4393F7F7E7EF
:1023900093E707081CC394403707CEFF7D179C4680
:1023A000B2409244F98F9CC61C4013070008224497
:1023B000B8CB9747FE1FA38407FA024941018280E8
:1023C0008280238001AC23A201ACB7C700401387F1
:1023D000073023ACE1AA1387072023A4E1AC93873D
:1023E000071037D70040411123A8E1AC23AEF1AA72
:1023F00006C61747FE1F130727F68547A303F700F6
:102400009747FE1F938787D59C431CCF938707115F
:102410005CCBEFF0FFEDB7E700E037071000B2400C
:1024200023A0E7103707200023A0E7104101828096
:10243000938781AC9C431307C00893066007D8CBF1
:10244000D4CFD8D31306C003D0D7D8DBD0DFF8C39E
:102450001747FE1F130747F0184FF4C7F8DB416713
:102460007D1798C73D673D07D8C737E700E0D547D8
:102470002309F70497F7FD1F9387070393E71700D6
:102480003CD78280938701AD98431746FE1F130601
:1024900066EE9387C1AB94438347160013F8F707A2
:1024A000D9C588425C42137505F83365050188C2B9
:1024B00013F5150001C993F5050341456396A5067B
:1024C000938707834C574168130808A093E52500BC
:1024D0004CD7B3D50703B70810FEFD18B3F70703B1
:1024E000FD89139545016C43B3F51501C98D6CC386
:1024F0009305A00F3705FCFFAA07B3D7B7026C43BB
:10250000E98DBA07B983CD8F7CC383470600898BD9
:1025100099CB9C4293F7F70713E707049C4293F784
:1025200007F8D98F9CC28280938787C161BF5C57AF
:10253000F59B5CD79C4293F707F8B3E707019CC271
:10254000E9B79747FE1F938767ED83A7470A85C3BF
:10255000054582800545B250225492540259F249F1
:10256000624AD24A424BB24B224C45618280797119
:102570004AD01749FE1F1309E9DF8327890006D6D1
:1025800022D426D24ECE52CC56CA5AC85EC662C497
:10259000F1D3138481AC1C4098430D8B05C3B84B19
:1025A000619BB8CB98431367870098C39C438D8386
:1025B000858B89C70100010001000100138CC1ABAC
:1025C00003270C00138A01AD368B1C43B70633007A
:1025D000B28B93F7F7E71CC31C43AE89AA8A93F723
:1025E000F7E793E707101CC303270A009744FE1F71
:1025F000938444DA1C47D58F1CC71C401307900DE9
:10260000B8CB9747FE1F83C7A7D9918B89EB974516
:10261000FE1F83C525D693F70504639807148145EB
:102620001745FE1F034515D5EFF0DFE51745FE1FE3
:10263000034545D4118501469745FE1F83C545D501
:102640000D89EFF0CFF503270A005C4393F7F7EF0E
:102650005CC3010001000100010001000100010054
:10266000010003270A005C4393E707105CC383273C
:102670000C000327890098C70327C900D8C3184056
:102680008347090093F617005C43F99BD58F5CC321
:102690009747FE1FA38177D19747FE1F238D67CFF2
:1026A0005C43858BA9CFDC4085E31745FE1F0345BE
:1026B00035CE93059004090597F0FD1FE78080E66D
:1026C0009747FE1F23AAA7CCDC40E38507E81747FE
:1026D000FE1F034747CC2380E700DC40638E0A08D7
:1026E000638C0908A3803701C8404E86D68509054A
:1026F00097E0FD1FE780C0091C40D840B8DB354596
:10270000EFF07F9183C7E40093E747001747FE1F70
:102710002309F7C8930700041747FE1F230EF7C2CB
:102720009747FE1F238C07C2A1471747FE1FA30828
:10273000F7C29747FE1F938767A29C5791CB13065A
:102740000064C1451745FE1F0345C5C5EFF0EEF017
:102750009747FE1FA38407C09747FE1FA38E07BE9F
:102760001C400547014598C3FDB393F5050393E568
:102770001500032549004DBDA3800700B5BF938711
:1027800001AD9443056713071710D8C651470100E0
:102790007D1775FF984323260700514701007D17D9
:1027A00075FF98438567938717105CC78280411136
:1027B00006C6EFF0DFFC938701AD9C43130700488A
:1027C0003703009098D7B8477D13370E0020337732
:1027D00067003367C701B8C7B847B70600F9FD16E9
:1027E000758F37060004518FB8C7B8473706F9FF11
:1027F0007D16419B13679700B8C7B847B70800809C
:10280000B70E0002718FB8C7B847370600FF7D16B4
:1028100033671701B8C7F84745757D1E619B13677D
:102820003700F8C7F8471377F7F813670703F8C7B7
:10283000EC4793F5F58F93E50530ECC7F847718FBA
:10284000F8C7F84711663367D701F8C703A807052B
:102850001307F5FF7D753378E8003368C80023A8B7
:10286000070503A847057D15137808FF1368C800FE
:1028700023AA0705F04B13660608F0CBF04B698ED0
:10288000F0CBC85F798D2167598DC8DFCC5F3707E2
:102890000040F58DB3E5D501CCDFD05FB705700002
:1028A0003376C601598ED0DFD05709674D8ED0D709
:1028B000D057F18ED4D7D45775767D16F18ED98E38
:1028C000D4D7D4573706FDFF7D1637070200F18EA7
:1028D000D98ED4D7945BC19A94DB945B93F6F6F0CF
:1028E00094DB945B93F6F68F94DB985BB70600500D
:1028F0004D8F98DB985B33776700558F98DB985F37
:10290000B70608FFFD16758FB7068800558F98DF4C
:10291000985FB368170123AC1703B240410182806E
:10292000138701AD1C4341767D16B44BF18EB4CBB9
:10293000944737062000D18E94C7D44793E606010A
:10294000D4C7D447BD9AD4C70100010001000100DB
:1029500014430566DC4693E70701DCC6DC42D18FF1
:10296000DCC2938781AC9043930700057CD27C52F4
:1029700091C783A7C609A183858BF5DB0100010000
:10298000010001001C43416603A7C709B44BD18E67
:10299000B4CB9376F701B84B019B558FB8CB9847D2
:1029A000B706E0FFFD16758F98C78280938701AD4B
:1029B0009C4341777D17B44F4166F98EB4CF94475D
:1029C000D18E94C7D44793F6F6EFD4C7D443758F0E
:1029D000D8C3D44793E60610D4C7D843518FD8C381
:1029E0008280397122DC138401AD1C4006DE26DAB8
:1029F0004AD84ED652D456D25AD05ECE62CC66CA8F
:102A00006AC86EC6D843FD76FD161377F7EFD8C3B4
:102A10009857758F98D7D857B70602003D9BD8D7DF
:102A20009847558F98C7D84313670701D8C31387B2
:102A3000C1AC14433757341213078767E38FE64856
:102A4000D84381749384F40F799BD8C3985FB1669F
:102A5000938606F0658F558F98DFD843136717006C
:102A6000D8C397F0FD1FE780C0A81C4003A7070943
:102A70001377F703238AE1AC03A747092983137768
:102A8000F707A38BE1ACD843B96693860670799BB0
:102A9000D8C3985F658F558F98DFD84313671700A9
:102AA000D8C397F0FD1FE780C0A41C4003A7070907
:102AB0001377F703238BE1AC03A747092983137727
:102AC000F707A38CE1ACD843B56693860630799BB3
:102AD000D8C3985F658F558F98DFD8431367170069
:102AE000D8C397F0FD1FE780C0A0184083270709CF
:102AF00093F7F703A38AF1AC83274709A98393F7D8
:102B0000F707238CF1AC1C4003CC51AD83C641AD1B
:102B100003A7070AB386864113F6F600419B518F3F
:102B200023A0E70A130760023387E6021306700248
:102B300083A5070A7D7E130EFE0F93F5F5F01305AE
:102B4000400245737D13130430023347C702B708B0
:102B5000F1FFFD1813082002930E10027D4FF94F6C
:102B6000F542F1436D4DD14B454BBD443949314A96
:102B7000AD4AB5493D8B12074D8F9305500223A0F6
:102B8000E70A3387B60283A5070AB3F5C5013347C1
:102B9000C7023D8B22074D8F23A0E70A3387A60289
:102BA00083A5070A370500F17D15B3F565003347A6
:102BB000C7023D8B32074D8F23A0E70A3387860279
:102BC00083A5070A6144B3F515013347C7023D8B5E
:102BD00042074D8F23A0E70A3387060383A5070A20
:102BE000370810FF7D18B3F505013347C7023D8B49
:102BF00052074D8F23A0E70A3387D60383A5070A20
:102C0000B70E0010FD1EE98D3347C7023D8B6207EA
:102C10004D8F23A0E70A139756003347C702931539
:102C2000C70103A7070A3377D7014D8F23A0E70A0F
:102C30003387E6035D4F3347C7029375F70003A759
:102C4000470A419B4D8F23A2E70A3387F60383A5EA
:102C5000470AD94F93F5F5F03347C7023D8B12076A
:102C60004D8F23A2E70A3387560283A5470AD54230
:102C7000B3F5C5013347C7023D8B22074D8F23A211
:102C8000E70A3387760283A5470ACD43B3F565008B
:102C90003347C7023D8B32074D8F23A2E70A3387A4
:102CA000A60383A5470A494DB3F515013347C7026B
:102CB0003D8B42074D8F23A2E70A69473387E6021F
:102CC00083A5470AB3F505013347C7023D8B520779
:102CD0004D8FE54523A2E70A3387B60283A5470A4D
:102CE000E98D3347C7023D8B62074D8F23A2E70A68
:102CF000338786020D443347C7029315C70103A7E4
:102D0000470A3377D7014D8F23A2E70A3387E603BB
:102D1000254F3347C7029375F70003A7870A419BE6
:102D20004D8F23A4E70A3387F60383A5870A9D4FB7
:102D300093F5F5F03347C7023D8B12074D8F23A45F
:102D4000E70A3387560283A5870A9942B3F5C5017E
:102D50003347C7023D8B22074D8F23A4E70A3387F1
:102D6000760383A5870AB3F565003347C7023D8B19
:102D700032074D8F23A4E70A3387760283A5870A9B
:102D80009543B3F515013347C7023D8B42074D8F7D
:102D900023A4E70A3387A60383A5870A294DB3F541
:102DA00005013347C7023D8B52074D8F23A4E70A25
:102DB0003387660383A5870AE98D3347C7023D8BB6
:102DC00062074D8F93954600B3C5C50223A4E70A59
:102DD00003A7870A3377D701F2054D8FB385960293
:102DE00023A4E70A03A7C70A419BB3C5C502BD894F
:102DF0004D8F23A6E70A3387260383A5C70A93F5D9
:102E0000F5F03347C7023D8B12074D8FB3C58602DD
:102E100023A6E70A03A7C70A3377C701BD89A2051E
:102E20004D8F23A6E70A3387460383A5C70AB3F568
:102E300065003347C7023D8B32074D8F23A6E70A53
:102E40003387560383A5C70AB3F515013347C70275
:102E50003D8B42074D8F23A6E70A3387A60383A540
:102E6000C70AB3F505013347C7023D8B52074D8FA3
:102E700023A6E70A3387E60383A5C70AE98D33470C
:102E8000C7023D8B62074D8F93953600B3C5C502CF
:102E900023A6E70A03A7C70A3377D701F2054D8FA8
:102EA000B385F60323A6E70A03A7070B419BB3C527
:102EB000C502BD894D8F23A8E70A3387560283A533
:102EC000070B93F5F5F03347C7023D8B12074D8F83
:102ED00023A8E70A3387760283A5070BB3F5C5015C
:102EE0003347C7023D8B22074D8F23A8E70A13976C
:102EF00026003347C70283A5070BB3F565003D8B5A
:102F000032074D8FB3C5360323A8E70A03A7070B83
:102F100033771701BD89C2054D8F23A8E70A1397A0
:102F200016003347C70283A5070BB3F505013D8B98
:102F300052074D8FB3C5C60223A8E70A03A7070BA4
:102F4000698FBD89E2054D8F23A8E70A03A7070B08
:102F5000930580023377D70123A8E70A03C761AD41
:102F60003307EC40B34DB70283AC470B93FC0CFF27
:102F7000B34B770393FDFD00B3ECBC0123AA970B81
:102F800083AC470BCD4D93FCFCF093FBFB00920B05
:102F9000B3EB7C0123AA770BB30B870283AC470BFF
:102FA000B3FCCC01B3CBBB0293FBFB00A20BB3EB96
:102FB0007C01B34CA70323AA770B83AB470BB3FB6E
:102FC0006B0093FCFC00B20CB3EB9B0123AA770BC4
:102FD000A14BB34B770383AC470BB3FC1C0193FBB2
:102FE000FB00C20BB3EB7C0123AA770BB30B570298
:102FF00083AC470BB3FC0C01B3CBBB0293FBFB00D0
:10300000D20BB3EB7C0123AA770BB30BF70383AC92
:10301000470BB3FCAC00B3CBBB0293FBFB00E20B52
:10302000B3EB7C01B34C770223AA770B83AB470B3E
:10303000B3FBDB01F20CB3EB9B01B30CE70323AA58
:10304000770B83AB870B93FB0BFFB3CCBC02B30AAC
:10305000570393FCFC00B3EB9B0123AC770B914B24
:1030600083AC870B93FCFCF0B34B7703330A470325
:1030700093FBFB00920BB3EB7C0123AC770B83AB90
:10308000870BD54CB3FBCB01B3CABA02B3093703E4
:1030900093FAFA00A20AB3EA5B0123AC570B83AAA6
:1030A000870BD94BB3FA6A00334ABA0233092703B4
:1030B000137AFA00320A33EA4A0123AC470B03AA17
:1030C000870BE14A337A1A01B3C9B902B3049702F4
:1030D00093F9F900C209B3693A0123AC370B83A90C
:1030E000870B654AB3F909013349B902B3C4B40285
:1030F0001379F900520933E9290123AC270B03A9FD
:10310000870BE9493379A900330B6703BD88E204D3
:10311000B36499001319470023AC970A83A4870B63
:10312000B3F4D4013349B902334BBB027209B3E49F
:10313000240123AC970A83A4C70BC198137BFB001F
:1031400033EB6401C944B304970223AE670B03A9B0
:10315000C70B5D4B1379F9F0B3C4B402BD88920478
:10316000B364990023AE970AB304B70303A9C70B4E
:10317000F54D3379C901B3C4B402BD88A204B36468
:10318000990023AE970A8944B344970203A9C70B59
:1031900033796900BD88B204B364990023AE970AFD
:1031A000B304970303A9C70BF94C33791901B3C4CE
:1031B000B402BD88C204B364990023AE970AB30475
:1031C000770303A9C70BFD4B33790901B3C4B402DC
:1031D000BD88D204B364990023AE970AB304670391
:1031E00003A9C70B130B10023379A900B3C4B402AF
:1031F000BD88E204B364990023AE970AB304570371
:1032000003A9C70B930A20023379D901B3C4B402CE
:10321000F204B364990023AE970AB304470303A9E9
:10322000070C130A3002137909FFB3C4B402BD8836
:10323000B364990023A0970CB304370303A9070CC8
:10324000930940021379F9F0B3C4B402BD88920423
:10325000B36499006D4923A0970CB304270303A915
:10326000070C3379C901B3C4B402BD88A204B364A6
:10327000990023A0970CF144B304970203A9070C0B
:1032800033796900B3C4B402BD88B204B364990051
:1032900023A0970CB304B70303A9070C33791901D2
:1032A000B3C4B402BD88C204B364990023A0970CD0
:1032B000B304970303A9070C33790901B3C4B4021B
:1032C000BD88D204B364990023A0970CB30477039C
:1032D00003A9070C3379A900B3C4B402BD88E20482
:1032E000B364990023A0970C93145700B3C4B4029D
:1032F0001399C40183A4070C3306C702B3F4D401A5
:10330000B3E4240123A0970C03A9470C137909FF08
:10331000B3046703B3C4B402BD88B364990023A2A5
:10332000970CB304570303A9470C1379F9F0B3C4FE
:10333000B402BD889204B364990023A2970CB3042D
:10334000470303A9470C3379C901B3C4B402BD884C
:10335000A204B364990023A2970CB304370303A912
:10336000470C33796900B3C4B402BD88B204B364B6
:1033700099001309500223A2970CB304270303A951
:10338000470C33791901B3C4B402BD88C204B364D5
:10339000990023A2970C93046002B304970203A937
:1033A000470C33790901B3C4B4023346B602BD8871
:1033B000D204B364990023A2970C83A4470CE98C30
:1033C0003D8A6206458E23A2C70C03A6470C9314C0
:1033D000C7013376D601458E23A2C70C130690028F
:1033E0003306C70283A4870CC1983346B6023D8AD0
:1033F000458E23A4C70C1306A0023306C702B345AB
:10340000B60203A6870C1376F6F0BD899205D18D1E
:1034100023A4B70C83C581AD03C691AD3386C540E7
:10342000B304A60303A9870C3379C901B3C4E4022A
:1034300093E48400BD88A204B364990023A4970C8C
:10344000B304E60303A9870C33796900B3C4E4022B
:1034500093E48400BD88B204B364990023A4970C5C
:1034600093143600B3C4E40203A9870C337919011D
:1034700093E48400BD88C204B364990023A4970C2C
:10348000B304F60303A9870C33790901B3C4E4023A
:1034900093E48400BD88D204B364990023A4970CFC
:1034A000B304560203A9870C3379A900B3C4E4021C
:1034B00093E48400BD88E204B364990023A4970CCC
:1034C000B304760203A9870C3379D901B3C4E402AB
:1034D00093E48400F204B364990023A4970C93143A
:1034E0002600B3C4E40203A9C70C137909FF93E4CF
:1034F0008400BD88B364990023A6970CB3048602A8
:1035000003A9C70C1379F9F0B3C4E40293E484006F
:10351000BD889204B364990023A6970C93141600F7
:10352000B3C4E40203A9C70C3379C9013347E602E7
:1035300093E48400BD88A204B364990023A6970C89
:1035400003A6C70C33766600136787003D8B3207EE
:10355000518F23A6E70C03A7C70C3377170123A6C7
:10356000E70C03C771AD0D8F3346D70293F5F5070E
:10357000E2053D8A9314460103A6C70C3304870273
:1035800033760601458E23A6C70C1316170083A4B5
:10359000C70CE98C3346D6023D8A6206458E23A6C7
:1035A000C70C03A6C70C3344D402B37ED60113164E
:1035B0002700B3037702720433E48E0023A6870C3E
:1035C0003346D602B3025702937EF60003A6070DD8
:1035D000419A3366D60123A8C70C03A6070DB3C3CF
:1035E000D3021376F6F0B3C2D20293F3F300920340
:1035F000B363760023A8770C03A6070D337EC601BC
:10360000B30FF70393F2F200A202B3625E0023A8A5
:10361000570C03A6070D3373660013163700B3CF9C
:10362000DF02330FE70393FFFF00B20FB36FF30125
:1036300023A8F70D03A3070DB37813013346D60271
:10364000330DA7033D8A420633E6C80023A8C70C02
:1036500003A6070D33780601334FDF02B346DD02C0
:10366000137FFF00520F336FE80123A8E70D03A774
:10367000070D798DBD8AE206C98E23A8D70CD843E1
:1036800085663D9BD8C3D843799BD8C39857558F3F
:1036900098D7D857B7060081FD1613670701D8D70A
:1036A0001377FC0303AC8703137C0CFC336CEC0036
:1036B00023AC8703985F758FD98D8CDF6254F250ED
:1036C000D2544259B259225A925A025BF24B624C7E
:1036D000D24C424DB24D2161828023A601AC6FF0E5
:1036E0008FC2138701AD1443DC4293F7F7EFDCC2BE
:1036F0000100010018435C4393E707105CC382801C
:10370000411106C6EF00E07393056040EF20400EC4
:10371000B2400145410182806F00607819C591C5B2
:1037200009C68357060001459DE301110565C94798
:103730001306F100130555C3854506CEA307F10016
:10374000EF20C00AF2400345F100056182808280CB
:1037500001119737FE1F2389A7D005651306F100D5
:10376000130595C4854506CEA3070100EF20000888
:10377000F2400345F10005618280011113059100BB
:1037800006CEEF0040742304A10005653000250536
:103790009D45EF20A005F240034581000561828030
:1037A00001119305F10006CE22CC2A84EF00E073CC
:1037B0002306A1000565A306810070002180130582
:1037C0005540914523078100EF204002F2406244BA
:1037D0000345C1000561828001111305D10006CEA9
:1037E000EF00C0722306A10009657000090591452C
:1037F000EF10D07FF2400345C100056182800111C6
:1038000006CEEF000073A307A10009651306F100BF
:1038100015058545EF10907DF2400345F1000561E7
:103820008280011106CEEF00C07BA307A1000965CD
:103830001306F10029058545EF10507BF240034542
:10384000F10005618280011106CEEF003009A30767
:10385000A10009651306F10039058545EF101079BF
:10386000F240014505618280011106CEEF007042F1
:10387000A307A10009651306F10041058545EF1076
:10388000F076F2400345F10005618280011106CE19
:10389000EF005020A307A10009651306F1004505BC
:1038A0008545EF10B074F2400345F1000561828058
:1038B000411106C622C4EF00B0268965CD052A84D1
:1038C000EF1010732285B240224441018280011121
:1038D0001305510006CEEF0010412302A100096537
:1038E00050006105A545EF107070F240014505617B
:1038F0008280411106C6EF0070428965E505EF1030
:10390000306FB240014541018280011106CE22CCC8
:103910002A84EF00D0552306A1000965A306810083
:103920007000218069058D4523078100EF10106C20
:10393000F2406244014505618280011106CE22CC2D
:103940002A84EF0090652306A1000965A306810083
:10395000700021806D058D4523078100EF101069EF
:10396000F2406244014505618280011106CE22CCFD
:103970002A84EF0020792306A1000965A3068100AF
:1039800070002180130505028D4523078100EF108B
:10399000F065F2406244014505618280011106CE66
:1039A00022CC2A84EF00100B2306A1000965A30690
:1039B000810070002180130515028D4523078100C9
:1039C000EF10D062F240624401450561828001112E
:1039D00006CEEF009061A307A10009651306F10070
:1039E000130575028545EF107060F2400345F10044
:1039F00005618280011106CEEF00706AA307A10065
:103A000009651306F100130595028545EF10105E58
:103A1000F2400345F10005618280011106CEEF00FE
:103A2000D06CA307A10009651306F1001305D502A8
:103A30008545EF10B05BF2400345F10005618280DF
:103A4000011106CEEF007070A307A10009651306EF
:103A5000F1001305E5028545EF105059F24003458A
:103A6000F10005618280011106CEEF00F072A3071C
:103A7000A10009651306F100130515038545EF1034
:103A8000F056F2400345F10005618280411106C6FF
:103A900022C4EF00F0748965938525032A84EF1012
:103AA00030552285B240224441018280011106CE68
:103AB000EF10E02DA307A10009651306F10013051F
:103AC00075038545EF109052F2400345F100056102
:103AD0008280011106CEEF106042A307A1000965A4
:103AE0001306F100130585038545EF103050F240B1
:103AF0000345F10005618280011106CEEF10005AE6
:103B0000A307A10009651306F10013059503854578
:103B1000EF10D04DF2400345F100056182800111A4
:103B200006CEEF102072A307A10009651306F1006D
:103B30001305E5038545EF10704BF2400345F10096
:103B400005618280011106CEEF10007FA307A1005E
:103B500009651306F1001305F5038545EF101049BB
:103B6000F2400345F10005618280011106CEEF109D
:103B7000F012A307A10009651306F100130505045F
:103B80008545EF10B046F2400345F10005618280A3
:103B9000011106CEEF10D021A307A100096513067D
:103BA000F100130525048545EF105044F24003450C
:103BB000F100056182809737FE1F2391A78A014596
:103BC0008280011106CEEF107029A307A1000965BC
:103BD0001306F100130515058545EF103041F2403D
:103BE0000345F10005618280011106CEEF105030CF
:103BF000A307A10009651306F100130525058545F6
:103C0000EF10D03EF2400345F100056182805D7106
:103C10001303D1031AD20343010786C61AD0034304
:103C2000C1061ACE034381061ACC034341061ACAC1
:103C3000034301061AC80343C1051AC6034381059D
:103C40001AC4030341051AC2034301051AC0EF0059
:103C5000B060230EA102096570181305650389453C
:103C6000EF10D038B6400345C103616182809727C9
:103C7000FE1F83D7477B99E79307F01F1727FE1F87
:103C80002313F77A9727FE1F83D7E779A1460145CB
:103C900013F707108607C2073357D740C183598DE2
:103CA00013D6574013D79740318F058BFD161375E8
:103CB000F50FD98FF1FE1727FE1F2316F7768280A6
:103CC0009727FE1F83D7477681EBE17793C7F7FFEE
:103CD0001727FE1F231AF7749727FE1F83D7C77471
:103CE000B94601451168194633F707018607C2072F
:103CF0003357D740C183598D13D7E74093D5F70089
:103D0000058B2D8FFD161375F50FD98FE39EC6FC1D
:103D10001727FE1F231AF7708280011126CA4AC88E
:103D20004EC656C29727FE1F9387076306CE22CC46
:103D300052C45AC0AE893289B68AC44B35C9AD4720
:103D40002A8463EEA7021304F5FF1374F40F631DB6
:103D50000906268A338B990063124B071379F90001
:103D60009386FAFF228523802401A380340193F6F1
:103D7000F60F4E868545EFE02FB8014505A0B14707
:103D8000630BF5029307600263E5A7001304E5FFE8
:103D90006DBF930770024945E30BF4FAF2406244A9
:103DA000D2444249B249224A924A024B056182807A
:103DB0001304500269BF1304600251BFEFF03FEBE0
:103DC0002301AA00050A49BF8547631CF9004E86F6
:103DD0009305000F1385240097D0FD1FE780C09E38
:103DE000B5BF89476316F9004E869305A00ADDB773
:103DF0008D47631DF900268A338B9900E3004BF74A
:103E0000EFF01FEC2301AA00050ACDBF914763160E
:103E1000F9004E869305F00F75BF95476315F900BD
:103E20004E86814545BF99476315F9004E86BD45CD
:103E300055B79D474945E313F9F64E86930550055E
:103E400051BF011106CE9317450163D40702EF70ED
:103E50000064894719C9834605001147B147639635
:103E6000E60095472300F500C947F2403E8505610D
:103E700082802EC6EF904058C94765D90347A500F8
:103E8000418B65D7B2458347B500230AB50491E756
:103E9000E9472308F5008147C9BFED47DDBF0111A0
:103EA00006CE22CC2EC6EF90205501CDB2452A84F5
:103EB000EF802013A305A4020145F240624405618E
:103EC00082804945DDBF1727FE1F1307275581470D
:103ED00099468345870E3306F50085072300B60013
:103EE0000507E398D7FE01458280011106CE2EC654
:103EF000EF90805011C983074503B24501452380E7
:103F0000F500F240056182800945E5BF9727FE1F55
:103F10009387C72403D707012300E50003D70701D0
:103F20002183A300E50083C7F7002301F5000145C5
:103F3000828019E1494582809727FE1F9387074EAB
:103F4000F84B411122C406C62A8409C70347C7009B
:103F5000314525E3F85F09C70347B700314531EB29
:103F600083A7070989C783C777003145B9E3854728
:103F70001946A2851725FE1F130525591727FE1F71
:103F8000230FF74897D0FD1FE780808083475400B8
:103F90001307000C93F7070C6391E7021946A285FB
:103FA0001725FE1F1305C55697C0FD1FE780407EED
:103FB0000145B24022444101828081EB1946A2852D
:103FC0001725FE1F13052555C5B7130700044945DE
:103FD000E391E7FE1946A2851725FE1F1305055438
:103FE000E1B7411126C29724FE1F9384244322C4C3
:103FF000E04806C611C47C4813974700634C070C81
:10400000FC5099E74945B2402244924441018280E4
:1040100009ED1305000FEF60807F6DD58347C50064
:10402000F5D3EF6010230145F9BF0547E31CE5FC1C
:1040300015EC014582972A8445C1856793870780DF
:104040002310F502930700702317F5008D47230C0A
:10405000F500A30A050219469725FE1F9385854A98
:104060001305650397C0FD1FE78080720347C400F6
:104070008547E309F7F88347E400B98B95C3034705
:10408000E40085476318F70289472310F4022244AD
:1040900003A38406B24092441305000F410102833A
:1040A000EF70D0159727FE1F83C7B70C8D8BE318D1
:1040B000F5FC89BF8357040211676375F70023106D
:1040C000E402F1B7930600023E87E3FAD7FE130736
:1040D0000002F5B7314505BF1D4535B79727FE1FCF
:1040E0009387C73383A70709314581CF83C77700FB
:1040F00089CB411106C6EF90B023B2400145410182
:1041000082808280011126CA4AC84EC652C456C255
:104110005AC02E89368BBA89BE8A06CE22CCB2848A
:10412000428AEF90602D1307A9FF420785674183FC
:104130009386A7C763EEE610938707C82A8449458C
:1041400063E8970A63E6240B1307301F6362670B6B
:1041500063E0370B93071B00B3879702139739006F
:10416000860763D7E70849C48347140113F747005C
:104170003DC7ED9BA308F4008347B400231A24072E
:10418000231B9406D5EF03578406C167FD17630B05
:10419000F706631999068357A403231BE404231C21
:1041A000F4049727FE1F83D767328D46114763E5D6
:1041B000F600850713F7F70FA30AE4042285EF70D2
:1041C000100683570404A907231FF4048327440A15
:1041D00093E717002322F40AC547A30EF400231C1B
:1041E0005407231D4407231D6405231E3405014580
:1041F000F2406244D2444249B249224A924A024BB6
:10420000056182808357440691CFB3D4F4024A8774
:10421000B3879702C207C1836373F9003E87231CEB
:10422000E40441B7B305990085814A85EFE0EEB516
:10423000231CA404930584052685EF40607295B77E
:104240008327840A93E707022324F40AC14771B73E
:10425000494579BF01112EC606CEEF90E019B2454F
:1042600009E54945F2400561828083471501A305B0
:10427000B50213F7470075D7ED9BA308F500BD47BE
:104280002306F5028327850A93E727002324F50AEE
:104290000145C9BF1727FE1F130747187C4B81CB69
:1042A00083C6C70089C683C6D700C947A1E27C5F21
:1042B00089CB83C6B70091C683C60701C947858AE3
:1042C00095E68327070981CB03C7770009C703C792
:1042D000D700C94701EF1727FE1F0347E71F97279E
:1042E000FE1F83C7771F636AF7009D473E85828064
:1042F0009D47F2403E85056182800111A304A10023
:1043000019461305A10006CE97C0FD1FE78040485F
:104310002800EFD06FD58547E31CF5FC8147D1BF5E
:10432000797126D24AD04ECE06D622D42E89B289B1
:1043300036C63AC43EC242C0EF90000CC94455C9CB
:104340009305A9FFC20505662A84C1811305A6C786
:10435000C9446360B50A130606C8636C360963EA8C
:104360002909B2469305301F63E5D50822476362E9
:10437000E608138616003306260393153700635AA2
:10438000B60603461401B144058A25E60326440A0D
:104390001376162039EE92470248231EE4040347A1
:1043A000B400231CF406231A2407231B3407231DFF
:1043B0000407231DD4048347D401814459EF95EBAE
:1043C00083270410898B95CF31469305F00F130591
:1043D000840697C0FD1FE780203F8327440A2314EB
:1043E000040693E707202322F40AC947A30EF4002A
:1043F0008144B2502254268502599254F2494561B3
:10440000828063093905B385290185814A85EFE0FA
:10441000CE97231CA404930584054E85EF40405499
:104420009727FE1F83D7870A8D46114763E5F6005D
:10443000850713F7F70FA30AE4042285EF70205EC7
:1044400083570404A907231FF4048327440A93E72E
:10445000170051BF231C2405E1B7C1FF8327841037
:10446000898B95C731469305F00F1305840697C0D5
:10447000FD1FE78060358327440A2314040693E771
:1044800007202322F40ACD47A30EF4009DB7E94488
:104490008DB79727FE1F938767F8F84B01CB8346AC
:1044A000C70089C60347D70049450DEFF85F09CB20
:1044B0008346B70091C6034707014945058B1DE3B5
:1044C00083A7070981CB03C7770009C783C7D70034
:1044D000494589EB411106C6EFD0CFC4B240014532
:1044E000410182808280411122C426C24AC006C690
:1044F0002A890144A1449305F00F0545EFE0AE86FB
:10450000B30789002380A7000504E31694FEB24098
:10451000224492440249014541018280011122CC8A
:104520004AC806CE26CA2EC632893684EF80D06CA1
:10453000630D05128347B500AA84B2450945DDEB3A
:1045400021461385F41897C0FD1FE7806024A38BD4
:10455000241913598900238C24198347E400034646
:10456000D4008345F4008346C400A207420603C575
:10457000C404B297AE97E20603A7440AB69749C1AE
:1045800023A6F40A8347A400834694001367070216
:10459000A207C206B6978346B400B6978346840046
:1045A000E206B69723A8F40A8347640083465400C2
:1045B000A207C206B69783467400B69783464400A6
:1045C000E206B69723AAF40A834724008346140020
:1045D000A207C206B69783463400B6978346040006
:1045E000E206B69723ACF40A8547A386F40423A217
:1045F000E40A0145F2406244D244424905618280A6
:1046000023A6F40C8347A400834694001367870015
:10461000A207C206B6978346B400B69783468400C5
:10462000E206B69723A8F40C83476400834654003F
:10463000A207C206B69783467400B6978346440025
:10464000E206B69723AAF40C83472400834614009D
:10465000A207C206B69783463400B6978346040085
:10466000E206B69723ACF40C59B7094561B70111BE
:1046700006CE2EC6EF805058630F05108346B50056
:104680000547AA87B24505456391E60A83C6070137
:10469000130740020145639AE60803C7E50083C695
:1046A000D5002207C206369783C6F500369783C623
:1046B000C500E206369783C6D704BDCA23A6E70A1B
:1046C00003C7A50083C695002207C206369783C696
:1046D000B500369783C68500E206369723A8E70A19
:1046E00003C7650083C655002207C206369783C6F6
:1046F0007500369783C64500E206369723AAE70A77
:1047000003C7250083C615002207C206369783C655
:104710003500369783C60500E206369723ACE70AD4
:104720001307A0022388E7000145F240056182805B
:1047300023A6E70C03C7A50083C695002207C2067F
:10474000369783C6B500369783C68500E20636974E
:1047500023A8E70C03C7650083C655002207C206DD
:10476000369783C67500369783C64500E2063697AE
:1047700023AAE70C03C7250083C615002207C2063B
:10478000369783C63500369783C60500E20636970E
:1047900023ACE70C71B7054549BF411106C6EF8050
:1047A000B04531C18346B5000547AA8709456399DD
:1047B000E60283C60701130740026393E6020D4732
:1047C0002386E7021947A385E702130750022388CF
:1047D000E70003C7A7020145136717002385E70217
:1047E000B240410182800945E5BFAA871728FE1F14
:1047F0000348D8C21725FE1F130545C22A87630840
:104800000802684911C50348C50031456318080806
:10481000685F11C50348B5003145631108080325D9
:10482000070911C503487500314563190806972823
:10483000FE1F83C8E8CA1728FE1F034878CA1D4513
:1048400063FE08050327870D49451377070439C719
:104850005D71A6C22800B284194686C6A2C4A3030D
:10486000F100368497C0FD1FE78080F2A68513050E
:10487000E102414697C0FD1FE78080F1A285130544
:10488000E101414697C0FD1FE78080F04800EFA09E
:104890000051B6402644964461618280828097260A
:1048A000FE1F83C6B6B78DCA1727FE1F130707B7AB
:1048B000BA87784B09C70347C700494515E7F85F32
:1048C00009C70347B700494505E383A7070989C717
:1048D00083C77700494589EB411106C6EFA0E06127
:1048E000B24001454101828082809727FE1F938755
:1048F000E7B29726FE1F83C676B23E8785C6FC4B7D
:1049000089C783C6C700C94785EE7C5F89C783C650
:10491000B700C94795E68327070989C783C677008B
:10492000C94799EE9727FE1FA38AA7AE8327070ED4
:1049300011C993E707601727FE1F2321F7BC8147A2
:104940003E85828093F7F79FFDB713070064330518
:10495000E50241119727FE1F938747AC22C403A4A9
:10496000870C26C24AC006C6BE841309F00F17275B
:10497000FE1F232FA7AC01E8B24022449244024913
:104980000145410182800345040063052501CC589F
:10499000EFD0EEBA405CC5B79727FE1FA38CA7AA3D
:1049A000937715001727FE1F130747A781EF83474B
:1049B000C703ED8F6384B700494582809726FE1FA9
:1049C000238BF6A893772500014591EB8347D70306
:1049D000F18FE393C7FE9727FE1FA38EC7A68280A1
:1049E000011106CE2EC632C436C23AC0EF80D020A6
:1049F00035C1B2450247924693F7150099EB22461E
:104A00009D4763F6C7004545F24005618280230259
:104A1000C514898991E59D47E3E7D7FEA302D51424
:104A200001CF9727FE1F83D787A37D8F0D8B8547E7
:104A3000631FF7002314E5148547230FF500832730
:104A4000450A0567D98F2322F50A014575BF23144E
:104A50000514DDB749454DBF5D71A6C29724FE1F01
:104A60009384C49B03A34405CAC04EDE62D466D2BD
:104A70006AD086C6A2C452DC56DA5AD85ED66ECE4A
:104A8000030C41058349810503490106834CC10696
:104A9000034D010763090302032343051314530065
:104AA000635304023143B640264496440649F25902
:104AB000625AD25A425BB25B225C925C025DF24D5A
:104AC0001A85616182800D4E4943E36EFEFC93FDC1
:104AD0000501638D0D08054EE397C9FD3AC6468B67
:104AE00042C43EC2B68BB28A2E842AC0EF503052E6
:104AF0002A8A324719E9FC50054582972A8A1D43C4
:104B00005DD1824732472304F5009305000263918B
:104B1000BB028D456310B90A0355CA019305900F76
:104B200013035004E3E1A5F80355EA01E3EDA5F60C
:104B30009375F40F2300BA0663810D1C3D8815455B
:104B40006312A408130510F82307AA004543E3ECF9
:104B50005BF57D454543E37855F51165E36575F5EE
:104B600033865B0105822310CA02B5A093FE35008F
:104B70004943E38ACEF393FE8500E3960EF26392F7
:104B8000C90303C3C40313734300E30D03F0E30736
:104B900039F50943E31469F403C3C4031373230011
:104BA00039A0E318C9FF03C3C40313734300E31719
:104BB00003F2CDBD8545E31DB9F60355CA01930542
:104BC000D02EB9BF35456310A41285462307DA00FD
:104BD00089462310DA02A307EA0063150716054782
:104BE000230CEA0093F5050281E59247A30AFA0235
:104BF000194681455A8597C0FD1FE78000C7631499
:104C00000516A2470547230EEA02A30EFA0219462B
:104C1000DA851305EA0397C0FD1FE78060B70347F5
:104C20000105A306EA001307F0076311EC14171738
:104C3000FE1F1307A75203474701D6572380E700FB
:104C400003055A01EFC07FFA2304AA06EFC03FF321
:104C5000D657A30AAA000D472380A7006391E91243
:104C6000638D0C0093F61C0099C603C7C403218B07
:104C700019E3E3893CE32305DA0609472302EA0640
:104C80000347C105A302EA0603470A06418B1DEB51
:104C90001307F9FF1377F70F89464943E3E5E6E089
:104CA0008D466313D90E630D0D0013761D0019C6D2
:104CB00083C6C403A18A99E2E3062DDFA305CA06D1
:104CC000A301EA0603474106B70600080143A30013
:104CD000EA0603478106A303EA0603274A05558F20
:104CE000232AEA04C9B309456314A4001945A9BDE0
:104CF000E30C04E423070A0091BD1D452307AA0025
:104D000013F8150013F54500630B0800114811C195
:104D10000548A30F0A050545230FAA0405BD13F88E
:104D2000250063090800094811C11548A30F0A05A9
:104D30000945DDB70D4811C11948A30F0A05230F16
:104D40000A0429B5230C0A0081460D453356D74085
:104D5000058A11C603468A010506230CCA0085068A
:104D6000E396A6FE41B5230E0A0255BD19476345D9
:104D70008701A30A8A01E9B5A30AEA00D1B5230590
:104D80000A0623020A06EDBDA3050A0615BF9717FA
:104D9000FE1F9387A768F04B01114EC606CE22CCAA
:104DA00026CA4AC852C4BE8911C67C4A1396570007
:104DB000634E06003A8AB6842E89EF5050252A8425
:104DC00019ED83A749051305200491C33145F2402D
:104DD0006244D2444249B249224A05618280034773
:104DE000E500854701453D8BE303F7FE03470406D5
:104DF000418B41CB8D476304F9004945C9BFFD474D
:104E0000E3ED97FE231E04008D476316F90CC5CC15
:104E10008357C4011717FE1F0357E7671D45B38665
:104E20009700E346D7FA0347C40015C78356040228
:104E3000130700026391E602034734068D466319A7
:104E4000D70A1307900F13055004E362F7F883574E
:104E5000E401E36EF7F68D471D45E31AF9F6930575
:104E6000800C0545EFD02EF08357C406120523248D
:104E700044038507BD8BC98F2316F406231E9400B7
:104E800089A81377D90FE30FF7F611476315E904E3
:104E9000784893167700E3C206F60347C400E31E82
:104EA000F7F48357C401B1DBA9F89305800C0545DD
:104EB000EFD06EEB8357C40612058507BD8BC98FF3
:104EC0002316F40639A07C48370700FF7D17F98FB9
:104ED0007CC80145EDBD9307D9FF93F7F70F054750
:104EE000E378F7F299D88347C400E393E7F2F9BD7A
:104EF0008546E312D7F61307D02EB1B79717FE1FDA
:104F00009387C751F04B01114EC606CE22CC26CA5C
:104F10004AC852C4BE8911C67C4A13965700634ED4
:104F200006003A8AB6842E89EF50700E2A8419ED55
:104F300083A749051305200491C33145F24062441B
:104F4000D2444249B249224A056182800347E500C2
:104F5000854701453D8BE303F7FE03470406418B7C
:104F600055CF8D476304F9004945C9BFFD47E3EDBF
:104F700097FE231F04008D47631CF90EF5C083576D
:104F8000E4011717FE1F035707511D45B38697000D
:104F9000E346D7FA0347C40015C783560402130734
:104FA00000026391E602034734068D466310D70E74
:104FB0008356C4011307900F13055004E360D7F81C
:104FC000E36EF7F68D471D45E31AF9F65C548DC77D
:104FD00083476406898B8DC3085819CD8347A50084
:104FE00081CFEF90F0550C58194613056403B105B5
:104FF00097B0FD1FE780C0799305800C0545EFD081
:105000008ED68357C4061205232644038507BD8B1D
:10501000C98F2316F406231F940089A81377D90F8C
:10502000E309F7F411476315E9047848931667001C
:10503000E3CC06F20347C400E318F7F28357E40118
:1050400085D79DF09305800C0545EFD0CED18357D1
:10505000C40612058507BD8BC98F2316F40639A037
:105060007C48370700FE7D17F98F7CC80145F9B5EC
:105070009307D9FF93F7F70F0547E372F7F0E3853E
:1050800004EE8347C400E39CE7EE45BD8546E31B81
:10509000D7F28356C4011307D02E39BF5D71A6C263
:1050A0009714FE1F9384843703A8440586C6A2C4C0
:1050B000CAC04EDE52DC56DA5AD85ED662D466D208
:1050C0006AD06ECE63080802832748051394570000
:1050D000635204023145B640264496440649F259CB
:1050E000625AD25A425BB25B225C925C025DF24D24
:1050F000616182803AC632C493771500B68989C748
:10510000639105104945C1BF91E9A04C19E00145E3
:10511000D9B72285EF50F0130040CDBFE30908FE58
:105120004285EF501013E5B77849B70700037D8F2C
:1051300055F30347F505630487016315970103D70A
:10514000EA0149DB03C75A036301270903C7EA00E1
:1051500063192701131714004E9703570700E3E361
:10516000EDFAB8547D141374F40F45CB93161A005E
:10517000B69903D70900B2479305800C2397EA0636
:105180003E9A03470A00054523980A06A384EA06C7
:10519000EFD06EBD03D7CA061205264405073D8B26
:1051A000498F2396EA0603A3840603C50B00B64085
:1051B00096440649F259625AD25A425BB25B225C6B
:1051C000925C025DF24D61610283138B8A05194680
:1051D00081455A8597B0FD1FE78020696319250135
:1051E0001946EA855A8597B0FD1FE780605A19462F
:1051F00081455A8597B0FD1FE7802067E31825F5A4
:1052000011B7FD1513F4F50F094C954C0549171D01
:10521000FE1F130D8D2F930D00089307F00FE3036E
:10522000F4EEA247228AB38B870003C50B00EF5030
:10523000005EAA8AE31A05EEFC4813052004E39BEE
:1052400007E851BD9717FE1F9387471DFC4B95C379
:10525000FC4B13975700635E0700B1473E85828081
:10526000B147F2406244D2444249B2493E850561A9
:105270008280011122CC26CA4AC84EC606CEB68903
:105280003289AE84EF50A0582A849307200471D944
:10529000C947E36899FC1547E37597FC0347050682
:1052A000137737035DFF8347E505DDFB7C49918B71
:1052B000C5FBEF20506079479D47E374A7FA834709
:1052C000340609476391E706835744081307D02E35
:1052D0006373F7021307C00293075004E37327F9BF
:1052E000794793075004E37E27F74147930750041B
:1052F000636B2701BDB71307301FE363F7FE130786
:10530000900FE364F7FE7C4883460406CA9493E753
:1053100027008584B3E9D9007CC8231394082300AF
:10532000340781473DBFE5F3035744089307D02E68
:10533000E3FBE7FC19475DBF9717FE1F9387070E36
:10534000FC4B81CBFC4B139757006354070031454E
:105350008280011122CC26CA4AC84EC606CEB68922
:105360003289AE84EF50A04A2A84130520046309D1
:1053700004107C48898BB9CB834734060947639571
:10538000E70C835744081307D02E6379F7020357BD
:1053900064089307C0021305500463F3E70E035734
:1053A0006408F9471305500463FCE70C03576408CD
:1053B000C1471305500463EBE700D9A01307301F62
:1053C000E36FF7FC1307900FE362F7FE93F7D40F38
:1053D0000547639EE70A0325840A19C597C0FD1F88
:1053E000E780A0202324040A231204086309090685
:1053F0007C48918BB5EF8D476393F408930550106B
:105400004A8597C0FD1FE780E0112324A40A25C91F
:105410007C4893F7074091CF9305800C0545EFD06A
:105420008E948357A40812058507BD8BC98F231559
:10543000F4080325840A4A86CE8597B0FD1FE780CD
:105440002035231224091DA0D1F3035744089307E4
:10545000D02EE3FDE7F603576408994799BF8D47BF
:105460004945639FF4007C48F99B7CC8014509A825
:105470009387D4FF93F7F70F0547E37EF7F631459F
:10548000F2406244D2444249B24905618280E3114C
:1054900009F691474945E38DF4F4DDB79717FE1FF0
:1054A0009387C7F7F84B411126C24AC006C622C4EB
:1054B000AA843E8909CF7C4B139757006359070094
:1054C0003145B240224492440249410182802E85F6
:1054D000EF50E0332A841305200465D413F7140039
:1054E0007C4845CF13F7170061FF03470406137785
:1054F000370379F78988D9CC0327C90D454593E748
:105500000740418B5DDFC1657CC8FD150145EFD0CB
:10551000CE872314A408EFC03FD0B705000123268F
:10552000A408FD150145EFD08E889304040A1546A2
:105530002328A4089715FE1F9385A5FE268597B0FE
:10554000FD1FE780E024A685130500FB97C0FD1F23
:10555000E78060BB2685EF80A03A7C480347C40003
:10556000A300A408DD9B93E747007CC88547631F21
:10557000F7009305800C0545EFC0FEFE8357C40677
:1055800012058507BD8BC98F2316F406EF80906640
:10559000014505BF93F7F7BFBDB70345D407CD9BC2
:1055A0007CC89307F00FE303F5FEEFC03EB1F9BFEF
:1055B0001717FE1F130787E67C5F411106C622C43A
:1055C00026C24AC099C703A8C70113141801634033
:1055D00004080327070825CF3684B2842E8909EDF5
:1055E00081EB4945B2402244924402494101828004
:1055F000EFC04F9A0145FDB78546E314D5FEB9E3E8
:105600000297AA8731C91147A3060504231BE500A9
:10561000231CE50083C6B7000547E384E6FC95C874
:10562000239C9702239D870201C41E04E3DB84FAB6
:10563000238927012244B2409244024903A38706EA
:1056400041010283D84F93161701E3D506FC31457B
:1056500051BF23AC0702E9BF0D4569B7011106CE62
:105660002EC632C436C23AC0EF50601A3DCD8328F0
:105670004505AA87314513F8082063150806B24589
:105680001718FE1F034818DE4545636DB80403C8AC
:10569000C70A22463358C840137818006304080428
:1056A0001715FE1F130585D70328850D45451317CC
:1056B000C8006359070202471718FE1F034888DA1B
:1056C0006362E80292462387C70AA386B70AA387C4
:1056D000D70A11E2014793E808102388E70A23AAB2
:1056E00017050145F2400561828013052004DDBFE6
:1056F000011106CE2EC6EF5080111307200401CDF4
:105700007C49314793F6270099C6B24589C993E78A
:1057100007207CC90147F2403A850561828093F7F2
:10572000F7DFC5BF011126CA4AC84EC606CE22CC35
:105730002E89B289B684EF70304C4DC1639D09004B
:105740008547238DF1AC0145F2406244D244424981
:10575000B2490561828003C7A1AD85472A846315DC
:10576000F700238D01AC09494165130545F5EF703C
:10577000904A39C58347A5002315F5008327841176
:1057800085EF232CA410232EA410930710F8F914EE
:10579000231635012304250144C123200500A30459
:1057A000F5008347940285450145B395F500C20590
:1057B000C181EFC04ED341BF8327C41188C3E1B775
:1057C0009717FE1F938787999C5B1D45B5DF9565ED
:1057D00005459385555582971D45BDB70945ADB71C
:1057E0006F90AFF96F90EFFD6F90BF826F901F8841
:1057F0006F90FF8D6F90BF9A6F90FF916F909F9504
:1058000082806F90DF9D034301001AC06F906F8DFF
:105810006F90CF996F908F9F6F90AFA56F90AFAB48
:105820006F906FB16F904FB503530100035E41005D
:10583000834E81001AC072C276C46F90EFB96F9028
:105840002FCC6F906FD16F90EFDA6F90AFDE6F90CB
:105850000FE26F904FE76F90CFED8280828023AE92
:10586000A1AC82801307050383570500110593C778
:10587000F7FF231EF5FE8347E5FF93C7F7FF230FCE
:10588000F5FEE313E5FE828099473305F502011129
:105890000A86C14506CE130505021375E50FEFC054
:1058A0001EFA11E50345C100F24005618280014501
:1058B000E5BF411122C426C24AC006C68144014444
:1058C000138941AE83C791AE6369F400B2402244AC
:1058D00026850249924441018280832709001315DD
:1058E000440019469305F00F3E9597B0FD1FE780E1
:1058F000C0F701E5850493F4F40F05041374F40F65
:10590000D1B7938741B1884305C1411106C6EFC0A5
:10591000CE8423AA01B0938791AE83C70700B2401B
:105920002381F1AE41018280938791AE83C7070046
:105930002381F1AE82805971A6D286D6A2D4CAD074
:1059400083C721AEAA84639EA700854503C5A1AE87
:10595000EFC00EBC894503C5A1AEEFC06EBBEFF032
:105960005FFA1949338924035000C1451379F90FAF
:10597000130409021374F40F2285EFC05EEC09C909
:1059800001442285B650265496540659656182809A
:1059900019469305F00F480097B0FD1FE780E0EC33
:1059A00065F1480041469305F00F97B0FD1FE78071
:1059B000A0E1480871469305F00F97B0FD1FE780FE
:1059C000A0E00818130600039305F00F97B0FD1F21
:1059D000E78080DF5000C1452285EFD00E952A84F4
:1059E000130519025008F1451375F50FEFD0EE932A
:1059F000498C130529025008F1451375E50FEFD0C6
:105A0000CE921374F40F498C130539025008C14526
:105A10001375F50FEFD06E911374F40F498C1305C5
:105A200049025008C1451375E50FEFD00E9013746D
:105A3000F40F498C13055902500891451375F50F61
:105A4000EFD0AE8E1374F40F498C13850407101831
:105A5000930500031375F50FEFD02E8D1374F40F1B
:105A6000498C03C581851374F40FEFD06E8611BF86
:105A7000411122C406C60145014483C791AE637338
:105A8000F40009C5B2402244410182802285050408
:105A9000EFF07FEA1374F40FCDB7411122C426C290
:105AA00006C64AC00144EF907F9C938441AE83C7F1
:105AB00091AE6368F400B24022449244024941012D
:105AC000828088401319440019469305F00F4A95C7
:105AD00097B0FD1FE78060D919E58C40CA9503C5D2
:105AE000F500EF90FF9805041374F40FC9B73971EE
:105AF00022DC26DA4ED606DE4AD80144EF905F9AC1
:105B0000938441AE994983C791AE6369F400F25022
:105B10006254D2544259B25921618280884013198B
:105B2000440019469305F00F4A9597B0FD1FE78092
:105B3000C0D305E9330534030A86C1451305350290
:105B40001375F50FEFC0BECF1008C1450945EFC072
:105B50001ECF8C4014080A86CA9503C5F500EF9045
:105B6000FF9305041374F40F79BF011106CEEFF013
:105B70005FD40547A9476373A70089471306F1005F
:105B800085451545A307F100EF001FF9F2400561B7
:105B90008280011122CC26CA4EC606CE4AC80144D4
:105BA000938441AE994983C791AE6366F402EFF0E6
:105BB0005FD083C711AE99C3EFF03FEE83C701AE4C
:105BC00099C3EFF0DFF26244F240D2444249B24955
:105BD00005616FF09FF933053403904013194400B9
:105BE000C1454A96130505021375E50FEFC03EC582
:105BF00005C9884019469305F00F4A9597B0FD1FD7
:105C0000E78080BC884019469305F00F4A95190536
:105C100097B0FD1FE78040BB9C403E9923160900CA
:105C200005041374F40F41B70355250083C5A1AED5
:105C30006F10BF91397122DC19443384850226DA52
:105C40004AD806DEA147AA8432891374F40F639AF6
:105C5000F604130424027146814548081374F40FB6
:105C60003AC697B0FD1FE78020B65008F14522855F
:105C7000EFC0FEBC0DE18347E102A5463247E517C0
:105C800093F7F70F63E9F600BA8650089375190089
:105C90002685EFD07EDFF2506254D2544259216102
:105CA00082801304140245BF797122D426D24AD0CF
:105CB000AE842A8932848145130600020A8506D6FD
:105CC00097B0FD1FE78040B09387D18583C7070059
:105CD00023102101230EF100835781015DC4138736
:105CE00021B003470700F99B41462302E1001387D7
:105CF00041B0034707009705FE1F9385E56C130528
:105D00006100A302E10003C731B093761700D58F7D
:105D1000F59B93762700D58FED9B93764700D58F23
:105D20009316470093F6061093F7F7EFD58F931667
:105D3000470093F6062093F7F7DFD58F1207137706
:105D4000074093F7F7BFD98F231CF10097B0FD1FD1
:105D5000E78000A483C711B013F7170001CB99C4E3
:105D60000357810113672700231CE10003476101EA
:105D7000A2850A85D98F230BF100EFD01EC3B25044
:105D800022549254025945618280138761AF0347C0
:105D90000700F99B41462302E100138781AF0347C7
:105DA00007009705FE1F9385256113056100A30277
:105DB000E10003C771AF93761700D58FF59B9376FB
:105DC0002700D58FED9B93764700D58F931647001C
:105DD00093F6061093F7F7EFD58F9316470093F6D7
:105DE000062093F7F7DFD58F12071377074093F755
:105DF000F7BFD98F231CF10097B0FD1FE7804099B2
:105E000083C751AF91BF411122C426C24AC006C602
:105E1000AA840144138941AE83C791AE636AF4003A
:105E20003E842285B240224492440249410182804C
:105E300083270900131544001946A6853E9597B09F
:105E4000FD1FE780E09D71FD05041374F40FE9B7B1
:105E50005D71A2C4138441B11C40CAC04EDE86C627
:105E6000A6C252DC2A89AE89A1EB19E10545D9A069
:105E7000F5DDEFF05FF92381A1AE83C791AE636DCD
:105E8000F5028144138A41AE0DA083270A001395C1
:105E9000440019469305F00F3E9597B0FD1FE7802B
:105EA000C09C09E9850493F4F40F83C791AEE3EE37
:105EB000F4FCBE84238191AE138A21AE03C521AECA
:105EC00083C791AED284E373F5FA1C40A5EF9947DE
:105ED0003305F5024A86C145130505021375E50F22
:105EE000EFC0BEC4130600039305F00F0A8597B0F8
:105EF000FD1FE780608D03450A000A8693050003B5
:105F0000130505071375F50FEFC03EC2138741AEA9
:105F1000084383C721AE92073E954146CA8597B094
:105F2000FD1FE780E08623AA31B103C58185EFC05C
:105F30003EBA0145B640264496440649F259625A93
:105F4000616182809047814719CE99473305F502F8
:105F5000F145130515021375F50FEFC01EBD1C406A
:105F600023A4070085471840104B0DC203C5040049
:105F70009947F1453305F502130525021375E50F21
:105F8000EFC0BEBA1C4023A8070085471840504BFD
:105F90000DC203C504009947C1453305F502130539
:105FA00035021375F50FEFC05EB81C4023AA070039
:105FB0008547184050471DCE03C504001949C14507
:105FC00033052503130545021375E50FEFC0FEB534
:105FD00003C504001C40914533052503D047410605
:105FE000130555021375F50FEFC03EB41C4023A6F0
:105FF000070025BF9DFB83C711AE99C3EFF0FFA932
:1060000083C701AE99C3EFF09FAEEFF01FB6B9BDE5
:10601000011122CC06CE26CA83C791AE094463780B
:10602000F50295C599473305F502AE840A86C14548
:10603000130505021375E50FEFC07E802A8401E980
:1060400019468A85268597A0FD1FE7806074228502
:10605000F2406244D24405618280011122CC06CE16
:106060002A842EC632C4EF50AF9805C90347C50035
:10607000A1472246B245631FF7009387C1B19C43F5
:1060800089CF03A34700630A030022856244F240DC
:1060900005610283938701B2DDB7F2406244056176
:1060A0008280011122CC19443304850226CA0A8653
:1060B000AE84C14506CE130404021374F40F228586
:1060C000EFC0EEF701C98144F24062442685D24414
:1060D0000561828019469305F00F0A8597A0FD1F80
:1060E000E780A0786DF10357C1009377D70F89C47B
:1060F0009377F70F93E72700C207C1838544E30531
:10610000F7FC0A86C14522852316F100EFC0FEA1E7
:1061100003C58185EFC0DE9B45BF5D71A2C42A84A3
:1061200019453305A402A6C2CAC0B2842E890A86C4
:10613000C14586C6130505021375E50FEFC02EF0A5
:1061400001C90145B64026449644064961618280F2
:1061500019469305F00F0A8597A0FD1FE780E070B0
:106160006DF1130404071374F40F10089305000372
:106170002285EFC0CEEC19C10545E9B70808EFF05C
:106180006FEE63140904130600038145080897A005
:10619000FD1FE780806D6DF113060003814508083F
:1061A00097A0FD1FE7804062854708082386F1B06D
:1061B000EFF04FEB1008930500032285EFC0FE9629
:1061C00003C58185EFC0DE9045BF1C089000BE86E8
:1061D00083D506003687638125039106E39AC6FEC0
:1061E0000145ADD083D607003E8789C69107E31BE2
:1061F000F6FE81BF2390270183472700E38E97F6A1
:1062000023019700D5F02310070079BF1705FE1F63
:106210000345A5F50111FD579305200412052385BB
:10622000F1AE06CE22CC26CA4AC84EC6A38401AE21
:1062300023A201AE97B0FD1FE780C02E23A2A1AE1E
:1062400015C59709FE1F938969F183C7E9000144C9
:10625000938441AEA384F1AE83C791AE6361F40C25
:1062600083A78900638C070E238001B0938791AECA
:1062700083C707000544414681451705FE1F1305E6
:10628000A5142381F1AE238F818423AA01B0238139
:1062900001B0238201B097A0FD1FE780E052930474
:1062A0007007414681451705FE1F1305E510A381C0
:1062B00091B0A38D8184A38001B023A401B0A38AEF
:1062C00001AE238B01AE238C01AE97A0FD1FE780AA
:1062D000A04FA38B91AE23AE01AE238A01AE9547AA
:1062E000A38CF184C147A38EF184238601B0894732
:1062F000238DF184F240238C8184A38F8184238EAB
:106300008184624423A001B223AE01B0A38001AE18
:10631000238401AED2444249B2490561828088405B
:106320001319440019469305F00F4A9597A0FD1FD5
:10633000E7808049884019469305F00F4A95190572
:1063400097A0FD1FE78040489C4005041374F40F9C
:10635000CA972396070023870700FDBD930700F81F
:106360002380F1B021B71971A2DCA6DACAD886DE83
:10637000CED6130400028144138941AE83C791AE87
:1063800063E3F40203C58185EFC08EF4938791AE79
:1063900083C70700F65066542381F1AED6544659A0
:1063A000B659096182800325090093994400194672
:1063B0009305F00F4E9597A0FD1FE780E040032561
:1063C000090019469305F00F4E95190597A0FD1F7A
:1063D000E780803F8327090041469305F00FCE9761
:1063E0002396070023870700480097A0FD1FE7803A
:1063F000A03D71469305F00F480897A0FD1FE78068
:10640000A03C130600039305F00F081897A0FD1F8A
:10641000E780803B5000C1452285EFC00EF1130597
:1064200014005008F1451375F50FEFC00EF0130579
:1064300024005008F1451375F50FEFC00EEF13055A
:1064400034005008C1451375F50FEFC00EEE13056B
:1064500044005008C1451375F50FEFC00EED13054C
:106460005400500891451375F50FEFC00EEC1385DD
:1064700004071018930500031375F50F850419041C
:10648000EFC0AEEA93F4F40F1374F40FC5BD930795
:1064900005C04111C20722C406C6C18313072002EA
:1064A0002E846361F70E17D70000130727378A077A
:1064B000BA979C43BA9782879387E18583C7070081
:1064C0002300F4002DA083C711B089870DA89387FE
:1064D00021B0EDB7938741B0D5B741469705FE1F70
:1064E000938585EE228597A0FD1FE780602A81476E
:1064F000B24022443E854101828083C711B0858B22
:10650000C1B7938731B05DBF938781B09C431CC0F6
:10651000F9BF9387B1855DB783C751AF7DB79387C7
:1065200061AF69BF938781AF51BF41469705FE1F99
:10653000938585E845BF83C751AFD1B7938771AFC6
:10654000B5BF9387C1AFD9B7938741AF85BF938755
:106550009185ADB79387D18595B7938711AEB9BFB4
:10656000938701AEA1BFEFF0CFB42300A40041B7E1
:1065700083C7C185B1B783C711B08D8749B783C7BA
:1065800051AFE5BF130720048947E363A7F6EFD0B7
:106590004EDA2310A400A1BF011106CE22CC26CAD8
:1065A0004AC84EC6EFD09EA435ED03C781AE8547DD
:1065B0002A84630CF702938441AE854983C791AE68
:1065C0006371F4049840131944004A978347E70025
:1065D000639937012285EFF00FB69C40CA97238755
:1065E000070005041374F40FD1BFEFF06FC82384C4
:1065F00001AE938741AE9C4303C791AEB907631CBC
:10660000E400EFC06EFF6244F240D2444249B24916
:1066100005616FF00FD80504238007001374F40F91
:10662000C107F1BFF2406244D2444249B249056118
:106630008280797126D24AD006D622D44ECE89479E
:106640002E89B2846308F506636FF5008D476301F8
:10665000F50C03C491AE2285B250225492540259D3
:10666000F249456182802E85EFF0EFF983C791AE44
:106670002A84E372F5FEE5D01946CA85268597A0DF
:10668000FD1FE780E010C1BF83A709001315440078
:1066900019463E95CA85190597A0FD1FE780401849
:1066A00031ED05041374F40F83C791AEE36EF4FC6F
:1066B0003E8455B70144938941AEFDB70504137478
:1066C000F40F83C791AEE375F4FE330534030A86F5
:1066D000C145130535021375F50FEFC04E9679FDD0
:1066E00041469305F00F0A8597A0FD1FE780E0174C
:1066F00071F5CA850A85EFD0AECB69F183C791AE3B
:10670000E37BF4F4A9D8A6852285EFF07F90A1B7AA
:10671000014499497DB7797126D206D622D4AA843C
:1067200002CC231E0100EF40BFAC05CD03C7B185ED
:1067300089476308F702930565002A8403455500DD
:106740003008EFF01FEF83C791AE6371F5022AC6E0
:10675000EFF08F93B2452A860547A1462685EFF0D4
:106760006FCDB250225492544561828083C7B18567
:1067700091E795452685EFD0DE84E5B70547E3929E
:10678000E7FE8345540001462685EFF0EFD1D1BFE7
:106790004111C1674AC006C622C426C2FD172E8910
:1067A0006309F506EF40DFA42A84D14421CD930587
:1067B0006500034555000146D544EFF09FE783C7C8
:1067C00091AE6376F500CA85EFF0BF8D8144630B0F
:1067D00009022285EFF04FC535A0CA852285EFF06A
:1067E0005F8C11C1814405041374F40F83C791AE0B
:1067F000E365F4FE6308090017F5FFFF1305054381
:10680000EF40FFC6B240224426850249924441012E
:1068100082800144D544D9BF0111C1674AC84EC620
:1068200006CE22CC26CAFD172E89B289630EF50446
:10683000EF401F9CD14429C19305650003455500D5
:106840000146D544EFF0FFDE83C791AE6376F502D3
:106850004E86CA85EFF07F8C814439A84E86CA8562
:106860002285EFF09F8B11C1814405041374F40F4E
:1068700083C791AEE364F4FEF24062442685424948
:10688000D244B249056182800144D544D5B7411153
:1068900022C41384A1AE8345040023A0A1B26145A4
:1068A00006C6EFD0CEFD034504002244B2404101AC
:1068B0006F205F811387E1858347070083C511B08F
:1068C00093E707F82300F7006FD06EE45971A6D262
:1068D000B2845000A2D4D2CC86D6CAD0CECE2A84DE
:1068E000368A02C223140100EFF0BFD483C791AEF1
:1068F0006377F50E2A89EFE03FF99147AA8963197A
:10690000FA0C03C7E185791713371700914619442C
:10691000330489024E86CA852685EFF0AFB1514611
:106920008145680097A0FD1FE78000EA700013749E
:10693000F40F13054402C1451375E50FEFB03EF0A7
:1069400005E941469305F00F680097A0FD1FE78019
:10695000C0F119ED13055402700891451375F50F38
:10696000EFB0FEED700093F519002685EFD0CEDE76
:10697000130509071010930500031375F50FEFB009
:106980001EEC15E10810EFE0FFED00101309010502
:106990008355040091C5034624002685EF100FABF4
:1069A0001104E31789FE93F929006387090083C561
:1069B000A1AE2685EF007FB991476314FA0403C79F
:1069C000E1858947631FF7022685EFF0BFEE15A822
:1069D00003C7B185791713371700D2860DBFA147BA
:1069E000E31CFAFC03C7B1858947631CF700014625
:1069F000A2852685EFF04FAB014681452685EFF055
:106A0000CFE5B650265496540659F649664A0145D4
:106A100065618280011106CE2AC6EFF02FFF324554
:106A2000F2402385A1AE05616FF0AF961D7186CE51
:106A3000A2CCA6CACAC8CEC6D2C4EF807FA683C7DE
:106A4000F18589CB0144138941AE194A83C791AEC0
:106A5000636AF400F6406644D6444649B649264A7D
:106A60002561828003250900931944001946930586
:106A7000F00F4E9597A0FD1FE78020DF31E9B304AA
:106A800044035010F14593F4F40F13851402137569
:106A9000F50FEFB0DEDA0DED0347F1039307F00FCA
:106AA0006318F702138534025000C1451375F50FC2
:106AB000EFB0FED85008C1450945EFB05ED8832538
:106AC000090054085000CE9503C5F500EF801F9DC6
:106AD00005041374F40F9DBF930705C05D71C207D1
:106AE000A6C2CAC086C6A2C44EDE52DCC18313074A
:106AF00020022A89B284636EF74E17D7000013076D
:106B0000A7DA8A07BA979C43BA9782878547638436
:106B1000F500614409A8834706000947E36BF7FEC7
:106B2000238FF18401442285B640264496440649C9
:106B3000F259625A616182808547E39CF5FC034704
:106B40000600E3E8E5FC83C711B011C793E74700EF
:106B5000A380F1B0C1BFED9BE5BF8547E39BF5FA8C
:106B6000834706001147E366F7FA2381F1B05DBF62
:106B70008547E390F5FA83470600E3ECF5F82382B6
:106B8000F1B04DB7C147E396F5F84146A685170524
:106B9000FE1F1305658397A0FD1FE78060BF59B7EF
:106BA0008547E398F5F603470600E3E4E5F683C777
:106BB00011B001C793E7170061BFF99B51BF85472B
:106BC000E399F5F483470600A381F1B0A1BF914793
:106BD000E391F5F41842B7470F009387F723E3EAF0
:106BE000E7F223A4E1B03DBF8547E394F5F2834784
:106BF00006000947E36FF7F0A38DF18425B78547B9
:106C0000E399F5F003470600E3E5E5F083C751AFEC
:106C100011C793E74700A38AF1AE29B7ED9BE5BF03
:106C20008547E398F5EE834706001147E363F7EEE7
:106C3000238BF1AEC5BD8547E39DF5EC8347060088
:106C4000E3E9F5EC238CF1AEF1BDC147E393F5EC3C
:106C50004146A68517F5FD1F130505762DBF85470F
:106C6000E399F5EA03470600E3E5E5EA83C751AF98
:106C700001C793E7170045B7F99B71BF8547E39AB2
:106C8000F5E883470600A38BF1AE69BD9147E39217
:106C9000F5E81842B7470F009387F723E3EBE7E6E1
:106CA00023AEE1AE41B5E39605E6EFD02EB401E99F
:106CB000EFE01FDCEFC04E94EFE0BFEDA5B58547D8
:106CC0002384F1AE85B59D47E395F5E493851400E3
:106CD0001946680097A0FD1FE78080AB03C504003C
:106CE00050086C00EFF0FF9483C791AEAA8409446A
:106CF000E37BF5E24808EF406FD809E52685EFE031
:106D00009FC34DBF938741AE9C4392045944BE94A8
:106D100085472387F40001BD9D476391F50A194615
:106D200093851400680097A0FD1FE78060A603C547
:106D3000040001466C00EFF0DF8F83C791AE6377EC
:106D4000F5049944B30495025008F1459384140264
:106D500093F4F40F2685EFB09EAE2A8415E5130751
:106D6000A04185476304E9009307F00F5008F145FF
:106D70002685A307F102EFB05EDB03C58185EFB086
:106D80003ED5EFF0BFCA45B30944E5BF83C701B0A4
:106D90000944E38A07D81307A04183C731AF631BB7
:106DA000E90093E71700A389F1AE1D46A685138578
:106DB000C1AED5B3F99BA389F1AEADB38547E39AD4
:106DC000F5D41307A04183C731AF6315E50093E7FE
:106DD0002700D5B7F59BC5B7A38F0184EFF01FC57A
:106DE00091B38547A38FF184014419499309F00FAA
:106DF0007D5A83C791AEE373F4FEB30424035008B5
:106E0000F1459384140293F4F40F2685EFB03EA36A
:106E100005E18347F102638D37015008F14526856E
:106E2000A3074103EFB07ED003C58185EFB05ECAF2
:106E300005041374F40F75BF8547E39CF5CC8347B5
:106E40000600E3E8F5CC238AF1AEE9B98547E39281
:106E5000F5CC834706002547E36DF7CAA38CF18480
:106E6000D1B18547E397F5CA03470600A5469307C6
:106E700097FF93F7F70FE3EEF6C8A38EE1845DB1B9
:106E80008547E398F5C88347060003C711AE014460
:106E9000A380F1AEE31907C8E397B7C8EFE07FCF4F
:106EA00059B18547E397F5C68347060003C701AE8E
:106EB0002380F1AE09E76394B700EFE09FCD03C5EF
:106EC00001AEEF802FDEB9B98547E394F5C483475F
:106ED00006000D47E36FF7C2238DF184A1B185470A
:106EE000E399F5C283470600238CF18425B9054553
:106EF000EFB01EBE05B98547E39DF5C08347060088
:106F0000238EF18405B193074002E394F5C003C5D5
:106F10001400014693852400EFF0AFF183C791AED2
:106F2000E379F5BE19443304850203C70400A14781
:106F30001374F40F631FF702130424021374F40F85
:106F40005008F1452285EFB09E8FE31405BC938570
:106F5000840048086D4697A0FD1FE78060835008B5
:106F6000F1452285EFB07EBC03C58185EFB05EB6EA
:106F70004DB613041402D9B717F7FD1F0357071FA7
:106F8000930740046D44E3F0E7BA8547E393F5B80F
:106F900083470600E3EFF5B681CF938781B19C4329
:106FA0005544E38207B883C711B093E787004DB615
:106FB00083C711B093F7770F61BE17F7FD1F035713
:106FC000E71A930740046D44E3FFE7B48547E39273
:106FD000F5B483470600E3EEF5B2F9DB938781B1A0
:106FE0009C435544E38107B483C751AF93E78700BF
:106FF0001DB1930720040944E3E727B3E39585B265
:1070000083D504004A85EFD08E872A8429BE797102
:1070100006D622D426D24AD0834725005147E91705
:1070200093F7F70F636BF70217D7000013078790EA
:107030008A07BA979C432A84BA9782878354A5000B
:107040000346C5008346D500268532C636C4EF40C8
:107050002F9AAA87A246324619E1854425A203C782
:10706000C700A14713053400631AF7029387C1B123
:107070009C43A68589C79C4399C38297F9BF938790
:10708000C1AF8843EFC0FEAC69D99307E00FE306B8
:10709000F5FC85452685EFC0DEF2C1B7938701B2C6
:1070A0009C43A68599C39C43E9FB938781B0D1BFDC
:1070B0008355A5002E852EC4EF408F93AA8751DDFE
:1070C00003C7C700A147130534001306C400930685
:1070D000C401A245631AF7009387C1B19C43B5DF91
:1070E0009C47A5DF829795BF938701B2C5BF8347B1
:1070F0001500D5EF83476500858BD5CB938741B1CC
:107100009C430149D5E78145414608089790FD1FFA
:10711000E780806B4C48B5CD83C765011946C10532
:10712000A30FF10008089790FD1FE7806066834772
:1071300064000357C1018987858BD98F231EF10015
:10714000EFE02FF783C791AE6390A70283C7C18595
:1071500099C3EFF04FA197F7FD1F938727009C5B22
:1071600081C7854521458297EFE0AFF4A2850808E5
:10717000EFE01FCEAA84554905ED894503C5A1AEB0
:10718000EFA07EB6B2502254268502599254456132
:107190008280035544008544EF408F8565D5834741
:1071A0005500194693056500A30FF100A5BF0149DD
:1071B00003461400035544008545EFE01FEAE30E43
:1071C00009E84A868D4503554400EFE01FE971B593
:1071D000034715009947631AF70203554500EF402E
:1071E0002F81AA841DC183C7A18509476389E7024E
:1071F0000D476380E70205476399E7008345550023
:10720000035544000146EFE03FAA034614008945B8
:107210005DBF0146814513050041EFF0FF8B8355AB
:10722000440003C504001546EFC09EDCF9BF93057A
:107230004500034535000146EFF0AFBF83C791AE6F
:10724000E37DF5E099473305F5021306C400914547
:10725000130555021375F50FEFB03E8D03C58185FB
:10726000EFB01E87DDBB83C741AF0355450081C723
:1072700083C591850DB583C7E18599E3954521BD0A
:10728000EF301FF7AA84E30A05DC8347A400858B4F
:1072900085CB03455500854763F4A7028357C40097
:1072A00093F7072091EF100893856400EFF06FB813
:1072B00083C791AE6396A7008D4503554400E1BB9B
:1072C00083C554000355440013068400EFE0DF9D9E
:1072D00001468145CDBD03554500EFF0CFC3B5BB99
:1072E00003554500EFF04FAB83C7E18593F7F707F0
:1072F000238FF1849DB379719397050122D406D62B
:1073000026D24AD04ECEC1872E8463DE070803C53D
:10731000A1AEEFA0AEEBAA8431C5834705001307E9
:10732000100B638BE7041307000D6387E702130755
:10733000000B6396E70203474500F9476317F70020
:10734000035525008145EFF0AFC483C54400138584
:107350008400EFF05EDD21A0EFF07FCB01C5268534
:10736000EFA0AEDFA164A18CB25022542685025951
:107370009254F2494561828083474500EDF30356FC
:1073800085008355650003552500238601B0EFF085
:10739000AFC883C7C1B0E1D703C58185238601B0DB
:1073A000EFB00EF36DBF93F7250085C3814501450E
:1073B000EFE01FAA9344240083C7A1AE854511E1E5
:1073C00089453E85EFA03E9245B793F7150063844B
:1073D000070C138941B183270900938401B183D934
:1073E00047009C4099EFC165138741B2894617D683
:1073F00000001306E69CFD150545EF003FAD23A8F0
:10740000A1B08C40134414009DE983270900014674
:10741000854503D5470093140401C180EFE0FFC305
:107420008327090001468D4503D54700EFE0FFC2E1
:1074300003C58185EFB0CEE9EFE0AFCC35B7930857
:10744000F00F094881471307E100740003D641B2E9
:107450004E85EF00FFFD11ED0346D1008347C100CB
:1074600022065D8E19C69C404E8583D5A700EFF09D
:10747000AFBA8840C165814603D641B2FD15EF0021
:107480001FEF9314040123A8A1B0C1803DDD854501
:1074900003C5A1AE05BF93F745008144E38607EC21
:1074A00093C44500D1B503472500F14763E4E72ABB
:1074B00017C600001306464D93162700B2969C424D
:1074C000411122C406C626C2B2972A848287834706
:1074D0001500C5E7414697F5FD1F9385E5F017F5C3
:1074E000FD1F130565EF9790FD1FE78060333DE5B5
:1074F00017F6FD1F130646EEC1450945EFB0EEE253
:1075000017F6FD1F130646F0C1450D45EFB0EEE13D
:1075100003C58185EFB0CEDB93053400138541B4FC
:1075200019469790FD1FE780A0268547854503C52E
:1075300031B423A8F1B4EFA00EFB938701B58843C3
:10754000938781B29C43ADC703A307006302030680
:10755000A2852244B240924441010283414697F5FC
:10756000FD1F938565E917F5FD1F1305E5E9979064
:10757000FD1FE780E02A2DDD45B7994723A8F1B428
:107580006DBF034715008347350039E3094763960C
:10759000E702938701B59C438145014593F7F7F0D6
:1075A00093E7070223A8F1B4EFE07EADA300A400A7
:1075B000B240224492444101828005478145014501
:1075C0006395E700EFE09E9BD5B7EFE01E8BF9BF18
:1075D0000947E38FE7FC938701B588434199136519
:1075E000650023A8A1B4A9BF83471500938401B502
:1075F000BDE38D476315F70483C721B41397870153
:107600006187635B070093F7F707894503C531B4CA
:107610002381F1B4EFA02EED9C40914613F7F700C3
:107620006318D700C19B93E7570023A8F1B485A046
:107630008946E30FD7F6C19B93E72700FDB7984033
:10764000A38B01B29546937707FF3D8B6319D7044F
:1076500093E74700D9BF9C40C19B93E76700F1B710
:10766000138701B51C4383461500BA84C19B95E27C
:1076700093E7470023A8F1B40356A50093054500FE
:10768000034535009146EFF06FA4A38B01B288400B
:1076900045BD13071003E392E6FCA38B01B293E709
:1076A000370061B7EFF0BF96938701B59C4315474C
:1076B00093F6F700C19B13E53700E394E6F213E578
:1076C000270005B7938601B59C4203461500B68492
:1076D00093F7F7F031E2CD46631BD70293E707013A
:1076E00023A8F1B483C7A1B3139787016187635BB4
:1076F000070093F7F707914503C531B4238DF1B225
:10770000EFA06EDE9C40370500015D8D15BD93E74F
:10771000070223A8F1B4FDB793E70703DDBF938603
:1077200001B59C427D761306F60FF18F03461500D6
:1077300019EE6D46631AC70093E7071023A8F1B44A
:107740009C4237050002D1B793E70720C5BF93E7F6
:107750000730EDB7828003470500930610096307E1
:10776000D7009307000D6305F70482808346150058
:1077700039476391E6048356450005671307574070
:10778000639AE60218459307F00783053700638381
:10779000F502938781B29C4391CF03A34700630B0B
:1077A00003008347270003451700A2075D8D02836E
:1077B0006FF07FCF828001119397050126CA06CE14
:1077C00022CCC187AE8463D5070C03C531B4EFA0CA
:1077D000EE9F2A8409C983C7B1B389EFEFF0BFF7E1
:1077E0002285EFA08E972165258DF2406244D24418
:1077F00005618280834705001307000D639EE7043F
:107800008347250081E7EFF01FF509A81547639D21
:10781000E7000347C500A147E392E7FCA28503C543
:10782000C1B2EFA02EA1C1B72147E38EE7FC994674
:107830006395D70083477500C5B71D47E390E7FA06
:1078400003554500EF30DF9A41DD0347C500A147EE
:107850002285E315F7F8D9B71307200AE380E7F884
:1078600013071009E391E7FA03471500B947E31C32
:10787000F7F803574500856793875740E315F7F8F6
:1078800018458347270003451700A2075D8D5DBF9C
:107890009397150163DE07001386C1B49145114526
:1078A000EFB0AEA803C58185EFB08EA211652DBFE4
:1078B00093F71500D9CB83C771B3B9CFEF309FC011
:1078C00097F7FD1F83C7F78A8D8B636AF5048D4791
:1078D0002302F1009387E1B283C707004C0003C580
:1078E00031B42306F100938791B383C70700A30641
:1078F000F100EFE0EEA30DC1938701B588434199F4
:107900001365650023A8A1B4938781B29C4389C7FE
:107910009C4399C38145829713C51400F9B5938799
:1079200081B383C707001946938501B32302F10091
:10793000938761B383C7070013056100A302F100B9
:107940009790FD1FE780C0E471B793F7250085CFBE
:1079500083C721B4858B8DC703C531B4EFE06ECCEE
:1079600005C1938701B588431375F5F023A8A1B429
:10797000938781B29C4389C79C4399C38145829771
:1079800013C524009DB593F745000145E38F07E437
:1079900083C7A1B39DC703C531B4EFE0AECB15C11A
:1079A000938701B58843FD779387F70F7D8D23A8D3
:1079B000A1B4938781B29C4389C79C4399C38145F5
:1079C000829713C5440015B5797122D426D206D604
:1079D000AA842EC6328436C43AC23EC0EF305F81DC
:1079E00039C50358E500B24582471247A246636D88
:1079F000B800636B0401035605016317D6000356F4
:107A0000250161456300E602231CB1003E862C0877
:107A10002685231D8100231ED100231FE100EF30A6
:107A2000CFEC0145B25022549254456182805145B9
:107A3000D5BF011106CE97F7FD1FA38BA79091C567
:107A40002E8532C6EFE0BFE43246938701B59C43F2
:107A500085EB19C223A4C1B2F24003C6D1B283C5DB
:107A6000A1B403C531B49387C1B417F7FD1F130741
:107A7000A79997F6FD1F9386269605616FF0EE9DF8
:107A8000F24045450561828097E7FD1F83C7776E09
:107A90008D8B81EB614582806145B240224441017A
:107AA0008280411122C406C603C431B49307F00F8B
:107AB000E314F4FE17050000130525D0EFA04EFFD8
:107AC000A381A1B4E30A85FC23A401B223A801B4D5
:107AD00091472385F1B4EFC00E8D4146814517F5DE
:107AE000FD1F1305658F9790FD1FE780E0CD414690
:107AF000814517F5FD1F130525919790FD1FE78020
:107B0000A0CC23A601B4238C01B2238B01B29D47E4
:107B100017F6FD1F1306468CC14509452387F1B2B0
:107B2000A38C01B2EFA0BED117F6FD1F1306C68DC0
:107B3000C1450D45EFA0BED0414697F5FD1F938589
:107B4000A58917F5FD1F1305258A9790FD1FE7806E
:107B500020C4414697F5FD1F9385058B17F5FD1F42
:107B6000130585899790FD1FE78080C21386C1B4F5
:107B700091451145EFA0BECC014505B7FD57A38146
:107B8000F1B417E7FD1F1307677CA302F700230377
:107B9000F700238501B40547A38BE1B223A601B406
:107BA0001947239FE1B20567130707C8239EE1B277
:107BB0002386F1B29D47A38601B2A38D01B2A380B3
:107BC000F1B42380F1B419468145138501B31793AD
:107BD000FD1F670063BF930705D04111C20722C490
:107BE00006C6C1835D472E84636BF70C17C7000080
:107BF0001307C7E08A07BA979C43BA97828783C75F
:107C0000A1B42300F40035A0414697E5FD1F9385FC
:107C1000A57C22859790FD1FE78080B719A8414673
:107C200097E5FD1F9385457EEDB79387C1B49C43CF
:107C30009CC18147B24022443E8541018280194661
:107C4000938541B4F9B783C771B365BF2E85EFE063
:107C50006ECFC5B72E85EFE04ED1E1BF83C781B3AC
:107C60004DB783C761B371BF1946938501B355B74B
:107C700083C7E1B279B783C791B361B7938701B581
:107C80009C4341B783C7D1B2ADBF83D7E1B32310C3
:107C9000F40045B783D7C1B3DDBF83C711B495B72F
:107CA00083C701B4B9BF2E85EFE06ECF59B783C744
:107CB00021B493F7F707B1B783C7A1B399B71307F7
:107CC00020048947E368A7F6EFB0BEE62310A400BE
:107CD0008DB79307F5CFC207AE86C183D9452A87F2
:107CE00063E6F52817C80000130848D78A07C2972B
:107CF0009C43411106C6C297B285368582874147AB
:107D0000E147639EE602414617E5FD1F1305C56C7A
:107D10009790FD1FE780C0A715A04147E1476390FA
:107D2000E602414617E5FD1F1305056ED5B711475D
:107D3000E1476396E6001C4223A6F1B48147B240B6
:107D40003E85410182800547E147E39AE6FE03470D
:107D5000060083C771B3A38BE1B295C3814765F376
:107D6000138701B5184389463D8B6305D7009546B7
:107D7000E317D7FC03C531B4EFD0DEF2C1B78147BA
:107D80005DDF138701B518436306A7003D8B7517A8
:107D9000E367E5FA854503C531B4EF90DEF479BFBA
:107DA0009307C01C63E0D71C630E061AB240410162
:107DB0006FE0AE8C9307C01C63E6D71A6304061A03
:107DC000B24041016FE08E9B0547E147E399E6F63B
:107DD00003470600A946E3E4E6F6238CE1B2B9BF07
:107DE0000547E147E39DE6F4034706008D46E3E8D7
:107DF000E6F4238BE1B299B71947E147E391E6F442
:107E00001946138501B329B70547E147E399E6F21F
:107E1000034706009D46E3E4E6F22387E1B239BF5B
:107E20000547E147E39DE6F0034706008D46E3E89A
:107E3000E6F0A38CE1B219B70547E147E391E6F01C
:107E400083470600A386F1B2D5BD0947E147E39811
:107E5000E6EE0356060005671307A7C79306A6FFBD
:107E6000C206C182E36DD7EC239FC1B2C1BD0947F1
:107E7000E147E396E6EC0356060005671307A7C73C
:107E80009306A6FFC206C182E36BD7EA239EC1B266
:107E900075B58345060003C601B4A380B1B401459E
:107EA000EF70CFE061BD0346060083C511B42380A7
:107EB000C1B4F5B79307C01C63E6D70A45C6B24004
:107EC00041016FE0CE9B0547E147E39AE6E6834731
:107ED000060003C721B4058B2381F1B493F6170084
:107EE00011C7E39D06E4EFD03EF689BDE38806E4C2
:107EF000138701B518438945398BE31E07E893E7DB
:107F000007F82381F1B41DBD0547E147E399E6E297
:107F10008347060003C7A1B3238DF1B211C7E39FC6
:107F200007E0EFD0DEF419BDE38A07E0138701B55F
:107F300018431377070F19C39145B1BD93E707F8AD
:107F4000238DF1B2E5BB9307200463EFE700894579
:107F50008947E396B6DEB240835506003A85410173
:107F60006FC0EE91E147E1BB8947D1BB9307200485
:107F700063E9A700894589476396B60083550600E3
:107F8000C5B789473E8582806F700FCD011106CE3F
:107F90002AC6EF30EFA509C9B245F24003450500F6
:107FA0004D4605616FC0CE84F2404945056182802F
:107FB0006F700FD0411106C6EF80402B1725FFFFD1
:107FC0001305C5D6EFA0CEAEEF10FFC117C5FEFF5B
:107FD00013056516EFA0CEADEFC02E9117F5FEFF8D
:107FE00013050519EFA0CEACEFF0AE951745FFFFD6
:107FF0001305A563EFA0CEABEF408FF717F5FFFF9A
:108000001305A52FEFA0CEAAEFE0DFA01715FFFF05
:1080100013058528EFA0CEA9EF108FA4B24041012F
:108020006FF09FA69387C1B5138741B59C43184352
:1080300001456313F700828083D6670081E683D60B
:10804000470036959C43F5B797E7FD1F93870711C7
:108050008C4317E7FD1F0357A71041111386052214
:1080600023AEC1B4938785FFBA97056523AAF1B4FF
:1080700006C61D05935637006374E500930600207D
:108080003307D60023ACE1B423A0E522E116231286
:10809000D600231306001CC3998FE1172312F700A3
:1080A00023130700EFF01FF8B24097E7FD1F239856
:1080B000A70E410182809387C1B5138741B59C43C8
:1080C000144301456393F600828003D7670011E7EC
:1080D00003D747006373E5003A859C43E5B7938770
:1080E000C1B5938641B59C4390422A87B305B540FC
:1080F0006314F6003A8529A8938687009C43E369B8
:10810000D7FEE377F7FE2E85E3E4D5FEE3F2F5FE36
:10811000828083C705002300F50083D72500A300D4
:10812000F50083D72500A1832301F50083C745000F
:10813000A301F5001145828023A201B623A001B658
:10814000828029C1411126C206C622C4AA840145E3
:108150008DC52E842285414697C500009385C5951F
:108160009780FD1FE780C06283C704000545230692
:10817000F40083C71400A306F400B24022449244E2
:108180004101828001458280011122CC26CA06CE9F
:108190000947AA8432846383E50441468147639B8F
:1081A000C500638FE6006397B6001DA8414781476D
:1081B000638FE600F2406244D2443E8505618280CE
:1081C0008A852285EFF0FFF741468A8521A88A85B6
:1081D000EFF03FF741468A85228531A0E398B6FC4F
:1081E0002E86A28526859780FD1FE7806063AA877B
:1081F000D1B723A2A1B68280011122CC035465001D
:1082000006CE26CA4AC84EC641C083298500AE8420
:108210002A8803C9090081471317890161876355BB
:108220000702B147054563FA870451144204035518
:108230002800418033878900A2864E868545EF401D
:108240008FA9B337A00085077D1413556900420438
:1082500005891379F90341802380F400A380A400E9
:108260002381240123928400014719C01387190038
:1082700098C409476383E7000145F2406244D24451
:108280004249B249056182800545C5BFC167F917FA
:10829000630AF502D94763F7B702011122CC2EC653
:1082A00006CE2A84EF101F81B2456368B50022858F
:1082B0006244F24005616F300F99F2406244054517
:1082C0000561828005458280C167F9176314F50056
:1082D0006F104FFE411106C6EF30EF8511E15D458D
:1082E000B2404101828039714ED656D25AD006DE54
:1082F00022DC26DA4AD852D4AA8A2E8BB28949EFD8
:1083000036C6EFF07FFC9145EF105F8BAA844D4994
:108310002DC9B246054A238034010544630A0B0087
:10832000B68513851400029B0505131405014180D1
:10833000E20993D9894163D30902C1455685EF30DB
:108340008F8D654905E933868400A2852685EF3047
:10835000BFE92A8905E131044204418091472C0894
:108360005685231CF10026CE231D8100EF203F9669
:108370002A8901C963070A0026859790FD1FE780B7
:10838000C026F25062544A85D2544259B259225AF8
:10839000925A025B21618280BA84014AADBF011109
:1083A00022CC26CA4AC84EC606CE2A893284B6894D
:1083B000EFF07FF3AA8405E1938741B69C4381CF18
:1083C00005476317E40003C4090005041374F40FA0
:1083D000A2854A858297F240624426854249D2446A
:1083E000B24905618280AE860147054697050000C7
:1083F000938565D26FF0BFFA83D705002300F5009F
:1084000083D70500A183A300F5000945828083C7B7
:10841000250005472300F50003D505006397E70015
:108420000A050505420541818280C9473305F502E9
:10843000CDBF03D505000A0542054181828083D75F
:1084400025002300F50003D5050083D7250033055B
:10845000F502050542054181828003D50500828031
:1084600003D50500828003D50500828083D72500CF
:108470002300F50003D5050083D725003305F50259
:10848000050542054181828083D705002300F50060
:1084900083D70500A183A300F50083D7250023011E
:1084A000F50083D72500A183A301F50003D545007E
:1084B000110542054181828083D705002300F50024
:1084C00083D70500A183A300F50003D52500090586
:1084D00042054181828089471145639BF6008347AD
:1084E0001600834606000145A207D58F2310F7002A
:1084F000828003D70500D947AE8663FAE7000147BB
:108500000D4697050000938565EF6FF05FE909451B
:10851000828011456393A6028347160083460600B6
:108520000145A207D58F2310F70083473600834605
:108530002600A207D58F2311F700828083C725006C
:108540000547FD1793F7F70F6361F70483D705001D
:108550008DCF011122CC2A84C84106CE15C12EC66A
:108560008945EFF0DFB72A8722856244B246F240A0
:108570001546970500009385C5E905616FF03FE258
:10858000F240624409450561828009458280954731
:10859000114563F9D706411122C426C24AC006C656
:1085A00083471600BA8403470600A2073284D98F96
:1085B0002390F400834736000347260093054400C8
:1085C000A207D98F2391F40089472382F40009463A
:1085D0001385540036899780FD1FE780601B930741
:1085E000A9FF2394F4009947631BF90023A6040014
:1085F000B24022449244024901454101828019045B
:10860000C0C4FDB7828083D705008DCF011122CC75
:108610002A84C84106CE15C12EC68545EFF03FAC71
:108620002A8722856244B246F2401D469705000023
:10863000938565E005616FF09FD6F240624409457D
:10864000056182800945828099476395F6048947D0
:10865000411106C62302F700834716008346060031
:10866000B285A207D58F2310F700834736008346D3
:10867000260003464700A207D58F13055700231194
:10868000F70091059780FD1FE7808010B2400145FB
:1086900041018280D14711456394F600C1474DBF27
:1086A000828083D705008DCF011122CC2A84C84156
:1086B00006CE15C12EC68945EFF07FA22A872285F6
:1086C0006244B246F240254697050000938565D77F
:1086D00005616FF0DFCCF24062440945056182809C
:1086E0000945828089471145639BF6008347160040
:1086F000834606000145A207D58F2310F70082802C
:10870000011122CC2A84C84106CEAE86014719C584
:108710002EC68545EFF0BF9CB2462A87228562446B
:10872000F2402D4697050000938565D305616FF0F3
:108730001FC711456393A6028347160083460600B0
:108740000145A207D58F2310F700834736008346E3
:108750002600A207D58F2311F7008280011122CCB9
:108760002A84C84106CEAE8611C52EC68545EFF0D7
:108770001F97B2462A8722856244F2403546970504
:108780000000938525CE05616FF07FC193F7160039
:10879000114589EB89476387F60085822312D7004C
:1087A00010C301458280011122CC2A84C84106CE23
:1087B00015C12EC68545EFF09F922A872285624417
:1087C000B246F2403D4697050000938505CA056113
:1087D0006FF0FFBCF240624409450561828083D797
:1087E00005008DCF011122CC2A84C84106CE15C1C7
:1087F0002EC68945EFF0BF8E2A8722856244B24695
:10880000F240454697050000938585C605616FF0E7
:108810001FB9F240624409450561828009458280A2
:10882000854763FCD7022304A700A304B70083474E
:10883000160083450600A207CD8F2310F70093870B
:10884000E6FF2311F70089476386F600090650C347
:108850000145828023220700E5BF11458280014740
:1088600081464D4681456FF09FB38D47114563FBAF
:10887000D7028347160083450600A207CD8F231039
:10888000F7008347360083452600A207CD8F2311CA
:10889000F7009387C6FF2312F7006386A600110630
:1088A00010C70145828023240700E5BF011122CCB7
:1088B0002A84884506CEAE8611C52EC69545EFF0B2
:1088C0001F82B2462A8722856244F2405D469705A0
:1088D00000009385A5BB05616FF07FAC854711450E
:1088E0006397F6008347060001452300F700828066
:1088F00001478146654681456FF07FAA011122CC70
:108900002A84C84106CEAE86014719C52EC68D45BC
:10891000EFF0EFFCB2462A8722856244F2406D46B2
:1089200097050000938585B905616FF0DF9B011104
:1089300022CC2A84C84106CEAE86014719C52EC670
:108940008D45EFF0CFF9B2462A8722856244F24086
:10895000754697050000938565B605616FF0BF9871
:10896000814717B80000130828161306F00F3307C5
:10897000F800834607001397060141836364E5000E
:108980006393C600828083D605006365D700239079
:10899000E5008280850793F7F70FD1BF41119397C8
:1089A000050122C406C626C2C1872E8463D50702EC
:1089B000EF90CE81AA8409CD83470500054793C770
:1089C00007086364F700EF60E00A2685EF80FEF891
:1089D0002165218D29A893F7150099CF97E7FD1FF1
:1089E0009387C7A3FC5791C3829713451400B240E5
:1089F000224492444101828093F7250099CB97E766
:108A0000FD1F9387A7A1BC5B91C3829713452400E8
:108A1000F9BF93F7850081CF97E7FD1F938707A0E4
:108A2000FC5FBC5B91C3829713458400C9B793F781
:108A3000450081CF97E7FD1F9387479EFC5FFC575A
:108A400091C38297134544005DB793F7050291CF18
:108A500097E7FD1F9387879C83A7070983A70709CB
:108A600091C382971345040259B793F7050191CF3B
:108A700097E7FD1F9387879A83A7070983A7C708EE
:108A800091C38297134504019DB793972501014532
:108A9000E3DF07F497E6FD1F83C6B69817E6FD1FD0
:108AA0000346269897E5FD1F83C5959717E5FD1F9B
:108AB00003450597EFB06FA6096521BF411122C498
:108AC00017E4FD1F1304849513068012814526C206
:108AD000AA84228506C623A601B69780FD1FE780DB
:108AE000A0CE0145EF2050120145EF20F01997D795
:108AF000FD1FA384976AB707D707B50717E7FD1FC0
:108B00002328F792B7A70D0D9387372117E7FD1F8D
:108B10002322F792B7A7D7079387372117E7FD1FBF
:108B2000232CF790E9779387372117E7FD1F231749
:108B3000F7907D4781472320E40E0327040D23226D
:108B4000F40EB7872D049387F79F5D8F8327440D1D
:108B500097E6FD1F23ACE69897E6FD1F23ACE69849
:108B600093E7E73917E7FD1F2328F79897E6FD1FDE
:108B700023A0F69897D7FD1F83C7275F17E7FD1F30
:108B8000A30CF79417E7FD1FA30CF794F977FD17D3
:108B900017E7FD1F2317F79817E7FD1F2314F79812
:108BA000FD4717E7FD1F2300F79897E7FD1FA383F5
:108BB000078A85679387F7F017E7FD1F231DF7885E
:108BC00017E7FD1F231AF788EF909E9597E7FD1F83
:108BD000A387A7849307C01C17E7FD1F231DF78AEF
:108BE000854717E7FD1FA30AF78697D7FD1F83D791
:108BF0002757A98317E7FD1FA304F78A8D4717E7B7
:108C0000FD1F231EF78497E7FD1F23AB0784B717CB
:108C100007069387074417E7FD1F2325F78497D797
:108C2000FD1F9387A75383D707011307B00F637402
:108C3000F7009307B00F1396070117E7FD1F2314E2
:108C4000F78017E7FD1F2312F7808347C403418293
:108C50009306E600918BC5C3931766009387073D83
:108C6000C207C18317D7FD1F2310F77E0347D40324
:108C7000118B49C7131766001307073D420741834D
:108C800097D5FD1F2394E57CED4532876373B600CD
:108C90006D4717D6FD1F2314E67A130680143E870E
:108CA00063F4C700130780148E0697D7FD1F23991E
:108CB000E77897D7FD1F2397E77897D7FD1F239273
:108CC000D7789307C01C17D7FD1F2319F778B7076C
:108CD00016009387079017D7FD1F232BF776EF9089
:108CE0004FEEEF40901AEF80BFC82244B24092444A
:108CF00041016F60C025939736009DB713973600EA
:108D0000B5BF411106C622C426C217D7FD1F0347AF
:108D1000C77497D7FD1F83C757746369F700014471
:108D20002285B2402244924441018280AA84930564
:108D300010241305800B9780FD1FE780A07E2A84F6
:108D400079DD1306800B81459780FD1FE780C0A762
:108D500081E4C1572304F40097D7FD1F9387076C64
:108D6000B84F3DE717D7FD1F2324877017D7FD1F86
:108D70002322877017D7FD1F23208770232004002C
:108D8000054797D6FD1F238AE66C0547A304E40038
:108D9000130700F9A305E40017D7FD1F1307C75BEE
:108DA000544B184F17D5FD1F0345853C74C438C874
:108DB0007D57230BE40083C7A704A30EE406230416
:108DC000A4062306F40AEF809FDBA30AA40089BF50
:108DD000F84F00C317D7FD1F2320876A2320040004
:108DE00003C7E703050771BF8347E501411122C4AB
:108DF00006C69907A308F5007C4511472308E5003E
:108E00002380E7007C45034715012A84A380E700FF
:108E100083475503858B91E70347450389476319CA
:108E2000F70078448347070093E707042300F7001F
:108E3000684493056403194609059780FD1FE78080
:108E4000209568440356E4014C5421059780FD1F8A
:108E5000E7800094930730F9A305F400B240224460
:108E60004101828041114AC017D9FD1F1309095BD6
:108E70008327490B06C622C426C299E3054505AAE5
:108E8000AA84EF90EF918327490B8297EF40C05659
:108E90002A846DD5DC50AC482324F50803C7B40000
:108EA0009307A009631BF71085472300F51483C7B8
:108EB00034062303F514A303F51483C7F50003C791
:108EC00005010148A2074207BA9703C7E500154606
:108ED000F905BA9703C735FF130584136207BA97DC
:108EE000232CF40883C755FF03C765FFA207420779
:108EF000BA9703C745FFBA97232EF40883C775FFB7
:108F0000A30BF40283C795FF03C785FFA207D98F80
:108F1000231CF40283C7B5FF03C7A5FFA207D98F9F
:108F2000231DF40283C7D5FF03C7C5FFA207D98F4E
:108F3000231EF40283C7F5FF03C7E5FF232E0413A6
:108F4000A207D98F231FF4028147232CF4129780A4
:108F5000FD1FE780E083B84883473702FD8BA30AF3
:108F6000F40203473702ED1793F7F70F1583230831
:108F7000E4022D476368F7028357A403056793064D
:108F8000A7C7E917C207C18363EEF6008356C4037F
:108F90009307301F63E8D7008357E403130707C81C
:108FA000637EF70203558400EF4020650145B2401F
:108FB000224492440249410182808327890D1397FC
:108FC0001701E35C07EEFC4403C7070083C70500F5
:108FD000F98F9583858B2300F514C5B58327890BFD
:108FE000228582978327090E03558400294693F72B
:108FF000072091E3054693050008EF505041832771
:10900000890D1397170163590700035584005146D2
:1090100093050008EF50B03F83274905FC4B139799
:109020004700E35D07E403C58400A38B04004946C1
:1090300093050008EF50B03D91B5411122C406C61A
:1090400026C24AC097D7FD1F83C7573D2A848DEBA0
:109050000347040185476318F70E8347D40303478A
:109060005404858B631FF70C19469305640413059C
:10907000E4039770FD1FE780A07AB334A000A1A895
:1090800083475504DDC78347B5041307000493F7EE
:10909000070C6390E70A085931C513096404CA85AF
:1090A0001305A5029790FD1FE78040C08547AA845D
:1090B000631AF502085889472302F40483473500F0
:1090C0001946CA8593E72700A302F4045105977057
:1090D000FD1FE780E06BB24022442685024992449E
:1090E000410182800347040185476304F7048347F5
:1090F0000406918B9DEF8347C40385EF1305440459
:109100009790FD1FE78080C608D805C589472302D0
:10911000F4048347350019469305640493E7270058
:10912000A302F40451059770FD1FE7806066854433
:109130005DB78347C403898B81DF1C5883C7170041
:1091400081FB814449BF83470406918B99F783478C
:10915000D40013F717000DC3834634010D47639DF8
:10916000E60068402C442244B24092440249410146
:109170001783FD1F670083A7898BD5DB0347340165
:109180009547E316F7FAF1BF411197D7FD1F2383E7
:10919000073022C4930710F906C6A305F50093878C
:1091A00081B680430DC0854517D5FD1F0345F5FEEB
:1091B000EF805EF6930710273305F50222832244E1
:1091C000B24041010283B240224441018280834780
:1091D000A50199C70347A5006314F7006FF0DFFAF4
:1091E0000347950111CF8346A5006382E60223055C
:1091F000E500894517D5FD1F034535FA6F80BEAEE2
:10920000F1DF0347A50079FB2305F500DDB7F9D7AA
:10921000E5BF2C49314783C7150093F7F7032309AE
:10922000F5006386E700930700083E85828083C7C8
:1092300005000D47BD8BA309F500E396E7FE41113C
:109240004AC01309650322C419462A84A1054A8528
:1092500006C626C29770FD1FE780805C9147630FAA
:1092600005222C4819461305640483C705008905A7
:109270009987858BA302F4049770FD1FE780405106
:109280002285EFF09FDBA147630A05201305200428
:1092900083044401EFA0FE896205618593070008FD
:1092A00063CEA41E64449D472308F4002380F40089
:1092B00085472381F400A381F400CA8519461385EC
:1092C00044009770FD1FE780A04C83C7240003C7AC
:1092D00034000149990793F7F70F1367870023813B
:1092E000F400A381E4007844BA970357C406A3812D
:1092F000E70083C724007844834614063E978357CB
:10930000C4069206A183BD8BD58F2302F70003C745
:10931000240009071377F70F2381E4008356E40143
:10932000E1C283470406795993F7070491C375593D
:109330003309E9401379F90F6374D90A8346340677
:10934000751989471379F90F6391F6168347B406A7
:1093500063960716916793870729F9469387771BCA
:10936000B3C7D70217D6FD1F0346C6121366060100
:1093700097D5FD1F2380C512138681AC10428565E9
:109380000CC6B386D702860634D283C6340093E671
:109390000601A381D4007444034624063697A30132
:1093A000C70083C62400784436972302F70003C71A
:1093B00024007444A187BA96034734061607D98F50
:1093C000A382F60083C724008D072381F4005C5438
:1093D000CA973CDC8357E401B38727412319F4067D
:1093E0008347040693F7070485C703C734007C440A
:1093F00083C6240013670704A381E40003475401D4
:10940000B697A381E70083C7240085072381F40072
:1094100003C524000356E4014C5493073500684407
:109420003E954DC26360C90A9770FD1FE7804036C4
:109430000349E40103C724009377F70385073E99A6
:10944000A30824012381E40083475403858B91E71B
:109450000347440389476319F700784483470700AB
:1094600093E707042300F7007C4483451401A3809D
:10947000B700930790F9A305F4000345340683472A
:10948000B4065D8DEF80CFFC014681450D45978088
:10949000FD1FE780C0B7EF80BFB08147B2402244D4
:1094A000924402493E8541018280054693078042ED
:1094B000E385C6EA85679387878445B58567938783
:1094C000E71B61BD4A869770FD1FE780602C9DB742
:1094D0002C491307200283C7150093F7F7032309CC
:1094E000F5006396E71A011122CC06CE26CA4AC8B7
:1094F0004EC683C7050015472A84BD8BA309F50016
:10950000639CE7021946A105130565039770FD1FCB
:10951000E78000319147630A05142C48194613056A
:10952000640483C7050089059987858BA302F40429
:109530009770FD1FE780C0252285EFF01FB0A1477F
:10954000630505128346340617D9FD1F130909C99F
:10955000054797D9FD1F83D9E9C883270900637E92
:10956000D710829737460F00AA8413060624814637
:109570001305007D3385A9028145EF60F074B307C0
:10958000950033B5A7002E953E878326490019E143
:1095900063E4D7003387D7406444A1472308F4002D
:1095A00058D02380F40085472381F400A381F40080
:1095B000194693056403138544009770FD1FE780E7
:1095C000201D83C7240099072381F40083C734003A
:1095D00093E72700A381F4008347540481CB7844A8
:1095E0008347070093E707F82300F7001946930520
:1095F00064041385A4009770FD1FE780601983C77A
:109600002400990793F7F70F13F7F7030507A3084B
:10961000E4002381F40083475403858B91E70347DB
:10962000440389476319F70078448347070093E7A9
:1096300007042300F7007C4483451401A380B7008E
:109640009307A0F9A305F400034534068347B40645
:109650005D8DEF80EFDF014681450D459780FD1F51
:10966000E780E09AEF80DF938147F2406244D24482
:109670004249B2493E8505618280829737460F0094
:10968000AA841306062481461305803EE5B5930798
:1096900000083E85828041114AC0138981AC83272E
:1096A000090022C41307000A06C626C22A84F8D37A
:1096B0000945EF805F969386C1AB9042B705008263
:1096C000FD155C56F19B93E717005CD60327090054
:1096D0005C4393E717005CC38347840693F7F70363
:1096E000139797015C56ED8FD98F5CD637170040E2
:1096F000930770052300F704930780FA2300F7040B
:1097000003068406B54763D0C7168357270293E73D
:1097100007012311F7029C42370633009843137761
:10972000F7E798C398431377F7E71367071098C3D1
:10973000138701AD18431447D18E14C7832609003F
:109740001306A00DB0CA5457F59A54D70347240600
:109750009376F7079843137707F8558F98C337C761
:10976000898E130767ED98C7375755006444130770
:109770005755D8C39D472308F4002380F40085473C
:109780002381F400A147A381F4007C440357C4065D
:109790002382E70083C724007844834614063E975B
:1097A0008357C4069206A183BD8BD58F2302F70091
:1097B00003C524009307E00F09051375F50F2381F6
:1097C000A40003562407898F63CFC7047C442C5C14
:1097D0000D053E959770FD1FE78080FB03C72400B1
:1097E000834724079376F7038507B697A308F40009
:1097F0002381E40083475403858B91E703474403A7
:1098000089476319F70078448347070093E7070403
:109810002300F7007C4403471401A380E70093076B
:1098200080F9A305F40083270900784481451715C2
:1098300000001305C539B8DBEF805E9597D7FD1F93
:10984000A38D07B0834534068347B406034614014D
:109850002244B24092440249DD8D01454101177313
:10986000FD1F6700C37A83572702C207C183BD9BD0
:10987000C207C18379BD397152D4138A81AC832662
:109880000A0022DC26DA06DE4AD84ED69307000A02
:10989000FCD29387C1AB9C43B70533002A84D857C9
:1098A000719B13671700D8D798431377F7E798C3CE
:1098B00098431377F7E71367071098C3138701AD31
:1098C000184310474D8E10C71306A00DB0CA50574D
:1098D000759A50D7034725061376F70798431377F1
:1098E00007F8518F98C3DC420D4793E71700DCC29D
:1098F00064459D472308F50085462380F400A38135
:1099000004002381D4008347F5056385E7001947E8
:109910006396E7528547A381F400194693056403D3
:10992000138544009770FD1FE78080E683C72400FD
:1099300099072381F4000347F40599476316F70458
:1099400083C734001385A40093E72700A381F400A4
:1099500083475403898B6385071E0C5883C72501F1
:109960006380071E1946D1059770FD1FE78040E20E
:1099700078448347070093E707F82300F70083C77D
:10998000240099072381F40083C7340003C724000F
:1099900093E78700A381F4007C44BA970357C40679
:1099A000A381E70083C724007844834614063E97CA
:1099B0008357C4069206A183BD8BD58F2302F7007F
:1099C00003C7240009071377F70F2381E4008356A8
:1099D000C4016386061A83470406795993F707047E
:1099E00091C375597C483309E9401379F90F918B7C
:1099F00081C739191379F90F81496374D90A8347EB
:109A00003406751989461379F90F639DD714834776
:109A1000B40663920716916993890929F9479389D6
:109A2000791BB3C9F90297D6FD1F83C6A6A693E694
:109A3000060117D6FD1F230FD6A483260A0005664C
:109A400090C6B387F9028607BCD283C7340093E778
:109A50000701A381F4007C44834624063E97A301BA
:109A6000D70003C724007C4493D68940BA97238249
:109A7000370183C7240078443E978347340696070E
:109A8000D58FA302F70083C724008D072381F4003C
:109A90001C54CA973CDC8357C401B3872741231960
:109AA000F4067C48914613F7C700630BD700B14614
:109AB0006316D726834614060347F4076390E62609
:109AC000A18BE1C79387019F9C43832984098297D7
:109AD00017C7FD1F1307877063E6A90AB7470F0072
:109AE0003385A94093870724B335F50203568700D1
:109AF00081463305F502EF60301DAA89B7074B0098
:109B0000138749ED9387B7C763EAE7204946814544
:109B100068009770FD1FE78020CBB7C703009387CD
:109B200037FC63CD3713BD09F947B3C9F902B24712
:109B30007977F98FCE0993D93901B3E93701B9A201
:109B40008347D40381CB78448347070093E707F822
:109B50002300F70019469305E4039770FD1FE78083
:109B600020C331BD854693098042E389D7EA8569E0
:109B70009389898465B585699389E91B45B58149D0
:109B8000014905B75C43BE9991BF83C73400834543
:109B90003406C18BA1CB79460947B389C9028357E3
:109BA00024076395E5020347B40699078E0709CB9E
:109BB0009387770D13961700B299938949293DBF72
:109BC0009387A70493963700B699C5BF0547639757
:109BD000E500BD0713972700BA99C5B7B9078E07E7
:109BE000BE99E1BF03C724008357C401BA97094750
:109BF000639EE5040347B406D9078E0721C7938700
:109C0000770D860717D7FD1F0347D78813671700FF
:109C100097D6FD1FA380E68803270A00A1669389D3
:109C2000875214C793875754F946B3C7D702B387EF
:109C3000D70286077CD7834714062300B408A30FF6
:109C4000F4066DBD9387A7048E076DBF0547639526
:109C5000E500FD078A077DB7F907FDB7B78725003F
:109C6000138747ED634637031307C01293896909C9
:109C7000B3C9E902B24789661387F6FFD58F33F778
:109C8000E900F979B3F93701B3E9E9004EC619A83B
:109C900063C037178357C1006977F98F1167D98F70
:109CA0002316F1008357640868446C00139707017A
:109CB0008357C100D98F3EC68327040A0327C408EF
:109CC0003EC88327440A13168700618393F6F70181
:109CD00097C7FD1F83C7B7749D8B9607D58FD18F0C
:109CE0003ECA832704094946A2075D8F835784082B
:109CF0003ACC231EF10083C724008D073E95977050
:109D0000FD1FE780E0A883C7340093E70702A38123
:109D1000F40083C72400C9072381F40083470406A5
:109D200093F7070485C703C734007C4483C6240027
:109D300013670704A381E40003475401B697A38186
:109D4000E70083C7240085072381F4000356C4017C
:109D500061E2014983C624008347E40513F7F60353
:109D600005073A999A07D58FA30824012381F400A7
:109D700083475403858B91E703474403894763195D
:109D8000F70078448347070093E707042300F700B0
:109D90007C4403471401814517150000130525E392
:109DA000A380E700930760F9A305F40078448327B4
:109DB0000A00B8DBEF808EBD97C7FD1FA38F075841
:109DC00097C7FD1F238C0758834534068347B40685
:109DD000034614010145DD8D9770FD1FE7802023A8
:109DE000F2506254D2544259B259225A21618280AF
:109DF000B787DAFF93876709BE998347D10093F746
:109E0000F7F993E70706A306F1009307C01231BBE9
:109E100003C524000C549307350068443E956369DC
:109E2000C9009770FD1FE780A0960349C4011DB7C4
:109E30004A869770FD1FE780A09529BF1387E7FF2B
:109E40001377D70F6311071EA381D4009305650311
:109E50001946138544009770FD1FE780609383C700
:109E6000240003C7340097C9FD1F9389295B990714
:109E700093F7F70F136787002381F400A381E400B1
:109E800078440149BA970357C406A381E70083C702
:109E900024007844834614063E978357C4069206EE
:109EA000A183BD8BD58F2302F70083C62400914781
:109EB000890693F6F60F2381D4000347F405631057
:109EC000F70C83470406795993F7070491C3755932
:109ED0008357C4013309D9401379F90F6371F90A23
:109EE00003473406751989471379F90F6318F7107A
:109EF0008347B406639D07109167938707297947C5
:109F00009387771BB3C7E70203C689071366060169
:109F100097C5FD1F2380C55803260A0085650CC61A
:109F20003387E702060738D203C7340013670701F7
:109F3000A381E400784403462406BA96A381C600B0
:109F400083C62400784436972302F70003C7240011
:109F50007444A187BA96034734061607D98FA382A3
:109F6000F60083C724008D072381F4001C54CA9790
:109F70003CDC8357C401B38727412319F406834788
:109F8000040693F7070485C783C7340003C724007A
:109F900093E70704A381F4007C44BA970347540174
:109FA000A381E70083C7240085072381F4000347CA
:109FB000F40591476317F7060356C4013DC203C574
:109FC00024000C549307350068443E956365C9042A
:109FD0009760FD1FE780C07B0349C4010347F40578
:109FE0009147631AF72883C7890793F7070F93E709
:109FF000570017C7FD1F230FF748A9BB0546930756
:10A000008042E30EC7EE856793878784CDBD856761
:10A010009387E71BEDB54A869760FD1FE780407781
:10A0200075BF014965BF93F7B70F0547E393E7D2C3
:10A03000A381F400930565031946138544009760D6
:10A04000FD1FE780E07483C7240099072381F40093
:10A0500083C7340093E72700A381F4008347D40328
:10A0600081CB78448347070093E707F82300F70084
:10A07000834754031385A400898B6387071A0C5800
:10A0800083C725016382071A1946D1059760FD1F12
:10A09000E780007078448347070093E707F82300C0
:10A0A000F70083C7240003C7340097C9FD1F9389B5
:10A0B000E936990793F7F70F136787002381F400B8
:10A0C000A381E40078440149BA970357C406A381E9
:10A0D000E70083C724007844834614063E978357DD
:10A0E000C4069206A183BD8BD58F2302F70083C6D9
:10A0F00024008547890693F6F60F2381D400034791
:10A10000F4056310F70C83470406795993F70704A5
:10A1100091C375598357C4013309D9401379F90F95
:10A120006371F90A03473406751989471379F90FE2
:10A13000631EF7108347B4066393071291679387F2
:10A14000072979479387771BB3C7E70203C68907B7
:10A150001366060197C5FD1F238EC53203260A002C
:10A1600085650CC63387E702060738D203C734007B
:10A1700013670701A381E400784403462406BA96D6
:10A18000A381C60083C62400784436972302F700D3
:10A1900003C724007444A187BA9603473406160700
:10A1A000D98FA382F60083C724008D072381F40092
:10A1B0001C54CA973CDC8357C401B3872741231939
:10A1C000F4068347040693F7070485C783C7340062
:10A1D00003C7240093E70704A381F4007C44BA97E3
:10A1E00003475401A381E70083C724008507238127
:10A1F000F4000347F4058547631DF7060356C401C1
:10A200002DCA03C524000C549307350068443E95BD
:10A21000636BC9049760FD1FE78080570349C40141
:10A220000347F405854775BB8347D40381CB784446
:10A230008347070093E707F82300F70019469305C3
:10A24000E4039760FD1FE780A054A1BD0546930776
:10A250008042E308C7EE856793878784DDB585670D
:10A260009387E71BF9BD4A869760FD1FE780405240
:10A2700045BF014975B783C7890793F7070F93E770
:10A28000670085BB011156C297CAFD1F938A0A1940
:10A2900083A74A0A06CE22CC26CA4AC84EC652C452
:10A2A000639F07502A840945EF70FFD6138981AC5C
:10A2B000032609009307000A9389C1AB7CD283A7C8
:10A2C0000900B7053300568AD857719B13671700EA
:10A2D000D8D798431377F7E798C398431377F7E7EE
:10A2E0001367071098C3138701AD18431447CD8E29
:10A2F00014C79306A00D34CA5457F59A54D7034790
:10A30000A4009376F7079843137707F8558F98C3FF
:10A310008347E4007844BD8B2308F4002300F70052
:10A320001D476444639CE73C8547A3810400238167
:10A33000F4000347F4058D45631FB7288357C40114
:10A34000639207187C481147B18B638DE71631473C
:10A350006398E700034714068347F4076304F7167E
:10A360008547A381F40019469305640313854400CF
:10A370009760FD1FE780C04183C72400990793F7CA
:10A38000F70F2381F400034704061377070415C36E
:10A3900003C7340013670704A381E4007844BA9725
:10A3A00003475401A381E70083C724008507238165
:10A3B000F40097C7FD1F238F070C83C62400834733
:10A3C000E40513F7F60305079A07D58FA308E40001
:10A3D0002381F400930740F9A305F4008347540355
:10A3E000858B91E70347440389476319F700784455
:10A3F0008347070093E707042300F7007C440347E3
:10A400001401B7060082FD16A380E70003270900A8
:10A410005C4393E717005CC38347840603A60900E7
:10A4200093F7F703139797015C56F58FD98F5CD696
:10A4300037170040930770052300F704930780FA4D
:10A440002300F70483068406B54763D2D7368357C3
:10A45000270293E707012311F70203A70900B7C7F3
:10A46000898E938767ED1CC7B7575500938757555B
:10A470005CC38347A4068344440681451705000056
:10A480001305E574DD8C894717C7FD1FA309F7EC99
:10A4900097C7FD1FA38307EC832709007844B8DB27
:10A4A000EF70DECE034614016244F2404249B249E5
:10A4B000224A924AA685D244014505611773FD1FC1
:10A4C0006700E3B4A147A381F4008357C406238245
:10A4D000F4008357C406034714067444A18312078B
:10A4E000BD8BD98FA382F60083C624000547890659
:10A4F00093F6F60F2381D40083478A0703260900C9
:10A500006313F7060347440689476316F71E03479C
:10A51000A406938766008E07630B071C9387770D4D
:10A520008607231AF4068357440703478401F94535
:10A530009387070AB387E702094517C8FD1F230B56
:10A54000A8F4056508C6938707FBC207C1839387F4
:10A550007716B3C7B70213970701B387B7024183D2
:10A5600086073CD21DA03852F94705833357F702BE
:10A570003C526C528583FD8BAE977CD28D4717C6BB
:10A58000FD1F2309F6F04207418383C7340093E798
:10A590000701A381F4007C44BE968347240693E719
:10A5A0000704A381F60083C624007C44B697238267
:10A5B000E70083C624007C4421837D8BB6978346C5
:10A5C00034069606558FA382E70083C724008D07C3
:10A5D0002381F400DDB399466319D70A0357C401F8
:10A5E0004DE7A381F40013854400194693056403E5
:10A5F0009760FD1FE780C01983C724001385A4005E
:10A6000099072381F40083C7340093E72700A381CF
:10A61000F40083475403898BB9C70C5883C72501BD
:10A62000B9C31946D1059760FD1FE78060167844CD
:10A630008347070093E707F82300F70083C7240048
:10A64000990793F7F70F2381F40003470406137764
:10A650000704E30007D683C63400784493E6060473
:10A66000A381D4002DBB8347D40381CB7844834797
:10A67000070093E707F82300F70019469305E40362
:10A680009760FD1FE780C01055BFA147A381F4006C
:10A690008357C4062382F4008357C4060347140675
:10A6A0007444A1831207BD8BD98FA382F60083C6A1
:10A6B00024000547890693F6F60F2381D40083C74B
:10A6C0008A0703260900E30FF7E23852F9470583AA
:10A6D0003357F7023C5268528583FD8BAA977CD290
:10A6E00097C7FD1F2388B7DA4207418379BD938757
:10A6F000A7048E073DB59387E600E5BF0547639C39
:10A70000E708B147A308F40083475403898BADC31E
:10A710000C5883C72501A9CF1946D105138584009C
:10A720009760FD1FE780C00678448347070093E7E2
:10A7300007F82300F70068441946930564030905E8
:10A740009760FD1FE780C00483278A0D13971701C8
:10A75000635D07008347E400B98B81EB784483474E
:10A76000070093E707022300F700930720F9ADB134
:10A770008347D40399C783C7040093E707F823806E
:10A78000F400684419469305E40321059760FD1F12
:10A79000E78000004DB70356C4010C5413858400B4
:10A7A0009307660093F7F703A308F400C5B7835730
:10A7B0002702C207C183BD9BC207C18369B9F240AA
:10A7C0006244D2444249B249224A924A0561828097
:10A7D000411197C7FD1F938767C422C4A05306C6C3
:10A7E00005478346C4006390E60283C78707114785
:10A7F0006315F7002285EFE03F9922852244B2409D
:10A8000041016FF03FA8B24022444101828097C7C6
:10A81000FD1F9387A7C0BC4F99E33E85828003C785
:10A820008700E30CA7FE9C43C5BF011106CE22CCD6
:10A8300026CA4AC84EC6EFF09FFD11E98144F24096
:10A84000624426854249D244B249056182808347E9
:10A8500055032A8489EF194697C5FD1F938585CA3C
:10A86000130564039760FD1FE78080F2B5A80547D4
:10A87000639EE70097C7FD1F83C767BAC944E1D34A
:10A88000194697C5FD1F938545C8D9BF1C59A1EB33
:10A890008347C503230A050291EB03475403854709
:10A8A000230AF4028947E317F7FC75B71305C503BC
:10A8B0009770FD1FE780404608D815C1EF40204241
:10A8C0000C5883C7A50081CF8947230AF402194693
:10A8D000B105130564039760FD1FE78060EB034734
:10A8E00044038947E31BF7FA97C7FD1F83C717B3D4
:10A8F0009DCB8347C40385CB8347340413070004EF
:10A900001305C40393F7070C6397E7109770FD1FB7
:10A91000E780C04508D81C5899C783C7270181C75D
:10A920008947230EF4028344C40089F8854703490C
:10A93000E4002306F400A304F40017C7FD1F034737
:10A94000778397C7FD1F238B07AC93170701231B42
:10A95000E4069376F9001947C183637AD7068346E4
:10A9600044060947938947006394E6009389C70327
:10A970008356C4018345340617C7FD1F0347679EEE
:10A980001305A00F9307E70B231B3407138726003B
:10A990000946B3D6A6020E0717C5FD1F03558584C9
:10A9A0006390C5081307A7040E073E979397A60068
:10A9B000BA9737460F00130606248146B3A5A702AF
:10A9C0003305F502EF5050304E95231BA4068357F4
:10A9D000E40623180406B1CB034564019307F00F86
:10A9E0006307F500EF708EEDFD57230BF40003565F
:10A9F000E406930664011206A285171500001305EC
:10AA00000597EF700ED8854517B5FD1F0345F578FE
:10AA1000EF706EAD2DB59770FD1FE780E02FDDBDA7
:10AA20006D073E979397960061B78547E31DF9FC44
:10AA3000034564019307F00F6307F500EF700EE81C
:10AA4000FD57230BF4000566930664011306068088
:10AA500065B7411106C622C42A84EF706FD42285DF
:10AA600023060400A3050400A3040400EFE0CFF1D3
:10AA7000854517B5FD1F03455572EF708EDF89457B
:10AA800017B5FD1F03457571EF70AEDE0345640118
:10AA90009307F00F6307F500EF704EE2FD57230BAD
:10AAA000F400B2402244410182802C49411106C683
:10AAB00022C426C24AC083C715007D4793F7F70317
:10AAC0002309F500E91793F7F70F637BF700930469
:10AAD0000008B24022442685024992444101828006
:10AAE00083C70500BD8BA309F500F51793F7D70FB2
:10AAF000F9FF2A841946A105130565039760FD1F18
:10AB0000E78000D2914471D52C4885472302F40494
:10AB100083C70500194689059987858BA302F4042C
:10AB2000130564049760FD1FE78080C62285EFE06F
:10AB3000CFD085472A89E31CF5F8034734019547B0
:10AB4000631EF702EF00906B97B7FD1F83C7776214
:10AB50008D8B6375F50283470401E36AF9F69387E9
:10AB6000019F9C438144829748D02285EFE08FAFBC
:10AB7000E31125F72285EFF0DFEDA1BF8347040144
:10AB800081C71947E395E7F41305200483044401C2
:10AB9000EF803EFA62056185E3CBA4F22285EFE007
:10ABA000AFA48347A40603454406834514018144AA
:10ABB0005D8DEF70EF89014681450D459760FD1F62
:10ABC000E780E044EF70CFBD29B7397126DA97C42A
:10ABD000FD1F9384A48422DCA0504AD84ED652D4C0
:10ABE00056D25AD05ECE62CC66CA06DE314B979AF8
:10ABF0000000938AEAEE914B17B9FD1F1309C9753E
:10AC0000938981AC0D4C97BCFD1F938C2C55130A76
:10AC100044018347B4009387E70693F7F70F636710
:10AC2000FB188A07D6979C43D697828701469305DF
:10AC300050020145EF70AF9613065002814505455D
:10AC40009760FD1FE780A03C83473900858BD1C307
:10AC5000284881465286814597B7FD1FA38F076E0E
:10AC60009760FD1FE780C03001E52285EFF0FFE32C
:10AC70000347B40093073009E30DF7F8EF704FB2C4
:10AC80002285EFE0CFD4F2506254D2544259B259E7
:10AC9000225A925A025BF24B624CD24C2161828062
:10ACA00083472900858B95C397B7FD1F2387076AC4
:10ACB0008347040105476375F7001947E390E7FCF4
:10ACC0009307B0F9A305F400A9B783A70900FC53C3
:10ACD000A9F397B7FD1F238307684DB78347290062
:10ACE000858B6387073C97B7FD1F2388076693848E
:10ACF000C1ADEF70EFAA9C409DCBDC438DCB894763
:10AD00002302F10083475404130561001946A3028E
:10AD1000F10083474401930564042306F100976022
:10AD2000FD1FE780E0A69C404800DC4382978347F4
:10AD3000740689CF834554040345840013066404D4
:10AD4000EFA03FB183477406898B9DFB2285EFE01E
:10AD5000AFC315BF8347B4060345340601469305C8
:10AD600050025D8DEF70AF830146814505459760C8
:10AD7000FD1FE780C02983473900858B638F073229
:10AD8000284881465286814597B7FD1FA387075CF7
:10AD90009760FD1FE780C01D01E52285EFE04FF3BE
:10ADA0000347B4009307A009E305F7E6EF704F9F50
:10ADB00071BF8347B406034534060146930550022C
:10ADC0005D8DEF60DFFD0146814505459760FD1F04
:10ADD000E780E02383473900858B6380072E28486E
:10ADE00081465286814597B7FD1FA3880756976015
:10ADF000FD1FE780E01701E52285EFE08FC10347E3
:10AE0000B400930790094DB783472900858B638170
:10AE1000072A97B7FD1F23820754EF706F9883C7E7
:10AE2000840709476307F70083C784070D47631545
:10AE3000F70283A6090003574407BC521307C71241
:10AE4000858363FBE700930750F9A305F400BC5228
:10AE50008583E39007DCDDBD034794018347A401AC
:10AE60001DCF8346A4006302D7286387F60023051D
:10AE7000E4002285EFF00FC18347790093F7F70FC5
:10AE8000E39907D883C7840709476307F70083C797
:10AE900084070D47E31CF7EA930750F925B5E9DF6E
:10AEA0000347A40071FB2305F400E1B783C78407BF
:10AEB000E39EFBFE2285EFE01F9CA1BB8347290098
:10AEC000858B6387071E97B7FD1F2388074883C7B5
:10AED0008407C18B85C7EF70AF8C83C7840793F756
:10AEE0000702E5DF83C78407228593F7F70C17B7BE
:10AEF000FD1F2301F75AEFE00FFA21BB83C7940728
:10AF0000858B91C7EF70CF899307E0F965BB83C745
:10AF100084071547BD8B639CE700EF00302E83C785
:10AF20007C018D8BE374F5E89307D0F961BB83C78F
:10AF300084071947BD8BE39BE7E69307C0F959B334
:10AF400083472900858BE38607CC97B7FD1F2386AF
:10AF5000074083C78407C18B89CBEF706F8483C799
:10AF6000840793F70702E5DFB5BF83C79407858B96
:10AF7000D1FB83C784071547BD8BE387E7FA83C7F7
:10AF800084071947BD8BE38AE7FAEF706F81E5B953
:10AF9000FC58230E8407228582970347B400930749
:10AFA0007009E308F7C6C5B183473900858B95C79B
:10AFB000EF601FFF9387C1AB98437C53ED9B7CD31D
:10AFC00097B7FD1F238F0738371700408357870136
:10AFD000C607C583231CF70095BB83A70900FC5354
:10AFE000E39907C2EF60DFFB9387C1AB98437C53C3
:10AFF000ED9B7CD397B7FD1F23850736371700409D
:10B0000083578701C607C583231CF70097B7FD1F29
:10B010002386073425BB83472900858BD1CB97B77F
:10B02000FD1F238C073283C78407C18B9DC383C751
:10B03000840793F70702E5DF2285EFE0CFE583C7BA
:10B04000840793F7F70C17B7FD1F2305F744EF604C
:10B050003FF52285EFE04F939384C1AD9C409DCB9B
:10B06000DC438DCB89472302F10083475404130549
:10B0700061001946A302F10083474401930564046B
:10B080002306F1009750FD1FE78080709C40480028
:10B09000DC43829783477406858BE38607BE83452E
:10B0A00054040345840013066404EFA08FFAE1BE44
:10B0B00083A70900FC53E39E07B497B7FD1F238FB6
:10B0C0000728EDB197B7FD1F83C72729858BF5D7D3
:10B0D00097B7FD1F23830728EF609FEC2285EFD0F1
:10B0E0007FD82285EFF0FF9679BEE38707D865BB4E
:10B0F000411197B7FD1F9387673222C4E04B06C604
:10B1000026C2630804248346C40005476393E624EB
:10B1100097B6FD1F83C6B6241547638BE60017B7A5
:10B12000FD1F13076723034777008D46639DE600E5
:10B130002244B240924417B5FD1F034515068545CC
:10B1400041016F605EBA83C707008356040217B7D8
:10B15000FD1F23258732850793F7F70F17B7FD1FCC
:10B16000230EF72A130700643347D70263C8E700AA
:10B17000EF70EEC597B7FD1F2382072A0347E4004F
:10B180009D476317F7048347940685CF83560407CA
:10B1900063E6F6028345840093073004A30BF400B2
:10B1A0001305300493F6F60F0146EFA04FEA22850F
:10B1B0002244B240924441016FF0BF8985062318B2
:10B1C000D406930530020545EF70EEB92301A406BD
:10B1D000854717B7FD1F230FF72A034784018D47C3
:10B1E0006319F70AEF60BE9D0D8901ED93077002A8
:10B1F0002305F40093075002A30CF40093076002A8
:10B2000031A885476310F508930760022305F40011
:10B2100093075002A30CF40093077002230DF4006F
:10B220000347E400854797B4FD1F83C414F76318F0
:10B23000F70E0356040285452685EF601EC283473C
:10B240005403898BEDC78347C403F5C30C58E5C18C
:10B2500083C7A500E9CF8947230AF4021946B1053F
:10B26000130564039750FD1FE78080520347C4070E
:10B27000894763E2E70C22852244B24092444101AF
:10B280006FF04F80930750022305F400930770027C
:10B29000A5B789468347F4006319D70213F717004F
:10B2A00011CF130750022305E400898B81CF930748
:10B2B0006002A30CF400230D04009DB79307600205
:10B2C0002305F40093077002EDB79DC313F7170031
:10B2D00001CB930750022305F400A30C0400E1BF47
:10B2E000898B81C793076002FDB793077002E5B7AA
:10B2F00083479401130740026365F70093075002E8
:10B3000001A8850793F7F70F13077002E368F7FEAC
:10B31000A30CF400834794012305F40069BFB945E9
:10B320000545EF704EA4035604022A9629B78547B7
:10B33000230AF40225BF9387019F9C438324840939
:10B34000829763EDA400835764073385A440E374B8
:10B35000F5F2B240224492444101828097B7FD1F2A
:10B360009387C7E7DC43BE94F9BF011122CCFD5798
:10B3700006CE230BF5008357E5062A849DC7834636
:10B380000507834585009307C003A30BF50001461D
:10B390001305C003EFA0AFCB0945EF60DFC72285DF
:10B3A0006244F24005616FF0CFEA8347E50005474C
:10B3B000BD8B6386E70083470506918BF1DF97B766
:10B3C000FD1F9387A70583A7070E93F7072085C363
:10B3D00002C402C202C08148014881470147814638
:10B3E000054681451305C003EFA00FC475B702C021
:10B3F000814801488147014781460546814513053B
:10B40000C003EFA04FC049BF23A4A1B68280411161
:10B4100006C697B7FD1F83C757D889EB17D5FFFF1F
:10B4200013050558EF60DEE8EFD04FE997E7FFFF1F
:10B430009387678D17B7FD1F2324F70497F7FFFF46
:10B440009387E73E17B7FD1F232EF702B2409707F9
:10B450000000938727CA17B7FD1F2327F70297F726
:10B46000FFFF9387273717B7FD1F2321F7024101FD
:10B47000828011C98327050A93E707082320F50A6C
:10B48000FD572303F502828023A8A1B6828097B7D7
:10B49000FD1F9387A7F8BC4B9C5799E33E8582809C
:10B4A00003D78701E30CA7FE93878705FDB701113A
:10B4B00022CC06CE2A84034565029307F00F2E8620
:10B4C0006309F5002EC6EF607EBF3246FD572303A9
:10B4D000F4028347A402035784049306640293E7AB
:10B4E00007062305F40283570404A285F240BA97A5
:10B4F0002313F4046244170500001305C5F7056122
:10B500006F603EA8011122CC06CE2A840345750245
:10B510009307F00F2E866309F5002EC6EF601EBA62
:10B520003246FD57A303F40293067402A2856244D7
:10B53000F240171500001305A5EB05616F607EA4AE
:10B54000011122CC06CE2A84034585029307F00F11
:10B550002E866309F5002EC6EF605EB63246FD57B3
:10B560002304F40293068402A2856244F240171574
:10B570000000130585EA05616F60BEA003467514DF
:10B58000ED4797B5FD1F83D585EB97B6FD1F83D695
:10B59000C6EB17B7FD1F035767EB2310F51C231EDF
:10B5A000F51A231CB51A231AD51A231BE51A894745
:10B5B000630BF60693078014834865142311F51C6A
:10B5C000094817B6FD1F130666E563920807035680
:10B5D0008602231DC51A0566130606A9231FC51A70
:10B5E0006D482E866373B8006D46931506012314CB
:10B5F000C51C6D48C18136866373D8006D46231221
:10B60000C51C8356E51B0356A51B6373D600B28683
:10B610002315D51CBA8663F3E700BE862313D51C19
:10B620002307B50482808567938707A971B70356FE
:10B630006602231DC51A130680144DB7034765140F
:10B6400089468357A51C631ED702835685149387AA
:10B6500087E899C6B3C7E702938757FD214731A012
:10B660002147B3C7E702938757FDB3C7E7020357E4
:10B67000851CC207C18363F3E7003E872307E50407
:10B68000828085466316D7009387C7FB1147F1BFB9
:10B69000938707FBE1B78357451B0357051C4111EF
:10B6A00006C663F3E7003E87931807018357251CFE
:10B6B0000357651B93D808016373F700BA87139883
:10B6C00007018356C51B8357851B1358080163F375
:10B6D000D700BE860357A51B8357E51B13930601AE
:10B6E000135303016373F700BA8783467514C207C7
:10B6F0000947C183639AE6000566130606A94287D7
:10B700006370C802328729A80327051093164701E2
:10B7100063CC06000566130686844287E36406FF51
:10B720001318070113580801834665140947639EDF
:10B73000E6060357A5039306204E3307D70293F678
:10B74000F80F9A061386F63C9386C64F63440601AB
:10B750009306C812158F63D3E7003E87420705663C
:10B760004183130606A9BA876373C700B287C2076D
:10B77000C1830356451C13F7F80F9376F30F631636
:10B78000E6040356651C631206050356851C631EFA
:10B79000D6020356A51C631AF602230E0506EFF027
:10B7A000FFE90945B2404101828003270510931645
:10B7B0004701E3C006FC056613068684BE856373F5
:10B7C000F600B2859397050165B70546230EC506B9
:10B7D0002312E51C2313051D2314D51C2315F51C6A
:10B7E000EFF0DFE501457DBF0357A51B8357E51B40
:10B7F000411106C66373F700BA87034665141397B1
:10B80000070189464183631BD6068566938606A990
:10B810006373D700B6871397070141838357A51C2D
:10B820006387E70085472315E51C230EF5060357BC
:10B83000651B8357251C6373F700BA87034675148D
:10B8400013970701894641836317D604856693865B
:10B8500006A96373D700B6871397070141838357FF
:10B86000651C6387E70085472313E51C230EF50657
:10B87000EFF0DFDCB240014541018280856713862D
:10B880008784E37DE6F88326051093870780F58F8C
:10B89000D1F7328761B7856713868784E371E6FC49
:10B8A0008326051093870780F58FD5FB328745BF28
:10B8B0000357A50495470356E503B307F7028356DC
:10B8C000A50393D537406355B600118F9317370002
:10B8D000B3C7D702C207C1832314F504828083272C
:10B8E00045110D469306F00F03C707000D8BA30605
:10B8F000E5006314C70083C62700A30BD50003C768
:10B900000700418B2309E50083C71700230BF500CF
:10B9100082808347C500CD9B2306F5008280832764
:10B9200045110347C50083C70700935637408987F1
:10B93000B58F858B99C7134787002306E50001451E
:10B94000828005458280832745110347C50083C750
:10B950000700935627408D87B58F858B99E713474E
:10B9600047002306E5000145828005458280832744
:10B97000450E85072322F50E91E78327850E85075F
:10B980002324F50E8327850E93F7070891C7854773
:10B990002322F50E2324050E8347A50293F70704FF
:10B9A00091CF8357050403578504BA972313F504F1
:10B9B0008327450A93F7F7BF2322F50A828083275E
:10B9C000C50E85072326F50E91E78327050F85070A
:10B9D0002328F50E8327050F93F7070891C785479E
:10B9E0002326F50E2328050E8347A50213F7070427
:10B9F00009C793E707022305F502828097B7FD1F69
:10BA00009387C7A183A787090145054791E38280F2
:10BA100083C6B7006393E60005059C43C5BF41118B
:10BA200022C491452A84014506C6EF60DEB3231B7C
:10BA3000A40417B7FD1F035767A9854763F1E706FD
:10BA40000355A41C8357641C37460F0013060624B5
:10BA5000AA979387172717A5FD1F0355A578B3A5A8
:10BA6000A70281463305F502EF40102683570404F0
:10BA70000357E4058355840505461D8F3307B70238
:10BA8000832704091383F5FF130E80023E9797B7AF
:10BA9000FD1F9387A79883A8870963666600B24055
:10BAA0002244410182803308C603C687FD563A9876
:10BAB00081E7231BC404E5B76314F4001C40F5DBE5
:10BAC00083AEC7086398BE0083A60709B306D840B3
:10BAD000B3F6B60263E4A6009C43D9BF090675BF5E
:10BAE00017B7FD1F0357879E854763F1E70A41118A
:10BAF00022C48357651C2A840355A51C37460F00B2
:10BB000013060624AA979387172717A5FD1F035529
:10BB1000656DB3A5A702814606C63305F502EF4061
:10BB2000B01A0346540597B7FD1F9387278F83A844
:10BB300087097D1685461303800263E6C600B2407E
:10BB40002244410182803387660283270409FD5520
:10BB50003E97C68781E7231BD404D5B76314F4004E
:10BB60001C40F5DB03AEC7080328C408631A0E01A6
:10BB700003A80709B305E84063640701B30507415B
:10BB800063E4A5009C43F9B7850645BF828017B7DB
:10BB9000FD1F0357A793854763F5E70E411197B73C
:10BBA000FD1F9387A78722C403A4870906C626C260
:10BBB000A28789EB09EC230E0500B240224492448F
:10BBC0004101828003C7D7016DFB9C43DDB763143D
:10BBD000A40000406DD08347B400D5E30327C40818
:10BBE0008327C508630DF7080347C50193070008BD
:10BBF000AA84631DF7048357A4031946930500081C
:10BC0000231AF506231BF5068357C403231DF504E9
:10BC10008357E403231EF50403558500EF20307F8E
:10BC20008547A38EF40083C7C40193F7F707238EDB
:10BC3000F400130584062244B24092443146930531
:10BC4000F00F41011753FD1F670003B88357A50389
:10BC5000194693050008231AF406231BF40683579C
:10BC6000C503231DF4048357E50303558400231EF5
:10BC7000F404EF20D0798947A30EF4005DBF0040A3
:10BC800015BF230E05008280411126C206C622C4BC
:10BC900017B7FD1F035787838547AA8463F8E71A00
:10BCA00083278510898B6383071A97A7FD1F9387C6
:10BCB000E77683A78709BE85ADED03D6841C0144D2
:10BCC0007D581306260205862D067D55A5EB630ECD
:10BCD00004108347B4000357A403D5EB8947231C02
:10BCE000E404A30AF40403570406835704042285DA
:10BCF000BA97C1071D8B998F231FF4048357C40380
:10BD0000231DF4048357E403231EF404EFF03FD112
:10BD10008327440A93E717002322F40A8547230A5E
:10BD2000F4008D47A30EF400B24022449244410136
:10BD3000828003C7D5016DFB8C41BDBF98436394DE
:10BD4000970051D7BA8783A6070903A7040963E2BE
:10BD5000E6023387E64083A6C40863F4E60033773F
:10BD6000D7026376A7003A856373C700BE859C43FC
:10BD7000B1BF158F83A6C70863F4E6003377D702F7
:10BD8000E37707FF3A88E374C7FE3E84CDB783D7D5
:10BD9000A403B3F7E702C9FB9D46994763F5E600A4
:10BDA000935717008D070567231AF406130707C872
:10BDB0008A076353F700BA87231BF4068357C4032B
:10BDC0000355840013065002231DF4048357E40333
:10BDD00093050008231EF404C947A30EF40022446F
:10BDE000B240924441016F209062ADC103D7A403D9
:10BDF00083D7A503B3F7E702B1EB8387C40163D709
:10BE000007049D46994763F5E600935717008D0791
:10BE10000567239AF406130707C88A076353F700D8
:10BE2000BA87239BF40683D7C40303D58400130683
:10BE30005002239DF40483D7E40393050008239E56
:10BE4000F404CD47A38EF400EF20705C238E040031
:10BE5000E1BD97A7FD1F83C72739AA85A5E723AAB8
:10BE600001B697A7FD1F23AB07648357650817A684
:10BE7000FD1F0356263703270509B387C702374638
:10BE80000F009306F62313060624B697B3D7C7020E
:10BE900017A6FD1F0346162E3E96636EC700330697
:10BEA000C74003A7C5089386950217150000130520
:10BEB000E53D6F50BED597A7FD1F93872732DC4322
:10BEC0003E97F1BF8280938701B79843011126CA3C
:10BED00006CE22CC4AC84EC6AA8451C7BE8917A72F
:10BEE000FD1F0357A75E8547631FF70603D4640849
:10BEF00097A7FD1F83D7072F032505093304F402F5
:10BF0000B7470F001387F7239387072417A9FD1F4F
:10BF10001309C92C3A943354F402636F850693874E
:10BF2000019F9C43330485408297636BA406B3074B
:10BF3000A44017A4FD1F0344F423058083A909002E
:10BF400001456371F40237450F00338487401305C0
:10BF50000524B335A4020356890081463305A402A3
:10BF6000EF4080568299930700FB2387F40097A740
:10BF7000FD1F83C7672795EF83C7940262448545F9
:10BF8000F240D2444249B249B395F500C205C1819D
:10BF9000014505616F503ED5832749003E9541B765
:10BFA000330785408147E35607F8832749003E94CD
:10BFB000BDBFF2406244D2444249B2490561828029
:10BFC000411106C6EF10404319C983278511014569
:10BFD00081E7B240410182809C430505D5BF7D5574
:10BFE000CDBF97A7FD1F9387674383A7470A4111DA
:10BFF00022C426C206C62A84AE846396A70097A7E9
:10C00000FD1F23AF074A8327041281CB0355840009
:10C01000014693050008EF20903F8357440481CBED
:10C02000035584004D4693051008EF20503E0355FC
:10C030008400154693051008EF20703DB240230A96
:10C04000940423050400230804002244924401457B
:10C05000410182808347A50063880738835705081C
:10C06000411122C406C626C285072310F50883475E
:10C07000F500230C05002A8413F7270005E7035772
:10C080000504954763E4E700014501A89305E00333
:10C09000EFF03FF5A305A4020945B24022449244C3
:10C0A0004101828013F7070239CF93F7F7FDA30709
:10C0B000F5008327050A0347B500A305050293E7AA
:10C0C00047002320F50A8547631FF7028357A5031E
:10C0D0001306204E03274509B387C70297A6FD1F05
:10C0E00083C6460993860605B3D7E702034775035F
:10C0F0003307C702B697C207C1832312F508860724
:10C10000BA972311F50883471401858BF5CB835724
:10C11000E40503570404639CE7288357C40383554D
:10C12000C405034584022310F40683475405231FE6
:10C13000B4029205A30BF40283576405F915231C7E
:10C14000F4028357A405231EF402EF505EBF83461A
:10C15000B400231004088357840317A7FD1F035757
:10C1600067086395061EB387E7021307003217A618
:10C17000FD1F1306A606504293870719B3D7E7029F
:10C1800003270409D1073E97BA866364F700636406
:10C19000C700B306C740835784052328D408231D4E
:10C1A000F4028347D40181C72285EFF07F93835740
:10C1B000A40317A7FD1F0357E70293060032B387B6
:10C1C000E7022311040233D6D702B3F7D70293064E
:10C1D000204E2326C408B387D702B3C7E702231033
:10C1E000F402835704042312F4028347F40093E714
:10C1F0000702A307F40083471401F99BA308F40086
:10C2000083471401898BB9C70357E4128357040489
:10C21000B306F740139606016340061A631CF70243
:10C220008147014893048413232CF412232E041312
:10C2300015469305841226859740FD1FE7804055DB
:10C240002685EF10E06B83471401A306A412F59B2B
:10C25000A308F4008347140113F7070125CB835685
:10C26000C414035704043386E6409315060163C5DE
:10C270000514639DE604BD9BA308F4008347A41442
:10C2800081CB13F727006303071485472303F414B6
:10C290008347B41481CB13F7270063000714854745
:10C2A000A303F4142285EFF02FD48347C40799C762
:10C2B0008327040A93E707102320F40A8327040A3C
:10C2C000A305040293E707202320F40A83471401FF
:10C2D00013F7070221C317A7FD1F13072714384BB5
:10C2E00013068005834647001857B386C602369763
:10C2F0008356C701035704043387E640131607012A
:10C30000634A06000357C4146316D70093F7F7FD7A
:10C31000A308F4008347A40293F70704E38607D633
:10C320000357640483570404E310F7D6034704015A
:10C330009307A0046315F70085472308F4008327BB
:10C34000440A93E707402322F40A3DBB834644177F
:10C3500083558405A18A99CE035604048356641735
:10C360000355A403918EB386A602B3C6B602B29655
:10C37000231BD41695CBB307F7021307003217A679
:10C38000FD1F1306A6E5504293870719B3D7E702AE
:10C39000032704093E97BA866364F7006364C70005
:10C3A000B306C7402328D408231DB40209B5998FCA
:10C3B00013970701E35607E4930580022285EFF007
:10C3C0005FC2A305A40213058002C1B9918B99C372
:10C3D00089476DBD2303041465BD918B99C38947BB
:10C3E000C1B5A30304147DBD0545828005C5411177
:10C3F0009305200222C406C62A84EFF09FBEFD5793
:10C40000A305A40223080400A303F402B2402244BB
:10C410004101828082800DC9411122C406C6834732
:10C42000F5002A849305E003898B91C3A145EFF0C1
:10C430005FBBFD57A305A402230804002304F402F4
:10C44000B24022444101828082808327050A7971AB
:10C4500022D406D626D24AD04ECE52CC56CA2A84F0
:10C460006387073613F7270019CBF59B2320F50ABE
:10C4700003558500194693050008EF20407983276E
:10C48000040A13F747004DC3ED9B2320F40A8347AA
:10C49000A40293F7070491CB8327440A228593E7EC
:10C4A00007402322F40AEFF0AFC00347B4008547EA
:10C4B0000346440183562406631AF76C8357A4038A
:10C4C0001307204EB387E70203274409B3D7E702D7
:10C4D00017A7FD1F034707CA13070705BA97C20727
:10C4E000C1830347B4022312F40886072311F4081A
:10C4F0009307000819C393070004230EF40019E6FC
:10C500008347A40293E717002305F40281EA035549
:10C5100084000D4693050008EF20606F2311040688
:10C52000230A0400A30E04008327040A13F78700DC
:10C530000DC303558400DD9B2320F40A15469305A3
:10C540000008EF20C06C8347A40293E7470023054F
:10C55000F4028327040A13F7070139C7BD9B232080
:10C56000F40A8347D40403558400214689C7A306EF
:10C5700004041306000393051008EF204069834765
:10C58000C40489CF83278410C18B89CB8355A4042D
:10C5900022859205C205C181EFE07FF18347A402A5
:10C5A00093E717002305F4028327040A13F707040F
:10C5B00015CB0347F40493F7F7FB2320F40AA147B4
:10C5C00063FBE7008347B40099E78327440A93E7B6
:10C5D00007012322F40A035584003146930510080D
:10C5E000EF20E0628327040A13F7070245CB834656
:10C5F000B40093F7F7FD2320F40A0327C410832720
:10C60000841099EA1377070801CB0327440A3706F9
:10C610004000518F2322E40A93F707026383075AED
:10C62000ADE28357641B0357641C6304F70283461F
:10C63000741409476391E6580567130707A9637ADD
:10C64000F7008327440A056713070780D98F232241
:10C65000F40A8357A41B0357A41C6304F702834600
:10C6600064140947639CE6540567130707A9637AB6
:10C67000F7008327440A056713070780D98F232211
:10C68000F40A03558400114693050008EF20205852
:10C690008347A40293E717002305F4028327040AC3
:10C6A00013F7071005C70355840093F7F7EF23200E
:10C6B000F40A230E04061D4693050008EF202055BA
:10C6C0008347A40293E717002305F4028327040A93
:10C6D00013F7070809CF0355840093F7F7F72320D2
:10C6E000F40A1306700593051008EF2040528327C3
:10C6F000040A13F7072031C393F7F7DF2320F40A66
:10C7000083476414230F0400A29703856716A301CF
:10C71000A414EF508FCD2301A4142285EFE01FF263
:10C7200003558400314693050008EF20404E8347AF
:10C73000A40293E717002305F4028327040A139742
:10C7400027016357070079777D17F98F2320F40AB3
:10C750008327040A13970701635A070483450403D8
:10C7600017A5FD1F0345B5CBEF509ED78357A403F4
:10C770001307204E232AA408B387E70261777D17A9
:10C78000B3D7A70217A5FD1F0345C59E13050505D1
:10C79000AA972312F4088347A40293E717002305FE
:10C7A000F4028327040AF98F2320F40A8327040A5A
:10C7B000858B91CF8347A40283454405228593E767
:10C7C00017002305F402EFF0DF81A305A40283071D
:10C7D000141685C70307440399463306F74063D907
:10C7E000C63E8327440AB7061000D58F2322F40AD9
:10C7F000ED57A302F416A300E4168347A41613F71B
:10C80000270045C3830644030307241663DCE600C0
:10C810000327440A37061000518F2322E40A1147E8
:10C82000A302E41603073416635CD7000327440A07
:10C8300037061000518F2322E40A7157A302E41631
:10C84000030704161306F007630CC7020346D41649
:10C850000345E416158F62076187B306A64063554A
:10C86000D73893F607016391063893F7F7F893E703
:10C8700007012305F4168357041785072319F416B7
:10C880008357241799CFFD17C207C1832319F416C4
:10C8900089EB035584001306000293050008EF207E
:10C8A00000378347A400B9C38327041299CF834775
:10C8B000A40181EF03558400014693050008EF2091
:10C8C000003501E58547230DF4008357440499CFD3
:10C8D0008347140381EF035584004D4693051008E8
:10C8E000EF20E03201E58547A308F40283474417AF
:10C8F00013F7070169CBBD9B230AF4168327440A6B
:10C90000898BF1E303470401D547630EF70A834798
:10C910001401898BCDEB8144814901498D4A130A69
:10C920005002139784016187937737000987229714
:10C930000347D7178607B397FA007D8F638BE7000D
:10C94000268605458145EF307035B3E9A900336986
:10C95000B9008504E39744FD032584138325C4139C
:10C96000337535012AC4B3F5250128002EC6EF0022
:10C9700030798347541363E0A702034544037D578E
:10C980008547591562052C0061853AC43EC697401B
:10C99000FD1FE780407703278413A2476317F70042
:10C9A0000327C413B2476300F70215462C00130592
:10C9B00084129740FD1FE780A0DD8327440A93E798
:10C9C00027002322F40A83464417A54713F796004D
:10C9D0006316F70403570404835764176360F7046E
:10C9E000B307F74013960701634A060283475417BB
:10C9F0001306000A0507B387C7020356A403DD9A8E
:10CA0000230AD416B3C7C702BA97231BF416832789
:10CA1000440A37078000D98F2322F40A8347A402EF
:10CA2000E1CB918B91CF03460401C165938505A0AD
:10CA30002285EFE03FAD8347A402ED9B2305F4027E
:10CA40008347A402858B8DC3034574029307F00FBF
:10CA50006307F500EF508EE6FD57A303F40283470A
:10CA6000A402F99B2305F4028347A402898B91CF8A
:10CA70008355E403034584029205F915EF502EAC6B
:10CA80008347A402F59B2305F4028347A402A18BEC
:10CA900085C38355E4030D4622859205F915C20529
:10CAA000C181EFE03FA68347A402DD9B2305F4028A
:10CAB0008347A40213F7070101CF0345640293F7EC
:10CAC000F7F82305F402EF506EDFFD572303F4025D
:10CAD0008347A40213F7070201CF8355A40403453B
:10CAE000640293F7F7FD2305F4029205EF502EA59B
:10CAF0008347C40193F7070C89CB0347B4008547EC
:10CB000022856313F712EFF02F9883570404B5C7FB
:10CB100013074006B3F7E702ADE39387C1B69C4322
:10CB2000898BA1C79794FD1F93844463985815CFB0
:10CB300097A7FD1F83D7878FC20797A5FD1F83D5B2
:10CB4000058FDD8D254502979C5897A5FD1F83D540
:10CB5000C58D294582979C58831524032D458297BE
:10CB60009C58830544033145829797A7FD1F239E58
:10CB7000078A97A7FD1F23AB078AB250225492540D
:10CB80000259F249624AD24A456182809307000401
:10CB9000230EF40019E68347A40293E71700230548
:10CBA000F402E39F0696035584000D4693050008A2
:10CBB000EF20E005B5B21307801451B413078014B9
:10CBC0007DB48327440A7D771307F77FF98F45BC2F
:10CBD000998FE3D4F6C28327440AB7061000D58F95
:10CBE0002322F40A954731B18346B4168345C4160F
:10CBF0003388B600635BE80013F807046317080086
:10CC000093F7F7F893E70704ADB12A96E34AC7C64E
:10CC10008D8EE3C7E6C613F70702E31307C693F743
:10CC2000F7F893E70702B1B1EFE07FF6F9BD011124
:10CC30009797FD1F9387877E22CC03A4070A26CAF5
:10CC40009797FD1F83D7075A835464080325040967
:10CC50004AC8B384F402B7470F001387F7239387BA
:10CC6000072406CE4EC652C456C21799FD1F13099B
:10CC7000E956BA94B3D4F402636F95029389019F85
:10CC800083A70900B3049540829763EAA402898CC4
:10CC900063CB040283570404A30F04008507231009
:10CCA000F404834704146395071222859750FD1FEF
:10CCB000E780C0CE1DA2832749003E95C1B78327D8
:10CCC0004900BE94E9B783A7090082970327840827
:10CCD000636AE50A198D8357E4031797FD1F03570D
:10CCE00067508E07B387E70213070032938707194F
:10CCF000B3D7E70263EDA708374A0F00930AFA2378
:10CD0000130A0A248357040485072310F404834775
:10CD1000041491E722859750FD1FE78020C82285E3
:10CD2000EFF04FB3631A0526832604098327C4084E
:10CD300003274900B6973E8563E4D70063E4E70024
:10CD40003385E7408347F401835464082328A4080B
:10CD50008507A30FF4009797FD1F83D7A748B384D7
:10CD6000F402D694B3D44403636C9504B3049540A1
:10CD700083A70900829763E9A4043385A440E343B1
:10CD800005F809BF83274900998F3E95A9B7A145AA
:10CD90002285EFF00FA5A305A4029797FD1F9387A7
:10CDA000E73B03A307036309031E6244F240D24436
:10CDB0004249B249224A924A894515450561028392
:10CDC000B3049740AA946DB783274900BE9475B702
:10CDD00022859750FD1FE780C0C62285EFF08FA700
:10CDE000631C051A835764081795FD1F0355853F7B
:10CDF000B7460F00B387A7021386F623938606244F
:10CE000003270409230B0402032A4900B297B3D76E
:10CE1000D702636CF718B307F7408326C4082324AE
:10CE2000F408814AB387E600BE8463E4D70063E474
:10CE30004701B38447418357040223289408B1CBA8
:10CE4000835604040357440237460F002312D402CA
:10CE50003387E640B387E70203572402130606240C
:10CE600081468145BA97C207C1833385A702231142
:10CE7000F402EF30606511CD2695B3349500AE9481
:10CE8000AA8763949A0063644501B3074541232848
:10CE9000F40883A709008297AA8483A709008297D0
:10CEA000E30D95FE83A7090083248408829763E33A
:10CEB000A4103385A440630C051083576408979928
:10CEC000FD1F83D92932B7440F00B3873703138777
:10CED000F42393840424BA97B3D797021797FD1FBE
:10CEE00003475729BA9763E4A70EB3359502035950
:10CEF00024024E86814633059502EF30E05C330A0A
:10CF0000A9003305390337460F001306062481466E
:10CF10008145EF30605B05C1B33795024E8681468F
:10CF2000B385B4023385A402BE95EF30E0593305D2
:10CF3000A9402311A4023545EF50EF8D9797FD1FAF
:10CF400023AE87568346B40005479797FD1F83C7D6
:10CF5000A7296395E606130700FD2307E40099E778
:10CF60008145938781B78843EF504EA2938681AC69
:10CF7000904295471797FD1FA303F73E5846F97750
:10CF8000FD17F98F5CC60F1000009C428966060AE7
:10CF900094C723A24707D8C7F2406244D24442490B
:10CFA000B249224A924A05618280B3064701B3879B
:10CFB000F640A5B583274900BE94E5BD130710FCD4
:10CFC0002307E400C5F78145938741AB69BF979775
:10CFD000FD1F23A5074E9797FD1F83C7E720CDFFB1
:10CFE0008347940285456244F240D2444249B249A3
:10CFF000224A924AB395F500C205C18101450561F7
:10D000006F407ECE011122CC4AC84EC606CE26CA3B
:10D0100052C456C25AC00347B50085472A842E8998
:10D0200083290509631DF71E83570508035BC503A4
:10D03000979AFD1F83DA0A1B179AFD1F130A0A1A13
:10D0400063F7671B834605016393E61A032785117F
:10D05000631F07180327450A631B07188346F5005B
:10D060001D476396E6180355A503330BFB40930752
:10D07000204E330565038324440937460F0081465B
:10D08000130606243305F5029797FD1F83C7870E05
:10D09000B3549502B3B5AA02BE94C204C18023134F
:10D0A00094083385AA02EF302042B307350133B527
:10D0B000A7002E953E8783264A0019E163E4D70036
:10D0C0003387D740B3845403B7460F009387F623C2
:10D0D000938606242320E900A697B3D7D702DA97D0
:10D0E0006361F7101D8F2320E9009389019F83A7B7
:10D0F000090083240900829763E6A4123385A440C3
:10D100006355050C83A70900829703270900636212
:10D11000E512198D8357E4031797FD1F0357870CFA
:10D120008E07B387E7021307003293870719B3D737
:10D13000E70263E8A710374A0F00130BFA23979A08
:10D14000FD1F938AAA09130A0A248357040485073A
:10D150002310F4048347041491E722859750FD1FA0
:10D16000E780C0832285EFE0FFEE65E983260409AE
:10D170008327C40803A74A00B6973E8563E4D70017
:10D1800063E4E7003385E7408347F4018354640890
:10D190002328A4088507A30FF4009797FD1F83D7C2
:10D1A0006704B384F402DA94B3D444036366950C41
:10D1B000B304954083A7090023209900829763E177
:10D1C000A40C3385A440E34205F89797FD1F83C75D
:10D1D00077FA63E5A7089797FD1F23A1872E0145DE
:10D1E000B5A883264A00B387F6403E97EDBD835429
:10D1F000640837470F009307F723B3845403BE94A2
:10D2000093070724B3D7F40263E7F900B387F94023
:10D210002320F900D9BD03274A00BA99C5BF23A02E
:10D220003501E1B59797FD1F938747FBDC43BE941B
:10D23000F1B59797FD1F938767FADC43998F3E9569
:10D24000D1BDA1452285EFE0DFD9A305A4029797C0
:10D25000FD1F9387A7F09C5B81EF7D55F2406244F0
:10D26000D2444249B249224A924A024B0561828025
:10D27000894515458297D5B7B3049740AA941DBF39
:10D2800083A74A00BE9435BF25C101116C0022CC92
:10D2900006CE2A84EFF01FD729C5FD576308F50293
:10D2A0009796FD1F938686EBD45232479797FD1FC2
:10D2B00083C757EC91C28583636EF700B307F740CD
:10D2C0003EC6B24503459402EF405EB3F24062446D
:10D2D000056182809796FD1F938646F0D44236976B
:10D2E000F1BFEFF0DF94DDB78280411122C406C6A2
:10D2F0002A8483278411CDEF83270412E1EF0325CD
:10D30000041109C59740FD1FE780202E03457402D4
:10D310009307F00F6304F500EF405EDA0345640203
:10D320009307F00F6304F500EF405ED903458402D4
:10D330009307F00F6304F500EF405ED803459402B5
:10D340009307F00F6307F500EF405ED7FD57A30486
:10D35000F4020355840055249797FD1F83D70717C0
:10D36000A1E723AA01B69797FD1F938727E7DC4320
:10D370001797FD1F232AF7149797FD1F938707DE42
:10D380009C479DC39797FD1F938707E1885309CD5D
:10D390009740FD1FE78060259797FD1F23AE07E0AC
:10D3A0009797FD1F23AC07E0B240224441018280E1
:10D3B000C84309C59740FD1FE780202383278411B8
:10D3C00003D7A700136707F02395E7009C43232C9E
:10D3D000F41005B7C84309C59740FD1FE780E0205A
:10D3E0008327041203D7A700136707F02395E700EC
:10D3F0009C432320F41209B79797FD1F93870702D8
:10D4000083A7870999E33E85828003D78700E30CD1
:10D41000A7FE9C43C5BF9797FD1F9387270083A74F
:10D42000870A1797FD1F034757D4416605078146B2
:10D430007D1683D5A7006389A5006387C50085068F
:10D44000C107E3E8E6FE81473E8582809797FD1F8E
:10D450009387C7FC83A7870AC9EF411122C4179499
:10D46000FD1F035484FE1304140215844AC01604DD
:10D470001799FD1F034979CF0509420426C241804F
:10D4800093144900330594004205418193054024DB
:10D4900006C69740FD1FE780E00805C59797FD1F6A
:10D4A00023A2A7029796FD1F83C636CC33079500AB
:10D4B000B306D9408147130640F5930520F563E88C
:10D4C0002701B2402244924402494101828063FD17
:10D4D000D70058C12315B50022978507C207A304BA
:10D4E0000500C1834105E1BF2315C50023220500C6
:10D4F000EDB782804111930530261305001D06C645
:10D5000022C426C29740FD1FE780C0011306001DFC
:10D5100081452A849730FD1FE780002B014515C8FF
:10D520009794FD1F938484EF83A6840995CA368758
:10D53000854703568700630EF60618437DFB2314C8
:10D54000F400A9EB22859740FD1FE780000A0355F0
:10D550008400B24022449244410182803687D1BF88
:10D5600085472314F4001797FD1F232587F4179789
:10D57000FD1F232387F41797FD1F2319F7F4EFF0FE
:10D58000FFEC83A7C40923A0070023050400230799
:10D59000040075BF83A7C40980C39797FD1F23ADFF
:10D5A00087F083D7040B85071797FD1F2310F7F229
:10D5B000C9BF138717009317070113160701C1830B
:10D5C000E35E06F88147A5BF9797FD1F938707E5A0
:10D5D00003A5870A11CD411106C69740FD1FE780BC
:10D5E000C000B2409797FD1F23AE07EC4101828037
:10D5F0009797FD1F23A807EC8280411122C417943E
:10D60000FD1F1304A4E18326840906C60147B687DB
:10D61000A5C703D687006317A60615EF984297960D
:10D62000FD1F23A9E6E83E859740FD1FE780E0FB4C
:10D630008327C40923A007009797FD1F83D707E915
:10D640009DE7EFF07FF89797FD1F23A507E6B2400F
:10D650002244410182808326C4096397F60097968D
:10D66000FD1F23ABE6E4C1B7944314C36DBFFD17A0
:10D670001797FD1F231CF7E49797FD1F83D707E536
:10D68000F9F7C1B73E879C4361B77146814517954D
:10D69000FD1F130525E21733FD1F6700E3128327E3
:10D6A000C50803568508797193D60701BD8EC20659
:10D6B000C182358E1357764093575640898B058B20
:10D6C0005D8F93573640918B5D8F93571640A18B9A
:10D6D0005D8F93171600C18B5D8F9317360093F7FC
:10D6E00007025D8F931756009355860093F7070442
:10D6F0001E065D8F1376F60F518F93D7554013D6C4
:10D700003540118A898BD18F13D67540D18F13D6AE
:10D710001540218AD18F13961500418AD18F139617
:10D72000350013760602D18F139655001376060442
:10D730009E05D18F93F5F50FCD8FA20745465D8FDE
:10D740003307C70222D42A8426D252CC56CA032ACF
:10D75000040A832A440A5AC806D6369742074183E8
:10D7600093577740135557400989858BC98F1355B7
:10D7700037401189C98F135517402189C98F131557
:10D7800017004189C98F1315370013750502C98F1A
:10D790001315570093558700137505041E07C98F8D
:10D7A0001377F70FD98F13D5354013D7554011890B
:10D7B000098B498F13D57540498F13D515402189A1
:10D7C000498F139515004189498F139535001375BD
:10D7D0000502498F13955500137505049E05498F61
:10D7E00093F5F50F4D8F2207D98FB387C7024AD023
:10D7F0004ECE5EC662C4B697C207C18313D77740C8
:10D8000013D557400989058B498F13D537401189A6
:10D81000498F13D517402189498F139517004189E6
:10D82000498F1395370013750502498F13955700DB
:10D8300093D58700137505049E07498F93F7F70F5B
:10D84000D98F13D5354013D755401189098B498F8E
:10D8500013D57540498F13D515402189498F1395EC
:10D8600015004189498F1395350013750502498FBD
:10D8700013955500137505049E05498F93F5F50F13
:10D880004D8F2207D98FB387C702130650025285E6
:10D89000D685B697BD8E93940601C18033F6C40237
:10D8A000137BF60FEF20D03C05891DE98347140850
:10D8B00001498149B3849702130C5002C1804A8602
:10D8C0005285D685EF20D03A0589937BF90F11C593
:10D8D00063863403850993F9F90F0509E31189FF7C
:10D8E000230F6407B250225492540259F249624AFB
:10D8F000D24A424BB24B224C456182805E8BCDB7FF
:10D90000834715000347250083464500A2074207C9
:10D91000BA9703470500FD8A0548BA9703473500C3
:10D920009305000201456207BA9701473316E800E4
:10D930007D8E01C605051375F50F0507E318B7FEC3
:10D940008147214633D7F640058B01C7050513757E
:10D95000F50F8507E398C7FE8280011152C656C4B1
:10D96000032A8513832AC51322CC26CA4AC806CEA9
:10D970002A84A30B0512A306051281441309500241
:10D9800026865285D685EF20B02E058911C583479E
:10D99000D4128507A306F4128504E39324FFF24012
:10D9A0006244D2444249324AA24A056182801797B2
:10D9B000FD1F0347D79A9547630BF7009797FD1F05
:10D9C0009387879983C777000D47631FF700979761
:10D9D000FD1F83C7F798639B071093077010179775
:10D9E000FD1F231FF796828041119797FD1F938794
:10D9F000E7A20D4522C426C203A4070906C64AC0F1
:10DA0000EF406FE19387C1AB944337C7898E13070B
:10DA100067ED98C63757550013075755D8C20347C7
:10DA2000A4039306F00FBE846307D700FD57A30C31
:10DA3000E402230DF4020345940389476306F500CD
:10DA40008547A30CF4020145138981AC0327090023
:10DA50000146930550025C4393E717005CC39307AC
:10DA600020FB2303F4009D471797FD1FA309F78EA2
:10DA70009797FD1F2382078E9797FD1F2380078EA0
:10DA8000EF40EFB1032609009797FD1FA388078C8D
:10DA90009797FD1FA382078C85471CC29C40B70542
:10DAA000330098431377F7E798C398431377F7E762
:10DAB0001367071098C3138701AD18431447CD8E21
:10DAC00014C79306900D34CA5457F59A54D7034798
:10DAD00054009376F7079843137707F8558F98C348
:10DAE000B240224492440249410182808280411125
:10DAF00026C29784FD1F9384246A22C42A8403C506
:10DB00003400C14506C6EF40CED603C534009305A8
:10DB10000002EF400ED69797FD1FA38207842302D1
:10DB2000040023130400B240224492444101828045
:10DB300041119797FD1F9387678E22C406C61797DA
:10DB4000FD1F0347F78103A407099797FD1F9387DC
:10DB5000A78001CF9796FD1F83C686800D476396E9
:10DB6000E6001787FD1FA30D077E03C77700A146B8
:10DB70006387E60003C777009946639DE60083C785
:10DB800077001787FD1F230DF77C85471787FD1F3B
:10DB9000A308F77CEF40CFC02285EFF05FF51306B6
:10DBA0003002930500080145EF10600603450404A8
:10DBB0009307F00F6307F500EF404ED0FD572300A9
:10DBC000F404B2402244410182805D71CAC01389CD
:10DBD00081AC83260900A2C452DC56DA86C6A6C2EE
:10DBE0004EDE5AD85ED662D466D26AD06ECE930725
:10DBF000000A138AC1ABFCD283270A00938A01ADC5
:10DC0000B7053300D8572A84719B13671700D8D7FC
:10DC100098431377F7E798C398431377F7E71367A9
:10DC2000071098C303A70A0010474D8E10C71306AC
:10DC3000A00DB0CA5057759A50D70347E507137621
:10DC4000F7079843137707F8518F98C3D8423706E0
:10DC500000827D16799BD8C2034785061377F703A8
:10DC600093169701D857718F558FD8D73717004023
:10DC7000930770052300F704930780FA2300F70445
:10DC800083068506B54763DAD72E8357270293E7C5
:10DC900007012311F70283270A000327C40893050D
:10DCA0003002054598C703270409D8C39787FD1F8D
:10DCB000A385076AEF403E8B64449D472308F40028
:10DCC000230FA4062380F4008547A3810400238149
:10DCD000F4007C4893F707209DCB9147A381F40083
:10DCE0008347E40A8346D40A78449A07D58F2302EF
:10DCF000F70083C72400814685072381F40003468B
:10DD0000040B8345D40A0345E40AEF400F9A7C488C
:10DD100093F70740B1C303C734007C4483C6240093
:10DD200013678700A381E4000357A408B697A38173
:10DD3000E70083C7240078448346F4073E9783575F
:10DD4000A4089206A183BD8BD58F2302F70083C759
:10DD5000240089072381F40003C6240003574408E4
:10DD60009307D00F918F9789FD1F9389296B63D2F9
:10DD7000E7220347040889476309F720854693078C
:10DD800080426305D70085679387878479479387A7
:10DD9000771BB3C7E70283C6890793E60601978519
:10DDA000FD1F2389D56E8326090085658CC63387C0
:10DDB000E7020607B8D283C6340093E60601A381C2
:10DDC000D40078448346E4073297A301D70083C682
:10DDD0002400784436972302F70003C724007444D4
:10DDE000A187BA96034704081607D98FA382F600C5
:10DDF00083C724008D072381F4008347040693F72B
:10DE0000070485C703C734007C4483C62400136716
:10DE10000704A381E40003475401B697A381E700F8
:10DE200083C7240085072381F4008347C40705477F
:10DE3000C11793F7F70F6366F70603CB2400154667
:10DE40009785FD1F9385E56D93073B00032BC40465
:10DE50003E9BA1472300FB0093078002A300FB0029
:10DE600013052B009730FD1FE78080920347C407FE
:10DE7000C1476319F71283578408A1072311F408D7
:10DE8000C547230EF40683472408A303FB008357EA
:10DE90002408A1832304FB0083C72400A507238152
:10DEA000F40003564408014B31C203C72400684400
:10DEB0008325840A930737003E9583C73400C18BBE
:10DEC000638C070E795B330BEB40137BFB0F5A8699
:10DED0009730FD1FE780C08B8327840ADA973CDCEC
:10DEE00083574408B38767412319F40603C7240006
:10DEF000814517D5FFFF130585CD9377F703850778
:10DF00003E9B137BFB0FA30864012381E4007C4448
:10DF1000856B9164A3806701930770F97844A3052A
:10DF2000F40083270900B70C3300130DA00DB8DBF4
:10DF3000EF40CEA5034614018345040801451D4B5F
:10DF40009730FD1FE780A00C93840429EF404F8594
:10DF5000938D8B8483C78907C18BB5E7B640264470
:10DF600096440649F259625AD25A425BB25B225C2D
:10DF7000925C025DF24D6161828083572702C20785
:10DF8000C183BD9BC207C18329B3916793870729CA
:10DF9000F5BB83C7890793F7F70E1787FD1F230B80
:10DFA000F74EA1BD0357840883572408998F09476A
:10DFB000E34BF7ECC947F1B59720FD1FE780407DA3
:10DFC000034B440825B783C7890793F70702E5DFAA
:10DFD00083C789070326090093F7F70C1787FD1FEE
:10DFE000230AF74A9307000A7CD283270A00D857EE
:10DFF000719B13671700D8D798431377F7E798C337
:10E0000098431377F7E71367071098C303A70A002D
:10E010001447B3E6960114C72328A6055457F59A6A
:10E0200054D70347E4079376F7079843137707F825
:10E03000558F98C3032CC4042308640105472300AB
:10E040006C01A3010C002301EC0078481377074012
:10E0500005CF2147A301EC0078448356A40823028E
:10E06000D70003472C0074440346F407BA960357BD
:10E07000A408120621833D8B518F2382E6000347BB
:10E080002C0009072301EC0083452C00835624074C
:10E090001307E00F0D8F6355D70883460408094620
:10E0A00026876388C6000546130780426383C6003F
:10E0B0006E87F9461307771B3347D70203C68907D4
:10E0C000136606019787FD1F2386C73C03260900B8
:10E0D00023247601B306D702860634D203463C00D9
:10E0E00013660601A301CC0074440346E407AE9610
:10E0F000A381C60003462C007444B2962382E60036
:10E1000083462C0070442187369683460408960681
:10E11000558FA302E60003472C000D072301EC00F6
:10E1200003562407014721C203482C0083463C00C4
:10E13000684413073800C18A3A952C5CB5C67957F4
:10E14000330707411377F70F3A863AC69720FD1F2A
:10E15000E7800064345C3247BA9634DC8356240787
:10E16000998E2319D40603462C0001459376F603B5
:10E17000850636971377F70FA308E4002301CC0038
:10E180007C44A380E70003461401834504089307F9
:10E1900070F9A305F4009787FD1FA380071C973033
:10E1A000FD1FE780C0E67DB39720FD1FE780405E3E
:10E1B00003472407231904067DB78347C507638AED
:10E1C0000722411122C406C626C24AC049472A84F2
:10E1D000639CE70203572508835785086316F702F7
:10E1E0009304050A15469785FD1F9385853326857B
:10E1F0009720FD1FE780C0592685EFF06FF091470B
:10E20000A300A408230EF4062285EFF04FC90945A8
:10E21000EF307FE00347C4078D476314F70A914747
:10E22000230EF4067C481787FD1F1307271F93E76B
:10E2300087007CC883479707898BEDDF8347970763
:10E2400093F7C70F1787FD1FA306F7249387019F36
:10E250009C438297035764089787FD1F83D787F8ED
:10E26000232AA4083307F70293070032130707197C
:10E270003357F7029787FD1F938747F6DC43B306B2
:10E28000E500368663E4A60063E4F6003386F640D4
:10E29000232CC4089786FD1F83C6D6ED6360D60283
:10E2A000158E9306D407A28517050000130525F1E6
:10E2B000EF30DE952285EFF05F91B5A8958F3E9601
:10E2C000CDB71389019F832709008297AA848327EA
:10E2D00009008297E38DA4FE832709008324840923
:10E2E000829763E5A4063385A4409787FD1F83C703
:10E2F00077E89784FD1F83D4E4EE63E3A70031ED54
:10E3000083576408130700321786FD1F130606EDB6
:10E31000B3879702504293870719B3D7E7020327C1
:10E3200084093E97BA866364F7006364C700B30646
:10E33000C740232CD40883578408B24092448507F1
:10E340002314F40822440249410182809787FD1F6B
:10E350009387C7E8DC43BE9479B79787FD1F83C7CF
:10E36000771393E717001787FD1FA305F7123747A9
:10E370000F0013070724B335E502938781AC03A987
:10E380000700A16726862324F90081463305E502AC
:10E39000EF20801306052326A9061787FD1F130704
:10E3A000E70783479707898BEDDF83479707178632
:10E3B000FD1F1306A6E2504293F7C70F1787FD1FF4
:10E3C000A30AF70C8357640813070032B387970238
:10E3D00093870719B3D7E702032784093E97BA86C4
:10E3E0006364F7006364C700B306C740232CD408F6
:10E3F000D1B5828097070000938767DC1787FD1FE0
:10E400002328F708828001458280411106C6EFE08B
:10E41000BFFEB240133515000605410182806FF042
:10E42000DFFE411106C6EFE03FFD0DC10357C505F4
:10E430008356A50503566507835545070355850093
:10E44000EF700FBE0145B240410182800945E5BF32
:10E45000011106CE22CCEFE03FFA59C10346B500C8
:10E4600005472A849787FD1F938747FB6316E604B9
:10E47000B853094515CF0346040383465704835810
:10E48000E4030358C4038357A4038355840003455E
:10E49000B4021307670432C00546EF70CFB6834756
:10E4A000F400A3050402014593E71700A307F40055
:10E4B000F24062440561828003A7070909456DDBCC
:10E4C000834657078358E4030358C4038357A403C0
:10E4D000835584000345B4021307670702C075BF64
:10E4E0000945F9B7011122CC06CE2A84EFE0DFF00E
:10E4F0002DCD8347B5020347A51523138100A30241
:10E50000F10083479515A304E1002304F100A9E37A
:10E510008347D5150307F5152306F1008307351446
:10E520002305F100631DF7008947A305F1004800AA
:10E53000EF70CFB20145F24062440561828003076B
:10E54000E5156314F7008547CDB7A3050100C5B7EE
:10E55000834705162305F1008347B515A305F10090
:10E56000834755162306F100D9B70945E9B70111CC
:10E5700022CC06CE2A84EFE03FE829CD830705169A
:10E58000A30481002180230581001307F007638F16
:10E59000E70203474503998FA305F1008347A516BA
:10E5A00013F7070101C72306010039A093F70702FB
:10E5B00081CF85472306F1002800EF700FAA01459F
:10E5C000F2406244056182808947EDB7FD57A3059B
:10E5D000F100D1BF0945EDB7411106C6EFE0DFE11B
:10E5E00019C98345051403558500EF70CFA6014571
:10E5F000B240410182800945E5BF9375F50F0111D5
:10E600002E8506CE22CC2EC6EFC06FA00DC12A8467
:10E6100083460507B245034575010546EF702FA3F4
:10E620000145A30B0400F240624405618280094564
:10E63000DDBF411106C6EF704FA1B2400145410157
:10E64000828041119787FD1F938747DD22C4E05FD9
:10E6500006C6094511C80355A40BEF70CF9E93075A
:10E66000F00F231DF40A0145B2402244410182808B
:10E670009787FD1F938787DAFC5F99CB411113853C
:10E68000870B06C6EF70EF9BB240014541018280C7
:10E6900009458280411106C622C4EFE0FFD50DC9AD
:10E6A00083467514034665142A8483558500034503
:10E6B000B5028506050693F6F60F1376F60FEF7092
:10E6C0000F980145A3050402B24022444101828013
:10E6D0000945DDBF397106DE22DC26DA4AD8EFE0D3
:10E6E000BFD1630A05168346B50005472A8497877C
:10E6F000FD1F9387A7D26391E60CA4530945D9C4A3
:10E7000083C744041946898BC1CB8C5883C7A500A5
:10E71000C1C7B10528089720FD1FE780600783C7A0
:10E720005404138964041946898BB5CFCA8508102F
:10E730009720FD1FE780C0058C58194691052810C9
:10E740009720FD1FE780C004834704038358A40378
:10E7500083C654040346B400835584000345B402C1
:10E760003EC48357E4031308010238103EC28357A6
:10E77000C4033EC03C08EF702F8B8347F400A30511
:10E780000402014593E71700A307F400F250625416
:10E79000D254425921618280814528089720FD1F6B
:10E7A000E7808002ADBF814508109720FD1FE780FC
:10E7B000A0011946CA8561B783A407090945F9D4A0
:10E7C00083C744061946898BB5C393856406280818
:10E7D0009720FD1FE780C0FB83C7440713896407A8
:10E7E0001946898BB9CBCA8508109720FD1FE78091
:10E7F00020FA83A544081946281091059720FD1F8B
:10E80000E78000F983A7440883C7370093E7270010
:10E81000A38AF4068358A40383C654070346B400AE
:10E82000835584000345B40202C425BF81452808EE
:10E830009720FD1FE78040F945B7081081459720D4
:10E84000FD1FE78060F81946CA8528109720FD1F34
:10E85000E78000F4C1B7094515BF411106C6EFE0D6
:10E86000BFB90DC10357651C8356451C0356A51C33
:10E870008355851C03558500EF60DFFA0145B240E2
:10E88000410182800945E5BF411106C622C4EFE07F
:10E89000BFB60DC92A840357C5058356A50503567F
:10E8A00065078355450703558500EF603FF78347AC
:10E8B0001401014593E74700A308F400B240224445
:10E8C000410182800945DDBF411106C6EFE0DFB29C
:10E8D0000DC183478519034675199305F51803552E
:10E8E0008500A2075D8EEF603FF30145B240410114
:10E8F00082800945E5BF411106C622C4EFE0DFAFC3
:10E900000DC12A8413060510835585000345B50201
:10E91000EF605FF00145A3050402B24022444101CB
:10E9200082800945DDBF411106C622C4EFE0DFAC9D
:10E9300005CD0347B50285472A846314F700A30574
:10E9400005020345B4020357C4058356A4050356C4
:10E95000840583558400EF60BFEB0145A3050402E5
:10E96000B2402244410182800945DDBF0111137587
:10E97000F50F06CEEFB0BFE939C99787FD1F938722
:10E98000E7A983A7070E93F707209DC302C402C21D
:10E9900002C08148014881470147814605468145BB
:10E9A0001305C003EF605FE80145F2400561828016
:10E9B0008346D5031307E50302C081480148814718
:10E9C000054681451305C003EF60FFE3F1BF09452C
:10E9D000E9BF9787FD1F938767A403A70709094528
:10E9E00029CB83A7070E011106CE93F707208DC30D
:10E9F00002C402C202C081480148814701478146E2
:10EA000001468145EF605FE2F24001450561828089
:10EA1000835807020358A701835707058346570702
:10EA2000014602C01307670781450945EF60BFDD56
:10EA3000E1BF82800145828001458280014582805C
:10EA400001458280014582800145828001458280A6
:10EA50000145828001458280014582800145828096
:10EA60000145828001458280014582800145828086
:10EA700001458280411106C622C403470500930761
:10EA800000086315F70203471500930650028547F7
:10EA900063E4E606975700009387C7070A073E9787
:10EAA0001C430355250082978147B9A0930610089F
:10EAB00085476313D70403471500CD466308D70E77
:10EAC00063E3E602A146630DD708B146630DD70A9A
:10EAD00095466313D70203552500EFE0FF912A8482
:10EAE00015E9894711A893060003630FD70E63EA5F
:10EAF000E600E946630FD70CB24022443E8541014F
:10EB0000828093077005630FF70E930717F0B337F2
:10EB1000F000DDB78327851195C703564504050628
:10EB2000420641829C4313071600420741839DE73A
:10EB30002312C40401CA835584000545EF609FCBAE
:10EB4000231204040345B40203464405835584009C
:10EB5000EF601FC92285EFE04FF9B9B73A86D9B700
:10EB600003552500EFE05F892A8425DD0346C504AF
:10EB7000835585000345B5023336C000EF609FC65C
:10EB8000A305040215B703552500EFE0FF862A848C
:10EB900029D903572505835605050346F5048355F2
:10EBA00085000345B502EF603FC4D9BF035525007A
:10EBB000EFE09F842A8415D50356450401CA835586
:10EBC00085000545EF601FC323120404A308040257
:10EBD000E1BD03552500EFE03F82E30405F0034566
:10EBE000B502EF607FC1C9B503552500EFE0DF80B6
:10EBF0002A84E30805EE835585000345B502EF60DE
:10EC0000FFBFBDBF03552500EF609FBF71BD011160
:10EC100022CC2A84114506CE2EC632C4EF20BED6A1
:10EC20001DC1B2452246231185002300B500A30073
:10EC3000C5006244F240AA851775FD1F0345F555CE
:10EC400005616F203EDFF24062441145056182801C
:10EC5000411106C622C4EFE02FFA41C183270512F5
:10EC6000230D05002A84A5C30347F500058B19EB86
:10EC700003558400014693050008EFF05FF939C59C
:10EC8000014581A8D44303C6C70083C58700035547
:10EC900085008906EF60FFB605E58327041203D7D8
:10ECA000A700A3840700136707F02395E7009C43A0
:10ECB0002320F4128357240481C7FD172311F40481
:10ECC00083270412D5F7231104045DBF8547230D64
:10ECD000F400B2402244410182800945DDBF9777AC
:10ECE000FD1F9387A77383A7870C91E382806384BA
:10ECF000A700DC5FDDBF411122C406C68347A50023
:10ED00002A8491C79305C5006905EF10C059834750
:10ED1000240191CB930544011305A4022244B2407F
:10ED200041016F104058B240224441018280AA86BE
:10ED30002E86AA85170500001305C5006F306EA446
:10ED40009777FD1F9387876D03A7870C411126C214
:10ED500006C622C4BE8411E7B24022449244410157
:10ED600082806304A700585FFDB78347A5002A840B
:10ED700091C79305C5006905EF10E0528347240150
:10ED800099C7930544011305A402EF10C0512285D1
:10ED90002244CC58B240924441016FF05FF9011116
:10EDA0004AC81779FD1F1309696722CC0324890C0F
:10EDB00026CA4EC652C456C206CEAA84014A930938
:10EDC0004500854A631D040E9305202513050004A4
:10EDD0009720FD1FE78000752A841D4561C883C701
:10EDE000340019469385440013054400A301F40040
:10EDF0009720FD1FE780C099938AA4014146814571
:10EE000056859720FD1FE78040A679ED9309A40160
:10EE1000D68541464E859720FD1FE78040A3854754
:10EE20002305F400834734009305C4004E8593E71F
:10EE30002700A305F400EF1000479384A402414685
:10EE4000814526859720FD1FE78020A24DE193078D
:10EE5000A402A6853E854146BE849720FD1FE7801B
:10EE6000009F85472309F40083473400930544013C
:10EE7000268593E72700A309F400EF10C042A30002
:10EE80000400832549032285EFF07FEA63140A0614
:10EE90009777FD1F23A88764232E04028347490C1C
:10EEA000014585071777FD1F230CF762F240624486
:10EEB000D2444249B249224A924A056182800347BC
:10EEC000340083C734006305F700228A405CDDBD4F
:10EED0004146CE85130544009720FD1FE7804094EE
:10EEE000E31555FF4945D9B723050400B9B72309F0
:10EEF000040071B7232E8A0245B741119777FD1F91
:10EF00009387C75122C403A4870C26C206C64AC0F1
:10EF1000FD5419ECB24022449777FD1F23A4075CEF
:10EF20009777FD1F238E075A924402494101828040
:10EF300003450400EF308E980329C4032300940096
:10EF400022859720FD1FE780406A4A84D9B79777CA
:10EF5000FD1F9387A74C2382070C23A4070C6F1077
:10EF6000403E411126C206C622C4EFE0AFD8AA84B3
:10EF70003DC5EFE06FC82A84630A0512930710119C
:10EF80002315F500930700FB2307F50085472308A9
:10EF9000F5009777FD1F83D7671DA5073E85C2073C
:10EFA000C183130740106374F70013054010131753
:10EFB00005014183930700046374F70013050004FF
:10EFC00042059305302541819720FD1FE78080553C
:10EFD0002328A41019E903558400EFE00FE2B240A2
:10EFE000224426859244410182809777FD1F9387B2
:10EFF000A7369C4F228523130414232AF4109777F5
:10F00000FD1F9387A74103A6870D83A6C70D03D7CE
:10F01000A70383C7A704232CC40E232ED40EA30753
:10F02000F414FD572310F4042313F4022314F40200
:10F030008347E4022324C4102326D41093E707FC5B
:10F040002307F4028567938787BB2315F4042312F3
:10F05000E414EFC01F8C1775FD1F034565112301D4
:10F06000A414EF20DFB1D147A306F4169307800262
:10F07000A305F4169307006F231FF4149307F007FA
:10F080002300F416F5779387A7EB2311F416A30159
:10F09000A4142303A416A303A4162304A416A304F0
:10F0A000A4169777FD1F239F073615BF854405BF1C
:10F0B000411122C42A84834504031775FD1F0345AB
:10F0C0001536A307A40206C626C2EF306EC18357C9
:10F0D000A4031778FD1F0358E81093060032330786
:10F0E000F8029774FD1F83C4E408232AA40833564A
:10F0F000D7023377D7029306204E2326C40837461B
:10F100000F0013060624B387D702B3D7A70233072D
:10F11000D702BE94835784039384C417C20485071F
:10F12000C1802312940833470703B387D702231003
:10F13000E4028146858FB3B5070333850703EF10DB
:10F14000A038832784089776FD1F93862609D4422A
:10F15000AA9733B5A7002E9501E53E8763E4D70053
:10F160003387D740834774032328E4081307204ECE
:10F17000B387E70286042285BE9423119408EFC06A
:10F18000EFBF2285EFC0CFF28355E40322859205BD
:10F19000F915C205C181EFC0AFBA2285EFE0EFFBE0
:10F1A0009777FD1F23AE87309387C1B69C43898B29
:10F1B00085C39774FD1F938464FA9C5891CB832573
:10F1C0008409354582979C588325C409394582971F
:10F1D00022852244B24092449777FD1F239707244B
:10F1E0009777FD1F23A4072441016FC09FC60357D3
:10F1F000050889468357450863F3E6000947B39736
:10F20000E7002313F5086F308EBC011122CC26CA0B
:10F210004AC806CE4EC652C4834765032A84138962
:10F2200081AC8507230BF502834735019384C1AB7D
:10F23000639C075A8347C50013070004A309E50030
:10F2400003471501BD9B93E737002306F50093178D
:10F250008701A30D0500E18763D907001377F7073E
:10F26000A308E500EF20EFBC39A88327850A93F6B1
:10F270002700BDC6F59B2324F50A83270510918B33
:10F28000A9CFEF00AFD90347B40185476310F70654
:10F29000832784110347C400DC432380E7008327CE
:10F2A000841103475401DC43A380E7000327841142
:10F2B000832709005843B8DB9C40B7068000984379
:10F2C000558F98C3D857719BD8D7F2406244D24427
:10F2D0004249B249224A05618280EF00CFD165B729
:10F2E00093F617008DC6F99B2324F50A8327041192
:10F2F0000347C4002380E700832704110347540118
:10F30000A380E70083270900032704116DB7834911
:10F310000501054A6398491DF9C713F7070119C785
:10F32000BD9B2324F50AEF00FF8EB1BF13F7070240
:10F3300001CB93F7F7FD2324F50AEF007FA2A1B7D5
:10F3400013F7070401CB93F7F7FB2324F50AEF002B
:10F350006FD215BF13F7070809CB93F7F7F72324EC
:10F36000F50A2285EF10BFA339BF13F7072009CB99
:10F3700093F7F7DF2324F50A2285EF00EFD921B7B1
:10F3800013F7074001CB93F7F7BF2324F50AEF00EB
:10F39000BFB9D5BD13974701635C07007D7713079D
:10F3A000F77FF98F2324F50A2285EF004FE7E1BDAF
:10F3B00013973701635A07007D777D17F98F232450
:10F3C000F50AEF00AFE8C1B513972701635A0700AC
:10F3D00079777D17F98F2324F50AEF008FF765B54C
:10F3E0002324050A21B78327450A638E071A93F65B
:10F3F000070481CA93F7F7FB2322F50AEF004FB702
:10F4000059B593F6071081CA93F7F7EF2322F50A4F
:10F41000EF005F858DBD93F6072099CA4D8B631F62
:10F42000070E93F7F7DF2322F50AEF00BF88A1BD8F
:10F4300093F6074081CA93F7F7BF2322F50AEF003E
:10F440008FC091B59396470163DB06007D77130764
:10F45000F77FF98F2322F50AEF105F872DB593967A
:10F46000370163DC06004D8B55EB7D777D17F98FF7
:10F470002322F50AEF00AFC139B513971701635A7C
:10F48000070071777D17F98F2322F50AEF00EFD17E
:10F49000DDBB1397E700635A070001777D17F98FEB
:10F4A0002322F50AEF00EFD4F9BB1397B700635B93
:10F4B00007003707F0FF7D17F98F2322F50AEF00C9
:10F4C0002FE1D1B313978700635B0700370780FFF5
:10F4D0007D17F98F2322F50AEF009F926DB3232247
:10F4E000050A29B5638C09029306600463EF3607A9
:10F4F0001307500463F9E9141307A002638AE91C97
:10F5000063673703930710026380F91A63EA3701D0
:10F51000ED476387F914F547638AF914228599B397
:10F5200093075002638FF91C93077002F5B7130716
:10F5300060036389E914636B37019307E002638416
:10F54000F91E93071003E380F9DEC9BF1307000417
:10F55000638CE908930710046387F90A9307800313
:10F56000E39EF9FAEF20EF8C19AA9307A0056387B1
:10F57000F91E63E13705930750056385F90263EBD4
:10F5800037019307B0046388F91C93071005E38AD9
:10F59000F9DC69B793076005E380F9DE930780051E
:10F5A000E39EF9F622859720FD1FE7808011E30C8A
:10F5B00005CCADB79307B00663ED37019307A006FE
:10F5C00063FBF92093076006E39AF9F4EF00DF95F7
:10F5D00099A093076007E389F9DC93076008E39F2C
:10F5E000F9F2EF000FD705A813974701E35807F288
:10F5F0007D771307F77FF98F2324F50AEF002FC2D9
:10F600002308340149B18347B5028DC70547639884
:10F61000E700EF00EFF485472308F400ADB183273E
:10F620000510918BD5C3BD472306F4022285EF0058
:10F63000EF9ED5B7EF10FFFF8327040A93E727005B
:10F640002320F40AC9BFEF10DFFE8327040A230832
:10F6500044012311040693E747002320F40A25B14F
:10F66000EF002F85D947230AF40431B92285EF1022
:10F670005FFC8327040A93E717002320F40A23087A
:10F68000040011B19720FD1FE780A003E30D05BE24
:10F690008547A306F4042285EF006F8B8347C404DB
:10F6A000F99B2306F404C5B683278510858B81C793
:10F6B000EF00CFD0C9BEE947A305F50283270510A7
:10F6C000918B99C38D478DB72285EF00CF92A1B75B
:10F6D000EF004F818347D40491CB41469305C40A80
:10F6E0001305C40C9710FD1FE780800A8347C404EC
:10F6F0002326040E2328040E93E717002306F404A0
:10F7000059B683270510918B81CF8D472306F502CB
:10F71000EF00CF9083471401DD9BA308F400E5BD03
:10F72000EF006F8DC5BF8347C5042322050E232438
:10F73000050E93E727002306F504EFF0DEFC834770
:10F740001401A3050402DD9BA308F4008327040A27
:10F7500093E70701F5B5EF00EF9175BD8347A51459
:10F7600099CB83466514331ADA006306FA001367EF
:10F770000701A308E5000347B41411CF83467414AE
:10F780008547B397D7006388E7008347140193E761
:10F790000701A308F4008347E40199CF83471401CC
:10F7A000C18B99EB8327040A93E707202320F40AEF
:10F7B0002285EF101FE885B583071416F5DB832734
:10F7C0004410898BF5D78327440A37071000D98F57
:10F7D0002322F40AF1BFEF10DFE58327040A05674F
:10F7E00013070780D98FA9BD9777FD1F83D707C45B
:10F7F00085071777FD1F231BF7C271B48347451791
:10F80000858B638207108347651393D63700AA96CA
:10F8100083C5061313F7770033D6E540058A69CE12
:10F82000397122DC06DE26DA4AD84ED652D456D2B8
:10F830005AD05ECE62CC66CA2A84034545037D5702
:10F84000FD47591562052C0061853AC43EC69720D4
:10F85000FD1FE780408B0326841322478326C413B1
:10F86000B247718FF58F6314E6006387F6062800B0
:10F87000EFE00F89894763F1A70629468145130503
:10F88000D4179710FD1FE78020F4224AB24A81491D
:10F890000D4C854C930B500293948901E1844E8664
:10F8A0005285D68513DB2440EF00903C8D88229B47
:10F8B000058986040309DB170DCDB3949C00B3645E
:10F8C0009900A30E9B168509E39879FD8347441799
:10F8D00093E78700230AF416F2506254D254425937
:10F8E000B259225A925A025BF24B624CD24C2161BD
:10F8F0008280B3149C00E1B78547B397E700CD8FB2
:10F900002388F6128280828079714ECE9779FD1F0E
:10F910009389C9B022D403A4090A52CC56CA5AC842
:10F92000797AA16A370B008226D24AD006D65EC603
:10F9300062C466C21779FD1F130909A2938481ACC2
:10F940007D1AFD1A7D1B8347E4001307000D639F9A
:10F95000E7209C4098430D8B05C3B84B619BB8CB07
:10F9600098431367870098C39C438D83858B89C711
:10F9700001000100010001009720FD1FE780400108
:10F980008347C404858B89C7A2850545EF208F8BEB
:10F9900083472414938BC1AB83A60B0093F7F70323
:10F9A00013979701DC56B3F76701D98FDCD6371769
:10F9B0000040930770052300F704930780FA2300A3
:10F9C000F70483462414B54763FBD71083572702F7
:10F9D00093E707012311F70203A70B00832784098C
:10F9E00094401CC78327C4095CC3DC4293E717001B
:10F9F000DCC25C57F19B93E717005CD78355441C2E
:10FA000095470356641C9105034574141777FD1F31
:10FA1000A307F794C205930710FD2307F400C181E3
:10FA2000930700FC1777FD1F2308F792EF202FB7ED
:10FA300003467414854683572408035764086318E3
:10FA4000D60A060793875703BA979840544733F668
:10FA5000460150C70100010098400966860710C79B
:10FA6000130600F89775FD1F238AC58E7CD354C7F3
:10FA70009777FD1FA384078E90409777FD1FA38D76
:10FA8000078C85471CC28346C404138701AD83A736
:10FA90000B00858A1843CDCA9443B705330093F60B
:10FAA000F6E794C3944393F6F6E793E6061094C3FF
:10FAB0001447CD8E14C79306900F34CA5457F59A45
:10FAC00054D7034764139376F7079843137707F8DF
:10FAD000558F98C39710FD1FE780E045ADB583575C
:10FAE0002702C207C183BD9BC207C183E5B5894513
:10FAF000060794406318B602D046B3754601CCC6DB
:10FB00000100010094408965938797188CC693057E
:10FB100000F81775FD1F2303B584BA978607FCD23A
:10FB2000D0C6B9B7D046B3754601CCC601000100B6
:10FB300094408965938797048CC6930500F81775E0
:10FB4000FD1F230DB580D1BF9443B705330093F655
:10FB5000F6E794C3944393F6F6E793E6061094C34E
:10FB60001447CD8E14C79306900D81BF1307100D57
:10FB7000639BE75883470900858B6382074C834763
:10FB80000900E207E18763D4070A8347F40093F78B
:10FB9000070285C78357A4031307204EB387E702E4
:10FBA00003274409B3D7E7021767FD1F0347875CA4
:10FBB00013070705BA972312F4089387C1AB9C4338
:10FBC0009766FD1F9386866183AC46009843032C9D
:10FBD0000901894631830D8B832BC4088357440860
:10FBE0001765FD1F03550560631DD716938797188A
:10FBF000B3A5A70237460F00130606248146330536
:10FC0000F502EF00700C3385AB40B30785013E87EA
:10FC100063E4A70063E4970133879741835764083F
:10FC20002328E4082310040885832313F40883455C
:10FC3000C404032544119306240313064403858951
:10FC40009710FD1FE780C0329767FD1F2389A770BB
:10FC500003C7690483474403998F230AF402832767
:10FC6000441183C7070013F7070C19E38D8B91E745
:10FC700085471767FD1F2304F76E83476900858B4F
:10FC80006397072C8347A40293E727002305F40218
:10FC900083470900E207E18763D3070283476413C0
:10FCA00013D7370093F6770022978547B397D7008D
:10FCB0008346071393C7F7FFF58F2308F71283478F
:10FCC000F400898BDDCF2285EFB07FC55DE98347E6
:10FCD000F400A309040093E74700A307F400832777
:10FCE00084118DCF0347B40115CB03C79700058B53
:10FCF00015E703D7A700C843136707F02395E7006C
:10FD00009720FD1FE780608E8357440485072312E8
:10FD1000F404832784119C43232CF410834754015B
:10FD200081CB8347C404898B81C72285EFB03FC450
:10FD300083470401130720026398E7028327040A1C
:10FD4000A305040293E787002320F40A83471401E4
:10FD500093E78700A308F400930740022308F40008
:10FD60000DA09387970469B513070006639AE70C03
:10FD700085472308F4008347A40293E7170023056F
:10FD8000F40283476900898B638407108347C404A6
:10FD9000858B638F070E834794018507A30CF400BE
:10FDA0008347F40013F7270029E793E72700A30709
:10FDB000F400930700F8230EF4008357A4031307FD
:10FDC000204EB387E70203274409B3D7E70217673A
:10FDD000FD1F0347273A13070705BA97C207C183D8
:10FDE0002312F40886072311F4089767FD1F23A93F
:10FDF000076C22859767FD1F23800756EFF0EFC041
:10FE000003456414894783455401631FF514034572
:10FE10008414910513652500EF109FE38347540177
:10FE20006386071E8347C404898B6381071EA285EE
:10FE30000145EF105FB9630B0512EF206F966DA4BB
:10FE400013077006639CE7029387C1AB98437C530A
:10FE5000ED9B7CD39767FD1F238507503717004024
:10FE600083578701B3F7FA00231CF7008347C400C8
:10FE700093F7F7FD2306F4008547CDB57147E3926C
:10FE8000E7F08327040A93E717002320F40AD5BD7F
:10FE90002285EFB05FABE31505F0A30C04002285CB
:10FEA000EFB0FFA383471401A18B85CF8347640183
:10FEB0008DCB83477401094793F7B70F6383E7023C
:10FEC0009307D003230AF404930770022308F40075
:10FED0008347C404858BE38507EC2285EFB03FAEF2
:10FEE000C1B50347D4008D476317F70483477401F6
:10FEF000130780026373F702834774011D47638809
:10FF0000E702A306F4028327840A228593E71700F9
:10FF10002324F40AEFF05E8119A88A07174700002E
:10FF200013070784BA979C432285829771F583470C
:10FF30006401D9FFB5B583476401E38307E62285F1
:10FF40009720FD1FE780A08AE31C05E4CDB7834717
:10FF500084018507230CF40083D7E9008507176720
:10FF6000FD1F2314F74C2DBD91057DB59387C1ABC3
:10FF70009843B70633001C4393F7F7E71CC31C43B1
:10FF800093F7F7E793E707101CC3938701AD9843F6
:10FF90001C47D58F1CC79C401307A00FB8CB938775
:10FFA000C1AB9C43B70680009843558F98C3D85780
:10FFB000719BD8D7930720FD2307F40083270412F1
:10FFC000E38A07B00347F400058BE30507B0D44389
:10FFD00003C6C70083C58700035584008906EF5018
:10FFE0005F82E31905AE8327041203D7A7001367C6
:10FFF00007F02395E7009C432320F4128357240441
:020000040003F7
:10000000E38A07ACFD172311F404E9B49387C1AB6D
:100010009843B70633001C4393F7F7E71CC31C4310
:1000200093F7F7E793E707101CC3938701AD984355
:100030001C47D58F1CC79C401307A00D85B79C405B
:10004000FC53E39207909767FD1F23890730EF1059
:100050003FF5834709002285E207E18763DA071E3F
:10006000EFF0EF9883D72901228585071767FD1FD9
:10007000231FF73AEFF08FF883570404B5C713072F
:100080004006B3F7E702ADE39387C1B69C43898B83
:10009000A1C79764FD1F9384640C985815CF976788
:1000A000FD1F83D7A738C2079765FD1F83D5253865
:1000B000DD8D254502979C589765FD1F83D5E53654
:1000C000294582979C58831524032D4582979C5877
:1000D00083054403314582979767FD1F23970734B3
:1000E0009767FD1F23A4073422852254B2509254EF
:1000F0000259F249624AD24A424BB24B224C924CCC
:1001000045616FB05FDC1307200DE398E7D28347AA
:100110001900858B638107149767FD1FA38E072243
:100120008327040A13972701634A070E2285971035
:10013000FD1FE780807985476312F50E8355441CC7
:100140000356641C034574149105C205C181EF1068
:100150001FC58347C404938BC1AB138C01AD858B42
:10016000BDCBA2850545EF10FF8D03A70B00B70699
:1001700033001C4393F7F7E71CC31C4393F7F7E7DF
:1001800093E707101CC303270C001C47D58F1CC71F
:100190009C401307900FB8CB930710FD2307F40082
:1001A0009C40D44733F74601D8C70F1000009C404D
:1001B000096798C7130700F81766FD1F2300E61AA2
:1001C00003A60B00184231830D8B0DEF1307601946
:1001D000F8D3D4C701B203A70B00B70633001C4302
:1001E00093F7F7E71CC31C4393F7F7E793E7071070
:1001F0001CC303270C001C47D58F1CC79C4013074A
:10020000900D51BF1842094631830D8B6315C7000D
:100210001307E04375BF1307E01B5DBFEF105FD806
:10022000834794018DC793F7070F81CB9305D003C4
:100230002285EFB01FDBA305A4029767FD1F9387FC
:10024000E7F19C5B89C79545130550088297228585
:10025000EFC0AF9F51BD9C40FC53639607EE97677C
:10026000FD1F238D070EEF10BFD3D5B7411106C672
:10027000EFB0EF999767FD1F9387471A17F7FFFFB6
:10028000130767CE23AAE70AB24017F7FFFF130749
:1002900067E223ACE70A97F7FFFF9387276723AC52
:1002A000F1B641018280397122DC3704400026DA40
:1002B0004ED6AE84AA899305E4FF054506DE4AD8EA
:1002C000EF20EEAE498C131704014183218393176D
:1002D000840013590401D98F231601001379F90FF3
:1002E00010088A854E852317F100A306210102C05C
:1002F00002C202C402C802CA02CC02CEEF106FE8EA
:100300008347E1010347D101A3818400A20742078B
:10031000BA970347F101218023828400BA97F250F3
:1003200062542380F40013D78700C183A382240181
:10033000A380E4002381F4004259D254B2592161D0
:100340008280011119469765FD1F9385C5E21765E7
:10035000FD1F1305251B06CE22CC26CA4AC8916470
:100360004EC69700FD1FE780A0429385F4FF01452C
:10037000EF20AEA12A84FD550145EF204EA3A287B0
:10038000FD147D5933F79700B366E500F9C6631491
:1003900025016304970C1767FD1F230DF716A18332
:1003A00093E707FC916941641767FD1F2322A71695
:1003B0001767FD1FA300F716FD191769FD1F130925
:1003C000E9057D14CE850145EF202E9CAA84FD55BC
:1003D0000145EF20CE9DB3679500EDD7FD5763141F
:1003E000F500E38134FF9767FD1F2396A71293570B
:1003F00005011767FD1F2301F71293578501176742
:10040000FD1FA30BF7109767FD1F23889710A1808E
:1004100093F4F4039767FD1FA38197108317890E48
:1004200042054185618DE18F6312F5020317C90F03
:100430008317A90E618FE18F631AF7000317E90F85
:100440008317C90E618FE18FE30EF7F6F240624425
:10045000D2444249B24905618280A6850145EF2018
:10046000CE922A84FD550145EF206E94A28719BFD4
:1004700011CE93070002918F635BF0003355C500E6
:10048000B397F50033D6C5005D8DB2858280130524
:1004900006FE014633D5A500B285CDBF11CE930728
:1004A0000002918F635BF000B395C500B357F50070
:1004B0003316C500DD8D32858280930506FE014628
:1004C000B315B5003285CDBFB687B2882A832E8892
:1004D000639D061463F9C50A4167636EE61AB707A0
:1004E00000016363F63493568601E1471737000035
:1004F0001307C76B369703470700BA971307000225
:100500001D8F19CB3398E500B357F500B318E600FB
:1005100033E807013313E50013D608013355C80249
:1005200093960801C182935703013377C802B385BC
:10053000A60242073368F700637AB800469893072B
:10054000F5FF636418016367B8303E853308B8402F
:100550003357C8024203135303013378C802B386EA
:10056000E602420833686800637BD8004698930728
:10057000F7FF6365180179176363D8003E8742056A
:10058000598D8145828001E60547B358C70241670E
:1005900063EAE80EB707000163ECF82893D68801F8
:1005A000E147173700001307676036978346070057
:1005B000BE9693070002958FE5EB939E0801338763
:1005C000154113DF080193DE0E01854593570301A2
:1005D0003355E7033377E703B306D5034207D98FD3
:1005E00063FAD700C6971307F5FF63E4170163E6C4
:1005F000D7263A85958F33D7E70342031353030178
:10060000B3F7E703B30ED703C207B3E7670063FB93
:10061000D701C6979306F7FF63E51701791763E3E0
:10062000D70136874205598D828063E2D504C167C0
:1006300063E2F604B707000163E4F61E13D78601F0
:1006400061489737000093876756BA9703C707003A
:10065000130E00024297330EEE40631A0E0C63ED48
:10066000B61C3335C5001345150081458280814590
:10067000014582809307F00F63F3D71C13D78600E0
:100680002148C1B71307F00FC686E37C17F193D654
:100690008800A14739B71307F00FB286E378C7E4A3
:1006A00093568600A14799B5B398F80033D6D50084
:1006B00013DF0801335EE6033397F500B356D50028
:1006C000558F939E080193DE0E013313F500935569
:1006D0000701B376E603B387CE03C206CD8E63FB74
:1006E000F600C6961306FEFF63E4161763F2F616CD
:1006F000791EC6969D8E33D6E60393170701C183F4
:10070000B3F6E6033385CE02139706015D8F637B54
:10071000A70046979307F6FF636817136376A7123F
:100720007916469793150E01098FD18D45B5B357AC
:10073000E600B396C601DD8E33D3E50013DF060174
:10074000B357E303939E060193DE0E013398C50170
:100750003357E50033680701935808013316C60183
:100760003373E303B385FE024203B368130163FBF3
:10077000B800B6981387F7FF63EAD80C63F8B80C93
:10078000F917B698B388B84033D7E803420813582E
:100790000801B3F8E8033383EE02C208B3E50801A9
:1007A00063FB6500B6951308F7FF63EDD50863FB9F
:1007B00065087917B695C207416FD98F1307FFFFF8
:1007C000B3F6E70093D80701718F4182B38EE6023A
:1007D000B3856540B386C60213D80E013387E8029D
:1007E000BA96C2963386C80263F3E6007A9693D827
:1007F0000601469663E2C5026385C5003E858145D4
:10080000828041677D17F98EC206B3FEEE00331574
:10081000C501F696E374D5FE1385F7FF8145828006
:1008200013D70601414831BD93560601C1477DB932
:1008300093D60801C147B5B3814505458280368707
:10084000014801B5428785BF3E86E9BDBA871DBF15
:10085000328E4DB579154698D5B97915C69759BBDD
:10086000B68732882A832E872E8E6393061463F10F
:10087000C50A41676378E61A1307F00FB2866375FD
:10088000C70093568600A1471737000013070732A9
:1008900036970347070093080002BA97B388F840D9
:1008A000638C0800B3951501B357F5003318160192
:1008B00033EEB7003313150113560801B357CE02B8
:1008C00013150801418193560301337ECE02B3070D
:1008D000F502420E3367DE006378F70042976365E6
:1008E00007016373F70042971D8FB356C702931732
:1008F0000301C1833377C7023305D5024207D98F7D
:1009000063ECA7083385A7403355150181458280E4
:1009100001E605473358C7024167636CE80EB70725
:1009200000016365F82A93568801E14717370000F4
:100930001307C72736970347070093080002BA97A3
:10094000B388F840639A081E131E0801B385054159
:1009500013560801135E0E0113570301B3D6C502E7
:10096000B3F5C502B386C603C2054D8F6377D700C2
:10097000429763640701636AD726158F3355C70210
:100980004203135303013377C7023305C5034207FC
:10099000B367670063F8A700C29763E5070163F3D5
:1009A000A700C2973385A740335515018145828042
:1009B0002A88E3EED5F4C16763E5F604B7070001C2
:1009C00063E2F62013D38601E1489737000093874E
:1009D000E71D9A9703CE070013030002469E3303D8
:1009E000C3416319030463E4B6006369C5003308B7
:1009F000C540958D333705013387E5404285BA857B
:100A000082809307F00F63FBD71C13D38600A148A5
:100A10006DBF1307F00FC286E37A07F19356880083
:100A2000A14729B7B70700016366F61A93568601F6
:100A3000E14799BDB357C601B3966600DD8EB3D8C2
:100A4000C50113D70601B3DEE802139F0601B357B1
:100A5000C501135F0F01B3956500DD8D13D8050146
:100A60003316660033156500B3F8E802B307DF03F9
:100A7000C20833E80801637BF80036989388FEFFCC
:100A80006363D8166371F816F91E36983308F84078
:100A9000B357E802C205C1813378E802330FFF0281
:100AA000131708014D8F637BE70136979385F7FF96
:100AB0006369D7126377E713F9173697C20EC162DD
:100AC000B3EEFE001388F2FFB3F80E019355060152
:100AD00093DE0E0133780601B38F08033307E74135
:100AE00033880E0393D70F01B388B802C298C69714
:100AF000B38EBE0263F30701969E41687D1893D5BD
:100B00000701B3F70701C207B3FF0F01F695FE9780
:100B10006362B70A630EB708B307F5403335F500D3
:100B2000B305B740898D339EC50133D56700336562
:100B3000AE00B3D5650082803318180133D7F500B5
:100B400013560801B356C702131E0801B357F50028
:100B5000135E0E01B3951501DD8D93DE0501331390
:100B600015013377C702B307DE0293160701B3E618
:100B7000D60163F8F600C29663E5060163F3F6005A
:100B8000C2969D8E33D7C60293970501C183B3F6F3
:100B9000C6023307EE0293950601DD8D63F8E5008A
:100BA000C29563E5050163F3E500C295998D6DB3C8
:100BB000E374F5F63386C740B3B7C700B6979D8D8B
:100BC000B28799BF13D30601C14801B593560801F6
:100BD000C147A9BB93560601C1477DB13683814801
:100BE000EDB3AE87E1BDC68E55B5429779B30147E7
:100BF0006314E60001458280B307E5000507B3866C
:100C0000E50083C7070083C6F6FFE383D7FE33857D
:100C1000D7408280B3C7A5008D8B3307C50081E71D
:100C20008D4763EEC700AA876370E50A83C6050097
:100C300085078505A38FD7FEE3EAE7FE82809376DA
:100C40003500AA8791CA83C6050085078505A38F4D
:100C5000D7FE93F63700FDB79376C7FF138606FEDF
:100C600063F0C70683A3050083A2450083AF850018
:100C700003AFC50083AE050103AE450103A38501A3
:100C800083A8C5019385450223A0770003A8C5FF6B
:100C900023A2570023A4F70123A6E70123A8D70125
:100CA00023AAC70123AC670023AE1701938747022D
:100CB00023AE07FF75B790419107910523AEC7FE9C
:100CC000E3EBD7FEE3E4E7F6828063F3A504B386A3
:100CD000C500637FD5029345F6FF8147FD176393F7
:100CE000F50082803387F600034807003387C7008A
:100CF0002A9723000701DDB73387F50083460700F5
:100D00003307F50085072300D700E317F6FE82803E
:100D10008147E5BF39713EDA2ED232D436D63AD881
:100D200042DC46DE9387018622CC804326CA06CE6B
:100D3000AA8409C41C4C99E32285752B0C445410D9
:100D40002686228536C6EF009021F2406244D244C6
:100D50002161828001119387018622CC804306CED7
:100D6000AA8519C41C4C89E72AC622856923B24585
:100D7000104422856244F24005616F108003011126
:100D800026CA4AC806CE22CC4EC652C4AA842E8990
:100D900001C51C4D91E385239C4C804499E3268535
:100DA000992B97370000938767F2631CF402C040C9
:100DB0008357C400A18BB1C71C48A1C7FD59294A5C
:100DC0001C4483450900FD17B1E91CC463DE070616
:100DD0002286A9452685E528FD576308F5022945A1
:100DE00035A097370000938767F06314F4008044C0
:100DF000C1B797370000938767EBE31BF4FAC04451
:100E000045BFA2852685612255D97D55F2406244B1
:100E1000D2444249B249224A056182801CC4050974
:100E200063D70700184C63CBE700638945011C407A
:100E30001387170018C02380B70059B7228626856C
:100E40007920E31F35F7D1B71C401387170018C06E
:100E500029472380E70061B793870186AA858843E5
:100E60006FF0FFF193F5F50F8347050091C763938A
:100E7000B70082800505CDBF91C101458280AA8758
:100E8000850703C7F7FF6DFF3385A7407D15828077
:100E90000347050083C7050001E791C30145828030
:100EA000814701A88347150013071500E5DB81473B
:100EB0003A853387F5000347070075D3B306F5007D
:100EC00083C60600E390E6FE85072A87D5B70111A1
:100ED00022CC26CA4AC806CE4EC6AA842E8932849F
:100EE00001C51C4D91E3012997370000938707DE68
:100EF0006319F406C0401C4C1CC48357C400A18B6A
:100F0000C9C31C48BDCF1C4808409379F90F137919
:100F1000F90F1D8D5C486346F500A2852685652C7A
:100F20002DE51C440505FD171CC41C401387170044
:100F300018C0238037015C486389A7008357C40029
:100F4000858B81CBA9476316F900A285268561248C
:100F50000DEDF24062444A85D2444249B2490561EE
:100F6000828097370000938767D86314F400804429
:100F700059B797370000938767D3E31EF4F6C04450
:100F80009DBFA285268521203DDD7D59D9B7411120
:100F90009387018626C2844322C44AC006C62A8992
:100FA0002E8489C49C4C99E32685B126973700008E
:100FB0009387C7D1631CF402C0400317C400931782
:100FC0000701C18393F68700B5EE93F607019DEE06
:100FD000A5472320F900136707042316E4007D5575
:100FE000B240224492440249410182809737000076
:100FF0009387C7CF6314F4008044C1B797370000CC
:101000009387C7CAE31BF4FAC04445BF918B8DC7D1
:101010004C5889C9930744046384F5004A85892B99
:10102000232A04028357C4002322040093F7B7FD48
:101030002316F4001C481CC08357C40093E78700A4
:101040002316F4001C4881EF8357C40013070020C7
:1010500093F707286385E700A2854A85952983577A
:10106000C40013F7170005C75C4823240400B30726
:10107000F0401CCC1C480145A5F78317C40013F7AA
:10108000070839DF93E707042316F40089BF898B2B
:10109000014791E3584818C4F1BF83D7C500011137
:1010A00022CC26CA06CE4AC84EC613F78700AA84A9
:1010B0002E8471EFD841634DE000B841634AE000EF
:1010C0000145F2406244D2444249B24905618280FE
:1010D00058547DD703A904009396370123A0040038
:1010E00063DD060670488357C400918B99C75C4046
:1010F0001D8E5C5899C33C401D8E5C540C5081463B
:1011000026858297FD570357C400631DF500944060
:10111000F54763E8D706B70740208507B3D7D70060
:10112000858BA5C31C48232204001CC093173701DC
:1011300063D80700FD576314F5009C4091E368C82D
:101140004C5823A02401ADDD930744046384F500CB
:1011500026853929232A0402A5B70C500146854665
:1011600026850297FD572A86E31FF5F69C40A5DFEA
:1011700075476385E70059476394E70423A024017A
:1011800081B7136707042316E4007D551DBF83A9AB
:101190000501E38709F203A905008D8B23A0350122
:1011A00033093941014791E3D84918C4E35A20F182
:1011B0001C540C50CA864E86268582976349A0002F
:1011C0008357C40093E707042316F4007DBFAA9950
:1011D0003309A940E1BF9C49A5C3011122CC06CE29
:1011E0002A8411C51C4D81E72EC63122B24597379E
:1011F00000009387A7AD639CF5004C408397C50022
:101200009DC722856244F24005616FF01FE9973760
:1012100000009387A7AD6394F5000C44C5B79737DA
:1012200000009387A7A8E39BF5FC4C44C1BFF240A4
:10123000624401450561828001458280411122C4DA
:1012400006C62A842316B5002317C50023200500EF
:101250002322050023240500232205062328050058
:10126000232A0500232C0500214681451305C505C9
:10127000EF20ED8797170000938767BF5CD0971723
:1012800000009387C7C11CD497170000938707C637
:101290005CD4971700009387C7C800D01CD8B24011
:1012A00022444101828097050000938505F3B1AA8D
:1012B000411126C2130680069384F5FFB384C4024D
:1012C0004AC02E8922C406C693854407B1262A84C3
:1012D00001CD2320050023222501310508C41386F2
:1012E00084068145EF20AD802285B240224492449D
:1012F0000249410182801C4DB5E7411106C622C456
:1013000097070000938767FA1CD5973700009387EB
:1013100027AD9C4323240504232605042328050424
:101320006314F50085471CCD2A84352848C02285E2
:101330001D2808C42285052848C448400146914517
:10134000EFF0DFEF08440546A545EFF03FEF4844D6
:101350000946C945EFF09FEE85471CCCB2402244B8
:10136000410182808280411197370000938747A70F
:1013700026C284434AC006C69C4C22C42A8981E7FF
:101380002685EFF05FF7938484048044DC40FD17EA
:1013900063D607009C40B9CF8440C5BF0317C40083
:1013A00039E7C1778507232204062320040023227E
:1013B0000400232404005CC423280400232A04001E
:1013C000232C0400214681451305C405EF103DF28E
:1013D000232A0402232C04022324040423260404C5
:1013E0002285B24022449244024941018280130482
:1013F000840671BF91454A85EFF09FEB88C049FD97
:10140000B1472320F9000144E1BF797122D44AD0C9
:1014100052CC56CA5AC85EC606D626D24ECE2A8AA4
:10142000AE8A130485040149054BFD5B09ECB250FB
:1014300022544A8592540259F249624AD24A424B96
:10144000B24B45618280044483294400FD1963D472
:1014500009000040E1BF83D7C400637BFB00839792
:10146000E40063877701A6855285829A3369A900D3
:1014700093848406E1BF1971A6DAAE848395E500F2
:10148000A2DC86DE328463DC050083D7C40023A09F
:10149000060093F7070885E7930700401DA0300872
:1014A00036C6EF00902EB246E34105FE7247BD6797
:1014B000F98F7977BA9793B717009CC2F1BF93075A
:1014C00000041CC0F6506654D65401450961828060
:1014D00083D7C500011122CC06CE26CA4AC8898B03
:1014E0002E8489CF930774041CC01CC885475CC830
:1014F000F2406244D2444249056182807400300067
:10150000AA84EFF05FF7A2452A892685312201EDF2
:101510008317C40013F7072061FFF19B93E72700AF
:101520002316F400C1B797070000938707D89CD40F
:101530008357C40008C008C893E707082316F400BF
:10154000A2475CC8B24791CF8315E4002685EF001F
:10155000F02601C98357C400F19B93E717002316B7
:10156000F4008357C4003369F9002316240149B7F6
:10157000DDC183A7C5FF411122C406C626C213845C
:10158000C5FF63D307003E94AA84EF00102B938716
:10159000C1B79C4381EF2322040023AE81B62244CD
:1015A000B2402685924441016F005029637EF400C9
:1015B00014403307D4006396E7009843DC43369722
:1015C00018C05CC0D9BFBA87D84319C3E37DE4FE15
:1015D00094433386D700631F86001040B29694C3AD
:1015E0003386D700E31DC7FA10435843B29694C31D
:1015F000D8C375B76375C400B1479CC04DB71040E0
:10160000B306C4006316D70014435843B29614C0FF
:1016100058C0C0C369B78280011126CA93843500BF
:10162000F19806CE22CC4AC84EC6A104B14763F554
:10163000F404B14463E4B4042A89EF0010209387D2
:10164000C1B798433A8429E4938701B89C4399E74A
:1016500081454A85EF00407E23A0A1B8A6854A8532
:10166000EF00807DFD5963193507B1472320F9004C
:101670004A85EF00B01C29A0E3DE04FAB1471CC183
:101680000145F2406244D2444249B2490561828038
:101690001C40858F63CF0702AD4663F6F6001CC081
:1016A0003E9404C031A05C406313870223AEF1B6C0
:1016B0004A85EF00B0181305B40093074400619900
:1016C0003307F5405DDF3A94898F1CC05DBF5CC372
:1016D000C5B72287404085BF130435007198E302E7
:1016E00085FCB305A4404A85812FE31C35FBB5BFBB
:1016F0001C46FD171CC663DA0700184E63C5E700D9
:10170000A9476394F5006FF08FFC1C422E85138768
:10171000170018C22380B7008280011122CC26CA8C
:101720004AC84EC652C406CE2A89AE893284B30452
:10173000D6007D5A63149400014511A88345040026
:101740004E864A85EFF0DFFA0504E31545FFF240C7
:101750006244D2444249B249224A056182803571CD
:1017600022CD26CB4AC94EC706CF52C556C35AC151
:10177000DEDEE2DCE6DAAA89AE843289368409C587
:101780001C4D99E3EFF03FB797270000938707546C
:10179000639DF40C83A4490083D7C400A18BE5CBDF
:1017A0009C48F5C793070002A304F10293070003C6
:1017B00002D22305F10222C6930B5002972A0000A1
:1017C000938ACA54054C294B4A848347040099C321
:1017D0006392770FB30C2441638E0C00E6864A8631
:1017E000A6854E85EFF07FF3FD576307F51E9256F1
:1017F000E69636D2834704006380071EFD5713091F
:10180000140002C802CE3ECA02CCA309010482D44D
:101810008345090015465685EF0090001304190012
:10182000C24759E913F7070109C713070002A309C3
:10183000E10413F7870009C71307B002A309E10405
:10184000834609001307A0026380E608F2474A8432
:10185000814625460347040093051400130707FD3E
:101860006379E60AB5CA3ECE85A89727000093871C
:10187000E7476395F40083A4890039BF97270000E8
:101880009387C742E39AF4F083A4C90031B7A685D1
:101890004E85EFF0CFEF19D57D55FA406A44DA4412
:1018A0004A49BA492A4A9A4A0A4BF65B665CD65CB0
:1018B0000D618280050411BF330555413315AC001D
:1018C000C98F3EC82289A9B73247930647001843FB
:1018D00036C6634907023ACE034704009307E00285
:1018E000631FF704034714009307A002631BF7026A
:1018F000B2470904138747009C433AC663C10702F5
:101900003ECA35A83307E04093E727003ACE3EC8E9
:10191000E1B7B387670385462E84BA9725BFFD5785
:10192000C5B7050402CA814681472546034704001E
:1019300093051400130707FD6376E606F1F283456D
:1019400004000D46172500001305C53CD12D11CD0F
:10195000972700009387073C1D8D93070004B397DA
:10196000A700424505045D8D2AC883450400194639
:10197000172500001305453A130914002304B1028A
:1019800045253DC197E7FCFF9387C76795E7424729
:10199000B2471377071009CF91073EC69257D297E7
:1019A0003ED21DB5B387670385462E84BA97BDBF67
:1019B0009D07E19BA107D5B77800970600009386A5
:1019C00006D626860C084E8597000000E70000002A
:1019D000FD572A8AE314F5FC83D7C40093F7070464
:1019E000E39C07EA125555BD7800970600009386E0
:1019F00006D326860C084E85012AD9BF797156CAAE
:101A00009C49BA8A984522D426D24ECE52CC06D6CC
:101A10004AD05AC85EC6AA892E84B284368A63D355
:101A2000E700BA879CC00347340419C385079CC0EC
:101A30001C4093F7070281C79C4089079CC003297B
:101A4000040013796900631A0900130B9401FD5B0C
:101A50005C449840998F634CF9041C4083463404DD
:101A600093F70702B336D000A5EB13063404D285F2
:101A70004E85829AFD576303F5041C401146984039
:101A8000998B544481446397C700B384E64063D381
:101A9000040081441C4418486354F700998FBE9495
:101AA000014969047D5B63982405014509A88546C1
:101AB0005A86D2854E85829A631E75017D55B25035
:101AC000225492540259F249624AD24A424BB24BD2
:101AD000456182800509ADBF3307D40013060003BA
:101AE000A301C7040347540493871600A2978906ED
:101AF000A381E7049DBF85462286D2854E85829AC2
:101B0000E30E65FB050945B7797122D426D24AD088
:101B10004ECE06D652CC56CA5AC8B68983C685015F
:101B2000930790063289AA842E8413863504638D28
:101B3000F60263E2D706930780056388F61863ED23
:101B4000D7006381062293073004638EF60A930A56
:101B500024042301D404C9A0930730066385F60A40
:101B600093074006E395F6FE1C40084393F60708EA
:101B700093054500C5C61C410CC363D80700130775
:101B8000D002B307F040A301E40497260000938637
:101B9000261929476DA8930700076384F61663E5A5
:101BA000D7029307E006638BF6189307F006E390DD
:101BB000F6FA0C401C4313F8050813854700630729
:101BC000080608C39C438DA893075007E383F6FEDD
:101BD00093078007638BF61293073007E399F6F6B5
:101BE0001C43D04181459386470014C383AA070054
:101BF00056853D2101C53305554148C05C401CC890
:101C0000A301040471A81C43930A2404938647008B
:101C10009C4314C32301F4048547D5B793F6070406
:101C20001C410CC3B9DAC207C18781BF93F5050413
:101C300008C3C9D983D707001307F0066388E60EE7
:101C4000972600009386C60D2947A30104044C4043
:101C50000CC463C5050008406D9908C099E3B28AB9
:101C600091CDB28AB3F5E702FD1AB69583C505009A
:101C70002380BA00B3D5E70263F0E70CA147631EE7
:101C8000F7001C40858B91CB58401C4863C7E70088
:101C900093070003A38FFAFEFD1A3306564110C8BE
:101CA0004E87CA867000A2852685EFF03FD57D5A03
:101CB000631E450B7D55B250225492540259F2498D
:101CC000624AD24A424B45618280A382D50497265C
:101CD00000009386E6040C40084313F805081C41F5
:101CE0001105630D080208C313F7150001C793E53A
:101CF00005020CC04147B1FB0C4093F5F5FD0CC04B
:101D0000A9B79C4193E707029CC193078007A302F0
:101D1000F404972600009386E60175BF13F80504C6
:101D200008C3E30308FCC207C1837DBF97260000F8
:101D3000938606FF214711BFAE872DB794411C4300
:101D4000CC4913F80608138547006306080008C34A
:101D50009C438CC301A808C393F606049C43F5DAA0
:101D60002390B70023280400B28A1DBF144856866A
:101D7000CA8526858299E30F45F31C40898B8DE740
:101D8000B2474844E359F5F23E8535B78546568655
:101D9000CA8526858299E30F65F1050A5C443247BE
:101DA000998FE345FAFEE9BF014A930A94017D5BEE
:101DB000F5B7011122CC06CE2A8409C91C4D99E73A
:101DC00032C62EC4EFF02FD33246A245972700002B
:101DD0009387C7EF6316F60250401C46FD171CC6DA
:101DE00063D00704184E63C7E70093F7F50F294740
:101DF0006398E70222856244F24005616FF02F8DFF
:101E000097270000938787EE6314F6001044F1B71C
:101E100097270000938787E9E311F6FC504475BFCC
:101E20001C4213F5F50F1387170018C22380B70063
:101E3000F240624405618280411122C42A842E85C9
:101E40009747FD1F23A0077006C6EFF07D94FD574E
:101E50006319F5009747FD1F9387C76E9C4391C395
:101E60001CC0B240224441018280411122C42E8410
:101E70008395E50006C6E122634905007C48AA97E0
:101E80007CC8B2402244410182808357C4007D77E0
:101E90007D17F98F2316F400EDB783D7C500011124
:101EA00022CC26CA4AC84EC606CE93F70710AA848B
:101EB0002E843289B68991C78395E500894601460B
:101EC00035228357C4007D777D17F98F2316F400E0
:101ED0008315E4006244F240CE864A86B249424904
:101EE0002685D24405613DA8411122C42E848395E4
:101EF000E50006C6E528FD570357C400631BF5003F
:101F0000FD77FD17F98F2316F400B24022444101FA
:101F100082808567D98F2316F40068C8FDB7839542
:101F2000E50025A8411122C42A842E85B285368673
:101F30009747FD1F23A8076006C6EFF0FD82FD57F7
:101F40006319F5009747FD1F9387C75F9C4391C3B3
:101F50001CC0B240224441018280411122C42A8423
:101F60002E859747FD1F23AF075C06C61922FD5734
:101F70006319F5009747FD1F9387C75C9C4391C386
:101F80001CC0B240224441018280411122C42A84F3
:101F90002E85B2859747FD1F23A6075A06C6D52072
:101FA000FD576319F5009747FD1F9387A7599C4379
:101FB00091C31CC0B240224441018280411122C41D
:101FC0002A842E859747FD1F23AE075606C6D120CB
:101FD000FD576319F5009747FD1F9387A7569C434C
:101FE00091C31CC0B240224441018280411122C4ED
:101FF0002A842E85B28536869747FD1F23A4075471
:1020000006C64520FD576319F5009747FD1F9387C6
:1020100067539C4391C31CC0B2402244410182805B
:1020200093F5F50F2A966314C50001458280834716
:102030000500E38DB7FE0505FDB782808280411162
:1020400022C42A842E85B28536869747FD1F23AB8E
:10205000074E06C6B928FD576319F5009747FD1FBF
:102060009387474E9C4391C31CC0B2402244410118
:102070008280930780051747FD1F2325F74C7D5568
:102080008280930780051747FD1F232DF74A7D5552
:102090008280930780051747FD1F2325F74A0145D6
:1020A0008280930780051747FD1F232DF7487D5534
:1020B0008280930780051747FD1F2325F7487D552C
:1020C00082800000F401FA00960064004B003200A8
:1020D0001E00140043483538785F424C455F4C4938
:1020E000425F56322E310000686561642066696C7B
:1020F00065206572726F722E2E2E00004C494220B0
:10210000696E6974206572726F7220636F64653ADC
:10211000202578202E2E2E0A000000002A20000004
:10212000436F6E66696775726174696F6E20726560
:1021300064756E64616E6379207265706169726541
:10214000642C207265766973696F6E3D256C750D20
:102150000A000000436F6E66696775726174696F8B
:102160006E20726564756E64616E6379207265704D
:10217000616972206661696C65643A2025750D0A93
:102180000000000053706C697441430053414300E8
:102190007361632F76310000266100004861000002
:1021A0004C6100005861000060610000686100003F
:1021B00070610000A4610000F4610000346200005E
:1021C0004262000064620000706200007C620000F5
:1021D0008C6200009C620000AC620000BC620000E7
:1021E000CC620000DC620000EC620000466C6173AF
:1021F000682073617665206661696C65643A2025A4
:10220000750D0A00466C6173682073617665206302
:102210006F6D706C6574652C207265766973696F7B
:102220006E3D256C750D0A00436F6E6669677572A9
:102230006174696F6E206C6F616465643A206E6FC3
:1022400064653D307825303478206368616E6E6552
:102250006C3D2575207265766973696F6E3D256CDE
:10226000752073746F726167653D257520726164B6
:10227000696F3D25752F25752C25752F25750D0A40
:1022800000000000526573657420726561736F6EA3
:102290003D2575207761746368646F673D25750D12
:1022A0000A000000D67D0000047E0000247E0000AD
:1022B000CA800000CA800000CA800000CA800000F6
:1022C000CA800000CA800000CA800000447E00006E
:1022D000647E00007C7E0000947E0000B07E0000E2
:1022E000D47E0000F87E00001C7F0000CA80000041
:1022F000CA800000327F00005C7F0000A47F0000E5
:1023000044800000B08100002A8200006083000049
:10231000768300007E830000448200006682000015
:1023200098820000CA820000FC8200002483000022
:102330004C83000060830000768300007E830000F1
:10234000868300008E83000098830000A283000033
:10235000AC830000B6830000D6830000E883000051
:10236000F2830000FC83000006840000484C5738CC
:10237000313130206F66666C696E653A2072656136
:10238000736F6E3D25752073746174653D257520EE
:102390007265673D253032782064657461696C3DF3
:1023A0002530386C780D0A00484C573831313020D0
:1023B0006F6E6C696E653A20553D25752E257556F4
:1023C00020493D25756D4120503D25752E257557B9
:1023D000206572726F72733D25750D0A0000000052
:1023E0007561727433207278000000006972204CAD
:1023F0006561726E20696E76616C6964206C656ED1
:102400006774683A25642063683A25640D0A000001
:1024100049522070726F66696C6520696E76616CD6
:1024200069643A206964783D256420747970653D5B
:10243000253034780D0A00004952206F70657261B2
:1024400074696F6E2074696D656F75743A20747964
:1024500070653D25750D0A000100FFFFFFFFFFFFBE
:10246000FFFFFFFFFFFFFFFFFFFFFFFFFFFF07066D
:10247000FFFFFFFFFFFFFFFFFFFF02040503000058
:102480000923497271282564292E0A004572726F4A
:10249000723A204C6F5261206D6F64756C65206ECE
:1024A0006F7420726573706F6E64696E6720285355
:1024B00074617475733D307825303278292E20434D
:1024C0006865636B20776972696E672E0A00000089
:1024D0004C6F526120496E69742056657269666955
:1024E00065642E20537461747573203D2030782507
:1024F0003032780A000000004C6F72612042757320
:10250000792054696D656F75742E00004AB700001C
:102510004EB7000052B7000056B7000026B10000C9
:1025200026B10000FCB600000AB7000048BE00005B
:102530006CBE00009CBE0000B6BE0000E0BE000005
:1025400026B1000026B1000026B1000012BF000035
:1025500038BF000008C000008AC00000D2C00000E0
:1025600098C1000012AD000062C2000046C3000026
:1025700074C3000034CB000008C5000032C5000061
:102580006CC500009AC5000012AD000094C60000A2
:1025900060C700001EC80000CCC8000042C900008F
:1025A00012AD000012AD0000DCCA0000881300006C
:1025B00010270000204E0000409C000060EA000050
:1025C000C0D4010080A903004D4C33303720696E20
:1025D00069743A20636F6E666967757265643D3031
:1025E0002C20686172647761726520756E746F75F6
:1025F000636865640D0000004D4C33303720696E10
:1026000069743A20636F6E666967757265643D31FF
:102610002C205541525431206465666572726564A0
:102620000D00000049505634563600004950000055
:102630002B4D48545450524541443A004F4B0000F2
:102640004552524F520000002B434D4520455252F7
:102650004F523A002B434D53204552524F523A00AD
:102660002B4D485454504352454154453A000000C4
:102670002B4D485454505552433A00002265727213
:102680002200000022726563762200002B4D515417
:10269000545552433A2022636F6E6E222C302C0028
:1026A0002B4D5154545552433A202274696D656F35
:1026B0007574222C302C00002B4D5154545552432C
:1026C0003A202273756261636B222C302C0000006B
:1026D0004857312E300000002B4D51545455524371
:1026E0003A202270756261636B222C302C0000004E
:1026F0002B4350494E3A00005245414459000000D6
:102700002B4347534E3A00002B4347534E000000E3
:102710002B4D434349443A002B4D43434944000069
:102720002B434F50533A00002B43455245473A0044
:102730002B4353513A0000002B434553513A0000BC
:102740002B43434C4B3A0000415445300D0A0000E6
:1027500041542B4D485454504352454154453D2219
:102760000000000041542B4D485454504346473D0F
:1027700022636163686564222C0000002C312C38D0
:102780003139320D0A00000041542B4D4854545049
:102790004845414445523D002C302C302C2252619A
:1027A0006E67653A2062797465733D00220D0A00F8
:1027B00041542B4D48545450524551554553543D66
:1027C000000000002C312C302C22000041542B4DF5
:1027D00048545450524541443D00000041542B4D53
:1027E000485454505445524D3D00000041542B4D27
:1027F0004854545044454C3D0000000041540D0ADB
:102800000000000041542B4350494E3F0D0A000088
:1028100041542B4347534E3D310D0A0041542B4D3B
:10282000434349440D0A000041542B434744434F5E
:102830004E543D312C220000222C220041542B43C7
:102840004F50533F0D0A000041542B43434C4B3F24
:102850000D0A000041542B43455245473F0D0A00E5
:1028600041542B4D515454444953433D300D0A00BB
:1028700041542B4D5154544346473D226B6565707E
:10288000616C697665222C302C00000041542B4D80
:102890005154544346473D22636C65616E222C308F
:1028A0002C00000041542B4D515454434F4E4E3D8B
:1028B000302C2200222C22222C22220D0A00000081
:1028C00041542B4D5154545355423D302C2200005D
:1028D000222C310041542B4D5154545055423D301F
:1028E0002C2200002F7500002C302C302C00000012
:1028F00041542B434553510D0A0000002F000000A6
:10290000687474703A2F2F00222C00002F6400008E
:102910007075626C69736800303132333435363724
:102920003839414243444546000000002B4D515484
:10293000545552433A00000088184818F21783177C
:10294000F716481675157D1461132512CF10690FFF
:10295000FC0D920C340BE909B6089F07A406C505C7
:1029600002055704C3034403D50277024F544120A4
:10297000435243206D69736D61746368206578709C
:1029800065637465643D2530386C782061637475C7
:10299000616C3D2530386C782073697A653D256C13
:1029A000750D0A004F5441204352432076657269E9
:1029B000666965643D2530386C782073697A653DB9
:1029C000256C750D0A0000004F5441207772697420
:1029D0006520766572696679206661696C65642038
:1029E0006F66667365743D256C75206C656E3D255C
:1029F000750D0A0056DC00006ADC00005ADD00009C
:102A0000A4DC000046DD0000D4DD000042E400004C
:102A100010E3000040E5000052E50000BEE50000C4
:102A200004E400004F54412053656E6420436F6DF1
:102A300070200D004941505F50524F4D3A202530D3
:102A40003878206C656E3A2564200D0A000000007D
:102A50004941505F50524F4D2072656A65637465FD
:102A6000643A2073746174652F72616E67652F6FAD
:102A7000726465720D0000004941505F50524F4D25
:102A8000206572723A25750D0A0000004941505FB9
:102A900045524153452073746172743A2530387839
:102AA000206E756D3A25640D0A0000004941505FA3
:102AB000454E44200D0000004941505F454E4420E2
:102AC00072656A65637465643A20696D6167652043
:102AD0006E6F742066756C6C792070726F677261AE
:102AE0006D6D65640D0000004941505F454E442006
:102AF00072656A65637465643A206D6574616461CA
:102B0000746120636F6D6D6974206661696C6564C2
:102B10000D0000004941505F494E464F200D000016
:102B2000424C4520616476206366673A2074617385
:102B30006B3D2575206C656E3D2575207363616E58
:102B40003D25303278206164763D25303278206D25
:102B5000696E3D25303278206D61783D25303278C0
:102B600020656E61626C653D253032780D0A00008B
:102B7000424C45206164762064617461000000006D
:102B8000424C452073657276696365733A206761CC
:102B9000703D2530327820676174743D253032787D
:102BA000206465763D253032782073696D706C65E0
:102BB0003D25303278206F74613D253032780D0A22
:102BC00000000000446576696365204E616D653ADA
:102BD0002025730A0000000050726F647563742032
:102BE0006669726D776172653A20256C752E256C69
:102BF000752E256C7520636F6E6E656374697669DA
:102C0000747920736368656D613D25750D0A000058
:102C10006C696E6B207465726D696E6174656400B9
:102C2000506879207570646174652052783A25780F
:102C30002054783A2578202E2E0A00006D747520D5
:102C400065786368616E67653A2025640A00000054
:102C5000424C45207374617274207374617475738F
:102C60003D253032780D0A00504859205570646176
:102C700074652025782E2E2E0A00000045524153FF
:102C8000453A25303878206E756D3A25640D0A0076
:102C9000455241534520436F6D706C6574650D005E
:102CA000424C45206E616D65206170706C69656491
:102CB0003A202573206164763D25303278206761A3
:102CC00074743D253032780D0A000000546F6F2077
:102CD0006C61726765206E6F74690000424C45201C
:102CE0006164766572746973696E67207265737466
:102CF000617274206661696C65643A202573207383
:102D000074617475733D253032780A00424C452059
:102D10006164766572746973696E67207265737435
:102D2000617274207265717565737465643A2025EB
:102D3000730A0000557064617465202578202D2089
:102D4000496E74202578200A000000004552522E5A
:102D50002E000000496E697469616C697A65642EA1
:102D60002E000000446973636F6E6E656374656462
:102D70002E2E20526561736F6E3A25780A0000008E
:102D80004164766572746973696E672E2E00000067
:102D9000436F6E6E656374696F6E206D61782E2E61
:102DA0002E000000436F6E6E202578202D20496E86
:102DB00074202578200A0000436F6E6E6563746589
:102DC000642E2E00436F6E6E6563746564204164EB
:102DD000766572746973696E672E2E005761697427
:102DE000696E6720666F72206164766572746973BC
:102DF000696E672E2E000000646973636F766572DA
:102E000061626C6520656E6465640000636F6E6E60
:102E1000656374696F6E20617474656D707420668B
:102E200061696C65640000004572726F722E2E003D
:102E30004572726F722E2E25780A0000424C452092
:102E4000646576696365206672616D652072656A86
:102E500065637465643A2025750D0A00424C45206F
:102E60006C6567616379206672616D652072656A61
:102E700065637465640D000049522070617373745A
:102E800068726F7567682072656A65637465643A15
:102E9000206C656E3D25750D0A0000006368617247
:102EA0003220727800000000495220706173737400
:102EB00068726F75676820627573790D0000000095
:102EC00031353A34383A353300000000536570200C
:102ED00031352032303236002573202C6275696C12
:102EE0006420696E2825733A2573290A00000000C2
:102EF000424C45206366673A20686561703D2575E0
:102F0000207061636B65743D257520636F756E7409
:102F10003D2575206C696E6B733D25752F25750DEC
:102F20000A000000424C452052544320636C6F63FA
:102F30006B3A2065787465726E616C2033322E377F
:102F40003638206B487A204C53450D004952206397
:102F50006174616C6F67206272616E64733A2025E0
:102F6000750D0A005B52756C655D2064656665725F
:102F700020706F776572206368616E67652C206DC5
:102F8000696E696D756D3D2575206D696E0D0A0060
:102F90005B52756C655D20657865632072756C6544
:102FA00020747269673D2564206163743D25640D5A
:102FB0000A000000000302050003050104060204E4
:102FC0001F1C1F1E1F1E1F1F1E1F1E1F23484541A3
:102FD0004C54482075703D256C75207265763D25F2
:102FE0006C752072657365743D2575206661756C1E
:102FF000743D25303478206C6F72613D2575206CEE
:103000006F72615469636B3D256C752063656C6CF0
:103010003D25752F25752063656C6C4661696C3D97
:103020002575206972513D25752F2575206D6574B4
:1030300065724572723D2575206D657465724661D5
:10304000696C3D25752F25752F25303278207365E5
:103050006E736F723D2530327820736874457272DA
:103060003D25750D0A0000005254432072657461BD
:10307000696E65642061667465722072657365743B
:103080003A20256C750D0A0052544320776169740B
:10309000696E6720666F722072656D6F746520744B
:1030A000696D652073796E630D0000005254435FB3
:1030B00053657454696D657374616D703A20696EFF
:1030C00076616C69642074696D657374616D7020DC
:1030D000256C750D0A0000005254435F536574540B
:1030E000696D657374616D703A20636F6E76657299
:1030F00073696F6E206661696C656420256C750D5F
:103100000A0000007365742074733A256C75202DD5
:103110003E20253034752D253032752D2530327501
:1031200020253032753A253032753A253032750D0A
:103130000A0000005254435F53657454696D65730F
:1031400074616D703A206861726477617265207491
:10315000696D6520696E76616C69640D0000000020
:103160005254435F53657454696D657374616D7037
:103170003A206F6666736574206F7574206F6620E1
:1031800072616E67650D000052544320736F667460
:1031900077617265206F66667365743D256C640D9A
:1031A0000A00000094FE0000B2FE0000ECFE0000E9
:1031B00004FF000010FF00001CFF000064FF00007F
:1031C00072FF0000ACFF0000D8FF0000DEFF00002F
:1031D000E4FF00001003010026030100D6030100F4
:1031E000E0030100F0030100D6030100D603010053
:1031F000436F6E74726F6C3A206F703D2564206F60
:103200007065726174655461673D257520746F6BDC
:10321000656E3D2530386C7820726573756C743D31
:1032200025640A004C6F526120636F6E66696720E7
:103230006368616E6765643A206E6F64653D253032
:103240003478206368616E6E656C3D256420726F12
:103250006C653D25642C2072656C6F67696E0A0091
:103260004C6F5261207265636F766572792061746C
:1032700074656D70740000004C6F5261207265635C
:103280006F76657279206661696C65642C20726561
:1032900074727920696E20256C75206D730A0000A8
:1032A0004C6F5261207265636F7665727920737519
:1032B000636365656465642C2072656C6F67696E15
:1032C0000000000052656C61793A20677720636FD7
:1032D0006E666967202D3E206368696C6420253026
:1032E00034780A0052656C61793A20677720636F01
:1032F0006E6669672074696D656F757420666F729C
:1033000020253034780A000052656C61793A2063D8
:1033100068696C64202530347820726573706F6E34
:103320007365202D3E2067770A00000052656C61AE
:10333000793A206368696C64202530347820746998
:103340006D656F7574202D3E2067770A00000000C0
:1033500052656C6179206368696C64206C6F676981
:103360006E2040776F726B206672657100000000FE
:103370004C6F5261206E6F6465206C6F67696E3AA6
:10338000206E6F64653D2530347820726F6C653D2A
:103390002564204072656769737465722066726582
:1033A000710A00004C6F67696E2074782074696D33
:1033B000656F75742040256C640A00004C6F676966
:1033C0006E2067773A25303478207363616E3A2532
:1033D0006420726F6C653A25642040256C640A0095
:1033E0004C6F67696E2072782074696D656F7574B3
:1033F0002040256C640A000052656C61793A2072A5
:10340000656A656374206368696C6420253034786C
:103410002C2063617061636974793D25640A000042
:1034200052656C61793A206368696C642025303498
:1034300078206C6F67696E202D3E2067770A000048
:103440005254432075706461746520256C64202D8E
:103450003E20256C640A000052656C61793A206751
:103460007720636D642025303278202D3E206368FC
:10347000696C6420253034780A0000004C6F52617A
:103480002073696C656E7420666F722033206379D7
:10349000636C65732C2072656C6F67696E20726F48
:1034A0006C653D25640A0000257328256420627937
:1034B000746573293A20000025303278200000001E
:1034C00052656C61793A2062726F616463617374F2
:1034D00020636D6420253032780A000052656C61EB
:1034E000793A206368696C64202530347820756EE1
:1034F000617661696C61626C65202D3E2067770A98
:1035000000000000FE006578706572696D656E747C
:10351000616C00004669726D776172652052657654
:103520006973696F6E00000048617264776172654B
:10353000205265766973696F6E0000004D616E758B
:103540006661637475726572204E616D650000007E
:103550004D6F64656C204E756D62657200000000F1
:1035600053657269616C204E756D62657200000072
:10357000536F667477617265205265766973696FFF
:103580006E000000434343442077726974653A201B
:103590003078253034780A00721401009A14010042
:1035A000C2140100DA140100F41401001615010020
:1035B0003E150100661501007E15010098150100F9
:1035C0007E35FEFFF235FEFF6636FEFF6636FEFFF5
:1035D0000236FEFF6636FEFF1A36FEFF3C36FEFF61
:1035E0006636FEFF5636FEFFAA36FEFFCA36FEFFDF
:1035F0004637FEFFDC36FEFF4637FEFF4637FEFF4E
:103600004637FEFFFE36FEFF4637FEFF4637FEFF1B
:103610004637FEFF2237FEFFD6840200A672010065
:1036200012850200288001008E850200F47F0100CF
:1036300048860200C07F0100E48602003E8B010044
:10364000328702003E8B01008C870200908A0100C5
:1036500048860200607F010020880200AC820100E1
:1036600000000000000000006A88020038830100AA
:10367000DC8802002A730100F088FEFFF088FEFF5C
:103680001689FEFF2E89FEFF3689FEFF3E89FEFF6A
:103690004689FEFF4E89FEFF5689FEFF5E89FEFFCA
:1036A0006689FEFF9E89FEFFA689FEFF6E89FEFFEA
:1036B00001010201020101020102040406010401E8
:1036C00001010101040402010400000001010201E2
:1036D00002010102010104040601040101010101CA
:1036E00004010201010000007C96FEFF8896FEFFA7
:1036F000CA96FEFFF097FEFFFA97FEFF3E98FEFF88
:103700008098FEFFBE98FEFFF698FEFF8E97FEFFA4
:103710002A99FEFFB499FEFFD6A5FEFFB2A5FEFFD3
:10372000D6A8FEFF32A9FEFF3AACFEFF54AAFEFF68
:103730009AAAFEFFDEAAFEFF16ABFEFF5AABFEFF03
:10374000B2A5FEFF9EABFEFF14ACFEFF0000000022
:1037500000000000000000000000008708000200D8
:1037600046120200DE000200A8120200020102005E
:10377000A2010200D001020014020200B2110200F4
:1037800022110200400302006C030200DE0302006B
:103790008404020092100200A40F0200B20E020084
:1037A00094F50100360502008A050200BC150200EE
:1037B00054150200BC05020064070200B8080200AC
:1037C000420902006E0902001216020016160200DB
:1037D000040A0200460A02001A1602001E1602001F
:1037E000221602002616020014140200900A02009B
:1037F0006E0B02002A1602002E1602001A0C02009E
:10380000780E020043483538785F424C455F4C499A
:10381000425F56322E313300A02CFFFFAE2CFFFF4B
:10382000B62CFFFFBC2CFFFFC22CFFFFE22CFFFFDA
:10383000EA2CFFFFF02CFFFFFA2CFFFF002DFFFF0B
:10384000062DFFFF0C2DFFFF122DFFFF1E2DFFFF8A
:10385000242DFFFF2A2DFFFF6C2DFFFF302DFFFFD2
:10386000362DFFFF3C2DFFFF422DFFFF4E2DFFFFAA
:103870006C2DFFFF6C2DFFFF6C2DFFFF6C2DFFFFEC
:103880006C2DFFFF6C2DFFFF6C2DFFFF6C2DFFFFDC
:10389000582DFFFF482DFFFF6C2DFFFF5E2DFFFF12
:1038A000662DFFFF6832FFFF9432FFFFB632FFFF45
:1038B000CC32FFFFE032FFFFFC32FFFF1A33FFFF85
:1038C0002A33FFFF4433FFFF5A33FFFF7C33FFFFF0
:1038D0009233FFFFA633FFFFBA33FFFFD833FFFF5A
:1038E000E833FFFF0234FFFF9435FFFFA835FFFFE9
:1038F000BE35FFFFDC35FFFF4E37FFFF2436FFFFED
:103900002234FFFF3A36FFFF4A36FFFF7434FFFFD1
:103910007434FFFF3435FFFF3E35FFFF5236FFFFA3
:10392000FE35FFFF6236FFFFD436FFFF1637FFFF7D
:10393000B039FFFF2A37FFFF2A37FFFFFE38FFFFAE
:10394000BE37FFFF0C37FFFFA639FFFF2A37FFFF07
:10395000A038FFFF3639FFFF2A37FFFF2A37FFFF66
:103960002A37FFFF2A37FFFF2A37FFFF2A37FFFFDB
:103970002A37FFFF2A37FFFF2A37FFFF2A37FFFFCB
:103980008037FFFF4A3BFFFF2C3CFFFFFE3BFFFF62
:10399000643CFFFF643CFFFFDC3CFFFF203DFFFF7A
:1039A0002C3CFFFF2C3CFFFF2C3CFFFF2C3CFFFF7F
:1039B0002C3CFFFF2C3CFFFF2C3CFFFF2C3CFFFF6F
:1039C0002C3CFFFF2C3CFFFF2C3CFFFF2C3CFFFF5F
:1039D000403DFFFF403DFFFF2C3CFFFF2C3CFFFF25
:1039E0002C3CFFFF2C3CFFFF2C3CFFFF2C3CFFFF3F
:1039F0009A3DFFFF9A3DFFFF0642FFFF1042FFFF87
:103A00002642FFFF3242FFFF4642FFFF4E42FFFFCA
:103A10005442FFFF5C42FFFF6442FFFF6A42FFFF28
:103A20007042FFFF7842FFFF7E42FFFF8442FFFFAC
:103A30008C42FFFFC642FFFFC642FFFF9242FFFFDC
:103A40009C42FFFFA242FFFFA842FFFFAE42FFFFE2
:103A5000B642FFFFC042FFFFA642FFFFC242FFFF88
:103A6000D642FFFFEE44FFFFEE42FFFF4843FFFF59
:103A70005C43FFFF7043FFFF8843FFFFA043FFFF4E
:103A8000B043FFFFC843FFFFEE44FFFFE043FFFFEB
:103A9000EE44FFFFEE44FFFFF243FFFF1644FFFF3B
:103AA0003A44FFFF4E44FFFF5C44FFFF6E44FFFFBC
:103AB000B044FFFFFB349B5F8000008000100000DB
:103AC00000000000070B0D1113171D1F25292B2FB8
:103AD000353B3D4347494F535961FF00C471FFFFD8
:103AE0000072FFFF2C73FFFFD073FFFFE073FFFF37
:103AF000CC74FFFF6474FFFF3A75FFFFE875FFFFAA
:103B00005071FFFFD672FFFF7872FFFFB474FFFFA2
:103B100050EC020050E4020006E4020026E9020034
:103B2000F6E80200C8E8020088E802005AE802004D
:103B30003CEA020040EA0200D4E6020044EA020045
:103B400094E6020048EA020070E602004CEA020035
:103B500042E6020032E60200FAE5020050EA020004
:103B6000D8E5020054EA020058EA02005CEA0200CA
:103B700060EA02000AE402001EE4020064EA0200B5
:103B800068EA02006CEA020070EA020034EA02000D
:103B90006EE50200E4E4020038EA0200D2E9020025
:103BA0006CE9020022E402000001020203030303A5
:103BB00004040404040404040505050505050505BD
:103BC000050505050505050506060606060606069D
:103BD0000606060606060606060606060606060685
:103BE000060606060606060607070707070707076D
:103BF0000707070707070707070707070707070755
:103C00000707070707070707070707070707070744
:103C10000707070707070707070707070707070734
:103C2000070707070707070708080808080808081C
:103C30000808080808080808080808080808080804
:103C400008080808080808080808080808080808F4
:103C500008080808080808080808080808080808E4
:103C600008080808080808080808080808080808D4
:103C700008080808080808080808080808080808C4
:103C800008080808080808080808080808080808B4
:103C900008080808080808080808080808080808A4
:103CA00008080808080808080000000000000000D4
:103CB0000000000000000000000000000000000004
:103CC00000000000000000000000000000000000F4
:103CD00000000000000000000000000000000000E4
:103CE00000000000000000000000000000000000D4
:103CF00000000000000000000000000000000000C4
:103D00000000000000000000232D302B20000000E8
:103D1000686C4C00656667454647000030313233B9
:103D200034353637383941424344454600000000B7
:103D30003031323334353637383961626364656621
:103D4000000000002B43434C4B3A0000E0FE000013
:103D5000020000004C3D0300E1FE00002A2A0000A2
:103D6000262A0000272A0000292A0000242A000011
:103D7000502A0000252A00000A1800000200000056
:103D8000783D0300282A0000232A0000E0FF0000FD
:103D9000020000008C3D0300E1FF0000E2FF000094
:103DA000E3FF000002000000C43D0300012A000000
:103DB000A62A0000012900000328000002290000B3
:103DC000002A00000018000001180000042A00006A
:103DD0000028000001280000052A000054260020C9
:103DE000411122C426C21724FD1F1304243F972427
:103DF000FD1F9384643A944858409387019F06C6F8
:103E00009C43639FE60682975440B74736FE9387EC
:103E100007C8B6973387A7003A856364F7006364E1
:103E2000D7003305D7409724FD1F9384E4529C4C60
:103E300091CB938701AD94433707CDFF7D179C4607
:103E4000F98F9CC611E148409727FD1F93870731E2
:103E5000DC53829719E59C4C99CFEFE06EDDEFD0F3
:103E60001EC79C4C89CB938701AD9843B70633009E
:103E70001C47D58F1CC7B240224492444101828026
:103E8000829798489727FD1F83C7972E54401D8F10
:103E9000B307A7003E8563E4E700E3E6D7F8338580
:103EA000D74051B753706C69744143000000000063
:103EB0000000000032DC000046DA000062DB000097
:103EC00053706C6974414300000000000000000062
:103ED00000000000000000000102030405000000D3
:103EE000000000008899111123000000000000006C
:103EF00000000000000000000000000000000000C2
:103F000000000000000000000000000000000000B1
:103F100000000000000000000000000000000000A1
:103F20000000000000000000000000000000000091
:103F30000000000000000000000000000000000081
:103F40000000000000000000000000000000000071
:103F5000000000000000000000000000020000005F
:103F6000D03D030001000000503D030002000000AE
:103F7000B83D030001000000CF2600200200000031
:103F8000583D0300030000007228002002000000DA
:103F9000B43D0300010000000C230020580A01007A
:103FA000C0090100000000004F5441204368616EC9
:103FB0006E656C0002000000D03D030001000000AF
:103FC0007C3D030002000000B83D0300010000003A
:103FD000E226002002000000883D030001000000EE
:103FE0007C28002002000000B83D03000100000012
:103FF000D4260020020000006C3D030001000000F8
:104000005035030002000000B83D0300010000002D
:10401000E026002002000000743D030001000000C3
:104020006035030002000000B83D030001000000FD
:10403000D126002002000000603D030001000000C6
:104040001435030002000000B83D03000100000029
:10405000D226002002000000643D030001000000A1
:104060002835030002000000B83D030001000000F5
:10407000E126002002000000843D03000100000052
:104080007035030002000000B83D0300010000008D
:10409000D326002002000000683D0300010000005C
:1040A0003C35030002000000B83D030001000000A1
:1040B000D0260020020000005C3D0300010000004B
:1040C0000435030002000000B83D030001000000B9
:1040D000DF26002002000000703D03000100000008
:1040E000D82600202E0B0100000000000000000078
:1040F00002000000D03D030001000000903D0300DD
:1041000002000000B83D030001000000E32600208B
:1041100002000000983D030003000000F05F002053
:1041200002000000B43D0300010000003025002023
:1041300002000000BC3D03000300000084280020B2
:1041400002000000B83D030001000000E42600204A
:10415000020000009C3D0300020000006860002097
:1041600002000000B43D03000100000044250020CF
:1041700002000000BC3D030003000000882800206E
:1041800002000000B83D030001000000E526002009
:1041900002000000A03D030000000000E0600020DD
:1041A00002000000BC3D0300030000008C2800203A
:1041B00002000000B43D030001000000582500206B
:1041C000C20D0100DC0C01000000000043686172B8
:1041D0006163746572697374696320310000000063
:1041E00043686172616374657269737469632032D4
:1041F00000000000436861726163746572697374E2
:10420000696320330000000002000000D03D03007D
:1042100001000000A43D030002000000B83D0300BF
:1042200001000000F326002002000000C03D030052
:10423000010000000000000002000000B83D030083
:1042400001000000F026002002000000AC3D030049
:10425000010000001029002002000000B83D03000A
:1042600001000000F426002002000000CC3D030005
:1042700001000000F826002002000000B83D030005
:1042800001000000F226002002000000B03D030003
:1042900001000000F1260020046701005A680100B7
:1042A0000000000002000000D03D030001000000FB
:1042B0000427002002000000B83D030001000000B8
:1042C0000F27002002000000D83D0300000000007E
:1042D0000000000002000000BC3D030003000000DD
:1042E0000000000000000000B874010000000000A1
:1042F00000000000C83C0300E83C0300A83C0300A9
:1043000000000000000000000000000000000000AD
:10431000000000000000000000000000000000009D
:10432000000000000000000000000000000000008D
:10433000000000000000000000000000000000007D
:10434000000000000000000000000000000000006D
:1043500000000000ACDA0000F0E20000CCE1000058
:10436000FF007800020A0000FFFFFF0E02020202B7
:104370000200000001D70700001001020202021A29
:104380001810000044650020C3812F0102010202C1
:10439000020000005000A0000000E803FFFF000042
:1043A00002000000C83D03000100FF2001050201DA
:1043B000011001015426002000000000020100004D
:0443C00000000000F9
:020000040006F4
:10D000006F00101D000000000000000090000020D4
:10D0100092000020A9BDF9F3940000200000000058
:10D020000000000096000020980000200000000092
:10D03000000000009A000020000000009C0000207A
:10D04000000000009E000020A0000020A2000020A0
:10D05000A4000020A6000020A8000020AA000020B4
:10D06000AC000020AE000020B0000020B200002084
:10D07000B4000020B6000020B8000020BA00002054
:10D08000BC000020BE000020C0000020C200002024
:10D09000C400002001A001A001A001A001A001A0E6
:10D0A00001A001A001A001A001A001A001A001A078
:10D0B00001A001A001A001A001A001A001A001A068
:10D0C00001A001A001A001A001A073270080B71753
:10D0D0000020218B9387479D01CB7327008098C345
:10D0E00098435D9B731007800F10000037170040B6
:10D0F000930670052300D704930680FA2300D70413
:10D100000F1000008346B70493F6F60DA305D7046D
:10D1100023000704732600809443A18AD18E739064
:10D12000068023A007000F1000009376050263809D
:10D1300006180347A700118B3DE373270080218B5E
:10D1400001CB7327008098C398435D9B73100780C1
:10D150000F10000037170040930670052300D70416
:10D16000930680FA2300D7040F1000008346A7001F
:10D1700093E646002305D70023000704F32600802A
:10D180009843218B558F7310078023A007000F1041
:10D1900000001307004B010001007D176DFF73278E
:10D1A0000080218B01CB7327008098C398435D9B3F
:10D1B000731007800F1000003717004093067005AA
:10D1C0002300D704930680FA2300D7040F10000031
:10D1D0007D892314A7000100010001000100230044
:10D1E0000704F32600809843218B558F7310078026
:10D1F00023A007000F10000073270080218B01CBB4
:10D200007327008098C398435D9B731007800F10AD
:10D21000000037170040930670052300D7049306DB
:10D2200080FA2300D7040F1000000F100000B7266B
:10D23000004013061005A383C68023000704F326CD
:10D2400000809843218B558F7310078023A007001F
:10D250000F10000073270080218B01CB7327008003
:10D2600098C398435D9B731007800F100000371719
:10D270000040930670052300D704930680FA23002C
:10D28000D7040F1000008346B70493E60608A305F1
:10D29000D70423000704F32600809843218B558F81
:10D2A0007310078023A007000F1000008280937680
:10D2B0000504638706140347A700418B3DE37327EA
:10D2C0000080218B01CB7327008098C398435D9B1E
:10D2D000731007800F100000371700409306700589
:10D2E0002300D704930680FA2300D7040F10000010
:10D2F0008346A70093E606012305D7002300070411
:10D30000F32600809843218B558F7310078023A04C
:10D3100007000F1000001307007D010001007D17BA
:10D320006DFF73270080218B01CB7327008098C38A
:10D3300098435D9B731007800F1000003717004063
:10D34000930670052300D704930680FA2300D704C0
:10D350000F1000009376F50193E606042314D7001E
:10D36000010001000100010023000704F3260080F2
:10D370009843218B558F7310078023A007000F104F
:10D38000000013076004631FE50273270080218BF0
:10D3900001CB7327008098C398435D9B731007806F
:10D3A0000F10000037170040930670052300D704C4
:10D3B000930680FA2300D7040F100000B726004020
:10D3C000094695BD73270080218B01CB7327008010
:10D3D00098C398435D9B731007800F1000003717A8
:10D3E0000040930670052300D704930680FA2300BB
:10D3F000D7040F100000B72600401306200525BDF6
:10D4000073270080218B01CB7327008098C398433A
:10D410005D9B731007800F100000371700409306C4
:10D4200070052300D704930680FA2300D7040F1059
:10D4300000008356870093E6060C2314D700F5BB43
:10D440004111814601468145114506C6212C7327AD
:10D450000080B7170020218B9387479D01CB73274E
:10D46000008098C398435D9B731007800F100000E5
:10D4700037170040930670052300D704930680FAFF
:10D480002300D7040F1000008346670493E61600BC
:10D490002303D70423000704F32600809843218B3D
:10D4A000558F7310078023A007000F100000B240B3
:10D4B00041018280814601468145114565227327DD
:10D4C0000080B7170020218B9387479D01CB7327DE
:10D4D000008098C398435D9B731007800F10000075
:10D4E00037170040930670052300D704930680FA8F
:10D4F0002300D7040F100000FD562316D702230087
:10D500000704F32600809843218B558F7310078002
:10D5100023A007000F10000073270080218B01CB90
:10D520007327008098C398435D9B731007800F108A
:10D53000000037170040930670052300D7049306B8
:10D5400080FA2300D7040F1000008346670493E697
:10D5500016002303D70423000704F3260080984312
:10D56000218B558F7310078023A007000F10000038
:10D5700001A0BD473305F50201007D1575FD8280D0
:10D58000411122C426C206C6AA840144631794002E
:10D59000B240224492444101828005041305803E3A
:10D5A0004204C13F4180DDB72303048015472303B4
:10D5B000E48001002302A480828083076480E3CE9C
:10D5C00007FE23030480828083076480E3CE07FE86
:10D5D00003454480828083076480E3CE07FE2302F4
:10D5E000A4808280411126C44AC24EC006C6137769
:10D5F000F50BAD47AA892E8995446306F7001945B6
:10D600006537653F8D444E854537FD59FD14639858
:10D610003401B240A244124982494101828013552B
:10D6200009011375F50F453F2209CDB7011126CC2D
:10D6300006CEB704080051371545BD377137693735
:10D640002AC6A53F32459377150089EB136515006F
:10D650001375F50FF240E24405618280FD14E9FC88
:10D660000145CDBF397126DC4ADA4ED852D656D4A0
:10D670005AD25ED006DE62CE66CCB7E700E07D57B8
:10D6800083AA070022C603AA470023A0E71823A203
:10D69000E718B7170040130770052380E704130746
:10D6A00080FA2380E70483C74704930B75FFB68491
:10D6B000E20793FBFB0F8546AA892E8B328937241C
:10D6C0000040E187015763FA76016308D500894677
:10D6D000130700026313D5000157D98F93F7F70F93
:10D6E000B71C00402382FC0411472303E480130588
:10D6F000F00F5D3D094CD135636D7C11B705070016
:10D70000DA9537870700795563F2E504B38795000A
:10D71000636EF702370B0800A94733EB6501639985
:10D72000F90689E48144513D26850DA0DA85094535
:10D73000553D05090345F9FFFD14050B693D81C4FD
:10D740009377FB0FFDF7DD3569FD7D55B717004079
:10D75000130770052380E704130780FA2380E7048A
:10D7600003C74704418B2382E704F250B7E700E088
:10D7700023A0571123A24711E25432445259C259EF
:10D78000325AA25A125B825B724CE24C2161828057
:10D79000A5476395F90685691309F00FB30699004B
:10D7A000B3742B01B6941349F9FFB3749900856BD8
:10D7B00033796901416B9387F9FFB3F7270199E347
:10D7C00063FC340193D94900C147E3E637FF99BFB1
:10D7D0000569C1697D19D9B71305800D6388690191
:10D7E000130500026384790113051008CA85DD3B27
:10D7F000353D21DD4E99B3843441D9B7DA852D45C5
:10D80000D533CA94E30099F205097D3BA30FA9FE25
:10D81000D5BF9387F9FF93F7F70F6361FC0C83C7BC
:10D820001C0413073008631FF70437070800636BF5
:10D83000EB04B3079B00B706100063F5D704334B26
:10D84000EB0089476393F9068980D549E38C04ECA2
:10D85000DA850945413B11090327C9FF9147232078
:10D86000E48003076480E34E07FE23033481FD1741
:10D87000EDFBFD14110B81C49377FB0FE9FF7D33A2
:10D8800071F5E1B5B717004003C75704B7070800A3
:10D890001377070219E3B78707007955E378FBEAA6
:10D8A00033079B00E3FFE7F855B58547E382F9F2BC
:10D8B000DA852D45053B9389F4FFE38504E629339A
:10D8C00093F7390091EB832604800327090093071F
:10D8D0004900E39AE6E43E89CE84F1BFB5476396FA
:10D8E000F9001305900BC93135BDB1471305B00AD6
:10D8F000E38BF9FE99476391F904B7050800B36516
:10D90000BB002D45C53181448D4BA14975396396C6
:10D910007401832704802320F9008504E39834FFF1
:10D920008327048013172B01635507002312F90086
:10D93000D5BB2322F900FDB39D476399F9028145C8
:10D940001305B0044531BD442320090023220900FA
:10D95000FD599D3993F77400CA9703C70700FD145A
:10D96000398D2380A700E39634FF6DBBA1476392F6
:10D97000F9046D398144630D0B008D479304C00396
:10D980006308FB009304000563048B0193044004C7
:10D990001375C507E30895D8194539313939054557
:10D9A000213126850D3909453D314931E31C05D624
:10D9B00069BB91476399F90013056006F536F53E9A
:10D9C000130590090DB7E38F09D4F154A9BB0000EA
:10D9D0009741F91F9381018017A1F91F13018162FB
:10D9E00017F5FFFF130545629725F91F938585619C
:10D9F0001736F91F1306C6FD63FAC500832205001A
:10DA000023A0550011059105E3EAC5FE17050000A6
:10DA10001305054C9735F91F938585FB1736F91FBC
:10DA2000130646FB63FAC5008322050023A05500B8
:10DA300011059105E3EAC5FE1735F91F130585F9B0
:10DA4000938581A56377B500232005001105E36D5B
:10DA5000B5FEFD42739002BC8D4273904280B722A6
:10DA6000000093828288739002309722F91F93827C
:10DA7000625993E232007390523037170040930797
:10DA800070052300F704930780FA2300F7040F10B2
:10DA900000003C47B70600FAE116F58FB70600060E
:10DAA0009506D58F3CC7970200009382421C739065
:10DAB000123473002030B786B8ED014793860632E2
:10DAC00093170701C18363E3C7008280B387E50032
:10DAD00083C707003D8DA14713581500058911C163
:10DAE0003685FD1793F7F70F3345A800F5F70507BF
:10DAF000C1BF011122CC4AC84EC652C456C25AC038
:10DB000006CE26CAAA8AAE897D590144130B00109D
:10DB1000636E3401F24062441345F9FFD244424936
:10DB2000B249224A924A024B05618280B3878940FA
:10DB3000930400106365FB0093940701C1803305D3
:10DB4000540126869385018B4D2C4A852686938524
:10DB5000018B95372A89269465BF938781809443EA
:10DB6000374754311307F71401456399E60483C618
:10DB7000470005476394E60483C657001547636F63
:10DB8000D70203876700634B0702D44B3747030074
:10DB90006366D702411122C41306400A03A4470A50
:10DBA000938581807D5506C639371345F5FF018D74
:10DBB000B24022441335150041018280828037171C
:10DBC00000208327079D011122CC4EC606CE26CA0F
:10DBD0004AC89D669309079D1D646394D70013840A
:10DBE00007109384019B9C441306400A9385019B74
:10DBF00085077D559CC4C1351345F5FF23A2A40AB2
:10DC0000930600100146A28525459730F91FE7804D
:10DC100060A509C90145F2406244D2444249B24973
:10DC2000056182809306800A1386019BA28529459F
:10DC30009730F91FE78000A371FD13898180930657
:10DC4000800A13868180A2852D459730F91FE780D1
:10DC500060A169F119375DDD032789009C44E31B4E
:10DC6000F7FA23A0890005457DB779711305800473
:10DC700006D622D426D24AD04ECE52CC56CA9720AF
:10DC8000F91FE78080449306800A138681809D6592
:10DC90002D459730F91FE780E09C81440DE1753DEB
:10DCA000AA8411CD1306800A938581801385019B78
:10DCB0009D22B71700201D6723A8E79C85449D651A
:10DCC0009306800A13868180938505102D4513895C
:10DCD00081809730F91FE780E09845E5BD3D55C14B
:10DCE00089C81387019B832789001847998F635040
:10DCF000F0021306800A938581801385019B212AF7
:10DD00009D6737170020938707102328F79C938778
:10DD1000019B03C7570095471384019B6314F706C3
:10DD20004C48B74703001387F5FF637AF70637754A
:10DD30000300C1331C4C6314F50644488567FD1786
:10DD4000BE94FD77FD8C0149856963609904814427
:10DD500093090010377A0300856A4C4863EDB404D8
:10DD60000565413B1C4C631CF5021C48A3020400E2
:10DD7000230304005CC4232E040023200402813505
:10DD800011A0D1F48567829701A04E99856601465E
:10DD9000CA8505459730F91FE780C08C5DD54C4892
:10DDA00037750300B9331C4C6304F504A302040067
:10DDB00023030400E9B7858D9306001063E5B900DD
:10DDC00093960501C18236869385018B3385440184
:10DDD00036C62520B2461386018BB385540109450A
:10DDE0009730F91FE78000885DF993840410B5B778
:10DDF0009720F91FE780C06471B70D06719A8147BB
:10DE00003307F5006393C700828014433387F5001E
:10DE1000910714C3F5B7B3C7A5008D8B3307C500B1
:10DE200081E78D4763EEC700AA876370E50A83C662
:10DE3000050085078505A38FD7FEE3EAE7FE82800C
:10DE400093763500AA8791CA83C6050085078505A4
:10DE5000A38FD7FE93F63700FDB79376C7FF1386DF
:10DE600006FE63F0C70683A3050083A2450083AFC7
:10DE7000850003AFC50083AE050103AE450103A3D2
:10DE8000850183A8C5019385450223A0770003A8D7
:10DE9000C5FF23A2570023A4F70123A6E70123A867
:10DEA000D70123AAC70123AC670023AE17019387CC
:10DEB000470223AE07FF75B790419107910523AE46
:0CDEC000C7FEE3EBD7FEE3E4E7F6828048
:00000001FF
